{
  "camera": "iPhone 16 Pro Max, 1x main, 48MP (5712x4284), raw landscape sensor frame (EXIF orientation ignored)",
  "image_width": 5712,
  "image_height": 4284,
  "camera_matrix": [
    [
      4000.621078050455,
      0.0,
      2814.4040546112533
    ],
    [
      0.0,
      4024.816565427381,
      2123.4132622766865
    ],
    [
      0.0,
      0.0,
      1.0
    ]
  ],
  "distortion_coefficients": [
    0.16665224730432593,
    -0.14699350249706383,
    -0.001523977764551305,
    -0.00598953343545814,
    0.0
  ],
  "distortion_model": "OPENCV k1,k2,p1,p2 (k3 fixed to 0 for COLMAP)",
  "rms_reprojection_error": 0.6919174977835483,
  "valid_images": 47,
  "used_images": [
    "IMG_0901.JPG",
    "IMG_0902.JPG",
    "IMG_0903.JPG",
    "IMG_0904.JPG",
    "IMG_0905.JPG",
    "IMG_0906.JPG",
    "IMG_0907.JPG",
    "IMG_0908.JPG",
    "IMG_0909.JPG",
    "IMG_0910.JPG",
    "IMG_0911.JPG",
    "IMG_0912.JPG",
    "IMG_0913.JPG",
    "IMG_0914.JPG",
    "IMG_0915.JPG",
    "IMG_0916.JPG",
    "IMG_0917.JPG",
    "IMG_0918.JPG",
    "IMG_0919.JPG",
    "IMG_0920.JPG",
    "IMG_0921.JPG",
    "IMG_0922.JPG",
    "IMG_0923.JPG",
    "IMG_0924.JPG",
    "IMG_0925.JPG",
    "IMG_0926.JPG",
    "IMG_0927.JPG",
    "IMG_0928.JPG",
    "IMG_0929.JPG",
    "IMG_0930.JPG",
    "IMG_0931.JPG",
    "IMG_0932.JPG",
    "IMG_0933.JPG",
    "IMG_0934.JPG",
    "IMG_0935.JPG",
    "IMG_0936.JPG",
    "IMG_0937.JPG",
    "IMG_0939.JPG",
    "IMG_0940.JPG",
    "IMG_0948.JPG",
    "IMG_0949.JPG",
    "IMG_0950.JPG",
    "IMG_0951.JPG",
    "IMG_0952.JPG",
    "IMG_0953.JPG",
    "IMG_0954.JPG",
    "IMG_0955.JPG"
  ],
  "rejected_images": [
    "IMG_0900.JPG",
    "IMG_0938.JPG",
    "IMG_0941.JPG",
    "IMG_0942.JPG",
    "IMG_0943.JPG",
    "IMG_0944.JPG",
    "IMG_0945.JPG",
    "IMG_0946.JPG",
    "IMG_0947.JPG",
    "IMG_1282.JPG",
    "IMG_1283.JPG",
    "IMG_1284.JPG",
    "IMG_1285.JPG",
    "IMG_1323.JPG",
    "IMG_1324.JPG",
    "IMG_1325.JPG",
    "IMG_1326.JPG",
    "IMG_1327.JPG",
    "IMG_1328.JPG",
    "IMG_1329.JPG",
    "IMG_1330.JPG",
    "IMG_1331.JPG",
    "IMG_1332.JPG",
    "IMG_1333.JPG",
    "IMG_1334.JPG",
    "IMG_1335.JPG",
    "IMG_1336.JPG",
    "IMG_1337.JPG",
    "IMG_1338.JPG",
    "IMG_1339.JPG",
    "IMG_1340.JPG",
    "IMG_1341.JPG",
    "IMG_1342.JPG",
    "IMG_1343.JPG",
    "IMG_1344.JPG"
  ],
  "rejection": "per-image rms > 1.5*median, iterated to convergence (13xx close-up session was blurred)",
  "board": {
    "squares_x": 11,
    "squares_y": 8,
    "square_length": 0.032,
    "marker_length": 0.024,
    "dictionary": "DICT_6X6_250",
    "marker_id_start": 30,
    "legacy": true,
    "note": "user-specified 32mm/24mm, absolute size pending ruler check; intrinsics are invariant to board scale so K/dist are unaffected either way"
  },
  "upright_90cw": {
    "image_width": 4284,
    "image_height": 5712,
    "fx": 4024.816565427381,
    "fy": 4000.621078050455,
    "cx": 2159.5867377233135,
    "cy": 2814.4040546112533,
    "k1": 0.16665224730432593,
    "k2": -0.14699350249706383,
    "p1": -0.00598953343545814,
    "p2": 0.001523977764551305
  }
}