{
    "transform": [
        [
            -0.15536125004291534,
            -0.3790881931781769,
            0.5579720139503479,
            -0.032581083476543427
        ],
        [
            -0.6740939021110535,
            0.06580744683742523,
            -0.1429843157529831,
            1.1115436553955078
        ],
        [
            0.02525899186730385,
            -0.5754470229148865,
            -0.38392767310142517,
            1.4971657991409302
        ]
    ],
    "scale": 1.0
}