rec,card,era,flags,cfg,t_start_rel,t_end_rel,dur_s,dist_m,object,object_label,share,q,capture,A_cap,A_share,p_none,surface,W,acc_live,acc_e2,window_k,target,correct,n_cands,candidates
2026_08_16/000,e1,v7,,vis,2.64,3.09,0.46,0.901,,-1,0.0,0.0,,,,1.0,object#20,389.6407,0,0,,,,0,[]
2026_08_16/000,e1,v7,,vis,15.38,15.7,0.32,1.034,,-1,0.0,0.0,,,,1.0,object#35,389.6407,0,0,,,,0,[]
2026_08_16/000,e1,v7,,vis,15.98,16.38,0.4,0.667,,-1,0.0,0.0,,,,1.0,object#94,389.6407,0,0,,,,0,[]
2026_08_16/000,e1,v7,,vis,18.3,18.6,0.3,0.462,,-1,0.0,0.0,,,,1.0,object#67,389.6407,0,0,,,,0,[]
2026_08_16/000,e1,v7,,vis,24.82,25.15,0.33,0.962,,-1,0.0,0.0,,,,1.0,object#20,389.6407,0,0,,,,0,[]
2026_08_16/000,e1,v7,,vis,25.48,26.56,1.07,0.962,,-1,0.0,0.0,,,,1.0,object#20,389.6407,0,0,,,,0,[]
2026_08_16/000,e1,v7,,vis,27.5,27.81,0.31,1.01,,-1,0.0,0.0,,,,1.0,object#67,389.6407,0,0,,,,0,[]
2026_08_16/000,e1,v7,,vis,29.64,29.98,0.34,0.748,,-1,0.0,0.0,,,,1.0,object#187,389.6407,0,0,,,,0,[]
2026_08_16/000,e1,v7,,vis,31.09,31.45,0.36,1.171,,-1,0.0,0.0,,,,1.0,object#187,389.6407,0,0,,,,0,[]
2026_08_16/000,e1,v7,,vis,32.16,32.71,0.55,1.208,,-1,0.0,0.0,,,,1.0,object#20,389.6407,0,0,,,,0,[]
2026_08_16/000,e1,v7,,vis,35.34,35.62,0.27,1.359,石榴,78,1.0,0.0,0.0,0.0,0.0,1.0,object#34,389.6407,0,0,,,,1,"[{""name"": ""石榴"", ""m"": 0.0012, ""q"": 0.0, ""c"": 0.8126, ""capture"": 0.0, ""share"": 1.0, ""miss_deg"": 5.0, ""labels"": [78]}]"
2026_08_16/000,e1,v7,,vis,35.68,36.01,0.32,1.335,香蕉,323,0.865,0.1481,0.148,0.182,0.156,0.829,object#316,389.6407,0,0,,,,2,"[{""name"": ""香蕉"", ""m"": 57.68885, ""q"": 0.1481, ""c"": 1.0, ""capture"": 0.148, ""share"": 0.865, ""miss_deg"": 1.95, ""labels"": [323]}, {""name"": ""苹果"", ""m"": 9.01874, ""q"": 0.0231, ""c"": 0.87, ""capture"": 0.027, ""share"": 0.135, ""miss_deg"": 2.69, ""labels"": [300]}]"
2026_08_16/000,e1,v7,,vis,39.06,39.33,0.27,1.667,石榴,78,1.0,0.5379,0.842,0.0,0.0,0.462,object#17,389.6407,1,1,,,,1,"[{""name"": ""石榴"", ""m"": 209.59537, ""q"": 0.5379, ""c"": 0.6386, ""capture"": 0.842, ""share"": 1.0, ""miss_deg"": 0.59, ""labels"": [78]}]"
2026_08_16/000,e1,v7,,vis,39.67,40.14,0.47,1.663,苹果,300,0.991,0.6906,0.983,0.006,0.009,0.303,object#316,389.6407,1,1,,,,2,"[{""name"": ""苹果"", ""m"": 269.10103, ""q"": 0.6906, ""c"": 0.7025, ""capture"": 0.983, ""share"": 0.991, ""miss_deg"": 0.18, ""labels"": [300]}, {""name"": ""香蕉"", ""m"": 2.434, ""q"": 0.0062, ""c"": 1.0, ""capture"": 0.006, ""share"": 0.009, ""miss_deg"": 3.19, ""labels"": [323]}]"
2026_08_16/000,e1,v7,,vis,40.26,41.14,0.88,1.65,苹果,300,0.992,0.6851,0.975,0.006,0.008,0.309,object#316,389.6407,1,1,,,,2,"[{""name"": ""苹果"", ""m"": 266.93549, ""q"": 0.6851, ""c"": 0.7025, ""capture"": 0.975, ""share"": 0.992, ""miss_deg"": 0.22, ""labels"": [300]}, {""name"": ""香蕉"", ""m"": 2.18207, ""q"": 0.0056, ""c"": 1.0, ""capture"": 0.006, ""share"": 0.008, ""miss_deg"": 3.22, ""labels"": [323]}]"
2026_08_16/000,e1,v7,,vis,41.26,44.47,3.22,1.662,苹果,300,0.999,0.6999,0.996,0.001,0.001,0.299,object#316,389.6407,1,1,1,苹果,1,2,"[{""name"": ""苹果"", ""m"": 272.72055, ""q"": 0.6999, ""c"": 0.7025, ""capture"": 0.996, ""share"": 0.999, ""miss_deg"": 0.09, ""labels"": [300]}, {""name"": ""香蕉"", ""m"": 0.24082, ""q"": 0.0006, ""c"": 1.0, ""capture"": 0.001, ""share"": 0.001, ""miss_deg"": 3.84, ""labels"": [323]}]"
2026_08_16/000,e1,v7,,vis,44.58,45.97,1.39,1.657,苹果,300,0.943,0.575,0.819,0.043,0.06,0.39,object#316,389.6407,1,1,1,苹果,1,2,"[{""name"": ""苹果"", ""m"": 224.05028, ""q"": 0.575, ""c"": 0.7025, ""capture"": 0.819, ""share"": 0.943, ""miss_deg"": 0.63, ""labels"": [300]}, {""name"": ""香蕉"", ""m"": 13.47592, ""q"": 0.0346, ""c"": 1.0, ""capture"": 0.035, ""share"": 0.057, ""miss_deg"": 2.59, ""labels"": [323]}]"
2026_08_16/000,e1,v7,,vis,46.03,46.46,0.44,1.615,香蕉,323,0.961,0.3989,0.399,0.055,0.041,0.585,object#10,389.6407,1,1,1,苹果,0,2,"[{""name"": ""香蕉"", ""m"": 155.43399, ""q"": 0.3989, ""c"": 1.0, ""capture"": 0.399, ""share"": 0.961, ""miss_deg"": 1.36, ""labels"": [323]}, {""name"": ""苹果"", ""m"": 6.25554, ""q"": 0.0161, ""c"": 0.7341, ""capture"": 0.022, ""share"": 0.039, ""miss_deg"": 2.77, ""labels"": [300]}]"
2026_08_16/000,e1,v7,,vis,46.52,47.29,0.77,1.649,苹果,300,0.92,0.5048,0.719,0.061,0.087,0.452,object#316,389.6407,1,1,,,,2,"[{""name"": ""苹果"", ""m"": 196.68923, ""q"": 0.5048, ""c"": 0.7025, ""capture"": 0.719, ""share"": 0.92, ""miss_deg"": 0.81, ""labels"": [300]}, {""name"": ""香蕉"", ""m"": 17.01402, ""q"": 0.0437, ""c"": 1.0, ""capture"": 0.044, ""share"": 0.08, ""miss_deg"": 2.5, ""labels"": [323]}]"
2026_08_16/000,e1,v7,,vis,47.81,50.73,2.92,1.413,球M,321,1.0,0.6614,0.877,0.0,0.0,0.339,object#317,389.6407,1,1,,,,1,"[{""name"": ""球M"", ""m"": 257.71575, ""q"": 0.6614, ""c"": 0.7541, ""capture"": 0.877, ""share"": 1.0, ""miss_deg"": 0.51, ""labels"": [321]}]"
2026_08_16/000,e1,v7,,vis,50.89,51.23,0.34,1.456,球M,321,1.0,0.2654,0.362,0.0,0.0,0.735,object#10,389.6407,1,1,2,球M,1,1,"[{""name"": ""球M"", ""m"": 103.42671, ""q"": 0.2654, ""c"": 0.7341, ""capture"": 0.362, ""share"": 1.0, ""miss_deg"": 1.43, ""labels"": [321]}]"
2026_08_16/000,e1,v7,,vis,51.28,54.3,3.02,1.385,球M,321,1.0,0.667,0.873,0.0,0.0,0.333,object#10,389.6407,1,1,2,球M,1,1,"[{""name"": ""球M"", ""m"": 259.88538, ""q"": 0.667, ""c"": 0.7636, ""capture"": 0.873, ""share"": 1.0, ""miss_deg"": 0.52, ""labels"": [321]}]"
2026_08_16/000,e1,v7,,vis,54.5,54.95,0.45,1.59,石榴,78,1.0,0.1985,0.289,0.0,0.0,0.801,object#17,389.6407,1,1,,,,2,"[{""name"": ""石榴"", ""m"": 77.34968, ""q"": 0.1985, ""c"": 0.6874, ""capture"": 0.289, ""share"": 1.0, ""miss_deg"": 1.58, ""labels"": [78]}, {""name"": ""球R"", ""m"": 0.02796, ""q"": 0.0001, ""c"": 0.5444, ""capture"": 0.0, ""share"": 0.0, ""miss_deg"": 4.23, ""labels"": [322]}]"
2026_08_16/000,e1,v7,,vis,55.08,57.54,2.46,1.63,石榴,78,1.0,0.3242,0.486,0.0,0.0,0.676,object#17,389.6407,1,1,3,石榴,1,1,"[{""name"": ""石榴"", ""m"": 126.30654, ""q"": 0.3242, ""c"": 0.6676, ""capture"": 0.486, ""share"": 1.0, ""miss_deg"": 1.2, ""labels"": [78]}]"
2026_08_16/000,e1,v7,,vis,57.64,60.9,3.26,1.649,石榴,78,1.0,0.3169,0.487,0.0,0.0,0.683,object#17,389.6407,1,1,3,石榴,1,1,"[{""name"": ""石榴"", ""m"": 123.46482, ""q"": 0.3169, ""c"": 0.6512, ""capture"": 0.487, ""share"": 1.0, ""miss_deg"": 1.2, ""labels"": [78]}]"
2026_08_16/000,e1,v7,,vis,61.48,64.42,2.94,1.51,香蕉,323,1.0,0.4874,0.487,0.0,0.0,0.513,object#316,389.6407,1,1,4,香蕉,1,1,"[{""name"": ""香蕉"", ""m"": 189.91933, ""q"": 0.4874, ""c"": 1.0, ""capture"": 0.487, ""share"": 1.0, ""miss_deg"": 1.2, ""labels"": [323]}]"
2026_08_16/000,e1,v7,,vis,64.47,65.15,0.68,1.535,香蕉,323,1.0,0.5255,0.525,0.0,0.0,0.475,object#316,389.6407,1,1,4,香蕉,1,2,"[{""name"": ""香蕉"", ""m"": 204.74737, ""q"": 0.5255, ""c"": 1.0, ""capture"": 0.525, ""share"": 1.0, ""miss_deg"": 1.13, ""labels"": [323]}, {""name"": ""苹果"", ""m"": 0.00103, ""q"": 0.0, ""c"": 0.7636, ""capture"": 0.0, ""share"": 0.0, ""miss_deg"": 5.02, ""labels"": [300]}]"
2026_08_16/000,e1,v7,,vis,65.88,66.82,0.94,1.491,香蕉,323,1.0,0.5721,0.572,0.0,0.0,0.428,object#316,389.6407,1,1,4,香蕉,1,2,"[{""name"": ""香蕉"", ""m"": 222.92267, ""q"": 0.5721, ""c"": 1.0, ""capture"": 0.572, ""share"": 1.0, ""miss_deg"": 1.06, ""labels"": [323]}, {""name"": ""球L"", ""m"": 0.0012, ""q"": 0.0, ""c"": 0.7541, ""capture"": 0.0, ""share"": 0.0, ""miss_deg"": 4.98, ""labels"": [320]}]"
2026_08_16/000,e1,v7,,vis,66.87,67.15,0.27,1.54,香蕉,323,0.999,0.0015,0.001,0.0,0.001,0.999,object#17,389.6407,0,0,4,香蕉,1,2,"[{""name"": ""香蕉"", ""m"": 0.57256, ""q"": 0.0015, ""c"": 1.0, ""capture"": 0.001, ""share"": 0.999, ""miss_deg"": 3.61, ""labels"": [323]}, {""name"": ""球M"", ""m"": 0.00039, ""q"": 0.0, ""c"": 0.6874, ""capture"": 0.0, ""share"": 0.001, ""miss_deg"": 5.19, ""labels"": [321]}]"
2026_08_16/000,e1,v7,,vis,67.2,68.03,0.83,1.577,香蕉,323,1.0,0.3618,0.362,0.0,0.0,0.638,object#316,389.6407,1,1,,,,1,"[{""name"": ""香蕉"", ""m"": 140.96136, ""q"": 0.3618, ""c"": 1.0, ""capture"": 0.362, ""share"": 1.0, ""miss_deg"": 1.43, ""labels"": [323]}]"
2026_08_16/000,e1,v7,,vis,68.59,69.54,0.95,1.423,球L,320,0.997,0.5897,0.746,0.003,0.003,0.409,object#316,389.6407,1,1,,,,2,"[{""name"": ""球L"", ""m"": 229.76952, ""q"": 0.5897, ""c"": 0.7904, ""capture"": 0.746, ""share"": 0.997, ""miss_deg"": 0.77, ""labels"": [320]}, {""name"": ""香蕉"", ""m"": 0.6653, ""q"": 0.0017, ""c"": 1.0, ""capture"": 0.002, ""share"": 0.003, ""miss_deg"": 3.57, ""labels"": [323]}]"
2026_08_16/000,e1,v7,,vis,70.45,70.95,0.5,2.689,球R,322,1.0,0.0,0.0,0.0,0.0,1.0,floor,389.6407,0,0,5,球R,1,1,"[{""name"": ""球R"", ""m"": 0.00356, ""q"": 0.0, ""c"": 0.2309, ""capture"": 0.0, ""share"": 1.0, ""miss_deg"": 4.5, ""labels"": [322]}]"
2026_08_16/000,e1,v7,,vis,71.0,73.51,2.51,1.48,球R,322,1.0,0.112,0.186,0.0,0.0,0.888,object#318,389.6407,0,0,5,球R,1,1,"[{""name"": ""球R"", ""m"": 43.6397, ""q"": 0.112, ""c"": 0.603, ""capture"": 0.186, ""share"": 1.0, ""miss_deg"": 1.83, ""labels"": [322]}]"
2026_08_16/000,e1,v7,,vis,74.33,74.83,0.5,1.626,石榴,78,1.0,0.0238,0.036,0.0,0.0,0.976,object#201,389.6407,0,0,,,,1,"[{""name"": ""石榴"", ""m"": 9.27805, ""q"": 0.0238, ""c"": 0.6676, ""capture"": 0.036, ""share"": 1.0, ""miss_deg"": 2.58, ""labels"": [78]}]"
2026_08_16/000,e1,v7,,vis,75.26,77.05,1.79,1.418,球L,320,0.993,0.5316,0.668,0.006,0.007,0.464,object#316,389.6407,1,1,,,,2,"[{""name"": ""球L"", ""m"": 207.12015, ""q"": 0.5316, ""c"": 0.7962, ""capture"": 0.668, ""share"": 0.993, ""miss_deg"": 0.9, ""labels"": [320]}, {""name"": ""香蕉"", ""m"": 1.53289, ""q"": 0.0039, ""c"": 1.0, ""capture"": 0.004, ""share"": 0.007, ""miss_deg"": 3.33, ""labels"": [323]}]"
2026_08_16/000,e1,v7,,vis,77.16,78.55,1.4,1.418,球L,320,0.99,0.4943,0.621,0.008,0.01,0.501,object#316,389.6407,1,1,6,球L,1,2,"[{""name"": ""球L"", ""m"": 192.61435, ""q"": 0.4943, ""c"": 0.7962, ""capture"": 0.621, ""share"": 0.99, ""miss_deg"": 0.98, ""labels"": [320]}, {""name"": ""香蕉"", ""m"": 1.90033, ""q"": 0.0049, ""c"": 1.0, ""capture"": 0.005, ""share"": 0.01, ""miss_deg"": 3.26, ""labels"": [323]}]"
2026_08_16/000,e1,v7,,vis,78.84,79.52,0.69,1.415,球L,320,0.967,0.4801,0.603,0.027,0.034,0.504,object#316,389.6407,1,1,6,球L,1,2,"[{""name"": ""球L"", ""m"": 187.04729, ""q"": 0.4801, ""c"": 0.7962, ""capture"": 0.603, ""share"": 0.967, ""miss_deg"": 1.01, ""labels"": [320]}, {""name"": ""香蕉"", ""m"": 6.39087, ""q"": 0.0164, ""c"": 1.0, ""capture"": 0.016, ""share"": 0.033, ""miss_deg"": 2.87, ""labels"": [323]}]"
2026_08_16/000,e1,v7,,vis,79.58,79.85,0.27,1.492,香蕉,323,0.94,0.2163,0.216,0.088,0.064,0.77,object#316,389.6407,1,1,6,球L,0,2,"[{""name"": ""香蕉"", ""m"": 84.29825, ""q"": 0.2163, ""c"": 1.0, ""capture"": 0.216, ""share"": 0.94, ""miss_deg"": 1.75, ""labels"": [323]}, {""name"": ""球L"", ""m"": 5.40217, ""q"": 0.0139, ""c"": 0.7477, ""capture"": 0.019, ""share"": 0.06, ""miss_deg"": 2.82, ""labels"": [320]}]"
2026_08_16/000,e1,v7,,vis,79.96,80.67,0.71,1.492,香蕉,323,0.95,0.3246,0.325,0.071,0.053,0.658,object#316,389.6407,1,1,6,球L,0,2,"[{""name"": ""香蕉"", ""m"": 126.46294, ""q"": 0.3246, ""c"": 1.0, ""capture"": 0.325, ""share"": 0.95, ""miss_deg"": 1.5, ""labels"": [323]}, {""name"": ""球L"", ""m"": 6.69041, ""q"": 0.0172, ""c"": 0.7477, ""capture"": 0.023, ""share"": 0.05, ""miss_deg"": 2.75, ""labels"": [320]}]"
2026_08_16/000,e1,v7,,vis,80.73,81.25,0.52,1.436,球L,320,0.922,0.3932,0.505,0.065,0.085,0.573,object#316,389.6407,1,1,,,,2,"[{""name"": ""球L"", ""m"": 153.19972, ""q"": 0.3932, ""c"": 0.7786, ""capture"": 0.505, ""share"": 0.922, ""miss_deg"": 1.17, ""labels"": [320]}, {""name"": ""香蕉"", ""m"": 13.03584, ""q"": 0.0335, ""c"": 1.0, ""capture"": 0.033, ""share"": 0.078, ""miss_deg"": 2.61, ""labels"": [323]}]"
2026_08_16/000,e1,v7,,vis,81.3,81.8,0.5,1.483,香蕉,323,1.0,0.5441,0.544,0.0,0.0,0.456,object#316,389.6407,1,1,,,,2,"[{""name"": ""香蕉"", ""m"": 212.01445, ""q"": 0.5441, ""c"": 1.0, ""capture"": 0.544, ""share"": 1.0, ""miss_deg"": 1.1, ""labels"": [323]}, {""name"": ""球L"", ""m"": 0.01696, ""q"": 0.0, ""c"": 0.7541, ""capture"": 0.0, ""share"": 0.0, ""miss_deg"": 4.42, ""labels"": [320]}]"
2026_08_16/000,e1,v7,,vis,82.49,82.87,0.38,1.386,球M,321,1.0,0.7966,1.043,0.0,0.0,0.203,object#10,389.6407,1,1,,,,1,"[{""name"": ""球M"", ""m"": 310.39605, ""q"": 0.7966, ""c"": 0.7636, ""capture"": 1.043, ""share"": 1.0, ""miss_deg"": 0.0, ""labels"": [321]}]"
2026_08_16/000,e1,v7,,vis,82.92,83.52,0.6,1.458,球M,321,1.0,0.2958,0.407,0.0,0.0,0.704,object#10,389.6407,1,1,7,球M,1,1,"[{""name"": ""球M"", ""m"": 115.24297, ""q"": 0.2958, ""c"": 0.7272, ""capture"": 0.407, ""share"": 1.0, ""miss_deg"": 1.34, ""labels"": [321]}]"
2026_08_16/000,e1,v7,,vis,83.58,84.54,0.96,1.431,球M,321,1.0,0.4332,0.579,0.0,0.0,0.567,object#10,389.6407,1,1,7,球M,1,1,"[{""name"": ""球M"", ""m"": 168.80431, ""q"": 0.4332, ""c"": 0.7477, ""capture"": 0.579, ""share"": 1.0, ""miss_deg"": 1.04, ""labels"": [321]}]"
2026_08_16/000,e1,v7,,vis,84.6,85.03,0.44,1.481,球M,321,1.0,0.3735,0.532,0.0,0.0,0.626,object#10,389.6407,1,1,7,球M,1,1,"[{""name"": ""球M"", ""m"": 145.54286, ""q"": 0.3735, ""c"": 0.7025, ""capture"": 0.532, ""share"": 1.0, ""miss_deg"": 1.12, ""labels"": [321]}]"
2026_08_16/000,e1,v7,,vis,85.09,85.81,0.72,1.422,球M,321,1.0,0.4268,0.571,0.0,0.0,0.573,object#17,389.6407,1,1,7,球M,1,1,"[{""name"": ""球M"", ""m"": 166.28239, ""q"": 0.4268, ""c"": 0.7477, ""capture"": 0.571, ""share"": 1.0, ""miss_deg"": 1.06, ""labels"": [321]}]"
2026_08_16/000,e1,v7,,vis,85.86,87.23,1.37,1.488,球M,321,1.0,0.2137,0.304,0.0,0.0,0.786,object#10,389.6407,1,1,7,球M,1,1,"[{""name"": ""球M"", ""m"": 83.24786, ""q"": 0.2137, ""c"": 0.7025, ""capture"": 0.304, ""share"": 1.0, ""miss_deg"": 1.54, ""labels"": [321]}]"
2026_08_16/000,e1,v7,,vis,87.29,87.79,0.5,1.42,球M,321,1.0,0.433,0.579,0.0,0.0,0.567,object#17,389.6407,1,1,7,球M,1,1,"[{""name"": ""球M"", ""m"": 168.72247, ""q"": 0.433, ""c"": 0.7477, ""capture"": 0.579, ""share"": 1.0, ""miss_deg"": 1.05, ""labels"": [321]}]"
2026_08_16/000,e1,v7,,vis,87.84,88.28,0.44,1.472,球M,321,1.0,0.3277,0.455,0.0,0.0,0.672,object#17,389.6407,1,1,7,球M,1,1,"[{""name"": ""球M"", ""m"": 127.68883, ""q"": 0.3277, ""c"": 0.7202, ""capture"": 0.455, ""share"": 1.0, ""miss_deg"": 1.25, ""labels"": [321]}]"
2026_08_16/000,e1,v7,,vis,89.27,91.31,2.04,1.664,石榴,78,1.0,0.3084,0.48,0.0,0.0,0.692,object#17,389.6407,1,1,,,,1,"[{""name"": ""石榴"", ""m"": 120.17168, ""q"": 0.3084, ""c"": 0.6428, ""capture"": 0.48, ""share"": 1.0, ""miss_deg"": 1.21, ""labels"": [78]}]"
2026_08_16/000,e1,v7,,vis,91.43,94.96,3.53,1.652,石榴,78,1.0,0.1747,0.268,0.0,0.0,0.825,object#17,389.6407,1,1,8,石榴,1,1,"[{""name"": ""石榴"", ""m"": 68.05717, ""q"": 0.1747, ""c"": 0.6512, ""capture"": 0.268, ""share"": 1.0, ""miss_deg"": 1.62, ""labels"": [78]}]"
2026_08_16/000,e1,v7,,vis,95.48,96.04,0.56,1.494,香蕉,323,1.0,0.5467,0.547,0.0,0.0,0.453,object#316,389.6407,1,1,,,,2,"[{""name"": ""香蕉"", ""m"": 213.02327, ""q"": 0.5467, ""c"": 1.0, ""capture"": 0.547, ""share"": 1.0, ""miss_deg"": 1.1, ""labels"": [323]}, {""name"": ""球L"", ""m"": 0.03446, ""q"": 0.0001, ""c"": 0.7477, ""capture"": 0.0, ""share"": 0.0, ""miss_deg"": 4.25, ""labels"": [320]}]"
2026_08_16/000,e1,v7,,vis,96.09,96.77,0.68,1.574,香蕉,323,1.0,0.4768,0.477,0.0,0.0,0.523,object#316,389.6407,1,1,,,,2,"[{""name"": ""香蕉"", ""m"": 185.76241, ""q"": 0.4768, ""c"": 1.0, ""capture"": 0.477, ""share"": 1.0, ""miss_deg"": 1.22, ""labels"": [323]}, {""name"": ""苹果"", ""m"": 0.00275, ""q"": 0.0, ""c"": 0.7477, ""capture"": 0.0, ""share"": 0.0, ""miss_deg"": 4.81, ""labels"": [300]}]"
2026_08_16/000,e1,v7,,vis,96.92,98.03,1.1,1.572,香蕉,323,1.0,0.5015,0.501,0.0,0.0,0.498,object#316,389.6407,1,1,9,香蕉,1,2,"[{""name"": ""香蕉"", ""m"": 195.3859, ""q"": 0.5015, ""c"": 1.0, ""capture"": 0.501, ""share"": 1.0, ""miss_deg"": 1.17, ""labels"": [323]}, {""name"": ""苹果"", ""m"": 0.02523, ""q"": 0.0001, ""c"": 0.7477, ""capture"": 0.0, ""share"": 0.0, ""miss_deg"": 4.33, ""labels"": [300]}]"
2026_08_16/000,e1,v7,,vis,98.42,99.43,1.01,1.597,香蕉,323,0.997,0.5128,0.513,0.004,0.003,0.486,object#316,389.6407,1,1,9,香蕉,1,2,"[{""name"": ""香蕉"", ""m"": 199.79581, ""q"": 0.5128, ""c"": 1.0, ""capture"": 0.513, ""share"": 0.997, ""miss_deg"": 1.16, ""labels"": [323]}, {""name"": ""苹果"", ""m"": 0.5464, ""q"": 0.0014, ""c"": 0.741, ""capture"": 0.002, ""share"": 0.003, ""miss_deg"": 3.54, ""labels"": [300]}]"
2026_08_16/000,e1,v7,,vis,99.79,100.65,0.87,1.608,香蕉,323,0.994,0.5307,0.531,0.008,0.006,0.466,object#316,389.6407,1,1,9,香蕉,1,2,"[{""name"": ""香蕉"", ""m"": 206.7692, ""q"": 0.5307, ""c"": 1.0, ""capture"": 0.531, ""share"": 0.994, ""miss_deg"": 1.13, ""labels"": [323]}, {""name"": ""苹果"", ""m"": 1.16404, ""q"": 0.003, ""c"": 0.741, ""capture"": 0.004, ""share"": 0.006, ""miss_deg"": 3.32, ""labels"": [300]}]"
2026_08_16/000,e1,v7,,vis,101.26,101.76,0.5,1.649,香蕉,323,0.711,0.1955,0.195,0.579,0.406,0.725,object#10,389.6407,0,0,9,香蕉,1,2,"[{""name"": ""香蕉"", ""m"": 76.16247, ""q"": 0.1955, ""c"": 1.0, ""capture"": 0.195, ""share"": 0.711, ""miss_deg"": 1.81, ""labels"": [323]}, {""name"": ""苹果"", ""m"": 30.94157, ""q"": 0.0794, ""c"": 0.7025, ""capture"": 0.113, ""share"": 0.289, ""miss_deg"": 2.09, ""labels"": [300]}]"
2026_08_16/000,e1,v7,,vis,102.44,105.28,2.83,1.453,球L,320,0.941,0.3802,0.494,0.049,0.063,0.596,object#316,389.6407,1,1,,,,2,"[{""name"": ""球L"", ""m"": 148.13292, ""q"": 0.3802, ""c"": 0.7697, ""capture"": 0.494, ""share"": 0.941, ""miss_deg"": 1.19, ""labels"": [320]}, {""name"": ""香蕉"", ""m"": 9.36507, ""q"": 0.024, ""c"": 1.0, ""capture"": 0.024, ""share"": 0.059, ""miss_deg"": 2.73, ""labels"": [323]}]"
2026_08_16/000,e1,v7,,vis,105.38,108.98,3.6,1.487,球L,320,0.54,0.1487,0.197,0.645,0.852,0.725,object#316,389.6407,0,0,10,球L,1,2,"[{""name"": ""球L"", ""m"": 57.92662, ""q"": 0.1487, ""c"": 0.7541, ""capture"": 0.197, ""share"": 0.54, ""miss_deg"": 1.8, ""labels"": [320]}, {""name"": ""香蕉"", ""m"": 49.37538, ""q"": 0.1267, ""c"": 1.0, ""capture"": 0.127, ""share"": 0.46, ""miss_deg"": 2.03, ""labels"": [323]}]"
2026_08_16/000,e1,v7,,vis,109.36,111.89,2.53,1.65,苹果,300,0.945,0.2345,0.334,0.042,0.058,0.752,object#10,389.6407,1,1,,,,2,"[{""name"": ""苹果"", ""m"": 91.35662, ""q"": 0.2345, ""c"": 0.7025, ""capture"": 0.334, ""share"": 0.945, ""miss_deg"": 1.48, ""labels"": [300]}, {""name"": ""香蕉"", ""m"": 5.29608, ""q"": 0.0136, ""c"": 1.0, ""capture"": 0.014, ""share"": 0.055, ""miss_deg"": 2.93, ""labels"": [323]}]"
2026_08_16/000,e1,v7,,vis,112.0,112.83,0.83,1.654,苹果,300,0.994,0.2409,0.343,0.006,0.006,0.758,object#10,389.6407,1,1,11,苹果,1,2,"[{""name"": ""苹果"", ""m"": 93.86557, ""q"": 0.2409, ""c"": 0.7025, ""capture"": 0.343, ""share"": 0.994, ""miss_deg"": 1.46, ""labels"": [300]}, {""name"": ""香蕉"", ""m"": 0.60089, ""q"": 0.0015, ""c"": 1.0, ""capture"": 0.002, ""share"": 0.006, ""miss_deg"": 3.6, ""labels"": [323]}]"
2026_08_16/000,e1,v7,,vis,113.15,114.45,1.3,1.663,苹果,300,1.0,0.1552,0.221,0.0,0.0,0.845,object#10,389.6407,1,1,11,苹果,1,1,"[{""name"": ""苹果"", ""m"": 60.46673, ""q"": 0.1552, ""c"": 0.7025, ""capture"": 0.221, ""share"": 1.0, ""miss_deg"": 1.74, ""labels"": [300]}]"
2026_08_16/000,e1,v7,,vis,114.56,114.84,0.28,1.664,苹果,300,0.97,0.1576,0.224,0.022,0.031,0.838,object#10,389.6407,1,1,11,苹果,1,2,"[{""name"": ""苹果"", ""m"": 61.40591, ""q"": 0.1576, ""c"": 0.7025, ""capture"": 0.224, ""share"": 0.97, ""miss_deg"": 1.73, ""labels"": [300]}, {""name"": ""香蕉"", ""m"": 1.88481, ""q"": 0.0048, ""c"": 1.0, ""capture"": 0.005, ""share"": 0.03, ""miss_deg"": 3.27, ""labels"": [323]}]"
2026_08_16/000,e1,v7,,vis,114.94,116.34,1.4,1.666,苹果,300,0.932,0.1319,0.188,0.053,0.073,0.858,object#10,389.6407,0,0,11,苹果,1,2,"[{""name"": ""苹果"", ""m"": 51.40276, ""q"": 0.1319, ""c"": 0.7025, ""capture"": 0.188, ""share"": 0.932, ""miss_deg"": 1.83, ""labels"": [300]}, {""name"": ""香蕉"", ""m"": 3.74483, ""q"": 0.0096, ""c"": 1.0, ""capture"": 0.01, ""share"": 0.068, ""miss_deg"": 3.05, ""labels"": [323]}]"
2026_08_16/000,e1,v7,,vis,116.39,116.71,0.32,1.557,球M,321,1.0,0.0139,0.021,0.0,0.0,0.986,object#17,389.6407,0,0,,,,1,"[{""name"": ""球M"", ""m"": 5.4303, ""q"": 0.0139, ""c"": 0.6716, ""capture"": 0.021, ""share"": 1.0, ""miss_deg"": 2.78, ""labels"": [321]}]"
2026_08_16/000,e1,v7,,vis,117.61,123.36,5.75,1.473,球R,322,1.0,0.0815,0.135,0.0,0.0,0.919,object#318,389.6407,0,0,12,球R,1,1,"[{""name"": ""球R"", ""m"": 31.74757, ""q"": 0.0815, ""c"": 0.603, ""capture"": 0.135, ""share"": 1.0, ""miss_deg"": 2.0, ""labels"": [322]}]"
2026_08_16/000,e1,v7,,vis,125.44,125.75,0.3,1.305,,-1,0.0,0.0,,,,1.0,object#20,389.6407,0,0,,,,0,[]
2026_08_16/000,e1,v7,,vis,127.5,127.78,0.27,1.096,,-1,0.0,0.0,,,,1.0,object#59,389.6407,0,0,,,,0,[]
2026_08_16/000,e1,v7,,vis,128.06,128.34,0.28,1.205,,-1,0.0,0.0,,,,1.0,object#67,389.6407,0,0,,,,0,[]
2026_08_16/001,e2,v7,stress,vis,8.06,8.71,0.65,2.539,,-1,0.0,0.0,,,,1.0,floor,389.6407,0,0,,,,0,[]
2026_08_16/001,e2,v7,stress,vis,8.88,9.2,0.32,2.76,,-1,0.0,0.0,,,,1.0,floor,389.6407,0,0,,,,0,[]
2026_08_16/001,e2,v7,stress,vis,9.25,9.69,0.43,3.059,,-1,0.0,0.0,,,,1.0,floor,389.6407,0,0,,,,0,[]
2026_08_16/001,e2,v7,stress,vis,10.59,10.86,0.27,2.847,,-1,0.0,0.0,,,,1.0,object#179,389.6407,0,0,,,,0,[]
2026_08_16/001,e2,v7,stress,vis,10.91,11.29,0.38,3.104,球M,321,1.0,0.0192,0.083,0.0,0.0,0.981,object#179,389.6407,0,0,,,,1,"[{""name"": ""球M"", ""m"": 7.46835, ""q"": 0.0192, ""c"": 0.2309, ""capture"": 0.083, ""share"": 1.0, ""miss_deg"": 2.23, ""labels"": [321]}]"
2026_08_16/001,e2,v7,stress,vis,11.4,11.94,0.54,3.057,球L,320,1.0,0.0003,0.001,0.0,0.0,1.0,object#46,389.6407,0,0,,,,1,"[{""name"": ""球L"", ""m"": 0.10749, ""q"": 0.0003, ""c"": 0.2704, ""capture"": 0.001, ""share"": 1.0, ""miss_deg"": 3.71, ""labels"": [320]}]"
2026_08_16/001,e2,v7,stress,vis,12.59,15.9,3.3,3.175,球L,320,1.0,0.0173,0.07,0.0,0.0,0.983,object#10,389.6407,0,0,,,,1,"[{""name"": ""球L"", ""m"": 6.73519, ""q"": 0.0173, ""c"": 0.2469, ""capture"": 0.07, ""share"": 1.0, ""miss_deg"": 2.31, ""labels"": [320]}]"
2026_08_16/001,e2,v7,stress,vis,16.18,18.34,2.17,3.164,球L,320,1.0,0.0458,0.185,0.0,0.0,0.954,object#10,389.6407,0,0,1,球L,1,1,"[{""name"": ""球L"", ""m"": 17.84398, ""q"": 0.0458, ""c"": 0.2469, ""capture"": 0.185, ""share"": 1.0, ""miss_deg"": 1.84, ""labels"": [320]}]"
2026_08_16/001,e2,v7,stress,vis,18.72,19.1,0.38,3.171,球L,320,1.0,0.0035,0.014,0.0,0.0,0.996,object#46,389.6407,0,0,1,球L,1,1,"[{""name"": ""球L"", ""m"": 1.36727, ""q"": 0.0035, ""c"": 0.2469, ""capture"": 0.014, ""share"": 1.0, ""miss_deg"": 2.92, ""labels"": [320]}]"
2026_08_16/001,e2,v7,stress,vis,19.64,20.4,0.76,3.193,球R,322,1.0,0.0001,0.001,0.0,0.0,1.0,object#305,389.6407,0,0,,,,1,"[{""name"": ""球R"", ""m"": 0.04866, ""q"": 0.0001, ""c"": 0.1636, ""capture"": 0.001, ""share"": 1.0, ""miss_deg"": 3.79, ""labels"": [322]}]"
2026_08_16/001,e2,v7,stress,vis,20.85,21.83,0.97,3.2,,-1,0.0,0.0,,,,1.0,object#130,389.6407,0,0,,,,0,[]
2026_08_16/001,e2,v7,stress,vis,21.88,22.48,0.6,3.21,球R,322,1.0,0.0309,0.189,0.0,0.0,0.969,object#130,389.6407,0,0,,,,1,"[{""name"": ""球R"", ""m"": 12.02147, ""q"": 0.0309, ""c"": 0.1636, ""capture"": 0.189, ""share"": 1.0, ""miss_deg"": 1.83, ""labels"": [322]}]"
2026_08_16/001,e2,v7,stress,vis,22.91,24.97,2.06,3.183,,-1,0.0,0.0,,,,1.0,object#130,389.6407,0,0,,,,0,[]
2026_08_16/001,e2,v7,stress,vis,25.14,26.0,0.87,3.189,,-1,0.0,0.0,,,,1.0,object#130,389.6407,0,0,,,,0,[]
2026_08_16/001,e2,v7,stress,vis,26.62,27.75,1.14,3.165,球L,320,0.942,0.2482,1.005,0.02,0.062,0.737,object#316,389.6407,1,1,,,,2,"[{""name"": ""球L"", ""m"": 96.69967, ""q"": 0.2482, ""c"": 0.2469, ""capture"": 1.005, ""share"": 0.942, ""miss_deg"": 0.0, ""labels"": [320]}, {""name"": ""香蕉"", ""m"": 5.96709, ""q"": 0.0153, ""c"": 0.7477, ""capture"": 0.02, ""share"": 0.058, ""miss_deg"": 2.79, ""labels"": [323]}]"
2026_08_16/001,e2,v7,stress,vis,27.92,28.57,0.65,3.268,球L,320,0.94,0.2015,0.873,0.021,0.064,0.786,object#316,389.6407,1,1,,,,2,"[{""name"": ""球L"", ""m"": 78.50858, ""q"": 0.2015, ""c"": 0.2309, ""capture"": 0.873, ""share"": 0.94, ""miss_deg"": 0.52, ""labels"": [320]}, {""name"": ""香蕉"", ""m"": 4.97614, ""q"": 0.0128, ""c"": 0.7202, ""capture"": 0.018, ""share"": 0.06, ""miss_deg"": 2.84, ""labels"": [323]}]"
2026_08_16/001,e2,v7,stress,vis,28.82,31.52,2.71,3.284,球L,320,0.941,0.2301,0.996,0.019,0.06,0.756,object#316,389.6407,1,1,,,,3,"[{""name"": ""球L"", ""m"": 89.65666, ""q"": 0.2301, ""c"": 0.2309, ""capture"": 0.996, ""share"": 0.941, ""miss_deg"": 0.08, ""labels"": [320]}, {""name"": ""香蕉"", ""m"": 5.33699, ""q"": 0.0137, ""c"": 0.706, ""capture"": 0.019, ""share"": 0.056, ""miss_deg"": 2.81, ""labels"": [323]}, {""name"": ""苹果"", ""m"": 0.26743, ""q"": 0.0007, ""c"": 0.2469, ""capture"": 0.003, ""share"": 0.003, ""miss_deg"": 3.43, ""labels"": [300]}]"
2026_08_16/001,e2,v7,stress,vis,31.58,31.85,0.27,3.283,球L,320,0.874,0.031,0.134,0.045,0.144,0.964,object#46,389.6407,0,0,,,,2,"[{""name"": ""球L"", ""m"": 12.09579, ""q"": 0.031, ""c"": 0.2309, ""capture"": 0.134, ""share"": 0.874, ""miss_deg"": 2.0, ""labels"": [320]}, {""name"": ""香蕉"", ""m"": 1.74958, ""q"": 0.0045, ""c"": 0.706, ""capture"": 0.006, ""share"": 0.126, ""miss_deg"": 3.18, ""labels"": [323]}]"
2026_08_16/001,e2,v7,stress,vis,32.18,32.5,0.32,3.286,球L,320,0.834,0.2514,1.089,0.056,0.17,0.699,object#316,389.6407,1,1,2,球R,0,3,"[{""name"": ""球L"", ""m"": 97.9445, ""q"": 0.2514, ""c"": 0.2309, ""capture"": 1.089, ""share"": 0.834, ""miss_deg"": 0.0, ""labels"": [320]}, {""name"": ""香蕉"", ""m"": 16.71894, ""q"": 0.0429, ""c"": 0.706, ""capture"": 0.061, ""share"": 0.142, ""miss_deg"": 2.37, ""labels"": [323]}, {""name"": ""苹果"", ""m"": 2.74506, ""q"": 0.007, ""c"": 0.2469, ""capture"": 0.029, ""share"": 0.023, ""miss_deg"": 2.67, ""labels"": [300]}]"
2026_08_16/001,e2,v7,stress,vis,32.56,33.64,1.08,3.305,球R,322,0.918,0.1643,1.004,0.066,0.089,0.821,object#318,389.6407,1,1,2,球R,1,2,"[{""name"": ""球R"", ""m"": 64.00627, ""q"": 0.1643, ""c"": 0.1636, ""capture"": 1.004, ""share"": 0.918, ""miss_deg"": 0.0, ""labels"": [322]}, {""name"": ""石榴"", ""m"": 5.70271, ""q"": 0.0146, ""c"": 0.2228, ""capture"": 0.066, ""share"": 0.082, ""miss_deg"": 2.33, ""labels"": [78]}]"
2026_08_16/001,e2,v7,stress,vis,33.8,34.24,0.43,3.327,球R,322,0.96,0.0513,0.314,0.029,0.041,0.947,object#318,389.6407,1,1,2,球R,1,3,"[{""name"": ""球R"", ""m"": 19.99164, ""q"": 0.0513, ""c"": 0.1636, ""capture"": 0.314, ""share"": 0.96, ""miss_deg"": 1.52, ""labels"": [322]}, {""name"": ""石榴"", ""m"": 0.80448, ""q"": 0.0021, ""c"": 0.2228, ""capture"": 0.009, ""share"": 0.039, ""miss_deg"": 3.06, ""labels"": [78]}, {""name"": ""球M"", ""m"": 0.0199, ""q"": 0.0001, ""c"": 0.2062, ""capture"": 0.0, ""share"": 0.001, ""miss_deg"": 4.08, ""labels"": [321]}]"
2026_08_16/001,e2,v7,stress,vis,34.47,37.77,3.3,3.316,球R,322,0.904,0.0893,0.546,0.079,0.106,0.901,object#318,389.6407,1,1,2,球R,1,3,"[{""name"": ""球R"", ""m"": 34.80835, ""q"": 0.0893, ""c"": 0.1636, ""capture"": 0.546, ""share"": 0.904, ""miss_deg"": 1.1, ""labels"": [322]}, {""name"": ""石榴"", ""m"": 3.70767, ""q"": 0.0095, ""c"": 0.2228, ""capture"": 0.043, ""share"": 0.096, ""miss_deg"": 2.51, ""labels"": [78]}, {""name"": ""球M"", ""m"": 0.0028, ""q"": 0.0, ""c"": 0.2062, ""capture"": 0.0, ""share"": 0.0, ""miss_deg"": 4.53, ""labels"": [321]}]"
2026_08_16/001,e2,v7,stress,vis,38.0,38.71,0.7,3.326,球R,322,0.985,0.0946,0.578,0.01,0.015,0.904,object#318,389.6407,1,1,2,球R,1,2,"[{""name"": ""球R"", ""m"": 36.84996, ""q"": 0.0946, ""c"": 0.1636, ""capture"": 0.578, ""share"": 0.985, ""miss_deg"": 1.05, ""labels"": [322]}, {""name"": ""石榴"", ""m"": 0.55017, ""q"": 0.0014, ""c"": 0.2228, ""capture"": 0.006, ""share"": 0.015, ""miss_deg"": 3.18, ""labels"": [78]}]"
2026_08_16/001,e2,v7,stress,vis,38.98,39.9,0.92,3.31,球R,322,0.883,0.1176,0.719,0.097,0.133,0.867,object#318,389.6407,1,1,2,球R,1,2,"[{""name"": ""球R"", ""m"": 45.81731, ""q"": 0.1176, ""c"": 0.1636, ""capture"": 0.719, ""share"": 0.883, ""miss_deg"": 0.81, ""labels"": [322]}, {""name"": ""石榴"", ""m"": 6.07734, ""q"": 0.0156, ""c"": 0.2228, ""capture"": 0.07, ""share"": 0.117, ""miss_deg"": 2.31, ""labels"": [78]}]"
2026_08_16/001,e2,v7,stress,vis,40.15,40.42,0.27,3.515,球M,321,1.0,0.0,0.0,0.0,0.0,1.0,object#46,389.6407,0,0,,,,1,"[{""name"": ""球M"", ""m"": 0.007, ""q"": 0.0, ""c"": 0.1892, ""capture"": 0.0, ""share"": 1.0, ""miss_deg"": 4.3, ""labels"": [321]}]"
2026_08_16/001,e2,v7,stress,vis,40.53,40.91,0.38,3.452,,-1,0.0,0.0,,,,1.0,object#46,389.6407,0,0,,,,0,[]
2026_08_16/001,e2,v7,stress,vis,43.74,45.42,1.68,3.61,球M,321,1.0,0.0013,0.008,0.0,0.0,0.999,object#46,389.6407,0,0,5,球M,1,1,"[{""name"": ""球M"", ""m"": 0.49124, ""q"": 0.0013, ""c"": 0.1636, ""capture"": 0.008, ""share"": 1.0, ""miss_deg"": 3.12, ""labels"": [321]}]"
2026_08_16/001,e2,v7,stress,vis,46.8,49.4,2.6,3.275,球L,320,0.892,0.1196,0.518,0.039,0.121,0.866,object#316,389.6407,1,1,,,,2,"[{""name"": ""球L"", ""m"": 46.62034, ""q"": 0.1196, ""c"": 0.2309, ""capture"": 0.518, ""share"": 0.892, ""miss_deg"": 1.15, ""labels"": [320]}, {""name"": ""香蕉"", ""m"": 5.65583, ""q"": 0.0145, ""c"": 0.7202, ""capture"": 0.02, ""share"": 0.108, ""miss_deg"": 2.79, ""labels"": [323]}]"
2026_08_16/001,e2,v7,stress,vis,49.66,51.12,1.46,3.274,球L,320,0.769,0.1278,0.554,0.096,0.3,0.834,object#316,389.6407,1,1,,,,2,"[{""name"": ""球L"", ""m"": 49.81126, ""q"": 0.1278, ""c"": 0.2309, ""capture"": 0.554, ""share"": 0.769, ""miss_deg"": 1.09, ""labels"": [320]}, {""name"": ""香蕉"", ""m"": 14.98418, ""q"": 0.0385, ""c"": 0.7202, ""capture"": 0.053, ""share"": 0.231, ""miss_deg"": 2.42, ""labels"": [323]}]"
2026_08_16/001,e2,v7,stress,vis,51.44,53.07,1.62,3.277,球L,320,1.0,0.021,0.091,0.0,0.0,0.979,object#46,389.6407,0,0,,,,1,"[{""name"": ""球L"", ""m"": 8.18053, ""q"": 0.021, ""c"": 0.2309, ""capture"": 0.091, ""share"": 1.0, ""miss_deg"": 2.19, ""labels"": [320]}]"
2026_08_16/001,e2,v7,stress,vis,53.44,54.14,0.7,3.298,球L,320,0.902,0.2492,1.079,0.032,0.095,0.724,object#316,389.6407,1,1,,,,3,"[{""name"": ""球L"", ""m"": 97.09766, ""q"": 0.2492, ""c"": 0.2309, ""capture"": 1.079, ""share"": 0.902, ""miss_deg"": 0.0, ""labels"": [320]}, {""name"": ""香蕉"", ""m"": 9.29885, ""q"": 0.0239, ""c"": 0.7025, ""capture"": 0.034, ""share"": 0.086, ""miss_deg"": 2.6, ""labels"": [323]}, {""name"": ""苹果"", ""m"": 1.19225, ""q"": 0.0031, ""c"": 0.2469, ""capture"": 0.012, ""share"": 0.011, ""miss_deg"": 2.96, ""labels"": [300]}]"
2026_08_16/001,e2,v7,stress,vis,54.2,56.53,2.33,3.274,球L,320,0.8,0.2415,1.046,0.069,0.215,0.698,object#316,389.6407,1,1,,,,3,"[{""name"": ""球L"", ""m"": 94.09462, ""q"": 0.2415, ""c"": 0.2309, ""capture"": 1.046, ""share"": 0.8, ""miss_deg"": 0.0, ""labels"": [320]}, {""name"": ""香蕉"", ""m"": 20.23012, ""q"": 0.0519, ""c"": 0.7202, ""capture"": 0.072, ""share"": 0.172, ""miss_deg"": 2.29, ""labels"": [323]}, {""name"": ""苹果"", ""m"": 3.34627, ""q"": 0.0086, ""c"": 0.2548, ""capture"": 0.034, ""share"": 0.028, ""miss_deg"": 2.6, ""labels"": [300]}]"
2026_08_16/001,e2,v7,stress,vis,56.74,59.83,3.09,3.27,球L,320,0.785,0.2602,1.127,0.07,0.219,0.668,object#316,389.6407,1,1,,,,3,"[{""name"": ""球L"", ""m"": 101.38707, ""q"": 0.2602, ""c"": 0.2309, ""capture"": 1.127, ""share"": 0.785, ""miss_deg"": 0.0, ""labels"": [320]}, {""name"": ""香蕉"", ""m"": 22.17095, ""q"": 0.0569, ""c"": 0.7202, ""capture"": 0.079, ""share"": 0.172, ""miss_deg"": 2.25, ""labels"": [323]}, {""name"": ""苹果"", ""m"": 5.61839, ""q"": 0.0144, ""c"": 0.2548, ""capture"": 0.057, ""share"": 0.043, ""miss_deg"": 2.4, ""labels"": [300]}]"
2026_08_16/001,e2,v7,stress,vis,60.49,62.76,2.27,3.338,球R,322,0.779,0.094,0.575,0.207,0.282,0.879,object#318,389.6407,1,1,10,球R,1,3,"[{""name"": ""球R"", ""m"": 36.63387, ""q"": 0.094, ""c"": 0.1636, ""capture"": 0.575, ""share"": 0.779, ""miss_deg"": 1.05, ""labels"": [322]}, {""name"": ""石榴"", ""m"": 10.36636, ""q"": 0.0266, ""c"": 0.2228, ""capture"": 0.119, ""share"": 0.22, ""miss_deg"": 2.06, ""labels"": [78]}, {""name"": ""球M"", ""m"": 0.01483, ""q"": 0.0, ""c"": 0.2062, ""capture"": 0.0, ""share"": 0.0, ""miss_deg"": 4.15, ""labels"": [321]}]"
2026_08_16/001,e2,v7,stress,vis,62.99,66.51,3.52,3.328,球R,322,1.0,0.0415,0.253,0.0,0.0,0.959,object#318,389.6407,1,1,10,球R,1,2,"[{""name"": ""球R"", ""m"": 16.15915, ""q"": 0.0415, ""c"": 0.1636, ""capture"": 0.253, ""share"": 1.0, ""miss_deg"": 1.66, ""labels"": [322]}, {""name"": ""球M"", ""m"": 0.00336, ""q"": 0.0, ""c"": 0.2062, ""capture"": 0.0, ""share"": 0.0, ""miss_deg"": 4.49, ""labels"": [321]}]"
2026_08_16/001,e2,v7,stress,vis,67.2,69.42,2.22,3.275,球L,320,0.944,0.0434,0.188,0.021,0.059,0.954,object#46,389.6407,0,0,11,球L,1,2,"[{""name"": ""球L"", ""m"": 16.92336, ""q"": 0.0434, ""c"": 0.2309, ""capture"": 0.188, ""share"": 0.944, ""miss_deg"": 1.83, ""labels"": [320]}, {""name"": ""香蕉"", ""m"": 1.00464, ""q"": 0.0026, ""c"": 0.7202, ""capture"": 0.004, ""share"": 0.056, ""miss_deg"": 3.36, ""labels"": [323]}]"
2026_08_16/001,e2,v7,stress,vis,69.64,71.37,1.73,3.283,球L,320,0.998,0.0349,0.151,0.0,0.002,0.965,object#46,389.6407,0,0,11,球L,1,2,"[{""name"": ""球L"", ""m"": 13.60259, ""q"": 0.0349, ""c"": 0.2309, ""capture"": 0.151, ""share"": 0.998, ""miss_deg"": 1.94, ""labels"": [320]}, {""name"": ""香蕉"", ""m"": 0.02302, ""q"": 0.0001, ""c"": 0.706, ""capture"": 0.0, ""share"": 0.002, ""miss_deg"": 4.33, ""labels"": [323]}]"
2026_08_16/001,e2,v7,stress,vis,71.61,73.88,2.27,3.287,球L,320,0.819,0.1122,0.486,0.072,0.221,0.863,object#316,389.6407,1,1,11,球L,1,2,"[{""name"": ""球L"", ""m"": 43.72928, ""q"": 0.1122, ""c"": 0.2309, ""capture"": 0.486, ""share"": 0.819, ""miss_deg"": 1.2, ""labels"": [320]}, {""name"": ""香蕉"", ""m"": 9.65503, ""q"": 0.0248, ""c"": 0.706, ""capture"": 0.035, ""share"": 0.181, ""miss_deg"": 2.59, ""labels"": [323]}]"
2026_08_16/001,e2,v7,stress,vis,74.13,80.95,6.82,3.305,球R,322,1.0,0.0009,0.006,0.0,0.0,0.999,object#130,389.6407,0,0,,,,1,"[{""name"": ""球R"", ""m"": 0.35207, ""q"": 0.0009, ""c"": 0.1636, ""capture"": 0.006, ""share"": 1.0, ""miss_deg"": 3.22, ""labels"": [322]}]"
2026_08_16/001,e2,v7,stress,vis,81.41,81.68,0.27,3.522,球M,321,1.0,0.0,0.0,0.0,0.0,1.0,object#135,389.6407,0,0,,,,1,"[{""name"": ""球M"", ""m"": 0.01468, ""q"": 0.0, ""c"": 0.1892, ""capture"": 0.0, ""share"": 1.0, ""miss_deg"": 4.13, ""labels"": [321]}]"
2026_08_16/001,e2,v7,stress,vis,81.85,86.29,4.44,3.285,球L,320,1.0,0.0146,0.063,0.0,0.0,0.985,object#10,389.6407,0,0,,,,1,"[{""name"": ""球L"", ""m"": 5.70436, ""q"": 0.0146, ""c"": 0.2309, ""capture"": 0.063, ""share"": 1.0, ""miss_deg"": 2.35, ""labels"": [320]}]"
2026_08_16/001,e2,v7,stress,vis,86.34,87.86,1.52,3.295,球L,320,0.973,0.0804,0.348,0.009,0.028,0.917,object#10,389.6407,1,1,,,,2,"[{""name"": ""球L"", ""m"": 31.3371, ""q"": 0.0804, ""c"": 0.2309, ""capture"": 0.348, ""share"": 0.973, ""miss_deg"": 1.45, ""labels"": [320]}, {""name"": ""香蕉"", ""m"": 0.88095, ""q"": 0.0023, ""c"": 0.7025, ""capture"": 0.003, ""share"": 0.027, ""miss_deg"": 3.39, ""labels"": [323]}]"
2026_08_16/001,e2,v7,stress,vis,89.87,90.14,0.27,3.453,球M,321,1.0,0.0002,0.001,0.0,0.0,1.0,object#46,389.6407,0,0,,,,1,"[{""name"": ""球M"", ""m"": 0.09368, ""q"": 0.0002, ""c"": 0.2062, ""capture"": 0.001, ""share"": 1.0, ""miss_deg"": 3.68, ""labels"": [321]}]"
2026_08_16/001,e2,v7,stress,vis,90.47,90.74,0.27,4.61,球M,321,1.0,0.0618,0.564,0.0,0.0,0.938,object#250,389.6407,1,1,,,,2,"[{""name"": ""球M"", ""m"": 24.08043, ""q"": 0.0618, ""c"": 0.1097, ""capture"": 0.564, ""share"": 1.0, ""miss_deg"": 1.07, ""labels"": [321]}, {""name"": ""香蕉"", ""m"": 0.0026, ""q"": 0.0, ""c"": 0.461, ""capture"": 0.0, ""share"": 0.0, ""miss_deg"": 4.72, ""labels"": [323]}]"
2026_08_16/001,e2,v7,stress,vis,91.28,91.61,0.32,3.661,球M,321,1.0,0.0116,0.071,0.0,0.0,0.988,object#46,389.6407,0,0,,,,1,"[{""name"": ""球M"", ""m"": 4.53119, ""q"": 0.0116, ""c"": 0.1636, ""capture"": 0.071, ""share"": 1.0, ""miss_deg"": 2.3, ""labels"": [321]}]"
2026_08_16/001,e2,v7,stress,vis,93.23,93.5,0.27,3.709,球M,321,1.0,0.0122,0.074,0.0,0.0,0.988,object#179,389.6407,0,0,12,球M,1,1,"[{""name"": ""球M"", ""m"": 4.74256, ""q"": 0.0122, ""c"": 0.1636, ""capture"": 0.074, ""share"": 1.0, ""miss_deg"": 2.28, ""labels"": [321]}]"
2026_08_16/001,e2,v7,stress,vis,93.93,94.91,0.97,3.438,,-1,0.0,0.0,,,,1.0,object#46,389.6407,0,0,12,球M,,0,[]
2026_08_16/001,e2,v7,stress,vis,95.12,95.56,0.43,4.571,球M,321,1.0,0.0333,0.304,0.0,0.0,0.967,object#46,389.6407,1,1,12,球M,1,1,"[{""name"": ""球M"", ""m"": 12.97777, ""q"": 0.0333, ""c"": 0.1097, ""capture"": 0.304, ""share"": 1.0, ""miss_deg"": 1.54, ""labels"": [321]}]"
2026_08_16/001,e2,v7,stress,vis,96.63,96.9,0.27,4.012,,-1,0.0,0.0,,,,1.0,object#187,389.6407,0,0,,,,0,[]
2026_08_16/001,e2,v7,stress,vis,99.92,100.19,0.27,2.123,,-1,0.0,0.0,,,,1.0,floor,389.6407,0,0,,,,0,[]
2026_08_16/s1,s1,v7,,vis,2.85,3.39,0.54,1.11,,-1,0.0,0.0,,,,1.0,object#187,389.6407,0,0,,,,0,[]
2026_08_16/s1,s1,v7,,vis,3.45,3.83,0.38,1.152,,-1,0.0,0.0,,,,1.0,object#187,389.6407,0,0,,,,0,[]
2026_08_16/s1,s1,v7,,vis,6.42,6.69,0.27,2.254,,-1,0.0,0.0,,,,1.0,object#187,389.6407,0,0,,,,0,[]
2026_08_16/s1,s1,v7,,vis,9.53,9.8,0.27,2.217,,-1,0.0,0.0,,,,1.0,object#20,389.6407,0,0,,,,0,[]
2026_08_16/s1,s1,v7,,vis,10.44,10.71,0.27,2.258,,-1,0.0,0.0,,,,1.0,object#20,389.6407,0,0,,,,0,[]
2026_08_16/s1,s1,v7,,vis,10.77,11.26,0.49,2.178,,-1,0.0,0.0,,,,1.0,object#20,389.6407,0,0,,,,0,[]
2026_08_16/s1,s1,v7,,vis,11.55,12.74,1.19,2.526,,-1,0.0,0.0,,,,1.0,object#32,389.6407,0,0,,,,0,[]
2026_08_16/s1,s1,v7,,vis,13.86,14.24,0.38,1.613,球M,321,1.0,0.2101,0.329,0.0,0.0,0.79,object#17,389.6407,1,1,,,,1,"[{""name"": ""球M"", ""m"": 81.84599, ""q"": 0.2101, ""c"": 0.6386, ""capture"": 0.329, ""share"": 1.0, ""miss_deg"": 1.49, ""labels"": [321]}]"
2026_08_16/s1,s1,v7,,vis,14.51,15.0,0.49,1.756,,-1,0.0,0.0,,,,1.0,object#34,389.6407,0,0,,,,0,[]
2026_08_16/s1,s1,v7,,vis,16.01,19.69,3.68,1.615,球R,322,1.0,0.4953,0.91,0.0,0.0,0.505,object#318,389.6407,1,1,1,球R,1,1,"[{""name"": ""球R"", ""m"": 192.9957, ""q"": 0.4953, ""c"": 0.5444, ""capture"": 0.91, ""share"": 1.0, ""miss_deg"": 0.43, ""labels"": [322]}]"
2026_08_16/s1,s1,v7,,vis,19.96,20.23,0.27,1.603,球R,322,1.0,0.5649,1.038,0.0,0.0,0.435,object#318,389.6407,1,1,1,球R,1,1,"[{""name"": ""球R"", ""m"": 220.11426, ""q"": 0.5649, ""c"": 0.5444, ""capture"": 1.038, ""share"": 1.0, ""miss_deg"": 0.0, ""labels"": [322]}]"
2026_08_16/s1,s1,v7,,vis,20.53,22.37,1.84,1.606,球R,322,1.0,0.5752,1.056,0.0,0.0,0.425,object#318,389.6407,1,1,1,球R,1,1,"[{""name"": ""球R"", ""m"": 224.10194, ""q"": 0.5752, ""c"": 0.5444, ""capture"": 1.056, ""share"": 1.0, ""miss_deg"": 0.0, ""labels"": [322]}]"
2026_08_16/s1,s1,v7,,vis,22.76,29.26,6.5,1.53,球L,320,1.0,0.7498,1.012,0.0,0.0,0.25,object#316,389.6407,1,1,2,球L,1,1,"[{""name"": ""球L"", ""m"": 292.15733, ""q"": 0.7498, ""c"": 0.741, ""capture"": 1.012, ""share"": 1.0, ""miss_deg"": 0.0, ""labels"": [320]}]"
2026_08_16/s1,s1,v7,,vis,29.8,31.31,1.52,1.488,球M,321,1.0,0.7668,1.092,0.0,0.0,0.233,object#17,389.6407,1,1,,,,1,"[{""name"": ""球M"", ""m"": 298.771, ""q"": 0.7668, ""c"": 0.7025, ""capture"": 1.092, ""share"": 1.0, ""miss_deg"": 0.0, ""labels"": [321]}]"
2026_08_16/s1,s1,v7,,vis,31.58,32.4,0.81,1.485,球M,321,1.0,0.701,0.998,0.0,0.0,0.299,object#17,389.6407,1,1,3,球M,1,1,"[{""name"": ""球M"", ""m"": 273.13067, ""q"": 0.701, ""c"": 0.7025, ""capture"": 0.998, ""share"": 1.0, ""miss_deg"": 0.07, ""labels"": [321]}]"
2026_08_16/s1,s1,v7,,vis,32.75,36.27,3.52,1.485,球M,321,1.0,0.6145,0.875,0.0,0.0,0.385,object#17,389.6407,1,1,3,球M,1,1,"[{""name"": ""球M"", ""m"": 239.45299, ""q"": 0.6145, ""c"": 0.7025, ""capture"": 0.875, ""share"": 1.0, ""miss_deg"": 0.52, ""labels"": [321]}]"
2026_08_16/s1,s1,v7,,vis,36.45,36.94,0.49,1.526,球L,320,1.0,0.5834,0.787,0.0,0.0,0.417,object#316,389.6407,1,1,,,,1,"[{""name"": ""球L"", ""m"": 227.29725, ""q"": 0.5834, ""c"": 0.741, ""capture"": 0.787, ""share"": 1.0, ""miss_deg"": 0.69, ""labels"": [320]}]"
2026_08_16/s1,s1,v7,,vis,37.0,38.3,1.3,1.514,球L,320,1.0,0.7654,1.033,0.0,0.0,0.235,object#316,389.6407,1,1,,,,1,"[{""name"": ""球L"", ""m"": 298.24177, ""q"": 0.7654, ""c"": 0.741, ""capture"": 1.033, ""share"": 1.0, ""miss_deg"": 0.0, ""labels"": [320]}]"
2026_08_16/s1,s1,v7,,vis,38.62,39.32,0.7,1.525,球L,320,1.0,0.5528,0.746,0.0,0.0,0.447,object#316,389.6407,1,1,4,球L,1,1,"[{""name"": ""球L"", ""m"": 215.39484, ""q"": 0.5528, ""c"": 0.741, ""capture"": 0.746, ""share"": 1.0, ""miss_deg"": 0.77, ""labels"": [320]}]"
2026_08_16/s1,s1,v7,,vis,39.38,39.76,0.38,1.56,香蕉,323,0.608,0.1316,0.132,0.917,0.645,0.784,object#316,389.6407,0,0,4,球L,0,2,"[{""name"": ""香蕉"", ""m"": 51.28151, ""q"": 0.1316, ""c"": 1.0, ""capture"": 0.132, ""share"": 0.608, ""miss_deg"": 2.01, ""labels"": [323]}, {""name"": ""球L"", ""m"": 33.03877, ""q"": 0.0848, ""c"": 0.7025, ""capture"": 0.121, ""share"": 0.392, ""miss_deg"": 2.06, ""labels"": [320]}]"
2026_08_16/s1,s1,v7,,vis,39.81,42.95,3.14,1.539,球L,320,1.0,0.7185,0.988,0.0,0.0,0.281,object#316,389.6407,1,1,4,球L,1,2,"[{""name"": ""球L"", ""m"": 279.97305, ""q"": 0.7185, ""c"": 0.7272, ""capture"": 0.988, ""share"": 1.0, ""miss_deg"": 0.15, ""labels"": [320]}, {""name"": ""香蕉"", ""m"": 0.13416, ""q"": 0.0003, ""c"": 1.0, ""capture"": 0.0, ""share"": 0.0, ""miss_deg"": 3.99, ""labels"": [323]}]"
2026_08_16/s1,s1,v7,,vis,43.84,49.85,6.01,1.498,球M,321,1.0,0.7162,1.019,0.0,0.0,0.284,object#17,389.6407,1,1,5,球M,1,1,"[{""name"": ""球M"", ""m"": 279.04719, ""q"": 0.7162, ""c"": 0.7025, ""capture"": 1.019, ""share"": 1.0, ""miss_deg"": 0.0, ""labels"": [321]}]"
2026_08_16/s1,s1,v7,,vis,50.63,54.15,3.52,1.499,球M,321,1.0,0.7069,1.006,0.0,0.0,0.293,object#17,389.6407,1,1,6,球M,1,1,"[{""name"": ""球M"", ""m"": 275.42998, ""q"": 0.7069, ""c"": 0.7025, ""capture"": 1.006, ""share"": 1.0, ""miss_deg"": 0.0, ""labels"": [321]}]"
2026_08_16/s1,s1,v7,,vis,54.2,54.69,0.49,1.566,球M,321,1.0,0.3413,0.508,0.0,0.0,0.659,object#10,389.6407,1,1,6,球M,1,1,"[{""name"": ""球M"", ""m"": 132.97132, ""q"": 0.3413, ""c"": 0.6716, ""capture"": 0.508, ""share"": 1.0, ""miss_deg"": 1.16, ""labels"": [321]}]"
2026_08_16/s1,s1,v7,,vis,54.75,55.4,0.65,1.485,球M,321,1.0,0.6974,0.993,0.0,0.0,0.303,object#17,389.6407,1,1,6,球M,1,1,"[{""name"": ""球M"", ""m"": 271.7245, ""q"": 0.6974, ""c"": 0.7025, ""capture"": 0.993, ""share"": 1.0, ""miss_deg"": 0.12, ""labels"": [321]}]"
2026_08_16/s1,s1,v7,,vis,55.67,56.69,1.03,1.48,球M,321,1.0,0.7653,1.089,0.0,0.0,0.235,object#17,389.6407,1,1,6,球M,1,1,"[{""name"": ""球M"", ""m"": 298.17382, ""q"": 0.7653, ""c"": 0.7025, ""capture"": 1.089, ""share"": 1.0, ""miss_deg"": 0.0, ""labels"": [321]}]"
2026_08_16/s1,s1,v7,,vis,56.99,60.95,3.95,1.587,球R,322,1.0,0.6023,1.106,0.0,0.0,0.398,object#318,389.6407,1,1,7,球R,1,1,"[{""name"": ""球R"", ""m"": 234.6643, ""q"": 0.6023, ""c"": 0.5444, ""capture"": 1.106, ""share"": 1.0, ""miss_deg"": 0.0, ""labels"": [322]}]"
2026_08_16/s1,s1,v7,,vis,61.0,63.44,2.44,1.586,球R,322,1.0,0.5888,1.081,0.0,0.0,0.411,object#318,389.6407,1,1,7,球R,1,1,"[{""name"": ""球R"", ""m"": 229.40425, ""q"": 0.5888, ""c"": 0.5444, ""capture"": 1.081, ""share"": 1.0, ""miss_deg"": 0.0, ""labels"": [322]}]"
2026_08_16/s1,s1,v7,,vis,63.94,64.86,0.92,1.57,球L,320,1.0,0.3874,0.552,0.0,0.0,0.613,object#316,389.6407,1,1,,,,1,"[{""name"": ""球L"", ""m"": 150.96044, ""q"": 0.3874, ""c"": 0.7025, ""capture"": 0.552, ""share"": 1.0, ""miss_deg"": 1.09, ""labels"": [320]}]"
2026_08_16/s1,s1,v7,,vis,65.19,68.98,3.79,1.558,球L,320,1.0,0.5231,0.745,0.0,0.0,0.477,object#316,389.6407,1,1,8,球L,1,1,"[{""name"": ""球L"", ""m"": 203.80366, ""q"": 0.5231, ""c"": 0.7025, ""capture"": 0.745, ""share"": 1.0, ""miss_deg"": 0.77, ""labels"": [320]}]"
2026_08_16/s1,s1,v7,,vis,69.2,70.61,1.41,1.553,球L,320,1.0,0.6588,0.933,0.0,0.0,0.341,object#316,389.6407,1,1,8,球L,1,2,"[{""name"": ""球L"", ""m"": 256.69261, ""q"": 0.6588, ""c"": 0.706, ""capture"": 0.933, ""share"": 1.0, ""miss_deg"": 0.37, ""labels"": [320]}, {""name"": ""香蕉"", ""m"": 0.02519, ""q"": 0.0001, ""c"": 1.0, ""capture"": 0.0, ""share"": 0.0, ""miss_deg"": 4.39, ""labels"": [323]}]"
2026_08_16/s1,s1,v7,,vis,71.26,77.49,6.23,1.577,球L,320,1.0,0.4262,0.607,0.0,0.0,0.574,object#316,389.6407,1,1,9,球L,1,1,"[{""name"": ""球L"", ""m"": 166.07992, ""q"": 0.4262, ""c"": 0.7025, ""capture"": 0.607, ""share"": 1.0, ""miss_deg"": 1.0, ""labels"": [320]}]"
2026_08_16/s1,s1,v7,,vis,77.87,79.76,1.9,1.518,球M,321,1.0,0.5289,0.761,0.0,0.0,0.471,object#17,389.6407,1,1,,,,1,"[{""name"": ""球M"", ""m"": 206.06466, ""q"": 0.5289, ""c"": 0.695, ""capture"": 0.761, ""share"": 1.0, ""miss_deg"": 0.74, ""labels"": [321]}]"
2026_08_16/s1,s1,v7,,vis,79.82,80.41,0.6,1.549,球M,321,1.0,0.394,0.573,0.0,0.0,0.606,object#17,389.6407,1,1,10,球M,1,1,"[{""name"": ""球M"", ""m"": 153.51085, ""q"": 0.394, ""c"": 0.6874, ""capture"": 0.573, ""share"": 1.0, ""miss_deg"": 1.06, ""labels"": [321]}]"
2026_08_16/s1,s1,v7,,vis,80.47,80.9,0.43,1.506,球M,321,1.0,0.7516,1.07,0.0,0.0,0.248,object#17,389.6407,1,1,10,球M,1,1,"[{""name"": ""球M"", ""m"": 292.85758, ""q"": 0.7516, ""c"": 0.7025, ""capture"": 1.07, ""share"": 1.0, ""miss_deg"": 0.0, ""labels"": [321]}]"
2026_08_16/s1,s1,v7,,vis,81.19,81.79,0.6,1.519,球M,321,1.0,0.5631,0.81,0.0,0.0,0.437,object#17,389.6407,1,1,10,球M,1,1,"[{""name"": ""球M"", ""m"": 219.39775, ""q"": 0.5631, ""c"": 0.695, ""capture"": 0.81, ""share"": 1.0, ""miss_deg"": 0.65, ""labels"": [321]}]"
2026_08_16/s1,s1,v7,,vis,81.84,82.11,0.27,1.573,球M,321,1.0,0.0528,0.079,0.0,0.0,0.947,object#10,389.6407,0,0,10,球M,1,1,"[{""name"": ""球M"", ""m"": 20.56894, ""q"": 0.0528, ""c"": 0.6676, ""capture"": 0.079, ""share"": 1.0, ""miss_deg"": 2.25, ""labels"": [321]}]"
2026_08_16/s1,s1,v7,,vis,82.22,82.98,0.76,1.576,球M,321,1.0,0.297,0.445,0.0,0.0,0.703,object#17,389.6407,1,1,10,球M,1,1,"[{""name"": ""球M"", ""m"": 115.73621, ""q"": 0.297, ""c"": 0.6676, ""capture"": 0.445, ""share"": 1.0, ""miss_deg"": 1.27, ""labels"": [321]}]"
2026_08_16/s1,s1,v7,,vis,83.56,84.75,1.19,1.578,球M,321,1.0,0.2139,0.32,0.0,0.0,0.786,object#17,389.6407,1,1,10,球M,1,1,"[{""name"": ""球M"", ""m"": 83.32844, ""q"": 0.2139, ""c"": 0.6676, ""capture"": 0.32, ""share"": 1.0, ""miss_deg"": 1.51, ""labels"": [321]}]"
2026_08_16/s1,s1,v7,,vis,85.1,87.38,2.28,1.615,球R,322,1.0,0.3439,0.632,0.0,0.0,0.656,object#318,389.6407,1,1,,,,1,"[{""name"": ""球R"", ""m"": 134.00528, ""q"": 0.3439, ""c"": 0.5444, ""capture"": 0.632, ""share"": 1.0, ""miss_deg"": 0.96, ""labels"": [322]}]"
2026_08_16/s1,s1,v7,,vis,87.65,91.55,3.9,1.596,球R,322,1.0,0.2519,0.463,0.0,0.0,0.748,object#318,389.6407,1,1,11,球R,1,1,"[{""name"": ""球R"", ""m"": 98.14942, ""q"": 0.2519, ""c"": 0.5444, ""capture"": 0.463, ""share"": 1.0, ""miss_deg"": 1.24, ""labels"": [322]}]"
2026_08_16/s1,s1,v7,,vis,92.03,97.66,5.63,1.51,球M,321,1.0,0.5066,0.721,0.0,0.0,0.493,object#317,389.6407,1,1,12,球M,1,1,"[{""name"": ""球M"", ""m"": 197.4071, ""q"": 0.5066, ""c"": 0.7025, ""capture"": 0.721, ""share"": 1.0, ""miss_deg"": 0.81, ""labels"": [321]}]"
2026_08_16/s1,s1,v7,,vis,97.82,98.96,1.14,1.49,球M,321,1.0,0.792,1.127,0.0,0.0,0.208,object#317,389.6407,1,1,12,球M,1,1,"[{""name"": ""球M"", ""m"": 308.59462, ""q"": 0.792, ""c"": 0.7025, ""capture"": 1.127, ""share"": 1.0, ""miss_deg"": 0.0, ""labels"": [321]}]"
2026_08_16/s1,s1,v7,,vis,99.26,105.98,6.72,1.609,球R,322,1.0,0.5422,0.996,0.0,0.0,0.458,object#318,389.6407,1,1,13,球R,1,1,"[{""name"": ""球R"", ""m"": 211.25278, ""q"": 0.5422, ""c"": 0.5444, ""capture"": 0.996, ""share"": 1.0, ""miss_deg"": 0.09, ""labels"": [322]}]"
2026_08_16/s1,s1,v7,,vis,106.49,111.37,4.87,1.617,球R,322,1.0,0.4615,0.848,0.0,0.0,0.539,object#318,389.6407,1,1,14,球R,1,1,"[{""name"": ""球R"", ""m"": 179.80166, ""q"": 0.4615, ""c"": 0.5444, ""capture"": 0.848, ""share"": 1.0, ""miss_deg"": 0.58, ""labels"": [322]}]"
2026_08_16/s1,s1,v7,,vis,111.42,111.69,0.27,1.665,球R,322,1.0,0.0108,0.021,0.0,0.0,0.989,object#17,389.6407,0,0,14,球R,1,1,"[{""name"": ""球R"", ""m"": 4.19039, ""q"": 0.0108, ""c"": 0.5232, ""capture"": 0.021, ""share"": 1.0, ""miss_deg"": 2.79, ""labels"": [322]}]"
2026_08_16/s1,s1,v7,,vis,111.75,113.21,1.46,1.615,球R,322,1.0,0.3319,0.61,0.0,0.0,0.668,object#318,389.6407,1,1,14,球R,1,1,"[{""name"": ""球R"", ""m"": 129.3225, ""q"": 0.3319, ""c"": 0.5444, ""capture"": 0.61, ""share"": 1.0, ""miss_deg"": 0.99, ""labels"": [322]}]"
2026_08_16/s1,s1,v7,,vis,113.26,113.53,0.27,1.585,,-1,0.0,0.0,,,,1.0,object#17,389.6407,0,0,,,,0,[]
2026_08_16/s1,s1,v7,,vis,113.59,120.3,6.72,1.587,球L,320,1.0,0.3757,0.535,0.0,0.0,0.624,object#316,389.6407,1,1,15,球L,1,1,"[{""name"": ""球L"", ""m"": 146.38317, ""q"": 0.3757, ""c"": 0.7025, ""capture"": 0.535, ""share"": 1.0, ""miss_deg"": 1.12, ""labels"": [320]}]"
2026_08_16/s1,s1,v7,,vis,121.21,121.48,0.27,2.891,,-1,0.0,0.0,,,,1.0,object#187,389.6407,0,0,,,,0,[]
2026_08_16/s1,s1,v7,,vis,121.65,122.19,0.54,2.226,,-1,0.0,0.0,,,,1.0,object#187,389.6407,0,0,,,,0,[]
2026_08_16/s1,s1,v7,,vis,124.38,124.7,0.32,1.534,,-1,0.0,0.0,,,,1.0,object#59,389.6407,0,0,,,,0,[]
2026_08_16/s2,s2,v7,,vis,3.36,3.63,0.27,2.088,,-1,0.0,0.0,,,,1.0,object#32,389.6407,0,0,,,,0,[]
2026_08_16/s2,s2,v7,,vis,7.12,7.39,0.27,2.554,球M,321,1.0,0.3355,1.063,0.0,0.0,0.665,object#17,389.6407,1,1,,,,1,"[{""name"": ""球M"", ""m"": 130.72045, ""q"": 0.3355, ""c"": 0.3157, ""capture"": 1.063, ""share"": 1.0, ""miss_deg"": 0.0, ""labels"": [321]}]"
2026_08_16/s2,s2,v7,,vis,7.87,8.2,0.32,3.134,,-1,0.0,0.0,,,,1.0,object#20,389.6407,0,0,,,,0,[]
2026_08_16/s2,s2,v7,,vis,8.74,9.12,0.38,3.22,,-1,0.0,0.0,,,,1.0,object#20,389.6407,0,0,,,,0,[]
2026_08_16/s2,s2,v7,,vis,9.55,9.82,0.27,3.271,,-1,0.0,0.0,,,,1.0,object#20,389.6407,0,0,,,,0,[]
2026_08_16/s2,s2,v7,,vis,9.88,10.53,0.65,3.2,,-1,0.0,0.0,,,,1.0,object#187,389.6407,0,0,,,,0,[]
2026_08_16/s2,s2,v7,,vis,12.96,14.15,1.19,3.417,,-1,0.0,0.0,,,,1.0,object#32,389.6407,0,0,,,,0,[]
2026_08_16/s2,s2,v7,,vis,14.48,15.02,0.54,2.431,球M,321,0.999,0.2159,0.58,0.0,0.001,0.784,object#17,389.6407,1,1,,,,2,"[{""name"": ""球M"", ""m"": 84.12035, ""q"": 0.2159, ""c"": 0.3721, ""capture"": 0.58, ""share"": 0.999, ""miss_deg"": 1.04, ""labels"": [321]}, {""name"": ""香蕉"", ""m"": 0.04412, ""q"": 0.0001, ""c"": 0.9393, ""capture"": 0.0, ""share"": 0.001, ""miss_deg"": 4.25, ""labels"": [323]}]"
2026_08_16/s2,s2,v7,,vis,15.4,15.73,0.32,2.405,香蕉,323,0.928,0.2927,0.309,0.172,0.078,0.684,object#17,389.6407,1,1,,,,2,"[{""name"": ""香蕉"", ""m"": 114.05098, ""q"": 0.2927, ""c"": 0.948, ""capture"": 0.309, ""share"": 0.928, ""miss_deg"": 1.53, ""labels"": [323]}, {""name"": ""苹果"", ""m"": 8.88942, ""q"": 0.0228, ""c"": 0.4305, ""capture"": 0.053, ""share"": 0.072, ""miss_deg"": 2.42, ""labels"": [300]}]"
2026_08_16/s2,s2,v7,,vis,15.78,16.05,0.27,2.427,苹果,300,0.435,0.2378,0.552,0.583,1.271,0.453,object#316,389.6407,0,0,,,,3,"[{""name"": ""苹果"", ""m"": 92.64001, ""q"": 0.2378, ""c"": 0.4305, ""capture"": 0.552, ""share"": 0.435, ""miss_deg"": 1.09, ""labels"": [300]}, {""name"": ""香蕉"", ""m"": 117.79108, ""q"": 0.3023, ""c"": 0.9393, ""capture"": 0.322, ""share"": 0.553, ""miss_deg"": 1.51, ""labels"": [323]}, {""name"": ""球L"", ""m"": 2.73807, ""q"": 0.007, ""c"": 0.3855, ""capture"": 0.018, ""share"": 0.013, ""miss_deg"": 2.83, ""labels"": [320]}]"
2026_08_16/s2,s2,v7,,vis,16.38,16.81,0.43,2.449,球L,320,0.689,0.1833,0.476,0.187,0.451,0.734,object#316,389.6407,1,1,,,,2,"[{""name"": ""球L"", ""m"": 71.4183, ""q"": 0.1833, ""c"": 0.3855, ""capture"": 0.476, ""share"": 0.689, ""miss_deg"": 1.22, ""labels"": [320]}, {""name"": ""香蕉"", ""m"": 32.27009, ""q"": 0.0828, ""c"": 0.9302, ""capture"": 0.089, ""share"": 0.311, ""miss_deg"": 2.2, ""labels"": [323]}]"
2026_08_16/s2,s2,v7,,vis,17.54,20.24,2.7,2.349,球M,321,1.0,0.3398,0.913,0.0,0.0,0.66,object#317,389.6407,1,1,,,,1,"[{""name"": ""球M"", ""m"": 132.39097, ""q"": 0.3398, ""c"": 0.3721, ""capture"": 0.913, ""share"": 1.0, ""miss_deg"": 0.43, ""labels"": [321]}]"
2026_08_16/s2,s2,v7,,vis,20.3,23.92,3.63,2.351,球M,321,1.0,0.3229,0.868,0.0,0.0,0.677,object#317,389.6407,1,1,1,球M,1,1,"[{""name"": ""球M"", ""m"": 125.82569, ""q"": 0.3229, ""c"": 0.3721, ""capture"": 0.868, ""share"": 1.0, ""miss_deg"": 0.53, ""labels"": [321]}]"
2026_08_16/s2,s2,v7,,vis,24.23,28.02,3.79,2.483,球R,322,0.995,0.1904,0.704,0.004,0.005,0.809,object#318,389.6407,1,1,2,球R,1,2,"[{""name"": ""球R"", ""m"": 74.18096, ""q"": 0.1904, ""c"": 0.2704, ""capture"": 0.704, ""share"": 0.995, ""miss_deg"": 0.84, ""labels"": [322]}, {""name"": ""石榴"", ""m"": 0.37783, ""q"": 0.001, ""c"": 0.3721, ""capture"": 0.003, ""share"": 0.005, ""miss_deg"": 3.45, ""labels"": [78]}]"
2026_08_16/s2,s2,v7,,vis,28.07,30.51,2.44,2.483,球R,322,0.996,0.1541,0.57,0.002,0.004,0.845,object#318,389.6407,1,1,2,球R,1,2,"[{""name"": ""球R"", ""m"": 60.06094, ""q"": 0.1541, ""c"": 0.2704, ""capture"": 0.57, ""share"": 0.996, ""miss_deg"": 1.06, ""labels"": [322]}, {""name"": ""石榴"", ""m"": 0.21454, ""q"": 0.0006, ""c"": 0.3721, ""capture"": 0.001, ""share"": 0.004, ""miss_deg"": 3.61, ""labels"": [78]}]"
2026_08_16/s2,s2,v7,,vis,30.84,31.54,0.7,2.367,球M,321,1.0,0.2811,0.756,0.0,0.0,0.719,object#317,389.6407,1,1,,,,1,"[{""name"": ""球M"", ""m"": 109.53147, ""q"": 0.2811, ""c"": 0.3721, ""capture"": 0.756, ""share"": 1.0, ""miss_deg"": 0.75, ""labels"": [321]}]"
2026_08_16/s2,s2,v7,,vis,31.87,32.24,0.38,2.361,球M,321,1.0,0.4715,1.267,0.0,0.0,0.528,object#317,389.6407,1,1,,,,1,"[{""name"": ""球M"", ""m"": 183.72579, ""q"": 0.4715, ""c"": 0.3721, ""capture"": 1.267, ""share"": 1.0, ""miss_deg"": 0.0, ""labels"": [321]}]"
2026_08_16/s2,s2,v7,,vis,32.62,33.44,0.81,2.379,球M,321,1.0,0.419,1.126,0.0,0.0,0.581,object#317,389.6407,1,1,3,球M,1,1,"[{""name"": ""球M"", ""m"": 163.27753, ""q"": 0.419, ""c"": 0.3721, ""capture"": 1.126, ""share"": 1.0, ""miss_deg"": 0.0, ""labels"": [321]}]"
2026_08_16/s2,s2,v7,,vis,33.7,34.08,0.38,2.461,球M,321,1.0,0.1505,0.437,0.0,0.0,0.85,object#34,389.6407,1,1,3,球M,1,1,"[{""name"": ""球M"", ""m"": 58.63967, ""q"": 0.1505, ""c"": 0.3441, ""capture"": 0.437, ""share"": 1.0, ""miss_deg"": 1.29, ""labels"": [321]}]"
2026_08_16/s2,s2,v7,,vis,34.41,35.11,0.7,2.452,球M,321,1.0,0.3528,0.985,0.0,0.0,0.647,object#17,389.6407,1,1,3,球M,1,1,"[{""name"": ""球M"", ""m"": 137.46195, ""q"": 0.3528, ""c"": 0.3582, ""capture"": 0.985, ""share"": 1.0, ""miss_deg"": 0.17, ""labels"": [321]}]"
2026_08_16/s2,s2,v7,,vis,35.22,35.65,0.43,2.465,球M,321,1.0,0.4212,1.224,0.0,0.0,0.579,object#17,389.6407,1,1,3,球M,1,1,"[{""name"": ""球M"", ""m"": 164.12165, ""q"": 0.4212, ""c"": 0.3441, ""capture"": 1.224, ""share"": 1.0, ""miss_deg"": 0.0, ""labels"": [321]}]"
2026_08_16/s2,s2,v7,,vis,35.71,37.66,1.95,2.359,球M,321,1.0,0.4502,1.21,0.0,0.0,0.55,object#317,389.6407,1,1,3,球M,1,1,"[{""name"": ""球M"", ""m"": 175.40154, ""q"": 0.4502, ""c"": 0.3721, ""capture"": 1.21, ""share"": 1.0, ""miss_deg"": 0.0, ""labels"": [321]}]"
2026_08_16/s2,s2,v7,,vis,37.96,42.29,4.33,2.488,球R,322,0.965,0.3224,1.192,0.027,0.036,0.666,object#318,389.6407,1,1,4,球R,1,2,"[{""name"": ""球R"", ""m"": 125.61113, ""q"": 0.3224, ""c"": 0.2704, ""capture"": 1.192, ""share"": 0.965, ""miss_deg"": 0.0, ""labels"": [322]}, {""name"": ""石榴"", ""m"": 4.61895, ""q"": 0.0119, ""c"": 0.3721, ""capture"": 0.032, ""share"": 0.035, ""miss_deg"": 2.63, ""labels"": [78]}]"
2026_08_16/s2,s2,v7,,vis,42.45,43.86,1.41,2.495,球R,322,0.961,0.347,1.283,0.03,0.041,0.639,object#318,389.6407,1,1,4,球R,1,2,"[{""name"": ""球R"", ""m"": 135.20248, ""q"": 0.347, ""c"": 0.2704, ""capture"": 1.283, ""share"": 0.961, ""miss_deg"": 0.0, ""labels"": [322]}, {""name"": ""石榴"", ""m"": 5.50521, ""q"": 0.0141, ""c"": 0.3721, ""capture"": 0.038, ""share"": 0.039, ""miss_deg"": 2.56, ""labels"": [78]}]"
2026_08_16/s2,s2,v7,,vis,43.92,44.4,0.49,2.45,球R,322,0.987,0.1148,0.424,0.009,0.013,0.884,object#318,389.6407,1,1,4,球R,1,2,"[{""name"": ""球R"", ""m"": 44.72291, ""q"": 0.1148, ""c"": 0.2704, ""capture"": 0.424, ""share"": 0.987, ""miss_deg"": 1.31, ""labels"": [322]}, {""name"": ""石榴"", ""m"": 0.59985, ""q"": 0.0015, ""c"": 0.3721, ""capture"": 0.004, ""share"": 0.013, ""miss_deg"": 3.31, ""labels"": [78]}]"
2026_08_16/s2,s2,v7,,vis,44.92,49.25,4.33,2.426,球L,320,0.79,0.3669,0.952,0.085,0.208,0.535,object#316,389.6407,1,1,5,球L,1,3,"[{""name"": ""球L"", ""m"": 142.9509, ""q"": 0.3669, ""c"": 0.3855, ""capture"": 0.952, ""share"": 0.79, ""miss_deg"": 0.31, ""labels"": [320]}, {""name"": ""香蕉"", ""m"": 29.77441, ""q"": 0.0764, ""c"": 0.9393, ""capture"": 0.081, ""share"": 0.164, ""miss_deg"": 2.24, ""labels"": [323]}, {""name"": ""苹果"", ""m"": 8.32001, ""q"": 0.0214, ""c"": 0.4305, ""capture"": 0.05, ""share"": 0.046, ""miss_deg"": 2.45, ""labels"": [300]}]"
2026_08_16/s2,s2,v7,,vis,49.31,49.79,0.49,2.433,香蕉,323,0.857,0.1669,0.178,0.388,0.16,0.805,object#316,389.6407,0,0,5,球L,0,3,"[{""name"": ""香蕉"", ""m"": 65.01209, ""q"": 0.1669, ""c"": 0.9393, ""capture"": 0.178, ""share"": 0.857, ""miss_deg"": 1.86, ""labels"": [323]}, {""name"": ""球L"", ""m"": 10.37006, ""q"": 0.0266, ""c"": 0.3855, ""capture"": 0.069, ""share"": 0.137, ""miss_deg"": 2.31, ""labels"": [320]}, {""name"": ""苹果"", ""m"": 0.44715, ""q"": 0.0011, ""c"": 0.4305, ""capture"": 0.003, ""share"": 0.006, ""miss_deg"": 3.44, ""labels"": [300]}]"
2026_08_16/s2,s2,v7,,vis,49.85,51.31,1.46,2.428,球L,320,0.825,0.3709,0.962,0.084,0.205,0.551,object#316,389.6407,1,1,5,球L,1,3,"[{""name"": ""球L"", ""m"": 144.50632, ""q"": 0.3709, ""c"": 0.3855, ""capture"": 0.962, ""share"": 0.825, ""miss_deg"": 0.28, ""labels"": [320]}, {""name"": ""香蕉"", ""m"": 29.68004, ""q"": 0.0762, ""c"": 0.9393, ""capture"": 0.081, ""share"": 0.169, ""miss_deg"": 2.24, ""labels"": [323]}, {""name"": ""苹果"", ""m"": 0.95416, ""q"": 0.0024, ""c"": 0.4305, ""capture"": 0.006, ""share"": 0.005, ""miss_deg"": 3.22, ""labels"": [300]}]"
2026_08_16/s2,s2,v7,,vis,51.88,57.08,5.2,2.471,球R,322,0.959,0.2929,1.083,0.031,0.043,0.695,object#318,389.6407,1,1,6,球R,1,2,"[{""name"": ""球R"", ""m"": 114.14224, ""q"": 0.2929, ""c"": 0.2704, ""capture"": 1.083, ""share"": 0.959, ""miss_deg"": 0.0, ""labels"": [322]}, {""name"": ""石榴"", ""m"": 4.8788, ""q"": 0.0125, ""c"": 0.3721, ""capture"": 0.034, ""share"": 0.041, ""miss_deg"": 2.6, ""labels"": [78]}]"
2026_08_16/s2,s2,v7,,vis,57.41,58.22,0.81,2.444,球R,322,0.934,0.2223,0.822,0.051,0.071,0.762,object#318,389.6407,1,1,6,球R,1,2,"[{""name"": ""球R"", ""m"": 86.59894, ""q"": 0.2223, ""c"": 0.2704, ""capture"": 0.822, ""share"": 0.934, ""miss_deg"": 0.63, ""labels"": [322]}, {""name"": ""石榴"", ""m"": 6.07399, ""q"": 0.0156, ""c"": 0.3721, ""capture"": 0.042, ""share"": 0.066, ""miss_deg"": 2.52, ""labels"": [78]}]"
2026_08_16/s2,s2,v7,,vis,58.5,59.15,0.65,2.361,球M,321,1.0,0.4692,1.261,0.0,0.0,0.531,object#317,389.6407,1,1,,,,1,"[{""name"": ""球M"", ""m"": 182.80649, ""q"": 0.4692, ""c"": 0.3721, ""capture"": 1.261, ""share"": 1.0, ""miss_deg"": 0.0, ""labels"": [321]}]"
2026_08_16/s2,s2,v7,,vis,59.21,60.45,1.25,2.465,球M,321,1.0,0.3804,1.105,0.0,0.0,0.62,object#17,389.6407,1,1,,,,1,"[{""name"": ""球M"", ""m"": 148.22489, ""q"": 0.3804, ""c"": 0.3441, ""capture"": 1.105, ""share"": 1.0, ""miss_deg"": 0.0, ""labels"": [321]}]"
2026_08_16/s2,s2,v7,,vis,60.83,61.81,0.97,2.346,球M,321,1.0,0.4929,1.325,0.0,0.0,0.507,object#317,389.6407,1,1,7,球M,1,1,"[{""name"": ""球M"", ""m"": 192.06831, ""q"": 0.4929, ""c"": 0.3721, ""capture"": 1.325, ""share"": 1.0, ""miss_deg"": 0.0, ""labels"": [321]}]"
2026_08_16/s2,s2,v7,,vis,62.46,63.05,0.6,2.455,球M,321,1.0,0.3426,0.956,0.0,0.0,0.657,object#17,389.6407,1,1,7,球M,1,1,"[{""name"": ""球M"", ""m"": 133.48025, ""q"": 0.3426, ""c"": 0.3582, ""capture"": 0.956, ""share"": 1.0, ""miss_deg"": 0.3, ""labels"": [321]}]"
2026_08_16/s2,s2,v7,,vis,63.43,63.81,0.38,2.449,香蕉,323,0.712,0.3448,0.371,0.914,0.397,0.516,object#316,389.6407,1,1,7,球M,0,3,"[{""name"": ""香蕉"", ""m"": 134.36232, ""q"": 0.3448, ""c"": 0.9302, ""capture"": 0.371, ""share"": 0.712, ""miss_deg"": 1.41, ""labels"": [323]}, {""name"": ""苹果"", ""m"": 53.49874, ""q"": 0.1373, ""c"": 0.405, ""capture"": 0.339, ""share"": 0.283, ""miss_deg"": 1.47, ""labels"": [300]}, {""name"": ""球L"", ""m"": 0.88318, ""q"": 0.0023, ""c"": 0.3855, ""capture"": 0.006, ""share"": 0.005, ""miss_deg"": 3.21, ""labels"": [320]}]"
2026_08_16/s2,s2,v7,,vis,63.86,65.16,1.3,2.479,球M,321,1.0,0.2024,0.588,0.0,0.0,0.798,object#17,389.6407,1,1,7,球M,1,1,"[{""name"": ""球M"", ""m"": 78.85137, ""q"": 0.2024, ""c"": 0.3441, ""capture"": 0.588, ""share"": 1.0, ""miss_deg"": 1.03, ""labels"": [321]}]"
2026_08_16/s2,s2,v7,,vis,65.22,66.25,1.03,2.455,球L,320,0.806,0.3686,0.991,0.07,0.076,0.543,object#316,389.6407,1,1,,,,3,"[{""name"": ""球L"", ""m"": 143.62084, ""q"": 0.3686, ""c"": 0.3721, ""capture"": 0.991, ""share"": 0.806, ""miss_deg"": 0.14, ""labels"": [320]}, {""name"": ""苹果"", ""m"": 10.91526, ""q"": 0.028, ""c"": 0.405, ""capture"": 0.069, ""share"": 0.061, ""miss_deg"": 2.31, ""labels"": [300]}, {""name"": ""香蕉"", ""m"": 23.71038, ""q"": 0.0609, ""c"": 0.9302, ""capture"": 0.065, ""share"": 0.133, ""miss_deg"": 2.34, ""labels"": [323]}]"
2026_08_16/s2,s2,v7,,vis,66.3,72.15,5.85,2.467,球L,320,0.855,0.3936,1.058,0.051,0.055,0.539,object#316,389.6407,1,1,8,球L,1,3,"[{""name"": ""球L"", ""m"": 153.38032, ""q"": 0.3936, ""c"": 0.3721, ""capture"": 1.058, ""share"": 0.855, ""miss_deg"": 0.0, ""labels"": [320]}, {""name"": ""苹果"", ""m"": 8.41373, ""q"": 0.0216, ""c"": 0.3986, ""capture"": 0.054, ""share"": 0.047, ""miss_deg"": 2.41, ""labels"": [300]}, {""name"": ""香蕉"", ""m"": 17.69657, ""q"": 0.0454, ""c"": 0.9255, ""capture"": 0.049, ""share"": 0.099, ""miss_deg"": 2.46, ""labels"": [323]}]"
2026_08_16/s2,s2,v7,,vis,72.76,76.11,3.36,2.547,球R,322,0.987,0.2867,1.125,0.01,0.013,0.71,object#318,389.6407,1,1,,,,2,"[{""name"": ""球R"", ""m"": 111.72033, ""q"": 0.2867, ""c"": 0.2548, ""capture"": 1.125, ""share"": 0.987, ""miss_deg"": 0.0, ""labels"": [322]}, {""name"": ""石榴"", ""m"": 1.41447, ""q"": 0.0036, ""c"": 0.3441, ""capture"": 0.011, ""share"": 0.013, ""miss_deg"": 3.02, ""labels"": [78]}]"
2026_08_16/s2,s2,v7,,vis,76.49,79.09,2.6,2.551,球R,322,0.991,0.2618,1.028,0.007,0.009,0.736,object#318,389.6407,1,1,9,球R,1,2,"[{""name"": ""球R"", ""m"": 102.02556, ""q"": 0.2618, ""c"": 0.2548, ""capture"": 1.028, ""share"": 0.991, ""miss_deg"": 0.0, ""labels"": [322]}, {""name"": ""石榴"", ""m"": 0.8776, ""q"": 0.0023, ""c"": 0.3441, ""capture"": 0.007, ""share"": 0.009, ""miss_deg"": 3.17, ""labels"": [78]}]"
2026_08_16/s2,s2,v7,,vis,79.15,79.47,0.32,2.484,球R,322,1.0,0.07,0.259,0.0,0.0,0.93,object#318,389.6407,1,1,,,,1,"[{""name"": ""球R"", ""m"": 27.25679, ""q"": 0.07, ""c"": 0.2704, ""capture"": 0.259, ""share"": 1.0, ""miss_deg"": 1.64, ""labels"": [322]}]"
2026_08_16/s2,s2,v7,,vis,79.53,80.01,0.49,2.522,球R,322,0.995,0.2164,0.8,0.004,0.005,0.782,object#318,389.6407,1,1,,,,2,"[{""name"": ""球R"", ""m"": 84.30565, ""q"": 0.2164, ""c"": 0.2704, ""capture"": 0.8, ""share"": 0.995, ""miss_deg"": 0.67, ""labels"": [322]}, {""name"": ""石榴"", ""m"": 0.45939, ""q"": 0.0012, ""c"": 0.3582, ""capture"": 0.003, ""share"": 0.005, ""miss_deg"": 3.38, ""labels"": [78]}]"
2026_08_16/s2,s2,v7,,vis,80.07,83.21,3.14,2.517,球R,322,0.911,0.3485,1.289,0.074,0.098,0.617,object#318,389.6407,1,1,10,球R,1,2,"[{""name"": ""球R"", ""m"": 135.78567, ""q"": 0.3485, ""c"": 0.2704, ""capture"": 1.289, ""share"": 0.911, ""miss_deg"": 0.0, ""labels"": [322]}, {""name"": ""石榴"", ""m"": 13.26243, ""q"": 0.034, ""c"": 0.3582, ""capture"": 0.095, ""share"": 0.089, ""miss_deg"": 2.17, ""labels"": [78]}]"
2026_08_16/s2,s2,v7,,vis,83.42,84.07,0.65,2.52,球R,322,0.966,0.199,0.736,0.027,0.035,0.794,object#318,389.6407,1,1,10,球R,1,2,"[{""name"": ""球R"", ""m"": 77.52989, ""q"": 0.199, ""c"": 0.2704, ""capture"": 0.736, ""share"": 0.966, ""miss_deg"": 0.78, ""labels"": [322]}, {""name"": ""石榴"", ""m"": 2.75913, ""q"": 0.0071, ""c"": 0.3582, ""capture"": 0.02, ""share"": 0.034, ""miss_deg"": 2.8, ""labels"": [78]}]"
2026_08_16/s2,s2,v7,,vis,84.66,86.02,1.35,2.529,球R,322,0.91,0.3315,1.301,0.071,0.099,0.636,object#318,389.6407,1,1,10,球R,1,2,"[{""name"": ""球R"", ""m"": 129.18436, ""q"": 0.3315, ""c"": 0.2548, ""capture"": 1.301, ""share"": 0.91, ""miss_deg"": 0.0, ""labels"": [322]}, {""name"": ""石榴"", ""m"": 12.82352, ""q"": 0.0329, ""c"": 0.3582, ""capture"": 0.092, ""share"": 0.09, ""miss_deg"": 2.19, ""labels"": [78]}]"
2026_08_16/s2,s2,v7,,vis,86.52,87.77,1.25,2.396,球M,321,1.0,0.4418,1.187,0.0,0.0,0.558,object#317,389.6407,1,1,,,,1,"[{""name"": ""球M"", ""m"": 172.12407, ""q"": 0.4418, ""c"": 0.3721, ""capture"": 1.187, ""share"": 1.0, ""miss_deg"": 0.0, ""labels"": [321]}]"
2026_08_16/s2,s2,v7,,vis,88.69,89.12,0.43,2.494,球M,321,1.0,0.4287,1.246,0.0,0.0,0.571,object#17,389.6407,1,1,11,球M,1,1,"[{""name"": ""球M"", ""m"": 167.02651, ""q"": 0.4287, ""c"": 0.3441, ""capture"": 1.246, ""share"": 1.0, ""miss_deg"": 0.0, ""labels"": [321]}]"
2026_08_16/s2,s2,v7,,vis,89.17,90.1,0.92,2.386,球M,321,1.0,0.4859,1.306,0.0,0.0,0.514,object#317,389.6407,1,1,11,球M,1,1,"[{""name"": ""球M"", ""m"": 189.33503, ""q"": 0.4859, ""c"": 0.3721, ""capture"": 1.306, ""share"": 1.0, ""miss_deg"": 0.0, ""labels"": [321]}]"
2026_08_16/s2,s2,v7,,vis,90.15,90.64,0.49,2.507,球M,321,1.0,0.1733,0.504,0.0,0.0,0.827,object#17,389.6407,1,1,11,球M,1,1,"[{""name"": ""球M"", ""m"": 67.52579, ""q"": 0.1733, ""c"": 0.3441, ""capture"": 0.504, ""share"": 1.0, ""miss_deg"": 1.17, ""labels"": [321]}]"
2026_08_16/s2,s2,v7,,vis,91.18,91.5,0.32,2.393,球M,321,1.0,0.4344,1.168,0.0,0.0,0.566,object#317,389.6407,1,1,11,球M,1,1,"[{""name"": ""球M"", ""m"": 169.2722, ""q"": 0.4344, ""c"": 0.3721, ""capture"": 1.168, ""share"": 1.0, ""miss_deg"": 0.0, ""labels"": [321]}]"
2026_08_16/s2,s2,v7,,vis,91.94,93.29,1.35,2.391,球M,321,1.0,0.4214,1.133,0.0,0.0,0.579,object#317,389.6407,1,1,11,球M,1,1,"[{""name"": ""球M"", ""m"": 164.20394, ""q"": 0.4214, ""c"": 0.3721, ""capture"": 1.133, ""share"": 1.0, ""miss_deg"": 0.0, ""labels"": [321]}]"
2026_08_16/s2,s2,v7,,vis,93.7,98.26,4.56,2.467,球L,320,0.917,0.4142,1.113,0.037,0.091,0.548,object#316,389.6407,1,1,12,球L,1,3,"[{""name"": ""球L"", ""m"": 161.37383, ""q"": 0.4142, ""c"": 0.3721, ""capture"": 1.113, ""share"": 0.917, ""miss_deg"": 0.0, ""labels"": [320]}, {""name"": ""香蕉"", ""m"": 14.63454, ""q"": 0.0376, ""c"": 0.9255, ""capture"": 0.041, ""share"": 0.083, ""miss_deg"": 2.53, ""labels"": [323]}, {""name"": ""苹果"", ""m"": 0.0186, ""q"": 0.0, ""c"": 0.3986, ""capture"": 0.0, ""share"": 0.0, ""miss_deg"": 4.25, ""labels"": [300]}]"
2026_08_16/s2,s2,v7,,vis,98.58,99.5,0.92,2.463,球L,320,0.741,0.3412,0.917,0.118,0.293,0.54,object#316,389.6407,1,1,12,球L,1,3,"[{""name"": ""球L"", ""m"": 132.93689, ""q"": 0.3412, ""c"": 0.3721, ""capture"": 0.917, ""share"": 0.741, ""miss_deg"": 0.42, ""labels"": [320]}, {""name"": ""香蕉"", ""m"": 38.89715, ""q"": 0.0998, ""c"": 0.9271, ""capture"": 0.108, ""share"": 0.217, ""miss_deg"": 2.11, ""labels"": [323]}, {""name"": ""苹果"", ""m"": 7.55664, ""q"": 0.0194, ""c"": 0.3986, ""capture"": 0.049, ""share"": 0.042, ""miss_deg"": 2.46, ""labels"": [300]}]"
2026_08_16/s2,s2,v7,,vis,99.77,100.26,0.49,2.475,球L,320,0.855,0.3859,1.037,0.067,0.166,0.549,object#316,389.6407,1,1,12,球L,1,3,"[{""name"": ""球L"", ""m"": 150.35286, ""q"": 0.3859, ""c"": 0.3721, ""capture"": 1.037, ""share"": 0.855, ""miss_deg"": 0.0, ""labels"": [320]}, {""name"": ""香蕉"", ""m"": 24.90756, ""q"": 0.0639, ""c"": 0.9255, ""capture"": 0.069, ""share"": 0.142, ""miss_deg"": 2.31, ""labels"": [323]}, {""name"": ""苹果"", ""m"": 0.51726, ""q"": 0.0013, ""c"": 0.3986, ""capture"": 0.003, ""share"": 0.003, ""miss_deg"": 3.38, ""labels"": [300]}]"
2026_08_16/s2,s2,v7,,vis,100.68,100.95,0.27,2.399,球M,321,1.0,0.408,1.097,0.0,0.0,0.592,object#317,389.6407,1,1,,,,1,"[{""name"": ""球M"", ""m"": 158.96978, ""q"": 0.408, ""c"": 0.3721, ""capture"": 1.097, ""share"": 1.0, ""miss_deg"": 0.0, ""labels"": [321]}]"
2026_08_16/s2,s2,v7,,vis,101.0,101.55,0.54,2.506,球M,321,1.0,0.4176,1.214,0.0,0.0,0.582,object#17,389.6407,1,1,,,,1,"[{""name"": ""球M"", ""m"": 162.72473, ""q"": 0.4176, ""c"": 0.3441, ""capture"": 1.214, ""share"": 1.0, ""miss_deg"": 0.0, ""labels"": [321]}]"
2026_08_16/s2,s2,v7,,vis,101.6,104.42,2.82,2.409,球M,321,1.0,0.4605,1.238,0.0,0.0,0.54,object#317,389.6407,1,1,,,,1,"[{""name"": ""球M"", ""m"": 179.41511, ""q"": 0.4605, ""c"": 0.3721, ""capture"": 1.238, ""share"": 1.0, ""miss_deg"": 0.0, ""labels"": [321]}]"
2026_08_16/s2,s2,v7,,vis,104.69,105.12,0.43,2.412,球M,321,1.0,0.3573,0.96,0.0,0.0,0.643,object#317,389.6407,1,1,13,球M,1,1,"[{""name"": ""球M"", ""m"": 139.22749, ""q"": 0.3573, ""c"": 0.3721, ""capture"": 0.96, ""share"": 1.0, ""miss_deg"": 0.28, ""labels"": [321]}]"
2026_08_16/s2,s2,v7,,vis,105.23,106.96,1.73,2.378,球M,321,1.0,0.4866,1.308,0.0,0.0,0.513,object#317,389.6407,1,1,13,球M,1,1,"[{""name"": ""球M"", ""m"": 189.60473, ""q"": 0.4866, ""c"": 0.3721, ""capture"": 1.308, ""share"": 1.0, ""miss_deg"": 0.0, ""labels"": [321]}]"
2026_08_16/s2,s2,v7,,vis,107.02,107.5,0.49,2.405,球M,321,1.0,0.1363,0.366,0.0,0.0,0.864,object#10,389.6407,1,1,13,球M,1,1,"[{""name"": ""球M"", ""m"": 53.12442, ""q"": 0.1363, ""c"": 0.3721, ""capture"": 0.366, ""share"": 1.0, ""miss_deg"": 1.42, ""labels"": [321]}]"
2026_08_16/s2,s2,v7,,vis,107.84,108.33,0.49,2.47,球L,320,0.917,0.4301,1.156,0.035,0.087,0.531,object#316,389.6407,1,1,,,,3,"[{""name"": ""球L"", ""m"": 167.58957, ""q"": 0.4301, ""c"": 0.3721, ""capture"": 1.156, ""share"": 0.917, ""miss_deg"": 0.0, ""labels"": [320]}, {""name"": ""香蕉"", ""m"": 14.53787, ""q"": 0.0373, ""c"": 0.9255, ""capture"": 0.04, ""share"": 0.08, ""miss_deg"": 2.53, ""labels"": [323]}, {""name"": ""苹果"", ""m"": 0.64928, ""q"": 0.0017, ""c"": 0.3986, ""capture"": 0.004, ""share"": 0.004, ""miss_deg"": 3.31, ""labels"": [300]}]"
2026_08_16/s2,s2,v7,,vis,108.38,109.25,0.87,2.442,球L,320,0.508,0.2177,0.565,0.327,0.797,0.572,object#316,389.6407,1,1,,,,3,"[{""name"": ""球L"", ""m"": 84.82437, ""q"": 0.2177, ""c"": 0.3855, ""capture"": 0.565, ""share"": 0.508, ""miss_deg"": 1.07, ""labels"": [320]}, {""name"": ""香蕉"", ""m"": 67.61744, ""q"": 0.1735, ""c"": 0.9393, ""capture"": 0.185, ""share"": 0.405, ""miss_deg"": 1.84, ""labels"": [323]}, {""name"": ""苹果"", ""m"": 14.43507, ""q"": 0.037, ""c"": 0.405, ""capture"": 0.091, ""share"": 0.087, ""miss_deg"": 2.19, ""labels"": [300]}]"
2026_08_16/s2,s2,v7,,vis,109.57,113.26,3.68,2.47,球L,320,0.728,0.3304,0.888,0.123,0.306,0.546,object#316,389.6407,1,1,14,球L,1,3,"[{""name"": ""球L"", ""m"": 128.73536, ""q"": 0.3304, ""c"": 0.3721, ""capture"": 0.888, ""share"": 0.728, ""miss_deg"": 0.49, ""labels"": [320]}, {""name"": ""香蕉"", ""m"": 39.36739, ""q"": 0.101, ""c"": 0.9255, ""capture"": 0.109, ""share"": 0.223, ""miss_deg"": 2.1, ""labels"": [323]}, {""name"": ""苹果"", ""m"": 8.77932, ""q"": 0.0225, ""c"": 0.3986, ""capture"": 0.057, ""share"": 0.05, ""miss_deg"": 2.4, ""labels"": [300]}]"
2026_08_16/s2,s2,v7,,vis,113.31,113.74,0.43,2.463,香蕉,323,0.97,0.1711,0.185,0.054,0.023,0.824,object#17,389.6407,0,0,14,球L,0,3,"[{""name"": ""香蕉"", ""m"": 66.68434, ""q"": 0.1711, ""c"": 0.9271, ""capture"": 0.185, ""share"": 0.97, ""miss_deg"": 1.84, ""labels"": [323]}, {""name"": ""苹果"", ""m"": 1.50893, ""q"": 0.0039, ""c"": 0.3986, ""capture"": 0.01, ""share"": 0.022, ""miss_deg"": 3.04, ""labels"": [300]}, {""name"": ""球M"", ""m"": 0.53375, ""q"": 0.0014, ""c"": 0.3441, ""capture"": 0.004, ""share"": 0.008, ""miss_deg"": 3.32, ""labels"": [321]}]"
2026_08_16/s2,s2,v7,,vis,113.8,114.67,0.87,2.475,球L,320,0.877,0.4088,1.099,0.051,0.128,0.534,object#316,389.6407,1,1,14,球L,1,3,"[{""name"": ""球L"", ""m"": 159.30138, ""q"": 0.4088, ""c"": 0.3721, ""capture"": 1.099, ""share"": 0.877, ""miss_deg"": 0.0, ""labels"": [320]}, {""name"": ""香蕉"", ""m"": 20.31995, ""q"": 0.0522, ""c"": 0.9255, ""capture"": 0.056, ""share"": 0.112, ""miss_deg"": 2.4, ""labels"": [323]}, {""name"": ""苹果"", ""m"": 2.00566, ""q"": 0.0051, ""c"": 0.3986, ""capture"": 0.013, ""share"": 0.011, ""miss_deg"": 2.95, ""labels"": [300]}]"
2026_08_16/s2,s2,v7,,vis,115.19,117.2,2.0,2.476,球L,320,0.965,0.4318,1.161,0.012,0.012,0.552,object#316,389.6407,1,1,,,,3,"[{""name"": ""球L"", ""m"": 168.26448, ""q"": 0.4318, ""c"": 0.3721, ""capture"": 1.161, ""share"": 0.965, ""miss_deg"": 0.0, ""labels"": [320]}, {""name"": ""苹果"", ""m"": 2.11853, ""q"": 0.0054, ""c"": 0.3986, ""capture"": 0.014, ""share"": 0.012, ""miss_deg"": 2.93, ""labels"": [300]}, {""name"": ""香蕉"", ""m"": 3.99895, ""q"": 0.0103, ""c"": 0.9255, ""capture"": 0.011, ""share"": 0.023, ""miss_deg"": 3.0, ""labels"": [323]}]"
2026_08_16/s2,s2,v7,,vis,117.47,118.72,1.25,2.457,球L,320,0.794,0.3837,1.031,0.078,0.083,0.517,object#316,389.6407,1,1,15,球L,1,3,"[{""name"": ""球L"", ""m"": 149.52, ""q"": 0.3837, ""c"": 0.3721, ""capture"": 1.031, ""share"": 0.794, ""miss_deg"": 0.0, ""labels"": [320]}, {""name"": ""苹果"", ""m"": 12.40134, ""q"": 0.0318, ""c"": 0.3986, ""capture"": 0.08, ""share"": 0.066, ""miss_deg"": 2.25, ""labels"": [300]}, {""name"": ""香蕉"", ""m"": 26.44127, ""q"": 0.0679, ""c"": 0.9302, ""capture"": 0.073, ""share"": 0.14, ""miss_deg"": 2.29, ""labels"": [323]}]"
2026_08_16/s2,s2,v7,,vis,118.99,120.29,1.3,2.483,球L,320,0.811,0.3937,1.058,0.082,0.205,0.515,object#316,389.6407,1,1,15,球L,1,3,"[{""name"": ""球L"", ""m"": 153.40235, ""q"": 0.3937, ""c"": 0.3721, ""capture"": 1.058, ""share"": 0.811, ""miss_deg"": 0.0, ""labels"": [320]}, {""name"": ""香蕉"", ""m"": 31.37197, ""q"": 0.0805, ""c"": 0.9255, ""capture"": 0.087, ""share"": 0.166, ""miss_deg"": 2.21, ""labels"": [323]}, {""name"": ""苹果"", ""m"": 4.28853, ""q"": 0.011, ""c"": 0.3986, ""capture"": 0.028, ""share"": 0.023, ""miss_deg"": 2.68, ""labels"": [300]}]"
2026_08_16/s2,s2,v7,,vis,120.39,120.88,0.49,2.366,球M,321,0.758,0.0319,0.086,0.128,0.319,0.958,object#10,389.6407,0,0,15,球L,0,2,"[{""name"": ""球M"", ""m"": 12.42914, ""q"": 0.0319, ""c"": 0.3721, ""capture"": 0.086, ""share"": 0.758, ""miss_deg"": 2.22, ""labels"": [321]}, {""name"": ""香蕉"", ""m"": 3.97014, ""q"": 0.0102, ""c"": 0.9562, ""capture"": 0.011, ""share"": 0.242, ""miss_deg"": 3.01, ""labels"": [323]}]"
2026_08_16/s2,s2,v7,,vis,122.54,122.92,0.38,2.943,,-1,0.0,0.0,,,,1.0,floor,389.6407,0,0,,,,0,[]
2026_08_16/s2,s2,v7,,vis,123.48,123.75,0.27,2.473,,-1,0.0,0.0,,,,1.0,object#32,389.6407,0,0,,,,0,[]
2026_08_16/s2,s2,v7,,vis,124.34,124.62,0.27,1.785,,-1,0.0,0.0,,,,1.0,object#111,389.6407,0,0,,,,0,[]
2026_08_16/s2,s2,v7,,vis,125.22,125.49,0.27,1.516,,-1,0.0,0.0,,,,1.0,object#23,389.6407,0,0,,,,0,[]
2026_08_16/s3,s3,v7,,vis,1.77,2.04,0.27,0.687,,-1,0.0,0.0,,,,1.0,object#20,389.6407,0,0,,,,0,[]
2026_08_16/s3,s3,v7,,vis,2.37,2.75,0.38,0.837,,-1,0.0,0.0,,,,1.0,object#20,389.6407,0,0,,,,0,[]
2026_08_16/s3,s3,v7,,vis,2.97,3.62,0.65,1.127,,-1,0.0,0.0,,,,1.0,object#20,389.6407,0,0,,,,0,[]
2026_08_16/s3,s3,v7,,vis,4.36,4.74,0.38,1.794,,-1,0.0,0.0,,,,1.0,object#32,389.6407,0,0,,,,0,[]
2026_08_16/s3,s3,v7,,vis,11.27,12.57,1.3,4.017,,-1,0.0,0.0,,,,1.0,object#187,389.6407,0,0,,,,0,[]
2026_08_16/s3,s3,v7,,vis,12.63,14.74,2.11,4.068,,-1,0.0,0.0,,,,1.0,object#187,389.6407,0,0,,,,0,[]
2026_08_16/s3,s3,v7,,vis,15.9,16.23,0.32,4.333,球M,321,1.0,0.0509,0.429,0.0,0.0,0.949,object#250,389.6407,1,1,,,,1,"[{""name"": ""球M"", ""m"": 19.83359, ""q"": 0.0509, ""c"": 0.1188, ""capture"": 0.429, ""share"": 1.0, ""miss_deg"": 1.3, ""labels"": [321]}]"
2026_08_16/s3,s3,v7,,vis,17.31,18.39,1.08,3.243,球M,321,0.997,0.2709,1.216,0.001,0.003,0.728,object#317,389.6407,1,1,,,,2,"[{""name"": ""球M"", ""m"": 105.5662, ""q"": 0.2709, ""c"": 0.2228, ""capture"": 1.216, ""share"": 0.997, ""miss_deg"": 0.0, ""labels"": [321]}, {""name"": ""香蕉"", ""m"": 0.29319, ""q"": 0.0008, ""c"": 0.7341, ""capture"": 0.001, ""share"": 0.003, ""miss_deg"": 3.71, ""labels"": [323]}]"
2026_08_16/s3,s3,v7,,vis,20.07,20.67,0.6,3.372,,-1,0.0,0.0,,,,1.0,object#179,389.6407,0,0,1,球M,,0,[]
2026_08_16/s3,s3,v7,,vis,20.72,21.54,0.81,3.404,球M,321,1.0,0.0,0.0,0.0,0.0,1.0,object#179,389.6407,0,0,1,球M,1,1,"[{""name"": ""球M"", ""m"": 0.00161, ""q"": 0.0, ""c"": 0.2062, ""capture"": 0.0, ""share"": 1.0, ""miss_deg"": 4.65, ""labels"": [321]}]"
2026_08_16/s3,s3,v7,,vis,21.59,22.4,0.81,3.504,球M,321,1.0,0.0128,0.067,0.0,0.0,0.987,object#179,389.6407,0,0,1,球M,1,1,"[{""name"": ""球M"", ""m"": 4.97354, ""q"": 0.0128, ""c"": 0.1892, ""capture"": 0.067, ""share"": 1.0, ""miss_deg"": 2.32, ""labels"": [321]}]"
2026_08_16/s3,s3,v7,,vis,23.43,23.76,0.32,3.509,球M,321,1.0,0.0113,0.06,0.0,0.0,0.989,object#179,389.6407,0,0,1,球M,1,1,"[{""name"": ""球M"", ""m"": 4.40497, ""q"": 0.0113, ""c"": 0.1892, ""capture"": 0.06, ""share"": 1.0, ""miss_deg"": 2.37, ""labels"": [321]}]"
2026_08_16/s3,s3,v7,,vis,24.26,27.79,3.52,3.351,球L,320,0.974,0.1181,0.53,0.009,0.027,0.879,object#10,389.6407,1,1,2,球L,1,2,"[{""name"": ""球L"", ""m"": 46.00281, ""q"": 0.1181, ""c"": 0.2228, ""capture"": 0.53, ""share"": 0.974, ""miss_deg"": 1.13, ""labels"": [320]}, {""name"": ""香蕉"", ""m"": 1.24107, ""q"": 0.0032, ""c"": 0.7025, ""capture"": 0.005, ""share"": 0.026, ""miss_deg"": 3.29, ""labels"": [323]}]"
2026_08_16/s3,s3,v7,,vis,28.06,30.23,2.17,3.341,球L,320,0.992,0.0566,0.254,0.004,0.008,0.943,object#10,389.6407,1,1,2,球L,1,2,"[{""name"": ""球L"", ""m"": 22.07063, ""q"": 0.0566, ""c"": 0.2228, ""capture"": 0.254, ""share"": 0.992, ""miss_deg"": 1.65, ""labels"": [320]}, {""name"": ""香蕉"", ""m"": 0.17015, ""q"": 0.0004, ""c"": 0.7025, ""capture"": 0.001, ""share"": 0.008, ""miss_deg"": 3.84, ""labels"": [323]}]"
2026_08_16/s3,s3,v7,,vis,31.27,31.54,0.27,3.348,球L,320,0.943,0.105,0.471,0.019,0.06,0.889,object#316,389.6407,1,1,,,,2,"[{""name"": ""球L"", ""m"": 40.90606, ""q"": 0.105, ""c"": 0.2228, ""capture"": 0.471, ""share"": 0.943, ""miss_deg"": 1.23, ""labels"": [320]}, {""name"": ""香蕉"", ""m"": 2.46916, ""q"": 0.0063, ""c"": 0.7025, ""capture"": 0.009, ""share"": 0.057, ""miss_deg"": 3.07, ""labels"": [323]}]"
2026_08_16/s3,s3,v7,,vis,31.6,33.11,1.52,3.352,球L,320,0.994,0.1292,0.58,0.002,0.006,0.87,object#10,389.6407,1,1,,,,2,"[{""name"": ""球L"", ""m"": 50.35034, ""q"": 0.1292, ""c"": 0.2228, ""capture"": 0.58, ""share"": 0.994, ""miss_deg"": 1.04, ""labels"": [320]}, {""name"": ""香蕉"", ""m"": 0.3016, ""q"": 0.0008, ""c"": 0.7025, ""capture"": 0.001, ""share"": 0.006, ""miss_deg"": 3.69, ""labels"": [323]}]"
2026_08_16/s3,s3,v7,,vis,33.17,37.18,4.01,3.345,球L,320,1.0,0.1197,0.537,0.0,0.0,0.88,object#10,389.6407,1,1,3,球L,1,2,"[{""name"": ""球L"", ""m"": 46.63158, ""q"": 0.1197, ""c"": 0.2228, ""capture"": 0.537, ""share"": 1.0, ""miss_deg"": 1.11, ""labels"": [320]}, {""name"": ""香蕉"", ""m"": 0.01075, ""q"": 0.0, ""c"": 0.7025, ""capture"": 0.0, ""share"": 0.0, ""miss_deg"": 4.5, ""labels"": [323]}]"
2026_08_16/s3,s3,v7,,vis,37.23,37.77,0.54,3.345,球L,320,1.0,0.0089,0.04,0.0,0.0,0.991,object#10,389.6407,0,0,3,球L,1,1,"[{""name"": ""球L"", ""m"": 3.44989, ""q"": 0.0089, ""c"": 0.2228, ""capture"": 0.04, ""share"": 1.0, ""miss_deg"": 2.54, ""labels"": [320]}]"
2026_08_16/s3,s3,v7,,vis,38.15,38.58,0.43,3.638,球M,321,1.0,0.0026,0.016,0.0,0.0,0.997,object#46,389.6407,0,0,,,,1,"[{""name"": ""球M"", ""m"": 1.01954, ""q"": 0.0026, ""c"": 0.1636, ""capture"": 0.016, ""share"": 1.0, ""miss_deg"": 2.88, ""labels"": [321]}]"
2026_08_16/s3,s3,v7,,vis,40.31,40.64,0.32,3.369,球M,321,0.978,0.1409,0.683,0.007,0.022,0.856,object#317,389.6407,1,1,4,球M,1,2,"[{""name"": ""球M"", ""m"": 54.9017, ""q"": 0.1409, ""c"": 0.2062, ""capture"": 0.683, ""share"": 0.978, ""miss_deg"": 0.87, ""labels"": [321]}, {""name"": ""香蕉"", ""m"": 1.23907, ""q"": 0.0032, ""c"": 0.7025, ""capture"": 0.005, ""share"": 0.022, ""miss_deg"": 3.29, ""labels"": [323]}]"
2026_08_16/s3,s3,v7,,vis,42.48,43.56,1.08,3.376,球M,321,0.998,0.196,0.95,0.0,0.002,0.804,object#317,389.6407,1,1,4,球M,1,2,"[{""name"": ""球M"", ""m"": 76.35603, ""q"": 0.196, ""c"": 0.2062, ""capture"": 0.95, ""share"": 0.998, ""miss_deg"": 0.32, ""labels"": [321]}, {""name"": ""香蕉"", ""m"": 0.12071, ""q"": 0.0003, ""c"": 0.695, ""capture"": 0.0, ""share"": 0.002, ""miss_deg"": 3.93, ""labels"": [323]}]"
2026_08_16/s3,s3,v7,,vis,43.72,43.99,0.27,4.436,球M,321,1.0,0.0952,0.868,0.0,0.0,0.905,object#250,389.6407,1,1,4,球M,1,1,"[{""name"": ""球M"", ""m"": 37.07648, ""q"": 0.0952, ""c"": 0.1097, ""capture"": 0.868, ""share"": 1.0, ""miss_deg"": 0.53, ""labels"": [321]}]"
2026_08_16/s3,s3,v7,,vis,44.1,44.59,0.49,4.489,球M,321,1.0,0.0899,0.82,0.0,0.0,0.91,object#250,389.6407,1,1,4,球M,1,1,"[{""name"": ""球M"", ""m"": 35.02613, ""q"": 0.0899, ""c"": 0.1097, ""capture"": 0.82, ""share"": 1.0, ""miss_deg"": 0.63, ""labels"": [321]}]"
2026_08_16/s3,s3,v7,,vis,45.15,51.49,6.34,3.399,球R,322,1.0,0.0678,0.414,0.0,0.0,0.932,object#318,389.6407,1,1,5,球R,1,1,"[{""name"": ""球R"", ""m"": 26.42148, ""q"": 0.0678, ""c"": 0.1636, ""capture"": 0.414, ""share"": 1.0, ""miss_deg"": 1.33, ""labels"": [322]}]"
2026_08_16/s3,s3,v7,,vis,52.01,58.46,6.45,3.387,球R,322,1.0,0.0812,0.497,0.0,0.0,0.919,object#318,389.6407,1,1,6,球R,1,1,"[{""name"": ""球R"", ""m"": 31.65412, ""q"": 0.0812, ""c"": 0.1636, ""capture"": 0.497, ""share"": 1.0, ""miss_deg"": 1.18, ""labels"": [322]}]"
2026_08_16/s3,s3,v7,,vis,59.13,62.0,2.87,3.336,球L,320,0.945,0.1897,0.852,0.019,0.058,0.799,object#316,389.6407,1,1,,,,2,"[{""name"": ""球L"", ""m"": 73.92101, ""q"": 0.1897, ""c"": 0.2228, ""capture"": 0.852, ""share"": 0.945, ""miss_deg"": 0.57, ""labels"": [320]}, {""name"": ""香蕉"", ""m"": 4.2876, ""q"": 0.011, ""c"": 0.7025, ""capture"": 0.016, ""share"": 0.055, ""miss_deg"": 2.88, ""labels"": [323]}]"
2026_08_16/s3,s3,v7,,vis,62.28,63.63,1.35,3.35,球L,320,0.957,0.1433,0.643,0.014,0.045,0.85,object#316,389.6407,1,1,7,球L,1,2,"[{""name"": ""球L"", ""m"": 55.85243, ""q"": 0.1433, ""c"": 0.2228, ""capture"": 0.643, ""share"": 0.957, ""miss_deg"": 0.94, ""labels"": [320]}, {""name"": ""香蕉"", ""m"": 2.50767, ""q"": 0.0064, ""c"": 0.7025, ""capture"": 0.009, ""share"": 0.043, ""miss_deg"": 3.06, ""labels"": [323]}]"
2026_08_16/s3,s3,v7,,vis,63.68,64.01,0.32,3.343,香蕉,323,0.79,0.0719,0.102,0.51,0.151,0.909,object#10,389.6407,0,0,7,球L,0,4,"[{""name"": ""香蕉"", ""m"": 28.00784, ""q"": 0.0719, ""c"": 0.7025, ""capture"": 0.102, ""share"": 0.79, ""miss_deg"": 2.14, ""labels"": [323]}, {""name"": ""球M"", ""m"": 4.20815, ""q"": 0.0108, ""c"": 0.2062, ""capture"": 0.052, ""share"": 0.119, ""miss_deg"": 2.43, ""labels"": [321]}, {""name"": ""球L"", ""m"": 2.58722, ""q"": 0.0066, ""c"": 0.2228, ""capture"": 0.03, ""share"": 0.073, ""miss_deg"": 2.65, ""labels"": [320]}, {""name"": ""苹果"", ""m"": 0.64997, ""q"": 0.0017, ""c"": 0.2469, ""capture"": 0.007, ""share"": 0.018, ""miss_deg"": 3.16, ""labels"": [300]}]"
2026_08_16/s3,s3,v7,,vis,64.06,64.6,0.54,3.343,球L,320,0.914,0.2566,1.152,0.023,0.072,0.719,object#316,389.6407,1,1,7,球L,1,3,"[{""name"": ""球L"", ""m"": 99.97862, ""q"": 0.2566, ""c"": 0.2228, ""capture"": 1.152, ""share"": 0.914, ""miss_deg"": 0.0, ""labels"": [320]}, {""name"": ""香蕉"", ""m"": 7.23322, ""q"": 0.0186, ""c"": 0.7025, ""capture"": 0.026, ""share"": 0.066, ""miss_deg"": 2.7, ""labels"": [323]}, {""name"": ""苹果"", ""m"": 2.18309, ""q"": 0.0056, ""c"": 0.2469, ""capture"": 0.023, ""share"": 0.02, ""miss_deg"": 2.75, ""labels"": [300]}]"
2026_08_16/s3,s3,v7,,vis,64.82,65.47,0.65,3.337,球L,320,0.921,0.2619,1.175,0.03,0.034,0.716,object#316,389.6407,1,1,7,球L,1,3,"[{""name"": ""球L"", ""m"": 102.0396, ""q"": 0.2619, ""c"": 0.2228, ""capture"": 1.175, ""share"": 0.921, ""miss_deg"": 0.0, ""labels"": [320]}, {""name"": ""苹果"", ""m"": 3.3912, ""q"": 0.0087, ""c"": 0.2469, ""capture"": 0.035, ""share"": 0.031, ""miss_deg"": 2.59, ""labels"": [300]}, {""name"": ""香蕉"", ""m"": 5.40093, ""q"": 0.0139, ""c"": 0.7025, ""capture"": 0.02, ""share"": 0.049, ""miss_deg"": 2.8, ""labels"": [323]}]"
2026_08_16/s3,s3,v7,,vis,65.68,66.06,0.38,3.36,球L,320,0.967,0.1693,0.76,0.011,0.034,0.825,object#316,389.6407,1,1,,,,2,"[{""name"": ""球L"", ""m"": 65.94728, ""q"": 0.1693, ""c"": 0.2228, ""capture"": 0.76, ""share"": 0.967, ""miss_deg"": 0.74, ""labels"": [320]}, {""name"": ""香蕉"", ""m"": 2.24233, ""q"": 0.0058, ""c"": 0.7025, ""capture"": 0.008, ""share"": 0.033, ""miss_deg"": 3.1, ""labels"": [323]}]"
2026_08_16/s3,s3,v7,,vis,66.29,72.25,5.96,3.345,球L,320,1.0,0.1299,0.583,0.0,0.0,0.87,object#10,389.6407,1,1,8,球L,1,2,"[{""name"": ""球L"", ""m"": 50.62866, ""q"": 0.1299, ""c"": 0.2228, ""capture"": 0.583, ""share"": 1.0, ""miss_deg"": 1.04, ""labels"": [320]}, {""name"": ""香蕉"", ""m"": 0.00343, ""q"": 0.0, ""c"": 0.7025, ""capture"": 0.0, ""share"": 0.0, ""miss_deg"": 4.75, ""labels"": [323]}]"
2026_08_16/s3,s3,v7,,vis,72.59,76.22,3.63,3.395,球M,321,0.981,0.2678,1.298,0.006,0.019,0.727,object#317,389.6407,1,1,9,球M,1,2,"[{""name"": ""球M"", ""m"": 104.32698, ""q"": 0.2678, ""c"": 0.2062, ""capture"": 1.298, ""share"": 0.981, ""miss_deg"": 0.0, ""labels"": [321]}, {""name"": ""香蕉"", ""m"": 2.04085, ""q"": 0.0052, ""c"": 0.6874, ""capture"": 0.008, ""share"": 0.019, ""miss_deg"": 3.12, ""labels"": [323]}]"
2026_08_16/s3,s3,v7,,vis,76.27,78.55,2.27,3.402,球M,321,1.0,0.2835,1.375,0.0,0.0,0.716,object#317,389.6407,1,1,9,球M,1,1,"[{""name"": ""球M"", ""m"": 110.48239, ""q"": 0.2835, ""c"": 0.2062, ""capture"": 1.375, ""share"": 1.0, ""miss_deg"": 0.0, ""labels"": [321]}]"
2026_08_16/s3,s3,v7,,vis,78.77,79.25,0.49,3.404,球M,321,1.0,0.2453,1.19,0.0,0.0,0.755,object#317,389.6407,1,1,9,球M,1,2,"[{""name"": ""球M"", ""m"": 95.58721, ""q"": 0.2453, ""c"": 0.2062, ""capture"": 1.19, ""share"": 1.0, ""miss_deg"": 0.0, ""labels"": [321]}, {""name"": ""香蕉"", ""m"": 0.03935, ""q"": 0.0001, ""c"": 0.6874, ""capture"": 0.0, ""share"": 0.0, ""miss_deg"": 4.2, ""labels"": [323]}]"
2026_08_16/s3,s3,v7,,vis,79.6,82.91,3.3,3.375,球R,322,0.929,0.1415,0.865,0.055,0.076,0.848,object#318,389.6407,1,1,,,,2,"[{""name"": ""球R"", ""m"": 55.13847, ""q"": 0.1415, ""c"": 0.1636, ""capture"": 0.865, ""share"": 0.929, ""miss_deg"": 0.54, ""labels"": [322]}, {""name"": ""石榴"", ""m"": 4.20967, ""q"": 0.0108, ""c"": 0.2228, ""capture"": 0.048, ""share"": 0.071, ""miss_deg"": 2.46, ""labels"": [78]}]"
2026_08_16/s3,s3,v7,,vis,82.96,83.94,0.97,3.404,球M,321,1.0,0.0528,0.256,0.0,0.0,0.947,object#10,389.6407,1,1,10,球R,0,2,"[{""name"": ""球M"", ""m"": 20.56664, ""q"": 0.0528, ""c"": 0.2062, ""capture"": 0.256, ""share"": 1.0, ""miss_deg"": 1.65, ""labels"": [321]}, {""name"": ""石榴"", ""m"": 0.00615, ""q"": 0.0, ""c"": 0.2062, ""capture"": 0.0, ""share"": 0.0, ""miss_deg"": 4.35, ""labels"": [78]}]"
2026_08_16/s3,s3,v7,,vis,83.99,84.91,0.92,3.398,球R,322,0.825,0.1862,1.138,0.156,0.212,0.774,object#318,389.6407,1,1,10,球R,1,2,"[{""name"": ""球R"", ""m"": 72.54872, ""q"": 0.1862, ""c"": 0.1636, ""capture"": 1.138, ""share"": 0.825, ""miss_deg"": 0.0, ""labels"": [322]}, {""name"": ""石榴"", ""m"": 15.39392, ""q"": 0.0395, ""c"": 0.2228, ""capture"": 0.177, ""share"": 0.175, ""miss_deg"": 1.86, ""labels"": [78]}]"
2026_08_16/s3,s3,v7,,vis,85.52,86.0,0.49,3.326,球L,320,0.348,0.0931,0.418,0.495,1.557,0.732,object#316,389.6407,0,0,10,球R,0,4,"[{""name"": ""球L"", ""m"": 36.27131, ""q"": 0.0931, ""c"": 0.2228, ""capture"": 0.418, ""share"": 0.348, ""miss_deg"": 1.32, ""labels"": [320]}, {""name"": ""香蕉"", ""m"": 56.60055, ""q"": 0.1453, ""c"": 0.7025, ""capture"": 0.207, ""share"": 0.542, ""miss_deg"": 1.78, ""labels"": [323]}, {""name"": ""苹果"", ""m"": 11.47898, ""q"": 0.0295, ""c"": 0.2469, ""capture"": 0.119, ""share"": 0.11, ""miss_deg"": 2.06, ""labels"": [300]}, {""name"": ""球M"", ""m"": 0.00178, ""q"": 0.0, ""c"": 0.2062, ""capture"": 0.0, ""share"": 0.0, ""miss_deg"": 4.63, ""labels"": [321]}]"
2026_08_16/s3,s3,v7,,vis,86.06,86.65,0.6,3.398,球M,321,0.898,0.2085,1.011,0.034,0.114,0.768,object#17,389.6407,1,1,,,,2,"[{""name"": ""球M"", ""m"": 81.2326, ""q"": 0.2085, ""c"": 0.2062, ""capture"": 1.011, ""share"": 0.898, ""miss_deg"": 0.0, ""labels"": [321]}, {""name"": ""香蕉"", ""m"": 9.19036, ""q"": 0.0236, ""c"": 0.6874, ""capture"": 0.034, ""share"": 0.102, ""miss_deg"": 2.6, ""labels"": [323]}]"
2026_08_16/s3,s3,v7,,vis,86.71,88.06,1.35,3.356,球L,320,0.876,0.2747,1.233,0.038,0.042,0.686,object#316,389.6407,1,1,,,,3,"[{""name"": ""球L"", ""m"": 107.04822, ""q"": 0.2747, ""c"": 0.2228, ""capture"": 1.233, ""share"": 0.876, ""miss_deg"": 0.0, ""labels"": [320]}, {""name"": ""苹果"", ""m"": 4.54941, ""q"": 0.0117, ""c"": 0.2469, ""capture"": 0.047, ""share"": 0.037, ""miss_deg"": 2.47, ""labels"": [300]}, {""name"": ""香蕉"", ""m"": 10.63613, ""q"": 0.0273, ""c"": 0.7025, ""capture"": 0.039, ""share"": 0.087, ""miss_deg"": 2.55, ""labels"": [323]}]"
2026_08_16/s3,s3,v7,,vis,88.12,91.85,3.74,3.359,球L,320,0.915,0.2196,0.986,0.027,0.085,0.76,object#316,389.6407,1,1,11,球L,1,3,"[{""name"": ""球L"", ""m"": 85.58221, ""q"": 0.2196, ""c"": 0.2228, ""capture"": 0.986, ""share"": 0.915, ""miss_deg"": 0.17, ""labels"": [320]}, {""name"": ""香蕉"", ""m"": 7.33574, ""q"": 0.0188, ""c"": 0.7025, ""capture"": 0.027, ""share"": 0.078, ""miss_deg"": 2.69, ""labels"": [323]}, {""name"": ""苹果"", ""m"": 0.57233, ""q"": 0.0015, ""c"": 0.2469, ""capture"": 0.006, ""share"": 0.006, ""miss_deg"": 3.2, ""labels"": [300]}]"
2026_08_16/s3,s3,v7,,vis,92.12,93.42,1.3,3.341,球L,320,0.917,0.1397,0.627,0.029,0.091,0.848,object#316,389.6407,1,1,11,球L,1,2,"[{""name"": ""球L"", ""m"": 54.43333, ""q"": 0.1397, ""c"": 0.2228, ""capture"": 0.627, ""share"": 0.917, ""miss_deg"": 0.97, ""labels"": [320]}, {""name"": ""香蕉"", ""m"": 4.95824, ""q"": 0.0127, ""c"": 0.7025, ""capture"": 0.018, ""share"": 0.083, ""miss_deg"": 2.83, ""labels"": [323]}]"
2026_08_16/s3,s3,v7,,vis,94.37,96.1,1.73,3.392,球M,321,0.988,0.2314,1.122,0.004,0.012,0.766,object#317,389.6407,1,1,,,,2,"[{""name"": ""球M"", ""m"": 90.17715, ""q"": 0.2314, ""c"": 0.2062, ""capture"": 1.122, ""share"": 0.988, ""miss_deg"": 0.0, ""labels"": [321]}, {""name"": ""香蕉"", ""m"": 1.0946, ""q"": 0.0028, ""c"": 0.6874, ""capture"": 0.004, ""share"": 0.012, ""miss_deg"": 3.32, ""labels"": [323]}]"
2026_08_16/s3,s3,v7,,vis,96.37,97.24,0.87,4.456,球M,321,1.0,0.0834,0.761,0.0,0.0,0.917,object#250,389.6407,1,1,12,球M,1,1,"[{""name"": ""球M"", ""m"": 32.5148, ""q"": 0.0834, ""c"": 0.1097, ""capture"": 0.761, ""share"": 1.0, ""miss_deg"": 0.74, ""labels"": [321]}]"
2026_08_16/s3,s3,v7,,vis,97.72,98.81,1.08,3.535,球M,321,1.0,0.0376,0.198,0.0,0.0,0.962,object#179,389.6407,0,0,12,球M,1,1,"[{""name"": ""球M"", ""m"": 14.63629, ""q"": 0.0376, ""c"": 0.1892, ""capture"": 0.198, ""share"": 1.0, ""miss_deg"": 1.8, ""labels"": [321]}]"
2026_08_16/s3,s3,v7,,vis,100.9,106.7,5.8,3.386,球R,322,1.0,0.0489,0.299,0.0,0.0,0.951,object#318,389.6407,1,1,13,球R,1,1,"[{""name"": ""球R"", ""m"": 19.0465, ""q"": 0.0489, ""c"": 0.1636, ""capture"": 0.299, ""share"": 1.0, ""miss_deg"": 1.55, ""labels"": [322]}]"
2026_08_16/s3,s3,v7,,vis,106.75,107.29,0.54,3.375,球R,322,1.0,0.0098,0.06,0.0,0.0,0.99,object#305,389.6407,0,0,13,球R,1,1,"[{""name"": ""球R"", ""m"": 3.81252, ""q"": 0.0098, ""c"": 0.1636, ""capture"": 0.06, ""share"": 1.0, ""miss_deg"": 2.37, ""labels"": [322]}]"
2026_08_16/s3,s3,v7,,vis,108.35,108.9,0.54,3.379,球M,321,0.962,0.1048,0.508,0.012,0.04,0.891,object#10,389.6407,1,1,,,,2,"[{""name"": ""球M"", ""m"": 40.84807, ""q"": 0.1048, ""c"": 0.2062, ""capture"": 0.508, ""share"": 0.962, ""miss_deg"": 1.16, ""labels"": [321]}, {""name"": ""香蕉"", ""m"": 1.6307, ""q"": 0.0042, ""c"": 0.695, ""capture"": 0.006, ""share"": 0.038, ""miss_deg"": 3.2, ""labels"": [323]}]"
2026_08_16/s3,s3,v7,,vis,109.92,110.63,0.7,3.5,球M,321,1.0,0.0503,0.266,0.0,0.0,0.95,object#179,389.6407,1,1,14,球M,1,1,"[{""name"": ""球M"", ""m"": 19.60966, ""q"": 0.0503, ""c"": 0.1892, ""capture"": 0.266, ""share"": 1.0, ""miss_deg"": 1.63, ""labels"": [321]}]"
2026_08_16/s3,s3,v7,,vis,113.44,113.77,0.32,3.349,球L,320,0.85,0.1104,0.496,0.056,0.176,0.87,object#316,389.6407,1,1,14,球M,0,2,"[{""name"": ""球L"", ""m"": 43.01871, ""q"": 0.1104, ""c"": 0.2228, ""capture"": 0.496, ""share"": 0.85, ""miss_deg"": 1.18, ""labels"": [320]}, {""name"": ""香蕉"", ""m"": 7.59507, ""q"": 0.0195, ""c"": 0.7025, ""capture"": 0.028, ""share"": 0.15, ""miss_deg"": 2.68, ""labels"": [323]}]"
2026_08_16/s3,s3,v7,,vis,114.04,115.07,1.03,3.388,球M,321,1.0,0.2527,1.225,0.0,0.0,0.747,object#317,389.6407,1,1,14,球M,1,1,"[{""name"": ""球M"", ""m"": 98.4596, ""q"": 0.2527, ""c"": 0.2062, ""capture"": 1.225, ""share"": 1.0, ""miss_deg"": 0.0, ""labels"": [321]}]"
2026_08_16/s3,s3,v7,,vis,115.32,122.42,7.1,3.378,球R,322,0.945,0.1407,0.86,0.042,0.058,0.851,object#318,389.6407,1,1,15,球R,1,2,"[{""name"": ""球R"", ""m"": 54.80877, ""q"": 0.1407, ""c"": 0.1636, ""capture"": 0.86, ""share"": 0.945, ""miss_deg"": 0.55, ""labels"": [322]}, {""name"": ""石榴"", ""m"": 3.16839, ""q"": 0.0081, ""c"": 0.2228, ""capture"": 0.036, ""share"": 0.055, ""miss_deg"": 2.57, ""labels"": [78]}]"
2026_08_16/s3,s3,v7,,vis,123.2,123.52,0.32,4.0,,-1,0.0,0.0,,,,1.0,object#187,389.6407,0,0,,,,0,[]
2026_08_16/s3,s3,v7,,vis,123.58,123.85,0.27,3.808,,-1,0.0,0.0,,,,1.0,object#187,389.6407,0,0,,,,0,[]
2026_08_16/s3,s3,v7,,vis,125.95,126.27,0.32,2.201,,-1,0.0,0.0,,,,1.0,object#59,389.6407,0,0,,,,0,[]
2026_08_16/s3,s3,v7,,vis,126.38,126.76,0.38,2.119,,-1,0.0,0.0,,,,1.0,object#25,389.6407,0,0,,,,0,[]
2026_08_16/s4,s4,v8,,vis,13.61,14.42,0.81,4.797,,-1,0.0,0.0,,,,1.0,object#11,389.6407,0,0,,,,0,[]
2026_08_16/s4,s4,v8,,vis,15.45,16.1,0.65,3.851,球R,193,0.998,0.0015,0.009,0.0,0.002,0.998,object#17,389.6407,0,0,,,,2,"[{""name"": ""球R"", ""m"": 0.58561, ""q"": 0.0015, ""c"": 0.1636, ""capture"": 0.009, ""share"": 0.998, ""miss_deg"": 3.06, ""labels"": [193]}, {""name"": ""球M"", ""m"": 0.00097, ""q"": 0.0, ""c"": 0.2062, ""capture"": 0.0, ""share"": 0.002, ""miss_deg"": 4.76, ""labels"": [192]}]"
2026_08_16/s4,s4,v8,,vis,18.11,19.63,1.52,3.81,球L,191,1.0,0.0146,0.071,0.0,0.0,0.985,object#36,389.6407,0,0,1,球L,1,1,"[{""name"": ""球L"", ""m"": 5.67423, ""q"": 0.0146, ""c"": 0.2062, ""capture"": 0.071, ""share"": 1.0, ""miss_deg"": 2.3, ""labels"": [191]}]"
2026_08_16/s4,s4,v8,,vis,19.91,22.57,2.65,3.805,球L,191,1.0,0.0171,0.083,0.0,0.0,0.983,object#36,389.6407,0,0,1,球L,1,1,"[{""name"": ""球L"", ""m"": 6.66634, ""q"": 0.0171, ""c"": 0.2062, ""capture"": 0.083, ""share"": 1.0, ""miss_deg"": 2.23, ""labels"": [191]}]"
2026_08_16/s4,s4,v8,,vis,22.62,24.68,2.06,3.852,球L,191,1.0,0.0,0.0,0.0,0.0,1.0,object#90,389.6407,0,0,2,球L,1,1,"[{""name"": ""球L"", ""m"": 0.01328, ""q"": 0.0, ""c"": 0.2062, ""capture"": 0.0, ""share"": 1.0, ""miss_deg"": 4.17, ""labels"": [191]}]"
2026_08_16/s4,s4,v8,,vis,24.84,28.91,4.06,3.802,球L,191,1.0,0.0158,0.077,0.0,0.0,0.984,object#36,389.6407,0,0,2,球L,1,1,"[{""name"": ""球L"", ""m"": 6.15365, ""q"": 0.0158, ""c"": 0.2062, ""capture"": 0.077, ""share"": 1.0, ""miss_deg"": 2.27, ""labels"": [191]}]"
2026_08_16/s4,s4,v8,,vis,29.15,29.7,0.54,3.88,球L,191,1.0,0.0259,0.126,0.0,0.0,0.974,object#36,389.6407,0,0,,,,1,"[{""name"": ""球L"", ""m"": 10.10783, ""q"": 0.0259, ""c"": 0.2062, ""capture"": 0.126, ""share"": 1.0, ""miss_deg"": 2.04, ""labels"": [191]}]"
2026_08_16/s4,s4,v8,,vis,29.75,30.35,0.6,3.786,球L,191,0.928,0.166,0.805,0.026,0.074,0.821,object#36,389.6407,1,1,3,球M,0,3,"[{""name"": ""球L"", ""m"": 64.67505, ""q"": 0.166, ""c"": 0.2062, ""capture"": 0.805, ""share"": 0.928, ""miss_deg"": 0.66, ""labels"": [191]}, {""name"": ""香蕉"", ""m"": 4.82562, ""q"": 0.0124, ""c"": 0.603, ""capture"": 0.021, ""share"": 0.069, ""miss_deg"": 2.79, ""labels"": [196]}, {""name"": ""苹果"", ""m"": 0.17431, ""q"": 0.0004, ""c"": 0.1636, ""capture"": 0.003, ""share"": 0.003, ""miss_deg"": 3.44, ""labels"": [194]}]"
2026_08_16/s4,s4,v8,,vis,30.62,31.05,0.43,3.792,球L,191,0.987,0.0797,0.386,0.005,0.013,0.919,object#36,389.6407,1,1,3,球M,0,2,"[{""name"": ""球L"", ""m"": 31.05108, ""q"": 0.0797, ""c"": 0.2062, ""capture"": 0.386, ""share"": 0.987, ""miss_deg"": 1.38, ""labels"": [191]}, {""name"": ""香蕉"", ""m"": 0.41595, ""q"": 0.0011, ""c"": 0.603, ""capture"": 0.002, ""share"": 0.013, ""miss_deg"": 3.56, ""labels"": [196]}]"
2026_08_16/s4,s4,v8,,vis,31.16,31.75,0.6,3.798,球L,191,1.0,0.0232,0.112,0.0,0.0,0.977,object#36,389.6407,0,0,3,球M,0,1,"[{""name"": ""球L"", ""m"": 9.02316, ""q"": 0.0232, ""c"": 0.2062, ""capture"": 0.112, ""share"": 1.0, ""miss_deg"": 2.09, ""labels"": [191]}]"
2026_08_16/s4,s4,v8,,vis,32.16,32.43,0.27,3.836,,-1,0.0,0.0,,,,1.0,object#27,389.6407,0,0,3,球M,,0,[]
2026_08_16/s4,s4,v8,,vis,32.6,33.46,0.87,3.819,球M,192,0.998,0.1146,0.556,0.0,0.002,0.885,object#27,389.6407,1,1,3,球M,1,2,"[{""name"": ""球M"", ""m"": 44.64636, ""q"": 0.1146, ""c"": 0.2062, ""capture"": 0.556, ""share"": 0.998, ""miss_deg"": 1.08, ""labels"": [192]}, {""name"": ""香蕉"", ""m"": 0.08173, ""q"": 0.0002, ""c"": 0.5936, ""capture"": 0.0, ""share"": 0.002, ""miss_deg"": 3.99, ""labels"": [196]}]"
2026_08_16/s4,s4,v8,,vis,34.87,35.2,0.32,3.813,球M,192,0.996,0.0614,0.298,0.0,0.004,0.938,object#27,389.6407,1,1,3,球M,1,3,"[{""name"": ""球M"", ""m"": 23.93386, ""q"": 0.0614, ""c"": 0.2062, ""capture"": 0.298, ""share"": 0.996, ""miss_deg"": 1.56, ""labels"": [192]}, {""name"": ""香蕉"", ""m"": 0.08702, ""q"": 0.0002, ""c"": 0.5936, ""capture"": 0.0, ""share"": 0.004, ""miss_deg"": 3.97, ""labels"": [196]}, {""name"": ""球L"", ""m"": 0.00558, ""q"": 0.0, ""c"": 0.2062, ""capture"": 0.0, ""share"": 0.0, ""miss_deg"": 4.38, ""labels"": [191]}]"
2026_08_16/s4,s4,v8,,vis,36.98,37.69,0.7,4.02,球M,192,1.0,0.0029,0.018,0.0,0.0,0.997,object#27,389.6407,0,0,4,球R,0,2,"[{""name"": ""球M"", ""m"": 1.12391, ""q"": 0.0029, ""c"": 0.1636, ""capture"": 0.018, ""share"": 1.0, ""miss_deg"": 2.84, ""labels"": [192]}, {""name"": ""球L"", ""m"": 0.00042, ""q"": 0.0, ""c"": 0.1892, ""capture"": 0.0, ""share"": 0.0, ""miss_deg"": 4.91, ""labels"": [191]}]"
2026_08_16/s4,s4,v8,,vis,37.9,38.55,0.65,4.013,,-1,0.0,0.0,,,,1.0,object#85,389.6407,0,0,4,球R,,0,[]
2026_08_16/s4,s4,v8,,vis,38.94,39.86,0.92,3.799,球R,193,1.0,0.0004,0.002,0.0,0.0,1.0,object#17,389.6407,0,0,4,球R,1,1,"[{""name"": ""球R"", ""m"": 0.14037, ""q"": 0.0004, ""c"": 0.1636, ""capture"": 0.002, ""share"": 1.0, ""miss_deg"": 3.5, ""labels"": [193]}]"
2026_08_16/s4,s4,v8,,vis,40.15,41.56,1.41,3.889,球R,193,0.998,0.0075,0.046,0.0,0.002,0.992,object#17,389.6407,0,0,4,球R,1,2,"[{""name"": ""球R"", ""m"": 2.93968, ""q"": 0.0075, ""c"": 0.1636, ""capture"": 0.046, ""share"": 0.998, ""miss_deg"": 2.48, ""labels"": [193]}, {""name"": ""球M"", ""m"": 0.00615, ""q"": 0.0, ""c"": 0.2062, ""capture"": 0.0, ""share"": 0.002, ""miss_deg"": 4.35, ""labels"": [192]}]"
2026_08_16/s4,s4,v8,,vis,41.61,46.81,5.2,3.815,球R,193,1.0,0.0011,0.007,0.0,0.0,0.999,object#17,389.6407,0,0,5,球R,1,1,"[{""name"": ""球R"", ""m"": 0.43687, ""q"": 0.0011, ""c"": 0.1636, ""capture"": 0.007, ""share"": 1.0, ""miss_deg"": 3.16, ""labels"": [193]}]"
2026_08_16/s4,s4,v8,,vis,47.1,47.47,0.38,3.827,,-1,0.0,0.0,,,,1.0,object#17,389.6407,0,0,5,球R,,0,[]
2026_08_16/s4,s4,v8,,vis,47.53,48.67,1.14,3.874,球R,193,1.0,0.0036,0.022,0.0,0.0,0.996,object#17,389.6407,0,0,5,球R,1,1,"[{""name"": ""球R"", ""m"": 1.40813, ""q"": 0.0036, ""c"": 0.1636, ""capture"": 0.022, ""share"": 1.0, ""miss_deg"": 2.76, ""labels"": [193]}]"
2026_08_16/s4,s4,v8,,vis,48.72,49.64,0.92,3.849,,-1,0.0,0.0,,,,1.0,object#17,389.6407,0,0,,,,0,[]
2026_08_16/s4,s4,v8,,vis,50.89,51.48,0.6,3.924,球R,193,0.968,0.0753,0.46,0.035,0.031,0.922,object#17,389.6407,1,1,6,球M,0,3,"[{""name"": ""球R"", ""m"": 29.32735, ""q"": 0.0753, ""c"": 0.1636, ""capture"": 0.46, ""share"": 0.968, ""miss_deg"": 1.25, ""labels"": [193]}, {""name"": ""石榴"", ""m"": 0.90432, ""q"": 0.0023, ""c"": 0.1459, ""capture"": 0.016, ""share"": 0.03, ""miss_deg"": 2.88, ""labels"": [195]}, {""name"": ""球M"", ""m"": 0.07018, ""q"": 0.0002, ""c"": 0.1892, ""capture"": 0.001, ""share"": 0.002, ""miss_deg"": 3.73, ""labels"": [192]}]"
2026_08_16/s4,s4,v8,,vis,52.0,52.49,0.49,3.879,球M,192,0.915,0.0798,0.387,0.028,0.082,0.913,object#27,389.6407,1,1,6,球M,1,3,"[{""name"": ""球M"", ""m"": 31.09281, ""q"": 0.0798, ""c"": 0.2062, ""capture"": 0.387, ""share"": 0.915, ""miss_deg"": 1.38, ""labels"": [192]}, {""name"": ""香蕉"", ""m"": 2.53998, ""q"": 0.0065, ""c"": 0.584, ""capture"": 0.011, ""share"": 0.075, ""miss_deg"": 3.0, ""labels"": [196]}, {""name"": ""球L"", ""m"": 0.36227, ""q"": 0.0009, ""c"": 0.2062, ""capture"": 0.005, ""share"": 0.011, ""miss_deg"": 3.29, ""labels"": [191]}]"
2026_08_16/s4,s4,v8,,vis,53.3,53.57,0.27,3.83,球M,192,0.948,0.1229,0.596,0.018,0.054,0.87,object#17,389.6407,1,1,6,球M,1,3,"[{""name"": ""球M"", ""m"": 47.87516, ""q"": 0.1229, ""c"": 0.2062, ""capture"": 0.596, ""share"": 0.948, ""miss_deg"": 1.02, ""labels"": [192]}, {""name"": ""香蕉"", ""m"": 2.58419, ""q"": 0.0066, ""c"": 0.5936, ""capture"": 0.011, ""share"": 0.051, ""miss_deg"": 3.0, ""labels"": [196]}, {""name"": ""球L"", ""m"": 0.0224, ""q"": 0.0001, ""c"": 0.2062, ""capture"": 0.0, ""share"": 0.0, ""miss_deg"": 4.05, ""labels"": [191]}]"
2026_08_16/s4,s4,v8,,vis,54.28,54.66,0.38,3.853,球M,192,0.994,0.1063,0.515,0.002,0.006,0.893,object#27,389.6407,1,1,6,球M,1,2,"[{""name"": ""球M"", ""m"": 41.40599, ""q"": 0.1063, ""c"": 0.2062, ""capture"": 0.515, ""share"": 0.994, ""miss_deg"": 1.15, ""labels"": [192]}, {""name"": ""香蕉"", ""m"": 0.24312, ""q"": 0.0006, ""c"": 0.584, ""capture"": 0.001, ""share"": 0.006, ""miss_deg"": 3.7, ""labels"": [196]}]"
2026_08_16/s4,s4,v8,,vis,55.69,55.96,0.27,3.868,,-1,0.0,0.0,,,,1.0,object#85,389.6407,0,0,6,球M,,0,[]
2026_08_16/s4,s4,v8,,vis,58.61,58.88,0.27,3.834,球M,192,0.992,0.1844,0.894,0.003,0.008,0.814,object#70,389.6407,1,1,7,球M,1,2,"[{""name"": ""球M"", ""m"": 71.84723, ""q"": 0.1844, ""c"": 0.2062, ""capture"": 0.894, ""share"": 0.992, ""miss_deg"": 0.47, ""labels"": [192]}, {""name"": ""香蕉"", ""m"": 0.58493, ""q"": 0.0015, ""c"": 0.5936, ""capture"": 0.003, ""share"": 0.008, ""miss_deg"": 3.46, ""labels"": [196]}]"
2026_08_16/s4,s4,v8,,vis,60.41,61.06,0.65,3.939,球M,192,1.0,0.1894,1.001,0.0,0.0,0.811,object#162,389.6407,1,1,7,球M,1,1,"[{""name"": ""球M"", ""m"": 73.79505, ""q"": 0.1894, ""c"": 0.1892, ""capture"": 1.001, ""share"": 1.0, ""miss_deg"": 0.0, ""labels"": [192]}]"
2026_08_16/s4,s4,v8,,vis,61.6,61.98,0.38,3.862,球M,192,1.0,0.1489,0.722,0.0,0.0,0.851,object#70,389.6407,1,1,7,球M,1,2,"[{""name"": ""球M"", ""m"": 58.00138, ""q"": 0.1489, ""c"": 0.2062, ""capture"": 0.722, ""share"": 1.0, ""miss_deg"": 0.81, ""labels"": [192]}, {""name"": ""香蕉"", ""m"": 0.00099, ""q"": 0.0, ""c"": 0.584, ""capture"": 0.0, ""share"": 0.0, ""miss_deg"": 4.97, ""labels"": [196]}]"
2026_08_16/s4,s4,v8,,vis,62.52,62.79,0.27,4.063,球M,192,1.0,0.0185,0.113,0.0,0.0,0.981,object#27,389.6407,0,0,7,球M,1,2,"[{""name"": ""球M"", ""m"": 7.22037, ""q"": 0.0185, ""c"": 0.1636, ""capture"": 0.113, ""share"": 1.0, ""miss_deg"": 2.09, ""labels"": [192]}, {""name"": ""球L"", ""m"": 0.00315, ""q"": 0.0, ""c"": 0.1892, ""capture"": 0.0, ""share"": 0.0, ""miss_deg"": 4.49, ""labels"": [191]}]"
2026_08_16/s4,s4,v8,,vis,65.23,65.5,0.27,3.912,球M,192,1.0,0.1219,0.644,0.0,0.0,0.878,object#27,389.6407,1,1,,,,2,"[{""name"": ""球M"", ""m"": 47.51294, ""q"": 0.1219, ""c"": 0.1892, ""capture"": 0.644, ""share"": 1.0, ""miss_deg"": 0.94, ""labels"": [192]}, {""name"": ""香蕉"", ""m"": 0.02224, ""q"": 0.0001, ""c"": 0.5743, ""capture"": 0.0, ""share"": 0.0, ""miss_deg"": 4.29, ""labels"": [196]}]"
2026_08_16/s4,s4,v8,,vis,65.97,66.57,0.6,3.843,球R,193,1.0,0.0528,0.323,0.0,0.0,0.947,object#17,389.6407,1,1,,,,2,"[{""name"": ""球R"", ""m"": 20.564, ""q"": 0.0528, ""c"": 0.1636, ""capture"": 0.323, ""share"": 1.0, ""miss_deg"": 1.5, ""labels"": [193]}, {""name"": ""球M"", ""m"": 0.0023, ""q"": 0.0, ""c"": 0.2062, ""capture"": 0.0, ""share"": 0.0, ""miss_deg"": 4.57, ""labels"": [192]}]"
2026_08_16/s4,s4,v8,,vis,66.62,66.89,0.27,3.915,球R,193,0.494,0.0566,0.346,0.876,0.779,0.885,object#10,389.6407,1,0,,,,3,"[{""name"": ""球R"", ""m"": 22.06914, ""q"": 0.0566, ""c"": 0.1636, ""capture"": 0.346, ""share"": 0.494, ""miss_deg"": 1.46, ""labels"": [193]}, {""name"": ""石榴"", ""m"": 17.21485, ""q"": 0.0442, ""c"": 0.1459, ""capture"": 0.303, ""share"": 0.385, ""miss_deg"": 1.55, ""labels"": [195]}, {""name"": ""球M"", ""m"": 5.39838, ""q"": 0.0139, ""c"": 0.1892, ""capture"": 0.073, ""share"": 0.121, ""miss_deg"": 2.29, ""labels"": [192]}]"
2026_08_16/s4,s4,v8,,vis,67.17,67.82,0.65,3.863,球M,192,1.0,0.1911,0.927,0.0,0.0,0.809,object#162,389.6407,1,1,,,,1,"[{""name"": ""球M"", ""m"": 74.46782, ""q"": 0.1911, ""c"": 0.2062, ""capture"": 0.927, ""share"": 1.0, ""miss_deg"": 0.39, ""labels"": [192]}]"
2026_08_16/s4,s4,v8,,vis,68.68,69.06,0.38,3.916,球M,192,1.0,0.0469,0.248,0.0,0.0,0.953,object#118,389.6407,1,1,,,,1,"[{""name"": ""球M"", ""m"": 18.28818, ""q"": 0.0469, ""c"": 0.1892, ""capture"": 0.248, ""share"": 1.0, ""miss_deg"": 1.67, ""labels"": [192]}]"
2026_08_16/s4,s4,v8,,vis,69.17,69.55,0.38,3.872,球M,192,1.0,0.1085,0.526,0.0,0.0,0.892,object#162,389.6407,1,1,,,,1,"[{""name"": ""球M"", ""m"": 42.27478, ""q"": 0.1085, ""c"": 0.2062, ""capture"": 0.526, ""share"": 1.0, ""miss_deg"": 1.13, ""labels"": [192]}]"
2026_08_16/s4,s4,v8,,vis,72.68,73.09,0.41,3.827,球M,192,1.0,0.2198,1.066,0.0,0.0,0.78,object#70,389.6407,1,1,8,球L,0,1,"[{""name"": ""球M"", ""m"": 85.62633, ""q"": 0.2198, ""c"": 0.2062, ""capture"": 1.066, ""share"": 1.0, ""miss_deg"": 0.0, ""labels"": [192]}]"
2026_08_16/s4,s4,v8,,vis,75.47,76.52,1.05,3.784,球L,191,0.969,0.1127,0.547,0.011,0.032,0.884,object#36,389.6407,1,1,8,球L,1,2,"[{""name"": ""球L"", ""m"": 43.92378, ""q"": 0.1127, ""c"": 0.2062, ""capture"": 0.547, ""share"": 0.969, ""miss_deg"": 1.1, ""labels"": [191]}, {""name"": ""香蕉"", ""m"": 1.39142, ""q"": 0.0036, ""c"": 0.603, ""capture"": 0.006, ""share"": 0.031, ""miss_deg"": 3.2, ""labels"": [196]}]"
2026_08_16/s4,s4,v8,,vis,76.63,77.62,0.99,3.793,球L,191,0.908,0.2204,1.069,0.06,0.047,0.757,object#36,389.6407,1,1,8,球L,1,3,"[{""name"": ""球L"", ""m"": 85.87144, ""q"": 0.2204, ""c"": 0.2062, ""capture"": 1.069, ""share"": 0.908, ""miss_deg"": 0.0, ""labels"": [191]}, {""name"": ""苹果"", ""m"": 4.10596, ""q"": 0.0105, ""c"": 0.1636, ""capture"": 0.064, ""share"": 0.043, ""miss_deg"": 2.34, ""labels"": [194]}, {""name"": ""香蕉"", ""m"": 4.60772, ""q"": 0.0118, ""c"": 0.603, ""capture"": 0.02, ""share"": 0.049, ""miss_deg"": 2.8, ""labels"": [196]}]"
2026_08_16/s4,s4,v8,,vis,78.1,78.86,0.76,3.781,球L,191,0.894,0.169,0.82,0.04,0.119,0.811,object#36,389.6407,1,1,,,,2,"[{""name"": ""球L"", ""m"": 65.85129, ""q"": 0.169, ""c"": 0.2062, ""capture"": 0.82, ""share"": 0.894, ""miss_deg"": 0.63, ""labels"": [191]}, {""name"": ""香蕉"", ""m"": 7.77288, ""q"": 0.0199, ""c"": 0.603, ""capture"": 0.033, ""share"": 0.106, ""miss_deg"": 2.61, ""labels"": [196]}]"
2026_08_16/s4,s4,v8,,vis,79.64,80.11,0.47,3.772,球L,191,1.0,0.0062,0.028,0.0,0.0,0.994,object#27,389.6407,0,0,9,球R,0,1,"[{""name"": ""球L"", ""m"": 2.43269, ""q"": 0.0062, ""c"": 0.2228, ""capture"": 0.028, ""share"": 1.0, ""miss_deg"": 2.67, ""labels"": [191]}]"
2026_08_16/s4,s4,v8,,vis,80.32,81.26,0.94,3.78,球L,191,0.974,0.0694,0.337,0.009,0.027,0.929,object#27,389.6407,1,1,9,球R,0,2,"[{""name"": ""球L"", ""m"": 27.04942, ""q"": 0.0694, ""c"": 0.2062, ""capture"": 0.337, ""share"": 0.974, ""miss_deg"": 1.48, ""labels"": [191]}, {""name"": ""香蕉"", ""m"": 0.72324, ""q"": 0.0019, ""c"": 0.603, ""capture"": 0.003, ""share"": 0.026, ""miss_deg"": 3.4, ""labels"": [196]}]"
2026_08_16/s4,s4,v8,,vis,82.19,84.34,2.16,3.842,球R,193,1.0,0.0658,0.402,0.0,0.0,0.934,object#17,389.6407,1,1,9,球R,1,1,"[{""name"": ""球R"", ""m"": 25.65642, ""q"": 0.0658, ""c"": 0.1636, ""capture"": 0.402, ""share"": 1.0, ""miss_deg"": 1.35, ""labels"": [193]}]"
2026_08_16/s4,s4,v8,,vis,84.45,84.74,0.29,3.81,球R,193,0.995,0.0953,0.583,0.005,0.005,0.904,object#17,389.6407,1,1,9,球R,1,2,"[{""name"": ""球R"", ""m"": 37.14859, ""q"": 0.0953, ""c"": 0.1636, ""capture"": 0.583, ""share"": 0.995, ""miss_deg"": 1.04, ""labels"": [193]}, {""name"": ""石榴"", ""m"": 0.17034, ""q"": 0.0004, ""c"": 0.1636, ""capture"": 0.003, ""share"": 0.005, ""miss_deg"": 3.44, ""labels"": [195]}]"
2026_08_16/s4,s4,v8,,vis,85.05,85.58,0.52,3.801,球R,193,1.0,0.0575,0.352,0.0,0.0,0.942,object#17,389.6407,1,1,,,,1,"[{""name"": ""球R"", ""m"": 22.42081, ""q"": 0.0575, ""c"": 0.1636, ""capture"": 0.352, ""share"": 1.0, ""miss_deg"": 1.45, ""labels"": [193]}]"
2026_08_16/s4,s4,v8,,vis,86.15,86.85,0.7,3.823,球R,193,1.0,0.0,0.0,0.0,0.0,1.0,object#17,389.6407,0,0,,,,1,"[{""name"": ""球R"", ""m"": 0.00987, ""q"": 0.0, ""c"": 0.1636, ""capture"": 0.0, ""share"": 1.0, ""miss_deg"": 4.19, ""labels"": [193]}]"
2026_08_16/s4,s4,v8,,vis,86.97,87.49,0.52,3.805,,-1,0.0,0.0,,,,1.0,object#17,389.6407,0,0,10,球M,,0,[]
2026_08_16/s4,s4,v8,,vis,87.74,88.09,0.35,3.816,球R,193,1.0,0.0062,0.038,0.0,0.0,0.994,object#17,389.6407,0,0,10,球M,0,1,"[{""name"": ""球R"", ""m"": 2.42644, ""q"": 0.0062, ""c"": 0.1636, ""capture"": 0.038, ""share"": 1.0, ""miss_deg"": 2.56, ""labels"": [193]}]"
2026_08_16/s4,s4,v8,,vis,88.2,88.55,0.35,3.794,球R,193,0.945,0.1464,0.895,0.058,0.058,0.845,object#17,389.6407,1,1,10,球M,0,2,"[{""name"": ""球R"", ""m"": 57.0623, ""q"": 0.1464, ""c"": 0.1636, ""capture"": 0.895, ""share"": 0.945, ""miss_deg"": 0.47, ""labels"": [193]}, {""name"": ""石榴"", ""m"": 3.31946, ""q"": 0.0085, ""c"": 0.1636, ""capture"": 0.052, ""share"": 0.055, ""miss_deg"": 2.43, ""labels"": [195]}]"
2026_08_16/s4,s4,v8,,vis,95.13,95.51,0.39,3.801,球M,192,0.775,0.1677,0.813,0.09,0.265,0.784,object#10,389.6407,1,1,11,球R,0,4,"[{""name"": ""球M"", ""m"": 65.33476, ""q"": 0.1677, ""c"": 0.2062, ""capture"": 0.813, ""share"": 0.775, ""miss_deg"": 0.64, ""labels"": [192]}, {""name"": ""香蕉"", ""m"": 17.26341, ""q"": 0.0443, ""c"": 0.603, ""capture"": 0.073, ""share"": 0.205, ""miss_deg"": 2.29, ""labels"": [196]}, {""name"": ""苹果"", ""m"": 1.6343, ""q"": 0.0042, ""c"": 0.1636, ""capture"": 0.026, ""share"": 0.019, ""miss_deg"": 2.71, ""labels"": [194]}, {""name"": ""球L"", ""m"": 0.09657, ""q"": 0.0002, ""c"": 0.2062, ""capture"": 0.001, ""share"": 0.001, ""miss_deg"": 3.67, ""labels"": [191]}]"
2026_08_16/s4,s4,v8,,vis,95.9,97.47,1.57,3.833,球R,193,0.995,0.0346,0.211,0.005,0.005,0.965,object#17,389.6407,1,1,11,球R,1,2,"[{""name"": ""球R"", ""m"": 13.48287, ""q"": 0.0346, ""c"": 0.1636, ""capture"": 0.211, ""share"": 0.995, ""miss_deg"": 1.76, ""labels"": [193]}, {""name"": ""球M"", ""m"": 0.07125, ""q"": 0.0002, ""c"": 0.2062, ""capture"": 0.001, ""share"": 0.005, ""miss_deg"": 3.75, ""labels"": [192]}]"
2026_08_16/s4,s4,v8,,vis,97.71,102.7,4.98,3.796,球R,193,0.999,0.0483,0.295,0.0,0.001,0.952,object#17,389.6407,1,1,11,球R,1,2,"[{""name"": ""球R"", ""m"": 18.8177, ""q"": 0.0483, ""c"": 0.1636, ""capture"": 0.295, ""share"": 0.999, ""miss_deg"": 1.56, ""labels"": [193]}, {""name"": ""球M"", ""m"": 0.01164, ""q"": 0.0, ""c"": 0.2062, ""capture"": 0.0, ""share"": 0.001, ""miss_deg"": 4.2, ""labels"": [192]}]"
2026_08_16/s4,s4,v8,,vis,103.11,106.74,3.63,3.913,球R,193,0.999,0.0499,0.305,0.0,0.001,0.95,object#17,389.6407,1,1,12,球R,1,2,"[{""name"": ""球R"", ""m"": 19.43496, ""q"": 0.0499, ""c"": 0.1636, ""capture"": 0.305, ""share"": 0.999, ""miss_deg"": 1.54, ""labels"": [193]}, {""name"": ""球M"", ""m"": 0.02537, ""q"": 0.0001, ""c"": 0.1892, ""capture"": 0.0, ""share"": 0.001, ""miss_deg"": 3.99, ""labels"": [192]}]"
2026_08_16/s4,s4,v8,,vis,106.8,107.17,0.38,3.807,球M,192,0.856,0.0173,0.084,0.214,0.168,0.98,object#17,389.6407,0,0,,,,2,"[{""name"": ""球M"", ""m"": 6.74057, ""q"": 0.0173, ""c"": 0.2062, ""capture"": 0.084, ""share"": 0.856, ""miss_deg"": 2.23, ""labels"": [192]}, {""name"": ""球R"", ""m"": 1.13112, ""q"": 0.0029, ""c"": 0.1636, ""capture"": 0.018, ""share"": 0.144, ""miss_deg"": 2.84, ""labels"": [193]}]"
2026_08_16/s4,s4,v8,,vis,107.23,109.72,2.49,3.819,球R,193,1.0,0.0575,0.351,0.0,0.0,0.943,object#17,389.6407,1,1,,,,1,"[{""name"": ""球R"", ""m"": 22.38602, ""q"": 0.0575, ""c"": 0.1636, ""capture"": 0.351, ""share"": 1.0, ""miss_deg"": 1.45, ""labels"": [193]}]"
2026_08_16/s4,s4,v8,,vis,110.28,112.5,2.22,3.812,球M,192,1.0,0.2126,1.031,0.0,0.0,0.787,object#70,389.6407,1,1,13,球M,1,2,"[{""name"": ""球M"", ""m"": 82.84999, ""q"": 0.2126, ""c"": 0.2062, ""capture"": 1.031, ""share"": 1.0, ""miss_deg"": 0.0, ""labels"": [192]}, {""name"": ""香蕉"", ""m"": 0.00044, ""q"": 0.0, ""c"": 0.5936, ""capture"": 0.0, ""share"": 0.0, ""miss_deg"": 5.13, ""labels"": [196]}]"
2026_08_16/s4,s4,v8,,vis,113.05,115.11,2.06,3.818,球M,192,1.0,0.2166,1.05,0.0,0.0,0.783,object#70,389.6407,1,1,,,,2,"[{""name"": ""球M"", ""m"": 84.37924, ""q"": 0.2166, ""c"": 0.2062, ""capture"": 1.05, ""share"": 1.0, ""miss_deg"": 0.0, ""labels"": [192]}, {""name"": ""香蕉"", ""m"": 0.00197, ""q"": 0.0, ""c"": 0.5936, ""capture"": 0.0, ""share"": 0.0, ""miss_deg"": 4.83, ""labels"": [196]}]"
2026_08_16/s4,s4,v8,,vis,117.45,121.02,3.57,3.775,球L,191,0.94,0.1611,0.723,0.024,0.064,0.829,object#36,389.6407,1,1,14,球L,1,2,"[{""name"": ""球L"", ""m"": 62.77806, ""q"": 0.1611, ""c"": 0.2228, ""capture"": 0.723, ""share"": 0.94, ""miss_deg"": 0.81, ""labels"": [191]}, {""name"": ""香蕉"", ""m"": 3.98439, ""q"": 0.0102, ""c"": 0.603, ""capture"": 0.017, ""share"": 0.06, ""miss_deg"": 2.86, ""labels"": [196]}]"
2026_08_16/s4,s4,v8,,vis,121.08,121.89,0.81,3.79,球L,191,0.961,0.0721,0.35,0.014,0.041,0.925,object#27,389.6407,1,1,,,,3,"[{""name"": ""球L"", ""m"": 28.09384, ""q"": 0.0721, ""c"": 0.2062, ""capture"": 0.35, ""share"": 0.961, ""miss_deg"": 1.45, ""labels"": [191]}, {""name"": ""香蕉"", ""m"": 1.13746, ""q"": 0.0029, ""c"": 0.603, ""capture"": 0.005, ""share"": 0.039, ""miss_deg"": 3.27, ""labels"": [196]}, {""name"": ""球M"", ""m"": 0.00053, ""q"": 0.0, ""c"": 0.2062, ""capture"": 0.0, ""share"": 0.0, ""miss_deg"": 4.88, ""labels"": [192]}]"
2026_08_16/s4,s4,v8,,vis,122.08,122.68,0.6,3.803,球L,191,0.825,0.0912,0.442,0.072,0.211,0.889,object#27,389.6407,1,1,15,球L,1,3,"[{""name"": ""球L"", ""m"": 35.53618, ""q"": 0.0912, ""c"": 0.2062, ""capture"": 0.442, ""share"": 0.825, ""miss_deg"": 1.28, ""labels"": [191]}, {""name"": ""香蕉"", ""m"": 7.49723, ""q"": 0.0192, ""c"": 0.5936, ""capture"": 0.032, ""share"": 0.174, ""miss_deg"": 2.62, ""labels"": [196]}, {""name"": ""球M"", ""m"": 0.05512, ""q"": 0.0001, ""c"": 0.2062, ""capture"": 0.001, ""share"": 0.001, ""miss_deg"": 3.82, ""labels"": [192]}]"
2026_08_16/s4,s4,v8,,vis,122.73,123.11,0.38,3.778,球L,191,0.953,0.1169,0.567,0.016,0.049,0.877,object#36,389.6407,1,1,15,球L,1,2,"[{""name"": ""球L"", ""m"": 45.54675, ""q"": 0.1169, ""c"": 0.2062, ""capture"": 0.567, ""share"": 0.953, ""miss_deg"": 1.07, ""labels"": [191]}, {""name"": ""香蕉"", ""m"": 2.22934, ""q"": 0.0057, ""c"": 0.603, ""capture"": 0.009, ""share"": 0.047, ""miss_deg"": 3.05, ""labels"": [196]}]"
2026_08_16/s4,s4,v8,,vis,123.44,124.14,0.7,3.745,球L,191,0.926,0.1862,0.836,0.026,0.071,0.799,object#36,389.6407,1,1,15,球L,1,3,"[{""name"": ""球L"", ""m"": 72.56005, ""q"": 0.1862, ""c"": 0.2228, ""capture"": 0.836, ""share"": 0.926, ""miss_deg"": 0.6, ""labels"": [191]}, {""name"": ""香蕉"", ""m"": 5.18973, ""q"": 0.0133, ""c"": 0.6122, ""capture"": 0.022, ""share"": 0.066, ""miss_deg"": 2.77, ""labels"": [196]}, {""name"": ""苹果"", ""m"": 0.61071, ""q"": 0.0016, ""c"": 0.1636, ""capture"": 0.01, ""share"": 0.008, ""miss_deg"": 3.05, ""labels"": [194]}]"
2026_08_16/s4,s4,v8,,vis,124.62,128.68,4.06,3.767,球L,191,0.974,0.1079,0.484,0.01,0.027,0.889,object#36,389.6407,1,1,15,球L,1,2,"[{""name"": ""球L"", ""m"": 42.05504, ""q"": 0.1079, ""c"": 0.2228, ""capture"": 0.484, ""share"": 0.974, ""miss_deg"": 1.2, ""labels"": [191]}, {""name"": ""香蕉"", ""m"": 1.10095, ""q"": 0.0028, ""c"": 0.603, ""capture"": 0.005, ""share"": 0.026, ""miss_deg"": 3.28, ""labels"": [196]}]"
2026_08_16/s4,s4,v8,,vis,128.73,129.0,0.27,3.794,球L,191,0.702,0.0411,0.199,0.116,0.115,0.942,object#27,389.6407,0,0,,,,3,"[{""name"": ""球L"", ""m"": 16.00552, ""q"": 0.0411, ""c"": 0.2062, ""capture"": 0.199, ""share"": 0.702, ""miss_deg"": 1.8, ""labels"": [191]}, {""name"": ""球M"", ""m"": 1.83836, ""q"": 0.0047, ""c"": 0.2062, ""capture"": 0.023, ""share"": 0.081, ""miss_deg"": 2.75, ""labels"": [192]}, {""name"": ""香蕉"", ""m"": 4.94663, ""q"": 0.0127, ""c"": 0.603, ""capture"": 0.021, ""share"": 0.217, ""miss_deg"": 2.78, ""labels"": [196]}]"
2026_08_16/s4,s4,v8,,vis,129.06,131.55,2.49,3.77,球L,191,0.957,0.0983,0.441,0.016,0.045,0.897,object#36,389.6407,1,1,,,,2,"[{""name"": ""球L"", ""m"": 38.3066, ""q"": 0.0983, ""c"": 0.2228, ""capture"": 0.441, ""share"": 0.957, ""miss_deg"": 1.28, ""labels"": [191]}, {""name"": ""香蕉"", ""m"": 1.729, ""q"": 0.0044, ""c"": 0.603, ""capture"": 0.007, ""share"": 0.043, ""miss_deg"": 3.13, ""labels"": [196]}]"
2026_08_16/s4,s4,v8,,vis,132.41,132.73,0.32,4.079,,-1,0.0,0.0,,,,1.0,object#25,389.6407,0,0,,,,0,[]
2026_08_16/s6,s6,v8,,vis,10.95,11.22,0.27,3.796,球M,192,0.675,0.0174,0.084,0.607,0.481,0.974,object#17,389.6407,0,0,,,,2,"[{""name"": ""球M"", ""m"": 6.77122, ""q"": 0.0174, ""c"": 0.2062, ""capture"": 0.084, ""share"": 0.675, ""miss_deg"": 2.22, ""labels"": [192]}, {""name"": ""球R"", ""m"": 3.26517, ""q"": 0.0084, ""c"": 0.1636, ""capture"": 0.051, ""share"": 0.325, ""miss_deg"": 2.44, ""labels"": [193]}]"
2026_08_16/s6,s6,v8,,vis,13.6,13.98,0.38,4.308,球R,193,0.42,0.0426,0.292,0.818,0.917,0.899,object#17,389.6407,0,0,,,,3,"[{""name"": ""球R"", ""m"": 16.59275, ""q"": 0.0426, ""c"": 0.1459, ""capture"": 0.292, ""share"": 0.42, ""miss_deg"": 1.57, ""labels"": [193]}, {""name"": ""球M"", ""m"": 15.21757, ""q"": 0.0391, ""c"": 0.1636, ""capture"": 0.239, ""share"": 0.385, ""miss_deg"": 1.69, ""labels"": [192]}, {""name"": ""石榴"", ""m"": 7.72912, ""q"": 0.0198, ""c"": 0.1097, ""capture"": 0.181, ""share"": 0.195, ""miss_deg"": 1.85, ""labels"": [195]}]"
2026_08_16/s6,s6,v8,,vis,14.04,14.42,0.38,4.35,球R,193,0.997,0.0792,0.543,0.004,0.003,0.921,object#17,389.6407,1,1,,,,2,"[{""name"": ""球R"", ""m"": 30.86057, ""q"": 0.0792, ""c"": 0.1459, ""capture"": 0.543, ""share"": 0.997, ""miss_deg"": 1.11, ""labels"": [193]}, {""name"": ""石榴"", ""m"": 0.08641, ""q"": 0.0002, ""c"": 0.1097, ""capture"": 0.002, ""share"": 0.003, ""miss_deg"": 3.52, ""labels"": [195]}]"
2026_08_16/s6,s6,v8,,vis,14.63,15.01,0.38,4.398,球M,192,1.0,0.0316,0.193,0.0,0.0,0.968,object#17,389.6407,0,0,,,,1,"[{""name"": ""球M"", ""m"": 12.32885, ""q"": 0.0316, ""c"": 0.1636, ""capture"": 0.193, ""share"": 1.0, ""miss_deg"": 1.81, ""labels"": [192]}]"
2026_08_16/s6,s6,v8,,vis,15.06,15.44,0.38,4.498,球R,193,0.999,0.0298,0.217,0.0,0.001,0.97,object#17,389.6407,1,1,,,,2,"[{""name"": ""球R"", ""m"": 11.59895, ""q"": 0.0298, ""c"": 0.1369, ""capture"": 0.217, ""share"": 0.999, ""miss_deg"": 1.75, ""labels"": [193]}, {""name"": ""球M"", ""m"": 0.00831, ""q"": 0.0, ""c"": 0.1459, ""capture"": 0.0, ""share"": 0.001, ""miss_deg"": 4.2, ""labels"": [192]}]"
2026_08_16/s6,s6,v8,,vis,15.5,15.77,0.27,4.516,球M,192,0.82,0.0276,0.189,0.233,0.22,0.966,object#17,389.6407,0,0,,,,2,"[{""name"": ""球M"", ""m"": 10.77182, ""q"": 0.0276, ""c"": 0.1459, ""capture"": 0.189, ""share"": 0.82, ""miss_deg"": 1.82, ""labels"": [192]}, {""name"": ""球R"", ""m"": 2.35702, ""q"": 0.006, ""c"": 0.1369, ""capture"": 0.044, ""share"": 0.18, ""miss_deg"": 2.5, ""labels"": [193]}]"
2026_08_16/s6,s6,v8,,vis,15.82,16.25,0.43,4.41,球L,191,0.986,0.0677,0.414,0.012,0.012,0.931,object#27,389.6407,1,1,,,,3,"[{""name"": ""球L"", ""m"": 26.37369, ""q"": 0.0677, ""c"": 0.1636, ""capture"": 0.414, ""share"": 0.986, ""miss_deg"": 1.33, ""labels"": [191]}, {""name"": ""球M"", ""m"": 0.31902, ""q"": 0.0008, ""c"": 0.1636, ""capture"": 0.005, ""share"": 0.012, ""miss_deg"": 3.26, ""labels"": [192]}, {""name"": ""香蕉"", ""m"": 0.06311, ""q"": 0.0002, ""c"": 0.4729, ""capture"": 0.0, ""share"": 0.002, ""miss_deg"": 3.99, ""labels"": [196]}]"
2026_08_16/s6,s6,v8,,vis,16.58,17.55,0.97,4.498,球M,192,0.924,0.1662,1.139,0.104,0.078,0.82,object#17,389.6407,1,1,,,,3,"[{""name"": ""球M"", ""m"": 64.74427, ""q"": 0.1662, ""c"": 0.1459, ""capture"": 1.139, ""share"": 0.924, ""miss_deg"": 0.0, ""labels"": [192]}, {""name"": ""石榴"", ""m"": 5.05356, ""q"": 0.013, ""c"": 0.1097, ""capture"": 0.118, ""share"": 0.072, ""miss_deg"": 2.07, ""labels"": [195]}, {""name"": ""球R"", ""m"": 0.24342, ""q"": 0.0006, ""c"": 0.1369, ""capture"": 0.005, ""share"": 0.003, ""miss_deg"": 3.28, ""labels"": [193]}]"
2026_08_16/s6,s6,v8,,vis,17.79,18.06,0.27,4.449,球M,192,0.68,0.0887,0.608,0.403,0.451,0.87,object#162,389.6407,1,1,,,,4,"[{""name"": ""球M"", ""m"": 34.55989, ""q"": 0.0887, ""c"": 0.1459, ""capture"": 0.608, ""share"": 0.68, ""miss_deg"": 1.0, ""labels"": [192]}, {""name"": ""球L"", ""m"": 15.58941, ""q"": 0.04, ""c"": 0.1636, ""capture"": 0.245, ""share"": 0.307, ""miss_deg"": 1.68, ""labels"": [191]}, {""name"": ""石榴"", ""m"": 0.1933, ""q"": 0.0005, ""c"": 0.1097, ""capture"": 0.005, ""share"": 0.004, ""miss_deg"": 3.29, ""labels"": [195]}, {""name"": ""香蕉"", ""m"": 0.44779, ""q"": 0.0011, ""c"": 0.4729, ""capture"": 0.002, ""share"": 0.009, ""miss_deg"": 3.47, ""labels"": [196]}]"
2026_08_16/s6,s6,v8,,vis,18.11,18.71,0.6,4.441,球M,192,0.931,0.1845,1.265,0.099,0.074,0.802,object#162,389.6407,1,1,,,,2,"[{""name"": ""球M"", ""m"": 71.88939, ""q"": 0.1845, ""c"": 0.1459, ""capture"": 1.265, ""share"": 0.931, ""miss_deg"": 0.0, ""labels"": [192]}, {""name"": ""石榴"", ""m"": 5.32464, ""q"": 0.0137, ""c"": 0.1097, ""capture"": 0.125, ""share"": 0.069, ""miss_deg"": 2.04, ""labels"": [195]}]"
2026_08_16/s6,s6,v8,,vis,18.76,19.09,0.33,4.461,球M,192,0.895,0.1295,0.888,0.09,0.101,0.855,object#162,389.6407,1,1,,,,4,"[{""name"": ""球M"", ""m"": 50.46215, ""q"": 0.1295, ""c"": 0.1459, ""capture"": 0.888, ""share"": 0.895, ""miss_deg"": 0.49, ""labels"": [192]}, {""name"": ""球L"", ""m"": 5.09741, ""q"": 0.0131, ""c"": 0.1636, ""capture"": 0.08, ""share"": 0.09, ""miss_deg"": 2.25, ""labels"": [191]}, {""name"": ""石榴"", ""m"": 0.71755, ""q"": 0.0018, ""c"": 0.1097, ""capture"": 0.017, ""share"": 0.013, ""miss_deg"": 2.86, ""labels"": [195]}, {""name"": ""香蕉"", ""m"": 0.12063, ""q"": 0.0003, ""c"": 0.4729, ""capture"": 0.001, ""share"": 0.002, ""miss_deg"": 3.83, ""labels"": [196]}]"
2026_08_16/s6,s6,v8,,vis,19.15,20.07,0.92,4.55,球M,192,0.898,0.1882,1.29,0.147,0.11,0.79,object#17,389.6407,1,1,,,,3,"[{""name"": ""球M"", ""m"": 73.34041, ""q"": 0.1882, ""c"": 0.1459, ""capture"": 1.29, ""share"": 0.898, ""miss_deg"": 0.0, ""labels"": [192]}, {""name"": ""石榴"", ""m"": 8.10435, ""q"": 0.0208, ""c"": 0.1097, ""capture"": 0.19, ""share"": 0.099, ""miss_deg"": 1.82, ""labels"": [195]}, {""name"": ""球R"", ""m"": 0.2711, ""q"": 0.0007, ""c"": 0.1369, ""capture"": 0.005, ""share"": 0.003, ""miss_deg"": 3.25, ""labels"": [193]}]"
2026_08_16/s6,s6,v8,,vis,20.34,21.37,1.03,4.446,球L,191,0.948,0.0932,0.57,0.042,0.038,0.902,object#27,389.6407,1,1,,,,4,"[{""name"": ""球L"", ""m"": 36.32252, ""q"": 0.0932, ""c"": 0.1636, ""capture"": 0.57, ""share"": 0.948, ""miss_deg"": 1.06, ""labels"": [191]}, {""name"": ""球M"", ""m"": 1.38381, ""q"": 0.0036, ""c"": 0.1459, ""capture"": 0.024, ""share"": 0.036, ""miss_deg"": 2.73, ""labels"": [192]}, {""name"": ""香蕉"", ""m"": 0.60788, ""q"": 0.0016, ""c"": 0.4729, ""capture"": 0.003, ""share"": 0.016, ""miss_deg"": 3.38, ""labels"": [196]}, {""name"": ""苹果"", ""m"": 0.00034, ""q"": 0.0, ""c"": 0.1369, ""capture"": 0.0, ""share"": 0.0, ""miss_deg"": 4.89, ""labels"": [194]}]"
2026_08_16/s6,s6,v8,,vis,21.66,25.12,3.47,4.429,球L,191,0.979,0.0627,0.383,0.018,0.018,0.936,object#27,389.6407,1,1,1,球L,1,3,"[{""name"": ""球L"", ""m"": 24.43391, ""q"": 0.0627, ""c"": 0.1636, ""capture"": 0.383, ""share"": 0.979, ""miss_deg"": 1.38, ""labels"": [191]}, {""name"": ""球M"", ""m"": 0.44356, ""q"": 0.0011, ""c"": 0.1636, ""capture"": 0.007, ""share"": 0.018, ""miss_deg"": 3.15, ""labels"": [192]}, {""name"": ""香蕉"", ""m"": 0.06925, ""q"": 0.0002, ""c"": 0.4729, ""capture"": 0.0, ""share"": 0.003, ""miss_deg"": 3.97, ""labels"": [196]}]"
2026_08_16/s6,s6,v8,,vis,25.18,26.22,1.04,4.436,球L,191,0.849,0.1328,0.812,0.122,0.11,0.844,object#10,389.6407,1,1,1,球L,1,3,"[{""name"": ""球L"", ""m"": 51.73823, ""q"": 0.1328, ""c"": 0.1636, ""capture"": 0.812, ""share"": 0.849, ""miss_deg"": 0.65, ""labels"": [191]}, {""name"": ""球M"", ""m"": 5.64444, ""q"": 0.0145, ""c"": 0.1459, ""capture"": 0.099, ""share"": 0.093, ""miss_deg"": 2.15, ""labels"": [192]}, {""name"": ""香蕉"", ""m"": 3.54056, ""q"": 0.0091, ""c"": 0.4729, ""capture"": 0.019, ""share"": 0.058, ""miss_deg"": 2.81, ""labels"": [196]}]"
2026_08_16/s6,s6,v8,,vis,27.27,29.6,2.33,4.492,球M,192,1.0,0.0919,0.63,0.0,0.0,0.908,object#162,389.6407,1,1,,,,2,"[{""name"": ""球M"", ""m"": 35.7892, ""q"": 0.0919, ""c"": 0.1459, ""capture"": 0.63, ""share"": 1.0, ""miss_deg"": 0.96, ""labels"": [192]}, {""name"": ""球R"", ""m"": 0.00551, ""q"": 0.0, ""c"": 0.1369, ""capture"": 0.0, ""share"": 0.0, ""miss_deg"": 4.28, ""labels"": [193]}]"
2026_08_16/s6,s6,v8,,vis,29.84,30.92,1.08,4.569,球M,192,0.999,0.0705,0.483,0.002,0.001,0.929,object#17,389.6407,1,1,2,球M,1,2,"[{""name"": ""球M"", ""m"": 27.47964, ""q"": 0.0705, ""c"": 0.1459, ""capture"": 0.483, ""share"": 0.999, ""miss_deg"": 1.21, ""labels"": [192]}, {""name"": ""球R"", ""m"": 0.03213, ""q"": 0.0001, ""c"": 0.1188, ""capture"": 0.001, ""share"": 0.001, ""miss_deg"": 3.81, ""labels"": [193]}]"
2026_08_16/s6,s6,v8,,vis,30.97,32.11,1.14,4.531,球M,192,0.973,0.0245,0.168,0.03,0.028,0.975,object#17,389.6407,0,0,2,球M,1,2,"[{""name"": ""球M"", ""m"": 9.56315, ""q"": 0.0245, ""c"": 0.1459, ""capture"": 0.168, ""share"": 0.973, ""miss_deg"": 1.89, ""labels"": [192]}, {""name"": ""球R"", ""m"": 0.26531, ""q"": 0.0007, ""c"": 0.1369, ""capture"": 0.005, ""share"": 0.027, ""miss_deg"": 3.26, ""labels"": [193]}]"
2026_08_16/s6,s6,v8,,vis,32.17,32.65,0.49,4.456,球M,192,1.0,0.0597,0.409,0.0,0.0,0.94,object#162,389.6407,1,1,2,球M,1,2,"[{""name"": ""球M"", ""m"": 23.25549, ""q"": 0.0597, ""c"": 0.1459, ""capture"": 0.409, ""share"": 1.0, ""miss_deg"": 1.34, ""labels"": [192]}, {""name"": ""球L"", ""m"": 0.00099, ""q"": 0.0, ""c"": 0.1636, ""capture"": 0.0, ""share"": 0.0, ""miss_deg"": 4.71, ""labels"": [191]}]"
2026_08_16/s6,s6,v8,,vis,32.71,33.36,0.65,4.591,球R,193,0.602,0.0077,0.065,0.538,0.661,0.987,object#17,389.6407,0,0,2,球M,0,2,"[{""name"": ""球R"", ""m"": 3.00211, ""q"": 0.0077, ""c"": 0.1188, ""capture"": 0.065, ""share"": 0.602, ""miss_deg"": 2.34, ""labels"": [193]}, {""name"": ""球M"", ""m"": 1.98778, ""q"": 0.0051, ""c"": 0.1459, ""capture"": 0.035, ""share"": 0.398, ""miss_deg"": 2.59, ""labels"": [192]}]"
2026_08_16/s6,s6,v8,,vis,33.41,33.68,0.27,4.529,球M,192,1.0,0.014,0.096,0.0,0.0,0.986,object#17,389.6407,0,0,2,球M,1,1,"[{""name"": ""球M"", ""m"": 5.45677, ""q"": 0.014, ""c"": 0.1459, ""capture"": 0.096, ""share"": 1.0, ""miss_deg"": 2.16, ""labels"": [192]}]"
2026_08_16/s6,s6,v8,,vis,34.15,34.42,0.27,4.58,球R,193,0.907,0.0022,0.019,0.105,0.103,0.998,object#17,389.6407,0,0,,,,2,"[{""name"": ""球R"", ""m"": 0.86615, ""q"": 0.0022, ""c"": 0.1188, ""capture"": 0.019, ""share"": 0.907, ""miss_deg"": 2.82, ""labels"": [193]}, {""name"": ""球M"", ""m"": 0.08882, ""q"": 0.0002, ""c"": 0.1459, ""capture"": 0.002, ""share"": 0.093, ""miss_deg"": 3.59, ""labels"": [192]}]"
2026_08_16/s6,s6,v8,,vis,34.47,36.37,1.9,4.567,球R,193,0.973,0.0596,0.502,0.028,0.026,0.939,object#17,389.6407,1,1,,,,3,"[{""name"": ""球R"", ""m"": 23.23924, ""q"": 0.0596, ""c"": 0.1188, ""capture"": 0.502, ""share"": 0.973, ""miss_deg"": 1.17, ""labels"": [193]}, {""name"": ""石榴"", ""m"": 0.59999, ""q"": 0.0015, ""c"": 0.1097, ""capture"": 0.014, ""share"": 0.025, ""miss_deg"": 2.92, ""labels"": [195]}, {""name"": ""球M"", ""m"": 0.03683, ""q"": 0.0001, ""c"": 0.1459, ""capture"": 0.001, ""share"": 0.002, ""miss_deg"": 3.83, ""labels"": [192]}]"
2026_08_16/s6,s6,v8,,vis,36.64,39.34,2.71,4.561,球R,193,1.0,0.0196,0.143,0.0,0.0,0.98,object#17,389.6407,0,0,3,球R,1,2,"[{""name"": ""球R"", ""m"": 7.65123, ""q"": 0.0196, ""c"": 0.1369, ""capture"": 0.143, ""share"": 1.0, ""miss_deg"": 1.97, ""labels"": [193]}, {""name"": ""球M"", ""m"": 0.00301, ""q"": 0.0, ""c"": 0.1459, ""capture"": 0.0, ""share"": 0.0, ""miss_deg"": 4.44, ""labels"": [192]}]"
2026_08_16/s6,s6,v8,,vis,39.62,42.76,3.14,4.598,,-1,0.0,0.0,,,,1.0,object#17,389.6407,0,0,3,球R,,0,[]
2026_08_16/s6,s6,v8,,vis,42.81,43.35,0.54,4.545,球R,193,0.998,0.0649,0.474,0.002,0.002,0.935,object#17,389.6407,1,1,4,球R,1,2,"[{""name"": ""球R"", ""m"": 25.28231, ""q"": 0.0649, ""c"": 0.1369, ""capture"": 0.474, ""share"": 0.998, ""miss_deg"": 1.22, ""labels"": [193]}, {""name"": ""石榴"", ""m"": 0.04423, ""q"": 0.0001, ""c"": 0.1097, ""capture"": 0.001, ""share"": 0.002, ""miss_deg"": 3.71, ""labels"": [195]}]"
2026_08_16/s6,s6,v8,,vis,43.79,45.41,1.62,4.556,球R,193,0.999,0.042,0.307,0.0,0.001,0.958,object#17,389.6407,1,1,4,球R,1,2,"[{""name"": ""球R"", ""m"": 16.36004, ""q"": 0.042, ""c"": 0.1369, ""capture"": 0.307, ""share"": 0.999, ""miss_deg"": 1.54, ""labels"": [193]}, {""name"": ""石榴"", ""m"": 0.01173, ""q"": 0.0, ""c"": 0.1097, ""capture"": 0.0, ""share"": 0.001, ""miss_deg"": 4.05, ""labels"": [195]}]"
2026_08_16/s6,s6,v8,,vis,45.92,47.54,1.62,4.517,球R,193,0.986,0.0491,0.359,0.017,0.013,0.95,object#17,389.6407,1,1,4,球R,1,3,"[{""name"": ""球R"", ""m"": 19.1374, ""q"": 0.0491, ""c"": 0.1369, ""capture"": 0.359, ""share"": 0.986, ""miss_deg"": 1.43, ""labels"": [193]}, {""name"": ""石榴"", ""m"": 0.24334, ""q"": 0.0006, ""c"": 0.1097, ""capture"": 0.006, ""share"": 0.013, ""miss_deg"": 3.22, ""labels"": [195]}, {""name"": ""球M"", ""m"": 0.01888, ""q"": 0.0, ""c"": 0.1459, ""capture"": 0.0, ""share"": 0.001, ""miss_deg"": 4.0, ""labels"": [192]}]"
2026_08_16/s6,s6,v8,,vis,47.99,52.01,4.01,4.46,球M,192,0.983,0.127,0.87,0.022,0.017,0.871,object#162,389.6407,1,1,5,球M,1,2,"[{""name"": ""球M"", ""m"": 49.47286, ""q"": 0.127, ""c"": 0.1459, ""capture"": 0.87, ""share"": 0.983, ""miss_deg"": 0.53, ""labels"": [192]}, {""name"": ""石榴"", ""m"": 0.83211, ""q"": 0.0021, ""c"": 0.1097, ""capture"": 0.019, ""share"": 0.017, ""miss_deg"": 2.81, ""labels"": [195]}]"
2026_08_16/s6,s6,v8,,vis,52.06,54.66,2.6,4.464,球M,192,0.971,0.1247,0.855,0.037,0.028,0.872,object#162,389.6407,1,1,5,球M,1,3,"[{""name"": ""球M"", ""m"": 48.59609, ""q"": 0.1247, ""c"": 0.1459, ""capture"": 0.855, ""share"": 0.971, ""miss_deg"": 0.56, ""labels"": [192]}, {""name"": ""石榴"", ""m"": 1.35132, ""q"": 0.0035, ""c"": 0.1097, ""capture"": 0.032, ""share"": 0.027, ""miss_deg"": 2.63, ""labels"": [195]}, {""name"": ""球R"", ""m"": 0.07795, ""q"": 0.0002, ""c"": 0.1369, ""capture"": 0.001, ""share"": 0.002, ""miss_deg"": 3.61, ""labels"": [193]}]"
2026_08_16/s6,s6,v8,,vis,54.94,55.59,0.65,4.643,球R,193,0.705,0.0023,0.019,0.368,0.418,0.997,object#17,389.6407,0,0,,,,2,"[{""name"": ""球R"", ""m"": 0.88323, ""q"": 0.0023, ""c"": 0.1188, ""capture"": 0.019, ""share"": 0.705, ""miss_deg"": 2.81, ""labels"": [193]}, {""name"": ""球M"", ""m"": 0.3696, ""q"": 0.0009, ""c"": 0.1459, ""capture"": 0.007, ""share"": 0.295, ""miss_deg"": 3.17, ""labels"": [192]}]"
2026_08_16/s6,s6,v8,,vis,55.86,60.19,4.33,4.562,球R,193,0.991,0.0268,0.225,0.009,0.009,0.973,object#17,389.6407,1,1,6,球R,1,2,"[{""name"": ""球R"", ""m"": 10.43407, ""q"": 0.0268, ""c"": 0.1188, ""capture"": 0.225, ""share"": 0.991, ""miss_deg"": 1.73, ""labels"": [193]}, {""name"": ""球M"", ""m"": 0.09527, ""q"": 0.0002, ""c"": 0.1459, ""capture"": 0.002, ""share"": 0.009, ""miss_deg"": 3.58, ""labels"": [192]}]"
2026_08_16/s6,s6,v8,,vis,60.25,60.95,0.7,4.519,球M,192,0.872,0.1147,0.786,0.127,0.095,0.868,object#17,389.6407,1,1,6,球R,0,3,"[{""name"": ""球M"", ""m"": 44.69178, ""q"": 0.1147, ""c"": 0.1459, ""capture"": 0.786, ""share"": 0.872, ""miss_deg"": 0.69, ""labels"": [192]}, {""name"": ""石榴"", ""m"": 4.26381, ""q"": 0.0109, ""c"": 0.1097, ""capture"": 0.1, ""share"": 0.083, ""miss_deg"": 2.15, ""labels"": [195]}, {""name"": ""球R"", ""m"": 2.3033, ""q"": 0.0059, ""c"": 0.1369, ""capture"": 0.043, ""share"": 0.045, ""miss_deg"": 2.51, ""labels"": [193]}]"
2026_08_16/s6,s6,v8,,vis,61.01,62.09,1.08,4.523,球R,193,0.759,0.0818,0.598,0.278,0.223,0.892,object#17,389.6407,1,1,,,,3,"[{""name"": ""球R"", ""m"": 31.89155, ""q"": 0.0818, ""c"": 0.1369, ""capture"": 0.598, ""share"": 0.759, ""miss_deg"": 1.01, ""labels"": [193]}, {""name"": ""石榴"", ""m"": 7.09523, ""q"": 0.0182, ""c"": 0.1097, ""capture"": 0.166, ""share"": 0.169, ""miss_deg"": 1.89, ""labels"": [195]}, {""name"": ""球M"", ""m"": 3.00509, ""q"": 0.0077, ""c"": 0.1459, ""capture"": 0.053, ""share"": 0.072, ""miss_deg"": 2.42, ""labels"": [192]}]"
2026_08_16/s6,s6,v8,,vis,62.14,64.2,2.06,4.616,球R,193,0.887,0.0691,0.582,0.091,0.083,0.922,object#17,389.6407,1,1,,,,3,"[{""name"": ""球R"", ""m"": 26.92393, ""q"": 0.0691, ""c"": 0.1188, ""capture"": 0.582, ""share"": 0.887, ""miss_deg"": 1.04, ""labels"": [193]}, {""name"": ""石榴"", ""m"": 2.24942, ""q"": 0.0058, ""c"": 0.1097, ""capture"": 0.053, ""share"": 0.074, ""miss_deg"": 2.43, ""labels"": [195]}, {""name"": ""球M"", ""m"": 1.17065, ""q"": 0.003, ""c"": 0.1459, ""capture"": 0.021, ""share"": 0.039, ""miss_deg"": 2.79, ""labels"": [192]}]"
2026_08_16/s6,s6,v8,,vis,65.04,66.23,1.19,4.636,球R,193,0.963,0.0593,0.499,0.034,0.03,0.938,object#17,389.6407,1,1,7,球R,1,3,"[{""name"": ""球R"", ""m"": 23.10582, ""q"": 0.0593, ""c"": 0.1188, ""capture"": 0.499, ""share"": 0.963, ""miss_deg"": 1.18, ""labels"": [193]}, {""name"": ""石榴"", ""m"": 0.70525, ""q"": 0.0018, ""c"": 0.1097, ""capture"": 0.017, ""share"": 0.029, ""miss_deg"": 2.86, ""labels"": [195]}, {""name"": ""球M"", ""m"": 0.18016, ""q"": 0.0005, ""c"": 0.1459, ""capture"": 0.003, ""share"": 0.008, ""miss_deg"": 3.39, ""labels"": [192]}]"
2026_08_16/s6,s6,v8,,vis,66.34,67.97,1.62,4.554,球R,193,0.99,0.0497,0.363,0.011,0.01,0.95,object#17,389.6407,1,1,7,球R,1,3,"[{""name"": ""球R"", ""m"": 19.35688, ""q"": 0.0497, ""c"": 0.1369, ""capture"": 0.363, ""share"": 0.99, ""miss_deg"": 1.42, ""labels"": [193]}, {""name"": ""石榴"", ""m"": 0.1859, ""q"": 0.0005, ""c"": 0.1097, ""capture"": 0.004, ""share"": 0.01, ""miss_deg"": 3.3, ""labels"": [195]}, {""name"": ""球M"", ""m"": 0.00604, ""q"": 0.0, ""c"": 0.1459, ""capture"": 0.0, ""share"": 0.0, ""miss_deg"": 4.28, ""labels"": [192]}]"
2026_08_16/s6,s6,v8,,vis,68.29,68.67,0.38,4.562,球M,192,1.0,0.0404,0.277,0.0,0.0,0.96,object#17,389.6407,1,1,,,,2,"[{""name"": ""球M"", ""m"": 15.74164, ""q"": 0.0404, ""c"": 0.1459, ""capture"": 0.277, ""share"": 1.0, ""miss_deg"": 1.6, ""labels"": [192]}, {""name"": ""球R"", ""m"": 0.00181, ""q"": 0.0, ""c"": 0.1188, ""capture"": 0.0, ""share"": 0.0, ""miss_deg"": 4.5, ""labels"": [193]}]"
2026_08_16/s6,s6,v8,,vis,73.49,73.76,0.27,7.077,石榴,195,1.0,0.0001,0.003,0.0,0.0,1.0,object#40,389.6407,0,0,,,,1,"[{""name"": ""石榴"", ""m"": 0.05242, ""q"": 0.0001, ""c"": 0.0526, ""capture"": 0.003, ""share"": 1.0, ""miss_deg"": 3.46, ""labels"": [195]}]"
2026_08_16/s6,s6,v8,,vis,74.61,75.09,0.49,4.461,球L,191,1.0,0.0221,0.135,0.0,0.0,0.978,object#27,389.6407,0,0,,,,2,"[{""name"": ""球L"", ""m"": 8.61818, ""q"": 0.0221, ""c"": 0.1636, ""capture"": 0.135, ""share"": 1.0, ""miss_deg"": 2.0, ""labels"": [191]}, {""name"": ""球M"", ""m"": 0.00106, ""q"": 0.0, ""c"": 0.1459, ""capture"": 0.0, ""share"": 0.0, ""miss_deg"": 4.67, ""labels"": [192]}]"
2026_08_16/s6,s6,v8,,vis,75.15,75.47,0.32,4.417,球L,191,0.924,0.1527,0.933,0.025,0.07,0.835,object#36,389.6407,1,1,,,,4,"[{""name"": ""球L"", ""m"": 59.49643, ""q"": 0.1527, ""c"": 0.1636, ""capture"": 0.933, ""share"": 0.924, ""miss_deg"": 0.37, ""labels"": [191]}, {""name"": ""香蕉"", ""m"": 4.17919, ""q"": 0.0107, ""c"": 0.4729, ""capture"": 0.023, ""share"": 0.065, ""miss_deg"": 2.75, ""labels"": [196]}, {""name"": ""苹果"", ""m"": 0.43807, ""q"": 0.0011, ""c"": 0.1369, ""capture"": 0.008, ""share"": 0.007, ""miss_deg"": 3.1, ""labels"": [194]}, {""name"": ""球M"", ""m"": 0.28248, ""q"": 0.0007, ""c"": 0.1636, ""capture"": 0.004, ""share"": 0.004, ""miss_deg"": 3.29, ""labels"": [192]}]"
2026_08_16/s6,s6,v8,,vis,75.74,76.18,0.43,4.481,球M,192,1.0,0.0521,0.357,0.0,0.0,0.948,object#17,389.6407,1,1,,,,1,"[{""name"": ""球M"", ""m"": 20.31895, ""q"": 0.0521, ""c"": 0.1459, ""capture"": 0.357, ""share"": 1.0, ""miss_deg"": 1.43, ""labels"": [192]}]"
2026_08_16/s6,s6,v8,,vis,76.23,76.72,0.49,4.512,球L,191,1.0,0.0501,0.306,0.0,0.0,0.95,object#27,389.6407,1,1,,,,1,"[{""name"": ""球L"", ""m"": 19.53368, ""q"": 0.0501, ""c"": 0.1636, ""capture"": 0.306, ""share"": 1.0, ""miss_deg"": 1.54, ""labels"": [191]}]"
2026_08_16/s6,s6,v8,,vis,77.16,77.7,0.54,4.566,球M,192,1.0,0.0177,0.122,0.0,0.0,0.982,object#118,389.6407,0,0,,,,1,"[{""name"": ""球M"", ""m"": 6.90772, ""q"": 0.0177, ""c"": 0.1459, ""capture"": 0.122, ""share"": 1.0, ""miss_deg"": 2.05, ""labels"": [192]}]"
2026_08_16/s6,s6,v8,,vis,77.76,80.03,2.27,4.485,球M,192,1.0,0.069,0.473,0.0,0.0,0.931,object#17,389.6407,1,1,,,,2,"[{""name"": ""球M"", ""m"": 26.88074, ""q"": 0.069, ""c"": 0.1459, ""capture"": 0.473, ""share"": 1.0, ""miss_deg"": 1.22, ""labels"": [192]}, {""name"": ""球R"", ""m"": 0.01282, ""q"": 0.0, ""c"": 0.1369, ""capture"": 0.0, ""share"": 0.0, ""miss_deg"": 4.08, ""labels"": [193]}]"
2026_08_16/s6,s6,v8,,vis,80.09,82.96,2.87,4.552,球M,192,0.988,0.0589,0.404,0.012,0.012,0.94,object#17,389.6407,1,1,8,球M,1,2,"[{""name"": ""球M"", ""m"": 22.94214, ""q"": 0.0589, ""c"": 0.1459, ""capture"": 0.404, ""share"": 0.988, ""miss_deg"": 1.35, ""labels"": [192]}, {""name"": ""球R"", ""m"": 0.27324, ""q"": 0.0007, ""c"": 0.1369, ""capture"": 0.005, ""share"": 0.012, ""miss_deg"": 3.25, ""labels"": [193]}]"
2026_08_16/s6,s6,v8,,vis,83.19,83.73,0.54,4.509,球M,192,0.971,0.0698,0.479,0.031,0.03,0.928,object#17,389.6407,1,1,,,,2,"[{""name"": ""球M"", ""m"": 27.21583, ""q"": 0.0698, ""c"": 0.1459, ""capture"": 0.479, ""share"": 0.971, ""miss_deg"": 1.21, ""labels"": [192]}, {""name"": ""球R"", ""m"": 0.81525, ""q"": 0.0021, ""c"": 0.1369, ""capture"": 0.015, ""share"": 0.029, ""miss_deg"": 2.89, ""labels"": [193]}]"
2026_08_16/s6,s6,v8,,vis,84.17,85.58,1.41,4.401,球L,191,0.912,0.0733,0.448,0.085,0.084,0.92,object#27,389.6407,1,1,,,,3,"[{""name"": ""球L"", ""m"": 28.5542, ""q"": 0.0733, ""c"": 0.1636, ""capture"": 0.448, ""share"": 0.912, ""miss_deg"": 1.27, ""labels"": [191]}, {""name"": ""球M"", ""m"": 2.41508, ""q"": 0.0062, ""c"": 0.1636, ""capture"": 0.038, ""share"": 0.077, ""miss_deg"": 2.56, ""labels"": [192]}, {""name"": ""香蕉"", ""m"": 0.34822, ""q"": 0.0009, ""c"": 0.4729, ""capture"": 0.002, ""share"": 0.011, ""miss_deg"": 3.54, ""labels"": [196]}]"
2026_08_16/s6,s6,v8,,vis,85.79,88.61,2.82,4.486,球L,191,0.906,0.1436,0.877,0.027,0.078,0.842,object#36,389.6407,1,1,9,球L,1,4,"[{""name"": ""球L"", ""m"": 55.93568, ""q"": 0.1436, ""c"": 0.1636, ""capture"": 0.877, ""share"": 0.906, ""miss_deg"": 0.51, ""labels"": [191]}, {""name"": ""香蕉"", ""m"": 4.41379, ""q"": 0.0113, ""c"": 0.4729, ""capture"": 0.024, ""share"": 0.071, ""miss_deg"": 2.73, ""labels"": [196]}, {""name"": ""球M"", ""m"": 1.07458, ""q"": 0.0028, ""c"": 0.1459, ""capture"": 0.019, ""share"": 0.017, ""miss_deg"": 2.82, ""labels"": [192]}, {""name"": ""苹果"", ""m"": 0.32989, ""q"": 0.0008, ""c"": 0.1369, ""capture"": 0.006, ""share"": 0.005, ""miss_deg"": 3.19, ""labels"": [194]}]"
2026_08_16/s6,s6,v8,,vis,88.93,90.5,1.57,4.405,球L,191,0.58,0.0429,0.262,0.71,0.712,0.926,object#162,389.6407,1,1,9,球L,1,3,"[{""name"": ""球L"", ""m"": 16.7159, ""q"": 0.0429, ""c"": 0.1636, ""capture"": 0.262, ""share"": 0.58, ""miss_deg"": 1.64, ""labels"": [191]}, {""name"": ""球M"", ""m"": 11.88966, ""q"": 0.0305, ""c"": 0.1636, ""capture"": 0.186, ""share"": 0.413, ""miss_deg"": 1.83, ""labels"": [192]}, {""name"": ""香蕉"", ""m"": 0.19667, ""q"": 0.0005, ""c"": 0.4729, ""capture"": 0.001, ""share"": 0.007, ""miss_deg"": 3.7, ""labels"": [196]}]"
2026_08_16/s6,s6,v8,,vis,90.89,91.65,0.76,4.471,球M,192,0.935,0.0667,0.457,0.063,0.059,0.929,object#17,389.6407,1,1,,,,3,"[{""name"": ""球M"", ""m"": 25.98428, ""q"": 0.0667, ""c"": 0.1459, ""capture"": 0.457, ""share"": 0.935, ""miss_deg"": 1.25, ""labels"": [192]}, {""name"": ""球R"", ""m"": 1.52731, ""q"": 0.0039, ""c"": 0.1369, ""capture"": 0.029, ""share"": 0.055, ""miss_deg"": 2.67, ""labels"": [193]}, {""name"": ""石榴"", ""m"": 0.28798, ""q"": 0.0007, ""c"": 0.1097, ""capture"": 0.007, ""share"": 0.01, ""miss_deg"": 3.16, ""labels"": [195]}]"
2026_08_16/s6,s6,v8,,vis,91.76,94.9,3.14,4.501,球M,192,0.862,0.1288,0.883,0.139,0.106,0.851,object#17,389.6407,1,1,10,球M,1,3,"[{""name"": ""球M"", ""m"": 50.17262, ""q"": 0.1288, ""c"": 0.1459, ""capture"": 0.883, ""share"": 0.862, ""miss_deg"": 0.5, ""labels"": [192]}, {""name"": ""石榴"", ""m"": 5.27306, ""q"": 0.0135, ""c"": 0.1097, ""capture"": 0.123, ""share"": 0.091, ""miss_deg"": 2.05, ""labels"": [195]}, {""name"": ""球R"", ""m"": 2.75715, ""q"": 0.0071, ""c"": 0.1369, ""capture"": 0.052, ""share"": 0.047, ""miss_deg"": 2.43, ""labels"": [193]}]"
2026_08_16/s6,s6,v8,,vis,95.0,97.93,2.92,4.514,球M,192,0.708,0.1344,0.921,0.397,0.298,0.81,object#17,389.6407,1,1,10,球M,1,3,"[{""name"": ""球M"", ""m"": 52.35176, ""q"": 0.1344, ""c"": 0.1459, ""capture"": 0.921, ""share"": 0.708, ""miss_deg"": 0.41, ""labels"": [192]}, {""name"": ""石榴"", ""m"": 15.63467, ""q"": 0.0401, ""c"": 0.1097, ""capture"": 0.366, ""share"": 0.211, ""miss_deg"": 1.42, ""labels"": [195]}, {""name"": ""球R"", ""m"": 6.00298, ""q"": 0.0154, ""c"": 0.1369, ""capture"": 0.113, ""share"": 0.081, ""miss_deg"": 2.09, ""labels"": [193]}]"
2026_08_16/s6,s6,v8,,vis,98.25,98.57,0.32,4.49,球L,191,0.93,0.1462,0.893,0.024,0.068,0.843,object#36,389.6407,1,1,,,,3,"[{""name"": ""球L"", ""m"": 56.95348, ""q"": 0.1462, ""c"": 0.1636, ""capture"": 0.893, ""share"": 0.93, ""miss_deg"": 0.47, ""labels"": [191]}, {""name"": ""香蕉"", ""m"": 3.8874, ""q"": 0.01, ""c"": 0.4729, ""capture"": 0.021, ""share"": 0.063, ""miss_deg"": 2.78, ""labels"": [196]}, {""name"": ""苹果"", ""m"": 0.38016, ""q"": 0.001, ""c"": 0.1369, ""capture"": 0.007, ""share"": 0.006, ""miss_deg"": 3.14, ""labels"": [194]}]"
2026_08_16/s6,s6,v8,,vis,98.63,101.66,3.03,4.405,球L,191,0.866,0.217,1.326,0.051,0.043,0.749,object#36,389.6407,1,1,11,球L,1,4,"[{""name"": ""球L"", ""m"": 84.56309, ""q"": 0.217, ""c"": 0.1636, ""capture"": 1.326, ""share"": 0.866, ""miss_deg"": 0.0, ""labels"": [191]}, {""name"": ""苹果"", ""m"": 3.64265, ""q"": 0.0093, ""c"": 0.1369, ""capture"": 0.068, ""share"": 0.037, ""miss_deg"": 2.32, ""labels"": [194]}, {""name"": ""香蕉"", ""m"": 9.44819, ""q"": 0.0242, ""c"": 0.4729, ""capture"": 0.051, ""share"": 0.097, ""miss_deg"": 2.44, ""labels"": [196]}, {""name"": ""球M"", ""m"": 0.00239, ""q"": 0.0, ""c"": 0.1636, ""capture"": 0.0, ""share"": 0.0, ""miss_deg"": 4.51, ""labels"": [192]}]"
2026_08_16/s6,s6,v8,,vis,101.77,102.96,1.19,4.403,球L,191,0.893,0.2017,1.233,0.047,0.043,0.774,object#36,389.6407,1,1,11,球L,1,3,"[{""name"": ""球L"", ""m"": 78.58436, ""q"": 0.2017, ""c"": 0.1636, ""capture"": 1.233, ""share"": 0.893, ""miss_deg"": 0.0, ""labels"": [191]}, {""name"": ""苹果"", ""m"": 3.30431, ""q"": 0.0085, ""c"": 0.1459, ""capture"": 0.058, ""share"": 0.038, ""miss_deg"": 2.39, ""labels"": [194]}, {""name"": ""香蕉"", ""m"": 6.09056, ""q"": 0.0156, ""c"": 0.4729, ""capture"": 0.033, ""share"": 0.069, ""miss_deg"": 2.61, ""labels"": [196]}]"
2026_08_16/s6,s6,v8,,vis,103.01,103.39,0.38,4.445,球M,192,0.969,0.1564,1.072,0.04,0.03,0.839,object#162,389.6407,1,1,11,球L,0,3,"[{""name"": ""球M"", ""m"": 60.92755, ""q"": 0.1564, ""c"": 0.1459, ""capture"": 1.072, ""share"": 0.969, ""miss_deg"": 0.0, ""labels"": [192]}, {""name"": ""石榴"", ""m"": 1.85167, ""q"": 0.0048, ""c"": 0.1097, ""capture"": 0.043, ""share"": 0.029, ""miss_deg"": 2.51, ""labels"": [195]}, {""name"": ""球L"", ""m"": 0.07558, ""q"": 0.0002, ""c"": 0.1636, ""capture"": 0.001, ""share"": 0.001, ""miss_deg"": 3.67, ""labels"": [191]}]"
2026_08_16/s6,s6,v8,,vis,103.45,104.0,0.54,4.401,球L,191,0.904,0.188,1.149,0.028,0.081,0.792,object#10,389.6407,1,1,11,球L,1,4,"[{""name"": ""球L"", ""m"": 73.25721, ""q"": 0.188, ""c"": 0.1636, ""capture"": 1.149, ""share"": 0.904, ""miss_deg"": 0.0, ""labels"": [191]}, {""name"": ""香蕉"", ""m"": 5.89232, ""q"": 0.0151, ""c"": 0.4729, ""capture"": 0.032, ""share"": 0.073, ""miss_deg"": 2.62, ""labels"": [196]}, {""name"": ""球M"", ""m"": 1.06416, ""q"": 0.0027, ""c"": 0.1636, ""capture"": 0.017, ""share"": 0.013, ""miss_deg"": 2.86, ""labels"": [192]}, {""name"": ""苹果"", ""m"": 0.84285, ""q"": 0.0022, ""c"": 0.1459, ""capture"": 0.015, ""share"": 0.01, ""miss_deg"": 2.9, ""labels"": [194]}]"
2026_08_16/s6,s6,v8,,vis,104.05,104.48,0.43,4.409,球M,192,0.875,0.126,0.77,0.126,0.126,0.856,object#162,389.6407,1,1,11,球L,0,4,"[{""name"": ""球M"", ""m"": 49.11277, ""q"": 0.126, ""c"": 0.1636, ""capture"": 0.77, ""share"": 0.875, ""miss_deg"": 0.72, ""labels"": [192]}, {""name"": ""球L"", ""m"": 6.19612, ""q"": 0.0159, ""c"": 0.1636, ""capture"": 0.097, ""share"": 0.11, ""miss_deg"": 2.16, ""labels"": [191]}, {""name"": ""石榴"", ""m"": 0.69277, ""q"": 0.0018, ""c"": 0.1097, ""capture"": 0.016, ""share"": 0.012, ""miss_deg"": 2.87, ""labels"": [195]}, {""name"": ""香蕉"", ""m"": 0.15818, ""q"": 0.0004, ""c"": 0.4729, ""capture"": 0.001, ""share"": 0.003, ""miss_deg"": 3.76, ""labels"": [196]}]"
2026_08_16/s6,s6,v8,,vis,104.54,104.92,0.38,4.479,球M,192,0.888,0.1923,1.318,0.168,0.126,0.783,object#162,389.6407,1,1,,,,3,"[{""name"": ""球M"", ""m"": 74.91442, ""q"": 0.1923, ""c"": 0.1459, ""capture"": 1.318, ""share"": 0.888, ""miss_deg"": 0.0, ""labels"": [192]}, {""name"": ""石榴"", ""m"": 9.43975, ""q"": 0.0242, ""c"": 0.1097, ""capture"": 0.221, ""share"": 0.112, ""miss_deg"": 1.74, ""labels"": [195]}, {""name"": ""球R"", ""m"": 0.04383, ""q"": 0.0001, ""c"": 0.1369, ""capture"": 0.001, ""share"": 0.001, ""miss_deg"": 3.77, ""labels"": [193]}]"
2026_08_16/s6,s6,v8,,vis,105.1,105.47,0.38,4.437,球M,192,0.926,0.1887,1.293,0.107,0.08,0.796,object#162,389.6407,1,1,,,,3,"[{""name"": ""球M"", ""m"": 73.52164, ""q"": 0.1887, ""c"": 0.1459, ""capture"": 1.293, ""share"": 0.926, ""miss_deg"": 0.0, ""labels"": [192]}, {""name"": ""石榴"", ""m"": 5.87891, ""q"": 0.0151, ""c"": 0.1097, ""capture"": 0.138, ""share"": 0.074, ""miss_deg"": 1.99, ""labels"": [195]}, {""name"": ""球L"", ""m"": 0.00209, ""q"": 0.0, ""c"": 0.1636, ""capture"": 0.0, ""share"": 0.0, ""miss_deg"": 4.54, ""labels"": [191]}]"
2026_08_16/s6,s6,v8,,vis,105.53,109.27,3.74,4.494,球M,192,0.896,0.1885,1.292,0.154,0.116,0.79,object#162,389.6407,1,1,12,球M,1,3,"[{""name"": ""球M"", ""m"": 73.45487, ""q"": 0.1885, ""c"": 0.1459, ""capture"": 1.292, ""share"": 0.896, ""miss_deg"": 0.0, ""labels"": [192]}, {""name"": ""石榴"", ""m"": 8.52063, ""q"": 0.0219, ""c"": 0.1097, ""capture"": 0.199, ""share"": 0.104, ""miss_deg"": 1.8, ""labels"": [195]}, {""name"": ""球R"", ""m"": 0.0214, ""q"": 0.0001, ""c"": 0.1369, ""capture"": 0.0, ""share"": 0.0, ""miss_deg"": 3.96, ""labels"": [193]}]"
2026_08_16/s6,s6,v8,,vis,109.32,110.62,1.3,4.563,球M,192,0.764,0.1332,0.913,0.25,0.188,0.826,object#17,389.6407,1,1,12,球M,1,3,"[{""name"": ""球M"", ""m"": 51.89804, ""q"": 0.1332, ""c"": 0.1459, ""capture"": 0.913, ""share"": 0.764, ""miss_deg"": 0.43, ""labels"": [192]}, {""name"": ""石榴"", ""m"": 9.7622, ""q"": 0.0251, ""c"": 0.1097, ""capture"": 0.228, ""share"": 0.144, ""miss_deg"": 1.72, ""labels"": [195]}, {""name"": ""球R"", ""m"": 6.24061, ""q"": 0.016, ""c"": 0.1188, ""capture"": 0.135, ""share"": 0.092, ""miss_deg"": 2.0, ""labels"": [193]}]"
2026_08_16/s6,s6,v8,,vis,110.67,111.22,0.54,4.546,球R,193,0.82,0.0937,0.685,0.203,0.163,0.886,object#17,389.6407,1,1,12,球M,0,3,"[{""name"": ""球R"", ""m"": 36.52717, ""q"": 0.0937, ""c"": 0.1369, ""capture"": 0.685, ""share"": 0.82, ""miss_deg"": 0.87, ""labels"": [193]}, {""name"": ""石榴"", ""m"": 5.95868, ""q"": 0.0153, ""c"": 0.1097, ""capture"": 0.139, ""share"": 0.134, ""miss_deg"": 1.98, ""labels"": [195]}, {""name"": ""球M"", ""m"": 2.04676, ""q"": 0.0053, ""c"": 0.1459, ""capture"": 0.036, ""share"": 0.046, ""miss_deg"": 2.58, ""labels"": [192]}]"
2026_08_16/s6,s6,v8,,vis,111.59,112.14,0.54,4.559,球M,192,0.684,0.1154,0.791,0.34,0.256,0.831,object#17,389.6407,1,1,,,,3,"[{""name"": ""球M"", ""m"": 44.94532, ""q"": 0.1154, ""c"": 0.1459, ""capture"": 0.791, ""share"": 0.684, ""miss_deg"": 0.69, ""labels"": [192]}, {""name"": ""石榴"", ""m"": 11.49246, ""q"": 0.0295, ""c"": 0.1097, ""capture"": 0.269, ""share"": 0.175, ""miss_deg"": 1.62, ""labels"": [195]}, {""name"": ""球R"", ""m"": 9.28256, ""q"": 0.0238, ""c"": 0.1369, ""capture"": 0.174, ""share"": 0.141, ""miss_deg"": 1.87, ""labels"": [193]}]"
2026_08_16/s6,s6,v8,,vis,112.19,112.57,0.38,4.385,球L,191,0.908,0.183,1.118,0.026,0.075,0.799,object#149,389.6407,1,1,,,,4,"[{""name"": ""球L"", ""m"": 71.28984, ""q"": 0.183, ""c"": 0.1636, ""capture"": 1.118, ""share"": 0.908, ""miss_deg"": 0.0, ""labels"": [191]}, {""name"": ""香蕉"", ""m"": 5.35463, ""q"": 0.0137, ""c"": 0.4729, ""capture"": 0.029, ""share"": 0.068, ""miss_deg"": 2.66, ""labels"": [196]}, {""name"": ""球M"", ""m"": 1.09644, ""q"": 0.0028, ""c"": 0.1636, ""capture"": 0.017, ""share"": 0.014, ""miss_deg"": 2.85, ""labels"": [192]}, {""name"": ""苹果"", ""m"": 0.745, ""q"": 0.0019, ""c"": 0.1459, ""capture"": 0.013, ""share"": 0.009, ""miss_deg"": 2.94, ""labels"": [194]}]"
2026_08_16/s6,s6,v8,,vis,112.68,115.38,2.7,4.406,球L,191,0.856,0.2208,1.35,0.063,0.053,0.742,object#36,389.6407,1,1,,,,3,"[{""name"": ""球L"", ""m"": 86.05156, ""q"": 0.2208, ""c"": 0.1636, ""capture"": 1.35, ""share"": 0.856, ""miss_deg"": 0.0, ""labels"": [191]}, {""name"": ""苹果"", ""m"": 4.51017, ""q"": 0.0116, ""c"": 0.1369, ""capture"": 0.085, ""share"": 0.045, ""miss_deg"": 2.22, ""labels"": [194]}, {""name"": ""香蕉"", ""m"": 9.90712, ""q"": 0.0254, ""c"": 0.4729, ""capture"": 0.054, ""share"": 0.099, ""miss_deg"": 2.42, ""labels"": [196]}]"
2026_08_16/s6,s6,v8,,vis,115.44,116.03,0.6,4.482,球M,192,0.903,0.1069,0.733,0.086,0.096,0.882,object#162,389.6407,1,1,13,球L,0,4,"[{""name"": ""球M"", ""m"": 41.66182, ""q"": 0.1069, ""c"": 0.1459, ""capture"": 0.733, ""share"": 0.903, ""miss_deg"": 0.79, ""labels"": [192]}, {""name"": ""球L"", ""m"": 4.03209, ""q"": 0.0103, ""c"": 0.1636, ""capture"": 0.063, ""share"": 0.087, ""miss_deg"": 2.35, ""labels"": [191]}, {""name"": ""石榴"", ""m"": 0.32019, ""q"": 0.0008, ""c"": 0.1097, ""capture"": 0.007, ""share"": 0.007, ""miss_deg"": 3.13, ""labels"": [195]}, {""name"": ""香蕉"", ""m"": 0.13067, ""q"": 0.0003, ""c"": 0.4729, ""capture"": 0.001, ""share"": 0.003, ""miss_deg"": 3.81, ""labels"": [196]}]"
2026_08_16/s6,s6,v8,,vis,116.09,117.12,1.03,4.48,球L,191,0.841,0.2157,1.318,0.055,0.158,0.744,object#36,389.6407,1,1,13,球L,1,4,"[{""name"": ""球L"", ""m"": 84.03388, ""q"": 0.2157, ""c"": 0.1636, ""capture"": 1.318, ""share"": 0.841, ""miss_deg"": 0.0, ""labels"": [191]}, {""name"": ""香蕉"", ""m"": 13.30297, ""q"": 0.0341, ""c"": 0.4729, ""capture"": 0.072, ""share"": 0.133, ""miss_deg"": 2.29, ""labels"": [196]}, {""name"": ""苹果"", ""m"": 2.52827, ""q"": 0.0065, ""c"": 0.1369, ""capture"": 0.047, ""share"": 0.025, ""miss_deg"": 2.47, ""labels"": [194]}, {""name"": ""球M"", ""m"": 0.0044, ""q"": 0.0, ""c"": 0.1459, ""capture"": 0.0, ""share"": 0.0, ""miss_deg"": 4.35, ""labels"": [192]}]"
2026_08_16/s6,s6,v8,,vis,117.44,117.82,0.38,4.504,球L,191,0.861,0.1681,1.028,0.069,0.062,0.805,object#10,389.6407,1,1,13,球L,1,4,"[{""name"": ""球L"", ""m"": 65.51681, ""q"": 0.1681, ""c"": 0.1636, ""capture"": 1.028, ""share"": 0.861, ""miss_deg"": 0.0, ""labels"": [191]}, {""name"": ""球M"", ""m"": 4.06146, ""q"": 0.0104, ""c"": 0.1459, ""capture"": 0.071, ""share"": 0.053, ""miss_deg"": 2.3, ""labels"": [192]}, {""name"": ""香蕉"", ""m"": 6.4472, ""q"": 0.0165, ""c"": 0.4729, ""capture"": 0.035, ""share"": 0.085, ""miss_deg"": 2.59, ""labels"": [196]}, {""name"": ""苹果"", ""m"": 0.04792, ""q"": 0.0001, ""c"": 0.1369, ""capture"": 0.001, ""share"": 0.001, ""miss_deg"": 3.75, ""labels"": [194]}]"
2026_08_16/s6,s6,v8,,vis,117.87,118.14,0.27,4.517,球M,192,0.948,0.2145,1.47,0.071,0.054,0.774,object#10,389.6407,1,1,13,球L,0,3,"[{""name"": ""球M"", ""m"": 83.56702, ""q"": 0.2145, ""c"": 0.1459, ""capture"": 1.47, ""share"": 0.948, ""miss_deg"": 0.0, ""labels"": [192]}, {""name"": ""石榴"", ""m"": 4.50468, ""q"": 0.0116, ""c"": 0.1097, ""capture"": 0.105, ""share"": 0.051, ""miss_deg"": 2.12, ""labels"": [195]}, {""name"": ""球L"", ""m"": 0.05693, ""q"": 0.0001, ""c"": 0.1636, ""capture"": 0.001, ""share"": 0.001, ""miss_deg"": 3.75, ""labels"": [191]}]"
2026_08_16/s6,s6,v8,,vis,118.2,119.01,0.81,4.459,球L,191,0.835,0.1982,1.211,0.055,0.158,0.763,object#10,389.6407,1,1,13,球L,1,4,"[{""name"": ""球L"", ""m"": 77.21852, ""q"": 0.1982, ""c"": 0.1636, ""capture"": 1.211, ""share"": 0.835, ""miss_deg"": 0.0, ""labels"": [191]}, {""name"": ""香蕉"", ""m"": 12.17017, ""q"": 0.0312, ""c"": 0.4729, ""capture"": 0.066, ""share"": 0.132, ""miss_deg"": 2.33, ""labels"": [196]}, {""name"": ""苹果"", ""m"": 1.80781, ""q"": 0.0046, ""c"": 0.1369, ""capture"": 0.034, ""share"": 0.02, ""miss_deg"": 2.6, ""labels"": [194]}, {""name"": ""球M"", ""m"": 1.25798, ""q"": 0.0032, ""c"": 0.1459, ""capture"": 0.022, ""share"": 0.014, ""miss_deg"": 2.76, ""labels"": [192]}]"
2026_08_16/s6,s6,v8,,vis,119.37,122.25,2.88,4.548,球R,193,0.831,0.1072,0.783,0.216,0.173,0.871,object#17,389.6407,1,1,,,,3,"[{""name"": ""球R"", ""m"": 41.78269, ""q"": 0.1072, ""c"": 0.1369, ""capture"": 0.783, ""share"": 0.831, ""miss_deg"": 0.7, ""labels"": [193]}, {""name"": ""石榴"", ""m"": 7.23554, ""q"": 0.0186, ""c"": 0.1097, ""capture"": 0.169, ""share"": 0.144, ""miss_deg"": 1.88, ""labels"": [195]}, {""name"": ""球M"", ""m"": 1.2858, ""q"": 0.0033, ""c"": 0.1459, ""capture"": 0.023, ""share"": 0.026, ""miss_deg"": 2.75, ""labels"": [192]}]"
2026_08_16/s6,s6,v8,,vis,122.3,124.31,2.0,4.54,球R,193,0.889,0.1189,0.869,0.147,0.118,0.866,object#17,389.6407,1,1,14,球R,1,3,"[{""name"": ""球R"", ""m"": 46.34721, ""q"": 0.1189, ""c"": 0.1369, ""capture"": 0.869, ""share"": 0.889, ""miss_deg"": 0.53, ""labels"": [193]}, {""name"": ""石榴"", ""m"": 5.48302, ""q"": 0.0141, ""c"": 0.1097, ""capture"": 0.128, ""share"": 0.105, ""miss_deg"": 2.03, ""labels"": [195]}, {""name"": ""球M"", ""m"": 0.28175, ""q"": 0.0007, ""c"": 0.1459, ""capture"": 0.005, ""share"": 0.005, ""miss_deg"": 3.26, ""labels"": [192]}]"
2026_08_16/s6,s6,v8,,vis,124.36,124.69,0.32,4.496,球M,192,0.963,0.1385,0.949,0.052,0.038,0.856,object#162,389.6407,1,1,14,球R,0,2,"[{""name"": ""球M"", ""m"": 53.97039, ""q"": 0.1385, ""c"": 0.1459, ""capture"": 0.949, ""share"": 0.963, ""miss_deg"": 0.32, ""labels"": [192]}, {""name"": ""石榴"", ""m"": 2.09837, ""q"": 0.0054, ""c"": 0.1097, ""capture"": 0.049, ""share"": 0.037, ""miss_deg"": 2.46, ""labels"": [195]}]"
2026_08_16/s6,s6,v8,,vis,125.14,125.46,0.32,4.526,球M,192,0.868,0.2143,1.469,0.202,0.152,0.753,object#10,389.6407,1,1,14,球R,0,3,"[{""name"": ""球M"", ""m"": 83.51316, ""q"": 0.2143, ""c"": 0.1459, ""capture"": 1.469, ""share"": 0.868, ""miss_deg"": 0.0, ""labels"": [192]}, {""name"": ""石榴"", ""m"": 12.69054, ""q"": 0.0326, ""c"": 0.1097, ""capture"": 0.297, ""share"": 0.132, ""miss_deg"": 1.56, ""labels"": [195]}, {""name"": ""球L"", ""m"": 0.00418, ""q"": 0.0, ""c"": 0.1636, ""capture"": 0.0, ""share"": 0.0, ""miss_deg"": 4.39, ""labels"": [191]}]"
2026_08_16/s6,s6,v8,,vis,125.52,125.79,0.27,4.624,球R,193,0.795,0.143,1.204,0.251,0.231,0.82,object#17,389.6407,1,1,14,球R,1,3,"[{""name"": ""球R"", ""m"": 55.73288, ""q"": 0.143, ""c"": 0.1188, ""capture"": 1.204, ""share"": 0.795, ""miss_deg"": 0.0, ""labels"": [193]}, {""name"": ""石榴"", ""m"": 12.88389, ""q"": 0.0331, ""c"": 0.1097, ""capture"": 0.302, ""share"": 0.184, ""miss_deg"": 1.55, ""labels"": [195]}, {""name"": ""球M"", ""m"": 1.47451, ""q"": 0.0038, ""c"": 0.1459, ""capture"": 0.026, ""share"": 0.021, ""miss_deg"": 2.7, ""labels"": [192]}]"
2026_08_16/s6,s6,v8,,vis,125.84,126.39,0.54,4.494,球M,192,0.84,0.1995,1.367,0.25,0.188,0.763,object#162,389.6407,1,1,,,,3,"[{""name"": ""球M"", ""m"": 77.71967, ""q"": 0.1995, ""c"": 0.1459, ""capture"": 1.367, ""share"": 0.84, ""miss_deg"": 0.0, ""labels"": [192]}, {""name"": ""石榴"", ""m"": 14.59802, ""q"": 0.0375, ""c"": 0.1097, ""capture"": 0.342, ""share"": 0.158, ""miss_deg"": 1.47, ""labels"": [195]}, {""name"": ""球R"", ""m"": 0.20012, ""q"": 0.0005, ""c"": 0.1369, ""capture"": 0.004, ""share"": 0.002, ""miss_deg"": 3.34, ""labels"": [193]}]"
2026_08_16/s6,s6,v8,,vis,126.61,130.13,3.52,4.398,球L,191,0.841,0.2254,1.377,0.081,0.073,0.732,object#36,389.6407,1,1,,,,3,"[{""name"": ""球L"", ""m"": 87.80638, ""q"": 0.2254, ""c"": 0.1636, ""capture"": 1.377, ""share"": 0.841, ""miss_deg"": 0.0, ""labels"": [191]}, {""name"": ""苹果"", ""m"": 6.32668, ""q"": 0.0162, ""c"": 0.1459, ""capture"": 0.111, ""share"": 0.061, ""miss_deg"": 2.1, ""labels"": [194]}, {""name"": ""香蕉"", ""m"": 10.32375, ""q"": 0.0265, ""c"": 0.4729, ""capture"": 0.056, ""share"": 0.099, ""miss_deg"": 2.4, ""labels"": [196]}]"
2026_08_16/s6,s6,v8,,vis,130.18,131.91,1.73,4.438,球L,191,0.806,0.2314,1.414,0.069,0.199,0.713,object#36,389.6407,1,1,15,球L,1,3,"[{""name"": ""球L"", ""m"": 90.16579, ""q"": 0.2314, ""c"": 0.1636, ""capture"": 1.414, ""share"": 0.806, ""miss_deg"": 0.0, ""labels"": [191]}, {""name"": ""香蕉"", ""m"": 17.91948, ""q"": 0.046, ""c"": 0.4729, ""capture"": 0.097, ""share"": 0.16, ""miss_deg"": 2.16, ""labels"": [196]}, {""name"": ""苹果"", ""m"": 3.80403, ""q"": 0.0098, ""c"": 0.1369, ""capture"": 0.071, ""share"": 0.034, ""miss_deg"": 2.3, ""labels"": [194]}]"
2026_08_16/s6,s6,v8,,vis,131.97,132.24,0.27,4.346,球L,191,0.846,0.0442,0.27,0.1,0.089,0.948,object#36,389.6407,1,1,15,球L,1,3,"[{""name"": ""球L"", ""m"": 17.21089, ""q"": 0.0442, ""c"": 0.1636, ""capture"": 0.27, ""share"": 0.846, ""miss_deg"": 1.62, ""labels"": [191]}, {""name"": ""苹果"", ""m"": 1.51917, ""q"": 0.0039, ""c"": 0.1459, ""capture"": 0.027, ""share"": 0.075, ""miss_deg"": 2.69, ""labels"": [194]}, {""name"": ""香蕉"", ""m"": 1.61045, ""q"": 0.0041, ""c"": 0.4899, ""capture"": 0.008, ""share"": 0.079, ""miss_deg"": 3.09, ""labels"": [196]}]"
2026_08_16/s6,s6,v8,,vis,135.56,135.94,0.38,1.777,,-1,0.0,0.0,,,,1.0,object#82,389.6407,0,0,,,,0,[]
2026_08_18/000,s7,v8,,vis,8.99,9.75,0.76,3.208,球M,192,1.0,0.025,0.093,0.0,0.0,0.975,object#17,389.6407,0,0,,,,2,"[{""name"": ""球M"", ""m"": 9.74742, ""q"": 0.025, ""c"": 0.2704, ""capture"": 0.093, ""share"": 1.0, ""miss_deg"": 2.18, ""labels"": [192]}, {""name"": ""球R"", ""m"": 0.00053, ""q"": 0.0, ""c"": 0.2469, ""capture"": 0.0, ""share"": 0.0, ""miss_deg"": 4.92, ""labels"": [193]}]"
2026_08_18/000,s7,v8,,vis,10.07,10.61,0.54,2.904,球M,192,0.976,0.1462,0.463,0.022,0.023,0.85,object#17,389.6407,1,1,,,,3,"[{""name"": ""球M"", ""m"": 56.94638, ""q"": 0.1462, ""c"": 0.3157, ""capture"": 0.463, ""share"": 0.976, ""miss_deg"": 1.24, ""labels"": [192]}, {""name"": ""球L"", ""m"": 1.29429, ""q"": 0.0033, ""c"": 0.3228, ""capture"": 0.01, ""share"": 0.022, ""miss_deg"": 3.03, ""labels"": [191]}, {""name"": ""球R"", ""m"": 0.11715, ""q"": 0.0003, ""c"": 0.3009, ""capture"": 0.001, ""share"": 0.002, ""miss_deg"": 3.72, ""labels"": [193]}]"
2026_08_18/000,s7,v8,,vis,11.1,12.13,1.03,2.934,球M,192,0.988,0.1483,0.47,0.009,0.008,0.85,object#17,389.6407,1,1,,,,3,"[{""name"": ""球M"", ""m"": 57.76789, ""q"": 0.1483, ""c"": 0.3157, ""capture"": 0.47, ""share"": 0.988, ""miss_deg"": 1.23, ""labels"": [192]}, {""name"": ""球L"", ""m"": 0.46434, ""q"": 0.0012, ""c"": 0.3157, ""capture"": 0.004, ""share"": 0.008, ""miss_deg"": 3.34, ""labels"": [191]}, {""name"": ""球R"", ""m"": 0.25441, ""q"": 0.0007, ""c"": 0.3009, ""capture"": 0.002, ""share"": 0.004, ""miss_deg"": 3.5, ""labels"": [193]}]"
2026_08_18/000,s7,v8,,vis,12.18,12.72,0.54,3.18,球M,192,0.541,0.0821,0.304,0.928,0.848,0.848,object#17,389.6407,1,1,,,,2,"[{""name"": ""球M"", ""m"": 31.98048, ""q"": 0.0821, ""c"": 0.2704, ""capture"": 0.304, ""share"": 0.541, ""miss_deg"": 1.54, ""labels"": [192]}, {""name"": ""球R"", ""m"": 27.15169, ""q"": 0.0697, ""c"": 0.2469, ""capture"": 0.282, ""share"": 0.459, ""miss_deg"": 1.59, ""labels"": [193]}]"
2026_08_18/000,s7,v8,,vis,15.27,15.92,0.65,2.967,球M,192,0.887,0.1126,0.374,0.12,0.127,0.873,object#17,389.6407,1,1,,,,2,"[{""name"": ""球M"", ""m"": 43.88803, ""q"": 0.1126, ""c"": 0.3009, ""capture"": 0.374, ""share"": 0.887, ""miss_deg"": 1.4, ""labels"": [192]}, {""name"": ""球L"", ""m"": 5.59422, ""q"": 0.0144, ""c"": 0.3157, ""capture"": 0.045, ""share"": 0.113, ""miss_deg"": 2.49, ""labels"": [191]}]"
2026_08_18/000,s7,v8,,vis,16.14,21.01,4.87,3.01,球L,191,0.994,0.1816,0.575,0.007,0.006,0.817,object#118,389.6407,1,1,1,球L,1,3,"[{""name"": ""球L"", ""m"": 70.76313, ""q"": 0.1816, ""c"": 0.3157, ""capture"": 0.575, ""share"": 0.994, ""miss_deg"": 1.05, ""labels"": [191]}, {""name"": ""球M"", ""m"": 0.45551, ""q"": 0.0012, ""c"": 0.3009, ""capture"": 0.004, ""share"": 0.006, ""miss_deg"": 3.33, ""labels"": [192]}, {""name"": ""香蕉"", ""m"": 0.00115, ""q"": 0.0, ""c"": 0.7786, ""capture"": 0.0, ""share"": 0.0, ""miss_deg"": 5.0, ""labels"": [196]}]"
2026_08_18/000,s7,v8,,vis,21.17,21.61,0.43,3.464,球M,192,0.713,0.0003,0.001,0.0,0.403,1.0,object#17,389.6407,0,0,1,球L,0,2,"[{""name"": ""球M"", ""m"": 0.10722, ""q"": 0.0003, ""c"": 0.2309, ""capture"": 0.001, ""share"": 0.713, ""miss_deg"": 3.67, ""labels"": [192]}, {""name"": ""球L"", ""m"": 0.04324, ""q"": 0.0001, ""c"": 0.2469, ""capture"": 0.0, ""share"": 0.287, ""miss_deg"": 3.93, ""labels"": [191]}]"
2026_08_18/000,s7,v8,,vis,21.96,22.39,0.43,3.321,球R,193,0.753,0.0405,0.176,0.307,0.328,0.946,object#17,389.6407,0,0,,,,2,"[{""name"": ""球R"", ""m"": 15.79546, ""q"": 0.0405, ""c"": 0.2309, ""capture"": 0.176, ""share"": 0.753, ""miss_deg"": 1.87, ""labels"": [193]}, {""name"": ""球M"", ""m"": 5.1784, ""q"": 0.0133, ""c"": 0.2469, ""capture"": 0.054, ""share"": 0.247, ""miss_deg"": 2.42, ""labels"": [192]}]"
2026_08_18/000,s7,v8,,vis,23.04,26.46,3.41,3.005,球L,191,1.0,0.121,0.383,0.0,0.0,0.879,object#118,389.6407,1,1,2,球L,1,1,"[{""name"": ""球L"", ""m"": 47.1391, ""q"": 0.121, ""c"": 0.3157, ""capture"": 0.383, ""share"": 1.0, ""miss_deg"": 1.38, ""labels"": [191]}]"
2026_08_18/000,s7,v8,,vis,26.57,29.82,3.25,3.014,球L,191,0.993,0.1577,0.5,0.008,0.007,0.841,object#118,389.6407,1,1,2,球L,1,3,"[{""name"": ""球L"", ""m"": 61.45849, ""q"": 0.1577, ""c"": 0.3157, ""capture"": 0.5, ""share"": 0.993, ""miss_deg"": 1.18, ""labels"": [191]}, {""name"": ""球M"", ""m"": 0.4195, ""q"": 0.0011, ""c"": 0.3009, ""capture"": 0.004, ""share"": 0.007, ""miss_deg"": 3.36, ""labels"": [192]}, {""name"": ""香蕉"", ""m"": 0.00033, ""q"": 0.0, ""c"": 0.7697, ""capture"": 0.0, ""share"": 0.0, ""miss_deg"": 5.24, ""labels"": [196]}]"
2026_08_18/000,s7,v8,,vis,30.35,30.73,0.38,3.357,球R,193,0.818,0.126,0.566,0.201,0.222,0.846,object#17,389.6407,1,1,,,,2,"[{""name"": ""球R"", ""m"": 49.09194, ""q"": 0.126, ""c"": 0.2228, ""capture"": 0.566, ""share"": 0.818, ""miss_deg"": 1.07, ""labels"": [193]}, {""name"": ""球M"", ""m"": 10.92638, ""q"": 0.028, ""c"": 0.2469, ""capture"": 0.114, ""share"": 0.182, ""miss_deg"": 2.09, ""labels"": [192]}]"
2026_08_18/000,s7,v8,,vis,30.78,33.38,2.6,3.399,球R,193,0.903,0.0654,0.294,0.099,0.107,0.928,object#17,389.6407,1,1,3,球R,1,2,"[{""name"": ""球R"", ""m"": 25.49345, ""q"": 0.0654, ""c"": 0.2228, ""capture"": 0.294, ""share"": 0.903, ""miss_deg"": 1.57, ""labels"": [193]}, {""name"": ""球M"", ""m"": 2.74973, ""q"": 0.0071, ""c"": 0.2469, ""capture"": 0.029, ""share"": 0.097, ""miss_deg"": 2.67, ""labels"": [192]}]"
2026_08_18/000,s7,v8,,vis,33.44,33.71,0.27,3.294,球M,192,0.793,0.0932,0.366,0.29,0.261,0.882,object#17,389.6407,1,1,3,球R,0,2,"[{""name"": ""球M"", ""m"": 36.32292, ""q"": 0.0932, ""c"": 0.2548, ""capture"": 0.366, ""share"": 0.793, ""miss_deg"": 1.42, ""labels"": [192]}, {""name"": ""球R"", ""m"": 9.49818, ""q"": 0.0244, ""c"": 0.2309, ""capture"": 0.106, ""share"": 0.207, ""miss_deg"": 2.12, ""labels"": [193]}]"
2026_08_18/000,s7,v8,,vis,33.76,34.3,0.54,3.208,球M,192,0.752,0.1559,0.576,0.361,0.33,0.793,object#17,389.6407,1,1,3,球R,0,2,"[{""name"": ""球M"", ""m"": 60.732, ""q"": 0.1559, ""c"": 0.2704, ""capture"": 0.576, ""share"": 0.752, ""miss_deg"": 1.05, ""labels"": [192]}, {""name"": ""球R"", ""m"": 20.04737, ""q"": 0.0515, ""c"": 0.2469, ""capture"": 0.208, ""share"": 0.248, ""miss_deg"": 1.77, ""labels"": [193]}]"
2026_08_18/000,s7,v8,,vis,34.36,34.74,0.38,3.024,球M,192,0.901,0.2152,0.715,0.12,0.109,0.761,object#17,389.6407,1,1,3,球R,0,3,"[{""name"": ""球M"", ""m"": 83.85445, ""q"": 0.2152, ""c"": 0.3009, ""capture"": 0.715, ""share"": 0.901, ""miss_deg"": 0.82, ""labels"": [192]}, {""name"": ""球R"", ""m"": 9.09227, ""q"": 0.0233, ""c"": 0.2704, ""capture"": 0.086, ""share"": 0.098, ""miss_deg"": 2.21, ""labels"": [193]}, {""name"": ""球L"", ""m"": 0.12472, ""q"": 0.0003, ""c"": 0.3157, ""capture"": 0.001, ""share"": 0.001, ""miss_deg"": 3.71, ""labels"": [191]}]"
2026_08_18/000,s7,v8,,vis,35.4,35.78,0.38,3.332,球M,192,0.979,0.0404,0.163,0.025,0.021,0.959,object#17,389.6407,0,0,3,球R,0,2,"[{""name"": ""球M"", ""m"": 15.72241, ""q"": 0.0404, ""c"": 0.2469, ""capture"": 0.163, ""share"": 0.979, ""miss_deg"": 1.9, ""labels"": [192]}, {""name"": ""球R"", ""m"": 0.34117, ""q"": 0.0009, ""c"": 0.2228, ""capture"": 0.004, ""share"": 0.021, ""miss_deg"": 3.33, ""labels"": [193]}]"
2026_08_18/000,s7,v8,,vis,35.94,36.27,0.32,3.177,球M,192,0.712,0.1899,0.702,0.443,0.404,0.733,object#17,389.6407,1,1,,,,2,"[{""name"": ""球M"", ""m"": 73.97577, ""q"": 0.1899, ""c"": 0.2704, ""capture"": 0.702, ""share"": 0.712, ""miss_deg"": 0.84, ""labels"": [192]}, {""name"": ""球R"", ""m"": 29.88869, ""q"": 0.0767, ""c"": 0.2469, ""capture"": 0.311, ""share"": 0.288, ""miss_deg"": 1.53, ""labels"": [193]}]"
2026_08_18/000,s7,v8,,vis,36.38,36.65,0.27,3.204,球M,192,0.874,0.1173,0.434,0.159,0.144,0.866,object#17,389.6407,1,1,,,,2,"[{""name"": ""球M"", ""m"": 45.69821, ""q"": 0.1173, ""c"": 0.2704, ""capture"": 0.434, ""share"": 0.874, ""miss_deg"": 1.29, ""labels"": [192]}, {""name"": ""球R"", ""m"": 6.6141, ""q"": 0.017, ""c"": 0.2469, ""capture"": 0.069, ""share"": 0.126, ""miss_deg"": 2.31, ""labels"": [193]}]"
2026_08_18/000,s7,v8,,vis,36.97,37.41,0.43,3.329,球R,193,0.524,0.0659,0.296,0.821,0.908,0.874,object#17,389.6407,1,1,,,,2,"[{""name"": ""球R"", ""m"": 25.68557, ""q"": 0.0659, ""c"": 0.2228, ""capture"": 0.296, ""share"": 0.524, ""miss_deg"": 1.56, ""labels"": [193]}, {""name"": ""球M"", ""m"": 23.35848, ""q"": 0.0599, ""c"": 0.2469, ""capture"": 0.243, ""share"": 0.476, ""miss_deg"": 1.68, ""labels"": [192]}]"
2026_08_18/000,s7,v8,,vis,37.73,40.11,2.38,3.376,球R,193,0.913,0.0477,0.214,0.084,0.095,0.948,object#17,389.6407,1,1,4,球R,1,2,"[{""name"": ""球R"", ""m"": 18.5754, ""q"": 0.0477, ""c"": 0.2228, ""capture"": 0.214, ""share"": 0.913, ""miss_deg"": 1.76, ""labels"": [193]}, {""name"": ""球M"", ""m"": 1.76421, ""q"": 0.0045, ""c"": 0.2469, ""capture"": 0.018, ""share"": 0.087, ""miss_deg"": 2.83, ""labels"": [192]}]"
2026_08_18/000,s7,v8,,vis,40.17,42.39,2.22,3.354,球R,193,0.671,0.0302,0.136,0.441,0.49,0.955,object#17,389.6407,0,0,4,球R,1,2,"[{""name"": ""球R"", ""m"": 11.78342, ""q"": 0.0302, ""c"": 0.2228, ""capture"": 0.136, ""share"": 0.671, ""miss_deg"": 2.0, ""labels"": [193]}, {""name"": ""球M"", ""m"": 5.77052, ""q"": 0.0148, ""c"": 0.2469, ""capture"": 0.06, ""share"": 0.329, ""miss_deg"": 2.37, ""labels"": [192]}]"
2026_08_18/000,s7,v8,,vis,42.44,42.71,0.27,3.27,球M,192,0.677,0.0926,0.363,0.526,0.477,0.863,object#17,389.6407,1,1,4,球R,0,2,"[{""name"": ""球M"", ""m"": 36.08428, ""q"": 0.0926, ""c"": 0.2548, ""capture"": 0.363, ""share"": 0.677, ""miss_deg"": 1.42, ""labels"": [192]}, {""name"": ""球R"", ""m"": 17.21074, ""q"": 0.0442, ""c"": 0.2309, ""capture"": 0.191, ""share"": 0.323, ""miss_deg"": 1.82, ""labels"": [193]}]"
2026_08_18/000,s7,v8,,vis,42.87,43.14,0.27,3.41,球R,193,0.99,0.0351,0.158,0.013,0.01,0.965,object#17,389.6407,0,0,4,球R,1,2,"[{""name"": ""球R"", ""m"": 13.69542, ""q"": 0.0351, ""c"": 0.2228, ""capture"": 0.158, ""share"": 0.99, ""miss_deg"": 1.92, ""labels"": [193]}, {""name"": ""球M"", ""m"": 0.1359, ""q"": 0.0003, ""c"": 0.2309, ""capture"": 0.002, ""share"": 0.01, ""miss_deg"": 3.6, ""labels"": [192]}]"
2026_08_18/000,s7,v8,,vis,43.19,43.52,0.32,3.259,球M,192,0.638,0.0947,0.35,0.666,0.567,0.852,object#17,389.6407,1,1,,,,2,"[{""name"": ""球M"", ""m"": 36.88648, ""q"": 0.0947, ""c"": 0.2704, ""capture"": 0.35, ""share"": 0.638, ""miss_deg"": 1.45, ""labels"": [192]}, {""name"": ""球R"", ""m"": 20.9481, ""q"": 0.0538, ""c"": 0.2309, ""capture"": 0.233, ""share"": 0.362, ""miss_deg"": 1.71, ""labels"": [193]}]"
2026_08_18/000,s7,v8,,vis,44.11,44.44,0.32,3.207,球M,192,0.737,0.1273,0.471,0.391,0.357,0.827,object#17,389.6407,1,1,,,,2,"[{""name"": ""球M"", ""m"": 49.59996, ""q"": 0.1273, ""c"": 0.2704, ""capture"": 0.471, ""share"": 0.737, ""miss_deg"": 1.23, ""labels"": [192]}, {""name"": ""球R"", ""m"": 17.679, ""q"": 0.0454, ""c"": 0.2469, ""capture"": 0.184, ""share"": 0.263, ""miss_deg"": 1.84, ""labels"": [193]}]"
2026_08_18/000,s7,v8,,vis,44.49,44.98,0.49,3.05,球M,192,0.847,0.1871,0.622,0.201,0.181,0.779,object#17,389.6407,1,1,5,球M,1,3,"[{""name"": ""球M"", ""m"": 72.89744, ""q"": 0.1871, ""c"": 0.3009, ""capture"": 0.622, ""share"": 0.847, ""miss_deg"": 0.97, ""labels"": [192]}, {""name"": ""球R"", ""m"": 13.12769, ""q"": 0.0337, ""c"": 0.2704, ""capture"": 0.125, ""share"": 0.153, ""miss_deg"": 2.04, ""labels"": [193]}, {""name"": ""球L"", ""m"": 0.00193, ""q"": 0.0, ""c"": 0.3009, ""capture"": 0.0, ""share"": 0.0, ""miss_deg"": 4.69, ""labels"": [191]}]"
2026_08_18/000,s7,v8,,vis,45.25,45.9,0.65,3.018,球M,192,0.969,0.1443,0.479,0.035,0.031,0.851,object#17,389.6407,1,1,5,球M,1,3,"[{""name"": ""球M"", ""m"": 56.21742, ""q"": 0.1443, ""c"": 0.3009, ""capture"": 0.479, ""share"": 0.969, ""miss_deg"": 1.21, ""labels"": [192]}, {""name"": ""球R"", ""m"": 1.76819, ""q"": 0.0045, ""c"": 0.2704, ""capture"": 0.017, ""share"": 0.03, ""miss_deg"": 2.86, ""labels"": [193]}, {""name"": ""球L"", ""m"": 0.01646, ""q"": 0.0, ""c"": 0.3157, ""capture"": 0.0, ""share"": 0.0, ""miss_deg"": 4.22, ""labels"": [191]}]"
2026_08_18/000,s7,v8,,vis,46.49,47.69,1.19,3.007,球M,192,0.958,0.1772,0.589,0.042,0.039,0.815,object#17,389.6407,1,1,5,球M,1,3,"[{""name"": ""球M"", ""m"": 69.05146, ""q"": 0.1772, ""c"": 0.3009, ""capture"": 0.589, ""share"": 0.958, ""miss_deg"": 1.03, ""labels"": [192]}, {""name"": ""球R"", ""m"": 2.639, ""q"": 0.0068, ""c"": 0.2704, ""capture"": 0.025, ""share"": 0.037, ""miss_deg"": 2.72, ""labels"": [193]}, {""name"": ""球L"", ""m"": 0.3811, ""q"": 0.001, ""c"": 0.3157, ""capture"": 0.003, ""share"": 0.005, ""miss_deg"": 3.4, ""labels"": [191]}]"
2026_08_18/000,s7,v8,,vis,47.85,49.64,1.79,2.988,球M,192,0.944,0.124,0.412,0.056,0.059,0.869,object#17,389.6407,1,1,5,球M,1,3,"[{""name"": ""球M"", ""m"": 48.33032, ""q"": 0.124, ""c"": 0.3009, ""capture"": 0.412, ""share"": 0.944, ""miss_deg"": 1.33, ""labels"": [192]}, {""name"": ""球L"", ""m"": 2.85846, ""q"": 0.0073, ""c"": 0.3157, ""capture"": 0.023, ""share"": 0.056, ""miss_deg"": 2.74, ""labels"": [191]}, {""name"": ""球R"", ""m"": 0.00316, ""q"": 0.0, ""c"": 0.2704, ""capture"": 0.0, ""share"": 0.0, ""miss_deg"": 4.56, ""labels"": [193]}]"
2026_08_18/000,s7,v8,,vis,50.89,51.27,0.38,3.013,球L,191,0.982,0.0575,0.182,0.022,0.018,0.941,object#17,389.6407,0,0,,,,2,"[{""name"": ""球L"", ""m"": 22.42289, ""q"": 0.0575, ""c"": 0.3157, ""capture"": 0.182, ""share"": 0.982, ""miss_deg"": 1.85, ""labels"": [191]}, {""name"": ""球M"", ""m"": 0.42004, ""q"": 0.0011, ""c"": 0.3009, ""capture"": 0.004, ""share"": 0.018, ""miss_deg"": 3.36, ""labels"": [192]}]"
2026_08_18/000,s7,v8,,vis,51.51,52.11,0.6,2.996,球L,191,0.934,0.3787,1.2,0.045,0.043,0.595,object#10,389.6407,1,1,6,球L,1,3,"[{""name"": ""球L"", ""m"": 147.55089, ""q"": 0.3787, ""c"": 0.3157, ""capture"": 1.2, ""share"": 0.934, ""miss_deg"": 0.0, ""labels"": [191]}, {""name"": ""球M"", ""m"": 6.31356, ""q"": 0.0162, ""c"": 0.3009, ""capture"": 0.054, ""share"": 0.04, ""miss_deg"": 2.42, ""labels"": [192]}, {""name"": ""香蕉"", ""m"": 4.12602, ""q"": 0.0106, ""c"": 0.7904, ""capture"": 0.013, ""share"": 0.026, ""miss_deg"": 2.94, ""labels"": [196]}]"
2026_08_18/000,s7,v8,,vis,52.77,53.15,0.38,3.016,球L,191,0.901,0.2929,0.928,0.114,0.109,0.675,object#17,389.6407,1,1,6,球L,1,3,"[{""name"": ""球L"", ""m"": 114.14392, ""q"": 0.2929, ""c"": 0.3157, ""capture"": 0.928, ""share"": 0.901, ""miss_deg"": 0.39, ""labels"": [191]}, {""name"": ""球M"", ""m"": 12.45263, ""q"": 0.032, ""c"": 0.3009, ""capture"": 0.106, ""share"": 0.098, ""miss_deg"": 2.12, ""labels"": [192]}, {""name"": ""香蕉"", ""m"": 0.02876, ""q"": 0.0001, ""c"": 0.7697, ""capture"": 0.0, ""share"": 0.0, ""miss_deg"": 4.3, ""labels"": [196]}]"
2026_08_18/000,s7,v8,,vis,53.2,56.18,2.98,3.018,球L,191,0.949,0.3733,1.183,0.019,0.019,0.607,object#36,389.6407,1,1,6,球L,1,3,"[{""name"": ""球L"", ""m"": 145.45316, ""q"": 0.3733, ""c"": 0.3157, ""capture"": 1.183, ""share"": 0.949, ""miss_deg"": 0.0, ""labels"": [191]}, {""name"": ""球M"", ""m"": 2.73197, ""q"": 0.007, ""c"": 0.3009, ""capture"": 0.023, ""share"": 0.018, ""miss_deg"": 2.74, ""labels"": [192]}, {""name"": ""香蕉"", ""m"": 5.08238, ""q"": 0.013, ""c"": 0.7697, ""capture"": 0.017, ""share"": 0.033, ""miss_deg"": 2.86, ""labels"": [196]}]"
2026_08_18/000,s7,v8,,vis,56.34,57.37,1.03,3.017,球L,191,0.599,0.0576,0.182,0.703,0.669,0.904,object#17,389.6407,0,0,6,球L,1,2,"[{""name"": ""球L"", ""m"": 22.4266, ""q"": 0.0576, ""c"": 0.3157, ""capture"": 0.182, ""share"": 0.599, ""miss_deg"": 1.84, ""labels"": [191]}, {""name"": ""球M"", ""m"": 15.02051, ""q"": 0.0385, ""c"": 0.3009, ""capture"": 0.128, ""share"": 0.401, ""miss_deg"": 2.03, ""labels"": [192]}]"
2026_08_18/000,s7,v8,,vis,57.91,58.24,0.32,2.985,球M,192,0.919,0.2332,0.775,0.049,0.044,0.746,object#17,389.6407,1,1,,,,3,"[{""name"": ""球M"", ""m"": 90.87799, ""q"": 0.2332, ""c"": 0.3009, ""capture"": 0.775, ""share"": 0.919, ""miss_deg"": 0.71, ""labels"": [192]}, {""name"": ""球R"", ""m"": 3.95214, ""q"": 0.0101, ""c"": 0.2704, ""capture"": 0.038, ""share"": 0.04, ""miss_deg"": 2.56, ""labels"": [193]}, {""name"": ""球L"", ""m"": 4.0896, ""q"": 0.0105, ""c"": 0.3157, ""capture"": 0.033, ""share"": 0.041, ""miss_deg"": 2.61, ""labels"": [191]}]"
2026_08_18/000,s7,v8,,vis,58.35,60.96,2.61,2.985,球M,192,0.906,0.2608,0.867,0.074,0.066,0.712,object#70,389.6407,1,1,7,球M,1,3,"[{""name"": ""球M"", ""m"": 101.62529, ""q"": 0.2608, ""c"": 0.3009, ""capture"": 0.867, ""share"": 0.906, ""miss_deg"": 0.53, ""labels"": [192]}, {""name"": ""球R"", ""m"": 6.74227, ""q"": 0.0173, ""c"": 0.2704, ""capture"": 0.064, ""share"": 0.06, ""miss_deg"": 2.34, ""labels"": [193]}, {""name"": ""球L"", ""m"": 3.78409, ""q"": 0.0097, ""c"": 0.3157, ""capture"": 0.031, ""share"": 0.034, ""miss_deg"": 2.64, ""labels"": [191]}]"
2026_08_18/000,s7,v8,,vis,61.01,62.2,1.19,3.326,球R,193,0.476,0.0416,0.187,0.989,1.101,0.913,object#17,389.6407,0,0,7,球M,0,2,"[{""name"": ""球R"", ""m"": 16.19578, ""q"": 0.0416, ""c"": 0.2228, ""capture"": 0.187, ""share"": 0.476, ""miss_deg"": 1.83, ""labels"": [193]}, {""name"": ""球M"", ""m"": 17.81235, ""q"": 0.0457, ""c"": 0.2469, ""capture"": 0.185, ""share"": 0.524, ""miss_deg"": 1.84, ""labels"": [192]}]"
2026_08_18/000,s7,v8,,vis,63.12,63.5,0.38,2.969,球M,192,0.964,0.1399,0.465,0.034,0.035,0.855,object#17,389.6407,1,1,7,球M,1,3,"[{""name"": ""球M"", ""m"": 54.51505, ""q"": 0.1399, ""c"": 0.3009, ""capture"": 0.465, ""share"": 0.964, ""miss_deg"": 1.24, ""labels"": [192]}, {""name"": ""球L"", ""m"": 1.91518, ""q"": 0.0049, ""c"": 0.3157, ""capture"": 0.016, ""share"": 0.034, ""miss_deg"": 2.89, ""labels"": [191]}, {""name"": ""球R"", ""m"": 0.10156, ""q"": 0.0003, ""c"": 0.2857, ""capture"": 0.001, ""share"": 0.002, ""miss_deg"": 3.74, ""labels"": [193]}]"
2026_08_18/000,s7,v8,,vis,63.72,64.15,0.43,2.985,球M,192,0.962,0.176,0.585,0.031,0.028,0.817,object#17,389.6407,1,1,,,,3,"[{""name"": ""球M"", ""m"": 68.58998, ""q"": 0.176, ""c"": 0.3009, ""capture"": 0.585, ""share"": 0.962, ""miss_deg"": 1.04, ""labels"": [192]}, {""name"": ""球R"", ""m"": 1.91987, ""q"": 0.0049, ""c"": 0.2704, ""capture"": 0.018, ""share"": 0.027, ""miss_deg"": 2.83, ""labels"": [193]}, {""name"": ""球L"", ""m"": 0.81195, ""q"": 0.0021, ""c"": 0.3157, ""capture"": 0.007, ""share"": 0.011, ""miss_deg"": 3.17, ""labels"": [191]}]"
2026_08_18/000,s7,v8,,vis,66.98,67.26,0.27,2.818,,-1,0.0,0.0,,,,1.0,floor,389.6407,0,0,,,,0,[]
2026_08_18/000,s7,v8,,vis,68.14,69.28,1.14,2.951,,-1,0.0,0.0,,,,1.0,object#11,389.6407,0,0,,,,0,[]
2026_08_18/000,s7,v8,,vis,69.33,69.71,0.38,2.966,,-1,0.0,0.0,,,,1.0,object#11,389.6407,0,0,,,,0,[]
2026_08_18/000,s7,v8,,vis,69.77,70.04,0.27,2.868,,-1,0.0,0.0,,,,1.0,object#11,389.6407,0,0,,,,0,[]
2026_08_18/000,s7,v8,,vis,70.44,71.9,1.46,2.973,球M,192,0.826,0.2438,0.81,0.188,0.196,0.705,object#10,389.6407,1,1,,,,3,"[{""name"": ""球M"", ""m"": 94.98598, ""q"": 0.2438, ""c"": 0.3009, ""capture"": 0.81, ""share"": 0.826, ""miss_deg"": 0.65, ""labels"": [192]}, {""name"": ""球L"", ""m"": 18.6667, ""q"": 0.0479, ""c"": 0.3157, ""capture"": 0.152, ""share"": 0.162, ""miss_deg"": 1.94, ""labels"": [191]}, {""name"": ""球R"", ""m"": 1.34583, ""q"": 0.0035, ""c"": 0.2857, ""capture"": 0.012, ""share"": 0.012, ""miss_deg"": 2.97, ""labels"": [193]}]"
2026_08_18/000,s7,v8,,vis,72.06,72.77,0.71,2.932,球M,192,0.946,0.1911,0.605,0.038,0.039,0.798,object#17,389.6407,1,1,,,,3,"[{""name"": ""球M"", ""m"": 74.45049, ""q"": 0.1911, ""c"": 0.3157, ""capture"": 0.605, ""share"": 0.946, ""miss_deg"": 1.0, ""labels"": [192]}, {""name"": ""球L"", ""m"": 2.8739, ""q"": 0.0074, ""c"": 0.3157, ""capture"": 0.023, ""share"": 0.037, ""miss_deg"": 2.74, ""labels"": [191]}, {""name"": ""球R"", ""m"": 1.3528, ""q"": 0.0035, ""c"": 0.3009, ""capture"": 0.012, ""share"": 0.017, ""miss_deg"": 2.99, ""labels"": [193]}]"
2026_08_18/000,s7,v8,,vis,73.42,73.8,0.38,3.077,球M,192,0.734,0.1817,0.604,0.404,0.362,0.752,object#17,389.6407,1,1,8,球R,0,3,"[{""name"": ""球M"", ""m"": 70.79668, ""q"": 0.1817, ""c"": 0.3009, ""capture"": 0.604, ""share"": 0.734, ""miss_deg"": 1.0, ""labels"": [192]}, {""name"": ""球R"", ""m"": 25.69231, ""q"": 0.0659, ""c"": 0.2704, ""capture"": 0.244, ""share"": 0.266, ""miss_deg"": 1.68, ""labels"": [193]}, {""name"": ""球L"", ""m"": 0.0005, ""q"": 0.0, ""c"": 0.3009, ""capture"": 0.0, ""share"": 0.0, ""miss_deg"": 4.97, ""labels"": [191]}]"
2026_08_18/000,s7,v8,,vis,73.85,74.18,0.32,3.14,球M,192,0.609,0.1256,0.464,0.705,0.642,0.794,object#17,389.6407,1,1,8,球R,0,2,"[{""name"": ""球M"", ""m"": 48.93808, ""q"": 0.1256, ""c"": 0.2704, ""capture"": 0.464, ""share"": 0.609, ""miss_deg"": 1.24, ""labels"": [192]}, {""name"": ""球R"", ""m"": 31.48449, ""q"": 0.0808, ""c"": 0.2469, ""capture"": 0.327, ""share"": 0.391, ""miss_deg"": 1.49, ""labels"": [193]}]"
2026_08_18/000,s7,v8,,vis,74.23,74.83,0.6,3.04,球M,192,0.679,0.2205,0.733,0.524,0.471,0.675,object#70,389.6407,1,1,8,球R,0,3,"[{""name"": ""球M"", ""m"": 85.90794, ""q"": 0.2205, ""c"": 0.3009, ""capture"": 0.733, ""share"": 0.679, ""miss_deg"": 0.79, ""labels"": [192]}, {""name"": ""球R"", ""m"": 40.4983, ""q"": 0.1039, ""c"": 0.2704, ""capture"": 0.384, ""share"": 0.32, ""miss_deg"": 1.38, ""labels"": [193]}, {""name"": ""球L"", ""m"": 0.05146, ""q"": 0.0001, ""c"": 0.3009, ""capture"": 0.0, ""share"": 0.0, ""miss_deg"": 3.93, ""labels"": [191]}]"
2026_08_18/000,s7,v8,,vis,74.88,75.26,0.38,2.976,球M,192,0.769,0.2513,0.835,0.332,0.298,0.673,object#70,389.6407,1,1,8,球R,0,3,"[{""name"": ""球M"", ""m"": 97.90724, ""q"": 0.2513, ""c"": 0.3009, ""capture"": 0.835, ""share"": 0.769, ""miss_deg"": 0.6, ""labels"": [192]}, {""name"": ""球R"", ""m"": 29.14501, ""q"": 0.0748, ""c"": 0.2704, ""capture"": 0.277, ""share"": 0.229, ""miss_deg"": 1.6, ""labels"": [193]}, {""name"": ""球L"", ""m"": 0.21951, ""q"": 0.0006, ""c"": 0.3157, ""capture"": 0.002, ""share"": 0.002, ""miss_deg"": 3.56, ""labels"": [191]}]"
2026_08_18/000,s7,v8,,vis,75.65,75.92,0.27,3.108,球M,192,0.722,0.1571,0.55,0.431,0.385,0.783,object#17,389.6407,1,1,8,球R,0,2,"[{""name"": ""球M"", ""m"": 61.19892, ""q"": 0.1571, ""c"": 0.2857, ""capture"": 0.55, ""share"": 0.722, ""miss_deg"": 1.09, ""labels"": [192]}, {""name"": ""球R"", ""m"": 23.51002, ""q"": 0.0603, ""c"": 0.2548, ""capture"": 0.237, ""share"": 0.278, ""miss_deg"": 1.7, ""labels"": [193]}]"
2026_08_18/000,s7,v8,,vis,75.98,76.3,0.32,3.163,球M,192,0.608,0.12,0.444,0.707,0.645,0.803,object#17,389.6407,1,1,8,球R,0,2,"[{""name"": ""球M"", ""m"": 46.77132, ""q"": 0.12, ""c"": 0.2704, ""capture"": 0.444, ""share"": 0.608, ""miss_deg"": 1.27, ""labels"": [192]}, {""name"": ""球R"", ""m"": 30.16525, ""q"": 0.0774, ""c"": 0.2469, ""capture"": 0.314, ""share"": 0.392, ""miss_deg"": 1.52, ""labels"": [193]}]"
2026_08_18/000,s7,v8,,vis,76.35,76.68,0.32,3.084,球M,192,0.59,0.1879,0.624,0.776,0.695,0.681,object#70,389.6407,1,1,8,球R,0,3,"[{""name"": ""球M"", ""m"": 73.19786, ""q"": 0.1879, ""c"": 0.3009, ""capture"": 0.624, ""share"": 0.59, ""miss_deg"": 0.97, ""labels"": [192]}, {""name"": ""球R"", ""m"": 50.96541, ""q"": 0.1308, ""c"": 0.2704, ""capture"": 0.484, ""share"": 0.41, ""miss_deg"": 1.21, ""labels"": [193]}, {""name"": ""球L"", ""m"": 0.00556, ""q"": 0.0, ""c"": 0.3009, ""capture"": 0.0, ""share"": 0.0, ""miss_deg"": 4.46, ""labels"": [191]}]"
2026_08_18/000,s7,v8,,vis,76.73,78.09,1.35,2.936,球M,192,0.88,0.2761,0.875,0.126,0.12,0.686,object#70,389.6407,1,1,8,球R,0,3,"[{""name"": ""球M"", ""m"": 107.59747, ""q"": 0.2761, ""c"": 0.3157, ""capture"": 0.875, ""share"": 0.88, ""miss_deg"": 0.52, ""labels"": [192]}, {""name"": ""球R"", ""m"": 12.90888, ""q"": 0.0331, ""c"": 0.3009, ""capture"": 0.11, ""share"": 0.106, ""miss_deg"": 2.1, ""labels"": [193]}, {""name"": ""球L"", ""m"": 1.77566, ""q"": 0.0046, ""c"": 0.3157, ""capture"": 0.014, ""share"": 0.015, ""miss_deg"": 2.91, ""labels"": [191]}]"
2026_08_18/000,s7,v8,,vis,78.14,78.52,0.38,3.006,球M,192,0.824,0.2021,0.672,0.238,0.214,0.755,object#17,389.6407,1,1,8,球R,0,3,"[{""name"": ""球M"", ""m"": 78.75844, ""q"": 0.2021, ""c"": 0.3009, ""capture"": 0.672, ""share"": 0.824, ""miss_deg"": 0.89, ""labels"": [192]}, {""name"": ""球R"", ""m"": 16.83121, ""q"": 0.0432, ""c"": 0.2704, ""capture"": 0.16, ""share"": 0.176, ""miss_deg"": 1.92, ""labels"": [193]}, {""name"": ""球L"", ""m"": 0.00515, ""q"": 0.0, ""c"": 0.3157, ""capture"": 0.0, ""share"": 0.0, ""miss_deg"": 4.49, ""labels"": [191]}]"
2026_08_18/000,s7,v8,,vis,78.58,79.66,1.08,2.924,球M,192,0.899,0.2396,0.759,0.083,0.082,0.733,object#17,389.6407,1,1,,,,3,"[{""name"": ""球M"", ""m"": 93.34525, ""q"": 0.2396, ""c"": 0.3157, ""capture"": 0.759, ""share"": 0.899, ""miss_deg"": 0.74, ""labels"": [192]}, {""name"": ""球L"", ""m"": 7.7349, ""q"": 0.0199, ""c"": 0.3157, ""capture"": 0.063, ""share"": 0.074, ""miss_deg"": 2.35, ""labels"": [191]}, {""name"": ""球R"", ""m"": 2.79843, ""q"": 0.0072, ""c"": 0.3009, ""capture"": 0.024, ""share"": 0.027, ""miss_deg"": 2.73, ""labels"": [193]}]"
2026_08_18/000,s7,v8,,vis,80.27,82.87,2.6,3.2,球R,193,0.688,0.1543,0.625,0.413,0.453,0.776,object#17,389.6407,1,1,9,球R,1,2,"[{""name"": ""球R"", ""m"": 60.11616, ""q"": 0.1543, ""c"": 0.2469, ""capture"": 0.625, ""share"": 0.688, ""miss_deg"": 0.97, ""labels"": [193]}, {""name"": ""球M"", ""m"": 27.22236, ""q"": 0.0699, ""c"": 0.2704, ""capture"": 0.258, ""share"": 0.312, ""miss_deg"": 1.65, ""labels"": [192]}]"
2026_08_18/000,s7,v8,,vis,82.93,85.36,2.44,3.321,球R,193,0.742,0.0594,0.257,0.327,0.348,0.92,object#17,389.6407,1,1,9,球R,1,2,"[{""name"": ""球R"", ""m"": 23.16028, ""q"": 0.0594, ""c"": 0.2309, ""capture"": 0.257, ""share"": 0.742, ""miss_deg"": 1.65, ""labels"": [193]}, {""name"": ""球M"", ""m"": 8.0332, ""q"": 0.0206, ""c"": 0.2469, ""capture"": 0.084, ""share"": 0.258, ""miss_deg"": 2.23, ""labels"": [192]}]"
2026_08_18/000,s7,v8,,vis,85.42,85.9,0.49,2.988,球M,192,0.92,0.2102,0.698,0.095,0.085,0.771,object#17,389.6407,1,1,,,,3,"[{""name"": ""球M"", ""m"": 81.88492, ""q"": 0.2102, ""c"": 0.3009, ""capture"": 0.698, ""share"": 0.92, ""miss_deg"": 0.85, ""labels"": [192]}, {""name"": ""球R"", ""m"": 6.90904, ""q"": 0.0177, ""c"": 0.2704, ""capture"": 0.066, ""share"": 0.078, ""miss_deg"": 2.33, ""labels"": [193]}, {""name"": ""球L"", ""m"": 0.24369, ""q"": 0.0006, ""c"": 0.3157, ""capture"": 0.002, ""share"": 0.003, ""miss_deg"": 3.53, ""labels"": [191]}]"
2026_08_18/000,s7,v8,,vis,85.96,86.55,0.6,3.271,球R,193,0.74,0.1628,0.705,0.319,0.351,0.78,object#17,389.6407,1,1,,,,2,"[{""name"": ""球R"", ""m"": 63.42397, ""q"": 0.1628, ""c"": 0.2309, ""capture"": 0.705, ""share"": 0.74, ""miss_deg"": 0.84, ""labels"": [193]}, {""name"": ""球M"", ""m"": 22.30038, ""q"": 0.0572, ""c"": 0.2548, ""capture"": 0.225, ""share"": 0.26, ""miss_deg"": 1.73, ""labels"": [192]}]"
2026_08_18/000,s7,v8,,vis,86.8,87.55,0.76,2.99,球M,192,0.951,0.2001,0.665,0.029,0.03,0.79,object#17,389.6407,1,1,10,球M,1,3,"[{""name"": ""球M"", ""m"": 77.96347, ""q"": 0.2001, ""c"": 0.3009, ""capture"": 0.665, ""share"": 0.951, ""miss_deg"": 0.9, ""labels"": [192]}, {""name"": ""球L"", ""m"": 2.37682, ""q"": 0.0061, ""c"": 0.3157, ""capture"": 0.019, ""share"": 0.029, ""miss_deg"": 2.81, ""labels"": [191]}, {""name"": ""球R"", ""m"": 1.66461, ""q"": 0.0043, ""c"": 0.2704, ""capture"": 0.016, ""share"": 0.02, ""miss_deg"": 2.88, ""labels"": [193]}]"
2026_08_18/000,s7,v8,,vis,87.61,87.99,0.38,3.155,球M,192,0.708,0.2056,0.76,0.453,0.412,0.71,object#70,389.6407,1,1,10,球M,1,3,"[{""name"": ""球M"", ""m"": 80.11061, ""q"": 0.2056, ""c"": 0.2704, ""capture"": 0.76, ""share"": 0.708, ""miss_deg"": 0.74, ""labels"": [192]}, {""name"": ""球R"", ""m"": 33.05013, ""q"": 0.0848, ""c"": 0.2469, ""capture"": 0.344, ""share"": 0.292, ""miss_deg"": 1.46, ""labels"": [193]}, {""name"": ""球L"", ""m"": 0.00097, ""q"": 0.0, ""c"": 0.3009, ""capture"": 0.0, ""share"": 0.0, ""miss_deg"": 4.84, ""labels"": [191]}]"
2026_08_18/000,s7,v8,,vis,88.31,92.65,4.33,2.982,球M,192,0.908,0.209,0.695,0.082,0.086,0.77,object#17,389.6407,1,1,10,球M,1,3,"[{""name"": ""球M"", ""m"": 81.43383, ""q"": 0.209, ""c"": 0.3009, ""capture"": 0.695, ""share"": 0.908, ""miss_deg"": 0.85, ""labels"": [192]}, {""name"": ""球L"", ""m"": 6.96408, ""q"": 0.0179, ""c"": 0.3157, ""capture"": 0.057, ""share"": 0.078, ""miss_deg"": 2.4, ""labels"": [191]}, {""name"": ""球R"", ""m"": 1.26929, ""q"": 0.0033, ""c"": 0.2704, ""capture"": 0.012, ""share"": 0.014, ""miss_deg"": 2.97, ""labels"": [193]}]"
2026_08_18/000,s7,v8,,vis,92.81,93.95,1.14,2.976,球M,192,0.854,0.2154,0.716,0.149,0.156,0.748,object#17,389.6407,1,1,,,,3,"[{""name"": ""球M"", ""m"": 83.93975, ""q"": 0.2154, ""c"": 0.3009, ""capture"": 0.716, ""share"": 0.854, ""miss_deg"": 0.82, ""labels"": [192]}, {""name"": ""球L"", ""m"": 13.10429, ""q"": 0.0336, ""c"": 0.3157, ""capture"": 0.107, ""share"": 0.133, ""miss_deg"": 2.12, ""labels"": [191]}, {""name"": ""球R"", ""m"": 1.23157, ""q"": 0.0032, ""c"": 0.2704, ""capture"": 0.012, ""share"": 0.013, ""miss_deg"": 2.98, ""labels"": [193]}]"
2026_08_18/000,s7,v8,,vis,94.3,96.69,2.38,3.025,球L,191,0.957,0.3472,1.1,0.026,0.025,0.637,object#36,389.6407,1,1,11,球L,1,3,"[{""name"": ""球L"", ""m"": 135.27533, ""q"": 0.3472, ""c"": 0.3157, ""capture"": 1.1, ""share"": 0.957, ""miss_deg"": 0.0, ""labels"": [191]}, {""name"": ""球M"", ""m"": 3.38867, ""q"": 0.0087, ""c"": 0.3009, ""capture"": 0.029, ""share"": 0.024, ""miss_deg"": 2.66, ""labels"": [192]}, {""name"": ""香蕉"", ""m"": 2.73468, ""q"": 0.007, ""c"": 0.7697, ""capture"": 0.009, ""share"": 0.019, ""miss_deg"": 3.07, ""labels"": [196]}]"
2026_08_18/000,s7,v8,,vis,97.24,98.81,1.57,3.022,球L,191,0.916,0.3786,1.199,0.035,0.085,0.587,object#36,389.6407,1,1,11,球L,1,3,"[{""name"": ""球L"", ""m"": 147.49889, ""q"": 0.3786, ""c"": 0.3157, ""capture"": 1.199, ""share"": 0.916, ""miss_deg"": 0.0, ""labels"": [191]}, {""name"": ""香蕉"", ""m"": 12.48154, ""q"": 0.032, ""c"": 0.7697, ""capture"": 0.042, ""share"": 0.078, ""miss_deg"": 2.52, ""labels"": [196]}, {""name"": ""球M"", ""m"": 1.05484, ""q"": 0.0027, ""c"": 0.3009, ""capture"": 0.009, ""share"": 0.007, ""miss_deg"": 3.07, ""labels"": [192]}]"
2026_08_18/000,s7,v8,,vis,98.86,99.13,0.27,2.999,球M,192,0.712,0.1927,0.64,0.375,0.395,0.73,object#17,389.6407,1,1,11,球L,0,3,"[{""name"": ""球M"", ""m"": 75.06766, ""q"": 0.1927, ""c"": 0.3009, ""capture"": 0.64, ""share"": 0.712, ""miss_deg"": 0.94, ""labels"": [192]}, {""name"": ""球L"", ""m"": 29.56464, ""q"": 0.0759, ""c"": 0.3157, ""capture"": 0.24, ""share"": 0.281, ""miss_deg"": 1.69, ""labels"": [191]}, {""name"": ""球R"", ""m"": 0.73177, ""q"": 0.0019, ""c"": 0.2704, ""capture"": 0.007, ""share"": 0.007, ""miss_deg"": 3.15, ""labels"": [193]}]"
2026_08_18/000,s7,v8,,vis,99.19,100.22,1.03,3.037,球L,191,0.938,0.3612,1.2,0.044,0.044,0.615,object#36,389.6407,1,1,11,球L,1,3,"[{""name"": ""球L"", ""m"": 140.74005, ""q"": 0.3612, ""c"": 0.3009, ""capture"": 1.2, ""share"": 0.938, ""miss_deg"": 0.0, ""labels"": [191]}, {""name"": ""球M"", ""m"": 6.1696, ""q"": 0.0158, ""c"": 0.3009, ""capture"": 0.053, ""share"": 0.041, ""miss_deg"": 2.43, ""labels"": [192]}, {""name"": ""香蕉"", ""m"": 3.08753, ""q"": 0.0079, ""c"": 0.7697, ""capture"": 0.01, ""share"": 0.021, ""miss_deg"": 3.03, ""labels"": [196]}]"
2026_08_18/000,s7,v8,,vis,100.27,101.9,1.62,3.029,球M,192,0.895,0.224,0.745,0.072,0.066,0.75,object#17,389.6407,1,1,,,,3,"[{""name"": ""球M"", ""m"": 87.29221, ""q"": 0.224, ""c"": 0.3009, ""capture"": 0.745, ""share"": 0.895, ""miss_deg"": 0.77, ""labels"": [192]}, {""name"": ""球R"", ""m"": 5.72325, ""q"": 0.0147, ""c"": 0.2704, ""capture"": 0.054, ""share"": 0.059, ""miss_deg"": 2.41, ""labels"": [193]}, {""name"": ""球L"", ""m"": 4.51189, ""q"": 0.0116, ""c"": 0.3157, ""capture"": 0.037, ""share"": 0.046, ""miss_deg"": 2.57, ""labels"": [191]}]"
2026_08_18/000,s7,v8,,vis,102.18,103.48,1.3,3.055,球M,192,0.87,0.2468,0.82,0.138,0.124,0.716,object#70,389.6407,1,1,12,球M,1,3,"[{""name"": ""球M"", ""m"": 96.14849, ""q"": 0.2468, ""c"": 0.3009, ""capture"": 0.82, ""share"": 0.87, ""miss_deg"": 0.63, ""labels"": [192]}, {""name"": ""球R"", ""m"": 11.88754, ""q"": 0.0305, ""c"": 0.2704, ""capture"": 0.113, ""share"": 0.108, ""miss_deg"": 2.09, ""labels"": [193]}, {""name"": ""球L"", ""m"": 2.52089, ""q"": 0.0065, ""c"": 0.3009, ""capture"": 0.022, ""share"": 0.023, ""miss_deg"": 2.77, ""labels"": [191]}]"
2026_08_18/000,s7,v8,,vis,103.53,103.8,0.27,3.182,球M,192,0.636,0.184,0.68,0.626,0.572,0.711,object#17,389.6407,1,1,12,球M,1,3,"[{""name"": ""球M"", ""m"": 71.68869, ""q"": 0.184, ""c"": 0.2704, ""capture"": 0.68, ""share"": 0.636, ""miss_deg"": 0.88, ""labels"": [192]}, {""name"": ""球R"", ""m"": 41.02653, ""q"": 0.1053, ""c"": 0.2469, ""capture"": 0.426, ""share"": 0.364, ""miss_deg"": 1.31, ""labels"": [193]}, {""name"": ""球L"", ""m"": 0.002, ""q"": 0.0, ""c"": 0.2857, ""capture"": 0.0, ""share"": 0.0, ""miss_deg"": 4.68, ""labels"": [191]}]"
2026_08_18/000,s7,v8,,vis,103.86,105.0,1.14,3.105,球M,192,0.769,0.2446,0.856,0.318,0.283,0.682,object#70,389.6407,1,1,12,球M,1,4,"[{""name"": ""球M"", ""m"": 95.31412, ""q"": 0.2446, ""c"": 0.2857, ""capture"": 0.856, ""share"": 0.769, ""miss_deg"": 0.56, ""labels"": [192]}, {""name"": ""球R"", ""m"": 27.00804, ""q"": 0.0693, ""c"": 0.2548, ""capture"": 0.272, ""share"": 0.218, ""miss_deg"": 1.61, ""labels"": [193]}, {""name"": ""球L"", ""m"": 1.16622, ""q"": 0.003, ""c"": 0.3009, ""capture"": 0.01, ""share"": 0.009, ""miss_deg"": 3.04, ""labels"": [191]}, {""name"": ""石榴"", ""m"": 0.42594, ""q"": 0.0011, ""c"": 0.2228, ""capture"": 0.005, ""share"": 0.003, ""miss_deg"": 3.26, ""labels"": [195]}]"
2026_08_18/000,s7,v8,,vis,105.05,105.6,0.54,3.259,球R,193,0.551,0.1582,0.685,0.696,0.815,0.713,object#70,389.6407,1,1,12,球M,0,2,"[{""name"": ""球R"", ""m"": 61.64553, ""q"": 0.1582, ""c"": 0.2309, ""capture"": 0.685, ""share"": 0.551, ""miss_deg"": 0.87, ""labels"": [193]}, {""name"": ""球M"", ""m"": 50.27568, ""q"": 0.129, ""c"": 0.2704, ""capture"": 0.477, ""share"": 0.449, ""miss_deg"": 1.22, ""labels"": [192]}]"
2026_08_18/000,s7,v8,,vis,105.65,106.25,0.6,3.042,球M,192,0.844,0.2563,0.852,0.117,0.117,0.696,object#10,389.6407,1,1,12,球M,1,3,"[{""name"": ""球M"", ""m"": 99.87732, ""q"": 0.2563, ""c"": 0.3009, ""capture"": 0.852, ""share"": 0.844, ""miss_deg"": 0.57, ""labels"": [192]}, {""name"": ""球L"", ""m"": 11.6809, ""q"": 0.03, ""c"": 0.3009, ""capture"": 0.1, ""share"": 0.099, ""miss_deg"": 2.15, ""labels"": [191]}, {""name"": ""球R"", ""m"": 6.82693, ""q"": 0.0175, ""c"": 0.2704, ""capture"": 0.065, ""share"": 0.058, ""miss_deg"": 2.34, ""labels"": [193]}]"
2026_08_18/000,s7,v8,,vis,106.3,107.17,0.87,3.055,球M,192,0.804,0.2564,0.852,0.265,0.238,0.681,object#70,389.6407,1,1,12,球M,1,4,"[{""name"": ""球M"", ""m"": 99.91917, ""q"": 0.2564, ""c"": 0.3009, ""capture"": 0.852, ""share"": 0.804, ""miss_deg"": 0.57, ""labels"": [192]}, {""name"": ""球R"", ""m"": 23.79303, ""q"": 0.0611, ""c"": 0.2704, ""capture"": 0.226, ""share"": 0.191, ""miss_deg"": 1.73, ""labels"": [193]}, {""name"": ""球L"", ""m"": 0.47953, ""q"": 0.0012, ""c"": 0.3009, ""capture"": 0.004, ""share"": 0.004, ""miss_deg"": 3.32, ""labels"": [191]}, {""name"": ""石榴"", ""m"": 0.08876, ""q"": 0.0002, ""c"": 0.2228, ""capture"": 0.001, ""share"": 0.001, ""miss_deg"": 3.71, ""labels"": [195]}]"
2026_08_18/000,s7,v8,,vis,107.22,107.81,0.59,2.974,球M,192,0.61,0.1796,0.597,0.608,0.638,0.706,object#10,389.6407,1,1,,,,3,"[{""name"": ""球M"", ""m"": 69.97475, ""q"": 0.1796, ""c"": 0.3009, ""capture"": 0.597, ""share"": 0.61, ""miss_deg"": 1.02, ""labels"": [192]}, {""name"": ""球L"", ""m"": 44.63253, ""q"": 0.1145, ""c"": 0.3157, ""capture"": 0.363, ""share"": 0.389, ""miss_deg"": 1.42, ""labels"": [191]}, {""name"": ""球R"", ""m"": 0.02178, ""q"": 0.0001, ""c"": 0.2704, ""capture"": 0.0, ""share"": 0.0, ""miss_deg"": 4.12, ""labels"": [193]}]"
2026_08_18/000,s7,v8,,vis,108.24,108.78,0.54,3.333,球R,193,0.954,0.18,0.808,0.043,0.048,0.811,object#63,389.6407,1,1,13,球R,1,2,"[{""name"": ""球R"", ""m"": 70.14304, ""q"": 0.18, ""c"": 0.2228, ""capture"": 0.808, ""share"": 0.954, ""miss_deg"": 0.65, ""labels"": [193]}, {""name"": ""球M"", ""m"": 3.38476, ""q"": 0.0087, ""c"": 0.2469, ""capture"": 0.035, ""share"": 0.046, ""miss_deg"": 2.59, ""labels"": [192]}]"
2026_08_18/000,s7,v8,,vis,108.89,109.76,0.87,3.342,球R,193,0.924,0.1914,0.859,0.075,0.082,0.793,object#136,389.6407,1,1,13,球R,1,2,"[{""name"": ""球R"", ""m"": 74.58318, ""q"": 0.1914, ""c"": 0.2228, ""capture"": 0.859, ""share"": 0.924, ""miss_deg"": 0.55, ""labels"": [193]}, {""name"": ""球M"", ""m"": 6.12698, ""q"": 0.0157, ""c"": 0.2469, ""capture"": 0.064, ""share"": 0.076, ""miss_deg"": 2.35, ""labels"": [192]}]"
2026_08_18/000,s7,v8,,vis,109.82,110.19,0.38,3.211,球M,192,0.563,0.1599,0.591,0.849,0.774,0.716,object#70,389.6407,1,1,13,球R,0,3,"[{""name"": ""球M"", ""m"": 62.30661, ""q"": 0.1599, ""c"": 0.2704, ""capture"": 0.591, ""share"": 0.563, ""miss_deg"": 1.03, ""labels"": [192]}, {""name"": ""球R"", ""m"": 48.2931, ""q"": 0.1239, ""c"": 0.2469, ""capture"": 0.502, ""share"": 0.436, ""miss_deg"": 1.17, ""labels"": [193]}, {""name"": ""石榴"", ""m"": 0.07765, ""q"": 0.0002, ""c"": 0.2062, ""capture"": 0.001, ""share"": 0.001, ""miss_deg"": 3.73, ""labels"": [195]}]"
2026_08_18/000,s7,v8,,vis,110.25,110.84,0.6,3.345,球R,193,0.804,0.1828,0.821,0.219,0.244,0.773,object#136,389.6407,1,1,13,球R,1,2,"[{""name"": ""球R"", ""m"": 71.23452, ""q"": 0.1828, ""c"": 0.2228, ""capture"": 0.821, ""share"": 0.804, ""miss_deg"": 0.63, ""labels"": [193]}, {""name"": ""球M"", ""m"": 17.34665, ""q"": 0.0445, ""c"": 0.2469, ""capture"": 0.18, ""share"": 0.196, ""miss_deg"": 1.85, ""labels"": [192]}]"
2026_08_18/000,s7,v8,,vis,111.17,112.14,0.97,3.383,球R,193,0.894,0.1911,0.858,0.107,0.119,0.786,object#136,389.6407,1,1,13,球R,1,2,"[{""name"": ""球R"", ""m"": 74.45033, ""q"": 0.1911, ""c"": 0.2228, ""capture"": 0.858, ""share"": 0.894, ""miss_deg"": 0.55, ""labels"": [193]}, {""name"": ""球M"", ""m"": 8.8702, ""q"": 0.0228, ""c"": 0.2469, ""capture"": 0.092, ""share"": 0.106, ""miss_deg"": 2.18, ""labels"": [192]}]"
2026_08_18/000,s7,v8,,vis,112.21,112.75,0.54,3.154,球M,192,0.679,0.1829,0.676,0.351,0.321,0.731,object#70,389.6407,1,1,13,球R,0,4,"[{""name"": ""球M"", ""m"": 71.25392, ""q"": 0.1829, ""c"": 0.2704, ""capture"": 0.676, ""share"": 0.679, ""miss_deg"": 0.88, ""labels"": [192]}, {""name"": ""球R"", ""m"": 22.84593, ""q"": 0.0586, ""c"": 0.2469, ""capture"": 0.237, ""share"": 0.218, ""miss_deg"": 1.7, ""labels"": [193]}, {""name"": ""石榴"", ""m"": 10.81714, ""q"": 0.0278, ""c"": 0.2228, ""capture"": 0.125, ""share"": 0.103, ""miss_deg"": 2.04, ""labels"": [195]}, {""name"": ""球L"", ""m"": 0.04594, ""q"": 0.0001, ""c"": 0.3009, ""capture"": 0.0, ""share"": 0.0, ""miss_deg"": 3.96, ""labels"": [191]}]"
2026_08_18/000,s7,v8,,vis,112.8,113.24,0.43,3.335,球R,193,0.879,0.201,0.902,0.124,0.138,0.771,object#136,389.6407,1,1,13,球R,1,2,"[{""name"": ""球R"", ""m"": 78.31659, ""q"": 0.201, ""c"": 0.2228, ""capture"": 0.902, ""share"": 0.879, ""miss_deg"": 0.45, ""labels"": [193]}, {""name"": ""球M"", ""m"": 10.76664, ""q"": 0.0276, ""c"": 0.2469, ""capture"": 0.112, ""share"": 0.121, ""miss_deg"": 2.09, ""labels"": [192]}]"
2026_08_18/000,s7,v8,,vis,113.51,114.11,0.6,3.334,球R,193,0.801,0.1839,0.825,0.224,0.248,0.77,object#136,389.6407,1,1,,,,2,"[{""name"": ""球R"", ""m"": 71.65685, ""q"": 0.1839, ""c"": 0.2228, ""capture"": 0.825, ""share"": 0.801, ""miss_deg"": 0.62, ""labels"": [193]}, {""name"": ""球M"", ""m"": 17.79486, ""q"": 0.0457, ""c"": 0.2469, ""capture"": 0.185, ""share"": 0.199, ""miss_deg"": 1.84, ""labels"": [192]}]"
2026_08_18/000,s7,v8,,vis,114.16,115.08,0.92,3.432,球R,193,0.958,0.1639,0.736,0.042,0.044,0.829,object#136,389.6407,1,1,,,,2,"[{""name"": ""球R"", ""m"": 63.86886, ""q"": 0.1639, ""c"": 0.2228, ""capture"": 0.736, ""share"": 0.958, ""miss_deg"": 0.78, ""labels"": [193]}, {""name"": ""球M"", ""m"": 2.82971, ""q"": 0.0073, ""c"": 0.2309, ""capture"": 0.031, ""share"": 0.042, ""miss_deg"": 2.63, ""labels"": [192]}]"
2026_08_18/000,s7,v8,,vis,115.4,116.27,0.87,3.053,球M,192,0.883,0.2587,0.86,0.14,0.126,0.707,object#70,389.6407,1,1,14,球M,1,3,"[{""name"": ""球M"", ""m"": 100.81657, ""q"": 0.2587, ""c"": 0.3009, ""capture"": 0.86, ""share"": 0.883, ""miss_deg"": 0.55, ""labels"": [192]}, {""name"": ""球R"", ""m"": 12.63668, ""q"": 0.0324, ""c"": 0.2704, ""capture"": 0.12, ""share"": 0.111, ""miss_deg"": 2.06, ""labels"": [193]}, {""name"": ""球L"", ""m"": 0.66381, ""q"": 0.0017, ""c"": 0.3009, ""capture"": 0.006, ""share"": 0.006, ""miss_deg"": 3.22, ""labels"": [191]}]"
2026_08_18/000,s7,v8,,vis,116.32,116.65,0.32,3.189,球M,192,0.694,0.1981,0.733,0.482,0.441,0.715,object#70,389.6407,1,1,14,球M,1,3,"[{""name"": ""球M"", ""m"": 77.18342, ""q"": 0.1981, ""c"": 0.2704, ""capture"": 0.733, ""share"": 0.694, ""miss_deg"": 0.79, ""labels"": [192]}, {""name"": ""球R"", ""m"": 33.95491, ""q"": 0.0871, ""c"": 0.2469, ""capture"": 0.353, ""share"": 0.306, ""miss_deg"": 1.44, ""labels"": [193]}, {""name"": ""球L"", ""m"": 0.001, ""q"": 0.0, ""c"": 0.2857, ""capture"": 0.0, ""share"": 0.0, ""miss_deg"": 4.82, ""labels"": [191]}]"
2026_08_18/000,s7,v8,,vis,116.7,117.89,1.19,3.073,球M,192,0.873,0.2524,0.839,0.159,0.142,0.711,object#70,389.6407,1,1,14,球M,1,3,"[{""name"": ""球M"", ""m"": 98.34514, ""q"": 0.2524, ""c"": 0.3009, ""capture"": 0.839, ""share"": 0.873, ""miss_deg"": 0.59, ""labels"": [192]}, {""name"": ""球R"", ""m"": 13.9629, ""q"": 0.0358, ""c"": 0.2704, ""capture"": 0.133, ""share"": 0.124, ""miss_deg"": 2.01, ""labels"": [193]}, {""name"": ""球L"", ""m"": 0.29242, ""q"": 0.0008, ""c"": 0.3009, ""capture"": 0.002, ""share"": 0.003, ""miss_deg"": 3.46, ""labels"": [191]}]"
2026_08_18/000,s7,v8,,vis,118.22,120.82,2.6,3.077,球M,192,0.849,0.2314,0.769,0.198,0.177,0.727,object#17,389.6407,1,1,14,球M,1,3,"[{""name"": ""球M"", ""m"": 90.15882, ""q"": 0.2314, ""c"": 0.3009, ""capture"": 0.769, ""share"": 0.849, ""miss_deg"": 0.72, ""labels"": [192]}, {""name"": ""球R"", ""m"": 15.97136, ""q"": 0.041, ""c"": 0.2704, ""capture"": 0.152, ""share"": 0.15, ""miss_deg"": 1.94, ""labels"": [193]}, {""name"": ""球L"", ""m"": 0.09058, ""q"": 0.0002, ""c"": 0.3009, ""capture"": 0.001, ""share"": 0.001, ""miss_deg"": 3.79, ""labels"": [191]}]"
2026_08_18/000,s7,v8,,vis,120.87,121.2,0.32,3.08,球M,192,0.863,0.1816,0.604,0.177,0.159,0.79,object#17,389.6407,1,1,,,,3,"[{""name"": ""球M"", ""m"": 70.77425, ""q"": 0.1816, ""c"": 0.3009, ""capture"": 0.604, ""share"": 0.863, ""miss_deg"": 1.0, ""labels"": [192]}, {""name"": ""球R"", ""m"": 11.23291, ""q"": 0.0288, ""c"": 0.2704, ""capture"": 0.107, ""share"": 0.137, ""miss_deg"": 2.12, ""labels"": [193]}, {""name"": ""球L"", ""m"": 0.00312, ""q"": 0.0, ""c"": 0.3009, ""capture"": 0.0, ""share"": 0.0, ""miss_deg"": 4.59, ""labels"": [191]}]"
2026_08_18/000,s7,v8,,vis,121.25,121.69,0.43,3.364,球R,193,0.649,0.0688,0.309,0.489,0.541,0.894,object#17,389.6407,1,1,,,,2,"[{""name"": ""球R"", ""m"": 26.82346, ""q"": 0.0688, ""c"": 0.2228, ""capture"": 0.309, ""share"": 0.649, ""miss_deg"": 1.53, ""labels"": [193]}, {""name"": ""球M"", ""m"": 14.53193, ""q"": 0.0373, ""c"": 0.2469, ""capture"": 0.151, ""share"": 0.351, ""miss_deg"": 1.94, ""labels"": [192]}]"
2026_08_18/000,s7,v8,,vis,121.74,122.28,0.54,3.023,球M,192,0.866,0.2811,0.934,0.145,0.13,0.675,object#70,389.6407,1,1,,,,3,"[{""name"": ""球M"", ""m"": 109.53345, ""q"": 0.2811, ""c"": 0.3009, ""capture"": 0.934, ""share"": 0.866, ""miss_deg"": 0.37, ""labels"": [192]}, {""name"": ""球R"", ""m"": 14.25407, ""q"": 0.0366, ""c"": 0.2704, ""capture"": 0.135, ""share"": 0.113, ""miss_deg"": 2.0, ""labels"": [193]}, {""name"": ""球L"", ""m"": 2.71802, ""q"": 0.007, ""c"": 0.3157, ""capture"": 0.022, ""share"": 0.021, ""miss_deg"": 2.76, ""labels"": [191]}]"
2026_08_18/000,s7,v8,,vis,122.33,124.56,2.22,3.02,球L,191,0.882,0.3735,1.183,0.048,0.117,0.576,object#10,389.6407,1,1,15,球L,1,3,"[{""name"": ""球L"", ""m"": 145.53643, ""q"": 0.3735, ""c"": 0.3157, ""capture"": 1.183, ""share"": 0.882, ""miss_deg"": 0.0, ""labels"": [191]}, {""name"": ""香蕉"", ""m"": 17.0753, ""q"": 0.0438, ""c"": 0.7697, ""capture"": 0.057, ""share"": 0.103, ""miss_deg"": 2.39, ""labels"": [196]}, {""name"": ""球M"", ""m"": 2.42025, ""q"": 0.0062, ""c"": 0.3009, ""capture"": 0.021, ""share"": 0.015, ""miss_deg"": 2.79, ""labels"": [192]}]"
2026_08_18/000,s7,v8,,vis,124.84,128.27,3.43,3.028,球L,191,0.858,0.3195,1.012,0.117,0.112,0.628,object#10,389.6407,1,1,15,球L,1,3,"[{""name"": ""球L"", ""m"": 124.48351, ""q"": 0.3195, ""c"": 0.3157, ""capture"": 1.012, ""share"": 0.858, ""miss_deg"": 0.0, ""labels"": [191]}, {""name"": ""球M"", ""m"": 13.87769, ""q"": 0.0356, ""c"": 0.3009, ""capture"": 0.118, ""share"": 0.096, ""miss_deg"": 2.07, ""labels"": [192]}, {""name"": ""香蕉"", ""m"": 6.74631, ""q"": 0.0173, ""c"": 0.7697, ""capture"": 0.022, ""share"": 0.046, ""miss_deg"": 2.75, ""labels"": [196]}]"
2026_08_18/000,s7,v8,,vis,128.32,128.59,0.27,2.981,球L,191,0.945,0.2281,0.723,0.061,0.058,0.759,object#17,389.6407,1,1,,,,2,"[{""name"": ""球L"", ""m"": 88.88109, ""q"": 0.2281, ""c"": 0.3157, ""capture"": 0.723, ""share"": 0.945, ""miss_deg"": 0.81, ""labels"": [191]}, {""name"": ""球M"", ""m"": 5.1418, ""q"": 0.0132, ""c"": 0.3009, ""capture"": 0.044, ""share"": 0.055, ""miss_deg"": 2.5, ""labels"": [192]}]"
2026_08_20/000,c1,v9,,vis,6.97,7.24,0.27,2.316,水瓶,30,0.931,0.4482,0.462,0.069,0.07,0.519,object#12,389.6407,1,1,,,,5,"[{""name"": ""水瓶"", ""m"": 174.62627, ""q"": 0.4482, ""c"": 0.9697, ""capture"": 0.462, ""share"": 0.931, ""miss_deg"": 1.24, ""labels"": [30]}, {""name"": ""香蕉"", ""m"": 12.2728, ""q"": 0.0315, ""c"": 0.9962, ""capture"": 0.032, ""share"": 0.065, ""miss_deg"": 2.63, ""labels"": [264]}, {""name"": ""苹果红"", ""m"": 0.59811, ""q"": 0.0015, ""c"": 0.3855, ""capture"": 0.004, ""share"": 0.003, ""miss_deg"": 3.32, ""labels"": [260]}, {""name"": ""红杯"", ""m"": 0.00119, ""q"": 0.0, ""c"": 0.7636, ""capture"": 0.0, ""share"": 0.0, ""miss_deg"": 4.99, ""labels"": [49]}, {""name"": ""橘子"", ""m"": 0.00057, ""q"": 0.0, ""c"": 0.3721, ""capture"": 0.0, ""share"": 0.0, ""miss_deg"": 4.99, ""labels"": [262]}]"
2026_08_20/000,c1,v9,,vis,7.37,7.67,0.3,2.268,水瓶,30,0.476,0.1957,0.201,0.806,0.33,0.589,object#12,389.6407,1,0,,,,4,"[{""name"": ""水瓶"", ""m"": 76.25942, ""q"": 0.1957, ""c"": 0.974, ""capture"": 0.201, ""share"": 0.476, ""miss_deg"": 1.79, ""labels"": [30]}, {""name"": ""苹果红"", ""m"": 25.15598, ""q"": 0.0646, ""c"": 0.3986, ""capture"": 0.162, ""share"": 0.157, ""miss_deg"": 1.91, ""labels"": [260]}, {""name"": ""香蕉"", ""m"": 52.42625, ""q"": 0.1346, ""c"": 0.998, ""capture"": 0.135, ""share"": 0.327, ""miss_deg"": 2.0, ""labels"": [264]}, {""name"": ""橘子"", ""m"": 6.4045, ""q"": 0.0164, ""c"": 0.3721, ""capture"": 0.044, ""share"": 0.04, ""miss_deg"": 2.5, ""labels"": [262]}]"
2026_08_20/000,c1,v9,,vis,8.91,9.23,0.32,3.486,,-1,0.0,0.0,,,,1.0,object#26,389.6407,0,0,,,,0,[]
2026_08_20/000,c1,v9,,vis,10.31,11.02,0.7,2.647,,-1,0.0,0.0,,,,1.0,floor,389.6407,0,0,,,,0,[]
2026_08_20/000,c1,v9,,vis,11.44,11.87,0.43,2.443,,-1,0.0,0.0,,,,1.0,floor,389.6407,0,0,,,,0,[]
2026_08_20/000,c1,v9,,vis,11.92,12.2,0.27,2.321,,-1,0.0,0.0,,,,1.0,floor,389.6407,0,0,,,,0,[]
2026_08_20/000,c1,v9,,vis,12.69,13.12,0.43,2.595,,-1,0.0,0.0,,,,1.0,floor,389.6407,0,0,,,,0,[]
2026_08_20/000,c1,v9,,vis,13.98,15.07,1.09,2.28,球L,259,0.746,0.3389,1.126,0.086,0.114,0.546,物品台,389.6407,1,1,,,,6,"[{""name"": ""球L"", ""m"": 132.06503, ""q"": 0.3389, ""c"": 0.3009, ""capture"": 1.126, ""share"": 0.746, ""miss_deg"": 0.0, ""labels"": [259]}, {""name"": ""苹果红"", ""m"": 15.02749, ""q"": 0.0386, ""c"": 0.3986, ""capture"": 0.097, ""share"": 0.085, ""miss_deg"": 2.16, ""labels"": [260]}, {""name"": ""苹果粉"", ""m"": 14.7922, ""q"": 0.038, ""c"": 0.5232, ""capture"": 0.073, ""share"": 0.084, ""miss_deg"": 2.29, ""labels"": [64]}, {""name"": ""水瓶"", ""m"": 14.76518, ""q"": 0.0379, ""c"": 0.974, ""capture"": 0.039, ""share"": 0.083, ""miss_deg"": 2.55, ""labels"": [30]}, {""name"": ""橘子"", ""m"": 0.32972, ""q"": 0.0008, ""c"": 0.3721, ""capture"": 0.002, ""share"": 0.002, ""miss_deg"": 3.49, ""labels"": [262]}, {""name"": ""香蕉"", ""m"": 0.00267, ""q"": 0.0, ""c"": 0.998, ""capture"": 0.0, ""share"": 0.0, ""miss_deg"": 4.88, ""labels"": [264]}]"
2026_08_20/000,c1,v9,,vis,15.12,15.61,0.49,2.206,球L,259,0.452,0.1473,0.467,0.411,0.71,0.674,物品台,389.6407,1,0,,,,5,"[{""name"": ""球L"", ""m"": 57.39494, ""q"": 0.1473, ""c"": 0.3157, ""capture"": 0.467, ""share"": 0.452, ""miss_deg"": 1.23, ""labels"": [259]}, {""name"": ""苹果粉"", ""m"": 40.76807, ""q"": 0.1046, ""c"": 0.5444, ""capture"": 0.192, ""share"": 0.321, ""miss_deg"": 1.82, ""labels"": [64]}, {""name"": ""水瓶"", ""m"": 26.13684, ""q"": 0.0671, ""c"": 0.9819, ""capture"": 0.068, ""share"": 0.206, ""miss_deg"": 2.32, ""labels"": [30]}, {""name"": ""苹果红"", ""m"": 2.35547, ""q"": 0.006, ""c"": 0.4305, ""capture"": 0.014, ""share"": 0.019, ""miss_deg"": 2.92, ""labels"": [260]}, {""name"": ""橘子"", ""m"": 0.20141, ""q"": 0.0005, ""c"": 0.3855, ""capture"": 0.001, ""share"": 0.002, ""miss_deg"": 3.64, ""labels"": [262]}]"
2026_08_20/000,c1,v9,,vis,15.67,16.1,0.43,2.256,球M,261,0.294,0.1056,0.351,0.51,0.534,0.641,物品台,389.6407,0,0,,,,5,"[{""name"": ""球M"", ""m"": 41.12756, ""q"": 0.1056, ""c"": 0.3009, ""capture"": 0.351, ""share"": 0.294, ""miss_deg"": 1.45, ""labels"": [261]}, {""name"": ""球L"", ""m"": 21.97056, ""q"": 0.0564, ""c"": 0.3157, ""capture"": 0.179, ""share"": 0.157, ""miss_deg"": 1.86, ""labels"": [259]}, {""name"": ""水瓶"", ""m"": 58.61906, ""q"": 0.1504, ""c"": 0.9761, ""capture"": 0.154, ""share"": 0.419, ""miss_deg"": 1.93, ""labels"": [30]}, {""name"": ""苹果红"", ""m"": 14.31309, ""q"": 0.0367, ""c"": 0.3986, ""capture"": 0.092, ""share"": 0.102, ""miss_deg"": 2.18, ""labels"": [260]}, {""name"": ""香蕉"", ""m"": 3.80501, ""q"": 0.0098, ""c"": 0.998, ""capture"": 0.01, ""share"": 0.027, ""miss_deg"": 3.04, ""labels"": [264]}]"
2026_08_20/000,c1,v9,,vis,16.21,16.48,0.27,2.201,球L,259,0.652,0.2297,0.728,0.144,0.25,0.648,物品台,389.6407,1,1,,,,5,"[{""name"": ""球L"", ""m"": 89.4938, ""q"": 0.2297, ""c"": 0.3157, ""capture"": 0.728, ""share"": 0.652, ""miss_deg"": 0.8, ""labels"": [259]}, {""name"": ""苹果粉"", ""m"": 22.34306, ""q"": 0.0573, ""c"": 0.5444, ""capture"": 0.105, ""share"": 0.163, ""miss_deg"": 2.12, ""labels"": [64]}, {""name"": ""水瓶"", ""m"": 21.17374, ""q"": 0.0543, ""c"": 0.9819, ""capture"": 0.055, ""share"": 0.154, ""miss_deg"": 2.41, ""labels"": [30]}, {""name"": ""苹果红"", ""m"": 4.15097, ""q"": 0.0107, ""c"": 0.4305, ""capture"": 0.025, ""share"": 0.03, ""miss_deg"": 2.72, ""labels"": [260]}, {""name"": ""橘子"", ""m"": 0.03539, ""q"": 0.0001, ""c"": 0.3855, ""capture"": 0.0, ""share"": 0.0, ""miss_deg"": 4.09, ""labels"": [262]}]"
2026_08_20/000,c1,v9,,vis,16.53,17.02,0.49,2.107,球M,261,0.558,0.0169,0.054,0.185,0.604,0.97,物品台,389.6407,0,0,,,,3,"[{""name"": ""球M"", ""m"": 6.60168, ""q"": 0.0169, ""c"": 0.3157, ""capture"": 0.054, ""share"": 0.558, ""miss_deg"": 2.42, ""labels"": [261]}, {""name"": ""水瓶"", ""m"": 3.98298, ""q"": 0.0102, ""c"": 0.9893, ""capture"": 0.01, ""share"": 0.337, ""miss_deg"": 3.02, ""labels"": [30]}, {""name"": ""球L"", ""m"": 1.24478, ""q"": 0.0032, ""c"": 0.3582, ""capture"": 0.009, ""share"": 0.105, ""miss_deg"": 3.07, ""labels"": [259]}]"
2026_08_20/000,c1,v9,,vis,17.13,18.32,1.19,2.134,球R,263,0.56,0.0375,0.109,0.275,0.786,0.933,物品台,389.6407,0,0,,,,2,"[{""name"": ""球R"", ""m"": 14.61973, ""q"": 0.0375, ""c"": 0.3441, ""capture"": 0.109, ""share"": 0.56, ""miss_deg"": 2.11, ""labels"": [263]}, {""name"": ""水瓶"", ""m"": 11.47214, ""q"": 0.0294, ""c"": 0.9878, ""capture"": 0.03, ""share"": 0.44, ""miss_deg"": 2.65, ""labels"": [30]}]"
2026_08_20/000,c1,v9,,vis,18.37,19.46,1.08,2.158,球R,263,0.749,0.1199,0.371,0.094,0.287,0.84,物品台,389.6407,1,1,1,球R,1,4,"[{""name"": ""球R"", ""m"": 46.70286, ""q"": 0.1199, ""c"": 0.3228, ""capture"": 0.371, ""share"": 0.749, ""miss_deg"": 1.41, ""labels"": [263]}, {""name"": ""水瓶"", ""m"": 13.38682, ""q"": 0.0344, ""c"": 0.9862, ""capture"": 0.035, ""share"": 0.215, ""miss_deg"": 2.59, ""labels"": [30]}, {""name"": ""白杯1"", ""m"": 2.1148, ""q"": 0.0054, ""c"": 0.6122, ""capture"": 0.009, ""share"": 0.034, ""miss_deg"": 3.07, ""labels"": [266]}, {""name"": ""白杯2"", ""m"": 0.13352, ""q"": 0.0003, ""c"": 0.5444, ""capture"": 0.001, ""share"": 0.002, ""miss_deg"": 3.84, ""labels"": [267]}]"
2026_08_20/000,c1,v9,,vis,19.62,20.81,1.19,2.157,球R,263,0.706,0.0954,0.295,0.132,0.407,0.865,物品台,389.6407,1,1,1,球R,1,4,"[{""name"": ""球R"", ""m"": 37.16844, ""q"": 0.0954, ""c"": 0.3228, ""capture"": 0.295, ""share"": 0.706, ""miss_deg"": 1.56, ""labels"": [263]}, {""name"": ""水瓶"", ""m"": 15.12502, ""q"": 0.0388, ""c"": 0.9862, ""capture"": 0.039, ""share"": 0.287, ""miss_deg"": 2.54, ""labels"": [30]}, {""name"": ""白杯1"", ""m"": 0.19059, ""q"": 0.0005, ""c"": 0.6122, ""capture"": 0.001, ""share"": 0.004, ""miss_deg"": 3.78, ""labels"": [266]}, {""name"": ""白杯2"", ""m"": 0.13945, ""q"": 0.0004, ""c"": 0.5444, ""capture"": 0.001, ""share"": 0.003, ""miss_deg"": 3.83, ""labels"": [267]}]"
2026_08_20/000,c1,v9,,vis,21.03,21.62,0.6,2.158,球R,263,0.605,0.0337,0.104,0.212,0.653,0.944,物品台,389.6407,0,0,1,球R,1,2,"[{""name"": ""球R"", ""m"": 13.11221, ""q"": 0.0337, ""c"": 0.3228, ""capture"": 0.104, ""share"": 0.605, ""miss_deg"": 2.13, ""labels"": [263]}, {""name"": ""水瓶"", ""m"": 8.54799, ""q"": 0.0219, ""c"": 0.9862, ""capture"": 0.022, ""share"": 0.395, ""miss_deg"": 2.76, ""labels"": [30]}]"
2026_08_20/000,c1,v9,,vis,21.68,22.27,0.6,2.216,球R,263,0.728,0.1577,0.499,0.12,0.227,0.784,物品台,389.6407,1,1,1,球R,1,5,"[{""name"": ""球R"", ""m"": 61.42866, ""q"": 0.1577, ""c"": 0.3157, ""capture"": 0.499, ""share"": 0.728, ""miss_deg"": 1.18, ""labels"": [263]}, {""name"": ""白杯1"", ""m"": 13.95297, ""q"": 0.0358, ""c"": 0.5936, ""capture"": 0.06, ""share"": 0.165, ""miss_deg"": 2.37, ""labels"": [266]}, {""name"": ""水瓶"", ""m"": 8.91903, ""q"": 0.0229, ""c"": 0.9819, ""capture"": 0.023, ""share"": 0.106, ""miss_deg"": 2.74, ""labels"": [30]}, {""name"": ""红杯"", ""m"": 0.02315, ""q"": 0.0001, ""c"": 0.7962, ""capture"": 0.0, ""share"": 0.0, ""miss_deg"": 4.36, ""labels"": [49]}, {""name"": ""香蕉"", ""m"": 0.02325, ""q"": 0.0001, ""c"": 0.9992, ""capture"": 0.0, ""share"": 0.0, ""miss_deg"": 4.41, ""labels"": [264]}]"
2026_08_20/000,c1,v9,,vis,22.44,23.09,0.65,2.159,球R,263,0.739,0.1023,0.317,0.107,0.323,0.862,物品台,389.6407,1,1,,,,4,"[{""name"": ""球R"", ""m"": 39.84234, ""q"": 0.1023, ""c"": 0.3228, ""capture"": 0.317, ""share"": 0.739, ""miss_deg"": 1.52, ""labels"": [263]}, {""name"": ""水瓶"", ""m"": 12.8949, ""q"": 0.0331, ""c"": 0.9862, ""capture"": 0.034, ""share"": 0.239, ""miss_deg"": 2.61, ""labels"": [30]}, {""name"": ""白杯1"", ""m"": 1.11824, ""q"": 0.0029, ""c"": 0.6122, ""capture"": 0.005, ""share"": 0.021, ""miss_deg"": 3.28, ""labels"": [266]}, {""name"": ""白杯2"", ""m"": 0.05733, ""q"": 0.0001, ""c"": 0.5444, ""capture"": 0.0, ""share"": 0.001, ""miss_deg"": 4.05, ""labels"": [267]}]"
2026_08_20/000,c1,v9,,vis,23.48,23.81,0.33,2.215,球M,261,0.765,0.2825,0.939,0.091,0.297,0.631,物品台,389.6407,1,1,,,,4,"[{""name"": ""球M"", ""m"": 110.05663, ""q"": 0.2825, ""c"": 0.3009, ""capture"": 0.939, ""share"": 0.765, ""miss_deg"": 0.36, ""labels"": [261]}, {""name"": ""水瓶"", ""m"": 32.70461, ""q"": 0.0839, ""c"": 0.9819, ""capture"": 0.085, ""share"": 0.227, ""miss_deg"": 2.22, ""labels"": [30]}, {""name"": ""香蕉"", ""m"": 1.11319, ""q"": 0.0029, ""c"": 0.9992, ""capture"": 0.003, ""share"": 0.008, ""miss_deg"": 3.42, ""labels"": [264]}, {""name"": ""苹果红"", ""m"": 0.00408, ""q"": 0.0, ""c"": 0.4305, ""capture"": 0.0, ""share"": 0.0, ""miss_deg"": 4.61, ""labels"": [260]}]"
2026_08_20/000,c1,v9,,vis,23.92,27.08,3.17,2.228,球M,261,0.664,0.3796,1.262,0.123,0.401,0.429,物品台,389.6407,1,1,2,香蕉,0,5,"[{""name"": ""球M"", ""m"": 147.91012, ""q"": 0.3796, ""c"": 0.3009, ""capture"": 1.262, ""share"": 0.664, ""miss_deg"": 0.0, ""labels"": [261]}, {""name"": ""水瓶"", ""m"": 59.10613, ""q"": 0.1517, ""c"": 0.9801, ""capture"": 0.155, ""share"": 0.266, ""miss_deg"": 1.93, ""labels"": [30]}, {""name"": ""香蕉"", ""m"": 15.53853, ""q"": 0.0399, ""c"": 0.998, ""capture"": 0.04, ""share"": 0.07, ""miss_deg"": 2.54, ""labels"": [264]}, {""name"": ""白杯1"", ""m"": 0.01985, ""q"": 0.0001, ""c"": 0.584, ""capture"": 0.0, ""share"": 0.0, ""miss_deg"": 4.32, ""labels"": [266]}, {""name"": ""红杯"", ""m"": 0.02136, ""q"": 0.0001, ""c"": 0.7962, ""capture"": 0.0, ""share"": 0.0, ""miss_deg"": 4.38, ""labels"": [49]}]"
2026_08_20/000,c1,v9,,vis,27.14,27.79,0.65,2.274,球M,261,0.399,0.294,0.977,0.337,1.088,0.263,object#12,389.6407,0,0,2,香蕉,0,5,"[{""name"": ""球M"", ""m"": 114.5586, ""q"": 0.294, ""c"": 0.3009, ""capture"": 0.977, ""share"": 0.399, ""miss_deg"": 0.22, ""labels"": [261]}, {""name"": ""水瓶"", ""m"": 124.77366, ""q"": 0.3202, ""c"": 0.974, ""capture"": 0.329, ""share"": 0.434, ""miss_deg"": 1.49, ""labels"": [30]}, {""name"": ""香蕉"", ""m"": 47.79102, ""q"": 0.1227, ""c"": 0.998, ""capture"": 0.123, ""share"": 0.166, ""miss_deg"": 2.05, ""labels"": [264]}, {""name"": ""红杯"", ""m"": 0.17823, ""q"": 0.0005, ""c"": 0.7697, ""capture"": 0.001, ""share"": 0.001, ""miss_deg"": 3.85, ""labels"": [49]}, {""name"": ""白杯1"", ""m"": 0.03284, ""q"": 0.0001, ""c"": 0.5595, ""capture"": 0.0, ""share"": 0.0, ""miss_deg"": 4.2, ""labels"": [266]}]"
2026_08_20/000,c1,v9,,vis,28.02,29.1,1.08,2.252,球M,261,0.519,0.365,1.213,0.233,0.755,0.297,object#12,389.6407,1,1,2,香蕉,0,4,"[{""name"": ""球M"", ""m"": 142.23782, ""q"": 0.365, ""c"": 0.3009, ""capture"": 1.213, ""share"": 0.519, ""miss_deg"": 0.0, ""labels"": [261]}, {""name"": ""水瓶"", ""m"": 107.44747, ""q"": 0.2758, ""c"": 0.9761, ""capture"": 0.283, ""share"": 0.392, ""miss_deg"": 1.59, ""labels"": [30]}, {""name"": ""香蕉"", ""m"": 24.28453, ""q"": 0.0623, ""c"": 0.998, ""capture"": 0.062, ""share"": 0.089, ""miss_deg"": 2.36, ""labels"": [264]}, {""name"": ""红杯"", ""m"": 0.0093, ""q"": 0.0, ""c"": 0.7904, ""capture"": 0.0, ""share"": 0.0, ""miss_deg"": 4.56, ""labels"": [49]}]"
2026_08_20/000,c1,v9,,vis,29.15,30.34,1.19,2.238,苹果红,260,0.363,0.2079,0.522,0.454,0.361,0.428,object#12,389.6407,1,0,,,,7,"[{""name"": ""苹果红"", ""m"": 81.02058, ""q"": 0.2079, ""c"": 0.3986, ""capture"": 0.522, ""share"": 0.363, ""miss_deg"": 1.14, ""labels"": [260]}, {""name"": ""球L"", ""m"": 29.09463, ""q"": 0.0747, ""c"": 0.3157, ""capture"": 0.237, ""share"": 0.131, ""miss_deg"": 1.7, ""labels"": [259]}, {""name"": ""水瓶"", ""m"": 67.38499, ""q"": 0.1729, ""c"": 0.9801, ""capture"": 0.176, ""share"": 0.302, ""miss_deg"": 1.86, ""labels"": [30]}, {""name"": ""球M"", ""m"": 19.95381, ""q"": 0.0512, ""c"": 0.3009, ""capture"": 0.17, ""share"": 0.09, ""miss_deg"": 1.88, ""labels"": [261]}, {""name"": ""香蕉"", ""m"": 23.35229, ""q"": 0.0599, ""c"": 0.998, ""capture"": 0.06, ""share"": 0.105, ""miss_deg"": 2.37, ""labels"": [264]}, {""name"": ""橘子"", ""m"": 2.11283, ""q"": 0.0054, ""c"": 0.3721, ""capture"": 0.015, ""share"": 0.009, ""miss_deg"": 2.91, ""labels"": [262]}, {""name"": ""苹果粉"", ""m"": 0.00069, ""q"": 0.0, ""c"": 0.5444, ""capture"": 0.0, ""share"": 0.0, ""miss_deg"": 5.03, ""labels"": [64, 250]}]"
2026_08_20/000,c1,v9,,vis,31.01,31.82,0.81,3.093,纸箱子,33,1.0,1.1929,1.193,0.0,0.0,0.0,object#38,389.6407,1,1,3,纸箱子,1,1,"[{""name"": ""纸箱子"", ""m"": 464.79166, ""q"": 1.1929, ""c"": 1.0, ""capture"": 1.193, ""share"": 1.0, ""miss_deg"": 0.0, ""labels"": [33, 73]}]"
2026_08_20/000,c1,v9,,vis,31.87,32.42,0.54,3.026,纸箱子,33,1.0,0.7266,0.727,0.0,0.0,0.273,object#38,389.6407,1,1,3,纸箱子,1,1,"[{""name"": ""纸箱子"", ""m"": 283.10658, ""q"": 0.7266, ""c"": 1.0, ""capture"": 0.727, ""share"": 1.0, ""miss_deg"": 0.8, ""labels"": [33, 73]}]"
2026_08_20/000,c1,v9,,vis,32.47,36.8,4.33,3.06,纸箱子,33,1.0,1.1052,1.105,0.0,0.0,0.0,object#38,389.6407,1,1,3,纸箱子,1,1,"[{""name"": ""纸箱子"", ""m"": 430.62295, ""q"": 1.1052, ""c"": 1.0, ""capture"": 1.105, ""share"": 1.0, ""miss_deg"": 0.0, ""labels"": [33, 73]}]"
2026_08_20/000,c1,v9,,vis,37.31,38.67,1.37,2.251,苹果粉,64,0.845,0.2491,0.458,0.103,0.183,0.705,物品台,389.6407,1,1,,,,3,"[{""name"": ""苹果粉"", ""m"": 97.0642, ""q"": 0.2491, ""c"": 0.5444, ""capture"": 0.458, ""share"": 0.845, ""miss_deg"": 1.25, ""labels"": [64, 250]}, {""name"": ""水瓶"", ""m"": 17.76963, ""q"": 0.0456, ""c"": 0.9761, ""capture"": 0.047, ""share"": 0.155, ""miss_deg"": 2.48, ""labels"": [30]}, {""name"": ""球L"", ""m"": 0.06129, ""q"": 0.0002, ""c"": 0.3157, ""capture"": 0.0, ""share"": 0.001, ""miss_deg"": 3.9, ""labels"": [259]}]"
2026_08_20/000,c1,v9,,vis,38.74,39.9,1.16,2.24,苹果粉,64,0.875,0.3869,0.711,0.075,0.135,0.558,物品台,389.6407,1,1,4,苹果粉,1,4,"[{""name"": ""苹果粉"", ""m"": 150.74629, ""q"": 0.3869, ""c"": 0.5444, ""capture"": 0.711, ""share"": 0.875, ""miss_deg"": 0.83, ""labels"": [64, 250]}, {""name"": ""水瓶"", ""m"": 20.31386, ""q"": 0.0521, ""c"": 0.9781, ""capture"": 0.053, ""share"": 0.118, ""miss_deg"": 2.42, ""labels"": [30]}, {""name"": ""球L"", ""m"": 1.15595, ""q"": 0.003, ""c"": 0.3157, ""capture"": 0.009, ""share"": 0.007, ""miss_deg"": 3.06, ""labels"": [259]}, {""name"": ""香蕉"", ""m"": 0.00443, ""q"": 0.0, ""c"": 0.998, ""capture"": 0.0, ""share"": 0.0, ""miss_deg"": 4.77, ""labels"": [264]}]"
2026_08_20/000,c1,v9,,vis,40.13,42.46,2.33,2.233,苹果粉,64,0.653,0.0912,0.167,0.257,0.462,0.86,物品台,389.6407,0,0,4,苹果粉,1,3,"[{""name"": ""苹果粉"", ""m"": 35.52887, ""q"": 0.0912, ""c"": 0.5444, ""capture"": 0.167, ""share"": 0.653, ""miss_deg"": 1.89, ""labels"": [64]}, {""name"": ""水瓶"", ""m"": 16.43628, ""q"": 0.0422, ""c"": 0.9801, ""capture"": 0.043, ""share"": 0.302, ""miss_deg"": 2.51, ""labels"": [30]}, {""name"": ""球L"", ""m"": 2.4601, ""q"": 0.0063, ""c"": 0.3157, ""capture"": 0.02, ""share"": 0.045, ""miss_deg"": 2.8, ""labels"": [259]}]"
2026_08_20/000,c1,v9,,vis,42.51,42.89,0.38,2.242,球L,259,0.808,0.3007,0.953,0.091,0.115,0.628,物品台,389.6407,1,1,4,苹果粉,0,6,"[{""name"": ""球L"", ""m"": 117.15742, ""q"": 0.3007, ""c"": 0.3157, ""capture"": 0.953, ""share"": 0.808, ""miss_deg"": 0.31, ""labels"": [259]}, {""name"": ""苹果红"", ""m"": 13.52086, ""q"": 0.0347, ""c"": 0.3986, ""capture"": 0.087, ""share"": 0.093, ""miss_deg"": 2.21, ""labels"": [260]}, {""name"": ""水瓶"", ""m"": 11.62916, ""q"": 0.0298, ""c"": 0.9781, ""capture"": 0.031, ""share"": 0.08, ""miss_deg"": 2.64, ""labels"": [30]}, {""name"": ""苹果粉"", ""m"": 2.57446, ""q"": 0.0066, ""c"": 0.5444, ""capture"": 0.012, ""share"": 0.018, ""miss_deg"": 2.97, ""labels"": [64]}, {""name"": ""香蕉"", ""m"": 0.02518, ""q"": 0.0001, ""c"": 0.998, ""capture"": 0.0, ""share"": 0.0, ""miss_deg"": 4.39, ""labels"": [264]}, {""name"": ""橘子"", ""m"": 0.00324, ""q"": 0.0, ""c"": 0.3721, ""capture"": 0.0, ""share"": 0.0, ""miss_deg"": 4.63, ""labels"": [262]}]"
2026_08_20/000,c1,v9,,vis,42.94,43.97,1.03,2.243,苹果粉,64,0.748,0.2834,0.521,0.18,0.104,0.621,物品台,389.6407,1,1,,,,4,"[{""name"": ""苹果粉"", ""m"": 110.42042, ""q"": 0.2834, ""c"": 0.5444, ""capture"": 0.521, ""share"": 0.748, ""miss_deg"": 1.14, ""labels"": [64, 250]}, {""name"": ""球L"", ""m"": 11.55737, ""q"": 0.0297, ""c"": 0.3157, ""capture"": 0.094, ""share"": 0.078, ""miss_deg"": 2.17, ""labels"": [259]}, {""name"": ""水瓶"", ""m"": 25.51734, ""q"": 0.0655, ""c"": 0.9781, ""capture"": 0.067, ""share"": 0.173, ""miss_deg"": 2.33, ""labels"": [30]}, {""name"": ""橘子"", ""m"": 0.0503, ""q"": 0.0001, ""c"": 0.3721, ""capture"": 0.0, ""share"": 0.0, ""miss_deg"": 3.99, ""labels"": [262]}]"
2026_08_20/000,c1,v9,,vis,44.21,44.69,0.48,2.3,白杯1,266,0.599,0.2965,0.545,0.505,0.279,0.505,object#12,389.6407,1,1,,,,6,"[{""name"": ""白杯1"", ""m"": 115.52116, ""q"": 0.2965, ""c"": 0.5444, ""capture"": 0.545, ""share"": 0.599, ""miss_deg"": 1.1, ""labels"": [266]}, {""name"": ""球R"", ""m"": 32.21642, ""q"": 0.0827, ""c"": 0.3009, ""capture"": 0.275, ""share"": 0.167, ""miss_deg"": 1.61, ""labels"": [263]}, {""name"": ""香蕉"", ""m"": 27.44511, ""q"": 0.0704, ""c"": 0.9962, ""capture"": 0.071, ""share"": 0.142, ""miss_deg"": 2.3, ""labels"": [264]}, {""name"": ""球M"", ""m"": 2.57589, ""q"": 0.0066, ""c"": 0.2857, ""capture"": 0.023, ""share"": 0.013, ""miss_deg"": 2.74, ""labels"": [261]}, {""name"": ""红杯"", ""m"": 6.75642, ""q"": 0.0173, ""c"": 0.7697, ""capture"": 0.023, ""share"": 0.035, ""miss_deg"": 2.75, ""labels"": [49]}, {""name"": ""水瓶"", ""m"": 8.34776, ""q"": 0.0214, ""c"": 0.9697, ""capture"": 0.022, ""share"": 0.043, ""miss_deg"": 2.76, ""labels"": [30]}]"
2026_08_20/000,c1,v9,,vis,45.51,45.83,0.32,2.274,白杯1,266,0.61,0.348,0.622,0.645,0.346,0.43,object#12,389.6407,1,1,5,白杯1,1,6,"[{""name"": ""白杯1"", ""m"": 135.58078, ""q"": 0.348, ""c"": 0.5595, ""capture"": 0.622, ""share"": 0.61, ""miss_deg"": 0.97, ""labels"": [266]}, {""name"": ""球R"", ""m"": 46.96164, ""q"": 0.1205, ""c"": 0.3009, ""capture"": 0.401, ""share"": 0.211, ""miss_deg"": 1.35, ""labels"": [263]}, {""name"": ""香蕉"", ""m"": 20.32301, ""q"": 0.0522, ""c"": 0.998, ""capture"": 0.052, ""share"": 0.091, ""miss_deg"": 2.43, ""labels"": [264]}, {""name"": ""红杯"", ""m"": 12.73956, ""q"": 0.0327, ""c"": 0.7697, ""capture"": 0.042, ""share"": 0.057, ""miss_deg"": 2.51, ""labels"": [49]}, {""name"": ""水瓶"", ""m"": 6.63097, ""q"": 0.017, ""c"": 0.974, ""capture"": 0.017, ""share"": 0.03, ""miss_deg"": 2.85, ""labels"": [30]}, {""name"": ""球M"", ""m"": 0.03621, ""q"": 0.0001, ""c"": 0.3009, ""capture"": 0.0, ""share"": 0.0, ""miss_deg"": 4.02, ""labels"": [261]}]"
2026_08_20/000,c1,v9,,vis,46.05,46.97,0.92,2.321,白杯1,266,0.582,0.2873,0.528,0.311,0.172,0.506,object#12,389.6407,1,1,5,白杯1,1,6,"[{""name"": ""白杯1"", ""m"": 111.95943, ""q"": 0.2873, ""c"": 0.5444, ""capture"": 0.528, ""share"": 0.582, ""miss_deg"": 1.13, ""labels"": [266]}, {""name"": ""球R"", ""m"": 19.26031, ""q"": 0.0494, ""c"": 0.3009, ""capture"": 0.164, ""share"": 0.1, ""miss_deg"": 1.9, ""labels"": [263]}, {""name"": ""香蕉"", ""m"": 35.12206, ""q"": 0.0901, ""c"": 0.9962, ""capture"": 0.09, ""share"": 0.183, ""miss_deg"": 2.19, ""labels"": [264]}, {""name"": ""球M"", ""m"": 8.01961, ""q"": 0.0206, ""c"": 0.2857, ""capture"": 0.072, ""share"": 0.042, ""miss_deg"": 2.29, ""labels"": [261]}, {""name"": ""水瓶"", ""m"": 12.21142, ""q"": 0.0313, ""c"": 0.9697, ""capture"": 0.032, ""share"": 0.063, ""miss_deg"": 2.62, ""labels"": [30]}, {""name"": ""红杯"", ""m"": 5.77722, ""q"": 0.0148, ""c"": 0.7605, ""capture"": 0.019, ""share"": 0.03, ""miss_deg"": 2.81, ""labels"": [49]}]"
2026_08_20/000,c1,v9,,vis,47.13,49.35,2.22,2.375,球R,263,0.336,0.1154,0.404,0.804,1.533,0.657,物品台,389.6407,0,0,5,白杯1,0,6,"[{""name"": ""球R"", ""m"": 44.94981, ""q"": 0.1154, ""c"": 0.2857, ""capture"": 0.404, ""share"": 0.336, ""miss_deg"": 1.35, ""labels"": [263]}, {""name"": ""白杯1"", ""m"": 68.90443, ""q"": 0.1768, ""c"": 0.5444, ""capture"": 0.325, ""share"": 0.515, ""miss_deg"": 1.5, ""labels"": [266]}, {""name"": ""香蕉"", ""m"": 9.4354, ""q"": 0.0242, ""c"": 0.9951, ""capture"": 0.024, ""share"": 0.071, ""miss_deg"": 2.73, ""labels"": [264]}, {""name"": ""红杯"", ""m"": 4.90449, ""q"": 0.0126, ""c"": 0.7477, ""capture"": 0.017, ""share"": 0.037, ""miss_deg"": 2.86, ""labels"": [49]}, {""name"": ""球M"", ""m"": 1.41424, ""q"": 0.0036, ""c"": 0.2704, ""capture"": 0.013, ""share"": 0.011, ""miss_deg"": 2.94, ""labels"": [261]}, {""name"": ""水瓶"", ""m"": 4.18678, ""q"": 0.0107, ""c"": 0.9588, ""capture"": 0.011, ""share"": 0.031, ""miss_deg"": 3.0, ""labels"": [30]}]"
2026_08_20/000,c1,v9,,vis,49.41,49.73,0.32,2.266,球M,261,0.374,0.044,0.146,0.418,0.778,0.882,物品台,389.6407,0,0,5,白杯1,0,6,"[{""name"": ""球M"", ""m"": 17.14045, ""q"": 0.044, ""c"": 0.3009, ""capture"": 0.146, ""share"": 0.374, ""miss_deg"": 1.96, ""labels"": [261]}, {""name"": ""白杯1"", ""m"": 13.34976, ""q"": 0.0343, ""c"": 0.5595, ""capture"": 0.061, ""share"": 0.291, ""miss_deg"": 2.36, ""labels"": [266]}, {""name"": ""球R"", ""m"": 6.30792, ""q"": 0.0162, ""c"": 0.3009, ""capture"": 0.054, ""share"": 0.138, ""miss_deg"": 2.42, ""labels"": [263]}, {""name"": ""水瓶"", ""m"": 6.36167, ""q"": 0.0163, ""c"": 0.974, ""capture"": 0.017, ""share"": 0.139, ""miss_deg"": 2.86, ""labels"": [30]}, {""name"": ""香蕉"", ""m"": 2.68339, ""q"": 0.0069, ""c"": 0.998, ""capture"": 0.007, ""share"": 0.059, ""miss_deg"": 3.15, ""labels"": [264]}, {""name"": ""红杯"", ""m"": 0.02225, ""q"": 0.0001, ""c"": 0.7786, ""capture"": 0.0, ""share"": 0.0, ""miss_deg"": 4.36, ""labels"": [49]}]"
2026_08_20/000,c1,v9,,vis,49.97,50.68,0.7,2.306,白杯1,266,0.412,0.0897,0.165,0.818,0.43,0.782,物品台,389.6407,0,0,,,,6,"[{""name"": ""白杯1"", ""m"": 34.93615, ""q"": 0.0897, ""c"": 0.5444, ""capture"": 0.165, ""share"": 0.412, ""miss_deg"": 1.9, ""labels"": [266]}, {""name"": ""球M"", ""m"": 15.03053, ""q"": 0.0386, ""c"": 0.2857, ""capture"": 0.135, ""share"": 0.177, ""miss_deg"": 2.0, ""labels"": [261]}, {""name"": ""球R"", ""m"": 11.85496, ""q"": 0.0304, ""c"": 0.3009, ""capture"": 0.101, ""share"": 0.14, ""miss_deg"": 2.14, ""labels"": [263]}, {""name"": ""香蕉"", ""m"": 13.88973, ""q"": 0.0356, ""c"": 0.9962, ""capture"": 0.036, ""share"": 0.164, ""miss_deg"": 2.58, ""labels"": [264]}, {""name"": ""水瓶"", ""m"": 8.91687, ""q"": 0.0229, ""c"": 0.9697, ""capture"": 0.024, ""share"": 0.105, ""miss_deg"": 2.74, ""labels"": [30]}, {""name"": ""红杯"", ""m"": 0.18008, ""q"": 0.0005, ""c"": 0.7697, ""capture"": 0.001, ""share"": 0.002, ""miss_deg"": 3.85, ""labels"": [49]}]"
2026_08_20/000,c1,v9,,vis,50.73,53.82,3.09,2.268,球M,261,0.196,0.1518,0.505,0.972,3.148,0.225,object#12,389.6407,0,0,,,,6,"[{""name"": ""球M"", ""m"": 59.15475, ""q"": 0.1518, ""c"": 0.3009, ""capture"": 0.505, ""share"": 0.196, ""miss_deg"": 1.17, ""labels"": [261]}, {""name"": ""水瓶"", ""m"": 186.16261, ""q"": 0.4778, ""c"": 0.974, ""capture"": 0.491, ""share"": 0.617, ""miss_deg"": 1.19, ""labels"": [30]}, {""name"": ""香蕉"", ""m"": 40.68855, ""q"": 0.1044, ""c"": 0.998, ""capture"": 0.105, ""share"": 0.135, ""miss_deg"": 2.12, ""labels"": [264]}, {""name"": ""苹果红"", ""m"": 15.35006, ""q"": 0.0394, ""c"": 0.3986, ""capture"": 0.099, ""share"": 0.051, ""miss_deg"": 2.15, ""labels"": [260]}, {""name"": ""球L"", ""m"": 0.30347, ""q"": 0.0008, ""c"": 0.3157, ""capture"": 0.002, ""share"": 0.001, ""miss_deg"": 3.47, ""labels"": [259]}, {""name"": ""橘子"", ""m"": 0.15208, ""q"": 0.0004, ""c"": 0.3721, ""capture"": 0.001, ""share"": 0.001, ""miss_deg"": 3.7, ""labels"": [262]}]"
2026_08_20/000,c1,v9,,vis,53.91,54.2,0.3,2.301,白杯1,266,0.588,0.4126,0.758,0.677,0.374,0.298,object#12,389.6407,1,1,6,水瓶,0,5,"[{""name"": ""白杯1"", ""m"": 160.74905, ""q"": 0.4126, ""c"": 0.5444, ""capture"": 0.758, ""share"": 0.588, ""miss_deg"": 0.74, ""labels"": [266]}, {""name"": ""球R"", ""m"": 60.11553, ""q"": 0.1543, ""c"": 0.3009, ""capture"": 0.513, ""share"": 0.22, ""miss_deg"": 1.16, ""labels"": [263]}, {""name"": ""红杯"", ""m"": 33.68977, ""q"": 0.0865, ""c"": 0.7697, ""capture"": 0.112, ""share"": 0.123, ""miss_deg"": 2.09, ""labels"": [49]}, {""name"": ""香蕉"", ""m"": 13.39965, ""q"": 0.0344, ""c"": 0.9962, ""capture"": 0.035, ""share"": 0.049, ""miss_deg"": 2.59, ""labels"": [264]}, {""name"": ""水瓶"", ""m"": 5.43701, ""q"": 0.014, ""c"": 0.9697, ""capture"": 0.014, ""share"": 0.02, ""miss_deg"": 2.91, ""labels"": [30]}]"
2026_08_20/000,c1,v9,,vis,54.26,55.23,0.97,2.326,水瓶,30,0.654,0.5492,0.566,0.908,0.268,0.16,object#12,389.6407,1,1,6,水瓶,1,5,"[{""name"": ""水瓶"", ""m"": 214.00513, ""q"": 0.5492, ""c"": 0.9697, ""capture"": 0.566, ""share"": 0.654, ""miss_deg"": 1.07, ""labels"": [30]}, {""name"": ""球M"", ""m"": 57.26999, ""q"": 0.147, ""c"": 0.2857, ""capture"": 0.514, ""share"": 0.175, ""miss_deg"": 1.15, ""labels"": [261]}, {""name"": ""香蕉"", ""m"": 55.92432, ""q"": 0.1435, ""c"": 0.9962, ""capture"": 0.144, ""share"": 0.171, ""miss_deg"": 1.97, ""labels"": [264]}, {""name"": ""红杯"", ""m"": 0.15742, ""q"": 0.0004, ""c"": 0.7605, ""capture"": 0.001, ""share"": 0.0, ""miss_deg"": 3.88, ""labels"": [49]}, {""name"": ""白杯1"", ""m"": 0.00073, ""q"": 0.0, ""c"": 0.5444, ""capture"": 0.0, ""share"": 0.0, ""miss_deg"": 5.02, ""labels"": [266]}]"
2026_08_20/000,c1,v9,,vis,56.21,56.48,0.27,2.212,球M,261,0.873,0.2536,0.843,0.043,0.14,0.71,物品台,389.6407,1,1,6,水瓶,0,4,"[{""name"": ""球M"", ""m"": 98.8175, ""q"": 0.2536, ""c"": 0.3009, ""capture"": 0.843, ""share"": 0.873, ""miss_deg"": 0.58, ""labels"": [261]}, {""name"": ""水瓶"", ""m"": 13.84851, ""q"": 0.0355, ""c"": 0.9819, ""capture"": 0.036, ""share"": 0.122, ""miss_deg"": 2.58, ""labels"": [30]}, {""name"": ""香蕉"", ""m"": 0.47379, ""q"": 0.0012, ""c"": 0.9992, ""capture"": 0.001, ""share"": 0.004, ""miss_deg"": 3.66, ""labels"": [264]}, {""name"": ""白杯1"", ""m"": 0.01781, ""q"": 0.0, ""c"": 0.5936, ""capture"": 0.0, ""share"": 0.0, ""miss_deg"": 4.35, ""labels"": [266]}]"
2026_08_20/000,c1,v9,,vis,56.96,57.61,0.65,2.275,球M,261,0.594,0.2712,0.901,0.192,0.621,0.543,物品台,389.6407,1,1,,,,5,"[{""name"": ""球M"", ""m"": 105.67426, ""q"": 0.2712, ""c"": 0.3009, ""capture"": 0.901, ""share"": 0.594, ""miss_deg"": 0.46, ""labels"": [261]}, {""name"": ""水瓶"", ""m"": 65.55715, ""q"": 0.1683, ""c"": 0.974, ""capture"": 0.173, ""share"": 0.369, ""miss_deg"": 1.87, ""labels"": [30]}, {""name"": ""苹果红"", ""m"": 2.41267, ""q"": 0.0062, ""c"": 0.3986, ""capture"": 0.016, ""share"": 0.014, ""miss_deg"": 2.89, ""labels"": [260]}, {""name"": ""香蕉"", ""m"": 3.50307, ""q"": 0.009, ""c"": 0.998, ""capture"": 0.009, ""share"": 0.02, ""miss_deg"": 3.07, ""labels"": [264]}, {""name"": ""球L"", ""m"": 0.72732, ""q"": 0.0019, ""c"": 0.3009, ""capture"": 0.006, ""share"": 0.004, ""miss_deg"": 3.19, ""labels"": [259]}]"
2026_08_20/000,c1,v9,,vis,58.47,58.96,0.49,2.311,水瓶,30,0.69,0.5781,0.596,0.688,0.203,0.162,object#12,389.6407,1,1,,,,5,"[{""name"": ""水瓶"", ""m"": 225.24214, ""q"": 0.5781, ""c"": 0.9697, ""capture"": 0.596, ""share"": 0.69, ""miss_deg"": 1.02, ""labels"": [30]}, {""name"": ""球M"", ""m"": 45.59709, ""q"": 0.117, ""c"": 0.2857, ""capture"": 0.41, ""share"": 0.14, ""miss_deg"": 1.34, ""labels"": [261]}, {""name"": ""香蕉"", ""m"": 55.54576, ""q"": 0.1426, ""c"": 0.9962, ""capture"": 0.143, ""share"": 0.17, ""miss_deg"": 1.97, ""labels"": [264]}, {""name"": ""红杯"", ""m"": 0.17564, ""q"": 0.0005, ""c"": 0.7636, ""capture"": 0.001, ""share"": 0.001, ""miss_deg"": 3.86, ""labels"": [49]}, {""name"": ""白杯1"", ""m"": 0.00228, ""q"": 0.0, ""c"": 0.5444, ""capture"": 0.0, ""share"": 0.0, ""miss_deg"": 4.78, ""labels"": [266]}]"
2026_08_20/000,c1,v9,,vis,59.01,59.71,0.7,2.291,苹果红,260,0.322,0.2034,0.528,0.54,0.422,0.369,object#12,389.6407,0,0,,,,6,"[{""name"": ""苹果红"", ""m"": 79.2377, ""q"": 0.2034, ""c"": 0.3855, ""capture"": 0.528, ""share"": 0.322, ""miss_deg"": 1.13, ""labels"": [260]}, {""name"": ""球L"", ""m"": 33.40322, ""q"": 0.0857, ""c"": 0.3009, ""capture"": 0.285, ""share"": 0.136, ""miss_deg"": 1.58, ""labels"": [259]}, {""name"": ""水瓶"", ""m"": 75.43304, ""q"": 0.1936, ""c"": 0.9719, ""capture"": 0.199, ""share"": 0.307, ""miss_deg"": 1.8, ""labels"": [30]}, {""name"": ""球M"", ""m"": 13.90161, ""q"": 0.0357, ""c"": 0.3009, ""capture"": 0.119, ""share"": 0.057, ""miss_deg"": 2.07, ""labels"": [261]}, {""name"": ""香蕉"", ""m"": 41.9681, ""q"": 0.1077, ""c"": 0.9971, ""capture"": 0.108, ""share"": 0.171, ""miss_deg"": 2.11, ""labels"": [264]}, {""name"": ""橘子"", ""m"": 1.88174, ""q"": 0.0048, ""c"": 0.3721, ""capture"": 0.013, ""share"": 0.008, ""miss_deg"": 2.95, ""labels"": [262]}]"
2026_08_20/000,c1,v9,,vis,59.77,60.63,0.87,2.339,水瓶,30,0.659,0.5394,0.558,0.783,0.219,0.181,object#12,389.6407,1,1,,,,7,"[{""name"": ""水瓶"", ""m"": 210.18382, ""q"": 0.5394, ""c"": 0.9673, ""capture"": 0.558, ""share"": 0.659, ""miss_deg"": 1.08, ""labels"": [30]}, {""name"": ""球M"", ""m"": 46.06553, ""q"": 0.1182, ""c"": 0.2704, ""capture"": 0.437, ""share"": 0.144, ""miss_deg"": 1.29, ""labels"": [261]}, {""name"": ""香蕉"", ""m"": 51.62053, ""q"": 0.1325, ""c"": 0.9962, ""capture"": 0.133, ""share"": 0.162, ""miss_deg"": 2.01, ""labels"": [264]}, {""name"": ""苹果红"", ""m"": 11.05806, ""q"": 0.0284, ""c"": 0.3855, ""capture"": 0.074, ""share"": 0.035, ""miss_deg"": 2.28, ""labels"": [260]}, {""name"": ""球L"", ""m"": 0.16005, ""q"": 0.0004, ""c"": 0.3009, ""capture"": 0.001, ""share"": 0.001, ""miss_deg"": 3.63, ""labels"": [259]}, {""name"": ""橘子"", ""m"": 0.00993, ""q"": 0.0, ""c"": 0.3582, ""capture"": 0.0, ""share"": 0.0, ""miss_deg"": 4.37, ""labels"": [262]}, {""name"": ""红杯"", ""m"": 0.00079, ""q"": 0.0, ""c"": 0.7541, ""capture"": 0.0, ""share"": 0.0, ""miss_deg"": 5.07, ""labels"": [49]}]"
2026_08_20/000,c1,v9,,vis,61.2,61.68,0.49,3.343,,-1,0.0,0.0,,,,1.0,object#36,389.6407,0,0,,,,0,[]
2026_08_20/000,c1,v9,,vis,61.74,62.44,0.7,3.426,,-1,0.0,0.0,,,,1.0,object#36,389.6407,0,0,,,,0,[]
2026_08_20/000,c1,v9,,vis,62.5,62.77,0.27,3.423,,-1,0.0,0.0,,,,1.0,object#36,389.6407,0,0,,,,0,[]
2026_08_20/000,c1,v9,,vis,64.98,65.31,0.32,2.232,球M,261,0.684,0.0847,0.282,0.113,0.219,0.876,物品台,389.6407,1,1,,,,5,"[{""name"": ""球M"", ""m"": 33.01034, ""q"": 0.0847, ""c"": 0.3009, ""capture"": 0.282, ""share"": 0.684, ""miss_deg"": 1.59, ""labels"": [261]}, {""name"": ""白杯1"", ""m"": 7.25068, ""q"": 0.0186, ""c"": 0.584, ""capture"": 0.032, ""share"": 0.15, ""miss_deg"": 2.63, ""labels"": [266]}, {""name"": ""水瓶"", ""m"": 5.58882, ""q"": 0.0143, ""c"": 0.9801, ""capture"": 0.015, ""share"": 0.116, ""miss_deg"": 2.91, ""labels"": [30]}, {""name"": ""球R"", ""m"": 0.85759, ""q"": 0.0022, ""c"": 0.3157, ""capture"": 0.007, ""share"": 0.018, ""miss_deg"": 3.15, ""labels"": [263]}, {""name"": ""香蕉"", ""m"": 1.5523, ""q"": 0.004, ""c"": 0.998, ""capture"": 0.004, ""share"": 0.032, ""miss_deg"": 3.32, ""labels"": [264]}]"
2026_08_20/000,c1,v9,,vis,65.63,65.91,0.27,2.161,球L,259,0.561,0.0415,0.128,0.203,0.62,0.926,物品台,389.6407,0,0,,,,4,"[{""name"": ""球L"", ""m"": 16.15827, ""q"": 0.0415, ""c"": 0.3228, ""capture"": 0.128, ""share"": 0.561, ""miss_deg"": 2.03, ""labels"": [259]}, {""name"": ""水瓶"", ""m"": 10.02097, ""q"": 0.0257, ""c"": 0.9862, ""capture"": 0.026, ""share"": 0.348, ""miss_deg"": 2.7, ""labels"": [30]}, {""name"": ""球M"", ""m"": 2.59934, ""q"": 0.0067, ""c"": 0.3157, ""capture"": 0.021, ""share"": 0.09, ""miss_deg"": 2.78, ""labels"": [261]}, {""name"": ""苹果红"", ""m"": 0.04048, ""q"": 0.0001, ""c"": 0.4429, ""capture"": 0.0, ""share"": 0.001, ""miss_deg"": 4.09, ""labels"": [260]}]"
2026_08_20/000,c1,v9,,vis,66.18,66.46,0.27,2.341,球R,263,0.214,0.1909,0.634,0.793,1.991,0.11,object#12,389.6407,0,0,,,,5,"[{""name"": ""球R"", ""m"": 74.3634, ""q"": 0.1909, ""c"": 0.3009, ""capture"": 0.634, ""share"": 0.214, ""miss_deg"": 0.95, ""labels"": [263]}, {""name"": ""红杯"", ""m"": 147.92376, ""q"": 0.3796, ""c"": 0.7541, ""capture"": 0.503, ""share"": 0.426, ""miss_deg"": 1.17, ""labels"": [49]}, {""name"": ""白杯1"", ""m"": 92.08784, ""q"": 0.2363, ""c"": 0.5444, ""capture"": 0.434, ""share"": 0.265, ""miss_deg"": 1.29, ""labels"": [266]}, {""name"": ""白杯2"", ""m"": 32.52422, ""q"": 0.0835, ""c"": 0.4729, ""capture"": 0.177, ""share"": 0.094, ""miss_deg"": 1.86, ""labels"": [267]}, {""name"": ""水瓶"", ""m"": 0.04186, ""q"": 0.0001, ""c"": 0.9673, ""capture"": 0.0, ""share"": 0.0, ""miss_deg"": 4.27, ""labels"": [30]}]"
2026_08_20/000,c1,v9,,vis,66.51,67.54,1.03,2.311,球R,263,0.327,0.2632,0.875,0.67,1.211,0.194,object#12,389.6407,0,0,,,,6,"[{""name"": ""球R"", ""m"": 102.54724, ""q"": 0.2632, ""c"": 0.3009, ""capture"": 0.875, ""share"": 0.327, ""miss_deg"": 0.52, ""labels"": [263]}, {""name"": ""白杯1"", ""m"": 124.33248, ""q"": 0.3191, ""c"": 0.5444, ""capture"": 0.586, ""share"": 0.396, ""miss_deg"": 1.03, ""labels"": [266]}, {""name"": ""红杯"", ""m"": 77.31696, ""q"": 0.1984, ""c"": 0.7636, ""capture"": 0.26, ""share"": 0.246, ""miss_deg"": 1.64, ""labels"": [49]}, {""name"": ""白杯2"", ""m"": 8.08788, ""q"": 0.0208, ""c"": 0.4843, ""capture"": 0.043, ""share"": 0.026, ""miss_deg"": 2.51, ""labels"": [267]}, {""name"": ""香蕉"", ""m"": 0.85553, ""q"": 0.0022, ""c"": 0.9962, ""capture"": 0.002, ""share"": 0.003, ""miss_deg"": 3.5, ""labels"": [264]}, {""name"": ""水瓶"", ""m"": 0.78442, ""q"": 0.002, ""c"": 0.9697, ""capture"": 0.002, ""share"": 0.002, ""miss_deg"": 3.51, ""labels"": [30]}]"
2026_08_20/000,c1,v9,,vis,68.0,68.68,0.67,2.347,球R,263,0.217,0.1936,0.643,0.768,1.922,0.107,object#12,389.6407,0,0,7,红杯,0,5,"[{""name"": ""球R"", ""m"": 75.43633, ""q"": 0.1936, ""c"": 0.3009, ""capture"": 0.643, ""share"": 0.217, ""miss_deg"": 0.94, ""labels"": [263]}, {""name"": ""红杯"", ""m"": 145.25984, ""q"": 0.3728, ""c"": 0.7541, ""capture"": 0.494, ""share"": 0.417, ""miss_deg"": 1.19, ""labels"": [49]}, {""name"": ""白杯1"", ""m"": 99.01632, ""q"": 0.2541, ""c"": 0.5444, ""capture"": 0.467, ""share"": 0.285, ""miss_deg"": 1.23, ""labels"": [266]}, {""name"": ""白杯2"", ""m"": 28.16059, ""q"": 0.0723, ""c"": 0.4729, ""capture"": 0.153, ""share"": 0.081, ""miss_deg"": 1.94, ""labels"": [267]}, {""name"": ""水瓶"", ""m"": 0.06727, ""q"": 0.0002, ""c"": 0.9649, ""capture"": 0.0, ""share"": 0.0, ""miss_deg"": 4.15, ""labels"": [30]}]"
2026_08_20/000,c1,v9,,vis,68.74,69.17,0.43,2.311,白杯2,267,0.572,0.4278,0.883,0.472,0.294,0.252,object#12,389.6407,1,1,7,红杯,0,5,"[{""name"": ""白杯2"", ""m"": 166.69511, ""q"": 0.4278, ""c"": 0.4843, ""capture"": 0.883, ""share"": 0.572, ""miss_deg"": 0.5, ""labels"": [267]}, {""name"": ""球R"", ""m"": 48.9203, ""q"": 0.1256, ""c"": 0.3009, ""capture"": 0.417, ""share"": 0.168, ""miss_deg"": 1.32, ""labels"": [263]}, {""name"": ""红杯"", ""m"": 75.08011, ""q"": 0.1927, ""c"": 0.7636, ""capture"": 0.252, ""share"": 0.258, ""miss_deg"": 1.66, ""labels"": [49]}, {""name"": ""白杯1"", ""m"": 0.82161, ""q"": 0.0021, ""c"": 0.5444, ""capture"": 0.004, ""share"": 0.003, ""miss_deg"": 3.33, ""labels"": [266]}, {""name"": ""水瓶"", ""m"": 0.00379, ""q"": 0.0, ""c"": 0.9697, ""capture"": 0.0, ""share"": 0.0, ""miss_deg"": 4.8, ""labels"": [30]}]"
2026_08_20/000,c1,v9,,vis,69.23,69.82,0.6,2.301,球R,263,0.517,0.3224,1.072,0.37,0.669,0.376,object#12,389.6407,1,1,7,红杯,0,6,"[{""name"": ""球R"", ""m"": 125.63434, ""q"": 0.3224, ""c"": 0.3009, ""capture"": 1.072, ""share"": 0.517, ""miss_deg"": 0.0, ""labels"": [263]}, {""name"": ""白杯1"", ""m"": 84.12477, ""q"": 0.2159, ""c"": 0.5444, ""capture"": 0.397, ""share"": 0.346, ""miss_deg"": 1.36, ""labels"": [266]}, {""name"": ""红杯"", ""m"": 27.2083, ""q"": 0.0698, ""c"": 0.7697, ""capture"": 0.091, ""share"": 0.112, ""miss_deg"": 2.19, ""labels"": [49]}, {""name"": ""白杯2"", ""m"": 1.61844, ""q"": 0.0042, ""c"": 0.4899, ""capture"": 0.008, ""share"": 0.007, ""miss_deg"": 3.09, ""labels"": [267]}, {""name"": ""水瓶"", ""m"": 3.1811, ""q"": 0.0082, ""c"": 0.9697, ""capture"": 0.008, ""share"": 0.013, ""miss_deg"": 3.09, ""labels"": [30]}, {""name"": ""香蕉"", ""m"": 1.45099, ""q"": 0.0037, ""c"": 0.9962, ""capture"": 0.004, ""share"": 0.006, ""miss_deg"": 3.34, ""labels"": [264]}]"
2026_08_20/000,c1,v9,,vis,69.88,70.36,0.49,2.303,球R,263,0.379,0.3011,1.0,0.375,0.609,0.205,object#12,389.6407,1,0,7,红杯,0,5,"[{""name"": ""球R"", ""m"": 117.30391, ""q"": 0.3011, ""c"": 0.3009, ""capture"": 1.0, ""share"": 0.379, ""miss_deg"": 0.0, ""labels"": [263]}, {""name"": ""白杯2"", ""m"": 71.60776, ""q"": 0.1838, ""c"": 0.4899, ""capture"": 0.375, ""share"": 0.231, ""miss_deg"": 1.4, ""labels"": [267]}, {""name"": ""红杯"", ""m"": 89.15542, ""q"": 0.2288, ""c"": 0.7697, ""capture"": 0.297, ""share"": 0.288, ""miss_deg"": 1.56, ""labels"": [49]}, {""name"": ""白杯1"", ""m"": 31.69065, ""q"": 0.0813, ""c"": 0.5444, ""capture"": 0.149, ""share"": 0.102, ""miss_deg"": 1.95, ""labels"": [266]}, {""name"": ""水瓶"", ""m"": 0.08536, ""q"": 0.0002, ""c"": 0.9697, ""capture"": 0.0, ""share"": 0.0, ""miss_deg"": 4.1, ""labels"": [30]}]"
2026_08_20/000,c1,v9,,vis,70.42,71.07,0.65,2.297,白杯1,266,0.616,0.4479,0.808,0.51,0.278,0.273,object#12,389.6407,1,1,7,红杯,0,5,"[{""name"": ""白杯1"", ""m"": 174.51757, ""q"": 0.4479, ""c"": 0.5545, ""capture"": 0.808, ""share"": 0.616, ""miss_deg"": 0.65, ""labels"": [266]}, {""name"": ""球R"", ""m"": 48.34978, ""q"": 0.1241, ""c"": 0.3009, ""capture"": 0.412, ""share"": 0.171, ""miss_deg"": 1.33, ""labels"": [263]}, {""name"": ""红杯"", ""m"": 36.71141, ""q"": 0.0942, ""c"": 0.7697, ""capture"": 0.122, ""share"": 0.13, ""miss_deg"": 2.05, ""labels"": [49]}, {""name"": ""香蕉"", ""m"": 16.45465, ""q"": 0.0422, ""c"": 0.9971, ""capture"": 0.042, ""share"": 0.058, ""miss_deg"": 2.51, ""labels"": [264]}, {""name"": ""水瓶"", ""m"": 7.05031, ""q"": 0.0181, ""c"": 0.9697, ""capture"": 0.019, ""share"": 0.025, ""miss_deg"": 2.82, ""labels"": [30]}]"
2026_08_20/000,c1,v9,,vis,71.12,71.99,0.87,2.338,白杯2,267,0.414,0.3431,0.725,0.697,0.442,0.171,object#12,389.6407,1,0,7,红杯,0,5,"[{""name"": ""白杯2"", ""m"": 133.6681, ""q"": 0.3431, ""c"": 0.4729, ""capture"": 0.725, ""share"": 0.414, ""miss_deg"": 0.8, ""labels"": [267]}, {""name"": ""球R"", ""m"": 59.26516, ""q"": 0.1521, ""c"": 0.3009, ""capture"": 0.505, ""share"": 0.183, ""miss_deg"": 1.17, ""labels"": [263]}, {""name"": ""红杯"", ""m"": 118.63937, ""q"": 0.3045, ""c"": 0.7541, ""capture"": 0.404, ""share"": 0.367, ""miss_deg"": 1.35, ""labels"": [49]}, {""name"": ""白杯1"", ""m"": 11.44259, ""q"": 0.0294, ""c"": 0.5444, ""capture"": 0.054, ""share"": 0.035, ""miss_deg"": 2.42, ""labels"": [266]}, {""name"": ""水瓶"", ""m"": 0.00138, ""q"": 0.0, ""c"": 0.9673, ""capture"": 0.0, ""share"": 0.0, ""miss_deg"": 5.0, ""labels"": [30]}]"
2026_08_20/000,c1,v9,,vis,72.04,72.53,0.49,2.311,球R,263,0.388,0.2386,0.793,0.686,1.24,0.384,object#12,389.6407,0,0,,,,6,"[{""name"": ""球R"", ""m"": 92.98182, ""q"": 0.2386, ""c"": 0.3009, ""capture"": 0.793, ""share"": 0.388, ""miss_deg"": 0.68, ""labels"": [263]}, {""name"": ""白杯1"", ""m"": 115.43288, ""q"": 0.2963, ""c"": 0.5444, ""capture"": 0.544, ""share"": 0.481, ""miss_deg"": 1.1, ""labels"": [266]}, {""name"": ""红杯"", ""m"": 23.38232, ""q"": 0.06, ""c"": 0.7636, ""capture"": 0.079, ""share"": 0.097, ""miss_deg"": 2.26, ""labels"": [49]}, {""name"": ""香蕉"", ""m"": 5.28744, ""q"": 0.0136, ""c"": 0.9962, ""capture"": 0.014, ""share"": 0.022, ""miss_deg"": 2.93, ""labels"": [264]}, {""name"": ""水瓶"", ""m"": 2.75615, ""q"": 0.0071, ""c"": 0.9697, ""capture"": 0.007, ""share"": 0.011, ""miss_deg"": 3.14, ""labels"": [30]}, {""name"": ""白杯2"", ""m"": 0.00202, ""q"": 0.0, ""c"": 0.4843, ""capture"": 0.0, ""share"": 0.0, ""miss_deg"": 4.78, ""labels"": [267]}]"
2026_08_20/000,c1,v9,,vis,74.0,75.35,1.35,2.259,球L,259,0.486,0.3103,0.983,0.633,0.798,0.361,object#12,389.6407,1,0,8,苹果红,0,6,"[{""name"": ""球L"", ""m"": 120.90684, ""q"": 0.3103, ""c"": 0.3157, ""capture"": 0.983, ""share"": 0.486, ""miss_deg"": 0.19, ""labels"": [259]}, {""name"": ""苹果红"", ""m"": 96.64908, ""q"": 0.248, ""c"": 0.3986, ""capture"": 0.622, ""share"": 0.388, ""miss_deg"": 0.97, ""labels"": [260]}, {""name"": ""水瓶"", ""m"": 11.90238, ""q"": 0.0305, ""c"": 0.9761, ""capture"": 0.031, ""share"": 0.048, ""miss_deg"": 2.63, ""labels"": [30]}, {""name"": ""香蕉"", ""m"": 11.15517, ""q"": 0.0286, ""c"": 0.998, ""capture"": 0.029, ""share"": 0.045, ""miss_deg"": 2.67, ""labels"": [264]}, {""name"": ""橘子"", ""m"": 3.42386, ""q"": 0.0088, ""c"": 0.3721, ""capture"": 0.024, ""share"": 0.014, ""miss_deg"": 2.74, ""labels"": [262]}, {""name"": ""苹果粉"", ""m"": 4.97857, ""q"": 0.0128, ""c"": 0.5444, ""capture"": 0.023, ""share"": 0.02, ""miss_deg"": 2.74, ""labels"": [64, 250]}]"
2026_08_20/000,c1,v9,,vis,75.41,76.0,0.6,2.256,球L,259,0.462,0.2956,0.936,0.703,0.885,0.36,object#12,389.6407,1,0,8,苹果红,0,7,"[{""name"": ""球L"", ""m"": 115.18126, ""q"": 0.2956, ""c"": 0.3157, ""capture"": 0.936, ""share"": 0.462, ""miss_deg"": 0.36, ""labels"": [259]}, {""name"": ""苹果红"", ""m"": 102.11351, ""q"": 0.2621, ""c"": 0.3986, ""capture"": 0.658, ""share"": 0.409, ""miss_deg"": 0.92, ""labels"": [260]}, {""name"": ""水瓶"", ""m"": 12.8272, ""q"": 0.0329, ""c"": 0.9761, ""capture"": 0.034, ""share"": 0.051, ""miss_deg"": 2.6, ""labels"": [30]}, {""name"": ""香蕉"", ""m"": 10.91376, ""q"": 0.028, ""c"": 0.998, ""capture"": 0.028, ""share"": 0.044, ""miss_deg"": 2.67, ""labels"": [264]}, {""name"": ""苹果粉"", ""m"": 5.07362, ""q"": 0.013, ""c"": 0.5444, ""capture"": 0.024, ""share"": 0.02, ""miss_deg"": 2.73, ""labels"": [64, 250]}, {""name"": ""橘子"", ""m"": 3.42226, ""q"": 0.0088, ""c"": 0.3721, ""capture"": 0.024, ""share"": 0.014, ""miss_deg"": 2.74, ""labels"": [262]}, {""name"": ""球M"", ""m"": 0.00097, ""q"": 0.0, ""c"": 0.3009, ""capture"": 0.0, ""share"": 0.0, ""miss_deg"": 4.84, ""labels"": [261]}]"
2026_08_20/000,c1,v9,,vis,76.06,76.76,0.7,2.266,球L,259,0.601,0.3913,1.24,0.346,0.438,0.349,物品台,389.6407,1,1,8,苹果红,0,6,"[{""name"": ""球L"", ""m"": 152.47113, ""q"": 0.3913, ""c"": 0.3157, ""capture"": 1.24, ""share"": 0.601, ""miss_deg"": 0.0, ""labels"": [259]}, {""name"": ""苹果红"", ""m"": 66.58724, ""q"": 0.1709, ""c"": 0.3986, ""capture"": 0.429, ""share"": 0.263, ""miss_deg"": 1.3, ""labels"": [260]}, {""name"": ""苹果粉"", ""m"": 19.26224, ""q"": 0.0494, ""c"": 0.5338, ""capture"": 0.093, ""share"": 0.076, ""miss_deg"": 2.18, ""labels"": [64, 250]}, {""name"": ""水瓶"", ""m"": 9.51692, ""q"": 0.0244, ""c"": 0.974, ""capture"": 0.025, ""share"": 0.038, ""miss_deg"": 2.72, ""labels"": [30]}, {""name"": ""橘子"", ""m"": 3.59372, ""q"": 0.0092, ""c"": 0.3721, ""capture"": 0.025, ""share"": 0.014, ""miss_deg"": 2.72, ""labels"": [262]}, {""name"": ""香蕉"", ""m"": 2.07619, ""q"": 0.0053, ""c"": 0.998, ""capture"": 0.005, ""share"": 0.008, ""miss_deg"": 3.24, ""labels"": [264]}]"
2026_08_20/000,c1,v9,,vis,77.19,79.79,2.6,2.246,球L,259,0.361,0.1797,0.569,0.731,0.922,0.503,object#12,389.6407,0,0,8,苹果红,0,7,"[{""name"": ""球L"", ""m"": 70.02373, ""q"": 0.1797, ""c"": 0.3157, ""capture"": 0.569, ""share"": 0.361, ""miss_deg"": 1.06, ""labels"": [259]}, {""name"": ""苹果红"", ""m"": 64.58627, ""q"": 0.1658, ""c"": 0.3986, ""capture"": 0.416, ""share"": 0.333, ""miss_deg"": 1.32, ""labels"": [260]}, {""name"": ""水瓶"", ""m"": 39.54888, ""q"": 0.1015, ""c"": 0.9781, ""capture"": 0.104, ""share"": 0.204, ""miss_deg"": 2.13, ""labels"": [30]}, {""name"": ""球M"", ""m"": 7.86431, ""q"": 0.0202, ""c"": 0.3009, ""capture"": 0.067, ""share"": 0.041, ""miss_deg"": 2.32, ""labels"": [261]}, {""name"": ""香蕉"", ""m"": 10.96766, ""q"": 0.0281, ""c"": 0.998, ""capture"": 0.028, ""share"": 0.057, ""miss_deg"": 2.67, ""labels"": [264]}, {""name"": ""橘子"", ""m"": 0.72959, ""q"": 0.0019, ""c"": 0.3721, ""capture"": 0.005, ""share"": 0.004, ""miss_deg"": 3.25, ""labels"": [262]}, {""name"": ""苹果粉"", ""m"": 0.00324, ""q"": 0.0, ""c"": 0.5444, ""capture"": 0.0, ""share"": 0.0, ""miss_deg"": 4.71, ""labels"": [64, 250]}]"
2026_08_20/000,c1,v9,,vis,80.36,81.23,0.87,2.167,球M,261,0.823,0.039,0.124,0.065,0.21,0.953,物品台,389.6407,0,0,9,球M,1,3,"[{""name"": ""球M"", ""m"": 15.19817, ""q"": 0.039, ""c"": 0.3157, ""capture"": 0.124, ""share"": 0.823, ""miss_deg"": 2.04, ""labels"": [261]}, {""name"": ""水瓶"", ""m"": 3.18863, ""q"": 0.0082, ""c"": 0.9862, ""capture"": 0.008, ""share"": 0.173, ""miss_deg"": 3.1, ""labels"": [30]}, {""name"": ""球L"", ""m"": 0.07583, ""q"": 0.0002, ""c"": 0.3228, ""capture"": 0.001, ""share"": 0.004, ""miss_deg"": 3.85, ""labels"": [259]}]"
2026_08_20/000,c1,v9,,vis,81.28,81.61,0.32,2.225,球M,261,0.714,0.1694,0.563,0.115,0.374,0.763,物品台,389.6407,1,1,9,球M,1,5,"[{""name"": ""球M"", ""m"": 66.02319, ""q"": 0.1694, ""c"": 0.3009, ""capture"": 0.563, ""share"": 0.714, ""miss_deg"": 1.07, ""labels"": [261]}, {""name"": ""水瓶"", ""m"": 24.71166, ""q"": 0.0634, ""c"": 0.9801, ""capture"": 0.065, ""share"": 0.267, ""miss_deg"": 2.34, ""labels"": [30]}, {""name"": ""球L"", ""m"": 1.08687, ""q"": 0.0028, ""c"": 0.3157, ""capture"": 0.009, ""share"": 0.012, ""miss_deg"": 3.08, ""labels"": [259]}, {""name"": ""苹果红"", ""m"": 0.66815, ""q"": 0.0017, ""c"": 0.405, ""capture"": 0.004, ""share"": 0.007, ""miss_deg"": 3.31, ""labels"": [260]}, {""name"": ""香蕉"", ""m"": 0.02456, ""q"": 0.0001, ""c"": 0.998, ""capture"": 0.0, ""share"": 0.0, ""miss_deg"": 4.4, ""labels"": [264]}]"
2026_08_20/000,c1,v9,,vis,82.37,82.69,0.32,2.233,球M,261,0.671,0.3758,1.249,0.121,0.395,0.44,物品台,389.6407,1,1,9,球M,1,4,"[{""name"": ""球M"", ""m"": 146.43235, ""q"": 0.3758, ""c"": 0.3009, ""capture"": 1.249, ""share"": 0.671, ""miss_deg"": 0.0, ""labels"": [261]}, {""name"": ""水瓶"", ""m"": 57.76947, ""q"": 0.1483, ""c"": 0.9801, ""capture"": 0.151, ""share"": 0.265, ""miss_deg"": 1.94, ""labels"": [30]}, {""name"": ""香蕉"", ""m"": 13.91874, ""q"": 0.0357, ""c"": 0.998, ""capture"": 0.036, ""share"": 0.064, ""miss_deg"": 2.58, ""labels"": [264]}, {""name"": ""白杯1"", ""m"": 0.00996, ""q"": 0.0, ""c"": 0.584, ""capture"": 0.0, ""share"": 0.0, ""miss_deg"": 4.48, ""labels"": [266]}]"
2026_08_20/000,c1,v9,,vis,82.76,83.02,0.27,2.261,球M,261,0.489,0.1378,0.458,0.238,0.769,0.718,物品台,389.6407,1,0,9,球M,1,5,"[{""name"": ""球M"", ""m"": 53.69225, ""q"": 0.1378, ""c"": 0.3009, ""capture"": 0.458, ""share"": 0.489, ""miss_deg"": 1.25, ""labels"": [261]}, {""name"": ""水瓶"", ""m"": 41.28546, ""q"": 0.106, ""c"": 0.9761, ""capture"": 0.109, ""share"": 0.376, ""miss_deg"": 2.11, ""labels"": [30]}, {""name"": ""球L"", ""m"": 10.05699, ""q"": 0.0258, ""c"": 0.3157, ""capture"": 0.082, ""share"": 0.092, ""miss_deg"": 2.24, ""labels"": [259]}, {""name"": ""苹果红"", ""m"": 4.41141, ""q"": 0.0113, ""c"": 0.3986, ""capture"": 0.028, ""share"": 0.04, ""miss_deg"": 2.67, ""labels"": [260]}, {""name"": ""香蕉"", ""m"": 0.40696, ""q"": 0.001, ""c"": 0.998, ""capture"": 0.001, ""share"": 0.004, ""miss_deg"": 3.7, ""labels"": [264]}]"
2026_08_20/000,c1,v9,,vis,83.8,84.07,0.27,2.272,球M,261,0.829,0.2742,0.911,0.049,0.158,0.669,物品台,389.6407,1,1,9,球M,1,4,"[{""name"": ""球M"", ""m"": 106.85417, ""q"": 0.2742, ""c"": 0.3009, ""capture"": 0.911, ""share"": 0.829, ""miss_deg"": 0.43, ""labels"": [261]}, {""name"": ""水瓶"", ""m"": 16.90161, ""q"": 0.0434, ""c"": 0.974, ""capture"": 0.045, ""share"": 0.131, ""miss_deg"": 2.49, ""labels"": [30]}, {""name"": ""香蕉"", ""m"": 4.42739, ""q"": 0.0114, ""c"": 0.998, ""capture"": 0.011, ""share"": 0.034, ""miss_deg"": 2.99, ""labels"": [264]}, {""name"": ""白杯1"", ""m"": 0.69169, ""q"": 0.0018, ""c"": 0.5595, ""capture"": 0.003, ""share"": 0.005, ""miss_deg"": 3.39, ""labels"": [266]}]"
2026_08_20/000,c1,v9,,vis,84.13,84.4,0.27,2.291,球L,259,0.634,0.1943,0.646,0.149,0.189,0.693,物品台,389.6407,1,1,9,球M,0,6,"[{""name"": ""球L"", ""m"": 75.69548, ""q"": 0.1943, ""c"": 0.3009, ""capture"": 0.646, ""share"": 0.634, ""miss_deg"": 0.94, ""labels"": [259]}, {""name"": ""苹果红"", ""m"": 14.3725, ""q"": 0.0369, ""c"": 0.3855, ""capture"": 0.096, ""share"": 0.12, ""miss_deg"": 2.17, ""labels"": [260]}, {""name"": ""水瓶"", ""m"": 24.92732, ""q"": 0.064, ""c"": 0.9719, ""capture"": 0.066, ""share"": 0.209, ""miss_deg"": 2.33, ""labels"": [30]}, {""name"": ""球M"", ""m"": 4.1094, ""q"": 0.0105, ""c"": 0.3009, ""capture"": 0.035, ""share"": 0.034, ""miss_deg"": 2.59, ""labels"": [261]}, {""name"": ""香蕉"", ""m"": 0.32607, ""q"": 0.0008, ""c"": 0.9971, ""capture"": 0.001, ""share"": 0.003, ""miss_deg"": 3.76, ""labels"": [264]}, {""name"": ""橘子"", ""m"": 0.04501, ""q"": 0.0001, ""c"": 0.3721, ""capture"": 0.0, ""share"": 0.0, ""miss_deg"": 4.02, ""labels"": [262]}]"
2026_08_20/000,c1,v9,,vis,84.45,84.78,0.32,2.278,球M,261,0.791,0.3106,1.032,0.069,0.223,0.607,物品台,389.6407,1,1,9,球M,1,4,"[{""name"": ""球M"", ""m"": 121.037, ""q"": 0.3106, ""c"": 0.3009, ""capture"": 1.032, ""share"": 0.791, ""miss_deg"": 0.0, ""labels"": [261]}, {""name"": ""水瓶"", ""m"": 26.90532, ""q"": 0.0691, ""c"": 0.974, ""capture"": 0.071, ""share"": 0.176, ""miss_deg"": 2.3, ""labels"": [30]}, {""name"": ""香蕉"", ""m"": 4.99912, ""q"": 0.0128, ""c"": 0.998, ""capture"": 0.013, ""share"": 0.033, ""miss_deg"": 2.95, ""labels"": [264]}, {""name"": ""白杯1"", ""m"": 0.10503, ""q"": 0.0003, ""c"": 0.5595, ""capture"": 0.0, ""share"": 0.001, ""miss_deg"": 3.91, ""labels"": [266]}]"
2026_08_20/000,c1,v9,,vis,84.83,85.26,0.43,2.195,球M,261,0.919,0.0925,0.293,0.027,0.088,0.899,物品台,389.6407,1,1,9,球M,1,2,"[{""name"": ""球M"", ""m"": 36.04259, ""q"": 0.0925, ""c"": 0.3157, ""capture"": 0.293, ""share"": 0.919, ""miss_deg"": 1.57, ""labels"": [261]}, {""name"": ""水瓶"", ""m"": 3.18764, ""q"": 0.0082, ""c"": 0.9819, ""capture"": 0.008, ""share"": 0.081, ""miss_deg"": 3.09, ""labels"": [30]}]"
2026_08_20/000,c1,v9,,vis,85.32,86.02,0.7,2.224,球M,261,0.887,0.2283,0.759,0.037,0.12,0.743,物品台,389.6407,1,1,9,球M,1,4,"[{""name"": ""球M"", ""m"": 88.97152, ""q"": 0.2283, ""c"": 0.3009, ""capture"": 0.759, ""share"": 0.887, ""miss_deg"": 0.74, ""labels"": [261]}, {""name"": ""水瓶"", ""m"": 10.66007, ""q"": 0.0274, ""c"": 0.9801, ""capture"": 0.028, ""share"": 0.106, ""miss_deg"": 2.68, ""labels"": [30]}, {""name"": ""香蕉"", ""m"": 0.4392, ""q"": 0.0011, ""c"": 0.998, ""capture"": 0.001, ""share"": 0.004, ""miss_deg"": 3.68, ""labels"": [264]}, {""name"": ""白杯1"", ""m"": 0.19527, ""q"": 0.0005, ""c"": 0.584, ""capture"": 0.001, ""share"": 0.002, ""miss_deg"": 3.76, ""labels"": [266]}]"
2026_08_20/000,c1,v9,,vis,86.67,87.27,0.6,2.312,苹果红,260,0.374,0.2819,0.731,0.893,0.698,0.246,物品台,389.6407,1,0,,,,6,"[{""name"": ""苹果红"", ""m"": 109.85037, ""q"": 0.2819, ""c"": 0.3855, ""capture"": 0.731, ""share"": 0.374, ""miss_deg"": 0.79, ""labels"": [260]}, {""name"": ""球L"", ""m"": 76.60286, ""q"": 0.1966, ""c"": 0.3009, ""capture"": 0.653, ""share"": 0.261, ""miss_deg"": 0.92, ""labels"": [259]}, {""name"": ""苹果粉"", ""m"": 63.01358, ""q"": 0.1617, ""c"": 0.5232, ""capture"": 0.309, ""share"": 0.214, ""miss_deg"": 1.53, ""labels"": [64, 250]}, {""name"": ""橘子"", ""m"": 24.98285, ""q"": 0.0641, ""c"": 0.3721, ""capture"": 0.172, ""share"": 0.085, ""miss_deg"": 1.88, ""labels"": [262]}, {""name"": ""水瓶"", ""m"": 11.11795, ""q"": 0.0285, ""c"": 0.9697, ""capture"": 0.029, ""share"": 0.038, ""miss_deg"": 2.66, ""labels"": [30]}, {""name"": ""香蕉"", ""m"": 8.36443, ""q"": 0.0215, ""c"": 0.9962, ""capture"": 0.022, ""share"": 0.028, ""miss_deg"": 2.77, ""labels"": [264]}]"
2026_08_20/000,c1,v9,,vis,87.32,92.36,5.04,2.347,苹果红,260,0.471,0.2487,0.645,0.361,0.335,0.472,物品台,389.6407,1,0,10,橘子,0,6,"[{""name"": ""苹果红"", ""m"": 96.89081, ""q"": 0.2487, ""c"": 0.3855, ""capture"": 0.645, ""share"": 0.471, ""miss_deg"": 0.94, ""labels"": [260]}, {""name"": ""橘子"", ""m"": 32.45833, ""q"": 0.0833, ""c"": 0.3582, ""capture"": 0.233, ""share"": 0.158, ""miss_deg"": 1.71, ""labels"": [262]}, {""name"": ""苹果粉"", ""m"": 39.89102, ""q"": 0.1024, ""c"": 0.5012, ""capture"": 0.204, ""share"": 0.194, ""miss_deg"": 1.78, ""labels"": [64, 250]}, {""name"": ""球L"", ""m"": 6.51896, ""q"": 0.0167, ""c"": 0.3009, ""capture"": 0.056, ""share"": 0.032, ""miss_deg"": 2.4, ""labels"": [259]}, {""name"": ""香蕉"", ""m"": 19.70883, ""q"": 0.0506, ""c"": 0.9962, ""capture"": 0.051, ""share"": 0.096, ""miss_deg"": 2.44, ""labels"": [264]}, {""name"": ""水瓶"", ""m"": 10.24655, ""q"": 0.0263, ""c"": 0.9649, ""capture"": 0.027, ""share"": 0.05, ""miss_deg"": 2.68, ""labels"": [30]}]"
2026_08_20/000,c1,v9,,vis,92.65,93.35,0.7,2.3,苹果红,260,0.489,0.328,0.851,0.66,0.515,0.33,object#12,389.6407,1,0,,,,7,"[{""name"": ""苹果红"", ""m"": 127.79147, ""q"": 0.328, ""c"": 0.3855, ""capture"": 0.851, ""share"": 0.489, ""miss_deg"": 0.57, ""labels"": [260]}, {""name"": ""球L"", ""m"": 65.9193, ""q"": 0.1692, ""c"": 0.3009, ""capture"": 0.562, ""share"": 0.252, ""miss_deg"": 1.07, ""labels"": [259]}, {""name"": ""水瓶"", ""m"": 29.50757, ""q"": 0.0757, ""c"": 0.9697, ""capture"": 0.078, ""share"": 0.113, ""miss_deg"": 2.26, ""labels"": [30]}, {""name"": ""香蕉"", ""m"": 26.3053, ""q"": 0.0675, ""c"": 0.9962, ""capture"": 0.068, ""share"": 0.101, ""miss_deg"": 2.32, ""labels"": [264]}, {""name"": ""橘子"", ""m"": 7.59404, ""q"": 0.0195, ""c"": 0.3721, ""capture"": 0.052, ""share"": 0.029, ""miss_deg"": 2.43, ""labels"": [262]}, {""name"": ""球M"", ""m"": 1.74799, ""q"": 0.0045, ""c"": 0.2857, ""capture"": 0.016, ""share"": 0.007, ""miss_deg"": 2.88, ""labels"": [261]}, {""name"": ""苹果粉"", ""m"": 2.2706, ""q"": 0.0058, ""c"": 0.5232, ""capture"": 0.011, ""share"": 0.009, ""miss_deg"": 3.0, ""labels"": [64, 250]}]"
2026_08_20/000,c1,v9,,vis,93.73,95.36,1.62,2.27,球L,259,0.684,0.3242,1.077,0.107,0.189,0.526,物品台,389.6407,1,1,,,,5,"[{""name"": ""球L"", ""m"": 126.3053, ""q"": 0.3242, ""c"": 0.3009, ""capture"": 1.077, ""share"": 0.684, ""miss_deg"": 0.0, ""labels"": [259]}, {""name"": ""苹果粉"", ""m"": 23.83964, ""q"": 0.0612, ""c"": 0.5338, ""capture"": 0.115, ""share"": 0.129, ""miss_deg"": 2.08, ""labels"": [64]}, {""name"": ""苹果红"", ""m"": 16.16206, ""q"": 0.0415, ""c"": 0.3986, ""capture"": 0.104, ""share"": 0.088, ""miss_deg"": 2.13, ""labels"": [260]}, {""name"": ""水瓶"", ""m"": 17.40064, ""q"": 0.0447, ""c"": 0.974, ""capture"": 0.046, ""share"": 0.094, ""miss_deg"": 2.48, ""labels"": [30]}, {""name"": ""橘子"", ""m"": 0.92031, ""q"": 0.0024, ""c"": 0.3721, ""capture"": 0.006, ""share"": 0.005, ""miss_deg"": 3.18, ""labels"": [262]}]"
2026_08_20/000,c1,v9,,vis,95.74,96.55,0.81,2.288,球L,259,0.59,0.2035,0.676,0.213,0.371,0.655,物品台,389.6407,1,1,11,球L,1,5,"[{""name"": ""球L"", ""m"": 79.2938, ""q"": 0.2035, ""c"": 0.3009, ""capture"": 0.676, ""share"": 0.59, ""miss_deg"": 0.88, ""labels"": [259]}, {""name"": ""苹果粉"", ""m"": 29.41493, ""q"": 0.0755, ""c"": 0.5232, ""capture"": 0.144, ""share"": 0.219, ""miss_deg"": 1.97, ""labels"": [64]}, {""name"": ""水瓶"", ""m"": 21.28057, ""q"": 0.0546, ""c"": 0.974, ""capture"": 0.056, ""share"": 0.158, ""miss_deg"": 2.4, ""labels"": [30]}, {""name"": ""苹果红"", ""m"": 4.08682, ""q"": 0.0105, ""c"": 0.3986, ""capture"": 0.026, ""share"": 0.03, ""miss_deg"": 2.7, ""labels"": [260]}, {""name"": ""橘子"", ""m"": 0.32733, ""q"": 0.0008, ""c"": 0.3721, ""capture"": 0.002, ""share"": 0.002, ""miss_deg"": 3.49, ""labels"": [262]}]"
2026_08_20/000,c1,v9,,vis,96.79,97.33,0.54,2.298,球L,259,0.69,0.3067,1.019,0.102,0.178,0.556,物品台,389.6407,1,1,11,球L,1,5,"[{""name"": ""球L"", ""m"": 119.49733, ""q"": 0.3067, ""c"": 0.3009, ""capture"": 1.019, ""share"": 0.69, ""miss_deg"": 0.0, ""labels"": [259]}, {""name"": ""苹果粉"", ""m"": 21.26662, ""q"": 0.0546, ""c"": 0.5232, ""capture"": 0.104, ""share"": 0.123, ""miss_deg"": 2.13, ""labels"": [64]}, {""name"": ""苹果红"", ""m"": 13.94987, ""q"": 0.0358, ""c"": 0.3855, ""capture"": 0.093, ""share"": 0.081, ""miss_deg"": 2.18, ""labels"": [260]}, {""name"": ""水瓶"", ""m"": 17.28688, ""q"": 0.0444, ""c"": 0.9697, ""capture"": 0.046, ""share"": 0.1, ""miss_deg"": 2.48, ""labels"": [30]}, {""name"": ""橘子"", ""m"": 1.0926, ""q"": 0.0028, ""c"": 0.3721, ""capture"": 0.008, ""share"": 0.006, ""miss_deg"": 3.13, ""labels"": [262]}]"
2026_08_20/000,c1,v9,,vis,97.38,97.65,0.27,2.293,球L,259,0.192,0.101,0.336,0.949,1.219,0.474,物品台,389.6407,0,0,11,球L,1,6,"[{""name"": ""球L"", ""m"": 39.33798, ""q"": 0.101, ""c"": 0.3009, ""capture"": 0.336, ""share"": 0.192, ""miss_deg"": 1.48, ""labels"": [259]}, {""name"": ""苹果红"", ""m"": 47.92976, ""q"": 0.123, ""c"": 0.3855, ""capture"": 0.319, ""share"": 0.234, ""miss_deg"": 1.51, ""labels"": [260]}, {""name"": ""球M"", ""m"": 23.2516, ""q"": 0.0597, ""c"": 0.3009, ""capture"": 0.198, ""share"": 0.113, ""miss_deg"": 1.8, ""labels"": [261]}, {""name"": ""水瓶"", ""m"": 70.011, ""q"": 0.1797, ""c"": 0.9697, ""capture"": 0.185, ""share"": 0.342, ""miss_deg"": 1.84, ""labels"": [30]}, {""name"": ""香蕉"", ""m"": 24.39105, ""q"": 0.0626, ""c"": 0.9971, ""capture"": 0.063, ""share"": 0.119, ""miss_deg"": 2.35, ""labels"": [264]}, {""name"": ""橘子"", ""m"": 0.02524, ""q"": 0.0001, ""c"": 0.3721, ""capture"": 0.0, ""share"": 0.0, ""miss_deg"": 4.16, ""labels"": [262]}]"
2026_08_20/000,c1,v9,,vis,98.2,98.47,0.27,2.278,球L,259,0.662,0.1629,0.541,0.139,0.243,0.754,物品台,389.6407,1,1,11,球L,1,5,"[{""name"": ""球L"", ""m"": 63.48442, ""q"": 0.1629, ""c"": 0.3009, ""capture"": 0.541, ""share"": 0.662, ""miss_deg"": 1.11, ""labels"": [259]}, {""name"": ""苹果粉"", ""m"": 15.39045, ""q"": 0.0395, ""c"": 0.5232, ""capture"": 0.075, ""share"": 0.161, ""miss_deg"": 2.27, ""labels"": [64]}, {""name"": ""水瓶"", ""m"": 16.07795, ""q"": 0.0413, ""c"": 0.974, ""capture"": 0.042, ""share"": 0.168, ""miss_deg"": 2.51, ""labels"": [30]}, {""name"": ""苹果红"", ""m"": 0.89967, ""q"": 0.0023, ""c"": 0.3986, ""capture"": 0.006, ""share"": 0.009, ""miss_deg"": 3.21, ""labels"": [260]}, {""name"": ""橘子"", ""m"": 0.00331, ""q"": 0.0, ""c"": 0.3721, ""capture"": 0.0, ""share"": 0.0, ""miss_deg"": 4.62, ""labels"": [262]}]"
2026_08_20/000,c1,v9,,vis,98.87,99.34,0.47,2.307,球M,261,0.505,0.1928,0.675,0.231,0.786,0.619,物品台,389.6407,1,1,11,球L,0,5,"[{""name"": ""球M"", ""m"": 75.10746, ""q"": 0.1928, ""c"": 0.2857, ""capture"": 0.675, ""share"": 0.505, ""miss_deg"": 0.89, ""labels"": [261]}, {""name"": ""水瓶"", ""m"": 59.02342, ""q"": 0.1515, ""c"": 0.9697, ""capture"": 0.156, ""share"": 0.397, ""miss_deg"": 1.93, ""labels"": [30]}, {""name"": ""球L"", ""m"": 6.18871, ""q"": 0.0159, ""c"": 0.3009, ""capture"": 0.053, ""share"": 0.042, ""miss_deg"": 2.43, ""labels"": [259]}, {""name"": ""苹果红"", ""m"": 5.0254, ""q"": 0.0129, ""c"": 0.3855, ""capture"": 0.033, ""share"": 0.034, ""miss_deg"": 2.61, ""labels"": [260]}, {""name"": ""香蕉"", ""m"": 3.27596, ""q"": 0.0084, ""c"": 0.9962, ""capture"": 0.008, ""share"": 0.022, ""miss_deg"": 3.09, ""labels"": [264]}]"
2026_08_20/000,c1,v9,,vis,100.15,100.42,0.27,2.322,白杯1,266,0.576,0.2448,0.45,0.749,0.415,0.575,object#12,389.6407,1,1,,,,6,"[{""name"": ""白杯1"", ""m"": 95.37942, ""q"": 0.2448, ""c"": 0.5444, ""capture"": 0.45, ""share"": 0.576, ""miss_deg"": 1.26, ""labels"": [266]}, {""name"": ""球R"", ""m"": 39.52327, ""q"": 0.1014, ""c"": 0.3009, ""capture"": 0.337, ""share"": 0.239, ""miss_deg"": 1.47, ""labels"": [263]}, {""name"": ""香蕉"", ""m"": 17.63605, ""q"": 0.0453, ""c"": 0.9962, ""capture"": 0.045, ""share"": 0.106, ""miss_deg"": 2.49, ""labels"": [264]}, {""name"": ""红杯"", ""m"": 5.95418, ""q"": 0.0153, ""c"": 0.7605, ""capture"": 0.02, ""share"": 0.036, ""miss_deg"": 2.8, ""labels"": [49]}, {""name"": ""球M"", ""m"": 1.81846, ""q"": 0.0047, ""c"": 0.2857, ""capture"": 0.016, ""share"": 0.011, ""miss_deg"": 2.87, ""labels"": [261]}, {""name"": ""水瓶"", ""m"": 5.34881, ""q"": 0.0137, ""c"": 0.9697, ""capture"": 0.014, ""share"": 0.032, ""miss_deg"": 2.92, ""labels"": [30]}]"
2026_08_20/000,c1,v9,,vis,100.86,101.24,0.38,2.317,球R,263,0.393,0.2964,0.985,0.462,0.746,0.247,object#12,389.6407,0,0,12,白杯2,0,5,"[{""name"": ""球R"", ""m"": 115.4719, ""q"": 0.2964, ""c"": 0.3009, ""capture"": 0.985, ""share"": 0.393, ""miss_deg"": 0.17, ""labels"": [263]}, {""name"": ""白杯2"", ""m"": 85.95166, ""q"": 0.2206, ""c"": 0.4843, ""capture"": 0.455, ""share"": 0.293, ""miss_deg"": 1.25, ""labels"": [267]}, {""name"": ""红杯"", ""m"": 71.68402, ""q"": 0.184, ""c"": 0.7636, ""capture"": 0.241, ""share"": 0.244, ""miss_deg"": 1.69, ""labels"": [49]}, {""name"": ""白杯1"", ""m"": 19.82696, ""q"": 0.0509, ""c"": 0.5444, ""capture"": 0.093, ""share"": 0.068, ""miss_deg"": 2.18, ""labels"": [266]}, {""name"": ""水瓶"", ""m"": 0.55554, ""q"": 0.0014, ""c"": 0.9697, ""capture"": 0.001, ""share"": 0.002, ""miss_deg"": 3.61, ""labels"": [30]}]"
2026_08_20/000,c1,v9,,vis,101.3,102.7,1.41,2.322,白杯2,267,0.664,0.4743,1.003,0.268,0.431,0.285,object#12,389.6407,1,1,12,白杯2,1,3,"[{""name"": ""白杯2"", ""m"": 184.8155, ""q"": 0.4743, ""c"": 0.4729, ""capture"": 1.003, ""share"": 0.664, ""miss_deg"": 0.0, ""labels"": [267]}, {""name"": ""红杯"", ""m"": 79.60591, ""q"": 0.2043, ""c"": 0.7605, ""capture"": 0.269, ""share"": 0.286, ""miss_deg"": 1.62, ""labels"": [49]}, {""name"": ""球R"", ""m"": 14.06648, ""q"": 0.0361, ""c"": 0.3009, ""capture"": 0.12, ""share"": 0.051, ""miss_deg"": 2.06, ""labels"": [263]}]"
2026_08_20/000,c1,v9,,vis,102.76,103.9,1.14,2.298,白杯2,267,0.56,0.4246,0.867,0.453,0.279,0.241,object#12,389.6407,1,1,12,白杯2,1,5,"[{""name"": ""白杯2"", ""m"": 165.44526, ""q"": 0.4246, ""c"": 0.4899, ""capture"": 0.867, ""share"": 0.56, ""miss_deg"": 0.54, ""labels"": [267]}, {""name"": ""球R"", ""m"": 46.08656, ""q"": 0.1183, ""c"": 0.3009, ""capture"": 0.393, ""share"": 0.156, ""miss_deg"": 1.37, ""labels"": [263]}, {""name"": ""红杯"", ""m"": 82.49638, ""q"": 0.2117, ""c"": 0.7697, ""capture"": 0.275, ""share"": 0.279, ""miss_deg"": 1.61, ""labels"": [49]}, {""name"": ""白杯1"", ""m"": 1.51332, ""q"": 0.0039, ""c"": 0.5444, ""capture"": 0.007, ""share"": 0.005, ""miss_deg"": 3.14, ""labels"": [266]}, {""name"": ""水瓶"", ""m"": 0.00211, ""q"": 0.0, ""c"": 0.9697, ""capture"": 0.0, ""share"": 0.0, ""miss_deg"": 4.92, ""labels"": [30]}]"
2026_08_20/000,c1,v9,,vis,104.06,105.47,1.41,2.31,球R,263,0.384,0.3073,1.021,0.302,0.766,0.199,object#12,389.6407,0,0,12,白杯2,0,5,"[{""name"": ""球R"", ""m"": 119.74124, ""q"": 0.3073, ""c"": 0.3009, ""capture"": 1.021, ""share"": 0.384, ""miss_deg"": 0.0, ""labels"": [263]}, {""name"": ""红杯"", ""m"": 91.60325, ""q"": 0.2351, ""c"": 0.7636, ""capture"": 0.308, ""share"": 0.294, ""miss_deg"": 1.53, ""labels"": [49]}, {""name"": ""白杯2"", ""m"": 53.56541, ""q"": 0.1375, ""c"": 0.4843, ""capture"": 0.284, ""share"": 0.172, ""miss_deg"": 1.59, ""labels"": [267]}, {""name"": ""白杯1"", ""m"": 46.99782, ""q"": 0.1206, ""c"": 0.5444, ""capture"": 0.222, ""share"": 0.151, ""miss_deg"": 1.74, ""labels"": [266]}, {""name"": ""水瓶"", ""m"": 0.02507, ""q"": 0.0001, ""c"": 0.9697, ""capture"": 0.0, ""share"": 0.0, ""miss_deg"": 4.39, ""labels"": [30]}]"
2026_08_20/000,c1,v9,,vis,105.95,106.5,0.54,2.288,白杯1,266,0.591,0.2849,0.514,0.504,0.274,0.518,object#12,389.6407,1,1,12,白杯2,0,6,"[{""name"": ""白杯1"", ""m"": 111.01752, ""q"": 0.2849, ""c"": 0.5545, ""capture"": 0.514, ""share"": 0.591, ""miss_deg"": 1.15, ""labels"": [266]}, {""name"": ""球R"", ""m"": 30.38822, ""q"": 0.078, ""c"": 0.3009, ""capture"": 0.259, ""share"": 0.162, ""miss_deg"": 1.64, ""labels"": [263]}, {""name"": ""香蕉"", ""m"": 28.76848, ""q"": 0.0738, ""c"": 0.9971, ""capture"": 0.074, ""share"": 0.153, ""miss_deg"": 2.28, ""labels"": [264]}, {""name"": ""球M"", ""m"": 2.66591, ""q"": 0.0068, ""c"": 0.3009, ""capture"": 0.023, ""share"": 0.014, ""miss_deg"": 2.75, ""labels"": [261]}, {""name"": ""水瓶"", ""m"": 8.39102, ""q"": 0.0215, ""c"": 0.974, ""capture"": 0.022, ""share"": 0.045, ""miss_deg"": 2.76, ""labels"": [30]}, {""name"": ""红杯"", ""m"": 6.53287, ""q"": 0.0168, ""c"": 0.7697, ""capture"": 0.022, ""share"": 0.035, ""miss_deg"": 2.77, ""labels"": [49]}]"
2026_08_20/000,c1,v9,,vis,106.55,106.98,0.43,2.282,球R,263,0.316,0.2544,0.846,0.487,0.813,0.195,object#12,389.6407,0,0,,,,5,"[{""name"": ""球R"", ""m"": 99.13943, ""q"": 0.2544, ""c"": 0.3009, ""capture"": 0.846, ""share"": 0.316, ""miss_deg"": 0.58, ""labels"": [263]}, {""name"": ""白杯2"", ""m"": 80.5394, ""q"": 0.2067, ""c"": 0.5012, ""capture"": 0.412, ""share"": 0.257, ""miss_deg"": 1.33, ""labels"": [267]}, {""name"": ""红杯"", ""m"": 102.76307, ""q"": 0.2637, ""c"": 0.7697, ""capture"": 0.343, ""share"": 0.328, ""miss_deg"": 1.46, ""labels"": [49]}, {""name"": ""白杯1"", ""m"": 31.04178, ""q"": 0.0797, ""c"": 0.5595, ""capture"": 0.142, ""share"": 0.099, ""miss_deg"": 1.97, ""labels"": [266]}, {""name"": ""水瓶"", ""m"": 0.03351, ""q"": 0.0001, ""c"": 0.974, ""capture"": 0.0, ""share"": 0.0, ""miss_deg"": 4.32, ""labels"": [30]}]"
2026_08_20/000,c1,v9,,vis,107.09,107.42,0.32,2.293,球M,261,0.403,0.2004,0.666,0.201,0.648,0.503,object#12,389.6407,1,0,,,,6,"[{""name"": ""球M"", ""m"": 78.08484, ""q"": 0.2004, ""c"": 0.3009, ""capture"": 0.666, ""share"": 0.403, ""miss_deg"": 0.9, ""labels"": [261]}, {""name"": ""水瓶"", ""m"": 50.5474, ""q"": 0.1297, ""c"": 0.9697, ""capture"": 0.134, ""share"": 0.261, ""miss_deg"": 2.01, ""labels"": [30]}, {""name"": ""香蕉"", ""m"": 50.29287, ""q"": 0.1291, ""c"": 0.9971, ""capture"": 0.129, ""share"": 0.26, ""miss_deg"": 2.02, ""labels"": [264]}, {""name"": ""白杯1"", ""m"": 14.37334, ""q"": 0.0369, ""c"": 0.5545, ""capture"": 0.067, ""share"": 0.074, ""miss_deg"": 2.33, ""labels"": [266]}, {""name"": ""红杯"", ""m"": 0.34226, ""q"": 0.0009, ""c"": 0.7697, ""capture"": 0.001, ""share"": 0.002, ""miss_deg"": 3.68, ""labels"": [49]}, {""name"": ""球R"", ""m"": 0.00236, ""q"": 0.0, ""c"": 0.3009, ""capture"": 0.0, ""share"": 0.0, ""miss_deg"": 4.65, ""labels"": [263]}]"
2026_08_20/000,c1,v9,,vis,107.47,107.9,0.43,2.292,白杯1,266,0.537,0.3835,0.692,0.987,0.536,0.286,object#12,389.6407,1,1,,,,5,"[{""name"": ""白杯1"", ""m"": 149.42721, ""q"": 0.3835, ""c"": 0.5545, ""capture"": 0.692, ""share"": 0.537, ""miss_deg"": 0.86, ""labels"": [266]}, {""name"": ""球R"", ""m"": 80.03951, ""q"": 0.2054, ""c"": 0.3009, ""capture"": 0.683, ""share"": 0.288, ""miss_deg"": 0.87, ""labels"": [263]}, {""name"": ""红杯"", ""m"": 35.64976, ""q"": 0.0915, ""c"": 0.7697, ""capture"": 0.119, ""share"": 0.128, ""miss_deg"": 2.06, ""labels"": [49]}, {""name"": ""香蕉"", ""m"": 9.55606, ""q"": 0.0245, ""c"": 0.9971, ""capture"": 0.025, ""share"": 0.034, ""miss_deg"": 2.72, ""labels"": [264]}, {""name"": ""水瓶"", ""m"": 3.53666, ""q"": 0.0091, ""c"": 0.9719, ""capture"": 0.009, ""share"": 0.013, ""miss_deg"": 3.06, ""labels"": [30]}]"
2026_08_20/000,c1,v9,,vis,112.37,112.94,0.57,1.094,,-1,0.0,0.0,,,,1.0,object#14,389.6407,0,0,,,,0,[]
2026_08_20/000,c1,v9,,vis,113.87,114.19,0.32,0.638,,-1,0.0,0.0,,,,1.0,object#34,389.6407,0,0,,,,0,[]
2026_08_20/000,c1,v9,,vis,114.46,114.9,0.44,0.856,,-1,0.0,0.0,,,,1.0,object#88,389.6407,0,0,,,,0,[]
2026_08_20/001,c2,v9,,vis,3.28,3.67,0.38,3.041,,-1,0.0,0.0,,,,1.0,floor,389.6407,0,0,,,,0,[]
2026_08_20/001,c2,v9,,vis,9.17,9.5,0.32,3.454,,-1,0.0,0.0,,,,1.0,object#36,389.6407,0,0,,,,0,[]
2026_08_20/001,c2,v9,,vis,10.05,10.43,0.38,2.739,球L,259,0.405,0.2564,1.151,0.39,0.528,0.368,物品台,389.6407,1,0,,,,7,"[{""name"": ""球L"", ""m"": 99.89545, ""q"": 0.2564, ""c"": 0.2228, ""capture"": 1.151, ""share"": 0.405, ""miss_deg"": 0.0, ""labels"": [259]}, {""name"": ""苹果红"", ""m"": 52.62224, ""q"": 0.1351, ""c"": 0.3009, ""capture"": 0.449, ""share"": 0.214, ""miss_deg"": 1.27, ""labels"": [260]}, {""name"": ""水瓶"", ""m"": 57.54366, ""q"": 0.1477, ""c"": 0.87, ""capture"": 0.17, ""share"": 0.234, ""miss_deg"": 1.88, ""labels"": [30]}, {""name"": ""香蕉"", ""m"": 27.13131, ""q"": 0.0696, ""c"": 0.9697, ""capture"": 0.072, ""share"": 0.11, ""miss_deg"": 2.3, ""labels"": [264]}, {""name"": ""橘子"", ""m"": 5.35743, ""q"": 0.0137, ""c"": 0.2704, ""capture"": 0.051, ""share"": 0.022, ""miss_deg"": 2.44, ""labels"": [262]}, {""name"": ""球M"", ""m"": 3.80666, ""q"": 0.0098, ""c"": 0.2062, ""capture"": 0.047, ""share"": 0.015, ""miss_deg"": 2.47, ""labels"": [261]}, {""name"": ""苹果粉"", ""m"": 0.01605, ""q"": 0.0, ""c"": 0.3986, ""capture"": 0.0, ""share"": 0.0, ""miss_deg"": 4.28, ""labels"": [64]}]"
2026_08_20/001,c2,v9,,vis,11.31,11.64,0.32,3.431,,-1,0.0,0.0,,,,1.0,object#60,389.6407,0,0,,,,0,[]
2026_08_20/001,c2,v9,,vis,11.75,12.02,0.27,3.534,,-1,0.0,0.0,,,,1.0,object#26,389.6407,0,0,,,,0,[]
2026_08_20/001,c2,v9,,vis,12.41,13.06,0.65,3.364,,-1,0.0,0.0,,,,1.0,object#26,389.6407,0,0,,,,0,[]
2026_08_20/001,c2,v9,,vis,14.23,14.5,0.27,2.572,球M,261,0.54,0.1573,0.681,0.178,0.702,0.709,物品台,389.6407,1,1,,,,5,"[{""name"": ""球M"", ""m"": 61.27343, ""q"": 0.1573, ""c"": 0.2309, ""capture"": 0.681, ""share"": 0.54, ""miss_deg"": 0.88, ""labels"": [261]}, {""name"": ""水瓶"", ""m"": 43.03906, ""q"": 0.1105, ""c"": 0.9122, ""capture"": 0.121, ""share"": 0.379, ""miss_deg"": 2.05, ""labels"": [30]}, {""name"": ""球L"", ""m"": 6.29685, ""q"": 0.0162, ""c"": 0.2469, ""capture"": 0.065, ""share"": 0.056, ""miss_deg"": 2.34, ""labels"": [259]}, {""name"": ""白杯1"", ""m"": 1.27454, ""q"": 0.0033, ""c"": 0.4729, ""capture"": 0.007, ""share"": 0.011, ""miss_deg"": 3.15, ""labels"": [266]}, {""name"": ""香蕉"", ""m"": 1.54241, ""q"": 0.004, ""c"": 0.9819, ""capture"": 0.004, ""share"": 0.014, ""miss_deg"": 3.32, ""labels"": [264]}]"
2026_08_20/001,c2,v9,,vis,14.71,15.36,0.65,2.723,球R,263,0.752,0.0743,0.333,0.057,0.226,0.901,物品台,389.6407,1,1,,,,4,"[{""name"": ""球R"", ""m"": 28.94624, ""q"": 0.0743, ""c"": 0.2228, ""capture"": 0.333, ""share"": 0.752, ""miss_deg"": 1.48, ""labels"": [263]}, {""name"": ""水瓶"", ""m"": 6.52976, ""q"": 0.0168, ""c"": 0.87, ""capture"": 0.019, ""share"": 0.17, ""miss_deg"": 2.81, ""labels"": [30]}, {""name"": ""白杯1"", ""m"": 2.10834, ""q"": 0.0054, ""c"": 0.4429, ""capture"": 0.012, ""share"": 0.055, ""miss_deg"": 2.97, ""labels"": [266]}, {""name"": ""白杯2"", ""m"": 0.92715, ""q"": 0.0024, ""c"": 0.3721, ""capture"": 0.006, ""share"": 0.024, ""miss_deg"": 3.18, ""labels"": [267]}]"
2026_08_20/001,c2,v9,,vis,15.53,15.9,0.38,2.514,球M,261,0.488,0.0487,0.197,0.35,0.359,0.9,物品台,389.6407,0,0,,,,3,"[{""name"": ""球M"", ""m"": 18.99196, ""q"": 0.0487, ""c"": 0.2469, ""capture"": 0.197, ""share"": 0.488, ""miss_deg"": 1.8, ""labels"": [261]}, {""name"": ""球L"", ""m"": 6.82323, ""q"": 0.0175, ""c"": 0.2548, ""capture"": 0.069, ""share"": 0.175, ""miss_deg"": 2.31, ""labels"": [259]}, {""name"": ""水瓶"", ""m"": 13.12852, ""q"": 0.0337, ""c"": 0.9255, ""capture"": 0.036, ""share"": 0.337, ""miss_deg"": 2.57, ""labels"": [30]}]"
2026_08_20/001,c2,v9,,vis,16.39,17.74,1.35,2.71,球R,263,0.649,0.241,1.082,0.111,0.191,0.629,物品台,389.6407,1,1,1,球R,1,5,"[{""name"": ""球R"", ""m"": 93.91671, ""q"": 0.241, ""c"": 0.2228, ""capture"": 1.082, ""share"": 0.649, ""miss_deg"": 0.0, ""labels"": [263]}, {""name"": ""白杯2"", ""m"": 17.98025, ""q"": 0.0461, ""c"": 0.3855, ""capture"": 0.12, ""share"": 0.124, ""miss_deg"": 2.06, ""labels"": [267]}, {""name"": ""白杯1"", ""m"": 16.49305, ""q"": 0.0423, ""c"": 0.4429, ""capture"": 0.096, ""share"": 0.114, ""miss_deg"": 2.17, ""labels"": [266]}, {""name"": ""红杯"", ""m"": 8.1691, ""q"": 0.021, ""c"": 0.6386, ""capture"": 0.033, ""share"": 0.056, ""miss_deg"": 2.61, ""labels"": [49]}, {""name"": ""水瓶"", ""m"": 8.11457, ""q"": 0.0208, ""c"": 0.8741, ""capture"": 0.024, ""share"": 0.056, ""miss_deg"": 2.73, ""labels"": [30]}]"
2026_08_20/001,c2,v9,,vis,17.79,18.17,0.38,2.719,球R,263,0.254,0.0034,0.015,0.8,2.937,0.986,物品台,389.6407,0,0,1,球R,1,2,"[{""name"": ""球R"", ""m"": 1.34404, ""q"": 0.0034, ""c"": 0.2228, ""capture"": 0.015, ""share"": 0.254, ""miss_deg"": 2.89, ""labels"": [263]}, {""name"": ""水瓶"", ""m"": 3.9522, ""q"": 0.0101, ""c"": 0.87, ""capture"": 0.012, ""share"": 0.746, ""miss_deg"": 2.98, ""labels"": [30]}]"
2026_08_20/001,c2,v9,,vis,18.5,19.42,0.92,2.799,球R,263,0.674,0.0734,0.329,0.091,0.35,0.891,物品台,389.6407,1,1,1,球R,1,4,"[{""name"": ""球R"", ""m"": 28.59968, ""q"": 0.0734, ""c"": 0.2228, ""capture"": 0.329, ""share"": 0.674, ""miss_deg"": 1.49, ""labels"": [263]}, {""name"": ""水瓶"", ""m"": 10.03562, ""q"": 0.0258, ""c"": 0.8521, ""capture"": 0.03, ""share"": 0.236, ""miss_deg"": 2.65, ""labels"": [30]}, {""name"": ""白杯2"", ""m"": 2.60012, ""q"": 0.0067, ""c"": 0.3721, ""capture"": 0.018, ""share"": 0.061, ""miss_deg"": 2.84, ""labels"": [267]}, {""name"": ""白杯1"", ""m"": 1.22323, ""q"": 0.0031, ""c"": 0.4305, ""capture"": 0.007, ""share"": 0.029, ""miss_deg"": 3.14, ""labels"": [266]}]"
2026_08_20/001,c2,v9,,vis,20.64,20.91,0.27,3.017,球R,263,0.409,0.239,1.263,0.398,0.785,0.416,物品台,389.6407,0,0,,,,6,"[{""name"": ""球R"", ""m"": 93.11527, ""q"": 0.239, ""c"": 0.1892, ""capture"": 1.263, ""share"": 0.409, ""miss_deg"": 0.0, ""labels"": [263]}, {""name"": ""白杯1"", ""m"": 72.96489, ""q"": 0.1873, ""c"": 0.3721, ""capture"": 0.503, ""share"": 0.321, ""miss_deg"": 1.17, ""labels"": [266]}, {""name"": ""红杯"", ""m"": 31.56566, ""q"": 0.081, ""c"": 0.5444, ""capture"": 0.149, ""share"": 0.139, ""miss_deg"": 1.95, ""labels"": [49]}, {""name"": ""白杯2"", ""m"": 13.60624, ""q"": 0.0349, ""c"": 0.3157, ""capture"": 0.111, ""share"": 0.06, ""miss_deg"": 2.1, ""labels"": [267]}, {""name"": ""水瓶"", ""m"": 10.85604, ""q"": 0.0279, ""c"": 0.7962, ""capture"": 0.035, ""share"": 0.048, ""miss_deg"": 2.59, ""labels"": [30]}, {""name"": ""香蕉"", ""m"": 5.30002, ""q"": 0.0136, ""c"": 0.9156, ""capture"": 0.015, ""share"": 0.023, ""miss_deg"": 2.9, ""labels"": [264]}]"
2026_08_20/001,c2,v9,,vis,21.29,21.67,0.38,3.117,球M,261,0.496,0.0477,0.291,0.546,0.544,0.904,物品台,389.6407,1,0,,,,6,"[{""name"": ""球M"", ""m"": 18.57009, ""q"": 0.0477, ""c"": 0.1636, ""capture"": 0.291, ""share"": 0.496, ""miss_deg"": 1.57, ""labels"": [261]}, {""name"": ""球L"", ""m"": 10.11801, ""q"": 0.026, ""c"": 0.1636, ""capture"": 0.159, ""share"": 0.27, ""miss_deg"": 1.92, ""labels"": [259]}, {""name"": ""水瓶"", ""m"": 7.2932, ""q"": 0.0187, ""c"": 0.7697, ""capture"": 0.024, ""share"": 0.195, ""miss_deg"": 2.73, ""labels"": [30]}, {""name"": ""苹果红"", ""m"": 1.3985, ""q"": 0.0036, ""c"": 0.2309, ""capture"": 0.016, ""share"": 0.037, ""miss_deg"": 2.89, ""labels"": [260]}, {""name"": ""香蕉"", ""m"": 0.04985, ""q"": 0.0001, ""c"": 0.892, ""capture"": 0.0, ""share"": 0.001, ""miss_deg"": 4.21, ""labels"": [264]}, {""name"": ""橘子"", ""m"": 0.00158, ""q"": 0.0, ""c"": 0.2228, ""capture"": 0.0, ""share"": 0.0, ""miss_deg"": 4.67, ""labels"": [262]}]"
2026_08_20/001,c2,v9,,vis,22.21,22.7,0.49,3.163,球M,261,0.467,0.0806,0.493,0.483,0.484,0.827,物品台,389.6407,1,0,,,,6,"[{""name"": ""球M"", ""m"": 31.41073, ""q"": 0.0806, ""c"": 0.1636, ""capture"": 0.493, ""share"": 0.467, ""miss_deg"": 1.19, ""labels"": [261]}, {""name"": ""球L"", ""m"": 15.1853, ""q"": 0.039, ""c"": 0.1636, ""capture"": 0.238, ""share"": 0.226, ""miss_deg"": 1.69, ""labels"": [259]}, {""name"": ""苹果红"", ""m"": 5.7601, ""q"": 0.0148, ""c"": 0.2228, ""capture"": 0.066, ""share"": 0.086, ""miss_deg"": 2.33, ""labels"": [260]}, {""name"": ""水瓶"", ""m"": 13.41636, ""q"": 0.0344, ""c"": 0.7605, ""capture"": 0.045, ""share"": 0.2, ""miss_deg"": 2.49, ""labels"": [30]}, {""name"": ""香蕉"", ""m"": 1.4355, ""q"": 0.0037, ""c"": 0.8822, ""capture"": 0.004, ""share"": 0.021, ""miss_deg"": 3.31, ""labels"": [264]}, {""name"": ""橘子"", ""m"": 0.01974, ""q"": 0.0001, ""c"": 0.2062, ""capture"": 0.0, ""share"": 0.0, ""miss_deg"": 4.08, ""labels"": [262]}]"
2026_08_20/001,c2,v9,,vis,23.29,25.46,2.17,3.193,球R,263,0.364,0.0909,0.556,0.363,0.764,0.75,物品台,389.6407,0,0,2,球R,1,7,"[{""name"": ""球R"", ""m"": 35.42359, ""q"": 0.0909, ""c"": 0.1636, ""capture"": 0.556, ""share"": 0.364, ""miss_deg"": 1.08, ""labels"": [263]}, {""name"": ""白杯1"", ""m"": 27.03132, ""q"": 0.0694, ""c"": 0.3441, ""capture"": 0.202, ""share"": 0.278, ""miss_deg"": 1.79, ""labels"": [266]}, {""name"": ""球M"", ""m"": 8.64469, ""q"": 0.0222, ""c"": 0.1636, ""capture"": 0.136, ""share"": 0.089, ""miss_deg"": 2.0, ""labels"": [261]}, {""name"": ""水瓶"", ""m"": 11.68517, ""q"": 0.03, ""c"": 0.7541, ""capture"": 0.04, ""share"": 0.12, ""miss_deg"": 2.54, ""labels"": [30]}, {""name"": ""香蕉"", ""m"": 12.18066, ""q"": 0.0313, ""c"": 0.8741, ""capture"": 0.036, ""share"": 0.125, ""miss_deg"": 2.58, ""labels"": [264]}, {""name"": ""红杯"", ""m"": 2.28547, ""q"": 0.0059, ""c"": 0.5232, ""capture"": 0.011, ""share"": 0.024, ""miss_deg"": 3.0, ""labels"": [49]}, {""name"": ""白杯2"", ""m"": 0.00012, ""q"": 0.0, ""c"": 0.3009, ""capture"": 0.0, ""share"": 0.0, ""miss_deg"": 5.26, ""labels"": [267]}]"
2026_08_20/001,c2,v9,,vis,25.73,26.22,0.49,3.191,球M,261,0.273,0.0492,0.301,0.827,0.828,0.82,物品台,389.6407,0,0,,,,6,"[{""name"": ""球M"", ""m"": 19.18048, ""q"": 0.0492, ""c"": 0.1636, ""capture"": 0.301, ""share"": 0.273, ""miss_deg"": 1.55, ""labels"": [261]}, {""name"": ""球R"", ""m"": 15.88229, ""q"": 0.0408, ""c"": 0.1636, ""capture"": 0.249, ""share"": 0.226, ""miss_deg"": 1.67, ""labels"": [263]}, {""name"": ""白杯1"", ""m"": 15.36418, ""q"": 0.0394, ""c"": 0.3441, ""capture"": 0.115, ""share"": 0.219, ""miss_deg"": 2.08, ""labels"": [266]}, {""name"": ""香蕉"", ""m"": 11.30668, ""q"": 0.029, ""c"": 0.8741, ""capture"": 0.033, ""share"": 0.161, ""miss_deg"": 2.61, ""labels"": [264]}, {""name"": ""水瓶"", ""m"": 8.0893, ""q"": 0.0208, ""c"": 0.7541, ""capture"": 0.028, ""share"": 0.115, ""miss_deg"": 2.68, ""labels"": [30]}, {""name"": ""红杯"", ""m"": 0.32523, ""q"": 0.0008, ""c"": 0.5232, ""capture"": 0.002, ""share"": 0.005, ""miss_deg"": 3.59, ""labels"": [49]}]"
2026_08_20/001,c2,v9,,vis,26.54,26.92,0.38,3.156,球R,263,0.583,0.143,0.874,0.111,0.204,0.755,物品台,389.6407,1,1,,,,6,"[{""name"": ""球R"", ""m"": 55.70919, ""q"": 0.143, ""c"": 0.1636, ""capture"": 0.874, ""share"": 0.583, ""miss_deg"": 0.52, ""labels"": [263]}, {""name"": ""白杯2"", ""m"": 11.3496, ""q"": 0.0291, ""c"": 0.3009, ""capture"": 0.097, ""share"": 0.119, ""miss_deg"": 2.16, ""labels"": [267]}, {""name"": ""白杯1"", ""m"": 9.55315, ""q"": 0.0245, ""c"": 0.3441, ""capture"": 0.071, ""share"": 0.1, ""miss_deg"": 2.3, ""labels"": [266]}, {""name"": ""水瓶"", ""m"": 15.42384, ""q"": 0.0396, ""c"": 0.7605, ""capture"": 0.052, ""share"": 0.161, ""miss_deg"": 2.43, ""labels"": [30]}, {""name"": ""红杯"", ""m"": 3.16454, ""q"": 0.0081, ""c"": 0.5232, ""capture"": 0.016, ""share"": 0.033, ""miss_deg"": 2.89, ""labels"": [49]}, {""name"": ""香蕉"", ""m"": 0.43357, ""q"": 0.0011, ""c"": 0.8822, ""capture"": 0.001, ""share"": 0.005, ""miss_deg"": 3.65, ""labels"": [264]}]"
2026_08_20/001,c2,v9,,vis,27.8,28.29,0.49,3.184,球M,261,0.331,0.0873,0.534,0.358,0.356,0.736,物品台,389.6407,0,0,,,,6,"[{""name"": ""球M"", ""m"": 34.01922, ""q"": 0.0873, ""c"": 0.1636, ""capture"": 0.534, ""share"": 0.331, ""miss_deg"": 1.12, ""labels"": [261]}, {""name"": ""球R"", ""m"": 12.17009, ""q"": 0.0312, ""c"": 0.1636, ""capture"": 0.191, ""share"": 0.118, ""miss_deg"": 1.82, ""labels"": [263]}, {""name"": ""白杯1"", ""m"": 22.4012, ""q"": 0.0575, ""c"": 0.3441, ""capture"": 0.167, ""share"": 0.218, ""miss_deg"": 1.89, ""labels"": [266]}, {""name"": ""香蕉"", ""m"": 20.0652, ""q"": 0.0515, ""c"": 0.8741, ""capture"": 0.059, ""share"": 0.195, ""miss_deg"": 2.38, ""labels"": [264]}, {""name"": ""水瓶"", ""m"": 13.71978, ""q"": 0.0352, ""c"": 0.7541, ""capture"": 0.047, ""share"": 0.134, ""miss_deg"": 2.48, ""labels"": [30]}, {""name"": ""红杯"", ""m"": 0.33568, ""q"": 0.0009, ""c"": 0.5232, ""capture"": 0.002, ""share"": 0.003, ""miss_deg"": 3.58, ""labels"": [49]}]"
2026_08_20/001,c2,v9,,vis,28.77,29.05,0.27,3.118,球R,263,0.631,0.0797,0.487,0.08,0.379,0.874,物品台,389.6407,1,1,,,,5,"[{""name"": ""球R"", ""m"": 31.05147, ""q"": 0.0797, ""c"": 0.1636, ""capture"": 0.487, ""share"": 0.631, ""miss_deg"": 1.2, ""labels"": [263]}, {""name"": ""水瓶"", ""m"": 11.7734, ""q"": 0.0302, ""c"": 0.7697, ""capture"": 0.039, ""share"": 0.239, ""miss_deg"": 2.54, ""labels"": [30]}, {""name"": ""白杯1"", ""m"": 3.60596, ""q"": 0.0093, ""c"": 0.3582, ""capture"": 0.026, ""share"": 0.073, ""miss_deg"": 2.7, ""labels"": [266]}, {""name"": ""白杯2"", ""m"": 2.60249, ""q"": 0.0067, ""c"": 0.3009, ""capture"": 0.022, ""share"": 0.053, ""miss_deg"": 2.76, ""labels"": [267]}, {""name"": ""香蕉"", ""m"": 0.17921, ""q"": 0.0005, ""c"": 0.892, ""capture"": 0.001, ""share"": 0.004, ""miss_deg"": 3.89, ""labels"": [264]}]"
2026_08_20/001,c2,v9,,vis,29.53,29.8,0.27,3.181,苹果粉,64,0.687,0.0754,0.239,0.485,0.252,0.89,物品台,389.6407,1,1,4,球L,0,5,"[{""name"": ""苹果粉"", ""m"": 29.39767, ""q"": 0.0754, ""c"": 0.3157, ""capture"": 0.239, ""share"": 0.687, ""miss_deg"": 1.69, ""labels"": [64, 250]}, {""name"": ""球L"", ""m"": 7.39145, ""q"": 0.019, ""c"": 0.1636, ""capture"": 0.116, ""share"": 0.173, ""miss_deg"": 2.08, ""labels"": [259]}, {""name"": ""水瓶"", ""m"": 5.9261, ""q"": 0.0152, ""c"": 0.7541, ""capture"": 0.02, ""share"": 0.138, ""miss_deg"": 2.79, ""labels"": [30]}, {""name"": ""苹果红"", ""m"": 0.0826, ""q"": 0.0002, ""c"": 0.2228, ""capture"": 0.001, ""share"": 0.002, ""miss_deg"": 3.73, ""labels"": [260]}, {""name"": ""橘子"", ""m"": 0.0229, ""q"": 0.0001, ""c"": 0.2062, ""capture"": 0.0, ""share"": 0.001, ""miss_deg"": 4.04, ""labels"": [262]}]"
2026_08_20/001,c2,v9,,vis,29.86,30.56,0.7,3.134,球L,259,0.434,0.2158,1.319,0.403,0.776,0.503,物品台,389.6407,0,0,4,球L,1,6,"[{""name"": ""球L"", ""m"": 84.08563, ""q"": 0.2158, ""c"": 0.1636, ""capture"": 1.319, ""share"": 0.434, ""miss_deg"": 0.0, ""labels"": [259]}, {""name"": ""苹果粉"", ""m"": 65.28106, ""q"": 0.1675, ""c"": 0.3157, ""capture"": 0.531, ""share"": 0.337, ""miss_deg"": 1.13, ""labels"": [64, 250]}, {""name"": ""苹果红"", ""m"": 26.35414, ""q"": 0.0676, ""c"": 0.2309, ""capture"": 0.293, ""share"": 0.136, ""miss_deg"": 1.57, ""labels"": [260]}, {""name"": ""水瓶"", ""m"": 13.67096, ""q"": 0.0351, ""c"": 0.7636, ""capture"": 0.046, ""share"": 0.071, ""miss_deg"": 2.48, ""labels"": [30]}, {""name"": ""橘子"", ""m"": 2.33436, ""q"": 0.006, ""c"": 0.2228, ""capture"": 0.027, ""share"": 0.012, ""miss_deg"": 2.69, ""labels"": [262]}, {""name"": ""香蕉"", ""m"": 1.93352, ""q"": 0.005, ""c"": 0.892, ""capture"": 0.006, ""share"": 0.01, ""miss_deg"": 3.22, ""labels"": [264]}]"
2026_08_20/001,c2,v9,,vis,30.8,31.78,0.97,3.132,球L,259,0.477,0.2436,1.489,0.353,0.497,0.489,物品台,389.6407,1,0,4,球L,1,7,"[{""name"": ""球L"", ""m"": 94.92454, ""q"": 0.2436, ""c"": 0.1636, ""capture"": 1.489, ""share"": 0.477, ""miss_deg"": 0.0, ""labels"": [259]}, {""name"": ""苹果红"", ""m"": 47.2685, ""q"": 0.1213, ""c"": 0.2309, ""capture"": 0.525, ""share"": 0.237, ""miss_deg"": 1.13, ""labels"": [260]}, {""name"": ""苹果粉"", ""m"": 28.48491, ""q"": 0.0731, ""c"": 0.3157, ""capture"": 0.232, ""share"": 0.143, ""miss_deg"": 1.71, ""labels"": [64, 250]}, {""name"": ""水瓶"", ""m"": 18.61046, ""q"": 0.0478, ""c"": 0.7636, ""capture"": 0.063, ""share"": 0.093, ""miss_deg"": 2.35, ""labels"": [30]}, {""name"": ""球M"", ""m"": 1.34751, ""q"": 0.0035, ""c"": 0.1636, ""capture"": 0.021, ""share"": 0.007, ""miss_deg"": 2.78, ""labels"": [261]}, {""name"": ""香蕉"", ""m"": 7.04635, ""q"": 0.0181, ""c"": 0.892, ""capture"": 0.02, ""share"": 0.035, ""miss_deg"": 2.79, ""labels"": [264]}, {""name"": ""橘子"", ""m"": 1.40901, ""q"": 0.0036, ""c"": 0.2228, ""capture"": 0.016, ""share"": 0.007, ""miss_deg"": 2.87, ""labels"": [262]}]"
2026_08_20/001,c2,v9,,vis,31.83,32.21,0.38,3.164,球M,261,0.318,0.2018,1.233,0.313,1.453,0.365,物品台,389.6407,0,0,,,,8,"[{""name"": ""球M"", ""m"": 78.62953, ""q"": 0.2018, ""c"": 0.1636, ""capture"": 1.233, ""share"": 0.318, ""miss_deg"": 0.0, ""labels"": [261]}, {""name"": ""水瓶"", ""m"": 114.37912, ""q"": 0.2936, ""c"": 0.7605, ""capture"": 0.386, ""share"": 0.462, ""miss_deg"": 1.38, ""labels"": [30]}, {""name"": ""苹果红"", ""m"": 15.56181, ""q"": 0.0399, ""c"": 0.2228, ""capture"": 0.179, ""share"": 0.063, ""miss_deg"": 1.85, ""labels"": [260]}, {""name"": ""香蕉"", ""m"": 34.63119, ""q"": 0.0889, ""c"": 0.8822, ""capture"": 0.101, ""share"": 0.14, ""miss_deg"": 2.14, ""labels"": [264]}, {""name"": ""球L"", ""m"": 4.10305, ""q"": 0.0105, ""c"": 0.1636, ""capture"": 0.064, ""share"": 0.017, ""miss_deg"": 2.34, ""labels"": [259]}, {""name"": ""橘子"", ""m"": 0.05124, ""q"": 0.0001, ""c"": 0.2062, ""capture"": 0.001, ""share"": 0.0, ""miss_deg"": 3.84, ""labels"": [262]}, {""name"": ""红杯"", ""m"": 0.02386, ""q"": 0.0001, ""c"": 0.5232, ""capture"": 0.0, ""share"": 0.0, ""miss_deg"": 4.26, ""labels"": [49]}, {""name"": ""白杯1"", ""m"": 0.00748, ""q"": 0.0, ""c"": 0.3441, ""capture"": 0.0, ""share"": 0.0, ""miss_deg"": 4.43, ""labels"": [266]}]"
2026_08_20/001,c2,v9,,vis,32.27,33.25,0.98,3.196,球L,259,0.56,0.2019,1.234,0.23,0.314,0.64,物品台,389.6407,1,1,,,,7,"[{""name"": ""球L"", ""m"": 78.65219, ""q"": 0.2019, ""c"": 0.1636, ""capture"": 1.234, ""share"": 0.56, ""miss_deg"": 0.0, ""labels"": [259]}, {""name"": ""苹果红"", ""m"": 24.63717, ""q"": 0.0632, ""c"": 0.2228, ""capture"": 0.284, ""share"": 0.176, ""miss_deg"": 1.59, ""labels"": [260]}, {""name"": ""苹果粉"", ""m"": 17.70842, ""q"": 0.0454, ""c"": 0.3157, ""capture"": 0.144, ""share"": 0.126, ""miss_deg"": 1.97, ""labels"": [64, 250]}, {""name"": ""水瓶"", ""m"": 13.59223, ""q"": 0.0349, ""c"": 0.7477, ""capture"": 0.047, ""share"": 0.097, ""miss_deg"": 2.48, ""labels"": [30]}, {""name"": ""球M"", ""m"": 1.0809, ""q"": 0.0028, ""c"": 0.1636, ""capture"": 0.017, ""share"": 0.008, ""miss_deg"": 2.86, ""labels"": [261]}, {""name"": ""橘子"", ""m"": 1.05081, ""q"": 0.0027, ""c"": 0.2062, ""capture"": 0.013, ""share"": 0.007, ""miss_deg"": 2.95, ""labels"": [262]}, {""name"": ""香蕉"", ""m"": 3.60625, ""q"": 0.0093, ""c"": 0.87, ""capture"": 0.011, ""share"": 0.026, ""miss_deg"": 3.01, ""labels"": [264]}]"
2026_08_20/001,c2,v9,,vis,33.3,36.28,2.98,3.253,球L,259,0.336,0.1789,1.094,0.619,0.845,0.468,物品台,389.6407,0,0,,,,7,"[{""name"": ""球L"", ""m"": 69.72511, ""q"": 0.1789, ""c"": 0.1636, ""capture"": 1.094, ""share"": 0.336, ""miss_deg"": 0.0, ""labels"": [259]}, {""name"": ""苹果红"", ""m"": 58.78776, ""q"": 0.1509, ""c"": 0.2228, ""capture"": 0.677, ""share"": 0.284, ""miss_deg"": 0.88, ""labels"": [260]}, {""name"": ""球M"", ""m"": 16.96159, ""q"": 0.0435, ""c"": 0.1636, ""capture"": 0.266, ""share"": 0.082, ""miss_deg"": 1.63, ""labels"": [261]}, {""name"": ""水瓶"", ""m"": 35.39075, ""q"": 0.0908, ""c"": 0.741, ""capture"": 0.123, ""share"": 0.171, ""miss_deg"": 2.05, ""labels"": [30]}, {""name"": ""苹果粉"", ""m"": 12.17007, ""q"": 0.0312, ""c"": 0.3009, ""capture"": 0.104, ""share"": 0.059, ""miss_deg"": 2.13, ""labels"": [64, 250]}, {""name"": ""香蕉"", ""m"": 13.01436, ""q"": 0.0334, ""c"": 0.8656, ""capture"": 0.039, ""share"": 0.063, ""miss_deg"": 2.55, ""labels"": [264]}, {""name"": ""橘子"", ""m"": 1.19288, ""q"": 0.0031, ""c"": 0.2062, ""capture"": 0.015, ""share"": 0.006, ""miss_deg"": 2.9, ""labels"": [262]}]"
2026_08_20/001,c2,v9,,vis,37.15,37.85,0.7,3.256,球L,259,0.572,0.0117,0.071,0.127,0.238,0.98,物品台,389.6407,0,0,,,,3,"[{""name"": ""球L"", ""m"": 4.5427, ""q"": 0.0117, ""c"": 0.1636, ""capture"": 0.071, ""share"": 0.572, ""miss_deg"": 2.3, ""labels"": [259]}, {""name"": ""苹果粉"", ""m"": 1.08031, ""q"": 0.0028, ""c"": 0.3009, ""capture"": 0.009, ""share"": 0.136, ""miss_deg"": 3.06, ""labels"": [64]}, {""name"": ""水瓶"", ""m"": 2.31541, ""q"": 0.0059, ""c"": 0.741, ""capture"": 0.008, ""share"": 0.292, ""miss_deg"": 3.11, ""labels"": [30]}]"
2026_08_20/001,c2,v9,,vis,37.9,39.47,1.57,3.261,球L,259,0.739,0.1029,0.629,0.072,0.13,0.861,物品台,389.6407,1,1,,,,7,"[{""name"": ""球L"", ""m"": 40.09096, ""q"": 0.1029, ""c"": 0.1636, ""capture"": 0.629, ""share"": 0.739, ""miss_deg"": 0.96, ""labels"": [259]}, {""name"": ""苹果粉"", ""m"": 5.23036, ""q"": 0.0134, ""c"": 0.3009, ""capture"": 0.045, ""share"": 0.096, ""miss_deg"": 2.49, ""labels"": [64]}, {""name"": ""苹果红"", ""m"": 3.30172, ""q"": 0.0085, ""c"": 0.2228, ""capture"": 0.038, ""share"": 0.061, ""miss_deg"": 2.56, ""labels"": [260]}, {""name"": ""水瓶"", ""m"": 5.53563, ""q"": 0.0142, ""c"": 0.741, ""capture"": 0.019, ""share"": 0.102, ""miss_deg"": 2.81, ""labels"": [30]}, {""name"": ""香蕉"", ""m"": 0.11337, ""q"": 0.0003, ""c"": 0.8656, ""capture"": 0.0, ""share"": 0.002, ""miss_deg"": 4.0, ""labels"": [264]}, {""name"": ""球M"", ""m"": 0.00776, ""q"": 0.0, ""c"": 0.1636, ""capture"": 0.0, ""share"": 0.0, ""miss_deg"": 4.25, ""labels"": [261]}, {""name"": ""橘子"", ""m"": 0.00444, ""q"": 0.0, ""c"": 0.2062, ""capture"": 0.0, ""share"": 0.0, ""miss_deg"": 4.43, ""labels"": [262]}]"
2026_08_20/001,c2,v9,,vis,39.53,39.8,0.27,3.295,球L,259,0.452,0.0842,0.515,0.555,0.496,0.814,物品台,389.6407,1,0,,,,7,"[{""name"": ""球L"", ""m"": 32.82536, ""q"": 0.0842, ""c"": 0.1636, ""capture"": 0.515, ""share"": 0.452, ""miss_deg"": 1.15, ""labels"": [259]}, {""name"": ""球M"", ""m"": 16.2458, ""q"": 0.0417, ""c"": 0.1459, ""capture"": 0.286, ""share"": 0.224, ""miss_deg"": 1.58, ""labels"": [261]}, {""name"": ""苹果红"", ""m"": 8.5993, ""q"": 0.0221, ""c"": 0.2228, ""capture"": 0.099, ""share"": 0.119, ""miss_deg"": 2.15, ""labels"": [260]}, {""name"": ""水瓶"", ""m"": 12.33228, ""q"": 0.0317, ""c"": 0.7272, ""capture"": 0.044, ""share"": 0.17, ""miss_deg"": 2.5, ""labels"": [30]}, {""name"": ""苹果粉"", ""m"": 0.87028, ""q"": 0.0022, ""c"": 0.3009, ""capture"": 0.007, ""share"": 0.012, ""miss_deg"": 3.13, ""labels"": [64, 250]}, {""name"": ""香蕉"", ""m"": 1.61229, ""q"": 0.0041, ""c"": 0.8521, ""capture"": 0.005, ""share"": 0.022, ""miss_deg"": 3.26, ""labels"": [264]}, {""name"": ""橘子"", ""m"": 0.08034, ""q"": 0.0002, ""c"": 0.2062, ""capture"": 0.001, ""share"": 0.001, ""miss_deg"": 3.72, ""labels"": [262]}]"
2026_08_20/001,c2,v9,,vis,39.96,40.34,0.38,3.256,球L,259,0.798,0.0369,0.225,0.071,0.071,0.954,物品台,389.6407,1,1,,,,5,"[{""name"": ""球L"", ""m"": 14.36421, ""q"": 0.0369, ""c"": 0.1636, ""capture"": 0.225, ""share"": 0.798, ""miss_deg"": 1.73, ""labels"": [259]}, {""name"": ""球M"", ""m"": 1.03413, ""q"": 0.0027, ""c"": 0.1636, ""capture"": 0.016, ""share"": 0.057, ""miss_deg"": 2.87, ""labels"": [261]}, {""name"": ""水瓶"", ""m"": 1.88901, ""q"": 0.0048, ""c"": 0.741, ""capture"": 0.007, ""share"": 0.105, ""miss_deg"": 3.17, ""labels"": [30]}, {""name"": ""苹果红"", ""m"": 0.47913, ""q"": 0.0012, ""c"": 0.2228, ""capture"": 0.006, ""share"": 0.027, ""miss_deg"": 3.22, ""labels"": [260]}, {""name"": ""苹果粉"", ""m"": 0.24314, ""q"": 0.0006, ""c"": 0.3009, ""capture"": 0.002, ""share"": 0.014, ""miss_deg"": 3.52, ""labels"": [64]}]"
2026_08_20/001,c2,v9,,vis,40.61,41.69,1.08,3.244,球L,259,0.847,0.0391,0.239,0.029,0.128,0.954,物品台,389.6407,1,1,,,,5,"[{""name"": ""球L"", ""m"": 15.22116, ""q"": 0.0391, ""c"": 0.1636, ""capture"": 0.239, ""share"": 0.847, ""miss_deg"": 1.69, ""labels"": [259]}, {""name"": ""水瓶"", ""m"": 1.93734, ""q"": 0.005, ""c"": 0.741, ""capture"": 0.007, ""share"": 0.108, ""miss_deg"": 3.16, ""labels"": [30]}, {""name"": ""苹果粉"", ""m"": 0.52339, ""q"": 0.0013, ""c"": 0.3009, ""capture"": 0.004, ""share"": 0.029, ""miss_deg"": 3.29, ""labels"": [64]}, {""name"": ""苹果红"", ""m"": 0.25832, ""q"": 0.0007, ""c"": 0.2228, ""capture"": 0.003, ""share"": 0.014, ""miss_deg"": 3.41, ""labels"": [260]}, {""name"": ""球M"", ""m"": 0.02489, ""q"": 0.0001, ""c"": 0.1636, ""capture"": 0.0, ""share"": 0.001, ""miss_deg"": 3.96, ""labels"": [261]}]"
2026_08_20/001,c2,v9,,vis,42.02,42.94,0.92,3.266,球L,259,0.704,0.1187,0.725,0.095,0.129,0.831,物品台,389.6407,1,1,,,,7,"[{""name"": ""球L"", ""m"": 46.23089, ""q"": 0.1187, ""c"": 0.1636, ""capture"": 0.725, ""share"": 0.704, ""miss_deg"": 0.8, ""labels"": [259]}, {""name"": ""苹果红"", ""m"": 5.95097, ""q"": 0.0153, ""c"": 0.2228, ""capture"": 0.069, ""share"": 0.091, ""miss_deg"": 2.32, ""labels"": [260]}, {""name"": ""苹果粉"", ""m"": 4.77335, ""q"": 0.0123, ""c"": 0.3009, ""capture"": 0.041, ""share"": 0.073, ""miss_deg"": 2.53, ""labels"": [64]}, {""name"": ""水瓶"", ""m"": 6.78108, ""q"": 0.0174, ""c"": 0.741, ""capture"": 0.023, ""share"": 0.103, ""miss_deg"": 2.74, ""labels"": [30]}, {""name"": ""球M"", ""m"": 1.49288, ""q"": 0.0038, ""c"": 0.1636, ""capture"": 0.023, ""share"": 0.023, ""miss_deg"": 2.74, ""labels"": [261]}, {""name"": ""香蕉"", ""m"": 0.41042, ""q"": 0.0011, ""c"": 0.8656, ""capture"": 0.001, ""share"": 0.006, ""miss_deg"": 3.66, ""labels"": [264]}, {""name"": ""橘子"", ""m"": 0.02019, ""q"": 0.0001, ""c"": 0.2062, ""capture"": 0.0, ""share"": 0.0, ""miss_deg"": 4.07, ""labels"": [262]}]"
2026_08_20/001,c2,v9,,vis,43.18,45.19,2.01,3.223,苹果粉,64,0.865,0.2859,0.95,0.117,0.064,0.67,物品台,389.6407,1,1,5,苹果粉,1,6,"[{""name"": ""苹果粉"", ""m"": 111.38245, ""q"": 0.2859, ""c"": 0.3009, ""capture"": 0.95, ""share"": 0.865, ""miss_deg"": 0.32, ""labels"": [64, 250]}, {""name"": ""球L"", ""m"": 7.08907, ""q"": 0.0182, ""c"": 0.1636, ""capture"": 0.111, ""share"": 0.055, ""miss_deg"": 2.1, ""labels"": [259]}, {""name"": ""水瓶"", ""m"": 9.39376, ""q"": 0.0241, ""c"": 0.7477, ""capture"": 0.032, ""share"": 0.073, ""miss_deg"": 2.62, ""labels"": [30]}, {""name"": ""橘子"", ""m"": 0.2776, ""q"": 0.0007, ""c"": 0.2062, ""capture"": 0.003, ""share"": 0.002, ""miss_deg"": 3.37, ""labels"": [262]}, {""name"": ""苹果红"", ""m"": 0.20815, ""q"": 0.0005, ""c"": 0.2228, ""capture"": 0.002, ""share"": 0.002, ""miss_deg"": 3.47, ""labels"": [260]}, {""name"": ""香蕉"", ""m"": 0.36062, ""q"": 0.0009, ""c"": 0.87, ""capture"": 0.001, ""share"": 0.003, ""miss_deg"": 3.7, ""labels"": [264]}]"
2026_08_20/001,c2,v9,,vis,45.4,46.6,1.2,3.234,苹果粉,64,0.644,0.1963,0.652,0.633,0.345,0.695,物品台,389.6407,1,1,5,苹果粉,1,6,"[{""name"": ""苹果粉"", ""m"": 76.46795, ""q"": 0.1963, ""c"": 0.3009, ""capture"": 0.652, ""share"": 0.644, ""miss_deg"": 0.92, ""labels"": [64, 250]}, {""name"": ""球L"", ""m"": 26.30466, ""q"": 0.0675, ""c"": 0.1636, ""capture"": 0.413, ""share"": 0.222, ""miss_deg"": 1.33, ""labels"": [259]}, {""name"": ""水瓶"", ""m"": 12.63361, ""q"": 0.0324, ""c"": 0.7477, ""capture"": 0.043, ""share"": 0.106, ""miss_deg"": 2.51, ""labels"": [30]}, {""name"": ""苹果红"", ""m"": 2.52803, ""q"": 0.0065, ""c"": 0.2228, ""capture"": 0.029, ""share"": 0.021, ""miss_deg"": 2.66, ""labels"": [260]}, {""name"": ""橘子"", ""m"": 0.32123, ""q"": 0.0008, ""c"": 0.2062, ""capture"": 0.004, ""share"": 0.003, ""miss_deg"": 3.32, ""labels"": [262]}, {""name"": ""香蕉"", ""m"": 0.43493, ""q"": 0.0011, ""c"": 0.87, ""capture"": 0.001, ""share"": 0.004, ""miss_deg"": 3.65, ""labels"": [264]}]"
2026_08_20/001,c2,v9,,vis,46.84,49.22,2.38,3.207,苹果粉,64,0.768,0.2115,0.703,0.293,0.16,0.725,物品台,389.6407,1,1,5,苹果粉,1,6,"[{""name"": ""苹果粉"", ""m"": 82.39712, ""q"": 0.2115, ""c"": 0.3009, ""capture"": 0.703, ""share"": 0.768, ""miss_deg"": 0.84, ""labels"": [64, 250]}, {""name"": ""球L"", ""m"": 13.15517, ""q"": 0.0338, ""c"": 0.1636, ""capture"": 0.206, ""share"": 0.123, ""miss_deg"": 1.78, ""labels"": [259]}, {""name"": ""水瓶"", ""m"": 10.42507, ""q"": 0.0268, ""c"": 0.7477, ""capture"": 0.036, ""share"": 0.097, ""miss_deg"": 2.58, ""labels"": [30]}, {""name"": ""苹果红"", ""m"": 0.81323, ""q"": 0.0021, ""c"": 0.2228, ""capture"": 0.009, ""share"": 0.008, ""miss_deg"": 3.06, ""labels"": [260]}, {""name"": ""橘子"", ""m"": 0.29016, ""q"": 0.0007, ""c"": 0.2062, ""capture"": 0.004, ""share"": 0.003, ""miss_deg"": 3.35, ""labels"": [262]}, {""name"": ""香蕉"", ""m"": 0.22825, ""q"": 0.0006, ""c"": 0.87, ""capture"": 0.001, ""share"": 0.002, ""miss_deg"": 3.82, ""labels"": [264]}]"
2026_08_20/001,c2,v9,,vis,49.44,49.82,0.38,3.209,苹果粉,64,0.682,0.2452,0.815,0.509,0.277,0.641,物品台,389.6407,1,1,5,苹果粉,1,6,"[{""name"": ""苹果粉"", ""m"": 95.53517, ""q"": 0.2452, ""c"": 0.3009, ""capture"": 0.815, ""share"": 0.682, ""miss_deg"": 0.64, ""labels"": [64, 250]}, {""name"": ""球L"", ""m"": 26.43159, ""q"": 0.0678, ""c"": 0.1636, ""capture"": 0.415, ""share"": 0.189, ""miss_deg"": 1.33, ""labels"": [259]}, {""name"": ""水瓶"", ""m"": 13.9883, ""q"": 0.0359, ""c"": 0.7477, ""capture"": 0.048, ""share"": 0.1, ""miss_deg"": 2.46, ""labels"": [30]}, {""name"": ""苹果红"", ""m"": 3.04652, ""q"": 0.0078, ""c"": 0.2228, ""capture"": 0.035, ""share"": 0.022, ""miss_deg"": 2.59, ""labels"": [260]}, {""name"": ""橘子"", ""m"": 0.55883, ""q"": 0.0014, ""c"": 0.2062, ""capture"": 0.007, ""share"": 0.004, ""miss_deg"": 3.15, ""labels"": [262]}, {""name"": ""香蕉"", ""m"": 0.50068, ""q"": 0.0013, ""c"": 0.87, ""capture"": 0.001, ""share"": 0.004, ""miss_deg"": 3.61, ""labels"": [264]}]"
2026_08_20/001,c2,v9,,vis,50.09,52.1,2.0,3.28,球R,263,0.367,0.1739,1.063,0.477,0.921,0.526,物品台,389.6407,0,0,,,,7,"[{""name"": ""球R"", ""m"": 67.77669, ""q"": 0.1739, ""c"": 0.1636, ""capture"": 1.063, ""share"": 0.367, ""miss_deg"": 0.0, ""labels"": [263]}, {""name"": ""白杯1"", ""m"": 62.40377, ""q"": 0.1602, ""c"": 0.3157, ""capture"": 0.507, ""share"": 0.338, ""miss_deg"": 1.16, ""labels"": [266]}, {""name"": ""红杯"", ""m"": 16.24673, ""q"": 0.0417, ""c"": 0.4899, ""capture"": 0.085, ""share"": 0.088, ""miss_deg"": 2.22, ""labels"": [49]}, {""name"": ""水瓶"", ""m"": 15.69639, ""q"": 0.0403, ""c"": 0.741, ""capture"": 0.054, ""share"": 0.085, ""miss_deg"": 2.41, ""labels"": [30]}, {""name"": ""球M"", ""m"": 3.182, ""q"": 0.0082, ""c"": 0.1636, ""capture"": 0.05, ""share"": 0.017, ""miss_deg"": 2.45, ""labels"": [261]}, {""name"": ""香蕉"", ""m"": 15.21423, ""q"": 0.039, ""c"": 0.8612, ""capture"": 0.045, ""share"": 0.082, ""miss_deg"": 2.49, ""labels"": [264]}, {""name"": ""白杯2"", ""m"": 4.1426, ""q"": 0.0106, ""c"": 0.2704, ""capture"": 0.039, ""share"": 0.022, ""miss_deg"": 2.54, ""labels"": [267]}]"
2026_08_20/001,c2,v9,,vis,52.15,52.86,0.7,3.269,球R,263,0.348,0.1763,1.078,0.6,1.049,0.494,物品台,389.6407,0,0,,,,5,"[{""name"": ""球R"", ""m"": 68.6987, ""q"": 0.1763, ""c"": 0.1636, ""capture"": 1.078, ""share"": 0.348, ""miss_deg"": 0.0, ""labels"": [263]}, {""name"": ""白杯2"", ""m"": 72.00527, ""q"": 0.1848, ""c"": 0.2857, ""capture"": 0.647, ""share"": 0.365, ""miss_deg"": 0.93, ""labels"": [267]}, {""name"": ""红杯"", ""m"": 30.97082, ""q"": 0.0795, ""c"": 0.4899, ""capture"": 0.162, ""share"": 0.157, ""miss_deg"": 1.91, ""labels"": [49]}, {""name"": ""白杯1"", ""m"": 12.82039, ""q"": 0.0329, ""c"": 0.3157, ""capture"": 0.104, ""share"": 0.065, ""miss_deg"": 2.13, ""labels"": [266]}, {""name"": ""水瓶"", ""m"": 12.80512, ""q"": 0.0329, ""c"": 0.741, ""capture"": 0.044, ""share"": 0.065, ""miss_deg"": 2.5, ""labels"": [30]}]"
2026_08_20/001,c2,v9,,vis,53.89,54.16,0.27,3.269,白杯2,267,0.799,0.1513,0.53,0.117,0.068,0.811,物品台,389.6407,1,1,,,,4,"[{""name"": ""白杯2"", ""m"": 58.94922, ""q"": 0.1513, ""c"": 0.2857, ""capture"": 0.53, ""share"": 0.799, ""miss_deg"": 1.13, ""labels"": [267]}, {""name"": ""球R"", ""m"": 3.96202, ""q"": 0.0102, ""c"": 0.1636, ""capture"": 0.062, ""share"": 0.054, ""miss_deg"": 2.36, ""labels"": [263]}, {""name"": ""红杯"", ""m"": 5.0251, ""q"": 0.0129, ""c"": 0.4899, ""capture"": 0.026, ""share"": 0.068, ""miss_deg"": 2.7, ""labels"": [49]}, {""name"": ""水瓶"", ""m"": 5.85556, ""q"": 0.015, ""c"": 0.741, ""capture"": 0.02, ""share"": 0.079, ""miss_deg"": 2.79, ""labels"": [30]}]"
2026_08_20/001,c2,v9,,vis,54.75,55.02,0.27,3.268,球M,261,0.591,0.1381,0.844,0.066,0.303,0.766,物品台,389.6407,1,1,,,,7,"[{""name"": ""球M"", ""m"": 53.82242, ""q"": 0.1381, ""c"": 0.1636, ""capture"": 0.844, ""share"": 0.591, ""miss_deg"": 0.58, ""labels"": [261]}, {""name"": ""水瓶"", ""m"": 16.27588, ""q"": 0.0418, ""c"": 0.741, ""capture"": 0.056, ""share"": 0.179, ""miss_deg"": 2.4, ""labels"": [30]}, {""name"": ""白杯1"", ""m"": 5.62889, ""q"": 0.0144, ""c"": 0.3157, ""capture"": 0.046, ""share"": 0.062, ""miss_deg"": 2.48, ""labels"": [266]}, {""name"": ""香蕉"", ""m"": 15.08713, ""q"": 0.0387, ""c"": 0.8656, ""capture"": 0.045, ""share"": 0.166, ""miss_deg"": 2.49, ""labels"": [264]}, {""name"": ""球R"", ""m"": 0.21307, ""q"": 0.0005, ""c"": 0.1636, ""capture"": 0.003, ""share"": 0.002, ""miss_deg"": 3.38, ""labels"": [263]}, {""name"": ""苹果红"", ""m"": 0.03775, ""q"": 0.0001, ""c"": 0.2228, ""capture"": 0.0, ""share"": 0.0, ""miss_deg"": 3.93, ""labels"": [260]}, {""name"": ""红杯"", ""m"": 0.0161, ""q"": 0.0, ""c"": 0.4899, ""capture"": 0.0, ""share"": 0.0, ""miss_deg"": 4.33, ""labels"": [49]}]"
2026_08_20/001,c2,v9,,vis,55.13,55.99,0.87,3.28,球R,263,0.261,0.125,0.764,0.703,1.36,0.522,物品台,389.6407,0,0,,,,7,"[{""name"": ""球R"", ""m"": 48.71306, ""q"": 0.125, ""c"": 0.1636, ""capture"": 0.764, ""share"": 0.261, ""miss_deg"": 0.73, ""labels"": [263]}, {""name"": ""白杯1"", ""m"": 66.04607, ""q"": 0.1695, ""c"": 0.3157, ""capture"": 0.537, ""share"": 0.355, ""miss_deg"": 1.12, ""labels"": [266]}, {""name"": ""球M"", ""m"": 12.04204, ""q"": 0.0309, ""c"": 0.1636, ""capture"": 0.189, ""share"": 0.065, ""miss_deg"": 1.83, ""labels"": [261]}, {""name"": ""香蕉"", ""m"": 27.47118, ""q"": 0.0705, ""c"": 0.8612, ""capture"": 0.082, ""share"": 0.147, ""miss_deg"": 2.24, ""labels"": [264]}, {""name"": ""水瓶"", ""m"": 20.32422, ""q"": 0.0522, ""c"": 0.741, ""capture"": 0.07, ""share"": 0.109, ""miss_deg"": 2.3, ""labels"": [30]}, {""name"": ""红杯"", ""m"": 11.70399, ""q"": 0.03, ""c"": 0.4899, ""capture"": 0.061, ""share"": 0.063, ""miss_deg"": 2.36, ""labels"": [49]}, {""name"": ""白杯2"", ""m"": 0.00352, ""q"": 0.0, ""c"": 0.2704, ""capture"": 0.0, ""share"": 0.0, ""miss_deg"": 4.54, ""labels"": [267]}]"
2026_08_20/001,c2,v9,,vis,56.05,56.64,0.6,3.282,球M,261,0.3,0.0893,0.546,0.399,0.4,0.702,物品台,389.6407,0,0,,,,6,"[{""name"": ""球M"", ""m"": 34.80963, ""q"": 0.0893, ""c"": 0.1636, ""capture"": 0.546, ""share"": 0.3, ""miss_deg"": 1.1, ""labels"": [261]}, {""name"": ""球R"", ""m"": 13.91144, ""q"": 0.0357, ""c"": 0.1636, ""capture"": 0.218, ""share"": 0.12, ""miss_deg"": 1.74, ""labels"": [263]}, {""name"": ""白杯1"", ""m"": 24.92763, ""q"": 0.064, ""c"": 0.3157, ""capture"": 0.203, ""share"": 0.215, ""miss_deg"": 1.79, ""labels"": [266]}, {""name"": ""水瓶"", ""m"": 19.6911, ""q"": 0.0505, ""c"": 0.7341, ""capture"": 0.069, ""share"": 0.169, ""miss_deg"": 2.31, ""labels"": [30]}, {""name"": ""香蕉"", ""m"": 22.34788, ""q"": 0.0574, ""c"": 0.8612, ""capture"": 0.067, ""share"": 0.192, ""miss_deg"": 2.33, ""labels"": [264]}, {""name"": ""红杯"", ""m"": 0.48914, ""q"": 0.0013, ""c"": 0.4843, ""capture"": 0.003, ""share"": 0.004, ""miss_deg"": 3.45, ""labels"": [49]}]"
2026_08_20/001,c2,v9,,vis,58.49,59.14,0.65,3.261,球M,261,0.628,0.1493,0.912,0.071,0.325,0.762,物品台,389.6407,1,1,7,球M,1,8,"[{""name"": ""球M"", ""m"": 58.16875, ""q"": 0.1493, ""c"": 0.1636, ""capture"": 0.912, ""share"": 0.628, ""miss_deg"": 0.43, ""labels"": [261]}, {""name"": ""水瓶"", ""m"": 18.89231, ""q"": 0.0485, ""c"": 0.741, ""capture"": 0.065, ""share"": 0.204, ""miss_deg"": 2.34, ""labels"": [30]}, {""name"": ""香蕉"", ""m"": 12.38606, ""q"": 0.0318, ""c"": 0.8656, ""capture"": 0.037, ""share"": 0.134, ""miss_deg"": 2.57, ""labels"": [264]}, {""name"": ""苹果红"", ""m"": 1.27587, ""q"": 0.0033, ""c"": 0.2228, ""capture"": 0.015, ""share"": 0.014, ""miss_deg"": 2.91, ""labels"": [260]}, {""name"": ""白杯1"", ""m"": 1.76484, ""q"": 0.0045, ""c"": 0.3157, ""capture"": 0.014, ""share"": 0.019, ""miss_deg"": 2.91, ""labels"": [266]}, {""name"": ""球L"", ""m"": 0.08533, ""q"": 0.0002, ""c"": 0.1636, ""capture"": 0.001, ""share"": 0.001, ""miss_deg"": 3.64, ""labels"": [259]}, {""name"": ""橘子"", ""m"": 0.00642, ""q"": 0.0, ""c"": 0.2062, ""capture"": 0.0, ""share"": 0.0, ""miss_deg"": 4.34, ""labels"": [262]}, {""name"": ""红杯"", ""m"": 0.01143, ""q"": 0.0, ""c"": 0.5012, ""capture"": 0.0, ""share"": 0.0, ""miss_deg"": 4.41, ""labels"": [49]}]"
2026_08_20/001,c2,v9,,vis,59.51,59.95,0.43,3.274,球M,261,0.447,0.1579,0.965,0.121,0.235,0.647,物品台,389.6407,1,0,7,球M,1,6,"[{""name"": ""球M"", ""m"": 61.51975, ""q"": 0.1579, ""c"": 0.1636, ""capture"": 0.965, ""share"": 0.447, ""miss_deg"": 0.27, ""labels"": [261]}, {""name"": ""白杯1"", ""m"": 14.43231, ""q"": 0.037, ""c"": 0.3157, ""capture"": 0.117, ""share"": 0.105, ""miss_deg"": 2.07, ""labels"": [266]}, {""name"": ""水瓶"", ""m"": 33.58798, ""q"": 0.0862, ""c"": 0.741, ""capture"": 0.116, ""share"": 0.244, ""miss_deg"": 2.07, ""labels"": [30]}, {""name"": ""香蕉"", ""m"": 25.96572, ""q"": 0.0666, ""c"": 0.8612, ""capture"": 0.077, ""share"": 0.189, ""miss_deg"": 2.26, ""labels"": [264]}, {""name"": ""球R"", ""m"": 1.93467, ""q"": 0.005, ""c"": 0.1636, ""capture"": 0.03, ""share"": 0.014, ""miss_deg"": 2.64, ""labels"": [263]}, {""name"": ""红杯"", ""m"": 0.05519, ""q"": 0.0001, ""c"": 0.4899, ""capture"": 0.0, ""share"": 0.0, ""miss_deg"": 4.04, ""labels"": [49]}]"
2026_08_20/001,c2,v9,,vis,60.19,60.56,0.38,3.268,球M,261,0.665,0.0728,0.445,0.16,0.158,0.891,物品台,389.6407,1,1,7,球M,1,6,"[{""name"": ""球M"", ""m"": 28.36553, ""q"": 0.0728, ""c"": 0.1636, ""capture"": 0.445, ""share"": 0.665, ""miss_deg"": 1.27, ""labels"": [261]}, {""name"": ""球L"", ""m"": 4.49534, ""q"": 0.0115, ""c"": 0.1636, ""capture"": 0.071, ""share"": 0.105, ""miss_deg"": 2.3, ""labels"": [259]}, {""name"": ""水瓶"", ""m"": 7.48062, ""q"": 0.0192, ""c"": 0.741, ""capture"": 0.026, ""share"": 0.175, ""miss_deg"": 2.7, ""labels"": [30]}, {""name"": ""苹果红"", ""m"": 1.34077, ""q"": 0.0034, ""c"": 0.2228, ""capture"": 0.015, ""share"": 0.031, ""miss_deg"": 2.89, ""labels"": [260]}, {""name"": ""香蕉"", ""m"": 0.94364, ""q"": 0.0024, ""c"": 0.8656, ""capture"": 0.003, ""share"": 0.022, ""miss_deg"": 3.43, ""labels"": [264]}, {""name"": ""橘子"", ""m"": 0.00192, ""q"": 0.0, ""c"": 0.2062, ""capture"": 0.0, ""share"": 0.0, ""miss_deg"": 4.61, ""labels"": [262]}]"
2026_08_20/001,c2,v9,,vis,60.62,61.05,0.43,3.289,球M,261,0.297,0.1307,0.799,0.342,0.66,0.56,物品台,389.6407,0,0,7,球M,1,6,"[{""name"": ""球M"", ""m"": 50.91299, ""q"": 0.1307, ""c"": 0.1636, ""capture"": 0.799, ""share"": 0.297, ""miss_deg"": 0.67, ""labels"": [261]}, {""name"": ""白杯1"", ""m"": 33.62423, ""q"": 0.0863, ""c"": 0.3157, ""capture"": 0.273, ""share"": 0.196, ""miss_deg"": 1.61, ""labels"": [266]}, {""name"": ""球R"", ""m"": 9.5973, ""q"": 0.0246, ""c"": 0.1636, ""capture"": 0.151, ""share"": 0.056, ""miss_deg"": 1.95, ""labels"": [263]}, {""name"": ""水瓶"", ""m"": 41.22614, ""q"": 0.1058, ""c"": 0.7341, ""capture"": 0.144, ""share"": 0.24, ""miss_deg"": 1.97, ""labels"": [30]}, {""name"": ""香蕉"", ""m"": 35.77776, ""q"": 0.0918, ""c"": 0.8612, ""capture"": 0.107, ""share"": 0.208, ""miss_deg"": 2.12, ""labels"": [264]}, {""name"": ""红杯"", ""m"": 0.47655, ""q"": 0.0012, ""c"": 0.4843, ""capture"": 0.003, ""share"": 0.003, ""miss_deg"": 3.46, ""labels"": [49]}]"
2026_08_20/001,c2,v9,,vis,61.11,61.92,0.81,3.282,球M,261,0.565,0.1637,1.001,0.101,0.453,0.71,物品台,389.6407,1,1,7,球M,1,8,"[{""name"": ""球M"", ""m"": 63.79991, ""q"": 0.1637, ""c"": 0.1636, ""capture"": 1.001, ""share"": 0.565, ""miss_deg"": 0.0, ""labels"": [261]}, {""name"": ""水瓶"", ""m"": 28.91674, ""q"": 0.0742, ""c"": 0.7341, ""capture"": 0.101, ""share"": 0.256, ""miss_deg"": 2.14, ""labels"": [30]}, {""name"": ""苹果红"", ""m"": 5.37423, ""q"": 0.0138, ""c"": 0.2228, ""capture"": 0.062, ""share"": 0.048, ""miss_deg"": 2.36, ""labels"": [260]}, {""name"": ""球L"", ""m"": 3.37109, ""q"": 0.0087, ""c"": 0.1636, ""capture"": 0.053, ""share"": 0.03, ""miss_deg"": 2.42, ""labels"": [259]}, {""name"": ""香蕉"", ""m"": 11.47683, ""q"": 0.0295, ""c"": 0.8612, ""capture"": 0.034, ""share"": 0.102, ""miss_deg"": 2.6, ""labels"": [264]}, {""name"": ""白杯1"", ""m"": 0.02848, ""q"": 0.0001, ""c"": 0.3157, ""capture"": 0.0, ""share"": 0.0, ""miss_deg"": 4.09, ""labels"": [266]}, {""name"": ""橘子"", ""m"": 0.00695, ""q"": 0.0, ""c"": 0.2062, ""capture"": 0.0, ""share"": 0.0, ""miss_deg"": 4.33, ""labels"": [262]}, {""name"": ""红杯"", ""m"": 0.00818, ""q"": 0.0, ""c"": 0.4843, ""capture"": 0.0, ""share"": 0.0, ""miss_deg"": 4.48, ""labels"": [49]}]"
2026_08_20/001,c2,v9,,vis,61.97,62.24,0.27,3.286,球R,263,0.265,0.1021,0.624,0.631,1.219,0.615,物品台,389.6407,0,0,,,,6,"[{""name"": ""球R"", ""m"": 39.77165, ""q"": 0.1021, ""c"": 0.1636, ""capture"": 0.624, ""share"": 0.265, ""miss_deg"": 0.97, ""labels"": [263]}, {""name"": ""白杯1"", ""m"": 48.41086, ""q"": 0.1242, ""c"": 0.3157, ""capture"": 0.394, ""share"": 0.323, ""miss_deg"": 1.37, ""labels"": [266]}, {""name"": ""球M"", ""m"": 14.74192, ""q"": 0.0378, ""c"": 0.1636, ""capture"": 0.231, ""share"": 0.098, ""miss_deg"": 1.71, ""labels"": [261]}, {""name"": ""香蕉"", ""m"": 23.08472, ""q"": 0.0592, ""c"": 0.8612, ""capture"": 0.069, ""share"": 0.154, ""miss_deg"": 2.31, ""labels"": [264]}, {""name"": ""水瓶"", ""m"": 18.62545, ""q"": 0.0478, ""c"": 0.7341, ""capture"": 0.065, ""share"": 0.124, ""miss_deg"": 2.34, ""labels"": [30]}, {""name"": ""红杯"", ""m"": 5.45729, ""q"": 0.014, ""c"": 0.4843, ""capture"": 0.029, ""share"": 0.036, ""miss_deg"": 2.66, ""labels"": [49]}]"
2026_08_20/001,c2,v9,,vis,62.3,62.68,0.38,3.274,球M,261,0.647,0.1423,0.87,0.07,0.317,0.78,物品台,389.6407,1,1,,,,8,"[{""name"": ""球M"", ""m"": 55.46048, ""q"": 0.1423, ""c"": 0.1636, ""capture"": 0.87, ""share"": 0.647, ""miss_deg"": 0.53, ""labels"": [261]}, {""name"": ""水瓶"", ""m"": 17.57538, ""q"": 0.0451, ""c"": 0.741, ""capture"": 0.061, ""share"": 0.205, ""miss_deg"": 2.37, ""labels"": [30]}, {""name"": ""香蕉"", ""m"": 9.47931, ""q"": 0.0243, ""c"": 0.8612, ""capture"": 0.028, ""share"": 0.111, ""miss_deg"": 2.67, ""labels"": [264]}, {""name"": ""苹果红"", ""m"": 1.95237, ""q"": 0.005, ""c"": 0.2228, ""capture"": 0.022, ""share"": 0.023, ""miss_deg"": 2.75, ""labels"": [260]}, {""name"": ""白杯1"", ""m"": 0.83535, ""q"": 0.0021, ""c"": 0.3157, ""capture"": 0.007, ""share"": 0.01, ""miss_deg"": 3.16, ""labels"": [266]}, {""name"": ""球L"", ""m"": 0.40143, ""q"": 0.001, ""c"": 0.1636, ""capture"": 0.006, ""share"": 0.005, ""miss_deg"": 3.18, ""labels"": [259]}, {""name"": ""橘子"", ""m"": 0.00379, ""q"": 0.0, ""c"": 0.2062, ""capture"": 0.0, ""share"": 0.0, ""miss_deg"": 4.46, ""labels"": [262]}, {""name"": ""红杯"", ""m"": 0.0036, ""q"": 0.0, ""c"": 0.4899, ""capture"": 0.0, ""share"": 0.0, ""miss_deg"": 4.66, ""labels"": [49]}]"
2026_08_20/001,c2,v9,,vis,64.79,65.22,0.43,4.238,,-1,0.0,0.0,,,,1.0,object#60,389.6407,0,0,,,,0,[]
2026_08_20/001,c2,v9,,vis,65.76,66.09,0.32,4.126,,-1,0.0,0.0,,,,1.0,object#17,389.6407,0,0,,,,0,[]
2026_08_20/001,c2,v9,,vis,66.2,66.53,0.32,3.232,苹果红,260,0.201,0.1311,0.588,0.796,0.587,0.349,object#12,389.6407,0,0,,,,6,"[{""name"": ""苹果红"", ""m"": 51.07849, ""q"": 0.1311, ""c"": 0.2228, ""capture"": 0.588, ""share"": 0.201, ""miss_deg"": 1.03, ""labels"": [260]}, {""name"": ""球M"", ""m"": 29.86534, ""q"": 0.0766, ""c"": 0.1636, ""capture"": 0.468, ""share"": 0.118, ""miss_deg"": 1.23, ""labels"": [261]}, {""name"": ""水瓶"", ""m"": 113.93192, ""q"": 0.2924, ""c"": 0.7477, ""capture"": 0.391, ""share"": 0.449, ""miss_deg"": 1.37, ""labels"": [30]}, {""name"": ""球L"", ""m"": 24.55786, ""q"": 0.063, ""c"": 0.1636, ""capture"": 0.385, ""share"": 0.097, ""miss_deg"": 1.38, ""labels"": [259]}, {""name"": ""香蕉"", ""m"": 31.7924, ""q"": 0.0816, ""c"": 0.87, ""capture"": 0.094, ""share"": 0.125, ""miss_deg"": 2.18, ""labels"": [264]}, {""name"": ""橘子"", ""m"": 2.28042, ""q"": 0.0059, ""c"": 0.2062, ""capture"": 0.028, ""share"": 0.009, ""miss_deg"": 2.67, ""labels"": [262]}]"
2026_08_20/001,c2,v9,,vis,66.76,67.24,0.49,4.174,,-1,0.0,0.0,,,,1.0,object#17,389.6407,0,0,,,,0,[]
2026_08_20/001,c2,v9,,vis,67.66,68.41,0.76,3.289,球L,259,0.487,0.1545,0.944,0.301,0.411,0.683,物品台,389.6407,1,0,,,,7,"[{""name"": ""球L"", ""m"": 60.20073, ""q"": 0.1545, ""c"": 0.1636, ""capture"": 0.944, ""share"": 0.487, ""miss_deg"": 0.34, ""labels"": [259]}, {""name"": ""苹果红"", ""m"": 24.69119, ""q"": 0.0634, ""c"": 0.2228, ""capture"": 0.284, ""share"": 0.2, ""miss_deg"": 1.59, ""labels"": [260]}, {""name"": ""球M"", ""m"": 10.1755, ""q"": 0.0261, ""c"": 0.1636, ""capture"": 0.16, ""share"": 0.082, ""miss_deg"": 1.92, ""labels"": [261]}, {""name"": ""苹果粉"", ""m"": 7.21682, ""q"": 0.0185, ""c"": 0.3009, ""capture"": 0.062, ""share"": 0.058, ""miss_deg"": 2.36, ""labels"": [64, 250]}, {""name"": ""水瓶"", ""m"": 15.89862, ""q"": 0.0408, ""c"": 0.7341, ""capture"": 0.056, ""share"": 0.129, ""miss_deg"": 2.4, ""labels"": [30]}, {""name"": ""香蕉"", ""m"": 4.96337, ""q"": 0.0127, ""c"": 0.8612, ""capture"": 0.015, ""share"": 0.04, ""miss_deg"": 2.9, ""labels"": [264]}, {""name"": ""橘子"", ""m"": 0.39642, ""q"": 0.001, ""c"": 0.2062, ""capture"": 0.005, ""share"": 0.003, ""miss_deg"": 3.26, ""labels"": [262]}]"
2026_08_20/001,c2,v9,,vis,68.79,69.06,0.27,3.304,球L,259,0.414,0.14,0.855,0.371,0.505,0.662,物品台,389.6407,1,0,,,,7,"[{""name"": ""球L"", ""m"": 54.5336, ""q"": 0.14, ""c"": 0.1636, ""capture"": 0.855, ""share"": 0.414, ""miss_deg"": 0.56, ""labels"": [259]}, {""name"": ""苹果红"", ""m"": 27.55805, ""q"": 0.0707, ""c"": 0.2228, ""capture"": 0.317, ""share"": 0.209, ""miss_deg"": 1.51, ""labels"": [260]}, {""name"": ""球M"", ""m"": 17.08427, ""q"": 0.0438, ""c"": 0.1459, ""capture"": 0.301, ""share"": 0.13, ""miss_deg"": 1.55, ""labels"": [261]}, {""name"": ""水瓶"", ""m"": 20.95036, ""q"": 0.0538, ""c"": 0.7272, ""capture"": 0.074, ""share"": 0.159, ""miss_deg"": 2.28, ""labels"": [30]}, {""name"": ""苹果粉"", ""m"": 5.7266, ""q"": 0.0147, ""c"": 0.3009, ""capture"": 0.049, ""share"": 0.044, ""miss_deg"": 2.46, ""labels"": [64, 250]}, {""name"": ""香蕉"", ""m"": 5.53774, ""q"": 0.0142, ""c"": 0.8521, ""capture"": 0.017, ""share"": 0.042, ""miss_deg"": 2.86, ""labels"": [264]}, {""name"": ""橘子"", ""m"": 0.25392, ""q"": 0.0007, ""c"": 0.2062, ""capture"": 0.003, ""share"": 0.002, ""miss_deg"": 3.39, ""labels"": [262]}]"
2026_08_20/001,c2,v9,,vis,70.32,70.7,0.38,3.304,球M,261,0.725,0.0555,0.381,0.105,0.119,0.923,物品台,389.6407,1,1,,,,6,"[{""name"": ""球M"", ""m"": 21.63096, ""q"": 0.0555, ""c"": 0.1459, ""capture"": 0.381, ""share"": 0.725, ""miss_deg"": 1.39, ""labels"": [261]}, {""name"": ""球L"", ""m"": 2.55791, ""q"": 0.0066, ""c"": 0.1636, ""capture"": 0.04, ""share"": 0.086, ""miss_deg"": 2.54, ""labels"": [259]}, {""name"": ""水瓶"", ""m"": 4.52446, ""q"": 0.0116, ""c"": 0.7272, ""capture"": 0.016, ""share"": 0.152, ""miss_deg"": 2.88, ""labels"": [30]}, {""name"": ""苹果红"", ""m"": 0.71966, ""q"": 0.0018, ""c"": 0.2228, ""capture"": 0.008, ""share"": 0.024, ""miss_deg"": 3.1, ""labels"": [260]}, {""name"": ""香蕉"", ""m"": 0.40252, ""q"": 0.001, ""c"": 0.8521, ""capture"": 0.001, ""share"": 0.013, ""miss_deg"": 3.66, ""labels"": [264]}, {""name"": ""橘子"", ""m"": 0.00379, ""q"": 0.0, ""c"": 0.2062, ""capture"": 0.0, ""share"": 0.0, ""miss_deg"": 4.46, ""labels"": [262]}]"
2026_08_20/001,c2,v9,,vis,71.96,72.77,0.81,3.295,球R,263,0.518,0.1405,0.859,0.198,0.382,0.729,物品台,389.6407,1,1,,,,7,"[{""name"": ""球R"", ""m"": 54.74353, ""q"": 0.1405, ""c"": 0.1636, ""capture"": 0.859, ""share"": 0.518, ""miss_deg"": 0.55, ""labels"": [263]}, {""name"": ""白杯1"", ""m"": 20.87963, ""q"": 0.0536, ""c"": 0.3157, ""capture"": 0.17, ""share"": 0.198, ""miss_deg"": 1.88, ""labels"": [266]}, {""name"": ""水瓶"", ""m"": 14.50766, ""q"": 0.0372, ""c"": 0.7272, ""capture"": 0.051, ""share"": 0.137, ""miss_deg"": 2.44, ""labels"": [30]}, {""name"": ""白杯2"", ""m"": 4.81028, ""q"": 0.0123, ""c"": 0.2704, ""capture"": 0.046, ""share"": 0.046, ""miss_deg"": 2.48, ""labels"": [267]}, {""name"": ""红杯"", ""m"": 5.48088, ""q"": 0.0141, ""c"": 0.4843, ""capture"": 0.029, ""share"": 0.052, ""miss_deg"": 2.66, ""labels"": [49]}, {""name"": ""香蕉"", ""m"": 5.16594, ""q"": 0.0133, ""c"": 0.8521, ""capture"": 0.016, ""share"": 0.049, ""miss_deg"": 2.89, ""labels"": [264]}, {""name"": ""球M"", ""m"": 0.04813, ""q"": 0.0001, ""c"": 0.1459, ""capture"": 0.001, ""share"": 0.0, ""miss_deg"": 3.76, ""labels"": [261]}]"
2026_08_20/001,c2,v9,,vis,72.88,74.29,1.41,3.322,球R,263,0.334,0.1062,0.649,0.447,0.862,0.682,物品台,389.6407,0,0,,,,7,"[{""name"": ""球R"", ""m"": 41.36695, ""q"": 0.1062, ""c"": 0.1636, ""capture"": 0.649, ""share"": 0.334, ""miss_deg"": 0.93, ""labels"": [263]}, {""name"": ""白杯1"", ""m"": 35.64925, ""q"": 0.0915, ""c"": 0.3157, ""capture"": 0.29, ""share"": 0.288, ""miss_deg"": 1.57, ""labels"": [266]}, {""name"": ""球M"", ""m"": 9.40949, ""q"": 0.0241, ""c"": 0.1459, ""capture"": 0.166, ""share"": 0.076, ""miss_deg"": 1.9, ""labels"": [261]}, {""name"": ""水瓶"", ""m"": 15.69205, ""q"": 0.0403, ""c"": 0.7202, ""capture"": 0.056, ""share"": 0.127, ""miss_deg"": 2.4, ""labels"": [30]}, {""name"": ""香蕉"", ""m"": 17.1466, ""q"": 0.044, ""c"": 0.8474, ""capture"": 0.052, ""share"": 0.138, ""miss_deg"": 2.43, ""labels"": [264]}, {""name"": ""红杯"", ""m"": 4.69058, ""q"": 0.012, ""c"": 0.4729, ""capture"": 0.025, ""share"": 0.038, ""miss_deg"": 2.71, ""labels"": [49]}, {""name"": ""白杯2"", ""m"": 0.02588, ""q"": 0.0001, ""c"": 0.2704, ""capture"": 0.0, ""share"": 0.0, ""miss_deg"": 4.08, ""labels"": [267]}]"
2026_08_20/001,c2,v9,,vis,75.39,75.76,0.38,3.312,球R,263,0.495,0.0895,0.547,0.207,0.398,0.819,物品台,389.6407,1,0,,,,7,"[{""name"": ""球R"", ""m"": 34.87932, ""q"": 0.0895, ""c"": 0.1636, ""capture"": 0.547, ""share"": 0.495, ""miss_deg"": 1.1, ""labels"": [263]}, {""name"": ""白杯1"", ""m"": 13.87455, ""q"": 0.0356, ""c"": 0.3157, ""capture"": 0.113, ""share"": 0.197, ""miss_deg"": 2.09, ""labels"": [266]}, {""name"": ""球M"", ""m"": 2.82512, ""q"": 0.0073, ""c"": 0.1459, ""capture"": 0.05, ""share"": 0.04, ""miss_deg"": 2.45, ""labels"": [261]}, {""name"": ""水瓶"", ""m"": 10.86619, ""q"": 0.0279, ""c"": 0.7272, ""capture"": 0.038, ""share"": 0.154, ""miss_deg"": 2.55, ""labels"": [30]}, {""name"": ""香蕉"", ""m"": 5.87112, ""q"": 0.0151, ""c"": 0.8521, ""capture"": 0.018, ""share"": 0.083, ""miss_deg"": 2.84, ""labels"": [264]}, {""name"": ""红杯"", ""m"": 1.44975, ""q"": 0.0037, ""c"": 0.4729, ""capture"": 0.008, ""share"": 0.021, ""miss_deg"": 3.11, ""labels"": [49]}, {""name"": ""白杯2"", ""m"": 0.68817, ""q"": 0.0018, ""c"": 0.2704, ""capture"": 0.007, ""share"": 0.01, ""miss_deg"": 3.17, ""labels"": [267]}]"
2026_08_20/001,c2,v9,,vis,75.87,76.19,0.32,3.327,球R,263,0.422,0.1556,0.951,0.339,0.654,0.631,物品台,389.6407,1,0,,,,7,"[{""name"": ""球R"", ""m"": 60.61433, ""q"": 0.1556, ""c"": 0.1636, ""capture"": 0.951, ""share"": 0.422, ""miss_deg"": 0.32, ""labels"": [263]}, {""name"": ""白杯1"", ""m"": 39.60533, ""q"": 0.1016, ""c"": 0.3157, ""capture"": 0.322, ""share"": 0.276, ""miss_deg"": 1.51, ""labels"": [266]}, {""name"": ""水瓶"", ""m"": 15.63563, ""q"": 0.0401, ""c"": 0.706, ""capture"": 0.057, ""share"": 0.109, ""miss_deg"": 2.39, ""labels"": [30]}, {""name"": ""红杯"", ""m"": 9.04214, ""q"": 0.0232, ""c"": 0.4729, ""capture"": 0.049, ""share"": 0.063, ""miss_deg"": 2.46, ""labels"": [49]}, {""name"": ""球M"", ""m"": 2.68173, ""q"": 0.0069, ""c"": 0.1459, ""capture"": 0.047, ""share"": 0.019, ""miss_deg"": 2.47, ""labels"": [261]}, {""name"": ""香蕉"", ""m"": 12.96707, ""q"": 0.0333, ""c"": 0.8474, ""capture"": 0.039, ""share"": 0.09, ""miss_deg"": 2.54, ""labels"": [264]}, {""name"": ""白杯2"", ""m"": 3.12636, ""q"": 0.008, ""c"": 0.2704, ""capture"": 0.03, ""share"": 0.022, ""miss_deg"": 2.65, ""labels"": [267]}]"
2026_08_20/001,c2,v9,,vis,76.25,76.52,0.27,3.336,球M,261,0.315,0.0812,0.557,0.346,0.39,0.742,物品台,389.6407,0,0,,,,6,"[{""name"": ""球M"", ""m"": 31.63981, ""q"": 0.0812, ""c"": 0.1459, ""capture"": 0.557, ""share"": 0.315, ""miss_deg"": 1.08, ""labels"": [261]}, {""name"": ""球R"", ""m"": 12.31091, ""q"": 0.0316, ""c"": 0.1636, ""capture"": 0.193, ""share"": 0.123, ""miss_deg"": 1.81, ""labels"": [263]}, {""name"": ""白杯1"", ""m"": 18.97332, ""q"": 0.0487, ""c"": 0.3157, ""capture"": 0.154, ""share"": 0.189, ""miss_deg"": 1.93, ""labels"": [266]}, {""name"": ""香蕉"", ""m"": 20.48749, ""q"": 0.0526, ""c"": 0.8403, ""capture"": 0.063, ""share"": 0.204, ""miss_deg"": 2.35, ""labels"": [264]}, {""name"": ""水瓶"", ""m"": 16.67593, ""q"": 0.0428, ""c"": 0.706, ""capture"": 0.061, ""share"": 0.166, ""miss_deg"": 2.37, ""labels"": [30]}, {""name"": ""红杯"", ""m"": 0.32341, ""q"": 0.0008, ""c"": 0.4729, ""capture"": 0.002, ""share"": 0.003, ""miss_deg"": 3.56, ""labels"": [49]}]"
2026_08_20/001,c2,v9,,vis,76.57,77.0,0.43,3.31,球R,263,0.51,0.118,0.721,0.207,0.398,0.768,物品台,389.6407,1,1,,,,7,"[{""name"": ""球R"", ""m"": 45.98762, ""q"": 0.118, ""c"": 0.1636, ""capture"": 0.721, ""share"": 0.51, ""miss_deg"": 0.81, ""labels"": [263]}, {""name"": ""白杯1"", ""m"": 18.31442, ""q"": 0.047, ""c"": 0.3157, ""capture"": 0.149, ""share"": 0.203, ""miss_deg"": 1.95, ""labels"": [266]}, {""name"": ""水瓶"", ""m"": 12.83656, ""q"": 0.0329, ""c"": 0.7272, ""capture"": 0.045, ""share"": 0.142, ""miss_deg"": 2.49, ""labels"": [30]}, {""name"": ""白杯2"", ""m"": 2.52438, ""q"": 0.0065, ""c"": 0.2704, ""capture"": 0.024, ""share"": 0.028, ""miss_deg"": 2.73, ""labels"": [267]}, {""name"": ""香蕉"", ""m"": 6.3841, ""q"": 0.0164, ""c"": 0.8521, ""capture"": 0.019, ""share"": 0.071, ""miss_deg"": 2.81, ""labels"": [264]}, {""name"": ""球M"", ""m"": 1.03951, ""q"": 0.0027, ""c"": 0.1459, ""capture"": 0.018, ""share"": 0.012, ""miss_deg"": 2.83, ""labels"": [261]}, {""name"": ""红杯"", ""m"": 3.15172, ""q"": 0.0081, ""c"": 0.4729, ""capture"": 0.017, ""share"": 0.035, ""miss_deg"": 2.85, ""labels"": [49]}]"
2026_08_20/001,c2,v9,,vis,77.06,77.36,0.3,3.313,球M,261,0.686,0.0673,0.461,0.041,0.089,0.902,物品台,389.6407,1,1,,,,5,"[{""name"": ""球M"", ""m"": 26.22933, ""q"": 0.0673, ""c"": 0.1459, ""capture"": 0.461, ""share"": 0.686, ""miss_deg"": 1.24, ""labels"": [261]}, {""name"": ""白杯1"", ""m"": 2.33556, ""q"": 0.006, ""c"": 0.3157, ""capture"": 0.019, ""share"": 0.061, ""miss_deg"": 2.82, ""labels"": [266]}, {""name"": ""水瓶"", ""m"": 4.93339, ""q"": 0.0127, ""c"": 0.7272, ""capture"": 0.017, ""share"": 0.129, ""miss_deg"": 2.85, ""labels"": [30]}, {""name"": ""球R"", ""m"": 0.80926, ""q"": 0.0021, ""c"": 0.1636, ""capture"": 0.013, ""share"": 0.021, ""miss_deg"": 2.96, ""labels"": [263]}, {""name"": ""香蕉"", ""m"": 3.90748, ""q"": 0.01, ""c"": 0.8521, ""capture"": 0.012, ""share"": 0.102, ""miss_deg"": 2.98, ""labels"": [264]}]"
2026_08_20/001,c2,v9,,vis,77.65,78.73,1.08,3.306,球R,263,0.502,0.1343,0.821,0.222,0.428,0.733,物品台,389.6407,1,1,,,,7,"[{""name"": ""球R"", ""m"": 52.31311, ""q"": 0.1343, ""c"": 0.1636, ""capture"": 0.821, ""share"": 0.502, ""miss_deg"": 0.63, ""labels"": [263]}, {""name"": ""白杯1"", ""m"": 22.4, ""q"": 0.0575, ""c"": 0.3157, ""capture"": 0.182, ""share"": 0.215, ""miss_deg"": 1.85, ""labels"": [266]}, {""name"": ""水瓶"", ""m"": 14.01392, ""q"": 0.036, ""c"": 0.7272, ""capture"": 0.049, ""share"": 0.134, ""miss_deg"": 2.45, ""labels"": [30]}, {""name"": ""白杯2"", ""m"": 3.33099, ""q"": 0.0085, ""c"": 0.2704, ""capture"": 0.032, ""share"": 0.032, ""miss_deg"": 2.63, ""labels"": [267]}, {""name"": ""红杯"", ""m"": 4.79862, ""q"": 0.0123, ""c"": 0.4729, ""capture"": 0.026, ""share"": 0.046, ""miss_deg"": 2.7, ""labels"": [49]}, {""name"": ""香蕉"", ""m"": 6.58641, ""q"": 0.0169, ""c"": 0.8521, ""capture"": 0.02, ""share"": 0.063, ""miss_deg"": 2.8, ""labels"": [264]}, {""name"": ""球M"", ""m"": 0.74967, ""q"": 0.0019, ""c"": 0.1459, ""capture"": 0.013, ""share"": 0.007, ""miss_deg"": 2.94, ""labels"": [261]}]"
2026_08_20/001,c2,v9,,vis,79.4,79.77,0.38,3.296,球L,259,0.39,0.0047,0.029,0.345,0.644,0.988,物品台,389.6407,0,0,,,,3,"[{""name"": ""球L"", ""m"": 1.81717, ""q"": 0.0047, ""c"": 0.1636, ""capture"": 0.029, ""share"": 0.39, ""miss_deg"": 2.67, ""labels"": [259]}, {""name"": ""苹果粉"", ""m"": 1.17322, ""q"": 0.003, ""c"": 0.3009, ""capture"": 0.01, ""share"": 0.251, ""miss_deg"": 3.03, ""labels"": [64]}, {""name"": ""水瓶"", ""m"": 1.67482, ""q"": 0.0043, ""c"": 0.7272, ""capture"": 0.006, ""share"": 0.359, ""miss_deg"": 3.2, ""labels"": [30]}]"
2026_08_20/001,c2,v9,,vis,80.05,82.0,1.95,3.303,苹果粉,64,0.776,0.1111,0.369,0.257,0.14,0.857,物品台,389.6407,1,1,9,苹果粉,1,6,"[{""name"": ""苹果粉"", ""m"": 43.27887, ""q"": 0.1111, ""c"": 0.3009, ""capture"": 0.369, ""share"": 0.776, ""miss_deg"": 1.41, ""labels"": [64, 250]}, {""name"": ""球L"", ""m"": 6.06399, ""q"": 0.0156, ""c"": 0.1636, ""capture"": 0.095, ""share"": 0.109, ""miss_deg"": 2.17, ""labels"": [259]}, {""name"": ""水瓶"", ""m"": 6.19632, ""q"": 0.0159, ""c"": 0.7272, ""capture"": 0.022, ""share"": 0.111, ""miss_deg"": 2.77, ""labels"": [30]}, {""name"": ""苹果红"", ""m"": 0.09517, ""q"": 0.0002, ""c"": 0.2228, ""capture"": 0.001, ""share"": 0.002, ""miss_deg"": 3.69, ""labels"": [260]}, {""name"": ""橘子"", ""m"": 0.04079, ""q"": 0.0001, ""c"": 0.2062, ""capture"": 0.001, ""share"": 0.001, ""miss_deg"": 3.9, ""labels"": [262]}, {""name"": ""香蕉"", ""m"": 0.07012, ""q"": 0.0002, ""c"": 0.8521, ""capture"": 0.0, ""share"": 0.001, ""miss_deg"": 4.11, ""labels"": [264]}]"
2026_08_20/001,c2,v9,,vis,82.05,82.48,0.43,3.292,球L,259,0.545,0.1874,1.145,0.231,0.316,0.656,物品台,389.6407,1,1,,,,7,"[{""name"": ""球L"", ""m"": 73.0232, ""q"": 0.1874, ""c"": 0.1636, ""capture"": 1.145, ""share"": 0.545, ""miss_deg"": 0.0, ""labels"": [259]}, {""name"": ""苹果红"", ""m"": 23.00124, ""q"": 0.059, ""c"": 0.2228, ""capture"": 0.265, ""share"": 0.172, ""miss_deg"": 1.63, ""labels"": [260]}, {""name"": ""苹果粉"", ""m"": 21.42734, ""q"": 0.055, ""c"": 0.3009, ""capture"": 0.183, ""share"": 0.16, ""miss_deg"": 1.84, ""labels"": [64, 250]}, {""name"": ""水瓶"", ""m"": 11.60939, ""q"": 0.0298, ""c"": 0.7272, ""capture"": 0.041, ""share"": 0.087, ""miss_deg"": 2.53, ""labels"": [30]}, {""name"": ""球M"", ""m"": 1.1276, ""q"": 0.0029, ""c"": 0.1636, ""capture"": 0.018, ""share"": 0.008, ""miss_deg"": 2.84, ""labels"": [261]}, {""name"": ""香蕉"", ""m"": 3.08719, ""q"": 0.0079, ""c"": 0.8612, ""capture"": 0.009, ""share"": 0.023, ""miss_deg"": 3.06, ""labels"": [264]}, {""name"": ""橘子"", ""m"": 0.59465, ""q"": 0.0015, ""c"": 0.2062, ""capture"": 0.007, ""share"": 0.004, ""miss_deg"": 3.13, ""labels"": [262]}]"
2026_08_20/001,c2,v9,,vis,82.59,82.86,0.27,3.296,苹果粉,64,0.673,0.2144,0.713,0.582,0.316,0.681,物品台,389.6407,1,1,,,,6,"[{""name"": ""苹果粉"", ""m"": 83.54282, ""q"": 0.2144, ""c"": 0.3009, ""capture"": 0.713, ""share"": 0.673, ""miss_deg"": 0.82, ""labels"": [64, 250]}, {""name"": ""球L"", ""m"": 26.48432, ""q"": 0.068, ""c"": 0.1636, ""capture"": 0.415, ""share"": 0.213, ""miss_deg"": 1.33, ""labels"": [259]}, {""name"": ""水瓶"", ""m"": 10.4952, ""q"": 0.0269, ""c"": 0.7272, ""capture"": 0.037, ""share"": 0.085, ""miss_deg"": 2.57, ""labels"": [30]}, {""name"": ""苹果红"", ""m"": 2.89574, ""q"": 0.0074, ""c"": 0.2228, ""capture"": 0.033, ""share"": 0.023, ""miss_deg"": 2.61, ""labels"": [260]}, {""name"": ""橘子"", ""m"": 0.2598, ""q"": 0.0007, ""c"": 0.2062, ""capture"": 0.003, ""share"": 0.002, ""miss_deg"": 3.39, ""labels"": [262]}, {""name"": ""香蕉"", ""m"": 0.50336, ""q"": 0.0013, ""c"": 0.8521, ""capture"": 0.002, ""share"": 0.004, ""miss_deg"": 3.6, ""labels"": [264]}]"
2026_08_20/001,c2,v9,,vis,82.91,83.18,0.27,3.316,球R,263,0.319,0.1389,0.849,0.541,1.044,0.565,物品台,389.6407,0,0,,,,7,"[{""name"": ""球R"", ""m"": 54.11056, ""q"": 0.1389, ""c"": 0.1636, ""capture"": 0.849, ""share"": 0.319, ""miss_deg"": 0.57, ""labels"": [263]}, {""name"": ""白杯1"", ""m"": 56.4679, ""q"": 0.1449, ""c"": 0.3157, ""capture"": 0.459, ""share"": 0.333, ""miss_deg"": 1.25, ""labels"": [266]}, {""name"": ""球M"", ""m"": 7.9103, ""q"": 0.0203, ""c"": 0.1459, ""capture"": 0.139, ""share"": 0.047, ""miss_deg"": 1.99, ""labels"": [261]}, {""name"": ""香蕉"", ""m"": 21.70562, ""q"": 0.0557, ""c"": 0.8521, ""capture"": 0.065, ""share"": 0.128, ""miss_deg"": 2.34, ""labels"": [264]}, {""name"": ""水瓶"", ""m"": 17.62824, ""q"": 0.0452, ""c"": 0.7202, ""capture"": 0.063, ""share"": 0.104, ""miss_deg"": 2.35, ""labels"": [30]}, {""name"": ""红杯"", ""m"": 11.17454, ""q"": 0.0287, ""c"": 0.4729, ""capture"": 0.061, ""share"": 0.066, ""miss_deg"": 2.37, ""labels"": [49]}, {""name"": ""白杯2"", ""m"": 0.58221, ""q"": 0.0015, ""c"": 0.2704, ""capture"": 0.006, ""share"": 0.003, ""miss_deg"": 3.22, ""labels"": [267]}]"
2026_08_20/001,c2,v9,,vis,83.24,83.78,0.54,3.274,球L,259,0.353,0.1824,1.115,0.672,1.235,0.483,物品台,389.6407,0,0,,,,6,"[{""name"": ""球L"", ""m"": 71.06112, ""q"": 0.1824, ""c"": 0.1636, ""capture"": 1.115, ""share"": 0.353, ""miss_deg"": 0.0, ""labels"": [259]}, {""name"": ""苹果粉"", ""m"": 87.83447, ""q"": 0.2254, ""c"": 0.3009, ""capture"": 0.749, ""share"": 0.436, ""miss_deg"": 0.76, ""labels"": [64, 250]}, {""name"": ""苹果红"", ""m"": 24.25109, ""q"": 0.0622, ""c"": 0.2228, ""capture"": 0.279, ""share"": 0.12, ""miss_deg"": 1.6, ""labels"": [260]}, {""name"": ""水瓶"", ""m"": 14.98499, ""q"": 0.0385, ""c"": 0.741, ""capture"": 0.052, ""share"": 0.074, ""miss_deg"": 2.43, ""labels"": [30]}, {""name"": ""橘子"", ""m"": 1.96039, ""q"": 0.005, ""c"": 0.2062, ""capture"": 0.024, ""share"": 0.01, ""miss_deg"": 2.73, ""labels"": [262]}, {""name"": ""香蕉"", ""m"": 1.36631, ""q"": 0.0035, ""c"": 0.8612, ""capture"": 0.004, ""share"": 0.007, ""miss_deg"": 3.32, ""labels"": [264]}]"
2026_08_20/001,c2,v9,,vis,83.83,84.1,0.27,3.274,苹果粉,64,0.623,0.155,0.515,0.74,0.401,0.751,物品台,389.6407,1,1,,,,6,"[{""name"": ""苹果粉"", ""m"": 60.41024, ""q"": 0.155, ""c"": 0.3009, ""capture"": 0.515, ""share"": 0.623, ""miss_deg"": 1.15, ""labels"": [64, 250]}, {""name"": ""球L"", ""m"": 24.29801, ""q"": 0.0624, ""c"": 0.1636, ""capture"": 0.381, ""share"": 0.25, ""miss_deg"": 1.39, ""labels"": [259]}, {""name"": ""水瓶"", ""m"": 9.83097, ""q"": 0.0252, ""c"": 0.741, ""capture"": 0.034, ""share"": 0.101, ""miss_deg"": 2.6, ""labels"": [30]}, {""name"": ""苹果红"", ""m"": 1.87566, ""q"": 0.0048, ""c"": 0.2228, ""capture"": 0.022, ""share"": 0.019, ""miss_deg"": 2.77, ""labels"": [260]}, {""name"": ""橘子"", ""m"": 0.22441, ""q"": 0.0006, ""c"": 0.2062, ""capture"": 0.003, ""share"": 0.002, ""miss_deg"": 3.43, ""labels"": [262]}, {""name"": ""香蕉"", ""m"": 0.37603, ""q"": 0.001, ""c"": 0.8612, ""capture"": 0.001, ""share"": 0.004, ""miss_deg"": 3.69, ""labels"": [264]}]"
2026_08_20/001,c2,v9,,vis,84.54,84.92,0.38,3.277,球L,259,0.544,0.1881,1.15,0.21,0.388,0.654,物品台,389.6407,1,1,,,,7,"[{""name"": ""球L"", ""m"": 73.3092, ""q"": 0.1881, ""c"": 0.1636, ""capture"": 1.15, ""share"": 0.544, ""miss_deg"": 0.0, ""labels"": [259]}, {""name"": ""苹果粉"", ""m"": 28.38955, ""q"": 0.0729, ""c"": 0.3009, ""capture"": 0.242, ""share"": 0.211, ""miss_deg"": 1.68, ""labels"": [64, 250]}, {""name"": ""苹果红"", ""m"": 19.54204, ""q"": 0.0502, ""c"": 0.2228, ""capture"": 0.225, ""share"": 0.145, ""miss_deg"": 1.73, ""labels"": [260]}, {""name"": ""水瓶"", ""m"": 10.72075, ""q"": 0.0275, ""c"": 0.741, ""capture"": 0.037, ""share"": 0.08, ""miss_deg"": 2.57, ""labels"": [30]}, {""name"": ""香蕉"", ""m"": 2.41956, ""q"": 0.0062, ""c"": 0.8612, ""capture"": 0.007, ""share"": 0.018, ""miss_deg"": 3.14, ""labels"": [264]}, {""name"": ""橘子"", ""m"": 0.40232, ""q"": 0.001, ""c"": 0.2062, ""capture"": 0.005, ""share"": 0.003, ""miss_deg"": 3.25, ""labels"": [262]}, {""name"": ""球M"", ""m"": 0.00529, ""q"": 0.0, ""c"": 0.1636, ""capture"": 0.0, ""share"": 0.0, ""miss_deg"": 4.34, ""labels"": [261]}]"
2026_08_20/001,c2,v9,,vis,84.97,85.29,0.32,3.286,球L,259,0.351,0.1202,0.735,0.765,1.407,0.657,物品台,389.6407,0,0,10,球R,0,6,"[{""name"": ""球L"", ""m"": 46.8379, ""q"": 0.1202, ""c"": 0.1636, ""capture"": 0.735, ""share"": 0.351, ""miss_deg"": 0.79, ""labels"": [259]}, {""name"": ""苹果粉"", ""m"": 65.89541, ""q"": 0.1691, ""c"": 0.3009, ""capture"": 0.562, ""share"": 0.494, ""miss_deg"": 1.07, ""labels"": [64, 250]}, {""name"": ""苹果红"", ""m"": 8.12998, ""q"": 0.0209, ""c"": 0.2228, ""capture"": 0.094, ""share"": 0.061, ""miss_deg"": 2.18, ""labels"": [260]}, {""name"": ""水瓶"", ""m"": 11.61279, ""q"": 0.0298, ""c"": 0.7341, ""capture"": 0.041, ""share"": 0.087, ""miss_deg"": 2.53, ""labels"": [30]}, {""name"": ""橘子"", ""m"": 0.37408, ""q"": 0.001, ""c"": 0.2062, ""capture"": 0.005, ""share"": 0.003, ""miss_deg"": 3.28, ""labels"": [262]}, {""name"": ""香蕉"", ""m"": 0.6175, ""q"": 0.0016, ""c"": 0.8612, ""capture"": 0.002, ""share"": 0.005, ""miss_deg"": 3.55, ""labels"": [264]}]"
2026_08_20/001,c2,v9,,vis,85.35,85.62,0.27,3.276,球R,263,0.448,0.2099,1.283,0.282,0.545,0.532,物品台,389.6407,1,0,10,球R,1,6,"[{""name"": ""球R"", ""m"": 81.76942, ""q"": 0.2099, ""c"": 0.1636, ""capture"": 1.283, ""share"": 0.448, ""miss_deg"": 0.0, ""labels"": [263]}, {""name"": ""白杯1"", ""m"": 44.49579, ""q"": 0.1142, ""c"": 0.3157, ""capture"": 0.362, ""share"": 0.244, ""miss_deg"": 1.43, ""labels"": [266]}, {""name"": ""白杯2"", ""m"": 15.28631, ""q"": 0.0392, ""c"": 0.2857, ""capture"": 0.137, ""share"": 0.084, ""miss_deg"": 1.99, ""labels"": [267]}, {""name"": ""红杯"", ""m"": 19.60258, ""q"": 0.0503, ""c"": 0.4899, ""capture"": 0.103, ""share"": 0.107, ""miss_deg"": 2.13, ""labels"": [49]}, {""name"": ""水瓶"", ""m"": 15.26423, ""q"": 0.0392, ""c"": 0.741, ""capture"": 0.053, ""share"": 0.084, ""miss_deg"": 2.42, ""labels"": [30]}, {""name"": ""香蕉"", ""m"": 6.05836, ""q"": 0.0155, ""c"": 0.8612, ""capture"": 0.018, ""share"": 0.033, ""miss_deg"": 2.83, ""labels"": [264]}]"
2026_08_20/001,c2,v9,,vis,86.28,87.85,1.57,3.218,球R,263,0.518,0.1972,1.205,0.155,0.307,0.619,物品台,389.6407,1,1,10,球R,1,6,"[{""name"": ""球R"", ""m"": 76.84657, ""q"": 0.1972, ""c"": 0.1636, ""capture"": 1.205, ""share"": 0.518, ""miss_deg"": 0.0, ""labels"": [263]}, {""name"": ""白杯1"", ""m"": 23.55759, ""q"": 0.0605, ""c"": 0.3228, ""capture"": 0.187, ""share"": 0.159, ""miss_deg"": 1.83, ""labels"": [266]}, {""name"": ""白杯2"", ""m"": 18.7625, ""q"": 0.0482, ""c"": 0.3009, ""capture"": 0.16, ""share"": 0.126, ""miss_deg"": 1.91, ""labels"": [267]}, {""name"": ""红杯"", ""m"": 12.03089, ""q"": 0.0309, ""c"": 0.5012, ""capture"": 0.062, ""share"": 0.081, ""miss_deg"": 2.36, ""labels"": [49]}, {""name"": ""水瓶"", ""m"": 15.71548, ""q"": 0.0403, ""c"": 0.7477, ""capture"": 0.054, ""share"": 0.106, ""miss_deg"": 2.42, ""labels"": [30]}, {""name"": ""香蕉"", ""m"": 1.52035, ""q"": 0.0039, ""c"": 0.87, ""capture"": 0.004, ""share"": 0.01, ""miss_deg"": 3.29, ""labels"": [264]}]"
2026_08_20/001,c2,v9,,vis,87.9,88.17,0.27,3.243,球M,261,0.458,0.1378,0.842,0.144,0.277,0.699,物品台,389.6407,1,0,,,,6,"[{""name"": ""球M"", ""m"": 53.68682, ""q"": 0.1378, ""c"": 0.1636, ""capture"": 0.842, ""share"": 0.458, ""miss_deg"": 0.59, ""labels"": [261]}, {""name"": ""白杯1"", ""m"": 14.85263, ""q"": 0.0381, ""c"": 0.3157, ""capture"": 0.121, ""share"": 0.127, ""miss_deg"": 2.06, ""labels"": [266]}, {""name"": ""水瓶"", ""m"": 22.7996, ""q"": 0.0585, ""c"": 0.741, ""capture"": 0.079, ""share"": 0.194, ""miss_deg"": 2.25, ""labels"": [30]}, {""name"": ""香蕉"", ""m"": 22.78445, ""q"": 0.0585, ""c"": 0.8656, ""capture"": 0.068, ""share"": 0.194, ""miss_deg"": 2.32, ""labels"": [264]}, {""name"": ""球R"", ""m"": 3.08541, ""q"": 0.0079, ""c"": 0.1636, ""capture"": 0.048, ""share"": 0.026, ""miss_deg"": 2.46, ""labels"": [263]}, {""name"": ""红杯"", ""m"": 0.03237, ""q"": 0.0001, ""c"": 0.5012, ""capture"": 0.0, ""share"": 0.0, ""miss_deg"": 4.17, ""labels"": [49]}]"
2026_08_20/001,c2,v9,,vis,88.23,89.47,1.25,3.257,球R,263,0.517,0.178,1.088,0.199,0.383,0.656,物品台,389.6407,1,1,,,,6,"[{""name"": ""球R"", ""m"": 69.34913, ""q"": 0.178, ""c"": 0.1636, ""capture"": 1.088, ""share"": 0.517, ""miss_deg"": 0.0, ""labels"": [263]}, {""name"": ""白杯1"", ""m"": 26.59055, ""q"": 0.0682, ""c"": 0.3157, ""capture"": 0.216, ""share"": 0.198, ""miss_deg"": 1.75, ""labels"": [266]}, {""name"": ""白杯2"", ""m"": 10.10086, ""q"": 0.0259, ""c"": 0.2857, ""capture"": 0.091, ""share"": 0.075, ""miss_deg"": 2.19, ""labels"": [267]}, {""name"": ""水瓶"", ""m"": 15.1225, ""q"": 0.0388, ""c"": 0.741, ""capture"": 0.052, ""share"": 0.113, ""miss_deg"": 2.43, ""labels"": [30]}, {""name"": ""红杯"", ""m"": 9.18694, ""q"": 0.0236, ""c"": 0.5012, ""capture"": 0.047, ""share"": 0.069, ""miss_deg"": 2.47, ""labels"": [49]}, {""name"": ""香蕉"", ""m"": 3.69024, ""q"": 0.0095, ""c"": 0.8656, ""capture"": 0.011, ""share"": 0.028, ""miss_deg"": 3.01, ""labels"": [264]}]"
2026_08_20/001,c2,v9,,vis,89.64,89.96,0.32,3.256,球M,261,0.66,0.1044,0.638,0.05,0.227,0.842,物品台,389.6407,1,1,,,,6,"[{""name"": ""球M"", ""m"": 40.67331, ""q"": 0.1044, ""c"": 0.1636, ""capture"": 0.638, ""share"": 0.66, ""miss_deg"": 0.95, ""labels"": [261]}, {""name"": ""水瓶"", ""m"": 9.24369, ""q"": 0.0237, ""c"": 0.741, ""capture"": 0.032, ""share"": 0.15, ""miss_deg"": 2.62, ""labels"": [30]}, {""name"": ""白杯1"", ""m"": 3.72388, ""q"": 0.0096, ""c"": 0.3157, ""capture"": 0.03, ""share"": 0.06, ""miss_deg"": 2.64, ""labels"": [266]}, {""name"": ""香蕉"", ""m"": 7.76987, ""q"": 0.0199, ""c"": 0.8656, ""capture"": 0.023, ""share"": 0.126, ""miss_deg"": 2.75, ""labels"": [264]}, {""name"": ""球R"", ""m"": 0.19165, ""q"": 0.0005, ""c"": 0.1636, ""capture"": 0.003, ""share"": 0.003, ""miss_deg"": 3.41, ""labels"": [263]}, {""name"": ""苹果红"", ""m"": 0.00077, ""q"": 0.0, ""c"": 0.2228, ""capture"": 0.0, ""share"": 0.0, ""miss_deg"": 4.82, ""labels"": [260]}]"
2026_08_20/001,c2,v9,,vis,90.12,90.39,0.27,3.331,球R,263,0.374,0.0074,0.045,0.733,0.644,0.98,object#106,389.6407,0,0,11,球M,0,3,"[{""name"": ""球R"", ""m"": 2.8905, ""q"": 0.0074, ""c"": 0.1636, ""capture"": 0.045, ""share"": 0.374, ""miss_deg"": 2.49, ""labels"": [263]}, {""name"": ""球M"", ""m"": 1.86066, ""q"": 0.0048, ""c"": 0.1459, ""capture"": 0.033, ""share"": 0.241, ""miss_deg"": 2.62, ""labels"": [261]}, {""name"": ""水瓶"", ""m"": 2.97495, ""q"": 0.0076, ""c"": 0.706, ""capture"": 0.011, ""share"": 0.385, ""miss_deg"": 3.01, ""labels"": [30]}]"
2026_08_20/001,c2,v9,,vis,90.5,91.04,0.54,3.261,球M,261,0.668,0.0523,0.32,0.175,0.177,0.922,物品台,389.6407,1,1,11,球M,1,5,"[{""name"": ""球M"", ""m"": 20.39383, ""q"": 0.0523, ""c"": 0.1636, ""capture"": 0.32, ""share"": 0.668, ""miss_deg"": 1.51, ""labels"": [261]}, {""name"": ""球L"", ""m"": 3.60095, ""q"": 0.0092, ""c"": 0.1636, ""capture"": 0.056, ""share"": 0.118, ""miss_deg"": 2.4, ""labels"": [259]}, {""name"": ""水瓶"", ""m"": 5.79355, ""q"": 0.0149, ""c"": 0.741, ""capture"": 0.02, ""share"": 0.19, ""miss_deg"": 2.8, ""labels"": [30]}, {""name"": ""苹果红"", ""m"": 0.58309, ""q"": 0.0015, ""c"": 0.2228, ""capture"": 0.007, ""share"": 0.019, ""miss_deg"": 3.16, ""labels"": [260]}, {""name"": ""香蕉"", ""m"": 0.16238, ""q"": 0.0004, ""c"": 0.8656, ""capture"": 0.0, ""share"": 0.005, ""miss_deg"": 3.91, ""labels"": [264]}]"
2026_08_20/001,c2,v9,,vis,92.23,92.66,0.43,3.274,球M,261,0.514,0.1039,0.635,0.11,0.212,0.798,物品台,389.6407,1,1,11,球M,1,6,"[{""name"": ""球M"", ""m"": 40.48363, ""q"": 0.1039, ""c"": 0.1636, ""capture"": 0.635, ""share"": 0.514, ""miss_deg"": 0.95, ""labels"": [261]}, {""name"": ""白杯1"", ""m"": 8.61956, ""q"": 0.0221, ""c"": 0.3157, ""capture"": 0.07, ""share"": 0.109, ""miss_deg"": 2.31, ""labels"": [266]}, {""name"": ""球R"", ""m"": 2.88731, ""q"": 0.0074, ""c"": 0.1636, ""capture"": 0.045, ""share"": 0.037, ""miss_deg"": 2.49, ""labels"": [263]}, {""name"": ""香蕉"", ""m"": 14.42458, ""q"": 0.037, ""c"": 0.8612, ""capture"": 0.043, ""share"": 0.183, ""miss_deg"": 2.51, ""labels"": [264]}, {""name"": ""水瓶"", ""m"": 12.38867, ""q"": 0.0318, ""c"": 0.741, ""capture"": 0.043, ""share"": 0.157, ""miss_deg"": 2.51, ""labels"": [30]}, {""name"": ""红杯"", ""m"": 0.02135, ""q"": 0.0001, ""c"": 0.4899, ""capture"": 0.0, ""share"": 0.0, ""miss_deg"": 4.27, ""labels"": [49]}]"
2026_08_20/001,c2,v9,,vis,93.36,94.89,1.53,3.212,球M,261,0.626,0.1434,0.877,0.078,0.356,0.771,物品台,389.6407,1,1,11,球M,1,8,"[{""name"": ""球M"", ""m"": 55.88495, ""q"": 0.1434, ""c"": 0.1636, ""capture"": 0.877, ""share"": 0.626, ""miss_deg"": 0.51, ""labels"": [261]}, {""name"": ""水瓶"", ""m"": 19.93461, ""q"": 0.0512, ""c"": 0.7477, ""capture"": 0.068, ""share"": 0.223, ""miss_deg"": 2.32, ""labels"": [30]}, {""name"": ""苹果红"", ""m"": 2.8275, ""q"": 0.0073, ""c"": 0.2228, ""capture"": 0.033, ""share"": 0.032, ""miss_deg"": 2.62, ""labels"": [260]}, {""name"": ""球L"", ""m"": 2.07419, ""q"": 0.0053, ""c"": 0.1636, ""capture"": 0.033, ""share"": 0.023, ""miss_deg"": 2.62, ""labels"": [259]}, {""name"": ""香蕉"", ""m"": 8.40779, ""q"": 0.0216, ""c"": 0.87, ""capture"": 0.025, ""share"": 0.094, ""miss_deg"": 2.72, ""labels"": [264]}, {""name"": ""白杯1"", ""m"": 0.08238, ""q"": 0.0002, ""c"": 0.3228, ""capture"": 0.001, ""share"": 0.001, ""miss_deg"": 3.83, ""labels"": [266]}, {""name"": ""红杯"", ""m"": 0.00953, ""q"": 0.0, ""c"": 0.5012, ""capture"": 0.0, ""share"": 0.0, ""miss_deg"": 4.46, ""labels"": [49]}, {""name"": ""橘子"", ""m"": 0.00198, ""q"": 0.0, ""c"": 0.2062, ""capture"": 0.0, ""share"": 0.0, ""miss_deg"": 4.61, ""labels"": [262]}]"
2026_08_20/001,c2,v9,,vis,95.34,96.05,0.7,3.239,球M,261,0.606,0.1308,0.8,0.086,0.391,0.784,物品台,389.6407,1,1,11,球M,1,8,"[{""name"": ""球M"", ""m"": 50.97179, ""q"": 0.1308, ""c"": 0.1636, ""capture"": 0.8, ""share"": 0.606, ""miss_deg"": 0.67, ""labels"": [261]}, {""name"": ""水瓶"", ""m"": 19.93733, ""q"": 0.0512, ""c"": 0.741, ""capture"": 0.069, ""share"": 0.237, ""miss_deg"": 2.31, ""labels"": [30]}, {""name"": ""球L"", ""m"": 2.77473, ""q"": 0.0071, ""c"": 0.1636, ""capture"": 0.044, ""share"": 0.033, ""miss_deg"": 2.5, ""labels"": [259]}, {""name"": ""苹果红"", ""m"": 2.76903, ""q"": 0.0071, ""c"": 0.2228, ""capture"": 0.032, ""share"": 0.033, ""miss_deg"": 2.62, ""labels"": [260]}, {""name"": ""香蕉"", ""m"": 7.60826, ""q"": 0.0195, ""c"": 0.8656, ""capture"": 0.023, ""share"": 0.09, ""miss_deg"": 2.75, ""labels"": [264]}, {""name"": ""白杯1"", ""m"": 0.04825, ""q"": 0.0001, ""c"": 0.3157, ""capture"": 0.0, ""share"": 0.001, ""miss_deg"": 3.96, ""labels"": [266]}, {""name"": ""橘子"", ""m"": 0.00268, ""q"": 0.0, ""c"": 0.2062, ""capture"": 0.0, ""share"": 0.0, ""miss_deg"": 4.54, ""labels"": [262]}, {""name"": ""红杯"", ""m"": 0.0044, ""q"": 0.0, ""c"": 0.5012, ""capture"": 0.0, ""share"": 0.0, ""miss_deg"": 4.63, ""labels"": [49]}]"
2026_08_20/001,c2,v9,,vis,96.1,96.48,0.38,3.245,球M,261,0.385,0.0864,0.528,0.627,0.626,0.775,物品台,389.6407,1,0,11,球M,1,6,"[{""name"": ""球M"", ""m"": 33.66779, ""q"": 0.0864, ""c"": 0.1636, ""capture"": 0.528, ""share"": 0.385, ""miss_deg"": 1.13, ""labels"": [261]}, {""name"": ""球L"", ""m"": 21.09884, ""q"": 0.0541, ""c"": 0.1636, ""capture"": 0.331, ""share"": 0.241, ""miss_deg"": 1.49, ""labels"": [259]}, {""name"": ""苹果红"", ""m"": 8.79286, ""q"": 0.0226, ""c"": 0.2228, ""capture"": 0.101, ""share"": 0.1, ""miss_deg"": 2.14, ""labels"": [260]}, {""name"": ""水瓶"", ""m"": 19.43285, ""q"": 0.0499, ""c"": 0.741, ""capture"": 0.067, ""share"": 0.222, ""miss_deg"": 2.32, ""labels"": [30]}, {""name"": ""香蕉"", ""m"": 4.43114, ""q"": 0.0114, ""c"": 0.8656, ""capture"": 0.013, ""share"": 0.051, ""miss_deg"": 2.94, ""labels"": [264]}, {""name"": ""橘子"", ""m"": 0.07843, ""q"": 0.0002, ""c"": 0.2062, ""capture"": 0.001, ""share"": 0.001, ""miss_deg"": 3.72, ""labels"": [262]}]"
2026_08_20/001,c2,v9,,vis,96.54,96.81,0.27,3.226,球M,261,0.552,0.1243,0.76,0.151,0.152,0.775,物品台,389.6407,1,1,11,球M,1,7,"[{""name"": ""球M"", ""m"": 48.44914, ""q"": 0.1243, ""c"": 0.1636, ""capture"": 0.76, ""share"": 0.552, ""miss_deg"": 0.74, ""labels"": [261]}, {""name"": ""球L"", ""m"": 7.34313, ""q"": 0.0188, ""c"": 0.1636, ""capture"": 0.115, ""share"": 0.084, ""miss_deg"": 2.08, ""labels"": [259]}, {""name"": ""水瓶"", ""m"": 21.31748, ""q"": 0.0547, ""c"": 0.7477, ""capture"": 0.073, ""share"": 0.243, ""miss_deg"": 2.29, ""labels"": [30]}, {""name"": ""苹果红"", ""m"": 4.81499, ""q"": 0.0124, ""c"": 0.2228, ""capture"": 0.055, ""share"": 0.055, ""miss_deg"": 2.4, ""labels"": [260]}, {""name"": ""香蕉"", ""m"": 5.91676, ""q"": 0.0152, ""c"": 0.87, ""capture"": 0.017, ""share"": 0.067, ""miss_deg"": 2.85, ""labels"": [264]}, {""name"": ""橘子"", ""m"": 0.00434, ""q"": 0.0, ""c"": 0.2062, ""capture"": 0.0, ""share"": 0.0, ""miss_deg"": 4.43, ""labels"": [262]}, {""name"": ""红杯"", ""m"": 0.00073, ""q"": 0.0, ""c"": 0.5012, ""capture"": 0.0, ""share"": 0.0, ""miss_deg"": 5.0, ""labels"": [49]}]"
2026_08_20/001,c2,v9,,vis,96.86,97.35,0.49,3.209,球L,259,0.755,0.0941,0.575,0.054,0.074,0.875,物品台,389.6407,1,1,,,,6,"[{""name"": ""球L"", ""m"": 36.68341, ""q"": 0.0941, ""c"": 0.1636, ""capture"": 0.575, ""share"": 0.755, ""miss_deg"": 1.05, ""labels"": [259]}, {""name"": ""苹果红"", ""m"": 2.72691, ""q"": 0.007, ""c"": 0.2228, ""capture"": 0.031, ""share"": 0.056, ""miss_deg"": 2.63, ""labels"": [260]}, {""name"": ""苹果粉"", ""m"": 2.72637, ""q"": 0.007, ""c"": 0.3009, ""capture"": 0.023, ""share"": 0.056, ""miss_deg"": 2.74, ""labels"": [64]}, {""name"": ""球M"", ""m"": 1.18384, ""q"": 0.003, ""c"": 0.1636, ""capture"": 0.019, ""share"": 0.024, ""miss_deg"": 2.82, ""labels"": [261]}, {""name"": ""水瓶"", ""m"": 5.06128, ""q"": 0.013, ""c"": 0.7477, ""capture"": 0.017, ""share"": 0.104, ""miss_deg"": 2.85, ""labels"": [30]}, {""name"": ""香蕉"", ""m"": 0.22313, ""q"": 0.0006, ""c"": 0.87, ""capture"": 0.001, ""share"": 0.005, ""miss_deg"": 3.83, ""labels"": [264]}]"
2026_08_20/001,c2,v9,,vis,97.46,97.79,0.32,3.244,球M,261,0.488,0.0345,0.211,0.654,0.656,0.929,物品台,389.6407,1,0,,,,5,"[{""name"": ""球M"", ""m"": 13.42941, ""q"": 0.0345, ""c"": 0.1636, ""capture"": 0.211, ""share"": 0.488, ""miss_deg"": 1.76, ""labels"": [261]}, {""name"": ""球L"", ""m"": 8.79724, ""q"": 0.0226, ""c"": 0.1636, ""capture"": 0.138, ""share"": 0.32, ""miss_deg"": 1.99, ""labels"": [259]}, {""name"": ""水瓶"", ""m"": 4.48044, ""q"": 0.0115, ""c"": 0.741, ""capture"": 0.016, ""share"": 0.163, ""miss_deg"": 2.89, ""labels"": [30]}, {""name"": ""苹果红"", ""m"": 0.77714, ""q"": 0.002, ""c"": 0.2228, ""capture"": 0.009, ""share"": 0.028, ""miss_deg"": 3.07, ""labels"": [260]}, {""name"": ""香蕉"", ""m"": 0.03186, ""q"": 0.0001, ""c"": 0.8656, ""capture"": 0.0, ""share"": 0.001, ""miss_deg"": 4.31, ""labels"": [264]}]"
2026_08_20/001,c2,v9,,vis,99.07,99.4,0.32,3.255,球M,261,0.306,0.0866,0.53,0.408,0.408,0.717,物品台,389.6407,0,0,,,,6,"[{""name"": ""球M"", ""m"": 33.76012, ""q"": 0.0866, ""c"": 0.1636, ""capture"": 0.53, ""share"": 0.306, ""miss_deg"": 1.13, ""labels"": [261]}, {""name"": ""球R"", ""m"": 13.76142, ""q"": 0.0353, ""c"": 0.1636, ""capture"": 0.216, ""share"": 0.125, ""miss_deg"": 1.75, ""labels"": [263]}, {""name"": ""白杯1"", ""m"": 25.03071, ""q"": 0.0642, ""c"": 0.3157, ""capture"": 0.204, ""share"": 0.227, ""miss_deg"": 1.78, ""labels"": [266]}, {""name"": ""香蕉"", ""m"": 21.08513, ""q"": 0.0541, ""c"": 0.8656, ""capture"": 0.063, ""share"": 0.191, ""miss_deg"": 2.35, ""labels"": [264]}, {""name"": ""水瓶"", ""m"": 15.80917, ""q"": 0.0406, ""c"": 0.741, ""capture"": 0.055, ""share"": 0.144, ""miss_deg"": 2.41, ""labels"": [30]}, {""name"": ""红杯"", ""m"": 0.71444, ""q"": 0.0018, ""c"": 0.5012, ""capture"": 0.004, ""share"": 0.006, ""miss_deg"": 3.35, ""labels"": [49]}]"
2026_08_20/001,c2,v9,,vis,100.1,102.38,2.27,3.249,白杯2,267,0.472,0.2564,0.897,0.921,0.528,0.457,物品台,389.6407,1,0,12,白杯2,1,5,"[{""name"": ""白杯2"", ""m"": 99.89042, ""q"": 0.2564, ""c"": 0.2857, ""capture"": 0.897, ""share"": 0.472, ""miss_deg"": 0.47, ""labels"": [267]}, {""name"": ""球R"", ""m"": 52.63637, ""q"": 0.1351, ""c"": 0.1636, ""capture"": 0.826, ""share"": 0.249, ""miss_deg"": 0.62, ""labels"": [263]}, {""name"": ""红杯"", ""m"": 42.5722, ""q"": 0.1093, ""c"": 0.5012, ""capture"": 0.218, ""share"": 0.201, ""miss_deg"": 1.75, ""labels"": [49]}, {""name"": ""白杯1"", ""m"": 6.97147, ""q"": 0.0179, ""c"": 0.3157, ""capture"": 0.057, ""share"": 0.033, ""miss_deg"": 2.4, ""labels"": [266]}, {""name"": ""水瓶"", ""m"": 9.4625, ""q"": 0.0243, ""c"": 0.741, ""capture"": 0.033, ""share"": 0.045, ""miss_deg"": 2.61, ""labels"": [30]}]"
2026_08_20/001,c2,v9,,vis,102.49,104.16,1.68,3.266,白杯2,267,0.491,0.2081,0.728,0.99,0.566,0.576,物品台,389.6407,1,0,12,白杯2,1,5,"[{""name"": ""白杯2"", ""m"": 81.06562, ""q"": 0.2081, ""c"": 0.2857, ""capture"": 0.728, ""share"": 0.491, ""miss_deg"": 0.8, ""labels"": [267]}, {""name"": ""球R"", ""m"": 45.94061, ""q"": 0.1179, ""c"": 0.1636, ""capture"": 0.721, ""share"": 0.278, ""miss_deg"": 0.81, ""labels"": [263]}, {""name"": ""红杯"", ""m"": 22.48989, ""q"": 0.0577, ""c"": 0.4899, ""capture"": 0.118, ""share"": 0.136, ""miss_deg"": 2.07, ""labels"": [49]}, {""name"": ""水瓶"", ""m"": 12.22272, ""q"": 0.0314, ""c"": 0.741, ""capture"": 0.042, ""share"": 0.074, ""miss_deg"": 2.51, ""labels"": [30]}, {""name"": ""白杯1"", ""m"": 3.46939, ""q"": 0.0089, ""c"": 0.3157, ""capture"": 0.028, ""share"": 0.021, ""miss_deg"": 2.67, ""labels"": [266]}]"
2026_08_20/001,c2,v9,,vis,104.33,104.98,0.65,3.267,白杯2,267,0.543,0.1868,0.654,0.82,0.47,0.656,物品台,389.6407,1,1,12,白杯2,1,5,"[{""name"": ""白杯2"", ""m"": 72.78351, ""q"": 0.1868, ""c"": 0.2857, ""capture"": 0.654, ""share"": 0.543, ""miss_deg"": 0.92, ""labels"": [267]}, {""name"": ""球R"", ""m"": 34.15093, ""q"": 0.0876, ""c"": 0.1636, ""capture"": 0.536, ""share"": 0.255, ""miss_deg"": 1.12, ""labels"": [263]}, {""name"": ""红杯"", ""m"": 13.5564, ""q"": 0.0348, ""c"": 0.4899, ""capture"": 0.071, ""share"": 0.101, ""miss_deg"": 2.3, ""labels"": [49]}, {""name"": ""水瓶"", ""m"": 12.29474, ""q"": 0.0316, ""c"": 0.741, ""capture"": 0.043, ""share"": 0.092, ""miss_deg"": 2.51, ""labels"": [30]}, {""name"": ""白杯1"", ""m"": 1.17506, ""q"": 0.003, ""c"": 0.3157, ""capture"": 0.01, ""share"": 0.009, ""miss_deg"": 3.05, ""labels"": [266]}]"
2026_08_20/001,c2,v9,,vis,105.03,105.36,0.32,3.247,球M,261,0.27,0.1143,0.698,0.451,0.87,0.577,物品台,389.6407,0,0,,,,6,"[{""name"": ""球M"", ""m"": 44.5216, ""q"": 0.1143, ""c"": 0.1636, ""capture"": 0.698, ""share"": 0.27, ""miss_deg"": 0.85, ""labels"": [261]}, {""name"": ""白杯1"", ""m"": 38.76284, ""q"": 0.0995, ""c"": 0.3157, ""capture"": 0.315, ""share"": 0.235, ""miss_deg"": 1.52, ""labels"": [266]}, {""name"": ""球R"", ""m"": 13.04909, ""q"": 0.0335, ""c"": 0.1636, ""capture"": 0.205, ""share"": 0.079, ""miss_deg"": 1.78, ""labels"": [263]}, {""name"": ""水瓶"", ""m"": 32.0778, ""q"": 0.0823, ""c"": 0.741, ""capture"": 0.111, ""share"": 0.195, ""miss_deg"": 2.1, ""labels"": [30]}, {""name"": ""香蕉"", ""m"": 35.39411, ""q"": 0.0908, ""c"": 0.8656, ""capture"": 0.105, ""share"": 0.215, ""miss_deg"": 2.12, ""labels"": [264]}, {""name"": ""红杯"", ""m"": 1.00881, ""q"": 0.0026, ""c"": 0.5012, ""capture"": 0.005, ""share"": 0.006, ""miss_deg"": 3.25, ""labels"": [49]}]"
2026_08_20/001,c2,v9,,vis,105.41,105.68,0.27,3.209,球R,263,0.437,0.2373,1.45,0.232,0.428,0.457,物品台,389.6407,1,0,,,,6,"[{""name"": ""球R"", ""m"": 92.45512, ""q"": 0.2373, ""c"": 0.1636, ""capture"": 1.45, ""share"": 0.437, ""miss_deg"": 0.0, ""labels"": [263]}, {""name"": ""白杯2"", ""m"": 39.49369, ""q"": 0.1014, ""c"": 0.3009, ""capture"": 0.337, ""share"": 0.187, ""miss_deg"": 1.48, ""labels"": [267]}, {""name"": ""白杯1"", ""m"": 34.47267, ""q"": 0.0885, ""c"": 0.3228, ""capture"": 0.274, ""share"": 0.163, ""miss_deg"": 1.61, ""labels"": [266]}, {""name"": ""红杯"", ""m"": 30.03562, ""q"": 0.0771, ""c"": 0.5012, ""capture"": 0.154, ""share"": 0.142, ""miss_deg"": 1.93, ""labels"": [49]}, {""name"": ""水瓶"", ""m"": 14.19116, ""q"": 0.0364, ""c"": 0.7477, ""capture"": 0.049, ""share"": 0.067, ""miss_deg"": 2.46, ""labels"": [30]}, {""name"": ""香蕉"", ""m"": 1.05049, ""q"": 0.0027, ""c"": 0.87, ""capture"": 0.003, ""share"": 0.005, ""miss_deg"": 3.4, ""labels"": [264]}]"
2026_08_20/001,c2,v9,,vis,105.98,106.36,0.38,3.24,球M,261,0.398,0.1411,0.863,0.287,0.286,0.645,物品台,389.6407,1,0,,,,6,"[{""name"": ""球M"", ""m"": 54.99129, ""q"": 0.1411, ""c"": 0.1636, ""capture"": 0.863, ""share"": 0.398, ""miss_deg"": 0.54, ""labels"": [261]}, {""name"": ""球L"", ""m"": 15.81515, ""q"": 0.0406, ""c"": 0.1636, ""capture"": 0.248, ""share"": 0.114, ""miss_deg"": 1.67, ""labels"": [259]}, {""name"": ""苹果红"", ""m"": 13.11959, ""q"": 0.0337, ""c"": 0.2228, ""capture"": 0.151, ""share"": 0.095, ""miss_deg"": 1.94, ""labels"": [260]}, {""name"": ""水瓶"", ""m"": 41.51372, ""q"": 0.1065, ""c"": 0.741, ""capture"": 0.144, ""share"": 0.3, ""miss_deg"": 1.97, ""labels"": [30]}, {""name"": ""香蕉"", ""m"": 12.79266, ""q"": 0.0328, ""c"": 0.8656, ""capture"": 0.038, ""share"": 0.093, ""miss_deg"": 2.56, ""labels"": [264]}, {""name"": ""红杯"", ""m"": 0.00029, ""q"": 0.0, ""c"": 0.5012, ""capture"": 0.0, ""share"": 0.0, ""miss_deg"": 5.18, ""labels"": [49]}]"
2026_08_20/001,c2,v9,,vis,106.41,108.01,1.6,3.228,球R,263,0.417,0.2357,1.44,0.272,0.499,0.435,物品台,389.6407,1,0,,,,6,"[{""name"": ""球R"", ""m"": 91.8196, ""q"": 0.2357, ""c"": 0.1636, ""capture"": 1.44, ""share"": 0.417, ""miss_deg"": 0.0, ""labels"": [263]}, {""name"": ""白杯2"", ""m"": 45.87892, ""q"": 0.1177, ""c"": 0.3009, ""capture"": 0.391, ""share"": 0.208, ""miss_deg"": 1.37, ""labels"": [267]}, {""name"": ""白杯1"", ""m"": 33.45368, ""q"": 0.0859, ""c"": 0.3228, ""capture"": 0.266, ""share"": 0.152, ""miss_deg"": 1.63, ""labels"": [266]}, {""name"": ""红杯"", ""m"": 35.46047, ""q"": 0.091, ""c"": 0.5012, ""capture"": 0.182, ""share"": 0.161, ""miss_deg"": 1.85, ""labels"": [49]}, {""name"": ""水瓶"", ""m"": 13.02791, ""q"": 0.0334, ""c"": 0.7477, ""capture"": 0.045, ""share"": 0.059, ""miss_deg"": 2.49, ""labels"": [30]}, {""name"": ""香蕉"", ""m"": 0.62866, ""q"": 0.0016, ""c"": 0.87, ""capture"": 0.002, ""share"": 0.003, ""miss_deg"": 3.55, ""labels"": [264]}]"
2026_08_20/001,c2,v9,,vis,108.07,114.03,5.96,3.237,白杯2,267,0.543,0.2051,0.681,0.852,0.462,0.622,物品台,389.6407,1,1,,,,5,"[{""name"": ""白杯2"", ""m"": 79.90412, ""q"": 0.2051, ""c"": 0.3009, ""capture"": 0.681, ""share"": 0.543, ""miss_deg"": 0.88, ""labels"": [267]}, {""name"": ""球R"", ""m"": 36.9944, ""q"": 0.0949, ""c"": 0.1636, ""capture"": 0.58, ""share"": 0.251, ""miss_deg"": 1.04, ""labels"": [263]}, {""name"": ""红杯"", ""m"": 16.74075, ""q"": 0.043, ""c"": 0.5012, ""capture"": 0.086, ""share"": 0.114, ""miss_deg"": 2.22, ""labels"": [49]}, {""name"": ""水瓶"", ""m"": 12.11262, ""q"": 0.0311, ""c"": 0.7477, ""capture"": 0.042, ""share"": 0.082, ""miss_deg"": 2.52, ""labels"": [30]}, {""name"": ""白杯1"", ""m"": 1.34761, ""q"": 0.0035, ""c"": 0.3157, ""capture"": 0.011, ""share"": 0.009, ""miss_deg"": 3.0, ""labels"": [266]}]"
2026_08_20/001,c2,v9,,vis,114.86,115.73,0.87,3.227,球L,259,0.437,0.1295,0.791,0.324,0.323,0.704,物品台,389.6407,1,0,,,,7,"[{""name"": ""球L"", ""m"": 50.45146, ""q"": 0.1295, ""c"": 0.1636, ""capture"": 0.791, ""share"": 0.437, ""miss_deg"": 0.68, ""labels"": [259]}, {""name"": ""球M"", ""m"": 16.29071, ""q"": 0.0418, ""c"": 0.1636, ""capture"": 0.256, ""share"": 0.141, ""miss_deg"": 1.65, ""labels"": [261]}, {""name"": ""苹果红"", ""m"": 19.10825, ""q"": 0.049, ""c"": 0.2228, ""capture"": 0.22, ""share"": 0.165, ""miss_deg"": 1.74, ""labels"": [260]}, {""name"": ""水瓶"", ""m"": 20.70891, ""q"": 0.0531, ""c"": 0.7477, ""capture"": 0.071, ""share"": 0.179, ""miss_deg"": 2.3, ""labels"": [30]}, {""name"": ""苹果粉"", ""m"": 2.46499, ""q"": 0.0063, ""c"": 0.3009, ""capture"": 0.021, ""share"": 0.021, ""miss_deg"": 2.78, ""labels"": [64, 250]}, {""name"": ""香蕉"", ""m"": 6.07879, ""q"": 0.0156, ""c"": 0.87, ""capture"": 0.018, ""share"": 0.053, ""miss_deg"": 2.84, ""labels"": [264]}, {""name"": ""橘子"", ""m"": 0.41314, ""q"": 0.0011, ""c"": 0.2062, ""capture"": 0.005, ""share"": 0.004, ""miss_deg"": 3.25, ""labels"": [262]}]"
2026_08_20/001,c2,v9,,vis,115.78,116.16,0.38,3.227,苹果粉,64,0.605,0.2038,0.677,0.77,0.418,0.663,物品台,389.6407,1,1,,,,6,"[{""name"": ""苹果粉"", ""m"": 79.40866, ""q"": 0.2038, ""c"": 0.3009, ""capture"": 0.677, ""share"": 0.605, ""miss_deg"": 0.88, ""labels"": [64, 250]}, {""name"": ""球L"", ""m"": 33.23224, ""q"": 0.0853, ""c"": 0.1636, ""capture"": 0.521, ""share"": 0.253, ""miss_deg"": 1.14, ""labels"": [259]}, {""name"": ""苹果红"", ""m"": 4.10822, ""q"": 0.0105, ""c"": 0.2228, ""capture"": 0.047, ""share"": 0.031, ""miss_deg"": 2.47, ""labels"": [260]}, {""name"": ""水瓶"", ""m"": 12.49188, ""q"": 0.0321, ""c"": 0.7477, ""capture"": 0.043, ""share"": 0.095, ""miss_deg"": 2.51, ""labels"": [30]}, {""name"": ""橘子"", ""m"": 1.16846, ""q"": 0.003, ""c"": 0.2062, ""capture"": 0.015, ""share"": 0.009, ""miss_deg"": 2.91, ""labels"": [262]}, {""name"": ""香蕉"", ""m"": 0.81687, ""q"": 0.0021, ""c"": 0.87, ""capture"": 0.002, ""share"": 0.006, ""miss_deg"": 3.47, ""labels"": [264]}]"
2026_08_20/001,c2,v9,,vis,116.4,116.78,0.38,3.232,球L,259,0.41,0.1153,0.705,0.572,1.051,0.718,物品台,389.6407,0,0,14,球L,1,6,"[{""name"": ""球L"", ""m"": 44.94118, ""q"": 0.1153, ""c"": 0.1636, ""capture"": 0.705, ""share"": 0.41, ""miss_deg"": 0.84, ""labels"": [259]}, {""name"": ""苹果粉"", ""m"": 47.24361, ""q"": 0.1212, ""c"": 0.3009, ""capture"": 0.403, ""share"": 0.431, ""miss_deg"": 1.35, ""labels"": [64, 250]}, {""name"": ""苹果红"", ""m"": 6.3066, ""q"": 0.0162, ""c"": 0.2228, ""capture"": 0.073, ""share"": 0.057, ""miss_deg"": 2.29, ""labels"": [260]}, {""name"": ""水瓶"", ""m"": 10.04296, ""q"": 0.0258, ""c"": 0.7477, ""capture"": 0.034, ""share"": 0.092, ""miss_deg"": 2.6, ""labels"": [30]}, {""name"": ""橘子"", ""m"": 0.68742, ""q"": 0.0018, ""c"": 0.2062, ""capture"": 0.009, ""share"": 0.006, ""miss_deg"": 3.09, ""labels"": [262]}, {""name"": ""香蕉"", ""m"": 0.50244, ""q"": 0.0013, ""c"": 0.87, ""capture"": 0.001, ""share"": 0.005, ""miss_deg"": 3.61, ""labels"": [264]}]"
2026_08_20/001,c2,v9,,vis,116.83,117.7,0.87,3.233,球L,259,0.347,0.1744,1.066,0.528,0.72,0.498,物品台,389.6407,0,0,14,球L,1,7,"[{""name"": ""球L"", ""m"": 67.95916, ""q"": 0.1744, ""c"": 0.1636, ""capture"": 1.066, ""share"": 0.347, ""miss_deg"": 0.0, ""labels"": [259]}, {""name"": ""苹果红"", ""m"": 48.86333, ""q"": 0.1254, ""c"": 0.2228, ""capture"": 0.563, ""share"": 0.25, ""miss_deg"": 1.07, ""labels"": [260]}, {""name"": ""球M"", ""m"": 17.56016, ""q"": 0.0451, ""c"": 0.1636, ""capture"": 0.275, ""share"": 0.09, ""miss_deg"": 1.61, ""labels"": [261]}, {""name"": ""水瓶"", ""m"": 36.89327, ""q"": 0.0947, ""c"": 0.7477, ""capture"": 0.127, ""share"": 0.189, ""miss_deg"": 2.03, ""labels"": [30]}, {""name"": ""苹果粉"", ""m"": 7.70834, ""q"": 0.0198, ""c"": 0.3009, ""capture"": 0.066, ""share"": 0.039, ""miss_deg"": 2.33, ""labels"": [64, 250]}, {""name"": ""香蕉"", ""m"": 14.31191, ""q"": 0.0367, ""c"": 0.87, ""capture"": 0.042, ""share"": 0.073, ""miss_deg"": 2.52, ""labels"": [264]}, {""name"": ""橘子"", ""m"": 2.29304, ""q"": 0.0059, ""c"": 0.2062, ""capture"": 0.029, ""share"": 0.012, ""miss_deg"": 2.67, ""labels"": [262]}]"
2026_08_20/001,c2,v9,,vis,118.25,119.17,0.92,3.211,球L,259,0.401,0.1889,1.155,0.477,0.648,0.529,物品台,389.6407,1,0,14,球L,1,7,"[{""name"": ""球L"", ""m"": 73.61276, ""q"": 0.1889, ""c"": 0.1636, ""capture"": 1.155, ""share"": 0.401, ""miss_deg"": 0.0, ""labels"": [259]}, {""name"": ""苹果红"", ""m"": 47.81482, ""q"": 0.1227, ""c"": 0.2228, ""capture"": 0.551, ""share"": 0.26, ""miss_deg"": 1.09, ""labels"": [260]}, {""name"": ""球M"", ""m"": 13.06608, ""q"": 0.0335, ""c"": 0.1636, ""capture"": 0.205, ""share"": 0.071, ""miss_deg"": 1.78, ""labels"": [261]}, {""name"": ""苹果粉"", ""m"": 11.83544, ""q"": 0.0304, ""c"": 0.3009, ""capture"": 0.101, ""share"": 0.064, ""miss_deg"": 2.14, ""labels"": [64, 250]}, {""name"": ""水瓶"", ""m"": 26.34837, ""q"": 0.0676, ""c"": 0.7477, ""capture"": 0.09, ""share"": 0.144, ""miss_deg"": 2.19, ""labels"": [30]}, {""name"": ""香蕉"", ""m"": 9.88427, ""q"": 0.0254, ""c"": 0.87, ""capture"": 0.029, ""share"": 0.054, ""miss_deg"": 2.66, ""labels"": [264]}, {""name"": ""橘子"", ""m"": 0.98931, ""q"": 0.0025, ""c"": 0.2062, ""capture"": 0.012, ""share"": 0.005, ""miss_deg"": 2.97, ""labels"": [262]}]"
2026_08_20/001,c2,v9,,vis,119.92,120.19,0.27,3.273,球L,259,0.504,0.1131,0.691,0.279,0.28,0.776,物品台,389.6407,1,1,14,球L,1,7,"[{""name"": ""球L"", ""m"": 44.06263, ""q"": 0.1131, ""c"": 0.1636, ""capture"": 0.691, ""share"": 0.504, ""miss_deg"": 0.86, ""labels"": [259]}, {""name"": ""球M"", ""m"": 12.33297, ""q"": 0.0317, ""c"": 0.1636, ""capture"": 0.193, ""share"": 0.141, ""miss_deg"": 1.81, ""labels"": [261]}, {""name"": ""苹果红"", ""m"": 12.91088, ""q"": 0.0331, ""c"": 0.2228, ""capture"": 0.149, ""share"": 0.148, ""miss_deg"": 1.95, ""labels"": [260]}, {""name"": ""水瓶"", ""m"": 12.92002, ""q"": 0.0332, ""c"": 0.741, ""capture"": 0.045, ""share"": 0.148, ""miss_deg"": 2.49, ""labels"": [30]}, {""name"": ""苹果粉"", ""m"": 2.76223, ""q"": 0.0071, ""c"": 0.3009, ""capture"": 0.024, ""share"": 0.032, ""miss_deg"": 2.74, ""labels"": [64, 250]}, {""name"": ""香蕉"", ""m"": 2.33462, ""q"": 0.006, ""c"": 0.8612, ""capture"": 0.007, ""share"": 0.027, ""miss_deg"": 3.15, ""labels"": [264]}, {""name"": ""橘子"", ""m"": 0.05983, ""q"": 0.0002, ""c"": 0.2062, ""capture"": 0.001, ""share"": 0.001, ""miss_deg"": 3.8, ""labels"": [262]}]"
2026_08_20/001,c2,v9,,vis,120.46,120.73,0.27,3.292,球M,261,0.499,0.2016,1.232,0.139,0.617,0.596,物品台,389.6407,1,0,,,,8,"[{""name"": ""球M"", ""m"": 78.53759, ""q"": 0.2016, ""c"": 0.1636, ""capture"": 1.232, ""share"": 0.499, ""miss_deg"": 0.0, ""labels"": [261]}, {""name"": ""水瓶"", ""m"": 48.43994, ""q"": 0.1243, ""c"": 0.7272, ""capture"": 0.171, ""share"": 0.308, ""miss_deg"": 1.88, ""labels"": [30]}, {""name"": ""苹果红"", ""m"": 5.7413, ""q"": 0.0147, ""c"": 0.2228, ""capture"": 0.066, ""share"": 0.036, ""miss_deg"": 2.33, ""labels"": [260]}, {""name"": ""香蕉"", ""m"": 21.89347, ""q"": 0.0562, ""c"": 0.8612, ""capture"": 0.065, ""share"": 0.139, ""miss_deg"": 2.34, ""labels"": [264]}, {""name"": ""球L"", ""m"": 1.16039, ""q"": 0.003, ""c"": 0.1636, ""capture"": 0.018, ""share"": 0.007, ""miss_deg"": 2.83, ""labels"": [259]}, {""name"": ""白杯1"", ""m"": 1.49963, ""q"": 0.0038, ""c"": 0.3157, ""capture"": 0.012, ""share"": 0.01, ""miss_deg"": 2.97, ""labels"": [266]}, {""name"": ""橘子"", ""m"": 0.01862, ""q"": 0.0, ""c"": 0.2062, ""capture"": 0.0, ""share"": 0.0, ""miss_deg"": 4.09, ""labels"": [262]}, {""name"": ""红杯"", ""m"": 0.01365, ""q"": 0.0, ""c"": 0.4843, ""capture"": 0.0, ""share"": 0.0, ""miss_deg"": 4.37, ""labels"": [49]}]"
2026_08_20/001,c2,v9,,vis,121.06,121.38,0.32,3.256,苹果粉,64,0.583,0.3109,1.033,0.801,0.436,0.467,物品台,389.6407,1,1,,,,6,"[{""name"": ""苹果粉"", ""m"": 121.12773, ""q"": 0.3109, ""c"": 0.3009, ""capture"": 1.033, ""share"": 0.583, ""miss_deg"": 0.0, ""labels"": [64, 250]}, {""name"": ""球L"", ""m"": 52.75036, ""q"": 0.1354, ""c"": 0.1636, ""capture"": 0.827, ""share"": 0.254, ""miss_deg"": 0.62, ""labels"": [259]}, {""name"": ""苹果红"", ""m"": 15.3116, ""q"": 0.0393, ""c"": 0.2228, ""capture"": 0.176, ""share"": 0.074, ""miss_deg"": 1.86, ""labels"": [260]}, {""name"": ""水瓶"", ""m"": 15.75881, ""q"": 0.0404, ""c"": 0.741, ""capture"": 0.055, ""share"": 0.076, ""miss_deg"": 2.41, ""labels"": [30]}, {""name"": ""橘子"", ""m"": 1.64307, ""q"": 0.0042, ""c"": 0.2062, ""capture"": 0.02, ""share"": 0.008, ""miss_deg"": 2.79, ""labels"": [262]}, {""name"": ""香蕉"", ""m"": 1.25726, ""q"": 0.0032, ""c"": 0.8656, ""capture"": 0.004, ""share"": 0.006, ""miss_deg"": 3.34, ""labels"": [264]}]"
2026_08_20/001,c2,v9,,vis,121.43,121.92,0.49,3.27,球L,259,0.402,0.2163,1.322,0.502,0.682,0.462,物品台,389.6407,1,0,,,,7,"[{""name"": ""球L"", ""m"": 84.29105, ""q"": 0.2163, ""c"": 0.1636, ""capture"": 1.322, ""share"": 0.402, ""miss_deg"": 0.0, ""labels"": [259]}, {""name"": ""苹果红"", ""m"": 57.54338, ""q"": 0.1477, ""c"": 0.2228, ""capture"": 0.663, ""share"": 0.274, ""miss_deg"": 0.91, ""labels"": [260]}, {""name"": ""苹果粉"", ""m"": 23.91861, ""q"": 0.0614, ""c"": 0.3009, ""capture"": 0.204, ""share"": 0.114, ""miss_deg"": 1.78, ""labels"": [64, 250]}, {""name"": ""球M"", ""m"": 6.72476, ""q"": 0.0173, ""c"": 0.1636, ""capture"": 0.105, ""share"": 0.032, ""miss_deg"": 2.12, ""labels"": [261]}, {""name"": ""水瓶"", ""m"": 25.1889, ""q"": 0.0646, ""c"": 0.741, ""capture"": 0.087, ""share"": 0.12, ""miss_deg"": 2.21, ""labels"": [30]}, {""name"": ""香蕉"", ""m"": 10.36764, ""q"": 0.0266, ""c"": 0.8612, ""capture"": 0.031, ""share"": 0.049, ""miss_deg"": 2.64, ""labels"": [264]}, {""name"": ""橘子"", ""m"": 1.76766, ""q"": 0.0045, ""c"": 0.2062, ""capture"": 0.022, ""share"": 0.008, ""miss_deg"": 2.76, ""labels"": [262]}]"
2026_08_20/001,c2,v9,,vis,121.98,123.01,1.04,3.244,苹果红,260,0.328,0.1977,0.887,0.741,0.543,0.396,物品台,389.6407,0,0,15,苹果红,1,7,"[{""name"": ""苹果红"", ""m"": 77.03468, ""q"": 0.1977, ""c"": 0.2228, ""capture"": 0.887, ""share"": 0.328, ""miss_deg"": 0.49, ""labels"": [260]}, {""name"": ""球L"", ""m"": 41.85798, ""q"": 0.1074, ""c"": 0.1636, ""capture"": 0.657, ""share"": 0.178, ""miss_deg"": 0.92, ""labels"": [259]}, {""name"": ""球M"", ""m"": 16.76519, ""q"": 0.043, ""c"": 0.1636, ""capture"": 0.263, ""share"": 0.071, ""miss_deg"": 1.63, ""labels"": [261]}, {""name"": ""水瓶"", ""m"": 66.58365, ""q"": 0.1709, ""c"": 0.741, ""capture"": 0.231, ""share"": 0.283, ""miss_deg"": 1.71, ""labels"": [30]}, {""name"": ""苹果粉"", ""m"": 11.29135, ""q"": 0.029, ""c"": 0.3009, ""capture"": 0.096, ""share"": 0.048, ""miss_deg"": 2.16, ""labels"": [64, 250]}, {""name"": ""香蕉"", ""m"": 18.89853, ""q"": 0.0485, ""c"": 0.8656, ""capture"": 0.056, ""share"": 0.08, ""miss_deg"": 2.4, ""labels"": [264]}, {""name"": ""橘子"", ""m"": 2.7171, ""q"": 0.007, ""c"": 0.2062, ""capture"": 0.034, ""share"": 0.012, ""miss_deg"": 2.6, ""labels"": [262]}]"
2026_08_20/001,c2,v9,,vis,123.07,125.78,2.71,3.247,球L,259,0.326,0.2001,1.223,0.697,0.948,0.386,物品台,389.6407,0,0,,,,7,"[{""name"": ""球L"", ""m"": 77.96444, ""q"": 0.2001, ""c"": 0.1636, ""capture"": 1.223, ""share"": 0.326, ""miss_deg"": 0.0, ""labels"": [259]}, {""name"": ""苹果红"", ""m"": 74.03104, ""q"": 0.19, ""c"": 0.2228, ""capture"": 0.853, ""share"": 0.309, ""miss_deg"": 0.56, ""labels"": [260]}, {""name"": ""苹果粉"", ""m"": 48.31574, ""q"": 0.124, ""c"": 0.3009, ""capture"": 0.412, ""share"": 0.202, ""miss_deg"": 1.33, ""labels"": [64, 250]}, {""name"": ""水瓶"", ""m"": 23.73221, ""q"": 0.0609, ""c"": 0.741, ""capture"": 0.082, ""share"": 0.099, ""miss_deg"": 2.24, ""labels"": [30]}, {""name"": ""香蕉"", ""m"": 11.42855, ""q"": 0.0293, ""c"": 0.8656, ""capture"": 0.034, ""share"": 0.048, ""miss_deg"": 2.6, ""labels"": [264]}, {""name"": ""橘子"", ""m"": 2.22296, ""q"": 0.0057, ""c"": 0.2062, ""capture"": 0.028, ""share"": 0.009, ""miss_deg"": 2.68, ""labels"": [262]}, {""name"": ""球M"", ""m"": 1.73487, ""q"": 0.0045, ""c"": 0.1636, ""capture"": 0.027, ""share"": 0.007, ""miss_deg"": 2.68, ""labels"": [261]}]"
2026_08_20/001,c2,v9,,vis,125.83,126.86,1.03,3.254,球L,259,0.267,0.1599,0.977,0.867,1.18,0.401,物品台,389.6407,0,0,,,,7,"[{""name"": ""球L"", ""m"": 62.30869, ""q"": 0.1599, ""c"": 0.1636, ""capture"": 0.977, ""share"": 0.267, ""miss_deg"": 0.21, ""labels"": [259]}, {""name"": ""苹果红"", ""m"": 73.49589, ""q"": 0.1886, ""c"": 0.2228, ""capture"": 0.847, ""share"": 0.315, ""miss_deg"": 0.58, ""labels"": [260]}, {""name"": ""球M"", ""m"": 15.89365, ""q"": 0.0408, ""c"": 0.1636, ""capture"": 0.249, ""share"": 0.068, ""miss_deg"": 1.67, ""labels"": [261]}, {""name"": ""水瓶"", ""m"": 46.37784, ""q"": 0.119, ""c"": 0.741, ""capture"": 0.161, ""share"": 0.199, ""miss_deg"": 1.91, ""labels"": [30]}, {""name"": ""苹果粉"", ""m"": 14.8507, ""q"": 0.0381, ""c"": 0.3009, ""capture"": 0.127, ""share"": 0.064, ""miss_deg"": 2.03, ""labels"": [64, 250]}, {""name"": ""香蕉"", ""m"": 18.31394, ""q"": 0.047, ""c"": 0.8656, ""capture"": 0.054, ""share"": 0.079, ""miss_deg"": 2.41, ""labels"": [264]}, {""name"": ""橘子"", ""m"": 2.04375, ""q"": 0.0052, ""c"": 0.2062, ""capture"": 0.025, ""share"": 0.009, ""miss_deg"": 2.71, ""labels"": [262]}]"
2026_08_20/001,c2,v9,,vis,127.18,127.45,0.27,3.24,球L,259,0.398,0.2323,1.42,0.486,0.661,0.416,物品台,389.6407,1,0,,,,7,"[{""name"": ""球L"", ""m"": 90.50972, ""q"": 0.2323, ""c"": 0.1636, ""capture"": 1.42, ""share"": 0.398, ""miss_deg"": 0.0, ""labels"": [259]}, {""name"": ""苹果红"", ""m"": 59.85896, ""q"": 0.1536, ""c"": 0.2228, ""capture"": 0.69, ""share"": 0.263, ""miss_deg"": 0.86, ""labels"": [260]}, {""name"": ""苹果粉"", ""m"": 46.573, ""q"": 0.1195, ""c"": 0.3009, ""capture"": 0.397, ""share"": 0.205, ""miss_deg"": 1.36, ""labels"": [64, 250]}, {""name"": ""水瓶"", ""m"": 19.2611, ""q"": 0.0494, ""c"": 0.741, ""capture"": 0.067, ""share"": 0.085, ""miss_deg"": 2.33, ""labels"": [30]}, {""name"": ""橘子"", ""m"": 1.9577, ""q"": 0.005, ""c"": 0.2062, ""capture"": 0.024, ""share"": 0.009, ""miss_deg"": 2.73, ""labels"": [262]}, {""name"": ""香蕉"", ""m"": 8.0056, ""q"": 0.0205, ""c"": 0.8656, ""capture"": 0.024, ""share"": 0.035, ""miss_deg"": 2.74, ""labels"": [264]}, {""name"": ""球M"", ""m"": 1.33857, ""q"": 0.0034, ""c"": 0.1636, ""capture"": 0.021, ""share"": 0.006, ""miss_deg"": 2.78, ""labels"": [261]}]"
2026_08_20/001,c2,v9,,vis,128.3,128.57,0.27,3.701,,-1,0.0,0.0,,,,1.0,object#17,389.6407,0,0,,,,0,[]
2026_08_20/001,c2,v9,,vis,129.49,129.76,0.27,2.412,,-1,0.0,0.0,,,,1.0,floor,389.6407,0,0,,,,0,[]
2026_08_20/001,c2,v9,,vis,130.99,131.31,0.32,1.978,,-1,0.0,0.0,,,,1.0,object#14,389.6407,0,0,,,,0,[]
2026_08_20/001,c2,v9,,vis,132.14,133.06,0.92,0.888,,-1,0.0,0.0,,,,1.0,object#34,389.6407,0,0,,,,0,[]
2026_08_20/001,c2,v9,,vis,133.6,133.98,0.38,0.751,,-1,0.0,0.0,,,,1.0,object#14,389.6407,0,0,,,,0,[]
2026_08_20/001,c2,v9,,vis,134.04,134.74,0.7,0.707,,-1,0.0,0.0,,,,1.0,object#88,389.6407,0,0,,,,0,[]
2026_08_20/002,c4,v9,beyond_occ,vis,8.84,9.44,0.6,4.11,球M,261,0.31,0.075,0.824,0.891,1.074,0.758,物品台,389.6407,0,0,,,,6,"[{""name"": ""球M"", ""m"": 29.20368, ""q"": 0.075, ""c"": 0.091, ""capture"": 0.824, ""share"": 0.31, ""miss_deg"": 0.62, ""labels"": [261]}, {""name"": ""球R"", ""m"": 31.35872, ""q"": 0.0805, ""c"": 0.1097, ""capture"": 0.734, ""share"": 0.333, ""miss_deg"": 0.79, ""labels"": [263]}, {""name"": ""球L"", ""m"": 11.67264, ""q"": 0.03, ""c"": 0.1097, ""capture"": 0.273, ""share"": 0.124, ""miss_deg"": 1.61, ""labels"": [259]}, {""name"": ""白杯2"", ""m"": 12.35163, ""q"": 0.0317, ""c"": 0.1892, ""capture"": 0.168, ""share"": 0.131, ""miss_deg"": 1.89, ""labels"": [267]}, {""name"": ""白杯1"", ""m"": 4.75153, ""q"": 0.0122, ""c"": 0.2228, ""capture"": 0.055, ""share"": 0.05, ""miss_deg"": 2.41, ""labels"": [266]}, {""name"": ""水瓶"", ""m"": 4.89478, ""q"": 0.0126, ""c"": 0.5444, ""capture"": 0.023, ""share"": 0.052, ""miss_deg"": 2.75, ""labels"": [30]}]"
2026_08_20/002,c4,v9,beyond_occ,vis,9.71,9.98,0.27,3.306,,-1,0.0,0.0,,,,1.0,floor,389.6407,0,0,,,,0,[]
2026_08_20/002,c4,v9,beyond_occ,vis,10.36,11.06,0.7,2.929,,-1,0.0,0.0,,,,1.0,floor,389.6407,0,0,,,,0,[]
2026_08_20/002,c4,v9,beyond_occ,vis,11.17,11.77,0.6,3.253,,-1,0.0,0.0,,,,1.0,floor,389.6407,0,0,,,,0,[]
2026_08_20/002,c4,v9,beyond_occ,vis,11.88,12.15,0.27,2.996,,-1,0.0,0.0,,,,1.0,floor,389.6407,0,0,,,,0,[]
2026_08_20/002,c4,v9,beyond_occ,vis,12.88,15.05,2.17,4.182,球M,261,0.297,0.0976,1.073,0.77,0.926,0.671,物品台,389.6407,0,0,4,球M,1,7,"[{""name"": ""球M"", ""m"": 38.04839, ""q"": 0.0976, ""c"": 0.091, ""capture"": 1.073, ""share"": 0.297, ""miss_deg"": 0.0, ""labels"": [261]}, {""name"": ""球L"", ""m"": 35.30463, ""q"": 0.0906, ""c"": 0.1097, ""capture"": 0.826, ""share"": 0.275, ""miss_deg"": 0.62, ""labels"": [259]}, {""name"": ""球R"", ""m"": 21.21877, ""q"": 0.0545, ""c"": 0.1097, ""capture"": 0.497, ""share"": 0.165, ""miss_deg"": 1.18, ""labels"": [263]}, {""name"": ""白杯2"", ""m"": 10.52619, ""q"": 0.027, ""c"": 0.1636, ""capture"": 0.165, ""share"": 0.082, ""miss_deg"": 1.9, ""labels"": [267]}, {""name"": ""白杯1"", ""m"": 7.71122, ""q"": 0.0198, ""c"": 0.2228, ""capture"": 0.089, ""share"": 0.06, ""miss_deg"": 2.2, ""labels"": [266]}, {""name"": ""水瓶"", ""m"": 13.55076, ""q"": 0.0348, ""c"": 0.5444, ""capture"": 0.064, ""share"": 0.106, ""miss_deg"": 2.35, ""labels"": [30]}, {""name"": ""苹果红"", ""m"": 1.92464, ""q"": 0.0049, ""c"": 0.1459, ""capture"": 0.034, ""share"": 0.015, ""miss_deg"": 2.6, ""labels"": [260]}]"
2026_08_20/002,c4,v9,beyond_occ,vis,15.1,15.53,0.43,4.121,球L,259,0.882,0.007,0.063,0.095,0.128,0.992,object#35,389.6407,0,0,6,球L,1,4,"[{""name"": ""球L"", ""m"": 2.71022, ""q"": 0.007, ""c"": 0.1097, ""capture"": 0.063, ""share"": 0.882, ""miss_deg"": 2.35, ""labels"": [259]}, {""name"": ""苹果红"", ""m"": 0.34633, ""q"": 0.0009, ""c"": 0.1459, ""capture"": 0.006, ""share"": 0.113, ""miss_deg"": 3.19, ""labels"": [260]}, {""name"": ""苹果粉"", ""m"": 0.01577, ""q"": 0.0, ""c"": 0.2062, ""capture"": 0.0, ""share"": 0.005, ""miss_deg"": 4.13, ""labels"": [64]}, {""name"": ""水瓶"", ""m"": 0.00131, ""q"": 0.0, ""c"": 0.5444, ""capture"": 0.0, ""share"": 0.0, ""miss_deg"": 4.9, ""labels"": [30]}]"
2026_08_20/002,c4,v9,beyond_occ,vis,15.59,17.0,1.41,4.185,球L,259,0.692,0.0209,0.191,0.424,0.351,0.97,object#35,389.6407,0,0,6,球L,1,4,"[{""name"": ""球L"", ""m"": 8.15489, ""q"": 0.0209, ""c"": 0.1097, ""capture"": 0.191, ""share"": 0.692, ""miss_deg"": 1.82, ""labels"": [259]}, {""name"": ""球M"", ""m"": 2.86212, ""q"": 0.0073, ""c"": 0.091, ""capture"": 0.081, ""share"": 0.243, ""miss_deg"": 2.24, ""labels"": [261]}, {""name"": ""苹果红"", ""m"": 0.34576, ""q"": 0.0009, ""c"": 0.1459, ""capture"": 0.006, ""share"": 0.029, ""miss_deg"": 3.19, ""labels"": [260]}, {""name"": ""水瓶"", ""m"": 0.41584, ""q"": 0.0011, ""c"": 0.5444, ""capture"": 0.002, ""share"": 0.035, ""miss_deg"": 3.53, ""labels"": [30]}]"
2026_08_20/002,c4,v9,beyond_occ,vis,17.05,17.76,0.7,4.202,球L,259,0.687,0.0375,0.342,0.211,0.176,0.945,object#35,389.6407,1,1,6,球L,1,5,"[{""name"": ""球L"", ""m"": 14.63043, ""q"": 0.0375, ""c"": 0.1097, ""capture"": 0.342, ""share"": 0.687, ""miss_deg"": 1.46, ""labels"": [259]}, {""name"": ""球M"", ""m"": 2.57001, ""q"": 0.0066, ""c"": 0.091, ""capture"": 0.072, ""share"": 0.121, ""miss_deg"": 2.29, ""labels"": [261]}, {""name"": ""苹果红"", ""m"": 2.79916, ""q"": 0.0072, ""c"": 0.1459, ""capture"": 0.049, ""share"": 0.132, ""miss_deg"": 2.45, ""labels"": [260]}, {""name"": ""水瓶"", ""m"": 1.11926, ""q"": 0.0029, ""c"": 0.5444, ""capture"": 0.005, ""share"": 0.053, ""miss_deg"": 3.24, ""labels"": [30]}, {""name"": ""苹果粉"", ""m"": 0.16582, ""q"": 0.0004, ""c"": 0.2062, ""capture"": 0.002, ""share"": 0.008, ""miss_deg"": 3.52, ""labels"": [64]}]"
2026_08_20/002,c4,v9,beyond_occ,vis,17.88,18.86,0.97,4.216,球L,259,0.56,0.0214,0.195,0.267,0.334,0.962,object#35,389.6407,0,0,6,球L,1,5,"[{""name"": ""球L"", ""m"": 8.32246, ""q"": 0.0214, ""c"": 0.1097, ""capture"": 0.195, ""share"": 0.56, ""miss_deg"": 1.81, ""labels"": [259]}, {""name"": ""苹果红"", ""m"": 2.78531, ""q"": 0.0071, ""c"": 0.1369, ""capture"": 0.052, ""share"": 0.187, ""miss_deg"": 2.43, ""labels"": [260]}, {""name"": ""苹果粉"", ""m"": 2.76521, ""q"": 0.0071, ""c"": 0.1892, ""capture"": 0.038, ""share"": 0.186, ""miss_deg"": 2.56, ""labels"": [64]}, {""name"": ""球M"", ""m"": 0.36089, ""q"": 0.0009, ""c"": 0.091, ""capture"": 0.01, ""share"": 0.024, ""miss_deg"": 3.03, ""labels"": [261]}, {""name"": ""水瓶"", ""m"": 0.62475, ""q"": 0.0016, ""c"": 0.5444, ""capture"": 0.003, ""share"": 0.042, ""miss_deg"": 3.41, ""labels"": [30]}]"
2026_08_20/002,c4,v9,beyond_occ,vis,18.91,22.75,3.85,4.233,球L,259,0.508,0.0653,0.717,0.477,0.476,0.872,object#35,389.6407,1,1,6,球L,1,7,"[{""name"": ""球L"", ""m"": 25.43274, ""q"": 0.0653, ""c"": 0.091, ""capture"": 0.717, ""share"": 0.508, ""miss_deg"": 0.82, ""labels"": [259]}, {""name"": ""球M"", ""m"": 12.13289, ""q"": 0.0311, ""c"": 0.091, ""capture"": 0.342, ""share"": 0.242, ""miss_deg"": 1.46, ""labels"": [261]}, {""name"": ""苹果红"", ""m"": 5.53661, ""q"": 0.0142, ""c"": 0.1369, ""capture"": 0.104, ""share"": 0.111, ""miss_deg"": 2.13, ""labels"": [260]}, {""name"": ""球R"", ""m"": 1.90491, ""q"": 0.0049, ""c"": 0.091, ""capture"": 0.054, ""share"": 0.038, ""miss_deg"": 2.42, ""labels"": [263]}, {""name"": ""水瓶"", ""m"": 4.27351, ""q"": 0.011, ""c"": 0.5338, ""capture"": 0.021, ""share"": 0.085, ""miss_deg"": 2.79, ""labels"": [30]}, {""name"": ""白杯1"", ""m"": 0.75656, ""q"": 0.0019, ""c"": 0.2062, ""capture"": 0.009, ""share"": 0.015, ""miss_deg"": 3.05, ""labels"": [266]}, {""name"": ""苹果粉"", ""m"": 0.02961, ""q"": 0.0001, ""c"": 0.1892, ""capture"": 0.0, ""share"": 0.001, ""miss_deg"": 3.95, ""labels"": [64]}]"
2026_08_20/002,c4,v9,beyond_occ,vis,22.81,23.08,0.27,4.259,球R,263,0.381,0.0283,0.311,0.968,0.969,0.926,物品台,389.6407,0,0,,,,6,"[{""name"": ""球R"", ""m"": 11.0155, ""q"": 0.0283, ""c"": 0.091, ""capture"": 0.311, ""share"": 0.381, ""miss_deg"": 1.53, ""labels"": [263]}, {""name"": ""球M"", ""m"": 10.67445, ""q"": 0.0274, ""c"": 0.091, ""capture"": 0.301, ""share"": 0.369, ""miss_deg"": 1.55, ""labels"": [261]}, {""name"": ""球L"", ""m"": 2.97595, ""q"": 0.0076, ""c"": 0.091, ""capture"": 0.084, ""share"": 0.103, ""miss_deg"": 2.23, ""labels"": [259]}, {""name"": ""白杯2"", ""m"": 1.08605, ""q"": 0.0028, ""c"": 0.1636, ""capture"": 0.017, ""share"": 0.038, ""miss_deg"": 2.85, ""labels"": [267]}, {""name"": ""水瓶"", ""m"": 2.72293, ""q"": 0.007, ""c"": 0.5232, ""capture"": 0.013, ""share"": 0.094, ""miss_deg"": 2.94, ""labels"": [30]}, {""name"": ""白杯1"", ""m"": 0.46764, ""q"": 0.0012, ""c"": 0.2062, ""capture"": 0.006, ""share"": 0.016, ""miss_deg"": 3.21, ""labels"": [266]}]"
2026_08_20/002,c4,v9,beyond_occ,vis,23.13,23.78,0.65,4.231,球L,259,0.815,0.0148,0.163,0.141,0.14,0.982,object#35,389.6407,0,0,,,,4,"[{""name"": ""球L"", ""m"": 5.762, ""q"": 0.0148, ""c"": 0.091, ""capture"": 0.163, ""share"": 0.815, ""miss_deg"": 1.91, ""labels"": [259]}, {""name"": ""球M"", ""m"": 0.80893, ""q"": 0.0021, ""c"": 0.091, ""capture"": 0.023, ""share"": 0.114, ""miss_deg"": 2.75, ""labels"": [261]}, {""name"": ""苹果红"", ""m"": 0.35672, ""q"": 0.0009, ""c"": 0.1369, ""capture"": 0.007, ""share"": 0.05, ""miss_deg"": 3.16, ""labels"": [260]}, {""name"": ""水瓶"", ""m"": 0.13818, ""q"": 0.0004, ""c"": 0.5338, ""capture"": 0.001, ""share"": 0.02, ""miss_deg"": 3.83, ""labels"": [30]}]"
2026_08_20/002,c4,v9,beyond_occ,vis,24.01,24.66,0.65,4.252,球M,261,0.346,0.0523,0.574,0.855,0.855,0.849,物品台,389.6407,0,0,,,,7,"[{""name"": ""球M"", ""m"": 20.36473, ""q"": 0.0523, ""c"": 0.091, ""capture"": 0.574, ""share"": 0.346, ""miss_deg"": 1.05, ""labels"": [261]}, {""name"": ""球L"", ""m"": 17.40893, ""q"": 0.0447, ""c"": 0.091, ""capture"": 0.491, ""share"": 0.296, ""miss_deg"": 1.19, ""labels"": [259]}, {""name"": ""球R"", ""m"": 12.90231, ""q"": 0.0331, ""c"": 0.091, ""capture"": 0.364, ""share"": 0.219, ""miss_deg"": 1.42, ""labels"": [263]}, {""name"": ""白杯2"", ""m"": 2.40121, ""q"": 0.0062, ""c"": 0.1636, ""capture"": 0.038, ""share"": 0.041, ""miss_deg"": 2.56, ""labels"": [267]}, {""name"": ""白杯1"", ""m"": 1.81696, ""q"": 0.0047, ""c"": 0.2062, ""capture"": 0.023, ""share"": 0.031, ""miss_deg"": 2.75, ""labels"": [266]}, {""name"": ""水瓶"", ""m"": 3.88292, ""q"": 0.01, ""c"": 0.5232, ""capture"": 0.019, ""share"": 0.066, ""miss_deg"": 2.81, ""labels"": [30]}, {""name"": ""苹果红"", ""m"": 0.02586, ""q"": 0.0001, ""c"": 0.1369, ""capture"": 0.0, ""share"": 0.0, ""miss_deg"": 3.91, ""labels"": [260]}]"
2026_08_20/002,c4,v9,beyond_occ,vis,24.93,28.4,3.47,4.256,球L,259,0.298,0.1102,1.211,0.845,0.846,0.63,物品台,389.6407,0,0,8,球L,1,8,"[{""name"": ""球L"", ""m"": 42.92367, ""q"": 0.1102, ""c"": 0.091, ""capture"": 1.211, ""share"": 0.298, ""miss_deg"": 0.0, ""labels"": [259]}, {""name"": ""球M"", ""m"": 36.28478, ""q"": 0.0931, ""c"": 0.091, ""capture"": 1.023, ""share"": 0.252, ""miss_deg"": 0.0, ""labels"": [261]}, {""name"": ""球R"", ""m"": 18.40093, ""q"": 0.0472, ""c"": 0.091, ""capture"": 0.519, ""share"": 0.128, ""miss_deg"": 1.15, ""labels"": [263]}, {""name"": ""白杯2"", ""m"": 12.80636, ""q"": 0.0329, ""c"": 0.1636, ""capture"": 0.201, ""share"": 0.089, ""miss_deg"": 1.79, ""labels"": [267]}, {""name"": ""苹果红"", ""m"": 6.73279, ""q"": 0.0173, ""c"": 0.1369, ""capture"": 0.126, ""share"": 0.047, ""miss_deg"": 2.03, ""labels"": [260]}, {""name"": ""水瓶"", ""m"": 19.85663, ""q"": 0.051, ""c"": 0.5232, ""capture"": 0.097, ""share"": 0.138, ""miss_deg"": 2.16, ""labels"": [30]}, {""name"": ""白杯1"", ""m"": 6.7406, ""q"": 0.0173, ""c"": 0.2062, ""capture"": 0.084, ""share"": 0.047, ""miss_deg"": 2.23, ""labels"": [266]}, {""name"": ""红杯"", ""m"": 0.24859, ""q"": 0.0006, ""c"": 0.3157, ""capture"": 0.002, ""share"": 0.002, ""miss_deg"": 3.52, ""labels"": [49]}]"
2026_08_20/002,c4,v9,beyond_occ,vis,28.45,29.53,1.08,4.26,球M,261,0.368,0.0355,0.39,0.918,0.918,0.904,物品台,389.6407,0,0,10,球M,1,6,"[{""name"": ""球M"", ""m"": 13.8417, ""q"": 0.0355, ""c"": 0.091, ""capture"": 0.39, ""share"": 0.368, ""miss_deg"": 1.37, ""labels"": [261]}, {""name"": ""球R"", ""m"": 12.70387, ""q"": 0.0326, ""c"": 0.091, ""capture"": 0.358, ""share"": 0.338, ""miss_deg"": 1.43, ""labels"": [263]}, {""name"": ""球L"", ""m"": 6.27663, ""q"": 0.0161, ""c"": 0.091, ""capture"": 0.177, ""share"": 0.167, ""miss_deg"": 1.86, ""labels"": [259]}, {""name"": ""白杯2"", ""m"": 1.49835, ""q"": 0.0038, ""c"": 0.1636, ""capture"": 0.024, ""share"": 0.04, ""miss_deg"": 2.74, ""labels"": [267]}, {""name"": ""白杯1"", ""m"": 0.9574, ""q"": 0.0025, ""c"": 0.2062, ""capture"": 0.012, ""share"": 0.025, ""miss_deg"": 2.98, ""labels"": [266]}, {""name"": ""水瓶"", ""m"": 2.30311, ""q"": 0.0059, ""c"": 0.5232, ""capture"": 0.011, ""share"": 0.061, ""miss_deg"": 2.99, ""labels"": [30]}]"
2026_08_20/002,c4,v9,beyond_occ,vis,29.59,33.43,3.85,4.269,球L,259,0.343,0.0862,0.947,0.812,0.81,0.749,物品台,389.6407,0,0,11,球L,1,8,"[{""name"": ""球L"", ""m"": 33.58008, ""q"": 0.0862, ""c"": 0.091, ""capture"": 0.947, ""share"": 0.343, ""miss_deg"": 0.33, ""labels"": [259]}, {""name"": ""球M"", ""m"": 27.25126, ""q"": 0.0699, ""c"": 0.091, ""capture"": 0.769, ""share"": 0.278, ""miss_deg"": 0.73, ""labels"": [261]}, {""name"": ""球R"", ""m"": 13.35401, ""q"": 0.0343, ""c"": 0.091, ""capture"": 0.377, ""share"": 0.136, ""miss_deg"": 1.4, ""labels"": [263]}, {""name"": ""白杯2"", ""m"": 5.03787, ""q"": 0.0129, ""c"": 0.1636, ""capture"": 0.079, ""share"": 0.051, ""miss_deg"": 2.25, ""labels"": [267]}, {""name"": ""苹果红"", ""m"": 3.47818, ""q"": 0.0089, ""c"": 0.1369, ""capture"": 0.065, ""share"": 0.036, ""miss_deg"": 2.34, ""labels"": [260]}, {""name"": ""白杯1"", ""m"": 4.57848, ""q"": 0.0118, ""c"": 0.2062, ""capture"": 0.057, ""share"": 0.047, ""miss_deg"": 2.39, ""labels"": [266]}, {""name"": ""水瓶"", ""m"": 10.53083, ""q"": 0.027, ""c"": 0.5232, ""capture"": 0.052, ""share"": 0.108, ""miss_deg"": 2.43, ""labels"": [30]}, {""name"": ""红杯"", ""m"": 0.10957, ""q"": 0.0003, ""c"": 0.3157, ""capture"": 0.001, ""share"": 0.001, ""miss_deg"": 3.75, ""labels"": [49]}]"
2026_08_20/002,c4,v9,beyond_occ,vis,33.65,37.22,3.57,4.283,球L,259,0.295,0.0896,0.984,0.939,0.939,0.697,物品台,389.6407,0,0,11,球L,1,7,"[{""name"": ""球L"", ""m"": 34.89722, ""q"": 0.0896, ""c"": 0.091, ""capture"": 0.984, ""share"": 0.295, ""miss_deg"": 0.18, ""labels"": [259]}, {""name"": ""球M"", ""m"": 32.7564, ""q"": 0.0841, ""c"": 0.091, ""capture"": 0.924, ""share"": 0.277, ""miss_deg"": 0.4, ""labels"": [261]}, {""name"": ""球R"", ""m"": 18.34631, ""q"": 0.0471, ""c"": 0.091, ""capture"": 0.517, ""share"": 0.155, ""miss_deg"": 1.15, ""labels"": [263]}, {""name"": ""白杯2"", ""m"": 9.66179, ""q"": 0.0248, ""c"": 0.1636, ""capture"": 0.152, ""share"": 0.082, ""miss_deg"": 1.94, ""labels"": [267]}, {""name"": ""白杯1"", ""m"": 5.73184, ""q"": 0.0147, ""c"": 0.2062, ""capture"": 0.071, ""share"": 0.048, ""miss_deg"": 2.3, ""labels"": [266]}, {""name"": ""水瓶"", ""m"": 13.792, ""q"": 0.0354, ""c"": 0.5232, ""capture"": 0.068, ""share"": 0.117, ""miss_deg"": 2.32, ""labels"": [30]}, {""name"": ""苹果红"", ""m"": 3.00061, ""q"": 0.0077, ""c"": 0.1369, ""capture"": 0.056, ""share"": 0.025, ""miss_deg"": 2.4, ""labels"": [260]}]"
2026_08_20/002,c4,v9,beyond_occ,vis,37.37,38.29,0.92,4.288,球L,259,0.592,0.0469,0.515,0.332,0.333,0.921,object#35,389.6407,1,1,11,球L,1,6,"[{""name"": ""球L"", ""m"": 18.27606, ""q"": 0.0469, ""c"": 0.091, ""capture"": 0.515, ""share"": 0.592, ""miss_deg"": 1.15, ""labels"": [259]}, {""name"": ""球M"", ""m"": 6.07638, ""q"": 0.0156, ""c"": 0.091, ""capture"": 0.171, ""share"": 0.197, ""miss_deg"": 1.88, ""labels"": [261]}, {""name"": ""苹果红"", ""m"": 4.2084, ""q"": 0.0108, ""c"": 0.1369, ""capture"": 0.079, ""share"": 0.136, ""miss_deg"": 2.25, ""labels"": [260]}, {""name"": ""球R"", ""m"": 0.3643, ""q"": 0.0009, ""c"": 0.091, ""capture"": 0.01, ""share"": 0.012, ""miss_deg"": 3.03, ""labels"": [263]}, {""name"": ""水瓶"", ""m"": 1.92527, ""q"": 0.0049, ""c"": 0.5232, ""capture"": 0.009, ""share"": 0.062, ""miss_deg"": 3.05, ""labels"": [30]}, {""name"": ""苹果粉"", ""m"": 0.00107, ""q"": 0.0, ""c"": 0.1892, ""capture"": 0.0, ""share"": 0.0, ""miss_deg"": 4.72, ""labels"": [64]}]"
2026_08_20/002,c4,v9,beyond_occ,vis,38.34,42.4,4.06,4.308,球L,259,0.407,0.0973,1.07,0.454,0.455,0.761,物品台,389.6407,1,0,11,球L,1,9,"[{""name"": ""球L"", ""m"": 37.92267, ""q"": 0.0973, ""c"": 0.091, ""capture"": 1.07, ""share"": 0.407, ""miss_deg"": 0.0, ""labels"": [259]}, {""name"": ""球M"", ""m"": 17.23316, ""q"": 0.0442, ""c"": 0.091, ""capture"": 0.486, ""share"": 0.185, ""miss_deg"": 1.2, ""labels"": [261]}, {""name"": ""苹果红"", ""m"": 13.80411, ""q"": 0.0354, ""c"": 0.1369, ""capture"": 0.259, ""share"": 0.148, ""miss_deg"": 1.64, ""labels"": [260]}, {""name"": ""球R"", ""m"": 5.24407, ""q"": 0.0135, ""c"": 0.091, ""capture"": 0.148, ""share"": 0.056, ""miss_deg"": 1.96, ""labels"": [263]}, {""name"": ""水瓶"", ""m"": 12.84416, ""q"": 0.033, ""c"": 0.5232, ""capture"": 0.063, ""share"": 0.138, ""miss_deg"": 2.35, ""labels"": [30]}, {""name"": ""白杯1"", ""m"": 3.1415, ""q"": 0.0081, ""c"": 0.2062, ""capture"": 0.039, ""share"": 0.034, ""miss_deg"": 2.55, ""labels"": [266]}, {""name"": ""白杯2"", ""m"": 1.96487, ""q"": 0.005, ""c"": 0.1636, ""capture"": 0.031, ""share"": 0.021, ""miss_deg"": 2.64, ""labels"": [267]}, {""name"": ""苹果粉"", ""m"": 0.54091, ""q"": 0.0014, ""c"": 0.1636, ""capture"": 0.008, ""share"": 0.006, ""miss_deg"": 3.09, ""labels"": [64]}, {""name"": ""红杯"", ""m"": 0.44215, ""q"": 0.0011, ""c"": 0.3157, ""capture"": 0.004, ""share"": 0.005, ""miss_deg"": 3.36, ""labels"": [49]}]"
2026_08_20/002,c4,v9,beyond_occ,vis,42.54,47.25,4.71,4.278,球L,259,0.349,0.1079,1.186,0.438,0.659,0.691,object#35,389.6407,0,0,11,球L,1,11,"[{""name"": ""球L"", ""m"": 42.05767, ""q"": 0.1079, ""c"": 0.091, ""capture"": 1.186, ""share"": 0.349, ""miss_deg"": 0.0, ""labels"": [259]}, {""name"": ""苹果红"", ""m"": 27.7381, ""q"": 0.0712, ""c"": 0.1369, ""capture"": 0.52, ""share"": 0.23, ""miss_deg"": 1.14, ""labels"": [260]}, {""name"": ""球M"", ""m"": 13.99565, ""q"": 0.0359, ""c"": 0.091, ""capture"": 0.395, ""share"": 0.116, ""miss_deg"": 1.36, ""labels"": [261]}, {""name"": ""苹果粉"", ""m"": 7.99923, ""q"": 0.0205, ""c"": 0.1892, ""capture"": 0.108, ""share"": 0.066, ""miss_deg"": 2.11, ""labels"": [64]}, {""name"": ""水瓶"", ""m"": 20.02503, ""q"": 0.0514, ""c"": 0.5232, ""capture"": 0.098, ""share"": 0.166, ""miss_deg"": 2.15, ""labels"": [30]}, {""name"": ""球R"", ""m"": 2.56447, ""q"": 0.0066, ""c"": 0.091, ""capture"": 0.072, ""share"": 0.021, ""miss_deg"": 2.29, ""labels"": [263]}, {""name"": ""白杯1"", ""m"": 2.57347, ""q"": 0.0066, ""c"": 0.2062, ""capture"": 0.032, ""share"": 0.021, ""miss_deg"": 2.62, ""labels"": [266]}, {""name"": ""白杯2"", ""m"": 1.87418, ""q"": 0.0048, ""c"": 0.1636, ""capture"": 0.029, ""share"": 0.016, ""miss_deg"": 2.66, ""labels"": [267]}, {""name"": ""红杯"", ""m"": 1.27847, ""q"": 0.0033, ""c"": 0.3157, ""capture"": 0.01, ""share"": 0.011, ""miss_deg"": 3.02, ""labels"": [49]}, {""name"": ""香蕉"", ""m"": 0.40068, ""q"": 0.001, ""c"": 0.6428, ""capture"": 0.002, ""share"": 0.003, ""miss_deg"": 3.59, ""labels"": [264]}, {""name"": ""橘子"", ""m"": 0.03102, ""q"": 0.0001, ""c"": 0.1097, ""capture"": 0.001, ""share"": 0.0, ""miss_deg"": 3.8, ""labels"": [262]}]"
2026_08_20/002,c4,v9,beyond_occ,vis,47.69,50.94,3.25,4.305,球L,259,0.406,0.097,1.066,0.565,0.564,0.761,物品台,389.6407,1,0,11,球L,1,9,"[{""name"": ""球L"", ""m"": 37.79094, ""q"": 0.097, ""c"": 0.091, ""capture"": 1.066, ""share"": 0.406, ""miss_deg"": 0.0, ""labels"": [259]}, {""name"": ""球M"", ""m"": 21.34055, ""q"": 0.0548, ""c"": 0.091, ""capture"": 0.602, ""share"": 0.229, ""miss_deg"": 1.01, ""labels"": [261]}, {""name"": ""球R"", ""m"": 6.95609, ""q"": 0.0179, ""c"": 0.091, ""capture"": 0.196, ""share"": 0.075, ""miss_deg"": 1.8, ""labels"": [263]}, {""name"": ""苹果红"", ""m"": 9.31908, ""q"": 0.0239, ""c"": 0.1369, ""capture"": 0.175, ""share"": 0.1, ""miss_deg"": 1.87, ""labels"": [260]}, {""name"": ""水瓶"", ""m"": 11.46063, ""q"": 0.0294, ""c"": 0.5232, ""capture"": 0.056, ""share"": 0.123, ""miss_deg"": 2.4, ""labels"": [30]}, {""name"": ""白杯2"", ""m"": 2.83126, ""q"": 0.0073, ""c"": 0.1636, ""capture"": 0.044, ""share"": 0.03, ""miss_deg"": 2.5, ""labels"": [267]}, {""name"": ""白杯1"", ""m"": 3.16065, ""q"": 0.0081, ""c"": 0.2062, ""capture"": 0.039, ""share"": 0.034, ""miss_deg"": 2.54, ""labels"": [266]}, {""name"": ""红杯"", ""m"": 0.29969, ""q"": 0.0008, ""c"": 0.3157, ""capture"": 0.002, ""share"": 0.003, ""miss_deg"": 3.47, ""labels"": [49]}, {""name"": ""苹果粉"", ""m"": 0.00812, ""q"": 0.0, ""c"": 0.1636, ""capture"": 0.0, ""share"": 0.0, ""miss_deg"": 4.24, ""labels"": [64]}]"
2026_08_20/002,c4,v9,beyond_occ,vis,50.99,52.4,1.41,4.3,球L,259,0.449,0.0626,0.688,0.342,0.514,0.861,object#35,389.6407,1,0,11,球L,1,9,"[{""name"": ""球L"", ""m"": 24.38176, ""q"": 0.0626, ""c"": 0.091, ""capture"": 0.688, ""share"": 0.449, ""miss_deg"": 0.87, ""labels"": [259]}, {""name"": ""苹果红"", ""m"": 12.54263, ""q"": 0.0322, ""c"": 0.1369, ""capture"": 0.235, ""share"": 0.231, ""miss_deg"": 1.7, ""labels"": [260]}, {""name"": ""球M"", ""m"": 5.66677, ""q"": 0.0145, ""c"": 0.091, ""capture"": 0.16, ""share"": 0.104, ""miss_deg"": 1.92, ""labels"": [261]}, {""name"": ""苹果粉"", ""m"": 5.82913, ""q"": 0.015, ""c"": 0.1636, ""capture"": 0.091, ""share"": 0.107, ""miss_deg"": 2.19, ""labels"": [64]}, {""name"": ""水瓶"", ""m"": 4.95197, ""q"": 0.0127, ""c"": 0.5232, ""capture"": 0.024, ""share"": 0.091, ""miss_deg"": 2.73, ""labels"": [30]}, {""name"": ""球R"", ""m"": 0.49005, ""q"": 0.0013, ""c"": 0.091, ""capture"": 0.014, ""share"": 0.009, ""miss_deg"": 2.93, ""labels"": [263]}, {""name"": ""白杯1"", ""m"": 0.27789, ""q"": 0.0007, ""c"": 0.2062, ""capture"": 0.003, ""share"": 0.005, ""miss_deg"": 3.37, ""labels"": [266]}, {""name"": ""橘子"", ""m"": 0.04441, ""q"": 0.0001, ""c"": 0.1097, ""capture"": 0.001, ""share"": 0.001, ""miss_deg"": 3.71, ""labels"": [262]}, {""name"": ""香蕉"", ""m"": 0.16068, ""q"": 0.0004, ""c"": 0.6386, ""capture"": 0.001, ""share"": 0.003, ""miss_deg"": 3.83, ""labels"": [264]}]"
2026_08_20/002,c4,v9,beyond_occ,vis,53.04,54.85,1.81,4.295,球L,259,0.436,0.0968,1.064,0.471,0.47,0.778,物品台,389.6407,1,0,11,球L,1,9,"[{""name"": ""球L"", ""m"": 37.72247, ""q"": 0.0968, ""c"": 0.091, ""capture"": 1.064, ""share"": 0.436, ""miss_deg"": 0.0, ""labels"": [259]}, {""name"": ""球M"", ""m"": 17.76116, ""q"": 0.0456, ""c"": 0.091, ""capture"": 0.501, ""share"": 0.205, ""miss_deg"": 1.18, ""labels"": [261]}, {""name"": ""苹果红"", ""m"": 11.72901, ""q"": 0.0301, ""c"": 0.1369, ""capture"": 0.22, ""share"": 0.136, ""miss_deg"": 1.74, ""labels"": [260]}, {""name"": ""球R"", ""m"": 4.49541, ""q"": 0.0115, ""c"": 0.091, ""capture"": 0.127, ""share"": 0.052, ""miss_deg"": 2.03, ""labels"": [263]}, {""name"": ""水瓶"", ""m"": 10.83977, ""q"": 0.0278, ""c"": 0.5232, ""capture"": 0.053, ""share"": 0.125, ""miss_deg"": 2.42, ""labels"": [30]}, {""name"": ""白杯1"", ""m"": 1.99468, ""q"": 0.0051, ""c"": 0.2062, ""capture"": 0.025, ""share"": 0.023, ""miss_deg"": 2.72, ""labels"": [266]}, {""name"": ""白杯2"", ""m"": 1.52753, ""q"": 0.0039, ""c"": 0.1636, ""capture"": 0.024, ""share"": 0.018, ""miss_deg"": 2.73, ""labels"": [267]}, {""name"": ""苹果粉"", ""m"": 0.2839, ""q"": 0.0007, ""c"": 0.1636, ""capture"": 0.004, ""share"": 0.003, ""miss_deg"": 3.29, ""labels"": [64]}, {""name"": ""红杯"", ""m"": 0.16255, ""q"": 0.0004, ""c"": 0.3157, ""capture"": 0.001, ""share"": 0.002, ""miss_deg"": 3.64, ""labels"": [49]}]"
2026_08_20/002,c4,v9,beyond_occ,vis,54.9,56.1,1.19,4.288,球L,259,0.305,0.0418,0.459,0.606,0.915,0.863,object#35,389.6407,0,0,11,球L,1,7,"[{""name"": ""球L"", ""m"": 16.27388, ""q"": 0.0418, ""c"": 0.091, ""capture"": 0.459, ""share"": 0.305, ""miss_deg"": 1.25, ""labels"": [259]}, {""name"": ""苹果红"", ""m"": 14.84782, ""q"": 0.0381, ""c"": 0.1369, ""capture"": 0.278, ""share"": 0.279, ""miss_deg"": 1.6, ""labels"": [260]}, {""name"": ""苹果粉"", ""m"": 16.28368, ""q"": 0.0418, ""c"": 0.1892, ""capture"": 0.221, ""share"": 0.306, ""miss_deg"": 1.74, ""labels"": [64]}, {""name"": ""球M"", ""m"": 2.26042, ""q"": 0.0058, ""c"": 0.091, ""capture"": 0.064, ""share"": 0.042, ""miss_deg"": 2.35, ""labels"": [261]}, {""name"": ""水瓶"", ""m"": 3.44843, ""q"": 0.0089, ""c"": 0.5232, ""capture"": 0.017, ""share"": 0.065, ""miss_deg"": 2.86, ""labels"": [30]}, {""name"": ""橘子"", ""m"": 0.0908, ""q"": 0.0002, ""c"": 0.1097, ""capture"": 0.002, ""share"": 0.002, ""miss_deg"": 3.51, ""labels"": [262]}, {""name"": ""香蕉"", ""m"": 0.07318, ""q"": 0.0002, ""c"": 0.6386, ""capture"": 0.0, ""share"": 0.001, ""miss_deg"": 4.03, ""labels"": [264]}]"
2026_08_20/002,c4,v9,beyond_occ,vis,56.31,56.96,0.65,4.292,球L,259,0.318,0.0904,0.993,0.581,0.874,0.715,object#35,389.6407,0,0,11,球L,1,11,"[{""name"": ""球L"", ""m"": 35.21582, ""q"": 0.0904, ""c"": 0.091, ""capture"": 0.993, ""share"": 0.318, ""miss_deg"": 0.12, ""labels"": [259]}, {""name"": ""苹果红"", ""m"": 30.79987, ""q"": 0.079, ""c"": 0.1369, ""capture"": 0.577, ""share"": 0.278, ""miss_deg"": 1.05, ""labels"": [260]}, {""name"": ""球M"", ""m"": 9.28447, ""q"": 0.0238, ""c"": 0.091, ""capture"": 0.262, ""share"": 0.084, ""miss_deg"": 1.64, ""labels"": [261]}, {""name"": ""苹果粉"", ""m"": 13.94993, ""q"": 0.0358, ""c"": 0.1636, ""capture"": 0.219, ""share"": 0.126, ""miss_deg"": 1.74, ""labels"": [64]}, {""name"": ""水瓶"", ""m"": 15.65048, ""q"": 0.0402, ""c"": 0.5232, ""capture"": 0.077, ""share"": 0.141, ""miss_deg"": 2.27, ""labels"": [30]}, {""name"": ""白杯1"", ""m"": 2.41594, ""q"": 0.0062, ""c"": 0.2062, ""capture"": 0.03, ""share"": 0.022, ""miss_deg"": 2.65, ""labels"": [266]}, {""name"": ""球R"", ""m"": 0.91097, ""q"": 0.0023, ""c"": 0.091, ""capture"": 0.026, ""share"": 0.008, ""miss_deg"": 2.71, ""labels"": [263]}, {""name"": ""白杯2"", ""m"": 0.8112, ""q"": 0.0021, ""c"": 0.1636, ""capture"": 0.013, ""share"": 0.007, ""miss_deg"": 2.95, ""labels"": [267]}, {""name"": ""红杯"", ""m"": 1.26165, ""q"": 0.0032, ""c"": 0.3157, ""capture"": 0.01, ""share"": 0.011, ""miss_deg"": 3.03, ""labels"": [49]}, {""name"": ""橘子"", ""m"": 0.1358, ""q"": 0.0003, ""c"": 0.1097, ""capture"": 0.003, ""share"": 0.001, ""miss_deg"": 3.39, ""labels"": [262]}, {""name"": ""香蕉"", ""m"": 0.47067, ""q"": 0.0012, ""c"": 0.6386, ""capture"": 0.002, ""share"": 0.004, ""miss_deg"": 3.54, ""labels"": [264]}]"
2026_08_20/002,c4,v9,beyond_occ,vis,57.02,64.33,7.31,4.287,球L,259,0.293,0.1118,1.228,0.831,0.833,0.619,物品台,389.6407,0,0,11,球L,1,9,"[{""name"": ""球L"", ""m"": 43.54239, ""q"": 0.1118, ""c"": 0.091, ""capture"": 1.228, ""share"": 0.293, ""miss_deg"": 0.0, ""labels"": [259]}, {""name"": ""球M"", ""m"": 36.17075, ""q"": 0.0928, ""c"": 0.091, ""capture"": 1.02, ""share"": 0.244, ""miss_deg"": 0.0, ""labels"": [261]}, {""name"": ""球R"", ""m"": 17.9443, ""q"": 0.0461, ""c"": 0.091, ""capture"": 0.506, ""share"": 0.121, ""miss_deg"": 1.17, ""labels"": [263]}, {""name"": ""白杯2"", ""m"": 12.77358, ""q"": 0.0328, ""c"": 0.1636, ""capture"": 0.2, ""share"": 0.086, ""miss_deg"": 1.79, ""labels"": [267]}, {""name"": ""苹果红"", ""m"": 7.46171, ""q"": 0.0192, ""c"": 0.1369, ""capture"": 0.14, ""share"": 0.05, ""miss_deg"": 1.98, ""labels"": [260]}, {""name"": ""白杯1"", ""m"": 8.71242, ""q"": 0.0224, ""c"": 0.2062, ""capture"": 0.108, ""share"": 0.059, ""miss_deg"": 2.11, ""labels"": [266]}, {""name"": ""水瓶"", ""m"": 21.27909, ""q"": 0.0546, ""c"": 0.5232, ""capture"": 0.104, ""share"": 0.143, ""miss_deg"": 2.13, ""labels"": [30]}, {""name"": ""红杯"", ""m"": 0.57018, ""q"": 0.0015, ""c"": 0.3157, ""capture"": 0.005, ""share"": 0.004, ""miss_deg"": 3.28, ""labels"": [49]}, {""name"": ""苹果粉"", ""m"": 0.01262, ""q"": 0.0, ""c"": 0.1892, ""capture"": 0.0, ""share"": 0.0, ""miss_deg"": 4.16, ""labels"": [64]}]"
2026_08_20/002,c4,v9,beyond_occ,vis,67.86,68.24,0.38,3.531,,-1,0.0,0.0,,,,1.0,floor,389.6407,0,0,,,,0,[]
2026_08_20/002,c4,v9,beyond_occ,vis,69.14,69.5,0.36,3.383,,-1,0.0,0.0,,,,1.0,floor,389.6407,0,0,,,,0,[]
2026_08_20/002,c4,v9,beyond_occ,vis,69.72,70.16,0.43,3.608,,-1,0.0,0.0,,,,1.0,floor,389.6407,0,0,,,,0,[]
2026_08_20/002,c4,v9,beyond_occ,vis,70.69,72.64,1.95,4.246,球L,259,0.349,0.109,1.198,0.403,0.605,0.688,object#35,389.6407,0,0,,,,11,"[{""name"": ""球L"", ""m"": 42.48562, ""q"": 0.109, ""c"": 0.091, ""capture"": 1.198, ""share"": 0.349, ""miss_deg"": 0.0, ""labels"": [259]}, {""name"": ""苹果红"", ""m"": 25.73925, ""q"": 0.0661, ""c"": 0.1369, ""capture"": 0.483, ""share"": 0.211, ""miss_deg"": 1.21, ""labels"": [260]}, {""name"": ""球M"", ""m"": 14.33148, ""q"": 0.0368, ""c"": 0.091, ""capture"": 0.404, ""share"": 0.118, ""miss_deg"": 1.35, ""labels"": [261]}, {""name"": ""水瓶"", ""m"": 20.46774, ""q"": 0.0525, ""c"": 0.5232, ""capture"": 0.1, ""share"": 0.168, ""miss_deg"": 2.14, ""labels"": [30]}, {""name"": ""球R"", ""m"": 3.41939, ""q"": 0.0088, ""c"": 0.091, ""capture"": 0.096, ""share"": 0.028, ""miss_deg"": 2.16, ""labels"": [263]}, {""name"": ""苹果粉"", ""m"": 6.91382, ""q"": 0.0177, ""c"": 0.1892, ""capture"": 0.094, ""share"": 0.057, ""miss_deg"": 2.18, ""labels"": [64]}, {""name"": ""白杯1"", ""m"": 4.01982, ""q"": 0.0103, ""c"": 0.2062, ""capture"": 0.05, ""share"": 0.033, ""miss_deg"": 2.45, ""labels"": [266]}, {""name"": ""白杯2"", ""m"": 2.48171, ""q"": 0.0064, ""c"": 0.1636, ""capture"": 0.039, ""share"": 0.02, ""miss_deg"": 2.55, ""labels"": [267]}, {""name"": ""红杯"", ""m"": 1.62029, ""q"": 0.0042, ""c"": 0.3157, ""capture"": 0.013, ""share"": 0.013, ""miss_deg"": 2.94, ""labels"": [49]}, {""name"": ""橘子"", ""m"": 0.04096, ""q"": 0.0001, ""c"": 0.1188, ""capture"": 0.001, ""share"": 0.0, ""miss_deg"": 3.75, ""labels"": [262]}, {""name"": ""香蕉"", ""m"": 0.22048, ""q"": 0.0006, ""c"": 0.6512, ""capture"": 0.001, ""share"": 0.002, ""miss_deg"": 3.75, ""labels"": [264]}]"
2026_08_20/002,c4,v9,beyond_occ,vis,72.91,74.26,1.35,4.259,球L,259,0.211,0.1191,1.309,0.824,1.242,0.437,物品台,389.6407,0,0,,,,11,"[{""name"": ""球L"", ""m"": 46.40577, ""q"": 0.1191, ""c"": 0.091, ""capture"": 1.309, ""share"": 0.211, ""miss_deg"": 0.0, ""labels"": [259]}, {""name"": ""苹果红"", ""m"": 57.56778, ""q"": 0.1477, ""c"": 0.1369, ""capture"": 1.079, ""share"": 0.262, ""miss_deg"": 0.0, ""labels"": [260]}, {""name"": ""球M"", ""m"": 13.62479, ""q"": 0.035, ""c"": 0.091, ""capture"": 0.384, ""share"": 0.062, ""miss_deg"": 1.38, ""labels"": [261]}, {""name"": ""苹果粉"", ""m"": 23.30304, ""q"": 0.0598, ""c"": 0.1892, ""capture"": 0.316, ""share"": 0.106, ""miss_deg"": 1.52, ""labels"": [64]}, {""name"": ""水瓶"", ""m"": 53.22773, ""q"": 0.1366, ""c"": 0.5232, ""capture"": 0.261, ""share"": 0.243, ""miss_deg"": 1.64, ""labels"": [30]}, {""name"": ""白杯1"", ""m"": 7.27321, ""q"": 0.0187, ""c"": 0.2062, ""capture"": 0.091, ""share"": 0.033, ""miss_deg"": 2.19, ""labels"": [266]}, {""name"": ""白杯2"", ""m"": 5.762, ""q"": 0.0148, ""c"": 0.1636, ""capture"": 0.09, ""share"": 0.026, ""miss_deg"": 2.19, ""labels"": [267]}, {""name"": ""红杯"", ""m"": 9.77882, ""q"": 0.0251, ""c"": 0.3157, ""capture"": 0.08, ""share"": 0.045, ""miss_deg"": 2.25, ""labels"": [49]}, {""name"": ""球R"", ""m"": 0.74952, ""q"": 0.0019, ""c"": 0.091, ""capture"": 0.021, ""share"": 0.003, ""miss_deg"": 2.78, ""labels"": [263]}, {""name"": ""橘子"", ""m"": 0.74525, ""q"": 0.0019, ""c"": 0.1097, ""capture"": 0.017, ""share"": 0.003, ""miss_deg"": 2.85, ""labels"": [262]}, {""name"": ""香蕉"", ""m"": 1.01594, ""q"": 0.0026, ""c"": 0.6512, ""capture"": 0.004, ""share"": 0.005, ""miss_deg"": 3.32, ""labels"": [264]}]"
2026_08_20/002,c4,v9,beyond_occ,vis,74.32,78.27,3.95,4.281,球L,259,0.459,0.0815,0.896,0.513,0.512,0.822,object#35,389.6407,1,0,,,,8,"[{""name"": ""球L"", ""m"": 31.76911, ""q"": 0.0815, ""c"": 0.091, ""capture"": 0.896, ""share"": 0.459, ""miss_deg"": 0.47, ""labels"": [259]}, {""name"": ""球M"", ""m"": 16.29585, ""q"": 0.0418, ""c"": 0.091, ""capture"": 0.46, ""share"": 0.235, ""miss_deg"": 1.25, ""labels"": [261]}, {""name"": ""苹果红"", ""m"": 8.21813, ""q"": 0.0211, ""c"": 0.1369, ""capture"": 0.154, ""share"": 0.119, ""miss_deg"": 1.93, ""labels"": [260]}, {""name"": ""球R"", ""m"": 3.77994, ""q"": 0.0097, ""c"": 0.091, ""capture"": 0.107, ""share"": 0.055, ""miss_deg"": 2.12, ""labels"": [263]}, {""name"": ""水瓶"", ""m"": 7.09556, ""q"": 0.0182, ""c"": 0.5232, ""capture"": 0.035, ""share"": 0.102, ""miss_deg"": 2.59, ""labels"": [30]}, {""name"": ""白杯1"", ""m"": 1.45929, ""q"": 0.0037, ""c"": 0.2062, ""capture"": 0.018, ""share"": 0.021, ""miss_deg"": 2.83, ""labels"": [266]}, {""name"": ""白杯2"", ""m"": 0.64, ""q"": 0.0016, ""c"": 0.1636, ""capture"": 0.01, ""share"": 0.009, ""miss_deg"": 3.03, ""labels"": [267]}, {""name"": ""苹果粉"", ""m"": 0.02874, ""q"": 0.0001, ""c"": 0.1892, ""capture"": 0.0, ""share"": 0.0, ""miss_deg"": 3.96, ""labels"": [64]}]"
2026_08_20/002,c4,v9,beyond_occ,vis,78.32,78.87,0.54,4.267,球M,261,0.353,0.0454,0.499,0.886,0.887,0.871,物品台,389.6407,0,0,,,,7,"[{""name"": ""球M"", ""m"": 17.69778, ""q"": 0.0454, ""c"": 0.091, ""capture"": 0.499, ""share"": 0.353, ""miss_deg"": 1.18, ""labels"": [261]}, {""name"": ""球L"", ""m"": 15.66052, ""q"": 0.0402, ""c"": 0.091, ""capture"": 0.442, ""share"": 0.313, ""miss_deg"": 1.28, ""labels"": [259]}, {""name"": ""球R"", ""m"": 10.60638, ""q"": 0.0272, ""c"": 0.091, ""capture"": 0.299, ""share"": 0.212, ""miss_deg"": 1.55, ""labels"": [263]}, {""name"": ""白杯2"", ""m"": 1.42904, ""q"": 0.0037, ""c"": 0.1636, ""capture"": 0.022, ""share"": 0.029, ""miss_deg"": 2.76, ""labels"": [267]}, {""name"": ""白杯1"", ""m"": 1.48995, ""q"": 0.0038, ""c"": 0.2062, ""capture"": 0.019, ""share"": 0.03, ""miss_deg"": 2.82, ""labels"": [266]}, {""name"": ""水瓶"", ""m"": 3.21141, ""q"": 0.0082, ""c"": 0.5232, ""capture"": 0.016, ""share"": 0.064, ""miss_deg"": 2.88, ""labels"": [30]}, {""name"": ""苹果红"", ""m"": 0.01413, ""q"": 0.0, ""c"": 0.1369, ""capture"": 0.0, ""share"": 0.0, ""miss_deg"": 4.06, ""labels"": [260]}]"
2026_08_20/002,c4,v9,beyond_occ,vis,78.92,80.6,1.68,4.235,球L,259,0.418,0.1015,1.115,0.446,0.445,0.757,物品台,389.6407,1,0,,,,9,"[{""name"": ""球L"", ""m"": 39.53526, ""q"": 0.1015, ""c"": 0.091, ""capture"": 1.115, ""share"": 0.418, ""miss_deg"": 0.0, ""labels"": [259]}, {""name"": ""球M"", ""m"": 17.62076, ""q"": 0.0452, ""c"": 0.091, ""capture"": 0.497, ""share"": 0.186, ""miss_deg"": 1.18, ""labels"": [261]}, {""name"": ""苹果红"", ""m"": 13.72341, ""q"": 0.0352, ""c"": 0.1369, ""capture"": 0.257, ""share"": 0.145, ""miss_deg"": 1.65, ""labels"": [260]}, {""name"": ""球R"", ""m"": 5.17552, ""q"": 0.0133, ""c"": 0.091, ""capture"": 0.146, ""share"": 0.055, ""miss_deg"": 1.96, ""labels"": [263]}, {""name"": ""水瓶"", ""m"": 12.94185, ""q"": 0.0332, ""c"": 0.5338, ""capture"": 0.062, ""share"": 0.137, ""miss_deg"": 2.36, ""labels"": [30]}, {""name"": ""白杯1"", ""m"": 2.76505, ""q"": 0.0071, ""c"": 0.2062, ""capture"": 0.034, ""share"": 0.029, ""miss_deg"": 2.6, ""labels"": [266]}, {""name"": ""白杯2"", ""m"": 1.74035, ""q"": 0.0045, ""c"": 0.1636, ""capture"": 0.027, ""share"": 0.018, ""miss_deg"": 2.68, ""labels"": [267]}, {""name"": ""苹果粉"", ""m"": 0.67245, ""q"": 0.0017, ""c"": 0.1892, ""capture"": 0.009, ""share"": 0.007, ""miss_deg"": 3.07, ""labels"": [64]}, {""name"": ""红杯"", ""m"": 0.50805, ""q"": 0.0013, ""c"": 0.3157, ""capture"": 0.004, ""share"": 0.005, ""miss_deg"": 3.31, ""labels"": [49]}]"
2026_08_20/002,c4,v9,beyond_occ,vis,80.72,81.47,0.76,4.251,球L,259,0.351,0.1042,1.145,0.718,0.718,0.703,物品台,389.6407,0,0,,,,8,"[{""name"": ""球L"", ""m"": 40.59762, ""q"": 0.1042, ""c"": 0.091, ""capture"": 1.145, ""share"": 0.351, ""miss_deg"": 0.0, ""labels"": [259]}, {""name"": ""球M"", ""m"": 29.15317, ""q"": 0.0748, ""c"": 0.091, ""capture"": 0.822, ""share"": 0.252, ""miss_deg"": 0.63, ""labels"": [261]}, {""name"": ""球R"", ""m"": 13.22753, ""q"": 0.0339, ""c"": 0.091, ""capture"": 0.373, ""share"": 0.114, ""miss_deg"": 1.4, ""labels"": [263]}, {""name"": ""苹果红"", ""m"": 6.39543, ""q"": 0.0164, ""c"": 0.1369, ""capture"": 0.12, ""share"": 0.055, ""miss_deg"": 2.06, ""labels"": [260]}, {""name"": ""白杯2"", ""m"": 6.89463, ""q"": 0.0177, ""c"": 0.1636, ""capture"": 0.108, ""share"": 0.06, ""miss_deg"": 2.11, ""labels"": [267]}, {""name"": ""水瓶"", ""m"": 14.67096, ""q"": 0.0377, ""c"": 0.5232, ""capture"": 0.072, ""share"": 0.127, ""miss_deg"": 2.29, ""labels"": [30]}, {""name"": ""白杯1"", ""m"": 4.54876, ""q"": 0.0117, ""c"": 0.2062, ""capture"": 0.057, ""share"": 0.039, ""miss_deg"": 2.4, ""labels"": [266]}, {""name"": ""红杯"", ""m"": 0.2704, ""q"": 0.0007, ""c"": 0.3157, ""capture"": 0.002, ""share"": 0.002, ""miss_deg"": 3.5, ""labels"": [49]}]"
2026_08_20/002,c4,v9,beyond_occ,vis,81.74,82.01,0.27,4.278,球R,263,0.385,0.0432,0.474,0.829,0.829,0.888,物品台,389.6407,0,0,,,,6,"[{""name"": ""球R"", ""m"": 16.82017, ""q"": 0.0432, ""c"": 0.091, ""capture"": 0.474, ""share"": 0.385, ""miss_deg"": 1.22, ""labels"": [263]}, {""name"": ""球M"", ""m"": 13.94003, ""q"": 0.0358, ""c"": 0.091, ""capture"": 0.393, ""share"": 0.319, ""miss_deg"": 1.37, ""labels"": [261]}, {""name"": ""球L"", ""m"": 4.47726, ""q"": 0.0115, ""c"": 0.091, ""capture"": 0.126, ""share"": 0.103, ""miss_deg"": 2.03, ""labels"": [259]}, {""name"": ""白杯2"", ""m"": 3.81253, ""q"": 0.0098, ""c"": 0.1636, ""capture"": 0.06, ""share"": 0.087, ""miss_deg"": 2.37, ""labels"": [267]}, {""name"": ""水瓶"", ""m"": 3.94621, ""q"": 0.0101, ""c"": 0.5232, ""capture"": 0.019, ""share"": 0.09, ""miss_deg"": 2.81, ""labels"": [30]}, {""name"": ""白杯1"", ""m"": 0.66632, ""q"": 0.0017, ""c"": 0.2062, ""capture"": 0.008, ""share"": 0.015, ""miss_deg"": 3.1, ""labels"": [266]}]"
2026_08_20/002,c4,v9,beyond_occ,vis,82.07,82.61,0.54,4.279,球L,259,0.335,0.0957,1.051,0.763,0.764,0.715,物品台,389.6407,0,0,,,,8,"[{""name"": ""球L"", ""m"": 37.27116, ""q"": 0.0957, ""c"": 0.091, ""capture"": 1.051, ""share"": 0.335, ""miss_deg"": 0.0, ""labels"": [259]}, {""name"": ""球M"", ""m"": 28.45257, ""q"": 0.073, ""c"": 0.091, ""capture"": 0.802, ""share"": 0.256, ""miss_deg"": 0.66, ""labels"": [261]}, {""name"": ""球R"", ""m"": 14.61919, ""q"": 0.0375, ""c"": 0.091, ""capture"": 0.412, ""share"": 0.132, ""miss_deg"": 1.33, ""labels"": [263]}, {""name"": ""白杯2"", ""m"": 6.92094, ""q"": 0.0178, ""c"": 0.1636, ""capture"": 0.109, ""share"": 0.062, ""miss_deg"": 2.11, ""labels"": [267]}, {""name"": ""苹果红"", ""m"": 5.0007, ""q"": 0.0128, ""c"": 0.1369, ""capture"": 0.094, ""share"": 0.045, ""miss_deg"": 2.18, ""labels"": [260]}, {""name"": ""水瓶"", ""m"": 13.64454, ""q"": 0.035, ""c"": 0.5232, ""capture"": 0.067, ""share"": 0.123, ""miss_deg"": 2.33, ""labels"": [30]}, {""name"": ""白杯1"", ""m"": 5.04078, ""q"": 0.0129, ""c"": 0.2062, ""capture"": 0.063, ""share"": 0.045, ""miss_deg"": 2.35, ""labels"": [266]}, {""name"": ""红杯"", ""m"": 0.16258, ""q"": 0.0004, ""c"": 0.3157, ""capture"": 0.001, ""share"": 0.001, ""miss_deg"": 3.64, ""labels"": [49]}]"
2026_08_20/002,c4,v9,beyond_occ,vis,82.98,83.44,0.46,4.291,球R,263,0.364,0.0392,0.431,0.93,0.931,0.892,物品台,389.6407,0,0,,,,6,"[{""name"": ""球R"", ""m"": 15.26686, ""q"": 0.0392, ""c"": 0.091, ""capture"": 0.431, ""share"": 0.364, ""miss_deg"": 1.3, ""labels"": [263]}, {""name"": ""球M"", ""m"": 14.22919, ""q"": 0.0365, ""c"": 0.091, ""capture"": 0.401, ""share"": 0.339, ""miss_deg"": 1.35, ""labels"": [261]}, {""name"": ""球L"", ""m"": 4.97731, ""q"": 0.0128, ""c"": 0.091, ""capture"": 0.14, ""share"": 0.119, ""miss_deg"": 1.98, ""labels"": [259]}, {""name"": ""白杯2"", ""m"": 3.02925, ""q"": 0.0078, ""c"": 0.1636, ""capture"": 0.048, ""share"": 0.072, ""miss_deg"": 2.47, ""labels"": [267]}, {""name"": ""水瓶"", ""m"": 3.59951, ""q"": 0.0092, ""c"": 0.5232, ""capture"": 0.018, ""share"": 0.086, ""miss_deg"": 2.84, ""labels"": [30]}, {""name"": ""白杯1"", ""m"": 0.83422, ""q"": 0.0021, ""c"": 0.2062, ""capture"": 0.01, ""share"": 0.02, ""miss_deg"": 3.02, ""labels"": [266]}]"
2026_08_20/002,c4,v9,beyond_occ,vis,83.5,86.31,2.82,4.246,球L,259,0.406,0.103,1.132,0.565,0.564,0.746,物品台,389.6407,1,0,,,,9,"[{""name"": ""球L"", ""m"": 40.13632, ""q"": 0.103, ""c"": 0.091, ""capture"": 1.132, ""share"": 0.406, ""miss_deg"": 0.0, ""labels"": [259]}, {""name"": ""球M"", ""m"": 22.68845, ""q"": 0.0582, ""c"": 0.091, ""capture"": 0.64, ""share"": 0.229, ""miss_deg"": 0.94, ""labels"": [261]}, {""name"": ""球R"", ""m"": 8.55362, ""q"": 0.022, ""c"": 0.091, ""capture"": 0.241, ""share"": 0.086, ""miss_deg"": 1.69, ""labels"": [263]}, {""name"": ""苹果红"", ""m"": 8.22976, ""q"": 0.0211, ""c"": 0.1369, ""capture"": 0.154, ""share"": 0.083, ""miss_deg"": 1.93, ""labels"": [260]}, {""name"": ""水瓶"", ""m"": 11.81749, ""q"": 0.0303, ""c"": 0.5232, ""capture"": 0.058, ""share"": 0.119, ""miss_deg"": 2.39, ""labels"": [30]}, {""name"": ""白杯1"", ""m"": 4.07662, ""q"": 0.0105, ""c"": 0.2062, ""capture"": 0.051, ""share"": 0.041, ""miss_deg"": 2.44, ""labels"": [266]}, {""name"": ""白杯2"", ""m"": 3.09635, ""q"": 0.0079, ""c"": 0.1636, ""capture"": 0.049, ""share"": 0.031, ""miss_deg"": 2.46, ""labels"": [267]}, {""name"": ""红杯"", ""m"": 0.33796, ""q"": 0.0009, ""c"": 0.3157, ""capture"": 0.003, ""share"": 0.003, ""miss_deg"": 3.43, ""labels"": [49]}, {""name"": ""苹果粉"", ""m"": 0.01733, ""q"": 0.0, ""c"": 0.1892, ""capture"": 0.0, ""share"": 0.0, ""miss_deg"": 4.09, ""labels"": [64]}]"
2026_08_20/002,c4,v9,beyond_occ,vis,86.59,86.97,0.38,4.266,球L,259,0.374,0.1276,1.402,0.424,0.422,0.659,物品台,389.6407,1,0,,,,10,"[{""name"": ""球L"", ""m"": 49.72214, ""q"": 0.1276, ""c"": 0.091, ""capture"": 1.402, ""share"": 0.374, ""miss_deg"": 0.0, ""labels"": [259]}, {""name"": ""球M"", ""m"": 21.0437, ""q"": 0.054, ""c"": 0.091, ""capture"": 0.594, ""share"": 0.158, ""miss_deg"": 1.02, ""labels"": [261]}, {""name"": ""苹果红"", ""m"": 20.31732, ""q"": 0.0521, ""c"": 0.1369, ""capture"": 0.381, ""share"": 0.153, ""miss_deg"": 1.39, ""labels"": [260]}, {""name"": ""球R"", ""m"": 6.54285, ""q"": 0.0168, ""c"": 0.091, ""capture"": 0.185, ""share"": 0.049, ""miss_deg"": 1.84, ""labels"": [263]}, {""name"": ""水瓶"", ""m"": 22.22515, ""q"": 0.057, ""c"": 0.5232, ""capture"": 0.109, ""share"": 0.167, ""miss_deg"": 2.11, ""labels"": [30]}, {""name"": ""白杯1"", ""m"": 5.55498, ""q"": 0.0143, ""c"": 0.2062, ""capture"": 0.069, ""share"": 0.042, ""miss_deg"": 2.31, ""labels"": [266]}, {""name"": ""白杯2"", ""m"": 4.29367, ""q"": 0.011, ""c"": 0.1636, ""capture"": 0.067, ""share"": 0.032, ""miss_deg"": 2.32, ""labels"": [267]}, {""name"": ""苹果粉"", ""m"": 1.7711, ""q"": 0.0045, ""c"": 0.1892, ""capture"": 0.024, ""share"": 0.013, ""miss_deg"": 2.73, ""labels"": [64]}, {""name"": ""红杯"", ""m"": 1.55951, ""q"": 0.004, ""c"": 0.3157, ""capture"": 0.013, ""share"": 0.012, ""miss_deg"": 2.96, ""labels"": [49]}, {""name"": ""香蕉"", ""m"": 0.00519, ""q"": 0.0, ""c"": 0.6512, ""capture"": 0.0, ""share"": 0.0, ""miss_deg"": 4.65, ""labels"": [264]}]"
2026_08_20/002,c4,v9,beyond_occ,vis,87.03,87.57,0.54,4.266,球R,263,0.278,0.0952,1.047,0.972,0.971,0.657,物品台,389.6407,0,0,,,,7,"[{""name"": ""球R"", ""m"": 37.11114, ""q"": 0.0952, ""c"": 0.091, ""capture"": 1.047, ""share"": 0.278, ""miss_deg"": 0.0, ""labels"": [263]}, {""name"": ""球M"", ""m"": 36.10872, ""q"": 0.0927, ""c"": 0.091, ""capture"": 1.018, ""share"": 0.27, ""miss_deg"": 0.0, ""labels"": [261]}, {""name"": ""球L"", ""m"": 20.47614, ""q"": 0.0526, ""c"": 0.091, ""capture"": 0.578, ""share"": 0.153, ""miss_deg"": 1.05, ""labels"": [259]}, {""name"": ""白杯2"", ""m"": 21.8514, ""q"": 0.0561, ""c"": 0.1636, ""capture"": 0.343, ""share"": 0.163, ""miss_deg"": 1.46, ""labels"": [267]}, {""name"": ""白杯1"", ""m"": 7.14209, ""q"": 0.0183, ""c"": 0.2062, ""capture"": 0.089, ""share"": 0.053, ""miss_deg"": 2.2, ""labels"": [266]}, {""name"": ""水瓶"", ""m"": 11.00766, ""q"": 0.0283, ""c"": 0.5232, ""capture"": 0.054, ""share"": 0.082, ""miss_deg"": 2.42, ""labels"": [30]}, {""name"": ""苹果红"", ""m"": 0.00712, ""q"": 0.0, ""c"": 0.1369, ""capture"": 0.0, ""share"": 0.0, ""miss_deg"": 4.22, ""labels"": [260]}]"
2026_08_20/002,c4,v9,beyond_occ,vis,87.62,94.5,6.88,4.267,球L,259,0.332,0.1059,1.164,0.753,0.756,0.681,物品台,389.6407,0,0,,,,9,"[{""name"": ""球L"", ""m"": 41.26747, ""q"": 0.1059, ""c"": 0.091, ""capture"": 1.164, ""share"": 0.332, ""miss_deg"": 0.0, ""labels"": [259]}, {""name"": ""球M"", ""m"": 31.10601, ""q"": 0.0798, ""c"": 0.091, ""capture"": 0.877, ""share"": 0.251, ""miss_deg"": 0.51, ""labels"": [261]}, {""name"": ""球R"", ""m"": 14.59624, ""q"": 0.0375, ""c"": 0.091, ""capture"": 0.412, ""share"": 0.118, ""miss_deg"": 1.33, ""labels"": [263]}, {""name"": ""白杯2"", ""m"": 8.17033, ""q"": 0.021, ""c"": 0.1636, ""capture"": 0.128, ""share"": 0.066, ""miss_deg"": 2.03, ""labels"": [267]}, {""name"": ""苹果红"", ""m"": 6.10963, ""q"": 0.0157, ""c"": 0.1369, ""capture"": 0.115, ""share"": 0.049, ""miss_deg"": 2.08, ""labels"": [260]}, {""name"": ""水瓶"", ""m"": 16.42088, ""q"": 0.0421, ""c"": 0.5232, ""capture"": 0.081, ""share"": 0.132, ""miss_deg"": 2.24, ""labels"": [30]}, {""name"": ""白杯1"", ""m"": 6.10982, ""q"": 0.0157, ""c"": 0.2062, ""capture"": 0.076, ""share"": 0.049, ""miss_deg"": 2.27, ""labels"": [266]}, {""name"": ""红杯"", ""m"": 0.35304, ""q"": 0.0009, ""c"": 0.3157, ""capture"": 0.003, ""share"": 0.003, ""miss_deg"": 3.42, ""labels"": [49]}, {""name"": ""苹果粉"", ""m"": 0.00121, ""q"": 0.0, ""c"": 0.1892, ""capture"": 0.0, ""share"": 0.0, ""miss_deg"": 4.69, ""labels"": [64]}]"
2026_08_20/002,c4,v9,beyond_occ,vis,94.64,95.18,0.54,4.247,球L,259,0.52,0.0442,0.485,0.256,0.383,0.915,object#35,389.6407,1,1,,,,7,"[{""name"": ""球L"", ""m"": 17.20603, ""q"": 0.0442, ""c"": 0.091, ""capture"": 0.485, ""share"": 0.52, ""miss_deg"": 1.2, ""labels"": [259]}, {""name"": ""苹果红"", ""m"": 6.59784, ""q"": 0.0169, ""c"": 0.1369, ""capture"": 0.124, ""share"": 0.199, ""miss_deg"": 2.04, ""labels"": [260]}, {""name"": ""球M"", ""m"": 3.6139, ""q"": 0.0093, ""c"": 0.091, ""capture"": 0.102, ""share"": 0.109, ""miss_deg"": 2.14, ""labels"": [261]}, {""name"": ""苹果粉"", ""m"": 3.05899, ""q"": 0.0079, ""c"": 0.1892, ""capture"": 0.041, ""share"": 0.092, ""miss_deg"": 2.52, ""labels"": [64]}, {""name"": ""水瓶"", ""m"": 2.45201, ""q"": 0.0063, ""c"": 0.5232, ""capture"": 0.012, ""share"": 0.074, ""miss_deg"": 2.97, ""labels"": [30]}, {""name"": ""球R"", ""m"": 0.18383, ""q"": 0.0005, ""c"": 0.091, ""capture"": 0.005, ""share"": 0.006, ""miss_deg"": 3.24, ""labels"": [263]}, {""name"": ""橘子"", ""m"": 0.00185, ""q"": 0.0, ""c"": 0.1097, ""capture"": 0.0, ""share"": 0.0, ""miss_deg"": 4.48, ""labels"": [262]}]"
2026_08_20/002,c4,v9,beyond_occ,vis,95.24,96.11,0.87,4.28,球L,259,0.401,0.1102,1.211,0.432,0.431,0.725,物品台,389.6407,1,0,,,,9,"[{""name"": ""球L"", ""m"": 42.93512, ""q"": 0.1102, ""c"": 0.091, ""capture"": 1.211, ""share"": 0.401, ""miss_deg"": 0.0, ""labels"": [259]}, {""name"": ""球M"", ""m"": 18.52811, ""q"": 0.0476, ""c"": 0.091, ""capture"": 0.523, ""share"": 0.173, ""miss_deg"": 1.14, ""labels"": [261]}, {""name"": ""苹果红"", ""m"": 17.56972, ""q"": 0.0451, ""c"": 0.1369, ""capture"": 0.329, ""share"": 0.164, ""miss_deg"": 1.49, ""labels"": [260]}, {""name"": ""球R"", ""m"": 5.03732, ""q"": 0.0129, ""c"": 0.091, ""capture"": 0.142, ""share"": 0.047, ""miss_deg"": 1.98, ""labels"": [263]}, {""name"": ""水瓶"", ""m"": 15.97233, ""q"": 0.041, ""c"": 0.5232, ""capture"": 0.078, ""share"": 0.149, ""miss_deg"": 2.26, ""labels"": [30]}, {""name"": ""白杯2"", ""m"": 2.58195, ""q"": 0.0066, ""c"": 0.1636, ""capture"": 0.04, ""share"": 0.024, ""miss_deg"": 2.53, ""labels"": [267]}, {""name"": ""白杯1"", ""m"": 2.68866, ""q"": 0.0069, ""c"": 0.2062, ""capture"": 0.033, ""share"": 0.025, ""miss_deg"": 2.61, ""labels"": [266]}, {""name"": ""苹果粉"", ""m"": 1.36909, ""q"": 0.0035, ""c"": 0.1892, ""capture"": 0.019, ""share"": 0.013, ""miss_deg"": 2.82, ""labels"": [64]}, {""name"": ""红杯"", ""m"": 0.49832, ""q"": 0.0013, ""c"": 0.3157, ""capture"": 0.004, ""share"": 0.005, ""miss_deg"": 3.32, ""labels"": [49]}]"
2026_08_20/002,c4,v9,beyond_occ,vis,96.16,96.54,0.38,4.3,球M,261,0.352,0.0431,0.474,0.747,0.747,0.878,物品台,389.6407,0,0,,,,6,"[{""name"": ""球M"", ""m"": 16.79463, ""q"": 0.0431, ""c"": 0.091, ""capture"": 0.474, ""share"": 0.352, ""miss_deg"": 1.22, ""labels"": [261]}, {""name"": ""球R"", ""m"": 12.56773, ""q"": 0.0323, ""c"": 0.091, ""capture"": 0.354, ""share"": 0.263, ""miss_deg"": 1.44, ""labels"": [263]}, {""name"": ""球L"", ""m"": 12.13532, ""q"": 0.0311, ""c"": 0.091, ""capture"": 0.342, ""share"": 0.254, ""miss_deg"": 1.46, ""labels"": [259]}, {""name"": ""白杯2"", ""m"": 1.98343, ""q"": 0.0051, ""c"": 0.1636, ""capture"": 0.031, ""share"": 0.042, ""miss_deg"": 2.63, ""labels"": [267]}, {""name"": ""白杯1"", ""m"": 1.28639, ""q"": 0.0033, ""c"": 0.2062, ""capture"": 0.016, ""share"": 0.027, ""miss_deg"": 2.88, ""labels"": [266]}, {""name"": ""水瓶"", ""m"": 2.96056, ""q"": 0.0076, ""c"": 0.5232, ""capture"": 0.015, ""share"": 0.062, ""miss_deg"": 2.91, ""labels"": [30]}]"
2026_08_20/002,c4,v9,beyond_occ,vis,96.59,98.11,1.52,4.306,球L,259,0.576,0.0321,0.353,0.541,0.54,0.944,object#35,389.6407,1,1,,,,5,"[{""name"": ""球L"", ""m"": 12.5103, ""q"": 0.0321, ""c"": 0.091, ""capture"": 0.353, ""share"": 0.576, ""miss_deg"": 1.44, ""labels"": [259]}, {""name"": ""球M"", ""m"": 6.75964, ""q"": 0.0173, ""c"": 0.091, ""capture"": 0.191, ""share"": 0.311, ""miss_deg"": 1.82, ""labels"": [261]}, {""name"": ""球R"", ""m"": 0.64354, ""q"": 0.0017, ""c"": 0.091, ""capture"": 0.018, ""share"": 0.03, ""miss_deg"": 2.83, ""labels"": [263]}, {""name"": ""苹果红"", ""m"": 0.74234, ""q"": 0.0019, ""c"": 0.1369, ""capture"": 0.014, ""share"": 0.034, ""miss_deg"": 2.92, ""labels"": [260]}, {""name"": ""水瓶"", ""m"": 1.04974, ""q"": 0.0027, ""c"": 0.5232, ""capture"": 0.005, ""share"": 0.048, ""miss_deg"": 3.25, ""labels"": [30]}]"
2026_08_20/002,c4,v9,beyond_occ,vis,98.22,99.5,1.28,4.323,球L,259,0.471,0.0589,0.647,0.643,0.643,0.875,object#35,389.6407,1,0,,,,7,"[{""name"": ""球L"", ""m"": 22.94745, ""q"": 0.0589, ""c"": 0.091, ""capture"": 0.647, ""share"": 0.471, ""miss_deg"": 0.93, ""labels"": [259]}, {""name"": ""球M"", ""m"": 14.76165, ""q"": 0.0379, ""c"": 0.091, ""capture"": 0.416, ""share"": 0.303, ""miss_deg"": 1.32, ""labels"": [261]}, {""name"": ""球R"", ""m"": 3.64894, ""q"": 0.0094, ""c"": 0.091, ""capture"": 0.103, ""share"": 0.075, ""miss_deg"": 2.13, ""labels"": [263]}, {""name"": ""苹果红"", ""m"": 3.0211, ""q"": 0.0078, ""c"": 0.1369, ""capture"": 0.057, ""share"": 0.062, ""miss_deg"": 2.4, ""labels"": [260]}, {""name"": ""水瓶"", ""m"": 3.65427, ""q"": 0.0094, ""c"": 0.5232, ""capture"": 0.018, ""share"": 0.075, ""miss_deg"": 2.84, ""labels"": [30]}, {""name"": ""白杯1"", ""m"": 0.7057, ""q"": 0.0018, ""c"": 0.2062, ""capture"": 0.009, ""share"": 0.014, ""miss_deg"": 3.08, ""labels"": [266]}, {""name"": ""苹果粉"", ""m"": 0.0014, ""q"": 0.0, ""c"": 0.1636, ""capture"": 0.0, ""share"": 0.0, ""miss_deg"": 4.63, ""labels"": [64]}]"
2026_08_20/002,c4,v9,beyond_occ,vis,99.56,102.21,2.65,4.348,球M,261,0.299,0.0706,0.776,0.905,0.906,0.764,物品台,389.6407,0,0,12,球M,1,7,"[{""name"": ""球M"", ""m"": 27.50514, ""q"": 0.0706, ""c"": 0.091, ""capture"": 0.776, ""share"": 0.299, ""miss_deg"": 0.71, ""labels"": [261]}, {""name"": ""球L"", ""m"": 24.88961, ""q"": 0.0639, ""c"": 0.091, ""capture"": 0.702, ""share"": 0.271, ""miss_deg"": 0.84, ""labels"": [259]}, {""name"": ""球R"", ""m"": 18.93804, ""q"": 0.0486, ""c"": 0.091, ""capture"": 0.534, ""share"": 0.206, ""miss_deg"": 1.12, ""labels"": [263]}, {""name"": ""白杯2"", ""m"": 7.26198, ""q"": 0.0186, ""c"": 0.1636, ""capture"": 0.114, ""share"": 0.079, ""miss_deg"": 2.08, ""labels"": [267]}, {""name"": ""白杯1"", ""m"": 4.45119, ""q"": 0.0114, ""c"": 0.2062, ""capture"": 0.055, ""share"": 0.048, ""miss_deg"": 2.41, ""labels"": [266]}, {""name"": ""水瓶"", ""m"": 8.47778, ""q"": 0.0218, ""c"": 0.5012, ""capture"": 0.043, ""share"": 0.092, ""miss_deg"": 2.5, ""labels"": [30]}, {""name"": ""苹果红"", ""m"": 0.3862, ""q"": 0.001, ""c"": 0.1188, ""capture"": 0.008, ""share"": 0.004, ""miss_deg"": 3.09, ""labels"": [260]}]"
2026_08_20/002,c4,v9,beyond_occ,vis,102.26,107.25,4.98,4.285,球L,259,0.383,0.1145,1.258,0.512,0.512,0.701,物品台,389.6407,1,0,,,,9,"[{""name"": ""球L"", ""m"": 44.61583, ""q"": 0.1145, ""c"": 0.091, ""capture"": 1.258, ""share"": 0.383, ""miss_deg"": 0.0, ""labels"": [259]}, {""name"": ""球M"", ""m"": 22.83248, ""q"": 0.0586, ""c"": 0.091, ""capture"": 0.644, ""share"": 0.196, ""miss_deg"": 0.94, ""labels"": [261]}, {""name"": ""苹果红"", ""m"": 14.55665, ""q"": 0.0374, ""c"": 0.1369, ""capture"": 0.273, ""share"": 0.125, ""miss_deg"": 1.61, ""labels"": [260]}, {""name"": ""球R"", ""m"": 7.30959, ""q"": 0.0188, ""c"": 0.091, ""capture"": 0.206, ""share"": 0.063, ""miss_deg"": 1.78, ""labels"": [263]}, {""name"": ""水瓶"", ""m"": 17.23447, ""q"": 0.0442, ""c"": 0.5232, ""capture"": 0.085, ""share"": 0.148, ""miss_deg"": 2.22, ""labels"": [30]}, {""name"": ""白杯2"", ""m"": 4.23725, ""q"": 0.0109, ""c"": 0.1636, ""capture"": 0.066, ""share"": 0.036, ""miss_deg"": 2.33, ""labels"": [267]}, {""name"": ""白杯1"", ""m"": 4.78699, ""q"": 0.0123, ""c"": 0.2062, ""capture"": 0.06, ""share"": 0.041, ""miss_deg"": 2.38, ""labels"": [266]}, {""name"": ""红杯"", ""m"": 0.72016, ""q"": 0.0018, ""c"": 0.3157, ""capture"": 0.006, ""share"": 0.006, ""miss_deg"": 3.21, ""labels"": [49]}, {""name"": ""苹果粉"", ""m"": 0.29807, ""q"": 0.0008, ""c"": 0.1892, ""capture"": 0.004, ""share"": 0.003, ""miss_deg"": 3.32, ""labels"": [64]}]"
2026_08_20/002,c4,v9,beyond_occ,vis,107.48,109.22,1.74,4.329,球R,263,0.298,0.106,1.165,0.809,0.809,0.645,物品台,389.6407,0,0,13,球R,1,6,"[{""name"": ""球R"", ""m"": 41.30384, ""q"": 0.106, ""c"": 0.091, ""capture"": 1.165, ""share"": 0.298, ""miss_deg"": 0.0, ""labels"": [263]}, {""name"": ""球M"", ""m"": 33.43861, ""q"": 0.0858, ""c"": 0.091, ""capture"": 0.943, ""share"": 0.241, ""miss_deg"": 0.34, ""labels"": [261]}, {""name"": ""球L"", ""m"": 16.09508, ""q"": 0.0413, ""c"": 0.091, ""capture"": 0.454, ""share"": 0.116, ""miss_deg"": 1.26, ""labels"": [259]}, {""name"": ""白杯2"", ""m"": 27.85894, ""q"": 0.0715, ""c"": 0.1636, ""capture"": 0.437, ""share"": 0.201, ""miss_deg"": 1.29, ""labels"": [267]}, {""name"": ""白杯1"", ""m"": 8.31151, ""q"": 0.0213, ""c"": 0.2062, ""capture"": 0.103, ""share"": 0.06, ""miss_deg"": 2.13, ""labels"": [266]}, {""name"": ""水瓶"", ""m"": 11.46929, ""q"": 0.0294, ""c"": 0.5232, ""capture"": 0.056, ""share"": 0.083, ""miss_deg"": 2.4, ""labels"": [30]}]"
2026_08_20/002,c4,v9,beyond_occ,vis,109.44,113.19,3.75,4.325,球L,259,0.378,0.0996,1.094,0.641,0.643,0.737,物品台,389.6407,1,0,,,,9,"[{""name"": ""球L"", ""m"": 38.79386, ""q"": 0.0996, ""c"": 0.091, ""capture"": 1.094, ""share"": 0.378, ""miss_deg"": 0.0, ""labels"": [259]}, {""name"": ""球M"", ""m"": 24.87207, ""q"": 0.0638, ""c"": 0.091, ""capture"": 0.701, ""share"": 0.243, ""miss_deg"": 0.84, ""labels"": [261]}, {""name"": ""球R"", ""m"": 9.20403, ""q"": 0.0236, ""c"": 0.091, ""capture"": 0.26, ""share"": 0.09, ""miss_deg"": 1.64, ""labels"": [263]}, {""name"": ""苹果红"", ""m"": 8.51127, ""q"": 0.0218, ""c"": 0.1369, ""capture"": 0.16, ""share"": 0.083, ""miss_deg"": 1.92, ""labels"": [260]}, {""name"": ""白杯2"", ""m"": 4.32203, ""q"": 0.0111, ""c"": 0.1636, ""capture"": 0.068, ""share"": 0.042, ""miss_deg"": 2.32, ""labels"": [267]}, {""name"": ""水瓶"", ""m"": 12.75726, ""q"": 0.0327, ""c"": 0.5232, ""capture"": 0.063, ""share"": 0.124, ""miss_deg"": 2.35, ""labels"": [30]}, {""name"": ""白杯1"", ""m"": 3.74938, ""q"": 0.0096, ""c"": 0.2062, ""capture"": 0.047, ""share"": 0.037, ""miss_deg"": 2.48, ""labels"": [266]}, {""name"": ""红杯"", ""m"": 0.33798, ""q"": 0.0009, ""c"": 0.3157, ""capture"": 0.003, ""share"": 0.003, ""miss_deg"": 3.43, ""labels"": [49]}, {""name"": ""苹果粉"", ""m"": 0.01516, ""q"": 0.0, ""c"": 0.1636, ""capture"": 0.0, ""share"": 0.0, ""miss_deg"": 4.09, ""labels"": [64]}]"
2026_08_20/002,c4,v9,beyond_occ,vis,113.27,114.31,1.05,4.328,球L,259,0.312,0.0569,0.626,0.649,0.978,0.818,object#35,389.6407,0,0,,,,9,"[{""name"": ""球L"", ""m"": 22.18886, ""q"": 0.0569, ""c"": 0.091, ""capture"": 0.626, ""share"": 0.312, ""miss_deg"": 0.97, ""labels"": [259]}, {""name"": ""苹果红"", ""m"": 21.66989, ""q"": 0.0556, ""c"": 0.1369, ""capture"": 0.406, ""share"": 0.305, ""miss_deg"": 1.34, ""labels"": [260]}, {""name"": ""苹果粉"", ""m"": 15.27075, ""q"": 0.0392, ""c"": 0.1636, ""capture"": 0.24, ""share"": 0.215, ""miss_deg"": 1.69, ""labels"": [64]}, {""name"": ""球M"", ""m"": 4.2641, ""q"": 0.0109, ""c"": 0.091, ""capture"": 0.12, ""share"": 0.06, ""miss_deg"": 2.06, ""labels"": [261]}, {""name"": ""水瓶"", ""m"": 6.89343, ""q"": 0.0177, ""c"": 0.5232, ""capture"": 0.034, ""share"": 0.097, ""miss_deg"": 2.6, ""labels"": [30]}, {""name"": ""白杯1"", ""m"": 0.33496, ""q"": 0.0009, ""c"": 0.2062, ""capture"": 0.004, ""share"": 0.005, ""miss_deg"": 3.31, ""labels"": [266]}, {""name"": ""橘子"", ""m"": 0.1287, ""q"": 0.0003, ""c"": 0.1097, ""capture"": 0.003, ""share"": 0.002, ""miss_deg"": 3.41, ""labels"": [262]}, {""name"": ""球R"", ""m"": 0.05258, ""q"": 0.0001, ""c"": 0.091, ""capture"": 0.001, ""share"": 0.001, ""miss_deg"": 3.61, ""labels"": [263]}, {""name"": ""香蕉"", ""m"": 0.24881, ""q"": 0.0006, ""c"": 0.6386, ""capture"": 0.001, ""share"": 0.004, ""miss_deg"": 3.72, ""labels"": [264]}]"
2026_08_20/002,c4,v9,beyond_occ,vis,114.54,115.08,0.54,4.305,球L,259,0.357,0.1167,1.283,0.605,0.605,0.673,物品台,389.6407,1,0,,,,9,"[{""name"": ""球L"", ""m"": 45.48093, ""q"": 0.1167, ""c"": 0.091, ""capture"": 1.283, ""share"": 0.357, ""miss_deg"": 0.0, ""labels"": [259]}, {""name"": ""球M"", ""m"": 27.51961, ""q"": 0.0706, ""c"": 0.091, ""capture"": 0.776, ""share"": 0.216, ""miss_deg"": 0.71, ""labels"": [261]}, {""name"": ""球R"", ""m"": 9.80005, ""q"": 0.0252, ""c"": 0.091, ""capture"": 0.276, ""share"": 0.077, ""miss_deg"": 1.6, ""labels"": [263]}, {""name"": ""苹果红"", ""m"": 12.41954, ""q"": 0.0319, ""c"": 0.1369, ""capture"": 0.233, ""share"": 0.097, ""miss_deg"": 1.71, ""labels"": [260]}, {""name"": ""白杯2"", ""m"": 6.32163, ""q"": 0.0162, ""c"": 0.1636, ""capture"": 0.099, ""share"": 0.05, ""miss_deg"": 2.15, ""labels"": [267]}, {""name"": ""水瓶"", ""m"": 19.04073, ""q"": 0.0489, ""c"": 0.5232, ""capture"": 0.093, ""share"": 0.149, ""miss_deg"": 2.18, ""labels"": [30]}, {""name"": ""白杯1"", ""m"": 6.1795, ""q"": 0.0159, ""c"": 0.2062, ""capture"": 0.077, ""share"": 0.048, ""miss_deg"": 2.27, ""labels"": [266]}, {""name"": ""红杯"", ""m"": 0.81005, ""q"": 0.0021, ""c"": 0.3157, ""capture"": 0.007, ""share"": 0.006, ""miss_deg"": 3.17, ""labels"": [49]}, {""name"": ""苹果粉"", ""m"": 0.00343, ""q"": 0.0, ""c"": 0.1636, ""capture"": 0.0, ""share"": 0.0, ""miss_deg"": 4.43, ""labels"": [64]}]"
2026_08_20/002,c4,v9,beyond_occ,vis,115.13,115.78,0.65,4.282,球L,259,0.295,0.1126,1.238,0.803,0.803,0.618,物品台,389.6407,0,0,,,,9,"[{""name"": ""球L"", ""m"": 43.87937, ""q"": 0.1126, ""c"": 0.091, ""capture"": 1.238, ""share"": 0.295, ""miss_deg"": 0.0, ""labels"": [259]}, {""name"": ""球M"", ""m"": 35.23899, ""q"": 0.0904, ""c"": 0.091, ""capture"": 0.994, ""share"": 0.237, ""miss_deg"": 0.11, ""labels"": [261]}, {""name"": ""球R"", ""m"": 17.83499, ""q"": 0.0458, ""c"": 0.091, ""capture"": 0.503, ""share"": 0.12, ""miss_deg"": 1.17, ""labels"": [263]}, {""name"": ""白杯2"", ""m"": 12.75164, ""q"": 0.0327, ""c"": 0.1636, ""capture"": 0.2, ""share"": 0.086, ""miss_deg"": 1.79, ""labels"": [267]}, {""name"": ""苹果红"", ""m"": 7.73849, ""q"": 0.0199, ""c"": 0.1369, ""capture"": 0.145, ""share"": 0.052, ""miss_deg"": 1.96, ""labels"": [260]}, {""name"": ""水瓶"", ""m"": 22.03932, ""q"": 0.0566, ""c"": 0.5232, ""capture"": 0.108, ""share"": 0.148, ""miss_deg"": 2.11, ""labels"": [30]}, {""name"": ""白杯1"", ""m"": 8.62374, ""q"": 0.0221, ""c"": 0.2062, ""capture"": 0.107, ""share"": 0.058, ""miss_deg"": 2.11, ""labels"": [266]}, {""name"": ""红杯"", ""m"": 0.64361, ""q"": 0.0017, ""c"": 0.3157, ""capture"": 0.005, ""share"": 0.004, ""miss_deg"": 3.24, ""labels"": [49]}, {""name"": ""苹果粉"", ""m"": 0.0111, ""q"": 0.0, ""c"": 0.1892, ""capture"": 0.0, ""share"": 0.0, ""miss_deg"": 4.2, ""labels"": [64]}]"
2026_08_20/002,c4,v9,beyond_occ,vis,115.84,116.92,1.08,4.29,球L,259,0.366,0.1192,1.31,0.388,0.388,0.675,物品台,389.6407,1,0,,,,11,"[{""name"": ""球L"", ""m"": 46.43333, ""q"": 0.1192, ""c"": 0.091, ""capture"": 1.31, ""share"": 0.366, ""miss_deg"": 0.0, ""labels"": [259]}, {""name"": ""球M"", ""m"": 18.02074, ""q"": 0.0462, ""c"": 0.091, ""capture"": 0.508, ""share"": 0.142, ""miss_deg"": 1.16, ""labels"": [261]}, {""name"": ""苹果红"", ""m"": 23.51239, ""q"": 0.0603, ""c"": 0.1369, ""capture"": 0.441, ""share"": 0.185, ""miss_deg"": 1.28, ""labels"": [260]}, {""name"": ""球R"", ""m"": 4.54264, ""q"": 0.0117, ""c"": 0.091, ""capture"": 0.128, ""share"": 0.036, ""miss_deg"": 2.03, ""labels"": [263]}, {""name"": ""水瓶"", ""m"": 20.0561, ""q"": 0.0515, ""c"": 0.5232, ""capture"": 0.098, ""share"": 0.158, ""miss_deg"": 2.15, ""labels"": [30]}, {""name"": ""苹果粉"", ""m"": 4.65678, ""q"": 0.012, ""c"": 0.1636, ""capture"": 0.073, ""share"": 0.037, ""miss_deg"": 2.29, ""labels"": [64]}, {""name"": ""白杯1"", ""m"": 4.59713, ""q"": 0.0118, ""c"": 0.2062, ""capture"": 0.057, ""share"": 0.036, ""miss_deg"": 2.39, ""labels"": [266]}, {""name"": ""白杯2"", ""m"": 3.43184, ""q"": 0.0088, ""c"": 0.1636, ""capture"": 0.054, ""share"": 0.027, ""miss_deg"": 2.42, ""labels"": [267]}, {""name"": ""红杯"", ""m"": 1.33144, ""q"": 0.0034, ""c"": 0.3157, ""capture"": 0.011, ""share"": 0.011, ""miss_deg"": 3.01, ""labels"": [49]}, {""name"": ""橘子"", ""m"": 0.03566, ""q"": 0.0001, ""c"": 0.1097, ""capture"": 0.001, ""share"": 0.0, ""miss_deg"": 3.77, ""labels"": [262]}, {""name"": ""香蕉"", ""m"": 0.16175, ""q"": 0.0004, ""c"": 0.6386, ""capture"": 0.001, ""share"": 0.001, ""miss_deg"": 3.83, ""labels"": [264]}]"
2026_08_20/002,c4,v9,beyond_occ,vis,116.97,119.57,2.6,4.308,球L,259,0.267,0.0999,1.098,0.945,0.944,0.626,物品台,389.6407,0,0,,,,7,"[{""name"": ""球L"", ""m"": 38.92769, ""q"": 0.0999, ""c"": 0.091, ""capture"": 1.098, ""share"": 0.267, ""miss_deg"": 0.0, ""labels"": [259]}, {""name"": ""球M"", ""m"": 36.80568, ""q"": 0.0945, ""c"": 0.091, ""capture"": 1.038, ""share"": 0.252, ""miss_deg"": 0.0, ""labels"": [261]}, {""name"": ""球R"", ""m"": 21.91428, ""q"": 0.0562, ""c"": 0.091, ""capture"": 0.618, ""share"": 0.15, ""miss_deg"": 0.98, ""labels"": [263]}, {""name"": ""白杯2"", ""m"": 16.16929, ""q"": 0.0415, ""c"": 0.1636, ""capture"": 0.254, ""share"": 0.111, ""miss_deg"": 1.66, ""labels"": [267]}, {""name"": ""水瓶"", ""m"": 19.92912, ""q"": 0.0511, ""c"": 0.5232, ""capture"": 0.098, ""share"": 0.137, ""miss_deg"": 2.16, ""labels"": [30]}, {""name"": ""白杯1"", ""m"": 7.67484, ""q"": 0.0197, ""c"": 0.2062, ""capture"": 0.096, ""share"": 0.053, ""miss_deg"": 2.17, ""labels"": [266]}, {""name"": ""苹果红"", ""m"": 4.46781, ""q"": 0.0115, ""c"": 0.1369, ""capture"": 0.084, ""share"": 0.031, ""miss_deg"": 2.23, ""labels"": [260]}]"
2026_08_20/002,c4,v9,beyond_occ,vis,119.63,121.14,1.52,4.255,球L,259,0.651,0.0143,0.158,0.5,0.501,0.978,object#24,389.6407,0,0,,,,4,"[{""name"": ""球L"", ""m"": 5.58715, ""q"": 0.0143, ""c"": 0.091, ""capture"": 0.158, ""share"": 0.651, ""miss_deg"": 1.92, ""labels"": [259]}, {""name"": ""球M"", ""m"": 2.80007, ""q"": 0.0072, ""c"": 0.091, ""capture"": 0.079, ""share"": 0.326, ""miss_deg"": 2.25, ""labels"": [261]}, {""name"": ""水瓶"", ""m"": 0.17298, ""q"": 0.0004, ""c"": 0.5232, ""capture"": 0.001, ""share"": 0.02, ""miss_deg"": 3.76, ""labels"": [30]}, {""name"": ""苹果红"", ""m"": 0.017, ""q"": 0.0, ""c"": 0.1369, ""capture"": 0.0, ""share"": 0.002, ""miss_deg"": 4.01, ""labels"": [260]}]"
2026_08_20/002,c4,v9,beyond_occ,vis,121.6,123.44,1.84,4.253,球M,261,0.368,0.0392,0.431,0.951,0.948,0.893,物品台,389.6407,0,0,,,,7,"[{""name"": ""球M"", ""m"": 15.29287, ""q"": 0.0392, ""c"": 0.091, ""capture"": 0.431, ""share"": 0.368, ""miss_deg"": 1.3, ""labels"": [261]}, {""name"": ""球L"", ""m"": 14.53189, ""q"": 0.0373, ""c"": 0.091, ""capture"": 0.41, ""share"": 0.349, ""miss_deg"": 1.34, ""labels"": [259]}, {""name"": ""球R"", ""m"": 7.48073, ""q"": 0.0192, ""c"": 0.091, ""capture"": 0.211, ""share"": 0.18, ""miss_deg"": 1.76, ""labels"": [263]}, {""name"": ""白杯1"", ""m"": 1.10592, ""q"": 0.0028, ""c"": 0.2062, ""capture"": 0.014, ""share"": 0.027, ""miss_deg"": 2.93, ""labels"": [266]}, {""name"": ""水瓶"", ""m"": 2.62874, ""q"": 0.0067, ""c"": 0.5232, ""capture"": 0.013, ""share"": 0.063, ""miss_deg"": 2.95, ""labels"": [30]}, {""name"": ""白杯2"", ""m"": 0.53958, ""q"": 0.0014, ""c"": 0.1636, ""capture"": 0.008, ""share"": 0.013, ""miss_deg"": 3.09, ""labels"": [267]}, {""name"": ""苹果红"", ""m"": 0.02209, ""q"": 0.0001, ""c"": 0.1369, ""capture"": 0.0, ""share"": 0.001, ""miss_deg"": 3.95, ""labels"": [260]}]"
2026_08_20/002,c4,v9,beyond_occ,vis,123.49,123.82,0.33,4.27,球R,263,0.459,0.0268,0.294,0.684,0.682,0.942,物品台,389.6407,1,0,,,,5,"[{""name"": ""球R"", ""m"": 10.43961, ""q"": 0.0268, ""c"": 0.091, ""capture"": 0.294, ""share"": 0.459, ""miss_deg"": 1.56, ""labels"": [263]}, {""name"": ""球M"", ""m"": 7.13262, ""q"": 0.0183, ""c"": 0.091, ""capture"": 0.201, ""share"": 0.313, ""miss_deg"": 1.79, ""labels"": [261]}, {""name"": ""水瓶"", ""m"": 3.80782, ""q"": 0.0098, ""c"": 0.5232, ""capture"": 0.019, ""share"": 0.167, ""miss_deg"": 2.82, ""labels"": [30]}, {""name"": ""白杯2"", ""m"": 1.16473, ""q"": 0.003, ""c"": 0.1636, ""capture"": 0.018, ""share"": 0.051, ""miss_deg"": 2.83, ""labels"": [267]}, {""name"": ""球L"", ""m"": 0.21064, ""q"": 0.0005, ""c"": 0.091, ""capture"": 0.006, ""share"": 0.009, ""miss_deg"": 3.2, ""labels"": [259]}]"
2026_08_20/002,c4,v9,beyond_occ,vis,123.88,125.56,1.68,4.206,球L,259,0.522,0.0594,0.542,0.651,0.54,0.886,object#35,389.6407,1,1,,,,7,"[{""name"": ""球L"", ""m"": 23.15741, ""q"": 0.0594, ""c"": 0.1097, ""capture"": 0.542, ""share"": 0.522, ""miss_deg"": 1.11, ""labels"": [259]}, {""name"": ""球M"", ""m"": 12.5072, ""q"": 0.0321, ""c"": 0.091, ""capture"": 0.353, ""share"": 0.282, ""miss_deg"": 1.44, ""labels"": [261]}, {""name"": ""球R"", ""m"": 2.6196, ""q"": 0.0067, ""c"": 0.091, ""capture"": 0.074, ""share"": 0.059, ""miss_deg"": 2.28, ""labels"": [263]}, {""name"": ""苹果红"", ""m"": 2.45111, ""q"": 0.0063, ""c"": 0.1459, ""capture"": 0.043, ""share"": 0.055, ""miss_deg"": 2.51, ""labels"": [260]}, {""name"": ""水瓶"", ""m"": 2.95152, ""q"": 0.0076, ""c"": 0.5444, ""capture"": 0.014, ""share"": 0.067, ""miss_deg"": 2.92, ""labels"": [30]}, {""name"": ""白杯1"", ""m"": 0.67696, ""q"": 0.0017, ""c"": 0.2062, ""capture"": 0.008, ""share"": 0.015, ""miss_deg"": 3.09, ""labels"": [266]}, {""name"": ""苹果粉"", ""m"": 0.0005, ""q"": 0.0, ""c"": 0.2062, ""capture"": 0.0, ""share"": 0.0, ""miss_deg"": 4.9, ""labels"": [64]}]"
2026_08_20/002,c4,v9,beyond_occ,vis,125.61,126.64,1.03,4.224,球R,263,0.436,0.0359,0.394,0.792,0.791,0.918,物品台,389.6407,0,0,15,球R,1,6,"[{""name"": ""球R"", ""m"": 13.9851, ""q"": 0.0359, ""c"": 0.091, ""capture"": 0.394, ""share"": 0.436, ""miss_deg"": 1.36, ""labels"": [263]}, {""name"": ""球M"", ""m"": 11.0571, ""q"": 0.0284, ""c"": 0.091, ""capture"": 0.312, ""share"": 0.345, ""miss_deg"": 1.53, ""labels"": [261]}, {""name"": ""球L"", ""m"": 1.75281, ""q"": 0.0045, ""c"": 0.091, ""capture"": 0.049, ""share"": 0.055, ""miss_deg"": 2.45, ""labels"": [259]}, {""name"": ""白杯2"", ""m"": 1.58101, ""q"": 0.0041, ""c"": 0.1636, ""capture"": 0.025, ""share"": 0.049, ""miss_deg"": 2.72, ""labels"": [267]}, {""name"": ""水瓶"", ""m"": 3.24647, ""q"": 0.0083, ""c"": 0.5338, ""capture"": 0.016, ""share"": 0.101, ""miss_deg"": 2.88, ""labels"": [30]}, {""name"": ""白杯1"", ""m"": 0.43766, ""q"": 0.0011, ""c"": 0.2062, ""capture"": 0.005, ""share"": 0.014, ""miss_deg"": 3.23, ""labels"": [266]}]"
2026_08_20/002,c4,v9,beyond_occ,vis,127.96,128.29,0.32,2.573,,-1,0.0,0.0,,,,1.0,floor,389.6407,0,0,,,,0,[]
2026_08_20/002,c4,v9,beyond_occ,vis,130.1,130.64,0.55,1.671,,-1,0.0,0.0,,,,1.0,object#26,389.6407,0,0,,,,0,[]
2026_08_20/002,c4,v9,beyond_occ,vis,130.7,131.56,0.87,1.308,,-1,0.0,0.0,,,,1.0,object#26,389.6407,0,0,,,,0,[]
2026_08_20/002,c4,v9,beyond_occ,vis,131.62,132.48,0.87,1.141,,-1,0.0,0.0,,,,1.0,object#26,389.6407,0,0,,,,0,[]
2026_08_20/002,c4,v9,beyond_occ,vis,133.08,133.35,0.27,0.584,,-1,0.0,0.0,,,,1.0,object#14,389.6407,0,0,,,,0,[]
2026_08_20/002,c4,v9,beyond_occ,vis,133.62,134.0,0.38,0.485,,-1,0.0,0.0,,,,1.0,object#88,389.6407,0,0,,,,0,[]
2026_08_20/003,c4,v9,beyond_occ,vis,5.85,6.45,0.6,4.301,球L,259,0.577,0.0415,0.456,0.428,0.428,0.928,object#35,389.6407,1,1,1,球L,1,6,"[{""name"": ""球L"", ""m"": 16.17887, ""q"": 0.0415, ""c"": 0.091, ""capture"": 0.456, ""share"": 0.577, ""miss_deg"": 1.25, ""labels"": [259]}, {""name"": ""球M"", ""m"": 6.92729, ""q"": 0.0178, ""c"": 0.091, ""capture"": 0.195, ""share"": 0.247, ""miss_deg"": 1.81, ""labels"": [261]}, {""name"": ""苹果红"", ""m"": 2.11641, ""q"": 0.0054, ""c"": 0.1369, ""capture"": 0.04, ""share"": 0.076, ""miss_deg"": 2.54, ""labels"": [260]}, {""name"": ""球R"", ""m"": 0.99573, ""q"": 0.0026, ""c"": 0.091, ""capture"": 0.028, ""share"": 0.036, ""miss_deg"": 2.67, ""labels"": [263]}, {""name"": ""水瓶"", ""m"": 1.80038, ""q"": 0.0046, ""c"": 0.5232, ""capture"": 0.009, ""share"": 0.064, ""miss_deg"": 3.08, ""labels"": [30]}, {""name"": ""苹果粉"", ""m"": 0.00096, ""q"": 0.0, ""c"": 0.1636, ""capture"": 0.0, ""share"": 0.0, ""miss_deg"": 4.71, ""labels"": [64]}]"
2026_08_20/003,c4,v9,beyond_occ,vis,6.5,7.53,1.03,4.215,球L,259,0.45,0.0077,0.071,0.465,0.391,0.983,物品台,389.6407,0,0,1,球L,1,7,"[{""name"": ""球L"", ""m"": 3.01458, ""q"": 0.0077, ""c"": 0.1097, ""capture"": 0.071, ""share"": 0.45, ""miss_deg"": 2.3, ""labels"": [259]}, {""name"": ""球M"", ""m"": 1.18154, ""q"": 0.003, ""c"": 0.091, ""capture"": 0.033, ""share"": 0.176, ""miss_deg"": 2.61, ""labels"": [261]}, {""name"": ""球R"", ""m"": 0.45101, ""q"": 0.0012, ""c"": 0.091, ""capture"": 0.013, ""share"": 0.067, ""miss_deg"": 2.95, ""labels"": [263]}, {""name"": ""苹果红"", ""m"": 0.56562, ""q"": 0.0015, ""c"": 0.1459, ""capture"": 0.01, ""share"": 0.084, ""miss_deg"": 3.04, ""labels"": [260]}, {""name"": ""白杯1"", ""m"": 0.57664, ""q"": 0.0015, ""c"": 0.2062, ""capture"": 0.007, ""share"": 0.086, ""miss_deg"": 3.14, ""labels"": [266]}, {""name"": ""水瓶"", ""m"": 0.91031, ""q"": 0.0023, ""c"": 0.5444, ""capture"": 0.004, ""share"": 0.136, ""miss_deg"": 3.3, ""labels"": [30]}, {""name"": ""苹果粉"", ""m"": 0.00489, ""q"": 0.0, ""c"": 0.1892, ""capture"": 0.0, ""share"": 0.001, ""miss_deg"": 4.39, ""labels"": [64]}]"
2026_08_20/003,c4,v9,beyond_occ,vis,7.75,8.03,0.27,4.271,球L,259,0.301,0.0126,0.138,0.37,0.365,0.958,物品台,389.6407,0,0,1,球L,1,7,"[{""name"": ""球L"", ""m"": 4.90965, ""q"": 0.0126, ""c"": 0.091, ""capture"": 0.138, ""share"": 0.301, ""miss_deg"": 1.99, ""labels"": [259]}, {""name"": ""球M"", ""m"": 1.79976, ""q"": 0.0046, ""c"": 0.091, ""capture"": 0.051, ""share"": 0.11, ""miss_deg"": 2.44, ""labels"": [261]}, {""name"": ""球R"", ""m"": 1.63909, ""q"": 0.0042, ""c"": 0.091, ""capture"": 0.046, ""share"": 0.1, ""miss_deg"": 2.48, ""labels"": [263]}, {""name"": ""水瓶"", ""m"": 6.10502, ""q"": 0.0157, ""c"": 0.5232, ""capture"": 0.03, ""share"": 0.374, ""miss_deg"": 2.65, ""labels"": [30]}, {""name"": ""苹果红"", ""m"": 1.13502, ""q"": 0.0029, ""c"": 0.1369, ""capture"": 0.021, ""share"": 0.07, ""miss_deg"": 2.77, ""labels"": [260]}, {""name"": ""白杯1"", ""m"": 0.64522, ""q"": 0.0017, ""c"": 0.2062, ""capture"": 0.008, ""share"": 0.04, ""miss_deg"": 3.11, ""labels"": [266]}, {""name"": ""苹果粉"", ""m"": 0.08604, ""q"": 0.0002, ""c"": 0.1892, ""capture"": 0.001, ""share"": 0.005, ""miss_deg"": 3.68, ""labels"": [64]}]"
2026_08_20/003,c4,v9,beyond_occ,vis,8.92,9.19,0.27,2.331,,-1,0.0,0.0,,,,1.0,object#26,389.6407,0,0,,,,0,[]
2026_08_20/003,c4,v9,beyond_occ,vis,10.06,11.25,1.19,4.363,球R,263,0.37,0.0037,0.04,0.775,0.765,0.99,物品台,389.6407,0,0,6,球L,0,5,"[{""name"": ""球R"", ""m"": 1.4236, ""q"": 0.0037, ""c"": 0.091, ""capture"": 0.04, ""share"": 0.37, ""miss_deg"": 2.54, ""labels"": [263]}, {""name"": ""球M"", ""m"": 1.08907, ""q"": 0.0028, ""c"": 0.091, ""capture"": 0.031, ""share"": 0.283, ""miss_deg"": 2.64, ""labels"": [261]}, {""name"": ""球L"", ""m"": 0.88301, ""q"": 0.0023, ""c"": 0.091, ""capture"": 0.025, ""share"": 0.23, ""miss_deg"": 2.72, ""labels"": [259]}, {""name"": ""白杯1"", ""m"": 0.20604, ""q"": 0.0005, ""c"": 0.2062, ""capture"": 0.003, ""share"": 0.054, ""miss_deg"": 3.45, ""labels"": [266]}, {""name"": ""水瓶"", ""m"": 0.24389, ""q"": 0.0006, ""c"": 0.5012, ""capture"": 0.001, ""share"": 0.063, ""miss_deg"": 3.66, ""labels"": [30]}]"
2026_08_20/003,c4,v9,beyond_occ,vis,11.62,12.27,0.65,2.332,,-1,0.0,0.0,,,,1.0,object#26,389.6407,0,0,,,,0,[]
2026_08_20/003,c4,v9,beyond_occ,vis,13.42,13.69,0.27,2.971,纸箱子,33,1.0,0.0002,0.0,0.0,0.0,1.0,object#79,389.6407,0,0,,,,1,"[{""name"": ""纸箱子"", ""m"": 0.0959, ""q"": 0.0002, ""c"": 1.0, ""capture"": 0.0, ""share"": 1.0, ""miss_deg"": 4.08, ""labels"": [33, 73]}]"
2026_08_20/003,c4,v9,beyond_occ,vis,15.51,16.97,1.46,4.341,球L,259,0.675,0.0034,0.038,0.184,0.247,0.995,object#35,389.6407,0,0,8,球L,1,7,"[{""name"": ""球L"", ""m"": 1.34321, ""q"": 0.0034, ""c"": 0.091, ""capture"": 0.038, ""share"": 0.675, ""miss_deg"": 2.56, ""labels"": [259]}, {""name"": ""苹果红"", ""m"": 0.33269, ""q"": 0.0009, ""c"": 0.1188, ""capture"": 0.007, ""share"": 0.167, ""miss_deg"": 3.14, ""labels"": [260]}, {""name"": ""球M"", ""m"": 0.20505, ""q"": 0.0005, ""c"": 0.091, ""capture"": 0.006, ""share"": 0.103, ""miss_deg"": 3.21, ""labels"": [261]}, {""name"": ""白杯1"", ""m"": 0.04655, ""q"": 0.0001, ""c"": 0.2062, ""capture"": 0.001, ""share"": 0.023, ""miss_deg"": 3.86, ""labels"": [266]}, {""name"": ""苹果粉"", ""m"": 0.03379, ""q"": 0.0001, ""c"": 0.1636, ""capture"": 0.001, ""share"": 0.017, ""miss_deg"": 3.88, ""labels"": [64]}, {""name"": ""球R"", ""m"": 0.01231, ""q"": 0.0, ""c"": 0.091, ""capture"": 0.0, ""share"": 0.006, ""miss_deg"": 3.99, ""labels"": [263]}, {""name"": ""水瓶"", ""m"": 0.01556, ""q"": 0.0, ""c"": 0.5232, ""capture"": 0.0, ""share"": 0.008, ""miss_deg"": 4.35, ""labels"": [30]}]"
2026_08_20/003,c4,v9,beyond_occ,vis,17.03,17.57,0.54,4.347,球L,259,0.623,0.002,0.022,0.318,0.396,0.997,object#35,389.6407,0,0,,,,5,"[{""name"": ""球L"", ""m"": 0.76629, ""q"": 0.002, ""c"": 0.091, ""capture"": 0.022, ""share"": 0.623, ""miss_deg"": 2.77, ""labels"": [259]}, {""name"": ""苹果红"", ""m"": 0.30329, ""q"": 0.0008, ""c"": 0.1188, ""capture"": 0.007, ""share"": 0.247, ""miss_deg"": 3.17, ""labels"": [260]}, {""name"": ""苹果粉"", ""m"": 0.13554, ""q"": 0.0003, ""c"": 0.1636, ""capture"": 0.002, ""share"": 0.11, ""miss_deg"": 3.51, ""labels"": [64]}, {""name"": ""球M"", ""m"": 0.00887, ""q"": 0.0, ""c"": 0.091, ""capture"": 0.0, ""share"": 0.007, ""miss_deg"": 4.07, ""labels"": [261]}, {""name"": ""水瓶"", ""m"": 0.01636, ""q"": 0.0, ""c"": 0.5012, ""capture"": 0.0, ""share"": 0.013, ""miss_deg"": 4.33, ""labels"": [30]}]"
2026_08_20/003,c4,v9,beyond_occ,vis,17.62,18.38,0.76,4.352,球L,259,0.318,0.0055,0.06,0.867,0.862,0.983,物品台,389.6407,0,0,11,球L,1,6,"[{""name"": ""球L"", ""m"": 2.12993, ""q"": 0.0055, ""c"": 0.091, ""capture"": 0.06, ""share"": 0.318, ""miss_deg"": 2.37, ""labels"": [259]}, {""name"": ""球M"", ""m"": 1.83969, ""q"": 0.0047, ""c"": 0.091, ""capture"": 0.052, ""share"": 0.274, ""miss_deg"": 2.43, ""labels"": [261]}, {""name"": ""球R"", ""m"": 1.22378, ""q"": 0.0031, ""c"": 0.091, ""capture"": 0.035, ""share"": 0.183, ""miss_deg"": 2.59, ""labels"": [263]}, {""name"": ""白杯1"", ""m"": 0.53549, ""q"": 0.0014, ""c"": 0.2062, ""capture"": 0.007, ""share"": 0.08, ""miss_deg"": 3.17, ""labels"": [266]}, {""name"": ""苹果红"", ""m"": 0.21288, ""q"": 0.0005, ""c"": 0.1188, ""capture"": 0.005, ""share"": 0.032, ""miss_deg"": 3.28, ""labels"": [260]}, {""name"": ""水瓶"", ""m"": 0.76106, ""q"": 0.002, ""c"": 0.5012, ""capture"": 0.004, ""share"": 0.114, ""miss_deg"": 3.33, ""labels"": [30]}]"
2026_08_20/003,c4,v9,beyond_occ,vis,18.62,21.46,2.84,4.36,球L,259,0.673,0.0098,0.108,0.278,0.275,0.985,object#35,389.6407,0,0,11,球L,1,7,"[{""name"": ""球L"", ""m"": 3.82522, ""q"": 0.0098, ""c"": 0.091, ""capture"": 0.108, ""share"": 0.673, ""miss_deg"": 2.11, ""labels"": [259]}, {""name"": ""球M"", ""m"": 1.05418, ""q"": 0.0027, ""c"": 0.091, ""capture"": 0.03, ""share"": 0.185, ""miss_deg"": 2.65, ""labels"": [261]}, {""name"": ""苹果红"", ""m"": 0.43801, ""q"": 0.0011, ""c"": 0.1188, ""capture"": 0.009, ""share"": 0.077, ""miss_deg"": 3.05, ""labels"": [260]}, {""name"": ""球R"", ""m"": 0.12884, ""q"": 0.0003, ""c"": 0.091, ""capture"": 0.004, ""share"": 0.023, ""miss_deg"": 3.35, ""labels"": [263]}, {""name"": ""白杯1"", ""m"": 0.15986, ""q"": 0.0004, ""c"": 0.2062, ""capture"": 0.002, ""share"": 0.028, ""miss_deg"": 3.53, ""labels"": [266]}, {""name"": ""水瓶"", ""m"": 0.06781, ""q"": 0.0002, ""c"": 0.5012, ""capture"": 0.0, ""share"": 0.012, ""miss_deg"": 3.99, ""labels"": [30]}, {""name"": ""苹果粉"", ""m"": 0.01289, ""q"": 0.0, ""c"": 0.1636, ""capture"": 0.0, ""share"": 0.002, ""miss_deg"": 4.12, ""labels"": [64]}]"
2026_08_20/003,c4,v9,beyond_occ,vis,21.52,24.09,2.56,4.357,球L,259,0.474,0.0028,0.031,0.774,0.793,0.994,object#35,389.6407,0,0,11,球L,1,6,"[{""name"": ""球L"", ""m"": 1.09046, ""q"": 0.0028, ""c"": 0.091, ""capture"": 0.031, ""share"": 0.474, ""miss_deg"": 2.64, ""labels"": [259]}, {""name"": ""球M"", ""m"": 0.86505, ""q"": 0.0022, ""c"": 0.091, ""capture"": 0.024, ""share"": 0.376, ""miss_deg"": 2.73, ""labels"": [261]}, {""name"": ""球R"", ""m"": 0.20109, ""q"": 0.0005, ""c"": 0.091, ""capture"": 0.006, ""share"": 0.087, ""miss_deg"": 3.22, ""labels"": [263]}, {""name"": ""白杯1"", ""m"": 0.07864, ""q"": 0.0002, ""c"": 0.2062, ""capture"": 0.001, ""share"": 0.034, ""miss_deg"": 3.72, ""labels"": [266]}, {""name"": ""水瓶"", ""m"": 0.06738, ""q"": 0.0002, ""c"": 0.5012, ""capture"": 0.0, ""share"": 0.029, ""miss_deg"": 3.99, ""labels"": [30]}, {""name"": ""苹果红"", ""m"": 0.00035, ""q"": 0.0, ""c"": 0.1188, ""capture"": 0.0, ""share"": 0.0, ""miss_deg"": 4.86, ""labels"": [260]}]"
2026_08_20/003,c4,v9,beyond_occ,vis,24.32,24.81,0.49,4.359,球L,259,0.738,0.0022,0.024,0.292,0.289,0.997,object#35,389.6407,0,0,11,球L,1,3,"[{""name"": ""球L"", ""m"": 0.85849, ""q"": 0.0022, ""c"": 0.091, ""capture"": 0.024, ""share"": 0.738, ""miss_deg"": 2.73, ""labels"": [259]}, {""name"": ""球M"", ""m"": 0.24795, ""q"": 0.0006, ""c"": 0.091, ""capture"": 0.007, ""share"": 0.213, ""miss_deg"": 3.15, ""labels"": [261]}, {""name"": ""苹果红"", ""m"": 0.05737, ""q"": 0.0001, ""c"": 0.1188, ""capture"": 0.001, ""share"": 0.049, ""miss_deg"": 3.66, ""labels"": [260]}]"
2026_08_20/003,c4,v9,beyond_occ,vis,24.86,28.76,3.9,4.369,球L,259,0.368,0.0068,0.075,0.627,0.628,0.982,物品台,389.6407,0,0,11,球L,1,6,"[{""name"": ""球L"", ""m"": 2.64481, ""q"": 0.0068, ""c"": 0.091, ""capture"": 0.075, ""share"": 0.368, ""miss_deg"": 2.28, ""labels"": [259]}, {""name"": ""球M"", ""m"": 1.66165, ""q"": 0.0043, ""c"": 0.091, ""capture"": 0.047, ""share"": 0.231, ""miss_deg"": 2.47, ""labels"": [261]}, {""name"": ""球R"", ""m"": 1.61627, ""q"": 0.0041, ""c"": 0.091, ""capture"": 0.046, ""share"": 0.225, ""miss_deg"": 2.49, ""labels"": [263]}, {""name"": ""白杯1"", ""m"": 0.40216, ""q"": 0.001, ""c"": 0.2062, ""capture"": 0.005, ""share"": 0.056, ""miss_deg"": 3.25, ""labels"": [266]}, {""name"": ""水瓶"", ""m"": 0.85591, ""q"": 0.0022, ""c"": 0.5012, ""capture"": 0.004, ""share"": 0.119, ""miss_deg"": 3.3, ""labels"": [30]}, {""name"": ""苹果红"", ""m"": 0.00962, ""q"": 0.0, ""c"": 0.1188, ""capture"": 0.0, ""share"": 0.001, ""miss_deg"": 4.12, ""labels"": [260]}]"
2026_08_20/003,c4,v9,beyond_occ,vis,29.14,30.93,1.79,4.388,球R,263,0.342,0.005,0.055,0.8,0.798,0.985,物品台,389.6407,0,0,13,球R,1,6,"[{""name"": ""球R"", ""m"": 1.94657, ""q"": 0.005, ""c"": 0.091, ""capture"": 0.055, ""share"": 0.342, ""miss_deg"": 2.41, ""labels"": [263]}, {""name"": ""球M"", ""m"": 1.55213, ""q"": 0.004, ""c"": 0.091, ""capture"": 0.044, ""share"": 0.273, ""miss_deg"": 2.5, ""labels"": [261]}, {""name"": ""球L"", ""m"": 1.11417, ""q"": 0.0029, ""c"": 0.091, ""capture"": 0.031, ""share"": 0.196, ""miss_deg"": 2.63, ""labels"": [259]}, {""name"": ""白杯2"", ""m"": 0.53142, ""q"": 0.0014, ""c"": 0.1636, ""capture"": 0.008, ""share"": 0.093, ""miss_deg"": 3.09, ""labels"": [267]}, {""name"": ""白杯1"", ""m"": 0.29402, ""q"": 0.0008, ""c"": 0.2062, ""capture"": 0.004, ""share"": 0.052, ""miss_deg"": 3.35, ""labels"": [266]}, {""name"": ""水瓶"", ""m"": 0.24653, ""q"": 0.0006, ""c"": 0.5012, ""capture"": 0.001, ""share"": 0.043, ""miss_deg"": 3.65, ""labels"": [30]}]"
2026_08_20/003,c4,v9,beyond_occ,vis,31.21,33.76,2.54,4.37,球L,259,0.326,0.0087,0.095,0.768,0.761,0.973,物品台,389.6407,0,0,,,,6,"[{""name"": ""球L"", ""m"": 3.37988, ""q"": 0.0087, ""c"": 0.091, ""capture"": 0.095, ""share"": 0.326, ""miss_deg"": 2.17, ""labels"": [259]}, {""name"": ""球R"", ""m"": 2.57505, ""q"": 0.0066, ""c"": 0.091, ""capture"": 0.073, ""share"": 0.248, ""miss_deg"": 2.29, ""labels"": [263]}, {""name"": ""球M"", ""m"": 2.15336, ""q"": 0.0055, ""c"": 0.091, ""capture"": 0.061, ""share"": 0.208, ""miss_deg"": 2.37, ""labels"": [261]}, {""name"": ""白杯1"", ""m"": 0.77287, ""q"": 0.002, ""c"": 0.2062, ""capture"": 0.01, ""share"": 0.075, ""miss_deg"": 3.05, ""labels"": [266]}, {""name"": ""水瓶"", ""m"": 1.48638, ""q"": 0.0038, ""c"": 0.5012, ""capture"": 0.008, ""share"": 0.143, ""miss_deg"": 3.12, ""labels"": [30]}, {""name"": ""苹果红"", ""m"": 0.00564, ""q"": 0.0, ""c"": 0.1188, ""capture"": 0.0, ""share"": 0.001, ""miss_deg"": 4.25, ""labels"": [260]}]"
2026_08_20/003,c4,v9,beyond_occ,vis,33.86,35.89,2.02,4.347,球R,263,0.317,0.0125,0.137,0.978,0.975,0.961,物品台,389.6407,0,0,15,球R,1,5,"[{""name"": ""球R"", ""m"": 4.86006, ""q"": 0.0125, ""c"": 0.091, ""capture"": 0.137, ""share"": 0.317, ""miss_deg"": 1.99, ""labels"": [263]}, {""name"": ""球M"", ""m"": 4.73505, ""q"": 0.0122, ""c"": 0.091, ""capture"": 0.134, ""share"": 0.309, ""miss_deg"": 2.01, ""labels"": [261]}, {""name"": ""球L"", ""m"": 2.18659, ""q"": 0.0056, ""c"": 0.091, ""capture"": 0.062, ""share"": 0.143, ""miss_deg"": 2.36, ""labels"": [259]}, {""name"": ""白杯1"", ""m"": 1.49693, ""q"": 0.0038, ""c"": 0.2062, ""capture"": 0.019, ""share"": 0.098, ""miss_deg"": 2.82, ""labels"": [266]}, {""name"": ""水瓶"", ""m"": 2.03165, ""q"": 0.0052, ""c"": 0.5012, ""capture"": 0.01, ""share"": 0.133, ""miss_deg"": 3.02, ""labels"": [30]}]"
2026_08_20/003,c4,v9,beyond_occ,vis,36.27,37.62,1.35,4.363,球L,259,0.33,0.003,0.033,1.0,0.994,0.991,物品台,389.6407,0,0,,,,5,"[{""name"": ""球L"", ""m"": 1.17175, ""q"": 0.003, ""c"": 0.091, ""capture"": 0.033, ""share"": 0.33, ""miss_deg"": 2.61, ""labels"": [259]}, {""name"": ""球M"", ""m"": 1.16592, ""q"": 0.003, ""c"": 0.091, ""capture"": 0.033, ""share"": 0.328, ""miss_deg"": 2.61, ""labels"": [261]}, {""name"": ""球R"", ""m"": 0.96544, ""q"": 0.0025, ""c"": 0.091, ""capture"": 0.027, ""share"": 0.272, ""miss_deg"": 2.68, ""labels"": [263]}, {""name"": ""白杯1"", ""m"": 0.13896, ""q"": 0.0004, ""c"": 0.2062, ""capture"": 0.002, ""share"": 0.039, ""miss_deg"": 3.57, ""labels"": [266]}, {""name"": ""水瓶"", ""m"": 0.10838, ""q"": 0.0003, ""c"": 0.5012, ""capture"": 0.001, ""share"": 0.031, ""miss_deg"": 3.87, ""labels"": [30]}]"
2026_08_20/003,c4,v9,beyond_occ,vis,37.9,38.6,0.7,4.357,球L,259,0.354,0.0043,0.048,0.688,0.703,0.988,物品台,389.6407,0,0,,,,6,"[{""name"": ""球L"", ""m"": 1.68676, ""q"": 0.0043, ""c"": 0.091, ""capture"": 0.048, ""share"": 0.354, ""miss_deg"": 2.47, ""labels"": [259]}, {""name"": ""球R"", ""m"": 1.18622, ""q"": 0.003, ""c"": 0.091, ""capture"": 0.033, ""share"": 0.249, ""miss_deg"": 2.61, ""labels"": [263]}, {""name"": ""球M"", ""m"": 1.08678, ""q"": 0.0028, ""c"": 0.091, ""capture"": 0.031, ""share"": 0.228, ""miss_deg"": 2.64, ""labels"": [261]}, {""name"": ""白杯1"", ""m"": 0.28115, ""q"": 0.0007, ""c"": 0.2062, ""capture"": 0.003, ""share"": 0.059, ""miss_deg"": 3.36, ""labels"": [266]}, {""name"": ""水瓶"", ""m"": 0.44573, ""q"": 0.0011, ""c"": 0.5012, ""capture"": 0.002, ""share"": 0.094, ""miss_deg"": 3.49, ""labels"": [30]}, {""name"": ""苹果红"", ""m"": 0.07543, ""q"": 0.0002, ""c"": 0.1188, ""capture"": 0.002, ""share"": 0.016, ""miss_deg"": 3.58, ""labels"": [260]}]"
2026_08_20/003,c4,v9,beyond_occ,vis,38.87,45.1,6.23,4.348,球L,259,0.497,0.004,0.044,0.659,0.67,0.992,object#35,389.6407,0,0,,,,7,"[{""name"": ""球L"", ""m"": 1.55497, ""q"": 0.004, ""c"": 0.091, ""capture"": 0.044, ""share"": 0.497, ""miss_deg"": 2.5, ""labels"": [259]}, {""name"": ""球M"", ""m"": 1.04097, ""q"": 0.0027, ""c"": 0.091, ""capture"": 0.029, ""share"": 0.333, ""miss_deg"": 2.66, ""labels"": [261]}, {""name"": ""球R"", ""m"": 0.1291, ""q"": 0.0003, ""c"": 0.091, ""capture"": 0.004, ""share"": 0.041, ""miss_deg"": 3.35, ""labels"": [263]}, {""name"": ""苹果红"", ""m"": 0.12874, ""q"": 0.0003, ""c"": 0.1188, ""capture"": 0.003, ""share"": 0.041, ""miss_deg"": 3.43, ""labels"": [260]}, {""name"": ""白杯1"", ""m"": 0.13806, ""q"": 0.0004, ""c"": 0.2062, ""capture"": 0.002, ""share"": 0.044, ""miss_deg"": 3.57, ""labels"": [266]}, {""name"": ""水瓶"", ""m"": 0.13397, ""q"": 0.0003, ""c"": 0.5012, ""capture"": 0.001, ""share"": 0.043, ""miss_deg"": 3.82, ""labels"": [30]}, {""name"": ""苹果粉"", ""m"": 0.00069, ""q"": 0.0, ""c"": 0.1636, ""capture"": 0.0, ""share"": 0.0, ""miss_deg"": 4.78, ""labels"": [64]}]"
2026_08_20/003,c4,v9,beyond_occ,vis,45.35,45.9,0.54,4.36,球L,259,0.471,0.0058,0.063,0.587,0.584,0.988,物品台,389.6407,0,0,,,,5,"[{""name"": ""球L"", ""m"": 2.24245, ""q"": 0.0058, ""c"": 0.091, ""capture"": 0.063, ""share"": 0.471, ""miss_deg"": 2.35, ""labels"": [259]}, {""name"": ""球M"", ""m"": 1.30929, ""q"": 0.0034, ""c"": 0.091, ""capture"": 0.037, ""share"": 0.275, ""miss_deg"": 2.57, ""labels"": [261]}, {""name"": ""球R"", ""m"": 0.78055, ""q"": 0.002, ""c"": 0.091, ""capture"": 0.022, ""share"": 0.164, ""miss_deg"": 2.76, ""labels"": [263]}, {""name"": ""白杯1"", ""m"": 0.14092, ""q"": 0.0004, ""c"": 0.2062, ""capture"": 0.002, ""share"": 0.03, ""miss_deg"": 3.56, ""labels"": [266]}, {""name"": ""水瓶"", ""m"": 0.28503, ""q"": 0.0007, ""c"": 0.5012, ""capture"": 0.001, ""share"": 0.06, ""miss_deg"": 3.61, ""labels"": [30]}]"
2026_08_20/003,c4,v9,beyond_occ,vis,46.09,47.01,0.92,4.349,球R,263,0.3,0.01,0.109,0.972,0.967,0.967,物品台,389.6407,0,0,,,,6,"[{""name"": ""球R"", ""m"": 3.88028, ""q"": 0.01, ""c"": 0.091, ""capture"": 0.109, ""share"": 0.3, ""miss_deg"": 2.1, ""labels"": [263]}, {""name"": ""球L"", ""m"": 3.75652, ""q"": 0.0096, ""c"": 0.091, ""capture"": 0.106, ""share"": 0.29, ""miss_deg"": 2.12, ""labels"": [259]}, {""name"": ""球M"", ""m"": 2.03026, ""q"": 0.0052, ""c"": 0.091, ""capture"": 0.057, ""share"": 0.157, ""miss_deg"": 2.39, ""labels"": [261]}, {""name"": ""白杯1"", ""m"": 0.95739, ""q"": 0.0025, ""c"": 0.2062, ""capture"": 0.012, ""share"": 0.074, ""miss_deg"": 2.98, ""labels"": [266]}, {""name"": ""水瓶"", ""m"": 2.31192, ""q"": 0.0059, ""c"": 0.5012, ""capture"": 0.012, ""share"": 0.179, ""miss_deg"": 2.98, ""labels"": [30]}, {""name"": ""苹果红"", ""m"": 0.00562, ""q"": 0.0, ""c"": 0.1188, ""capture"": 0.0, ""share"": 0.0, ""miss_deg"": 4.25, ""labels"": [260]}]"
2026_08_20/003,c4,v9,beyond_occ,vis,47.06,47.39,0.32,4.322,球L,259,0.13,0.0125,0.138,0.833,0.838,0.904,物品台,389.6407,0,0,,,,7,"[{""name"": ""球L"", ""m"": 4.88722, ""q"": 0.0125, ""c"": 0.091, ""capture"": 0.138, ""share"": 0.13, ""miss_deg"": 1.99, ""labels"": [259]}, {""name"": ""球M"", ""m"": 4.08811, ""q"": 0.0105, ""c"": 0.091, ""capture"": 0.115, ""share"": 0.109, ""miss_deg"": 2.08, ""labels"": [261]}, {""name"": ""水瓶"", ""m"": 20.84117, ""q"": 0.0535, ""c"": 0.5232, ""capture"": 0.102, ""share"": 0.556, ""miss_deg"": 2.14, ""labels"": [30]}, {""name"": ""球R"", ""m"": 2.46439, ""q"": 0.0063, ""c"": 0.091, ""capture"": 0.07, ""share"": 0.066, ""miss_deg"": 2.31, ""labels"": [263]}, {""name"": ""白杯1"", ""m"": 3.97967, ""q"": 0.0102, ""c"": 0.2062, ""capture"": 0.05, ""share"": 0.106, ""miss_deg"": 2.45, ""labels"": [266]}, {""name"": ""苹果红"", ""m"": 1.10585, ""q"": 0.0028, ""c"": 0.1369, ""capture"": 0.021, ""share"": 0.029, ""miss_deg"": 2.78, ""labels"": [260]}, {""name"": ""苹果粉"", ""m"": 0.14639, ""q"": 0.0004, ""c"": 0.1636, ""capture"": 0.002, ""share"": 0.004, ""miss_deg"": 3.49, ""labels"": [64]}]"
2026_08_20/003,c4,v9,beyond_occ,vis,47.62,48.11,0.49,4.329,球L,259,0.317,0.0167,0.183,0.235,0.237,0.947,物品台,389.6407,0,0,,,,9,"[{""name"": ""球L"", ""m"": 6.49852, ""q"": 0.0167, ""c"": 0.091, ""capture"": 0.183, ""share"": 0.317, ""miss_deg"": 1.84, ""labels"": [259]}, {""name"": ""球M"", ""m"": 1.52852, ""q"": 0.0039, ""c"": 0.091, ""capture"": 0.043, ""share"": 0.075, ""miss_deg"": 2.51, ""labels"": [261]}, {""name"": ""苹果红"", ""m"": 2.26993, ""q"": 0.0058, ""c"": 0.1369, ""capture"": 0.043, ""share"": 0.111, ""miss_deg"": 2.51, ""labels"": [260]}, {""name"": ""水瓶"", ""m"": 7.47603, ""q"": 0.0192, ""c"": 0.5232, ""capture"": 0.037, ""share"": 0.365, ""miss_deg"": 2.57, ""labels"": [30]}, {""name"": ""球R"", ""m"": 1.03506, ""q"": 0.0027, ""c"": 0.091, ""capture"": 0.029, ""share"": 0.051, ""miss_deg"": 2.66, ""labels"": [263]}, {""name"": ""白杯1"", ""m"": 1.15515, ""q"": 0.003, ""c"": 0.2062, ""capture"": 0.014, ""share"": 0.056, ""miss_deg"": 2.91, ""labels"": [266]}, {""name"": ""苹果粉"", ""m"": 0.21884, ""q"": 0.0006, ""c"": 0.1636, ""capture"": 0.003, ""share"": 0.011, ""miss_deg"": 3.37, ""labels"": [64]}, {""name"": ""红杯"", ""m"": 0.30066, ""q"": 0.0008, ""c"": 0.3157, ""capture"": 0.002, ""share"": 0.015, ""miss_deg"": 3.47, ""labels"": [49]}, {""name"": ""香蕉"", ""m"": 0.00647, ""q"": 0.0, ""c"": 0.6386, ""capture"": 0.0, ""share"": 0.0, ""miss_deg"": 4.6, ""labels"": [264]}]"
2026_08_20/003,c4,v9,beyond_occ,vis,48.16,48.49,0.32,4.329,球R,263,0.328,0.0138,0.152,0.803,0.808,0.958,物品台,389.6407,0,0,,,,5,"[{""name"": ""球R"", ""m"": 5.3773, ""q"": 0.0138, ""c"": 0.091, ""capture"": 0.152, ""share"": 0.328, ""miss_deg"": 1.94, ""labels"": [263]}, {""name"": ""球M"", ""m"": 4.33515, ""q"": 0.0111, ""c"": 0.091, ""capture"": 0.122, ""share"": 0.265, ""miss_deg"": 2.05, ""labels"": [261]}, {""name"": ""球L"", ""m"": 2.75312, ""q"": 0.0071, ""c"": 0.091, ""capture"": 0.078, ""share"": 0.168, ""miss_deg"": 2.26, ""labels"": [259]}, {""name"": ""白杯1"", ""m"": 1.2577, ""q"": 0.0032, ""c"": 0.2062, ""capture"": 0.016, ""share"": 0.077, ""miss_deg"": 2.88, ""labels"": [266]}, {""name"": ""水瓶"", ""m"": 2.66034, ""q"": 0.0068, ""c"": 0.5232, ""capture"": 0.013, ""share"": 0.162, ""miss_deg"": 2.95, ""labels"": [30]}]"
2026_08_20/003,c4,v9,beyond_occ,vis,48.54,50.4,1.86,4.345,球L,259,0.463,0.0102,0.112,0.464,0.462,0.978,object#35,389.6407,0,0,,,,8,"[{""name"": ""球L"", ""m"": 3.97417, ""q"": 0.0102, ""c"": 0.091, ""capture"": 0.112, ""share"": 0.463, ""miss_deg"": 2.09, ""labels"": [259]}, {""name"": ""球M"", ""m"": 1.83585, ""q"": 0.0047, ""c"": 0.091, ""capture"": 0.052, ""share"": 0.214, ""miss_deg"": 2.43, ""labels"": [261]}, {""name"": ""苹果红"", ""m"": 1.06383, ""q"": 0.0027, ""c"": 0.1188, ""capture"": 0.023, ""share"": 0.124, ""miss_deg"": 2.75, ""labels"": [260]}, {""name"": ""苹果粉"", ""m"": 0.38671, ""q"": 0.001, ""c"": 0.1636, ""capture"": 0.006, ""share"": 0.045, ""miss_deg"": 3.2, ""labels"": [64]}, {""name"": ""水瓶"", ""m"": 1.11503, ""q"": 0.0029, ""c"": 0.5012, ""capture"": 0.006, ""share"": 0.13, ""miss_deg"": 3.21, ""labels"": [30]}, {""name"": ""球R"", ""m"": 0.10775, ""q"": 0.0003, ""c"": 0.091, ""capture"": 0.003, ""share"": 0.013, ""miss_deg"": 3.4, ""labels"": [263]}, {""name"": ""白杯1"", ""m"": 0.09577, ""q"": 0.0002, ""c"": 0.2062, ""capture"": 0.001, ""share"": 0.011, ""miss_deg"": 3.67, ""labels"": [266]}, {""name"": ""香蕉"", ""m"": 0.00043, ""q"": 0.0, ""c"": 0.6386, ""capture"": 0.0, ""share"": 0.0, ""miss_deg"": 5.15, ""labels"": [264]}]"
2026_08_20/003,c4,v9,beyond_occ,vis,50.57,51.87,1.3,4.348,球L,259,0.391,0.0099,0.109,0.431,0.43,0.975,物品台,389.6407,0,0,,,,6,"[{""name"": ""球L"", ""m"": 3.86976, ""q"": 0.0099, ""c"": 0.091, ""capture"": 0.109, ""share"": 0.391, ""miss_deg"": 2.1, ""labels"": [259]}, {""name"": ""球M"", ""m"": 1.6602, ""q"": 0.0043, ""c"": 0.091, ""capture"": 0.047, ""share"": 0.168, ""miss_deg"": 2.47, ""labels"": [261]}, {""name"": ""球R"", ""m"": 1.12526, ""q"": 0.0029, ""c"": 0.091, ""capture"": 0.032, ""share"": 0.114, ""miss_deg"": 2.63, ""labels"": [263]}, {""name"": ""苹果红"", ""m"": 0.55043, ""q"": 0.0014, ""c"": 0.1188, ""capture"": 0.012, ""share"": 0.056, ""miss_deg"": 2.98, ""labels"": [260]}, {""name"": ""水瓶"", ""m"": 2.21194, ""q"": 0.0057, ""c"": 0.5012, ""capture"": 0.011, ""share"": 0.223, ""miss_deg"": 2.99, ""labels"": [30]}, {""name"": ""白杯1"", ""m"": 0.48891, ""q"": 0.0013, ""c"": 0.2062, ""capture"": 0.006, ""share"": 0.049, ""miss_deg"": 3.19, ""labels"": [266]}]"
2026_08_20/003,c4,v9,beyond_occ,vis,51.92,52.68,0.76,4.34,球L,259,0.69,0.002,0.022,0.227,0.303,0.997,object#35,389.6407,0,0,,,,4,"[{""name"": ""球L"", ""m"": 0.79475, ""q"": 0.002, ""c"": 0.091, ""capture"": 0.022, ""share"": 0.69, ""miss_deg"": 2.76, ""labels"": [259]}, {""name"": ""苹果红"", ""m"": 0.24061, ""q"": 0.0006, ""c"": 0.1188, ""capture"": 0.005, ""share"": 0.209, ""miss_deg"": 3.24, ""labels"": [260]}, {""name"": ""苹果粉"", ""m"": 0.1133, ""q"": 0.0003, ""c"": 0.1636, ""capture"": 0.002, ""share"": 0.098, ""miss_deg"": 3.56, ""labels"": [64]}, {""name"": ""球M"", ""m"": 0.00334, ""q"": 0.0, ""c"": 0.091, ""capture"": 0.0, ""share"": 0.003, ""miss_deg"": 4.31, ""labels"": [261]}]"
2026_08_20/003,c4,v9,beyond_occ,vis,53.16,53.7,0.54,4.348,球L,259,0.745,0.0024,0.027,0.074,0.165,0.997,object#35,389.6407,0,0,,,,5,"[{""name"": ""球L"", ""m"": 0.95207, ""q"": 0.0024, ""c"": 0.091, ""capture"": 0.027, ""share"": 0.745, ""miss_deg"": 2.69, ""labels"": [259]}, {""name"": ""苹果粉"", ""m"": 0.15727, ""q"": 0.0004, ""c"": 0.1636, ""capture"": 0.002, ""share"": 0.123, ""miss_deg"": 3.47, ""labels"": [64]}, {""name"": ""球M"", ""m"": 0.07009, ""q"": 0.0002, ""c"": 0.091, ""capture"": 0.002, ""share"": 0.055, ""miss_deg"": 3.53, ""labels"": [261]}, {""name"": ""苹果红"", ""m"": 0.09091, ""q"": 0.0002, ""c"": 0.1188, ""capture"": 0.002, ""share"": 0.071, ""miss_deg"": 3.53, ""labels"": [260]}, {""name"": ""水瓶"", ""m"": 0.00685, ""q"": 0.0, ""c"": 0.5012, ""capture"": 0.0, ""share"": 0.005, ""miss_deg"": 4.53, ""labels"": [30]}]"
2026_08_20/003,c4,v9,beyond_occ,vis,54.29,55.27,0.97,4.344,球L,259,0.521,0.0077,0.084,0.369,0.372,0.985,object#35,389.6407,0,0,,,,7,"[{""name"": ""球L"", ""m"": 2.98777, ""q"": 0.0077, ""c"": 0.091, ""capture"": 0.084, ""share"": 0.521, ""miss_deg"": 2.22, ""labels"": [259]}, {""name"": ""球M"", ""m"": 1.11527, ""q"": 0.0029, ""c"": 0.091, ""capture"": 0.031, ""share"": 0.194, ""miss_deg"": 2.63, ""labels"": [261]}, {""name"": ""苹果红"", ""m"": 0.42343, ""q"": 0.0011, ""c"": 0.1188, ""capture"": 0.009, ""share"": 0.074, ""miss_deg"": 3.06, ""labels"": [260]}, {""name"": ""球R"", ""m"": 0.20299, ""q"": 0.0005, ""c"": 0.091, ""capture"": 0.006, ""share"": 0.035, ""miss_deg"": 3.21, ""labels"": [263]}, {""name"": ""白杯1"", ""m"": 0.39751, ""q"": 0.001, ""c"": 0.2062, ""capture"": 0.005, ""share"": 0.069, ""miss_deg"": 3.26, ""labels"": [266]}, {""name"": ""苹果粉"", ""m"": 0.17236, ""q"": 0.0004, ""c"": 0.1636, ""capture"": 0.003, ""share"": 0.03, ""miss_deg"": 3.44, ""labels"": [64]}, {""name"": ""水瓶"", ""m"": 0.43637, ""q"": 0.0011, ""c"": 0.5012, ""capture"": 0.002, ""share"": 0.076, ""miss_deg"": 3.49, ""labels"": [30]}]"
2026_08_20/003,c4,v9,beyond_occ,vis,55.54,55.98,0.43,4.339,,-1,0.0,0.0,,,,1.0,object#35,389.6407,0,0,,,,0,[]
2026_08_20/003,c4,v9,beyond_occ,vis,56.3,56.79,0.49,4.343,球L,259,0.905,0.003,0.033,0.091,0.103,0.997,object#35,389.6407,0,0,,,,4,"[{""name"": ""球L"", ""m"": 1.15847, ""q"": 0.003, ""c"": 0.091, ""capture"": 0.033, ""share"": 0.905, ""miss_deg"": 2.62, ""labels"": [259]}, {""name"": ""球M"", ""m"": 0.11911, ""q"": 0.0003, ""c"": 0.091, ""capture"": 0.003, ""share"": 0.093, ""miss_deg"": 3.38, ""labels"": [261]}, {""name"": ""球R"", ""m"": 0.00071, ""q"": 0.0, ""c"": 0.091, ""capture"": 0.0, ""share"": 0.001, ""miss_deg"": 4.65, ""labels"": [263]}, {""name"": ""水瓶"", ""m"": 0.00115, ""q"": 0.0, ""c"": 0.5232, ""capture"": 0.0, ""share"": 0.001, ""miss_deg"": 4.92, ""labels"": [30]}]"
2026_08_20/003,c4,v9,beyond_occ,vis,56.84,57.98,1.14,4.348,球L,259,0.831,0.0036,0.04,0.125,0.15,0.996,object#35,389.6407,0,0,,,,5,"[{""name"": ""球L"", ""m"": 1.40743, ""q"": 0.0036, ""c"": 0.091, ""capture"": 0.04, ""share"": 0.831, ""miss_deg"": 2.54, ""labels"": [259]}, {""name"": ""苹果红"", ""m"": 0.21231, ""q"": 0.0005, ""c"": 0.1188, ""capture"": 0.005, ""share"": 0.125, ""miss_deg"": 3.28, ""labels"": [260]}, {""name"": ""苹果粉"", ""m"": 0.05992, ""q"": 0.0002, ""c"": 0.1636, ""capture"": 0.001, ""share"": 0.035, ""miss_deg"": 3.73, ""labels"": [64]}, {""name"": ""球M"", ""m"": 0.01081, ""q"": 0.0, ""c"": 0.091, ""capture"": 0.0, ""share"": 0.006, ""miss_deg"": 4.02, ""labels"": [261]}, {""name"": ""水瓶"", ""m"": 0.00218, ""q"": 0.0, ""c"": 0.5012, ""capture"": 0.0, ""share"": 0.001, ""miss_deg"": 4.78, ""labels"": [30]}]"
2026_08_20/003,c4,v9,beyond_occ,vis,58.27,58.92,0.65,4.377,球R,263,0.406,0.009,0.099,0.485,0.483,0.978,物品台,389.6407,0,0,,,,6,"[{""name"": ""球R"", ""m"": 3.5185, ""q"": 0.009, ""c"": 0.091, ""capture"": 0.099, ""share"": 0.406, ""miss_deg"": 2.15, ""labels"": [263]}, {""name"": ""球M"", ""m"": 1.69635, ""q"": 0.0044, ""c"": 0.091, ""capture"": 0.048, ""share"": 0.196, ""miss_deg"": 2.47, ""labels"": [261]}, {""name"": ""球L"", ""m"": 1.51873, ""q"": 0.0039, ""c"": 0.091, ""capture"": 0.043, ""share"": 0.175, ""miss_deg"": 2.51, ""labels"": [259]}, {""name"": ""白杯2"", ""m"": 0.73059, ""q"": 0.0019, ""c"": 0.1636, ""capture"": 0.011, ""share"": 0.084, ""miss_deg"": 2.99, ""labels"": [267]}, {""name"": ""白杯1"", ""m"": 0.55987, ""q"": 0.0014, ""c"": 0.2062, ""capture"": 0.007, ""share"": 0.065, ""miss_deg"": 3.15, ""labels"": [266]}, {""name"": ""水瓶"", ""m"": 0.636, ""q"": 0.0016, ""c"": 0.5012, ""capture"": 0.003, ""share"": 0.073, ""miss_deg"": 3.38, ""labels"": [30]}]"
2026_08_20/003,c4,v9,beyond_occ,vis,59.03,59.36,0.32,4.368,球R,263,0.399,0.008,0.088,0.795,0.797,0.98,物品台,389.6407,0,0,,,,6,"[{""name"": ""球R"", ""m"": 3.12889, ""q"": 0.008, ""c"": 0.091, ""capture"": 0.088, ""share"": 0.399, ""miss_deg"": 2.2, ""labels"": [263]}, {""name"": ""球M"", ""m"": 2.49441, ""q"": 0.0064, ""c"": 0.091, ""capture"": 0.07, ""share"": 0.318, ""miss_deg"": 2.3, ""labels"": [261]}, {""name"": ""球L"", ""m"": 1.49019, ""q"": 0.0038, ""c"": 0.091, ""capture"": 0.042, ""share"": 0.19, ""miss_deg"": 2.52, ""labels"": [259]}, {""name"": ""白杯2"", ""m"": 0.40121, ""q"": 0.001, ""c"": 0.1636, ""capture"": 0.006, ""share"": 0.051, ""miss_deg"": 3.18, ""labels"": [267]}, {""name"": ""白杯1"", ""m"": 0.12961, ""q"": 0.0003, ""c"": 0.2062, ""capture"": 0.002, ""share"": 0.017, ""miss_deg"": 3.59, ""labels"": [266]}, {""name"": ""水瓶"", ""m"": 0.19007, ""q"": 0.0005, ""c"": 0.5012, ""capture"": 0.001, ""share"": 0.024, ""miss_deg"": 3.72, ""labels"": [30]}]"
2026_08_20/003,c4,v9,beyond_occ,vis,59.41,60.06,0.65,4.375,球L,259,0.389,0.0084,0.092,0.609,0.602,0.978,物品台,389.6407,0,0,,,,6,"[{""name"": ""球L"", ""m"": 3.27802, ""q"": 0.0084, ""c"": 0.091, ""capture"": 0.092, ""share"": 0.389, ""miss_deg"": 2.18, ""labels"": [259]}, {""name"": ""球M"", ""m"": 1.9728, ""q"": 0.0051, ""c"": 0.091, ""capture"": 0.056, ""share"": 0.234, ""miss_deg"": 2.4, ""labels"": [261]}, {""name"": ""球R"", ""m"": 0.96588, ""q"": 0.0025, ""c"": 0.091, ""capture"": 0.027, ""share"": 0.115, ""miss_deg"": 2.68, ""labels"": [263]}, {""name"": ""水瓶"", ""m"": 1.49356, ""q"": 0.0038, ""c"": 0.5012, ""capture"": 0.008, ""share"": 0.177, ""miss_deg"": 3.12, ""labels"": [30]}, {""name"": ""苹果红"", ""m"": 0.27168, ""q"": 0.0007, ""c"": 0.1188, ""capture"": 0.006, ""share"": 0.032, ""miss_deg"": 3.21, ""labels"": [260]}, {""name"": ""白杯1"", ""m"": 0.4354, ""q"": 0.0011, ""c"": 0.2062, ""capture"": 0.005, ""share"": 0.052, ""miss_deg"": 3.23, ""labels"": [266]}]"
2026_08_20/003,c4,v9,beyond_occ,vis,60.39,64.18,3.79,4.369,球L,259,0.392,0.0077,0.085,0.541,0.541,0.98,物品台,389.6407,0,0,,,,6,"[{""name"": ""球L"", ""m"": 3.0061, ""q"": 0.0077, ""c"": 0.091, ""capture"": 0.085, ""share"": 0.392, ""miss_deg"": 2.22, ""labels"": [259]}, {""name"": ""球M"", ""m"": 1.62462, ""q"": 0.0042, ""c"": 0.091, ""capture"": 0.046, ""share"": 0.212, ""miss_deg"": 2.48, ""labels"": [261]}, {""name"": ""球R"", ""m"": 1.35825, ""q"": 0.0035, ""c"": 0.091, ""capture"": 0.038, ""share"": 0.177, ""miss_deg"": 2.55, ""labels"": [263]}, {""name"": ""白杯1"", ""m"": 0.62482, ""q"": 0.0016, ""c"": 0.2062, ""capture"": 0.008, ""share"": 0.082, ""miss_deg"": 3.12, ""labels"": [266]}, {""name"": ""水瓶"", ""m"": 0.92015, ""q"": 0.0024, ""c"": 0.5012, ""capture"": 0.005, ""share"": 0.12, ""miss_deg"": 3.27, ""labels"": [30]}, {""name"": ""苹果红"", ""m"": 0.12513, ""q"": 0.0003, ""c"": 0.1188, ""capture"": 0.003, ""share"": 0.016, ""miss_deg"": 3.44, ""labels"": [260]}]"
2026_08_20/003,c4,v9,beyond_occ,vis,66.06,66.5,0.43,2.766,,-1,0.0,0.0,,,,1.0,floor,389.6407,0,0,,,,0,[]
2026_08_20/003,c4,v9,beyond_occ,vis,67.31,70.23,2.92,3.047,,-1,0.0,0.0,,,,1.0,floor,389.6407,0,0,,,,0,[]
2026_08_20/003,c4,v9,beyond_occ,vis,70.9,71.98,1.08,4.278,球L,259,0.426,0.0127,0.139,0.36,0.538,0.97,物品台,389.6407,0,0,,,,9,"[{""name"": ""球L"", ""m"": 4.93457, ""q"": 0.0127, ""c"": 0.091, ""capture"": 0.139, ""share"": 0.426, ""miss_deg"": 1.99, ""labels"": [259]}, {""name"": ""苹果红"", ""m"": 2.65529, ""q"": 0.0068, ""c"": 0.1369, ""capture"": 0.05, ""share"": 0.229, ""miss_deg"": 2.45, ""labels"": [260]}, {""name"": ""球M"", ""m"": 1.08746, ""q"": 0.0028, ""c"": 0.091, ""capture"": 0.031, ""share"": 0.094, ""miss_deg"": 2.64, ""labels"": [261]}, {""name"": ""球R"", ""m"": 0.41044, ""q"": 0.0011, ""c"": 0.091, ""capture"": 0.012, ""share"": 0.035, ""miss_deg"": 2.99, ""labels"": [263]}, {""name"": ""水瓶"", ""m"": 1.59613, ""q"": 0.0041, ""c"": 0.5232, ""capture"": 0.008, ""share"": 0.138, ""miss_deg"": 3.11, ""labels"": [30]}, {""name"": ""白杯1"", ""m"": 0.43046, ""q"": 0.0011, ""c"": 0.2062, ""capture"": 0.005, ""share"": 0.037, ""miss_deg"": 3.23, ""labels"": [266]}, {""name"": ""苹果粉"", ""m"": 0.24454, ""q"": 0.0006, ""c"": 0.1892, ""capture"": 0.003, ""share"": 0.021, ""miss_deg"": 3.38, ""labels"": [64]}, {""name"": ""橘子"", ""m"": 0.07525, ""q"": 0.0002, ""c"": 0.1097, ""capture"": 0.002, ""share"": 0.006, ""miss_deg"": 3.56, ""labels"": [262]}, {""name"": ""香蕉"", ""m"": 0.15229, ""q"": 0.0004, ""c"": 0.6428, ""capture"": 0.001, ""share"": 0.013, ""miss_deg"": 3.85, ""labels"": [264]}]"
2026_08_20/003,c4,v9,beyond_occ,vis,72.04,72.63,0.6,4.28,球L,259,0.468,0.0694,0.763,0.256,0.256,0.852,物品台,389.6407,1,0,,,,9,"[{""name"": ""球L"", ""m"": 27.05933, ""q"": 0.0694, ""c"": 0.091, ""capture"": 0.763, ""share"": 0.468, ""miss_deg"": 0.74, ""labels"": [259]}, {""name"": ""球M"", ""m"": 6.92819, ""q"": 0.0178, ""c"": 0.091, ""capture"": 0.195, ""share"": 0.12, ""miss_deg"": 1.81, ""labels"": [261]}, {""name"": ""苹果红"", ""m"": 6.22019, ""q"": 0.016, ""c"": 0.1369, ""capture"": 0.117, ""share"": 0.108, ""miss_deg"": 2.07, ""labels"": [260]}, {""name"": ""球R"", ""m"": 2.18496, ""q"": 0.0056, ""c"": 0.091, ""capture"": 0.062, ""share"": 0.038, ""miss_deg"": 2.36, ""labels"": [263]}, {""name"": ""水瓶"", ""m"": 12.40419, ""q"": 0.0318, ""c"": 0.5232, ""capture"": 0.061, ""share"": 0.215, ""miss_deg"": 2.37, ""labels"": [30]}, {""name"": ""白杯1"", ""m"": 1.29628, ""q"": 0.0033, ""c"": 0.2062, ""capture"": 0.016, ""share"": 0.022, ""miss_deg"": 2.87, ""labels"": [266]}, {""name"": ""红杯"", ""m"": 1.21853, ""q"": 0.0031, ""c"": 0.3157, ""capture"": 0.01, ""share"": 0.021, ""miss_deg"": 3.04, ""labels"": [49]}, {""name"": ""苹果粉"", ""m"": 0.44737, ""q"": 0.0011, ""c"": 0.1892, ""capture"": 0.006, ""share"": 0.008, ""miss_deg"": 3.2, ""labels"": [64]}, {""name"": ""香蕉"", ""m"": 0.00065, ""q"": 0.0, ""c"": 0.6428, ""capture"": 0.0, ""share"": 0.0, ""miss_deg"": 5.07, ""labels"": [264]}]"
2026_08_20/003,c4,v9,beyond_occ,vis,72.86,75.73,2.87,4.294,球L,259,0.627,0.008,0.087,0.253,0.247,0.987,object#35,389.6407,0,0,,,,8,"[{""name"": ""球L"", ""m"": 3.09941, ""q"": 0.008, ""c"": 0.091, ""capture"": 0.087, ""share"": 0.627, ""miss_deg"": 2.21, ""labels"": [259]}, {""name"": ""球M"", ""m"": 0.76519, ""q"": 0.002, ""c"": 0.091, ""capture"": 0.022, ""share"": 0.155, ""miss_deg"": 2.77, ""labels"": [261]}, {""name"": ""苹果红"", ""m"": 0.73025, ""q"": 0.0019, ""c"": 0.1369, ""capture"": 0.014, ""share"": 0.148, ""miss_deg"": 2.93, ""labels"": [260]}, {""name"": ""球R"", ""m"": 0.15062, ""q"": 0.0004, ""c"": 0.091, ""capture"": 0.004, ""share"": 0.03, ""miss_deg"": 3.3, ""labels"": [263]}, {""name"": ""苹果粉"", ""m"": 0.05323, ""q"": 0.0001, ""c"": 0.1636, ""capture"": 0.001, ""share"": 0.011, ""miss_deg"": 3.77, ""labels"": [64]}, {""name"": ""水瓶"", ""m"": 0.11354, ""q"": 0.0003, ""c"": 0.5232, ""capture"": 0.001, ""share"": 0.023, ""miss_deg"": 3.87, ""labels"": [30]}, {""name"": ""白杯1"", ""m"": 0.03282, ""q"": 0.0001, ""c"": 0.2062, ""capture"": 0.0, ""share"": 0.007, ""miss_deg"": 3.95, ""labels"": [266]}, {""name"": ""香蕉"", ""m"": 0.00201, ""q"": 0.0, ""c"": 0.6386, ""capture"": 0.0, ""share"": 0.0, ""miss_deg"": 4.84, ""labels"": [264]}]"
2026_08_20/003,c4,v9,beyond_occ,vis,76.0,76.6,0.6,4.302,球L,259,0.619,0.0023,0.026,0.423,0.414,0.996,object#35,389.6407,0,0,,,,6,"[{""name"": ""球L"", ""m"": 0.91546, ""q"": 0.0023, ""c"": 0.091, ""capture"": 0.026, ""share"": 0.619, ""miss_deg"": 2.7, ""labels"": [259]}, {""name"": ""球M"", ""m"": 0.37908, ""q"": 0.001, ""c"": 0.091, ""capture"": 0.011, ""share"": 0.256, ""miss_deg"": 3.01, ""labels"": [261]}, {""name"": ""苹果红"", ""m"": 0.08527, ""q"": 0.0002, ""c"": 0.1369, ""capture"": 0.002, ""share"": 0.058, ""miss_deg"": 3.59, ""labels"": [260]}, {""name"": ""球R"", ""m"": 0.02194, ""q"": 0.0001, ""c"": 0.091, ""capture"": 0.001, ""share"": 0.015, ""miss_deg"": 3.84, ""labels"": [263]}, {""name"": ""白杯1"", ""m"": 0.02379, ""q"": 0.0001, ""c"": 0.2062, ""capture"": 0.0, ""share"": 0.016, ""miss_deg"": 4.03, ""labels"": [266]}, {""name"": ""水瓶"", ""m"": 0.05453, ""q"": 0.0001, ""c"": 0.5232, ""capture"": 0.0, ""share"": 0.037, ""miss_deg"": 4.06, ""labels"": [30]}]"
2026_08_20/003,c4,v9,beyond_occ,vis,76.65,81.05,4.4,4.295,球L,259,0.518,0.0002,0.002,0.5,0.625,1.0,object#37,389.6407,0,0,,,,3,"[{""name"": ""球L"", ""m"": 0.07977, ""q"": 0.0002, ""c"": 0.091, ""capture"": 0.002, ""share"": 0.518, ""miss_deg"": 3.49, ""labels"": [259]}, {""name"": ""苹果粉"", ""m"": 0.04985, ""q"": 0.0001, ""c"": 0.1636, ""capture"": 0.001, ""share"": 0.324, ""miss_deg"": 3.78, ""labels"": [64]}, {""name"": ""水瓶"", ""m"": 0.02428, ""q"": 0.0001, ""c"": 0.5232, ""capture"": 0.0, ""share"": 0.158, ""miss_deg"": 4.25, ""labels"": [30]}]"
2026_08_20/003,c4,v9,beyond_occ,vis,81.49,83.0,1.52,4.297,球L,259,0.347,0.0033,0.037,0.595,0.919,0.99,object#35,389.6407,0,0,,,,9,"[{""name"": ""球L"", ""m"": 1.29908, ""q"": 0.0033, ""c"": 0.091, ""capture"": 0.037, ""share"": 0.347, ""miss_deg"": 2.57, ""labels"": [259]}, {""name"": ""苹果红"", ""m"": 1.19506, ""q"": 0.0031, ""c"": 0.1369, ""capture"": 0.022, ""share"": 0.319, ""miss_deg"": 2.76, ""labels"": [260]}, {""name"": ""苹果粉"", ""m"": 0.30074, ""q"": 0.0008, ""c"": 0.1636, ""capture"": 0.005, ""share"": 0.08, ""miss_deg"": 3.27, ""labels"": [64]}, {""name"": ""球M"", ""m"": 0.12278, ""q"": 0.0003, ""c"": 0.091, ""capture"": 0.003, ""share"": 0.033, ""miss_deg"": 3.37, ""labels"": [261]}, {""name"": ""橘子"", ""m"": 0.13242, ""q"": 0.0003, ""c"": 0.1097, ""capture"": 0.003, ""share"": 0.035, ""miss_deg"": 3.4, ""labels"": [262]}, {""name"": ""球R"", ""m"": 0.08103, ""q"": 0.0002, ""c"": 0.091, ""capture"": 0.002, ""share"": 0.022, ""miss_deg"": 3.49, ""labels"": [263]}, {""name"": ""白杯1"", ""m"": 0.1617, ""q"": 0.0004, ""c"": 0.2062, ""capture"": 0.002, ""share"": 0.043, ""miss_deg"": 3.52, ""labels"": [266]}, {""name"": ""水瓶"", ""m"": 0.33906, ""q"": 0.0009, ""c"": 0.5232, ""capture"": 0.002, ""share"": 0.091, ""miss_deg"": 3.58, ""labels"": [30]}, {""name"": ""香蕉"", ""m"": 0.1138, ""q"": 0.0003, ""c"": 0.6386, ""capture"": 0.0, ""share"": 0.03, ""miss_deg"": 3.92, ""labels"": [264]}]"
2026_08_20/003,c4,v9,beyond_occ,vis,83.06,84.36,1.3,4.314,球L,259,0.499,0.0074,0.081,0.284,0.285,0.985,object#35,389.6407,0,0,,,,7,"[{""name"": ""球L"", ""m"": 2.88246, ""q"": 0.0074, ""c"": 0.091, ""capture"": 0.081, ""share"": 0.499, ""miss_deg"": 2.24, ""labels"": [259]}, {""name"": ""球M"", ""m"": 0.8216, ""q"": 0.0021, ""c"": 0.091, ""capture"": 0.023, ""share"": 0.142, ""miss_deg"": 2.74, ""labels"": [261]}, {""name"": ""球R"", ""m"": 0.56127, ""q"": 0.0014, ""c"": 0.091, ""capture"": 0.016, ""share"": 0.097, ""miss_deg"": 2.88, ""labels"": [263]}, {""name"": ""苹果红"", ""m"": 0.49415, ""q"": 0.0013, ""c"": 0.1369, ""capture"": 0.009, ""share"": 0.085, ""miss_deg"": 3.06, ""labels"": [260]}, {""name"": ""白杯1"", ""m"": 0.40105, ""q"": 0.001, ""c"": 0.2062, ""capture"": 0.005, ""share"": 0.069, ""miss_deg"": 3.26, ""labels"": [266]}, {""name"": ""苹果粉"", ""m"": 0.20369, ""q"": 0.0005, ""c"": 0.1636, ""capture"": 0.003, ""share"": 0.035, ""miss_deg"": 3.39, ""labels"": [64]}, {""name"": ""水瓶"", ""m"": 0.41726, ""q"": 0.0011, ""c"": 0.5232, ""capture"": 0.002, ""share"": 0.072, ""miss_deg"": 3.52, ""labels"": [30]}]"
2026_08_20/003,c4,v9,beyond_occ,vis,84.41,84.85,0.43,4.31,球L,259,0.825,0.0011,0.012,0.167,0.156,0.999,object#35,389.6407,0,0,,,,4,"[{""name"": ""球L"", ""m"": 0.42554, ""q"": 0.0011, ""c"": 0.091, ""capture"": 0.012, ""share"": 0.825, ""miss_deg"": 2.97, ""labels"": [259]}, {""name"": ""球M"", ""m"": 0.0666, ""q"": 0.0002, ""c"": 0.091, ""capture"": 0.002, ""share"": 0.129, ""miss_deg"": 3.54, ""labels"": [261]}, {""name"": ""苹果红"", ""m"": 0.01753, ""q"": 0.0, ""c"": 0.1369, ""capture"": 0.0, ""share"": 0.034, ""miss_deg"": 4.01, ""labels"": [260]}, {""name"": ""水瓶"", ""m"": 0.00609, ""q"": 0.0, ""c"": 0.5232, ""capture"": 0.0, ""share"": 0.012, ""miss_deg"": 4.56, ""labels"": [30]}]"
2026_08_20/003,c4,v9,beyond_occ,vis,84.9,85.33,0.43,4.299,球L,259,0.413,0.0015,0.016,0.375,0.661,0.996,object#35,389.6407,0,0,,,,6,"[{""name"": ""球L"", ""m"": 0.58335, ""q"": 0.0015, ""c"": 0.091, ""capture"": 0.016, ""share"": 0.413, ""miss_deg"": 2.87, ""labels"": [259]}, {""name"": ""苹果粉"", ""m"": 0.38591, ""q"": 0.001, ""c"": 0.1636, ""capture"": 0.006, ""share"": 0.273, ""miss_deg"": 3.2, ""labels"": [64]}, {""name"": ""苹果红"", ""m"": 0.23548, ""q"": 0.0006, ""c"": 0.1369, ""capture"": 0.004, ""share"": 0.167, ""miss_deg"": 3.29, ""labels"": [260]}, {""name"": ""橘子"", ""m"": 0.14943, ""q"": 0.0004, ""c"": 0.1097, ""capture"": 0.003, ""share"": 0.106, ""miss_deg"": 3.36, ""labels"": [262]}, {""name"": ""球M"", ""m"": 0.01566, ""q"": 0.0, ""c"": 0.091, ""capture"": 0.0, ""share"": 0.011, ""miss_deg"": 3.93, ""labels"": [261]}, {""name"": ""水瓶"", ""m"": 0.04347, ""q"": 0.0001, ""c"": 0.5232, ""capture"": 0.0, ""share"": 0.031, ""miss_deg"": 4.11, ""labels"": [30]}]"
2026_08_20/003,c4,v9,beyond_occ,vis,85.39,86.9,1.52,4.304,球L,259,0.702,0.0003,0.004,0.25,0.266,1.0,object#35,389.6407,0,0,,,,4,"[{""name"": ""球L"", ""m"": 0.12833, ""q"": 0.0003, ""c"": 0.091, ""capture"": 0.004, ""share"": 0.702, ""miss_deg"": 3.35, ""labels"": [259]}, {""name"": ""苹果粉"", ""m"": 0.03415, ""q"": 0.0001, ""c"": 0.1636, ""capture"": 0.001, ""share"": 0.187, ""miss_deg"": 3.88, ""labels"": [64]}, {""name"": ""苹果红"", ""m"": 0.00678, ""q"": 0.0, ""c"": 0.1369, ""capture"": 0.0, ""share"": 0.037, ""miss_deg"": 4.24, ""labels"": [260]}, {""name"": ""水瓶"", ""m"": 0.01343, ""q"": 0.0, ""c"": 0.5232, ""capture"": 0.0, ""share"": 0.074, ""miss_deg"": 4.39, ""labels"": [30]}]"
2026_08_20/003,c4,v9,beyond_occ,vis,87.15,87.63,0.49,4.31,球L,259,0.784,0.0005,0.005,0.2,0.163,0.999,object#35,389.6407,0,0,,,,4,"[{""name"": ""球L"", ""m"": 0.17668, ""q"": 0.0005, ""c"": 0.091, ""capture"": 0.005, ""share"": 0.784, ""miss_deg"": 3.26, ""labels"": [259]}, {""name"": ""苹果红"", ""m"": 0.02884, ""q"": 0.0001, ""c"": 0.1369, ""capture"": 0.001, ""share"": 0.128, ""miss_deg"": 3.88, ""labels"": [260]}, {""name"": ""水瓶"", ""m"": 0.01683, ""q"": 0.0, ""c"": 0.5232, ""capture"": 0.0, ""share"": 0.075, ""miss_deg"": 4.34, ""labels"": [30]}, {""name"": ""苹果粉"", ""m"": 0.00302, ""q"": 0.0, ""c"": 0.1636, ""capture"": 0.0, ""share"": 0.013, ""miss_deg"": 4.46, ""labels"": [64]}]"
2026_08_20/003,c4,v9,beyond_occ,vis,87.69,89.2,1.52,4.33,球L,259,0.409,0.0042,0.046,0.652,0.648,0.99,物品台,389.6407,0,0,,,,6,"[{""name"": ""球L"", ""m"": 1.64801, ""q"": 0.0042, ""c"": 0.091, ""capture"": 0.046, ""share"": 0.409, ""miss_deg"": 2.48, ""labels"": [259]}, {""name"": ""球R"", ""m"": 1.06515, ""q"": 0.0027, ""c"": 0.091, ""capture"": 0.03, ""share"": 0.265, ""miss_deg"": 2.65, ""labels"": [263]}, {""name"": ""球M"", ""m"": 1.01893, ""q"": 0.0026, ""c"": 0.091, ""capture"": 0.029, ""share"": 0.253, ""miss_deg"": 2.66, ""labels"": [261]}, {""name"": ""白杯1"", ""m"": 0.20496, ""q"": 0.0005, ""c"": 0.2062, ""capture"": 0.003, ""share"": 0.051, ""miss_deg"": 3.46, ""labels"": [266]}, {""name"": ""水瓶"", ""m"": 0.08704, ""q"": 0.0002, ""c"": 0.5232, ""capture"": 0.0, ""share"": 0.022, ""miss_deg"": 3.94, ""labels"": [30]}, {""name"": ""苹果红"", ""m"": 0.00163, ""q"": 0.0, ""c"": 0.1369, ""capture"": 0.0, ""share"": 0.0, ""miss_deg"": 4.56, ""labels"": [260]}]"
2026_08_20/003,c4,v9,beyond_occ,vis,89.42,91.97,2.55,4.336,球L,259,0.842,0.0027,0.03,0.067,0.081,0.997,object#35,389.6407,0,0,,,,6,"[{""name"": ""球L"", ""m"": 1.06234, ""q"": 0.0027, ""c"": 0.091, ""capture"": 0.03, ""share"": 0.842, ""miss_deg"": 2.65, ""labels"": [259]}, {""name"": ""球M"", ""m"": 0.08574, ""q"": 0.0002, ""c"": 0.091, ""capture"": 0.002, ""share"": 0.068, ""miss_deg"": 3.47, ""labels"": [261]}, {""name"": ""苹果红"", ""m"": 0.08827, ""q"": 0.0002, ""c"": 0.1369, ""capture"": 0.002, ""share"": 0.07, ""miss_deg"": 3.58, ""labels"": [260]}, {""name"": ""球R"", ""m"": 0.00647, ""q"": 0.0, ""c"": 0.091, ""capture"": 0.0, ""share"": 0.005, ""miss_deg"": 4.15, ""labels"": [263]}, {""name"": ""水瓶"", ""m"": 0.01741, ""q"": 0.0, ""c"": 0.5232, ""capture"": 0.0, ""share"": 0.014, ""miss_deg"": 4.33, ""labels"": [30]}, {""name"": ""苹果粉"", ""m"": 0.00105, ""q"": 0.0, ""c"": 0.1636, ""capture"": 0.0, ""share"": 0.001, ""miss_deg"": 4.69, ""labels"": [64]}]"
2026_08_20/003,c4,v9,beyond_occ,vis,92.02,92.62,0.6,4.323,球L,259,0.688,0.0009,0.01,0.2,0.336,0.999,object#35,389.6407,0,0,,,,5,"[{""name"": ""球L"", ""m"": 0.34276, ""q"": 0.0009, ""c"": 0.091, ""capture"": 0.01, ""share"": 0.688, ""miss_deg"": 3.05, ""labels"": [259]}, {""name"": ""苹果红"", ""m"": 0.11486, ""q"": 0.0003, ""c"": 0.1369, ""capture"": 0.002, ""share"": 0.231, ""miss_deg"": 3.5, ""labels"": [260]}, {""name"": ""苹果粉"", ""m"": 0.02971, ""q"": 0.0001, ""c"": 0.1636, ""capture"": 0.0, ""share"": 0.06, ""miss_deg"": 3.92, ""labels"": [64]}, {""name"": ""球M"", ""m"": 0.00343, ""q"": 0.0, ""c"": 0.091, ""capture"": 0.0, ""share"": 0.007, ""miss_deg"": 4.3, ""labels"": [261]}, {""name"": ""水瓶"", ""m"": 0.00741, ""q"": 0.0, ""c"": 0.5232, ""capture"": 0.0, ""share"": 0.015, ""miss_deg"": 4.52, ""labels"": [30]}]"
2026_08_20/003,c4,v9,beyond_occ,vis,93.06,93.39,0.32,4.316,球L,259,0.731,0.0022,0.024,0.292,0.298,0.997,object#35,389.6407,0,0,,,,4,"[{""name"": ""球L"", ""m"": 0.84875, ""q"": 0.0022, ""c"": 0.091, ""capture"": 0.024, ""share"": 0.731, ""miss_deg"": 2.73, ""labels"": [259]}, {""name"": ""球M"", ""m"": 0.25262, ""q"": 0.0006, ""c"": 0.091, ""capture"": 0.007, ""share"": 0.218, ""miss_deg"": 3.14, ""labels"": [261]}, {""name"": ""苹果红"", ""m"": 0.03347, ""q"": 0.0001, ""c"": 0.1369, ""capture"": 0.001, ""share"": 0.029, ""miss_deg"": 3.84, ""labels"": [260]}, {""name"": ""水瓶"", ""m"": 0.0262, ""q"": 0.0001, ""c"": 0.5232, ""capture"": 0.0, ""share"": 0.023, ""miss_deg"": 4.23, ""labels"": [30]}]"
2026_08_20/003,c4,v9,beyond_occ,vis,93.44,94.04,0.6,4.284,球L,259,0.299,0.0119,0.131,0.344,0.515,0.96,object#35,389.6407,0,0,,,,9,"[{""name"": ""球L"", ""m"": 4.63206, ""q"": 0.0119, ""c"": 0.091, ""capture"": 0.131, ""share"": 0.299, ""miss_deg"": 2.02, ""labels"": [259]}, {""name"": ""苹果红"", ""m"": 2.38087, ""q"": 0.0061, ""c"": 0.1369, ""capture"": 0.045, ""share"": 0.154, ""miss_deg"": 2.49, ""labels"": [260]}, {""name"": ""球M"", ""m"": 1.34586, ""q"": 0.0035, ""c"": 0.091, ""capture"": 0.038, ""share"": 0.087, ""miss_deg"": 2.56, ""labels"": [261]}, {""name"": ""水瓶"", ""m"": 4.68237, ""q"": 0.012, ""c"": 0.5232, ""capture"": 0.023, ""share"": 0.302, ""miss_deg"": 2.75, ""labels"": [30]}, {""name"": ""球R"", ""m"": 0.66166, ""q"": 0.0017, ""c"": 0.091, ""capture"": 0.019, ""share"": 0.043, ""miss_deg"": 2.82, ""labels"": [263]}, {""name"": ""白杯1"", ""m"": 1.22716, ""q"": 0.0031, ""c"": 0.2062, ""capture"": 0.015, ""share"": 0.079, ""miss_deg"": 2.89, ""labels"": [266]}, {""name"": ""苹果粉"", ""m"": 0.48045, ""q"": 0.0012, ""c"": 0.1892, ""capture"": 0.007, ""share"": 0.031, ""miss_deg"": 3.17, ""labels"": [64]}, {""name"": ""香蕉"", ""m"": 0.0804, ""q"": 0.0002, ""c"": 0.6428, ""capture"": 0.0, ""share"": 0.005, ""miss_deg"": 4.01, ""labels"": [264]}, {""name"": ""橘子"", ""m"": 0.00061, ""q"": 0.0, ""c"": 0.1097, ""capture"": 0.0, ""share"": 0.0, ""miss_deg"": 4.72, ""labels"": [262]}]"
2026_08_20/003,c4,v9,beyond_occ,vis,94.09,95.34,1.25,4.294,球L,259,0.525,0.0004,0.004,0.25,0.509,0.999,object#37,389.6407,0,0,,,,3,"[{""name"": ""球L"", ""m"": 0.1591, ""q"": 0.0004, ""c"": 0.091, ""capture"": 0.004, ""share"": 0.525, ""miss_deg"": 3.29, ""labels"": [259]}, {""name"": ""苹果粉"", ""m"": 0.08099, ""q"": 0.0002, ""c"": 0.1636, ""capture"": 0.001, ""share"": 0.267, ""miss_deg"": 3.65, ""labels"": [64]}, {""name"": ""苹果红"", ""m"": 0.06315, ""q"": 0.0002, ""c"": 0.1369, ""capture"": 0.001, ""share"": 0.208, ""miss_deg"": 3.67, ""labels"": [260]}]"
2026_08_20/003,c4,v9,beyond_occ,vis,95.8,100.87,5.07,4.29,球L,259,0.509,0.0046,0.051,0.49,0.493,0.991,object#35,389.6407,0,0,,,,7,"[{""name"": ""球L"", ""m"": 1.79181, ""q"": 0.0046, ""c"": 0.091, ""capture"": 0.051, ""share"": 0.509, ""miss_deg"": 2.44, ""labels"": [259]}, {""name"": ""球M"", ""m"": 0.88454, ""q"": 0.0023, ""c"": 0.091, ""capture"": 0.025, ""share"": 0.251, ""miss_deg"": 2.72, ""labels"": [261]}, {""name"": ""苹果红"", ""m"": 0.23161, ""q"": 0.0006, ""c"": 0.1369, ""capture"": 0.004, ""share"": 0.066, ""miss_deg"": 3.3, ""labels"": [260]}, {""name"": ""球R"", ""m"": 0.14488, ""q"": 0.0004, ""c"": 0.091, ""capture"": 0.004, ""share"": 0.041, ""miss_deg"": 3.32, ""labels"": [263]}, {""name"": ""白杯1"", ""m"": 0.19319, ""q"": 0.0005, ""c"": 0.2062, ""capture"": 0.002, ""share"": 0.055, ""miss_deg"": 3.47, ""labels"": [266]}, {""name"": ""苹果粉"", ""m"": 0.07794, ""q"": 0.0002, ""c"": 0.1636, ""capture"": 0.001, ""share"": 0.022, ""miss_deg"": 3.66, ""labels"": [64]}, {""name"": ""水瓶"", ""m"": 0.19595, ""q"": 0.0005, ""c"": 0.5232, ""capture"": 0.001, ""share"": 0.056, ""miss_deg"": 3.73, ""labels"": [30]}]"
2026_08_20/003,c4,v9,beyond_occ,vis,101.1,101.59,0.49,4.294,球L,259,0.408,0.0036,0.039,0.333,0.488,0.991,object#35,389.6407,0,0,,,,9,"[{""name"": ""球L"", ""m"": 1.39388, ""q"": 0.0036, ""c"": 0.091, ""capture"": 0.039, ""share"": 0.408, ""miss_deg"": 2.54, ""labels"": [259]}, {""name"": ""苹果红"", ""m"": 0.68005, ""q"": 0.0017, ""c"": 0.1369, ""capture"": 0.013, ""share"": 0.199, ""miss_deg"": 2.95, ""labels"": [260]}, {""name"": ""球M"", ""m"": 0.40023, ""q"": 0.001, ""c"": 0.091, ""capture"": 0.011, ""share"": 0.117, ""miss_deg"": 2.99, ""labels"": [261]}, {""name"": ""苹果粉"", ""m"": 0.35653, ""q"": 0.0009, ""c"": 0.1636, ""capture"": 0.006, ""share"": 0.104, ""miss_deg"": 3.22, ""labels"": [64]}, {""name"": ""白杯1"", ""m"": 0.16125, ""q"": 0.0004, ""c"": 0.2062, ""capture"": 0.002, ""share"": 0.047, ""miss_deg"": 3.52, ""labels"": [266]}, {""name"": ""水瓶"", ""m"": 0.37285, ""q"": 0.001, ""c"": 0.5232, ""capture"": 0.002, ""share"": 0.109, ""miss_deg"": 3.55, ""labels"": [30]}, {""name"": ""球R"", ""m"": 0.01131, ""q"": 0.0, ""c"": 0.091, ""capture"": 0.0, ""share"": 0.003, ""miss_deg"": 4.01, ""labels"": [263]}, {""name"": ""香蕉"", ""m"": 0.04024, ""q"": 0.0001, ""c"": 0.6386, ""capture"": 0.0, ""share"": 0.012, ""miss_deg"": 4.18, ""labels"": [264]}, {""name"": ""橘子"", ""m"": 0.00254, ""q"": 0.0, ""c"": 0.1097, ""capture"": 0.0, ""share"": 0.001, ""miss_deg"": 4.41, ""labels"": [262]}]"
2026_08_20/003,c4,v9,beyond_occ,vis,101.64,102.29,0.65,4.312,球L,259,0.378,0.011,0.12,0.692,0.69,0.971,物品台,389.6407,0,0,,,,7,"[{""name"": ""球L"", ""m"": 4.26667, ""q"": 0.011, ""c"": 0.091, ""capture"": 0.12, ""share"": 0.378, ""miss_deg"": 2.06, ""labels"": [259]}, {""name"": ""球M"", ""m"": 2.94446, ""q"": 0.0076, ""c"": 0.091, ""capture"": 0.083, ""share"": 0.261, ""miss_deg"": 2.23, ""labels"": [261]}, {""name"": ""球R"", ""m"": 1.33392, ""q"": 0.0034, ""c"": 0.091, ""capture"": 0.038, ""share"": 0.118, ""miss_deg"": 2.56, ""labels"": [263]}, {""name"": ""苹果红"", ""m"": 0.55603, ""q"": 0.0014, ""c"": 0.1369, ""capture"": 0.01, ""share"": 0.049, ""miss_deg"": 3.02, ""labels"": [260]}, {""name"": ""水瓶"", ""m"": 1.68479, ""q"": 0.0043, ""c"": 0.5232, ""capture"": 0.008, ""share"": 0.149, ""miss_deg"": 3.1, ""labels"": [30]}, {""name"": ""白杯1"", ""m"": 0.51161, ""q"": 0.0013, ""c"": 0.2062, ""capture"": 0.006, ""share"": 0.045, ""miss_deg"": 3.18, ""labels"": [266]}, {""name"": ""苹果粉"", ""m"": 0.00426, ""q"": 0.0, ""c"": 0.1636, ""capture"": 0.0, ""share"": 0.0, ""miss_deg"": 4.38, ""labels"": [64]}]"
2026_08_20/003,c4,v9,beyond_occ,vis,102.35,104.95,2.6,4.311,球L,259,0.541,0.0063,0.069,0.217,0.333,0.988,object#35,389.6407,0,0,,,,9,"[{""name"": ""球L"", ""m"": 2.45551, ""q"": 0.0063, ""c"": 0.091, ""capture"": 0.069, ""share"": 0.541, ""miss_deg"": 2.31, ""labels"": [259]}, {""name"": ""苹果红"", ""m"": 0.81717, ""q"": 0.0021, ""c"": 0.1369, ""capture"": 0.015, ""share"": 0.18, ""miss_deg"": 2.89, ""labels"": [260]}, {""name"": ""球M"", ""m"": 0.47971, ""q"": 0.0012, ""c"": 0.091, ""capture"": 0.014, ""share"": 0.106, ""miss_deg"": 2.93, ""labels"": [261]}, {""name"": ""苹果粉"", ""m"": 0.1844, ""q"": 0.0005, ""c"": 0.1636, ""capture"": 0.003, ""share"": 0.041, ""miss_deg"": 3.42, ""labels"": [64]}, {""name"": ""水瓶"", ""m"": 0.43657, ""q"": 0.0011, ""c"": 0.5232, ""capture"": 0.002, ""share"": 0.096, ""miss_deg"": 3.51, ""labels"": [30]}, {""name"": ""球R"", ""m"": 0.05832, ""q"": 0.0001, ""c"": 0.091, ""capture"": 0.002, ""share"": 0.013, ""miss_deg"": 3.58, ""labels"": [263]}, {""name"": ""橘子"", ""m"": 0.04886, ""q"": 0.0001, ""c"": 0.1097, ""capture"": 0.001, ""share"": 0.011, ""miss_deg"": 3.68, ""labels"": [262]}, {""name"": ""白杯1"", ""m"": 0.02094, ""q"": 0.0001, ""c"": 0.2062, ""capture"": 0.0, ""share"": 0.005, ""miss_deg"": 4.06, ""labels"": [266]}, {""name"": ""香蕉"", ""m"": 0.03777, ""q"": 0.0001, ""c"": 0.6386, ""capture"": 0.0, ""share"": 0.008, ""miss_deg"": 4.19, ""labels"": [264]}]"
2026_08_20/003,c4,v9,beyond_occ,vis,105.0,105.54,0.54,4.318,球L,259,0.368,0.0109,0.12,0.567,0.568,0.97,物品台,389.6407,0,0,,,,7,"[{""name"": ""球L"", ""m"": 4.26227, ""q"": 0.0109, ""c"": 0.091, ""capture"": 0.12, ""share"": 0.368, ""miss_deg"": 2.06, ""labels"": [259]}, {""name"": ""球M"", ""m"": 2.42242, ""q"": 0.0062, ""c"": 0.091, ""capture"": 0.068, ""share"": 0.209, ""miss_deg"": 2.32, ""labels"": [261]}, {""name"": ""球R"", ""m"": 1.7413, ""q"": 0.0045, ""c"": 0.091, ""capture"": 0.049, ""share"": 0.15, ""miss_deg"": 2.46, ""labels"": [263]}, {""name"": ""白杯1"", ""m"": 1.05835, ""q"": 0.0027, ""c"": 0.2062, ""capture"": 0.013, ""share"": 0.091, ""miss_deg"": 2.94, ""labels"": [266]}, {""name"": ""苹果红"", ""m"": 0.58661, ""q"": 0.0015, ""c"": 0.1369, ""capture"": 0.011, ""share"": 0.051, ""miss_deg"": 3.0, ""labels"": [260]}, {""name"": ""水瓶"", ""m"": 1.49227, ""q"": 0.0038, ""c"": 0.5232, ""capture"": 0.007, ""share"": 0.129, ""miss_deg"": 3.14, ""labels"": [30]}, {""name"": ""苹果粉"", ""m"": 0.0114, ""q"": 0.0, ""c"": 0.1636, ""capture"": 0.0, ""share"": 0.001, ""miss_deg"": 4.15, ""labels"": [64]}]"
2026_08_20/003,c4,v9,beyond_occ,vis,105.6,106.46,0.87,4.322,球L,259,0.598,0.0025,0.028,0.214,0.221,0.996,object#35,389.6407,0,0,,,,8,"[{""name"": ""球L"", ""m"": 0.98843, ""q"": 0.0025, ""c"": 0.091, ""capture"": 0.028, ""share"": 0.598, ""miss_deg"": 2.68, ""labels"": [259]}, {""name"": ""球M"", ""m"": 0.21886, ""q"": 0.0006, ""c"": 0.091, ""capture"": 0.006, ""share"": 0.132, ""miss_deg"": 3.19, ""labels"": [261]}, {""name"": ""苹果红"", ""m"": 0.2194, ""q"": 0.0006, ""c"": 0.1369, ""capture"": 0.004, ""share"": 0.133, ""miss_deg"": 3.31, ""labels"": [260]}, {""name"": ""苹果粉"", ""m"": 0.07901, ""q"": 0.0002, ""c"": 0.1636, ""capture"": 0.001, ""share"": 0.048, ""miss_deg"": 3.66, ""labels"": [64]}, {""name"": ""水瓶"", ""m"": 0.10225, ""q"": 0.0003, ""c"": 0.5232, ""capture"": 0.001, ""share"": 0.062, ""miss_deg"": 3.9, ""labels"": [30]}, {""name"": ""白杯1"", ""m"": 0.0354, ""q"": 0.0001, ""c"": 0.2062, ""capture"": 0.0, ""share"": 0.021, ""miss_deg"": 3.93, ""labels"": [266]}, {""name"": ""球R"", ""m"": 0.00427, ""q"": 0.0, ""c"": 0.091, ""capture"": 0.0, ""share"": 0.003, ""miss_deg"": 4.25, ""labels"": [263]}, {""name"": ""香蕉"", ""m"": 0.00428, ""q"": 0.0, ""c"": 0.6386, ""capture"": 0.0, ""share"": 0.003, ""miss_deg"": 4.68, ""labels"": [264]}]"
2026_08_20/003,c4,v9,beyond_occ,vis,106.83,108.13,1.3,4.295,球L,259,0.317,0.0084,0.092,0.924,0.918,0.974,物品台,389.6407,0,0,,,,7,"[{""name"": ""球L"", ""m"": 3.2663, ""q"": 0.0084, ""c"": 0.091, ""capture"": 0.092, ""share"": 0.317, ""miss_deg"": 2.18, ""labels"": [259]}, {""name"": ""球M"", ""m"": 2.99819, ""q"": 0.0077, ""c"": 0.091, ""capture"": 0.085, ""share"": 0.291, ""miss_deg"": 2.22, ""labels"": [261]}, {""name"": ""球R"", ""m"": 1.53291, ""q"": 0.0039, ""c"": 0.091, ""capture"": 0.043, ""share"": 0.149, ""miss_deg"": 2.51, ""labels"": [263]}, {""name"": ""白杯1"", ""m"": 0.93098, ""q"": 0.0024, ""c"": 0.2062, ""capture"": 0.012, ""share"": 0.09, ""miss_deg"": 2.99, ""labels"": [266]}, {""name"": ""苹果红"", ""m"": 0.51127, ""q"": 0.0013, ""c"": 0.1369, ""capture"": 0.01, ""share"": 0.05, ""miss_deg"": 3.05, ""labels"": [260]}, {""name"": ""水瓶"", ""m"": 1.06255, ""q"": 0.0027, ""c"": 0.5232, ""capture"": 0.005, ""share"": 0.103, ""miss_deg"": 3.24, ""labels"": [30]}, {""name"": ""苹果粉"", ""m"": 0.00082, ""q"": 0.0, ""c"": 0.1636, ""capture"": 0.0, ""share"": 0.0, ""miss_deg"": 4.74, ""labels"": [64]}]"
2026_08_20/003,c4,v9,beyond_occ,vis,108.23,110.91,2.68,4.328,球M,261,0.403,0.0039,0.043,0.86,0.856,0.99,物品台,389.6407,0,0,,,,6,"[{""name"": ""球M"", ""m"": 1.53265, ""q"": 0.0039, ""c"": 0.091, ""capture"": 0.043, ""share"": 0.403, ""miss_deg"": 2.51, ""labels"": [261]}, {""name"": ""球L"", ""m"": 1.31105, ""q"": 0.0034, ""c"": 0.091, ""capture"": 0.037, ""share"": 0.345, ""miss_deg"": 2.57, ""labels"": [259]}, {""name"": ""球R"", ""m"": 0.76555, ""q"": 0.002, ""c"": 0.091, ""capture"": 0.022, ""share"": 0.201, ""miss_deg"": 2.77, ""labels"": [263]}, {""name"": ""白杯1"", ""m"": 0.10669, ""q"": 0.0003, ""c"": 0.2062, ""capture"": 0.001, ""share"": 0.028, ""miss_deg"": 3.64, ""labels"": [266]}, {""name"": ""苹果红"", ""m"": 0.03431, ""q"": 0.0001, ""c"": 0.1369, ""capture"": 0.001, ""share"": 0.009, ""miss_deg"": 3.83, ""labels"": [260]}, {""name"": ""水瓶"", ""m"": 0.055, ""q"": 0.0001, ""c"": 0.5232, ""capture"": 0.0, ""share"": 0.014, ""miss_deg"": 4.05, ""labels"": [30]}]"
2026_08_20/003,c4,v9,beyond_occ,vis,110.97,113.35,2.38,4.314,球L,259,0.472,0.0041,0.045,0.711,0.712,0.991,物品台,389.6407,0,0,,,,7,"[{""name"": ""球L"", ""m"": 1.60891, ""q"": 0.0041, ""c"": 0.091, ""capture"": 0.045, ""share"": 0.472, ""miss_deg"": 2.49, ""labels"": [259]}, {""name"": ""球M"", ""m"": 1.14597, ""q"": 0.0029, ""c"": 0.091, ""capture"": 0.032, ""share"": 0.336, ""miss_deg"": 2.62, ""labels"": [261]}, {""name"": ""球R"", ""m"": 0.28525, ""q"": 0.0007, ""c"": 0.091, ""capture"": 0.008, ""share"": 0.084, ""miss_deg"": 3.11, ""labels"": [263]}, {""name"": ""苹果红"", ""m"": 0.20148, ""q"": 0.0005, ""c"": 0.1369, ""capture"": 0.004, ""share"": 0.059, ""miss_deg"": 3.34, ""labels"": [260]}, {""name"": ""白杯1"", ""m"": 0.09418, ""q"": 0.0002, ""c"": 0.2062, ""capture"": 0.001, ""share"": 0.028, ""miss_deg"": 3.67, ""labels"": [266]}, {""name"": ""水瓶"", ""m"": 0.07066, ""q"": 0.0002, ""c"": 0.5232, ""capture"": 0.0, ""share"": 0.021, ""miss_deg"": 3.99, ""labels"": [30]}, {""name"": ""苹果粉"", ""m"": 0.00069, ""q"": 0.0, ""c"": 0.1636, ""capture"": 0.0, ""share"": 0.0, ""miss_deg"": 4.78, ""labels"": [64]}]"
2026_08_20/003,c4,v9,beyond_occ,vis,113.41,114.06,0.65,4.318,球L,259,1.0,0.0001,0.001,0.0,0.0,1.0,object#35,389.6407,0,0,,,,1,"[{""name"": ""球L"", ""m"": 0.03129, ""q"": 0.0001, ""c"": 0.091, ""capture"": 0.001, ""share"": 1.0, ""miss_deg"": 3.75, ""labels"": [259]}]"
2026_08_20/003,c4,v9,beyond_occ,vis,114.11,114.49,0.38,4.318,球M,261,0.433,0.0009,0.01,0.7,0.654,0.998,物品台,389.6407,0,0,,,,4,"[{""name"": ""球M"", ""m"": 0.35757, ""q"": 0.0009, ""c"": 0.091, ""capture"": 0.01, ""share"": 0.433, ""miss_deg"": 3.03, ""labels"": [261]}, {""name"": ""球L"", ""m"": 0.23379, ""q"": 0.0006, ""c"": 0.091, ""capture"": 0.007, ""share"": 0.283, ""miss_deg"": 3.17, ""labels"": [259]}, {""name"": ""球R"", ""m"": 0.18938, ""q"": 0.0005, ""c"": 0.091, ""capture"": 0.005, ""share"": 0.229, ""miss_deg"": 3.23, ""labels"": [263]}, {""name"": ""水瓶"", ""m"": 0.0451, ""q"": 0.0001, ""c"": 0.5232, ""capture"": 0.0, ""share"": 0.055, ""miss_deg"": 4.1, ""labels"": [30]}]"
2026_08_20/003,c4,v9,beyond_occ,vis,114.96,115.55,0.6,4.321,球L,259,0.745,0.003,0.032,0.156,0.146,0.996,object#35,389.6407,0,0,,,,6,"[{""name"": ""球L"", ""m"": 1.15019, ""q"": 0.003, ""c"": 0.091, ""capture"": 0.032, ""share"": 0.745, ""miss_deg"": 2.62, ""labels"": [259]}, {""name"": ""球M"", ""m"": 0.16758, ""q"": 0.0004, ""c"": 0.091, ""capture"": 0.005, ""share"": 0.109, ""miss_deg"": 3.27, ""labels"": [261]}, {""name"": ""苹果红"", ""m"": 0.10083, ""q"": 0.0003, ""c"": 0.1369, ""capture"": 0.002, ""share"": 0.065, ""miss_deg"": 3.54, ""labels"": [260]}, {""name"": ""苹果粉"", ""m"": 0.0607, ""q"": 0.0002, ""c"": 0.1636, ""capture"": 0.001, ""share"": 0.039, ""miss_deg"": 3.73, ""labels"": [64]}, {""name"": ""球R"", ""m"": 0.0148, ""q"": 0.0, ""c"": 0.091, ""capture"": 0.0, ""share"": 0.01, ""miss_deg"": 3.95, ""labels"": [263]}, {""name"": ""水瓶"", ""m"": 0.04944, ""q"": 0.0001, ""c"": 0.5232, ""capture"": 0.0, ""share"": 0.032, ""miss_deg"": 4.08, ""labels"": [30]}]"
2026_08_20/003,c4,v9,beyond_occ,vis,115.61,119.99,4.39,4.318,球L,259,0.605,0.0086,0.094,0.277,0.276,0.986,object#35,389.6407,0,0,,,,7,"[{""name"": ""球L"", ""m"": 3.33635, ""q"": 0.0086, ""c"": 0.091, ""capture"": 0.094, ""share"": 0.605, ""miss_deg"": 2.17, ""labels"": [259]}, {""name"": ""球M"", ""m"": 0.91937, ""q"": 0.0024, ""c"": 0.091, ""capture"": 0.026, ""share"": 0.167, ""miss_deg"": 2.7, ""labels"": [261]}, {""name"": ""苹果红"", ""m"": 0.63773, ""q"": 0.0016, ""c"": 0.1369, ""capture"": 0.012, ""share"": 0.116, ""miss_deg"": 2.98, ""labels"": [260]}, {""name"": ""球R"", ""m"": 0.33781, ""q"": 0.0009, ""c"": 0.091, ""capture"": 0.01, ""share"": 0.061, ""miss_deg"": 3.05, ""labels"": [263]}, {""name"": ""白杯1"", ""m"": 0.10619, ""q"": 0.0003, ""c"": 0.2062, ""capture"": 0.001, ""share"": 0.019, ""miss_deg"": 3.64, ""labels"": [266]}, {""name"": ""苹果粉"", ""m"": 0.05944, ""q"": 0.0002, ""c"": 0.1636, ""capture"": 0.001, ""share"": 0.011, ""miss_deg"": 3.74, ""labels"": [64]}, {""name"": ""水瓶"", ""m"": 0.118, ""q"": 0.0003, ""c"": 0.5232, ""capture"": 0.001, ""share"": 0.021, ""miss_deg"": 3.86, ""labels"": [30]}]"
2026_08_20/003,c4,v9,beyond_occ,vis,120.05,120.48,0.43,4.31,球L,259,0.429,0.0063,0.07,0.243,0.373,0.985,object#35,389.6407,0,0,,,,9,"[{""name"": ""球L"", ""m"": 2.47224, ""q"": 0.0063, ""c"": 0.091, ""capture"": 0.07, ""share"": 0.429, ""miss_deg"": 2.31, ""labels"": [259]}, {""name"": ""苹果红"", ""m"": 0.92246, ""q"": 0.0024, ""c"": 0.1369, ""capture"": 0.017, ""share"": 0.16, ""miss_deg"": 2.85, ""labels"": [260]}, {""name"": ""球M"", ""m"": 0.44827, ""q"": 0.0012, ""c"": 0.091, ""capture"": 0.013, ""share"": 0.078, ""miss_deg"": 2.96, ""labels"": [261]}, {""name"": ""苹果粉"", ""m"": 0.64701, ""q"": 0.0017, ""c"": 0.1636, ""capture"": 0.01, ""share"": 0.112, ""miss_deg"": 3.03, ""labels"": [64]}, {""name"": ""橘子"", ""m"": 0.24048, ""q"": 0.0006, ""c"": 0.1097, ""capture"": 0.006, ""share"": 0.042, ""miss_deg"": 3.22, ""labels"": [262]}, {""name"": ""水瓶"", ""m"": 0.66178, ""q"": 0.0017, ""c"": 0.5232, ""capture"": 0.003, ""share"": 0.115, ""miss_deg"": 3.39, ""labels"": [30]}, {""name"": ""球R"", ""m"": 0.11061, ""q"": 0.0003, ""c"": 0.091, ""capture"": 0.003, ""share"": 0.019, ""miss_deg"": 3.4, ""labels"": [263]}, {""name"": ""白杯1"", ""m"": 0.20766, ""q"": 0.0005, ""c"": 0.2062, ""capture"": 0.003, ""share"": 0.036, ""miss_deg"": 3.45, ""labels"": [266]}, {""name"": ""香蕉"", ""m"": 0.05102, ""q"": 0.0001, ""c"": 0.6386, ""capture"": 0.0, ""share"": 0.009, ""miss_deg"": 4.12, ""labels"": [264]}]"
2026_08_20/003,c4,v9,beyond_occ,vis,120.53,122.11,1.57,4.322,球L,259,0.765,0.0025,0.028,0.214,0.225,0.997,object#35,389.6407,0,0,,,,5,"[{""name"": ""球L"", ""m"": 0.98065, ""q"": 0.0025, ""c"": 0.091, ""capture"": 0.028, ""share"": 0.765, ""miss_deg"": 2.68, ""labels"": [259]}, {""name"": ""球M"", ""m"": 0.22017, ""q"": 0.0006, ""c"": 0.091, ""capture"": 0.006, ""share"": 0.172, ""miss_deg"": 3.19, ""labels"": [261]}, {""name"": ""苹果红"", ""m"": 0.05144, ""q"": 0.0001, ""c"": 0.1369, ""capture"": 0.001, ""share"": 0.04, ""miss_deg"": 3.73, ""labels"": [260]}, {""name"": ""球R"", ""m"": 0.00835, ""q"": 0.0, ""c"": 0.091, ""capture"": 0.0, ""share"": 0.007, ""miss_deg"": 4.09, ""labels"": [263]}, {""name"": ""水瓶"", ""m"": 0.02062, ""q"": 0.0001, ""c"": 0.5232, ""capture"": 0.0, ""share"": 0.016, ""miss_deg"": 4.29, ""labels"": [30]}]"
2026_08_20/003,c4,v9,beyond_occ,vis,122.16,122.65,0.49,4.339,球L,259,0.546,0.0033,0.036,0.806,0.784,0.994,object#35,389.6407,0,0,,,,6,"[{""name"": ""球L"", ""m"": 1.29146, ""q"": 0.0033, ""c"": 0.091, ""capture"": 0.036, ""share"": 0.546, ""miss_deg"": 2.57, ""labels"": [259]}, {""name"": ""球M"", ""m"": 1.0121, ""q"": 0.0026, ""c"": 0.091, ""capture"": 0.029, ""share"": 0.428, ""miss_deg"": 2.67, ""labels"": [261]}, {""name"": ""水瓶"", ""m"": 0.05337, ""q"": 0.0001, ""c"": 0.5232, ""capture"": 0.0, ""share"": 0.023, ""miss_deg"": 4.06, ""labels"": [30]}, {""name"": ""球R"", ""m"": 0.00468, ""q"": 0.0, ""c"": 0.091, ""capture"": 0.0, ""share"": 0.002, ""miss_deg"": 4.23, ""labels"": [263]}, {""name"": ""白杯1"", ""m"": 0.00382, ""q"": 0.0, ""c"": 0.2062, ""capture"": 0.0, ""share"": 0.002, ""miss_deg"": 4.46, ""labels"": [266]}, {""name"": ""苹果红"", ""m"": 0.00097, ""q"": 0.0, ""c"": 0.1188, ""capture"": 0.0, ""share"": 0.0, ""miss_deg"": 4.64, ""labels"": [260]}]"
2026_08_20/003,c4,v9,beyond_occ,vis,122.95,123.33,0.38,4.333,球M,261,0.342,0.0051,0.056,0.982,0.98,0.985,物品台,389.6407,0,0,,,,6,"[{""name"": ""球M"", ""m"": 1.98696, ""q"": 0.0051, ""c"": 0.091, ""capture"": 0.056, ""share"": 0.342, ""miss_deg"": 2.4, ""labels"": [261]}, {""name"": ""球L"", ""m"": 1.95014, ""q"": 0.005, ""c"": 0.091, ""capture"": 0.055, ""share"": 0.335, ""miss_deg"": 2.41, ""labels"": [259]}, {""name"": ""球R"", ""m"": 1.2761, ""q"": 0.0033, ""c"": 0.091, ""capture"": 0.036, ""share"": 0.219, ""miss_deg"": 2.58, ""labels"": [263]}, {""name"": ""白杯1"", ""m"": 0.32272, ""q"": 0.0008, ""c"": 0.2062, ""capture"": 0.004, ""share"": 0.055, ""miss_deg"": 3.32, ""labels"": [266]}, {""name"": ""水瓶"", ""m"": 0.27877, ""q"": 0.0007, ""c"": 0.5232, ""capture"": 0.001, ""share"": 0.048, ""miss_deg"": 3.63, ""labels"": [30]}, {""name"": ""苹果红"", ""m"": 0.00072, ""q"": 0.0, ""c"": 0.1369, ""capture"": 0.0, ""share"": 0.0, ""miss_deg"": 4.74, ""labels"": [260]}]"
2026_08_20/003,c4,v9,beyond_occ,vis,123.38,123.93,0.54,4.271,球L,259,0.227,0.0104,0.114,0.93,0.93,0.954,物品台,389.6407,0,0,,,,6,"[{""name"": ""球L"", ""m"": 4.04374, ""q"": 0.0104, ""c"": 0.091, ""capture"": 0.114, ""share"": 0.227, ""miss_deg"": 2.08, ""labels"": [259]}, {""name"": ""球R"", ""m"": 3.75406, ""q"": 0.0096, ""c"": 0.091, ""capture"": 0.106, ""share"": 0.211, ""miss_deg"": 2.12, ""labels"": [263]}, {""name"": ""球M"", ""m"": 2.16534, ""q"": 0.0056, ""c"": 0.091, ""capture"": 0.061, ""share"": 0.122, ""miss_deg"": 2.36, ""labels"": [261]}, {""name"": ""水瓶"", ""m"": 5.63344, ""q"": 0.0145, ""c"": 0.5232, ""capture"": 0.028, ""share"": 0.316, ""miss_deg"": 2.68, ""labels"": [30]}, {""name"": ""白杯1"", ""m"": 1.62483, ""q"": 0.0042, ""c"": 0.2062, ""capture"": 0.02, ""share"": 0.091, ""miss_deg"": 2.79, ""labels"": [266]}, {""name"": ""苹果红"", ""m"": 0.59855, ""q"": 0.0015, ""c"": 0.1369, ""capture"": 0.011, ""share"": 0.034, ""miss_deg"": 3.0, ""labels"": [260]}]"
2026_08_20/003,c4,v9,beyond_occ,vis,123.98,125.46,1.48,4.312,球L,259,0.374,0.013,0.143,0.657,0.655,0.965,物品台,389.6407,0,0,,,,6,"[{""name"": ""球L"", ""m"": 5.0752, ""q"": 0.013, ""c"": 0.091, ""capture"": 0.143, ""share"": 0.374, ""miss_deg"": 1.97, ""labels"": [259]}, {""name"": ""球M"", ""m"": 3.32476, ""q"": 0.0085, ""c"": 0.091, ""capture"": 0.094, ""share"": 0.245, ""miss_deg"": 2.18, ""labels"": [261]}, {""name"": ""球R"", ""m"": 1.77061, ""q"": 0.0045, ""c"": 0.091, ""capture"": 0.05, ""share"": 0.131, ""miss_deg"": 2.45, ""labels"": [263]}, {""name"": ""苹果红"", ""m"": 0.84691, ""q"": 0.0022, ""c"": 0.1369, ""capture"": 0.016, ""share"": 0.062, ""miss_deg"": 2.88, ""labels"": [260]}, {""name"": ""水瓶"", ""m"": 1.99312, ""q"": 0.0051, ""c"": 0.5232, ""capture"": 0.01, ""share"": 0.147, ""miss_deg"": 3.04, ""labels"": [30]}, {""name"": ""白杯1"", ""m"": 0.54232, ""q"": 0.0014, ""c"": 0.2062, ""capture"": 0.007, ""share"": 0.04, ""miss_deg"": 3.16, ""labels"": [266]}]"
2026_08_20/003,c4,v9,beyond_occ,vis,125.74,128.29,2.55,4.323,球L,259,0.309,0.0076,0.084,0.988,0.99,0.975,物品台,389.6407,0,0,,,,6,"[{""name"": ""球L"", ""m"": 2.96222, ""q"": 0.0076, ""c"": 0.091, ""capture"": 0.084, ""share"": 0.309, ""miss_deg"": 2.23, ""labels"": [259]}, {""name"": ""球R"", ""m"": 2.93273, ""q"": 0.0075, ""c"": 0.091, ""capture"": 0.083, ""share"": 0.306, ""miss_deg"": 2.23, ""labels"": [263]}, {""name"": ""球M"", ""m"": 2.29821, ""q"": 0.0059, ""c"": 0.091, ""capture"": 0.065, ""share"": 0.24, ""miss_deg"": 2.34, ""labels"": [261]}, {""name"": ""白杯1"", ""m"": 0.49906, ""q"": 0.0013, ""c"": 0.2062, ""capture"": 0.006, ""share"": 0.052, ""miss_deg"": 3.19, ""labels"": [266]}, {""name"": ""水瓶"", ""m"": 0.78171, ""q"": 0.002, ""c"": 0.5232, ""capture"": 0.004, ""share"": 0.081, ""miss_deg"": 3.34, ""labels"": [30]}, {""name"": ""苹果红"", ""m"": 0.11916, ""q"": 0.0003, ""c"": 0.1369, ""capture"": 0.002, ""share"": 0.012, ""miss_deg"": 3.49, ""labels"": [260]}]"
2026_08_20/003,c4,v9,beyond_occ,vis,134.23,134.61,0.38,0.839,,-1,0.0,0.0,,,,1.0,object#14,389.6407,0,0,,,,0,[]
2026_08_25/c1_1,c4,v9,beyond_occ,vis,4.15,4.53,0.38,1.959,,-1,0.0,0.0,,,,1.0,floor,389.6407,0,0,,,,0,[]
2026_08_25/c1_1,c4,v9,beyond_occ,vis,7.82,8.2,0.38,3.256,,-1,0.0,0.0,,,,1.0,object#35,389.6407,0,0,,,,0,[]
2026_08_25/c1_1,c4,v9,beyond_occ,vis,11.28,14.53,3.25,4.04,球L,259,1.0,0.0019,0.017,0.0,0.0,0.998,object#24,389.6407,0,0,1,球L,1,1,"[{""name"": ""球L"", ""m"": 0.73786, ""q"": 0.0019, ""c"": 0.1097, ""capture"": 0.017, ""share"": 1.0, ""miss_deg"": 2.85, ""labels"": [259]}]"
2026_08_25/c1_1,c4,v9,beyond_occ,vis,15.91,18.41,2.5,4.123,苹果粉,64,0.541,0.0,0.0,0.0,0.848,1.0,object#37,389.6407,0,0,,,,2,"[{""name"": ""苹果粉"", ""m"": 0.00206, ""q"": 0.0, ""c"": 0.2062, ""capture"": 0.0, ""share"": 0.541, ""miss_deg"": 4.6, ""labels"": [64]}, {""name"": ""水瓶"", ""m"": 0.00174, ""q"": 0.0, ""c"": 0.5444, ""capture"": 0.0, ""share"": 0.459, ""miss_deg"": 4.84, ""labels"": [30]}]"
2026_08_25/c1_1,c4,v9,beyond_occ,vis,18.58,21.61,3.03,4.11,水瓶,30,1.0,0.0,0.0,0.0,0.0,1.0,object#35,389.6407,0,0,,,,1,"[{""name"": ""水瓶"", ""m"": 0.00898, ""q"": 0.0, ""c"": 0.5444, ""capture"": 0.0, ""share"": 1.0, ""miss_deg"": 4.49, ""labels"": [30]}]"
2026_08_25/c1_1,c4,v9,beyond_occ,vis,21.67,23.78,2.11,4.115,,-1,0.0,0.0,,,,1.0,object#24,389.6407,0,0,,,,0,[]
2026_08_25/c1_1,c4,v9,beyond_occ,vis,24.01,29.97,5.96,4.119,球L,259,1.0,0.0002,0.002,0.0,0.0,1.0,object#24,389.6407,0,0,6,球L,1,1,"[{""name"": ""球L"", ""m"": 0.07593, ""q"": 0.0002, ""c"": 0.1097, ""capture"": 0.002, ""share"": 1.0, ""miss_deg"": 3.56, ""labels"": [259]}]"
2026_08_25/c1_1,c4,v9,beyond_occ,vis,30.22,32.38,2.17,4.093,,-1,0.0,0.0,,,,1.0,object#24,389.6407,0,0,,,,0,[]
2026_08_25/c1_1,c4,v9,beyond_occ,vis,32.71,36.28,3.57,4.132,球M,261,0.58,0.0022,0.024,0.542,0.672,0.996,object#24,389.6407,0,0,8,球L,0,3,"[{""name"": ""球M"", ""m"": 0.84442, ""q"": 0.0022, ""c"": 0.091, ""capture"": 0.024, ""share"": 0.58, ""miss_deg"": 2.73, ""labels"": [261]}, {""name"": ""球L"", ""m"": 0.56791, ""q"": 0.0015, ""c"": 0.1097, ""capture"": 0.013, ""share"": 0.39, ""miss_deg"": 2.94, ""labels"": [259]}, {""name"": ""水瓶"", ""m"": 0.04326, ""q"": 0.0001, ""c"": 0.5444, ""capture"": 0.0, ""share"": 0.03, ""miss_deg"": 4.12, ""labels"": [30]}]"
2026_08_25/c1_1,c4,v9,beyond_occ,vis,36.55,37.68,1.14,4.138,球L,259,0.593,0.0016,0.015,0.733,0.607,0.997,object#24,389.6407,0,0,8,球L,1,3,"[{""name"": ""球L"", ""m"": 0.63397, ""q"": 0.0016, ""c"": 0.1097, ""capture"": 0.015, ""share"": 0.593, ""miss_deg"": 2.9, ""labels"": [259]}, {""name"": ""球M"", ""m"": 0.3848, ""q"": 0.001, ""c"": 0.091, ""capture"": 0.011, ""share"": 0.36, ""miss_deg"": 3.01, ""labels"": [261]}, {""name"": ""水瓶"", ""m"": 0.05052, ""q"": 0.0001, ""c"": 0.5444, ""capture"": 0.0, ""share"": 0.047, ""miss_deg"": 4.08, ""labels"": [30]}]"
2026_08_25/c1_1,c4,v9,beyond_occ,vis,37.74,43.15,5.42,4.137,,-1,0.0,0.0,,,,1.0,object#24,389.6407,0,0,,,,0,[]
2026_08_25/c1_1,c4,v9,beyond_occ,vis,43.4,51.57,8.18,4.162,球L,259,0.911,0.0098,0.089,0.067,0.087,0.989,object#35,389.6407,0,0,9,球L,1,4,"[{""name"": ""球L"", ""m"": 3.80134, ""q"": 0.0098, ""c"": 0.1097, ""capture"": 0.089, ""share"": 0.911, ""miss_deg"": 2.2, ""labels"": [259]}, {""name"": ""苹果红"", ""m"": 0.32845, ""q"": 0.0008, ""c"": 0.1459, ""capture"": 0.006, ""share"": 0.079, ""miss_deg"": 3.21, ""labels"": [260]}, {""name"": ""水瓶"", ""m"": 0.04097, ""q"": 0.0001, ""c"": 0.5444, ""capture"": 0.0, ""share"": 0.01, ""miss_deg"": 4.14, ""labels"": [30]}, {""name"": ""苹果粉"", ""m"": 0.00081, ""q"": 0.0, ""c"": 0.2062, ""capture"": 0.0, ""share"": 0.0, ""miss_deg"": 4.8, ""labels"": [64]}]"
2026_08_25/c1_1,c4,v9,beyond_occ,vis,51.85,56.99,5.15,4.19,苹果粉,64,1.0,0.0001,0.0,0.0,0.0,1.0,object#35,389.6407,0,0,,,,1,"[{""name"": ""苹果粉"", ""m"": 0.02125, ""q"": 0.0001, ""c"": 0.2062, ""capture"": 0.0, ""share"": 1.0, ""miss_deg"": 4.06, ""labels"": [64]}]"
2026_08_25/c1_1,c4,v9,beyond_occ,vis,57.24,57.67,0.43,4.19,,-1,0.0,0.0,,,,1.0,object#35,389.6407,0,0,,,,0,[]
2026_08_25/c1_1,c4,v9,beyond_occ,vis,57.94,60.27,2.33,4.202,球M,261,0.289,0.0741,0.815,0.977,1.18,0.744,物品台,389.6407,0,0,,,,8,"[{""name"": ""球M"", ""m"": 28.88556, ""q"": 0.0741, ""c"": 0.091, ""capture"": 0.815, ""share"": 0.289, ""miss_deg"": 0.64, ""labels"": [261]}, {""name"": ""球L"", ""m"": 34.01758, ""q"": 0.0873, ""c"": 0.1097, ""capture"": 0.796, ""share"": 0.341, ""miss_deg"": 0.68, ""labels"": [259]}, {""name"": ""球R"", ""m"": 12.37178, ""q"": 0.0318, ""c"": 0.091, ""capture"": 0.349, ""share"": 0.124, ""miss_deg"": 1.45, ""labels"": [263]}, {""name"": ""白杯2"", ""m"": 4.74615, ""q"": 0.0122, ""c"": 0.1636, ""capture"": 0.074, ""share"": 0.048, ""miss_deg"": 2.28, ""labels"": [267]}, {""name"": ""白杯1"", ""m"": 5.429, ""q"": 0.0139, ""c"": 0.2062, ""capture"": 0.068, ""share"": 0.054, ""miss_deg"": 2.32, ""labels"": [266]}, {""name"": ""苹果红"", ""m"": 3.56195, ""q"": 0.0091, ""c"": 0.1459, ""capture"": 0.063, ""share"": 0.036, ""miss_deg"": 2.35, ""labels"": [260]}, {""name"": ""水瓶"", ""m"": 10.73783, ""q"": 0.0276, ""c"": 0.5444, ""capture"": 0.051, ""share"": 0.108, ""miss_deg"": 2.44, ""labels"": [30]}, {""name"": ""红杯"", ""m"": 0.08877, ""q"": 0.0002, ""c"": 0.3228, ""capture"": 0.001, ""share"": 0.001, ""miss_deg"": 3.81, ""labels"": [49]}]"
2026_08_25/c1_1,c4,v9,beyond_occ,vis,60.49,64.99,4.5,4.168,球L,259,0.573,0.0317,0.289,0.727,0.6,0.945,物品台,389.6407,1,1,,,,5,"[{""name"": ""球L"", ""m"": 12.35892, ""q"": 0.0317, ""c"": 0.1097, ""capture"": 0.289, ""share"": 0.573, ""miss_deg"": 1.58, ""labels"": [259]}, {""name"": ""球M"", ""m"": 7.43178, ""q"": 0.0191, ""c"": 0.091, ""capture"": 0.21, ""share"": 0.344, ""miss_deg"": 1.77, ""labels"": [261]}, {""name"": ""球R"", ""m"": 0.64728, ""q"": 0.0017, ""c"": 0.1097, ""capture"": 0.015, ""share"": 0.03, ""miss_deg"": 2.89, ""labels"": [263]}, {""name"": ""苹果红"", ""m"": 0.28026, ""q"": 0.0007, ""c"": 0.1459, ""capture"": 0.005, ""share"": 0.013, ""miss_deg"": 3.26, ""labels"": [260]}, {""name"": ""水瓶"", ""m"": 0.86085, ""q"": 0.0022, ""c"": 0.5444, ""capture"": 0.004, ""share"": 0.04, ""miss_deg"": 3.32, ""labels"": [30]}]"
2026_08_25/c1_1,c4,v9,beyond_occ,vis,66.57,66.95,0.38,4.167,球R,263,0.401,0.1064,0.971,0.798,0.661,0.734,物品台,389.6407,1,0,,,,6,"[{""name"": ""球R"", ""m"": 41.47234, ""q"": 0.1064, ""c"": 0.1097, ""capture"": 0.971, ""share"": 0.401, ""miss_deg"": 0.24, ""labels"": [263]}, {""name"": ""球M"", ""m"": 27.48071, ""q"": 0.0705, ""c"": 0.091, ""capture"": 0.775, ""share"": 0.265, ""miss_deg"": 0.71, ""labels"": [261]}, {""name"": ""白杯2"", ""m"": 18.40094, ""q"": 0.0472, ""c"": 0.1636, ""capture"": 0.289, ""share"": 0.178, ""miss_deg"": 1.58, ""labels"": [267]}, {""name"": ""球L"", ""m"": 5.96034, ""q"": 0.0153, ""c"": 0.1097, ""capture"": 0.139, ""share"": 0.058, ""miss_deg"": 1.98, ""labels"": [259]}, {""name"": ""白杯1"", ""m"": 4.97553, ""q"": 0.0128, ""c"": 0.2228, ""capture"": 0.057, ""share"": 0.048, ""miss_deg"": 2.39, ""labels"": [266]}, {""name"": ""水瓶"", ""m"": 5.24571, ""q"": 0.0135, ""c"": 0.5444, ""capture"": 0.025, ""share"": 0.051, ""miss_deg"": 2.72, ""labels"": [30]}]"
2026_08_25/c1_1,c4,v9,beyond_occ,vis,67.26,67.58,0.32,3.183,,-1,0.0,0.0,,,,1.0,object#26,389.6407,0,0,,,,0,[]
2026_08_25/c1_1,c4,v9,beyond_occ,vis,67.91,68.5,0.6,3.134,,-1,0.0,0.0,,,,1.0,object#26,389.6407,0,0,,,,0,[]
2026_08_25/c1_1,c4,v9,beyond_occ,vis,68.94,69.43,0.49,4.165,,-1,0.0,0.0,,,,1.0,object#24,389.6407,0,0,,,,0,[]
2026_08_25/c1_1,c4,v9,beyond_occ,vis,69.49,69.97,0.49,4.157,球L,259,0.499,0.0574,0.524,0.374,0.499,0.885,object#35,389.6407,1,0,,,,8,"[{""name"": ""球L"", ""m"": 22.36764, ""q"": 0.0574, ""c"": 0.1097, ""capture"": 0.524, ""share"": 0.499, ""miss_deg"": 1.14, ""labels"": [259]}, {""name"": ""苹果红"", ""m"": 11.14087, ""q"": 0.0286, ""c"": 0.1459, ""capture"": 0.196, ""share"": 0.249, ""miss_deg"": 1.81, ""labels"": [260]}, {""name"": ""球M"", ""m"": 3.84784, ""q"": 0.0099, ""c"": 0.091, ""capture"": 0.109, ""share"": 0.086, ""miss_deg"": 2.11, ""labels"": [261]}, {""name"": ""苹果粉"", ""m"": 4.39158, ""q"": 0.0113, ""c"": 0.2062, ""capture"": 0.055, ""share"": 0.098, ""miss_deg"": 2.41, ""labels"": [64]}, {""name"": ""水瓶"", ""m"": 2.89595, ""q"": 0.0074, ""c"": 0.5444, ""capture"": 0.014, ""share"": 0.065, ""miss_deg"": 2.93, ""labels"": [30]}, {""name"": ""橘子"", ""m"": 0.058, ""q"": 0.0001, ""c"": 0.1188, ""capture"": 0.001, ""share"": 0.001, ""miss_deg"": 3.66, ""labels"": [262]}, {""name"": ""球R"", ""m"": 0.05258, ""q"": 0.0001, ""c"": 0.1097, ""capture"": 0.001, ""share"": 0.001, ""miss_deg"": 3.66, ""labels"": [263]}, {""name"": ""香蕉"", ""m"": 0.03585, ""q"": 0.0001, ""c"": 0.6716, ""capture"": 0.0, ""share"": 0.001, ""miss_deg"": 4.22, ""labels"": [264]}]"
2026_08_25/c1_1,c4,v9,beyond_occ,vis,70.03,70.41,0.38,4.157,球L,259,0.678,0.015,0.137,0.518,0.432,0.978,object#24,389.6407,0,0,,,,4,"[{""name"": ""球L"", ""m"": 5.8343, ""q"": 0.015, ""c"": 0.1097, ""capture"": 0.137, ""share"": 0.678, ""miss_deg"": 2.0, ""labels"": [259]}, {""name"": ""球M"", ""m"": 2.51817, ""q"": 0.0065, ""c"": 0.091, ""capture"": 0.071, ""share"": 0.293, ""miss_deg"": 2.3, ""labels"": [261]}, {""name"": ""水瓶"", ""m"": 0.20337, ""q"": 0.0005, ""c"": 0.5444, ""capture"": 0.001, ""share"": 0.024, ""miss_deg"": 3.73, ""labels"": [30]}, {""name"": ""苹果红"", ""m"": 0.04988, ""q"": 0.0001, ""c"": 0.1459, ""capture"": 0.001, ""share"": 0.006, ""miss_deg"": 3.75, ""labels"": [260]}]"
2026_08_25/c1_1,c4,v9,beyond_occ,vis,70.46,70.79,0.32,4.167,球L,259,0.415,0.0023,0.021,0.667,1.287,0.995,object#35,389.6407,0,0,,,,3,"[{""name"": ""球L"", ""m"": 0.87937, ""q"": 0.0023, ""c"": 0.1097, ""capture"": 0.021, ""share"": 0.415, ""miss_deg"": 2.79, ""labels"": [259]}, {""name"": ""苹果粉"", ""m"": 1.13077, ""q"": 0.0029, ""c"": 0.2062, ""capture"": 0.014, ""share"": 0.534, ""miss_deg"": 2.92, ""labels"": [64]}, {""name"": ""水瓶"", ""m"": 0.10895, ""q"": 0.0003, ""c"": 0.5444, ""capture"": 0.001, ""share"": 0.051, ""miss_deg"": 3.89, ""labels"": [30]}]"
2026_08_25/c1_1,c4,v9,beyond_occ,vis,70.89,77.4,6.5,4.174,球L,259,0.843,0.0112,0.102,0.127,0.171,0.987,object#35,389.6407,0,0,,,,4,"[{""name"": ""球L"", ""m"": 4.37873, ""q"": 0.0112, ""c"": 0.1097, ""capture"": 0.102, ""share"": 0.843, ""miss_deg"": 2.13, ""labels"": [259]}, {""name"": ""苹果红"", ""m"": 0.74767, ""q"": 0.0019, ""c"": 0.1459, ""capture"": 0.013, ""share"": 0.144, ""miss_deg"": 2.94, ""labels"": [260]}, {""name"": ""苹果粉"", ""m"": 0.03028, ""q"": 0.0001, ""c"": 0.2062, ""capture"": 0.0, ""share"": 0.006, ""miss_deg"": 3.97, ""labels"": [64]}, {""name"": ""水瓶"", ""m"": 0.03539, ""q"": 0.0001, ""c"": 0.5444, ""capture"": 0.0, ""share"": 0.007, ""miss_deg"": 4.17, ""labels"": [30]}]"
2026_08_25/c1_1,c4,v9,beyond_occ,vis,77.45,80.11,2.65,4.17,,-1,0.0,0.0,,,,1.0,object#35,389.6407,0,0,,,,0,[]
2026_08_25/c1_1,c4,v9,beyond_occ,vis,80.33,84.06,3.74,4.177,球L,259,0.929,0.0088,0.08,0.05,0.066,0.991,object#35,389.6407,0,0,,,,4,"[{""name"": ""球L"", ""m"": 3.41641, ""q"": 0.0088, ""c"": 0.1097, ""capture"": 0.08, ""share"": 0.929, ""miss_deg"": 2.25, ""labels"": [259]}, {""name"": ""苹果红"", ""m"": 0.22253, ""q"": 0.0006, ""c"": 0.1459, ""capture"": 0.004, ""share"": 0.061, ""miss_deg"": 3.33, ""labels"": [260]}, {""name"": ""水瓶"", ""m"": 0.0352, ""q"": 0.0001, ""c"": 0.5444, ""capture"": 0.0, ""share"": 0.01, ""miss_deg"": 4.17, ""labels"": [30]}, {""name"": ""苹果粉"", ""m"": 0.00183, ""q"": 0.0, ""c"": 0.2062, ""capture"": 0.0, ""share"": 0.0, ""miss_deg"": 4.62, ""labels"": [64]}]"
2026_08_25/c1_1,c4,v9,beyond_occ,vis,84.12,86.5,2.38,4.186,水瓶,30,1.0,0.0,0.0,0.0,0.0,1.0,object#35,389.6407,0,0,,,,1,"[{""name"": ""水瓶"", ""m"": 0.00079, ""q"": 0.0, ""c"": 0.5444, ""capture"": 0.0, ""share"": 1.0, ""miss_deg"": 5.0, ""labels"": [30]}]"
2026_08_25/c1_1,c4,v9,beyond_occ,vis,86.74,93.45,6.72,4.177,球M,261,0.483,0.005,0.055,0.836,1.004,0.99,object#24,389.6407,0,0,10,球M,1,3,"[{""name"": ""球M"", ""m"": 1.96291, ""q"": 0.005, ""c"": 0.091, ""capture"": 0.055, ""share"": 0.483, ""miss_deg"": 2.41, ""labels"": [261]}, {""name"": ""球L"", ""m"": 1.9733, ""q"": 0.0051, ""c"": 0.1097, ""capture"": 0.046, ""share"": 0.485, ""miss_deg"": 2.48, ""labels"": [259]}, {""name"": ""水瓶"", ""m"": 0.12981, ""q"": 0.0003, ""c"": 0.5444, ""capture"": 0.001, ""share"": 0.032, ""miss_deg"": 3.85, ""labels"": [30]}]"
2026_08_25/c1_1,c4,v9,beyond_occ,vis,93.61,97.46,3.85,4.18,球L,259,0.81,0.0165,0.151,0.106,0.143,0.98,object#35,389.6407,0,0,11,球L,1,5,"[{""name"": ""球L"", ""m"": 6.43216, ""q"": 0.0165, ""c"": 0.1097, ""capture"": 0.151, ""share"": 0.81, ""miss_deg"": 1.95, ""labels"": [259]}, {""name"": ""苹果红"", ""m"": 0.92248, ""q"": 0.0024, ""c"": 0.1459, ""capture"": 0.016, ""share"": 0.116, ""miss_deg"": 2.87, ""labels"": [260]}, {""name"": ""球M"", ""m"": 0.50154, ""q"": 0.0013, ""c"": 0.091, ""capture"": 0.014, ""share"": 0.063, ""miss_deg"": 2.92, ""labels"": [261]}, {""name"": ""水瓶"", ""m"": 0.08394, ""q"": 0.0002, ""c"": 0.5444, ""capture"": 0.0, ""share"": 0.011, ""miss_deg"": 3.96, ""labels"": [30]}, {""name"": ""苹果粉"", ""m"": 0.00331, ""q"": 0.0, ""c"": 0.2062, ""capture"": 0.0, ""share"": 0.0, ""miss_deg"": 4.49, ""labels"": [64]}]"
2026_08_25/c1_1,c4,v9,beyond_occ,vis,97.51,97.89,0.38,4.174,球L,259,0.976,0.0033,0.03,0.0,0.025,0.997,object#24,389.6407,0,0,11,球L,1,2,"[{""name"": ""球L"", ""m"": 1.29679, ""q"": 0.0033, ""c"": 0.1097, ""capture"": 0.03, ""share"": 0.976, ""miss_deg"": 2.64, ""labels"": [259]}, {""name"": ""水瓶"", ""m"": 0.03201, ""q"": 0.0001, ""c"": 0.5444, ""capture"": 0.0, ""share"": 0.024, ""miss_deg"": 4.2, ""labels"": [30]}]"
2026_08_25/c1_1,c4,v9,beyond_occ,vis,98.18,100.51,2.33,4.178,球L,259,0.759,0.0175,0.16,0.131,0.178,0.977,object#35,389.6407,0,0,11,球L,1,5,"[{""name"": ""球L"", ""m"": 6.82853, ""q"": 0.0175, ""c"": 0.1097, ""capture"": 0.16, ""share"": 0.759, ""miss_deg"": 1.92, ""labels"": [259]}, {""name"": ""苹果红"", ""m"": 1.21574, ""q"": 0.0031, ""c"": 0.1459, ""capture"": 0.021, ""share"": 0.135, ""miss_deg"": 2.77, ""labels"": [260]}, {""name"": ""球M"", ""m"": 0.7166, ""q"": 0.0018, ""c"": 0.091, ""capture"": 0.02, ""share"": 0.08, ""miss_deg"": 2.79, ""labels"": [261]}, {""name"": ""水瓶"", ""m"": 0.20822, ""q"": 0.0005, ""c"": 0.5444, ""capture"": 0.001, ""share"": 0.023, ""miss_deg"": 3.72, ""labels"": [30]}, {""name"": ""苹果粉"", ""m"": 0.02369, ""q"": 0.0001, ""c"": 0.2062, ""capture"": 0.0, ""share"": 0.003, ""miss_deg"": 4.03, ""labels"": [64]}]"
2026_08_25/c1_1,c4,v9,beyond_occ,vis,100.73,105.98,5.25,4.178,球L,259,0.682,0.0218,0.199,0.437,0.362,0.968,object#35,389.6407,0,0,11,球L,1,4,"[{""name"": ""球L"", ""m"": 8.5045, ""q"": 0.0218, ""c"": 0.1097, ""capture"": 0.199, ""share"": 0.682, ""miss_deg"": 1.8, ""labels"": [259]}, {""name"": ""球M"", ""m"": 3.08442, ""q"": 0.0079, ""c"": 0.091, ""capture"": 0.087, ""share"": 0.247, ""miss_deg"": 2.21, ""labels"": [261]}, {""name"": ""苹果红"", ""m"": 0.44696, ""q"": 0.0011, ""c"": 0.1459, ""capture"": 0.008, ""share"": 0.036, ""miss_deg"": 3.11, ""labels"": [260]}, {""name"": ""水瓶"", ""m"": 0.44292, ""q"": 0.0011, ""c"": 0.5444, ""capture"": 0.002, ""share"": 0.035, ""miss_deg"": 3.51, ""labels"": [30]}]"
2026_08_25/c1_1,c4,v9,beyond_occ,vis,106.23,107.32,1.08,4.177,球L,259,0.554,0.0499,0.455,0.624,0.518,0.91,物品台,389.6407,1,1,11,球L,1,7,"[{""name"": ""球L"", ""m"": 19.44712, ""q"": 0.0499, ""c"": 0.1097, ""capture"": 0.455, ""share"": 0.554, ""miss_deg"": 1.25, ""labels"": [259]}, {""name"": ""球M"", ""m"": 10.07725, ""q"": 0.0259, ""c"": 0.091, ""capture"": 0.284, ""share"": 0.287, ""miss_deg"": 1.59, ""labels"": [261]}, {""name"": ""苹果红"", ""m"": 1.97944, ""q"": 0.0051, ""c"": 0.1459, ""capture"": 0.035, ""share"": 0.056, ""miss_deg"": 2.59, ""labels"": [260]}, {""name"": ""球R"", ""m"": 1.38616, ""q"": 0.0036, ""c"": 0.1097, ""capture"": 0.032, ""share"": 0.04, ""miss_deg"": 2.62, ""labels"": [263]}, {""name"": ""水瓶"", ""m"": 1.92855, ""q"": 0.0049, ""c"": 0.5444, ""capture"": 0.009, ""share"": 0.055, ""miss_deg"": 3.07, ""labels"": [30]}, {""name"": ""白杯1"", ""m"": 0.26246, ""q"": 0.0007, ""c"": 0.2228, ""capture"": 0.003, ""share"": 0.007, ""miss_deg"": 3.41, ""labels"": [266]}, {""name"": ""苹果粉"", ""m"": 0.00044, ""q"": 0.0, ""c"": 0.2062, ""capture"": 0.0, ""share"": 0.0, ""miss_deg"": 4.92, ""labels"": [64]}]"
2026_08_25/c1_1,c4,v9,beyond_occ,vis,107.62,112.55,4.93,4.191,球M,261,0.338,0.0699,0.768,0.77,0.929,0.793,物品台,389.6407,0,0,12,球M,1,7,"[{""name"": ""球M"", ""m"": 27.22431, ""q"": 0.0699, ""c"": 0.091, ""capture"": 0.768, ""share"": 0.338, ""miss_deg"": 0.73, ""labels"": [261]}, {""name"": ""球L"", ""m"": 25.25293, ""q"": 0.0648, ""c"": 0.1097, ""capture"": 0.591, ""share"": 0.314, ""miss_deg"": 1.03, ""labels"": [259]}, {""name"": ""球R"", ""m"": 14.44803, ""q"": 0.0371, ""c"": 0.1097, ""capture"": 0.338, ""share"": 0.18, ""miss_deg"": 1.47, ""labels"": [263]}, {""name"": ""白杯2"", ""m"": 3.37014, ""q"": 0.0086, ""c"": 0.1636, ""capture"": 0.053, ""share"": 0.042, ""miss_deg"": 2.42, ""labels"": [267]}, {""name"": ""白杯1"", ""m"": 3.37699, ""q"": 0.0087, ""c"": 0.2228, ""capture"": 0.039, ""share"": 0.042, ""miss_deg"": 2.55, ""labels"": [266]}, {""name"": ""水瓶"", ""m"": 6.38989, ""q"": 0.0164, ""c"": 0.5444, ""capture"": 0.03, ""share"": 0.079, ""miss_deg"": 2.65, ""labels"": [30]}, {""name"": ""苹果红"", ""m"": 0.42339, ""q"": 0.0011, ""c"": 0.1459, ""capture"": 0.007, ""share"": 0.005, ""miss_deg"": 3.13, ""labels"": [260]}]"
2026_08_25/c1_1,c4,v9,beyond_occ,vis,112.72,114.45,1.73,4.2,球M,261,0.349,0.0712,0.782,0.592,0.713,0.796,物品台,389.6407,0,0,12,球M,1,7,"[{""name"": ""球M"", ""m"": 27.72828, ""q"": 0.0712, ""c"": 0.091, ""capture"": 0.782, ""share"": 0.349, ""miss_deg"": 0.7, ""labels"": [261]}, {""name"": ""球R"", ""m"": 19.77166, ""q"": 0.0507, ""c"": 0.1097, ""capture"": 0.463, ""share"": 0.249, ""miss_deg"": 1.24, ""labels"": [263]}, {""name"": ""球L"", ""m"": 19.19823, ""q"": 0.0493, ""c"": 0.1097, ""capture"": 0.449, ""share"": 0.242, ""miss_deg"": 1.26, ""labels"": [259]}, {""name"": ""白杯2"", ""m"": 4.79617, ""q"": 0.0123, ""c"": 0.1636, ""capture"": 0.075, ""share"": 0.06, ""miss_deg"": 2.27, ""labels"": [267]}, {""name"": ""白杯1"", ""m"": 3.19999, ""q"": 0.0082, ""c"": 0.2228, ""capture"": 0.037, ""share"": 0.04, ""miss_deg"": 2.57, ""labels"": [266]}, {""name"": ""水瓶"", ""m"": 4.72627, ""q"": 0.0121, ""c"": 0.5444, ""capture"": 0.022, ""share"": 0.06, ""miss_deg"": 2.76, ""labels"": [30]}, {""name"": ""苹果红"", ""m"": 0.00957, ""q"": 0.0, ""c"": 0.1459, ""capture"": 0.0, ""share"": 0.0, ""miss_deg"": 4.17, ""labels"": [260]}]"
2026_08_25/c1_1,c4,v9,beyond_occ,vis,114.51,114.94,0.43,4.175,球L,259,0.321,0.1002,0.914,0.655,0.872,0.688,物品台,389.6407,0,0,,,,11,"[{""name"": ""球L"", ""m"": 39.05807, ""q"": 0.1002, ""c"": 0.1097, ""capture"": 0.914, ""share"": 0.321, ""miss_deg"": 0.42, ""labels"": [259]}, {""name"": ""苹果红"", ""m"": 34.0703, ""q"": 0.0874, ""c"": 0.1459, ""capture"": 0.599, ""share"": 0.28, ""miss_deg"": 1.01, ""labels"": [260]}, {""name"": ""球M"", ""m"": 9.52549, ""q"": 0.0244, ""c"": 0.091, ""capture"": 0.269, ""share"": 0.078, ""miss_deg"": 1.62, ""labels"": [261]}, {""name"": ""苹果粉"", ""m"": 14.58826, ""q"": 0.0374, ""c"": 0.2062, ""capture"": 0.182, ""share"": 0.12, ""miss_deg"": 1.85, ""labels"": [64]}, {""name"": ""水瓶"", ""m"": 18.15607, ""q"": 0.0466, ""c"": 0.5444, ""capture"": 0.086, ""share"": 0.149, ""miss_deg"": 2.22, ""labels"": [30]}, {""name"": ""白杯1"", ""m"": 2.45907, ""q"": 0.0063, ""c"": 0.2228, ""capture"": 0.028, ""share"": 0.02, ""miss_deg"": 2.67, ""labels"": [266]}, {""name"": ""红杯"", ""m"": 1.56728, ""q"": 0.004, ""c"": 0.3441, ""capture"": 0.012, ""share"": 0.013, ""miss_deg"": 2.98, ""labels"": [49]}, {""name"": ""白杯2"", ""m"": 0.72473, ""q"": 0.0019, ""c"": 0.1636, ""capture"": 0.011, ""share"": 0.006, ""miss_deg"": 2.99, ""labels"": [267]}, {""name"": ""球R"", ""m"": 0.40758, ""q"": 0.001, ""c"": 0.1097, ""capture"": 0.01, ""share"": 0.003, ""miss_deg"": 3.05, ""labels"": [263]}, {""name"": ""橘子"", ""m"": 0.37756, ""q"": 0.001, ""c"": 0.1188, ""capture"": 0.008, ""share"": 0.003, ""miss_deg"": 3.1, ""labels"": [262]}, {""name"": ""香蕉"", ""m"": 0.57176, ""q"": 0.0015, ""c"": 0.6676, ""capture"": 0.002, ""share"": 0.005, ""miss_deg"": 3.5, ""labels"": [264]}]"
2026_08_25/c1_1,c4,v9,beyond_occ,vis,115.07,121.35,6.28,4.157,球L,259,0.697,0.0274,0.25,0.376,0.311,0.961,object#35,389.6407,1,1,,,,4,"[{""name"": ""球L"", ""m"": 10.67898, ""q"": 0.0274, ""c"": 0.1097, ""capture"": 0.25, ""share"": 0.697, ""miss_deg"": 1.67, ""labels"": [259]}, {""name"": ""球M"", ""m"": 3.3251, ""q"": 0.0085, ""c"": 0.091, ""capture"": 0.094, ""share"": 0.217, ""miss_deg"": 2.18, ""labels"": [261]}, {""name"": ""苹果红"", ""m"": 0.81615, ""q"": 0.0021, ""c"": 0.1459, ""capture"": 0.014, ""share"": 0.053, ""miss_deg"": 2.91, ""labels"": [260]}, {""name"": ""水瓶"", ""m"": 0.50514, ""q"": 0.0013, ""c"": 0.5444, ""capture"": 0.002, ""share"": 0.033, ""miss_deg"": 3.48, ""labels"": [30]}]"
2026_08_25/c1_1,c4,v9,beyond_occ,vis,121.63,127.21,5.58,4.186,球M,261,0.311,0.091,1.0,0.789,0.952,0.707,物品台,389.6407,0,0,14,球M,1,7,"[{""name"": ""球M"", ""m"": 35.46523, ""q"": 0.091, ""c"": 0.091, ""capture"": 1.0, ""share"": 0.311, ""miss_deg"": 0.0, ""labels"": [261]}, {""name"": ""球L"", ""m"": 33.73081, ""q"": 0.0866, ""c"": 0.1097, ""capture"": 0.789, ""share"": 0.296, ""miss_deg"": 0.69, ""labels"": [259]}, {""name"": ""球R"", ""m"": 17.81313, ""q"": 0.0457, ""c"": 0.1097, ""capture"": 0.417, ""share"": 0.156, ""miss_deg"": 1.32, ""labels"": [263]}, {""name"": ""白杯2"", ""m"": 7.35331, ""q"": 0.0189, ""c"": 0.1636, ""capture"": 0.115, ""share"": 0.064, ""miss_deg"": 2.08, ""labels"": [267]}, {""name"": ""白杯1"", ""m"": 6.02386, ""q"": 0.0155, ""c"": 0.2228, ""capture"": 0.069, ""share"": 0.053, ""miss_deg"": 2.31, ""labels"": [266]}, {""name"": ""水瓶"", ""m"": 11.66284, ""q"": 0.0299, ""c"": 0.5444, ""capture"": 0.055, ""share"": 0.102, ""miss_deg"": 2.41, ""labels"": [30]}, {""name"": ""苹果红"", ""m"": 1.98057, ""q"": 0.0051, ""c"": 0.1459, ""capture"": 0.035, ""share"": 0.017, ""miss_deg"": 2.59, ""labels"": [260]}]"
2026_08_25/c1_1,c4,v9,beyond_occ,vis,129.6,130.46,0.87,1.279,,-1,0.0,0.0,,,,1.0,object#14,389.6407,0,0,,,,0,[]
2026_08_25/c1_1,c4,v9,beyond_occ,vis,130.52,130.79,0.27,0.892,,-1,0.0,0.0,,,,1.0,object#14,389.6407,0,0,,,,0,[]
2026_08_25/c1_1,c4,v9,beyond_occ,vis,131.0,131.33,0.32,0.678,,-1,0.0,0.0,,,,1.0,object#14,389.6407,0,0,,,,0,[]
2026_08_25/c1_2,c4,v9,,vis,4.48,4.76,0.27,5.705,水瓶,30,1.0,0.0017,0.005,0.0,0.0,0.998,object#23,389.6407,0,0,,,,1,"[{""name"": ""水瓶"", ""m"": 0.66902, ""q"": 0.0017, ""c"": 0.3228, ""capture"": 0.005, ""share"": 1.0, ""miss_deg"": 3.24, ""labels"": [30]}]"
2026_08_25/c1_2,c4,v9,,vis,6.13,7.22,1.08,4.222,球L,259,0.467,0.0732,0.667,0.711,0.589,0.843,物品台,389.6407,1,0,,,,8,"[{""name"": ""球L"", ""m"": 28.50665, ""q"": 0.0732, ""c"": 0.1097, ""capture"": 0.667, ""share"": 0.467, ""miss_deg"": 0.9, ""labels"": [259]}, {""name"": ""球M"", ""m"": 16.80285, ""q"": 0.0431, ""c"": 0.091, ""capture"": 0.474, ""share"": 0.275, ""miss_deg"": 1.22, ""labels"": [261]}, {""name"": ""苹果红"", ""m"": 5.68671, ""q"": 0.0146, ""c"": 0.1369, ""capture"": 0.107, ""share"": 0.093, ""miss_deg"": 2.12, ""labels"": [260]}, {""name"": ""球R"", ""m"": 3.26012, ""q"": 0.0084, ""c"": 0.091, ""capture"": 0.092, ""share"": 0.053, ""miss_deg"": 2.18, ""labels"": [263]}, {""name"": ""水瓶"", ""m"": 4.93306, ""q"": 0.0127, ""c"": 0.5338, ""capture"": 0.024, ""share"": 0.081, ""miss_deg"": 2.74, ""labels"": [30]}, {""name"": ""白杯1"", ""m"": 1.73902, ""q"": 0.0045, ""c"": 0.2062, ""capture"": 0.022, ""share"": 0.028, ""miss_deg"": 2.77, ""labels"": [266]}, {""name"": ""白杯2"", ""m"": 0.11705, ""q"": 0.0003, ""c"": 0.1636, ""capture"": 0.002, ""share"": 0.002, ""miss_deg"": 3.55, ""labels"": [267]}, {""name"": ""苹果粉"", ""m"": 0.02033, ""q"": 0.0001, ""c"": 0.1892, ""capture"": 0.0, ""share"": 0.0, ""miss_deg"": 4.05, ""labels"": [64]}]"
2026_08_25/c1_2,c4,v9,,vis,7.27,7.54,0.27,4.229,球L,259,0.32,0.0646,0.71,0.668,1.006,0.798,object#35,389.6407,0,0,,,,8,"[{""name"": ""球L"", ""m"": 25.17611, ""q"": 0.0646, ""c"": 0.091, ""capture"": 0.71, ""share"": 0.32, ""miss_deg"": 0.83, ""labels"": [259]}, {""name"": ""苹果红"", ""m"": 25.27343, ""q"": 0.0649, ""c"": 0.1369, ""capture"": 0.474, ""share"": 0.322, ""miss_deg"": 1.22, ""labels"": [260]}, {""name"": ""苹果粉"", ""m"": 14.52778, ""q"": 0.0373, ""c"": 0.1892, ""capture"": 0.197, ""share"": 0.185, ""miss_deg"": 1.8, ""labels"": [64]}, {""name"": ""球M"", ""m"": 3.84263, ""q"": 0.0099, ""c"": 0.091, ""capture"": 0.108, ""share"": 0.049, ""miss_deg"": 2.11, ""labels"": [261]}, {""name"": ""水瓶"", ""m"": 7.68167, ""q"": 0.0197, ""c"": 0.5338, ""capture"": 0.037, ""share"": 0.098, ""miss_deg"": 2.57, ""labels"": [30]}, {""name"": ""橘子"", ""m"": 1.00636, ""q"": 0.0026, ""c"": 0.1188, ""capture"": 0.022, ""share"": 0.013, ""miss_deg"": 2.77, ""labels"": [262]}, {""name"": ""白杯1"", ""m"": 0.71478, ""q"": 0.0018, ""c"": 0.2062, ""capture"": 0.009, ""share"": 0.009, ""miss_deg"": 3.07, ""labels"": [266]}, {""name"": ""香蕉"", ""m"": 0.36464, ""q"": 0.0009, ""c"": 0.6512, ""capture"": 0.001, ""share"": 0.005, ""miss_deg"": 3.62, ""labels"": [264]}]"
2026_08_25/c1_2,c4,v9,,vis,7.6,8.68,1.08,4.252,球M,261,0.398,0.0593,0.652,0.741,0.741,0.851,物品台,389.6407,0,0,,,,7,"[{""name"": ""球M"", ""m"": 23.10796, ""q"": 0.0593, ""c"": 0.091, ""capture"": 0.652, ""share"": 0.398, ""miss_deg"": 0.93, ""labels"": [261]}, {""name"": ""球L"", ""m"": 17.11944, ""q"": 0.0439, ""c"": 0.091, ""capture"": 0.483, ""share"": 0.295, ""miss_deg"": 1.21, ""labels"": [259]}, {""name"": ""球R"", ""m"": 10.34956, ""q"": 0.0266, ""c"": 0.091, ""capture"": 0.292, ""share"": 0.178, ""miss_deg"": 1.57, ""labels"": [263]}, {""name"": ""白杯1"", ""m"": 2.17341, ""q"": 0.0056, ""c"": 0.2062, ""capture"": 0.027, ""share"": 0.037, ""miss_deg"": 2.69, ""labels"": [266]}, {""name"": ""白杯2"", ""m"": 1.46393, ""q"": 0.0038, ""c"": 0.1636, ""capture"": 0.023, ""share"": 0.025, ""miss_deg"": 2.75, ""labels"": [267]}, {""name"": ""水瓶"", ""m"": 3.73899, ""q"": 0.0096, ""c"": 0.5232, ""capture"": 0.018, ""share"": 0.064, ""miss_deg"": 2.83, ""labels"": [30]}, {""name"": ""苹果红"", ""m"": 0.1016, ""q"": 0.0003, ""c"": 0.1369, ""capture"": 0.002, ""share"": 0.002, ""miss_deg"": 3.54, ""labels"": [260]}]"
2026_08_25/c1_2,c4,v9,,vis,8.95,9.28,0.32,3.518,,-1,0.0,0.0,,,,1.0,object#36,389.6407,0,0,,,,0,[]
2026_08_25/c1_2,c4,v9,,vis,9.33,9.82,0.49,3.381,,-1,0.0,0.0,,,,1.0,object#26,389.6407,0,0,,,,0,[]
2026_08_25/c1_2,c4,v9,,vis,9.87,10.36,0.49,3.32,,-1,0.0,0.0,,,,1.0,object#26,389.6407,0,0,,,,0,[]
2026_08_25/c1_2,c4,v9,,vis,10.41,10.68,0.27,3.433,,-1,0.0,0.0,,,,1.0,object#26,389.6407,0,0,,,,0,[]
2026_08_25/c1_2,c4,v9,,vis,11.22,12.31,1.08,4.244,球L,259,0.73,0.0112,0.123,0.35,0.349,0.985,object#24,389.6407,0,0,,,,4,"[{""name"": ""球L"", ""m"": 4.36407, ""q"": 0.0112, ""c"": 0.091, ""capture"": 0.123, ""share"": 0.73, ""miss_deg"": 2.05, ""labels"": [259]}, {""name"": ""球M"", ""m"": 1.52524, ""q"": 0.0039, ""c"": 0.091, ""capture"": 0.043, ""share"": 0.255, ""miss_deg"": 2.51, ""labels"": [261]}, {""name"": ""苹果红"", ""m"": 0.06192, ""q"": 0.0002, ""c"": 0.1369, ""capture"": 0.001, ""share"": 0.01, ""miss_deg"": 3.68, ""labels"": [260]}, {""name"": ""水瓶"", ""m"": 0.02926, ""q"": 0.0001, ""c"": 0.5338, ""capture"": 0.0, ""share"": 0.005, ""miss_deg"": 4.21, ""labels"": [30]}]"
2026_08_25/c1_2,c4,v9,,vis,12.74,14.91,2.17,4.246,球L,259,0.662,0.0278,0.306,0.35,0.35,0.958,object#35,389.6407,1,1,,,,5,"[{""name"": ""球L"", ""m"": 10.83876, ""q"": 0.0278, ""c"": 0.091, ""capture"": 0.306, ""share"": 0.662, ""miss_deg"": 1.54, ""labels"": [259]}, {""name"": ""球M"", ""m"": 3.79973, ""q"": 0.0098, ""c"": 0.091, ""capture"": 0.107, ""share"": 0.232, ""miss_deg"": 2.11, ""labels"": [261]}, {""name"": ""苹果红"", ""m"": 1.35579, ""q"": 0.0035, ""c"": 0.1369, ""capture"": 0.025, ""share"": 0.083, ""miss_deg"": 2.71, ""labels"": [260]}, {""name"": ""水瓶"", ""m"": 0.38119, ""q"": 0.001, ""c"": 0.5232, ""capture"": 0.002, ""share"": 0.023, ""miss_deg"": 3.54, ""labels"": [30]}, {""name"": ""苹果粉"", ""m"": 0.00112, ""q"": 0.0, ""c"": 0.1892, ""capture"": 0.0, ""share"": 0.0, ""miss_deg"": 4.71, ""labels"": [64]}]"
2026_08_25/c1_2,c4,v9,,vis,15.2,20.78,5.58,4.229,球L,259,0.95,0.0083,0.091,0.033,0.053,0.991,object#35,389.6407,0,0,1,球L,1,3,"[{""name"": ""球L"", ""m"": 3.21798, ""q"": 0.0083, ""c"": 0.091, ""capture"": 0.091, ""share"": 0.95, ""miss_deg"": 2.19, ""labels"": [259]}, {""name"": ""苹果红"", ""m"": 0.1703, ""q"": 0.0004, ""c"": 0.1369, ""capture"": 0.003, ""share"": 0.05, ""miss_deg"": 3.39, ""labels"": [260]}, {""name"": ""水瓶"", ""m"": 0.00055, ""q"": 0.0, ""c"": 0.5338, ""capture"": 0.0, ""share"": 0.0, ""miss_deg"": 5.07, ""labels"": [30]}]"
2026_08_25/c1_2,c4,v9,,vis,20.83,22.78,1.95,4.227,球L,259,0.79,0.0089,0.098,0.245,0.244,0.989,object#24,389.6407,0,0,1,球L,1,3,"[{""name"": ""球L"", ""m"": 3.46338, ""q"": 0.0089, ""c"": 0.091, ""capture"": 0.098, ""share"": 0.79, ""miss_deg"": 2.16, ""labels"": [259]}, {""name"": ""球M"", ""m"": 0.84663, ""q"": 0.0022, ""c"": 0.091, ""capture"": 0.024, ""share"": 0.193, ""miss_deg"": 2.73, ""labels"": [261]}, {""name"": ""苹果红"", ""m"": 0.07466, ""q"": 0.0002, ""c"": 0.1369, ""capture"": 0.001, ""share"": 0.017, ""miss_deg"": 3.63, ""labels"": [260]}]"
2026_08_25/c1_2,c4,v9,,vis,23.16,23.87,0.7,4.254,球R,263,0.391,0.0079,0.087,0.92,0.921,0.98,object#24,389.6407,0,0,,,,3,"[{""name"": ""球R"", ""m"": 3.06893, ""q"": 0.0079, ""c"": 0.091, ""capture"": 0.087, ""share"": 0.391, ""miss_deg"": 2.21, ""labels"": [263]}, {""name"": ""球M"", ""m"": 2.82325, ""q"": 0.0072, ""c"": 0.091, ""capture"": 0.08, ""share"": 0.36, ""miss_deg"": 2.25, ""labels"": [261]}, {""name"": ""水瓶"", ""m"": 1.94816, ""q"": 0.005, ""c"": 0.5232, ""capture"": 0.01, ""share"": 0.248, ""miss_deg"": 3.05, ""labels"": [30]}]"
2026_08_25/c1_2,c4,v9,,vis,23.92,29.61,5.69,4.271,球R,263,0.5,0.0109,0.12,0.35,0.35,0.978,object#24,389.6407,0,0,2,球R,1,4,"[{""name"": ""球R"", ""m"": 4.25869, ""q"": 0.0109, ""c"": 0.091, ""capture"": 0.12, ""share"": 0.5, ""miss_deg"": 2.06, ""labels"": [263]}, {""name"": ""球M"", ""m"": 1.49463, ""q"": 0.0038, ""c"": 0.091, ""capture"": 0.042, ""share"": 0.175, ""miss_deg"": 2.52, ""labels"": [261]}, {""name"": ""水瓶"", ""m"": 2.70419, ""q"": 0.0069, ""c"": 0.5232, ""capture"": 0.013, ""share"": 0.317, ""miss_deg"": 2.94, ""labels"": [30]}, {""name"": ""白杯2"", ""m"": 0.06533, ""q"": 0.0002, ""c"": 0.1636, ""capture"": 0.001, ""share"": 0.008, ""miss_deg"": 3.71, ""labels"": [267]}]"
2026_08_25/c1_2,c4,v9,,vis,30.04,36.43,6.39,4.287,球R,263,0.527,0.0395,0.434,0.456,0.457,0.925,物品台,389.6407,1,1,3,球R,1,5,"[{""name"": ""球R"", ""m"": 15.37537, ""q"": 0.0395, ""c"": 0.091, ""capture"": 0.434, ""share"": 0.527, ""miss_deg"": 1.29, ""labels"": [263]}, {""name"": ""球M"", ""m"": 7.02353, ""q"": 0.018, ""c"": 0.091, ""capture"": 0.198, ""share"": 0.241, ""miss_deg"": 1.8, ""labels"": [261]}, {""name"": ""白杯2"", ""m"": 2.01361, ""q"": 0.0052, ""c"": 0.1636, ""capture"": 0.032, ""share"": 0.069, ""miss_deg"": 2.63, ""labels"": [267]}, {""name"": ""水瓶"", ""m"": 4.62249, ""q"": 0.0119, ""c"": 0.5232, ""capture"": 0.023, ""share"": 0.158, ""miss_deg"": 2.75, ""labels"": [30]}, {""name"": ""白杯1"", ""m"": 0.16429, ""q"": 0.0004, ""c"": 0.2062, ""capture"": 0.002, ""share"": 0.006, ""miss_deg"": 3.52, ""labels"": [266]}]"
2026_08_25/c1_2,c4,v9,,vis,36.72,43.32,6.61,4.251,球M,261,0.427,0.0471,0.517,0.646,0.646,0.89,物品台,389.6407,1,0,4,球M,1,6,"[{""name"": ""球M"", ""m"": 18.34252, ""q"": 0.0471, ""c"": 0.091, ""capture"": 0.517, ""share"": 0.427, ""miss_deg"": 1.15, ""labels"": [261]}, {""name"": ""球L"", ""m"": 11.82994, ""q"": 0.0304, ""c"": 0.091, ""capture"": 0.334, ""share"": 0.276, ""miss_deg"": 1.48, ""labels"": [259]}, {""name"": ""球R"", ""m"": 8.49755, ""q"": 0.0218, ""c"": 0.091, ""capture"": 0.24, ""share"": 0.198, ""miss_deg"": 1.69, ""labels"": [263]}, {""name"": ""白杯1"", ""m"": 1.275, ""q"": 0.0033, ""c"": 0.2062, ""capture"": 0.016, ""share"": 0.03, ""miss_deg"": 2.88, ""labels"": [266]}, {""name"": ""白杯2"", ""m"": 0.95201, ""q"": 0.0024, ""c"": 0.1636, ""capture"": 0.015, ""share"": 0.022, ""miss_deg"": 2.9, ""labels"": [267]}, {""name"": ""水瓶"", ""m"": 2.01333, ""q"": 0.0052, ""c"": 0.5232, ""capture"": 0.01, ""share"": 0.047, ""miss_deg"": 3.04, ""labels"": [30]}]"
2026_08_25/c1_2,c4,v9,,vis,43.87,49.99,6.12,4.25,球M,261,0.321,0.09,0.989,0.815,0.816,0.72,物品台,389.6407,0,0,5,球M,1,7,"[{""name"": ""球M"", ""m"": 35.05024, ""q"": 0.09, ""c"": 0.091, ""capture"": 0.989, ""share"": 0.321, ""miss_deg"": 0.15, ""labels"": [261]}, {""name"": ""球L"", ""m"": 28.59159, ""q"": 0.0734, ""c"": 0.091, ""capture"": 0.806, ""share"": 0.262, ""miss_deg"": 0.66, ""labels"": [259]}, {""name"": ""球R"", ""m"": 18.18891, ""q"": 0.0467, ""c"": 0.091, ""capture"": 0.513, ""share"": 0.167, ""miss_deg"": 1.16, ""labels"": [263]}, {""name"": ""白杯2"", ""m"": 7.22804, ""q"": 0.0186, ""c"": 0.1636, ""capture"": 0.113, ""share"": 0.066, ""miss_deg"": 2.09, ""labels"": [267]}, {""name"": ""白杯1"", ""m"": 8.2112, ""q"": 0.0211, ""c"": 0.2062, ""capture"": 0.102, ""share"": 0.075, ""miss_deg"": 2.14, ""labels"": [266]}, {""name"": ""水瓶"", ""m"": 10.68294, ""q"": 0.0274, ""c"": 0.5232, ""capture"": 0.052, ""share"": 0.098, ""miss_deg"": 2.43, ""labels"": [30]}, {""name"": ""苹果红"", ""m"": 1.20642, ""q"": 0.0031, ""c"": 0.1369, ""capture"": 0.023, ""share"": 0.011, ""miss_deg"": 2.75, ""labels"": [260]}]"
2026_08_25/c1_2,c4,v9,,vis,50.25,56.64,6.39,4.242,球L,259,0.465,0.0849,0.933,0.362,0.363,0.817,object#35,389.6407,1,0,6,球L,1,10,"[{""name"": ""球L"", ""m"": 33.0892, ""q"": 0.0849, ""c"": 0.091, ""capture"": 0.933, ""share"": 0.465, ""miss_deg"": 0.37, ""labels"": [259]}, {""name"": ""球M"", ""m"": 11.99269, ""q"": 0.0308, ""c"": 0.091, ""capture"": 0.338, ""share"": 0.169, ""miss_deg"": 1.47, ""labels"": [261]}, {""name"": ""苹果红"", ""m"": 14.85816, ""q"": 0.0381, ""c"": 0.1369, ""capture"": 0.279, ""share"": 0.209, ""miss_deg"": 1.6, ""labels"": [260]}, {""name"": ""水瓶"", ""m"": 7.45353, ""q"": 0.0191, ""c"": 0.5338, ""capture"": 0.036, ""share"": 0.105, ""miss_deg"": 2.58, ""labels"": [30]}, {""name"": ""球R"", ""m"": 1.17964, ""q"": 0.003, ""c"": 0.091, ""capture"": 0.033, ""share"": 0.017, ""miss_deg"": 2.61, ""labels"": [263]}, {""name"": ""白杯1"", ""m"": 1.53969, ""q"": 0.004, ""c"": 0.2062, ""capture"": 0.019, ""share"": 0.022, ""miss_deg"": 2.81, ""labels"": [266]}, {""name"": ""苹果粉"", ""m"": 0.70704, ""q"": 0.0018, ""c"": 0.1892, ""capture"": 0.01, ""share"": 0.01, ""miss_deg"": 3.05, ""labels"": [64]}, {""name"": ""橘子"", ""m"": 0.15057, ""q"": 0.0004, ""c"": 0.1188, ""capture"": 0.003, ""share"": 0.002, ""miss_deg"": 3.38, ""labels"": [262]}, {""name"": ""白杯2"", ""m"": 0.13592, ""q"": 0.0003, ""c"": 0.1636, ""capture"": 0.002, ""share"": 0.002, ""miss_deg"": 3.51, ""labels"": [267]}, {""name"": ""香蕉"", ""m"": 0.0561, ""q"": 0.0001, ""c"": 0.6512, ""capture"": 0.0, ""share"": 0.001, ""miss_deg"": 4.1, ""labels"": [264]}]"
2026_08_25/c1_2,c4,v9,,vis,56.88,62.78,5.9,4.263,球R,263,0.352,0.0648,0.712,0.937,0.938,0.816,物品台,389.6407,0,0,7,球R,1,6,"[{""name"": ""球R"", ""m"": 25.2414, ""q"": 0.0648, ""c"": 0.091, ""capture"": 0.712, ""share"": 0.352, ""miss_deg"": 0.82, ""labels"": [263]}, {""name"": ""球M"", ""m"": 23.63214, ""q"": 0.0607, ""c"": 0.091, ""capture"": 0.667, ""share"": 0.33, ""miss_deg"": 0.9, ""labels"": [261]}, {""name"": ""球L"", ""m"": 6.49005, ""q"": 0.0167, ""c"": 0.091, ""capture"": 0.183, ""share"": 0.091, ""miss_deg"": 1.84, ""labels"": [259]}, {""name"": ""白杯2"", ""m"": 7.9956, ""q"": 0.0205, ""c"": 0.1636, ""capture"": 0.125, ""share"": 0.112, ""miss_deg"": 2.04, ""labels"": [267]}, {""name"": ""白杯1"", ""m"": 4.48822, ""q"": 0.0115, ""c"": 0.2062, ""capture"": 0.056, ""share"": 0.063, ""miss_deg"": 2.4, ""labels"": [266]}, {""name"": ""水瓶"", ""m"": 3.80969, ""q"": 0.0098, ""c"": 0.5232, ""capture"": 0.019, ""share"": 0.053, ""miss_deg"": 2.82, ""labels"": [30]}]"
2026_08_25/c1_2,c4,v9,,vis,63.64,64.78,1.14,3.324,,-1,0.0,0.0,,,,1.0,object#26,389.6407,0,0,,,,0,[]
2026_08_25/c1_2,c4,v9,,vis,64.83,65.21,0.38,3.279,,-1,0.0,0.0,,,,1.0,object#26,389.6407,0,0,,,,0,[]
2026_08_25/c1_2,c4,v9,,vis,65.59,66.13,0.54,3.386,,-1,0.0,0.0,,,,1.0,object#26,389.6407,0,0,,,,0,[]
2026_08_25/c1_2,c4,v9,,vis,66.19,67.54,1.35,3.354,,-1,0.0,0.0,,,,1.0,object#26,389.6407,0,0,,,,0,[]
2026_08_25/c1_2,c4,v9,,vis,68.08,68.68,0.6,3.356,,-1,0.0,0.0,,,,1.0,object#26,389.6407,0,0,,,,0,[]
2026_08_25/c1_2,c4,v9,,vis,68.79,69.33,0.54,3.356,,-1,0.0,0.0,,,,1.0,object#26,389.6407,0,0,,,,0,[]
2026_08_25/c1_2,c4,v9,,vis,69.94,71.19,1.25,4.258,球L,259,0.465,0.0272,0.299,0.92,0.92,0.941,物品台,389.6407,1,0,,,,6,"[{""name"": ""球L"", ""m"": 10.60505, ""q"": 0.0272, ""c"": 0.091, ""capture"": 0.299, ""share"": 0.465, ""miss_deg"": 1.55, ""labels"": [259]}, {""name"": ""球M"", ""m"": 9.7509, ""q"": 0.025, ""c"": 0.091, ""capture"": 0.275, ""share"": 0.428, ""miss_deg"": 1.61, ""labels"": [261]}, {""name"": ""球R"", ""m"": 1.75196, ""q"": 0.0045, ""c"": 0.091, ""capture"": 0.049, ""share"": 0.077, ""miss_deg"": 2.45, ""labels"": [263]}, {""name"": ""水瓶"", ""m"": 0.52248, ""q"": 0.0013, ""c"": 0.5232, ""capture"": 0.003, ""share"": 0.023, ""miss_deg"": 3.45, ""labels"": [30]}, {""name"": ""苹果红"", ""m"": 0.076, ""q"": 0.0002, ""c"": 0.1369, ""capture"": 0.001, ""share"": 0.003, ""miss_deg"": 3.62, ""labels"": [260]}, {""name"": ""白杯1"", ""m"": 0.09522, ""q"": 0.0002, ""c"": 0.2062, ""capture"": 0.001, ""share"": 0.004, ""miss_deg"": 3.67, ""labels"": [266]}]"
2026_08_25/c1_2,c4,v9,,vis,71.48,71.86,0.38,4.257,球L,259,1.0,0.0009,0.01,0.0,0.0,0.999,object#24,389.6407,0,0,,,,1,"[{""name"": ""球L"", ""m"": 0.35634, ""q"": 0.0009, ""c"": 0.091, ""capture"": 0.01, ""share"": 1.0, ""miss_deg"": 3.03, ""labels"": [259]}]"
2026_08_25/c1_2,c4,v9,,vis,71.91,78.79,6.88,4.256,球L,259,0.693,0.0129,0.142,0.401,0.404,0.981,object#24,389.6407,0,0,8,球L,1,4,"[{""name"": ""球L"", ""m"": 5.03228, ""q"": 0.0129, ""c"": 0.091, ""capture"": 0.142, ""share"": 0.693, ""miss_deg"": 1.98, ""labels"": [259]}, {""name"": ""球M"", ""m"": 2.03215, ""q"": 0.0052, ""c"": 0.091, ""capture"": 0.057, ""share"": 0.28, ""miss_deg"": 2.39, ""labels"": [261]}, {""name"": ""苹果红"", ""m"": 0.16932, ""q"": 0.0004, ""c"": 0.1369, ""capture"": 0.003, ""share"": 0.023, ""miss_deg"": 3.39, ""labels"": [260]}, {""name"": ""水瓶"", ""m"": 0.03006, ""q"": 0.0001, ""c"": 0.5232, ""capture"": 0.0, ""share"": 0.004, ""miss_deg"": 4.2, ""labels"": [30]}]"
2026_08_25/c1_2,c4,v9,,vis,79.06,85.56,6.5,4.264,球L,259,0.474,0.02,0.219,0.954,0.954,0.958,object#24,389.6407,1,0,9,球L,1,5,"[{""name"": ""球L"", ""m"": 7.78057, ""q"": 0.02, ""c"": 0.091, ""capture"": 0.219, ""share"": 0.474, ""miss_deg"": 1.74, ""labels"": [259]}, {""name"": ""球M"", ""m"": 7.42293, ""q"": 0.0191, ""c"": 0.091, ""capture"": 0.209, ""share"": 0.452, ""miss_deg"": 1.77, ""labels"": [261]}, {""name"": ""球R"", ""m"": 0.88914, ""q"": 0.0023, ""c"": 0.091, ""capture"": 0.025, ""share"": 0.054, ""miss_deg"": 2.72, ""labels"": [263]}, {""name"": ""水瓶"", ""m"": 0.30517, ""q"": 0.0008, ""c"": 0.5232, ""capture"": 0.001, ""share"": 0.019, ""miss_deg"": 3.61, ""labels"": [30]}, {""name"": ""苹果红"", ""m"": 0.02349, ""q"": 0.0001, ""c"": 0.1369, ""capture"": 0.0, ""share"": 0.001, ""miss_deg"": 3.93, ""labels"": [260]}]"
2026_08_25/c1_2,c4,v9,,vis,85.89,89.25,3.36,4.261,球M,261,0.47,0.0226,0.248,0.661,0.66,0.952,object#24,389.6407,1,0,,,,5,"[{""name"": ""球M"", ""m"": 8.80277, ""q"": 0.0226, ""c"": 0.091, ""capture"": 0.248, ""share"": 0.47, ""miss_deg"": 1.67, ""labels"": [261]}, {""name"": ""球L"", ""m"": 5.80731, ""q"": 0.0149, ""c"": 0.091, ""capture"": 0.164, ""share"": 0.31, ""miss_deg"": 1.9, ""labels"": [259]}, {""name"": ""球R"", ""m"": 3.24364, ""q"": 0.0083, ""c"": 0.091, ""capture"": 0.091, ""share"": 0.173, ""miss_deg"": 2.19, ""labels"": [263]}, {""name"": ""水瓶"", ""m"": 0.69614, ""q"": 0.0018, ""c"": 0.5232, ""capture"": 0.003, ""share"": 0.037, ""miss_deg"": 3.37, ""labels"": [30]}, {""name"": ""白杯1"", ""m"": 0.19435, ""q"": 0.0005, ""c"": 0.2062, ""capture"": 0.002, ""share"": 0.01, ""miss_deg"": 3.47, ""labels"": [266]}]"
2026_08_25/c1_2,c4,v9,,vis,89.3,92.66,3.36,4.273,球M,261,0.512,0.0143,0.157,0.637,0.635,0.972,object#24,389.6407,0,0,10,球M,1,5,"[{""name"": ""球M"", ""m"": 5.58375, ""q"": 0.0143, ""c"": 0.091, ""capture"": 0.157, ""share"": 0.512, ""miss_deg"": 1.92, ""labels"": [261]}, {""name"": ""球R"", ""m"": 3.54228, ""q"": 0.0091, ""c"": 0.091, ""capture"": 0.1, ""share"": 0.325, ""miss_deg"": 2.15, ""labels"": [263]}, {""name"": ""球L"", ""m"": 0.4927, ""q"": 0.0013, ""c"": 0.091, ""capture"": 0.014, ""share"": 0.045, ""miss_deg"": 2.92, ""labels"": [259]}, {""name"": ""水瓶"", ""m"": 1.25555, ""q"": 0.0032, ""c"": 0.5232, ""capture"": 0.006, ""share"": 0.115, ""miss_deg"": 3.19, ""labels"": [30]}, {""name"": ""白杯1"", ""m"": 0.02331, ""q"": 0.0001, ""c"": 0.2062, ""capture"": 0.0, ""share"": 0.002, ""miss_deg"": 4.04, ""labels"": [266]}]"
2026_08_25/c1_2,c4,v9,,vis,92.71,94.18,1.46,4.244,球L,259,0.447,0.0272,0.299,0.993,0.993,0.939,物品台,389.6407,0,0,,,,6,"[{""name"": ""球L"", ""m"": 10.60953, ""q"": 0.0272, ""c"": 0.091, ""capture"": 0.299, ""share"": 0.447, ""miss_deg"": 1.55, ""labels"": [259]}, {""name"": ""球M"", ""m"": 10.54494, ""q"": 0.0271, ""c"": 0.091, ""capture"": 0.297, ""share"": 0.444, ""miss_deg"": 1.56, ""labels"": [261]}, {""name"": ""球R"", ""m"": 1.80216, ""q"": 0.0046, ""c"": 0.091, ""capture"": 0.051, ""share"": 0.076, ""miss_deg"": 2.44, ""labels"": [263]}, {""name"": ""水瓶"", ""m"": 0.63576, ""q"": 0.0016, ""c"": 0.5338, ""capture"": 0.003, ""share"": 0.027, ""miss_deg"": 3.4, ""labels"": [30]}, {""name"": ""苹果红"", ""m"": 0.06944, ""q"": 0.0002, ""c"": 0.1369, ""capture"": 0.001, ""share"": 0.003, ""miss_deg"": 3.65, ""labels"": [260]}, {""name"": ""白杯1"", ""m"": 0.09526, ""q"": 0.0002, ""c"": 0.2062, ""capture"": 0.001, ""share"": 0.004, ""miss_deg"": 3.67, ""labels"": [266]}]"
2026_08_25/c1_2,c4,v9,,vis,94.4,99.87,5.47,4.223,球L,259,0.435,0.0919,1.009,0.619,0.618,0.789,物品台,389.6407,1,0,11,球L,1,9,"[{""name"": ""球L"", ""m"": 35.79237, ""q"": 0.0919, ""c"": 0.091, ""capture"": 1.009, ""share"": 0.435, ""miss_deg"": 0.0, ""labels"": [259]}, {""name"": ""球M"", ""m"": 22.16945, ""q"": 0.0569, ""c"": 0.091, ""capture"": 0.625, ""share"": 0.269, ""miss_deg"": 0.97, ""labels"": [261]}, {""name"": ""苹果红"", ""m"": 7.94997, ""q"": 0.0204, ""c"": 0.1369, ""capture"": 0.149, ""share"": 0.097, ""miss_deg"": 1.95, ""labels"": [260]}, {""name"": ""球R"", ""m"": 4.49203, ""q"": 0.0115, ""c"": 0.091, ""capture"": 0.127, ""share"": 0.055, ""miss_deg"": 2.03, ""labels"": [263]}, {""name"": ""白杯1"", ""m"": 3.28817, ""q"": 0.0084, ""c"": 0.2062, ""capture"": 0.041, ""share"": 0.04, ""miss_deg"": 2.53, ""labels"": [266]}, {""name"": ""水瓶"", ""m"": 7.62462, ""q"": 0.0196, ""c"": 0.5338, ""capture"": 0.037, ""share"": 0.093, ""miss_deg"": 2.57, ""labels"": [30]}, {""name"": ""白杯2"", ""m"": 0.87172, ""q"": 0.0022, ""c"": 0.1636, ""capture"": 0.014, ""share"": 0.011, ""miss_deg"": 2.93, ""labels"": [267]}, {""name"": ""红杯"", ""m"": 0.07628, ""q"": 0.0002, ""c"": 0.3157, ""capture"": 0.001, ""share"": 0.001, ""miss_deg"": 3.84, ""labels"": [49]}, {""name"": ""苹果粉"", ""m"": 0.0178, ""q"": 0.0, ""c"": 0.1892, ""capture"": 0.0, ""share"": 0.0, ""miss_deg"": 4.08, ""labels"": [64]}]"
2026_08_25/c1_2,c4,v9,,vis,100.18,106.41,6.23,4.255,球M,261,0.335,0.0823,0.905,0.918,0.919,0.754,物品台,389.6407,0,0,12,球M,1,9,"[{""name"": ""球M"", ""m"": 32.07073, ""q"": 0.0823, ""c"": 0.091, ""capture"": 0.905, ""share"": 0.335, ""miss_deg"": 0.45, ""labels"": [261]}, {""name"": ""球L"", ""m"": 29.44959, ""q"": 0.0756, ""c"": 0.091, ""capture"": 0.831, ""share"": 0.308, ""miss_deg"": 0.61, ""labels"": [259]}, {""name"": ""球R"", ""m"": 12.48584, ""q"": 0.032, ""c"": 0.091, ""capture"": 0.352, ""share"": 0.13, ""miss_deg"": 1.44, ""labels"": [263]}, {""name"": ""白杯1"", ""m"": 5.98366, ""q"": 0.0154, ""c"": 0.2062, ""capture"": 0.074, ""share"": 0.062, ""miss_deg"": 2.28, ""labels"": [266]}, {""name"": ""白杯2"", ""m"": 4.31268, ""q"": 0.0111, ""c"": 0.1636, ""capture"": 0.068, ""share"": 0.045, ""miss_deg"": 2.32, ""labels"": [267]}, {""name"": ""水瓶"", ""m"": 9.0396, ""q"": 0.0232, ""c"": 0.5232, ""capture"": 0.044, ""share"": 0.094, ""miss_deg"": 2.5, ""labels"": [30]}, {""name"": ""苹果红"", ""m"": 2.32673, ""q"": 0.006, ""c"": 0.1369, ""capture"": 0.044, ""share"": 0.024, ""miss_deg"": 2.5, ""labels"": [260]}, {""name"": ""红杯"", ""m"": 0.08877, ""q"": 0.0002, ""c"": 0.3157, ""capture"": 0.001, ""share"": 0.001, ""miss_deg"": 3.8, ""labels"": [49]}, {""name"": ""香蕉"", ""m"": 0.00075, ""q"": 0.0, ""c"": 0.6512, ""capture"": 0.0, ""share"": 0.0, ""miss_deg"": 5.05, ""labels"": [264]}]"
2026_08_25/c1_2,c4,v9,,vis,106.59,113.04,6.45,4.261,球R,263,0.487,0.0411,0.452,0.633,0.632,0.916,物品台,389.6407,1,0,13,球R,1,6,"[{""name"": ""球R"", ""m"": 16.02262, ""q"": 0.0411, ""c"": 0.091, ""capture"": 0.452, ""share"": 0.487, ""miss_deg"": 1.26, ""labels"": [263]}, {""name"": ""球M"", ""m"": 10.14266, ""q"": 0.026, ""c"": 0.091, ""capture"": 0.286, ""share"": 0.308, ""miss_deg"": 1.58, ""labels"": [261]}, {""name"": ""白杯2"", ""m"": 2.28029, ""q"": 0.0059, ""c"": 0.1636, ""capture"": 0.036, ""share"": 0.069, ""miss_deg"": 2.58, ""labels"": [267]}, {""name"": ""水瓶"", ""m"": 3.82808, ""q"": 0.0098, ""c"": 0.5232, ""capture"": 0.019, ""share"": 0.116, ""miss_deg"": 2.82, ""labels"": [30]}, {""name"": ""白杯1"", ""m"": 0.54111, ""q"": 0.0014, ""c"": 0.2062, ""capture"": 0.007, ""share"": 0.016, ""miss_deg"": 3.16, ""labels"": [266]}, {""name"": ""球L"", ""m"": 0.08117, ""q"": 0.0002, ""c"": 0.091, ""capture"": 0.002, ""share"": 0.002, ""miss_deg"": 3.49, ""labels"": [259]}]"
2026_08_25/c1_2,c4,v9,,vis,113.25,115.26,2.0,4.245,球M,261,0.357,0.0835,0.917,0.712,0.711,0.766,物品台,389.6407,1,0,,,,7,"[{""name"": ""球M"", ""m"": 32.52615, ""q"": 0.0835, ""c"": 0.091, ""capture"": 0.917, ""share"": 0.357, ""miss_deg"": 0.42, ""labels"": [261]}, {""name"": ""球L"", ""m"": 23.16762, ""q"": 0.0595, ""c"": 0.091, ""capture"": 0.653, ""share"": 0.254, ""miss_deg"": 0.92, ""labels"": [259]}, {""name"": ""球R"", ""m"": 17.66593, ""q"": 0.0453, ""c"": 0.091, ""capture"": 0.498, ""share"": 0.194, ""miss_deg"": 1.18, ""labels"": [263]}, {""name"": ""白杯2"", ""m"": 5.0187, ""q"": 0.0129, ""c"": 0.1636, ""capture"": 0.079, ""share"": 0.055, ""miss_deg"": 2.25, ""labels"": [267]}, {""name"": ""白杯1"", ""m"": 5.68589, ""q"": 0.0146, ""c"": 0.2062, ""capture"": 0.071, ""share"": 0.062, ""miss_deg"": 2.3, ""labels"": [266]}, {""name"": ""水瓶"", ""m"": 6.89807, ""q"": 0.0177, ""c"": 0.5232, ""capture"": 0.034, ""share"": 0.076, ""miss_deg"": 2.6, ""labels"": [30]}, {""name"": ""苹果红"", ""m"": 0.15262, ""q"": 0.0004, ""c"": 0.1369, ""capture"": 0.003, ""share"": 0.002, ""miss_deg"": 3.42, ""labels"": [260]}]"
2026_08_25/c1_2,c4,v9,,vis,115.56,116.7,1.14,4.259,球M,261,0.4,0.0578,0.635,0.66,0.66,0.855,物品台,389.6407,1,0,14,球M,1,6,"[{""name"": ""球M"", ""m"": 22.51803, ""q"": 0.0578, ""c"": 0.091, ""capture"": 0.635, ""share"": 0.4, ""miss_deg"": 0.95, ""labels"": [261]}, {""name"": ""球R"", ""m"": 14.85297, ""q"": 0.0381, ""c"": 0.091, ""capture"": 0.419, ""share"": 0.264, ""miss_deg"": 1.32, ""labels"": [263]}, {""name"": ""球L"", ""m"": 11.62089, ""q"": 0.0298, ""c"": 0.091, ""capture"": 0.328, ""share"": 0.206, ""miss_deg"": 1.49, ""labels"": [259]}, {""name"": ""白杯2"", ""m"": 2.30758, ""q"": 0.0059, ""c"": 0.1636, ""capture"": 0.036, ""share"": 0.041, ""miss_deg"": 2.58, ""labels"": [267]}, {""name"": ""白杯1"", ""m"": 2.30137, ""q"": 0.0059, ""c"": 0.2062, ""capture"": 0.029, ""share"": 0.041, ""miss_deg"": 2.67, ""labels"": [266]}, {""name"": ""水瓶"", ""m"": 2.72139, ""q"": 0.007, ""c"": 0.5232, ""capture"": 0.013, ""share"": 0.048, ""miss_deg"": 2.94, ""labels"": [30]}]"
2026_08_25/c1_2,c4,v9,,vis,116.87,120.66,3.79,4.259,球M,261,0.382,0.0668,0.734,0.707,0.707,0.825,物品台,389.6407,1,0,14,球M,1,7,"[{""name"": ""球M"", ""m"": 26.01051, ""q"": 0.0668, ""c"": 0.091, ""capture"": 0.734, ""share"": 0.382, ""miss_deg"": 0.79, ""labels"": [261]}, {""name"": ""球L"", ""m"": 18.41277, ""q"": 0.0473, ""c"": 0.091, ""capture"": 0.519, ""share"": 0.27, ""miss_deg"": 1.14, ""labels"": [259]}, {""name"": ""球R"", ""m"": 13.14797, ""q"": 0.0337, ""c"": 0.091, ""capture"": 0.371, ""share"": 0.193, ""miss_deg"": 1.41, ""labels"": [263]}, {""name"": ""白杯1"", ""m"": 3.41747, ""q"": 0.0088, ""c"": 0.2062, ""capture"": 0.043, ""share"": 0.05, ""miss_deg"": 2.51, ""labels"": [266]}, {""name"": ""白杯2"", ""m"": 2.58102, ""q"": 0.0066, ""c"": 0.1636, ""capture"": 0.04, ""share"": 0.038, ""miss_deg"": 2.53, ""labels"": [267]}, {""name"": ""水瓶"", ""m"": 4.4387, ""q"": 0.0114, ""c"": 0.5232, ""capture"": 0.022, ""share"": 0.065, ""miss_deg"": 2.77, ""labels"": [30]}, {""name"": ""苹果红"", ""m"": 0.07698, ""q"": 0.0002, ""c"": 0.1369, ""capture"": 0.001, ""share"": 0.001, ""miss_deg"": 3.62, ""labels"": [260]}]"
2026_08_25/c1_2,c4,v9,,vis,121.06,125.72,4.66,4.26,球R,263,0.35,0.0707,0.777,0.921,0.92,0.798,物品台,389.6407,0,0,15,球R,1,6,"[{""name"": ""球R"", ""m"": 27.54716, ""q"": 0.0707, ""c"": 0.091, ""capture"": 0.777, ""share"": 0.35, ""miss_deg"": 0.71, ""labels"": [263]}, {""name"": ""球M"", ""m"": 25.39236, ""q"": 0.0652, ""c"": 0.091, ""capture"": 0.716, ""share"": 0.322, ""miss_deg"": 0.82, ""labels"": [261]}, {""name"": ""球L"", ""m"": 8.10074, ""q"": 0.0208, ""c"": 0.091, ""capture"": 0.228, ""share"": 0.103, ""miss_deg"": 1.72, ""labels"": [259]}, {""name"": ""白杯2"", ""m"": 8.72803, ""q"": 0.0224, ""c"": 0.1636, ""capture"": 0.137, ""share"": 0.111, ""miss_deg"": 1.99, ""labels"": [267]}, {""name"": ""白杯1"", ""m"": 4.7852, ""q"": 0.0123, ""c"": 0.2062, ""capture"": 0.06, ""share"": 0.061, ""miss_deg"": 2.38, ""labels"": [266]}, {""name"": ""水瓶"", ""m"": 4.19008, ""q"": 0.0108, ""c"": 0.5232, ""capture"": 0.021, ""share"": 0.053, ""miss_deg"": 2.79, ""labels"": [30]}]"
2026_08_25/c1_2,c4,v9,,vis,125.78,126.21,0.43,4.256,球R,263,0.527,0.0224,0.246,0.443,0.442,0.958,物品台,389.6407,1,1,15,球R,1,5,"[{""name"": ""球R"", ""m"": 8.72374, ""q"": 0.0224, ""c"": 0.091, ""capture"": 0.246, ""share"": 0.527, ""miss_deg"": 1.67, ""labels"": [263]}, {""name"": ""球M"", ""m"": 3.86629, ""q"": 0.0099, ""c"": 0.091, ""capture"": 0.109, ""share"": 0.233, ""miss_deg"": 2.11, ""labels"": [261]}, {""name"": ""水瓶"", ""m"": 3.46247, ""q"": 0.0089, ""c"": 0.5232, ""capture"": 0.017, ""share"": 0.209, ""miss_deg"": 2.85, ""labels"": [30]}, {""name"": ""白杯2"", ""m"": 0.505, ""q"": 0.0013, ""c"": 0.1636, ""capture"": 0.008, ""share"": 0.03, ""miss_deg"": 3.11, ""labels"": [267]}, {""name"": ""白杯1"", ""m"": 0.00133, ""q"": 0.0, ""c"": 0.2062, ""capture"": 0.0, ""share"": 0.0, ""miss_deg"": 4.69, ""labels"": [266]}]"
2026_08_25/c1_2,c4,v9,,vis,128.24,128.83,0.6,2.029,,-1,0.0,0.0,,,,1.0,object#14,389.6407,0,0,,,,0,[]
2026_08_25/c1_2,c4,v9,,vis,129.1,129.75,0.65,1.662,,-1,0.0,0.0,,,,1.0,object#14,389.6407,0,0,,,,0,[]
2026_08_25/c1_2,c4,v9,,vis,130.35,130.73,0.38,1.396,,-1,0.0,0.0,,,,1.0,object#26,389.6407,0,0,,,,0,[]
2026_08_25/c1_2,c4,v9,,vis,131.69,132.45,0.76,0.77,,-1,0.0,0.0,,,,1.0,object#14,389.6407,0,0,,,,0,[]
2026_08_25/c1_3,c4,v9,,vis,6.09,7.06,0.97,3.693,球M,261,0.397,0.1037,0.946,0.73,0.793,0.739,物品台,389.6407,0,0,,,,7,"[{""name"": ""球M"", ""m"": 40.40291, ""q"": 0.1037, ""c"": 0.1097, ""capture"": 0.946, ""share"": 0.397, ""miss_deg"": 0.33, ""labels"": [261]}, {""name"": ""球L"", ""m"": 31.97941, ""q"": 0.0821, ""c"": 0.1188, ""capture"": 0.691, ""share"": 0.315, ""miss_deg"": 0.86, ""labels"": [259]}, {""name"": ""球R"", ""m"": 13.46324, ""q"": 0.0346, ""c"": 0.1188, ""capture"": 0.291, ""share"": 0.132, ""miss_deg"": 1.57, ""labels"": [263]}, {""name"": ""白杯1"", ""m"": 6.09894, ""q"": 0.0157, ""c"": 0.2704, ""capture"": 0.058, ""share"": 0.06, ""miss_deg"": 2.39, ""labels"": [266]}, {""name"": ""白杯2"", ""m"": 2.84225, ""q"": 0.0073, ""c"": 0.2228, ""capture"": 0.033, ""share"": 0.028, ""miss_deg"": 2.62, ""labels"": [267]}, {""name"": ""水瓶"", ""m"": 6.72335, ""q"": 0.0173, ""c"": 0.6386, ""capture"": 0.027, ""share"": 0.066, ""miss_deg"": 2.69, ""labels"": [30]}, {""name"": ""苹果红"", ""m"": 0.13904, ""q"": 0.0004, ""c"": 0.1636, ""capture"": 0.002, ""share"": 0.001, ""miss_deg"": 3.5, ""labels"": [260]}]"
2026_08_25/c1_3,c4,v9,,vis,7.65,8.14,0.49,2.9,,-1,0.0,0.0,,,,1.0,object#26,389.6407,0,0,,,,0,[]
2026_08_25/c1_3,c4,v9,,vis,8.41,9.6,1.19,2.902,,-1,0.0,0.0,,,,1.0,object#26,389.6407,0,0,,,,0,[]
2026_08_25/c1_3,c4,v9,,vis,9.96,10.45,0.49,5.226,,-1,0.0,0.0,,,,1.0,object#15,389.6407,0,0,,,,0,[]
2026_08_25/c1_3,c4,v9,,vis,10.56,11.26,0.7,6.666,,-1,0.0,0.0,,,,1.0,object#161,389.6407,0,0,,,,0,[]
2026_08_25/c1_3,c4,v9,,vis,11.42,11.92,0.5,5.276,,-1,0.0,0.0,,,,1.0,object#15,389.6407,0,0,,,,0,[]
2026_08_25/c1_3,c4,v9,,vis,12.28,12.68,0.4,2.945,,-1,0.0,0.0,,,,1.0,object#26,389.6407,0,0,,,,0,[]
2026_08_25/c1_3,c4,v9,,vis,12.73,14.23,1.5,2.905,,-1,0.0,0.0,,,,1.0,object#26,389.6407,0,0,,,,0,[]
2026_08_25/c1_3,c4,v9,,vis,14.84,15.84,1.0,3.732,球L,259,0.624,0.0847,0.713,0.342,0.316,0.864,物品台,389.6407,1,1,1,球L,1,7,"[{""name"": ""球L"", ""m"": 33.00043, ""q"": 0.0847, ""c"": 0.1188, ""capture"": 0.713, ""share"": 0.624, ""miss_deg"": 0.82, ""labels"": [259]}, {""name"": ""球M"", ""m"": 10.42005, ""q"": 0.0267, ""c"": 0.1097, ""capture"": 0.244, ""share"": 0.197, ""miss_deg"": 1.68, ""labels"": [261]}, {""name"": ""苹果红"", ""m"": 5.47698, ""q"": 0.0141, ""c"": 0.1636, ""capture"": 0.086, ""share"": 0.104, ""miss_deg"": 2.22, ""labels"": [260]}, {""name"": ""水瓶"", ""m"": 3.19383, ""q"": 0.0082, ""c"": 0.6212, ""capture"": 0.013, ""share"": 0.06, ""miss_deg"": 2.94, ""labels"": [30]}, {""name"": ""球R"", ""m"": 0.42127, ""q"": 0.0011, ""c"": 0.1188, ""capture"": 0.009, ""share"": 0.008, ""miss_deg"": 3.07, ""labels"": [263]}, {""name"": ""白杯1"", ""m"": 0.30382, ""q"": 0.0008, ""c"": 0.2548, ""capture"": 0.003, ""share"": 0.006, ""miss_deg"": 3.4, ""labels"": [266]}, {""name"": ""苹果粉"", ""m"": 0.08872, ""q"": 0.0002, ""c"": 0.2309, ""capture"": 0.001, ""share"": 0.002, ""miss_deg"": 3.72, ""labels"": [64]}]"
2026_08_25/c1_3,c4,v9,,vis,16.0,16.8,0.8,3.728,球L,259,0.781,0.0248,0.209,0.268,0.247,0.968,物品台,389.6407,1,1,1,球L,1,4,"[{""name"": ""球L"", ""m"": 9.66294, ""q"": 0.0248, ""c"": 0.1188, ""capture"": 0.209, ""share"": 0.781, ""miss_deg"": 1.77, ""labels"": [259]}, {""name"": ""球M"", ""m"": 2.3921, ""q"": 0.0061, ""c"": 0.1097, ""capture"": 0.056, ""share"": 0.193, ""miss_deg"": 2.4, ""labels"": [261]}, {""name"": ""苹果红"", ""m"": 0.25446, ""q"": 0.0007, ""c"": 0.1636, ""capture"": 0.004, ""share"": 0.021, ""miss_deg"": 3.32, ""labels"": [260]}, {""name"": ""水瓶"", ""m"": 0.06506, ""q"": 0.0002, ""c"": 0.6212, ""capture"": 0.0, ""share"": 0.005, ""miss_deg"": 4.06, ""labels"": [30]}]"
2026_08_25/c1_3,c4,v9,,vis,16.85,17.45,0.6,3.719,球L,259,0.769,0.0342,0.288,0.125,0.173,0.956,object#35,389.6407,1,1,1,球L,1,5,"[{""name"": ""球L"", ""m"": 13.32471, ""q"": 0.0342, ""c"": 0.1188, ""capture"": 0.288, ""share"": 0.769, ""miss_deg"": 1.58, ""labels"": [259]}, {""name"": ""苹果红"", ""m"": 2.30582, ""q"": 0.0059, ""c"": 0.1636, ""capture"": 0.036, ""share"": 0.133, ""miss_deg"": 2.58, ""labels"": [260]}, {""name"": ""球M"", ""m"": 1.36269, ""q"": 0.0035, ""c"": 0.1097, ""capture"": 0.032, ""share"": 0.079, ""miss_deg"": 2.63, ""labels"": [261]}, {""name"": ""水瓶"", ""m"": 0.2779, ""q"": 0.0007, ""c"": 0.6212, ""capture"": 0.001, ""share"": 0.016, ""miss_deg"": 3.68, ""labels"": [30]}, {""name"": ""苹果粉"", ""m"": 0.04558, ""q"": 0.0001, ""c"": 0.2309, ""capture"": 0.001, ""share"": 0.003, ""miss_deg"": 3.9, ""labels"": [64]}]"
2026_08_25/c1_3,c4,v9,,vis,17.5,17.75,0.25,3.544,球L,259,0.901,0.0031,0.021,0.0,0.087,0.997,object#35,389.6407,0,0,1,球L,1,3,"[{""name"": ""球L"", ""m"": 1.21489, ""q"": 0.0031, ""c"": 0.1459, ""capture"": 0.021, ""share"": 0.901, ""miss_deg"": 2.77, ""labels"": [259]}, {""name"": ""水瓶"", ""m"": 0.10503, ""q"": 0.0003, ""c"": 0.6676, ""capture"": 0.0, ""share"": 0.078, ""miss_deg"": 3.95, ""labels"": [30]}, {""name"": ""苹果粉"", ""m"": 0.02883, ""q"": 0.0001, ""c"": 0.2548, ""capture"": 0.0, ""share"": 0.021, ""miss_deg"": 4.04, ""labels"": [64]}]"
2026_08_25/c1_3,c4,v9,,vis,18.05,18.35,0.3,3.519,球L,259,0.906,0.0071,0.049,0.02,0.091,0.992,object#35,389.6407,0,0,1,球L,1,3,"[{""name"": ""球L"", ""m"": 2.76598, ""q"": 0.0071, ""c"": 0.1459, ""capture"": 0.049, ""share"": 0.906, ""miss_deg"": 2.46, ""labels"": [259]}, {""name"": ""水瓶"", ""m"": 0.24898, ""q"": 0.0006, ""c"": 0.6716, ""capture"": 0.001, ""share"": 0.082, ""miss_deg"": 3.73, ""labels"": [30]}, {""name"": ""苹果粉"", ""m"": 0.03736, ""q"": 0.0001, ""c"": 0.2704, ""capture"": 0.0, ""share"": 0.012, ""miss_deg"": 3.99, ""labels"": [64]}]"
2026_08_25/c1_3,c4,v9,,vis,18.4,18.8,0.4,3.726,球L,259,0.681,0.0221,0.186,0.489,0.452,0.968,物品台,389.6407,0,0,1,球L,1,4,"[{""name"": ""球L"", ""m"": 8.60557, ""q"": 0.0221, ""c"": 0.1188, ""capture"": 0.186, ""share"": 0.681, ""miss_deg"": 1.83, ""labels"": [259]}, {""name"": ""球M"", ""m"": 3.88768, ""q"": 0.01, ""c"": 0.1097, ""capture"": 0.091, ""share"": 0.308, ""miss_deg"": 2.19, ""labels"": [261]}, {""name"": ""苹果红"", ""m"": 0.05639, ""q"": 0.0001, ""c"": 0.1636, ""capture"": 0.001, ""share"": 0.004, ""miss_deg"": 3.75, ""labels"": [260]}, {""name"": ""水瓶"", ""m"": 0.08184, ""q"": 0.0002, ""c"": 0.6212, ""capture"": 0.0, ""share"": 0.006, ""miss_deg"": 4.0, ""labels"": [30]}]"
2026_08_25/c1_3,c4,v9,,vis,19.1,20.85,1.75,3.734,球L,259,0.631,0.0822,0.692,0.311,0.287,0.87,物品台,389.6407,1,1,1,球L,1,7,"[{""name"": ""球L"", ""m"": 32.01957, ""q"": 0.0822, ""c"": 0.1188, ""capture"": 0.692, ""share"": 0.631, ""miss_deg"": 0.86, ""labels"": [259]}, {""name"": ""球M"", ""m"": 9.19684, ""q"": 0.0236, ""c"": 0.1097, ""capture"": 0.215, ""share"": 0.181, ""miss_deg"": 1.75, ""labels"": [261]}, {""name"": ""苹果红"", ""m"": 6.41484, ""q"": 0.0165, ""c"": 0.1636, ""capture"": 0.101, ""share"": 0.126, ""miss_deg"": 2.14, ""labels"": [260]}, {""name"": ""水瓶"", ""m"": 2.51834, ""q"": 0.0065, ""c"": 0.6212, ""capture"": 0.01, ""share"": 0.05, ""miss_deg"": 3.02, ""labels"": [30]}, {""name"": ""球R"", ""m"": 0.23074, ""q"": 0.0006, ""c"": 0.1188, ""capture"": 0.005, ""share"": 0.005, ""miss_deg"": 3.26, ""labels"": [263]}, {""name"": ""苹果粉"", ""m"": 0.19833, ""q"": 0.0005, ""c"": 0.2309, ""capture"": 0.002, ""share"": 0.004, ""miss_deg"": 3.5, ""labels"": [64]}, {""name"": ""白杯1"", ""m"": 0.15127, ""q"": 0.0004, ""c"": 0.2548, ""capture"": 0.002, ""share"": 0.003, ""miss_deg"": 3.6, ""labels"": [266]}]"
2026_08_25/c1_3,c4,v9,,vis,20.9,23.2,2.3,3.718,球L,259,0.747,0.0458,0.386,0.231,0.213,0.939,object#35,389.6407,1,1,1,球L,1,5,"[{""name"": ""球L"", ""m"": 17.84978, ""q"": 0.0458, ""c"": 0.1188, ""capture"": 0.386, ""share"": 0.747, ""miss_deg"": 1.38, ""labels"": [259]}, {""name"": ""球M"", ""m"": 3.79734, ""q"": 0.0097, ""c"": 0.1097, ""capture"": 0.089, ""share"": 0.159, ""miss_deg"": 2.2, ""labels"": [261]}, {""name"": ""苹果红"", ""m"": 1.69839, ""q"": 0.0044, ""c"": 0.1636, ""capture"": 0.027, ""share"": 0.071, ""miss_deg"": 2.69, ""labels"": [260]}, {""name"": ""水瓶"", ""m"": 0.54248, ""q"": 0.0014, ""c"": 0.6212, ""capture"": 0.002, ""share"": 0.023, ""miss_deg"": 3.49, ""labels"": [30]}, {""name"": ""苹果粉"", ""m"": 0.00481, ""q"": 0.0, ""c"": 0.2309, ""capture"": 0.0, ""share"": 0.0, ""miss_deg"": 4.44, ""labels"": [64]}]"
2026_08_25/c1_3,c4,v9,,vis,23.3,23.8,0.5,3.717,球L,259,0.941,0.0099,0.084,0.036,0.05,0.989,object#35,389.6407,0,0,1,球L,1,4,"[{""name"": ""球L"", ""m"": 3.8669, ""q"": 0.0099, ""c"": 0.1188, ""capture"": 0.084, ""share"": 0.941, ""miss_deg"": 2.23, ""labels"": [259]}, {""name"": ""苹果红"", ""m"": 0.19292, ""q"": 0.0005, ""c"": 0.1636, ""capture"": 0.003, ""share"": 0.047, ""miss_deg"": 3.41, ""labels"": [260]}, {""name"": ""水瓶"", ""m"": 0.04778, ""q"": 0.0001, ""c"": 0.6299, ""capture"": 0.0, ""share"": 0.012, ""miss_deg"": 4.13, ""labels"": [30]}, {""name"": ""苹果粉"", ""m"": 0.00111, ""q"": 0.0, ""c"": 0.2309, ""capture"": 0.0, ""share"": 0.0, ""miss_deg"": 4.75, ""labels"": [64]}]"
2026_08_25/c1_3,c4,v9,,vis,24.06,25.06,1.0,3.74,球M,261,0.539,0.0437,0.398,0.379,0.412,0.919,物品台,389.6407,1,1,4,球M,1,5,"[{""name"": ""球M"", ""m"": 17.0232, ""q"": 0.0437, ""c"": 0.1097, ""capture"": 0.398, ""share"": 0.539, ""miss_deg"": 1.36, ""labels"": [261]}, {""name"": ""球L"", ""m"": 6.99467, ""q"": 0.018, ""c"": 0.1188, ""capture"": 0.151, ""share"": 0.222, ""miss_deg"": 1.94, ""labels"": [259]}, {""name"": ""球R"", ""m"": 6.36047, ""q"": 0.0163, ""c"": 0.1188, ""capture"": 0.137, ""share"": 0.202, ""miss_deg"": 1.99, ""labels"": [263]}, {""name"": ""白杯1"", ""m"": 0.43239, ""q"": 0.0011, ""c"": 0.2548, ""capture"": 0.004, ""share"": 0.014, ""miss_deg"": 3.3, ""labels"": [266]}, {""name"": ""水瓶"", ""m"": 0.75173, ""q"": 0.0019, ""c"": 0.6212, ""capture"": 0.003, ""share"": 0.024, ""miss_deg"": 3.4, ""labels"": [30]}]"
2026_08_25/c1_3,c4,v9,,vis,25.11,28.56,3.45,3.751,球M,261,0.399,0.0604,0.55,0.971,1.05,0.849,物品台,389.6407,0,0,4,球M,1,6,"[{""name"": ""球M"", ""m"": 23.51826, ""q"": 0.0604, ""c"": 0.1097, ""capture"": 0.55, ""share"": 0.399, ""miss_deg"": 1.09, ""labels"": [261]}, {""name"": ""球R"", ""m"": 24.69338, ""q"": 0.0634, ""c"": 0.1188, ""capture"": 0.534, ""share"": 0.419, ""miss_deg"": 1.12, ""labels"": [263]}, {""name"": ""球L"", ""m"": 2.9599, ""q"": 0.0076, ""c"": 0.1188, ""capture"": 0.064, ""share"": 0.05, ""miss_deg"": 2.35, ""labels"": [259]}, {""name"": ""白杯2"", ""m"": 3.47496, ""q"": 0.0089, ""c"": 0.2228, ""capture"": 0.04, ""share"": 0.059, ""miss_deg"": 2.54, ""labels"": [267]}, {""name"": ""白杯1"", ""m"": 2.26961, ""q"": 0.0058, ""c"": 0.2548, ""capture"": 0.023, ""share"": 0.039, ""miss_deg"": 2.75, ""labels"": [266]}, {""name"": ""水瓶"", ""m"": 1.97897, ""q"": 0.0051, ""c"": 0.6212, ""capture"": 0.008, ""share"": 0.034, ""miss_deg"": 3.1, ""labels"": [30]}]"
2026_08_25/c1_3,c4,v9,,vis,28.61,31.01,2.4,3.755,球M,261,0.453,0.0633,0.577,0.627,0.678,0.86,物品台,389.6407,1,0,4,球M,1,6,"[{""name"": ""球M"", ""m"": 24.67265, ""q"": 0.0633, ""c"": 0.1097, ""capture"": 0.577, ""share"": 0.453, ""miss_deg"": 1.05, ""labels"": [261]}, {""name"": ""球R"", ""m"": 16.75207, ""q"": 0.043, ""c"": 0.1188, ""capture"": 0.362, ""share"": 0.307, ""miss_deg"": 1.43, ""labels"": [263]}, {""name"": ""球L"", ""m"": 7.05561, ""q"": 0.0181, ""c"": 0.1188, ""capture"": 0.152, ""share"": 0.129, ""miss_deg"": 1.94, ""labels"": [259]}, {""name"": ""白杯2"", ""m"": 2.18151, ""q"": 0.0056, ""c"": 0.2228, ""capture"": 0.025, ""share"": 0.04, ""miss_deg"": 2.71, ""labels"": [267]}, {""name"": ""白杯1"", ""m"": 2.22746, ""q"": 0.0057, ""c"": 0.2548, ""capture"": 0.022, ""share"": 0.041, ""miss_deg"": 2.76, ""labels"": [266]}, {""name"": ""水瓶"", ""m"": 1.6183, ""q"": 0.0042, ""c"": 0.6212, ""capture"": 0.007, ""share"": 0.03, ""miss_deg"": 3.16, ""labels"": [30]}]"
2026_08_25/c1_3,c4,v9,,vis,31.27,32.77,1.5,3.739,球M,261,0.373,0.0829,0.756,0.943,1.021,0.778,物品台,389.6407,0,0,4,球M,1,7,"[{""name"": ""球M"", ""m"": 32.30499, ""q"": 0.0829, ""c"": 0.1097, ""capture"": 0.756, ""share"": 0.373, ""miss_deg"": 0.75, ""labels"": [261]}, {""name"": ""球R"", ""m"": 33.00045, ""q"": 0.0847, ""c"": 0.1188, ""capture"": 0.713, ""share"": 0.381, ""miss_deg"": 0.82, ""labels"": [263]}, {""name"": ""球L"", ""m"": 5.74238, ""q"": 0.0147, ""c"": 0.1188, ""capture"": 0.124, ""share"": 0.066, ""miss_deg"": 2.04, ""labels"": [259]}, {""name"": ""白杯2"", ""m"": 8.17856, ""q"": 0.021, ""c"": 0.2228, ""capture"": 0.094, ""share"": 0.094, ""miss_deg"": 2.17, ""labels"": [267]}, {""name"": ""白杯1"", ""m"": 4.89783, ""q"": 0.0126, ""c"": 0.2548, ""capture"": 0.049, ""share"": 0.057, ""miss_deg"": 2.45, ""labels"": [266]}, {""name"": ""水瓶"", ""m"": 2.47747, ""q"": 0.0064, ""c"": 0.6212, ""capture"": 0.01, ""share"": 0.029, ""miss_deg"": 3.03, ""labels"": [30]}, {""name"": ""红杯"", ""m"": 0.00106, ""q"": 0.0, ""c"": 0.3986, ""capture"": 0.0, ""share"": 0.0, ""miss_deg"": 4.88, ""labels"": [49]}]"
2026_08_25/c1_3,c4,v9,,vis,32.95,33.2,0.25,3.746,球M,261,0.464,0.0722,0.658,0.532,0.575,0.845,物品台,389.6407,1,0,4,球M,1,7,"[{""name"": ""球M"", ""m"": 28.12473, ""q"": 0.0722, ""c"": 0.1097, ""capture"": 0.658, ""share"": 0.464, ""miss_deg"": 0.91, ""labels"": [261]}, {""name"": ""球L"", ""m"": 16.18485, ""q"": 0.0415, ""c"": 0.1188, ""capture"": 0.35, ""share"": 0.267, ""miss_deg"": 1.45, ""labels"": [259]}, {""name"": ""球R"", ""m"": 11.07287, ""q"": 0.0284, ""c"": 0.1188, ""capture"": 0.239, ""share"": 0.183, ""miss_deg"": 1.69, ""labels"": [263]}, {""name"": ""白杯1"", ""m"": 2.3013, ""q"": 0.0059, ""c"": 0.2548, ""capture"": 0.023, ""share"": 0.038, ""miss_deg"": 2.74, ""labels"": [266]}, {""name"": ""白杯2"", ""m"": 1.02499, ""q"": 0.0026, ""c"": 0.2228, ""capture"": 0.012, ""share"": 0.017, ""miss_deg"": 2.98, ""labels"": [267]}, {""name"": ""水瓶"", ""m"": 1.86975, ""q"": 0.0048, ""c"": 0.6212, ""capture"": 0.008, ""share"": 0.031, ""miss_deg"": 3.12, ""labels"": [30]}, {""name"": ""红杯"", ""m"": 0.00083, ""q"": 0.0, ""c"": 0.3986, ""capture"": 0.0, ""share"": 0.0, ""miss_deg"": 4.93, ""labels"": [49]}]"
2026_08_25/c1_3,c4,v9,,vis,33.25,37.45,4.2,3.729,球M,261,0.372,0.1338,1.22,0.563,0.61,0.64,物品台,389.6407,1,0,4,球M,1,7,"[{""name"": ""球M"", ""m"": 52.13739, ""q"": 0.1338, ""c"": 0.1097, ""capture"": 1.22, ""share"": 0.372, ""miss_deg"": 0.0, ""labels"": [261]}, {""name"": ""球L"", ""m"": 31.81069, ""q"": 0.0816, ""c"": 0.1188, ""capture"": 0.687, ""share"": 0.227, ""miss_deg"": 0.87, ""labels"": [259]}, {""name"": ""球R"", ""m"": 23.94287, ""q"": 0.0614, ""c"": 0.1188, ""capture"": 0.517, ""share"": 0.171, ""miss_deg"": 1.15, ""labels"": [263]}, {""name"": ""白杯2"", ""m"": 10.472, ""q"": 0.0269, ""c"": 0.2228, ""capture"": 0.121, ""share"": 0.075, ""miss_deg"": 2.06, ""labels"": [267]}, {""name"": ""白杯1"", ""m"": 11.15917, ""q"": 0.0286, ""c"": 0.2548, ""capture"": 0.112, ""share"": 0.08, ""miss_deg"": 2.09, ""labels"": [266]}, {""name"": ""水瓶"", ""m"": 10.62466, ""q"": 0.0273, ""c"": 0.6212, ""capture"": 0.044, ""share"": 0.076, ""miss_deg"": 2.5, ""labels"": [30]}, {""name"": ""苹果红"", ""m"": 0.06409, ""q"": 0.0002, ""c"": 0.1636, ""capture"": 0.001, ""share"": 0.0, ""miss_deg"": 3.72, ""labels"": [260]}]"
2026_08_25/c1_3,c4,v9,,vis,37.62,42.52,4.9,3.734,球L,259,0.381,0.1286,1.083,0.852,0.787,0.663,物品台,389.6407,0,0,6,球L,1,9,"[{""name"": ""球L"", ""m"": 50.11003, ""q"": 0.1286, ""c"": 0.1188, ""capture"": 1.083, ""share"": 0.381, ""miss_deg"": 0.0, ""labels"": [259]}, {""name"": ""球M"", ""m"": 39.44695, ""q"": 0.1012, ""c"": 0.1097, ""capture"": 0.923, ""share"": 0.3, ""miss_deg"": 0.4, ""labels"": [261]}, {""name"": ""球R"", ""m"": 9.36555, ""q"": 0.024, ""c"": 0.1188, ""capture"": 0.202, ""share"": 0.071, ""miss_deg"": 1.79, ""labels"": [263]}, {""name"": ""白杯1"", ""m"": 8.94925, ""q"": 0.023, ""c"": 0.2548, ""capture"": 0.09, ""share"": 0.068, ""miss_deg"": 2.19, ""labels"": [266]}, {""name"": ""苹果红"", ""m"": 4.91845, ""q"": 0.0126, ""c"": 0.1636, ""capture"": 0.077, ""share"": 0.037, ""miss_deg"": 2.26, ""labels"": [260]}, {""name"": ""水瓶"", ""m"": 15.0126, ""q"": 0.0385, ""c"": 0.6212, ""capture"": 0.062, ""share"": 0.114, ""miss_deg"": 2.36, ""labels"": [30]}, {""name"": ""白杯2"", ""m"": 3.39606, ""q"": 0.0087, ""c"": 0.2228, ""capture"": 0.039, ""share"": 0.026, ""miss_deg"": 2.55, ""labels"": [267]}, {""name"": ""红杯"", ""m"": 0.19993, ""q"": 0.0005, ""c"": 0.3986, ""capture"": 0.001, ""share"": 0.002, ""miss_deg"": 3.65, ""labels"": [49]}, {""name"": ""香蕉"", ""m"": 0.02642, ""q"": 0.0001, ""c"": 0.7541, ""capture"": 0.0, ""share"": 0.0, ""miss_deg"": 4.32, ""labels"": [264]}]"
2026_08_25/c1_3,c4,v9,,vis,42.57,48.83,6.25,3.726,球M,261,0.538,0.046,0.42,0.379,0.411,0.914,物品台,389.6407,1,1,10,球M,1,5,"[{""name"": ""球M"", ""m"": 17.92892, ""q"": 0.046, ""c"": 0.1097, ""capture"": 0.42, ""share"": 0.538, ""miss_deg"": 1.32, ""labels"": [261]}, {""name"": ""球L"", ""m"": 7.35184, ""q"": 0.0189, ""c"": 0.1188, ""capture"": 0.159, ""share"": 0.221, ""miss_deg"": 1.92, ""labels"": [259]}, {""name"": ""球R"", ""m"": 6.63124, ""q"": 0.017, ""c"": 0.1188, ""capture"": 0.143, ""share"": 0.199, ""miss_deg"": 1.97, ""labels"": [263]}, {""name"": ""白杯1"", ""m"": 0.68317, ""q"": 0.0018, ""c"": 0.2548, ""capture"": 0.007, ""share"": 0.02, ""miss_deg"": 3.16, ""labels"": [266]}, {""name"": ""水瓶"", ""m"": 0.73428, ""q"": 0.0019, ""c"": 0.6212, ""capture"": 0.003, ""share"": 0.022, ""miss_deg"": 3.41, ""labels"": [30]}]"
2026_08_25/c1_3,c4,v9,,vis,48.88,51.03,2.15,3.711,球R,263,0.404,0.0987,0.831,0.918,0.849,0.756,物品台,389.6407,0,0,,,,7,"[{""name"": ""球R"", ""m"": 38.44316, ""q"": 0.0987, ""c"": 0.1188, ""capture"": 0.831, ""share"": 0.404, ""miss_deg"": 0.61, ""labels"": [263]}, {""name"": ""球M"", ""m"": 32.60162, ""q"": 0.0837, ""c"": 0.1097, ""capture"": 0.763, ""share"": 0.343, ""miss_deg"": 0.74, ""labels"": [261]}, {""name"": ""白杯2"", ""m"": 11.79294, ""q"": 0.0303, ""c"": 0.2228, ""capture"": 0.136, ""share"": 0.124, ""miss_deg"": 2.0, ""labels"": [267]}, {""name"": ""球L"", ""m"": 4.4598, ""q"": 0.0114, ""c"": 0.1188, ""capture"": 0.096, ""share"": 0.047, ""miss_deg"": 2.16, ""labels"": [259]}, {""name"": ""白杯1"", ""m"": 5.24613, ""q"": 0.0135, ""c"": 0.2704, ""capture"": 0.05, ""share"": 0.055, ""miss_deg"": 2.45, ""labels"": [266]}, {""name"": ""水瓶"", ""m"": 2.52325, ""q"": 0.0065, ""c"": 0.6299, ""capture"": 0.01, ""share"": 0.027, ""miss_deg"": 3.03, ""labels"": [30]}, {""name"": ""红杯"", ""m"": 0.00136, ""q"": 0.0, ""c"": 0.3986, ""capture"": 0.0, ""share"": 0.0, ""miss_deg"": 4.83, ""labels"": [49]}]"
2026_08_25/c1_3,c4,v9,,vis,51.28,57.63,6.35,3.709,球L,259,0.513,0.1279,1.077,0.485,0.448,0.751,物品台,389.6407,1,1,11,球L,1,9,"[{""name"": ""球L"", ""m"": 49.8425, ""q"": 0.1279, ""c"": 0.1188, ""capture"": 1.077, ""share"": 0.513, ""miss_deg"": 0.0, ""labels"": [259]}, {""name"": ""球M"", ""m"": 22.30409, ""q"": 0.0572, ""c"": 0.1097, ""capture"": 0.522, ""share"": 0.23, ""miss_deg"": 1.14, ""labels"": [261]}, {""name"": ""苹果红"", ""m"": 10.29604, ""q"": 0.0264, ""c"": 0.1636, ""capture"": 0.161, ""share"": 0.106, ""miss_deg"": 1.91, ""labels"": [260]}, {""name"": ""水瓶"", ""m"": 10.24144, ""q"": 0.0263, ""c"": 0.6299, ""capture"": 0.042, ""share"": 0.105, ""miss_deg"": 2.52, ""labels"": [30]}, {""name"": ""球R"", ""m"": 1.79202, ""q"": 0.0046, ""c"": 0.1188, ""capture"": 0.039, ""share"": 0.018, ""miss_deg"": 2.55, ""labels"": [263]}, {""name"": ""白杯1"", ""m"": 2.31971, ""q"": 0.006, ""c"": 0.2704, ""capture"": 0.022, ""share"": 0.024, ""miss_deg"": 2.76, ""labels"": [266]}, {""name"": ""白杯2"", ""m"": 0.25263, ""q"": 0.0006, ""c"": 0.2228, ""capture"": 0.003, ""share"": 0.003, ""miss_deg"": 3.42, ""labels"": [267]}, {""name"": ""苹果粉"", ""m"": 0.06165, ""q"": 0.0002, ""c"": 0.2309, ""capture"": 0.001, ""share"": 0.001, ""miss_deg"": 3.82, ""labels"": [64]}, {""name"": ""香蕉"", ""m"": 0.04165, ""q"": 0.0001, ""c"": 0.7605, ""capture"": 0.0, ""share"": 0.0, ""miss_deg"": 4.21, ""labels"": [264]}]"
2026_08_25/c1_3,c4,v9,,vis,57.87,63.57,5.7,3.735,球R,263,0.465,0.1275,1.074,0.618,0.572,0.726,物品台,389.6407,1,0,13,球R,1,6,"[{""name"": ""球R"", ""m"": 49.6878, ""q"": 0.1275, ""c"": 0.1188, ""capture"": 1.074, ""share"": 0.465, ""miss_deg"": 0.0, ""labels"": [263]}, {""name"": ""球M"", ""m"": 28.36864, ""q"": 0.0728, ""c"": 0.1097, ""capture"": 0.664, ""share"": 0.266, ""miss_deg"": 0.91, ""labels"": [261]}, {""name"": ""白杯2"", ""m"": 19.16567, ""q"": 0.0492, ""c"": 0.2228, ""capture"": 0.221, ""share"": 0.179, ""miss_deg"": 1.74, ""labels"": [267]}, {""name"": ""白杯1"", ""m"": 4.51212, ""q"": 0.0116, ""c"": 0.2548, ""capture"": 0.045, ""share"": 0.042, ""miss_deg"": 2.49, ""labels"": [266]}, {""name"": ""球L"", ""m"": 1.25536, ""q"": 0.0032, ""c"": 0.1188, ""capture"": 0.027, ""share"": 0.012, ""miss_deg"": 2.69, ""labels"": [259]}, {""name"": ""水瓶"", ""m"": 3.79092, ""q"": 0.0097, ""c"": 0.6212, ""capture"": 0.016, ""share"": 0.036, ""miss_deg"": 2.88, ""labels"": [30]}]"
2026_08_25/c1_3,c4,v9,,vis,64.27,65.07,0.8,2.884,,-1,0.0,0.0,,,,1.0,object#26,389.6407,0,0,,,,0,[]
2026_08_25/c1_3,c4,v9,,vis,65.12,65.62,0.5,2.812,,-1,0.0,0.0,,,,1.0,object#26,389.6407,0,0,,,,0,[]
2026_08_25/c1_3,c4,v9,,vis,65.67,66.02,0.35,2.364,,-1,0.0,0.0,,,,1.0,object#26,389.6407,0,0,,,,0,[]
2026_08_25/c1_3,c4,v9,,vis,66.07,67.02,0.95,2.826,,-1,0.0,0.0,,,,1.0,object#26,389.6407,0,0,,,,0,[]
2026_08_25/c1_3,c4,v9,,vis,67.6,68.85,1.25,2.83,,-1,0.0,0.0,,,,1.0,object#26,389.6407,0,0,,,,0,[]
2026_08_25/c1_3,c4,v9,,vis,69.15,70.25,1.1,2.866,,-1,0.0,0.0,,,,1.0,object#26,389.6407,0,0,,,,0,[]
2026_08_25/c1_3,c4,v9,,vis,71.03,71.28,0.25,3.723,球M,261,0.319,0.1345,1.227,0.858,0.931,0.578,物品台,389.6407,0,0,,,,8,"[{""name"": ""球M"", ""m"": 52.41278, ""q"": 0.1345, ""c"": 0.1097, ""capture"": 1.227, ""share"": 0.319, ""miss_deg"": 0.0, ""labels"": [261]}, {""name"": ""球L"", ""m"": 48.75383, ""q"": 0.1251, ""c"": 0.1188, ""capture"": 1.053, ""share"": 0.297, ""miss_deg"": 0.0, ""labels"": [259]}, {""name"": ""球R"", ""m"": 17.30733, ""q"": 0.0444, ""c"": 0.1188, ""capture"": 0.374, ""share"": 0.105, ""miss_deg"": 1.4, ""labels"": [263]}, {""name"": ""白杯1"", ""m"": 12.89769, ""q"": 0.0331, ""c"": 0.2548, ""capture"": 0.13, ""share"": 0.078, ""miss_deg"": 2.02, ""labels"": [266]}, {""name"": ""白杯2"", ""m"": 9.9463, ""q"": 0.0255, ""c"": 0.2228, ""capture"": 0.115, ""share"": 0.061, ""miss_deg"": 2.08, ""labels"": [267]}, {""name"": ""水瓶"", ""m"": 19.99942, ""q"": 0.0513, ""c"": 0.6212, ""capture"": 0.083, ""share"": 0.122, ""miss_deg"": 2.23, ""labels"": [30]}, {""name"": ""苹果红"", ""m"": 2.85918, ""q"": 0.0073, ""c"": 0.1636, ""capture"": 0.045, ""share"": 0.017, ""miss_deg"": 2.49, ""labels"": [260]}, {""name"": ""红杯"", ""m"": 0.16282, ""q"": 0.0004, ""c"": 0.3986, ""capture"": 0.001, ""share"": 0.001, ""miss_deg"": 3.7, ""labels"": [49]}]"
2026_08_25/c1_3,c4,v9,,vis,71.33,72.08,0.75,3.709,球L,259,0.501,0.1158,0.975,0.588,0.543,0.769,物品台,389.6407,1,1,,,,8,"[{""name"": ""球L"", ""m"": 45.1289, ""q"": 0.1158, ""c"": 0.1188, ""capture"": 0.975, ""share"": 0.501, ""miss_deg"": 0.22, ""labels"": [259]}, {""name"": ""球M"", ""m"": 24.49667, ""q"": 0.0629, ""c"": 0.1097, ""capture"": 0.573, ""share"": 0.272, ""miss_deg"": 1.05, ""labels"": [261]}, {""name"": ""苹果红"", ""m"": 6.31105, ""q"": 0.0162, ""c"": 0.1636, ""capture"": 0.099, ""share"": 0.07, ""miss_deg"": 2.15, ""labels"": [260]}, {""name"": ""球R"", ""m"": 2.90371, ""q"": 0.0075, ""c"": 0.1188, ""capture"": 0.063, ""share"": 0.032, ""miss_deg"": 2.35, ""labels"": [263]}, {""name"": ""水瓶"", ""m"": 8.38719, ""q"": 0.0215, ""c"": 0.6299, ""capture"": 0.034, ""share"": 0.093, ""miss_deg"": 2.6, ""labels"": [30]}, {""name"": ""白杯1"", ""m"": 2.57256, ""q"": 0.0066, ""c"": 0.2704, ""capture"": 0.024, ""share"": 0.029, ""miss_deg"": 2.72, ""labels"": [266]}, {""name"": ""白杯2"", ""m"": 0.31878, ""q"": 0.0008, ""c"": 0.2228, ""capture"": 0.004, ""share"": 0.004, ""miss_deg"": 3.35, ""labels"": [267]}, {""name"": ""苹果粉"", ""m"": 0.00117, ""q"": 0.0, ""c"": 0.2309, ""capture"": 0.0, ""share"": 0.0, ""miss_deg"": 4.74, ""labels"": [64]}]"
2026_08_25/c1_3,c4,v9,,vis,72.13,72.38,0.25,3.505,球L,259,0.567,0.0164,0.112,0.241,0.335,0.971,object#35,389.6407,0,0,,,,4,"[{""name"": ""球L"", ""m"": 6.37481, ""q"": 0.0164, ""c"": 0.1459, ""capture"": 0.112, ""share"": 0.567, ""miss_deg"": 2.09, ""labels"": [259]}, {""name"": ""苹果红"", ""m"": 2.13726, ""q"": 0.0055, ""c"": 0.2062, ""capture"": 0.027, ""share"": 0.19, ""miss_deg"": 2.69, ""labels"": [260]}, {""name"": ""苹果粉"", ""m"": 2.00469, ""q"": 0.0051, ""c"": 0.2704, ""capture"": 0.019, ""share"": 0.178, ""miss_deg"": 2.81, ""labels"": [64]}, {""name"": ""水瓶"", ""m"": 0.72496, ""q"": 0.0019, ""c"": 0.6874, ""capture"": 0.003, ""share"": 0.064, ""miss_deg"": 3.44, ""labels"": [30]}]"
2026_08_25/c1_3,c4,v9,,vis,72.43,72.88,0.45,3.728,球L,259,0.602,0.051,0.429,0.615,0.568,0.915,物品台,389.6407,1,1,,,,5,"[{""name"": ""球L"", ""m"": 19.87121, ""q"": 0.051, ""c"": 0.1188, ""capture"": 0.429, ""share"": 0.602, ""miss_deg"": 1.3, ""labels"": [259]}, {""name"": ""球M"", ""m"": 11.27693, ""q"": 0.0289, ""c"": 0.1097, ""capture"": 0.264, ""share"": 0.342, ""miss_deg"": 1.63, ""labels"": [261]}, {""name"": ""球R"", ""m"": 0.47908, ""q"": 0.0012, ""c"": 0.1188, ""capture"": 0.01, ""share"": 0.015, ""miss_deg"": 3.02, ""labels"": [263]}, {""name"": ""苹果红"", ""m"": 0.61631, ""q"": 0.0016, ""c"": 0.1636, ""capture"": 0.01, ""share"": 0.019, ""miss_deg"": 3.05, ""labels"": [260]}, {""name"": ""水瓶"", ""m"": 0.7387, ""q"": 0.0019, ""c"": 0.6212, ""capture"": 0.003, ""share"": 0.022, ""miss_deg"": 3.4, ""labels"": [30]}]"
2026_08_25/c1_3,c4,v9,,vis,73.03,73.28,0.25,3.508,球L,259,0.507,0.0155,0.106,0.302,0.389,0.969,object#35,389.6407,0,0,,,,4,"[{""name"": ""球L"", ""m"": 6.03066, ""q"": 0.0155, ""c"": 0.1459, ""capture"": 0.106, ""share"": 0.507, ""miss_deg"": 2.12, ""labels"": [259]}, {""name"": ""苹果红"", ""m"": 2.34255, ""q"": 0.006, ""c"": 0.1892, ""capture"": 0.032, ""share"": 0.197, ""miss_deg"": 2.63, ""labels"": [260]}, {""name"": ""苹果粉"", ""m"": 2.7012, ""q"": 0.0069, ""c"": 0.2704, ""capture"": 0.026, ""share"": 0.227, ""miss_deg"": 2.71, ""labels"": [64]}, {""name"": ""水瓶"", ""m"": 0.81302, ""q"": 0.0021, ""c"": 0.6874, ""capture"": 0.003, ""share"": 0.068, ""miss_deg"": 3.41, ""labels"": [30]}]"
2026_08_25/c1_3,c4,v9,,vis,73.33,75.23,1.9,3.729,球L,259,0.687,0.0455,0.383,0.193,0.266,0.934,object#35,389.6407,1,1,,,,6,"[{""name"": ""球L"", ""m"": 17.72906, ""q"": 0.0455, ""c"": 0.1188, ""capture"": 0.383, ""share"": 0.687, ""miss_deg"": 1.39, ""labels"": [259]}, {""name"": ""苹果红"", ""m"": 4.7281, ""q"": 0.0121, ""c"": 0.1636, ""capture"": 0.074, ""share"": 0.183, ""miss_deg"": 2.28, ""labels"": [260]}, {""name"": ""球M"", ""m"": 1.89056, ""q"": 0.0049, ""c"": 0.1097, ""capture"": 0.044, ""share"": 0.073, ""miss_deg"": 2.5, ""labels"": [261]}, {""name"": ""水瓶"", ""m"": 1.15232, ""q"": 0.003, ""c"": 0.6212, ""capture"": 0.005, ""share"": 0.045, ""miss_deg"": 3.27, ""labels"": [30]}, {""name"": ""苹果粉"", ""m"": 0.27989, ""q"": 0.0007, ""c"": 0.2309, ""capture"": 0.003, ""share"": 0.011, ""miss_deg"": 3.4, ""labels"": [64]}, {""name"": ""橘子"", ""m"": 0.02671, ""q"": 0.0001, ""c"": 0.1636, ""capture"": 0.0, ""share"": 0.001, ""miss_deg"": 3.94, ""labels"": [262]}]"
2026_08_25/c1_3,c4,v9,,vis,75.43,79.53,4.1,3.739,球L,259,0.558,0.093,0.783,0.305,0.419,0.833,object#35,389.6407,1,1,,,,9,"[{""name"": ""球L"", ""m"": 36.24726, ""q"": 0.093, ""c"": 0.1188, ""capture"": 0.783, ""share"": 0.558, ""miss_deg"": 0.7, ""labels"": [259]}, {""name"": ""苹果红"", ""m"": 15.21201, ""q"": 0.039, ""c"": 0.1636, ""capture"": 0.239, ""share"": 0.234, ""miss_deg"": 1.69, ""labels"": [260]}, {""name"": ""球M"", ""m"": 6.71564, ""q"": 0.0172, ""c"": 0.1097, ""capture"": 0.157, ""share"": 0.103, ""miss_deg"": 1.92, ""labels"": [261]}, {""name"": ""水瓶"", ""m"": 4.80163, ""q"": 0.0123, ""c"": 0.6212, ""capture"": 0.02, ""share"": 0.074, ""miss_deg"": 2.8, ""labels"": [30]}, {""name"": ""苹果粉"", ""m"": 1.45034, ""q"": 0.0037, ""c"": 0.2309, ""capture"": 0.016, ""share"": 0.022, ""miss_deg"": 2.87, ""labels"": [64]}, {""name"": ""橘子"", ""m"": 0.22539, ""q"": 0.0006, ""c"": 0.1636, ""capture"": 0.004, ""share"": 0.003, ""miss_deg"": 3.36, ""labels"": [262]}, {""name"": ""白杯1"", ""m"": 0.24288, ""q"": 0.0006, ""c"": 0.2548, ""capture"": 0.002, ""share"": 0.004, ""miss_deg"": 3.47, ""labels"": [266]}, {""name"": ""球R"", ""m"": 0.02216, ""q"": 0.0001, ""c"": 0.1188, ""capture"": 0.0, ""share"": 0.0, ""miss_deg"": 3.91, ""labels"": [263]}, {""name"": ""香蕉"", ""m"": 0.02331, ""q"": 0.0001, ""c"": 0.7541, ""capture"": 0.0, ""share"": 0.0, ""miss_deg"": 4.35, ""labels"": [264]}]"
2026_08_25/c1_3,c4,v9,,vis,79.8,86.45,6.65,3.751,球L,259,0.493,0.1149,0.967,0.359,0.495,0.767,物品台,389.6407,1,0,,,,9,"[{""name"": ""球L"", ""m"": 44.75248, ""q"": 0.1149, ""c"": 0.1188, ""capture"": 0.967, ""share"": 0.493, ""miss_deg"": 0.26, ""labels"": [259]}, {""name"": ""苹果红"", ""m"": 22.11827, ""q"": 0.0568, ""c"": 0.1636, ""capture"": 0.347, ""share"": 0.244, ""miss_deg"": 1.46, ""labels"": [260]}, {""name"": ""球M"", ""m"": 9.08023, ""q"": 0.0233, ""c"": 0.1097, ""capture"": 0.213, ""share"": 0.1, ""miss_deg"": 1.76, ""labels"": [261]}, {""name"": ""水瓶"", ""m"": 10.14255, ""q"": 0.026, ""c"": 0.6212, ""capture"": 0.042, ""share"": 0.112, ""miss_deg"": 2.52, ""labels"": [30]}, {""name"": ""苹果粉"", ""m"": 2.91101, ""q"": 0.0075, ""c"": 0.2309, ""capture"": 0.032, ""share"": 0.032, ""miss_deg"": 2.62, ""labels"": [64]}, {""name"": ""白杯1"", ""m"": 1.10569, ""q"": 0.0028, ""c"": 0.2548, ""capture"": 0.011, ""share"": 0.012, ""miss_deg"": 3.0, ""labels"": [266]}, {""name"": ""橘子"", ""m"": 0.41137, ""q"": 0.0011, ""c"": 0.1636, ""capture"": 0.006, ""share"": 0.005, ""miss_deg"": 3.18, ""labels"": [262]}, {""name"": ""球R"", ""m"": 0.03188, ""q"": 0.0001, ""c"": 0.1188, ""capture"": 0.001, ""share"": 0.0, ""miss_deg"": 3.82, ""labels"": [263]}, {""name"": ""香蕉"", ""m"": 0.14061, ""q"": 0.0004, ""c"": 0.7541, ""capture"": 0.0, ""share"": 0.002, ""miss_deg"": 3.91, ""labels"": [264]}]"
2026_08_25/c1_3,c4,v9,,vis,86.68,93.48,6.8,3.738,球L,259,0.377,0.1736,1.462,0.603,0.557,0.539,物品台,389.6407,1,0,,,,9,"[{""name"": ""球L"", ""m"": 67.65664, ""q"": 0.1736, ""c"": 0.1188, ""capture"": 1.462, ""share"": 0.377, ""miss_deg"": 0.0, ""labels"": [259]}, {""name"": ""球M"", ""m"": 37.67742, ""q"": 0.0967, ""c"": 0.1097, ""capture"": 0.882, ""share"": 0.21, ""miss_deg"": 0.5, ""labels"": [261]}, {""name"": ""苹果红"", ""m"": 18.49111, ""q"": 0.0475, ""c"": 0.1636, ""capture"": 0.29, ""share"": 0.103, ""miss_deg"": 1.57, ""labels"": [260]}, {""name"": ""水瓶"", ""m"": 32.00801, ""q"": 0.0821, ""c"": 0.6212, ""capture"": 0.132, ""share"": 0.178, ""miss_deg"": 2.01, ""labels"": [30]}, {""name"": ""白杯1"", ""m"": 12.94063, ""q"": 0.0332, ""c"": 0.2548, ""capture"": 0.13, ""share"": 0.072, ""miss_deg"": 2.02, ""labels"": [266]}, {""name"": ""球R"", ""m"": 5.24756, ""q"": 0.0135, ""c"": 0.1188, ""capture"": 0.113, ""share"": 0.029, ""miss_deg"": 2.09, ""labels"": [263]}, {""name"": ""白杯2"", ""m"": 4.27653, ""q"": 0.011, ""c"": 0.2228, ""capture"": 0.049, ""share"": 0.024, ""miss_deg"": 2.45, ""labels"": [267]}, {""name"": ""红杯"", ""m"": 1.26044, ""q"": 0.0032, ""c"": 0.3986, ""capture"": 0.008, ""share"": 0.007, ""miss_deg"": 3.1, ""labels"": [49]}, {""name"": ""苹果粉"", ""m"": 0.05559, ""q"": 0.0001, ""c"": 0.2309, ""capture"": 0.001, ""share"": 0.0, ""miss_deg"": 3.84, ""labels"": [64]}]"
2026_08_25/c1_3,c4,v9,,vis,93.76,100.46,6.7,3.734,球L,259,0.356,0.139,1.171,0.611,0.843,0.61,物品台,389.6407,0,0,,,,10,"[{""name"": ""球L"", ""m"": 54.17732, ""q"": 0.139, ""c"": 0.1188, ""capture"": 1.171, ""share"": 0.356, ""miss_deg"": 0.0, ""labels"": [259]}, {""name"": ""苹果红"", ""m"": 45.60016, ""q"": 0.117, ""c"": 0.1636, ""capture"": 0.715, ""share"": 0.3, ""miss_deg"": 0.82, ""labels"": [260]}, {""name"": ""球M"", ""m"": 9.35112, ""q"": 0.024, ""c"": 0.1097, ""capture"": 0.219, ""share"": 0.062, ""miss_deg"": 1.74, ""labels"": [261]}, {""name"": ""水瓶"", ""m"": 26.81705, ""q"": 0.0688, ""c"": 0.6212, ""capture"": 0.111, ""share"": 0.176, ""miss_deg"": 2.1, ""labels"": [30]}, {""name"": ""苹果粉"", ""m"": 8.77903, ""q"": 0.0225, ""c"": 0.2309, ""capture"": 0.098, ""share"": 0.058, ""miss_deg"": 2.16, ""labels"": [64]}, {""name"": ""白杯1"", ""m"": 3.58427, ""q"": 0.0092, ""c"": 0.2548, ""capture"": 0.036, ""share"": 0.024, ""miss_deg"": 2.58, ""labels"": [266]}, {""name"": ""橘子"", ""m"": 1.56893, ""q"": 0.004, ""c"": 0.1636, ""capture"": 0.025, ""share"": 0.01, ""miss_deg"": 2.72, ""labels"": [262]}, {""name"": ""红杯"", ""m"": 1.382, ""q"": 0.0035, ""c"": 0.3986, ""capture"": 0.009, ""share"": 0.009, ""miss_deg"": 3.07, ""labels"": [49]}, {""name"": ""白杯2"", ""m"": 0.24759, ""q"": 0.0006, ""c"": 0.2228, ""capture"": 0.003, ""share"": 0.002, ""miss_deg"": 3.42, ""labels"": [267]}, {""name"": ""香蕉"", ""m"": 0.54165, ""q"": 0.0014, ""c"": 0.7541, ""capture"": 0.002, ""share"": 0.004, ""miss_deg"": 3.55, ""labels"": [264]}]"
2026_08_25/c1_3,c4,v9,,vis,100.73,104.73,4.0,3.74,球L,259,0.355,0.166,1.397,0.688,0.637,0.533,物品台,389.6407,1,0,,,,10,"[{""name"": ""球L"", ""m"": 64.67242, ""q"": 0.166, ""c"": 0.1188, ""capture"": 1.397, ""share"": 0.355, ""miss_deg"": 0.0, ""labels"": [259]}, {""name"": ""球M"", ""m"": 41.06526, ""q"": 0.1054, ""c"": 0.1097, ""capture"": 0.961, ""share"": 0.226, ""miss_deg"": 0.28, ""labels"": [261]}, {""name"": ""苹果红"", ""m"": 14.15196, ""q"": 0.0363, ""c"": 0.1636, ""capture"": 0.222, ""share"": 0.078, ""miss_deg"": 1.74, ""labels"": [260]}, {""name"": ""球R"", ""m"": 7.93165, ""q"": 0.0204, ""c"": 0.1188, ""capture"": 0.171, ""share"": 0.044, ""miss_deg"": 1.88, ""labels"": [263]}, {""name"": ""白杯1"", ""m"": 14.48471, ""q"": 0.0372, ""c"": 0.2548, ""capture"": 0.146, ""share"": 0.08, ""miss_deg"": 1.96, ""labels"": [266]}, {""name"": ""水瓶"", ""m"": 32.55073, ""q"": 0.0835, ""c"": 0.6212, ""capture"": 0.134, ""share"": 0.179, ""miss_deg"": 2.0, ""labels"": [30]}, {""name"": ""白杯2"", ""m"": 6.06399, ""q"": 0.0156, ""c"": 0.2228, ""capture"": 0.07, ""share"": 0.033, ""miss_deg"": 2.31, ""labels"": [267]}, {""name"": ""红杯"", ""m"": 0.95871, ""q"": 0.0025, ""c"": 0.3986, ""capture"": 0.006, ""share"": 0.005, ""miss_deg"": 3.19, ""labels"": [49]}, {""name"": ""苹果粉"", ""m"": 0.05652, ""q"": 0.0001, ""c"": 0.2309, ""capture"": 0.001, ""share"": 0.0, ""miss_deg"": 3.84, ""labels"": [64]}, {""name"": ""香蕉"", ""m"": 0.02, ""q"": 0.0001, ""c"": 0.7541, ""capture"": 0.0, ""share"": 0.0, ""miss_deg"": 4.38, ""labels"": [264]}]"
2026_08_25/c1_3,c4,v9,,vis,104.93,107.53,2.6,3.738,球L,259,0.35,0.1716,1.445,0.704,0.651,0.51,物品台,389.6407,1,0,,,,10,"[{""name"": ""球L"", ""m"": 66.86868, ""q"": 0.1716, ""c"": 0.1188, ""capture"": 1.445, ""share"": 0.35, ""miss_deg"": 0.0, ""labels"": [259]}, {""name"": ""球M"", ""m"": 43.46136, ""q"": 0.1115, ""c"": 0.1097, ""capture"": 1.017, ""share"": 0.228, ""miss_deg"": 0.0, ""labels"": [261]}, {""name"": ""苹果红"", ""m"": 15.28435, ""q"": 0.0392, ""c"": 0.1636, ""capture"": 0.24, ""share"": 0.08, ""miss_deg"": 1.69, ""labels"": [260]}, {""name"": ""白杯1"", ""m"": 16.5396, ""q"": 0.0424, ""c"": 0.2548, ""capture"": 0.167, ""share"": 0.087, ""miss_deg"": 1.89, ""labels"": [266]}, {""name"": ""球R"", ""m"": 7.47943, ""q"": 0.0192, ""c"": 0.1188, ""capture"": 0.162, ""share"": 0.039, ""miss_deg"": 1.91, ""labels"": [263]}, {""name"": ""水瓶"", ""m"": 33.57718, ""q"": 0.0862, ""c"": 0.6212, ""capture"": 0.139, ""share"": 0.176, ""miss_deg"": 1.99, ""labels"": [30]}, {""name"": ""白杯2"", ""m"": 6.38026, ""q"": 0.0164, ""c"": 0.2228, ""capture"": 0.073, ""share"": 0.033, ""miss_deg"": 2.28, ""labels"": [267]}, {""name"": ""红杯"", ""m"": 1.24801, ""q"": 0.0032, ""c"": 0.3986, ""capture"": 0.008, ""share"": 0.007, ""miss_deg"": 3.11, ""labels"": [49]}, {""name"": ""苹果粉"", ""m"": 0.02812, ""q"": 0.0001, ""c"": 0.2309, ""capture"": 0.0, ""share"": 0.0, ""miss_deg"": 4.02, ""labels"": [64]}, {""name"": ""香蕉"", ""m"": 0.00059, ""q"": 0.0, ""c"": 0.7541, ""capture"": 0.0, ""share"": 0.0, ""miss_deg"": 5.12, ""labels"": [264]}]"
2026_08_25/c1_3,c4,v9,,vis,107.82,113.78,5.96,3.718,球M,261,0.208,0.1418,1.294,0.662,0.716,0.317,物品台,389.6407,0,0,14,球M,1,9,"[{""name"": ""球M"", ""m"": 55.27006, ""q"": 0.1418, ""c"": 0.1097, ""capture"": 1.294, ""share"": 0.208, ""miss_deg"": 0.0, ""labels"": [261]}, {""name"": ""球L"", ""m"": 39.6069, ""q"": 0.1016, ""c"": 0.1188, ""capture"": 0.856, ""share"": 0.149, ""miss_deg"": 0.56, ""labels"": [259]}, {""name"": ""球R"", ""m"": 24.03029, ""q"": 0.0617, ""c"": 0.1188, ""capture"": 0.519, ""share"": 0.09, ""miss_deg"": 1.14, ""labels"": [263]}, {""name"": ""白杯2"", ""m"": 35.52366, ""q"": 0.0912, ""c"": 0.2228, ""capture"": 0.409, ""share"": 0.134, ""miss_deg"": 1.34, ""labels"": [267]}, {""name"": ""白杯1"", ""m"": 41.52243, ""q"": 0.1066, ""c"": 0.2704, ""capture"": 0.394, ""share"": 0.156, ""miss_deg"": 1.36, ""labels"": [266]}, {""name"": ""水瓶"", ""m"": 61.77457, ""q"": 0.1585, ""c"": 0.6212, ""capture"": 0.255, ""share"": 0.232, ""miss_deg"": 1.65, ""labels"": [30]}, {""name"": ""苹果红"", ""m"": 6.25286, ""q"": 0.016, ""c"": 0.1636, ""capture"": 0.098, ""share"": 0.024, ""miss_deg"": 2.15, ""labels"": [260]}, {""name"": ""红杯"", ""m"": 1.95592, ""q"": 0.005, ""c"": 0.3986, ""capture"": 0.013, ""share"": 0.007, ""miss_deg"": 2.96, ""labels"": [49]}, {""name"": ""香蕉"", ""m"": 0.11251, ""q"": 0.0003, ""c"": 0.7605, ""capture"": 0.0, ""share"": 0.0, ""miss_deg"": 3.97, ""labels"": [264]}]"
2026_08_25/c1_3,c4,v9,,vis,114.1,114.85,0.75,3.701,球L,259,0.129,0.0923,0.777,0.758,1.047,0.286,object#12,389.6407,0,0,,,,11,"[{""name"": ""球L"", ""m"": 35.97109, ""q"": 0.0923, ""c"": 0.1188, ""capture"": 0.777, ""share"": 0.129, ""miss_deg"": 0.71, ""labels"": [259]}, {""name"": ""苹果红"", ""m"": 37.54922, ""q"": 0.0964, ""c"": 0.1636, ""capture"": 0.589, ""share"": 0.135, ""miss_deg"": 1.03, ""labels"": [260]}, {""name"": ""水瓶"", ""m"": 127.60959, ""q"": 0.3275, ""c"": 0.6386, ""capture"": 0.513, ""share"": 0.459, ""miss_deg"": 1.16, ""labels"": [30]}, {""name"": ""球M"", ""m"": 21.10141, ""q"": 0.0542, ""c"": 0.1097, ""capture"": 0.494, ""share"": 0.076, ""miss_deg"": 1.19, ""labels"": [261]}, {""name"": ""白杯1"", ""m"": 33.37581, ""q"": 0.0857, ""c"": 0.2704, ""capture"": 0.317, ""share"": 0.12, ""miss_deg"": 1.52, ""labels"": [266]}, {""name"": ""白杯2"", ""m"": 10.58548, ""q"": 0.0272, ""c"": 0.2228, ""capture"": 0.122, ""share"": 0.038, ""miss_deg"": 2.05, ""labels"": [267]}, {""name"": ""红杯"", ""m"": 9.59005, ""q"": 0.0246, ""c"": 0.3986, ""capture"": 0.062, ""share"": 0.034, ""miss_deg"": 2.36, ""labels"": [49]}, {""name"": ""球R"", ""m"": 0.66354, ""q"": 0.0017, ""c"": 0.1188, ""capture"": 0.014, ""share"": 0.002, ""miss_deg"": 2.91, ""labels"": [263]}, {""name"": ""橘子"", ""m"": 0.59621, ""q"": 0.0015, ""c"": 0.1636, ""capture"": 0.009, ""share"": 0.002, ""miss_deg"": 3.06, ""labels"": [262]}, {""name"": ""苹果粉"", ""m"": 0.3574, ""q"": 0.0009, ""c"": 0.2309, ""capture"": 0.004, ""share"": 0.001, ""miss_deg"": 3.33, ""labels"": [64]}, {""name"": ""香蕉"", ""m"": 0.76647, ""q"": 0.002, ""c"": 0.7636, ""capture"": 0.003, ""share"": 0.003, ""miss_deg"": 3.45, ""labels"": [264]}]"
2026_08_25/c1_3,c4,v9,,vis,114.9,121.55,6.65,3.704,球L,259,0.326,0.1501,1.263,0.925,0.853,0.54,物品台,389.6407,0,0,,,,9,"[{""name"": ""球L"", ""m"": 58.46617, ""q"": 0.1501, ""c"": 0.1188, ""capture"": 1.263, ""share"": 0.326, ""miss_deg"": 0.0, ""labels"": [259]}, {""name"": ""球M"", ""m"": 49.88823, ""q"": 0.128, ""c"": 0.1097, ""capture"": 1.168, ""share"": 0.278, ""miss_deg"": 0.0, ""labels"": [261]}, {""name"": ""球R"", ""m"": 11.7485, ""q"": 0.0302, ""c"": 0.1188, ""capture"": 0.254, ""share"": 0.066, ""miss_deg"": 1.66, ""labels"": [263]}, {""name"": ""白杯1"", ""m"": 15.90146, ""q"": 0.0408, ""c"": 0.2704, ""capture"": 0.151, ""share"": 0.089, ""miss_deg"": 1.94, ""labels"": [266]}, {""name"": ""苹果红"", ""m"": 7.60751, ""q"": 0.0195, ""c"": 0.1636, ""capture"": 0.119, ""share"": 0.042, ""miss_deg"": 2.06, ""labels"": [260]}, {""name"": ""水瓶"", ""m"": 27.78844, ""q"": 0.0713, ""c"": 0.6299, ""capture"": 0.113, ""share"": 0.155, ""miss_deg"": 2.09, ""labels"": [30]}, {""name"": ""白杯2"", ""m"": 7.29184, ""q"": 0.0187, ""c"": 0.2228, ""capture"": 0.084, ""share"": 0.041, ""miss_deg"": 2.23, ""labels"": [267]}, {""name"": ""红杯"", ""m"": 0.65958, ""q"": 0.0017, ""c"": 0.3986, ""capture"": 0.004, ""share"": 0.004, ""miss_deg"": 3.31, ""labels"": [49]}, {""name"": ""香蕉"", ""m"": 0.00252, ""q"": 0.0, ""c"": 0.7636, ""capture"": 0.0, ""share"": 0.0, ""miss_deg"": 4.83, ""labels"": [264]}]"
2026_08_25/c1_3,c4,v9,,vis,121.6,125.25,3.65,3.718,球R,263,0.332,0.1421,1.196,0.913,0.843,0.572,物品台,389.6407,0,0,15,球R,1,7,"[{""name"": ""球R"", ""m"": 55.35588, ""q"": 0.1421, ""c"": 0.1188, ""capture"": 1.196, ""share"": 0.332, ""miss_deg"": 0.0, ""labels"": [263]}, {""name"": ""球M"", ""m"": 46.67351, ""q"": 0.1198, ""c"": 0.1097, ""capture"": 1.092, ""share"": 0.28, ""miss_deg"": 0.0, ""labels"": [261]}, {""name"": ""白杯2"", ""m"": 33.72246, ""q"": 0.0865, ""c"": 0.2228, ""capture"": 0.388, ""share"": 0.202, ""miss_deg"": 1.38, ""labels"": [267]}, {""name"": ""球L"", ""m"": 9.48454, ""q"": 0.0243, ""c"": 0.1188, ""capture"": 0.205, ""share"": 0.057, ""miss_deg"": 1.78, ""labels"": [259]}, {""name"": ""白杯1"", ""m"": 15.2704, ""q"": 0.0392, ""c"": 0.2704, ""capture"": 0.145, ""share"": 0.092, ""miss_deg"": 1.97, ""labels"": [266]}, {""name"": ""水瓶"", ""m"": 6.32974, ""q"": 0.0162, ""c"": 0.6212, ""capture"": 0.026, ""share"": 0.038, ""miss_deg"": 2.7, ""labels"": [30]}, {""name"": ""红杯"", ""m"": 0.00735, ""q"": 0.0, ""c"": 0.3986, ""capture"": 0.0, ""share"": 0.0, ""miss_deg"": 4.46, ""labels"": [49]}]"
2026_08_25/c1_3,c4,v9,,vis,125.68,126.48,0.8,3.617,球M,261,0.461,0.068,0.572,0.547,0.631,0.853,物品台,389.6407,1,0,,,,6,"[{""name"": ""球M"", ""m"": 26.48012, ""q"": 0.068, ""c"": 0.1188, ""capture"": 0.572, ""share"": 0.461, ""miss_deg"": 1.06, ""labels"": [261]}, {""name"": ""球R"", ""m"": 16.69776, ""q"": 0.0429, ""c"": 0.1369, ""capture"": 0.313, ""share"": 0.291, ""miss_deg"": 1.52, ""labels"": [263]}, {""name"": ""球L"", ""m"": 8.78224, ""q"": 0.0225, ""c"": 0.1369, ""capture"": 0.165, ""share"": 0.153, ""miss_deg"": 1.9, ""labels"": [259]}, {""name"": ""白杯2"", ""m"": 1.86513, ""q"": 0.0048, ""c"": 0.2309, ""capture"": 0.021, ""share"": 0.032, ""miss_deg"": 2.78, ""labels"": [267]}, {""name"": ""白杯1"", ""m"": 2.06208, ""q"": 0.0053, ""c"": 0.2704, ""capture"": 0.02, ""share"": 0.036, ""miss_deg"": 2.8, ""labels"": [266]}, {""name"": ""水瓶"", ""m"": 1.51703, ""q"": 0.0039, ""c"": 0.6512, ""capture"": 0.006, ""share"": 0.026, ""miss_deg"": 3.2, ""labels"": [30]}]"
2026_08_25/c1_3,c4,v9,,vis,127.12,127.42,0.3,2.384,,-1,0.0,0.0,,,,1.0,object#26,389.6407,0,0,,,,0,[]
2026_08_25/c1_3,c4,v9,,vis,127.47,128.12,0.65,2.137,,-1,0.0,0.0,,,,1.0,object#26,389.6407,0,0,,,,0,[]
2026_08_25/c1_3,c4,v9,,vis,128.17,128.72,0.55,1.715,,-1,0.0,0.0,,,,1.0,object#26,389.6407,0,0,,,,0,[]
2026_08_25/c1_3,c4,v9,,vis,128.87,129.12,0.25,1.036,,-1,0.0,0.0,,,,1.0,object#34,389.6407,0,0,,,,0,[]
2026_08_25/c1_3,c4,v9,,vis,129.92,130.77,0.85,0.721,,-1,0.0,0.0,,,,1.0,object#14,389.6407,0,0,,,,0,[]
2026_08_25/u3,u3,v9,walking,vis,0.02,0.27,0.25,0.871,,-1,0.0,0.0,,,,1.0,object#14,389.6407,0,0,,,,0,[]
2026_08_25/u3,u3,v9,walking,vis,6.03,6.48,0.45,2.161,球M,261,0.312,0.0066,0.021,0.762,0.756,0.979,物品台,389.6407,0,0,,,,3,"[{""name"": ""球M"", ""m"": 2.58564, ""q"": 0.0066, ""c"": 0.3157, ""capture"": 0.021, ""share"": 0.312, ""miss_deg"": 2.78, ""labels"": [261]}, {""name"": ""球L"", ""m"": 1.95703, ""q"": 0.005, ""c"": 0.3228, ""capture"": 0.016, ""share"": 0.236, ""miss_deg"": 2.89, ""labels"": [259]}, {""name"": ""水瓶"", ""m"": 3.75593, ""q"": 0.0096, ""c"": 0.9862, ""capture"": 0.01, ""share"": 0.453, ""miss_deg"": 3.04, ""labels"": [30]}]"
2026_08_25/u3,u3,v9,walking,vis,6.58,6.98,0.4,2.614,,-1,0.0,0.0,,,,1.0,floor,389.6407,0,0,,,,0,[]
2026_08_25/u3,u3,v9,walking,vis,7.55,7.9,0.35,2.654,球L,259,0.525,0.3161,1.369,0.364,0.497,0.398,物品台,389.6407,1,1,,,,6,"[{""name"": ""球L"", ""m"": 123.17988, ""q"": 0.3161, ""c"": 0.2309, ""capture"": 1.369, ""share"": 0.525, ""miss_deg"": 0.0, ""labels"": [259]}, {""name"": ""苹果红"", ""m"": 61.36458, ""q"": 0.1575, ""c"": 0.3157, ""capture"": 0.499, ""share"": 0.261, ""miss_deg"": 1.18, ""labels"": [260]}, {""name"": ""苹果粉"", ""m"": 23.41443, ""q"": 0.0601, ""c"": 0.4305, ""capture"": 0.14, ""share"": 0.1, ""miss_deg"": 1.98, ""labels"": [64, 250]}, {""name"": ""橘子"", ""m"": 5.46755, ""q"": 0.014, ""c"": 0.2857, ""capture"": 0.049, ""share"": 0.023, ""miss_deg"": 2.46, ""labels"": [262]}, {""name"": ""水瓶"", ""m"": 13.45541, ""q"": 0.0345, ""c"": 0.892, ""capture"": 0.039, ""share"": 0.057, ""miss_deg"": 2.55, ""labels"": [30]}, {""name"": ""香蕉"", ""m"": 7.82966, ""q"": 0.0201, ""c"": 0.9761, ""capture"": 0.021, ""share"": 0.033, ""miss_deg"": 2.79, ""labels"": [264]}]"
2026_08_25/u3,u3,v9,walking,vis,8.47,8.92,0.45,3.637,,-1,0.0,0.0,,,,1.0,object#26,389.6407,0,0,,,,0,[]
2026_08_25/u3,u3,v9,walking,vis,9.07,9.37,0.3,3.971,,-1,0.0,0.0,,,,1.0,object#26,389.6407,0,0,,,,0,[]
2026_08_25/u3,u3,v9,walking,vis,9.52,10.47,0.95,3.977,,-1,0.0,0.0,,,,1.0,object#26,389.6407,0,0,,,,0,[]
2026_08_25/u3,u3,v9,walking,vis,10.67,11.02,0.35,3.685,,-1,0.0,0.0,,,,1.0,object#26,389.6407,0,0,,,,0,[]
2026_08_25/u3,u3,v9,walking,vis,11.07,12.37,1.3,3.68,,-1,0.0,0.0,,,,1.0,object#26,389.6407,0,0,,,,0,[]
2026_08_25/u3,u3,v9,walking,vis,12.47,13.92,1.45,3.707,,-1,0.0,0.0,,,,1.0,object#26,389.6407,0,0,,,,0,[]
2026_08_25/u3,u3,v9,walking,vis,14.17,14.82,0.65,3.697,,-1,0.0,0.0,,,,1.0,object#26,389.6407,0,0,,,,0,[]
2026_08_25/u3,u3,v9,walking,vis,16.35,16.6,0.25,2.993,,-1,0.0,0.0,,,,1.0,object#37,389.6407,0,0,,,,0,[]
2026_08_25/u3,u3,v9,walking,vis,18.15,19.8,1.65,2.882,球L,259,0.695,0.0441,0.214,0.075,0.304,0.937,物品台,389.6407,1,1,1,球L,1,4,"[{""name"": ""球L"", ""m"": 17.19359, ""q"": 0.0441, ""c"": 0.2062, ""capture"": 0.214, ""share"": 0.695, ""miss_deg"": 1.76, ""labels"": [259]}, {""name"": ""水瓶"", ""m"": 5.21394, ""q"": 0.0134, ""c"": 0.8281, ""capture"": 0.016, ""share"": 0.211, ""miss_deg"": 2.87, ""labels"": [30]}, {""name"": ""苹果粉"", ""m"": 2.30264, ""q"": 0.0059, ""c"": 0.3721, ""capture"": 0.016, ""share"": 0.093, ""miss_deg"": 2.88, ""labels"": [64]}, {""name"": ""苹果红"", ""m"": 0.01103, ""q"": 0.0, ""c"": 0.2704, ""capture"": 0.0, ""share"": 0.0, ""miss_deg"": 4.28, ""labels"": [260]}]"
2026_08_25/u3,u3,v9,walking,vis,20.6,21.15,0.55,2.768,球L,259,0.605,0.0705,0.317,0.196,0.34,0.884,物品台,389.6407,1,1,1,球L,1,5,"[{""name"": ""球L"", ""m"": 27.48075, ""q"": 0.0705, ""c"": 0.2228, ""capture"": 0.317, ""share"": 0.605, ""miss_deg"": 1.52, ""labels"": [259]}, {""name"": ""苹果粉"", ""m"": 9.34111, ""q"": 0.024, ""c"": 0.3855, ""capture"": 0.062, ""share"": 0.206, ""miss_deg"": 2.36, ""labels"": [64]}, {""name"": ""水瓶"", ""m"": 8.19316, ""q"": 0.021, ""c"": 0.8656, ""capture"": 0.024, ""share"": 0.181, ""miss_deg"": 2.73, ""labels"": [30]}, {""name"": ""苹果红"", ""m"": 0.35728, ""q"": 0.0009, ""c"": 0.3009, ""capture"": 0.003, ""share"": 0.008, ""miss_deg"": 3.4, ""labels"": [260]}, {""name"": ""橘子"", ""m"": 0.01328, ""q"": 0.0, ""c"": 0.2704, ""capture"": 0.0, ""share"": 0.0, ""miss_deg"": 4.24, ""labels"": [262]}]"
2026_08_25/u3,u3,v9,walking,vis,21.55,21.9,0.35,2.727,球L,259,0.872,0.0523,0.235,0.034,0.13,0.94,物品台,389.6407,1,1,1,球L,1,4,"[{""name"": ""球L"", ""m"": 20.3614, ""q"": 0.0523, ""c"": 0.2228, ""capture"": 0.235, ""share"": 0.872, ""miss_deg"": 1.7, ""labels"": [259]}, {""name"": ""水瓶"", ""m"": 2.64276, ""q"": 0.0068, ""c"": 0.87, ""capture"": 0.008, ""share"": 0.113, ""miss_deg"": 3.12, ""labels"": [30]}, {""name"": ""苹果粉"", ""m"": 0.34755, ""q"": 0.0009, ""c"": 0.3986, ""capture"": 0.002, ""share"": 0.015, ""miss_deg"": 3.49, ""labels"": [64]}, {""name"": ""苹果红"", ""m"": 0.01026, ""q"": 0.0, ""c"": 0.3009, ""capture"": 0.0, ""share"": 0.0, ""miss_deg"": 4.32, ""labels"": [260]}]"
2026_08_25/u3,u3,v9,walking,vis,22.6,23.05,0.45,2.83,球L,259,0.795,0.0281,0.136,0.051,0.224,0.965,物品台,389.6407,0,0,1,球L,1,3,"[{""name"": ""球L"", ""m"": 10.95619, ""q"": 0.0281, ""c"": 0.2062, ""capture"": 0.136, ""share"": 0.795, ""miss_deg"": 2.0, ""labels"": [259]}, {""name"": ""水瓶"", ""m"": 2.45155, ""q"": 0.0063, ""c"": 0.8474, ""capture"": 0.007, ""share"": 0.178, ""miss_deg"": 3.13, ""labels"": [30]}, {""name"": ""苹果粉"", ""m"": 0.37073, ""q"": 0.001, ""c"": 0.3721, ""capture"": 0.003, ""share"": 0.027, ""miss_deg"": 3.46, ""labels"": [64]}]"
2026_08_25/u3,u3,v9,walking,vis,25.78,26.33,0.55,2.867,球L,259,0.808,0.1545,0.749,0.043,0.171,0.809,物品台,389.6407,1,1,2,球M,0,7,"[{""name"": ""球L"", ""m"": 60.19107, ""q"": 0.1545, ""c"": 0.2062, ""capture"": 0.749, ""share"": 0.808, ""miss_deg"": 0.76, ""labels"": [259]}, {""name"": ""水瓶"", ""m"": 10.2579, ""q"": 0.0263, ""c"": 0.8331, ""capture"": 0.032, ""share"": 0.138, ""miss_deg"": 2.63, ""labels"": [30]}, {""name"": ""苹果红"", ""m"": 1.69839, ""q"": 0.0044, ""c"": 0.2704, ""capture"": 0.016, ""share"": 0.023, ""miss_deg"": 2.87, ""labels"": [260]}, {""name"": ""苹果粉"", ""m"": 1.29702, ""q"": 0.0033, ""c"": 0.3721, ""capture"": 0.009, ""share"": 0.017, ""miss_deg"": 3.07, ""labels"": [64]}, {""name"": ""橘子"", ""m"": 0.57007, ""q"": 0.0015, ""c"": 0.2469, ""capture"": 0.006, ""share"": 0.008, ""miss_deg"": 3.2, ""labels"": [262]}, {""name"": ""香蕉"", ""m"": 0.38427, ""q"": 0.001, ""c"": 0.948, ""capture"": 0.001, ""share"": 0.005, ""miss_deg"": 3.71, ""labels"": [264]}, {""name"": ""球M"", ""m"": 0.06987, ""q"": 0.0002, ""c"": 0.2062, ""capture"": 0.001, ""share"": 0.001, ""miss_deg"": 3.75, ""labels"": [261]}]"
2026_08_25/u3,u3,v9,walking,vis,26.48,26.88,0.4,2.667,球L,259,0.807,0.0639,0.277,0.054,0.211,0.921,物品台,389.6407,1,1,2,球M,0,5,"[{""name"": ""球L"", ""m"": 24.88525, ""q"": 0.0639, ""c"": 0.2309, ""capture"": 0.277, ""share"": 0.807, ""miss_deg"": 1.6, ""labels"": [259]}, {""name"": ""水瓶"", ""m"": 5.22635, ""q"": 0.0134, ""c"": 0.8881, ""capture"": 0.015, ""share"": 0.17, ""miss_deg"": 2.9, ""labels"": [30]}, {""name"": ""球M"", ""m"": 0.62933, ""q"": 0.0016, ""c"": 0.2228, ""capture"": 0.007, ""share"": 0.02, ""miss_deg"": 3.14, ""labels"": [261]}, {""name"": ""苹果粉"", ""m"": 0.07472, ""q"": 0.0002, ""c"": 0.405, ""capture"": 0.0, ""share"": 0.002, ""miss_deg"": 3.91, ""labels"": [64]}, {""name"": ""苹果红"", ""m"": 0.00624, ""q"": 0.0, ""c"": 0.3009, ""capture"": 0.0, ""share"": 0.0, ""miss_deg"": 4.44, ""labels"": [260]}]"
2026_08_25/u3,u3,v9,walking,vis,28.08,28.78,0.7,4.103,球M,261,0.281,0.0011,0.013,0.769,0.964,0.996,物品台,389.6407,0,0,2,球M,1,3,"[{""name"": ""球M"", ""m"": 0.44476, ""q"": 0.0011, ""c"": 0.091, ""capture"": 0.013, ""share"": 0.281, ""miss_deg"": 2.96, ""labels"": [261]}, {""name"": ""球L"", ""m"": 0.42913, ""q"": 0.0011, ""c"": 0.1097, ""capture"": 0.01, ""share"": 0.271, ""miss_deg"": 3.03, ""labels"": [259]}, {""name"": ""水瓶"", ""m"": 0.71059, ""q"": 0.0018, ""c"": 0.5444, ""capture"": 0.003, ""share"": 0.448, ""miss_deg"": 3.38, ""labels"": [30]}]"
2026_08_25/u3,u3,v9,walking,vis,29.13,29.84,0.7,2.773,球M,261,0.815,0.0627,0.304,0.043,0.184,0.923,物品台,389.6407,1,1,2,球M,1,4,"[{""name"": ""球M"", ""m"": 24.42176, ""q"": 0.0627, ""c"": 0.2062, ""capture"": 0.304, ""share"": 0.815, ""miss_deg"": 1.54, ""labels"": [261]}, {""name"": ""水瓶"", ""m"": 4.50053, ""q"": 0.0116, ""c"": 0.8656, ""capture"": 0.013, ""share"": 0.15, ""miss_deg"": 2.94, ""labels"": [30]}, {""name"": ""球L"", ""m"": 0.76212, ""q"": 0.002, ""c"": 0.2228, ""capture"": 0.009, ""share"": 0.025, ""miss_deg"": 3.08, ""labels"": [259]}, {""name"": ""苹果红"", ""m"": 0.27293, ""q"": 0.0007, ""c"": 0.3009, ""capture"": 0.002, ""share"": 0.009, ""miss_deg"": 3.48, ""labels"": [260]}]"
2026_08_25/u3,u3,v9,walking,vis,30.04,30.54,0.5,2.889,球M,261,0.577,0.1064,0.562,0.217,0.236,0.815,物品台,389.6407,1,1,,,,6,"[{""name"": ""球M"", ""m"": 41.46677, ""q"": 0.1064, ""c"": 0.1892, ""capture"": 0.562, ""share"": 0.577, ""miss_deg"": 1.07, ""labels"": [261]}, {""name"": ""球L"", ""m"": 9.77339, ""q"": 0.0251, ""c"": 0.2062, ""capture"": 0.122, ""share"": 0.136, ""miss_deg"": 2.05, ""labels"": [259]}, {""name"": ""苹果红"", ""m"": 5.10018, ""q"": 0.0131, ""c"": 0.2704, ""capture"": 0.048, ""share"": 0.071, ""miss_deg"": 2.46, ""labels"": [260]}, {""name"": ""水瓶"", ""m"": 14.93521, ""q"": 0.0383, ""c"": 0.8232, ""capture"": 0.047, ""share"": 0.208, ""miss_deg"": 2.48, ""labels"": [30]}, {""name"": ""香蕉"", ""m"": 0.57623, ""q"": 0.0015, ""c"": 0.9451, ""capture"": 0.002, ""share"": 0.008, ""miss_deg"": 3.59, ""labels"": [264]}, {""name"": ""橘子"", ""m"": 0.04967, ""q"": 0.0001, ""c"": 0.2469, ""capture"": 0.001, ""share"": 0.001, ""miss_deg"": 3.89, ""labels"": [262]}]"
2026_08_25/u3,u3,v9,walking,vis,31.26,34.71,3.45,2.365,球R,263,0.398,0.0145,0.048,0.792,0.701,0.963,物品台,389.6407,0,0,3,球R,1,4,"[{""name"": ""球R"", ""m"": 5.6641, ""q"": 0.0145, ""c"": 0.3009, ""capture"": 0.048, ""share"": 0.398, ""miss_deg"": 2.46, ""labels"": [263]}, {""name"": ""球M"", ""m"": 3.97335, ""q"": 0.0102, ""c"": 0.2704, ""capture"": 0.038, ""share"": 0.279, ""miss_deg"": 2.56, ""labels"": [261]}, {""name"": ""水瓶"", ""m"": 3.70503, ""q"": 0.0095, ""c"": 0.9588, ""capture"": 0.01, ""share"": 0.261, ""miss_deg"": 3.04, ""labels"": [30]}, {""name"": ""白杯1"", ""m"": 0.8796, ""q"": 0.0023, ""c"": 0.5444, ""capture"": 0.004, ""share"": 0.062, ""miss_deg"": 3.31, ""labels"": [266]}]"
2026_08_25/u3,u3,v9,walking,vis,34.76,35.26,0.5,2.093,球M,261,0.601,0.0381,0.118,0.136,0.153,0.937,物品台,389.6407,0,0,3,球R,0,4,"[{""name"": ""球M"", ""m"": 14.83155, ""q"": 0.0381, ""c"": 0.3228, ""capture"": 0.118, ""share"": 0.601, ""miss_deg"": 2.07, ""labels"": [261]}, {""name"": ""球R"", ""m"": 2.26042, ""q"": 0.0058, ""c"": 0.3582, ""capture"": 0.016, ""share"": 0.092, ""miss_deg"": 2.87, ""labels"": [263]}, {""name"": ""水瓶"", ""m"": 4.88418, ""q"": 0.0125, ""c"": 0.9907, ""capture"": 0.013, ""share"": 0.198, ""miss_deg"": 2.96, ""labels"": [30]}, {""name"": ""白杯1"", ""m"": 2.69263, ""q"": 0.0069, ""c"": 0.6299, ""capture"": 0.011, ""share"": 0.109, ""miss_deg"": 3.0, ""labels"": [266]}]"
2026_08_25/u3,u3,v9,walking,vis,35.71,36.11,0.4,2.212,球R,263,0.387,0.0061,0.019,0.526,1.581,0.984,物品台,389.6407,0,0,3,球R,1,3,"[{""name"": ""球R"", ""m"": 2.38241, ""q"": 0.0061, ""c"": 0.3157, ""capture"": 0.019, ""share"": 0.387, ""miss_deg"": 2.81, ""labels"": [263]}, {""name"": ""水瓶"", ""m"": 3.77257, ""q"": 0.0097, ""c"": 0.9819, ""capture"": 0.01, ""share"": 0.612, ""miss_deg"": 3.04, ""labels"": [30]}, {""name"": ""球M"", ""m"": 0.00809, ""q"": 0.0, ""c"": 0.3009, ""capture"": 0.0, ""share"": 0.001, ""miss_deg"": 4.38, ""labels"": [261]}]"
2026_08_25/u3,u3,v9,walking,vis,36.51,36.86,0.35,2.331,球R,263,0.374,0.0046,0.015,0.467,1.521,0.988,物品台,389.6407,0,0,3,球R,1,3,"[{""name"": ""球R"", ""m"": 1.81037, ""q"": 0.0046, ""c"": 0.3009, ""capture"": 0.015, ""share"": 0.374, ""miss_deg"": 2.89, ""labels"": [263]}, {""name"": ""水瓶"", ""m"": 2.75399, ""q"": 0.0071, ""c"": 0.9673, ""capture"": 0.007, ""share"": 0.569, ""miss_deg"": 3.14, ""labels"": [30]}, {""name"": ""球M"", ""m"": 0.27838, ""q"": 0.0007, ""c"": 0.2704, ""capture"": 0.003, ""share"": 0.057, ""miss_deg"": 3.45, ""labels"": [261]}]"
2026_08_25/u3,u3,v9,walking,vis,37.21,37.81,0.6,2.354,球R,263,0.315,0.0037,0.012,0.667,2.013,0.988,物品台,389.6407,0,0,,,,3,"[{""name"": ""球R"", ""m"": 1.43809, ""q"": 0.0037, ""c"": 0.3009, ""capture"": 0.012, ""share"": 0.315, ""miss_deg"": 2.97, ""labels"": [263]}, {""name"": ""水瓶"", ""m"": 2.89929, ""q"": 0.0074, ""c"": 0.9625, ""capture"": 0.008, ""share"": 0.634, ""miss_deg"": 3.12, ""labels"": [30]}, {""name"": ""球M"", ""m"": 0.23356, ""q"": 0.0006, ""c"": 0.2704, ""capture"": 0.002, ""share"": 0.051, ""miss_deg"": 3.5, ""labels"": [261]}]"
2026_08_25/u3,u3,v9,walking,vis,38.16,38.56,0.4,2.861,,-1,0.0,0.0,,,,1.0,object#37,389.6407,0,0,4,球M,,0,[]
2026_08_25/u3,u3,v9,walking,vis,38.86,39.11,0.25,2.432,球M,261,0.852,0.0157,0.062,0.048,0.158,0.982,物品台,389.6407,0,0,4,球M,1,3,"[{""name"": ""球M"", ""m"": 6.11299, ""q"": 0.0157, ""c"": 0.2548, ""capture"": 0.062, ""share"": 0.852, ""miss_deg"": 2.36, ""labels"": [261]}, {""name"": ""水瓶"", ""m"": 0.96575, ""q"": 0.0025, ""c"": 0.948, ""capture"": 0.003, ""share"": 0.135, ""miss_deg"": 3.45, ""labels"": [30]}, {""name"": ""球L"", ""m"": 0.09491, ""q"": 0.0002, ""c"": 0.2704, ""capture"": 0.001, ""share"": 0.013, ""miss_deg"": 3.74, ""labels"": [259]}]"
2026_08_25/u3,u3,v9,walking,vis,39.76,40.01,0.25,3.764,球M,261,0.548,0.0013,0.012,0.167,0.761,0.998,物品台,389.6407,0,0,4,球M,1,3,"[{""name"": ""球M"", ""m"": 0.52279, ""q"": 0.0013, ""c"": 0.1097, ""capture"": 0.012, ""share"": 0.548, ""miss_deg"": 2.97, ""labels"": [261]}, {""name"": ""水瓶"", ""m"": 0.39792, ""q"": 0.001, ""c"": 0.6212, ""capture"": 0.002, ""share"": 0.417, ""miss_deg"": 3.58, ""labels"": [30]}, {""name"": ""球L"", ""m"": 0.03246, ""q"": 0.0001, ""c"": 0.1188, ""capture"": 0.001, ""share"": 0.034, ""miss_deg"": 3.81, ""labels"": [259]}]"
2026_08_25/u3,u3,v9,walking,vis,40.51,40.81,0.3,2.816,球M,261,0.659,0.0345,0.167,0.174,0.187,0.948,物品台,389.6407,0,0,4,球M,1,4,"[{""name"": ""球M"", ""m"": 13.43907, ""q"": 0.0345, ""c"": 0.2062, ""capture"": 0.167, ""share"": 0.659, ""miss_deg"": 1.89, ""labels"": [261]}, {""name"": ""球L"", ""m"": 2.50627, ""q"": 0.0064, ""c"": 0.2228, ""capture"": 0.029, ""share"": 0.123, ""miss_deg"": 2.66, ""labels"": [259]}, {""name"": ""水瓶"", ""m"": 4.43771, ""q"": 0.0114, ""c"": 0.8521, ""capture"": 0.013, ""share"": 0.218, ""miss_deg"": 2.94, ""labels"": [30]}, {""name"": ""苹果红"", ""m"": 0.01188, ""q"": 0.0, ""c"": 0.2857, ""capture"": 0.0, ""share"": 0.001, ""miss_deg"": 4.28, ""labels"": [260]}]"
2026_08_25/u3,u3,v9,walking,vis,40.91,41.21,0.3,2.81,球M,261,0.502,0.0263,0.127,0.465,0.496,0.948,物品台,389.6407,0,0,4,球M,1,4,"[{""name"": ""球M"", ""m"": 10.23579, ""q"": 0.0263, ""c"": 0.2062, ""capture"": 0.127, ""share"": 0.502, ""miss_deg"": 2.03, ""labels"": [261]}, {""name"": ""球L"", ""m"": 5.08184, ""q"": 0.013, ""c"": 0.2228, ""capture"": 0.059, ""share"": 0.249, ""miss_deg"": 2.38, ""labels"": [259]}, {""name"": ""水瓶"", ""m"": 5.05276, ""q"": 0.013, ""c"": 0.8521, ""capture"": 0.015, ""share"": 0.248, ""miss_deg"": 2.89, ""labels"": [30]}, {""name"": ""苹果红"", ""m"": 0.00277, ""q"": 0.0, ""c"": 0.2857, ""capture"": 0.0, ""share"": 0.0, ""miss_deg"": 4.6, ""labels"": [260]}]"
2026_08_25/u3,u3,v9,walking,vis,41.91,42.26,0.35,3.946,球M,261,0.365,0.0023,0.021,0.905,0.907,0.994,物品台,389.6407,0,0,4,球M,1,3,"[{""name"": ""球M"", ""m"": 0.91139, ""q"": 0.0023, ""c"": 0.1097, ""capture"": 0.021, ""share"": 0.365, ""miss_deg"": 2.77, ""labels"": [261]}, {""name"": ""球L"", ""m"": 0.82587, ""q"": 0.0021, ""c"": 0.1097, ""capture"": 0.019, ""share"": 0.331, ""miss_deg"": 2.81, ""labels"": [259]}, {""name"": ""水瓶"", ""m"": 0.75933, ""q"": 0.0019, ""c"": 0.584, ""capture"": 0.003, ""share"": 0.304, ""miss_deg"": 3.38, ""labels"": [30]}]"
2026_08_25/u3,u3,v9,walking,vis,43.66,44.51,0.85,2.791,球L,259,0.649,0.0408,0.183,0.219,0.203,0.937,物品台,389.6407,0,0,,,,4,"[{""name"": ""球L"", ""m"": 15.8891, ""q"": 0.0408, ""c"": 0.2228, ""capture"": 0.183, ""share"": 0.649, ""miss_deg"": 1.84, ""labels"": [259]}, {""name"": ""球M"", ""m"": 3.22604, ""q"": 0.0083, ""c"": 0.2062, ""capture"": 0.04, ""share"": 0.132, ""miss_deg"": 2.54, ""labels"": [261]}, {""name"": ""水瓶"", ""m"": 5.35171, ""q"": 0.0137, ""c"": 0.8612, ""capture"": 0.016, ""share"": 0.219, ""miss_deg"": 2.88, ""labels"": [30]}, {""name"": ""苹果红"", ""m"": 0.00034, ""q"": 0.0, ""c"": 0.3009, ""capture"": 0.0, ""share"": 0.0, ""miss_deg"": 5.05, ""labels"": [260]}]"
2026_08_25/u3,u3,v9,walking,vis,45.44,45.69,0.25,2.934,球R,263,0.309,0.0548,0.266,0.812,0.748,0.823,物品台,389.6407,0,0,5,球R,1,7,"[{""name"": ""球R"", ""m"": 21.34968, ""q"": 0.0548, ""c"": 0.2062, ""capture"": 0.266, ""share"": 0.309, ""miss_deg"": 1.63, ""labels"": [263]}, {""name"": ""球M"", ""m"": 15.94447, ""q"": 0.0409, ""c"": 0.1892, ""capture"": 0.216, ""share"": 0.231, ""miss_deg"": 1.75, ""labels"": [261]}, {""name"": ""白杯1"", ""m"": 24.51352, ""q"": 0.0629, ""c"": 0.3855, ""capture"": 0.163, ""share"": 0.354, ""miss_deg"": 1.9, ""labels"": [266]}, {""name"": ""水瓶"", ""m"": 3.30134, ""q"": 0.0085, ""c"": 0.8232, ""capture"": 0.01, ""share"": 0.048, ""miss_deg"": 3.03, ""labels"": [30]}, {""name"": ""香蕉"", ""m"": 2.85876, ""q"": 0.0073, ""c"": 0.9302, ""capture"": 0.008, ""share"": 0.041, ""miss_deg"": 3.11, ""labels"": [264]}, {""name"": ""红杯"", ""m"": 1.16906, ""q"": 0.003, ""c"": 0.584, ""capture"": 0.005, ""share"": 0.017, ""miss_deg"": 3.25, ""labels"": [49]}, {""name"": ""白杯2"", ""m"": 0.01582, ""q"": 0.0, ""c"": 0.3228, ""capture"": 0.0, ""share"": 0.0, ""miss_deg"": 4.24, ""labels"": [267]}]"
2026_08_25/u3,u3,v9,walking,vis,46.69,47.54,0.85,2.566,球R,263,0.568,0.0146,0.059,0.186,0.699,0.974,物品台,389.6407,0,0,5,球R,1,3,"[{""name"": ""球R"", ""m"": 5.70667, ""q"": 0.0146, ""c"": 0.2469, ""capture"": 0.059, ""share"": 0.568, ""miss_deg"": 2.38, ""labels"": [263]}, {""name"": ""水瓶"", ""m"": 3.98497, ""q"": 0.0102, ""c"": 0.9122, ""capture"": 0.011, ""share"": 0.397, ""miss_deg"": 3.0, ""labels"": [30]}, {""name"": ""球M"", ""m"": 0.3535, ""q"": 0.0009, ""c"": 0.2309, ""capture"": 0.004, ""share"": 0.035, ""miss_deg"": 3.33, ""labels"": [261]}]"
2026_08_25/u3,u3,v9,walking,vis,47.99,48.89,0.9,2.481,球R,263,0.544,0.0285,0.105,0.238,0.836,0.948,物品台,389.6407,0,0,5,球R,1,4,"[{""name"": ""球R"", ""m"": 11.11016, ""q"": 0.0285, ""c"": 0.2704, ""capture"": 0.105, ""share"": 0.544, ""miss_deg"": 2.12, ""labels"": [263]}, {""name"": ""水瓶"", ""m"": 9.3025, ""q"": 0.0239, ""c"": 0.9363, ""capture"": 0.025, ""share"": 0.455, ""miss_deg"": 2.71, ""labels"": [30]}, {""name"": ""球M"", ""m"": 0.01267, ""q"": 0.0, ""c"": 0.2469, ""capture"": 0.0, ""share"": 0.001, ""miss_deg"": 4.23, ""labels"": [261]}, {""name"": ""白杯1"", ""m"": 0.00058, ""q"": 0.0, ""c"": 0.5012, ""capture"": 0.0, ""share"": 0.0, ""miss_deg"": 5.04, ""labels"": [266]}]"
2026_08_25/u3,u3,v9,walking,vis,48.99,49.89,0.9,2.508,球R,263,0.452,0.0165,0.065,0.323,1.201,0.964,物品台,389.6407,0,0,5,球R,1,3,"[{""name"": ""球R"", ""m"": 6.41526, ""q"": 0.0165, ""c"": 0.2548, ""capture"": 0.065, ""share"": 0.452, ""miss_deg"": 2.34, ""labels"": [263]}, {""name"": ""水瓶"", ""m"": 7.70916, ""q"": 0.0198, ""c"": 0.9255, ""capture"": 0.021, ""share"": 0.543, ""miss_deg"": 2.77, ""labels"": [30]}, {""name"": ""球M"", ""m"": 0.06238, ""q"": 0.0002, ""c"": 0.2469, ""capture"": 0.001, ""share"": 0.004, ""miss_deg"": 3.83, ""labels"": [261]}]"
2026_08_25/u3,u3,v9,walking,vis,50.04,50.69,0.65,2.484,球R,263,0.515,0.0251,0.093,0.269,0.942,0.951,物品台,389.6407,0,0,,,,2,"[{""name"": ""球R"", ""m"": 9.76582, ""q"": 0.0251, ""c"": 0.2704, ""capture"": 0.093, ""share"": 0.515, ""miss_deg"": 2.18, ""labels"": [263]}, {""name"": ""水瓶"", ""m"": 9.18669, ""q"": 0.0236, ""c"": 0.9302, ""capture"": 0.025, ""share"": 0.485, ""miss_deg"": 2.71, ""labels"": [30]}]"
2026_08_25/u3,u3,v9,walking,vis,52.81,54.36,1.55,2.677,球L,259,0.914,0.0003,0.001,0.0,0.094,1.0,物品台,389.6407,0,0,6,球L,1,2,"[{""name"": ""球L"", ""m"": 0.1031, ""q"": 0.0003, ""c"": 0.2309, ""capture"": 0.001, ""share"": 0.914, ""miss_deg"": 3.68, ""labels"": [259]}, {""name"": ""水瓶"", ""m"": 0.0097, ""q"": 0.0, ""c"": 0.8822, ""capture"": 0.0, ""share"": 0.086, ""miss_deg"": 4.58, ""labels"": [30]}]"
2026_08_25/u3,u3,v9,walking,vis,55.26,56.21,0.95,2.967,球L,259,0.557,0.0532,0.258,0.267,0.469,0.905,物品台,389.6407,1,1,6,球L,1,5,"[{""name"": ""球L"", ""m"": 20.71329, ""q"": 0.0532, ""c"": 0.2062, ""capture"": 0.258, ""share"": 0.557, ""miss_deg"": 1.65, ""labels"": [259]}, {""name"": ""苹果粉"", ""m"": 9.69157, ""q"": 0.0249, ""c"": 0.3582, ""capture"": 0.069, ""share"": 0.261, ""miss_deg"": 2.31, ""labels"": [64]}, {""name"": ""水瓶"", ""m"": 6.68639, ""q"": 0.0172, ""c"": 0.8126, ""capture"": 0.021, ""share"": 0.18, ""miss_deg"": 2.78, ""labels"": [30]}, {""name"": ""苹果红"", ""m"": 0.08645, ""q"": 0.0002, ""c"": 0.2548, ""capture"": 0.001, ""share"": 0.002, ""miss_deg"": 3.75, ""labels"": [260]}, {""name"": ""橘子"", ""m"": 0.01972, ""q"": 0.0001, ""c"": 0.2309, ""capture"": 0.0, ""share"": 0.001, ""miss_deg"": 4.11, ""labels"": [262]}]"
2026_08_25/u3,u3,v9,walking,vis,56.66,57.01,0.35,2.863,球L,259,0.843,0.0339,0.164,0.043,0.171,0.96,物品台,389.6407,0,0,6,球L,1,3,"[{""name"": ""球L"", ""m"": 13.19258, ""q"": 0.0339, ""c"": 0.2062, ""capture"": 0.164, ""share"": 0.843, ""miss_deg"": 1.9, ""labels"": [259]}, {""name"": ""水瓶"", ""m"": 2.25979, ""q"": 0.0058, ""c"": 0.8331, ""capture"": 0.007, ""share"": 0.144, ""miss_deg"": 3.15, ""labels"": [30]}, {""name"": ""苹果粉"", ""m"": 0.19667, ""q"": 0.0005, ""c"": 0.3721, ""capture"": 0.001, ""share"": 0.013, ""miss_deg"": 3.63, ""labels"": [64]}]"
2026_08_25/u3,u3,v9,walking,vis,58.61,58.91,0.3,2.988,球M,261,0.456,0.1853,1.133,0.177,0.871,0.594,物品台,389.6407,1,0,7,球M,1,7,"[{""name"": ""球M"", ""m"": 72.219, ""q"": 0.1853, ""c"": 0.1636, ""capture"": 1.133, ""share"": 0.456, ""miss_deg"": 0.0, ""labels"": [261]}, {""name"": ""水瓶"", ""m"": 62.78134, ""q"": 0.1611, ""c"": 0.8017, ""capture"": 0.201, ""share"": 0.397, ""miss_deg"": 1.79, ""labels"": [30]}, {""name"": ""球L"", ""m"": 8.42719, ""q"": 0.0216, ""c"": 0.1892, ""capture"": 0.114, ""share"": 0.053, ""miss_deg"": 2.08, ""labels"": [259]}, {""name"": ""香蕉"", ""m"": 10.17251, ""q"": 0.0261, ""c"": 0.919, ""capture"": 0.028, ""share"": 0.064, ""miss_deg"": 2.67, ""labels"": [264]}, {""name"": ""白杯1"", ""m"": 2.94316, ""q"": 0.0076, ""c"": 0.3721, ""capture"": 0.02, ""share"": 0.019, ""miss_deg"": 2.79, ""labels"": [266]}, {""name"": ""苹果红"", ""m"": 1.19444, ""q"": 0.0031, ""c"": 0.2469, ""capture"": 0.012, ""share"": 0.008, ""miss_deg"": 2.96, ""labels"": [260]}, {""name"": ""红杯"", ""m"": 0.55888, ""q"": 0.0014, ""c"": 0.5545, ""capture"": 0.003, ""share"": 0.004, ""miss_deg"": 3.45, ""labels"": [49]}]"
2026_08_25/u3,u3,v9,walking,vis,59.99,60.34,0.35,2.831,球M,261,0.441,0.1077,0.522,0.347,0.347,0.756,物品台,389.6407,1,0,7,球M,1,5,"[{""name"": ""球M"", ""m"": 41.97236, ""q"": 0.1077, ""c"": 0.2062, ""capture"": 0.522, ""share"": 0.441, ""miss_deg"": 1.14, ""labels"": [261]}, {""name"": ""球L"", ""m"": 14.56295, ""q"": 0.0374, ""c"": 0.2062, ""capture"": 0.181, ""share"": 0.153, ""miss_deg"": 1.85, ""labels"": [259]}, {""name"": ""水瓶"", ""m"": 32.5434, ""q"": 0.0835, ""c"": 0.8474, ""capture"": 0.099, ""share"": 0.342, ""miss_deg"": 2.15, ""labels"": [30]}, {""name"": ""苹果红"", ""m"": 2.35315, ""q"": 0.006, ""c"": 0.2704, ""capture"": 0.022, ""share"": 0.025, ""miss_deg"": 2.76, ""labels"": [260]}, {""name"": ""香蕉"", ""m"": 3.68014, ""q"": 0.0094, ""c"": 0.9562, ""capture"": 0.01, ""share"": 0.039, ""miss_deg"": 3.04, ""labels"": [264]}]"
2026_08_25/u3,u3,v9,walking,vis,60.94,61.24,0.3,2.699,球L,259,0.472,0.0945,0.424,0.403,0.403,0.8,物品台,389.6407,1,0,7,球M,0,6,"[{""name"": ""球L"", ""m"": 36.80339, ""q"": 0.0945, ""c"": 0.2228, ""capture"": 0.424, ""share"": 0.472, ""miss_deg"": 1.31, ""labels"": [259]}, {""name"": ""球M"", ""m"": 14.84958, ""q"": 0.0381, ""c"": 0.2228, ""capture"": 0.171, ""share"": 0.19, ""miss_deg"": 1.88, ""labels"": [261]}, {""name"": ""水瓶"", ""m"": 20.94264, ""q"": 0.0537, ""c"": 0.8741, ""capture"": 0.061, ""share"": 0.269, ""miss_deg"": 2.36, ""labels"": [30]}, {""name"": ""苹果红"", ""m"": 4.60452, ""q"": 0.0118, ""c"": 0.3009, ""capture"": 0.039, ""share"": 0.059, ""miss_deg"": 2.54, ""labels"": [260]}, {""name"": ""香蕉"", ""m"": 0.73617, ""q"": 0.0019, ""c"": 0.9719, ""capture"": 0.002, ""share"": 0.009, ""miss_deg"": 3.53, ""labels"": [264]}, {""name"": ""橘子"", ""m"": 0.04702, ""q"": 0.0001, ""c"": 0.2704, ""capture"": 0.0, ""share"": 0.001, ""miss_deg"": 3.93, ""labels"": [262]}]"
2026_08_25/u3,u3,v9,walking,vis,61.49,61.79,0.3,2.538,球L,259,0.464,0.0452,0.183,0.568,0.532,0.903,物品台,389.6407,0,0,7,球M,0,4,"[{""name"": ""球L"", ""m"": 17.6053, ""q"": 0.0452, ""c"": 0.2469, ""capture"": 0.183, ""share"": 0.464, ""miss_deg"": 1.84, ""labels"": [259]}, {""name"": ""球M"", ""m"": 9.39038, ""q"": 0.0241, ""c"": 0.2309, ""capture"": 0.104, ""share"": 0.247, ""miss_deg"": 2.13, ""labels"": [261]}, {""name"": ""水瓶"", ""m"": 10.10869, ""q"": 0.0259, ""c"": 0.919, ""capture"": 0.028, ""share"": 0.266, ""miss_deg"": 2.67, ""labels"": [30]}, {""name"": ""苹果红"", ""m"": 0.85147, ""q"": 0.0022, ""c"": 0.3228, ""capture"": 0.007, ""share"": 0.022, ""miss_deg"": 3.16, ""labels"": [260]}]"
2026_08_25/u3,u3,v9,walking,vis,61.84,62.09,0.25,2.633,球L,259,0.545,0.1156,0.501,0.255,0.248,0.788,物品台,389.6407,1,1,7,球M,0,7,"[{""name"": ""球L"", ""m"": 45.06029, ""q"": 0.1156, ""c"": 0.2309, ""capture"": 0.501, ""share"": 0.545, ""miss_deg"": 1.18, ""labels"": [259]}, {""name"": ""球M"", ""m"": 11.1365, ""q"": 0.0286, ""c"": 0.2228, ""capture"": 0.128, ""share"": 0.135, ""miss_deg"": 2.03, ""labels"": [261]}, {""name"": ""苹果红"", ""m"": 9.39151, ""q"": 0.0241, ""c"": 0.3157, ""capture"": 0.076, ""share"": 0.114, ""miss_deg"": 2.27, ""labels"": [260]}, {""name"": ""水瓶"", ""m"": 16.82094, ""q"": 0.0432, ""c"": 0.8958, ""capture"": 0.048, ""share"": 0.203, ""miss_deg"": 2.46, ""labels"": [30]}, {""name"": ""香蕉"", ""m"": 0.2444, ""q"": 0.0006, ""c"": 0.9801, ""capture"": 0.001, ""share"": 0.003, ""miss_deg"": 3.84, ""labels"": [264]}, {""name"": ""苹果粉"", ""m"": 0.05139, ""q"": 0.0001, ""c"": 0.4305, ""capture"": 0.0, ""share"": 0.001, ""miss_deg"": 4.02, ""labels"": [64]}, {""name"": ""橘子"", ""m"": 0.00841, ""q"": 0.0, ""c"": 0.3009, ""capture"": 0.0, ""share"": 0.0, ""miss_deg"": 4.37, ""labels"": [262]}]"
2026_08_25/u3,u3,v9,walking,vis,62.14,62.74,0.6,2.381,球L,259,0.412,0.0601,0.21,0.69,0.653,0.854,物品台,389.6407,1,0,7,球M,0,4,"[{""name"": ""球L"", ""m"": 23.41977, ""q"": 0.0601, ""c"": 0.2857, ""capture"": 0.21, ""share"": 0.412, ""miss_deg"": 1.77, ""labels"": [259]}, {""name"": ""球M"", ""m"": 15.27697, ""q"": 0.0392, ""c"": 0.2704, ""capture"": 0.145, ""share"": 0.269, ""miss_deg"": 1.97, ""labels"": [261]}, {""name"": ""水瓶"", ""m"": 14.80839, ""q"": 0.038, ""c"": 0.9588, ""capture"": 0.04, ""share"": 0.26, ""miss_deg"": 2.54, ""labels"": [30]}, {""name"": ""苹果红"", ""m"": 3.35631, ""q"": 0.0086, ""c"": 0.3721, ""capture"": 0.023, ""share"": 0.059, ""miss_deg"": 2.74, ""labels"": [260]}]"
2026_08_25/u3,u3,v9,walking,vis,63.14,64.19,1.05,2.257,球M,261,0.828,0.0768,0.255,0.063,0.198,0.907,物品台,389.6407,1,1,7,球M,1,4,"[{""name"": ""球M"", ""m"": 29.90676, ""q"": 0.0768, ""c"": 0.3009, ""capture"": 0.255, ""share"": 0.828, ""miss_deg"": 1.65, ""labels"": [261]}, {""name"": ""水瓶"", ""m"": 5.90981, ""q"": 0.0152, ""c"": 0.9761, ""capture"": 0.016, ""share"": 0.164, ""miss_deg"": 2.89, ""labels"": [30]}, {""name"": ""球L"", ""m"": 0.26921, ""q"": 0.0007, ""c"": 0.3157, ""capture"": 0.002, ""share"": 0.007, ""miss_deg"": 3.5, ""labels"": [259]}, {""name"": ""苹果红"", ""m"": 0.04412, ""q"": 0.0001, ""c"": 0.3986, ""capture"": 0.0, ""share"": 0.001, ""miss_deg"": 4.04, ""labels"": [260]}]"
2026_08_25/u3,u3,v9,walking,vis,65.8,66.25,0.45,3.965,,-1,0.0,0.0,,,,1.0,object#26,389.6407,0,0,,,,0,[]
2026_08_25/u3,u3,v9,walking,vis,66.95,67.4,0.45,3.466,,-1,0.0,0.0,,,,1.0,object#26,389.6407,0,0,,,,0,[]
2026_08_25/u3,u3,v9,walking,vis,68.32,68.82,0.5,3.525,,-1,0.0,0.0,,,,1.0,object#26,389.6407,0,0,,,,0,[]
2026_08_25/u3,u3,v9,walking,vis,69.47,70.07,0.6,3.5,,-1,0.0,0.0,,,,1.0,object#26,389.6407,0,0,,,,0,[]
2026_08_25/u3,u3,v9,walking,vis,70.17,70.47,0.3,3.526,,-1,0.0,0.0,,,,1.0,object#60,389.6407,0,0,,,,0,[]
2026_08_25/u3,u3,v9,walking,vis,72.04,72.29,0.25,3.417,,-1,0.0,0.0,,,,1.0,object#26,389.6407,0,0,,,,0,[]
2026_08_25/u3,u3,v9,walking,vis,72.81,73.26,0.45,2.26,球M,261,0.669,0.0282,0.094,0.128,0.425,0.958,物品台,389.6407,0,0,8,球R,0,4,"[{""name"": ""球M"", ""m"": 10.99643, ""q"": 0.0282, ""c"": 0.3009, ""capture"": 0.094, ""share"": 0.669, ""miss_deg"": 2.18, ""labels"": [261]}, {""name"": ""水瓶"", ""m"": 4.66176, ""q"": 0.012, ""c"": 0.9761, ""capture"": 0.012, ""share"": 0.284, ""miss_deg"": 2.97, ""labels"": [30]}, {""name"": ""球R"", ""m"": 0.65401, ""q"": 0.0017, ""c"": 0.3009, ""capture"": 0.006, ""share"": 0.04, ""miss_deg"": 3.22, ""labels"": [263]}, {""name"": ""白杯1"", ""m"": 0.12031, ""q"": 0.0003, ""c"": 0.5743, ""capture"": 0.001, ""share"": 0.007, ""miss_deg"": 3.88, ""labels"": [266]}]"
2026_08_25/u3,u3,v9,walking,vis,73.71,74.26,0.55,2.264,球R,263,0.767,0.0878,0.292,0.092,0.295,0.885,物品台,389.6407,1,1,8,球R,1,4,"[{""name"": ""球R"", ""m"": 34.22584, ""q"": 0.0878, ""c"": 0.3009, ""capture"": 0.292, ""share"": 0.767, ""miss_deg"": 1.57, ""labels"": [263]}, {""name"": ""水瓶"", ""m"": 10.07, ""q"": 0.0258, ""c"": 0.974, ""capture"": 0.027, ""share"": 0.226, ""miss_deg"": 2.69, ""labels"": [30]}, {""name"": ""白杯1"", ""m"": 0.17096, ""q"": 0.0004, ""c"": 0.5595, ""capture"": 0.001, ""share"": 0.004, ""miss_deg"": 3.78, ""labels"": [266]}, {""name"": ""白杯2"", ""m"": 0.14824, ""q"": 0.0004, ""c"": 0.5012, ""capture"": 0.001, ""share"": 0.003, ""miss_deg"": 3.79, ""labels"": [267]}]"
2026_08_25/u3,u3,v9,walking,vis,74.31,74.56,0.25,2.305,球R,263,0.415,0.0204,0.068,0.5,0.475,0.951,物品台,389.6407,0,0,8,球R,1,5,"[{""name"": ""球R"", ""m"": 7.93455, ""q"": 0.0204, ""c"": 0.3009, ""capture"": 0.068, ""share"": 0.415, ""miss_deg"": 2.32, ""labels"": [263]}, {""name"": ""球M"", ""m"": 3.77639, ""q"": 0.0097, ""c"": 0.2857, ""capture"": 0.034, ""share"": 0.197, ""miss_deg"": 2.6, ""labels"": [261]}, {""name"": ""水瓶"", ""m"": 5.53382, ""q"": 0.0142, ""c"": 0.9697, ""capture"": 0.015, ""share"": 0.289, ""miss_deg"": 2.91, ""labels"": [30]}, {""name"": ""白杯1"", ""m"": 1.87929, ""q"": 0.0048, ""c"": 0.5444, ""capture"": 0.009, ""share"": 0.098, ""miss_deg"": 3.07, ""labels"": [266]}, {""name"": ""香蕉"", ""m"": 0.0003, ""q"": 0.0, ""c"": 0.9962, ""capture"": 0.0, ""share"": 0.0, ""miss_deg"": 5.31, ""labels"": [264]}]"
2026_08_25/u3,u3,v9,walking,vis,74.61,74.96,0.35,2.486,球R,263,0.452,0.1371,0.507,0.464,0.858,0.696,物品台,389.6407,1,0,8,球R,1,6,"[{""name"": ""球R"", ""m"": 53.43619, ""q"": 0.1371, ""c"": 0.2704, ""capture"": 0.507, ""share"": 0.452, ""miss_deg"": 1.17, ""labels"": [263]}, {""name"": ""白杯1"", ""m"": 45.94191, ""q"": 0.1179, ""c"": 0.5012, ""capture"": 0.235, ""share"": 0.388, ""miss_deg"": 1.7, ""labels"": [266]}, {""name"": ""香蕉"", ""m"": 8.44015, ""q"": 0.0217, ""c"": 0.9893, ""capture"": 0.022, ""share"": 0.071, ""miss_deg"": 2.76, ""labels"": [264]}, {""name"": ""水瓶"", ""m"": 6.46359, ""q"": 0.0166, ""c"": 0.9302, ""capture"": 0.018, ""share"": 0.055, ""miss_deg"": 2.84, ""labels"": [30]}, {""name"": ""红杯"", ""m"": 3.46367, ""q"": 0.0089, ""c"": 0.7025, ""capture"": 0.013, ""share"": 0.029, ""miss_deg"": 2.96, ""labels"": [49]}, {""name"": ""球M"", ""m"": 0.51316, ""q"": 0.0013, ""c"": 0.2469, ""capture"": 0.005, ""share"": 0.004, ""miss_deg"": 3.24, ""labels"": [261]}]"
2026_08_25/u3,u3,v9,walking,vis,75.01,76.01,1.0,2.545,球R,263,0.648,0.0289,0.117,0.12,0.443,0.955,物品台,389.6407,0,0,8,球R,1,4,"[{""name"": ""球R"", ""m"": 11.2418, ""q"": 0.0289, ""c"": 0.2469, ""capture"": 0.117, ""share"": 0.648, ""miss_deg"": 2.07, ""labels"": [263]}, {""name"": ""水瓶"", ""m"": 4.97723, ""q"": 0.0128, ""c"": 0.919, ""capture"": 0.014, ""share"": 0.287, ""miss_deg"": 2.92, ""labels"": [30]}, {""name"": ""球M"", ""m"": 0.45082, ""q"": 0.0012, ""c"": 0.2309, ""capture"": 0.005, ""share"": 0.026, ""miss_deg"": 3.25, ""labels"": [261]}, {""name"": ""白杯1"", ""m"": 0.66967, ""q"": 0.0017, ""c"": 0.4729, ""capture"": 0.004, ""share"": 0.039, ""miss_deg"": 3.35, ""labels"": [266]}]"
2026_08_25/u3,u3,v9,walking,vis,76.26,77.11,0.85,2.799,球R,263,0.68,0.0825,0.37,0.073,0.14,0.879,物品台,389.6407,1,1,8,球R,1,4,"[{""name"": ""球R"", ""m"": 32.13576, ""q"": 0.0825, ""c"": 0.2228, ""capture"": 0.37, ""share"": 0.68, ""miss_deg"": 1.41, ""labels"": [263]}, {""name"": ""白杯1"", ""m"": 4.47508, ""q"": 0.0115, ""c"": 0.4305, ""capture"": 0.027, ""share"": 0.095, ""miss_deg"": 2.69, ""labels"": [266]}, {""name"": ""水瓶"", ""m"": 8.84062, ""q"": 0.0227, ""c"": 0.8521, ""capture"": 0.027, ""share"": 0.187, ""miss_deg"": 2.69, ""labels"": [30]}, {""name"": ""白杯2"", ""m"": 1.8038, ""q"": 0.0046, ""c"": 0.3721, ""capture"": 0.012, ""share"": 0.038, ""miss_deg"": 2.96, ""labels"": [267]}]"
2026_08_25/u3,u3,v9,walking,vis,77.41,77.66,0.25,2.892,球R,263,0.5,0.008,0.039,0.256,1.0,0.984,object#106,389.6407,0,0,8,球R,1,2,"[{""name"": ""球R"", ""m"": 3.13006, ""q"": 0.008, ""c"": 0.2062, ""capture"": 0.039, ""share"": 0.5, ""miss_deg"": 2.55, ""labels"": [263]}, {""name"": ""水瓶"", ""m"": 3.12783, ""q"": 0.008, ""c"": 0.8232, ""capture"": 0.01, ""share"": 0.5, ""miss_deg"": 3.04, ""labels"": [30]}]"
2026_08_25/u3,u3,v9,walking,vis,78.01,78.36,0.35,2.871,水瓶,30,0.877,0.0051,0.006,0.5,0.14,0.994,object#106,389.6407,0,0,,,,2,"[{""name"": ""水瓶"", ""m"": 2.00517, ""q"": 0.0051, ""c"": 0.8331, ""capture"": 0.006, ""share"": 0.877, ""miss_deg"": 3.19, ""labels"": [30]}, {""name"": ""球R"", ""m"": 0.2807, ""q"": 0.0007, ""c"": 0.2062, ""capture"": 0.003, ""share"": 0.123, ""miss_deg"": 3.36, ""labels"": [263]}]"
2026_08_25/u3,u3,v9,walking,vis,78.76,79.01,0.25,2.851,球R,263,0.299,0.003,0.014,0.571,2.344,0.99,object#106,389.6407,0,0,,,,2,"[{""name"": ""球R"", ""m"": 1.15776, ""q"": 0.003, ""c"": 0.2062, ""capture"": 0.014, ""share"": 0.299, ""miss_deg"": 2.91, ""labels"": [263]}, {""name"": ""水瓶"", ""m"": 2.70868, ""q"": 0.007, ""c"": 0.8403, ""capture"": 0.008, ""share"": 0.701, ""miss_deg"": 3.1, ""labels"": [30]}]"
2026_08_25/u3,u3,v9,walking,vis,79.41,79.71,0.3,2.729,球R,263,0.525,0.0135,0.06,0.483,0.478,0.974,物品台,389.6407,0,0,9,球L,0,4,"[{""name"": ""球R"", ""m"": 5.25087, ""q"": 0.0135, ""c"": 0.2228, ""capture"": 0.06, ""share"": 0.525, ""miss_deg"": 2.37, ""labels"": [263]}, {""name"": ""球M"", ""m"": 2.51009, ""q"": 0.0064, ""c"": 0.2228, ""capture"": 0.029, ""share"": 0.251, ""miss_deg"": 2.66, ""labels"": [261]}, {""name"": ""水瓶"", ""m"": 2.18708, ""q"": 0.0056, ""c"": 0.87, ""capture"": 0.006, ""share"": 0.219, ""miss_deg"": 3.18, ""labels"": [30]}, {""name"": ""白杯1"", ""m"": 0.05284, ""q"": 0.0001, ""c"": 0.4429, ""capture"": 0.0, ""share"": 0.005, ""miss_deg"": 4.02, ""labels"": [266]}]"
2026_08_25/u3,u3,v9,walking,vis,79.86,80.11,0.25,2.66,球M,261,0.669,0.1041,0.467,0.107,0.429,0.844,物品台,389.6407,1,1,9,球L,0,6,"[{""name"": ""球M"", ""m"": 40.5566, ""q"": 0.1041, ""c"": 0.2228, ""capture"": 0.467, ""share"": 0.669, ""miss_deg"": 1.23, ""labels"": [261]}, {""name"": ""水瓶"", ""m"": 17.39267, ""q"": 0.0446, ""c"": 0.892, ""capture"": 0.05, ""share"": 0.287, ""miss_deg"": 2.45, ""labels"": [30]}, {""name"": ""球L"", ""m"": 2.3978, ""q"": 0.0062, ""c"": 0.2309, ""capture"": 0.027, ""share"": 0.04, ""miss_deg"": 2.69, ""labels"": [259]}, {""name"": ""白杯1"", ""m"": 0.15427, ""q"": 0.0004, ""c"": 0.449, ""capture"": 0.001, ""share"": 0.003, ""miss_deg"": 3.75, ""labels"": [266]}, {""name"": ""香蕉"", ""m"": 0.14059, ""q"": 0.0004, ""c"": 0.9761, ""capture"": 0.0, ""share"": 0.002, ""miss_deg"": 3.98, ""labels"": [264]}, {""name"": ""苹果红"", ""m"": 0.01075, ""q"": 0.0, ""c"": 0.3157, ""capture"": 0.0, ""share"": 0.0, ""miss_deg"": 4.32, ""labels"": [260]}]"
2026_08_25/u3,u3,v9,walking,vis,80.16,80.51,0.35,2.741,球L,259,0.272,0.071,0.319,0.868,1.551,0.739,物品台,389.6407,0,0,9,球L,1,6,"[{""name"": ""球L"", ""m"": 27.66454, ""q"": 0.071, ""c"": 0.2228, ""capture"": 0.319, ""share"": 0.272, ""miss_deg"": 1.51, ""labels"": [259]}, {""name"": ""苹果粉"", ""m"": 43.01937, ""q"": 0.1104, ""c"": 0.3986, ""capture"": 0.277, ""share"": 0.422, ""miss_deg"": 1.6, ""labels"": [64, 250]}, {""name"": ""苹果红"", ""m"": 8.40683, ""q"": 0.0216, ""c"": 0.3009, ""capture"": 0.072, ""share"": 0.083, ""miss_deg"": 2.3, ""labels"": [260]}, {""name"": ""橘子"", ""m"": 6.73619, ""q"": 0.0173, ""c"": 0.2704, ""capture"": 0.064, ""share"": 0.066, ""miss_deg"": 2.35, ""labels"": [262]}, {""name"": ""水瓶"", ""m"": 15.99751, ""q"": 0.0411, ""c"": 0.87, ""capture"": 0.047, ""share"": 0.157, ""miss_deg"": 2.47, ""labels"": [30]}, {""name"": ""香蕉"", ""m"": 0.06381, ""q"": 0.0002, ""c"": 0.9697, ""capture"": 0.0, ""share"": 0.001, ""miss_deg"": 4.17, ""labels"": [264]}]"
2026_08_25/u3,u3,v9,walking,vis,80.56,81.06,0.5,2.613,球L,259,0.689,0.0319,0.138,0.087,0.341,0.954,物品台,389.6407,0,0,9,球L,1,3,"[{""name"": ""球L"", ""m"": 12.42622, ""q"": 0.0319, ""c"": 0.2309, ""capture"": 0.138, ""share"": 0.689, ""miss_deg"": 1.99, ""labels"": [259]}, {""name"": ""水瓶"", ""m"": 4.2373, ""q"": 0.0109, ""c"": 0.9069, ""capture"": 0.012, ""share"": 0.235, ""miss_deg"": 2.97, ""labels"": [30]}, {""name"": ""苹果粉"", ""m"": 1.36326, ""q"": 0.0035, ""c"": 0.4305, ""capture"": 0.008, ""share"": 0.076, ""miss_deg"": 3.1, ""labels"": [64]}]"
2026_08_25/u3,u3,v9,walking,vis,81.56,83.46,1.9,2.709,球L,259,0.607,0.0726,0.326,0.187,0.333,0.88,物品台,389.6407,1,1,9,球L,1,4,"[{""name"": ""球L"", ""m"": 28.3027, ""q"": 0.0726, ""c"": 0.2228, ""capture"": 0.326, ""share"": 0.607, ""miss_deg"": 1.5, ""labels"": [259]}, {""name"": ""苹果粉"", ""m"": 9.44092, ""q"": 0.0242, ""c"": 0.3986, ""capture"": 0.061, ""share"": 0.202, ""miss_deg"": 2.37, ""labels"": [64]}, {""name"": ""水瓶"", ""m"": 8.77432, ""q"": 0.0225, ""c"": 0.8741, ""capture"": 0.026, ""share"": 0.188, ""miss_deg"": 2.71, ""labels"": [30]}, {""name"": ""苹果红"", ""m"": 0.13148, ""q"": 0.0003, ""c"": 0.3009, ""capture"": 0.001, ""share"": 0.003, ""miss_deg"": 3.69, ""labels"": [260]}]"
2026_08_25/u3,u3,v9,walking,vis,83.51,83.86,0.35,2.631,球L,259,0.821,0.0745,0.323,0.043,0.168,0.909,物品台,389.6407,1,1,9,球L,1,4,"[{""name"": ""球L"", ""m"": 29.04507, ""q"": 0.0745, ""c"": 0.2309, ""capture"": 0.323, ""share"": 0.821, ""miss_deg"": 1.5, ""labels"": [259]}, {""name"": ""水瓶"", ""m"": 4.89919, ""q"": 0.0126, ""c"": 0.8958, ""capture"": 0.014, ""share"": 0.138, ""miss_deg"": 2.92, ""labels"": [30]}, {""name"": ""苹果红"", ""m"": 0.66996, ""q"": 0.0017, ""c"": 0.3157, ""capture"": 0.005, ""share"": 0.019, ""miss_deg"": 3.23, ""labels"": [260]}, {""name"": ""苹果粉"", ""m"": 0.76415, ""q"": 0.002, ""c"": 0.4305, ""capture"": 0.005, ""share"": 0.022, ""miss_deg"": 3.28, ""labels"": [64]}]"
2026_08_25/u3,u3,v9,walking,vis,83.91,84.66,0.75,2.798,球L,259,0.681,0.1886,0.847,0.116,0.201,0.723,物品台,389.6407,1,1,9,球L,1,5,"[{""name"": ""球L"", ""m"": 73.48874, ""q"": 0.1886, ""c"": 0.2228, ""capture"": 0.847, ""share"": 0.681, ""miss_deg"": 0.58, ""labels"": [259]}, {""name"": ""苹果粉"", ""m"": 14.74314, ""q"": 0.0378, ""c"": 0.3855, ""capture"": 0.098, ""share"": 0.137, ""miss_deg"": 2.15, ""labels"": [64]}, {""name"": ""苹果红"", ""m"": 8.77317, ""q"": 0.0225, ""c"": 0.2857, ""capture"": 0.079, ""share"": 0.081, ""miss_deg"": 2.25, ""labels"": [260]}, {""name"": ""水瓶"", ""m"": 10.87732, ""q"": 0.0279, ""c"": 0.8521, ""capture"": 0.033, ""share"": 0.101, ""miss_deg"": 2.61, ""labels"": [30]}, {""name"": ""橘子"", ""m"": 0.00496, ""q"": 0.0, ""c"": 0.2548, ""capture"": 0.0, ""share"": 0.0, ""miss_deg"": 4.45, ""labels"": [262]}]"
2026_08_25/u3,u3,v9,walking,vis,84.71,85.21,0.5,2.639,球L,259,0.818,0.0659,0.286,0.049,0.196,0.919,物品台,389.6407,1,1,,,,4,"[{""name"": ""球L"", ""m"": 25.69181, ""q"": 0.0659, ""c"": 0.2309, ""capture"": 0.286, ""share"": 0.818, ""miss_deg"": 1.58, ""labels"": [259]}, {""name"": ""水瓶"", ""m"": 5.01869, ""q"": 0.0129, ""c"": 0.8958, ""capture"": 0.014, ""share"": 0.16, ""miss_deg"": 2.91, ""labels"": [30]}, {""name"": ""苹果红"", ""m"": 0.50481, ""q"": 0.0013, ""c"": 0.3157, ""capture"": 0.004, ""share"": 0.016, ""miss_deg"": 3.32, ""labels"": [260]}, {""name"": ""苹果粉"", ""m"": 0.19045, ""q"": 0.0005, ""c"": 0.4305, ""capture"": 0.001, ""share"": 0.006, ""miss_deg"": 3.68, ""labels"": [64]}]"
2026_08_25/u3,u3,v9,walking,vis,85.31,86.96,1.65,2.59,球L,259,0.71,0.0861,0.349,0.077,0.099,0.879,物品台,389.6407,1,1,,,,5,"[{""name"": ""球L"", ""m"": 33.53896, ""q"": 0.0861, ""c"": 0.2469, ""capture"": 0.349, ""share"": 0.71, ""miss_deg"": 1.45, ""labels"": [259]}, {""name"": ""苹果红"", ""m"": 3.30578, ""q"": 0.0085, ""c"": 0.3157, ""capture"": 0.027, ""share"": 0.07, ""miss_deg"": 2.69, ""labels"": [260]}, {""name"": ""球M"", ""m"": 2.24146, ""q"": 0.0058, ""c"": 0.2309, ""capture"": 0.025, ""share"": 0.047, ""miss_deg"": 2.72, ""labels"": [261]}, {""name"": ""水瓶"", ""m"": 7.8509, ""q"": 0.0201, ""c"": 0.9069, ""capture"": 0.022, ""share"": 0.166, ""miss_deg"": 2.76, ""labels"": [30]}, {""name"": ""苹果粉"", ""m"": 0.29716, ""q"": 0.0008, ""c"": 0.4429, ""capture"": 0.002, ""share"": 0.006, ""miss_deg"": 3.57, ""labels"": [64]}]"
2026_08_25/u3,u3,v9,walking,vis,87.37,87.97,0.6,2.6,球R,263,0.734,0.1143,0.495,0.075,0.293,0.844,物品台,389.6407,1,1,10,球R,1,4,"[{""name"": ""球R"", ""m"": 44.54327, ""q"": 0.1143, ""c"": 0.2309, ""capture"": 0.495, ""share"": 0.734, ""miss_deg"": 1.19, ""labels"": [263]}, {""name"": ""水瓶"", ""m"": 13.0411, ""q"": 0.0335, ""c"": 0.9069, ""capture"": 0.037, ""share"": 0.215, ""miss_deg"": 2.57, ""labels"": [30]}, {""name"": ""白杯1"", ""m"": 1.98983, ""q"": 0.0051, ""c"": 0.4729, ""capture"": 0.011, ""share"": 0.033, ""miss_deg"": 3.01, ""labels"": [266]}, {""name"": ""白杯2"", ""m"": 1.07068, ""q"": 0.0027, ""c"": 0.3986, ""capture"": 0.007, ""share"": 0.018, ""miss_deg"": 3.16, ""labels"": [267]}]"
2026_08_25/u3,u3,v9,walking,vis,88.07,88.97,0.9,2.61,球R,263,0.698,0.0719,0.311,0.093,0.364,0.897,物品台,389.6407,1,1,10,球R,1,4,"[{""name"": ""球R"", ""m"": 28.00498, ""q"": 0.0719, ""c"": 0.2309, ""capture"": 0.311, ""share"": 0.698, ""miss_deg"": 1.53, ""labels"": [263]}, {""name"": ""水瓶"", ""m"": 10.19149, ""q"": 0.0262, ""c"": 0.9069, ""capture"": 0.029, ""share"": 0.254, ""miss_deg"": 2.66, ""labels"": [30]}, {""name"": ""白杯1"", ""m"": 1.64894, ""q"": 0.0042, ""c"": 0.4729, ""capture"": 0.009, ""share"": 0.041, ""miss_deg"": 3.07, ""labels"": [266]}, {""name"": ""白杯2"", ""m"": 0.29396, ""q"": 0.0008, ""c"": 0.3986, ""capture"": 0.002, ""share"": 0.007, ""miss_deg"": 3.54, ""labels"": [267]}]"
2026_08_25/u3,u3,v9,walking,vis,89.17,89.47,0.3,2.672,水瓶,30,1.0,0.0008,0.001,0.0,0.0,0.999,object#106,389.6407,0,0,10,球R,0,1,"[{""name"": ""水瓶"", ""m"": 0.30359, ""q"": 0.0008, ""c"": 0.8822, ""capture"": 0.001, ""share"": 1.0, ""miss_deg"": 3.75, ""labels"": [30]}]"
2026_08_25/u3,u3,v9,walking,vis,90.33,91.25,0.92,1.98,球R,263,0.546,0.05,0.13,0.323,0.832,0.908,物品台,389.6407,0,0,10,球R,1,2,"[{""name"": ""球R"", ""m"": 19.49018, ""q"": 0.05, ""c"": 0.3855, ""capture"": 0.13, ""share"": 0.546, ""miss_deg"": 2.02, ""labels"": [263]}, {""name"": ""水瓶"", ""m"": 16.20982, ""q"": 0.0416, ""c"": 0.9962, ""capture"": 0.042, ""share"": 0.454, ""miss_deg"": 2.52, ""labels"": [30]}]"
2026_08_25/u3,u3,v9,walking,vis,91.3,92.33,1.03,1.838,球R,263,0.848,0.1974,0.459,0.059,0.134,0.767,物品台,389.6407,1,1,,,,3,"[{""name"": ""球R"", ""m"": 76.91659, ""q"": 0.1974, ""c"": 0.4305, ""capture"": 0.459, ""share"": 0.848, ""miss_deg"": 1.25, ""labels"": [263]}, {""name"": ""水瓶"", ""m"": 10.38783, ""q"": 0.0267, ""c"": 0.9992, ""capture"": 0.027, ""share"": 0.114, ""miss_deg"": 2.69, ""labels"": [30]}, {""name"": ""白杯1"", ""m"": 3.41993, ""q"": 0.0088, ""c"": 0.741, ""capture"": 0.012, ""share"": 0.038, ""miss_deg"": 2.98, ""labels"": [266]}]"
2026_08_25/u3,u3,v9,walking,vis,92.98,93.47,0.49,1.946,球L,259,0.889,0.1976,0.496,0.046,0.118,0.778,物品台,389.6407,1,1,11,球L,1,4,"[{""name"": ""球L"", ""m"": 76.99675, ""q"": 0.1976, ""c"": 0.3986, ""capture"": 0.496, ""share"": 0.889, ""miss_deg"": 1.18, ""labels"": [259]}, {""name"": ""水瓶"", ""m"": 9.10172, ""q"": 0.0234, ""c"": 0.9971, ""capture"": 0.023, ""share"": 0.105, ""miss_deg"": 2.74, ""labels"": [30]}, {""name"": ""苹果红"", ""m"": 0.21992, ""q"": 0.0006, ""c"": 0.5012, ""capture"": 0.001, ""share"": 0.003, ""miss_deg"": 3.68, ""labels"": [260]}, {""name"": ""苹果粉"", ""m"": 0.25506, ""q"": 0.0007, ""c"": 0.6428, ""capture"": 0.001, ""share"": 0.003, ""miss_deg"": 3.71, ""labels"": [64]}]"
2026_08_25/u3,u3,v9,walking,vis,93.79,95.41,1.62,2.229,球L,259,0.827,0.0803,0.254,0.063,0.2,0.903,物品台,389.6407,1,1,11,球L,1,4,"[{""name"": ""球L"", ""m"": 31.29784, ""q"": 0.0803, ""c"": 0.3157, ""capture"": 0.254, ""share"": 0.827, ""miss_deg"": 1.65, ""labels"": [259]}, {""name"": ""水瓶"", ""m"": 6.24122, ""q"": 0.016, ""c"": 0.9801, ""capture"": 0.016, ""share"": 0.165, ""miss_deg"": 2.87, ""labels"": [30]}, {""name"": ""苹果粉"", ""m"": 0.23762, ""q"": 0.0006, ""c"": 0.5444, ""capture"": 0.001, ""share"": 0.006, ""miss_deg"": 3.69, ""labels"": [64]}, {""name"": ""苹果红"", ""m"": 0.08972, ""q"": 0.0002, ""c"": 0.405, ""capture"": 0.001, ""share"": 0.002, ""miss_deg"": 3.87, ""labels"": [260]}]"
2026_08_25/u3,u3,v9,walking,vis,95.52,96.06,0.54,2.74,球L,259,0.92,0.0053,0.024,0.042,0.087,0.994,物品台,389.6407,0,0,11,球L,1,2,"[{""name"": ""球L"", ""m"": 2.07117, ""q"": 0.0053, ""c"": 0.2228, ""capture"": 0.024, ""share"": 0.92, ""miss_deg"": 2.73, ""labels"": [259]}, {""name"": ""水瓶"", ""m"": 0.17953, ""q"": 0.0005, ""c"": 0.87, ""capture"": 0.001, ""share"": 0.08, ""miss_deg"": 3.88, ""labels"": [30]}]"
2026_08_25/u3,u3,v9,walking,vis,96.33,97.52,1.19,2.975,球L,259,0.795,0.1289,0.625,0.054,0.091,0.838,物品台,389.6407,1,1,11,球L,1,6,"[{""name"": ""球L"", ""m"": 50.20702, ""q"": 0.1289, ""c"": 0.2062, ""capture"": 0.625, ""share"": 0.795, ""miss_deg"": 0.97, ""labels"": [259]}, {""name"": ""苹果粉"", ""m"": 4.57301, ""q"": 0.0117, ""c"": 0.3441, ""capture"": 0.034, ""share"": 0.072, ""miss_deg"": 2.6, ""labels"": [64]}, {""name"": ""水瓶"", ""m"": 6.93232, ""q"": 0.0178, ""c"": 0.8126, ""capture"": 0.022, ""share"": 0.11, ""miss_deg"": 2.76, ""labels"": [30]}, {""name"": ""苹果红"", ""m"": 0.97935, ""q"": 0.0025, ""c"": 0.2548, ""capture"": 0.01, ""share"": 0.015, ""miss_deg"": 3.04, ""labels"": [260]}, {""name"": ""橘子"", ""m"": 0.42777, ""q"": 0.0011, ""c"": 0.2309, ""capture"": 0.005, ""share"": 0.007, ""miss_deg"": 3.27, ""labels"": [262]}, {""name"": ""香蕉"", ""m"": 0.07048, ""q"": 0.0002, ""c"": 0.9255, ""capture"": 0.0, ""share"": 0.001, ""miss_deg"": 4.13, ""labels"": [264]}]"
2026_08_25/u3,u3,v9,walking,vis,100.3,101.44,1.14,2.901,球M,261,0.349,0.1299,0.686,0.38,0.413,0.628,物品台,389.6407,0,0,12,球M,1,7,"[{""name"": ""球M"", ""m"": 50.60409, ""q"": 0.1299, ""c"": 0.1892, ""capture"": 0.686, ""share"": 0.349, ""miss_deg"": 0.87, ""labels"": [261]}, {""name"": ""球L"", ""m"": 20.94232, ""q"": 0.0537, ""c"": 0.2062, ""capture"": 0.261, ""share"": 0.144, ""miss_deg"": 1.64, ""labels"": [259]}, {""name"": ""水瓶"", ""m"": 58.74145, ""q"": 0.1508, ""c"": 0.8232, ""capture"": 0.183, ""share"": 0.405, ""miss_deg"": 1.84, ""labels"": [30]}, {""name"": ""苹果红"", ""m"": 4.20268, ""q"": 0.0108, ""c"": 0.2704, ""capture"": 0.04, ""share"": 0.029, ""miss_deg"": 2.54, ""labels"": [260]}, {""name"": ""香蕉"", ""m"": 10.49038, ""q"": 0.0269, ""c"": 0.9393, ""capture"": 0.029, ""share"": 0.072, ""miss_deg"": 2.67, ""labels"": [264]}, {""name"": ""红杯"", ""m"": 0.02361, ""q"": 0.0001, ""c"": 0.584, ""capture"": 0.0, ""share"": 0.0, ""miss_deg"": 4.28, ""labels"": [49]}, {""name"": ""白杯1"", ""m"": 0.01452, ""q"": 0.0, ""c"": 0.3855, ""capture"": 0.0, ""share"": 0.0, ""miss_deg"": 4.3, ""labels"": [266]}]"
2026_08_25/u3,u3,v9,walking,vis,102.25,103.06,0.81,2.62,球M,261,0.424,0.1585,0.712,0.228,0.236,0.626,物品台,389.6407,1,0,12,球M,1,5,"[{""name"": ""球M"", ""m"": 61.7758, ""q"": 0.1585, ""c"": 0.2228, ""capture"": 0.712, ""share"": 0.424, ""miss_deg"": 0.82, ""labels"": [261]}, {""name"": ""球L"", ""m"": 14.56715, ""q"": 0.0374, ""c"": 0.2309, ""capture"": 0.162, ""share"": 0.1, ""miss_deg"": 1.91, ""labels"": [259]}, {""name"": ""水瓶"", ""m"": 51.74036, ""q"": 0.1328, ""c"": 0.9032, ""capture"": 0.147, ""share"": 0.355, ""miss_deg"": 1.96, ""labels"": [30]}, {""name"": ""苹果红"", ""m"": 10.68106, ""q"": 0.0274, ""c"": 0.3157, ""capture"": 0.087, ""share"": 0.073, ""miss_deg"": 2.21, ""labels"": [260]}, {""name"": ""香蕉"", ""m"": 6.81653, ""q"": 0.0175, ""c"": 0.9801, ""capture"": 0.018, ""share"": 0.047, ""miss_deg"": 2.84, ""labels"": [264]}]"
2026_08_25/u3,u3,v9,walking,vis,103.55,104.74,1.19,2.29,球M,261,0.854,0.1567,0.521,0.052,0.17,0.816,物品台,389.6407,1,1,12,球M,1,5,"[{""name"": ""球M"", ""m"": 61.06105, ""q"": 0.1567, ""c"": 0.3009, ""capture"": 0.521, ""share"": 0.854, ""miss_deg"": 1.14, ""labels"": [261]}, {""name"": ""水瓶"", ""m"": 10.3433, ""q"": 0.0265, ""c"": 0.9719, ""capture"": 0.027, ""share"": 0.145, ""miss_deg"": 2.68, ""labels"": [30]}, {""name"": ""苹果红"", ""m"": 0.07355, ""q"": 0.0002, ""c"": 0.3855, ""capture"": 0.0, ""share"": 0.001, ""miss_deg"": 3.9, ""labels"": [260]}, {""name"": ""球L"", ""m"": 0.03503, ""q"": 0.0001, ""c"": 0.3009, ""capture"": 0.0, ""share"": 0.0, ""miss_deg"": 4.03, ""labels"": [259]}, {""name"": ""香蕉"", ""m"": 0.02198, ""q"": 0.0001, ""c"": 0.9971, ""capture"": 0.0, ""share"": 0.0, ""miss_deg"": 4.42, ""labels"": [264]}]"
2026_08_25/u3,u3,v9,walking,vis,104.79,105.28,0.49,2.219,球M,261,0.875,0.1495,0.497,0.044,0.143,0.829,物品台,389.6407,1,1,12,球M,1,3,"[{""name"": ""球M"", ""m"": 58.23987, ""q"": 0.1495, ""c"": 0.3009, ""capture"": 0.497, ""share"": 0.875, ""miss_deg"": 1.18, ""labels"": [261]}, {""name"": ""水瓶"", ""m"": 8.2899, ""q"": 0.0213, ""c"": 0.9819, ""capture"": 0.022, ""share"": 0.125, ""miss_deg"": 2.77, ""labels"": [30]}, {""name"": ""香蕉"", ""m"": 0.00462, ""q"": 0.0, ""c"": 0.9984, ""capture"": 0.0, ""share"": 0.0, ""miss_deg"": 4.76, ""labels"": [264]}]"
2026_08_25/u3,u3,v9,walking,vis,105.33,106.25,0.92,2.279,球M,261,0.744,0.3264,1.085,0.098,0.317,0.561,物品台,389.6407,1,1,,,,5,"[{""name"": ""球M"", ""m"": 127.16756, ""q"": 0.3264, ""c"": 0.3009, ""capture"": 1.085, ""share"": 0.744, ""miss_deg"": 0.0, ""labels"": [261]}, {""name"": ""水瓶"", ""m"": 40.39755, ""q"": 0.1037, ""c"": 0.974, ""capture"": 0.106, ""share"": 0.236, ""miss_deg"": 2.12, ""labels"": [30]}, {""name"": ""香蕉"", ""m"": 3.05197, ""q"": 0.0078, ""c"": 0.998, ""capture"": 0.008, ""share"": 0.018, ""miss_deg"": 3.11, ""labels"": [264]}, {""name"": ""苹果红"", ""m"": 0.27018, ""q"": 0.0007, ""c"": 0.3986, ""capture"": 0.002, ""share"": 0.002, ""miss_deg"": 3.56, ""labels"": [260]}, {""name"": ""橘子"", ""m"": 0.03179, ""q"": 0.0001, ""c"": 0.3721, ""capture"": 0.0, ""share"": 0.0, ""miss_deg"": 4.1, ""labels"": [262]}]"
2026_08_25/u3,u3,v9,walking,vis,107.17,107.44,0.27,2.258,球R,263,0.745,0.1791,0.595,0.096,0.181,0.76,物品台,389.6407,1,1,13,球R,1,4,"[{""name"": ""球R"", ""m"": 69.79231, ""q"": 0.1791, ""c"": 0.3009, ""capture"": 0.595, ""share"": 0.745, ""miss_deg"": 1.02, ""labels"": [263]}, {""name"": ""白杯1"", ""m"": 12.68795, ""q"": 0.0326, ""c"": 0.5743, ""capture"": 0.057, ""share"": 0.135, ""miss_deg"": 2.4, ""labels"": [266]}, {""name"": ""水瓶"", ""m"": 11.12189, ""q"": 0.0285, ""c"": 0.9761, ""capture"": 0.029, ""share"": 0.119, ""miss_deg"": 2.66, ""labels"": [30]}, {""name"": ""香蕉"", ""m"": 0.10433, ""q"": 0.0003, ""c"": 0.998, ""capture"": 0.0, ""share"": 0.001, ""miss_deg"": 4.06, ""labels"": [264]}]"
2026_08_25/u3,u3,v9,walking,vis,107.61,107.88,0.27,2.322,球M,261,0.778,0.2182,0.764,0.058,0.198,0.72,物品台,389.6407,1,1,13,球R,0,4,"[{""name"": ""球M"", ""m"": 85.02944, ""q"": 0.2182, ""c"": 0.2857, ""capture"": 0.764, ""share"": 0.778, ""miss_deg"": 0.73, ""labels"": [261]}, {""name"": ""水瓶"", ""m"": 16.78263, ""q"": 0.0431, ""c"": 0.9697, ""capture"": 0.044, ""share"": 0.154, ""miss_deg"": 2.5, ""labels"": [30]}, {""name"": ""香蕉"", ""m"": 5.84267, ""q"": 0.015, ""c"": 0.9962, ""capture"": 0.015, ""share"": 0.053, ""miss_deg"": 2.9, ""labels"": [264]}, {""name"": ""白杯1"", ""m"": 1.58505, ""q"": 0.0041, ""c"": 0.5444, ""capture"": 0.007, ""share"": 0.015, ""miss_deg"": 3.13, ""labels"": [266]}]"
2026_08_25/u3,u3,v9,walking,vis,109.17,111.01,1.84,3.096,球M,261,0.287,0.106,0.648,0.579,1.314,0.63,物品台,389.6407,0,0,13,球R,0,6,"[{""name"": ""球M"", ""m"": 41.3003, ""q"": 0.106, ""c"": 0.1636, ""capture"": 0.648, ""share"": 0.287, ""miss_deg"": 0.93, ""labels"": [261]}, {""name"": ""白杯1"", ""m"": 54.366, ""q"": 0.1395, ""c"": 0.3721, ""capture"": 0.375, ""share"": 0.377, ""miss_deg"": 1.4, ""labels"": [266]}, {""name"": ""球R"", ""m"": 16.56171, ""q"": 0.0425, ""c"": 0.1636, ""capture"": 0.26, ""share"": 0.115, ""miss_deg"": 1.64, ""labels"": [263]}, {""name"": ""水瓶"", ""m"": 13.00101, ""q"": 0.0334, ""c"": 0.7697, ""capture"": 0.043, ""share"": 0.09, ""miss_deg"": 2.51, ""labels"": [30]}, {""name"": ""香蕉"", ""m"": 15.04006, ""q"": 0.0386, ""c"": 0.8995, ""capture"": 0.043, ""share"": 0.104, ""miss_deg"": 2.51, ""labels"": [264]}, {""name"": ""红杯"", ""m"": 3.78951, ""q"": 0.0097, ""c"": 0.5444, ""capture"": 0.018, ""share"": 0.026, ""miss_deg"": 2.84, ""labels"": [49]}]"
2026_08_25/u3,u3,v9,walking,vis,111.44,112.42,0.97,3.294,球M,261,0.476,0.0991,0.679,0.246,0.534,0.792,物品台,389.6407,1,0,13,球R,0,6,"[{""name"": ""球M"", ""m"": 38.611, ""q"": 0.0991, ""c"": 0.1459, ""capture"": 0.679, ""share"": 0.476, ""miss_deg"": 0.88, ""labels"": [261]}, {""name"": ""白杯1"", ""m"": 20.56856, ""q"": 0.0528, ""c"": 0.3157, ""capture"": 0.167, ""share"": 0.254, ""miss_deg"": 1.89, ""labels"": [266]}, {""name"": ""球R"", ""m"": 7.56748, ""q"": 0.0194, ""c"": 0.1636, ""capture"": 0.119, ""share"": 0.093, ""miss_deg"": 2.06, ""labels"": [263]}, {""name"": ""水瓶"", ""m"": 7.62794, ""q"": 0.0196, ""c"": 0.7272, ""capture"": 0.027, ""share"": 0.094, ""miss_deg"": 2.69, ""labels"": [30]}, {""name"": ""香蕉"", ""m"": 5.7334, ""q"": 0.0147, ""c"": 0.8521, ""capture"": 0.017, ""share"": 0.071, ""miss_deg"": 2.85, ""labels"": [264]}, {""name"": ""红杯"", ""m"": 0.98739, ""q"": 0.0025, ""c"": 0.4843, ""capture"": 0.005, ""share"": 0.012, ""miss_deg"": 3.24, ""labels"": [49]}]"
2026_08_25/u3,u3,v9,walking,vis,112.58,113.23,0.65,3.289,球M,261,0.553,0.1103,0.674,0.182,0.353,0.8,物品台,389.6407,1,1,,,,6,"[{""name"": ""球M"", ""m"": 42.9902, ""q"": 0.1103, ""c"": 0.1636, ""capture"": 0.674, ""share"": 0.553, ""miss_deg"": 0.89, ""labels"": [261]}, {""name"": ""白杯1"", ""m"": 15.17329, ""q"": 0.0389, ""c"": 0.3157, ""capture"": 0.123, ""share"": 0.195, ""miss_deg"": 2.05, ""labels"": [266]}, {""name"": ""球R"", ""m"": 3.58181, ""q"": 0.0092, ""c"": 0.1636, ""capture"": 0.056, ""share"": 0.046, ""miss_deg"": 2.4, ""labels"": [263]}, {""name"": ""水瓶"", ""m"": 10.23115, ""q"": 0.0263, ""c"": 0.7341, ""capture"": 0.036, ""share"": 0.132, ""miss_deg"": 2.58, ""labels"": [30]}, {""name"": ""香蕉"", ""m"": 5.22445, ""q"": 0.0134, ""c"": 0.8612, ""capture"": 0.016, ""share"": 0.067, ""miss_deg"": 2.89, ""labels"": [264]}, {""name"": ""红杯"", ""m"": 0.55425, ""q"": 0.0014, ""c"": 0.4843, ""capture"": 0.003, ""share"": 0.007, ""miss_deg"": 3.41, ""labels"": [49]}]"
2026_08_25/u3,u3,v9,walking,vis,113.72,114.36,0.65,3.241,球L,259,0.591,0.0311,0.19,0.189,0.352,0.947,物品台,389.6407,0,0,14,球L,1,3,"[{""name"": ""球L"", ""m"": 12.11718, ""q"": 0.0311, ""c"": 0.1636, ""capture"": 0.19, ""share"": 0.591, ""miss_deg"": 1.82, ""labels"": [259]}, {""name"": ""苹果粉"", ""m"": 4.26907, ""q"": 0.011, ""c"": 0.3009, ""capture"": 0.036, ""share"": 0.208, ""miss_deg"": 2.57, ""labels"": [64]}, {""name"": ""水瓶"", ""m"": 4.11361, ""q"": 0.0106, ""c"": 0.741, ""capture"": 0.014, ""share"": 0.201, ""miss_deg"": 2.92, ""labels"": [30]}]"
2026_08_25/u3,u3,v9,walking,vis,114.42,117.55,3.14,3.097,球L,259,0.387,0.0075,0.046,0.304,0.594,0.981,物品台,389.6407,0,0,14,球L,1,3,"[{""name"": ""球L"", ""m"": 2.92357, ""q"": 0.0075, ""c"": 0.1636, ""capture"": 0.046, ""share"": 0.387, ""miss_deg"": 2.48, ""labels"": [259]}, {""name"": ""苹果粉"", ""m"": 1.7363, ""q"": 0.0045, ""c"": 0.3157, ""capture"": 0.014, ""share"": 0.23, ""miss_deg"": 2.92, ""labels"": [64, 250]}, {""name"": ""水瓶"", ""m"": 2.89575, ""q"": 0.0074, ""c"": 0.7697, ""capture"": 0.01, ""share"": 0.383, ""miss_deg"": 3.05, ""labels"": [30]}]"
2026_08_25/u3,u3,v9,walking,vis,117.61,119.07,1.46,2.908,球L,259,0.696,0.0815,0.395,0.106,0.193,0.883,物品台,389.6407,1,1,14,球L,1,4,"[{""name"": ""球L"", ""m"": 31.77477, ""q"": 0.0815, ""c"": 0.2062, ""capture"": 0.395, ""share"": 0.696, ""miss_deg"": 1.36, ""labels"": [259]}, {""name"": ""苹果粉"", ""m"": 6.14086, ""q"": 0.0158, ""c"": 0.3721, ""capture"": 0.042, ""share"": 0.134, ""miss_deg"": 2.51, ""labels"": [64]}, {""name"": ""水瓶"", ""m"": 6.5381, ""q"": 0.0168, ""c"": 0.8232, ""capture"": 0.02, ""share"": 0.143, ""miss_deg"": 2.79, ""labels"": [30]}, {""name"": ""苹果红"", ""m"": 1.22732, ""q"": 0.0031, ""c"": 0.2704, ""capture"": 0.012, ""share"": 0.027, ""miss_deg"": 2.98, ""labels"": [260]}]"
2026_08_25/u3,u3,v9,walking,vis,121.08,121.62,0.54,2.68,球M,261,0.599,0.2124,0.953,0.116,0.462,0.645,物品台,389.6407,1,1,15,球M,1,6,"[{""name"": ""球M"", ""m"": 82.76381, ""q"": 0.2124, ""c"": 0.2228, ""capture"": 0.953, ""share"": 0.599, ""miss_deg"": 0.31, ""labels"": [261]}, {""name"": ""水瓶"", ""m"": 38.2224, ""q"": 0.0981, ""c"": 0.8822, ""capture"": 0.111, ""share"": 0.277, ""miss_deg"": 2.1, ""labels"": [30]}, {""name"": ""苹果红"", ""m"": 7.42874, ""q"": 0.0191, ""c"": 0.3009, ""capture"": 0.063, ""share"": 0.054, ""miss_deg"": 2.35, ""labels"": [260]}, {""name"": ""球L"", ""m"": 3.58342, ""q"": 0.0092, ""c"": 0.2309, ""capture"": 0.04, ""share"": 0.026, ""miss_deg"": 2.54, ""labels"": [259]}, {""name"": ""香蕉"", ""m"": 6.1299, ""q"": 0.0157, ""c"": 0.974, ""capture"": 0.016, ""share"": 0.044, ""miss_deg"": 2.87, ""labels"": [264]}, {""name"": ""橘子"", ""m"": 0.02521, ""q"": 0.0001, ""c"": 0.2857, ""capture"": 0.0, ""share"": 0.0, ""miss_deg"": 4.1, ""labels"": [262]}]"
2026_08_25/u3,u3,v9,walking,vis,121.68,122.27,0.59,2.367,球M,261,0.847,0.0789,0.292,0.051,0.177,0.907,物品台,389.6407,1,1,15,球M,1,4,"[{""name"": ""球M"", ""m"": 30.73655, ""q"": 0.0789, ""c"": 0.2704, ""capture"": 0.292, ""share"": 0.847, ""miss_deg"": 1.57, ""labels"": [261]}, {""name"": ""水瓶"", ""m"": 5.46026, ""q"": 0.014, ""c"": 0.9588, ""capture"": 0.015, ""share"": 0.15, ""miss_deg"": 2.91, ""labels"": [30]}, {""name"": ""球L"", ""m"": 0.08142, ""q"": 0.0002, ""c"": 0.3009, ""capture"": 0.001, ""share"": 0.002, ""miss_deg"": 3.81, ""labels"": [259]}, {""name"": ""苹果红"", ""m"": 0.00712, ""q"": 0.0, ""c"": 0.3721, ""capture"": 0.0, ""share"": 0.0, ""miss_deg"": 4.45, ""labels"": [260]}]"
2026_08_25/u3,u3,v9,walking,vis,122.49,122.98,0.49,2.072,球M,261,0.906,0.1419,0.412,0.036,0.104,0.843,物品台,389.6407,1,1,15,球M,1,2,"[{""name"": ""球M"", ""m"": 55.29458, ""q"": 0.1419, ""c"": 0.3441, ""capture"": 0.412, ""share"": 0.906, ""miss_deg"": 1.33, ""labels"": [261]}, {""name"": ""水瓶"", ""m"": 5.74417, ""q"": 0.0147, ""c"": 0.9921, ""capture"": 0.015, ""share"": 0.094, ""miss_deg"": 2.9, ""labels"": [30]}]"
2026_08_25/u3,u3,v9,walking,vis,123.03,123.41,0.38,1.967,球M,261,0.841,0.3649,0.981,0.07,0.188,0.566,物品台,389.6407,1,1,15,球M,1,3,"[{""name"": ""球M"", ""m"": 142.18123, ""q"": 0.3649, ""c"": 0.3721, ""capture"": 0.981, ""share"": 0.841, ""miss_deg"": 0.2, ""labels"": [261]}, {""name"": ""水瓶"", ""m"": 26.75795, ""q"": 0.0687, ""c"": 0.9962, ""capture"": 0.069, ""share"": 0.158, ""miss_deg"": 2.31, ""labels"": [30]}, {""name"": ""香蕉"", ""m"": 0.07667, ""q"": 0.0002, ""c"": 1.0, ""capture"": 0.0, ""share"": 0.0, ""miss_deg"": 4.13, ""labels"": [264]}]"
2026_08_25/u3,u3,v9,walking,vis,123.46,123.73,0.27,1.814,球M,261,0.926,0.1233,0.286,0.035,0.08,0.867,物品台,389.6407,1,1,15,球M,1,2,"[{""name"": ""球M"", ""m"": 48.02661, ""q"": 0.1233, ""c"": 0.4305, ""capture"": 0.286, ""share"": 0.926, ""miss_deg"": 1.58, ""labels"": [261]}, {""name"": ""水瓶"", ""m"": 3.83746, ""q"": 0.0098, ""c"": 0.9998, ""capture"": 0.01, ""share"": 0.074, ""miss_deg"": 3.04, ""labels"": [30]}]"
2026_08_25/u3,u3,v9,walking,vis,123.79,125.03,1.24,1.642,球M,261,0.843,0.3942,0.814,0.09,0.186,0.533,物品台,389.6407,1,1,15,球M,1,2,"[{""name"": ""球M"", ""m"": 153.597, ""q"": 0.3942, ""c"": 0.4843, ""capture"": 0.814, ""share"": 0.843, ""miss_deg"": 0.64, ""labels"": [261]}, {""name"": ""水瓶"", ""m"": 28.55911, ""q"": 0.0733, ""c"": 1.0, ""capture"": 0.073, ""share"": 0.157, ""miss_deg"": 2.29, ""labels"": [30]}]"
2026_08_25/u3,u3,v9,walking,vis,125.19,125.73,0.54,1.312,球M,261,0.717,0.6219,0.932,0.263,0.395,0.133,物品台,389.6407,1,1,15,球M,1,2,"[{""name"": ""球M"", ""m"": 242.32134, ""q"": 0.6219, ""c"": 0.6676, ""capture"": 0.932, ""share"": 0.717, ""miss_deg"": 0.38, ""labels"": [261]}, {""name"": ""水瓶"", ""m"": 95.65124, ""q"": 0.2455, ""c"": 1.0, ""capture"": 0.245, ""share"": 0.283, ""miss_deg"": 1.68, ""labels"": [30]}]"
2026_08_25/u3,u3,v9,walking,vis,127.05,127.59,0.54,1.632,,-1,0.0,0.0,,,,1.0,object#26,389.6407,0,0,,,,0,[]
2026_08_25/u3,u3,v9,walking,vis,129.56,129.94,0.38,0.958,,-1,0.0,0.0,,,,1.0,object#65,389.6407,0,0,,,,0,[]
