rec,card,era,flags,cfg,t_start_rel,t_end_rel,dur_s,dist_m,object,object_label,share,q,capture,A_cap,A_share,p_none,surface,W,acc_live,acc_e2,window_k,target,correct,n_cands,candidates
2026_08_16/000,e1,v7,,v1,35.34,35.62,0.27,1.359,石榴,78,1.0,,,,0.0,0.852,,,1,1,,,,1,"[{""name"": ""石榴"", ""share"": 1.0, ""labels"": [78]}]"
2026_08_16/000,e1,v7,,v1,35.68,36.01,0.32,1.335,香蕉,323,0.632,,,,0.582,0.125,,,1,1,,,,2,"[{""name"": ""香蕉"", ""share"": 0.632, ""labels"": [323]}, {""name"": ""苹果"", ""share"": 0.368, ""labels"": [300]}]"
2026_08_16/000,e1,v7,,v1,39.06,39.33,0.27,1.667,石榴,78,0.991,,,,0.009,0.442,,,1,1,,,,2,"[{""name"": ""石榴"", ""share"": 0.991, ""labels"": [78]}, {""name"": ""球R"", ""share"": 0.009, ""labels"": [322]}]"
2026_08_16/000,e1,v7,,v1,39.67,40.14,0.47,1.663,苹果,300,0.853,,,,0.172,0.24,,,1,1,,,,2,"[{""name"": ""苹果"", ""share"": 0.853, ""labels"": [300]}, {""name"": ""香蕉"", ""share"": 0.147, ""labels"": [323]}]"
2026_08_16/000,e1,v7,,v1,40.26,41.14,0.88,1.65,苹果,300,0.866,,,,0.155,0.26,,,1,1,,,,2,"[{""name"": ""苹果"", ""share"": 0.866, ""labels"": [300]}, {""name"": ""香蕉"", ""share"": 0.134, ""labels"": [323]}]"
2026_08_16/000,e1,v7,,v1,41.26,44.47,3.22,1.662,苹果,300,0.904,,,,0.106,0.289,,,1,1,1,苹果,1,2,"[{""name"": ""苹果"", ""share"": 0.904, ""labels"": [300]}, {""name"": ""香蕉"", ""share"": 0.096, ""labels"": [323]}]"
2026_08_16/000,e1,v7,,v1,44.58,45.97,1.39,1.657,苹果,300,0.774,,,,0.292,0.193,,,1,1,1,苹果,1,2,"[{""name"": ""苹果"", ""share"": 0.774, ""labels"": [300]}, {""name"": ""香蕉"", ""share"": 0.226, ""labels"": [323]}]"
2026_08_16/000,e1,v7,,v1,46.03,46.46,0.44,1.615,香蕉,323,0.692,,,,0.445,0.265,,,1,1,1,苹果,0,2,"[{""name"": ""香蕉"", ""share"": 0.692, ""labels"": [323]}, {""name"": ""苹果"", ""share"": 0.308, ""labels"": [300]}]"
2026_08_16/000,e1,v7,,v1,46.52,47.29,0.77,1.649,苹果,300,0.761,,,,0.314,0.216,,,1,1,,,,2,"[{""name"": ""苹果"", ""share"": 0.761, ""labels"": [300]}, {""name"": ""香蕉"", ""share"": 0.239, ""labels"": [323]}]"
2026_08_16/000,e1,v7,,v1,47.81,50.73,2.92,1.413,球M,321,1.0,,,,0.0,0.262,,,1,1,,,,1,"[{""name"": ""球M"", ""share"": 1.0, ""labels"": [321]}]"
2026_08_16/000,e1,v7,,v1,50.89,51.23,0.34,1.456,球M,321,1.0,,,,0.0,0.449,,,1,1,2,球M,1,1,"[{""name"": ""球M"", ""share"": 1.0, ""labels"": [321]}]"
2026_08_16/000,e1,v7,,v1,51.28,54.3,3.02,1.385,球M,321,1.0,,,,0.0,0.283,,,1,1,2,球M,1,1,"[{""name"": ""球M"", ""share"": 1.0, ""labels"": [321]}]"
2026_08_16/000,e1,v7,,v1,54.5,54.95,0.45,1.59,石榴,78,0.923,,,,0.083,0.517,,,1,1,,,,2,"[{""name"": ""石榴"", ""share"": 0.923, ""labels"": [78]}, {""name"": ""球R"", ""share"": 0.077, ""labels"": [322]}]"
2026_08_16/000,e1,v7,,v1,55.08,57.54,2.46,1.63,石榴,78,0.991,,,,0.009,0.558,,,1,1,3,石榴,1,2,"[{""name"": ""石榴"", ""share"": 0.991, ""labels"": [78]}, {""name"": ""球R"", ""share"": 0.009, ""labels"": [322]}]"
2026_08_16/000,e1,v7,,v1,57.64,60.9,3.26,1.649,石榴,78,0.979,,,,0.021,0.542,,,1,1,3,石榴,1,2,"[{""name"": ""石榴"", ""share"": 0.979, ""labels"": [78]}, {""name"": ""球R"", ""share"": 0.021, ""labels"": [322]}]"
2026_08_16/000,e1,v7,,v1,61.48,64.42,2.94,1.51,香蕉,323,0.94,,,,0.033,0.115,,,1,1,4,香蕉,1,3,"[{""name"": ""香蕉"", ""share"": 0.94, ""labels"": [323]}, {""name"": ""苹果"", ""share"": 0.031, ""labels"": [300]}, {""name"": ""球L"", ""share"": 0.029, ""labels"": [320]}]"
2026_08_16/000,e1,v7,,v1,64.47,65.15,0.68,1.535,香蕉,323,0.924,,,,0.071,0.108,,,1,1,4,香蕉,1,3,"[{""name"": ""香蕉"", ""share"": 0.924, ""labels"": [323]}, {""name"": ""苹果"", ""share"": 0.066, ""labels"": [300]}, {""name"": ""球L"", ""share"": 0.01, ""labels"": [320]}]"
2026_08_16/000,e1,v7,,v1,65.88,66.82,0.94,1.491,香蕉,323,0.913,,,,0.055,0.083,,,1,1,4,香蕉,1,3,"[{""name"": ""香蕉"", ""share"": 0.913, ""labels"": [323]}, {""name"": ""苹果"", ""share"": 0.05, ""labels"": [300]}, {""name"": ""球L"", ""share"": 0.037, ""labels"": [320]}]"
2026_08_16/000,e1,v7,,v1,66.87,67.15,0.27,1.54,香蕉,323,0.789,,,,0.267,0.839,,,1,1,4,香蕉,1,3,"[{""name"": ""香蕉"", ""share"": 0.789, ""labels"": [323]}, {""name"": ""球M"", ""share"": 0.211, ""labels"": [321]}, {""name"": ""苹果"", ""share"": 0.0, ""labels"": [300]}]"
2026_08_16/000,e1,v7,,v1,67.2,68.03,0.83,1.577,香蕉,323,0.932,,,,0.072,0.21,,,1,1,,,,3,"[{""name"": ""香蕉"", ""share"": 0.932, ""labels"": [323]}, {""name"": ""苹果"", ""share"": 0.067, ""labels"": [300]}, {""name"": ""球L"", ""share"": 0.001, ""labels"": [320]}]"
2026_08_16/000,e1,v7,,v1,68.59,69.54,0.95,1.423,球L,320,0.778,,,,0.285,0.147,,,1,1,,,,2,"[{""name"": ""球L"", ""share"": 0.778, ""labels"": [320]}, {""name"": ""香蕉"", ""share"": 0.222, ""labels"": [323]}]"
2026_08_16/000,e1,v7,,v1,70.45,70.95,0.5,2.689,floor,0,0.684,,,,0.462,0.523,,,0,0,5,球R,0,2,"[{""name"": ""floor"", ""share"": 0.684, ""labels"": [0]}, {""name"": ""球R"", ""share"": 0.316, ""labels"": [322]}]"
2026_08_16/000,e1,v7,,v1,71.0,73.51,2.51,1.48,球R,322,0.999,,,,0.001,0.663,,,1,1,5,球R,1,2,"[{""name"": ""球R"", ""share"": 0.999, ""labels"": [322]}, {""name"": ""石榴"", ""share"": 0.001, ""labels"": [78]}]"
2026_08_16/000,e1,v7,,v1,74.33,74.83,0.5,1.626,石榴,78,0.813,,,,0.23,0.761,,,1,1,,,,2,"[{""name"": ""石榴"", ""share"": 0.813, ""labels"": [78]}, {""name"": ""球R"", ""share"": 0.187, ""labels"": [322]}]"
2026_08_16/000,e1,v7,,v1,75.26,77.05,1.79,1.418,球L,320,0.765,,,,0.307,0.148,,,1,1,,,,2,"[{""name"": ""球L"", ""share"": 0.765, ""labels"": [320]}, {""name"": ""香蕉"", ""share"": 0.235, ""labels"": [323]}]"
2026_08_16/000,e1,v7,,v1,77.16,78.55,1.4,1.418,球L,320,0.759,,,,0.318,0.144,,,1,1,6,球L,1,2,"[{""name"": ""球L"", ""share"": 0.759, ""labels"": [320]}, {""name"": ""香蕉"", ""share"": 0.241, ""labels"": [323]}]"
2026_08_16/000,e1,v7,,v1,78.84,79.52,0.69,1.415,球L,320,0.665,,,,0.504,0.133,,,1,1,6,球L,1,2,"[{""name"": ""球L"", ""share"": 0.665, ""labels"": [320]}, {""name"": ""香蕉"", ""share"": 0.335, ""labels"": [323]}]"
2026_08_16/000,e1,v7,,v1,79.58,79.85,0.27,1.492,香蕉,323,0.758,,,,0.319,0.2,,,1,1,6,球L,0,2,"[{""name"": ""香蕉"", ""share"": 0.758, ""labels"": [323]}, {""name"": ""球L"", ""share"": 0.242, ""labels"": [320]}]"
2026_08_16/000,e1,v7,,v1,79.96,80.67,0.71,1.492,香蕉,323,0.808,,,,0.233,0.133,,,1,1,6,球L,0,3,"[{""name"": ""香蕉"", ""share"": 0.808, ""labels"": [323]}, {""name"": ""球L"", ""share"": 0.188, ""labels"": [320]}, {""name"": ""苹果"", ""share"": 0.004, ""labels"": [300]}]"
2026_08_16/000,e1,v7,,v1,80.73,81.25,0.52,1.436,球L,320,0.569,,,,0.757,0.131,,,1,1,,,,2,"[{""name"": ""球L"", ""share"": 0.569, ""labels"": [320]}, {""name"": ""香蕉"", ""share"": 0.431, ""labels"": [323]}]"
2026_08_16/000,e1,v7,,v1,81.3,81.8,0.5,1.483,香蕉,323,0.919,,,,0.049,0.09,,,1,1,,,,3,"[{""name"": ""香蕉"", ""share"": 0.919, ""labels"": [323]}, {""name"": ""球L"", ""share"": 0.045, ""labels"": [320]}, {""name"": ""苹果"", ""share"": 0.036, ""labels"": [300]}]"
2026_08_16/000,e1,v7,,v1,82.49,82.87,0.38,1.386,球M,321,1.0,,,,0.0,0.242,,,1,1,,,,1,"[{""name"": ""球M"", ""share"": 1.0, ""labels"": [321]}]"
2026_08_16/000,e1,v7,,v1,82.92,83.52,0.6,1.458,球M,321,1.0,,,,0.0,0.41,,,1,1,7,球M,1,1,"[{""name"": ""球M"", ""share"": 1.0, ""labels"": [321]}]"
2026_08_16/000,e1,v7,,v1,83.58,84.54,0.96,1.431,球M,321,1.0,,,,0.0,0.41,,,1,1,7,球M,1,1,"[{""name"": ""球M"", ""share"": 1.0, ""labels"": [321]}]"
2026_08_16/000,e1,v7,,v1,84.6,85.03,0.44,1.481,球M,321,1.0,,,,0.0,0.44,,,1,1,7,球M,1,1,"[{""name"": ""球M"", ""share"": 1.0, ""labels"": [321]}]"
2026_08_16/000,e1,v7,,v1,85.09,85.81,0.72,1.422,球M,321,1.0,,,,0.0,0.437,,,1,1,7,球M,1,1,"[{""name"": ""球M"", ""share"": 1.0, ""labels"": [321]}]"
2026_08_16/000,e1,v7,,v1,85.86,87.23,1.37,1.488,球M,321,1.0,,,,0.0,0.535,,,1,1,7,球M,1,1,"[{""name"": ""球M"", ""share"": 1.0, ""labels"": [321]}]"
2026_08_16/000,e1,v7,,v1,87.29,87.79,0.5,1.42,球M,321,1.0,,,,0.0,0.497,,,1,1,7,球M,1,1,"[{""name"": ""球M"", ""share"": 1.0, ""labels"": [321]}]"
2026_08_16/000,e1,v7,,v1,87.84,88.28,0.44,1.472,球M,321,1.0,,,,0.0,0.534,,,1,1,7,球M,1,1,"[{""name"": ""球M"", ""share"": 1.0, ""labels"": [321]}]"
2026_08_16/000,e1,v7,,v1,89.27,91.31,2.04,1.664,石榴,78,0.99,,,,0.01,0.583,,,1,1,,,,2,"[{""name"": ""石榴"", ""share"": 0.99, ""labels"": [78]}, {""name"": ""球R"", ""share"": 0.01, ""labels"": [322]}]"
2026_08_16/000,e1,v7,,v1,91.43,94.96,3.53,1.652,石榴,78,0.977,,,,0.024,0.652,,,1,1,8,石榴,1,2,"[{""name"": ""石榴"", ""share"": 0.977, ""labels"": [78]}, {""name"": ""球R"", ""share"": 0.023, ""labels"": [322]}]"
2026_08_16/000,e1,v7,,v1,95.48,96.04,0.56,1.494,香蕉,323,0.906,,,,0.057,0.089,,,1,1,,,,3,"[{""name"": ""香蕉"", ""share"": 0.906, ""labels"": [323]}, {""name"": ""球L"", ""share"": 0.052, ""labels"": [320]}, {""name"": ""苹果"", ""share"": 0.042, ""labels"": [300]}]"
2026_08_16/000,e1,v7,,v1,96.09,96.77,0.68,1.574,香蕉,323,0.925,,,,0.077,0.139,,,1,1,,,,3,"[{""name"": ""香蕉"", ""share"": 0.925, ""labels"": [323]}, {""name"": ""苹果"", ""share"": 0.071, ""labels"": [300]}, {""name"": ""球L"", ""share"": 0.004, ""labels"": [320]}]"
2026_08_16/000,e1,v7,,v1,96.92,98.03,1.1,1.572,香蕉,323,0.905,,,,0.102,0.146,,,1,1,9,香蕉,1,3,"[{""name"": ""香蕉"", ""share"": 0.905, ""labels"": [323]}, {""name"": ""苹果"", ""share"": 0.092, ""labels"": [300]}, {""name"": ""球L"", ""share"": 0.002, ""labels"": [320]}]"
2026_08_16/000,e1,v7,,v1,98.42,99.43,1.01,1.597,香蕉,323,0.863,,,,0.158,0.157,,,1,1,9,香蕉,1,3,"[{""name"": ""香蕉"", ""share"": 0.863, ""labels"": [323]}, {""name"": ""苹果"", ""share"": 0.136, ""labels"": [300]}, {""name"": ""球L"", ""share"": 0.001, ""labels"": [320]}]"
2026_08_16/000,e1,v7,,v1,99.79,100.65,0.87,1.608,香蕉,323,0.847,,,,0.179,0.157,,,1,1,9,香蕉,1,3,"[{""name"": ""香蕉"", ""share"": 0.847, ""labels"": [323]}, {""name"": ""苹果"", ""share"": 0.152, ""labels"": [300]}, {""name"": ""球L"", ""share"": 0.001, ""labels"": [320]}]"
2026_08_16/000,e1,v7,,v1,101.26,101.76,0.5,1.649,香蕉,323,0.503,,,,0.988,0.335,,,1,1,9,香蕉,1,2,"[{""name"": ""香蕉"", ""share"": 0.503, ""labels"": [323]}, {""name"": ""苹果"", ""share"": 0.497, ""labels"": [300]}]"
2026_08_16/000,e1,v7,,v1,102.44,105.28,2.83,1.453,球L,320,0.634,,,,0.577,0.133,,,1,1,,,,2,"[{""name"": ""球L"", ""share"": 0.634, ""labels"": [320]}, {""name"": ""香蕉"", ""share"": 0.366, ""labels"": [323]}]"
2026_08_16/000,e1,v7,,v1,105.38,108.98,3.6,1.487,香蕉,323,0.592,,,,0.689,0.128,,,1,1,10,球L,0,2,"[{""name"": ""香蕉"", ""share"": 0.592, ""labels"": [323]}, {""name"": ""球L"", ""share"": 0.408, ""labels"": [320]}]"
2026_08_16/000,e1,v7,,v1,109.36,111.89,2.53,1.65,苹果,300,0.771,,,,0.297,0.442,,,1,1,,,,2,"[{""name"": ""苹果"", ""share"": 0.771, ""labels"": [300]}, {""name"": ""香蕉"", ""share"": 0.229, ""labels"": [323]}]"
2026_08_16/000,e1,v7,,v1,112.0,112.83,0.83,1.654,苹果,300,0.813,,,,0.23,0.498,,,1,1,11,苹果,1,2,"[{""name"": ""苹果"", ""share"": 0.813, ""labels"": [300]}, {""name"": ""香蕉"", ""share"": 0.187, ""labels"": [323]}]"
2026_08_16/000,e1,v7,,v1,113.15,114.45,1.3,1.663,苹果,300,0.832,,,,0.202,0.597,,,1,1,11,苹果,1,2,"[{""name"": ""苹果"", ""share"": 0.832, ""labels"": [300]}, {""name"": ""香蕉"", ""share"": 0.168, ""labels"": [323]}]"
2026_08_16/000,e1,v7,,v1,114.56,114.84,0.28,1.664,苹果,300,0.759,,,,0.318,0.536,,,1,1,11,苹果,1,2,"[{""name"": ""苹果"", ""share"": 0.759, ""labels"": [300]}, {""name"": ""香蕉"", ""share"": 0.241, ""labels"": [323]}]"
2026_08_16/000,e1,v7,,v1,114.94,116.34,1.4,1.666,苹果,300,0.726,,,,0.377,0.538,,,1,1,11,苹果,1,2,"[{""name"": ""苹果"", ""share"": 0.726, ""labels"": [300]}, {""name"": ""香蕉"", ""share"": 0.274, ""labels"": [323]}]"
2026_08_16/000,e1,v7,,v1,116.39,116.71,0.32,1.557,球M,321,0.995,,,,0.005,0.841,,,1,1,,,,2,"[{""name"": ""球M"", ""share"": 0.995, ""labels"": [321]}, {""name"": ""石榴"", ""share"": 0.005, ""labels"": [78]}]"
2026_08_16/000,e1,v7,,v1,117.61,123.36,5.75,1.473,球R,322,1.0,,,,0.0,0.686,,,1,1,12,球R,1,2,"[{""name"": ""球R"", ""share"": 1.0, ""labels"": [322]}, {""name"": ""石榴"", ""share"": 0.0, ""labels"": [78]}]"
2026_08_16/001,e2,v7,stress,v1,8.06,8.71,0.65,2.539,floor,0,1.0,,,,0.0,0.064,,,0,0,,,,1,"[{""name"": ""floor"", ""share"": 1.0, ""labels"": [0]}]"
2026_08_16/001,e2,v7,stress,v1,8.88,9.2,0.32,2.76,floor,0,1.0,,,,0.0,0.061,,,0,0,,,,1,"[{""name"": ""floor"", ""share"": 1.0, ""labels"": [0]}]"
2026_08_16/001,e2,v7,stress,v1,9.25,9.69,0.43,3.059,floor,0,1.0,,,,0.0,0.089,,,0,0,,,,1,"[{""name"": ""floor"", ""share"": 1.0, ""labels"": [0]}]"
2026_08_16/001,e2,v7,stress,v1,10.59,10.86,0.27,2.847,球M,321,1.0,,,,0.0,0.999,,,1,1,,,,1,"[{""name"": ""球M"", ""share"": 1.0, ""labels"": [321]}]"
2026_08_16/001,e2,v7,stress,v1,10.91,11.29,0.38,3.104,球M,321,0.997,,,,0.001,0.86,,,1,1,,,,3,"[{""name"": ""球M"", ""share"": 0.997, ""labels"": [321]}, {""name"": ""球R"", ""share"": 0.001, ""labels"": [322]}, {""name"": ""香蕉"", ""share"": 0.001, ""labels"": [323]}]"
2026_08_16/001,e2,v7,stress,v1,11.4,11.94,0.54,3.057,球L,320,0.909,,,,0.075,0.917,,,1,1,,,,3,"[{""name"": ""球L"", ""share"": 0.909, ""labels"": [320]}, {""name"": ""香蕉"", ""share"": 0.068, ""labels"": [323]}, {""name"": ""球M"", ""share"": 0.023, ""labels"": [321]}]"
2026_08_16/001,e2,v7,stress,v1,12.59,15.9,3.3,3.175,球L,320,0.909,,,,0.095,0.873,,,1,1,,,,3,"[{""name"": ""球L"", ""share"": 0.909, ""labels"": [320]}, {""name"": ""香蕉"", ""share"": 0.086, ""labels"": [323]}, {""name"": ""苹果"", ""share"": 0.005, ""labels"": [300]}]"
2026_08_16/001,e2,v7,stress,v1,16.18,18.34,2.17,3.164,球L,320,0.896,,,,0.098,0.825,,,1,1,1,球L,1,3,"[{""name"": ""球L"", ""share"": 0.896, ""labels"": [320]}, {""name"": ""香蕉"", ""share"": 0.088, ""labels"": [323]}, {""name"": ""苹果"", ""share"": 0.015, ""labels"": [300]}]"
2026_08_16/001,e2,v7,stress,v1,18.72,19.1,0.38,3.171,球L,320,0.679,,,,0.255,0.894,,,1,1,1,球L,1,3,"[{""name"": ""球L"", ""share"": 0.679, ""labels"": [320]}, {""name"": ""香蕉"", ""share"": 0.173, ""labels"": [323]}, {""name"": ""球M"", ""share"": 0.145, ""labels"": [321]}]"
2026_08_16/001,e2,v7,stress,v1,19.64,20.4,0.76,3.193,球R,322,0.993,,,,0.007,0.925,,,1,1,,,,2,"[{""name"": ""球R"", ""share"": 0.993, ""labels"": [322]}, {""name"": ""石榴"", ""share"": 0.007, ""labels"": [78]}]"
2026_08_16/001,e2,v7,stress,v1,20.85,21.83,0.97,3.2,球R,322,0.87,,,,0.143,0.941,,,1,1,,,,3,"[{""name"": ""球R"", ""share"": 0.87, ""labels"": [322]}, {""name"": ""球M"", ""share"": 0.124, ""labels"": [321]}, {""name"": ""石榴"", ""share"": 0.007, ""labels"": [78]}]"
2026_08_16/001,e2,v7,stress,v1,21.88,22.48,0.6,3.21,球R,322,0.857,,,,0.114,0.836,,,1,1,,,,3,"[{""name"": ""球R"", ""share"": 0.857, ""labels"": [322]}, {""name"": ""石榴"", ""share"": 0.098, ""labels"": [78]}, {""name"": ""球M"", ""share"": 0.045, ""labels"": [321]}]"
2026_08_16/001,e2,v7,stress,v1,22.91,24.97,2.06,3.183,球R,322,0.814,,,,0.229,0.954,,,1,1,,,,2,"[{""name"": ""球R"", ""share"": 0.814, ""labels"": [322]}, {""name"": ""球M"", ""share"": 0.186, ""labels"": [321]}]"
2026_08_16/001,e2,v7,stress,v1,25.14,26.0,0.87,3.189,球R,322,0.936,,,,0.059,0.934,,,1,1,,,,3,"[{""name"": ""球R"", ""share"": 0.936, ""labels"": [322]}, {""name"": ""球M"", ""share"": 0.055, ""labels"": [321]}, {""name"": ""石榴"", ""share"": 0.009, ""labels"": [78]}]"
2026_08_16/001,e2,v7,stress,v1,26.62,27.75,1.14,3.165,球L,320,0.732,,,,0.245,0.649,,,1,1,,,,3,"[{""name"": ""球L"", ""share"": 0.732, ""labels"": [320]}, {""name"": ""香蕉"", ""share"": 0.179, ""labels"": [323]}, {""name"": ""苹果"", ""share"": 0.087, ""labels"": [300]}]"
2026_08_16/001,e2,v7,stress,v1,27.92,28.57,0.65,3.268,球L,320,0.763,,,,0.194,0.692,,,1,1,,,,3,"[{""name"": ""球L"", ""share"": 0.763, ""labels"": [320]}, {""name"": ""香蕉"", ""share"": 0.148, ""labels"": [323]}, {""name"": ""苹果"", ""share"": 0.087, ""labels"": [300]}]"
2026_08_16/001,e2,v7,stress,v1,28.82,31.52,2.71,3.284,球L,320,0.758,,,,0.197,0.673,,,1,1,,,,3,"[{""name"": ""球L"", ""share"": 0.758, ""labels"": [320]}, {""name"": ""香蕉"", ""share"": 0.149, ""labels"": [323]}, {""name"": ""苹果"", ""share"": 0.091, ""labels"": [300]}]"
2026_08_16/001,e2,v7,stress,v1,31.58,31.85,0.27,3.283,球L,320,0.576,,,,0.458,0.797,,,1,1,,,,3,"[{""name"": ""球L"", ""share"": 0.576, ""labels"": [320]}, {""name"": ""香蕉"", ""share"": 0.264, ""labels"": [323]}, {""name"": ""球M"", ""share"": 0.119, ""labels"": [321]}]"
2026_08_16/001,e2,v7,stress,v1,32.18,32.5,0.32,3.286,球L,320,0.666,,,,0.321,0.612,,,1,1,2,球R,0,3,"[{""name"": ""球L"", ""share"": 0.666, ""labels"": [320]}, {""name"": ""香蕉"", ""share"": 0.214, ""labels"": [323]}, {""name"": ""苹果"", ""share"": 0.111, ""labels"": [300]}]"
2026_08_16/001,e2,v7,stress,v1,32.56,33.64,1.08,3.305,球R,322,0.822,,,,0.217,0.727,,,1,1,2,球R,1,2,"[{""name"": ""球R"", ""share"": 0.822, ""labels"": [322]}, {""name"": ""石榴"", ""share"": 0.178, ""labels"": [78]}]"
2026_08_16/001,e2,v7,stress,v1,33.8,34.24,0.43,3.327,球R,322,0.698,,,,0.262,0.803,,,1,1,2,球R,1,3,"[{""name"": ""球R"", ""share"": 0.698, ""labels"": [322]}, {""name"": ""石榴"", ""share"": 0.183, ""labels"": [78]}, {""name"": ""球M"", ""share"": 0.119, ""labels"": [321]}]"
2026_08_16/001,e2,v7,stress,v1,34.47,37.77,3.3,3.316,球R,322,0.73,,,,0.274,0.756,,,1,1,2,球R,1,3,"[{""name"": ""球R"", ""share"": 0.73, ""labels"": [322]}, {""name"": ""石榴"", ""share"": 0.2, ""labels"": [78]}, {""name"": ""球M"", ""share"": 0.07, ""labels"": [321]}]"
2026_08_16/001,e2,v7,stress,v1,38.0,38.71,0.7,3.326,球R,322,0.795,,,,0.22,0.773,,,1,1,2,球R,1,3,"[{""name"": ""球R"", ""share"": 0.795, ""labels"": [322]}, {""name"": ""石榴"", ""share"": 0.175, ""labels"": [78]}, {""name"": ""球M"", ""share"": 0.03, ""labels"": [321]}]"
2026_08_16/001,e2,v7,stress,v1,38.98,39.9,0.92,3.31,球R,322,0.743,,,,0.285,0.734,,,1,1,2,球R,1,3,"[{""name"": ""球R"", ""share"": 0.743, ""labels"": [322]}, {""name"": ""石榴"", ""share"": 0.212, ""labels"": [78]}, {""name"": ""球M"", ""share"": 0.045, ""labels"": [321]}]"
2026_08_16/001,e2,v7,stress,v1,40.15,40.42,0.27,3.515,球M,321,0.92,,,,0.045,0.931,,,1,1,,,,3,"[{""name"": ""球M"", ""share"": 0.92, ""labels"": [321]}, {""name"": ""香蕉"", ""share"": 0.041, ""labels"": [323]}, {""name"": ""球L"", ""share"": 0.039, ""labels"": [320]}]"
2026_08_16/001,e2,v7,stress,v1,40.53,40.91,0.38,3.452,球M,321,0.956,,,,0.026,0.95,,,1,1,,,,3,"[{""name"": ""球M"", ""share"": 0.956, ""labels"": [321]}, {""name"": ""球L"", ""share"": 0.025, ""labels"": [320]}, {""name"": ""香蕉"", ""share"": 0.02, ""labels"": [323]}]"
2026_08_16/001,e2,v7,stress,v1,43.74,45.42,1.68,3.61,球M,321,0.963,,,,0.03,0.909,,,1,1,5,球M,1,3,"[{""name"": ""球M"", ""share"": 0.963, ""labels"": [321]}, {""name"": ""香蕉"", ""share"": 0.029, ""labels"": [323]}, {""name"": ""球L"", ""share"": 0.007, ""labels"": [320]}]"
2026_08_16/001,e2,v7,stress,v1,46.8,49.4,2.6,3.275,球L,320,0.716,,,,0.27,0.718,,,1,1,,,,3,"[{""name"": ""球L"", ""share"": 0.716, ""labels"": [320]}, {""name"": ""香蕉"", ""share"": 0.193, ""labels"": [323]}, {""name"": ""苹果"", ""share"": 0.066, ""labels"": [300]}]"
2026_08_16/001,e2,v7,stress,v1,49.66,51.12,1.46,3.274,球L,320,0.592,,,,0.463,0.675,,,1,1,,,,3,"[{""name"": ""球L"", ""share"": 0.592, ""labels"": [320]}, {""name"": ""香蕉"", ""share"": 0.274, ""labels"": [323]}, {""name"": ""苹果"", ""share"": 0.086, ""labels"": [300]}]"
2026_08_16/001,e2,v7,stress,v1,51.44,53.07,1.62,3.277,球L,320,0.718,,,,0.274,0.847,,,1,1,,,,3,"[{""name"": ""球L"", ""share"": 0.718, ""labels"": [320]}, {""name"": ""香蕉"", ""share"": 0.197, ""labels"": [323]}, {""name"": ""球M"", ""share"": 0.064, ""labels"": [321]}]"
2026_08_16/001,e2,v7,stress,v1,53.44,54.14,0.7,3.298,球L,320,0.715,,,,0.245,0.64,,,1,1,,,,3,"[{""name"": ""球L"", ""share"": 0.715, ""labels"": [320]}, {""name"": ""香蕉"", ""share"": 0.175, ""labels"": [323]}, {""name"": ""苹果"", ""share"": 0.106, ""labels"": [300]}]"
2026_08_16/001,e2,v7,stress,v1,54.2,56.53,2.33,3.274,球L,320,0.625,,,,0.39,0.609,,,1,1,,,,3,"[{""name"": ""球L"", ""share"": 0.625, ""labels"": [320]}, {""name"": ""香蕉"", ""share"": 0.244, ""labels"": [323]}, {""name"": ""苹果"", ""share"": 0.118, ""labels"": [300]}]"
2026_08_16/001,e2,v7,stress,v1,56.74,59.83,3.09,3.27,球L,320,0.627,,,,0.367,0.594,,,1,1,,,,3,"[{""name"": ""球L"", ""share"": 0.627, ""labels"": [320]}, {""name"": ""香蕉"", ""share"": 0.23, ""labels"": [323]}, {""name"": ""苹果"", ""share"": 0.131, ""labels"": [300]}]"
2026_08_16/001,e2,v7,stress,v1,60.49,62.76,2.27,3.338,球R,322,0.646,,,,0.396,0.738,,,1,1,10,球R,1,3,"[{""name"": ""球R"", ""share"": 0.646, ""labels"": [322]}, {""name"": ""石榴"", ""share"": 0.256, ""labels"": [78]}, {""name"": ""球M"", ""share"": 0.098, ""labels"": [321]}]"
2026_08_16/001,e2,v7,stress,v1,62.99,66.51,3.52,3.328,球R,322,0.764,,,,0.187,0.817,,,1,1,10,球R,1,3,"[{""name"": ""球R"", ""share"": 0.764, ""labels"": [322]}, {""name"": ""石榴"", ""share"": 0.143, ""labels"": [78]}, {""name"": ""球M"", ""share"": 0.094, ""labels"": [321]}]"
2026_08_16/001,e2,v7,stress,v1,67.2,69.42,2.22,3.275,球L,320,0.695,,,,0.281,0.801,,,1,1,11,球L,1,3,"[{""name"": ""球L"", ""share"": 0.695, ""labels"": [320]}, {""name"": ""香蕉"", ""share"": 0.195, ""labels"": [323]}, {""name"": ""球M"", ""share"": 0.065, ""labels"": [321]}]"
2026_08_16/001,e2,v7,stress,v1,69.64,71.37,1.73,3.283,球L,320,0.705,,,,0.292,0.819,,,1,1,11,球L,1,3,"[{""name"": ""球L"", ""share"": 0.705, ""labels"": [320]}, {""name"": ""香蕉"", ""share"": 0.206, ""labels"": [323]}, {""name"": ""球M"", ""share"": 0.059, ""labels"": [321]}]"
2026_08_16/001,e2,v7,stress,v1,71.61,73.88,2.27,3.287,球L,320,0.632,,,,0.384,0.697,,,1,1,11,球L,1,3,"[{""name"": ""球L"", ""share"": 0.632, ""labels"": [320]}, {""name"": ""香蕉"", ""share"": 0.243, ""labels"": [323]}, {""name"": ""苹果"", ""share"": 0.085, ""labels"": [300]}]"
2026_08_16/001,e2,v7,stress,v1,74.13,80.95,6.82,3.305,球R,322,0.899,,,,0.068,0.916,,,1,1,,,,3,"[{""name"": ""球R"", ""share"": 0.899, ""labels"": [322]}, {""name"": ""球M"", ""share"": 0.061, ""labels"": [321]}, {""name"": ""石榴"", ""share"": 0.039, ""labels"": [78]}]"
2026_08_16/001,e2,v7,stress,v1,81.41,81.68,0.27,3.522,球M,321,0.967,,,,0.025,0.927,,,1,1,,,,3,"[{""name"": ""球M"", ""share"": 0.967, ""labels"": [321]}, {""name"": ""香蕉"", ""share"": 0.024, ""labels"": [323]}, {""name"": ""球L"", ""share"": 0.009, ""labels"": [320]}]"
2026_08_16/001,e2,v7,stress,v1,81.85,86.29,4.44,3.285,球L,320,0.943,,,,0.051,0.896,,,1,1,,,,3,"[{""name"": ""球L"", ""share"": 0.943, ""labels"": [320]}, {""name"": ""香蕉"", ""share"": 0.048, ""labels"": [323]}, {""name"": ""苹果"", ""share"": 0.009, ""labels"": [300]}]"
2026_08_16/001,e2,v7,stress,v1,86.34,87.86,1.52,3.295,球L,320,0.784,,,,0.208,0.782,,,1,1,,,,3,"[{""name"": ""球L"", ""share"": 0.784, ""labels"": [320]}, {""name"": ""香蕉"", ""share"": 0.163, ""labels"": [323]}, {""name"": ""苹果"", ""share"": 0.04, ""labels"": [300]}]"
2026_08_16/001,e2,v7,stress,v1,89.87,90.14,0.27,3.453,球M,321,0.778,,,,0.175,0.928,,,1,1,,,,3,"[{""name"": ""球M"", ""share"": 0.778, ""labels"": [321]}, {""name"": ""球L"", ""share"": 0.136, ""labels"": [320]}, {""name"": ""香蕉"", ""share"": 0.087, ""labels"": [323]}]"
2026_08_16/001,e2,v7,stress,v1,90.47,90.74,0.27,4.61,球M,321,0.843,,,,0.133,0.791,,,1,1,,,,3,"[{""name"": ""球M"", ""share"": 0.843, ""labels"": [321]}, {""name"": ""香蕉"", ""share"": 0.112, ""labels"": [323]}, {""name"": ""球L"", ""share"": 0.038, ""labels"": [320]}]"
2026_08_16/001,e2,v7,stress,v1,91.28,91.61,0.32,3.661,球M,321,0.913,,,,0.069,0.889,,,1,1,,,,3,"[{""name"": ""球M"", ""share"": 0.913, ""labels"": [321]}, {""name"": ""香蕉"", ""share"": 0.063, ""labels"": [323]}, {""name"": ""球L"", ""share"": 0.024, ""labels"": [320]}]"
2026_08_16/001,e2,v7,stress,v1,93.23,93.5,0.27,3.709,球M,321,0.971,,,,0.03,0.88,,,1,1,12,球M,1,3,"[{""name"": ""球M"", ""share"": 0.971, ""labels"": [321]}, {""name"": ""香蕉"", ""share"": 0.029, ""labels"": [323]}, {""name"": ""石榴"", ""share"": 0.0, ""labels"": [78]}]"
2026_08_16/001,e2,v7,stress,v1,93.93,94.91,0.97,3.438,球M,321,0.902,,,,0.074,0.944,,,1,1,12,球M,1,3,"[{""name"": ""球M"", ""share"": 0.902, ""labels"": [321]}, {""name"": ""球L"", ""share"": 0.067, ""labels"": [320]}, {""name"": ""香蕉"", ""share"": 0.031, ""labels"": [323]}]"
2026_08_16/001,e2,v7,stress,v1,95.12,95.56,0.43,4.571,球M,321,0.83,,,,0.135,0.825,,,1,1,12,球M,1,3,"[{""name"": ""球M"", ""share"": 0.83, ""labels"": [321]}, {""name"": ""香蕉"", ""share"": 0.112, ""labels"": [323]}, {""name"": ""球L"", ""share"": 0.051, ""labels"": [320]}]"
2026_08_16/001,e2,v7,stress,v1,99.92,100.19,0.27,2.123,floor,0,1.0,,,,0.0,0.618,,,0,0,,,,1,"[{""name"": ""floor"", ""share"": 1.0, ""labels"": [0]}]"
2026_08_16/s1,s1,v7,,v1,13.86,14.24,0.38,1.613,球M,321,1.0,,,,0.0,0.575,,,1,1,,,,2,"[{""name"": ""球M"", ""share"": 1.0, ""labels"": [321]}, {""name"": ""石榴"", ""share"": 0.0, ""labels"": [78]}]"
2026_08_16/s1,s1,v7,,v1,14.51,15.0,0.49,1.756,石榴,78,0.557,,,,0.795,0.978,,,1,1,,,,2,"[{""name"": ""石榴"", ""share"": 0.557, ""labels"": [78]}, {""name"": ""球M"", ""share"": 0.443, ""labels"": [321]}]"
2026_08_16/s1,s1,v7,,v1,16.01,19.69,3.68,1.615,球R,322,0.997,,,,0.003,0.357,,,1,1,1,球R,1,2,"[{""name"": ""球R"", ""share"": 0.997, ""labels"": [322]}, {""name"": ""石榴"", ""share"": 0.003, ""labels"": [78]}]"
2026_08_16/s1,s1,v7,,v1,19.96,20.23,0.27,1.603,球R,322,0.988,,,,0.012,0.401,,,1,1,1,球R,1,2,"[{""name"": ""球R"", ""share"": 0.988, ""labels"": [322]}, {""name"": ""石榴"", ""share"": 0.012, ""labels"": [78]}]"
2026_08_16/s1,s1,v7,,v1,20.53,22.37,1.84,1.606,球R,322,0.99,,,,0.01,0.374,,,1,1,1,球R,1,2,"[{""name"": ""球R"", ""share"": 0.99, ""labels"": [322]}, {""name"": ""石榴"", ""share"": 0.01, ""labels"": [78]}]"
2026_08_16/s1,s1,v7,,v1,22.76,29.26,6.5,1.53,球L,320,0.86,,,,0.163,0.279,,,1,1,2,球L,1,2,"[{""name"": ""球L"", ""share"": 0.86, ""labels"": [320]}, {""name"": ""香蕉"", ""share"": 0.14, ""labels"": [323]}]"
2026_08_16/s1,s1,v7,,v1,29.8,31.31,1.52,1.488,球M,321,1.0,,,,0.0,0.292,,,1,1,,,,1,"[{""name"": ""球M"", ""share"": 1.0, ""labels"": [321]}]"
2026_08_16/s1,s1,v7,,v1,31.58,32.4,0.81,1.485,球M,321,1.0,,,,0.0,0.355,,,1,1,3,球M,1,2,"[{""name"": ""球M"", ""share"": 1.0, ""labels"": [321]}, {""name"": ""香蕉"", ""share"": 0.0, ""labels"": [323]}]"
2026_08_16/s1,s1,v7,,v1,32.75,36.27,3.52,1.485,球M,321,1.0,,,,0.0,0.411,,,1,1,3,球M,1,2,"[{""name"": ""球M"", ""share"": 1.0, ""labels"": [321]}, {""name"": ""香蕉"", ""share"": 0.0, ""labels"": [323]}]"
2026_08_16/s1,s1,v7,,v1,36.45,36.94,0.49,1.526,球L,320,0.966,,,,0.035,0.407,,,1,1,,,,2,"[{""name"": ""球L"", ""share"": 0.966, ""labels"": [320]}, {""name"": ""香蕉"", ""share"": 0.034, ""labels"": [323]}]"
2026_08_16/s1,s1,v7,,v1,37.0,38.3,1.3,1.514,球L,320,0.851,,,,0.175,0.264,,,1,1,,,,2,"[{""name"": ""球L"", ""share"": 0.851, ""labels"": [320]}, {""name"": ""香蕉"", ""share"": 0.149, ""labels"": [323]}]"
2026_08_16/s1,s1,v7,,v1,38.62,39.32,0.7,1.525,球L,320,0.767,,,,0.299,0.366,,,1,1,4,球L,1,3,"[{""name"": ""球L"", ""share"": 0.767, ""labels"": [320]}, {""name"": ""香蕉"", ""share"": 0.229, ""labels"": [323]}, {""name"": ""苹果"", ""share"": 0.003, ""labels"": [300]}]"
2026_08_16/s1,s1,v7,,v1,39.38,39.76,0.38,1.56,香蕉,323,0.609,,,,0.642,0.194,,,1,1,4,球L,0,2,"[{""name"": ""香蕉"", ""share"": 0.609, ""labels"": [323]}, {""name"": ""球L"", ""share"": 0.391, ""labels"": [320]}]"
2026_08_16/s1,s1,v7,,v1,39.81,42.95,3.14,1.539,球L,320,0.795,,,,0.258,0.215,,,1,1,4,球L,1,2,"[{""name"": ""球L"", ""share"": 0.795, ""labels"": [320]}, {""name"": ""香蕉"", ""share"": 0.205, ""labels"": [323]}]"
2026_08_16/s1,s1,v7,,v1,43.84,49.85,6.01,1.498,球M,321,1.0,,,,0.0,0.337,,,1,1,5,球M,1,2,"[{""name"": ""球M"", ""share"": 1.0, ""labels"": [321]}, {""name"": ""香蕉"", ""share"": 0.0, ""labels"": [323]}]"
2026_08_16/s1,s1,v7,,v1,50.63,54.15,3.52,1.499,球M,321,1.0,,,,0.0,0.296,,,1,1,6,球M,1,1,"[{""name"": ""球M"", ""share"": 1.0, ""labels"": [321]}]"
2026_08_16/s1,s1,v7,,v1,54.2,54.69,0.49,1.566,球M,321,1.0,,,,0.0,0.467,,,1,1,6,球M,1,1,"[{""name"": ""球M"", ""share"": 1.0, ""labels"": [321]}]"
2026_08_16/s1,s1,v7,,v1,54.75,55.4,0.65,1.485,球M,321,1.0,,,,0.0,0.349,,,1,1,6,球M,1,2,"[{""name"": ""球M"", ""share"": 1.0, ""labels"": [321]}, {""name"": ""香蕉"", ""share"": 0.0, ""labels"": [323]}]"
2026_08_16/s1,s1,v7,,v1,55.67,56.69,1.03,1.48,球M,321,1.0,,,,0.0,0.309,,,1,1,6,球M,1,2,"[{""name"": ""球M"", ""share"": 1.0, ""labels"": [321]}, {""name"": ""香蕉"", ""share"": 0.0, ""labels"": [323]}]"
2026_08_16/s1,s1,v7,,v1,56.99,60.95,3.95,1.587,球R,322,0.992,,,,0.008,0.327,,,1,1,7,球R,1,2,"[{""name"": ""球R"", ""share"": 0.992, ""labels"": [322]}, {""name"": ""石榴"", ""share"": 0.008, ""labels"": [78]}]"
2026_08_16/s1,s1,v7,,v1,61.0,63.44,2.44,1.586,球R,322,0.965,,,,0.036,0.426,,,1,1,7,球R,1,2,"[{""name"": ""球R"", ""share"": 0.965, ""labels"": [322]}, {""name"": ""石榴"", ""share"": 0.035, ""labels"": [78]}]"
2026_08_16/s1,s1,v7,,v1,63.94,64.86,0.92,1.57,球L,320,0.879,,,,0.135,0.553,,,1,1,,,,3,"[{""name"": ""球L"", ""share"": 0.879, ""labels"": [320]}, {""name"": ""香蕉"", ""share"": 0.119, ""labels"": [323]}, {""name"": ""苹果"", ""share"": 0.002, ""labels"": [300]}]"
2026_08_16/s1,s1,v7,,v1,65.19,68.98,3.79,1.558,球L,320,0.921,,,,0.086,0.471,,,1,1,8,球L,1,2,"[{""name"": ""球L"", ""share"": 0.921, ""labels"": [320]}, {""name"": ""香蕉"", ""share"": 0.079, ""labels"": [323]}]"
2026_08_16/s1,s1,v7,,v1,69.2,70.61,1.41,1.553,球L,320,0.748,,,,0.334,0.266,,,1,1,8,球L,1,3,"[{""name"": ""球L"", ""share"": 0.748, ""labels"": [320]}, {""name"": ""香蕉"", ""share"": 0.25, ""labels"": [323]}, {""name"": ""苹果"", ""share"": 0.001, ""labels"": [300]}]"
2026_08_16/s1,s1,v7,,v1,71.26,77.49,6.23,1.577,球L,320,0.884,,,,0.129,0.528,,,1,1,9,球L,1,3,"[{""name"": ""球L"", ""share"": 0.884, ""labels"": [320]}, {""name"": ""香蕉"", ""share"": 0.114, ""labels"": [323]}, {""name"": ""苹果"", ""share"": 0.002, ""labels"": [300]}]"
2026_08_16/s1,s1,v7,,v1,77.87,79.76,1.9,1.518,球M,321,0.999,,,,0.001,0.381,,,1,1,,,,2,"[{""name"": ""球M"", ""share"": 0.999, ""labels"": [321]}, {""name"": ""香蕉"", ""share"": 0.001, ""labels"": [323]}]"
2026_08_16/s1,s1,v7,,v1,79.82,80.41,0.6,1.549,球M,321,0.999,,,,0.001,0.421,,,1,1,10,球M,1,2,"[{""name"": ""球M"", ""share"": 0.999, ""labels"": [321]}, {""name"": ""香蕉"", ""share"": 0.001, ""labels"": [323]}]"
2026_08_16/s1,s1,v7,,v1,80.47,80.9,0.43,1.506,球M,321,1.0,,,,0.0,0.295,,,1,1,10,球M,1,2,"[{""name"": ""球M"", ""share"": 1.0, ""labels"": [321]}, {""name"": ""香蕉"", ""share"": 0.0, ""labels"": [323]}]"
2026_08_16/s1,s1,v7,,v1,81.19,81.79,0.6,1.519,球M,321,1.0,,,,0.0,0.359,,,1,1,10,球M,1,2,"[{""name"": ""球M"", ""share"": 1.0, ""labels"": [321]}, {""name"": ""香蕉"", ""share"": 0.0, ""labels"": [323]}]"
2026_08_16/s1,s1,v7,,v1,81.84,82.11,0.27,1.573,球M,321,0.939,,,,0.065,0.618,,,1,1,10,球M,1,2,"[{""name"": ""球M"", ""share"": 0.939, ""labels"": [321]}, {""name"": ""香蕉"", ""share"": 0.061, ""labels"": [323]}]"
2026_08_16/s1,s1,v7,,v1,82.22,82.98,0.76,1.576,球M,321,0.995,,,,0.005,0.485,,,1,1,10,球M,1,2,"[{""name"": ""球M"", ""share"": 0.995, ""labels"": [321]}, {""name"": ""香蕉"", ""share"": 0.005, ""labels"": [323]}]"
2026_08_16/s1,s1,v7,,v1,83.56,84.75,1.19,1.578,球M,321,0.987,,,,0.013,0.526,,,1,1,10,球M,1,2,"[{""name"": ""球M"", ""share"": 0.987, ""labels"": [321]}, {""name"": ""香蕉"", ""share"": 0.013, ""labels"": [323]}]"
2026_08_16/s1,s1,v7,,v1,85.1,87.38,2.28,1.615,球R,322,0.97,,,,0.031,0.428,,,1,1,,,,2,"[{""name"": ""球R"", ""share"": 0.97, ""labels"": [322]}, {""name"": ""石榴"", ""share"": 0.03, ""labels"": [78]}]"
2026_08_16/s1,s1,v7,,v1,87.65,91.55,3.9,1.596,球R,322,0.99,,,,0.01,0.454,,,1,1,11,球R,1,2,"[{""name"": ""球R"", ""share"": 0.99, ""labels"": [322]}, {""name"": ""石榴"", ""share"": 0.01, ""labels"": [78]}]"
2026_08_16/s1,s1,v7,,v1,92.03,97.66,5.63,1.51,球M,321,1.0,,,,0.0,0.329,,,1,1,12,球M,1,2,"[{""name"": ""球M"", ""share"": 1.0, ""labels"": [321]}, {""name"": ""香蕉"", ""share"": 0.0, ""labels"": [323]}]"
2026_08_16/s1,s1,v7,,v1,97.82,98.96,1.14,1.49,球M,321,1.0,,,,0.0,0.266,,,1,1,12,球M,1,1,"[{""name"": ""球M"", ""share"": 1.0, ""labels"": [321]}]"
2026_08_16/s1,s1,v7,,v1,99.26,105.98,6.72,1.609,球R,322,0.968,,,,0.033,0.377,,,1,1,13,球R,1,2,"[{""name"": ""球R"", ""share"": 0.968, ""labels"": [322]}, {""name"": ""石榴"", ""share"": 0.032, ""labels"": [78]}]"
2026_08_16/s1,s1,v7,,v1,106.49,111.37,4.87,1.617,球R,322,0.947,,,,0.056,0.41,,,1,1,14,球R,1,2,"[{""name"": ""球R"", ""share"": 0.947, ""labels"": [322]}, {""name"": ""石榴"", ""share"": 0.053, ""labels"": [78]}]"
2026_08_16/s1,s1,v7,,v1,111.42,111.69,0.27,1.665,球R,322,0.736,,,,0.359,0.743,,,1,1,14,球R,1,2,"[{""name"": ""球R"", ""share"": 0.736, ""labels"": [322]}, {""name"": ""石榴"", ""share"": 0.264, ""labels"": [78]}]"
2026_08_16/s1,s1,v7,,v1,111.75,113.21,1.46,1.615,球R,322,0.927,,,,0.079,0.455,,,1,1,14,球R,1,2,"[{""name"": ""球R"", ""share"": 0.927, ""labels"": [322]}, {""name"": ""石榴"", ""share"": 0.073, ""labels"": [78]}]"
2026_08_16/s1,s1,v7,,v1,113.26,113.53,0.27,1.585,香蕉,323,0.657,,,,0.513,0.719,,,1,1,,,,3,"[{""name"": ""香蕉"", ""share"": 0.657, ""labels"": [323]}, {""name"": ""球M"", ""share"": 0.337, ""labels"": [321]}, {""name"": ""球L"", ""share"": 0.005, ""labels"": [320]}]"
2026_08_16/s1,s1,v7,,v1,113.59,120.3,6.72,1.587,球L,320,0.873,,,,0.141,0.557,,,1,1,15,球L,1,3,"[{""name"": ""球L"", ""share"": 0.873, ""labels"": [320]}, {""name"": ""香蕉"", ""share"": 0.123, ""labels"": [323]}, {""name"": ""苹果"", ""share"": 0.004, ""labels"": [300]}]"
2026_08_16/s2,s2,v7,,v1,7.12,7.39,0.27,2.554,球M,321,0.957,,,,0.043,0.657,,,1,1,,,,3,"[{""name"": ""球M"", ""share"": 0.957, ""labels"": [321]}, {""name"": ""香蕉"", ""share"": 0.041, ""labels"": [323]}, {""name"": ""石榴"", ""share"": 0.002, ""labels"": [78]}]"
2026_08_16/s2,s2,v7,,v1,14.48,15.02,0.54,2.431,球M,321,0.827,,,,0.207,0.681,,,1,1,,,,3,"[{""name"": ""球M"", ""share"": 0.827, ""labels"": [321]}, {""name"": ""香蕉"", ""share"": 0.171, ""labels"": [323]}, {""name"": ""苹果"", ""share"": 0.001, ""labels"": [300]}]"
2026_08_16/s2,s2,v7,,v1,15.4,15.73,0.32,2.405,香蕉,323,0.713,,,,0.238,0.498,,,1,1,,,,3,"[{""name"": ""香蕉"", ""share"": 0.713, ""labels"": [323]}, {""name"": ""苹果"", ""share"": 0.17, ""labels"": [300]}, {""name"": ""球M"", ""share"": 0.066, ""labels"": [321]}]"
2026_08_16/s2,s2,v7,,v1,15.78,16.05,0.27,2.427,香蕉,323,0.537,,,,0.68,0.389,,,1,1,,,,3,"[{""name"": ""香蕉"", ""share"": 0.537, ""labels"": [323]}, {""name"": ""苹果"", ""share"": 0.365, ""labels"": [300]}, {""name"": ""球L"", ""share"": 0.093, ""labels"": [320]}]"
2026_08_16/s2,s2,v7,,v1,16.38,16.81,0.43,2.449,球L,320,0.557,,,,0.679,0.451,,,1,1,,,,3,"[{""name"": ""球L"", ""share"": 0.557, ""labels"": [320]}, {""name"": ""香蕉"", ""share"": 0.378, ""labels"": [323]}, {""name"": ""苹果"", ""share"": 0.059, ""labels"": [300]}]"
2026_08_16/s2,s2,v7,,v1,17.54,20.24,2.7,2.349,球M,321,0.994,,,,0.006,0.576,,,1,1,,,,3,"[{""name"": ""球M"", ""share"": 0.994, ""labels"": [321]}, {""name"": ""香蕉"", ""share"": 0.006, ""labels"": [323]}, {""name"": ""石榴"", ""share"": 0.0, ""labels"": [78]}]"
2026_08_16/s2,s2,v7,,v1,20.3,23.92,3.63,2.351,球M,321,0.995,,,,0.003,0.603,,,1,1,1,球M,1,3,"[{""name"": ""球M"", ""share"": 0.995, ""labels"": [321]}, {""name"": ""香蕉"", ""share"": 0.003, ""labels"": [323]}, {""name"": ""石榴"", ""share"": 0.002, ""labels"": [78]}]"
2026_08_16/s2,s2,v7,,v1,24.23,28.02,3.79,2.483,球R,322,0.892,,,,0.121,0.657,,,1,1,2,球R,1,2,"[{""name"": ""球R"", ""share"": 0.892, ""labels"": [322]}, {""name"": ""石榴"", ""share"": 0.108, ""labels"": [78]}]"
2026_08_16/s2,s2,v7,,v1,28.07,30.51,2.44,2.483,球R,322,0.895,,,,0.117,0.693,,,1,1,2,球R,1,2,"[{""name"": ""球R"", ""share"": 0.895, ""labels"": [322]}, {""name"": ""石榴"", ""share"": 0.105, ""labels"": [78]}]"
2026_08_16/s2,s2,v7,,v1,30.84,31.54,0.7,2.367,球M,321,0.995,,,,0.003,0.632,,,1,1,,,,3,"[{""name"": ""球M"", ""share"": 0.995, ""labels"": [321]}, {""name"": ""石榴"", ""share"": 0.003, ""labels"": [78]}, {""name"": ""香蕉"", ""share"": 0.002, ""labels"": [323]}]"
2026_08_16/s2,s2,v7,,v1,31.87,32.24,0.38,2.361,球M,321,0.981,,,,0.019,0.554,,,1,1,,,,3,"[{""name"": ""球M"", ""share"": 0.981, ""labels"": [321]}, {""name"": ""香蕉"", ""share"": 0.019, ""labels"": [323]}, {""name"": ""石榴"", ""share"": 0.0, ""labels"": [78]}]"
2026_08_16/s2,s2,v7,,v1,32.62,33.44,0.81,2.379,球M,321,0.991,,,,0.008,0.579,,,1,1,3,球M,1,3,"[{""name"": ""球M"", ""share"": 0.991, ""labels"": [321]}, {""name"": ""香蕉"", ""share"": 0.008, ""labels"": [323]}, {""name"": ""石榴"", ""share"": 0.001, ""labels"": [78]}]"
2026_08_16/s2,s2,v7,,v1,33.7,34.08,0.38,2.461,球M,321,0.963,,,,0.026,0.748,,,1,1,3,球M,1,3,"[{""name"": ""球M"", ""share"": 0.963, ""labels"": [321]}, {""name"": ""石榴"", ""share"": 0.025, ""labels"": [78]}, {""name"": ""香蕉"", ""share"": 0.01, ""labels"": [323]}]"
2026_08_16/s2,s2,v7,,v1,34.41,35.11,0.7,2.452,球M,321,0.957,,,,0.045,0.637,,,1,1,3,球M,1,3,"[{""name"": ""球M"", ""share"": 0.957, ""labels"": [321]}, {""name"": ""香蕉"", ""share"": 0.043, ""labels"": [323]}, {""name"": ""石榴"", ""share"": 0.0, ""labels"": [78]}]"
2026_08_16/s2,s2,v7,,v1,35.22,35.65,0.43,2.465,球M,321,0.967,,,,0.034,0.602,,,1,1,3,球M,1,2,"[{""name"": ""球M"", ""share"": 0.967, ""labels"": [321]}, {""name"": ""香蕉"", ""share"": 0.033, ""labels"": [323]}]"
2026_08_16/s2,s2,v7,,v1,35.71,37.66,1.95,2.359,球M,321,0.99,,,,0.01,0.548,,,1,1,3,球M,1,3,"[{""name"": ""球M"", ""share"": 0.99, ""labels"": [321]}, {""name"": ""香蕉"", ""share"": 0.01, ""labels"": [323]}, {""name"": ""石榴"", ""share"": 0.0, ""labels"": [78]}]"
2026_08_16/s2,s2,v7,,v1,37.96,42.29,4.33,2.488,球R,322,0.831,,,,0.203,0.558,,,1,1,4,球R,1,2,"[{""name"": ""球R"", ""share"": 0.831, ""labels"": [322]}, {""name"": ""石榴"", ""share"": 0.169, ""labels"": [78]}]"
2026_08_16/s2,s2,v7,,v1,42.45,43.86,1.41,2.495,球R,322,0.822,,,,0.217,0.545,,,1,1,4,球R,1,2,"[{""name"": ""球R"", ""share"": 0.822, ""labels"": [322]}, {""name"": ""石榴"", ""share"": 0.178, ""labels"": [78]}]"
2026_08_16/s2,s2,v7,,v1,43.92,44.4,0.49,2.45,球R,322,0.831,,,,0.203,0.736,,,1,1,4,球R,1,2,"[{""name"": ""球R"", ""share"": 0.831, ""labels"": [322]}, {""name"": ""石榴"", ""share"": 0.169, ""labels"": [78]}]"
2026_08_16/s2,s2,v7,,v1,44.92,49.25,4.33,2.426,球L,320,0.537,,,,0.579,0.382,,,1,1,5,球L,1,3,"[{""name"": ""球L"", ""share"": 0.537, ""labels"": [320]}, {""name"": ""香蕉"", ""share"": 0.311, ""labels"": [323]}, {""name"": ""苹果"", ""share"": 0.152, ""labels"": [300]}]"
2026_08_16/s2,s2,v7,,v1,49.31,49.79,0.49,2.433,香蕉,323,0.577,,,,0.49,0.501,,,1,1,5,球L,0,3,"[{""name"": ""香蕉"", ""share"": 0.577, ""labels"": [323]}, {""name"": ""球L"", ""share"": 0.283, ""labels"": [320]}, {""name"": ""苹果"", ""share"": 0.091, ""labels"": [300]}]"
2026_08_16/s2,s2,v7,,v1,49.85,51.31,1.46,2.428,球L,320,0.591,,,,0.523,0.379,,,1,1,5,球L,1,3,"[{""name"": ""球L"", ""share"": 0.591, ""labels"": [320]}, {""name"": ""香蕉"", ""share"": 0.309, ""labels"": [323]}, {""name"": ""苹果"", ""share"": 0.1, ""labels"": [300]}]"
2026_08_16/s2,s2,v7,,v1,51.88,57.08,5.2,2.471,球R,322,0.813,,,,0.23,0.584,,,1,1,6,球R,1,2,"[{""name"": ""球R"", ""share"": 0.813, ""labels"": [322]}, {""name"": ""石榴"", ""share"": 0.187, ""labels"": [78]}]"
2026_08_16/s2,s2,v7,,v1,57.41,58.22,0.81,2.444,球R,322,0.78,,,,0.282,0.636,,,1,1,6,球R,1,2,"[{""name"": ""球R"", ""share"": 0.78, ""labels"": [322]}, {""name"": ""石榴"", ""share"": 0.22, ""labels"": [78]}]"
2026_08_16/s2,s2,v7,,v1,58.5,59.15,0.65,2.361,球M,321,0.985,,,,0.015,0.542,,,1,1,,,,3,"[{""name"": ""球M"", ""share"": 0.985, ""labels"": [321]}, {""name"": ""香蕉"", ""share"": 0.015, ""labels"": [323]}, {""name"": ""石榴"", ""share"": 0.0, ""labels"": [78]}]"
2026_08_16/s2,s2,v7,,v1,59.21,60.45,1.25,2.465,球M,321,0.974,,,,0.026,0.614,,,1,1,,,,3,"[{""name"": ""球M"", ""share"": 0.974, ""labels"": [321]}, {""name"": ""香蕉"", ""share"": 0.025, ""labels"": [323]}, {""name"": ""石榴"", ""share"": 0.001, ""labels"": [78]}]"
2026_08_16/s2,s2,v7,,v1,60.83,61.81,0.97,2.346,球M,321,0.968,,,,0.033,0.542,,,1,1,7,球M,1,3,"[{""name"": ""球M"", ""share"": 0.968, ""labels"": [321]}, {""name"": ""香蕉"", ""share"": 0.032, ""labels"": [323]}, {""name"": ""苹果"", ""share"": 0.0, ""labels"": [300]}]"
2026_08_16/s2,s2,v7,,v1,62.46,63.05,0.6,2.455,球M,321,0.969,,,,0.03,0.65,,,1,1,7,球M,1,3,"[{""name"": ""球M"", ""share"": 0.969, ""labels"": [321]}, {""name"": ""香蕉"", ""share"": 0.029, ""labels"": [323]}, {""name"": ""石榴"", ""share"": 0.001, ""labels"": [78]}]"
2026_08_16/s2,s2,v7,,v1,63.43,63.81,0.38,2.449,香蕉,323,0.608,,,,0.469,0.425,,,1,1,7,球M,0,3,"[{""name"": ""香蕉"", ""share"": 0.608, ""labels"": [323]}, {""name"": ""苹果"", ""share"": 0.285, ""labels"": [300]}, {""name"": ""球L"", ""share"": 0.087, ""labels"": [320]}]"
2026_08_16/s2,s2,v7,,v1,63.86,65.16,1.3,2.479,球M,321,0.955,,,,0.041,0.729,,,1,1,7,球M,1,3,"[{""name"": ""球M"", ""share"": 0.955, ""labels"": [321]}, {""name"": ""香蕉"", ""share"": 0.039, ""labels"": [323]}, {""name"": ""石榴"", ""share"": 0.005, ""labels"": [78]}]"
2026_08_16/s2,s2,v7,,v1,65.22,66.25,1.03,2.455,球L,320,0.536,,,,0.56,0.4,,,1,1,,,,3,"[{""name"": ""球L"", ""share"": 0.536, ""labels"": [320]}, {""name"": ""香蕉"", ""share"": 0.3, ""labels"": [323]}, {""name"": ""苹果"", ""share"": 0.164, ""labels"": [300]}]"
2026_08_16/s2,s2,v7,,v1,66.3,72.15,5.85,2.467,球L,320,0.579,,,,0.47,0.417,,,1,1,8,球L,1,3,"[{""name"": ""球L"", ""share"": 0.579, ""labels"": [320]}, {""name"": ""香蕉"", ""share"": 0.272, ""labels"": [323]}, {""name"": ""苹果"", ""share"": 0.149, ""labels"": [300]}]"
2026_08_16/s2,s2,v7,,v1,72.76,76.11,3.36,2.547,球R,322,0.877,,,,0.14,0.598,,,1,1,,,,2,"[{""name"": ""球R"", ""share"": 0.877, ""labels"": [322]}, {""name"": ""石榴"", ""share"": 0.123, ""labels"": [78]}]"
2026_08_16/s2,s2,v7,,v1,76.49,79.09,2.6,2.551,球R,322,0.891,,,,0.122,0.608,,,1,1,9,球R,1,2,"[{""name"": ""球R"", ""share"": 0.891, ""labels"": [322]}, {""name"": ""石榴"", ""share"": 0.109, ""labels"": [78]}]"
2026_08_16/s2,s2,v7,,v1,79.15,79.47,0.32,2.484,球R,322,0.914,,,,0.094,0.769,,,1,1,,,,2,"[{""name"": ""球R"", ""share"": 0.914, ""labels"": [322]}, {""name"": ""石榴"", ""share"": 0.086, ""labels"": [78]}]"
2026_08_16/s2,s2,v7,,v1,79.53,80.01,0.49,2.522,球R,322,0.899,,,,0.112,0.633,,,1,1,,,,2,"[{""name"": ""球R"", ""share"": 0.899, ""labels"": [322]}, {""name"": ""石榴"", ""share"": 0.101, ""labels"": [78]}]"
2026_08_16/s2,s2,v7,,v1,80.07,83.21,3.14,2.517,球R,322,0.777,,,,0.287,0.531,,,1,1,10,球R,1,2,"[{""name"": ""球R"", ""share"": 0.777, ""labels"": [322]}, {""name"": ""石榴"", ""share"": 0.223, ""labels"": [78]}]"
2026_08_16/s2,s2,v7,,v1,83.42,84.07,0.65,2.52,球R,322,0.834,,,,0.199,0.646,,,1,1,10,球R,1,2,"[{""name"": ""球R"", ""share"": 0.834, ""labels"": [322]}, {""name"": ""石榴"", ""share"": 0.166, ""labels"": [78]}]"
2026_08_16/s2,s2,v7,,v1,84.66,86.02,1.35,2.529,球R,322,0.78,,,,0.282,0.554,,,1,1,10,球R,1,2,"[{""name"": ""球R"", ""share"": 0.78, ""labels"": [322]}, {""name"": ""石榴"", ""share"": 0.22, ""labels"": [78]}]"
2026_08_16/s2,s2,v7,,v1,86.52,87.77,1.25,2.396,球M,321,0.971,,,,0.03,0.549,,,1,1,,,,3,"[{""name"": ""球M"", ""share"": 0.971, ""labels"": [321]}, {""name"": ""香蕉"", ""share"": 0.029, ""labels"": [323]}, {""name"": ""苹果"", ""share"": 0.0, ""labels"": [300]}]"
2026_08_16/s2,s2,v7,,v1,88.69,89.12,0.43,2.494,球M,321,0.938,,,,0.066,0.569,,,1,1,11,球M,1,3,"[{""name"": ""球M"", ""share"": 0.938, ""labels"": [321]}, {""name"": ""香蕉"", ""share"": 0.062, ""labels"": [323]}, {""name"": ""苹果"", ""share"": 0.0, ""labels"": [300]}]"
2026_08_16/s2,s2,v7,,v1,89.17,90.1,0.92,2.386,球M,321,0.975,,,,0.026,0.544,,,1,1,11,球M,1,2,"[{""name"": ""球M"", ""share"": 0.975, ""labels"": [321]}, {""name"": ""香蕉"", ""share"": 0.025, ""labels"": [323]}]"
2026_08_16/s2,s2,v7,,v1,90.15,90.64,0.49,2.507,球M,321,0.967,,,,0.027,0.698,,,1,1,11,球M,1,3,"[{""name"": ""球M"", ""share"": 0.967, ""labels"": [321]}, {""name"": ""石榴"", ""share"": 0.026, ""labels"": [78]}, {""name"": ""球R"", ""share"": 0.004, ""labels"": [322]}]"
2026_08_16/s2,s2,v7,,v1,91.18,91.5,0.32,2.393,球M,321,0.987,,,,0.012,0.569,,,1,1,11,球M,1,3,"[{""name"": ""球M"", ""share"": 0.987, ""labels"": [321]}, {""name"": ""香蕉"", ""share"": 0.012, ""labels"": [323]}, {""name"": ""石榴"", ""share"": 0.001, ""labels"": [78]}]"
2026_08_16/s2,s2,v7,,v1,91.94,93.29,1.35,2.391,球M,321,0.991,,,,0.009,0.566,,,1,1,11,球M,1,3,"[{""name"": ""球M"", ""share"": 0.991, ""labels"": [321]}, {""name"": ""香蕉"", ""share"": 0.009, ""labels"": [323]}, {""name"": ""石榴"", ""share"": 0.0, ""labels"": [78]}]"
2026_08_16/s2,s2,v7,,v1,93.7,98.26,4.56,2.467,球L,320,0.672,,,,0.375,0.428,,,1,1,12,球L,1,3,"[{""name"": ""球L"", ""share"": 0.672, ""labels"": [320]}, {""name"": ""香蕉"", ""share"": 0.252, ""labels"": [323]}, {""name"": ""苹果"", ""share"": 0.076, ""labels"": [300]}]"
2026_08_16/s2,s2,v7,,v1,98.58,99.5,0.92,2.463,球L,320,0.518,,,,0.656,0.366,,,1,1,12,球L,1,3,"[{""name"": ""球L"", ""share"": 0.518, ""labels"": [320]}, {""name"": ""香蕉"", ""share"": 0.34, ""labels"": [323]}, {""name"": ""苹果"", ""share"": 0.142, ""labels"": [300]}]"
2026_08_16/s2,s2,v7,,v1,99.77,100.26,0.49,2.475,球L,320,0.601,,,,0.506,0.395,,,1,1,12,球L,1,3,"[{""name"": ""球L"", ""share"": 0.601, ""labels"": [320]}, {""name"": ""香蕉"", ""share"": 0.304, ""labels"": [323]}, {""name"": ""苹果"", ""share"": 0.095, ""labels"": [300]}]"
2026_08_16/s2,s2,v7,,v1,100.68,100.95,0.27,2.399,球M,321,0.991,,,,0.007,0.574,,,1,1,,,,3,"[{""name"": ""球M"", ""share"": 0.991, ""labels"": [321]}, {""name"": ""香蕉"", ""share"": 0.007, ""labels"": [323]}, {""name"": ""石榴"", ""share"": 0.002, ""labels"": [78]}]"
2026_08_16/s2,s2,v7,,v1,101.0,101.55,0.54,2.506,球M,321,0.982,,,,0.016,0.601,,,1,1,,,,3,"[{""name"": ""球M"", ""share"": 0.982, ""labels"": [321]}, {""name"": ""香蕉"", ""share"": 0.016, ""labels"": [323]}, {""name"": ""石榴"", ""share"": 0.002, ""labels"": [78]}]"
2026_08_16/s2,s2,v7,,v1,101.6,104.42,2.82,2.409,球M,321,0.986,,,,0.013,0.558,,,1,1,,,,3,"[{""name"": ""球M"", ""share"": 0.986, ""labels"": [321]}, {""name"": ""香蕉"", ""share"": 0.013, ""labels"": [323]}, {""name"": ""石榴"", ""share"": 0.001, ""labels"": [78]}]"
2026_08_16/s2,s2,v7,,v1,104.69,105.12,0.43,2.412,球M,321,0.99,,,,0.006,0.608,,,1,1,13,球M,1,3,"[{""name"": ""球M"", ""share"": 0.99, ""labels"": [321]}, {""name"": ""香蕉"", ""share"": 0.006, ""labels"": [323]}, {""name"": ""石榴"", ""share"": 0.004, ""labels"": [78]}]"
2026_08_16/s2,s2,v7,,v1,105.23,106.96,1.73,2.378,球M,321,0.968,,,,0.033,0.531,,,1,1,13,球M,1,3,"[{""name"": ""球M"", ""share"": 0.968, ""labels"": [321]}, {""name"": ""香蕉"", ""share"": 0.032, ""labels"": [323]}, {""name"": ""苹果"", ""share"": 0.0, ""labels"": [300]}]"
2026_08_16/s2,s2,v7,,v1,107.02,107.5,0.49,2.405,球M,321,0.968,,,,0.022,0.715,,,1,1,13,球M,1,3,"[{""name"": ""球M"", ""share"": 0.968, ""labels"": [321]}, {""name"": ""石榴"", ""share"": 0.021, ""labels"": [78]}, {""name"": ""球R"", ""share"": 0.009, ""labels"": [322]}]"
2026_08_16/s2,s2,v7,,v1,107.84,108.33,0.49,2.47,球L,320,0.647,,,,0.402,0.418,,,1,1,,,,3,"[{""name"": ""球L"", ""share"": 0.647, ""labels"": [320]}, {""name"": ""香蕉"", ""share"": 0.26, ""labels"": [323]}, {""name"": ""苹果"", ""share"": 0.092, ""labels"": [300]}]"
2026_08_16/s2,s2,v7,,v1,108.38,109.25,0.87,2.442,香蕉,323,0.424,,,,0.967,0.364,,,0,0,,,,3,"[{""name"": ""香蕉"", ""share"": 0.424, ""labels"": [323]}, {""name"": ""球L"", ""share"": 0.41, ""labels"": [320]}, {""name"": ""苹果"", ""share"": 0.163, ""labels"": [300]}]"
2026_08_16/s2,s2,v7,,v1,109.57,113.26,3.68,2.47,球L,320,0.514,,,,0.654,0.376,,,1,1,14,球L,1,3,"[{""name"": ""球L"", ""share"": 0.514, ""labels"": [320]}, {""name"": ""香蕉"", ""share"": 0.336, ""labels"": [323]}, {""name"": ""苹果"", ""share"": 0.151, ""labels"": [300]}]"
2026_08_16/s2,s2,v7,,v1,113.31,113.74,0.43,2.463,香蕉,323,0.631,,,,0.341,0.551,,,1,1,14,球L,0,3,"[{""name"": ""香蕉"", ""share"": 0.631, ""labels"": [323]}, {""name"": ""球M"", ""share"": 0.215, ""labels"": [321]}, {""name"": ""苹果"", ""share"": 0.092, ""labels"": [300]}]"
2026_08_16/s2,s2,v7,,v1,113.8,114.67,0.87,2.475,球L,320,0.628,,,,0.428,0.413,,,1,1,14,球L,1,3,"[{""name"": ""球L"", ""share"": 0.628, ""labels"": [320]}, {""name"": ""香蕉"", ""share"": 0.269, ""labels"": [323]}, {""name"": ""苹果"", ""share"": 0.103, ""labels"": [300]}]"
2026_08_16/s2,s2,v7,,v1,115.19,117.2,2.0,2.476,球L,320,0.684,,,,0.291,0.477,,,1,1,,,,3,"[{""name"": ""球L"", ""share"": 0.684, ""labels"": [320]}, {""name"": ""香蕉"", ""share"": 0.199, ""labels"": [323]}, {""name"": ""苹果"", ""share"": 0.117, ""labels"": [300]}]"
2026_08_16/s2,s2,v7,,v1,117.47,118.72,1.25,2.457,球L,320,0.541,,,,0.542,0.393,,,1,1,15,球L,1,3,"[{""name"": ""球L"", ""share"": 0.541, ""labels"": [320]}, {""name"": ""香蕉"", ""share"": 0.293, ""labels"": [323]}, {""name"": ""苹果"", ""share"": 0.166, ""labels"": [300]}]"
2026_08_16/s2,s2,v7,,v1,118.99,120.29,1.3,2.483,球L,320,0.581,,,,0.496,0.385,,,1,1,15,球L,1,3,"[{""name"": ""球L"", ""share"": 0.581, ""labels"": [320]}, {""name"": ""香蕉"", ""share"": 0.288, ""labels"": [323]}, {""name"": ""苹果"", ""share"": 0.131, ""labels"": [300]}]"
2026_08_16/s2,s2,v7,,v1,120.39,120.88,0.49,2.366,球M,321,0.55,,,,0.716,0.664,,,1,1,15,球L,0,3,"[{""name"": ""球M"", ""share"": 0.55, ""labels"": [321]}, {""name"": ""香蕉"", ""share"": 0.394, ""labels"": [323]}, {""name"": ""球L"", ""share"": 0.038, ""labels"": [320]}]"
2026_08_16/s2,s2,v7,,v1,122.54,122.92,0.38,2.943,floor,0,1.0,,,,0.0,0.2,,,0,0,,,,1,"[{""name"": ""floor"", ""share"": 1.0, ""labels"": [0]}]"
2026_08_16/s2,s2,v7,,v1,124.34,124.62,0.27,1.785,floor,0,1.0,,,,0.0,0.984,,,0,0,,,,1,"[{""name"": ""floor"", ""share"": 1.0, ""labels"": [0]}]"
2026_08_16/s3,s3,v7,,v1,15.9,16.23,0.32,4.333,球M,321,0.938,,,,0.06,0.831,,,1,1,,,,3,"[{""name"": ""球M"", ""share"": 0.938, ""labels"": [321]}, {""name"": ""香蕉"", ""share"": 0.056, ""labels"": [323]}, {""name"": ""球L"", ""share"": 0.005, ""labels"": [320]}]"
2026_08_16/s3,s3,v7,,v1,17.31,18.39,1.08,3.243,球M,321,0.922,,,,0.08,0.67,,,1,1,,,,3,"[{""name"": ""球M"", ""share"": 0.922, ""labels"": [321]}, {""name"": ""香蕉"", ""share"": 0.074, ""labels"": [323]}, {""name"": ""苹果"", ""share"": 0.003, ""labels"": [300]}]"
2026_08_16/s3,s3,v7,,v1,20.07,20.67,0.6,3.372,球M,321,0.994,,,,0.004,0.927,,,1,1,1,球M,1,3,"[{""name"": ""球M"", ""share"": 0.994, ""labels"": [321]}, {""name"": ""香蕉"", ""share"": 0.004, ""labels"": [323]}, {""name"": ""球R"", ""share"": 0.001, ""labels"": [322]}]"
2026_08_16/s3,s3,v7,,v1,20.72,21.54,0.81,3.404,球M,321,0.965,,,,0.035,0.94,,,1,1,1,球M,1,3,"[{""name"": ""球M"", ""share"": 0.965, ""labels"": [321]}, {""name"": ""球R"", ""share"": 0.034, ""labels"": [322]}, {""name"": ""香蕉"", ""share"": 0.001, ""labels"": [323]}]"
2026_08_16/s3,s3,v7,,v1,21.59,22.4,0.81,3.504,球M,321,0.979,,,,0.01,0.894,,,1,1,1,球M,1,3,"[{""name"": ""球M"", ""share"": 0.979, ""labels"": [321]}, {""name"": ""香蕉"", ""share"": 0.01, ""labels"": [323]}, {""name"": ""球R"", ""share"": 0.009, ""labels"": [322]}]"
2026_08_16/s3,s3,v7,,v1,23.43,23.76,0.32,3.509,球M,321,0.979,,,,0.011,0.892,,,1,1,1,球M,1,3,"[{""name"": ""球M"", ""share"": 0.979, ""labels"": [321]}, {""name"": ""香蕉"", ""share"": 0.011, ""labels"": [323]}, {""name"": ""球R"", ""share"": 0.008, ""labels"": [322]}]"
2026_08_16/s3,s3,v7,,v1,24.26,27.79,3.52,3.351,球L,320,0.813,,,,0.161,0.765,,,1,1,2,球L,1,3,"[{""name"": ""球L"", ""share"": 0.813, ""labels"": [320]}, {""name"": ""香蕉"", ""share"": 0.131, ""labels"": [323]}, {""name"": ""苹果"", ""share"": 0.055, ""labels"": [300]}]"
2026_08_16/s3,s3,v7,,v1,28.06,30.23,2.17,3.341,球L,320,0.822,,,,0.164,0.814,,,1,1,2,球L,1,3,"[{""name"": ""球L"", ""share"": 0.822, ""labels"": [320]}, {""name"": ""香蕉"", ""share"": 0.135, ""labels"": [323]}, {""name"": ""苹果"", ""share"": 0.036, ""labels"": [300]}]"
2026_08_16/s3,s3,v7,,v1,31.27,31.54,0.27,3.348,球L,320,0.785,,,,0.181,0.758,,,1,1,,,,3,"[{""name"": ""球L"", ""share"": 0.785, ""labels"": [320]}, {""name"": ""香蕉"", ""share"": 0.142, ""labels"": [323]}, {""name"": ""苹果"", ""share"": 0.06, ""labels"": [300]}]"
2026_08_16/s3,s3,v7,,v1,31.6,33.11,1.52,3.352,球L,320,0.834,,,,0.122,0.772,,,1,1,,,,3,"[{""name"": ""球L"", ""share"": 0.834, ""labels"": [320]}, {""name"": ""香蕉"", ""share"": 0.102, ""labels"": [323]}, {""name"": ""苹果"", ""share"": 0.064, ""labels"": [300]}]"
2026_08_16/s3,s3,v7,,v1,33.17,37.18,4.01,3.345,球L,320,0.841,,,,0.107,0.785,,,1,1,3,球L,1,3,"[{""name"": ""球L"", ""share"": 0.841, ""labels"": [320]}, {""name"": ""香蕉"", ""share"": 0.09, ""labels"": [323]}, {""name"": ""苹果"", ""share"": 0.07, ""labels"": [300]}]"
2026_08_16/s3,s3,v7,,v1,37.23,37.77,0.54,3.345,球L,320,0.897,,,,0.1,0.892,,,1,1,3,球L,1,3,"[{""name"": ""球L"", ""share"": 0.897, ""labels"": [320]}, {""name"": ""香蕉"", ""share"": 0.09, ""labels"": [323]}, {""name"": ""苹果"", ""share"": 0.007, ""labels"": [300]}]"
2026_08_16/s3,s3,v7,,v1,38.15,38.58,0.43,3.638,球M,321,0.943,,,,0.037,0.912,,,1,1,,,,3,"[{""name"": ""球M"", ""share"": 0.943, ""labels"": [321]}, {""name"": ""香蕉"", ""share"": 0.035, ""labels"": [323]}, {""name"": ""球L"", ""share"": 0.022, ""labels"": [320]}]"
2026_08_16/s3,s3,v7,,v1,40.31,40.64,0.32,3.369,球M,321,0.807,,,,0.175,0.709,,,1,1,4,球M,1,3,"[{""name"": ""球M"", ""share"": 0.807, ""labels"": [321]}, {""name"": ""香蕉"", ""share"": 0.141, ""labels"": [323]}, {""name"": ""球L"", ""share"": 0.038, ""labels"": [320]}]"
2026_08_16/s3,s3,v7,,v1,42.48,43.56,1.08,3.376,球M,321,0.92,,,,0.078,0.727,,,1,1,4,球M,1,3,"[{""name"": ""球M"", ""share"": 0.92, ""labels"": [321]}, {""name"": ""香蕉"", ""share"": 0.072, ""labels"": [323]}, {""name"": ""苹果"", ""share"": 0.005, ""labels"": [300]}]"
2026_08_16/s3,s3,v7,,v1,43.72,43.99,0.27,4.436,球M,321,0.963,,,,0.034,0.782,,,1,1,4,球M,1,3,"[{""name"": ""球M"", ""share"": 0.963, ""labels"": [321]}, {""name"": ""香蕉"", ""share"": 0.033, ""labels"": [323]}, {""name"": ""石榴"", ""share"": 0.002, ""labels"": [78]}]"
2026_08_16/s3,s3,v7,,v1,44.1,44.59,0.49,4.489,球M,321,0.951,,,,0.047,0.8,,,1,1,4,球M,1,3,"[{""name"": ""球M"", ""share"": 0.951, ""labels"": [321]}, {""name"": ""香蕉"", ""share"": 0.045, ""labels"": [323]}, {""name"": ""苹果"", ""share"": 0.001, ""labels"": [300]}]"
2026_08_16/s3,s3,v7,,v1,45.15,51.49,6.34,3.399,球R,322,0.845,,,,0.162,0.808,,,1,1,5,球R,1,3,"[{""name"": ""球R"", ""share"": 0.845, ""labels"": [322]}, {""name"": ""石榴"", ""share"": 0.137, ""labels"": [78]}, {""name"": ""球M"", ""share"": 0.018, ""labels"": [321]}]"
2026_08_16/s3,s3,v7,,v1,52.01,58.46,6.45,3.387,球R,322,0.846,,,,0.163,0.792,,,1,1,6,球R,1,3,"[{""name"": ""球R"", ""share"": 0.846, ""labels"": [322]}, {""name"": ""石榴"", ""share"": 0.138, ""labels"": [78]}, {""name"": ""球M"", ""share"": 0.016, ""labels"": [321]}]"
2026_08_16/s3,s3,v7,,v1,59.13,62.0,2.87,3.336,球L,320,0.787,,,,0.164,0.704,,,1,1,,,,3,"[{""name"": ""球L"", ""share"": 0.787, ""labels"": [320]}, {""name"": ""香蕉"", ""share"": 0.129, ""labels"": [323]}, {""name"": ""苹果"", ""share"": 0.082, ""labels"": [300]}]"
2026_08_16/s3,s3,v7,,v1,62.28,63.63,1.35,3.35,球L,320,0.799,,,,0.164,0.739,,,1,1,7,球L,1,3,"[{""name"": ""球L"", ""share"": 0.799, ""labels"": [320]}, {""name"": ""香蕉"", ""share"": 0.131, ""labels"": [323]}, {""name"": ""苹果"", ""share"": 0.068, ""labels"": [300]}]"
2026_08_16/s3,s3,v7,,v1,63.68,64.01,0.32,3.343,香蕉,323,0.359,,,,0.872,0.69,,,0,0,7,球L,0,3,"[{""name"": ""香蕉"", ""share"": 0.359, ""labels"": [323]}, {""name"": ""球M"", ""share"": 0.313, ""labels"": [321]}, {""name"": ""球L"", ""share"": 0.238, ""labels"": [320]}]"
2026_08_16/s3,s3,v7,,v1,64.06,64.6,0.54,3.343,球L,320,0.742,,,,0.204,0.656,,,1,1,7,球L,1,3,"[{""name"": ""球L"", ""share"": 0.742, ""labels"": [320]}, {""name"": ""香蕉"", ""share"": 0.151, ""labels"": [323]}, {""name"": ""苹果"", ""share"": 0.106, ""labels"": [300]}]"
2026_08_16/s3,s3,v7,,v1,64.82,65.47,0.65,3.337,球L,320,0.73,,,,0.21,0.659,,,1,1,7,球L,1,3,"[{""name"": ""球L"", ""share"": 0.73, ""labels"": [320]}, {""name"": ""香蕉"", ""share"": 0.153, ""labels"": [323]}, {""name"": ""苹果"", ""share"": 0.117, ""labels"": [300]}]"
2026_08_16/s3,s3,v7,,v1,65.68,66.06,0.38,3.36,球L,320,0.798,,,,0.16,0.729,,,1,1,,,,3,"[{""name"": ""球L"", ""share"": 0.798, ""labels"": [320]}, {""name"": ""香蕉"", ""share"": 0.128, ""labels"": [323]}, {""name"": ""苹果"", ""share"": 0.074, ""labels"": [300]}]"
2026_08_16/s3,s3,v7,,v1,66.29,72.25,5.96,3.345,球L,320,0.844,,,,0.103,0.781,,,1,1,8,球L,1,3,"[{""name"": ""球L"", ""share"": 0.844, ""labels"": [320]}, {""name"": ""香蕉"", ""share"": 0.087, ""labels"": [323]}, {""name"": ""苹果"", ""share"": 0.069, ""labels"": [300]}]"
2026_08_16/s3,s3,v7,,v1,72.59,76.22,3.63,3.395,球M,321,0.863,,,,0.139,0.66,,,1,1,9,球M,1,3,"[{""name"": ""球M"", ""share"": 0.863, ""labels"": [321]}, {""name"": ""香蕉"", ""share"": 0.12, ""labels"": [323]}, {""name"": ""苹果"", ""share"": 0.01, ""labels"": [300]}]"
2026_08_16/s3,s3,v7,,v1,76.27,78.55,2.27,3.402,球M,321,0.929,,,,0.058,0.697,,,1,1,9,球M,1,3,"[{""name"": ""球M"", ""share"": 0.929, ""labels"": [321]}, {""name"": ""香蕉"", ""share"": 0.054, ""labels"": [323]}, {""name"": ""石榴"", ""share"": 0.01, ""labels"": [78]}]"
2026_08_16/s3,s3,v7,,v1,78.77,79.25,0.49,3.404,球M,321,0.937,,,,0.059,0.714,,,1,1,9,球M,1,3,"[{""name"": ""球M"", ""share"": 0.937, ""labels"": [321]}, {""name"": ""香蕉"", ""share"": 0.055, ""labels"": [323]}, {""name"": ""石榴"", ""share"": 0.005, ""labels"": [78]}]"
2026_08_16/s3,s3,v7,,v1,79.6,82.91,3.3,3.375,球R,322,0.832,,,,0.202,0.754,,,1,1,,,,2,"[{""name"": ""球R"", ""share"": 0.832, ""labels"": [322]}, {""name"": ""石榴"", ""share"": 0.168, ""labels"": [78]}]"
2026_08_16/s3,s3,v7,,v1,82.96,83.94,0.97,3.404,球M,321,0.758,,,,0.214,0.803,,,1,1,10,球R,0,3,"[{""name"": ""球M"", ""share"": 0.758, ""labels"": [321]}, {""name"": ""球R"", ""share"": 0.162, ""labels"": [322]}, {""name"": ""石榴"", ""share"": 0.076, ""labels"": [78]}]"
2026_08_16/s3,s3,v7,,v1,83.99,84.91,0.92,3.398,球R,322,0.745,,,,0.325,0.698,,,1,1,10,球R,1,3,"[{""name"": ""球R"", ""share"": 0.745, ""labels"": [322]}, {""name"": ""石榴"", ""share"": 0.242, ""labels"": [78]}, {""name"": ""球M"", ""share"": 0.012, ""labels"": [321]}]"
2026_08_16/s3,s3,v7,,v1,85.52,86.0,0.49,3.326,球L,320,0.39,,,,0.921,0.592,,,0,0,10,球R,0,3,"[{""name"": ""球L"", ""share"": 0.39, ""labels"": [320]}, {""name"": ""香蕉"", ""share"": 0.359, ""labels"": [323]}, {""name"": ""苹果"", ""share"": 0.154, ""labels"": [300]}]"
2026_08_16/s3,s3,v7,,v1,86.06,86.65,0.6,3.398,球M,321,0.723,,,,0.292,0.655,,,1,1,,,,3,"[{""name"": ""球M"", ""share"": 0.723, ""labels"": [321]}, {""name"": ""香蕉"", ""share"": 0.211, ""labels"": [323]}, {""name"": ""苹果"", ""share"": 0.036, ""labels"": [300]}]"
2026_08_16/s3,s3,v7,,v1,86.71,88.06,1.35,3.356,球L,320,0.685,,,,0.261,0.635,,,1,1,,,,3,"[{""name"": ""球L"", ""share"": 0.685, ""labels"": [320]}, {""name"": ""香蕉"", ""share"": 0.179, ""labels"": [323]}, {""name"": ""苹果"", ""share"": 0.134, ""labels"": [300]}]"
2026_08_16/s3,s3,v7,,v1,88.12,91.85,3.74,3.359,球L,320,0.734,,,,0.229,0.671,,,1,1,11,球L,1,3,"[{""name"": ""球L"", ""share"": 0.734, ""labels"": [320]}, {""name"": ""香蕉"", ""share"": 0.168, ""labels"": [323]}, {""name"": ""苹果"", ""share"": 0.094, ""labels"": [300]}]"
2026_08_16/s3,s3,v7,,v1,92.12,93.42,1.3,3.341,球L,320,0.758,,,,0.207,0.722,,,1,1,11,球L,1,3,"[{""name"": ""球L"", ""share"": 0.758, ""labels"": [320]}, {""name"": ""香蕉"", ""share"": 0.157, ""labels"": [323]}, {""name"": ""苹果"", ""share"": 0.072, ""labels"": [300]}]"
2026_08_16/s3,s3,v7,,v1,94.37,96.1,1.73,3.392,球M,321,0.891,,,,0.103,0.686,,,1,1,,,,3,"[{""name"": ""球M"", ""share"": 0.891, ""labels"": [321]}, {""name"": ""香蕉"", ""share"": 0.092, ""labels"": [323]}, {""name"": ""球L"", ""share"": 0.009, ""labels"": [320]}]"
2026_08_16/s3,s3,v7,,v1,96.37,97.24,0.87,4.456,球M,321,0.958,,,,0.041,0.808,,,1,1,12,球M,1,3,"[{""name"": ""球M"", ""share"": 0.958, ""labels"": [321]}, {""name"": ""香蕉"", ""share"": 0.039, ""labels"": [323]}, {""name"": ""苹果"", ""share"": 0.001, ""labels"": [300]}]"
2026_08_16/s3,s3,v7,,v1,97.72,98.81,1.08,3.535,球M,321,0.962,,,,0.022,0.856,,,1,1,12,球M,1,3,"[{""name"": ""球M"", ""share"": 0.962, ""labels"": [321]}, {""name"": ""球R"", ""share"": 0.021, ""labels"": [322]}, {""name"": ""香蕉"", ""share"": 0.011, ""labels"": [323]}]"
2026_08_16/s3,s3,v7,,v1,100.9,106.7,5.8,3.386,球R,322,0.873,,,,0.131,0.82,,,1,1,13,球R,1,3,"[{""name"": ""球R"", ""share"": 0.873, ""labels"": [322]}, {""name"": ""石榴"", ""share"": 0.114, ""labels"": [78]}, {""name"": ""球M"", ""share"": 0.013, ""labels"": [321]}]"
2026_08_16/s3,s3,v7,,v1,106.75,107.29,0.54,3.375,球R,322,0.945,,,,0.058,0.907,,,1,1,13,球R,1,2,"[{""name"": ""球R"", ""share"": 0.945, ""labels"": [322]}, {""name"": ""石榴"", ""share"": 0.055, ""labels"": [78]}]"
2026_08_16/s3,s3,v7,,v1,108.35,108.9,0.54,3.379,球M,321,0.744,,,,0.241,0.741,,,1,1,,,,3,"[{""name"": ""球M"", ""share"": 0.744, ""labels"": [321]}, {""name"": ""香蕉"", ""share"": 0.179, ""labels"": [323]}, {""name"": ""球L"", ""share"": 0.056, ""labels"": [320]}]"
2026_08_16/s3,s3,v7,,v1,109.92,110.63,0.7,3.5,球M,321,0.943,,,,0.039,0.843,,,1,1,14,球M,1,3,"[{""name"": ""球M"", ""share"": 0.943, ""labels"": [321]}, {""name"": ""球R"", ""share"": 0.037, ""labels"": [322]}, {""name"": ""石榴"", ""share"": 0.013, ""labels"": [78]}]"
2026_08_16/s3,s3,v7,,v1,113.44,113.77,0.32,3.349,球L,320,0.686,,,,0.289,0.728,,,1,1,14,球M,0,3,"[{""name"": ""球L"", ""share"": 0.686, ""labels"": [320]}, {""name"": ""香蕉"", ""share"": 0.198, ""labels"": [323]}, {""name"": ""苹果"", ""share"": 0.078, ""labels"": [300]}]"
2026_08_16/s3,s3,v7,,v1,114.04,115.07,1.03,3.388,球M,321,0.939,,,,0.051,0.698,,,1,1,14,球M,1,3,"[{""name"": ""球M"", ""share"": 0.939, ""labels"": [321]}, {""name"": ""香蕉"", ""share"": 0.048, ""labels"": [323]}, {""name"": ""石榴"", ""share"": 0.007, ""labels"": [78]}]"
2026_08_16/s3,s3,v7,,v1,115.32,122.42,7.1,3.378,球R,322,0.827,,,,0.206,0.744,,,1,1,15,球R,1,3,"[{""name"": ""球R"", ""share"": 0.827, ""labels"": [322]}, {""name"": ""石榴"", ""share"": 0.17, ""labels"": [78]}, {""name"": ""球M"", ""share"": 0.003, ""labels"": [321]}]"
2026_08_16/s4,s4,v8,,v1,15.45,16.1,0.65,3.851,球R,193,0.805,,,,0.184,0.925,,,1,1,,,,3,"[{""name"": ""球R"", ""share"": 0.805, ""labels"": [193]}, {""name"": ""球M"", ""share"": 0.148, ""labels"": [192]}, {""name"": ""石榴"", ""share"": 0.048, ""labels"": [195]}]"
2026_08_16/s4,s4,v8,,v1,18.11,19.63,1.52,3.81,球L,191,0.929,,,,0.048,0.906,,,1,1,1,球L,1,3,"[{""name"": ""球L"", ""share"": 0.929, ""labels"": [191]}, {""name"": ""香蕉"", ""share"": 0.045, ""labels"": [196]}, {""name"": ""苹果"", ""share"": 0.026, ""labels"": [194]}]"
2026_08_16/s4,s4,v8,,v1,19.91,22.57,2.65,3.805,球L,191,0.916,,,,0.059,0.896,,,1,1,1,球L,1,3,"[{""name"": ""球L"", ""share"": 0.916, ""labels"": [191]}, {""name"": ""香蕉"", ""share"": 0.054, ""labels"": [196]}, {""name"": ""苹果"", ""share"": 0.029, ""labels"": [194]}]"
2026_08_16/s4,s4,v8,,v1,22.62,24.68,2.06,3.852,球L,191,0.979,,,,0.021,0.951,,,1,1,2,球L,1,2,"[{""name"": ""球L"", ""share"": 0.979, ""labels"": [191]}, {""name"": ""香蕉"", ""share"": 0.021, ""labels"": [196]}]"
2026_08_16/s4,s4,v8,,v1,24.84,28.91,4.06,3.802,球L,191,0.931,,,,0.049,0.901,,,1,1,2,球L,1,3,"[{""name"": ""球L"", ""share"": 0.931, ""labels"": [191]}, {""name"": ""香蕉"", ""share"": 0.046, ""labels"": [196]}, {""name"": ""苹果"", ""share"": 0.023, ""labels"": [194]}]"
2026_08_16/s4,s4,v8,,v1,29.15,29.7,0.54,3.88,球L,191,0.917,,,,0.055,0.881,,,1,1,,,,3,"[{""name"": ""球L"", ""share"": 0.917, ""labels"": [191]}, {""name"": ""香蕉"", ""share"": 0.05, ""labels"": [196]}, {""name"": ""苹果"", ""share"": 0.032, ""labels"": [194]}]"
2026_08_16/s4,s4,v8,,v1,29.75,30.35,0.6,3.786,球L,191,0.81,,,,0.112,0.744,,,1,1,3,球M,0,3,"[{""name"": ""球L"", ""share"": 0.81, ""labels"": [191]}, {""name"": ""香蕉"", ""share"": 0.091, ""labels"": [196]}, {""name"": ""苹果"", ""share"": 0.085, ""labels"": [194]}]"
2026_08_16/s4,s4,v8,,v1,30.62,31.05,0.43,3.792,球L,191,0.88,,,,0.074,0.821,,,1,1,3,球M,0,3,"[{""name"": ""球L"", ""share"": 0.88, ""labels"": [191]}, {""name"": ""香蕉"", ""share"": 0.065, ""labels"": [196]}, {""name"": ""苹果"", ""share"": 0.055, ""labels"": [194]}]"
2026_08_16/s4,s4,v8,,v1,31.16,31.75,0.6,3.798,球L,191,0.923,,,,0.044,0.894,,,1,1,3,球M,0,3,"[{""name"": ""球L"", ""share"": 0.923, ""labels"": [191]}, {""name"": ""香蕉"", ""share"": 0.041, ""labels"": [196]}, {""name"": ""苹果"", ""share"": 0.036, ""labels"": [194]}]"
2026_08_16/s4,s4,v8,,v1,32.16,32.43,0.27,3.836,球M,192,0.553,,,,0.703,0.949,,,1,1,3,球M,1,3,"[{""name"": ""球M"", ""share"": 0.553, ""labels"": [192]}, {""name"": ""球L"", ""share"": 0.389, ""labels"": [191]}, {""name"": ""香蕉"", ""share"": 0.058, ""labels"": [196]}]"
2026_08_16/s4,s4,v8,,v1,32.6,33.46,0.87,3.819,球M,192,0.852,,,,0.093,0.816,,,1,1,3,球M,1,3,"[{""name"": ""球M"", ""share"": 0.852, ""labels"": [192]}, {""name"": ""香蕉"", ""share"": 0.079, ""labels"": [196]}, {""name"": ""球L"", ""share"": 0.055, ""labels"": [191]}]"
2026_08_16/s4,s4,v8,,v1,34.87,35.2,0.32,3.813,球M,192,0.739,,,,0.183,0.837,,,1,1,3,球M,1,3,"[{""name"": ""球M"", ""share"": 0.739, ""labels"": [192]}, {""name"": ""球L"", ""share"": 0.135, ""labels"": [191]}, {""name"": ""香蕉"", ""share"": 0.107, ""labels"": [196]}]"
2026_08_16/s4,s4,v8,,v1,36.98,37.69,0.7,4.02,球M,192,0.78,,,,0.19,0.928,,,1,1,4,球R,0,3,"[{""name"": ""球M"", ""share"": 0.78, ""labels"": [192]}, {""name"": ""球L"", ""share"": 0.148, ""labels"": [191]}, {""name"": ""香蕉"", ""share"": 0.069, ""labels"": [196]}]"
2026_08_16/s4,s4,v8,,v1,37.9,38.55,0.65,4.013,球M,192,0.88,,,,0.108,0.957,,,1,1,4,球R,0,3,"[{""name"": ""球M"", ""share"": 0.88, ""labels"": [192]}, {""name"": ""球L"", ""share"": 0.095, ""labels"": [191]}, {""name"": ""香蕉"", ""share"": 0.025, ""labels"": [196]}]"
2026_08_16/s4,s4,v8,,v1,38.94,39.86,0.92,3.799,球R,193,0.842,,,,0.143,0.936,,,1,1,4,球R,1,3,"[{""name"": ""球R"", ""share"": 0.842, ""labels"": [193]}, {""name"": ""球M"", ""share"": 0.12, ""labels"": [192]}, {""name"": ""石榴"", ""share"": 0.038, ""labels"": [195]}]"
2026_08_16/s4,s4,v8,,v1,40.15,41.56,1.41,3.889,球R,193,0.84,,,,0.12,0.904,,,1,1,4,球R,1,3,"[{""name"": ""球R"", ""share"": 0.84, ""labels"": [193]}, {""name"": ""球M"", ""share"": 0.101, ""labels"": [192]}, {""name"": ""石榴"", ""share"": 0.059, ""labels"": [195]}]"
2026_08_16/s4,s4,v8,,v1,41.61,46.81,5.2,3.815,球R,193,0.902,,,,0.064,0.925,,,1,1,5,球R,1,3,"[{""name"": ""球R"", ""share"": 0.902, ""labels"": [193]}, {""name"": ""球M"", ""share"": 0.058, ""labels"": [192]}, {""name"": ""石榴"", ""share"": 0.04, ""labels"": [195]}]"
2026_08_16/s4,s4,v8,,v1,47.1,47.47,0.38,3.827,球R,193,0.852,,,,0.174,0.975,,,1,1,5,球R,1,2,"[{""name"": ""球R"", ""share"": 0.852, ""labels"": [193]}, {""name"": ""球M"", ""share"": 0.148, ""labels"": [192]}]"
2026_08_16/s4,s4,v8,,v1,47.53,48.67,1.14,3.874,球R,193,0.905,,,,0.059,0.918,,,1,1,5,球R,1,3,"[{""name"": ""球R"", ""share"": 0.905, ""labels"": [193]}, {""name"": ""石榴"", ""share"": 0.053, ""labels"": [195]}, {""name"": ""球M"", ""share"": 0.043, ""labels"": [192]}]"
2026_08_16/s4,s4,v8,,v1,48.72,49.64,0.92,3.849,球M,192,0.655,,,,0.527,0.968,,,1,1,,,,3,"[{""name"": ""球M"", ""share"": 0.655, ""labels"": [192]}, {""name"": ""球R"", ""share"": 0.345, ""labels"": [193]}, {""name"": ""香蕉"", ""share"": 0.0, ""labels"": [196]}]"
2026_08_16/s4,s4,v8,,v1,50.89,51.48,0.6,3.924,球R,193,0.745,,,,0.188,0.814,,,1,1,6,球M,0,3,"[{""name"": ""球R"", ""share"": 0.745, ""labels"": [193]}, {""name"": ""石榴"", ""share"": 0.14, ""labels"": [195]}, {""name"": ""球M"", ""share"": 0.115, ""labels"": [192]}]"
2026_08_16/s4,s4,v8,,v1,52.0,52.49,0.49,3.879,球M,192,0.592,,,,0.365,0.781,,,1,1,6,球M,1,3,"[{""name"": ""球M"", ""share"": 0.592, ""labels"": [192]}, {""name"": ""球L"", ""share"": 0.216, ""labels"": [191]}, {""name"": ""香蕉"", ""share"": 0.163, ""labels"": [196]}]"
2026_08_16/s4,s4,v8,,v1,53.3,53.57,0.27,3.83,球M,192,0.705,,,,0.193,0.761,,,1,1,6,球M,1,3,"[{""name"": ""球M"", ""share"": 0.705, ""labels"": [192]}, {""name"": ""球L"", ""share"": 0.136, ""labels"": [191]}, {""name"": ""香蕉"", ""share"": 0.133, ""labels"": [196]}]"
2026_08_16/s4,s4,v8,,v1,54.28,54.66,0.38,3.853,球M,192,0.78,,,,0.136,0.816,,,1,1,6,球M,1,3,"[{""name"": ""球M"", ""share"": 0.78, ""labels"": [192]}, {""name"": ""香蕉"", ""share"": 0.106, ""labels"": [196]}, {""name"": ""球L"", ""share"": 0.095, ""labels"": [191]}]"
2026_08_16/s4,s4,v8,,v1,55.69,55.96,0.27,3.868,球M,192,0.96,,,,0.032,0.971,,,1,1,6,球M,1,3,"[{""name"": ""球M"", ""share"": 0.96, ""labels"": [192]}, {""name"": ""球L"", ""share"": 0.031, ""labels"": [191]}, {""name"": ""球R"", ""share"": 0.009, ""labels"": [193]}]"
2026_08_16/s4,s4,v8,,v1,58.61,58.88,0.27,3.834,球M,192,0.826,,,,0.119,0.767,,,1,1,7,球M,1,3,"[{""name"": ""球M"", ""share"": 0.826, ""labels"": [192]}, {""name"": ""香蕉"", ""share"": 0.098, ""labels"": [196]}, {""name"": ""球L"", ""share"": 0.059, ""labels"": [191]}]"
2026_08_16/s4,s4,v8,,v1,60.41,61.06,0.65,3.939,球M,192,0.893,,,,0.049,0.78,,,1,1,7,球M,1,3,"[{""name"": ""球M"", ""share"": 0.893, ""labels"": [192]}, {""name"": ""香蕉"", ""share"": 0.044, ""labels"": [196]}, {""name"": ""球R"", ""share"": 0.032, ""labels"": [193]}]"
2026_08_16/s4,s4,v8,,v1,61.6,61.98,0.38,3.862,球M,192,0.893,,,,0.064,0.792,,,1,1,7,球M,1,3,"[{""name"": ""球M"", ""share"": 0.893, ""labels"": [192]}, {""name"": ""香蕉"", ""share"": 0.057, ""labels"": [196]}, {""name"": ""球L"", ""share"": 0.029, ""labels"": [191]}]"
2026_08_16/s4,s4,v8,,v1,62.52,62.79,0.27,4.063,球M,192,0.772,,,,0.177,0.892,,,1,1,7,球M,1,3,"[{""name"": ""球M"", ""share"": 0.772, ""labels"": [192]}, {""name"": ""球L"", ""share"": 0.137, ""labels"": [191]}, {""name"": ""香蕉"", ""share"": 0.081, ""labels"": [196]}]"
2026_08_16/s4,s4,v8,,v1,65.23,65.5,0.27,3.912,球M,192,0.85,,,,0.089,0.818,,,1,1,,,,3,"[{""name"": ""球M"", ""share"": 0.85, ""labels"": [192]}, {""name"": ""香蕉"", ""share"": 0.076, ""labels"": [196]}, {""name"": ""球L"", ""share"": 0.057, ""labels"": [191]}]"
2026_08_16/s4,s4,v8,,v1,65.97,66.57,0.6,3.843,球R,193,0.845,,,,0.122,0.842,,,1,1,,,,3,"[{""name"": ""球R"", ""share"": 0.845, ""labels"": [193]}, {""name"": ""石榴"", ""share"": 0.103, ""labels"": [195]}, {""name"": ""球M"", ""share"": 0.052, ""labels"": [192]}]"
2026_08_16/s4,s4,v8,,v1,66.62,66.89,0.27,3.915,球R,193,0.498,,,,0.584,0.759,,,1,0,,,,3,"[{""name"": ""球R"", ""share"": 0.498, ""labels"": [193]}, {""name"": ""球M"", ""share"": 0.291, ""labels"": [192]}, {""name"": ""石榴"", ""share"": 0.21, ""labels"": [195]}]"
2026_08_16/s4,s4,v8,,v1,67.17,67.82,0.65,3.863,球M,192,0.892,,,,0.053,0.787,,,1,1,,,,3,"[{""name"": ""球M"", ""share"": 0.892, ""labels"": [192]}, {""name"": ""球R"", ""share"": 0.047, ""labels"": [193]}, {""name"": ""香蕉"", ""share"": 0.036, ""labels"": [196]}]"
2026_08_16/s4,s4,v8,,v1,68.68,69.06,0.38,3.916,球M,192,0.905,,,,0.064,0.877,,,1,1,,,,3,"[{""name"": ""球M"", ""share"": 0.905, ""labels"": [192]}, {""name"": ""球R"", ""share"": 0.058, ""labels"": [193]}, {""name"": ""香蕉"", ""share"": 0.023, ""labels"": [196]}]"
2026_08_16/s4,s4,v8,,v1,69.17,69.55,0.38,3.872,球M,192,0.895,,,,0.064,0.831,,,1,1,,,,3,"[{""name"": ""球M"", ""share"": 0.895, ""labels"": [192]}, {""name"": ""球R"", ""share"": 0.057, ""labels"": [193]}, {""name"": ""香蕉"", ""share"": 0.027, ""labels"": [196]}]"
2026_08_16/s4,s4,v8,,v1,72.68,73.09,0.41,3.827,球M,192,0.866,,,,0.083,0.761,,,1,1,8,球L,0,3,"[{""name"": ""球M"", ""share"": 0.866, ""labels"": [192]}, {""name"": ""球R"", ""share"": 0.072, ""labels"": [193]}, {""name"": ""香蕉"", ""share"": 0.031, ""labels"": [196]}]"
2026_08_16/s4,s4,v8,,v1,75.47,76.52,1.05,3.784,球L,191,0.844,,,,0.101,0.78,,,1,1,8,球L,1,3,"[{""name"": ""球L"", ""share"": 0.844, ""labels"": [191]}, {""name"": ""香蕉"", ""share"": 0.085, ""labels"": [196]}, {""name"": ""苹果"", ""share"": 0.066, ""labels"": [194]}]"
2026_08_16/s4,s4,v8,,v1,76.63,77.62,0.99,3.793,球L,191,0.765,,,,0.159,0.711,,,1,1,8,球L,1,3,"[{""name"": ""球L"", ""share"": 0.765, ""labels"": [191]}, {""name"": ""苹果"", ""share"": 0.122, ""labels"": [194]}, {""name"": ""香蕉"", ""share"": 0.11, ""labels"": [196]}]"
2026_08_16/s4,s4,v8,,v1,78.1,78.86,0.76,3.781,球L,191,0.763,,,,0.16,0.723,,,1,1,,,,3,"[{""name"": ""球L"", ""share"": 0.763, ""labels"": [191]}, {""name"": ""香蕉"", ""share"": 0.122, ""labels"": [196]}, {""name"": ""苹果"", ""share"": 0.085, ""labels"": [194]}]"
2026_08_16/s4,s4,v8,,v1,79.64,80.11,0.47,3.772,球L,191,0.873,,,,0.086,0.903,,,1,1,9,球R,0,3,"[{""name"": ""球L"", ""share"": 0.873, ""labels"": [191]}, {""name"": ""香蕉"", ""share"": 0.075, ""labels"": [196]}, {""name"": ""球M"", ""share"": 0.044, ""labels"": [192]}]"
2026_08_16/s4,s4,v8,,v1,80.32,81.26,0.94,3.78,球L,191,0.736,,,,0.196,0.805,,,1,1,9,球R,0,3,"[{""name"": ""球L"", ""share"": 0.736, ""labels"": [191]}, {""name"": ""香蕉"", ""share"": 0.144, ""labels"": [196]}, {""name"": ""球M"", ""share"": 0.061, ""labels"": [192]}]"
2026_08_16/s4,s4,v8,,v1,82.19,84.34,2.16,3.842,球R,193,0.855,,,,0.132,0.841,,,1,1,9,球R,1,3,"[{""name"": ""球R"", ""share"": 0.855, ""labels"": [193]}, {""name"": ""石榴"", ""share"": 0.113, ""labels"": [195]}, {""name"": ""球M"", ""share"": 0.032, ""labels"": [192]}]"
2026_08_16/s4,s4,v8,,v1,84.45,84.74,0.29,3.81,球R,193,0.856,,,,0.141,0.804,,,1,1,9,球R,1,3,"[{""name"": ""球R"", ""share"": 0.856, ""labels"": [193]}, {""name"": ""石榴"", ""share"": 0.121, ""labels"": [195]}, {""name"": ""球M"", ""share"": 0.023, ""labels"": [192]}]"
2026_08_16/s4,s4,v8,,v1,85.05,85.58,0.52,3.801,球R,193,0.894,,,,0.102,0.843,,,1,1,,,,3,"[{""name"": ""球R"", ""share"": 0.894, ""labels"": [193]}, {""name"": ""石榴"", ""share"": 0.091, ""labels"": [195]}, {""name"": ""球M"", ""share"": 0.015, ""labels"": [192]}]"
2026_08_16/s4,s4,v8,,v1,86.15,86.85,0.7,3.823,球R,193,0.977,,,,0.012,0.938,,,1,1,,,,3,"[{""name"": ""球R"", ""share"": 0.977, ""labels"": [193]}, {""name"": ""石榴"", ""share"": 0.012, ""labels"": [195]}, {""name"": ""球M"", ""share"": 0.011, ""labels"": [192]}]"
2026_08_16/s4,s4,v8,,v1,86.97,87.49,0.52,3.805,球R,193,0.966,,,,0.025,0.942,,,1,1,10,球M,0,3,"[{""name"": ""球R"", ""share"": 0.966, ""labels"": [193]}, {""name"": ""球M"", ""share"": 0.024, ""labels"": [192]}, {""name"": ""石榴"", ""share"": 0.011, ""labels"": [195]}]"
2026_08_16/s4,s4,v8,,v1,87.74,88.09,0.35,3.816,球R,193,0.902,,,,0.055,0.907,,,1,1,10,球M,0,3,"[{""name"": ""球R"", ""share"": 0.902, ""labels"": [193]}, {""name"": ""石榴"", ""share"": 0.05, ""labels"": [195]}, {""name"": ""球M"", ""share"": 0.048, ""labels"": [192]}]"
2026_08_16/s4,s4,v8,,v1,88.2,88.55,0.35,3.794,球R,193,0.843,,,,0.16,0.771,,,1,1,10,球M,0,3,"[{""name"": ""球R"", ""share"": 0.843, ""labels"": [193]}, {""name"": ""石榴"", ""share"": 0.135, ""labels"": [195]}, {""name"": ""球M"", ""share"": 0.022, ""labels"": [192]}]"
2026_08_16/s4,s4,v8,,v1,95.13,95.51,0.39,3.801,球M,192,0.589,,,,0.355,0.677,,,1,1,11,球R,0,3,"[{""name"": ""球M"", ""share"": 0.589, ""labels"": [192]}, {""name"": ""香蕉"", ""share"": 0.209, ""labels"": [196]}, {""name"": ""球L"", ""share"": 0.141, ""labels"": [191]}]"
2026_08_16/s4,s4,v8,,v1,95.9,97.47,1.57,3.833,球R,193,0.757,,,,0.178,0.844,,,1,1,11,球R,1,3,"[{""name"": ""球R"", ""share"": 0.757, ""labels"": [193]}, {""name"": ""球M"", ""share"": 0.135, ""labels"": [192]}, {""name"": ""石榴"", ""share"": 0.109, ""labels"": [195]}]"
2026_08_16/s4,s4,v8,,v1,97.71,102.7,4.98,3.796,球R,193,0.825,,,,0.121,0.838,,,1,1,11,球R,1,3,"[{""name"": ""球R"", ""share"": 0.825, ""labels"": [193]}, {""name"": ""石榴"", ""share"": 0.1, ""labels"": [195]}, {""name"": ""球M"", ""share"": 0.075, ""labels"": [192]}]"
2026_08_16/s4,s4,v8,,v1,103.11,106.74,3.63,3.913,球R,193,0.787,,,,0.137,0.836,,,1,1,12,球R,1,3,"[{""name"": ""球R"", ""share"": 0.787, ""labels"": [193]}, {""name"": ""石榴"", ""share"": 0.108, ""labels"": [195]}, {""name"": ""球M"", ""share"": 0.105, ""labels"": [192]}]"
2026_08_16/s4,s4,v8,,v1,106.8,107.17,0.38,3.807,球M,192,0.542,,,,0.707,0.869,,,1,1,,,,3,"[{""name"": ""球M"", ""share"": 0.542, ""labels"": [192]}, {""name"": ""球R"", ""share"": 0.383, ""labels"": [193]}, {""name"": ""石榴"", ""share"": 0.075, ""labels"": [195]}]"
2026_08_16/s4,s4,v8,,v1,107.23,109.72,2.49,3.819,球R,193,0.88,,,,0.107,0.839,,,1,1,,,,3,"[{""name"": ""球R"", ""share"": 0.88, ""labels"": [193]}, {""name"": ""石榴"", ""share"": 0.094, ""labels"": [195]}, {""name"": ""球M"", ""share"": 0.026, ""labels"": [192]}]"
2026_08_16/s4,s4,v8,,v1,110.28,112.5,2.22,3.812,球M,192,0.88,,,,0.08,0.77,,,1,1,13,球M,1,3,"[{""name"": ""球M"", ""share"": 0.88, ""labels"": [192]}, {""name"": ""香蕉"", ""share"": 0.07, ""labels"": [196]}, {""name"": ""球L"", ""share"": 0.027, ""labels"": [191]}]"
2026_08_16/s4,s4,v8,,v1,113.05,115.11,2.06,3.818,球M,192,0.88,,,,0.077,0.772,,,1,1,,,,3,"[{""name"": ""球M"", ""share"": 0.88, ""labels"": [192]}, {""name"": ""香蕉"", ""share"": 0.068, ""labels"": [196]}, {""name"": ""球L"", ""share"": 0.027, ""labels"": [191]}]"
2026_08_16/s4,s4,v8,,v1,117.45,121.02,3.57,3.775,球L,191,0.808,,,,0.125,0.741,,,1,1,14,球L,1,3,"[{""name"": ""球L"", ""share"": 0.808, ""labels"": [191]}, {""name"": ""香蕉"", ""share"": 0.101, ""labels"": [196]}, {""name"": ""苹果"", ""share"": 0.079, ""labels"": [194]}]"
2026_08_16/s4,s4,v8,,v1,121.08,121.89,0.81,3.79,球L,191,0.732,,,,0.176,0.787,,,1,1,,,,3,"[{""name"": ""球L"", ""share"": 0.732, ""labels"": [191]}, {""name"": ""香蕉"", ""share"": 0.129, ""labels"": [196]}, {""name"": ""球M"", ""share"": 0.077, ""labels"": [192]}]"
2026_08_16/s4,s4,v8,,v1,122.08,122.68,0.6,3.803,球L,191,0.65,,,,0.242,0.753,,,1,1,15,球L,1,3,"[{""name"": ""球L"", ""share"": 0.65, ""labels"": [191]}, {""name"": ""香蕉"", ""share"": 0.157, ""labels"": [196]}, {""name"": ""球M"", ""share"": 0.12, ""labels"": [192]}]"
2026_08_16/s4,s4,v8,,v1,122.73,123.11,0.38,3.778,球L,191,0.809,,,,0.133,0.775,,,1,1,15,球L,1,3,"[{""name"": ""球L"", ""share"": 0.809, ""labels"": [191]}, {""name"": ""香蕉"", ""share"": 0.108, ""labels"": [196]}, {""name"": ""苹果"", ""share"": 0.067, ""labels"": [194]}]"
2026_08_16/s4,s4,v8,,v1,123.44,124.14,0.7,3.745,球L,191,0.79,,,,0.143,0.728,,,1,1,15,球L,1,3,"[{""name"": ""球L"", ""share"": 0.79, ""labels"": [191]}, {""name"": ""香蕉"", ""share"": 0.113, ""labels"": [196]}, {""name"": ""苹果"", ""share"": 0.085, ""labels"": [194]}]"
2026_08_16/s4,s4,v8,,v1,124.62,128.68,4.06,3.767,球L,191,0.855,,,,0.091,0.794,,,1,1,15,球L,1,3,"[{""name"": ""球L"", ""share"": 0.855, ""labels"": [191]}, {""name"": ""香蕉"", ""share"": 0.078, ""labels"": [196]}, {""name"": ""苹果"", ""share"": 0.062, ""labels"": [194]}]"
2026_08_16/s4,s4,v8,,v1,128.73,129.0,0.27,3.794,球L,191,0.539,,,,0.412,0.781,,,1,1,,,,3,"[{""name"": ""球L"", ""share"": 0.539, ""labels"": [191]}, {""name"": ""球M"", ""share"": 0.222, ""labels"": [192]}, {""name"": ""香蕉"", ""share"": 0.174, ""labels"": [196]}]"
2026_08_16/s4,s4,v8,,v1,129.06,131.55,2.49,3.77,球L,191,0.802,,,,0.125,0.788,,,1,1,,,,3,"[{""name"": ""球L"", ""share"": 0.802, ""labels"": [191]}, {""name"": ""香蕉"", ""share"": 0.1, ""labels"": [196]}, {""name"": ""苹果"", ""share"": 0.066, ""labels"": [194]}]"
2026_08_16/s6,s6,v8,,v1,10.95,11.22,0.27,3.796,球M,192,0.501,,,,0.752,0.848,,,1,1,,,,3,"[{""name"": ""球M"", ""share"": 0.501, ""labels"": [192]}, {""name"": ""球R"", ""share"": 0.377, ""labels"": [193]}, {""name"": ""石榴"", ""share"": 0.122, ""labels"": [195]}]"
2026_08_16/s6,s6,v8,,v1,13.6,13.98,0.38,4.308,球M,192,0.421,,,,0.876,0.798,,,0,0,,,,3,"[{""name"": ""球M"", ""share"": 0.421, ""labels"": [192]}, {""name"": ""球R"", ""share"": 0.369, ""labels"": [193]}, {""name"": ""石榴"", ""share"": 0.21, ""labels"": [195]}]"
2026_08_16/s6,s6,v8,,v1,14.04,14.42,0.38,4.35,球R,193,0.827,,,,0.122,0.873,,,1,1,,,,3,"[{""name"": ""球R"", ""share"": 0.827, ""labels"": [193]}, {""name"": ""石榴"", ""share"": 0.101, ""labels"": [195]}, {""name"": ""球M"", ""share"": 0.073, ""labels"": [192]}]"
2026_08_16/s6,s6,v8,,v1,14.63,15.01,0.38,4.398,球M,192,0.776,,,,0.103,0.89,,,1,1,,,,3,"[{""name"": ""球M"", ""share"": 0.776, ""labels"": [192]}, {""name"": ""球R"", ""share"": 0.08, ""labels"": [193]}, {""name"": ""石榴"", ""share"": 0.071, ""labels"": [195]}]"
2026_08_16/s6,s6,v8,,v1,15.06,15.44,0.38,4.498,球R,193,0.729,,,,0.241,0.903,,,1,1,,,,3,"[{""name"": ""球R"", ""share"": 0.729, ""labels"": [193]}, {""name"": ""球M"", ""share"": 0.176, ""labels"": [192]}, {""name"": ""石榴"", ""share"": 0.095, ""labels"": [195]}]"
2026_08_16/s6,s6,v8,,v1,15.5,15.77,0.27,4.516,球M,192,0.556,,,,0.558,0.876,,,1,1,,,,3,"[{""name"": ""球M"", ""share"": 0.556, ""labels"": [192]}, {""name"": ""球R"", ""share"": 0.31, ""labels"": [193]}, {""name"": ""石榴"", ""share"": 0.135, ""labels"": [195]}]"
2026_08_16/s6,s6,v8,,v1,15.82,16.25,0.43,4.41,球L,191,0.735,,,,0.199,0.831,,,1,1,,,,3,"[{""name"": ""球L"", ""share"": 0.735, ""labels"": [191]}, {""name"": ""球M"", ""share"": 0.146, ""labels"": [192]}, {""name"": ""香蕉"", ""share"": 0.08, ""labels"": [196]}]"
2026_08_16/s6,s6,v8,,v1,16.58,17.55,0.97,4.498,球M,192,0.67,,,,0.227,0.772,,,1,1,,,,3,"[{""name"": ""球M"", ""share"": 0.67, ""labels"": [192]}, {""name"": ""石榴"", ""share"": 0.152, ""labels"": [195]}, {""name"": ""球R"", ""share"": 0.112, ""labels"": [193]}]"
2026_08_16/s6,s6,v8,,v1,17.79,18.06,0.27,4.449,球M,192,0.45,,,,0.942,0.758,,,1,0,,,,3,"[{""name"": ""球M"", ""share"": 0.45, ""labels"": [192]}, {""name"": ""球L"", ""share"": 0.424, ""labels"": [191]}, {""name"": ""香蕉"", ""share"": 0.056, ""labels"": [196]}]"
2026_08_16/s6,s6,v8,,v1,18.11,18.71,0.6,4.441,球M,192,0.685,,,,0.223,0.768,,,1,1,,,,3,"[{""name"": ""球M"", ""share"": 0.685, ""labels"": [192]}, {""name"": ""石榴"", ""share"": 0.153, ""labels"": [195]}, {""name"": ""球R"", ""share"": 0.086, ""labels"": [193]}]"
2026_08_16/s6,s6,v8,,v1,18.76,19.09,0.33,4.461,球M,192,0.551,,,,0.555,0.762,,,1,1,,,,3,"[{""name"": ""球M"", ""share"": 0.551, ""labels"": [192]}, {""name"": ""球L"", ""share"": 0.306, ""labels"": [191]}, {""name"": ""石榴"", ""share"": 0.072, ""labels"": [195]}]"
2026_08_16/s6,s6,v8,,v1,19.15,20.07,0.92,4.55,球M,192,0.666,,,,0.225,0.764,,,1,1,,,,3,"[{""name"": ""球M"", ""share"": 0.666, ""labels"": [192]}, {""name"": ""石榴"", ""share"": 0.15, ""labels"": [195]}, {""name"": ""球R"", ""share"": 0.112, ""labels"": [193]}]"
2026_08_16/s6,s6,v8,,v1,20.34,21.37,1.03,4.446,球L,191,0.713,,,,0.237,0.798,,,1,1,,,,3,"[{""name"": ""球L"", ""share"": 0.713, ""labels"": [191]}, {""name"": ""球M"", ""share"": 0.169, ""labels"": [192]}, {""name"": ""香蕉"", ""share"": 0.078, ""labels"": [196]}]"
2026_08_16/s6,s6,v8,,v1,21.66,25.12,3.47,4.429,球L,191,0.738,,,,0.199,0.826,,,1,1,1,球L,1,3,"[{""name"": ""球L"", ""share"": 0.738, ""labels"": [191]}, {""name"": ""球M"", ""share"": 0.147, ""labels"": [192]}, {""name"": ""香蕉"", ""share"": 0.082, ""labels"": [196]}]"
2026_08_16/s6,s6,v8,,v1,25.18,26.22,1.04,4.436,球L,191,0.625,,,,0.366,0.749,,,1,1,1,球L,1,3,"[{""name"": ""球L"", ""share"": 0.625, ""labels"": [191]}, {""name"": ""球M"", ""share"": 0.229, ""labels"": [192]}, {""name"": ""香蕉"", ""share"": 0.091, ""labels"": [196]}]"
2026_08_16/s6,s6,v8,,v1,27.27,29.6,2.33,4.492,球M,192,0.71,,,,0.163,0.843,,,1,1,,,,3,"[{""name"": ""球M"", ""share"": 0.71, ""labels"": [192]}, {""name"": ""石榴"", ""share"": 0.116, ""labels"": [195]}, {""name"": ""球R"", ""share"": 0.091, ""labels"": [193]}]"
2026_08_16/s6,s6,v8,,v1,29.84,30.92,1.08,4.569,球M,192,0.683,,,,0.186,0.853,,,1,1,2,球M,1,3,"[{""name"": ""球M"", ""share"": 0.683, ""labels"": [192]}, {""name"": ""石榴"", ""share"": 0.127, ""labels"": [195]}, {""name"": ""球R"", ""share"": 0.115, ""labels"": [193]}]"
2026_08_16/s6,s6,v8,,v1,30.97,32.11,1.14,4.531,球M,192,0.641,,,,0.346,0.898,,,1,1,2,球M,1,3,"[{""name"": ""球M"", ""share"": 0.641, ""labels"": [192]}, {""name"": ""球R"", ""share"": 0.222, ""labels"": [193]}, {""name"": ""石榴"", ""share"": 0.122, ""labels"": [195]}]"
2026_08_16/s6,s6,v8,,v1,32.17,32.65,0.49,4.456,球M,192,0.703,,,,0.203,0.86,,,1,1,2,球M,1,3,"[{""name"": ""球M"", ""share"": 0.703, ""labels"": [192]}, {""name"": ""球L"", ""share"": 0.143, ""labels"": [191]}, {""name"": ""石榴"", ""share"": 0.085, ""labels"": [195]}]"
2026_08_16/s6,s6,v8,,v1,32.71,33.36,0.65,4.591,球R,193,0.496,,,,0.774,0.9,,,1,0,2,球M,0,3,"[{""name"": ""球R"", ""share"": 0.496, ""labels"": [193]}, {""name"": ""球M"", ""share"": 0.384, ""labels"": [192]}, {""name"": ""石榴"", ""share"": 0.12, ""labels"": [195]}]"
2026_08_16/s6,s6,v8,,v1,33.41,33.68,0.27,4.529,球M,192,0.749,,,,0.144,0.914,,,1,1,2,球M,1,3,"[{""name"": ""球M"", ""share"": 0.749, ""labels"": [192]}, {""name"": ""球R"", ""share"": 0.108, ""labels"": [193]}, {""name"": ""球L"", ""share"": 0.069, ""labels"": [191]}]"
2026_08_16/s6,s6,v8,,v1,34.15,34.42,0.27,4.58,球R,193,0.605,,,,0.481,0.936,,,1,1,,,,3,"[{""name"": ""球R"", ""share"": 0.605, ""labels"": [193]}, {""name"": ""球M"", ""share"": 0.291, ""labels"": [192]}, {""name"": ""石榴"", ""share"": 0.104, ""labels"": [195]}]"
2026_08_16/s6,s6,v8,,v1,34.47,36.37,1.9,4.567,球R,193,0.704,,,,0.254,0.874,,,1,1,,,,3,"[{""name"": ""球R"", ""share"": 0.704, ""labels"": [193]}, {""name"": ""球M"", ""share"": 0.179, ""labels"": [192]}, {""name"": ""石榴"", ""share"": 0.117, ""labels"": [195]}]"
2026_08_16/s6,s6,v8,,v1,36.64,39.34,2.71,4.561,球R,193,0.739,,,,0.222,0.912,,,1,1,3,球R,1,3,"[{""name"": ""球R"", ""share"": 0.739, ""labels"": [193]}, {""name"": ""球M"", ""share"": 0.164, ""labels"": [192]}, {""name"": ""石榴"", ""share"": 0.097, ""labels"": [195]}]"
2026_08_16/s6,s6,v8,,v1,39.62,42.76,3.14,4.598,球R,193,0.812,,,,0.183,0.971,,,1,1,3,球R,1,3,"[{""name"": ""球R"", ""share"": 0.812, ""labels"": [193]}, {""name"": ""球M"", ""share"": 0.149, ""labels"": [192]}, {""name"": ""石榴"", ""share"": 0.028, ""labels"": [195]}]"
2026_08_16/s6,s6,v8,,v1,42.81,43.35,0.54,4.545,球R,193,0.812,,,,0.126,0.885,,,1,1,4,球R,1,3,"[{""name"": ""球R"", ""share"": 0.812, ""labels"": [193]}, {""name"": ""石榴"", ""share"": 0.102, ""labels"": [195]}, {""name"": ""球M"", ""share"": 0.087, ""labels"": [192]}]"
2026_08_16/s6,s6,v8,,v1,43.79,45.41,1.62,4.556,球R,193,0.769,,,,0.168,0.903,,,1,1,4,球R,1,3,"[{""name"": ""球R"", ""share"": 0.769, ""labels"": [193]}, {""name"": ""球M"", ""share"": 0.129, ""labels"": [192]}, {""name"": ""石榴"", ""share"": 0.102, ""labels"": [195]}]"
2026_08_16/s6,s6,v8,,v1,45.92,47.54,1.62,4.517,球R,193,0.725,,,,0.223,0.884,,,1,1,4,球R,1,3,"[{""name"": ""球R"", ""share"": 0.725, ""labels"": [193]}, {""name"": ""球M"", ""share"": 0.162, ""labels"": [192]}, {""name"": ""石榴"", ""share"": 0.112, ""labels"": [195]}]"
2026_08_16/s6,s6,v8,,v1,47.99,52.01,4.01,4.46,球M,192,0.697,,,,0.171,0.812,,,1,1,5,球M,1,3,"[{""name"": ""球M"", ""share"": 0.697, ""labels"": [192]}, {""name"": ""球L"", ""share"": 0.119, ""labels"": [191]}, {""name"": ""石榴"", ""share"": 0.11, ""labels"": [195]}]"
2026_08_16/s6,s6,v8,,v1,52.06,54.66,2.6,4.464,球M,192,0.707,,,,0.177,0.815,,,1,1,5,球M,1,3,"[{""name"": ""球M"", ""share"": 0.707, ""labels"": [192]}, {""name"": ""石榴"", ""share"": 0.125, ""labels"": [195]}, {""name"": ""球R"", ""share"": 0.094, ""labels"": [193]}]"
2026_08_16/s6,s6,v8,,v1,54.94,55.59,0.65,4.643,球R,193,0.557,,,,0.661,0.929,,,1,1,,,,3,"[{""name"": ""球R"", ""share"": 0.557, ""labels"": [193]}, {""name"": ""球M"", ""share"": 0.368, ""labels"": [192]}, {""name"": ""石榴"", ""share"": 0.075, ""labels"": [195]}]"
2026_08_16/s6,s6,v8,,v1,55.86,60.19,4.33,4.562,球R,193,0.679,,,,0.32,0.898,,,1,1,6,球R,1,3,"[{""name"": ""球R"", ""share"": 0.679, ""labels"": [193]}, {""name"": ""球M"", ""share"": 0.217, ""labels"": [192]}, {""name"": ""石榴"", ""share"": 0.104, ""labels"": [195]}]"
2026_08_16/s6,s6,v8,,v1,60.25,60.95,0.7,4.519,球M,192,0.634,,,,0.273,0.799,,,1,1,6,球R,0,3,"[{""name"": ""球M"", ""share"": 0.634, ""labels"": [192]}, {""name"": ""球R"", ""share"": 0.173, ""labels"": [193]}, {""name"": ""石榴"", ""share"": 0.167, ""labels"": [195]}]"
2026_08_16/s6,s6,v8,,v1,61.01,62.09,1.08,4.523,球R,193,0.527,,,,0.524,0.807,,,1,1,,,,3,"[{""name"": ""球R"", ""share"": 0.527, ""labels"": [193]}, {""name"": ""球M"", ""share"": 0.276, ""labels"": [192]}, {""name"": ""石榴"", ""share"": 0.197, ""labels"": [195]}]"
2026_08_16/s6,s6,v8,,v1,62.14,64.2,2.06,4.616,球R,193,0.575,,,,0.464,0.843,,,1,1,,,,3,"[{""name"": ""球R"", ""share"": 0.575, ""labels"": [193]}, {""name"": ""球M"", ""share"": 0.267, ""labels"": [192]}, {""name"": ""石榴"", ""share"": 0.157, ""labels"": [195]}]"
2026_08_16/s6,s6,v8,,v1,65.04,66.23,1.19,4.636,球R,193,0.659,,,,0.328,0.869,,,1,1,7,球R,1,3,"[{""name"": ""球R"", ""share"": 0.659, ""labels"": [193]}, {""name"": ""球M"", ""share"": 0.216, ""labels"": [192]}, {""name"": ""石榴"", ""share"": 0.125, ""labels"": [195]}]"
2026_08_16/s6,s6,v8,,v1,66.34,67.97,1.62,4.554,球R,193,0.713,,,,0.231,0.891,,,1,1,7,球R,1,3,"[{""name"": ""球R"", ""share"": 0.713, ""labels"": [193]}, {""name"": ""球M"", ""share"": 0.165, ""labels"": [192]}, {""name"": ""石榴"", ""share"": 0.122, ""labels"": [195]}]"
2026_08_16/s6,s6,v8,,v1,68.29,68.67,0.38,4.562,球M,192,0.717,,,,0.172,0.882,,,1,1,,,,3,"[{""name"": ""球M"", ""share"": 0.717, ""labels"": [192]}, {""name"": ""球R"", ""share"": 0.123, ""labels"": [193]}, {""name"": ""石榴"", ""share"": 0.097, ""labels"": [195]}]"
2026_08_16/s6,s6,v8,,v1,73.49,73.76,0.27,7.077,石榴,195,0.397,,,,0.788,0.97,,,0,0,,,,3,"[{""name"": ""石榴"", ""share"": 0.397, ""labels"": [195]}, {""name"": ""球M"", ""share"": 0.313, ""labels"": [192]}, {""name"": ""香蕉"", ""share"": 0.117, ""labels"": [196]}]"
2026_08_16/s6,s6,v8,,v1,74.61,75.09,0.49,4.461,球L,191,0.831,,,,0.101,0.886,,,1,1,,,,3,"[{""name"": ""球L"", ""share"": 0.831, ""labels"": [191]}, {""name"": ""球M"", ""share"": 0.084, ""labels"": [192]}, {""name"": ""香蕉"", ""share"": 0.059, ""labels"": [196]}]"
2026_08_16/s6,s6,v8,,v1,75.15,75.47,0.32,4.417,球L,191,0.7,,,,0.197,0.743,,,1,1,,,,3,"[{""name"": ""球L"", ""share"": 0.7, ""labels"": [191]}, {""name"": ""球M"", ""share"": 0.138, ""labels"": [192]}, {""name"": ""香蕉"", ""share"": 0.106, ""labels"": [196]}]"
2026_08_16/s6,s6,v8,,v1,75.74,76.18,0.43,4.481,球M,192,0.717,,,,0.148,0.873,,,1,1,,,,3,"[{""name"": ""球M"", ""share"": 0.717, ""labels"": [192]}, {""name"": ""球R"", ""share"": 0.106, ""labels"": [193]}, {""name"": ""石榴"", ""share"": 0.103, ""labels"": [195]}]"
2026_08_16/s6,s6,v8,,v1,76.23,76.72,0.49,4.512,球L,191,0.809,,,,0.119,0.853,,,1,1,,,,3,"[{""name"": ""球L"", ""share"": 0.809, ""labels"": [191]}, {""name"": ""球M"", ""share"": 0.096, ""labels"": [192]}, {""name"": ""香蕉"", ""share"": 0.054, ""labels"": [196]}]"
2026_08_16/s6,s6,v8,,v1,77.16,77.7,0.54,4.566,球M,192,0.718,,,,0.187,0.904,,,1,1,,,,3,"[{""name"": ""球M"", ""share"": 0.718, ""labels"": [192]}, {""name"": ""球L"", ""share"": 0.134, ""labels"": [191]}, {""name"": ""球R"", ""share"": 0.074, ""labels"": [193]}]"
2026_08_16/s6,s6,v8,,v1,77.76,80.03,2.27,4.485,球M,192,0.731,,,,0.137,0.858,,,1,1,,,,3,"[{""name"": ""球M"", ""share"": 0.731, ""labels"": [192]}, {""name"": ""石榴"", ""share"": 0.1, ""labels"": [195]}, {""name"": ""球R"", ""share"": 0.099, ""labels"": [193]}]"
2026_08_16/s6,s6,v8,,v1,80.09,82.96,2.87,4.552,球M,192,0.701,,,,0.225,0.862,,,1,1,8,球M,1,3,"[{""name"": ""球M"", ""share"": 0.701, ""labels"": [192]}, {""name"": ""球R"", ""share"": 0.158, ""labels"": [193]}, {""name"": ""石榴"", ""share"": 0.107, ""labels"": [195]}]"
2026_08_16/s6,s6,v8,,v1,83.19,83.73,0.54,4.509,球M,192,0.654,,,,0.268,0.846,,,1,1,,,,3,"[{""name"": ""球M"", ""share"": 0.654, ""labels"": [192]}, {""name"": ""球R"", ""share"": 0.175, ""labels"": [193]}, {""name"": ""石榴"", ""share"": 0.143, ""labels"": [195]}]"
2026_08_16/s6,s6,v8,,v1,84.17,85.58,1.41,4.401,球L,191,0.674,,,,0.316,0.808,,,1,1,,,,3,"[{""name"": ""球L"", ""share"": 0.674, ""labels"": [191]}, {""name"": ""球M"", ""share"": 0.213, ""labels"": [192]}, {""name"": ""香蕉"", ""share"": 0.077, ""labels"": [196]}]"
2026_08_16/s6,s6,v8,,v1,85.79,88.61,2.82,4.486,球L,191,0.687,,,,0.217,0.748,,,1,1,9,球L,1,3,"[{""name"": ""球L"", ""share"": 0.687, ""labels"": [191]}, {""name"": ""球M"", ""share"": 0.149, ""labels"": [192]}, {""name"": ""香蕉"", ""share"": 0.108, ""labels"": [196]}]"
2026_08_16/s6,s6,v8,,v1,88.93,90.5,1.57,4.405,球L,191,0.541,,,,0.669,0.815,,,1,1,9,球L,1,3,"[{""name"": ""球L"", ""share"": 0.541, ""labels"": [191]}, {""name"": ""球M"", ""share"": 0.362, ""labels"": [192]}, {""name"": ""香蕉"", ""share"": 0.055, ""labels"": [196]}]"
2026_08_16/s6,s6,v8,,v1,90.89,91.65,0.76,4.471,球M,192,0.662,,,,0.282,0.844,,,1,1,,,,3,"[{""name"": ""球M"", ""share"": 0.662, ""labels"": [192]}, {""name"": ""球R"", ""share"": 0.187, ""labels"": [193]}, {""name"": ""石榴"", ""share"": 0.135, ""labels"": [195]}]"
2026_08_16/s6,s6,v8,,v1,91.76,94.9,3.14,4.501,球M,192,0.635,,,,0.307,0.779,,,1,1,10,球M,1,3,"[{""name"": ""球M"", ""share"": 0.635, ""labels"": [192]}, {""name"": ""球R"", ""share"": 0.195, ""labels"": [193]}, {""name"": ""石榴"", ""share"": 0.149, ""labels"": [195]}]"
2026_08_16/s6,s6,v8,,v1,95.0,97.93,2.92,4.514,球M,192,0.585,,,,0.359,0.768,,,1,1,10,球M,1,3,"[{""name"": ""球M"", ""share"": 0.585, ""labels"": [192]}, {""name"": ""石榴"", ""share"": 0.21, ""labels"": [195]}, {""name"": ""球R"", ""share"": 0.192, ""labels"": [193]}]"
2026_08_16/s6,s6,v8,,v1,98.25,98.57,0.32,4.49,球L,191,0.747,,,,0.185,0.762,,,1,1,,,,3,"[{""name"": ""球L"", ""share"": 0.747, ""labels"": [191]}, {""name"": ""香蕉"", ""share"": 0.138, ""labels"": [196]}, {""name"": ""苹果"", ""share"": 0.082, ""labels"": [194]}]"
2026_08_16/s6,s6,v8,,v1,98.63,101.66,3.03,4.405,球L,191,0.682,,,,0.189,0.693,,,1,1,11,球L,1,3,"[{""name"": ""球L"", ""share"": 0.682, ""labels"": [191]}, {""name"": ""香蕉"", ""share"": 0.129, ""labels"": [196]}, {""name"": ""球M"", ""share"": 0.101, ""labels"": [192]}]"
2026_08_16/s6,s6,v8,,v1,101.77,102.96,1.19,4.403,球L,191,0.732,,,,0.138,0.733,,,1,1,11,球L,1,3,"[{""name"": ""球L"", ""share"": 0.732, ""labels"": [191]}, {""name"": ""球M"", ""share"": 0.101, ""labels"": [192]}, {""name"": ""苹果"", ""share"": 0.083, ""labels"": [194]}]"
2026_08_16/s6,s6,v8,,v1,103.01,103.39,0.38,4.445,球M,192,0.674,,,,0.246,0.786,,,1,1,11,球L,0,3,"[{""name"": ""球M"", ""share"": 0.674, ""labels"": [192]}, {""name"": ""球L"", ""share"": 0.166, ""labels"": [191]}, {""name"": ""石榴"", ""share"": 0.099, ""labels"": [195]}]"
2026_08_16/s6,s6,v8,,v1,103.45,104.0,0.54,4.401,球L,191,0.692,,,,0.225,0.726,,,1,1,11,球L,1,3,"[{""name"": ""球L"", ""share"": 0.692, ""labels"": [191]}, {""name"": ""球M"", ""share"": 0.156, ""labels"": [192]}, {""name"": ""香蕉"", ""share"": 0.084, ""labels"": [196]}]"
2026_08_16/s6,s6,v8,,v1,104.05,104.48,0.43,4.409,球M,192,0.544,,,,0.597,0.767,,,1,1,11,球L,0,3,"[{""name"": ""球M"", ""share"": 0.544, ""labels"": [192]}, {""name"": ""球L"", ""share"": 0.325, ""labels"": [191]}, {""name"": ""石榴"", ""share"": 0.066, ""labels"": [195]}]"
2026_08_16/s6,s6,v8,,v1,104.54,104.92,0.38,4.479,球M,192,0.659,,,,0.258,0.749,,,1,1,,,,3,"[{""name"": ""球M"", ""share"": 0.659, ""labels"": [192]}, {""name"": ""石榴"", ""share"": 0.17, ""labels"": [195]}, {""name"": ""球R"", ""share"": 0.098, ""labels"": [193]}]"
2026_08_16/s6,s6,v8,,v1,105.1,105.47,0.38,4.437,球M,192,0.694,,,,0.174,0.768,,,1,1,,,,3,"[{""name"": ""球M"", ""share"": 0.694, ""labels"": [192]}, {""name"": ""石榴"", ""share"": 0.121, ""labels"": [195]}, {""name"": ""球L"", ""share"": 0.114, ""labels"": [191]}]"
2026_08_16/s6,s6,v8,,v1,105.53,109.27,3.74,4.494,球M,192,0.652,,,,0.255,0.76,,,1,1,12,球M,1,3,"[{""name"": ""球M"", ""share"": 0.652, ""labels"": [192]}, {""name"": ""石榴"", ""share"": 0.166, ""labels"": [195]}, {""name"": ""球R"", ""share"": 0.09, ""labels"": [193]}]"
2026_08_16/s6,s6,v8,,v1,109.32,110.62,1.3,4.563,球M,192,0.573,,,,0.366,0.77,,,1,1,12,球M,1,3,"[{""name"": ""球M"", ""share"": 0.573, ""labels"": [192]}, {""name"": ""球R"", ""share"": 0.21, ""labels"": [193]}, {""name"": ""石榴"", ""share"": 0.195, ""labels"": [195]}]"
2026_08_16/s6,s6,v8,,v1,110.67,111.22,0.54,4.546,球R,193,0.556,,,,0.482,0.821,,,1,1,12,球M,0,3,"[{""name"": ""球R"", ""share"": 0.556, ""labels"": [193]}, {""name"": ""球M"", ""share"": 0.268, ""labels"": [192]}, {""name"": ""石榴"", ""share"": 0.176, ""labels"": [195]}]"
2026_08_16/s6,s6,v8,,v1,111.59,112.14,0.54,4.559,球M,192,0.549,,,,0.444,0.754,,,1,1,,,,3,"[{""name"": ""球M"", ""share"": 0.549, ""labels"": [192]}, {""name"": ""球R"", ""share"": 0.244, ""labels"": [193]}, {""name"": ""石榴"", ""share"": 0.2, ""labels"": [195]}]"
2026_08_16/s6,s6,v8,,v1,112.19,112.57,0.38,4.385,球L,191,0.685,,,,0.22,0.721,,,1,1,,,,3,"[{""name"": ""球L"", ""share"": 0.685, ""labels"": [191]}, {""name"": ""球M"", ""share"": 0.151, ""labels"": [192]}, {""name"": ""香蕉"", ""share"": 0.095, ""labels"": [196]}]"
2026_08_16/s6,s6,v8,,v1,112.68,115.38,2.7,4.406,球L,191,0.719,,,,0.164,0.711,,,1,1,,,,3,"[{""name"": ""球L"", ""share"": 0.719, ""labels"": [191]}, {""name"": ""香蕉"", ""share"": 0.118, ""labels"": [196]}, {""name"": ""苹果"", ""share"": 0.082, ""labels"": [194]}]"
2026_08_16/s6,s6,v8,,v1,115.44,116.03,0.6,4.482,球M,192,0.562,,,,0.55,0.786,,,1,1,13,球L,0,3,"[{""name"": ""球M"", ""share"": 0.562, ""labels"": [192]}, {""name"": ""球L"", ""share"": 0.309, ""labels"": [191]}, {""name"": ""石榴"", ""share"": 0.064, ""labels"": [195]}]"
2026_08_16/s6,s6,v8,,v1,116.09,117.12,1.03,4.48,球L,191,0.659,,,,0.24,0.687,,,1,1,13,球L,1,3,"[{""name"": ""球L"", ""share"": 0.659, ""labels"": [191]}, {""name"": ""香蕉"", ""share"": 0.158, ""labels"": [196]}, {""name"": ""球M"", ""share"": 0.109, ""labels"": [192]}]"
2026_08_16/s6,s6,v8,,v1,117.44,117.82,0.38,4.504,球L,191,0.656,,,,0.28,0.724,,,1,1,13,球L,1,3,"[{""name"": ""球L"", ""share"": 0.656, ""labels"": [191]}, {""name"": ""球M"", ""share"": 0.184, ""labels"": [192]}, {""name"": ""香蕉"", ""share"": 0.093, ""labels"": [196]}]"
2026_08_16/s6,s6,v8,,v1,117.87,118.14,0.27,4.517,球M,192,0.64,,,,0.225,0.742,,,1,1,13,球L,0,3,"[{""name"": ""球M"", ""share"": 0.64, ""labels"": [192]}, {""name"": ""球L"", ""share"": 0.144, ""labels"": [191]}, {""name"": ""石榴"", ""share"": 0.121, ""labels"": [195]}]"
2026_08_16/s6,s6,v8,,v1,118.2,119.01,0.81,4.459,球L,191,0.642,,,,0.227,0.704,,,1,1,13,球L,1,3,"[{""name"": ""球L"", ""share"": 0.642, ""labels"": [191]}, {""name"": ""球M"", ""share"": 0.146, ""labels"": [192]}, {""name"": ""香蕉"", ""share"": 0.12, ""labels"": [196]}]"
2026_08_16/s6,s6,v8,,v1,119.37,122.25,2.88,4.548,球R,193,0.578,,,,0.41,0.815,,,1,1,,,,3,"[{""name"": ""球R"", ""share"": 0.578, ""labels"": [193]}, {""name"": ""球M"", ""share"": 0.237, ""labels"": [192]}, {""name"": ""石榴"", ""share"": 0.185, ""labels"": [195]}]"
2026_08_16/s6,s6,v8,,v1,122.3,124.31,2.0,4.54,球R,193,0.642,,,,0.279,0.819,,,1,1,14,球R,1,3,"[{""name"": ""球R"", ""share"": 0.642, ""labels"": [193]}, {""name"": ""球M"", ""share"": 0.179, ""labels"": [192]}, {""name"": ""石榴"", ""share"": 0.179, ""labels"": [195]}]"
2026_08_16/s6,s6,v8,,v1,124.36,124.69,0.32,4.496,球M,192,0.68,,,,0.182,0.793,,,1,1,14,球R,0,3,"[{""name"": ""球M"", ""share"": 0.68, ""labels"": [192]}, {""name"": ""石榴"", ""share"": 0.124, ""labels"": [195]}, {""name"": ""球L"", ""share"": 0.103, ""labels"": [191]}]"
2026_08_16/s6,s6,v8,,v1,125.14,125.46,0.32,4.526,球M,192,0.616,,,,0.299,0.735,,,1,1,14,球R,0,3,"[{""name"": ""球M"", ""share"": 0.616, ""labels"": [192]}, {""name"": ""石榴"", ""share"": 0.184, ""labels"": [195]}, {""name"": ""球L"", ""share"": 0.114, ""labels"": [191]}]"
2026_08_16/s6,s6,v8,,v1,125.52,125.79,0.27,4.624,球R,193,0.585,,,,0.357,0.782,,,1,1,14,球R,1,3,"[{""name"": ""球R"", ""share"": 0.585, ""labels"": [193]}, {""name"": ""球M"", ""share"": 0.209, ""labels"": [192]}, {""name"": ""石榴"", ""share"": 0.206, ""labels"": [195]}]"
2026_08_16/s6,s6,v8,,v1,125.84,126.39,0.54,4.494,球M,192,0.651,,,,0.276,0.744,,,1,1,,,,3,"[{""name"": ""球M"", ""share"": 0.651, ""labels"": [192]}, {""name"": ""石榴"", ""share"": 0.18, ""labels"": [195]}, {""name"": ""球R"", ""share"": 0.104, ""labels"": [193]}]"
2026_08_16/s6,s6,v8,,v1,126.61,130.13,3.52,4.398,球L,191,0.729,,,,0.163,0.711,,,1,1,,,,3,"[{""name"": ""球L"", ""share"": 0.729, ""labels"": [191]}, {""name"": ""香蕉"", ""share"": 0.119, ""labels"": [196]}, {""name"": ""苹果"", ""share"": 0.093, ""labels"": [194]}]"
2026_08_16/s6,s6,v8,,v1,130.18,131.91,1.73,4.438,球L,191,0.662,,,,0.264,0.681,,,1,1,15,球L,1,3,"[{""name"": ""球L"", ""share"": 0.662, ""labels"": [191]}, {""name"": ""香蕉"", ""share"": 0.175, ""labels"": [196]}, {""name"": ""苹果"", ""share"": 0.089, ""labels"": [194]}]"
2026_08_16/s6,s6,v8,,v1,131.97,132.24,0.27,4.346,球L,191,0.745,,,,0.232,0.85,,,1,1,15,球L,1,3,"[{""name"": ""球L"", ""share"": 0.745, ""labels"": [191]}, {""name"": ""苹果"", ""share"": 0.173, ""labels"": [194]}, {""name"": ""香蕉"", ""share"": 0.082, ""labels"": [196]}]"
2026_08_18/000,s7,v8,,v1,8.99,9.75,0.76,3.208,球M,192,0.638,,,,0.503,0.865,,,1,1,,,,3,"[{""name"": ""球M"", ""share"": 0.638, ""labels"": [192]}, {""name"": ""球R"", ""share"": 0.321, ""labels"": [193]}, {""name"": ""球L"", ""share"": 0.034, ""labels"": [191]}]"
2026_08_18/000,s7,v8,,v1,10.07,10.61,0.54,2.904,球M,192,0.564,,,,0.589,0.722,,,1,1,,,,3,"[{""name"": ""球M"", ""share"": 0.564, ""labels"": [192]}, {""name"": ""球L"", ""share"": 0.332, ""labels"": [191]}, {""name"": ""球R"", ""share"": 0.1, ""labels"": [193]}]"
2026_08_18/000,s7,v8,,v1,11.1,12.13,1.03,2.934,球M,192,0.569,,,,0.522,0.716,,,1,1,,,,3,"[{""name"": ""球M"", ""share"": 0.569, ""labels"": [192]}, {""name"": ""球L"", ""share"": 0.297, ""labels"": [191]}, {""name"": ""球R"", ""share"": 0.127, ""labels"": [193]}]"
2026_08_18/000,s7,v8,,v1,12.18,12.72,0.54,3.18,球M,192,0.546,,,,0.647,0.766,,,1,1,,,,3,"[{""name"": ""球M"", ""share"": 0.546, ""labels"": [192]}, {""name"": ""球R"", ""share"": 0.353, ""labels"": [193]}, {""name"": ""球L"", ""share"": 0.091, ""labels"": [191]}]"
2026_08_18/000,s7,v8,,v1,15.27,15.92,0.65,2.967,球M,192,0.496,,,,0.839,0.717,,,1,0,,,,3,"[{""name"": ""球M"", ""share"": 0.496, ""labels"": [192]}, {""name"": ""球L"", ""share"": 0.416, ""labels"": [191]}, {""name"": ""球R"", ""share"": 0.078, ""labels"": [193]}]"
2026_08_18/000,s7,v8,,v1,16.14,21.01,4.87,3.01,球L,191,0.834,,,,0.137,0.676,,,1,1,1,球L,1,3,"[{""name"": ""球L"", ""share"": 0.834, ""labels"": [191]}, {""name"": ""球M"", ""share"": 0.114, ""labels"": [192]}, {""name"": ""香蕉"", ""share"": 0.05, ""labels"": [196]}]"
2026_08_18/000,s7,v8,,v1,21.17,21.61,0.43,3.464,球L,191,0.603,,,,0.635,0.904,,,1,1,1,球L,1,3,"[{""name"": ""球L"", ""share"": 0.603, ""labels"": [191]}, {""name"": ""球M"", ""share"": 0.383, ""labels"": [192]}, {""name"": ""球R"", ""share"": 0.015, ""labels"": [193]}]"
2026_08_18/000,s7,v8,,v1,21.96,22.39,0.43,3.321,球R,193,0.503,,,,0.928,0.837,,,1,1,,,,3,"[{""name"": ""球R"", ""share"": 0.503, ""labels"": [193]}, {""name"": ""球M"", ""share"": 0.467, ""labels"": [192]}, {""name"": ""球L"", ""share"": 0.026, ""labels"": [191]}]"
2026_08_18/000,s7,v8,,v1,23.04,26.46,3.41,3.005,球L,191,0.881,,,,0.085,0.737,,,1,1,2,球L,1,3,"[{""name"": ""球L"", ""share"": 0.881, ""labels"": [191]}, {""name"": ""球M"", ""share"": 0.075, ""labels"": [192]}, {""name"": ""香蕉"", ""share"": 0.044, ""labels"": [196]}]"
2026_08_18/000,s7,v8,,v1,26.57,29.82,3.25,3.014,球L,191,0.836,,,,0.147,0.688,,,1,1,2,球L,1,3,"[{""name"": ""球L"", ""share"": 0.836, ""labels"": [191]}, {""name"": ""球M"", ""share"": 0.123, ""labels"": [192]}, {""name"": ""香蕉"", ""share"": 0.039, ""labels"": [196]}]"
2026_08_18/000,s7,v8,,v1,30.35,30.73,0.38,3.357,球R,193,0.568,,,,0.704,0.781,,,1,1,,,,3,"[{""name"": ""球R"", ""share"": 0.568, ""labels"": [193]}, {""name"": ""球M"", ""share"": 0.4, ""labels"": [192]}, {""name"": ""石榴"", ""share"": 0.016, ""labels"": [195]}]"
2026_08_18/000,s7,v8,,v1,30.78,33.38,2.6,3.399,球R,193,0.582,,,,0.692,0.842,,,1,1,3,球R,1,3,"[{""name"": ""球R"", ""share"": 0.582, ""labels"": [193]}, {""name"": ""球M"", ""share"": 0.403, ""labels"": [192]}, {""name"": ""球L"", ""share"": 0.011, ""labels"": [191]}]"
2026_08_18/000,s7,v8,,v1,33.44,33.71,0.27,3.294,球M,192,0.566,,,,0.56,0.774,,,1,1,3,球R,0,3,"[{""name"": ""球M"", ""share"": 0.566, ""labels"": [192]}, {""name"": ""球R"", ""share"": 0.317, ""labels"": [193]}, {""name"": ""球L"", ""share"": 0.097, ""labels"": [191]}]"
2026_08_18/000,s7,v8,,v1,33.76,34.3,0.54,3.208,球M,192,0.562,,,,0.527,0.707,,,1,1,3,球R,0,3,"[{""name"": ""球M"", ""share"": 0.562, ""labels"": [192]}, {""name"": ""球R"", ""share"": 0.296, ""labels"": [193]}, {""name"": ""球L"", ""share"": 0.102, ""labels"": [191]}]"
2026_08_18/000,s7,v8,,v1,34.36,34.74,0.38,3.024,球M,192,0.598,,,,0.336,0.686,,,1,1,3,球R,0,3,"[{""name"": ""球M"", ""share"": 0.598, ""labels"": [192]}, {""name"": ""球L"", ""share"": 0.201, ""labels"": [191]}, {""name"": ""球R"", ""share"": 0.189, ""labels"": [193]}]"
2026_08_18/000,s7,v8,,v1,35.4,35.78,0.38,3.332,球M,192,0.61,,,,0.454,0.846,,,1,1,3,球R,0,3,"[{""name"": ""球M"", ""share"": 0.61, ""labels"": [192]}, {""name"": ""球R"", ""share"": 0.277, ""labels"": [193]}, {""name"": ""球L"", ""share"": 0.099, ""labels"": [191]}]"
2026_08_18/000,s7,v8,,v1,35.94,36.27,0.32,3.177,球M,192,0.553,,,,0.517,0.693,,,1,1,,,,3,"[{""name"": ""球M"", ""share"": 0.553, ""labels"": [192]}, {""name"": ""球R"", ""share"": 0.286, ""labels"": [193]}, {""name"": ""球L"", ""share"": 0.107, ""labels"": [191]}]"
2026_08_18/000,s7,v8,,v1,36.38,36.65,0.27,3.204,球M,192,0.581,,,,0.442,0.751,,,1,1,,,,3,"[{""name"": ""球M"", ""share"": 0.581, ""labels"": [192]}, {""name"": ""球R"", ""share"": 0.257, ""labels"": [193]}, {""name"": ""球L"", ""share"": 0.135, ""labels"": [191]}]"
2026_08_18/000,s7,v8,,v1,36.97,37.41,0.43,3.329,球M,192,0.521,,,,0.8,0.776,,,1,1,,,,3,"[{""name"": ""球M"", ""share"": 0.521, ""labels"": [192]}, {""name"": ""球R"", ""share"": 0.417, ""labels"": [193]}, {""name"": ""球L"", ""share"": 0.047, ""labels"": [191]}]"
2026_08_18/000,s7,v8,,v1,37.73,40.11,2.38,3.376,球R,193,0.57,,,,0.735,0.856,,,1,1,4,球R,1,3,"[{""name"": ""球R"", ""share"": 0.57, ""labels"": [193]}, {""name"": ""球M"", ""share"": 0.419, ""labels"": [192]}, {""name"": ""球L"", ""share"": 0.008, ""labels"": [191]}]"
2026_08_18/000,s7,v8,,v1,40.17,42.39,2.22,3.354,球M,192,0.491,,,,0.969,0.851,,,1,0,4,球R,0,3,"[{""name"": ""球M"", ""share"": 0.491, ""labels"": [192]}, {""name"": ""球R"", ""share"": 0.476, ""labels"": [193]}, {""name"": ""球L"", ""share"": 0.027, ""labels"": [191]}]"
2026_08_18/000,s7,v8,,v1,42.44,42.71,0.27,3.27,球M,192,0.56,,,,0.605,0.767,,,1,1,4,球R,0,3,"[{""name"": ""球M"", ""share"": 0.56, ""labels"": [192]}, {""name"": ""球R"", ""share"": 0.339, ""labels"": [193]}, {""name"": ""球L"", ""share"": 0.083, ""labels"": [191]}]"
2026_08_18/000,s7,v8,,v1,42.87,43.14,0.27,3.41,球R,193,0.662,,,,0.505,0.883,,,1,1,4,球R,1,3,"[{""name"": ""球R"", ""share"": 0.662, ""labels"": [193]}, {""name"": ""球M"", ""share"": 0.334, ""labels"": [192]}, {""name"": ""球L"", ""share"": 0.003, ""labels"": [191]}]"
2026_08_18/000,s7,v8,,v1,43.19,43.52,0.32,3.259,球M,192,0.548,,,,0.65,0.753,,,1,1,,,,3,"[{""name"": ""球M"", ""share"": 0.548, ""labels"": [192]}, {""name"": ""球R"", ""share"": 0.356, ""labels"": [193]}, {""name"": ""球L"", ""share"": 0.076, ""labels"": [191]}]"
2026_08_18/000,s7,v8,,v1,44.11,44.44,0.32,3.207,球M,192,0.574,,,,0.517,0.744,,,1,1,,,,3,"[{""name"": ""球M"", ""share"": 0.574, ""labels"": [192]}, {""name"": ""球R"", ""share"": 0.297, ""labels"": [193]}, {""name"": ""球L"", ""share"": 0.107, ""labels"": [191]}]"
2026_08_18/000,s7,v8,,v1,44.49,44.98,0.49,3.05,球M,192,0.578,,,,0.415,0.696,,,1,1,5,球M,1,3,"[{""name"": ""球M"", ""share"": 0.578, ""labels"": [192]}, {""name"": ""球R"", ""share"": 0.24, ""labels"": [193]}, {""name"": ""球L"", ""share"": 0.148, ""labels"": [191]}]"
2026_08_18/000,s7,v8,,v1,45.25,45.9,0.65,3.018,球M,192,0.599,,,,0.372,0.731,,,1,1,5,球M,1,3,"[{""name"": ""球M"", ""share"": 0.599, ""labels"": [192]}, {""name"": ""球L"", ""share"": 0.223, ""labels"": [191]}, {""name"": ""球R"", ""share"": 0.162, ""labels"": [193]}]"
2026_08_18/000,s7,v8,,v1,46.49,47.69,1.19,3.007,球M,192,0.581,,,,0.463,0.706,,,1,1,5,球M,1,3,"[{""name"": ""球M"", ""share"": 0.581, ""labels"": [192]}, {""name"": ""球L"", ""share"": 0.269, ""labels"": [191]}, {""name"": ""球R"", ""share"": 0.145, ""labels"": [193]}]"
2026_08_18/000,s7,v8,,v1,47.85,49.64,1.79,2.988,球M,192,0.507,,,,0.787,0.729,,,1,1,5,球M,1,3,"[{""name"": ""球M"", ""share"": 0.507, ""labels"": [192]}, {""name"": ""球L"", ""share"": 0.399, ""labels"": [191]}, {""name"": ""球R"", ""share"": 0.087, ""labels"": [193]}]"
2026_08_18/000,s7,v8,,v1,50.89,51.27,0.38,3.013,球L,191,0.775,,,,0.262,0.771,,,1,1,,,,3,"[{""name"": ""球L"", ""share"": 0.775, ""labels"": [191]}, {""name"": ""球M"", ""share"": 0.203, ""labels"": [192]}, {""name"": ""香蕉"", ""share"": 0.018, ""labels"": [196]}]"
2026_08_18/000,s7,v8,,v1,51.51,52.11,0.6,2.996,球L,191,0.733,,,,0.195,0.521,,,1,1,6,球L,1,3,"[{""name"": ""球L"", ""share"": 0.733, ""labels"": [191]}, {""name"": ""球M"", ""share"": 0.143, ""labels"": [192]}, {""name"": ""香蕉"", ""share"": 0.113, ""labels"": [196]}]"
2026_08_18/000,s7,v8,,v1,52.77,53.15,0.38,3.016,球L,191,0.723,,,,0.259,0.56,,,1,1,6,球L,1,3,"[{""name"": ""球L"", ""share"": 0.723, ""labels"": [191]}, {""name"": ""球M"", ""share"": 0.187, ""labels"": [192]}, {""name"": ""香蕉"", ""share"": 0.065, ""labels"": [196]}]"
2026_08_18/000,s7,v8,,v1,53.2,56.18,2.98,3.018,球L,191,0.761,,,,0.166,0.53,,,1,1,6,球L,1,3,"[{""name"": ""球L"", ""share"": 0.761, ""labels"": [191]}, {""name"": ""香蕉"", ""share"": 0.126, ""labels"": [196]}, {""name"": ""球M"", ""share"": 0.099, ""labels"": [192]}]"
2026_08_18/000,s7,v8,,v1,56.34,57.37,1.03,3.017,球L,191,0.613,,,,0.555,0.72,,,1,1,6,球L,1,3,"[{""name"": ""球L"", ""share"": 0.613, ""labels"": [191]}, {""name"": ""球M"", ""share"": 0.34, ""labels"": [192]}, {""name"": ""球R"", ""share"": 0.024, ""labels"": [193]}]"
2026_08_18/000,s7,v8,,v1,57.91,58.24,0.32,2.985,球M,192,0.574,,,,0.517,0.667,,,1,1,,,,3,"[{""name"": ""球M"", ""share"": 0.574, ""labels"": [192]}, {""name"": ""球L"", ""share"": 0.297, ""labels"": [191]}, {""name"": ""球R"", ""share"": 0.125, ""labels"": [193]}]"
2026_08_18/000,s7,v8,,v1,58.35,60.96,2.61,2.985,球M,192,0.565,,,,0.492,0.642,,,1,1,7,球M,1,3,"[{""name"": ""球M"", ""share"": 0.565, ""labels"": [192]}, {""name"": ""球L"", ""share"": 0.278, ""labels"": [191]}, {""name"": ""球R"", ""share"": 0.149, ""labels"": [193]}]"
2026_08_18/000,s7,v8,,v1,61.01,62.2,1.19,3.326,球M,192,0.523,,,,0.786,0.811,,,1,1,7,球M,1,3,"[{""name"": ""球M"", ""share"": 0.523, ""labels"": [192]}, {""name"": ""球R"", ""share"": 0.411, ""labels"": [193]}, {""name"": ""球L"", ""share"": 0.054, ""labels"": [191]}]"
2026_08_18/000,s7,v8,,v1,63.12,63.5,0.38,2.969,球M,192,0.526,,,,0.69,0.726,,,1,1,7,球M,1,3,"[{""name"": ""球M"", ""share"": 0.526, ""labels"": [192]}, {""name"": ""球L"", ""share"": 0.363, ""labels"": [191]}, {""name"": ""球R"", ""share"": 0.106, ""labels"": [193]}]"
2026_08_18/000,s7,v8,,v1,63.72,64.15,0.43,2.985,球M,192,0.56,,,,0.511,0.706,,,1,1,,,,3,"[{""name"": ""球M"", ""share"": 0.56, ""labels"": [192]}, {""name"": ""球L"", ""share"": 0.286, ""labels"": [191]}, {""name"": ""球R"", ""share"": 0.146, ""labels"": [193]}]"
2026_08_18/000,s7,v8,,v1,66.98,67.26,0.27,2.818,floor,0,1.0,,,,0.0,0.076,,,0,0,,,,1,"[{""name"": ""floor"", ""share"": 1.0, ""labels"": [0]}]"
2026_08_18/000,s7,v8,,v1,69.77,70.04,0.27,2.868,纸箱子,12,1.0,,,,0.0,1.0,,,1,1,,,,1,"[{""name"": ""纸箱子"", ""share"": 1.0, ""labels"": [12]}]"
2026_08_18/000,s7,v8,,v1,70.44,71.9,1.46,2.973,球M,192,0.516,,,,0.744,0.631,,,1,1,,,,3,"[{""name"": ""球M"", ""share"": 0.516, ""labels"": [192]}, {""name"": ""球L"", ""share"": 0.384, ""labels"": [191]}, {""name"": ""球R"", ""share"": 0.075, ""labels"": [193]}]"
2026_08_18/000,s7,v8,,v1,72.06,72.77,0.71,2.932,球M,192,0.55,,,,0.591,0.682,,,1,1,,,,3,"[{""name"": ""球M"", ""share"": 0.55, ""labels"": [192]}, {""name"": ""球L"", ""share"": 0.325, ""labels"": [191]}, {""name"": ""球R"", ""share"": 0.115, ""labels"": [193]}]"
2026_08_18/000,s7,v8,,v1,73.42,73.8,0.38,3.077,球M,192,0.568,,,,0.502,0.689,,,1,1,8,球R,0,3,"[{""name"": ""球M"", ""share"": 0.568, ""labels"": [192]}, {""name"": ""球R"", ""share"": 0.285, ""labels"": [193]}, {""name"": ""球L"", ""share"": 0.117, ""labels"": [191]}]"
2026_08_18/000,s7,v8,,v1,73.85,74.18,0.32,3.14,球M,192,0.536,,,,0.668,0.708,,,1,1,8,球R,0,3,"[{""name"": ""球M"", ""share"": 0.536, ""labels"": [192]}, {""name"": ""球R"", ""share"": 0.358, ""labels"": [193]}, {""name"": ""球L"", ""share"": 0.078, ""labels"": [191]}]"
2026_08_18/000,s7,v8,,v1,74.23,74.83,0.6,3.04,球M,192,0.524,,,,0.576,0.631,,,1,1,8,球R,0,3,"[{""name"": ""球M"", ""share"": 0.524, ""labels"": [192]}, {""name"": ""球R"", ""share"": 0.302, ""labels"": [193]}, {""name"": ""球L"", ""share"": 0.101, ""labels"": [191]}]"
2026_08_18/000,s7,v8,,v1,74.88,75.26,0.38,2.976,球M,192,0.559,,,,0.445,0.634,,,1,1,8,球R,0,3,"[{""name"": ""球M"", ""share"": 0.559, ""labels"": [192]}, {""name"": ""球R"", ""share"": 0.249, ""labels"": [193]}, {""name"": ""球L"", ""share"": 0.134, ""labels"": [191]}]"
2026_08_18/000,s7,v8,,v1,75.65,75.92,0.27,3.108,球M,192,0.578,,,,0.497,0.708,,,1,1,8,球R,0,3,"[{""name"": ""球M"", ""share"": 0.578, ""labels"": [192]}, {""name"": ""球R"", ""share"": 0.287, ""labels"": [193]}, {""name"": ""球L"", ""share"": 0.107, ""labels"": [191]}]"
2026_08_18/000,s7,v8,,v1,75.98,76.3,0.32,3.163,球M,192,0.571,,,,0.583,0.737,,,1,1,8,球R,0,3,"[{""name"": ""球M"", ""share"": 0.571, ""labels"": [192]}, {""name"": ""球R"", ""share"": 0.333, ""labels"": [193]}, {""name"": ""球L"", ""share"": 0.074, ""labels"": [191]}]"
2026_08_18/000,s7,v8,,v1,76.35,76.68,0.32,3.084,球M,192,0.502,,,,0.681,0.646,,,1,1,8,球R,0,3,"[{""name"": ""球M"", ""share"": 0.502, ""labels"": [192]}, {""name"": ""球R"", ""share"": 0.342, ""labels"": [193]}, {""name"": ""石榴"", ""share"": 0.08, ""labels"": [195]}]"
2026_08_18/000,s7,v8,,v1,76.73,78.09,1.35,2.936,球M,192,0.589,,,,0.37,0.646,,,1,1,8,球R,0,3,"[{""name"": ""球M"", ""share"": 0.589, ""labels"": [192]}, {""name"": ""球L"", ""share"": 0.218, ""labels"": [191]}, {""name"": ""球R"", ""share"": 0.19, ""labels"": [193]}]"
2026_08_18/000,s7,v8,,v1,78.14,78.52,0.38,3.006,球M,192,0.57,,,,0.435,0.69,,,1,1,8,球R,0,3,"[{""name"": ""球M"", ""share"": 0.57, ""labels"": [192]}, {""name"": ""球R"", ""share"": 0.248, ""labels"": [193]}, {""name"": ""球L"", ""share"": 0.15, ""labels"": [191]}]"
2026_08_18/000,s7,v8,,v1,78.58,79.66,1.08,2.924,球M,192,0.55,,,,0.605,0.658,,,1,1,,,,3,"[{""name"": ""球M"", ""share"": 0.55, ""labels"": [192]}, {""name"": ""球L"", ""share"": 0.333, ""labels"": [191]}, {""name"": ""球R"", ""share"": 0.109, ""labels"": [193]}]"
2026_08_18/000,s7,v8,,v1,80.27,82.87,2.6,3.2,球R,193,0.477,,,,0.983,0.735,,,1,0,9,球R,1,3,"[{""name"": ""球R"", ""share"": 0.477, ""labels"": [193]}, {""name"": ""球M"", ""share"": 0.469, ""labels"": [192]}, {""name"": ""球L"", ""share"": 0.034, ""labels"": [191]}]"
2026_08_18/000,s7,v8,,v1,82.93,85.36,2.44,3.321,球R,193,0.498,,,,0.944,0.826,,,1,0,9,球R,1,3,"[{""name"": ""球R"", ""share"": 0.498, ""labels"": [193]}, {""name"": ""球M"", ""share"": 0.47, ""labels"": [192]}, {""name"": ""球L"", ""share"": 0.027, ""labels"": [191]}]"
2026_08_18/000,s7,v8,,v1,85.42,85.9,0.49,2.988,球M,192,0.587,,,,0.387,0.7,,,1,1,,,,3,"[{""name"": ""球M"", ""share"": 0.587, ""labels"": [192]}, {""name"": ""球L"", ""share"": 0.227, ""labels"": [191]}, {""name"": ""球R"", ""share"": 0.181, ""labels"": [193]}]"
2026_08_18/000,s7,v8,,v1,85.96,86.55,0.6,3.271,球R,193,0.513,,,,0.838,0.727,,,1,1,,,,3,"[{""name"": ""球R"", ""share"": 0.513, ""labels"": [193]}, {""name"": ""球M"", ""share"": 0.43, ""labels"": [192]}, {""name"": ""石榴"", ""share"": 0.034, ""labels"": [195]}]"
2026_08_18/000,s7,v8,,v1,86.8,87.55,0.76,2.99,球M,192,0.572,,,,0.535,0.681,,,1,1,10,球M,1,3,"[{""name"": ""球M"", ""share"": 0.572, ""labels"": [192]}, {""name"": ""球L"", ""share"": 0.306, ""labels"": [191]}, {""name"": ""球R"", ""share"": 0.116, ""labels"": [193]}]"
2026_08_18/000,s7,v8,,v1,87.61,87.99,0.38,3.155,球M,192,0.541,,,,0.549,0.66,,,1,1,10,球M,1,3,"[{""name"": ""球M"", ""share"": 0.541, ""labels"": [192]}, {""name"": ""球R"", ""share"": 0.297, ""labels"": [193]}, {""name"": ""球L"", ""share"": 0.089, ""labels"": [191]}]"
2026_08_18/000,s7,v8,,v1,88.31,92.65,4.33,2.982,球M,192,0.533,,,,0.675,0.667,,,1,1,10,球M,1,3,"[{""name"": ""球M"", ""share"": 0.533, ""labels"": [192]}, {""name"": ""球L"", ""share"": 0.36, ""labels"": [191]}, {""name"": ""球R"", ""share"": 0.097, ""labels"": [193]}]"
2026_08_18/000,s7,v8,,v1,92.81,93.95,1.14,2.976,球M,192,0.517,,,,0.754,0.628,,,1,1,,,,3,"[{""name"": ""球M"", ""share"": 0.517, ""labels"": [192]}, {""name"": ""球L"", ""share"": 0.39, ""labels"": [191]}, {""name"": ""球R"", ""share"": 0.077, ""labels"": [193]}]"
2026_08_18/000,s7,v8,,v1,94.3,96.69,2.38,3.025,球L,191,0.772,,,,0.15,0.553,,,1,1,11,球L,1,3,"[{""name"": ""球L"", ""share"": 0.772, ""labels"": [191]}, {""name"": ""球M"", ""share"": 0.116, ""labels"": [192]}, {""name"": ""香蕉"", ""share"": 0.098, ""labels"": [196]}]"
2026_08_18/000,s7,v8,,v1,97.24,98.81,1.57,3.022,球L,191,0.762,,,,0.197,0.529,,,1,1,11,球L,1,3,"[{""name"": ""球L"", ""share"": 0.762, ""labels"": [191]}, {""name"": ""香蕉"", ""share"": 0.15, ""labels"": [196]}, {""name"": ""球M"", ""share"": 0.072, ""labels"": [192]}]"
2026_08_18/000,s7,v8,,v1,98.86,99.13,0.27,2.999,球M,192,0.465,,,,0.978,0.616,,,1,0,11,球L,0,3,"[{""name"": ""球M"", ""share"": 0.465, ""labels"": [192]}, {""name"": ""球L"", ""share"": 0.455, ""labels"": [191]}, {""name"": ""球R"", ""share"": 0.055, ""labels"": [193]}]"
2026_08_18/000,s7,v8,,v1,99.19,100.22,1.03,3.037,球L,191,0.724,,,,0.192,0.533,,,1,1,11,球L,1,3,"[{""name"": ""球L"", ""share"": 0.724, ""labels"": [191]}, {""name"": ""球M"", ""share"": 0.139, ""labels"": [192]}, {""name"": ""香蕉"", ""share"": 0.117, ""labels"": [196]}]"
2026_08_18/000,s7,v8,,v1,100.27,101.9,1.62,3.029,球M,192,0.558,,,,0.529,0.664,,,1,1,,,,3,"[{""name"": ""球M"", ""share"": 0.558, ""labels"": [192]}, {""name"": ""球L"", ""share"": 0.295, ""labels"": [191]}, {""name"": ""球R"", ""share"": 0.138, ""labels"": [193]}]"
2026_08_18/000,s7,v8,,v1,102.18,103.48,1.3,3.055,球M,192,0.578,,,,0.417,0.654,,,1,1,12,球M,1,3,"[{""name"": ""球M"", ""share"": 0.578, ""labels"": [192]}, {""name"": ""球L"", ""share"": 0.241, ""labels"": [191]}, {""name"": ""球R"", ""share"": 0.177, ""labels"": [193]}]"
2026_08_18/000,s7,v8,,v1,103.53,103.8,0.27,3.182,球M,192,0.52,,,,0.617,0.68,,,1,1,12,球M,1,3,"[{""name"": ""球M"", ""share"": 0.52, ""labels"": [192]}, {""name"": ""球R"", ""share"": 0.321, ""labels"": [193]}, {""name"": ""球L"", ""share"": 0.102, ""labels"": [191]}]"
2026_08_18/000,s7,v8,,v1,103.86,105.0,1.14,3.105,球M,192,0.544,,,,0.437,0.66,,,1,1,12,球M,1,3,"[{""name"": ""球M"", ""share"": 0.544, ""labels"": [192]}, {""name"": ""球R"", ""share"": 0.238, ""labels"": [193]}, {""name"": ""球L"", ""share"": 0.168, ""labels"": [191]}]"
2026_08_18/000,s7,v8,,v1,105.05,105.6,0.54,3.259,球M,192,0.455,,,,0.895,0.688,,,1,0,12,球M,1,3,"[{""name"": ""球M"", ""share"": 0.455, ""labels"": [192]}, {""name"": ""球R"", ""share"": 0.407, ""labels"": [193]}, {""name"": ""石榴"", ""share"": 0.077, ""labels"": [195]}]"
2026_08_18/000,s7,v8,,v1,105.65,106.25,0.6,3.042,球M,192,0.53,,,,0.591,0.649,,,1,1,12,球M,1,3,"[{""name"": ""球M"", ""share"": 0.53, ""labels"": [192]}, {""name"": ""球L"", ""share"": 0.313, ""labels"": [191]}, {""name"": ""球R"", ""share"": 0.133, ""labels"": [193]}]"
2026_08_18/000,s7,v8,,v1,106.3,107.17,0.87,3.055,球M,192,0.562,,,,0.397,0.64,,,1,1,12,球M,1,3,"[{""name"": ""球M"", ""share"": 0.562, ""labels"": [192]}, {""name"": ""球R"", ""share"": 0.223, ""labels"": [193]}, {""name"": ""球L"", ""share"": 0.157, ""labels"": [191]}]"
2026_08_18/000,s7,v8,,v1,107.22,107.81,0.59,2.974,球L,191,0.501,,,,0.816,0.595,,,1,1,,,,3,"[{""name"": ""球L"", ""share"": 0.501, ""labels"": [191]}, {""name"": ""球M"", ""share"": 0.409, ""labels"": [192]}, {""name"": ""球R"", ""share"": 0.047, ""labels"": [193]}]"
2026_08_18/000,s7,v8,,v1,108.24,108.78,0.54,3.333,球R,193,0.67,,,,0.41,0.798,,,1,1,13,球R,1,3,"[{""name"": ""球R"", ""share"": 0.67, ""labels"": [193]}, {""name"": ""球M"", ""share"": 0.275, ""labels"": [192]}, {""name"": ""石榴"", ""share"": 0.05, ""labels"": [195]}]"
2026_08_18/000,s7,v8,,v1,108.89,109.76,0.87,3.342,球R,193,0.624,,,,0.506,0.787,,,1,1,13,球R,1,3,"[{""name"": ""球R"", ""share"": 0.624, ""labels"": [193]}, {""name"": ""球M"", ""share"": 0.316, ""labels"": [192]}, {""name"": ""石榴"", ""share"": 0.053, ""labels"": [195]}]"
2026_08_18/000,s7,v8,,v1,109.82,110.19,0.38,3.211,球M,192,0.486,,,,0.695,0.663,,,1,0,13,球R,0,3,"[{""name"": ""球M"", ""share"": 0.486, ""labels"": [192]}, {""name"": ""球R"", ""share"": 0.338, ""labels"": [193]}, {""name"": ""石榴"", ""share"": 0.118, ""labels"": [195]}]"
2026_08_18/000,s7,v8,,v1,110.25,110.84,0.6,3.345,球R,193,0.537,,,,0.754,0.741,,,1,1,13,球R,1,3,"[{""name"": ""球R"", ""share"": 0.537, ""labels"": [193]}, {""name"": ""球M"", ""share"": 0.405, ""labels"": [192]}, {""name"": ""石榴"", ""share"": 0.041, ""labels"": [195]}]"
2026_08_18/000,s7,v8,,v1,111.17,112.14,0.97,3.383,球R,193,0.605,,,,0.587,0.769,,,1,1,13,球R,1,3,"[{""name"": ""球R"", ""share"": 0.605, ""labels"": [193]}, {""name"": ""球M"", ""share"": 0.355, ""labels"": [192]}, {""name"": ""石榴"", ""share"": 0.03, ""labels"": [195]}]"
2026_08_18/000,s7,v8,,v1,112.21,112.75,0.54,3.154,球M,192,0.457,,,,0.521,0.634,,,1,0,13,球R,0,3,"[{""name"": ""球M"", ""share"": 0.457, ""labels"": [192]}, {""name"": ""球R"", ""share"": 0.238, ""labels"": [193]}, {""name"": ""石榴"", ""share"": 0.211, ""labels"": [195]}]"
2026_08_18/000,s7,v8,,v1,112.8,113.24,0.43,3.335,球R,193,0.557,,,,0.679,0.773,,,1,1,13,球R,1,3,"[{""name"": ""球R"", ""share"": 0.557, ""labels"": [193]}, {""name"": ""球M"", ""share"": 0.378, ""labels"": [192]}, {""name"": ""石榴"", ""share"": 0.054, ""labels"": [195]}]"
2026_08_18/000,s7,v8,,v1,113.51,114.11,0.6,3.334,球R,193,0.534,,,,0.755,0.751,,,1,1,,,,3,"[{""name"": ""球R"", ""share"": 0.534, ""labels"": [193]}, {""name"": ""球M"", ""share"": 0.403, ""labels"": [192]}, {""name"": ""石榴"", ""share"": 0.043, ""labels"": [195]}]"
2026_08_18/000,s7,v8,,v1,114.16,115.08,0.92,3.432,球R,193,0.665,,,,0.465,0.817,,,1,1,,,,3,"[{""name"": ""球R"", ""share"": 0.665, ""labels"": [193]}, {""name"": ""球M"", ""share"": 0.309, ""labels"": [192]}, {""name"": ""石榴"", ""share"": 0.021, ""labels"": [195]}]"
2026_08_18/000,s7,v8,,v1,115.4,116.27,0.87,3.053,球M,192,0.606,,,,0.343,0.67,,,1,1,14,球M,1,3,"[{""name"": ""球M"", ""share"": 0.606, ""labels"": [192]}, {""name"": ""球L"", ""share"": 0.208, ""labels"": [191]}, {""name"": ""球R"", ""share"": 0.185, ""labels"": [193]}]"
2026_08_18/000,s7,v8,,v1,116.32,116.65,0.32,3.189,球M,192,0.54,,,,0.543,0.667,,,1,1,14,球M,1,3,"[{""name"": ""球M"", ""share"": 0.54, ""labels"": [192]}, {""name"": ""球R"", ""share"": 0.293, ""labels"": [193]}, {""name"": ""球L"", ""share"": 0.098, ""labels"": [191]}]"
2026_08_18/000,s7,v8,,v1,116.7,117.89,1.19,3.073,球M,192,0.597,,,,0.328,0.675,,,1,1,14,球M,1,3,"[{""name"": ""球M"", ""share"": 0.597, ""labels"": [192]}, {""name"": ""球R"", ""share"": 0.196, ""labels"": [193]}, {""name"": ""球L"", ""share"": 0.177, ""labels"": [191]}]"
2026_08_18/000,s7,v8,,v1,118.22,120.82,2.6,3.077,球M,192,0.581,,,,0.353,0.67,,,1,1,14,球M,1,3,"[{""name"": ""球M"", ""share"": 0.581, ""labels"": [192]}, {""name"": ""球R"", ""share"": 0.205, ""labels"": [193]}, {""name"": ""球L"", ""share"": 0.165, ""labels"": [191]}]"
2026_08_18/000,s7,v8,,v1,120.87,121.2,0.32,3.08,球M,192,0.573,,,,0.407,0.7,,,1,1,,,,3,"[{""name"": ""球M"", ""share"": 0.573, ""labels"": [192]}, {""name"": ""球R"", ""share"": 0.233, ""labels"": [193]}, {""name"": ""球L"", ""share"": 0.156, ""labels"": [191]}]"
2026_08_18/000,s7,v8,,v1,121.25,121.69,0.43,3.364,球M,192,0.494,,,,0.939,0.797,,,1,0,,,,3,"[{""name"": ""球M"", ""share"": 0.494, ""labels"": [192]}, {""name"": ""球R"", ""share"": 0.464, ""labels"": [193]}, {""name"": ""球L"", ""share"": 0.031, ""labels"": [191]}]"
2026_08_18/000,s7,v8,,v1,121.74,122.28,0.54,3.023,球M,192,0.577,,,,0.371,0.636,,,1,1,,,,3,"[{""name"": ""球M"", ""share"": 0.577, ""labels"": [192]}, {""name"": ""球L"", ""share"": 0.214, ""labels"": [191]}, {""name"": ""球R"", ""share"": 0.175, ""labels"": [193]}]"
2026_08_18/000,s7,v8,,v1,122.33,124.56,2.22,3.02,球L,191,0.698,,,,0.261,0.521,,,1,1,15,球L,1,3,"[{""name"": ""球L"", ""share"": 0.698, ""labels"": [191]}, {""name"": ""香蕉"", ""share"": 0.182, ""labels"": [196]}, {""name"": ""球M"", ""share"": 0.106, ""labels"": [192]}]"
2026_08_18/000,s7,v8,,v1,124.84,128.27,3.43,3.028,球L,191,0.644,,,,0.298,0.54,,,1,1,15,球L,1,3,"[{""name"": ""球L"", ""share"": 0.644, ""labels"": [191]}, {""name"": ""球M"", ""share"": 0.192, ""labels"": [192]}, {""name"": ""香蕉"", ""share"": 0.146, ""labels"": [196]}]"
2026_08_18/000,s7,v8,,v1,128.32,128.59,0.27,2.981,球L,191,0.785,,,,0.203,0.624,,,1,1,,,,3,"[{""name"": ""球L"", ""share"": 0.785, ""labels"": [191]}, {""name"": ""球M"", ""share"": 0.159, ""labels"": [192]}, {""name"": ""香蕉"", ""share"": 0.046, ""labels"": [196]}]"
2026_08_20/000,c1,v9,,v1,6.97,7.24,0.27,2.316,水瓶,30,0.753,,,,0.17,0.542,,,1,1,,,,3,"[{""name"": ""水瓶"", ""share"": 0.753, ""labels"": [30]}, {""name"": ""香蕉"", ""share"": 0.128, ""labels"": [264]}, {""name"": ""苹果红"", ""share"": 0.066, ""labels"": [260]}]"
2026_08_20/000,c1,v9,,v1,7.37,7.67,0.3,2.268,水瓶,30,0.485,,,,0.456,0.489,,,1,0,,,,3,"[{""name"": ""水瓶"", ""share"": 0.485, ""labels"": [30]}, {""name"": ""苹果红"", ""share"": 0.221, ""labels"": [260]}, {""name"": ""香蕉"", ""share"": 0.177, ""labels"": [264]}]"
2026_08_20/000,c1,v9,,v1,10.31,11.02,0.7,2.647,floor,0,1.0,,,,0.0,0.006,,,0,0,,,,1,"[{""name"": ""floor"", ""share"": 1.0, ""labels"": [0]}]"
2026_08_20/000,c1,v9,,v1,11.44,11.87,0.43,2.443,floor,0,1.0,,,,0.0,0.006,,,0,0,,,,1,"[{""name"": ""floor"", ""share"": 1.0, ""labels"": [0]}]"
2026_08_20/000,c1,v9,,v1,11.92,12.2,0.27,2.321,floor,0,1.0,,,,0.0,0.007,,,0,0,,,,1,"[{""name"": ""floor"", ""share"": 1.0, ""labels"": [0]}]"
2026_08_20/000,c1,v9,,v1,12.69,13.12,0.43,2.595,floor,0,1.0,,,,0.0,0.022,,,0,0,,,,1,"[{""name"": ""floor"", ""share"": 1.0, ""labels"": [0]}]"
2026_08_20/000,c1,v9,,v1,13.98,15.07,1.09,2.28,球L,259,0.54,,,,0.339,0.06,,,1,1,,,,3,"[{""name"": ""球L"", ""share"": 0.54, ""labels"": [259]}, {""name"": ""苹果红"", ""share"": 0.183, ""labels"": [260]}, {""name"": ""苹果粉"", ""share"": 0.166, ""labels"": [64]}]"
2026_08_20/000,c1,v9,,v1,15.12,15.61,0.49,2.206,球L,259,0.456,,,,0.763,0.064,,,1,0,,,,3,"[{""name"": ""球L"", ""share"": 0.456, ""labels"": [259]}, {""name"": ""苹果粉"", ""share"": 0.348, ""labels"": [64, 250]}, {""name"": ""苹果红"", ""share"": 0.128, ""labels"": [260]}]"
2026_08_20/000,c1,v9,,v1,15.67,16.1,0.43,2.256,水瓶,30,0.307,,,,0.84,0.039,,,0,0,,,,3,"[{""name"": ""水瓶"", ""share"": 0.307, ""labels"": [30]}, {""name"": ""球M"", ""share"": 0.258, ""labels"": [261]}, {""name"": ""球L"", ""share"": 0.209, ""labels"": [259]}]"
2026_08_20/000,c1,v9,,v1,16.21,16.48,0.27,2.201,球L,259,0.535,,,,0.486,0.054,,,1,1,,,,3,"[{""name"": ""球L"", ""share"": 0.535, ""labels"": [259]}, {""name"": ""苹果粉"", ""share"": 0.26, ""labels"": [64]}, {""name"": ""苹果红"", ""share"": 0.142, ""labels"": [260]}]"
2026_08_20/000,c1,v9,,v1,16.53,17.02,0.49,2.107,球M,261,0.524,,,,0.479,0.296,,,1,1,,,,3,"[{""name"": ""球M"", ""share"": 0.524, ""labels"": [261]}, {""name"": ""球L"", ""share"": 0.251, ""labels"": [259]}, {""name"": ""水瓶"", ""share"": 0.169, ""labels"": [30]}]"
2026_08_20/000,c1,v9,,v1,17.13,18.32,1.19,2.134,球R,263,0.623,,,,0.207,0.274,,,1,1,,,,3,"[{""name"": ""球R"", ""share"": 0.623, ""labels"": [263]}, {""name"": ""水瓶"", ""share"": 0.129, ""labels"": [30]}, {""name"": ""白杯1"", ""share"": 0.127, ""labels"": [266]}]"
2026_08_20/000,c1,v9,,v1,18.37,19.46,1.08,2.158,球R,263,0.576,,,,0.276,0.167,,,1,1,1,球R,1,3,"[{""name"": ""球R"", ""share"": 0.576, ""labels"": [263]}, {""name"": ""白杯1"", ""share"": 0.159, ""labels"": [266]}, {""name"": ""水瓶"", ""share"": 0.114, ""labels"": [30]}]"
2026_08_20/000,c1,v9,,v1,19.62,20.81,1.19,2.157,球R,263,0.609,,,,0.228,0.208,,,1,1,1,球R,1,3,"[{""name"": ""球R"", ""share"": 0.609, ""labels"": [263]}, {""name"": ""水瓶"", ""share"": 0.139, ""labels"": [30]}, {""name"": ""白杯1"", ""share"": 0.128, ""labels"": [266]}]"
2026_08_20/000,c1,v9,,v1,21.03,21.62,0.6,2.158,球R,263,0.589,,,,0.273,0.258,,,1,1,1,球R,1,3,"[{""name"": ""球R"", ""share"": 0.589, ""labels"": [263]}, {""name"": ""白杯1"", ""share"": 0.161, ""labels"": [266]}, {""name"": ""水瓶"", ""share"": 0.102, ""labels"": [30]}]"
2026_08_20/000,c1,v9,,v1,21.68,22.27,0.6,2.216,球R,263,0.491,,,,0.481,0.096,,,1,0,1,球R,1,3,"[{""name"": ""球R"", ""share"": 0.491, ""labels"": [263]}, {""name"": ""白杯1"", ""share"": 0.236, ""labels"": [266]}, {""name"": ""水瓶"", ""share"": 0.091, ""labels"": [30]}]"
2026_08_20/000,c1,v9,,v1,22.44,23.09,0.65,2.159,球R,263,0.575,,,,0.259,0.178,,,1,1,,,,3,"[{""name"": ""球R"", ""share"": 0.575, ""labels"": [263]}, {""name"": ""白杯1"", ""share"": 0.149, ""labels"": [266]}, {""name"": ""水瓶"", ""share"": 0.129, ""labels"": [30]}]"
2026_08_20/000,c1,v9,,v1,23.48,23.81,0.33,2.215,球M,261,0.504,,,,0.601,0.071,,,1,1,,,,3,"[{""name"": ""球M"", ""share"": 0.504, ""labels"": [261]}, {""name"": ""水瓶"", ""share"": 0.303, ""labels"": [30]}, {""name"": ""香蕉"", ""share"": 0.073, ""labels"": [264]}]"
2026_08_20/000,c1,v9,,v1,23.92,27.08,3.17,2.228,球M,261,0.443,,,,0.765,0.035,,,0,0,2,香蕉,0,3,"[{""name"": ""球M"", ""share"": 0.443, ""labels"": [261]}, {""name"": ""水瓶"", ""share"": 0.339, ""labels"": [30]}, {""name"": ""香蕉"", ""share"": 0.114, ""labels"": [264]}]"
2026_08_20/000,c1,v9,,v1,27.14,27.79,0.65,2.274,水瓶,30,0.439,,,,0.704,0.045,,,1,0,2,香蕉,0,3,"[{""name"": ""水瓶"", ""share"": 0.439, ""labels"": [30]}, {""name"": ""球M"", ""share"": 0.309, ""labels"": [261]}, {""name"": ""香蕉"", ""share"": 0.135, ""labels"": [264]}]"
2026_08_20/000,c1,v9,,v1,28.02,29.1,1.08,2.252,水瓶,30,0.405,,,,0.914,0.033,,,0,0,2,香蕉,0,3,"[{""name"": ""水瓶"", ""share"": 0.405, ""labels"": [30]}, {""name"": ""球M"", ""share"": 0.37, ""labels"": [261]}, {""name"": ""香蕉"", ""share"": 0.117, ""labels"": [264]}]"
2026_08_20/000,c1,v9,,v1,29.15,30.34,1.19,2.238,水瓶,30,0.316,,,,0.775,0.064,,,0,0,,,,3,"[{""name"": ""水瓶"", ""share"": 0.316, ""labels"": [30]}, {""name"": ""苹果红"", ""share"": 0.245, ""labels"": [260]}, {""name"": ""球L"", ""share"": 0.176, ""labels"": [259]}]"
2026_08_20/000,c1,v9,,v1,31.01,31.82,0.81,3.093,纸箱子,33,1.0,,,,0.0,0.216,,,1,1,3,纸箱子,1,1,"[{""name"": ""纸箱子"", ""share"": 1.0, ""labels"": [33, 73]}]"
2026_08_20/000,c1,v9,,v1,31.87,32.42,0.54,3.026,纸箱子,33,1.0,,,,0.0,0.384,,,1,1,3,纸箱子,1,1,"[{""name"": ""纸箱子"", ""share"": 1.0, ""labels"": [33, 73]}]"
2026_08_20/000,c1,v9,,v1,32.47,36.8,4.33,3.06,纸箱子,33,1.0,,,,0.0,0.255,,,1,1,3,纸箱子,1,1,"[{""name"": ""纸箱子"", ""share"": 1.0, ""labels"": [33, 73]}]"
2026_08_20/000,c1,v9,,v1,37.31,38.67,1.37,2.251,苹果粉,64,0.813,,,,0.159,0.221,,,1,1,,,,3,"[{""name"": ""苹果粉"", ""share"": 0.813, ""labels"": [64]}, {""name"": ""球L"", ""share"": 0.129, ""labels"": [259]}, {""name"": ""苹果红"", ""share"": 0.027, ""labels"": [260]}]"
2026_08_20/000,c1,v9,,v1,38.74,39.9,1.16,2.24,苹果粉,64,0.787,,,,0.173,0.193,,,1,1,4,苹果粉,1,3,"[{""name"": ""苹果粉"", ""share"": 0.787, ""labels"": [64, 250]}, {""name"": ""球L"", ""share"": 0.136, ""labels"": [259]}, {""name"": ""苹果红"", ""share"": 0.035, ""labels"": [260]}]"
2026_08_20/000,c1,v9,,v1,40.13,42.46,2.33,2.233,苹果粉,64,0.657,,,,0.382,0.166,,,1,1,4,苹果粉,1,3,"[{""name"": ""苹果粉"", ""share"": 0.657, ""labels"": [64, 250]}, {""name"": ""球L"", ""share"": 0.251, ""labels"": [259]}, {""name"": ""水瓶"", ""share"": 0.051, ""labels"": [30]}]"
2026_08_20/000,c1,v9,,v1,42.51,42.89,0.38,2.242,球L,259,0.518,,,,0.4,0.072,,,1,1,4,苹果粉,0,3,"[{""name"": ""球L"", ""share"": 0.518, ""labels"": [259]}, {""name"": ""苹果红"", ""share"": 0.207, ""labels"": [260]}, {""name"": ""水瓶"", ""share"": 0.112, ""labels"": [30]}]"
2026_08_20/000,c1,v9,,v1,42.94,43.97,1.03,2.243,苹果粉,64,0.632,,,,0.405,0.121,,,1,1,,,,3,"[{""name"": ""苹果粉"", ""share"": 0.632, ""labels"": [64, 250]}, {""name"": ""球L"", ""share"": 0.256, ""labels"": [259]}, {""name"": ""苹果红"", ""share"": 0.071, ""labels"": [260]}]"
2026_08_20/000,c1,v9,,v1,44.21,44.69,0.48,2.3,白杯1,266,0.342,,,,0.591,0.056,,,0,0,,,,3,"[{""name"": ""白杯1"", ""share"": 0.342, ""labels"": [266]}, {""name"": ""球R"", ""share"": 0.202, ""labels"": [263]}, {""name"": ""水瓶"", ""share"": 0.145, ""labels"": [30]}]"
2026_08_20/000,c1,v9,,v1,45.51,45.83,0.32,2.274,白杯1,266,0.367,,,,0.619,0.055,,,1,0,5,白杯1,1,3,"[{""name"": ""白杯1"", ""share"": 0.367, ""labels"": [266]}, {""name"": ""球R"", ""share"": 0.227, ""labels"": [263]}, {""name"": ""香蕉"", ""share"": 0.109, ""labels"": [264]}]"
2026_08_20/000,c1,v9,,v1,46.05,46.97,0.92,2.321,白杯1,266,0.345,,,,0.493,0.065,,,0,0,5,白杯1,1,3,"[{""name"": ""白杯1"", ""share"": 0.345, ""labels"": [266]}, {""name"": ""球R"", ""share"": 0.17, ""labels"": [263]}, {""name"": ""水瓶"", ""share"": 0.154, ""labels"": [30]}]"
2026_08_20/000,c1,v9,,v1,47.13,49.35,2.22,2.375,白杯1,266,0.334,,,,0.859,0.05,,,0,0,5,白杯1,1,3,"[{""name"": ""白杯1"", ""share"": 0.334, ""labels"": [266]}, {""name"": ""球R"", ""share"": 0.287, ""labels"": [263]}, {""name"": ""球M"", ""share"": 0.108, ""labels"": [261]}]"
2026_08_20/000,c1,v9,,v1,49.41,49.73,0.32,2.266,球M,261,0.283,,,,0.784,0.085,,,0,0,5,白杯1,0,3,"[{""name"": ""球M"", ""share"": 0.283, ""labels"": [261]}, {""name"": ""白杯1"", ""share"": 0.222, ""labels"": [266]}, {""name"": ""球R"", ""share"": 0.215, ""labels"": [263]}]"
2026_08_20/000,c1,v9,,v1,49.97,50.68,0.7,2.306,白杯1,266,0.272,,,,0.757,0.045,,,0,0,,,,3,"[{""name"": ""白杯1"", ""share"": 0.272, ""labels"": [266]}, {""name"": ""球R"", ""share"": 0.206, ""labels"": [263]}, {""name"": ""球M"", ""share"": 0.2, ""labels"": [261]}]"
2026_08_20/000,c1,v9,,v1,50.73,53.82,3.09,2.268,水瓶,30,0.475,,,,0.438,0.086,,,1,0,,,,3,"[{""name"": ""水瓶"", ""share"": 0.475, ""labels"": [30]}, {""name"": ""球M"", ""share"": 0.208, ""labels"": [261]}, {""name"": ""香蕉"", ""share"": 0.128, ""labels"": [264]}]"
2026_08_20/000,c1,v9,,v1,53.91,54.2,0.3,2.301,白杯1,266,0.386,,,,0.614,0.075,,,1,0,6,水瓶,0,3,"[{""name"": ""白杯1"", ""share"": 0.386, ""labels"": [266]}, {""name"": ""球R"", ""share"": 0.237, ""labels"": [263]}, {""name"": ""红杯"", ""share"": 0.139, ""labels"": [49]}]"
2026_08_20/000,c1,v9,,v1,54.26,55.23,0.97,2.326,水瓶,30,0.54,,,,0.363,0.108,,,1,1,6,水瓶,1,3,"[{""name"": ""水瓶"", ""share"": 0.54, ""labels"": [30]}, {""name"": ""球M"", ""share"": 0.196, ""labels"": [261]}, {""name"": ""香蕉"", ""share"": 0.143, ""labels"": [264]}]"
2026_08_20/000,c1,v9,,v1,56.21,56.48,0.27,2.212,球M,261,0.542,,,,0.485,0.094,,,1,1,6,水瓶,0,3,"[{""name"": ""球M"", ""share"": 0.542, ""labels"": [261]}, {""name"": ""水瓶"", ""share"": 0.263, ""labels"": [30]}, {""name"": ""香蕉"", ""share"": 0.091, ""labels"": [264]}]"
2026_08_20/000,c1,v9,,v1,56.96,57.61,0.65,2.275,球M,261,0.397,,,,0.866,0.04,,,0,0,,,,3,"[{""name"": ""球M"", ""share"": 0.397, ""labels"": [261]}, {""name"": ""水瓶"", ""share"": 0.344, ""labels"": [30]}, {""name"": ""球L"", ""share"": 0.09, ""labels"": [259]}]"
2026_08_20/000,c1,v9,,v1,58.47,58.96,0.49,2.311,水瓶,30,0.548,,,,0.343,0.139,,,1,1,,,,3,"[{""name"": ""水瓶"", ""share"": 0.548, ""labels"": [30]}, {""name"": ""球M"", ""share"": 0.188, ""labels"": [261]}, {""name"": ""香蕉"", ""share"": 0.149, ""labels"": [264]}]"
2026_08_20/000,c1,v9,,v1,59.01,59.71,0.7,2.291,水瓶,30,0.321,,,,0.769,0.088,,,0,0,,,,3,"[{""name"": ""水瓶"", ""share"": 0.321, ""labels"": [30]}, {""name"": ""苹果红"", ""share"": 0.247, ""labels"": [260]}, {""name"": ""球L"", ""share"": 0.178, ""labels"": [259]}]"
2026_08_20/000,c1,v9,,v1,59.77,60.63,0.87,2.339,水瓶,30,0.527,,,,0.34,0.125,,,1,1,,,,3,"[{""name"": ""水瓶"", ""share"": 0.527, ""labels"": [30]}, {""name"": ""球M"", ""share"": 0.179, ""labels"": [261]}, {""name"": ""香蕉"", ""share"": 0.114, ""labels"": [264]}]"
2026_08_20/000,c1,v9,,v1,64.98,65.31,0.32,2.232,球M,261,0.38,,,,0.505,0.084,,,1,0,,,,3,"[{""name"": ""球M"", ""share"": 0.38, ""labels"": [261]}, {""name"": ""白杯1"", ""share"": 0.192, ""labels"": [266]}, {""name"": ""水瓶"", ""share"": 0.16, ""labels"": [30]}]"
2026_08_20/000,c1,v9,,v1,65.63,65.91,0.27,2.161,球L,259,0.438,,,,0.571,0.24,,,1,0,,,,3,"[{""name"": ""球L"", ""share"": 0.438, ""labels"": [259]}, {""name"": ""球M"", ""share"": 0.25, ""labels"": [261]}, {""name"": ""水瓶"", ""share"": 0.185, ""labels"": [30]}]"
2026_08_20/000,c1,v9,,v1,66.18,66.46,0.27,2.341,红杯,49,0.278,,,,0.993,0.132,,,0,0,,,,3,"[{""name"": ""红杯"", ""share"": 0.278, ""labels"": [49]}, {""name"": ""白杯1"", ""share"": 0.276, ""labels"": [266]}, {""name"": ""球R"", ""share"": 0.227, ""labels"": [263]}]"
2026_08_20/000,c1,v9,,v1,66.51,67.54,1.03,2.311,白杯1,266,0.302,,,,0.947,0.071,,,0,0,,,,3,"[{""name"": ""白杯1"", ""share"": 0.302, ""labels"": [266]}, {""name"": ""球R"", ""share"": 0.286, ""labels"": [263]}, {""name"": ""红杯"", ""share"": 0.204, ""labels"": [49]}]"
2026_08_20/000,c1,v9,,v1,68.0,68.68,0.67,2.347,白杯1,266,0.283,,,,0.936,0.123,,,0,0,7,红杯,0,3,"[{""name"": ""白杯1"", ""share"": 0.283, ""labels"": [266]}, {""name"": ""红杯"", ""share"": 0.265, ""labels"": [49]}, {""name"": ""球R"", ""share"": 0.23, ""labels"": [263]}]"
2026_08_20/000,c1,v9,,v1,68.74,69.17,0.43,2.311,白杯2,267,0.443,,,,0.519,0.176,,,1,0,7,红杯,0,3,"[{""name"": ""白杯2"", ""share"": 0.443, ""labels"": [267]}, {""name"": ""红杯"", ""share"": 0.23, ""labels"": [49]}, {""name"": ""球R"", ""share"": 0.223, ""labels"": [263]}]"
2026_08_20/000,c1,v9,,v1,69.23,69.82,0.6,2.301,球R,263,0.367,,,,0.771,0.037,,,0,0,7,红杯,0,3,"[{""name"": ""球R"", ""share"": 0.367, ""labels"": [263]}, {""name"": ""白杯1"", ""share"": 0.283, ""labels"": [266]}, {""name"": ""红杯"", ""share"": 0.14, ""labels"": [49]}]"
2026_08_20/000,c1,v9,,v1,69.88,70.36,0.49,2.303,球R,263,0.294,,,,0.98,0.074,,,0,0,7,红杯,0,3,"[{""name"": ""球R"", ""share"": 0.294, ""labels"": [263]}, {""name"": ""白杯2"", ""share"": 0.288, ""labels"": [267]}, {""name"": ""白杯1"", ""share"": 0.193, ""labels"": [266]}]"
2026_08_20/000,c1,v9,,v1,70.42,71.07,0.65,2.297,白杯1,266,0.383,,,,0.53,0.098,,,1,0,7,红杯,0,3,"[{""name"": ""白杯1"", ""share"": 0.383, ""labels"": [266]}, {""name"": ""球R"", ""share"": 0.203, ""labels"": [263]}, {""name"": ""红杯"", ""share"": 0.161, ""labels"": [49]}]"
2026_08_20/000,c1,v9,,v1,71.12,71.99,0.87,2.338,白杯2,267,0.366,,,,0.708,0.153,,,1,0,7,红杯,0,3,"[{""name"": ""白杯2"", ""share"": 0.366, ""labels"": [267]}, {""name"": ""红杯"", ""share"": 0.259, ""labels"": [49]}, {""name"": ""球R"", ""share"": 0.223, ""labels"": [263]}]"
2026_08_20/000,c1,v9,,v1,72.04,72.53,0.49,2.311,白杯1,266,0.348,,,,0.914,0.041,,,0,0,,,,3,"[{""name"": ""白杯1"", ""share"": 0.348, ""labels"": [266]}, {""name"": ""球R"", ""share"": 0.318, ""labels"": [263]}, {""name"": ""红杯"", ""share"": 0.114, ""labels"": [49]}]"
2026_08_20/000,c1,v9,,v1,74.0,75.35,1.35,2.259,球L,259,0.345,,,,0.907,0.065,,,0,0,8,苹果红,0,3,"[{""name"": ""球L"", ""share"": 0.345, ""labels"": [259]}, {""name"": ""苹果红"", ""share"": 0.313, ""labels"": [260]}, {""name"": ""水瓶"", ""share"": 0.148, ""labels"": [30]}]"
2026_08_20/000,c1,v9,,v1,75.41,76.0,0.6,2.256,球L,259,0.343,,,,0.91,0.064,,,0,0,8,苹果红,0,3,"[{""name"": ""球L"", ""share"": 0.343, ""labels"": [259]}, {""name"": ""苹果红"", ""share"": 0.312, ""labels"": [260]}, {""name"": ""水瓶"", ""share"": 0.161, ""labels"": [30]}]"
2026_08_20/000,c1,v9,,v1,76.06,76.76,0.7,2.266,球L,259,0.427,,,,0.595,0.062,,,1,0,8,苹果红,0,3,"[{""name"": ""球L"", ""share"": 0.427, ""labels"": [259]}, {""name"": ""苹果红"", ""share"": 0.254, ""labels"": [260]}, {""name"": ""苹果粉"", ""share"": 0.141, ""labels"": [64]}]"
2026_08_20/000,c1,v9,,v1,77.19,79.79,2.6,2.246,球L,259,0.283,,,,0.919,0.046,,,0,0,8,苹果红,0,3,"[{""name"": ""球L"", ""share"": 0.283, ""labels"": [259]}, {""name"": ""苹果红"", ""share"": 0.26, ""labels"": [260]}, {""name"": ""水瓶"", ""share"": 0.241, ""labels"": [30]}]"
2026_08_20/000,c1,v9,,v1,80.36,81.23,0.87,2.167,球M,261,0.61,,,,0.338,0.295,,,1,1,9,球M,1,3,"[{""name"": ""球M"", ""share"": 0.61, ""labels"": [261]}, {""name"": ""水瓶"", ""share"": 0.206, ""labels"": [30]}, {""name"": ""球L"", ""share"": 0.126, ""labels"": [259]}]"
2026_08_20/000,c1,v9,,v1,81.28,81.61,0.32,2.225,球M,261,0.461,,,,0.607,0.107,,,1,0,9,球M,1,3,"[{""name"": ""球M"", ""share"": 0.461, ""labels"": [261]}, {""name"": ""水瓶"", ""share"": 0.28, ""labels"": [30]}, {""name"": ""球L"", ""share"": 0.123, ""labels"": [259]}]"
2026_08_20/000,c1,v9,,v1,82.37,82.69,0.32,2.233,球M,261,0.445,,,,0.773,0.033,,,0,0,9,球M,1,3,"[{""name"": ""球M"", ""share"": 0.445, ""labels"": [261]}, {""name"": ""水瓶"", ""share"": 0.344, ""labels"": [30]}, {""name"": ""香蕉"", ""share"": 0.107, ""labels"": [264]}]"
2026_08_20/000,c1,v9,,v1,82.76,83.02,0.27,2.261,球M,261,0.356,,,,0.787,0.073,,,0,0,9,球M,1,3,"[{""name"": ""球M"", ""share"": 0.356, ""labels"": [261]}, {""name"": ""水瓶"", ""share"": 0.28, ""labels"": [30]}, {""name"": ""球L"", ""share"": 0.171, ""labels"": [259]}]"
2026_08_20/000,c1,v9,,v1,83.8,84.07,0.27,2.272,球M,261,0.491,,,,0.57,0.076,,,1,0,9,球M,1,3,"[{""name"": ""球M"", ""share"": 0.491, ""labels"": [261]}, {""name"": ""水瓶"", ""share"": 0.28, ""labels"": [30]}, {""name"": ""香蕉"", ""share"": 0.098, ""labels"": [264]}]"
2026_08_20/000,c1,v9,,v1,84.13,84.4,0.27,2.291,球L,259,0.394,,,,0.492,0.07,,,1,0,9,球M,0,3,"[{""name"": ""球L"", ""share"": 0.394, ""labels"": [259]}, {""name"": ""苹果红"", ""share"": 0.194, ""labels"": [260]}, {""name"": ""水瓶"", ""share"": 0.18, ""labels"": [30]}]"
2026_08_20/000,c1,v9,,v1,84.45,84.78,0.32,2.278,球M,261,0.499,,,,0.593,0.068,,,1,0,9,球M,1,3,"[{""name"": ""球M"", ""share"": 0.499, ""labels"": [261]}, {""name"": ""水瓶"", ""share"": 0.296, ""labels"": [30]}, {""name"": ""香蕉"", ""share"": 0.09, ""labels"": [264]}]"
2026_08_20/000,c1,v9,,v1,84.83,85.26,0.43,2.195,球M,261,0.655,,,,0.292,0.242,,,1,1,9,球M,1,3,"[{""name"": ""球M"", ""share"": 0.655, ""labels"": [261]}, {""name"": ""水瓶"", ""share"": 0.191, ""labels"": [30]}, {""name"": ""香蕉"", ""share"": 0.056, ""labels"": [264]}]"
2026_08_20/000,c1,v9,,v1,85.32,86.02,0.7,2.224,球M,261,0.547,,,,0.448,0.101,,,1,1,9,球M,1,3,"[{""name"": ""球M"", ""share"": 0.547, ""labels"": [261]}, {""name"": ""水瓶"", ""share"": 0.245, ""labels"": [30]}, {""name"": ""香蕉"", ""share"": 0.089, ""labels"": [264]}]"
2026_08_20/000,c1,v9,,v1,86.67,87.27,0.6,2.312,苹果红,260,0.304,,,,0.928,0.154,,,0,0,,,,3,"[{""name"": ""苹果红"", ""share"": 0.304, ""labels"": [260]}, {""name"": ""球L"", ""share"": 0.282, ""labels"": [259]}, {""name"": ""苹果粉"", ""share"": 0.229, ""labels"": [64]}]"
2026_08_20/000,c1,v9,,v1,87.32,92.36,5.04,2.347,苹果红,260,0.378,,,,0.508,0.415,,,1,0,10,橘子,0,3,"[{""name"": ""苹果红"", ""share"": 0.378, ""labels"": [260]}, {""name"": ""苹果粉"", ""share"": 0.192, ""labels"": [64, 250]}, {""name"": ""球L"", ""share"": 0.137, ""labels"": [259]}]"
2026_08_20/000,c1,v9,,v1,92.65,93.35,0.7,2.3,苹果红,260,0.294,,,,0.799,0.106,,,0,0,,,,3,"[{""name"": ""苹果红"", ""share"": 0.294, ""labels"": [260]}, {""name"": ""球L"", ""share"": 0.235, ""labels"": [259]}, {""name"": ""水瓶"", ""share"": 0.219, ""labels"": [30]}]"
2026_08_20/000,c1,v9,,v1,93.73,95.36,1.62,2.27,球L,259,0.509,,,,0.395,0.05,,,1,1,,,,3,"[{""name"": ""球L"", ""share"": 0.509, ""labels"": [259]}, {""name"": ""苹果粉"", ""share"": 0.201, ""labels"": [64, 250]}, {""name"": ""苹果红"", ""share"": 0.191, ""labels"": [260]}]"
2026_08_20/000,c1,v9,,v1,95.74,96.55,0.81,2.288,球L,259,0.501,,,,0.581,0.078,,,1,1,11,球L,1,3,"[{""name"": ""球L"", ""share"": 0.501, ""labels"": [259]}, {""name"": ""苹果粉"", ""share"": 0.291, ""labels"": [64, 250]}, {""name"": ""苹果红"", ""share"": 0.142, ""labels"": [260]}]"
2026_08_20/000,c1,v9,,v1,96.79,97.33,0.54,2.298,球L,259,0.519,,,,0.397,0.062,,,1,1,11,球L,1,3,"[{""name"": ""球L"", ""share"": 0.519, ""labels"": [259]}, {""name"": ""苹果粉"", ""share"": 0.206, ""labels"": [64]}, {""name"": ""苹果红"", ""share"": 0.188, ""labels"": [260]}]"
2026_08_20/000,c1,v9,,v1,97.38,97.65,0.27,2.293,水瓶,30,0.311,,,,0.691,0.059,,,0,0,11,球L,0,3,"[{""name"": ""水瓶"", ""share"": 0.311, ""labels"": [30]}, {""name"": ""球L"", ""share"": 0.215, ""labels"": [259]}, {""name"": ""苹果红"", ""share"": 0.202, ""labels"": [260]}]"
2026_08_20/000,c1,v9,,v1,98.2,98.47,0.27,2.278,球L,259,0.553,,,,0.476,0.099,,,1,1,11,球L,1,3,"[{""name"": ""球L"", ""share"": 0.553, ""labels"": [259]}, {""name"": ""苹果粉"", ""share"": 0.263, ""labels"": [64, 250]}, {""name"": ""苹果红"", ""share"": 0.13, ""labels"": [260]}]"
2026_08_20/000,c1,v9,,v1,98.87,99.34,0.47,2.307,球M,261,0.362,,,,0.845,0.058,,,0,0,11,球L,0,3,"[{""name"": ""球M"", ""share"": 0.362, ""labels"": [261]}, {""name"": ""水瓶"", ""share"": 0.306, ""labels"": [30]}, {""name"": ""球L"", ""share"": 0.14, ""labels"": [259]}]"
2026_08_20/000,c1,v9,,v1,100.15,100.42,0.27,2.322,白杯1,266,0.357,,,,0.681,0.045,,,1,0,,,,3,"[{""name"": ""白杯1"", ""share"": 0.357, ""labels"": [266]}, {""name"": ""球R"", ""share"": 0.243, ""labels"": [263]}, {""name"": ""水瓶"", ""share"": 0.112, ""labels"": [30]}]"
2026_08_20/000,c1,v9,,v1,100.86,101.24,0.38,2.317,球R,263,0.309,,,,0.968,0.08,,,0,0,12,白杯2,0,3,"[{""name"": ""球R"", ""share"": 0.309, ""labels"": [263]}, {""name"": ""白杯2"", ""share"": 0.299, ""labels"": [267]}, {""name"": ""红杯"", ""share"": 0.21, ""labels"": [49]}]"
2026_08_20/000,c1,v9,,v1,101.3,102.7,1.41,2.322,白杯2,267,0.5,,,,0.558,0.291,,,1,1,12,白杯2,1,3,"[{""name"": ""白杯2"", ""share"": 0.5, ""labels"": [267]}, {""name"": ""红杯"", ""share"": 0.279, ""labels"": [49]}, {""name"": ""球R"", ""share"": 0.145, ""labels"": [263]}]"
2026_08_20/000,c1,v9,,v1,102.76,103.9,1.14,2.298,白杯2,267,0.421,,,,0.589,0.17,,,1,0,12,白杯2,1,3,"[{""name"": ""白杯2"", ""share"": 0.421, ""labels"": [267]}, {""name"": ""红杯"", ""share"": 0.248, ""labels"": [49]}, {""name"": ""球R"", ""share"": 0.219, ""labels"": [263]}]"
2026_08_20/000,c1,v9,,v1,104.06,105.47,1.41,2.31,球R,263,0.311,,,,0.772,0.071,,,0,0,12,白杯2,0,3,"[{""name"": ""球R"", ""share"": 0.311, ""labels"": [263]}, {""name"": ""白杯2"", ""share"": 0.24, ""labels"": [267]}, {""name"": ""白杯1"", ""share"": 0.211, ""labels"": [266]}]"
2026_08_20/000,c1,v9,,v1,105.95,106.5,0.54,2.288,白杯1,266,0.344,,,,0.608,0.053,,,0,0,12,白杯2,0,3,"[{""name"": ""白杯1"", ""share"": 0.344, ""labels"": [266]}, {""name"": ""球R"", ""share"": 0.209, ""labels"": [263]}, {""name"": ""水瓶"", ""share"": 0.149, ""labels"": [30]}]"
2026_08_20/000,c1,v9,,v1,106.55,106.98,0.43,2.282,白杯2,267,0.292,,,,0.949,0.086,,,0,0,,,,3,"[{""name"": ""白杯2"", ""share"": 0.292, ""labels"": [267]}, {""name"": ""球R"", ""share"": 0.277, ""labels"": [263]}, {""name"": ""红杯"", ""share"": 0.223, ""labels"": [49]}]"
2026_08_20/000,c1,v9,,v1,107.09,107.42,0.32,2.293,水瓶,30,0.341,,,,0.833,0.044,,,0,0,,,,3,"[{""name"": ""水瓶"", ""share"": 0.341, ""labels"": [30]}, {""name"": ""球M"", ""share"": 0.284, ""labels"": [261]}, {""name"": ""香蕉"", ""share"": 0.157, ""labels"": [264]}]"
2026_08_20/000,c1,v9,,v1,107.47,107.9,0.43,2.292,白杯1,266,0.347,,,,0.787,0.066,,,0,0,,,,3,"[{""name"": ""白杯1"", ""share"": 0.347, ""labels"": [266]}, {""name"": ""球R"", ""share"": 0.273, ""labels"": [263]}, {""name"": ""红杯"", ""share"": 0.149, ""labels"": [49]}]"
2026_08_20/001,c2,v9,,v1,3.28,3.67,0.38,3.041,floor,0,1.0,,,,0.0,0.844,,,0,0,,,,1,"[{""name"": ""floor"", ""share"": 1.0, ""labels"": [0]}]"
2026_08_20/001,c2,v9,,v1,10.05,10.43,0.38,2.739,球L,259,0.29,,,,0.979,0.127,,,0,0,,,,3,"[{""name"": ""球L"", ""share"": 0.29, ""labels"": [259]}, {""name"": ""水瓶"", ""share"": 0.284, ""labels"": [30]}, {""name"": ""苹果红"", ""share"": 0.205, ""labels"": [260]}]"
2026_08_20/001,c2,v9,,v1,14.23,14.5,0.27,2.572,球M,261,0.368,,,,0.785,0.155,,,0,0,,,,3,"[{""name"": ""球M"", ""share"": 0.368, ""labels"": [261]}, {""name"": ""水瓶"", ""share"": 0.289, ""labels"": [30]}, {""name"": ""球L"", ""share"": 0.155, ""labels"": [259]}]"
2026_08_20/001,c2,v9,,v1,14.71,15.36,0.65,2.723,球R,263,0.462,,,,0.366,0.306,,,1,0,,,,3,"[{""name"": ""球R"", ""share"": 0.462, ""labels"": [263]}, {""name"": ""白杯1"", ""share"": 0.169, ""labels"": [266]}, {""name"": ""白杯2"", ""share"": 0.122, ""labels"": [267]}]"
2026_08_20/001,c2,v9,,v1,15.53,15.9,0.38,2.514,球M,261,0.393,,,,0.628,0.285,,,1,0,,,,3,"[{""name"": ""球M"", ""share"": 0.393, ""labels"": [261]}, {""name"": ""水瓶"", ""share"": 0.247, ""labels"": [30]}, {""name"": ""球L"", ""share"": 0.237, ""labels"": [259]}]"
2026_08_20/001,c2,v9,,v1,16.39,17.74,1.35,2.71,球R,263,0.412,,,,0.522,0.15,,,1,0,1,球R,1,3,"[{""name"": ""球R"", ""share"": 0.412, ""labels"": [263]}, {""name"": ""白杯1"", ""share"": 0.215, ""labels"": [266]}, {""name"": ""白杯2"", ""share"": 0.176, ""labels"": [267]}]"
2026_08_20/001,c2,v9,,v1,17.79,18.17,0.38,2.719,球R,263,0.555,,,,0.321,0.535,,,1,1,1,球R,1,3,"[{""name"": ""球R"", ""share"": 0.555, ""labels"": [263]}, {""name"": ""水瓶"", ""share"": 0.178, ""labels"": [30]}, {""name"": ""白杯1"", ""share"": 0.102, ""labels"": [266]}]"
2026_08_20/001,c2,v9,,v1,18.5,19.42,0.92,2.799,球R,263,0.475,,,,0.356,0.353,,,1,0,1,球R,1,3,"[{""name"": ""球R"", ""share"": 0.475, ""labels"": [263]}, {""name"": ""白杯2"", ""share"": 0.169, ""labels"": [267]}, {""name"": ""水瓶"", ""share"": 0.145, ""labels"": [30]}]"
2026_08_20/001,c2,v9,,v1,20.64,20.91,0.27,3.017,球R,263,0.288,,,,0.906,0.157,,,0,0,,,,3,"[{""name"": ""球R"", ""share"": 0.288, ""labels"": [263]}, {""name"": ""白杯1"", ""share"": 0.261, ""labels"": [266]}, {""name"": ""白杯2"", ""share"": 0.135, ""labels"": [267]}]"
2026_08_20/001,c2,v9,,v1,21.29,21.67,0.38,3.117,球M,261,0.317,,,,0.754,0.414,,,0,0,,,,3,"[{""name"": ""球M"", ""share"": 0.317, ""labels"": [261]}, {""name"": ""球L"", ""share"": 0.239, ""labels"": [259]}, {""name"": ""水瓶"", ""share"": 0.217, ""labels"": [30]}]"
2026_08_20/001,c2,v9,,v1,22.21,22.7,0.49,3.163,球M,261,0.281,,,,0.875,0.313,,,0,0,,,,3,"[{""name"": ""球M"", ""share"": 0.281, ""labels"": [261]}, {""name"": ""水瓶"", ""share"": 0.246, ""labels"": [30]}, {""name"": ""球L"", ""share"": 0.223, ""labels"": [259]}]"
2026_08_20/001,c2,v9,,v1,23.29,25.46,2.17,3.193,球R,263,0.268,,,,0.776,0.238,,,0,0,2,球R,1,3,"[{""name"": ""球R"", ""share"": 0.268, ""labels"": [263]}, {""name"": ""白杯1"", ""share"": 0.208, ""labels"": [266]}, {""name"": ""水瓶"", ""share"": 0.169, ""labels"": [30]}]"
2026_08_20/001,c2,v9,,v1,25.73,26.22,0.49,3.191,球R,263,0.216,,,,0.995,0.269,,,0,0,,,,3,"[{""name"": ""球R"", ""share"": 0.216, ""labels"": [263]}, {""name"": ""球M"", ""share"": 0.215, ""labels"": [261]}, {""name"": ""白杯1"", ""share"": 0.191, ""labels"": [266]}]"
2026_08_20/001,c2,v9,,v1,26.54,26.92,0.38,3.156,球R,263,0.375,,,,0.509,0.307,,,1,0,,,,3,"[{""name"": ""球R"", ""share"": 0.375, ""labels"": [263]}, {""name"": ""白杯2"", ""share"": 0.191, ""labels"": [267]}, {""name"": ""白杯1"", ""share"": 0.156, ""labels"": [266]}]"
2026_08_20/001,c2,v9,,v1,27.8,28.29,0.49,3.184,球M,261,0.228,,,,0.86,0.231,,,0,0,,,,3,"[{""name"": ""球M"", ""share"": 0.228, ""labels"": [261]}, {""name"": ""水瓶"", ""share"": 0.196, ""labels"": [30]}, {""name"": ""白杯1"", ""share"": 0.19, ""labels"": [266]}]"
2026_08_20/001,c2,v9,,v1,28.77,29.05,0.27,3.118,球R,263,0.359,,,,0.574,0.383,,,1,0,,,,3,"[{""name"": ""球R"", ""share"": 0.359, ""labels"": [263]}, {""name"": ""水瓶"", ""share"": 0.206, ""labels"": [30]}, {""name"": ""白杯1"", ""share"": 0.146, ""labels"": [266]}]"
2026_08_20/001,c2,v9,,v1,29.53,29.8,0.27,3.181,苹果粉,64,0.567,,,,0.499,0.387,,,1,1,4,球L,0,3,"[{""name"": ""苹果粉"", ""share"": 0.567, ""labels"": [64, 250]}, {""name"": ""球L"", ""share"": 0.283, ""labels"": [259]}, {""name"": ""苹果红"", ""share"": 0.087, ""labels"": [260]}]"
2026_08_20/001,c2,v9,,v1,29.86,30.56,0.7,3.134,球L,259,0.35,,,,0.88,0.228,,,0,0,4,球L,1,3,"[{""name"": ""球L"", ""share"": 0.35, ""labels"": [259]}, {""name"": ""苹果粉"", ""share"": 0.308, ""labels"": [64, 250]}, {""name"": ""苹果红"", ""share"": 0.188, ""labels"": [260]}]"
2026_08_20/001,c2,v9,,v1,30.8,31.78,0.97,3.132,球L,259,0.327,,,,0.654,0.217,,,0,0,4,球L,1,3,"[{""name"": ""球L"", ""share"": 0.327, ""labels"": [259]}, {""name"": ""苹果红"", ""share"": 0.214, ""labels"": [260]}, {""name"": ""水瓶"", ""share"": 0.166, ""labels"": [30]}]"
2026_08_20/001,c2,v9,,v1,31.83,32.21,0.38,3.164,水瓶,30,0.424,,,,0.509,0.188,,,1,0,,,,3,"[{""name"": ""水瓶"", ""share"": 0.424, ""labels"": [30]}, {""name"": ""球M"", ""share"": 0.216, ""labels"": [261]}, {""name"": ""苹果红"", ""share"": 0.113, ""labels"": [260]}]"
2026_08_20/001,c2,v9,,v1,32.27,33.25,0.98,3.196,球L,259,0.37,,,,0.524,0.248,,,1,0,,,,3,"[{""name"": ""球L"", ""share"": 0.37, ""labels"": [259]}, {""name"": ""苹果红"", ""share"": 0.194, ""labels"": [260]}, {""name"": ""苹果粉"", ""share"": 0.155, ""labels"": [64]}]"
2026_08_20/001,c2,v9,,v1,33.3,36.28,2.98,3.253,球L,259,0.246,,,,0.947,0.209,,,0,0,,,,3,"[{""name"": ""球L"", ""share"": 0.246, ""labels"": [259]}, {""name"": ""水瓶"", ""share"": 0.233, ""labels"": [30]}, {""name"": ""苹果红"", ""share"": 0.218, ""labels"": [260]}]"
2026_08_20/001,c2,v9,,v1,37.15,37.85,0.7,3.256,苹果粉,64,0.441,,,,0.868,0.513,,,0,0,,,,3,"[{""name"": ""苹果粉"", ""share"": 0.441, ""labels"": [64, 250]}, {""name"": ""球L"", ""share"": 0.383, ""labels"": [259]}, {""name"": ""苹果红"", ""share"": 0.088, ""labels"": [260]}]"
2026_08_20/001,c2,v9,,v1,37.9,39.47,1.57,3.261,球L,259,0.413,,,,0.472,0.356,,,1,0,,,,3,"[{""name"": ""球L"", ""share"": 0.413, ""labels"": [259]}, {""name"": ""苹果粉"", ""share"": 0.195, ""labels"": [64]}, {""name"": ""苹果红"", ""share"": 0.168, ""labels"": [260]}]"
2026_08_20/001,c2,v9,,v1,39.53,39.8,0.27,3.295,球L,259,0.287,,,,0.767,0.314,,,0,0,,,,3,"[{""name"": ""球L"", ""share"": 0.287, ""labels"": [259]}, {""name"": ""球M"", ""share"": 0.22, ""labels"": [261]}, {""name"": ""水瓶"", ""share"": 0.198, ""labels"": [30]}]"
2026_08_20/001,c2,v9,,v1,39.96,40.34,0.38,3.256,球L,259,0.387,,,,0.499,0.512,,,1,0,,,,3,"[{""name"": ""球L"", ""share"": 0.387, ""labels"": [259]}, {""name"": ""水瓶"", ""share"": 0.193, ""labels"": [30]}, {""name"": ""苹果红"", ""share"": 0.157, ""labels"": [260]}]"
2026_08_20/001,c2,v9,,v1,40.61,41.69,1.08,3.244,球L,259,0.446,,,,0.377,0.515,,,1,0,,,,3,"[{""name"": ""球L"", ""share"": 0.446, ""labels"": [259]}, {""name"": ""苹果粉"", ""share"": 0.168, ""labels"": [64]}, {""name"": ""苹果红"", ""share"": 0.146, ""labels"": [260]}]"
2026_08_20/001,c2,v9,,v1,42.02,42.94,0.92,3.266,球L,259,0.383,,,,0.423,0.362,,,1,0,,,,3,"[{""name"": ""球L"", ""share"": 0.383, ""labels"": [259]}, {""name"": ""苹果红"", ""share"": 0.162, ""labels"": [260]}, {""name"": ""苹果粉"", ""share"": 0.154, ""labels"": [64]}]"
2026_08_20/001,c2,v9,,v1,43.18,45.19,2.01,3.223,苹果粉,64,0.687,,,,0.269,0.409,,,1,1,5,苹果粉,1,3,"[{""name"": ""苹果粉"", ""share"": 0.687, ""labels"": [64, 250]}, {""name"": ""球L"", ""share"": 0.185, ""labels"": [259]}, {""name"": ""苹果红"", ""share"": 0.088, ""labels"": [260]}]"
2026_08_20/001,c2,v9,,v1,45.4,46.6,1.2,3.234,苹果粉,64,0.514,,,,0.574,0.324,,,1,1,5,苹果粉,1,3,"[{""name"": ""苹果粉"", ""share"": 0.514, ""labels"": [64]}, {""name"": ""球L"", ""share"": 0.295, ""labels"": [259]}, {""name"": ""苹果红"", ""share"": 0.116, ""labels"": [260]}]"
2026_08_20/001,c2,v9,,v1,46.84,49.22,2.38,3.207,苹果粉,64,0.601,,,,0.424,0.352,,,1,1,5,苹果粉,1,3,"[{""name"": ""苹果粉"", ""share"": 0.601, ""labels"": [64, 250]}, {""name"": ""球L"", ""share"": 0.255, ""labels"": [259]}, {""name"": ""苹果红"", ""share"": 0.099, ""labels"": [260]}]"
2026_08_20/001,c2,v9,,v1,49.44,49.82,0.38,3.209,苹果粉,64,0.547,,,,0.497,0.325,,,1,1,5,苹果粉,1,3,"[{""name"": ""苹果粉"", ""share"": 0.547, ""labels"": [64, 250]}, {""name"": ""球L"", ""share"": 0.272, ""labels"": [259]}, {""name"": ""苹果红"", ""share"": 0.103, ""labels"": [260]}]"
2026_08_20/001,c2,v9,,v1,50.09,52.1,2.0,3.28,白杯1,266,0.249,,,,0.972,0.206,,,0,0,,,,3,"[{""name"": ""白杯1"", ""share"": 0.249, ""labels"": [266]}, {""name"": ""球R"", ""share"": 0.242, ""labels"": [263]}, {""name"": ""水瓶"", ""share"": 0.147, ""labels"": [30]}]"
2026_08_20/001,c2,v9,,v1,52.15,52.86,0.7,3.269,白杯2,267,0.34,,,,0.865,0.263,,,0,0,,,,3,"[{""name"": ""白杯2"", ""share"": 0.34, ""labels"": [267]}, {""name"": ""球R"", ""share"": 0.294, ""labels"": [263]}, {""name"": ""红杯"", ""share"": 0.135, ""labels"": [49]}]"
2026_08_20/001,c2,v9,,v1,53.89,54.16,0.27,3.269,白杯2,267,0.559,,,,0.329,0.499,,,1,1,,,,3,"[{""name"": ""白杯2"", ""share"": 0.559, ""labels"": [267]}, {""name"": ""球R"", ""share"": 0.184, ""labels"": [263]}, {""name"": ""红杯"", ""share"": 0.145, ""labels"": [49]}]"
2026_08_20/001,c2,v9,,v1,54.75,55.02,0.27,3.268,球M,261,0.304,,,,0.868,0.27,,,0,0,,,,3,"[{""name"": ""球M"", ""share"": 0.304, ""labels"": [261]}, {""name"": ""水瓶"", ""share"": 0.264, ""labels"": [30]}, {""name"": ""白杯1"", ""share"": 0.124, ""labels"": [266]}]"
2026_08_20/001,c2,v9,,v1,55.13,55.99,0.87,3.28,白杯1,266,0.231,,,,0.978,0.205,,,0,0,,,,3,"[{""name"": ""白杯1"", ""share"": 0.231, ""labels"": [266]}, {""name"": ""球R"", ""share"": 0.226, ""labels"": [263]}, {""name"": ""水瓶"", ""share"": 0.204, ""labels"": [30]}]"
2026_08_20/001,c2,v9,,v1,56.05,56.64,0.6,3.282,水瓶,30,0.245,,,,0.886,0.243,,,0,0,,,,3,"[{""name"": ""水瓶"", ""share"": 0.245, ""labels"": [30]}, {""name"": ""球M"", ""share"": 0.217, ""labels"": [261]}, {""name"": ""白杯1"", ""share"": 0.179, ""labels"": [266]}]"
2026_08_20/001,c2,v9,,v1,58.49,59.14,0.65,3.261,球M,261,0.328,,,,0.857,0.272,,,0,0,7,球M,1,3,"[{""name"": ""球M"", ""share"": 0.328, ""labels"": [261]}, {""name"": ""水瓶"", ""share"": 0.281, ""labels"": [30]}, {""name"": ""香蕉"", ""share"": 0.094, ""labels"": [264]}]"
2026_08_20/001,c2,v9,,v1,59.51,59.95,0.43,3.274,水瓶,30,0.273,,,,0.974,0.212,,,0,0,7,球M,0,3,"[{""name"": ""水瓶"", ""share"": 0.273, ""labels"": [30]}, {""name"": ""球M"", ""share"": 0.266, ""labels"": [261]}, {""name"": ""白杯1"", ""share"": 0.142, ""labels"": [266]}]"
2026_08_20/001,c2,v9,,v1,60.19,60.56,0.38,3.268,球M,261,0.311,,,,0.923,0.413,,,0,0,7,球M,1,3,"[{""name"": ""球M"", ""share"": 0.311, ""labels"": [261]}, {""name"": ""水瓶"", ""share"": 0.287, ""labels"": [30]}, {""name"": ""球L"", ""share"": 0.169, ""labels"": [259]}]"
2026_08_20/001,c2,v9,,v1,60.62,61.05,0.43,3.289,水瓶,30,0.295,,,,0.712,0.202,,,0,0,7,球M,0,3,"[{""name"": ""水瓶"", ""share"": 0.295, ""labels"": [30]}, {""name"": ""球M"", ""share"": 0.21, ""labels"": [261]}, {""name"": ""白杯1"", ""share"": 0.17, ""labels"": [266]}]"
2026_08_20/001,c2,v9,,v1,61.11,61.92,0.81,3.282,水瓶,30,0.315,,,,0.968,0.275,,,0,0,7,球M,0,3,"[{""name"": ""水瓶"", ""share"": 0.315, ""labels"": [30]}, {""name"": ""球M"", ""share"": 0.305, ""labels"": [261]}, {""name"": ""球L"", ""share"": 0.109, ""labels"": [259]}]"
2026_08_20/001,c2,v9,,v1,61.97,62.24,0.27,3.286,球R,263,0.233,,,,0.876,0.218,,,0,0,,,,3,"[{""name"": ""球R"", ""share"": 0.233, ""labels"": [263]}, {""name"": ""白杯1"", ""share"": 0.204, ""labels"": [266]}, {""name"": ""水瓶"", ""share"": 0.2, ""labels"": [30]}]"
2026_08_20/001,c2,v9,,v1,62.3,62.68,0.38,3.274,球M,261,0.319,,,,0.884,0.312,,,0,0,,,,3,"[{""name"": ""球M"", ""share"": 0.319, ""labels"": [261]}, {""name"": ""水瓶"", ""share"": 0.282, ""labels"": [30]}, {""name"": ""香蕉"", ""share"": 0.1, ""labels"": [264]}]"
2026_08_20/001,c2,v9,,v1,66.2,66.53,0.32,3.232,水瓶,30,0.383,,,,0.441,0.279,,,1,0,,,,3,"[{""name"": ""水瓶"", ""share"": 0.383, ""labels"": [30]}, {""name"": ""苹果红"", ""share"": 0.169, ""labels"": [260]}, {""name"": ""球M"", ""share"": 0.15, ""labels"": [261]}]"
2026_08_20/001,c2,v9,,v1,67.66,68.41,0.76,3.289,球L,259,0.306,,,,0.735,0.275,,,0,0,,,,3,"[{""name"": ""球L"", ""share"": 0.306, ""labels"": [259]}, {""name"": ""水瓶"", ""share"": 0.225, ""labels"": [30]}, {""name"": ""苹果红"", ""share"": 0.185, ""labels"": [260]}]"
2026_08_20/001,c2,v9,,v1,68.79,69.06,0.27,3.304,球L,259,0.297,,,,0.727,0.252,,,0,0,,,,3,"[{""name"": ""球L"", ""share"": 0.297, ""labels"": [259]}, {""name"": ""水瓶"", ""share"": 0.216, ""labels"": [30]}, {""name"": ""苹果红"", ""share"": 0.172, ""labels"": [260]}]"
2026_08_20/001,c2,v9,,v1,70.32,70.7,0.38,3.304,球M,261,0.323,,,,0.839,0.461,,,0,0,,,,3,"[{""name"": ""球M"", ""share"": 0.323, ""labels"": [261]}, {""name"": ""水瓶"", ""share"": 0.271, ""labels"": [30]}, {""name"": ""球L"", ""share"": 0.132, ""labels"": [259]}]"
2026_08_20/001,c2,v9,,v1,71.96,72.77,0.81,3.295,球R,263,0.295,,,,0.675,0.291,,,0,0,,,,3,"[{""name"": ""球R"", ""share"": 0.295, ""labels"": [263]}, {""name"": ""白杯1"", ""share"": 0.199, ""labels"": [266]}, {""name"": ""白杯2"", ""share"": 0.145, ""labels"": [267]}]"
2026_08_20/001,c2,v9,,v1,72.88,74.29,1.41,3.322,球R,263,0.253,,,,0.814,0.242,,,0,0,,,,3,"[{""name"": ""球R"", ""share"": 0.253, ""labels"": [263]}, {""name"": ""白杯1"", ""share"": 0.206, ""labels"": [266]}, {""name"": ""水瓶"", ""share"": 0.186, ""labels"": [30]}]"
2026_08_20/001,c2,v9,,v1,75.39,75.76,0.38,3.312,球R,263,0.288,,,,0.781,0.328,,,0,0,,,,3,"[{""name"": ""球R"", ""share"": 0.288, ""labels"": [263]}, {""name"": ""白杯1"", ""share"": 0.225, ""labels"": [266]}, {""name"": ""球M"", ""share"": 0.12, ""labels"": [261]}]"
2026_08_20/001,c2,v9,,v1,75.87,76.19,0.32,3.327,球R,263,0.29,,,,0.707,0.246,,,0,0,,,,3,"[{""name"": ""球R"", ""share"": 0.29, ""labels"": [263]}, {""name"": ""白杯1"", ""share"": 0.205, ""labels"": [266]}, {""name"": ""水瓶"", ""share"": 0.166, ""labels"": [30]}]"
2026_08_20/001,c2,v9,,v1,76.25,76.52,0.27,3.336,水瓶,30,0.251,,,,0.845,0.284,,,0,0,,,,3,"[{""name"": ""水瓶"", ""share"": 0.251, ""labels"": [30]}, {""name"": ""球M"", ""share"": 0.212, ""labels"": [261]}, {""name"": ""白杯1"", ""share"": 0.182, ""labels"": [266]}]"
2026_08_20/001,c2,v9,,v1,76.57,77.0,0.43,3.31,球R,263,0.307,,,,0.645,0.311,,,0,0,,,,3,"[{""name"": ""球R"", ""share"": 0.307, ""labels"": [263]}, {""name"": ""白杯1"", ""share"": 0.198, ""labels"": [266]}, {""name"": ""水瓶"", ""share"": 0.168, ""labels"": [30]}]"
2026_08_20/001,c2,v9,,v1,77.06,77.36,0.3,3.313,球M,261,0.323,,,,0.74,0.421,,,0,0,,,,3,"[{""name"": ""球M"", ""share"": 0.323, ""labels"": [261]}, {""name"": ""水瓶"", ""share"": 0.239, ""labels"": [30]}, {""name"": ""球R"", ""share"": 0.113, ""labels"": [263]}]"
2026_08_20/001,c2,v9,,v1,77.65,78.73,1.08,3.306,球R,263,0.306,,,,0.712,0.289,,,0,0,,,,3,"[{""name"": ""球R"", ""share"": 0.306, ""labels"": [263]}, {""name"": ""白杯1"", ""share"": 0.218, ""labels"": [266]}, {""name"": ""白杯2"", ""share"": 0.124, ""labels"": [267]}]"
2026_08_20/001,c2,v9,,v1,79.4,79.77,0.38,3.296,苹果粉,64,0.529,,,,0.648,0.539,,,1,1,,,,3,"[{""name"": ""苹果粉"", ""share"": 0.529, ""labels"": [64]}, {""name"": ""球L"", ""share"": 0.343, ""labels"": [259]}, {""name"": ""苹果红"", ""share"": 0.066, ""labels"": [260]}]"
2026_08_20/001,c2,v9,,v1,80.05,82.0,1.95,3.303,苹果粉,64,0.615,,,,0.429,0.418,,,1,1,9,苹果粉,1,3,"[{""name"": ""苹果粉"", ""share"": 0.615, ""labels"": [64]}, {""name"": ""球L"", ""share"": 0.264, ""labels"": [259]}, {""name"": ""苹果红"", ""share"": 0.082, ""labels"": [260]}]"
2026_08_20/001,c2,v9,,v1,82.05,82.48,0.43,3.292,球L,259,0.326,,,,0.604,0.289,,,0,0,,,,3,"[{""name"": ""球L"", ""share"": 0.326, ""labels"": [259]}, {""name"": ""苹果红"", ""share"": 0.197, ""labels"": [260]}, {""name"": ""苹果粉"", ""share"": 0.183, ""labels"": [64]}]"
2026_08_20/001,c2,v9,,v1,82.59,82.86,0.27,3.296,苹果粉,64,0.522,,,,0.531,0.344,,,1,1,,,,3,"[{""name"": ""苹果粉"", ""share"": 0.522, ""labels"": [64]}, {""name"": ""球L"", ""share"": 0.277, ""labels"": [259]}, {""name"": ""苹果红"", ""share"": 0.112, ""labels"": [260]}]"
2026_08_20/001,c2,v9,,v1,82.91,83.18,0.27,3.316,白杯1,266,0.249,,,,0.968,0.211,,,0,0,,,,3,"[{""name"": ""白杯1"", ""share"": 0.249, ""labels"": [266]}, {""name"": ""球R"", ""share"": 0.241, ""labels"": [263]}, {""name"": ""水瓶"", ""share"": 0.15, ""labels"": [30]}]"
2026_08_20/001,c2,v9,,v1,83.24,83.78,0.54,3.274,苹果粉,64,0.362,,,,0.906,0.276,,,0,0,,,,3,"[{""name"": ""苹果粉"", ""share"": 0.362, ""labels"": [64, 250]}, {""name"": ""球L"", ""share"": 0.328, ""labels"": [259]}, {""name"": ""苹果红"", ""share"": 0.178, ""labels"": [260]}]"
2026_08_20/001,c2,v9,,v1,83.83,84.1,0.27,3.274,苹果粉,64,0.515,,,,0.573,0.35,,,1,1,,,,3,"[{""name"": ""苹果粉"", ""share"": 0.515, ""labels"": [64]}, {""name"": ""球L"", ""share"": 0.295, ""labels"": [259]}, {""name"": ""苹果红"", ""share"": 0.112, ""labels"": [260]}]"
2026_08_20/001,c2,v9,,v1,84.54,84.92,0.38,3.277,球L,259,0.328,,,,0.707,0.269,,,0,0,,,,3,"[{""name"": ""球L"", ""share"": 0.328, ""labels"": [259]}, {""name"": ""苹果粉"", ""share"": 0.232, ""labels"": [64]}, {""name"": ""苹果红"", ""share"": 0.207, ""labels"": [260]}]"
2026_08_20/001,c2,v9,,v1,84.97,85.29,0.32,3.286,苹果粉,64,0.41,,,,0.798,0.3,,,0,0,10,球R,0,3,"[{""name"": ""苹果粉"", ""share"": 0.41, ""labels"": [64]}, {""name"": ""球L"", ""share"": 0.327, ""labels"": [259]}, {""name"": ""苹果红"", ""share"": 0.143, ""labels"": [260]}]"
2026_08_20/001,c2,v9,,v1,85.35,85.62,0.27,3.276,球R,263,0.308,,,,0.685,0.225,,,0,0,10,球R,1,3,"[{""name"": ""球R"", ""share"": 0.308, ""labels"": [263]}, {""name"": ""白杯1"", ""share"": 0.211, ""labels"": [266]}, {""name"": ""白杯2"", ""share"": 0.16, ""labels"": [267]}]"
2026_08_20/001,c2,v9,,v1,86.28,87.85,1.57,3.218,球R,263,0.322,,,,0.624,0.247,,,0,0,10,球R,1,3,"[{""name"": ""球R"", ""share"": 0.322, ""labels"": [263]}, {""name"": ""白杯2"", ""share"": 0.201, ""labels"": [267]}, {""name"": ""白杯1"", ""share"": 0.19, ""labels"": [266]}]"
2026_08_20/001,c2,v9,,v1,87.9,88.17,0.27,3.243,水瓶,30,0.263,,,,0.981,0.237,,,0,0,,,,3,"[{""name"": ""水瓶"", ""share"": 0.263, ""labels"": [30]}, {""name"": ""球M"", ""share"": 0.258, ""labels"": [261]}, {""name"": ""白杯1"", ""share"": 0.157, ""labels"": [266]}]"
2026_08_20/001,c2,v9,,v1,88.23,89.47,1.25,3.257,球R,263,0.329,,,,0.657,0.252,,,0,0,,,,3,"[{""name"": ""球R"", ""share"": 0.329, ""labels"": [263]}, {""name"": ""白杯1"", ""share"": 0.216, ""labels"": [266]}, {""name"": ""白杯2"", ""share"": 0.154, ""labels"": [267]}]"
2026_08_20/001,c2,v9,,v1,89.64,89.96,0.32,3.256,球M,261,0.309,,,,0.861,0.315,,,0,0,,,,3,"[{""name"": ""球M"", ""share"": 0.309, ""labels"": [261]}, {""name"": ""水瓶"", ""share"": 0.266, ""labels"": [30]}, {""name"": ""白杯1"", ""share"": 0.128, ""labels"": [266]}]"
2026_08_20/001,c2,v9,,v1,90.12,90.39,0.27,3.331,球R,263,0.294,,,,0.704,0.541,,,0,0,11,球M,0,3,"[{""name"": ""球R"", ""share"": 0.294, ""labels"": [263]}, {""name"": ""球M"", ""share"": 0.207, ""labels"": [261]}, {""name"": ""白杯1"", ""share"": 0.176, ""labels"": [266]}]"
2026_08_20/001,c2,v9,,v1,90.5,91.04,0.54,3.261,球M,261,0.317,,,,0.842,0.428,,,0,0,11,球M,1,3,"[{""name"": ""球M"", ""share"": 0.317, ""labels"": [261]}, {""name"": ""水瓶"", ""share"": 0.267, ""labels"": [30]}, {""name"": ""球L"", ""share"": 0.163, ""labels"": [259]}]"
2026_08_20/001,c2,v9,,v1,92.23,92.66,0.43,3.274,水瓶,30,0.276,,,,0.993,0.289,,,0,0,11,球M,0,3,"[{""name"": ""水瓶"", ""share"": 0.276, ""labels"": [30]}, {""name"": ""球M"", ""share"": 0.274, ""labels"": [261]}, {""name"": ""白杯1"", ""share"": 0.138, ""labels"": [266]}]"
2026_08_20/001,c2,v9,,v1,93.36,94.89,1.53,3.212,球M,261,0.33,,,,0.83,0.27,,,0,0,11,球M,1,3,"[{""name"": ""球M"", ""share"": 0.33, ""labels"": [261]}, {""name"": ""水瓶"", ""share"": 0.274, ""labels"": [30]}, {""name"": ""球L"", ""share"": 0.114, ""labels"": [259]}]"
2026_08_20/001,c2,v9,,v1,95.34,96.05,0.7,3.239,球M,261,0.332,,,,0.867,0.318,,,0,0,11,球M,1,3,"[{""name"": ""球M"", ""share"": 0.332, ""labels"": [261]}, {""name"": ""水瓶"", ""share"": 0.288, ""labels"": [30]}, {""name"": ""球L"", ""share"": 0.117, ""labels"": [259]}]"
2026_08_20/001,c2,v9,,v1,96.1,96.48,0.38,3.245,水瓶,30,0.297,,,,0.798,0.282,,,0,0,11,球M,0,3,"[{""name"": ""水瓶"", ""share"": 0.297, ""labels"": [30]}, {""name"": ""球M"", ""share"": 0.237, ""labels"": [261]}, {""name"": ""球L"", ""share"": 0.205, ""labels"": [259]}]"
2026_08_20/001,c2,v9,,v1,96.54,96.81,0.27,3.226,水瓶,30,0.347,,,,0.772,0.285,,,0,0,11,球M,0,3,"[{""name"": ""水瓶"", ""share"": 0.347, ""labels"": [30]}, {""name"": ""球M"", ""share"": 0.268, ""labels"": [261]}, {""name"": ""球L"", ""share"": 0.151, ""labels"": [259]}]"
2026_08_20/001,c2,v9,,v1,96.86,97.35,0.49,3.209,球L,259,0.372,,,,0.446,0.363,,,1,0,,,,3,"[{""name"": ""球L"", ""share"": 0.372, ""labels"": [259]}, {""name"": ""苹果红"", ""share"": 0.166, ""labels"": [260]}, {""name"": ""水瓶"", ""share"": 0.158, ""labels"": [30]}]"
2026_08_20/001,c2,v9,,v1,97.46,97.79,0.32,3.244,水瓶,30,0.277,,,,0.964,0.461,,,0,0,,,,3,"[{""name"": ""水瓶"", ""share"": 0.277, ""labels"": [30]}, {""name"": ""球M"", ""share"": 0.267, ""labels"": [261]}, {""name"": ""球L"", ""share"": 0.227, ""labels"": [259]}]"
2026_08_20/001,c2,v9,,v1,99.07,99.4,0.32,3.255,球M,261,0.216,,,,0.981,0.238,,,0,0,,,,3,"[{""name"": ""球M"", ""share"": 0.216, ""labels"": [261]}, {""name"": ""水瓶"", ""share"": 0.212, ""labels"": [30]}, {""name"": ""白杯1"", ""share"": 0.185, ""labels"": [266]}]"
2026_08_20/001,c2,v9,,v1,100.1,102.38,2.27,3.249,白杯2,267,0.389,,,,0.638,0.305,,,1,0,12,白杯2,1,3,"[{""name"": ""白杯2"", ""share"": 0.389, ""labels"": [267]}, {""name"": ""球R"", ""share"": 0.248, ""labels"": [263]}, {""name"": ""红杯"", ""share"": 0.16, ""labels"": [49]}]"
2026_08_20/001,c2,v9,,v1,102.49,104.16,1.68,3.266,白杯2,267,0.409,,,,0.601,0.314,,,1,0,12,白杯2,1,3,"[{""name"": ""白杯2"", ""share"": 0.409, ""labels"": [267]}, {""name"": ""球R"", ""share"": 0.246, ""labels"": [263]}, {""name"": ""红杯"", ""share"": 0.135, ""labels"": [49]}]"
2026_08_20/001,c2,v9,,v1,104.33,104.98,0.65,3.267,白杯2,267,0.438,,,,0.6,0.33,,,1,0,12,白杯2,1,3,"[{""name"": ""白杯2"", ""share"": 0.438, ""labels"": [267]}, {""name"": ""球R"", ""share"": 0.263, ""labels"": [263]}, {""name"": ""红杯"", ""share"": 0.118, ""labels"": [49]}]"
2026_08_20/001,c2,v9,,v1,105.03,105.36,0.32,3.247,水瓶,30,0.254,,,,0.787,0.197,,,0,0,,,,3,"[{""name"": ""水瓶"", ""share"": 0.254, ""labels"": [30]}, {""name"": ""球M"", ""share"": 0.2, ""labels"": [261]}, {""name"": ""白杯1"", ""share"": 0.197, ""labels"": [266]}]"
2026_08_20/001,c2,v9,,v1,105.41,105.68,0.27,3.209,球R,263,0.291,,,,0.814,0.221,,,0,0,,,,3,"[{""name"": ""球R"", ""share"": 0.291, ""labels"": [263]}, {""name"": ""白杯2"", ""share"": 0.237, ""labels"": [267]}, {""name"": ""白杯1"", ""share"": 0.207, ""labels"": [266]}]"
2026_08_20/001,c2,v9,,v1,105.98,106.36,0.38,3.24,水瓶,30,0.314,,,,0.831,0.251,,,0,0,,,,3,"[{""name"": ""水瓶"", ""share"": 0.314, ""labels"": [30]}, {""name"": ""球M"", ""share"": 0.261, ""labels"": [261]}, {""name"": ""球L"", ""share"": 0.168, ""labels"": [259]}]"
2026_08_20/001,c2,v9,,v1,106.41,108.01,1.6,3.228,球R,263,0.316,,,,0.759,0.225,,,0,0,,,,3,"[{""name"": ""球R"", ""share"": 0.316, ""labels"": [263]}, {""name"": ""白杯2"", ""share"": 0.24, ""labels"": [267]}, {""name"": ""白杯1"", ""share"": 0.181, ""labels"": [266]}]"
2026_08_20/001,c2,v9,,v1,108.07,114.03,5.96,3.237,白杯2,267,0.386,,,,0.666,0.331,,,1,0,,,,3,"[{""name"": ""白杯2"", ""share"": 0.386, ""labels"": [267]}, {""name"": ""球R"", ""share"": 0.257, ""labels"": [263]}, {""name"": ""红杯"", ""share"": 0.132, ""labels"": [49]}]"
2026_08_20/001,c2,v9,,v1,114.86,115.73,0.87,3.227,球L,259,0.3,,,,0.8,0.284,,,0,0,,,,3,"[{""name"": ""球L"", ""share"": 0.3, ""labels"": [259]}, {""name"": ""水瓶"", ""share"": 0.24, ""labels"": [30]}, {""name"": ""苹果红"", ""share"": 0.166, ""labels"": [260]}]"
2026_08_20/001,c2,v9,,v1,115.78,116.16,0.38,3.227,苹果粉,64,0.492,,,,0.608,0.316,,,1,0,,,,3,"[{""name"": ""苹果粉"", ""share"": 0.492, ""labels"": [64, 250]}, {""name"": ""球L"", ""share"": 0.299, ""labels"": [259]}, {""name"": ""苹果红"", ""share"": 0.12, ""labels"": [260]}]"
2026_08_20/001,c2,v9,,v1,116.4,116.78,0.38,3.232,苹果粉,64,0.385,,,,0.94,0.31,,,0,0,14,球L,0,3,"[{""name"": ""苹果粉"", ""share"": 0.385, ""labels"": [64]}, {""name"": ""球L"", ""share"": 0.362, ""labels"": [259]}, {""name"": ""苹果红"", ""share"": 0.127, ""labels"": [260]}]"
2026_08_20/001,c2,v9,,v1,116.83,117.7,0.87,3.233,球L,259,0.257,,,,0.992,0.231,,,0,0,14,球L,1,3,"[{""name"": ""球L"", ""share"": 0.257, ""labels"": [259]}, {""name"": ""水瓶"", ""share"": 0.255, ""labels"": [30]}, {""name"": ""苹果红"", ""share"": 0.208, ""labels"": [260]}]"
2026_08_20/001,c2,v9,,v1,118.25,119.17,0.92,3.211,球L,259,0.278,,,,0.773,0.21,,,0,0,14,球L,1,3,"[{""name"": ""球L"", ""share"": 0.278, ""labels"": [259]}, {""name"": ""水瓶"", ""share"": 0.215, ""labels"": [30]}, {""name"": ""苹果红"", ""share"": 0.212, ""labels"": [260]}]"
2026_08_20/001,c2,v9,,v1,119.92,120.19,0.27,3.273,球L,259,0.308,,,,0.695,0.318,,,0,0,14,球L,1,3,"[{""name"": ""球L"", ""share"": 0.308, ""labels"": [259]}, {""name"": ""水瓶"", ""share"": 0.214, ""labels"": [30]}, {""name"": ""苹果红"", ""share"": 0.188, ""labels"": [260]}]"
2026_08_20/001,c2,v9,,v1,120.46,120.73,0.27,3.292,水瓶,30,0.317,,,,0.946,0.218,,,0,0,,,,3,"[{""name"": ""水瓶"", ""share"": 0.317, ""labels"": [30]}, {""name"": ""球M"", ""share"": 0.3, ""labels"": [261]}, {""name"": ""香蕉"", ""share"": 0.089, ""labels"": [264]}]"
2026_08_20/001,c2,v9,,v1,121.06,121.38,0.32,3.256,苹果粉,64,0.443,,,,0.625,0.297,,,1,0,,,,3,"[{""name"": ""苹果粉"", ""share"": 0.443, ""labels"": [64]}, {""name"": ""球L"", ""share"": 0.277, ""labels"": [259]}, {""name"": ""苹果红"", ""share"": 0.149, ""labels"": [260]}]"
2026_08_20/001,c2,v9,,v1,121.43,121.92,0.49,3.27,球L,259,0.269,,,,0.81,0.216,,,0,0,,,,3,"[{""name"": ""球L"", ""share"": 0.269, ""labels"": [259]}, {""name"": ""水瓶"", ""share"": 0.218, ""labels"": [30]}, {""name"": ""苹果红"", ""share"": 0.217, ""labels"": [260]}]"
2026_08_20/001,c2,v9,,v1,121.98,123.01,1.04,3.244,水瓶,30,0.323,,,,0.7,0.29,,,0,0,15,苹果红,0,3,"[{""name"": ""水瓶"", ""share"": 0.323, ""labels"": [30]}, {""name"": ""苹果红"", ""share"": 0.226, ""labels"": [260]}, {""name"": ""球L"", ""share"": 0.169, ""labels"": [259]}]"
2026_08_20/001,c2,v9,,v1,123.07,125.78,2.71,3.247,球L,259,0.278,,,,0.871,0.292,,,0,0,,,,3,"[{""name"": ""球L"", ""share"": 0.278, ""labels"": [259]}, {""name"": ""苹果红"", ""share"": 0.242, ""labels"": [260]}, {""name"": ""苹果粉"", ""share"": 0.206, ""labels"": [64]}]"
2026_08_20/001,c2,v9,,v1,125.83,126.86,1.03,3.254,水瓶,30,0.258,,,,0.922,0.239,,,0,0,,,,3,"[{""name"": ""水瓶"", ""share"": 0.258, ""labels"": [30]}, {""name"": ""苹果红"", ""share"": 0.238, ""labels"": [260]}, {""name"": ""球L"", ""share"": 0.208, ""labels"": [259]}]"
2026_08_20/001,c2,v9,,v1,127.18,127.45,0.27,3.24,球L,259,0.295,,,,0.756,0.249,,,0,0,,,,3,"[{""name"": ""球L"", ""share"": 0.295, ""labels"": [259]}, {""name"": ""苹果红"", ""share"": 0.223, ""labels"": [260]}, {""name"": ""苹果粉"", ""share"": 0.196, ""labels"": [64]}]"
2026_08_20/001,c2,v9,,v1,128.3,128.57,0.27,3.701,纸箱子,33,1.0,,,,0.0,0.998,,,1,1,,,,1,"[{""name"": ""纸箱子"", ""share"": 1.0, ""labels"": [33]}]"
2026_08_20/001,c2,v9,,v1,129.49,129.76,0.27,2.412,floor,0,1.0,,,,0.0,0.133,,,0,0,,,,1,"[{""name"": ""floor"", ""share"": 1.0, ""labels"": [0]}]"
2026_08_20/002,c4,v9,beyond_occ,v1,8.84,9.44,0.6,4.11,球M,261,0.22,,,,0.941,0.373,,,0,0,,,,3,"[{""name"": ""球M"", ""share"": 0.22, ""labels"": [261]}, {""name"": ""球R"", ""share"": 0.207, ""labels"": [263]}, {""name"": ""球L"", ""share"": 0.183, ""labels"": [259]}]"
2026_08_20/002,c4,v9,beyond_occ,v1,9.71,9.98,0.27,3.306,floor,0,1.0,,,,0.0,0.083,,,0,0,,,,1,"[{""name"": ""floor"", ""share"": 1.0, ""labels"": [0]}]"
2026_08_20/002,c4,v9,beyond_occ,v1,10.36,11.06,0.7,2.929,floor,0,1.0,,,,0.0,0.016,,,0,0,,,,1,"[{""name"": ""floor"", ""share"": 1.0, ""labels"": [0]}]"
2026_08_20/002,c4,v9,beyond_occ,v1,11.17,11.77,0.6,3.253,floor,0,1.0,,,,0.0,0.083,,,0,0,,,,1,"[{""name"": ""floor"", ""share"": 1.0, ""labels"": [0]}]"
2026_08_20/002,c4,v9,beyond_occ,v1,11.88,12.15,0.27,2.996,floor,0,1.0,,,,0.0,0.006,,,0,0,,,,1,"[{""name"": ""floor"", ""share"": 1.0, ""labels"": [0]}]"
2026_08_20/002,c4,v9,beyond_occ,v1,12.88,15.05,2.17,4.182,球L,259,0.214,,,,0.883,0.327,,,0,0,4,球M,0,3,"[{""name"": ""球L"", ""share"": 0.214, ""labels"": [259]}, {""name"": ""水瓶"", ""share"": 0.189, ""labels"": [30]}, {""name"": ""球M"", ""share"": 0.159, ""labels"": [261]}]"
2026_08_20/002,c4,v9,beyond_occ,v1,15.1,15.53,0.43,4.121,球L,259,0.334,,,,0.608,0.663,,,0,0,6,球L,1,3,"[{""name"": ""球L"", ""share"": 0.334, ""labels"": [259]}, {""name"": ""苹果粉"", ""share"": 0.203, ""labels"": [64]}, {""name"": ""苹果红"", ""share"": 0.15, ""labels"": [260]}]"
2026_08_20/002,c4,v9,beyond_occ,v1,15.59,17.0,1.41,4.185,球L,259,0.324,,,,0.491,0.593,,,0,0,6,球L,1,3,"[{""name"": ""球L"", ""share"": 0.324, ""labels"": [259]}, {""name"": ""球M"", ""share"": 0.159, ""labels"": [261]}, {""name"": ""水瓶"", ""share"": 0.13, ""labels"": [30]}]"
2026_08_20/002,c4,v9,beyond_occ,v1,17.05,17.76,0.7,4.202,球L,259,0.25,,,,0.76,0.558,,,0,0,6,球L,1,3,"[{""name"": ""球L"", ""share"": 0.25, ""labels"": [259]}, {""name"": ""苹果红"", ""share"": 0.19, ""labels"": [260]}, {""name"": ""苹果粉"", ""share"": 0.184, ""labels"": [64]}]"
2026_08_20/002,c4,v9,beyond_occ,v1,17.88,18.86,0.97,4.216,苹果粉,64,0.328,,,,0.662,0.621,,,0,0,6,球L,0,3,"[{""name"": ""苹果粉"", ""share"": 0.328, ""labels"": [64]}, {""name"": ""球L"", ""share"": 0.217, ""labels"": [259]}, {""name"": ""苹果红"", ""share"": 0.177, ""labels"": [260]}]"
2026_08_20/002,c4,v9,beyond_occ,v1,18.91,22.75,3.85,4.233,球L,259,0.227,,,,0.714,0.459,,,0,0,6,球L,1,3,"[{""name"": ""球L"", ""share"": 0.227, ""labels"": [259]}, {""name"": ""苹果红"", ""share"": 0.162, ""labels"": [260]}, {""name"": ""球M"", ""share"": 0.147, ""labels"": [261]}]"
2026_08_20/002,c4,v9,beyond_occ,v1,22.81,23.08,0.27,4.259,球R,263,0.243,,,,0.963,0.507,,,0,0,,,,3,"[{""name"": ""球R"", ""share"": 0.243, ""labels"": [263]}, {""name"": ""球M"", ""share"": 0.234, ""labels"": [261]}, {""name"": ""球L"", ""share"": 0.196, ""labels"": [259]}]"
2026_08_20/002,c4,v9,beyond_occ,v1,23.13,23.78,0.65,4.231,球L,259,0.298,,,,0.601,0.628,,,0,0,,,,3,"[{""name"": ""球L"", ""share"": 0.298, ""labels"": [259]}, {""name"": ""球M"", ""share"": 0.179, ""labels"": [261]}, {""name"": ""苹果红"", ""share"": 0.132, ""labels"": [260]}]"
2026_08_20/002,c4,v9,beyond_occ,v1,24.01,24.66,0.65,4.252,球L,259,0.21,,,,0.995,0.422,,,0,0,,,,3,"[{""name"": ""球L"", ""share"": 0.21, ""labels"": [259]}, {""name"": ""球M"", ""share"": 0.209, ""labels"": [261]}, {""name"": ""球R"", ""share"": 0.166, ""labels"": [263]}]"
2026_08_20/002,c4,v9,beyond_occ,v1,24.93,28.4,3.47,4.256,球L,259,0.222,,,,0.829,0.337,,,0,0,8,球L,1,3,"[{""name"": ""球L"", ""share"": 0.222, ""labels"": [259]}, {""name"": ""水瓶"", ""share"": 0.184, ""labels"": [30]}, {""name"": ""球M"", ""share"": 0.153, ""labels"": [261]}]"
2026_08_20/002,c4,v9,beyond_occ,v1,28.45,29.53,1.08,4.26,球M,261,0.235,,,,0.928,0.473,,,0,0,10,球M,1,3,"[{""name"": ""球M"", ""share"": 0.235, ""labels"": [261]}, {""name"": ""球L"", ""share"": 0.218, ""labels"": [259]}, {""name"": ""球R"", ""share"": 0.193, ""labels"": [263]}]"
2026_08_20/002,c4,v9,beyond_occ,v1,29.59,33.43,3.85,4.269,球L,259,0.247,,,,0.765,0.368,,,0,0,11,球L,1,3,"[{""name"": ""球L"", ""share"": 0.247, ""labels"": [259]}, {""name"": ""水瓶"", ""share"": 0.189, ""labels"": [30]}, {""name"": ""球M"", ""share"": 0.15, ""labels"": [261]}]"
2026_08_20/002,c4,v9,beyond_occ,v1,33.65,37.22,3.57,4.283,球L,259,0.212,,,,0.844,0.356,,,0,0,11,球L,1,3,"[{""name"": ""球L"", ""share"": 0.212, ""labels"": [259]}, {""name"": ""水瓶"", ""share"": 0.179, ""labels"": [30]}, {""name"": ""球M"", ""share"": 0.155, ""labels"": [261]}]"
2026_08_20/002,c4,v9,beyond_occ,v1,37.37,38.29,0.92,4.288,球L,259,0.269,,,,0.576,0.522,,,0,0,11,球L,1,3,"[{""name"": ""球L"", ""share"": 0.269, ""labels"": [259]}, {""name"": ""苹果粉"", ""share"": 0.155, ""labels"": [64]}, {""name"": ""水瓶"", ""share"": 0.145, ""labels"": [30]}]"
2026_08_20/002,c4,v9,beyond_occ,v1,38.34,42.4,4.06,4.308,球L,259,0.228,,,,0.741,0.397,,,0,0,11,球L,1,3,"[{""name"": ""球L"", ""share"": 0.228, ""labels"": [259]}, {""name"": ""苹果红"", ""share"": 0.169, ""labels"": [260]}, {""name"": ""水瓶"", ""share"": 0.167, ""labels"": [30]}]"
2026_08_20/002,c4,v9,beyond_occ,v1,42.54,47.25,4.71,4.278,苹果粉,64,0.231,,,,0.827,0.383,,,0,0,11,球L,0,3,"[{""name"": ""苹果粉"", ""share"": 0.231, ""labels"": [64]}, {""name"": ""球L"", ""share"": 0.191, ""labels"": [259]}, {""name"": ""苹果红"", ""share"": 0.174, ""labels"": [260]}]"
2026_08_20/002,c4,v9,beyond_occ,v1,47.69,50.94,3.25,4.305,球L,259,0.235,,,,0.715,0.389,,,0,0,11,球L,1,3,"[{""name"": ""球L"", ""share"": 0.235, ""labels"": [259]}, {""name"": ""水瓶"", ""share"": 0.168, ""labels"": [30]}, {""name"": ""球M"", ""share"": 0.136, ""labels"": [261]}]"
2026_08_20/002,c4,v9,beyond_occ,v1,50.99,52.4,1.41,4.3,苹果粉,64,0.262,,,,0.844,0.486,,,0,0,11,球L,0,3,"[{""name"": ""苹果粉"", ""share"": 0.262, ""labels"": [64, 250]}, {""name"": ""球L"", ""share"": 0.221, ""labels"": [259]}, {""name"": ""苹果红"", ""share"": 0.176, ""labels"": [260]}]"
2026_08_20/002,c4,v9,beyond_occ,v1,53.04,54.85,1.81,4.295,球L,259,0.237,,,,0.692,0.408,,,0,0,11,球L,1,3,"[{""name"": ""球L"", ""share"": 0.237, ""labels"": [259]}, {""name"": ""水瓶"", ""share"": 0.164, ""labels"": [30]}, {""name"": ""苹果红"", ""share"": 0.154, ""labels"": [260]}]"
2026_08_20/002,c4,v9,beyond_occ,v1,54.9,56.1,1.19,4.288,苹果粉,64,0.381,,,,0.491,0.535,,,1,0,11,球L,0,3,"[{""name"": ""苹果粉"", ""share"": 0.381, ""labels"": [64, 250]}, {""name"": ""苹果红"", ""share"": 0.187, ""labels"": [260]}, {""name"": ""球L"", ""share"": 0.161, ""labels"": [259]}]"
2026_08_20/002,c4,v9,beyond_occ,v1,56.31,56.96,0.65,4.292,苹果粉,64,0.271,,,,0.742,0.405,,,0,0,11,球L,0,3,"[{""name"": ""苹果粉"", ""share"": 0.271, ""labels"": [64, 250]}, {""name"": ""球L"", ""share"": 0.201, ""labels"": [259]}, {""name"": ""苹果红"", ""share"": 0.18, ""labels"": [260]}]"
2026_08_20/002,c4,v9,beyond_occ,v1,57.02,64.33,7.31,4.287,球L,259,0.218,,,,0.826,0.328,,,0,0,11,球L,1,3,"[{""name"": ""球L"", ""share"": 0.218, ""labels"": [259]}, {""name"": ""水瓶"", ""share"": 0.18, ""labels"": [30]}, {""name"": ""球M"", ""share"": 0.159, ""labels"": [261]}]"
2026_08_20/002,c4,v9,beyond_occ,v1,67.86,68.24,0.38,3.531,floor,0,1.0,,,,0.0,0.238,,,0,0,,,,1,"[{""name"": ""floor"", ""share"": 1.0, ""labels"": [0]}]"
2026_08_20/002,c4,v9,beyond_occ,v1,69.14,69.5,0.36,3.383,floor,0,1.0,,,,0.0,0.073,,,0,0,,,,1,"[{""name"": ""floor"", ""share"": 1.0, ""labels"": [0]}]"
2026_08_20/002,c4,v9,beyond_occ,v1,69.72,70.16,0.43,3.608,floor,0,1.0,,,,0.0,0.364,,,0,0,,,,1,"[{""name"": ""floor"", ""share"": 1.0, ""labels"": [0]}]"
2026_08_20/002,c4,v9,beyond_occ,v1,70.69,72.64,1.95,4.246,球L,259,0.212,,,,0.976,0.371,,,0,0,,,,3,"[{""name"": ""球L"", ""share"": 0.212, ""labels"": [259]}, {""name"": ""苹果粉"", ""share"": 0.207, ""labels"": [64]}, {""name"": ""苹果红"", ""share"": 0.176, ""labels"": [260]}]"
2026_08_20/002,c4,v9,beyond_occ,v1,72.91,74.26,1.35,4.259,水瓶,30,0.235,,,,0.945,0.319,,,0,0,,,,3,"[{""name"": ""水瓶"", ""share"": 0.235, ""labels"": [30]}, {""name"": ""苹果粉"", ""share"": 0.222, ""labels"": [64, 250]}, {""name"": ""苹果红"", ""share"": 0.18, ""labels"": [260]}]"
2026_08_20/002,c4,v9,beyond_occ,v1,74.32,78.27,3.95,4.281,球L,259,0.266,,,,0.605,0.43,,,0,0,,,,3,"[{""name"": ""球L"", ""share"": 0.266, ""labels"": [259]}, {""name"": ""水瓶"", ""share"": 0.161, ""labels"": [30]}, {""name"": ""球M"", ""share"": 0.133, ""labels"": [261]}]"
2026_08_20/002,c4,v9,beyond_occ,v1,78.32,78.87,0.54,4.267,球L,259,0.255,,,,0.769,0.453,,,0,0,,,,3,"[{""name"": ""球L"", ""share"": 0.255, ""labels"": [259]}, {""name"": ""球M"", ""share"": 0.196, ""labels"": [261]}, {""name"": ""水瓶"", ""share"": 0.155, ""labels"": [30]}]"
2026_08_20/002,c4,v9,beyond_occ,v1,78.92,80.6,1.68,4.235,球L,259,0.241,,,,0.71,0.383,,,0,0,,,,3,"[{""name"": ""球L"", ""share"": 0.241, ""labels"": [259]}, {""name"": ""苹果红"", ""share"": 0.171, ""labels"": [260]}, {""name"": ""水瓶"", ""share"": 0.162, ""labels"": [30]}]"
2026_08_20/002,c4,v9,beyond_occ,v1,80.72,81.47,0.76,4.251,球L,259,0.219,,,,0.79,0.364,,,0,0,,,,3,"[{""name"": ""球L"", ""share"": 0.219, ""labels"": [259]}, {""name"": ""水瓶"", ""share"": 0.173, ""labels"": [30]}, {""name"": ""球M"", ""share"": 0.159, ""labels"": [261]}]"
2026_08_20/002,c4,v9,beyond_occ,v1,81.74,82.01,0.27,4.278,球M,261,0.222,,,,0.928,0.474,,,0,0,,,,3,"[{""name"": ""球M"", ""share"": 0.222, ""labels"": [261]}, {""name"": ""球R"", ""share"": 0.206, ""labels"": [263]}, {""name"": ""球L"", ""share"": 0.204, ""labels"": [259]}]"
2026_08_20/002,c4,v9,beyond_occ,v1,82.07,82.61,0.54,4.279,球L,259,0.213,,,,0.826,0.37,,,0,0,,,,3,"[{""name"": ""球L"", ""share"": 0.213, ""labels"": [259]}, {""name"": ""水瓶"", ""share"": 0.176, ""labels"": [30]}, {""name"": ""球M"", ""share"": 0.157, ""labels"": [261]}]"
2026_08_20/002,c4,v9,beyond_occ,v1,82.98,83.44,0.46,4.291,球M,261,0.24,,,,0.971,0.479,,,0,0,,,,3,"[{""name"": ""球M"", ""share"": 0.24, ""labels"": [261]}, {""name"": ""球R"", ""share"": 0.233, ""labels"": [263]}, {""name"": ""球L"", ""share"": 0.194, ""labels"": [259]}]"
2026_08_20/002,c4,v9,beyond_occ,v1,83.5,86.31,2.82,4.246,球L,259,0.248,,,,0.706,0.376,,,0,0,,,,3,"[{""name"": ""球L"", ""share"": 0.248, ""labels"": [259]}, {""name"": ""水瓶"", ""share"": 0.175, ""labels"": [30]}, {""name"": ""苹果红"", ""share"": 0.141, ""labels"": [260]}]"
2026_08_20/002,c4,v9,beyond_occ,v1,86.59,86.97,0.38,4.266,球L,259,0.228,,,,0.811,0.346,,,0,0,,,,3,"[{""name"": ""球L"", ""share"": 0.228, ""labels"": [259]}, {""name"": ""水瓶"", ""share"": 0.185, ""labels"": [30]}, {""name"": ""苹果红"", ""share"": 0.143, ""labels"": [260]}]"
2026_08_20/002,c4,v9,beyond_occ,v1,87.03,87.57,0.54,4.266,水瓶,30,0.201,,,,0.94,0.365,,,0,0,,,,3,"[{""name"": ""水瓶"", ""share"": 0.201, ""labels"": [30]}, {""name"": ""球L"", ""share"": 0.189, ""labels"": [259]}, {""name"": ""球M"", ""share"": 0.177, ""labels"": [261]}]"
2026_08_20/002,c4,v9,beyond_occ,v1,87.62,94.5,6.88,4.267,球L,259,0.228,,,,0.833,0.348,,,0,0,,,,3,"[{""name"": ""球L"", ""share"": 0.228, ""labels"": [259]}, {""name"": ""水瓶"", ""share"": 0.19, ""labels"": [30]}, {""name"": ""球M"", ""share"": 0.15, ""labels"": [261]}]"
2026_08_20/002,c4,v9,beyond_occ,v1,94.64,95.18,0.54,4.247,球L,259,0.253,,,,0.996,0.546,,,0,0,,,,3,"[{""name"": ""球L"", ""share"": 0.253, ""labels"": [259]}, {""name"": ""苹果粉"", ""share"": 0.252, ""labels"": [64]}, {""name"": ""苹果红"", ""share"": 0.158, ""labels"": [260]}]"
2026_08_20/002,c4,v9,beyond_occ,v1,95.24,96.11,0.87,4.28,球L,259,0.215,,,,0.842,0.39,,,0,0,,,,3,"[{""name"": ""球L"", ""share"": 0.215, ""labels"": [259]}, {""name"": ""水瓶"", ""share"": 0.181, ""labels"": [30]}, {""name"": ""苹果红"", ""share"": 0.158, ""labels"": [260]}]"
2026_08_20/002,c4,v9,beyond_occ,v1,96.16,96.54,0.38,4.3,球L,259,0.233,,,,0.901,0.461,,,0,0,,,,3,"[{""name"": ""球L"", ""share"": 0.233, ""labels"": [259]}, {""name"": ""球M"", ""share"": 0.21, ""labels"": [261]}, {""name"": ""球R"", ""share"": 0.194, ""labels"": [263]}]"
2026_08_20/002,c4,v9,beyond_occ,v1,96.59,98.11,1.52,4.306,球L,259,0.294,,,,0.5,0.55,,,0,0,,,,3,"[{""name"": ""球L"", ""share"": 0.294, ""labels"": [259]}, {""name"": ""球M"", ""share"": 0.147, ""labels"": [261]}, {""name"": ""水瓶"", ""share"": 0.133, ""labels"": [30]}]"
2026_08_20/002,c4,v9,beyond_occ,v1,98.22,99.5,1.28,4.323,球L,259,0.249,,,,0.663,0.482,,,0,0,,,,3,"[{""name"": ""球L"", ""share"": 0.249, ""labels"": [259]}, {""name"": ""球M"", ""share"": 0.165, ""labels"": [261]}, {""name"": ""水瓶"", ""share"": 0.146, ""labels"": [30]}]"
2026_08_20/002,c4,v9,beyond_occ,v1,99.56,102.21,2.65,4.348,球L,259,0.196,,,,0.913,0.396,,,0,0,12,球M,0,3,"[{""name"": ""球L"", ""share"": 0.196, ""labels"": [259]}, {""name"": ""水瓶"", ""share"": 0.179, ""labels"": [30]}, {""name"": ""球M"", ""share"": 0.179, ""labels"": [261]}]"
2026_08_20/002,c4,v9,beyond_occ,v1,102.26,107.25,4.98,4.285,球L,259,0.227,,,,0.797,0.371,,,0,0,,,,3,"[{""name"": ""球L"", ""share"": 0.227, ""labels"": [259]}, {""name"": ""水瓶"", ""share"": 0.181, ""labels"": [30]}, {""name"": ""苹果红"", ""share"": 0.149, ""labels"": [260]}]"
2026_08_20/002,c4,v9,beyond_occ,v1,107.48,109.22,1.74,4.329,水瓶,30,0.218,,,,0.922,0.406,,,0,0,13,球R,0,3,"[{""name"": ""水瓶"", ""share"": 0.218, ""labels"": [30]}, {""name"": ""球R"", ""share"": 0.201, ""labels"": [263]}, {""name"": ""球M"", ""share"": 0.168, ""labels"": [261]}]"
2026_08_20/002,c4,v9,beyond_occ,v1,109.44,113.19,3.75,4.325,球L,259,0.219,,,,0.776,0.393,,,0,0,,,,3,"[{""name"": ""球L"", ""share"": 0.219, ""labels"": [259]}, {""name"": ""水瓶"", ""share"": 0.17, ""labels"": [30]}, {""name"": ""球M"", ""share"": 0.146, ""labels"": [261]}]"
2026_08_20/002,c4,v9,beyond_occ,v1,113.27,114.31,1.05,4.328,苹果粉,64,0.336,,,,0.56,0.5,,,0,0,,,,3,"[{""name"": ""苹果粉"", ""share"": 0.336, ""labels"": [64, 250]}, {""name"": ""球L"", ""share"": 0.188, ""labels"": [259]}, {""name"": ""苹果红"", ""share"": 0.167, ""labels"": [260]}]"
2026_08_20/002,c4,v9,beyond_occ,v1,114.54,115.08,0.54,4.305,球L,259,0.216,,,,0.852,0.359,,,0,0,,,,3,"[{""name"": ""球L"", ""share"": 0.216, ""labels"": [259]}, {""name"": ""水瓶"", ""share"": 0.184, ""labels"": [30]}, {""name"": ""球M"", ""share"": 0.144, ""labels"": [261]}]"
2026_08_20/002,c4,v9,beyond_occ,v1,115.13,115.78,0.65,4.282,球L,259,0.211,,,,0.848,0.326,,,0,0,,,,3,"[{""name"": ""球L"", ""share"": 0.211, ""labels"": [259]}, {""name"": ""水瓶"", ""share"": 0.179, ""labels"": [30]}, {""name"": ""球M"", ""share"": 0.169, ""labels"": [261]}]"
2026_08_20/002,c4,v9,beyond_occ,v1,115.84,116.92,1.08,4.29,球L,259,0.225,,,,0.853,0.371,,,0,0,,,,3,"[{""name"": ""球L"", ""share"": 0.225, ""labels"": [259]}, {""name"": ""苹果粉"", ""share"": 0.192, ""labels"": [64]}, {""name"": ""水瓶"", ""share"": 0.179, ""labels"": [30]}]"
2026_08_20/002,c4,v9,beyond_occ,v1,116.97,119.57,2.6,4.308,球L,259,0.208,,,,0.87,0.339,,,0,0,,,,3,"[{""name"": ""球L"", ""share"": 0.208, ""labels"": [259]}, {""name"": ""水瓶"", ""share"": 0.181, ""labels"": [30]}, {""name"": ""球M"", ""share"": 0.166, ""labels"": [261]}]"
2026_08_20/002,c4,v9,beyond_occ,v1,119.63,121.14,1.52,4.255,球L,259,0.288,,,,0.719,0.602,,,0,0,,,,3,"[{""name"": ""球L"", ""share"": 0.288, ""labels"": [259]}, {""name"": ""球M"", ""share"": 0.207, ""labels"": [261]}, {""name"": ""球R"", ""share"": 0.148, ""labels"": [263]}]"
2026_08_20/002,c4,v9,beyond_occ,v1,121.6,123.44,1.84,4.253,球M,261,0.228,,,,0.952,0.464,,,0,0,,,,3,"[{""name"": ""球M"", ""share"": 0.228, ""labels"": [261]}, {""name"": ""球L"", ""share"": 0.217, ""labels"": [259]}, {""name"": ""球R"", ""share"": 0.164, ""labels"": [263]}]"
2026_08_20/002,c4,v9,beyond_occ,v1,123.49,123.82,0.33,4.27,球R,263,0.25,,,,0.824,0.533,,,0,0,,,,3,"[{""name"": ""球R"", ""share"": 0.25, ""labels"": [263]}, {""name"": ""球M"", ""share"": 0.206, ""labels"": [261]}, {""name"": ""球L"", ""share"": 0.194, ""labels"": [259]}]"
2026_08_20/002,c4,v9,beyond_occ,v1,123.88,125.56,1.68,4.206,球L,259,0.272,,,,0.599,0.459,,,0,0,,,,3,"[{""name"": ""球L"", ""share"": 0.272, ""labels"": [259]}, {""name"": ""球M"", ""share"": 0.163, ""labels"": [261]}, {""name"": ""水瓶"", ""share"": 0.157, ""labels"": [30]}]"
2026_08_20/002,c4,v9,beyond_occ,v1,125.61,126.64,1.03,4.224,球M,261,0.239,,,,0.933,0.497,,,0,0,15,球R,0,3,"[{""name"": ""球M"", ""share"": 0.239, ""labels"": [261]}, {""name"": ""水瓶"", ""share"": 0.223, ""labels"": [30]}, {""name"": ""球R"", ""share"": 0.214, ""labels"": [263]}]"
2026_08_20/002,c4,v9,beyond_occ,v1,127.96,128.29,0.32,2.573,floor,0,1.0,,,,0.0,0.125,,,0,0,,,,1,"[{""name"": ""floor"", ""share"": 1.0, ""labels"": [0]}]"
2026_08_20/003,c4,v9,beyond_occ,v1,5.85,6.45,0.6,4.301,球L,259,0.279,,,,0.538,0.568,,,0,0,1,球L,1,3,"[{""name"": ""球L"", ""share"": 0.279, ""labels"": [259]}, {""name"": ""苹果粉"", ""share"": 0.15, ""labels"": [64]}, {""name"": ""苹果红"", ""share"": 0.138, ""labels"": [260]}]"
2026_08_20/003,c4,v9,beyond_occ,v1,6.5,7.53,1.03,4.215,球L,259,0.289,,,,0.533,0.762,,,0,0,1,球L,1,3,"[{""name"": ""球L"", ""share"": 0.289, ""labels"": [259]}, {""name"": ""苹果红"", ""share"": 0.154, ""labels"": [260]}, {""name"": ""球R"", ""share"": 0.153, ""labels"": [263]}]"
2026_08_20/003,c4,v9,beyond_occ,v1,7.75,8.03,0.27,4.271,水瓶,30,0.231,,,,0.831,0.742,,,0,0,1,球L,0,3,"[{""name"": ""水瓶"", ""share"": 0.231, ""labels"": [30]}, {""name"": ""球L"", ""share"": 0.192, ""labels"": [259]}, {""name"": ""苹果粉"", ""share"": 0.161, ""labels"": [64]}]"
2026_08_20/003,c4,v9,beyond_occ,v1,10.06,11.25,1.19,4.363,球L,259,0.274,,,,0.821,0.754,,,0,0,6,球L,1,3,"[{""name"": ""球L"", ""share"": 0.274, ""labels"": [259]}, {""name"": ""水瓶"", ""share"": 0.225, ""labels"": [30]}, {""name"": ""球R"", ""share"": 0.196, ""labels"": [263]}]"
2026_08_20/003,c4,v9,beyond_occ,v1,13.42,13.69,0.27,2.971,纸箱子,33,1.0,,,,0.0,0.997,,,1,1,,,,1,"[{""name"": ""纸箱子"", ""share"": 1.0, ""labels"": [33]}]"
2026_08_20/003,c4,v9,beyond_occ,v1,15.51,16.97,1.46,4.341,球L,259,0.271,,,,0.613,0.827,,,0,0,8,球L,1,3,"[{""name"": ""球L"", ""share"": 0.271, ""labels"": [259]}, {""name"": ""苹果红"", ""share"": 0.166, ""labels"": [260]}, {""name"": ""水瓶"", ""share"": 0.159, ""labels"": [30]}]"
2026_08_20/003,c4,v9,beyond_occ,v1,17.03,17.57,0.54,4.347,苹果粉,64,0.337,,,,0.519,0.876,,,0,0,,,,3,"[{""name"": ""苹果粉"", ""share"": 0.337, ""labels"": [64, 250]}, {""name"": ""球L"", ""share"": 0.175, ""labels"": [259]}, {""name"": ""水瓶"", ""share"": 0.161, ""labels"": [30]}]"
2026_08_20/003,c4,v9,beyond_occ,v1,17.62,18.38,0.76,4.352,球L,259,0.277,,,,0.888,0.724,,,0,0,11,球L,1,3,"[{""name"": ""球L"", ""share"": 0.277, ""labels"": [259]}, {""name"": ""水瓶"", ""share"": 0.246, ""labels"": [30]}, {""name"": ""苹果红"", ""share"": 0.12, ""labels"": [260]}]"
2026_08_20/003,c4,v9,beyond_occ,v1,18.62,21.46,2.84,4.36,球L,259,0.268,,,,0.832,0.773,,,0,0,11,球L,1,3,"[{""name"": ""球L"", ""share"": 0.268, ""labels"": [259]}, {""name"": ""水瓶"", ""share"": 0.223, ""labels"": [30]}, {""name"": ""苹果粉"", ""share"": 0.152, ""labels"": [64]}]"
2026_08_20/003,c4,v9,beyond_occ,v1,21.52,24.09,2.56,4.357,水瓶,30,0.249,,,,0.932,0.769,,,0,0,11,球L,0,3,"[{""name"": ""水瓶"", ""share"": 0.249, ""labels"": [30]}, {""name"": ""球L"", ""share"": 0.232, ""labels"": [259]}, {""name"": ""球R"", ""share"": 0.163, ""labels"": [263]}]"
2026_08_20/003,c4,v9,beyond_occ,v1,24.32,24.81,0.49,4.359,球L,259,0.279,,,,0.892,0.804,,,0,0,11,球L,1,3,"[{""name"": ""球L"", ""share"": 0.279, ""labels"": [259]}, {""name"": ""水瓶"", ""share"": 0.249, ""labels"": [30]}, {""name"": ""球M"", ""share"": 0.127, ""labels"": [261]}]"
2026_08_20/003,c4,v9,beyond_occ,v1,24.86,28.76,3.9,4.369,水瓶,30,0.273,,,,0.78,0.697,,,0,0,11,球L,0,3,"[{""name"": ""水瓶"", ""share"": 0.273, ""labels"": [30]}, {""name"": ""球L"", ""share"": 0.213, ""labels"": [259]}, {""name"": ""球R"", ""share"": 0.173, ""labels"": [263]}]"
2026_08_20/003,c4,v9,beyond_occ,v1,29.14,30.93,1.79,4.388,水瓶,30,0.309,,,,0.65,0.691,,,0,0,13,球R,0,3,"[{""name"": ""水瓶"", ""share"": 0.309, ""labels"": [30]}, {""name"": ""球R"", ""share"": 0.201, ""labels"": [263]}, {""name"": ""球L"", ""share"": 0.189, ""labels"": [259]}]"
2026_08_20/003,c4,v9,beyond_occ,v1,31.21,33.76,2.54,4.37,水瓶,30,0.251,,,,0.833,0.685,,,0,0,,,,3,"[{""name"": ""水瓶"", ""share"": 0.251, ""labels"": [30]}, {""name"": ""球L"", ""share"": 0.209, ""labels"": [259]}, {""name"": ""球R"", ""share"": 0.157, ""labels"": [263]}]"
2026_08_20/003,c4,v9,beyond_occ,v1,33.86,35.89,2.02,4.347,水瓶,30,0.261,,,,0.789,0.669,,,0,0,15,球R,0,3,"[{""name"": ""水瓶"", ""share"": 0.261, ""labels"": [30]}, {""name"": ""球L"", ""share"": 0.206, ""labels"": [259]}, {""name"": ""球R"", ""share"": 0.199, ""labels"": [263]}]"
2026_08_20/003,c4,v9,beyond_occ,v1,36.27,37.62,1.35,4.363,水瓶,30,0.258,,,,0.864,0.721,,,0,0,,,,3,"[{""name"": ""水瓶"", ""share"": 0.258, ""labels"": [30]}, {""name"": ""球L"", ""share"": 0.223, ""labels"": [259]}, {""name"": ""球R"", ""share"": 0.181, ""labels"": [263]}]"
2026_08_20/003,c4,v9,beyond_occ,v1,37.9,38.6,0.7,4.357,水瓶,30,0.24,,,,0.967,0.732,,,0,0,,,,3,"[{""name"": ""水瓶"", ""share"": 0.24, ""labels"": [30]}, {""name"": ""球L"", ""share"": 0.232, ""labels"": [259]}, {""name"": ""球R"", ""share"": 0.154, ""labels"": [263]}]"
2026_08_20/003,c4,v9,beyond_occ,v1,38.87,45.1,6.23,4.348,球L,259,0.252,,,,0.853,0.773,,,0,0,,,,3,"[{""name"": ""球L"", ""share"": 0.252, ""labels"": [259]}, {""name"": ""水瓶"", ""share"": 0.215, ""labels"": [30]}, {""name"": ""球R"", ""share"": 0.132, ""labels"": [263]}]"
2026_08_20/003,c4,v9,beyond_occ,v1,45.35,45.9,0.54,4.36,球L,259,0.239,,,,0.887,0.73,,,0,0,,,,3,"[{""name"": ""球L"", ""share"": 0.239, ""labels"": [259]}, {""name"": ""水瓶"", ""share"": 0.212, ""labels"": [30]}, {""name"": ""球M"", ""share"": 0.152, ""labels"": [261]}]"
2026_08_20/003,c4,v9,beyond_occ,v1,46.09,47.01,0.92,4.349,水瓶,30,0.28,,,,0.707,0.66,,,0,0,,,,3,"[{""name"": ""水瓶"", ""share"": 0.28, ""labels"": [30]}, {""name"": ""球R"", ""share"": 0.198, ""labels"": [263]}, {""name"": ""球L"", ""share"": 0.192, ""labels"": [259]}]"
2026_08_20/003,c4,v9,beyond_occ,v1,47.06,47.39,0.32,4.322,水瓶,30,0.313,,,,0.505,0.685,,,0,0,,,,3,"[{""name"": ""水瓶"", ""share"": 0.313, ""labels"": [30]}, {""name"": ""球L"", ""share"": 0.158, ""labels"": [259]}, {""name"": ""苹果红"", ""share"": 0.137, ""labels"": [260]}]"
2026_08_20/003,c4,v9,beyond_occ,v1,47.62,48.11,0.49,4.329,水瓶,30,0.275,,,,0.771,0.71,,,0,0,,,,3,"[{""name"": ""水瓶"", ""share"": 0.275, ""labels"": [30]}, {""name"": ""球L"", ""share"": 0.212, ""labels"": [259]}, {""name"": ""苹果粉"", ""share"": 0.135, ""labels"": [64]}]"
2026_08_20/003,c4,v9,beyond_occ,v1,48.16,48.49,0.32,4.329,水瓶,30,0.289,,,,0.675,0.67,,,0,0,,,,3,"[{""name"": ""水瓶"", ""share"": 0.289, ""labels"": [30]}, {""name"": ""球L"", ""share"": 0.195, ""labels"": [259]}, {""name"": ""球M"", ""share"": 0.149, ""labels"": [261]}]"
2026_08_20/003,c4,v9,beyond_occ,v1,48.54,50.4,1.86,4.345,水瓶,30,0.262,,,,0.79,0.779,,,0,0,,,,3,"[{""name"": ""水瓶"", ""share"": 0.262, ""labels"": [30]}, {""name"": ""球L"", ""share"": 0.207, ""labels"": [259]}, {""name"": ""苹果粉"", ""share"": 0.159, ""labels"": [64]}]"
2026_08_20/003,c4,v9,beyond_occ,v1,50.57,51.87,1.3,4.348,水瓶,30,0.242,,,,0.839,0.717,,,0,0,,,,3,"[{""name"": ""水瓶"", ""share"": 0.242, ""labels"": [30]}, {""name"": ""球L"", ""share"": 0.203, ""labels"": [259]}, {""name"": ""苹果红"", ""share"": 0.129, ""labels"": [260]}]"
2026_08_20/003,c4,v9,beyond_occ,v1,51.92,52.68,0.76,4.34,苹果粉,64,0.278,,,,0.773,0.876,,,0,0,,,,3,"[{""name"": ""苹果粉"", ""share"": 0.278, ""labels"": [64]}, {""name"": ""球L"", ""share"": 0.215, ""labels"": [259]}, {""name"": ""水瓶"", ""share"": 0.169, ""labels"": [30]}]"
2026_08_20/003,c4,v9,beyond_occ,v1,53.16,53.7,0.54,4.348,苹果粉,64,0.234,,,,0.885,0.864,,,0,0,,,,3,"[{""name"": ""苹果粉"", ""share"": 0.234, ""labels"": [64]}, {""name"": ""水瓶"", ""share"": 0.207, ""labels"": [30]}, {""name"": ""球L"", ""share"": 0.194, ""labels"": [259]}]"
2026_08_20/003,c4,v9,beyond_occ,v1,54.29,55.27,0.97,4.344,球L,259,0.224,,,,0.75,0.795,,,0,0,,,,3,"[{""name"": ""球L"", ""share"": 0.224, ""labels"": [259]}, {""name"": ""苹果粉"", ""share"": 0.168, ""labels"": [64]}, {""name"": ""苹果红"", ""share"": 0.163, ""labels"": [260]}]"
2026_08_20/003,c4,v9,beyond_occ,v1,55.54,55.98,0.43,4.339,球L,259,0.377,,,,0.411,0.91,,,1,0,,,,3,"[{""name"": ""球L"", ""share"": 0.377, ""labels"": [259]}, {""name"": ""水瓶"", ""share"": 0.155, ""labels"": [30]}, {""name"": ""球M"", ""share"": 0.14, ""labels"": [261]}]"
2026_08_20/003,c4,v9,beyond_occ,v1,56.3,56.79,0.49,4.343,球L,259,0.317,,,,0.637,0.798,,,0,0,,,,3,"[{""name"": ""球L"", ""share"": 0.317, ""labels"": [259]}, {""name"": ""水瓶"", ""share"": 0.202, ""labels"": [30]}, {""name"": ""球M"", ""share"": 0.171, ""labels"": [261]}]"
2026_08_20/003,c4,v9,beyond_occ,v1,56.84,57.98,1.14,4.348,球L,259,0.288,,,,0.66,0.851,,,0,0,,,,3,"[{""name"": ""球L"", ""share"": 0.288, ""labels"": [259]}, {""name"": ""苹果粉"", ""share"": 0.19, ""labels"": [64, 250]}, {""name"": ""苹果红"", ""share"": 0.171, ""labels"": [260]}]"
2026_08_20/003,c4,v9,beyond_occ,v1,58.27,58.92,0.65,4.377,水瓶,30,0.267,,,,0.745,0.683,,,0,0,,,,3,"[{""name"": ""水瓶"", ""share"": 0.267, ""labels"": [30]}, {""name"": ""球L"", ""share"": 0.199, ""labels"": [259]}, {""name"": ""球R"", ""share"": 0.159, ""labels"": [263]}]"
2026_08_20/003,c4,v9,beyond_occ,v1,59.03,59.36,0.32,4.368,水瓶,30,0.237,,,,0.97,0.692,,,0,0,,,,3,"[{""name"": ""水瓶"", ""share"": 0.237, ""labels"": [30]}, {""name"": ""球L"", ""share"": 0.23, ""labels"": [259]}, {""name"": ""球R"", ""share"": 0.136, ""labels"": [263]}]"
2026_08_20/003,c4,v9,beyond_occ,v1,59.41,60.06,0.65,4.375,球L,259,0.244,,,,0.926,0.718,,,0,0,,,,3,"[{""name"": ""球L"", ""share"": 0.244, ""labels"": [259]}, {""name"": ""水瓶"", ""share"": 0.226, ""labels"": [30]}, {""name"": ""球M"", ""share"": 0.119, ""labels"": [261]}]"
2026_08_20/003,c4,v9,beyond_occ,v1,60.39,64.18,3.79,4.369,水瓶,30,0.28,,,,0.654,0.727,,,0,0,,,,3,"[{""name"": ""水瓶"", ""share"": 0.28, ""labels"": [30]}, {""name"": ""球L"", ""share"": 0.183, ""labels"": [259]}, {""name"": ""球R"", ""share"": 0.142, ""labels"": [263]}]"
2026_08_20/003,c4,v9,beyond_occ,v1,66.06,66.5,0.43,2.766,floor,0,1.0,,,,0.0,0.146,,,0,0,,,,1,"[{""name"": ""floor"", ""share"": 1.0, ""labels"": [0]}]"
2026_08_20/003,c4,v9,beyond_occ,v1,67.31,70.23,2.92,3.047,floor,0,1.0,,,,0.0,0.031,,,0,0,,,,1,"[{""name"": ""floor"", ""share"": 1.0, ""labels"": [0]}]"
2026_08_20/003,c4,v9,beyond_occ,v1,70.9,71.98,1.08,4.278,球L,259,0.297,,,,0.667,0.781,,,0,0,,,,3,"[{""name"": ""球L"", ""share"": 0.297, ""labels"": [259]}, {""name"": ""苹果粉"", ""share"": 0.198, ""labels"": [64, 250]}, {""name"": ""水瓶"", ""share"": 0.145, ""labels"": [30]}]"
2026_08_20/003,c4,v9,beyond_occ,v1,72.04,72.63,0.6,4.28,水瓶,30,0.259,,,,0.83,0.666,,,0,0,,,,3,"[{""name"": ""水瓶"", ""share"": 0.259, ""labels"": [30]}, {""name"": ""球L"", ""share"": 0.215, ""labels"": [259]}, {""name"": ""苹果粉"", ""share"": 0.151, ""labels"": [64]}]"
2026_08_20/003,c4,v9,beyond_occ,v1,72.86,75.73,2.87,4.294,球L,259,0.274,,,,0.65,0.801,,,0,0,,,,3,"[{""name"": ""球L"", ""share"": 0.274, ""labels"": [259]}, {""name"": ""苹果粉"", ""share"": 0.178, ""labels"": [64]}, {""name"": ""水瓶"", ""share"": 0.166, ""labels"": [30]}]"
2026_08_20/003,c4,v9,beyond_occ,v1,76.0,76.6,0.6,4.302,球L,259,0.309,,,,0.706,0.828,,,0,0,,,,3,"[{""name"": ""球L"", ""share"": 0.309, ""labels"": [259]}, {""name"": ""水瓶"", ""share"": 0.218, ""labels"": [30]}, {""name"": ""苹果粉"", ""share"": 0.11, ""labels"": [64]}]"
2026_08_20/003,c4,v9,beyond_occ,v1,76.65,81.05,4.4,4.295,球L,259,0.315,,,,0.911,0.927,,,0,0,,,,3,"[{""name"": ""球L"", ""share"": 0.315, ""labels"": [259]}, {""name"": ""苹果粉"", ""share"": 0.287, ""labels"": [64]}, {""name"": ""苹果红"", ""share"": 0.135, ""labels"": [260]}]"
2026_08_20/003,c4,v9,beyond_occ,v1,81.49,83.0,1.52,4.297,苹果粉,64,0.362,,,,0.657,0.853,,,1,0,,,,3,"[{""name"": ""苹果粉"", ""share"": 0.362, ""labels"": [64]}, {""name"": ""球L"", ""share"": 0.238, ""labels"": [259]}, {""name"": ""苹果红"", ""share"": 0.149, ""labels"": [260]}]"
2026_08_20/003,c4,v9,beyond_occ,v1,83.06,84.36,1.3,4.314,球L,259,0.314,,,,0.605,0.794,,,0,0,,,,3,"[{""name"": ""球L"", ""share"": 0.314, ""labels"": [259]}, {""name"": ""苹果粉"", ""share"": 0.19, ""labels"": [64]}, {""name"": ""苹果红"", ""share"": 0.155, ""labels"": [260]}]"
2026_08_20/003,c4,v9,beyond_occ,v1,84.41,84.85,0.43,4.31,球L,259,0.315,,,,0.498,0.879,,,0,0,,,,3,"[{""name"": ""球L"", ""share"": 0.315, ""labels"": [259]}, {""name"": ""苹果粉"", ""share"": 0.157, ""labels"": [64]}, {""name"": ""球M"", ""share"": 0.141, ""labels"": [261]}]"
2026_08_20/003,c4,v9,beyond_occ,v1,84.9,85.33,0.43,4.299,苹果粉,64,0.369,,,,0.564,0.889,,,1,0,,,,3,"[{""name"": ""苹果粉"", ""share"": 0.369, ""labels"": [64]}, {""name"": ""球L"", ""share"": 0.208, ""labels"": [259]}, {""name"": ""水瓶"", ""share"": 0.146, ""labels"": [30]}]"
2026_08_20/003,c4,v9,beyond_occ,v1,85.39,86.9,1.52,4.304,苹果粉,64,0.285,,,,0.807,0.91,,,0,0,,,,3,"[{""name"": ""苹果粉"", ""share"": 0.285, ""labels"": [64, 250]}, {""name"": ""球L"", ""share"": 0.23, ""labels"": [259]}, {""name"": ""苹果红"", ""share"": 0.151, ""labels"": [260]}]"
2026_08_20/003,c4,v9,beyond_occ,v1,87.15,87.63,0.49,4.31,球L,259,0.277,,,,0.874,0.905,,,0,0,,,,3,"[{""name"": ""球L"", ""share"": 0.277, ""labels"": [259]}, {""name"": ""苹果粉"", ""share"": 0.242, ""labels"": [64]}, {""name"": ""水瓶"", ""share"": 0.17, ""labels"": [30]}]"
2026_08_20/003,c4,v9,beyond_occ,v1,87.69,89.2,1.52,4.33,水瓶,30,0.273,,,,0.912,0.724,,,0,0,,,,3,"[{""name"": ""水瓶"", ""share"": 0.273, ""labels"": [30]}, {""name"": ""球L"", ""share"": 0.249, ""labels"": [259]}, {""name"": ""球R"", ""share"": 0.132, ""labels"": [263]}]"
2026_08_20/003,c4,v9,beyond_occ,v1,89.42,91.97,2.55,4.336,球L,259,0.316,,,,0.554,0.823,,,0,0,,,,3,"[{""name"": ""球L"", ""share"": 0.316, ""labels"": [259]}, {""name"": ""苹果粉"", ""share"": 0.175, ""labels"": [64]}, {""name"": ""球R"", ""share"": 0.133, ""labels"": [263]}]"
2026_08_20/003,c4,v9,beyond_occ,v1,92.02,92.62,0.6,4.323,苹果粉,64,0.279,,,,0.993,0.893,,,0,0,,,,3,"[{""name"": ""苹果粉"", ""share"": 0.279, ""labels"": [64]}, {""name"": ""球L"", ""share"": 0.277, ""labels"": [259]}, {""name"": ""水瓶"", ""share"": 0.148, ""labels"": [30]}]"
2026_08_20/003,c4,v9,beyond_occ,v1,93.06,93.39,0.32,4.316,球L,259,0.349,,,,0.55,0.806,,,0,0,,,,3,"[{""name"": ""球L"", ""share"": 0.349, ""labels"": [259]}, {""name"": ""水瓶"", ""share"": 0.192, ""labels"": [30]}, {""name"": ""球M"", ""share"": 0.107, ""labels"": [261]}]"
2026_08_20/003,c4,v9,beyond_occ,v1,93.44,94.04,0.6,4.284,球L,259,0.23,,,,0.935,0.734,,,0,0,,,,3,"[{""name"": ""球L"", ""share"": 0.23, ""labels"": [259]}, {""name"": ""水瓶"", ""share"": 0.215, ""labels"": [30]}, {""name"": ""苹果粉"", ""share"": 0.162, ""labels"": [64]}]"
2026_08_20/003,c4,v9,beyond_occ,v1,94.09,95.34,1.25,4.294,苹果粉,64,0.323,,,,0.715,0.916,,,0,0,,,,3,"[{""name"": ""苹果粉"", ""share"": 0.323, ""labels"": [64]}, {""name"": ""球L"", ""share"": 0.231, ""labels"": [259]}, {""name"": ""水瓶"", ""share"": 0.139, ""labels"": [30]}]"
2026_08_20/003,c4,v9,beyond_occ,v1,95.8,100.87,5.07,4.29,球L,259,0.29,,,,0.686,0.813,,,0,0,,,,3,"[{""name"": ""球L"", ""share"": 0.29, ""labels"": [259]}, {""name"": ""苹果粉"", ""share"": 0.199, ""labels"": [64]}, {""name"": ""苹果红"", ""share"": 0.141, ""labels"": [260]}]"
2026_08_20/003,c4,v9,beyond_occ,v1,101.1,101.59,0.49,4.294,苹果粉,64,0.28,,,,0.804,0.851,,,0,0,,,,3,"[{""name"": ""苹果粉"", ""share"": 0.28, ""labels"": [64]}, {""name"": ""球L"", ""share"": 0.225, ""labels"": [259]}, {""name"": ""苹果红"", ""share"": 0.162, ""labels"": [260]}]"
2026_08_20/003,c4,v9,beyond_occ,v1,101.64,102.29,0.65,4.312,球L,259,0.284,,,,0.577,0.734,,,0,0,,,,3,"[{""name"": ""球L"", ""share"": 0.284, ""labels"": [259]}, {""name"": ""水瓶"", ""share"": 0.164, ""labels"": [30]}, {""name"": ""苹果粉"", ""share"": 0.128, ""labels"": [64]}]"
2026_08_20/003,c4,v9,beyond_occ,v1,102.35,104.95,2.6,4.311,苹果粉,64,0.272,,,,0.941,0.834,,,0,0,,,,3,"[{""name"": ""苹果粉"", ""share"": 0.272, ""labels"": [64]}, {""name"": ""球L"", ""share"": 0.256, ""labels"": [259]}, {""name"": ""苹果红"", ""share"": 0.151, ""labels"": [260]}]"
2026_08_20/003,c4,v9,beyond_occ,v1,105.0,105.54,0.54,4.318,球L,259,0.32,,,,0.534,0.727,,,0,0,,,,3,"[{""name"": ""球L"", ""share"": 0.32, ""labels"": [259]}, {""name"": ""水瓶"", ""share"": 0.171, ""labels"": [30]}, {""name"": ""球M"", ""share"": 0.123, ""labels"": [261]}]"
2026_08_20/003,c4,v9,beyond_occ,v1,105.6,106.46,0.87,4.322,球L,259,0.315,,,,0.749,0.876,,,0,0,,,,3,"[{""name"": ""球L"", ""share"": 0.315, ""labels"": [259]}, {""name"": ""苹果粉"", ""share"": 0.236, ""labels"": [64]}, {""name"": ""苹果红"", ""share"": 0.141, ""labels"": [260]}]"
2026_08_20/003,c4,v9,beyond_occ,v1,106.83,108.13,1.3,4.295,球L,259,0.324,,,,0.395,0.748,,,0,0,,,,3,"[{""name"": ""球L"", ""share"": 0.324, ""labels"": [259]}, {""name"": ""苹果红"", ""share"": 0.128, ""labels"": [260]}, {""name"": ""苹果粉"", ""share"": 0.124, ""labels"": [64]}]"
2026_08_20/003,c4,v9,beyond_occ,v1,108.23,110.91,2.68,4.328,球L,259,0.335,,,,0.51,0.754,,,0,0,,,,3,"[{""name"": ""球L"", ""share"": 0.335, ""labels"": [259]}, {""name"": ""水瓶"", ""share"": 0.171, ""labels"": [30]}, {""name"": ""球M"", ""share"": 0.118, ""labels"": [261]}]"
2026_08_20/003,c4,v9,beyond_occ,v1,110.97,113.35,2.38,4.314,球L,259,0.33,,,,0.433,0.776,,,0,0,,,,3,"[{""name"": ""球L"", ""share"": 0.33, ""labels"": [259]}, {""name"": ""水瓶"", ""share"": 0.143, ""labels"": [30]}, {""name"": ""球M"", ""share"": 0.13, ""labels"": [261]}]"
2026_08_20/003,c4,v9,beyond_occ,v1,113.41,114.06,0.65,4.318,球L,259,0.402,,,,0.341,0.877,,,1,0,,,,3,"[{""name"": ""球L"", ""share"": 0.402, ""labels"": [259]}, {""name"": ""球M"", ""share"": 0.137, ""labels"": [261]}, {""name"": ""球R"", ""share"": 0.133, ""labels"": [263]}]"
2026_08_20/003,c4,v9,beyond_occ,v1,114.11,114.49,0.38,4.318,球L,259,0.254,,,,0.862,0.807,,,0,0,,,,3,"[{""name"": ""球L"", ""share"": 0.254, ""labels"": [259]}, {""name"": ""水瓶"", ""share"": 0.219, ""labels"": [30]}, {""name"": ""球M"", ""share"": 0.195, ""labels"": [261]}]"
2026_08_20/003,c4,v9,beyond_occ,v1,114.96,115.55,0.6,4.321,球L,259,0.293,,,,0.768,0.839,,,0,0,,,,3,"[{""name"": ""球L"", ""share"": 0.293, ""labels"": [259]}, {""name"": ""苹果粉"", ""share"": 0.225, ""labels"": [64]}, {""name"": ""苹果红"", ""share"": 0.127, ""labels"": [260]}]"
2026_08_20/003,c4,v9,beyond_occ,v1,115.61,119.99,4.39,4.318,球L,259,0.267,,,,0.648,0.784,,,0,0,,,,3,"[{""name"": ""球L"", ""share"": 0.267, ""labels"": [259]}, {""name"": ""苹果粉"", ""share"": 0.173, ""labels"": [64]}, {""name"": ""水瓶"", ""share"": 0.15, ""labels"": [30]}]"
2026_08_20/003,c4,v9,beyond_occ,v1,120.05,120.48,0.43,4.31,球L,259,0.245,,,,0.845,0.823,,,0,0,,,,3,"[{""name"": ""球L"", ""share"": 0.245, ""labels"": [259]}, {""name"": ""苹果粉"", ""share"": 0.207, ""labels"": [64]}, {""name"": ""苹果红"", ""share"": 0.162, ""labels"": [260]}]"
2026_08_20/003,c4,v9,beyond_occ,v1,120.53,122.11,1.57,4.322,球L,259,0.334,,,,0.572,0.829,,,0,0,,,,3,"[{""name"": ""球L"", ""share"": 0.334, ""labels"": [259]}, {""name"": ""水瓶"", ""share"": 0.191, ""labels"": [30]}, {""name"": ""苹果粉"", ""share"": 0.135, ""labels"": [64]}]"
2026_08_20/003,c4,v9,beyond_occ,v1,122.16,122.65,0.49,4.339,球L,259,0.319,,,,0.464,0.777,,,0,0,,,,3,"[{""name"": ""球L"", ""share"": 0.319, ""labels"": [259]}, {""name"": ""球R"", ""share"": 0.148, ""labels"": [263]}, {""name"": ""球M"", ""share"": 0.145, ""labels"": [261]}]"
2026_08_20/003,c4,v9,beyond_occ,v1,122.95,123.33,0.38,4.333,球L,259,0.296,,,,0.689,0.737,,,0,0,,,,3,"[{""name"": ""球L"", ""share"": 0.296, ""labels"": [259]}, {""name"": ""水瓶"", ""share"": 0.204, ""labels"": [30]}, {""name"": ""球R"", ""share"": 0.18, ""labels"": [263]}]"
2026_08_20/003,c4,v9,beyond_occ,v1,123.38,123.93,0.54,4.271,球L,259,0.233,,,,0.85,0.72,,,0,0,,,,3,"[{""name"": ""球L"", ""share"": 0.233, ""labels"": [259]}, {""name"": ""水瓶"", ""share"": 0.198, ""labels"": [30]}, {""name"": ""苹果红"", ""share"": 0.147, ""labels"": [260]}]"
2026_08_20/003,c4,v9,beyond_occ,v1,123.98,125.46,1.48,4.312,球L,259,0.233,,,,0.734,0.736,,,0,0,,,,3,"[{""name"": ""球L"", ""share"": 0.233, ""labels"": [259]}, {""name"": ""苹果红"", ""share"": 0.171, ""labels"": [260]}, {""name"": ""球M"", ""share"": 0.161, ""labels"": [261]}]"
2026_08_20/003,c4,v9,beyond_occ,v1,125.74,128.29,2.55,4.323,球L,259,0.317,,,,0.467,0.698,,,0,0,,,,3,"[{""name"": ""球L"", ""share"": 0.317, ""labels"": [259]}, {""name"": ""水瓶"", ""share"": 0.148, ""labels"": [30]}, {""name"": ""球M"", ""share"": 0.146, ""labels"": [261]}]"
2026_08_25/c1_1,c4,v9,beyond_occ,v1,4.15,4.53,0.38,1.959,floor,0,1.0,,,,0.0,0.42,,,0,0,,,,1,"[{""name"": ""floor"", ""share"": 1.0, ""labels"": [0]}]"
2026_08_25/c1_1,c4,v9,beyond_occ,v1,7.82,8.2,0.38,3.256,球L,259,0.879,,,,0.138,0.879,,,1,1,,,,3,"[{""name"": ""球L"", ""share"": 0.879, ""labels"": [259]}, {""name"": ""苹果粉"", ""share"": 0.121, ""labels"": [64]}, {""name"": ""物品台"", ""share"": 0.0, ""labels"": [40]}]"
2026_08_25/c1_1,c4,v9,beyond_occ,v1,11.28,14.53,3.25,4.04,球L,259,0.379,,,,0.602,0.695,,,1,0,1,球L,1,3,"[{""name"": ""球L"", ""share"": 0.379, ""labels"": [259]}, {""name"": ""球M"", ""share"": 0.228, ""labels"": [261]}, {""name"": ""苹果红"", ""share"": 0.123, ""labels"": [260]}]"
2026_08_25/c1_1,c4,v9,beyond_occ,v1,15.91,18.41,2.5,4.123,苹果粉,64,0.464,,,,0.707,0.846,,,1,0,,,,3,"[{""name"": ""苹果粉"", ""share"": 0.464, ""labels"": [64]}, {""name"": ""球L"", ""share"": 0.328, ""labels"": [259]}, {""name"": ""苹果红"", ""share"": 0.133, ""labels"": [260]}]"
2026_08_25/c1_1,c4,v9,beyond_occ,v1,18.58,21.61,3.03,4.11,球L,259,0.343,,,,0.81,0.772,,,0,0,,,,3,"[{""name"": ""球L"", ""share"": 0.343, ""labels"": [259]}, {""name"": ""苹果粉"", ""share"": 0.278, ""labels"": [64]}, {""name"": ""苹果红"", ""share"": 0.182, ""labels"": [260]}]"
2026_08_25/c1_1,c4,v9,beyond_occ,v1,21.67,23.78,2.11,4.115,球L,259,0.511,,,,0.468,0.828,,,1,1,,,,3,"[{""name"": ""球L"", ""share"": 0.511, ""labels"": [259]}, {""name"": ""球M"", ""share"": 0.239, ""labels"": [261]}, {""name"": ""苹果红"", ""share"": 0.111, ""labels"": [260]}]"
2026_08_25/c1_1,c4,v9,beyond_occ,v1,24.01,29.97,5.96,4.119,球L,259,0.34,,,,0.735,0.749,,,0,0,6,球L,1,3,"[{""name"": ""球L"", ""share"": 0.34, ""labels"": [259]}, {""name"": ""球M"", ""share"": 0.25, ""labels"": [261]}, {""name"": ""球R"", ""share"": 0.213, ""labels"": [263]}]"
2026_08_25/c1_1,c4,v9,beyond_occ,v1,30.22,32.38,2.17,4.093,球L,259,0.347,,,,0.68,0.79,,,0,0,,,,3,"[{""name"": ""球L"", ""share"": 0.347, ""labels"": [259]}, {""name"": ""球M"", ""share"": 0.236, ""labels"": [261]}, {""name"": ""球R"", ""share"": 0.174, ""labels"": [263]}]"
2026_08_25/c1_1,c4,v9,beyond_occ,v1,32.71,36.28,3.57,4.132,球L,259,0.28,,,,0.782,0.671,,,0,0,8,球L,1,3,"[{""name"": ""球L"", ""share"": 0.28, ""labels"": [259]}, {""name"": ""球M"", ""share"": 0.219, ""labels"": [261]}, {""name"": ""球R"", ""share"": 0.21, ""labels"": [263]}]"
2026_08_25/c1_1,c4,v9,beyond_occ,v1,36.55,37.68,1.14,4.138,球L,259,0.314,,,,0.806,0.693,,,0,0,8,球L,1,3,"[{""name"": ""球L"", ""share"": 0.314, ""labels"": [259]}, {""name"": ""球M"", ""share"": 0.253, ""labels"": [261]}, {""name"": ""球R"", ""share"": 0.184, ""labels"": [263]}]"
2026_08_25/c1_1,c4,v9,beyond_occ,v1,37.74,43.15,5.42,4.137,球L,259,0.355,,,,0.676,0.749,,,1,0,,,,3,"[{""name"": ""球L"", ""share"": 0.355, ""labels"": [259]}, {""name"": ""球M"", ""share"": 0.24, ""labels"": [261]}, {""name"": ""球R"", ""share"": 0.117, ""labels"": [263]}]"
2026_08_25/c1_1,c4,v9,beyond_occ,v1,43.4,51.57,8.18,4.162,球L,259,0.345,,,,0.467,0.642,,,0,0,9,球L,1,3,"[{""name"": ""球L"", ""share"": 0.345, ""labels"": [259]}, {""name"": ""球M"", ""share"": 0.161, ""labels"": [261]}, {""name"": ""苹果红"", ""share"": 0.148, ""labels"": [260]}]"
2026_08_25/c1_1,c4,v9,beyond_occ,v1,51.85,56.99,5.15,4.19,球L,259,0.321,,,,0.741,0.731,,,0,0,,,,3,"[{""name"": ""球L"", ""share"": 0.321, ""labels"": [259]}, {""name"": ""苹果粉"", ""share"": 0.238, ""labels"": [64]}, {""name"": ""苹果红"", ""share"": 0.16, ""labels"": [260]}]"
2026_08_25/c1_1,c4,v9,beyond_occ,v1,57.24,57.67,0.43,4.19,球L,259,0.302,,,,0.685,0.748,,,0,0,,,,3,"[{""name"": ""球L"", ""share"": 0.302, ""labels"": [259]}, {""name"": ""苹果粉"", ""share"": 0.207, ""labels"": [64]}, {""name"": ""苹果红"", ""share"": 0.188, ""labels"": [260]}]"
2026_08_25/c1_1,c4,v9,beyond_occ,v1,57.94,60.27,2.33,4.202,球L,259,0.245,,,,0.763,0.355,,,0,0,,,,3,"[{""name"": ""球L"", ""share"": 0.245, ""labels"": [259]}, {""name"": ""水瓶"", ""share"": 0.187, ""labels"": [30]}, {""name"": ""球M"", ""share"": 0.162, ""labels"": [261]}]"
2026_08_25/c1_1,c4,v9,beyond_occ,v1,60.49,64.99,4.5,4.168,球L,259,0.267,,,,0.764,0.513,,,0,0,,,,3,"[{""name"": ""球L"", ""share"": 0.267, ""labels"": [259]}, {""name"": ""球M"", ""share"": 0.204, ""labels"": [261]}, {""name"": ""水瓶"", ""share"": 0.131, ""labels"": [30]}]"
2026_08_25/c1_1,c4,v9,beyond_occ,v1,66.57,66.95,0.38,4.167,球R,263,0.244,,,,0.775,0.403,,,0,0,,,,3,"[{""name"": ""球R"", ""share"": 0.244, ""labels"": [263]}, {""name"": ""球M"", ""share"": 0.189, ""labels"": [261]}, {""name"": ""水瓶"", ""share"": 0.188, ""labels"": [30]}]"
2026_08_25/c1_1,c4,v9,beyond_occ,v1,68.94,69.43,0.49,4.165,球L,259,0.424,,,,0.564,0.812,,,1,0,,,,3,"[{""name"": ""球L"", ""share"": 0.424, ""labels"": [259]}, {""name"": ""球M"", ""share"": 0.239, ""labels"": [261]}, {""name"": ""水瓶"", ""share"": 0.129, ""labels"": [30]}]"
2026_08_25/c1_1,c4,v9,beyond_occ,v1,69.49,69.97,0.49,4.157,苹果粉,64,0.262,,,,0.889,0.495,,,0,0,,,,3,"[{""name"": ""苹果粉"", ""share"": 0.262, ""labels"": [64]}, {""name"": ""球L"", ""share"": 0.233, ""labels"": [259]}, {""name"": ""苹果红"", ""share"": 0.186, ""labels"": [260]}]"
2026_08_25/c1_1,c4,v9,beyond_occ,v1,70.03,70.41,0.38,4.157,球L,259,0.316,,,,0.649,0.596,,,0,0,,,,3,"[{""name"": ""球L"", ""share"": 0.316, ""labels"": [259]}, {""name"": ""球M"", ""share"": 0.205, ""labels"": [261]}, {""name"": ""水瓶"", ""share"": 0.126, ""labels"": [30]}]"
2026_08_25/c1_1,c4,v9,beyond_occ,v1,70.46,70.79,0.32,4.167,苹果粉,64,0.4,,,,0.562,0.718,,,1,0,,,,3,"[{""name"": ""苹果粉"", ""share"": 0.4, ""labels"": [64]}, {""name"": ""球L"", ""share"": 0.225, ""labels"": [259]}, {""name"": ""苹果红"", ""share"": 0.181, ""labels"": [260]}]"
2026_08_25/c1_1,c4,v9,beyond_occ,v1,70.89,77.4,6.5,4.174,球L,259,0.302,,,,0.623,0.634,,,0,0,,,,3,"[{""name"": ""球L"", ""share"": 0.302, ""labels"": [259]}, {""name"": ""苹果粉"", ""share"": 0.188, ""labels"": [64]}, {""name"": ""苹果红"", ""share"": 0.173, ""labels"": [260]}]"
2026_08_25/c1_1,c4,v9,beyond_occ,v1,77.45,80.11,2.65,4.17,球L,259,0.345,,,,0.713,0.759,,,0,0,,,,3,"[{""name"": ""球L"", ""share"": 0.345, ""labels"": [259]}, {""name"": ""球M"", ""share"": 0.246, ""labels"": [261]}, {""name"": ""苹果红"", ""share"": 0.146, ""labels"": [260]}]"
2026_08_25/c1_1,c4,v9,beyond_occ,v1,80.33,84.06,3.74,4.177,球L,259,0.329,,,,0.502,0.661,,,0,0,,,,3,"[{""name"": ""球L"", ""share"": 0.329, ""labels"": [259]}, {""name"": ""苹果粉"", ""share"": 0.165, ""labels"": [64]}, {""name"": ""球M"", ""share"": 0.162, ""labels"": [261]}]"
2026_08_25/c1_1,c4,v9,beyond_occ,v1,84.12,86.5,2.38,4.186,球L,259,0.363,,,,0.449,0.732,,,1,0,,,,3,"[{""name"": ""球L"", ""share"": 0.363, ""labels"": [259]}, {""name"": ""苹果粉"", ""share"": 0.163, ""labels"": [64]}, {""name"": ""苹果红"", ""share"": 0.15, ""labels"": [260]}]"
2026_08_25/c1_1,c4,v9,beyond_occ,v1,86.74,93.45,6.72,4.177,球L,259,0.281,,,,0.843,0.634,,,0,0,10,球M,0,3,"[{""name"": ""球L"", ""share"": 0.281, ""labels"": [259]}, {""name"": ""球M"", ""share"": 0.237, ""labels"": [261]}, {""name"": ""球R"", ""share"": 0.171, ""labels"": [263]}]"
2026_08_25/c1_1,c4,v9,beyond_occ,v1,93.61,97.46,3.85,4.18,球L,259,0.294,,,,0.66,0.624,,,0,0,11,球L,1,3,"[{""name"": ""球L"", ""share"": 0.294, ""labels"": [259]}, {""name"": ""苹果粉"", ""share"": 0.194, ""labels"": [64]}, {""name"": ""苹果红"", ""share"": 0.149, ""labels"": [260]}]"
2026_08_25/c1_1,c4,v9,beyond_occ,v1,97.51,97.89,0.38,4.174,球L,259,0.334,,,,0.65,0.679,,,0,0,11,球L,1,3,"[{""name"": ""球L"", ""share"": 0.334, ""labels"": [259]}, {""name"": ""球M"", ""share"": 0.217, ""labels"": [261]}, {""name"": ""球R"", ""share"": 0.166, ""labels"": [263]}]"
2026_08_25/c1_1,c4,v9,beyond_occ,v1,98.18,100.51,2.33,4.178,球L,259,0.306,,,,0.618,0.609,,,0,0,11,球L,1,3,"[{""name"": ""球L"", ""share"": 0.306, ""labels"": [259]}, {""name"": ""苹果粉"", ""share"": 0.189, ""labels"": [64]}, {""name"": ""球M"", ""share"": 0.141, ""labels"": [261]}]"
2026_08_25/c1_1,c4,v9,beyond_occ,v1,100.73,105.98,5.25,4.178,球L,259,0.326,,,,0.534,0.583,,,0,0,11,球L,1,3,"[{""name"": ""球L"", ""share"": 0.326, ""labels"": [259]}, {""name"": ""球M"", ""share"": 0.174, ""labels"": [261]}, {""name"": ""水瓶"", ""share"": 0.125, ""labels"": [30]}]"
2026_08_25/c1_1,c4,v9,beyond_occ,v1,106.23,107.32,1.08,4.177,球L,259,0.285,,,,0.572,0.48,,,0,0,11,球L,1,3,"[{""name"": ""球L"", ""share"": 0.285, ""labels"": [259]}, {""name"": ""球M"", ""share"": 0.163, ""labels"": [261]}, {""name"": ""水瓶"", ""share"": 0.159, ""labels"": [30]}]"
2026_08_25/c1_1,c4,v9,beyond_occ,v1,107.62,112.55,4.93,4.191,球L,259,0.232,,,,0.845,0.381,,,0,0,12,球M,0,3,"[{""name"": ""球L"", ""share"": 0.232, ""labels"": [259]}, {""name"": ""球M"", ""share"": 0.196, ""labels"": [261]}, {""name"": ""水瓶"", ""share"": 0.183, ""labels"": [30]}]"
2026_08_25/c1_1,c4,v9,beyond_occ,v1,112.72,114.45,1.73,4.2,球L,259,0.213,,,,0.911,0.387,,,0,0,12,球M,0,3,"[{""name"": ""球L"", ""share"": 0.213, ""labels"": [259]}, {""name"": ""球M"", ""share"": 0.194, ""labels"": [261]}, {""name"": ""水瓶"", ""share"": 0.173, ""labels"": [30]}]"
2026_08_25/c1_1,c4,v9,beyond_occ,v1,114.51,114.94,0.43,4.175,苹果粉,64,0.263,,,,0.722,0.367,,,0,0,,,,3,"[{""name"": ""苹果粉"", ""share"": 0.263, ""labels"": [64, 250]}, {""name"": ""球L"", ""share"": 0.19, ""labels"": [259]}, {""name"": ""苹果红"", ""share"": 0.182, ""labels"": [260]}]"
2026_08_25/c1_1,c4,v9,beyond_occ,v1,115.07,121.35,6.28,4.157,球L,259,0.293,,,,0.59,0.551,,,0,0,,,,3,"[{""name"": ""球L"", ""share"": 0.293, ""labels"": [259]}, {""name"": ""球M"", ""share"": 0.173, ""labels"": [261]}, {""name"": ""水瓶"", ""share"": 0.127, ""labels"": [30]}]"
2026_08_25/c1_1,c4,v9,beyond_occ,v1,121.63,127.21,5.58,4.186,球L,259,0.23,,,,0.822,0.343,,,0,0,14,球M,0,3,"[{""name"": ""球L"", ""share"": 0.23, ""labels"": [259]}, {""name"": ""水瓶"", ""share"": 0.189, ""labels"": [30]}, {""name"": ""球M"", ""share"": 0.174, ""labels"": [261]}]"
2026_08_25/c1_2,c4,v9,,v1,4.48,4.76,0.27,5.705,球R,263,0.491,,,,0.792,0.892,,,1,0,,,,3,"[{""name"": ""球R"", ""share"": 0.491, ""labels"": [263]}, {""name"": ""水瓶"", ""share"": 0.389, ""labels"": [30]}, {""name"": ""floor"", ""share"": 0.057, ""labels"": [0]}]"
2026_08_25/c1_2,c4,v9,,v1,6.13,7.22,1.08,4.222,球L,259,0.272,,,,0.721,0.42,,,0,0,,,,3,"[{""name"": ""球L"", ""share"": 0.272, ""labels"": [259]}, {""name"": ""水瓶"", ""share"": 0.196, ""labels"": [30]}, {""name"": ""球M"", ""share"": 0.141, ""labels"": [261]}]"
2026_08_25/c1_2,c4,v9,,v1,7.27,7.54,0.27,4.229,苹果粉,64,0.332,,,,0.617,0.453,,,0,0,,,,3,"[{""name"": ""苹果粉"", ""share"": 0.332, ""labels"": [64, 250]}, {""name"": ""苹果红"", ""share"": 0.205, ""labels"": [260]}, {""name"": ""球L"", ""share"": 0.194, ""labels"": [259]}]"
2026_08_25/c1_2,c4,v9,,v1,7.6,8.68,1.08,4.252,球L,259,0.23,,,,0.922,0.425,,,0,0,,,,3,"[{""name"": ""球L"", ""share"": 0.23, ""labels"": [259]}, {""name"": ""球M"", ""share"": 0.212, ""labels"": [261]}, {""name"": ""水瓶"", ""share"": 0.165, ""labels"": [30]}]"
2026_08_25/c1_2,c4,v9,,v1,11.22,12.31,1.08,4.244,球L,259,0.304,,,,0.743,0.629,,,0,0,,,,3,"[{""name"": ""球L"", ""share"": 0.304, ""labels"": [259]}, {""name"": ""球M"", ""share"": 0.226, ""labels"": [261]}, {""name"": ""球R"", ""share"": 0.121, ""labels"": [263]}]"
2026_08_25/c1_2,c4,v9,,v1,12.74,14.91,2.17,4.246,球L,259,0.272,,,,0.669,0.56,,,0,0,,,,3,"[{""name"": ""球L"", ""share"": 0.272, ""labels"": [259]}, {""name"": ""球M"", ""share"": 0.182, ""labels"": [261]}, {""name"": ""水瓶"", ""share"": 0.135, ""labels"": [30]}]"
2026_08_25/c1_2,c4,v9,,v1,15.2,20.78,5.58,4.229,球L,259,0.329,,,,0.593,0.65,,,0,0,1,球L,1,3,"[{""name"": ""球L"", ""share"": 0.329, ""labels"": [259]}, {""name"": ""球M"", ""share"": 0.195, ""labels"": [261]}, {""name"": ""苹果红"", ""share"": 0.133, ""labels"": [260]}]"
2026_08_25/c1_2,c4,v9,,v1,20.83,22.78,1.95,4.227,球L,259,0.321,,,,0.62,0.641,,,0,0,1,球L,1,3,"[{""name"": ""球L"", ""share"": 0.321, ""labels"": [259]}, {""name"": ""球M"", ""share"": 0.199, ""labels"": [261]}, {""name"": ""水瓶"", ""share"": 0.144, ""labels"": [30]}]"
2026_08_25/c1_2,c4,v9,,v1,23.16,23.87,0.7,4.254,球R,263,0.282,,,,0.862,0.616,,,0,0,,,,3,"[{""name"": ""球R"", ""share"": 0.282, ""labels"": [263]}, {""name"": ""球M"", ""share"": 0.243, ""labels"": [261]}, {""name"": ""水瓶"", ""share"": 0.175, ""labels"": [30]}]"
2026_08_25/c1_2,c4,v9,,v1,23.92,29.61,5.69,4.271,球R,263,0.286,,,,0.836,0.625,,,0,0,2,球R,1,3,"[{""name"": ""球R"", ""share"": 0.286, ""labels"": [263]}, {""name"": ""球M"", ""share"": 0.239, ""labels"": [261]}, {""name"": ""水瓶"", ""share"": 0.21, ""labels"": [30]}]"
2026_08_25/c1_2,c4,v9,,v1,30.04,36.43,6.39,4.287,球R,263,0.306,,,,0.752,0.521,,,0,0,3,球R,1,3,"[{""name"": ""球R"", ""share"": 0.306, ""labels"": [263]}, {""name"": ""球M"", ""share"": 0.23, ""labels"": [261]}, {""name"": ""水瓶"", ""share"": 0.134, ""labels"": [30]}]"
2026_08_25/c1_2,c4,v9,,v1,36.72,43.32,6.61,4.251,球L,259,0.235,,,,0.974,0.449,,,0,0,4,球M,0,3,"[{""name"": ""球L"", ""share"": 0.235, ""labels"": [259]}, {""name"": ""球M"", ""share"": 0.229, ""labels"": [261]}, {""name"": ""球R"", ""share"": 0.165, ""labels"": [263]}]"
2026_08_25/c1_2,c4,v9,,v1,43.87,49.99,6.12,4.25,球L,259,0.215,,,,0.916,0.354,,,0,0,5,球M,0,3,"[{""name"": ""球L"", ""share"": 0.215, ""labels"": [259]}, {""name"": ""球M"", ""share"": 0.197, ""labels"": [261]}, {""name"": ""水瓶"", ""share"": 0.175, ""labels"": [30]}]"
2026_08_25/c1_2,c4,v9,,v1,50.25,56.64,6.39,4.242,球L,259,0.244,,,,0.742,0.419,,,0,0,6,球L,1,3,"[{""name"": ""球L"", ""share"": 0.244, ""labels"": [259]}, {""name"": ""水瓶"", ""share"": 0.181, ""labels"": [30]}, {""name"": ""苹果红"", ""share"": 0.171, ""labels"": [260]}]"
2026_08_25/c1_2,c4,v9,,v1,56.88,62.78,5.9,4.263,球R,263,0.249,,,,0.896,0.407,,,0,0,7,球R,1,3,"[{""name"": ""球R"", ""share"": 0.249, ""labels"": [263]}, {""name"": ""球M"", ""share"": 0.223, ""labels"": [261]}, {""name"": ""球L"", ""share"": 0.163, ""labels"": [259]}]"
2026_08_25/c1_2,c4,v9,,v1,69.94,71.19,1.25,4.258,球L,259,0.291,,,,0.77,0.525,,,0,0,,,,3,"[{""name"": ""球L"", ""share"": 0.291, ""labels"": [259]}, {""name"": ""球M"", ""share"": 0.224, ""labels"": [261]}, {""name"": ""球R"", ""share"": 0.137, ""labels"": [263]}]"
2026_08_25/c1_2,c4,v9,,v1,71.48,71.86,0.38,4.257,球L,259,0.288,,,,0.993,0.732,,,0,0,,,,3,"[{""name"": ""球L"", ""share"": 0.288, ""labels"": [259]}, {""name"": ""球M"", ""share"": 0.286, ""labels"": [261]}, {""name"": ""球R"", ""share"": 0.203, ""labels"": [263]}]"
2026_08_25/c1_2,c4,v9,,v1,71.91,78.79,6.88,4.256,球L,259,0.31,,,,0.652,0.615,,,0,0,8,球L,1,3,"[{""name"": ""球L"", ""share"": 0.31, ""labels"": [259]}, {""name"": ""球M"", ""share"": 0.202, ""labels"": [261]}, {""name"": ""球R"", ""share"": 0.121, ""labels"": [263]}]"
2026_08_25/c1_2,c4,v9,,v1,79.06,85.56,6.5,4.264,球M,261,0.252,,,,0.992,0.557,,,0,0,9,球L,0,3,"[{""name"": ""球M"", ""share"": 0.252, ""labels"": [261]}, {""name"": ""球L"", ""share"": 0.25, ""labels"": [259]}, {""name"": ""球R"", ""share"": 0.149, ""labels"": [263]}]"
2026_08_25/c1_2,c4,v9,,v1,85.89,89.25,3.36,4.261,球L,259,0.265,,,,0.819,0.539,,,0,0,,,,3,"[{""name"": ""球L"", ""share"": 0.265, ""labels"": [259]}, {""name"": ""球M"", ""share"": 0.217, ""labels"": [261]}, {""name"": ""球R"", ""share"": 0.175, ""labels"": [263]}]"
2026_08_25/c1_2,c4,v9,,v1,89.3,92.66,3.36,4.273,球M,261,0.276,,,,0.909,0.589,,,0,0,10,球M,1,3,"[{""name"": ""球M"", ""share"": 0.276, ""labels"": [261]}, {""name"": ""球R"", ""share"": 0.251, ""labels"": [263]}, {""name"": ""球L"", ""share"": 0.198, ""labels"": [259]}]"
2026_08_25/c1_2,c4,v9,,v1,92.71,94.18,1.46,4.244,球L,259,0.276,,,,0.808,0.509,,,0,0,,,,3,"[{""name"": ""球L"", ""share"": 0.276, ""labels"": [259]}, {""name"": ""球M"", ""share"": 0.223, ""labels"": [261]}, {""name"": ""球R"", ""share"": 0.129, ""labels"": [263]}]"
2026_08_25/c1_2,c4,v9,,v1,94.4,99.87,5.47,4.223,球L,259,0.277,,,,0.628,0.385,,,0,0,11,球L,1,3,"[{""name"": ""球L"", ""share"": 0.277, ""labels"": [259]}, {""name"": ""水瓶"", ""share"": 0.174, ""labels"": [30]}, {""name"": ""球M"", ""share"": 0.154, ""labels"": [261]}]"
2026_08_25/c1_2,c4,v9,,v1,100.18,106.41,6.23,4.255,球L,259,0.243,,,,0.765,0.366,,,0,0,12,球M,0,3,"[{""name"": ""球L"", ""share"": 0.243, ""labels"": [259]}, {""name"": ""水瓶"", ""share"": 0.186, ""labels"": [30]}, {""name"": ""球M"", ""share"": 0.179, ""labels"": [261]}]"
2026_08_25/c1_2,c4,v9,,v1,106.59,113.04,6.45,4.261,球R,263,0.295,,,,0.783,0.505,,,0,0,13,球R,1,3,"[{""name"": ""球R"", ""share"": 0.295, ""labels"": [263]}, {""name"": ""球M"", ""share"": 0.231, ""labels"": [261]}, {""name"": ""球L"", ""share"": 0.14, ""labels"": [259]}]"
2026_08_25/c1_2,c4,v9,,v1,113.25,115.26,2.0,4.245,球M,261,0.227,,,,0.859,0.369,,,0,0,,,,3,"[{""name"": ""球M"", ""share"": 0.227, ""labels"": [261]}, {""name"": ""球L"", ""share"": 0.195, ""labels"": [259]}, {""name"": ""水瓶"", ""share"": 0.171, ""labels"": [30]}]"
2026_08_25/c1_2,c4,v9,,v1,115.56,116.7,1.14,4.259,球M,261,0.242,,,,0.798,0.431,,,0,0,14,球M,1,3,"[{""name"": ""球M"", ""share"": 0.242, ""labels"": [261]}, {""name"": ""球L"", ""share"": 0.193, ""labels"": [259]}, {""name"": ""球R"", ""share"": 0.176, ""labels"": [263]}]"
2026_08_25/c1_2,c4,v9,,v1,116.87,120.66,3.79,4.259,球M,261,0.215,,,,0.949,0.405,,,0,0,14,球M,1,3,"[{""name"": ""球M"", ""share"": 0.215, ""labels"": [261]}, {""name"": ""球L"", ""share"": 0.204, ""labels"": [259]}, {""name"": ""水瓶"", ""share"": 0.157, ""labels"": [30]}]"
2026_08_25/c1_2,c4,v9,,v1,121.06,125.72,4.66,4.26,球M,261,0.228,,,,0.952,0.409,,,0,0,15,球R,0,3,"[{""name"": ""球M"", ""share"": 0.228, ""labels"": [261]}, {""name"": ""球R"", ""share"": 0.217, ""labels"": [263]}, {""name"": ""水瓶"", ""share"": 0.171, ""labels"": [30]}]"
2026_08_25/c1_2,c4,v9,,v1,125.78,126.21,0.43,4.256,球R,263,0.28,,,,0.868,0.569,,,0,0,15,球R,1,3,"[{""name"": ""球R"", ""share"": 0.28, ""labels"": [263]}, {""name"": ""球M"", ""share"": 0.243, ""labels"": [261]}, {""name"": ""水瓶"", ""share"": 0.188, ""labels"": [30]}]"
2026_08_25/c1_3,c4,v9,,v1,6.09,7.06,0.97,3.693,球L,259,0.244,,,,0.947,0.28,,,0,0,,,,3,"[{""name"": ""球L"", ""share"": 0.244, ""labels"": [259]}, {""name"": ""球M"", ""share"": 0.231, ""labels"": [261]}, {""name"": ""水瓶"", ""share"": 0.167, ""labels"": [30]}]"
2026_08_25/c1_3,c4,v9,,v1,14.84,15.84,1.0,3.732,球L,259,0.319,,,,0.505,0.375,,,0,0,1,球L,1,3,"[{""name"": ""球L"", ""share"": 0.319, ""labels"": [259]}, {""name"": ""苹果红"", ""share"": 0.161, ""labels"": [260]}, {""name"": ""水瓶"", ""share"": 0.145, ""labels"": [30]}]"
2026_08_25/c1_3,c4,v9,,v1,16.0,16.8,0.8,3.728,球L,259,0.329,,,,0.632,0.501,,,0,0,1,球L,1,3,"[{""name"": ""球L"", ""share"": 0.329, ""labels"": [259]}, {""name"": ""球M"", ""share"": 0.208, ""labels"": [261]}, {""name"": ""水瓶"", ""share"": 0.126, ""labels"": [30]}]"
2026_08_25/c1_3,c4,v9,,v1,16.85,17.45,0.6,3.719,球L,259,0.318,,,,0.575,0.501,,,0,0,1,球L,1,3,"[{""name"": ""球L"", ""share"": 0.318, ""labels"": [259]}, {""name"": ""苹果红"", ""share"": 0.183, ""labels"": [260]}, {""name"": ""苹果粉"", ""share"": 0.145, ""labels"": [64]}]"
2026_08_25/c1_3,c4,v9,,v1,17.5,17.75,0.25,3.544,球L,259,0.395,,,,0.456,0.636,,,1,0,1,球L,1,3,"[{""name"": ""球L"", ""share"": 0.395, ""labels"": [259]}, {""name"": ""苹果粉"", ""share"": 0.18, ""labels"": [64]}, {""name"": ""球M"", ""share"": 0.159, ""labels"": [261]}]"
2026_08_25/c1_3,c4,v9,,v1,18.05,18.35,0.3,3.519,球L,259,0.339,,,,0.661,0.608,,,0,0,1,球L,1,3,"[{""name"": ""球L"", ""share"": 0.339, ""labels"": [259]}, {""name"": ""苹果粉"", ""share"": 0.224, ""labels"": [64]}, {""name"": ""苹果红"", ""share"": 0.192, ""labels"": [260]}]"
2026_08_25/c1_3,c4,v9,,v1,18.4,18.8,0.4,3.726,球L,259,0.343,,,,0.749,0.502,,,0,0,1,球L,1,3,"[{""name"": ""球L"", ""share"": 0.343, ""labels"": [259]}, {""name"": ""球M"", ""share"": 0.257, ""labels"": [261]}, {""name"": ""水瓶"", ""share"": 0.115, ""labels"": [30]}]"
2026_08_25/c1_3,c4,v9,,v1,19.1,20.85,1.75,3.734,球L,259,0.294,,,,0.565,0.372,,,0,0,1,球L,1,3,"[{""name"": ""球L"", ""share"": 0.294, ""labels"": [259]}, {""name"": ""苹果红"", ""share"": 0.166, ""labels"": [260]}, {""name"": ""水瓶"", ""share"": 0.147, ""labels"": [30]}]"
2026_08_25/c1_3,c4,v9,,v1,20.9,23.2,2.3,3.718,球L,259,0.316,,,,0.592,0.453,,,0,0,1,球L,1,3,"[{""name"": ""球L"", ""share"": 0.316, ""labels"": [259]}, {""name"": ""球M"", ""share"": 0.187, ""labels"": [261]}, {""name"": ""苹果红"", ""share"": 0.163, ""labels"": [260]}]"
2026_08_25/c1_3,c4,v9,,v1,23.3,23.8,0.5,3.717,球L,259,0.381,,,,0.423,0.589,,,1,0,1,球L,1,3,"[{""name"": ""球L"", ""share"": 0.381, ""labels"": [259]}, {""name"": ""球M"", ""share"": 0.161, ""labels"": [261]}, {""name"": ""苹果红"", ""share"": 0.144, ""labels"": [260]}]"
2026_08_25/c1_3,c4,v9,,v1,24.06,25.06,1.0,3.74,球M,261,0.281,,,,0.822,0.417,,,0,0,4,球M,1,3,"[{""name"": ""球M"", ""share"": 0.281, ""labels"": [261]}, {""name"": ""球L"", ""share"": 0.231, ""labels"": [259]}, {""name"": ""球R"", ""share"": 0.179, ""labels"": [263]}]"
2026_08_25/c1_3,c4,v9,,v1,25.11,28.56,3.45,3.751,球R,263,0.287,,,,0.791,0.373,,,0,0,4,球M,0,3,"[{""name"": ""球R"", ""share"": 0.287, ""labels"": [263]}, {""name"": ""球M"", ""share"": 0.227, ""labels"": [261]}, {""name"": ""球L"", ""share"": 0.158, ""labels"": [259]}]"
2026_08_25/c1_3,c4,v9,,v1,28.61,31.01,2.4,3.755,球M,261,0.233,,,,0.936,0.361,,,0,0,4,球M,1,3,"[{""name"": ""球M"", ""share"": 0.233, ""labels"": [261]}, {""name"": ""球L"", ""share"": 0.218, ""labels"": [259]}, {""name"": ""球R"", ""share"": 0.21, ""labels"": [263]}]"
2026_08_25/c1_3,c4,v9,,v1,31.27,32.77,1.5,3.739,球R,263,0.252,,,,0.937,0.33,,,0,0,4,球M,0,3,"[{""name"": ""球R"", ""share"": 0.252, ""labels"": [263]}, {""name"": ""球M"", ""share"": 0.236, ""labels"": [261]}, {""name"": ""球L"", ""share"": 0.153, ""labels"": [259]}]"
2026_08_25/c1_3,c4,v9,,v1,32.95,33.2,0.25,3.746,球M,261,0.264,,,,0.867,0.343,,,0,0,4,球M,1,3,"[{""name"": ""球M"", ""share"": 0.264, ""labels"": [261]}, {""name"": ""球L"", ""share"": 0.229, ""labels"": [259]}, {""name"": ""球R"", ""share"": 0.151, ""labels"": [263]}]"
2026_08_25/c1_3,c4,v9,,v1,33.25,37.45,4.2,3.729,球L,259,0.224,,,,0.929,0.244,,,0,0,4,球M,0,3,"[{""name"": ""球L"", ""share"": 0.224, ""labels"": [259]}, {""name"": ""球M"", ""share"": 0.208, ""labels"": [261]}, {""name"": ""水瓶"", ""share"": 0.18, ""labels"": [30]}]"
2026_08_25/c1_3,c4,v9,,v1,37.62,42.52,4.9,3.734,球L,259,0.23,,,,0.83,0.252,,,0,0,6,球L,1,3,"[{""name"": ""球L"", ""share"": 0.23, ""labels"": [259]}, {""name"": ""水瓶"", ""share"": 0.191, ""labels"": [30]}, {""name"": ""球M"", ""share"": 0.185, ""labels"": [261]}]"
2026_08_25/c1_3,c4,v9,,v1,42.57,48.83,6.25,3.726,球M,261,0.299,,,,0.712,0.407,,,0,0,10,球M,1,3,"[{""name"": ""球M"", ""share"": 0.299, ""labels"": [261]}, {""name"": ""球L"", ""share"": 0.213, ""labels"": [259]}, {""name"": ""球R"", ""share"": 0.173, ""labels"": [263]}]"
2026_08_25/c1_3,c4,v9,,v1,48.88,51.03,2.15,3.711,球R,263,0.25,,,,0.936,0.322,,,0,0,,,,3,"[{""name"": ""球R"", ""share"": 0.25, ""labels"": [263]}, {""name"": ""球M"", ""share"": 0.234, ""labels"": [261]}, {""name"": ""水瓶"", ""share"": 0.162, ""labels"": [30]}]"
2026_08_25/c1_3,c4,v9,,v1,51.28,57.63,6.35,3.709,球L,259,0.277,,,,0.599,0.285,,,0,0,11,球L,1,3,"[{""name"": ""球L"", ""share"": 0.277, ""labels"": [259]}, {""name"": ""苹果红"", ""share"": 0.166, ""labels"": [260]}, {""name"": ""水瓶"", ""share"": 0.157, ""labels"": [30]}]"
2026_08_25/c1_3,c4,v9,,v1,57.87,63.57,5.7,3.735,球R,263,0.285,,,,0.835,0.344,,,0,0,13,球R,1,3,"[{""name"": ""球R"", ""share"": 0.285, ""labels"": [263]}, {""name"": ""球M"", ""share"": 0.238, ""labels"": [261]}, {""name"": ""白杯2"", ""share"": 0.137, ""labels"": [267]}]"
2026_08_25/c1_3,c4,v9,,v1,71.03,71.28,0.25,3.723,球L,259,0.215,,,,0.851,0.219,,,0,0,,,,3,"[{""name"": ""球L"", ""share"": 0.215, ""labels"": [259]}, {""name"": ""球M"", ""share"": 0.183, ""labels"": [261]}, {""name"": ""水瓶"", ""share"": 0.179, ""labels"": [30]}]"
2026_08_25/c1_3,c4,v9,,v1,71.33,72.08,0.75,3.709,球L,259,0.266,,,,0.647,0.299,,,0,0,,,,3,"[{""name"": ""球L"", ""share"": 0.266, ""labels"": [259]}, {""name"": ""球M"", ""share"": 0.172, ""labels"": [261]}, {""name"": ""水瓶"", ""share"": 0.169, ""labels"": [30]}]"
2026_08_25/c1_3,c4,v9,,v1,72.13,72.38,0.25,3.505,苹果粉,64,0.341,,,,0.771,0.56,,,0,0,,,,3,"[{""name"": ""苹果粉"", ""share"": 0.341, ""labels"": [64]}, {""name"": ""球L"", ""share"": 0.263, ""labels"": [259]}, {""name"": ""苹果红"", ""share"": 0.217, ""labels"": [260]}]"
2026_08_25/c1_3,c4,v9,,v1,72.43,72.88,0.45,3.728,球L,259,0.296,,,,0.73,0.415,,,0,0,,,,3,"[{""name"": ""球L"", ""share"": 0.296, ""labels"": [259]}, {""name"": ""球M"", ""share"": 0.216, ""labels"": [261]}, {""name"": ""水瓶"", ""share"": 0.147, ""labels"": [30]}]"
2026_08_25/c1_3,c4,v9,,v1,73.03,73.28,0.25,3.508,苹果粉,64,0.372,,,,0.626,0.565,,,1,0,,,,3,"[{""name"": ""苹果粉"", ""share"": 0.372, ""labels"": [64]}, {""name"": ""球L"", ""share"": 0.233, ""labels"": [259]}, {""name"": ""苹果红"", ""share"": 0.22, ""labels"": [260]}]"
2026_08_25/c1_3,c4,v9,,v1,73.33,75.23,1.9,3.729,球L,259,0.318,,,,0.642,0.461,,,0,0,,,,3,"[{""name"": ""球L"", ""share"": 0.318, ""labels"": [259]}, {""name"": ""苹果粉"", ""share"": 0.204, ""labels"": [64]}, {""name"": ""苹果红"", ""share"": 0.164, ""labels"": [260]}]"
2026_08_25/c1_3,c4,v9,,v1,75.43,79.53,4.1,3.739,球L,259,0.285,,,,0.653,0.355,,,0,0,,,,3,"[{""name"": ""球L"", ""share"": 0.285, ""labels"": [259]}, {""name"": ""苹果粉"", ""share"": 0.186, ""labels"": [64]}, {""name"": ""苹果红"", ""share"": 0.183, ""labels"": [260]}]"
2026_08_25/c1_3,c4,v9,,v1,79.8,86.45,6.65,3.751,球L,259,0.268,,,,0.694,0.307,,,0,0,,,,3,"[{""name"": ""球L"", ""share"": 0.268, ""labels"": [259]}, {""name"": ""苹果粉"", ""share"": 0.186, ""labels"": [64]}, {""name"": ""苹果红"", ""share"": 0.181, ""labels"": [260]}]"
2026_08_25/c1_3,c4,v9,,v1,86.68,93.48,6.8,3.738,球L,259,0.229,,,,0.93,0.216,,,0,0,,,,3,"[{""name"": ""球L"", ""share"": 0.229, ""labels"": [259]}, {""name"": ""水瓶"", ""share"": 0.213, ""labels"": [30]}, {""name"": ""球M"", ""share"": 0.16, ""labels"": [261]}]"
2026_08_25/c1_3,c4,v9,,v1,93.76,100.46,6.7,3.734,球L,259,0.236,,,,0.814,0.253,,,0,0,,,,3,"[{""name"": ""球L"", ""share"": 0.236, ""labels"": [259]}, {""name"": ""苹果粉"", ""share"": 0.192, ""labels"": [64, 250]}, {""name"": ""苹果红"", ""share"": 0.191, ""labels"": [260]}]"
2026_08_25/c1_3,c4,v9,,v1,100.73,104.73,4.0,3.74,球L,259,0.238,,,,0.807,0.22,,,0,0,,,,3,"[{""name"": ""球L"", ""share"": 0.238, ""labels"": [259]}, {""name"": ""水瓶"", ""share"": 0.192, ""labels"": [30]}, {""name"": ""球M"", ""share"": 0.147, ""labels"": [261]}]"
2026_08_25/c1_3,c4,v9,,v1,104.93,107.53,2.6,3.738,球L,259,0.236,,,,0.903,0.21,,,0,0,,,,3,"[{""name"": ""球L"", ""share"": 0.236, ""labels"": [259]}, {""name"": ""水瓶"", ""share"": 0.213, ""labels"": [30]}, {""name"": ""苹果红"", ""share"": 0.144, ""labels"": [260]}]"
2026_08_25/c1_3,c4,v9,,v1,107.82,113.78,5.96,3.718,水瓶,30,0.251,,,,0.661,0.242,,,0,0,14,球M,0,3,"[{""name"": ""水瓶"", ""share"": 0.251, ""labels"": [30]}, {""name"": ""球M"", ""share"": 0.166, ""labels"": [261]}, {""name"": ""球L"", ""share"": 0.153, ""labels"": [259]}]"
2026_08_25/c1_3,c4,v9,,v1,114.1,114.85,0.75,3.701,水瓶,30,0.327,,,,0.486,0.309,,,0,0,,,,3,"[{""name"": ""水瓶"", ""share"": 0.327, ""labels"": [30]}, {""name"": ""苹果红"", ""share"": 0.159, ""labels"": [260]}, {""name"": ""球L"", ""share"": 0.15, ""labels"": [259]}]"
2026_08_25/c1_3,c4,v9,,v1,114.9,121.55,6.65,3.704,球L,259,0.225,,,,0.8,0.209,,,0,0,,,,3,"[{""name"": ""球L"", ""share"": 0.225, ""labels"": [259]}, {""name"": ""水瓶"", ""share"": 0.18, ""labels"": [30]}, {""name"": ""球M"", ""share"": 0.172, ""labels"": [261]}]"
2026_08_25/c1_3,c4,v9,,v1,121.6,125.25,3.65,3.718,球M,261,0.217,,,,0.977,0.291,,,0,0,15,球R,0,3,"[{""name"": ""球M"", ""share"": 0.217, ""labels"": [261]}, {""name"": ""球R"", ""share"": 0.212, ""labels"": [263]}, {""name"": ""水瓶"", ""share"": 0.18, ""labels"": [30]}]"
2026_08_25/c1_3,c4,v9,,v1,125.68,126.48,0.8,3.617,球M,261,0.284,,,,0.729,0.338,,,0,0,,,,3,"[{""name"": ""球M"", ""share"": 0.284, ""labels"": [261]}, {""name"": ""球L"", ""share"": 0.207, ""labels"": [259]}, {""name"": ""球R"", ""share"": 0.189, ""labels"": [263]}]"
2026_08_25/u3,u3,v9,walking,v1,6.03,6.48,0.45,2.161,球M,261,0.431,,,,0.784,0.351,,,0,0,,,,3,"[{""name"": ""球M"", ""share"": 0.431, ""labels"": [261]}, {""name"": ""球L"", ""share"": 0.338, ""labels"": [259]}, {""name"": ""水瓶"", ""share"": 0.162, ""labels"": [30]}]"
2026_08_25/u3,u3,v9,walking,v1,6.58,6.98,0.4,2.614,floor,0,1.0,,,,0.0,0.076,,,0,0,,,,1,"[{""name"": ""floor"", ""share"": 1.0, ""labels"": [0]}]"
2026_08_25/u3,u3,v9,walking,v1,7.55,7.9,0.35,2.654,球L,259,0.355,,,,0.662,0.12,,,1,0,,,,3,"[{""name"": ""球L"", ""share"": 0.355, ""labels"": [259]}, {""name"": ""苹果红"", ""share"": 0.235, ""labels"": [260]}, {""name"": ""水瓶"", ""share"": 0.151, ""labels"": [30]}]"
2026_08_25/u3,u3,v9,walking,v1,16.35,16.6,0.25,2.993,球L,259,0.594,,,,0.444,0.837,,,1,1,,,,3,"[{""name"": ""球L"", ""share"": 0.594, ""labels"": [259]}, {""name"": ""球M"", ""share"": 0.264, ""labels"": [261]}, {""name"": ""水瓶"", ""share"": 0.142, ""labels"": [30]}]"
2026_08_25/u3,u3,v9,walking,v1,18.15,19.8,1.65,2.882,球L,259,0.469,,,,0.625,0.371,,,1,0,1,球L,1,3,"[{""name"": ""球L"", ""share"": 0.469, ""labels"": [259]}, {""name"": ""苹果粉"", ""share"": 0.293, ""labels"": [64, 250]}, {""name"": ""苹果红"", ""share"": 0.118, ""labels"": [260]}]"
2026_08_25/u3,u3,v9,walking,v1,20.6,21.15,0.55,2.768,球L,259,0.387,,,,0.881,0.219,,,0,0,1,球L,1,3,"[{""name"": ""球L"", ""share"": 0.387, ""labels"": [259]}, {""name"": ""苹果粉"", ""share"": 0.341, ""labels"": [64, 250]}, {""name"": ""苹果红"", ""share"": 0.137, ""labels"": [260]}]"
2026_08_25/u3,u3,v9,walking,v1,21.55,21.9,0.35,2.727,球L,259,0.556,,,,0.219,0.367,,,1,1,1,球L,1,3,"[{""name"": ""球L"", ""share"": 0.556, ""labels"": [259]}, {""name"": ""苹果红"", ""share"": 0.122, ""labels"": [260]}, {""name"": ""水瓶"", ""share"": 0.116, ""labels"": [30]}]"
2026_08_25/u3,u3,v9,walking,v1,22.6,23.05,0.45,2.83,球L,259,0.508,,,,0.309,0.405,,,1,1,1,球L,1,3,"[{""name"": ""球L"", ""share"": 0.508, ""labels"": [259]}, {""name"": ""苹果粉"", ""share"": 0.157, ""labels"": [64, 250]}, {""name"": ""苹果红"", ""share"": 0.132, ""labels"": [260]}]"
2026_08_25/u3,u3,v9,walking,v1,25.78,26.33,0.55,2.867,球L,259,0.465,,,,0.329,0.251,,,1,0,2,球M,0,3,"[{""name"": ""球L"", ""share"": 0.465, ""labels"": [259]}, {""name"": ""水瓶"", ""share"": 0.153, ""labels"": [30]}, {""name"": ""苹果红"", ""share"": 0.15, ""labels"": [260]}]"
2026_08_25/u3,u3,v9,walking,v1,26.48,26.88,0.4,2.667,球L,259,0.487,,,,0.326,0.365,,,1,0,2,球M,0,3,"[{""name"": ""球L"", ""share"": 0.487, ""labels"": [259]}, {""name"": ""水瓶"", ""share"": 0.159, ""labels"": [30]}, {""name"": ""球M"", ""share"": 0.147, ""labels"": [261]}]"
2026_08_25/u3,u3,v9,walking,v1,28.08,28.78,0.7,4.103,水瓶,30,0.353,,,,0.867,0.615,,,0,0,2,球M,0,3,"[{""name"": ""水瓶"", ""share"": 0.353, ""labels"": [30]}, {""name"": ""球M"", ""share"": 0.306, ""labels"": [261]}, {""name"": ""球L"", ""share"": 0.265, ""labels"": [259]}]"
2026_08_25/u3,u3,v9,walking,v1,29.13,29.84,0.7,2.773,球M,261,0.407,,,,0.686,0.385,,,1,0,2,球M,1,3,"[{""name"": ""球M"", ""share"": 0.407, ""labels"": [261]}, {""name"": ""水瓶"", ""share"": 0.279, ""labels"": [30]}, {""name"": ""球L"", ""share"": 0.113, ""labels"": [259]}]"
2026_08_25/u3,u3,v9,walking,v1,30.04,30.54,0.5,2.889,球M,261,0.336,,,,0.696,0.252,,,0,0,,,,3,"[{""name"": ""球M"", ""share"": 0.336, ""labels"": [261]}, {""name"": ""水瓶"", ""share"": 0.234, ""labels"": [30]}, {""name"": ""球L"", ""share"": 0.185, ""labels"": [259]}]"
2026_08_25/u3,u3,v9,walking,v1,31.26,34.71,3.45,2.365,球R,263,0.307,,,,0.834,0.251,,,0,0,3,球R,1,3,"[{""name"": ""球R"", ""share"": 0.307, ""labels"": [263]}, {""name"": ""球M"", ""share"": 0.256, ""labels"": [261]}, {""name"": ""白杯1"", ""share"": 0.199, ""labels"": [266]}]"
2026_08_25/u3,u3,v9,walking,v1,34.76,35.26,0.5,2.093,球M,261,0.389,,,,0.584,0.103,,,1,0,3,球R,0,3,"[{""name"": ""球M"", ""share"": 0.389, ""labels"": [261]}, {""name"": ""白杯1"", ""share"": 0.227, ""labels"": [266]}, {""name"": ""球R"", ""share"": 0.214, ""labels"": [263]}]"
2026_08_25/u3,u3,v9,walking,v1,35.71,36.11,0.4,2.212,球R,263,0.497,,,,0.354,0.345,,,1,0,3,球R,1,3,"[{""name"": ""球R"", ""share"": 0.497, ""labels"": [263]}, {""name"": ""球M"", ""share"": 0.176, ""labels"": [261]}, {""name"": ""白杯1"", ""share"": 0.15, ""labels"": [266]}]"
2026_08_25/u3,u3,v9,walking,v1,36.51,36.86,0.35,2.331,球R,263,0.447,,,,0.517,0.393,,,1,0,3,球R,1,3,"[{""name"": ""球R"", ""share"": 0.447, ""labels"": [263]}, {""name"": ""球M"", ""share"": 0.231, ""labels"": [261]}, {""name"": ""白杯1"", ""share"": 0.138, ""labels"": [266]}]"
2026_08_25/u3,u3,v9,walking,v1,37.21,37.81,0.6,2.354,球R,263,0.421,,,,0.565,0.413,,,1,0,,,,3,"[{""name"": ""球R"", ""share"": 0.421, ""labels"": [263]}, {""name"": ""球M"", ""share"": 0.238, ""labels"": [261]}, {""name"": ""白杯1"", ""share"": 0.149, ""labels"": [266]}]"
2026_08_25/u3,u3,v9,walking,v1,38.16,38.56,0.4,2.861,球M,261,0.572,,,,0.519,0.705,,,1,1,4,球M,1,3,"[{""name"": ""球M"", ""share"": 0.572, ""labels"": [261]}, {""name"": ""球L"", ""share"": 0.297, ""labels"": [259]}, {""name"": ""水瓶"", ""share"": 0.125, ""labels"": [30]}]"
2026_08_25/u3,u3,v9,walking,v1,38.86,39.11,0.25,2.432,球M,261,0.565,,,,0.396,0.456,,,1,1,4,球M,1,3,"[{""name"": ""球M"", ""share"": 0.565, ""labels"": [261]}, {""name"": ""水瓶"", ""share"": 0.224, ""labels"": [30]}, {""name"": ""球L"", ""share"": 0.136, ""labels"": [259]}]"
2026_08_25/u3,u3,v9,walking,v1,39.76,40.01,0.25,3.764,球M,261,0.592,,,,0.333,0.591,,,1,1,4,球M,1,3,"[{""name"": ""球M"", ""share"": 0.592, ""labels"": [261]}, {""name"": ""球L"", ""share"": 0.197, ""labels"": [259]}, {""name"": ""水瓶"", ""share"": 0.118, ""labels"": [30]}]"
2026_08_25/u3,u3,v9,walking,v1,40.51,40.81,0.3,2.816,球M,261,0.407,,,,0.587,0.417,,,1,0,4,球M,1,3,"[{""name"": ""球M"", ""share"": 0.407, ""labels"": [261]}, {""name"": ""水瓶"", ""share"": 0.239, ""labels"": [30]}, {""name"": ""球L"", ""share"": 0.186, ""labels"": [259]}]"
2026_08_25/u3,u3,v9,walking,v1,40.91,41.21,0.3,2.81,球M,261,0.371,,,,0.66,0.424,,,1,0,4,球M,1,3,"[{""name"": ""球M"", ""share"": 0.371, ""labels"": [261]}, {""name"": ""球L"", ""share"": 0.245, ""labels"": [259]}, {""name"": ""水瓶"", ""share"": 0.216, ""labels"": [30]}]"
2026_08_25/u3,u3,v9,walking,v1,41.91,42.26,0.35,3.946,球M,261,0.434,,,,0.687,0.583,,,1,0,4,球M,1,3,"[{""name"": ""球M"", ""share"": 0.434, ""labels"": [261]}, {""name"": ""球L"", ""share"": 0.298, ""labels"": [259]}, {""name"": ""水瓶"", ""share"": 0.173, ""labels"": [30]}]"
2026_08_25/u3,u3,v9,walking,v1,43.66,44.51,0.85,2.791,球L,259,0.362,,,,0.657,0.398,,,1,0,,,,3,"[{""name"": ""球L"", ""share"": 0.362, ""labels"": [259]}, {""name"": ""水瓶"", ""share"": 0.238, ""labels"": [30]}, {""name"": ""球M"", ""share"": 0.227, ""labels"": [261]}]"
2026_08_25/u3,u3,v9,walking,v1,45.44,45.69,0.25,2.934,白杯1,266,0.272,,,,0.879,0.216,,,0,0,5,球R,0,3,"[{""name"": ""白杯1"", ""share"": 0.272, ""labels"": [266]}, {""name"": ""球R"", ""share"": 0.239, ""labels"": [263]}, {""name"": ""球M"", ""share"": 0.209, ""labels"": [261]}]"
2026_08_25/u3,u3,v9,walking,v1,46.69,47.54,0.85,2.566,球R,263,0.391,,,,0.501,0.412,,,1,0,5,球R,1,3,"[{""name"": ""球R"", ""share"": 0.391, ""labels"": [263]}, {""name"": ""白杯1"", ""share"": 0.196, ""labels"": [266]}, {""name"": ""球M"", ""share"": 0.161, ""labels"": [261]}]"
2026_08_25/u3,u3,v9,walking,v1,47.99,48.89,0.9,2.481,球R,263,0.425,,,,0.553,0.351,,,1,0,5,球R,1,3,"[{""name"": ""球R"", ""share"": 0.425, ""labels"": [263]}, {""name"": ""水瓶"", ""share"": 0.235, ""labels"": [30]}, {""name"": ""白杯1"", ""share"": 0.136, ""labels"": [266]}]"
2026_08_25/u3,u3,v9,walking,v1,48.99,49.89,0.9,2.508,球R,263,0.426,,,,0.493,0.409,,,1,0,5,球R,1,3,"[{""name"": ""球R"", ""share"": 0.426, ""labels"": [263]}, {""name"": ""水瓶"", ""share"": 0.21, ""labels"": [30]}, {""name"": ""球M"", ""share"": 0.134, ""labels"": [261]}]"
2026_08_25/u3,u3,v9,walking,v1,50.04,50.69,0.65,2.484,球R,263,0.488,,,,0.383,0.385,,,1,0,,,,3,"[{""name"": ""球R"", ""share"": 0.488, ""labels"": [263]}, {""name"": ""水瓶"", ""share"": 0.187, ""labels"": [30]}, {""name"": ""白杯1"", ""share"": 0.12, ""labels"": [266]}]"
2026_08_25/u3,u3,v9,walking,v1,52.81,54.36,1.55,2.677,球L,259,0.673,,,,0.366,0.54,,,1,1,6,球L,1,3,"[{""name"": ""球L"", ""share"": 0.673, ""labels"": [259]}, {""name"": ""苹果粉"", ""share"": 0.246, ""labels"": [64, 250]}, {""name"": ""水瓶"", ""share"": 0.05, ""labels"": [30]}]"
2026_08_25/u3,u3,v9,walking,v1,55.26,56.21,0.95,2.967,苹果粉,64,0.382,,,,0.963,0.28,,,0,0,6,球L,0,3,"[{""name"": ""苹果粉"", ""share"": 0.382, ""labels"": [64, 250]}, {""name"": ""球L"", ""share"": 0.368, ""labels"": [259]}, {""name"": ""苹果红"", ""share"": 0.131, ""labels"": [260]}]"
2026_08_25/u3,u3,v9,walking,v1,56.66,57.01,0.35,2.863,球L,259,0.519,,,,0.247,0.425,,,1,1,6,球L,1,3,"[{""name"": ""球L"", ""share"": 0.519, ""labels"": [259]}, {""name"": ""苹果红"", ""share"": 0.128, ""labels"": [260]}, {""name"": ""水瓶"", ""share"": 0.122, ""labels"": [30]}]"
2026_08_25/u3,u3,v9,walking,v1,58.61,58.91,0.3,2.988,水瓶,30,0.327,,,,0.951,0.172,,,0,0,7,球M,0,3,"[{""name"": ""水瓶"", ""share"": 0.327, ""labels"": [30]}, {""name"": ""球M"", ""share"": 0.311, ""labels"": [261]}, {""name"": ""球L"", ""share"": 0.128, ""labels"": [259]}]"
2026_08_25/u3,u3,v9,walking,v1,59.99,60.34,0.35,2.831,球M,261,0.316,,,,0.959,0.206,,,0,0,7,球M,1,3,"[{""name"": ""球M"", ""share"": 0.316, ""labels"": [261]}, {""name"": ""水瓶"", ""share"": 0.303, ""labels"": [30]}, {""name"": ""球L"", ""share"": 0.197, ""labels"": [259]}]"
2026_08_25/u3,u3,v9,walking,v1,60.94,61.24,0.3,2.699,球L,259,0.337,,,,0.659,0.206,,,0,0,7,球M,0,3,"[{""name"": ""球L"", ""share"": 0.337, ""labels"": [259]}, {""name"": ""球M"", ""share"": 0.222, ""labels"": [261]}, {""name"": ""水瓶"", ""share"": 0.211, ""labels"": [30]}]"
2026_08_25/u3,u3,v9,walking,v1,61.49,61.79,0.3,2.538,球L,259,0.35,,,,0.846,0.296,,,0,0,7,球M,0,3,"[{""name"": ""球L"", ""share"": 0.35, ""labels"": [259]}, {""name"": ""球M"", ""share"": 0.296, ""labels"": [261]}, {""name"": ""水瓶"", ""share"": 0.151, ""labels"": [30]}]"
2026_08_25/u3,u3,v9,walking,v1,61.84,62.09,0.25,2.633,球L,259,0.336,,,,0.589,0.167,,,0,0,7,球M,0,3,"[{""name"": ""球L"", ""share"": 0.336, ""labels"": [259]}, {""name"": ""球M"", ""share"": 0.198, ""labels"": [261]}, {""name"": ""苹果红"", ""share"": 0.192, ""labels"": [260]}]"
2026_08_25/u3,u3,v9,walking,v1,62.14,62.74,0.6,2.381,球L,259,0.323,,,,0.833,0.2,,,0,0,7,球M,0,3,"[{""name"": ""球L"", ""share"": 0.323, ""labels"": [259]}, {""name"": ""球M"", ""share"": 0.269, ""labels"": [261]}, {""name"": ""水瓶"", ""share"": 0.179, ""labels"": [30]}]"
2026_08_25/u3,u3,v9,walking,v1,63.14,64.19,1.05,2.257,球M,261,0.556,,,,0.399,0.244,,,1,1,7,球M,1,3,"[{""name"": ""球M"", ""share"": 0.556, ""labels"": [261]}, {""name"": ""水瓶"", ""share"": 0.222, ""labels"": [30]}, {""name"": ""球L"", ""share"": 0.119, ""labels"": [259]}]"
2026_08_25/u3,u3,v9,walking,v1,72.81,73.26,0.45,2.26,球M,261,0.379,,,,0.536,0.245,,,1,0,8,球R,0,3,"[{""name"": ""球M"", ""share"": 0.379, ""labels"": [261]}, {""name"": ""球R"", ""share"": 0.203, ""labels"": [263]}, {""name"": ""水瓶"", ""share"": 0.203, ""labels"": [30]}]"
2026_08_25/u3,u3,v9,walking,v1,73.71,74.26,0.55,2.264,球R,263,0.596,,,,0.211,0.247,,,1,1,8,球R,1,3,"[{""name"": ""球R"", ""share"": 0.596, ""labels"": [263]}, {""name"": ""水瓶"", ""share"": 0.126, ""labels"": [30]}, {""name"": ""白杯1"", ""share"": 0.121, ""labels"": [266]}]"
2026_08_25/u3,u3,v9,walking,v1,74.31,74.56,0.25,2.305,球R,263,0.312,,,,0.779,0.203,,,0,0,8,球R,1,3,"[{""name"": ""球R"", ""share"": 0.312, ""labels"": [263]}, {""name"": ""球M"", ""share"": 0.243, ""labels"": [261]}, {""name"": ""白杯1"", ""share"": 0.202, ""labels"": [266]}]"
2026_08_25/u3,u3,v9,walking,v1,74.61,74.96,0.35,2.486,球R,263,0.335,,,,0.8,0.086,,,0,0,8,球R,1,3,"[{""name"": ""球R"", ""share"": 0.335, ""labels"": [263]}, {""name"": ""白杯1"", ""share"": 0.268, ""labels"": [266]}, {""name"": ""水瓶"", ""share"": 0.103, ""labels"": [30]}]"
2026_08_25/u3,u3,v9,walking,v1,75.01,76.01,1.0,2.545,球R,263,0.36,,,,0.594,0.336,,,1,0,8,球R,1,3,"[{""name"": ""球R"", ""share"": 0.36, ""labels"": [263]}, {""name"": ""白杯1"", ""share"": 0.214, ""labels"": [266]}, {""name"": ""球M"", ""share"": 0.16, ""labels"": [261]}]"
2026_08_25/u3,u3,v9,walking,v1,76.26,77.11,0.85,2.799,球R,263,0.446,,,,0.428,0.321,,,1,0,8,球R,1,3,"[{""name"": ""球R"", ""share"": 0.446, ""labels"": [263]}, {""name"": ""白杯1"", ""share"": 0.191, ""labels"": [266]}, {""name"": ""白杯2"", ""share"": 0.12, ""labels"": [267]}]"
2026_08_25/u3,u3,v9,walking,v1,77.41,77.66,0.25,2.892,球R,263,0.458,,,,0.356,0.519,,,1,0,8,球R,1,3,"[{""name"": ""球R"", ""share"": 0.458, ""labels"": [263]}, {""name"": ""白杯1"", ""share"": 0.163, ""labels"": [266]}, {""name"": ""水瓶"", ""share"": 0.139, ""labels"": [30]}]"
2026_08_25/u3,u3,v9,walking,v1,78.01,78.36,0.35,2.871,球R,263,0.49,,,,0.3,0.581,,,1,0,,,,3,"[{""name"": ""球R"", ""share"": 0.49, ""labels"": [263]}, {""name"": ""白杯1"", ""share"": 0.147, ""labels"": [266]}, {""name"": ""球M"", ""share"": 0.145, ""labels"": [261]}]"
2026_08_25/u3,u3,v9,walking,v1,78.76,79.01,0.25,2.851,球R,263,0.401,,,,0.524,0.55,,,1,0,,,,3,"[{""name"": ""球R"", ""share"": 0.401, ""labels"": [263]}, {""name"": ""水瓶"", ""share"": 0.21, ""labels"": [30]}, {""name"": ""白杯1"", ""share"": 0.153, ""labels"": [266]}]"
2026_08_25/u3,u3,v9,walking,v1,79.41,79.71,0.3,2.729,球R,263,0.326,,,,0.727,0.418,,,0,0,9,球L,0,3,"[{""name"": ""球R"", ""share"": 0.326, ""labels"": [263]}, {""name"": ""球M"", ""share"": 0.237, ""labels"": [261]}, {""name"": ""白杯1"", ""share"": 0.21, ""labels"": [266]}]"
2026_08_25/u3,u3,v9,walking,v1,79.86,80.11,0.25,2.66,球M,261,0.377,,,,0.82,0.26,,,0,0,9,球L,0,3,"[{""name"": ""球M"", ""share"": 0.377, ""labels"": [261]}, {""name"": ""水瓶"", ""share"": 0.309, ""labels"": [30]}, {""name"": ""球L"", ""share"": 0.135, ""labels"": [259]}]"
2026_08_25/u3,u3,v9,walking,v1,80.16,80.51,0.35,2.741,苹果粉,64,0.434,,,,0.608,0.147,,,1,0,9,球L,0,3,"[{""name"": ""苹果粉"", ""share"": 0.434, ""labels"": [64, 250]}, {""name"": ""球L"", ""share"": 0.264, ""labels"": [259]}, {""name"": ""苹果红"", ""share"": 0.149, ""labels"": [260]}]"
2026_08_25/u3,u3,v9,walking,v1,80.56,81.06,0.5,2.613,球L,259,0.467,,,,0.634,0.309,,,1,0,9,球L,1,3,"[{""name"": ""球L"", ""share"": 0.467, ""labels"": [259]}, {""name"": ""苹果粉"", ""share"": 0.296, ""labels"": [64, 250]}, {""name"": ""苹果红"", ""share"": 0.116, ""labels"": [260]}]"
2026_08_25/u3,u3,v9,walking,v1,81.56,83.46,1.9,2.709,球L,259,0.489,,,,0.656,0.257,,,1,0,9,球L,1,3,"[{""name"": ""球L"", ""share"": 0.489, ""labels"": [259]}, {""name"": ""苹果粉"", ""share"": 0.321, ""labels"": [64]}, {""name"": ""苹果红"", ""share"": 0.103, ""labels"": [260]}]"
2026_08_25/u3,u3,v9,walking,v1,83.51,83.86,0.35,2.631,球L,259,0.528,,,,0.33,0.34,,,1,1,9,球L,1,3,"[{""name"": ""球L"", ""share"": 0.528, ""labels"": [259]}, {""name"": ""苹果粉"", ""share"": 0.174, ""labels"": [64, 250]}, {""name"": ""苹果红"", ""share"": 0.145, ""labels"": [260]}]"
2026_08_25/u3,u3,v9,walking,v1,83.91,84.66,0.75,2.798,球L,259,0.473,,,,0.488,0.214,,,1,0,9,球L,1,3,"[{""name"": ""球L"", ""share"": 0.473, ""labels"": [259]}, {""name"": ""苹果粉"", ""share"": 0.231, ""labels"": [64, 250]}, {""name"": ""苹果红"", ""share"": 0.169, ""labels"": [260]}]"
2026_08_25/u3,u3,v9,walking,v1,84.71,85.21,0.5,2.639,球L,259,0.535,,,,0.295,0.359,,,1,1,,,,3,"[{""name"": ""球L"", ""share"": 0.535, ""labels"": [259]}, {""name"": ""苹果红"", ""share"": 0.158, ""labels"": [260]}, {""name"": ""苹果粉"", ""share"": 0.138, ""labels"": [64]}]"
2026_08_25/u3,u3,v9,walking,v1,85.31,86.96,1.65,2.59,球L,259,0.422,,,,0.436,0.291,,,1,0,,,,3,"[{""name"": ""球L"", ""share"": 0.422, ""labels"": [259]}, {""name"": ""苹果红"", ""share"": 0.184, ""labels"": [260]}, {""name"": ""球M"", ""share"": 0.16, ""labels"": [261]}]"
2026_08_25/u3,u3,v9,walking,v1,87.37,87.97,0.6,2.6,球R,263,0.529,,,,0.306,0.282,,,1,1,10,球R,1,3,"[{""name"": ""球R"", ""share"": 0.529, ""labels"": [263]}, {""name"": ""白杯1"", ""share"": 0.162, ""labels"": [266]}, {""name"": ""白杯2"", ""share"": 0.12, ""labels"": [267]}]"
2026_08_25/u3,u3,v9,walking,v1,88.07,88.97,0.9,2.61,球R,263,0.483,,,,0.331,0.316,,,1,0,10,球R,1,3,"[{""name"": ""球R"", ""share"": 0.483, ""labels"": [263]}, {""name"": ""白杯1"", ""share"": 0.16, ""labels"": [266]}, {""name"": ""水瓶"", ""share"": 0.129, ""labels"": [30]}]"
2026_08_25/u3,u3,v9,walking,v1,89.17,89.47,0.3,2.672,球M,261,0.474,,,,0.658,0.663,,,1,0,10,球R,0,3,"[{""name"": ""球M"", ""share"": 0.474, ""labels"": [261]}, {""name"": ""球R"", ""share"": 0.312, ""labels"": [263]}, {""name"": ""水瓶"", ""share"": 0.183, ""labels"": [30]}]"
2026_08_25/u3,u3,v9,walking,v1,90.33,91.25,0.92,1.98,球R,263,0.655,,,,0.246,0.2,,,1,1,10,球R,1,3,"[{""name"": ""球R"", ""share"": 0.655, ""labels"": [263]}, {""name"": ""水瓶"", ""share"": 0.161, ""labels"": [30]}, {""name"": ""白杯1"", ""share"": 0.107, ""labels"": [266]}]"
2026_08_25/u3,u3,v9,walking,v1,91.3,92.33,1.03,1.838,球R,263,0.668,,,,0.266,0.033,,,1,1,,,,3,"[{""name"": ""球R"", ""share"": 0.668, ""labels"": [263]}, {""name"": ""白杯1"", ""share"": 0.178, ""labels"": [266]}, {""name"": ""水瓶"", ""share"": 0.086, ""labels"": [30]}]"
2026_08_25/u3,u3,v9,walking,v1,92.98,93.47,0.49,1.946,球L,259,0.756,,,,0.159,0.094,,,1,1,11,球L,1,3,"[{""name"": ""球L"", ""share"": 0.756, ""labels"": [259]}, {""name"": ""苹果红"", ""share"": 0.12, ""labels"": [260]}, {""name"": ""苹果粉"", ""share"": 0.055, ""labels"": [64]}]"
2026_08_25/u3,u3,v9,walking,v1,93.79,95.41,1.62,2.229,球L,259,0.659,,,,0.22,0.236,,,1,1,11,球L,1,3,"[{""name"": ""球L"", ""share"": 0.659, ""labels"": [259]}, {""name"": ""苹果粉"", ""share"": 0.145, ""labels"": [64]}, {""name"": ""苹果红"", ""share"": 0.123, ""labels"": [260]}]"
2026_08_25/u3,u3,v9,walking,v1,95.52,96.06,0.54,2.74,球L,259,0.629,,,,0.348,0.493,,,1,1,11,球L,1,3,"[{""name"": ""球L"", ""share"": 0.629, ""labels"": [259]}, {""name"": ""苹果粉"", ""share"": 0.219, ""labels"": [64]}, {""name"": ""苹果红"", ""share"": 0.069, ""labels"": [260]}]"
2026_08_25/u3,u3,v9,walking,v1,96.33,97.52,1.19,2.975,球L,259,0.446,,,,0.357,0.283,,,1,0,11,球L,1,3,"[{""name"": ""球L"", ""share"": 0.446, ""labels"": [259]}, {""name"": ""苹果粉"", ""share"": 0.159, ""labels"": [64, 250]}, {""name"": ""苹果红"", ""share"": 0.156, ""labels"": [260]}]"
2026_08_25/u3,u3,v9,walking,v1,100.3,101.44,1.14,2.901,水瓶,30,0.318,,,,0.846,0.172,,,0,0,12,球M,0,3,"[{""name"": ""水瓶"", ""share"": 0.318, ""labels"": [30]}, {""name"": ""球M"", ""share"": 0.269, ""labels"": [261]}, {""name"": ""球L"", ""share"": 0.201, ""labels"": [259]}]"
2026_08_25/u3,u3,v9,walking,v1,102.25,103.06,0.81,2.62,球M,261,0.304,,,,0.974,0.114,,,0,0,12,球M,1,3,"[{""name"": ""球M"", ""share"": 0.304, ""labels"": [261]}, {""name"": ""水瓶"", ""share"": 0.296, ""labels"": [30]}, {""name"": ""球L"", ""share"": 0.186, ""labels"": [259]}]"
2026_08_25/u3,u3,v9,walking,v1,103.55,104.74,1.19,2.29,球M,261,0.547,,,,0.411,0.167,,,1,1,12,球M,1,3,"[{""name"": ""球M"", ""share"": 0.547, ""labels"": [261]}, {""name"": ""水瓶"", ""share"": 0.225, ""labels"": [30]}, {""name"": ""球L"", ""share"": 0.085, ""labels"": [259]}]"
2026_08_25/u3,u3,v9,walking,v1,104.79,105.28,0.49,2.219,球M,261,0.596,,,,0.399,0.189,,,1,1,12,球M,1,3,"[{""name"": ""球M"", ""share"": 0.596, ""labels"": [261]}, {""name"": ""水瓶"", ""share"": 0.238, ""labels"": [30]}, {""name"": ""香蕉"", ""share"": 0.063, ""labels"": [264]}]"
2026_08_25/u3,u3,v9,walking,v1,105.33,106.25,0.92,2.279,球M,261,0.468,,,,0.694,0.068,,,1,0,,,,3,"[{""name"": ""球M"", ""share"": 0.468, ""labels"": [261]}, {""name"": ""水瓶"", ""share"": 0.325, ""labels"": [30]}, {""name"": ""香蕉"", ""share"": 0.073, ""labels"": [264]}]"
2026_08_25/u3,u3,v9,walking,v1,107.17,107.44,0.27,2.258,球R,263,0.495,,,,0.459,0.1,,,1,0,13,球R,1,3,"[{""name"": ""球R"", ""share"": 0.495, ""labels"": [263]}, {""name"": ""白杯1"", ""share"": 0.227, ""labels"": [266]}, {""name"": ""水瓶"", ""share"": 0.094, ""labels"": [30]}]"
2026_08_25/u3,u3,v9,walking,v1,107.61,107.88,0.27,2.322,球M,261,0.453,,,,0.565,0.091,,,1,0,13,球R,0,3,"[{""name"": ""球M"", ""share"": 0.453, ""labels"": [261]}, {""name"": ""水瓶"", ""share"": 0.256, ""labels"": [30]}, {""name"": ""香蕉"", ""share"": 0.12, ""labels"": [264]}]"
2026_08_25/u3,u3,v9,walking,v1,109.17,111.01,1.84,3.096,白杯1,266,0.257,,,,0.817,0.168,,,0,0,13,球R,0,3,"[{""name"": ""白杯1"", ""share"": 0.257, ""labels"": [266]}, {""name"": ""球M"", ""share"": 0.21, ""labels"": [261]}, {""name"": ""水瓶"", ""share"": 0.194, ""labels"": [30]}]"
2026_08_25/u3,u3,v9,walking,v1,111.44,112.42,0.97,3.294,球M,261,0.255,,,,0.922,0.278,,,0,0,13,球R,0,3,"[{""name"": ""球M"", ""share"": 0.255, ""labels"": [261]}, {""name"": ""白杯1"", ""share"": 0.235, ""labels"": [266]}, {""name"": ""水瓶"", ""share"": 0.201, ""labels"": [30]}]"
2026_08_25/u3,u3,v9,walking,v1,112.58,113.23,0.65,3.289,球M,261,0.309,,,,0.702,0.287,,,0,0,,,,3,"[{""name"": ""球M"", ""share"": 0.309, ""labels"": [261]}, {""name"": ""水瓶"", ""share"": 0.217, ""labels"": [30]}, {""name"": ""白杯1"", ""share"": 0.2, ""labels"": [266]}]"
2026_08_25/u3,u3,v9,walking,v1,113.72,114.36,0.65,3.241,苹果粉,64,0.388,,,,0.918,0.401,,,0,0,14,球L,0,3,"[{""name"": ""苹果粉"", ""share"": 0.388, ""labels"": [64, 250]}, {""name"": ""球L"", ""share"": 0.356, ""labels"": [259]}, {""name"": ""苹果红"", ""share"": 0.125, ""labels"": [260]}]"
2026_08_25/u3,u3,v9,walking,v1,114.42,117.55,3.14,3.097,苹果粉,64,0.514,,,,0.671,0.447,,,1,1,14,球L,0,3,"[{""name"": ""苹果粉"", ""share"": 0.514, ""labels"": [64, 250]}, {""name"": ""球L"", ""share"": 0.345, ""labels"": [259]}, {""name"": ""苹果红"", ""share"": 0.078, ""labels"": [260]}]"
2026_08_25/u3,u3,v9,walking,v1,117.61,119.07,1.46,2.908,球L,259,0.489,,,,0.552,0.346,,,1,0,14,球L,1,3,"[{""name"": ""球L"", ""share"": 0.489, ""labels"": [259]}, {""name"": ""苹果粉"", ""share"": 0.27, ""labels"": [64, 250]}, {""name"": ""苹果红"", ""share"": 0.138, ""labels"": [260]}]"
2026_08_25/u3,u3,v9,walking,v1,121.08,121.62,0.54,2.68,球M,261,0.335,,,,0.961,0.141,,,0,0,15,球M,1,3,"[{""name"": ""球M"", ""share"": 0.335, ""labels"": [261]}, {""name"": ""水瓶"", ""share"": 0.322, ""labels"": [30]}, {""name"": ""苹果红"", ""share"": 0.12, ""labels"": [260]}]"
2026_08_25/u3,u3,v9,walking,v1,121.68,122.27,0.59,2.367,球M,261,0.539,,,,0.404,0.295,,,1,1,15,球M,1,3,"[{""name"": ""球M"", ""share"": 0.539, ""labels"": [261]}, {""name"": ""水瓶"", ""share"": 0.218, ""labels"": [30]}, {""name"": ""球L"", ""share"": 0.108, ""labels"": [259]}]"
2026_08_25/u3,u3,v9,walking,v1,122.49,122.98,0.49,2.072,球M,261,0.691,,,,0.276,0.158,,,1,1,15,球M,1,3,"[{""name"": ""球M"", ""share"": 0.691, ""labels"": [261]}, {""name"": ""水瓶"", ""share"": 0.191, ""labels"": [30]}, {""name"": ""香蕉"", ""share"": 0.042, ""labels"": [264]}]"
2026_08_25/u3,u3,v9,walking,v1,123.03,123.41,0.38,1.967,球M,261,0.603,,,,0.471,0.035,,,1,1,15,球M,1,3,"[{""name"": ""球M"", ""share"": 0.603, ""labels"": [261]}, {""name"": ""水瓶"", ""share"": 0.284, ""labels"": [30]}, {""name"": ""香蕉"", ""share"": 0.06, ""labels"": [264]}]"
2026_08_25/u3,u3,v9,walking,v1,123.46,123.73,0.27,1.814,球M,261,0.794,,,,0.215,0.109,,,1,1,15,球M,1,3,"[{""name"": ""球M"", ""share"": 0.794, ""labels"": [261]}, {""name"": ""水瓶"", ""share"": 0.171, ""labels"": [30]}, {""name"": ""球L"", ""share"": 0.011, ""labels"": [259]}]"
2026_08_25/u3,u3,v9,walking,v1,123.79,125.03,1.24,1.642,球M,261,0.716,,,,0.345,0.002,,,1,1,15,球M,1,3,"[{""name"": ""球M"", ""share"": 0.716, ""labels"": [261]}, {""name"": ""水瓶"", ""share"": 0.247, ""labels"": [30]}, {""name"": ""球L"", ""share"": 0.014, ""labels"": [259]}]"
2026_08_25/u3,u3,v9,walking,v1,125.19,125.73,0.54,1.312,球M,261,0.608,,,,0.63,0.0,,,1,1,15,球M,1,3,"[{""name"": ""球M"", ""share"": 0.608, ""labels"": [261]}, {""name"": ""水瓶"", ""share"": 0.383, ""labels"": [30]}, {""name"": ""香蕉"", ""share"": 0.008, ""labels"": [264]}]"
