rec,card,era,flags,cfg,t_start_rel,t_end_rel,dur_s,dist_m,object,object_label,share,q,capture,A_cap,A_share,p_none,surface,W,acc_live,acc_e2,window_k,target,correct,n_cands,candidates
2026_08_16/000,e1,v7,,s02,15.38,15.7,0.32,1.034,,-1,0.0,0.0,,,,1.0,object#35,,0,0,,,,0,[]
2026_08_16/000,e1,v7,,s02,15.98,16.38,0.4,0.667,,-1,0.0,0.0,,,,1.0,object#94,,0,0,,,,0,[]
2026_08_16/000,e1,v7,,s02,18.3,18.6,0.3,0.462,,-1,0.0,0.0,,,,1.0,object#67,,0,0,,,,0,[]
2026_08_16/000,e1,v7,,s02,24.82,25.15,0.33,0.962,,-1,0.0,0.0,,,,1.0,object#20,,0,0,,,,0,[]
2026_08_16/000,e1,v7,,s02,27.5,27.81,0.31,1.01,,-1,0.0,0.0,,,,1.0,object#67,,0,0,,,,0,[]
2026_08_16/000,e1,v7,,s02,29.64,29.98,0.34,0.748,,-1,0.0,0.0,,,,1.0,object#187,,0,0,,,,0,[]
2026_08_16/000,e1,v7,,s02,35.34,35.62,0.27,1.359,,-1,0.0,0.0,,,,1.0,object#34,,0,0,,,,0,[]
2026_08_16/000,e1,v7,,s02,35.68,36.01,0.32,1.335,,-1,0.0,0.0,,,,1.0,object#316,,0,0,,,,0,[]
2026_08_16/000,e1,v7,,s02,39.06,39.33,0.27,1.667,石榴,78,1.0,0.986,0.986,0.0,0.0,0.014,object#17,,1,1,,,,1,"[{""name"": ""石榴"", ""share"": 1.0, ""q"": 0.986, ""capture"": 0.986, ""miss_deg"": 0.03, ""labels"": [78]}]"
2026_08_16/000,e1,v7,,s02,39.67,40.14,0.47,1.663,苹果,300,1.0,1.0,1.0,0.0,0.0,0.0,,,1,1,,,,1,"[{""name"": ""苹果"", ""share"": 1.0, ""q"": 1.0, ""capture"": 1.0, ""miss_deg"": 0.01, ""labels"": [300]}]"
2026_08_16/000,e1,v7,,s02,40.26,41.14,0.88,1.65,苹果,300,1.0,1.0,1.0,0.0,0.0,0.0,,,1,1,,,,1,"[{""name"": ""苹果"", ""share"": 1.0, ""q"": 1.0, ""capture"": 1.0, ""miss_deg"": 0.01, ""labels"": [300]}]"
2026_08_16/000,e1,v7,,s02,41.26,44.47,3.22,1.662,苹果,300,1.0,1.0,1.0,0.0,0.0,0.0,,,1,1,1,苹果,1,1,"[{""name"": ""苹果"", ""share"": 1.0, ""q"": 1.0, ""capture"": 1.0, ""miss_deg"": 0.01, ""labels"": [300]}]"
2026_08_16/000,e1,v7,,s02,44.58,45.97,1.39,1.657,苹果,300,1.0,0.999,0.999,0.0,0.0,0.001,object#316,,1,1,1,苹果,1,1,"[{""name"": ""苹果"", ""share"": 1.0, ""q"": 0.999, ""capture"": 0.999, ""miss_deg"": 0.01, ""labels"": [300]}]"
2026_08_16/000,e1,v7,,s02,46.03,46.46,0.44,1.615,香蕉,323,1.0,0.673,0.673,0.0,0.0,0.327,object#10,,1,1,1,苹果,0,1,"[{""name"": ""香蕉"", ""share"": 1.0, ""q"": 0.673, ""capture"": 0.673, ""miss_deg"": 0.18, ""labels"": [323]}]"
2026_08_16/000,e1,v7,,s02,46.52,47.29,0.77,1.649,苹果,300,1.0,0.878,0.878,0.0,0.0,0.122,object#316,,1,1,,,,1,"[{""name"": ""苹果"", ""share"": 1.0, ""q"": 0.878, ""capture"": 0.878, ""miss_deg"": 0.1, ""labels"": [300]}]"
2026_08_16/000,e1,v7,,s02,47.81,50.73,2.92,1.413,球M,321,1.0,0.999,0.999,0.0,0.0,0.001,object#317,,1,1,,,,1,"[{""name"": ""球M"", ""share"": 1.0, ""q"": 0.999, ""capture"": 0.999, ""miss_deg"": 0.01, ""labels"": [321]}]"
2026_08_16/000,e1,v7,,s02,50.89,51.23,0.34,1.456,,-1,0.0,0.0,,,,1.0,object#10,,0,0,2,球M,,0,[]
2026_08_16/000,e1,v7,,s02,51.28,54.3,3.02,1.385,球M,321,1.0,1.0,1.0,0.0,0.0,0.0,,,1,1,2,球M,1,1,"[{""name"": ""球M"", ""share"": 1.0, ""q"": 1.0, ""capture"": 1.0, ""miss_deg"": 0.01, ""labels"": [321]}]"
2026_08_16/000,e1,v7,,s02,54.5,54.95,0.45,1.59,,-1,0.0,0.0,,,,1.0,object#17,,0,0,,,,0,[]
2026_08_16/000,e1,v7,,s02,55.08,57.54,2.46,1.63,石榴,78,1.0,0.163,0.163,0.0,0.0,0.837,object#17,,0,0,3,石榴,1,1,"[{""name"": ""石榴"", ""share"": 1.0, ""q"": 0.163, ""capture"": 0.163, ""miss_deg"": 0.38, ""labels"": [78]}]"
2026_08_16/000,e1,v7,,s02,57.64,60.9,3.26,1.649,石榴,78,1.0,0.145,0.145,0.0,0.0,0.855,object#17,,0,0,3,石榴,1,1,"[{""name"": ""石榴"", ""share"": 1.0, ""q"": 0.145, ""capture"": 0.145, ""miss_deg"": 0.39, ""labels"": [78]}]"
2026_08_16/000,e1,v7,,s02,61.48,64.42,2.94,1.51,香蕉,323,1.0,0.864,0.864,0.0,0.0,0.136,object#316,,1,1,4,香蕉,1,1,"[{""name"": ""香蕉"", ""share"": 1.0, ""q"": 0.864, ""capture"": 0.864, ""miss_deg"": 0.11, ""labels"": [323]}]"
2026_08_16/000,e1,v7,,s02,64.47,65.15,0.68,1.535,香蕉,323,1.0,0.447,0.447,0.0,0.0,0.553,object#316,,1,1,4,香蕉,1,1,"[{""name"": ""香蕉"", ""share"": 1.0, ""q"": 0.447, ""capture"": 0.447, ""miss_deg"": 0.25, ""labels"": [323]}]"
2026_08_16/000,e1,v7,,s02,65.88,66.82,0.94,1.491,香蕉,323,1.0,1.0,1.0,0.0,0.0,0.0,,,1,1,4,香蕉,1,1,"[{""name"": ""香蕉"", ""share"": 1.0, ""q"": 1.0, ""capture"": 1.0, ""miss_deg"": 0.01, ""labels"": [323]}]"
2026_08_16/000,e1,v7,,s02,66.87,67.15,0.27,1.54,,-1,0.0,0.0,,,,1.0,object#17,,0,0,4,香蕉,,0,[]
2026_08_16/000,e1,v7,,s02,67.2,68.03,0.83,1.577,香蕉,323,1.0,0.011,0.011,0.0,0.0,0.989,object#316,,0,0,,,,1,"[{""name"": ""香蕉"", ""share"": 1.0, ""q"": 0.011, ""capture"": 0.011, ""miss_deg"": 0.6, ""labels"": [323]}]"
2026_08_16/000,e1,v7,,s02,68.59,69.54,0.95,1.423,球L,320,1.0,0.9,0.9,0.0,0.0,0.1,object#316,,1,1,,,,1,"[{""name"": ""球L"", ""share"": 1.0, ""q"": 0.9, ""capture"": 0.9, ""miss_deg"": 0.09, ""labels"": [320]}]"
2026_08_16/000,e1,v7,,s02,70.45,70.95,0.5,2.689,,-1,0.0,0.0,,,,1.0,floor,,0,0,5,球R,,0,[]
2026_08_16/000,e1,v7,,s02,74.33,74.83,0.5,1.626,,-1,0.0,0.0,,,,1.0,object#201,,0,0,,,,0,[]
2026_08_16/000,e1,v7,,s02,75.26,77.05,1.79,1.418,球L,320,1.0,0.625,0.625,0.0,0.0,0.375,object#316,,1,1,,,,1,"[{""name"": ""球L"", ""share"": 1.0, ""q"": 0.625, ""capture"": 0.625, ""miss_deg"": 0.19, ""labels"": [320]}]"
2026_08_16/000,e1,v7,,s02,77.16,78.55,1.4,1.418,球L,320,1.0,0.418,0.418,0.0,0.0,0.582,object#316,,1,1,6,球L,1,1,"[{""name"": ""球L"", ""share"": 1.0, ""q"": 0.418, ""capture"": 0.418, ""miss_deg"": 0.26, ""labels"": [320]}]"
2026_08_16/000,e1,v7,,s02,78.84,79.52,0.69,1.415,球L,320,1.0,0.631,0.631,0.0,0.0,0.369,object#316,,1,1,6,球L,1,1,"[{""name"": ""球L"", ""share"": 1.0, ""q"": 0.631, ""capture"": 0.631, ""miss_deg"": 0.19, ""labels"": [320]}]"
2026_08_16/000,e1,v7,,s02,79.58,79.85,0.27,1.492,香蕉,323,1.0,0.392,0.392,0.0,0.0,0.608,object#316,,1,1,6,球L,0,1,"[{""name"": ""香蕉"", ""share"": 1.0, ""q"": 0.392, ""capture"": 0.392, ""miss_deg"": 0.27, ""labels"": [323]}]"
2026_08_16/000,e1,v7,,s02,79.96,80.67,0.71,1.492,香蕉,323,1.0,0.896,0.896,0.0,0.0,0.104,object#316,,1,1,6,球L,0,1,"[{""name"": ""香蕉"", ""share"": 1.0, ""q"": 0.896, ""capture"": 0.896, ""miss_deg"": 0.09, ""labels"": [323]}]"
2026_08_16/000,e1,v7,,s02,80.73,81.25,0.52,1.436,球L,320,1.0,0.384,0.384,0.0,0.0,0.616,object#316,,1,1,,,,1,"[{""name"": ""球L"", ""share"": 1.0, ""q"": 0.384, ""capture"": 0.384, ""miss_deg"": 0.28, ""labels"": [320]}]"
2026_08_16/000,e1,v7,,s02,81.3,81.8,0.5,1.483,香蕉,323,1.0,1.0,1.0,0.0,0.0,0.0,,,1,1,,,,1,"[{""name"": ""香蕉"", ""share"": 1.0, ""q"": 1.0, ""capture"": 1.0, ""miss_deg"": 0.01, ""labels"": [323]}]"
2026_08_16/000,e1,v7,,s02,82.49,82.87,0.38,1.386,球M,321,1.0,1.0,1.0,0.0,0.0,0.0,,,1,1,,,,1,"[{""name"": ""球M"", ""share"": 1.0, ""q"": 1.0, ""capture"": 1.0, ""miss_deg"": 0.0, ""labels"": [321]}]"
2026_08_16/000,e1,v7,,s02,82.92,83.52,0.6,1.458,球M,321,1.0,0.001,0.001,0.0,0.0,0.999,object#10,,0,0,7,球M,1,1,"[{""name"": ""球M"", ""share"": 1.0, ""q"": 0.001, ""capture"": 0.001, ""miss_deg"": 0.73, ""labels"": [321]}]"
2026_08_16/000,e1,v7,,s02,83.58,84.54,0.96,1.431,球M,321,1.0,0.403,0.403,0.0,0.0,0.597,object#317,,1,1,7,球M,1,1,"[{""name"": ""球M"", ""share"": 1.0, ""q"": 0.403, ""capture"": 0.403, ""miss_deg"": 0.27, ""labels"": [321]}]"
2026_08_16/000,e1,v7,,s02,84.6,85.03,0.44,1.481,球M,321,1.0,0.148,0.148,0.0,0.0,0.852,object#317,,0,0,7,球M,1,1,"[{""name"": ""球M"", ""share"": 1.0, ""q"": 0.148, ""capture"": 0.148, ""miss_deg"": 0.39, ""labels"": [321]}]"
2026_08_16/000,e1,v7,,s02,85.09,85.81,0.72,1.422,球M,321,1.0,0.483,0.483,0.0,0.0,0.517,object#317,,1,1,7,球M,1,1,"[{""name"": ""球M"", ""share"": 1.0, ""q"": 0.483, ""capture"": 0.483, ""miss_deg"": 0.24, ""labels"": [321]}]"
2026_08_16/000,e1,v7,,s02,85.86,87.23,1.37,1.488,,-1,0.0,0.0,,,,1.0,object#10,,0,0,7,球M,,0,[]
2026_08_16/000,e1,v7,,s02,87.29,87.79,0.5,1.42,球M,321,1.0,0.703,0.703,0.0,0.0,0.297,object#17,,1,1,7,球M,1,1,"[{""name"": ""球M"", ""share"": 1.0, ""q"": 0.703, ""capture"": 0.703, ""miss_deg"": 0.17, ""labels"": [321]}]"
2026_08_16/000,e1,v7,,s02,87.84,88.28,0.44,1.472,球M,321,1.0,0.136,0.136,0.0,0.0,0.864,object#17,,0,0,7,球M,1,1,"[{""name"": ""球M"", ""share"": 1.0, ""q"": 0.136, ""capture"": 0.136, ""miss_deg"": 0.4, ""labels"": [321]}]"
2026_08_16/000,e1,v7,,s02,89.27,91.31,2.04,1.664,石榴,78,1.0,0.078,0.078,0.0,0.0,0.922,object#17,,0,0,,,,1,"[{""name"": ""石榴"", ""share"": 1.0, ""q"": 0.078, ""capture"": 0.078, ""miss_deg"": 0.45, ""labels"": [78]}]"
2026_08_16/000,e1,v7,,s02,91.43,94.96,3.53,1.652,石榴,78,1.0,0.002,0.002,0.0,0.0,0.998,object#17,,0,0,8,石榴,1,1,"[{""name"": ""石榴"", ""share"": 1.0, ""q"": 0.002, ""capture"": 0.002, ""miss_deg"": 0.7, ""labels"": [78]}]"
2026_08_16/000,e1,v7,,s02,95.48,96.04,0.56,1.494,香蕉,323,1.0,1.0,1.0,0.0,0.0,0.0,,,1,1,,,,1,"[{""name"": ""香蕉"", ""share"": 1.0, ""q"": 1.0, ""capture"": 1.0, ""miss_deg"": 0.01, ""labels"": [323]}]"
2026_08_16/000,e1,v7,,s02,96.09,96.77,0.68,1.574,香蕉,323,1.0,0.01,0.01,0.0,0.0,0.99,object#316,,0,0,,,,1,"[{""name"": ""香蕉"", ""share"": 1.0, ""q"": 0.01, ""capture"": 0.01, ""miss_deg"": 0.61, ""labels"": [323]}]"
2026_08_16/000,e1,v7,,s02,96.92,98.03,1.1,1.572,香蕉,323,1.0,0.082,0.082,0.0,0.0,0.918,object#316,,0,0,9,香蕉,1,1,"[{""name"": ""香蕉"", ""share"": 1.0, ""q"": 0.082, ""capture"": 0.082, ""miss_deg"": 0.45, ""labels"": [323]}]"
2026_08_16/000,e1,v7,,s02,98.42,99.43,1.01,1.597,香蕉,323,1.0,0.586,0.586,0.0,0.0,0.414,object#316,,1,1,9,香蕉,1,1,"[{""name"": ""香蕉"", ""share"": 1.0, ""q"": 0.586, ""capture"": 0.586, ""miss_deg"": 0.21, ""labels"": [323]}]"
2026_08_16/000,e1,v7,,s02,99.79,100.65,0.87,1.608,香蕉,323,1.0,0.707,0.707,0.0,0.0,0.293,object#316,,1,1,9,香蕉,1,1,"[{""name"": ""香蕉"", ""share"": 1.0, ""q"": 0.707, ""capture"": 0.707, ""miss_deg"": 0.17, ""labels"": [323]}]"
2026_08_16/000,e1,v7,,s02,101.26,101.76,0.5,1.649,,-1,0.0,0.0,,,,1.0,object#10,,0,0,9,香蕉,,0,[]
2026_08_16/000,e1,v7,,s02,102.44,105.28,2.83,1.453,球L,320,1.0,0.112,0.112,0.0,0.0,0.888,object#316,,0,0,,,,1,"[{""name"": ""球L"", ""share"": 1.0, ""q"": 0.112, ""capture"": 0.112, ""miss_deg"": 0.42, ""labels"": [320]}]"
2026_08_16/000,e1,v7,,s02,105.38,108.98,3.6,1.487,香蕉,323,1.0,0.003,0.003,0.0,0.0,0.997,object#316,,0,0,10,球L,0,1,"[{""name"": ""香蕉"", ""share"": 1.0, ""q"": 0.003, ""capture"": 0.003, ""miss_deg"": 0.69, ""labels"": [323]}]"
2026_08_16/000,e1,v7,,s02,109.36,111.89,2.53,1.65,,-1,0.0,0.0,,,,1.0,object#319,,0,0,,,,0,[]
2026_08_16/000,e1,v7,,s02,112.0,112.83,0.83,1.654,,-1,0.0,0.0,,,,1.0,object#319,,0,0,11,苹果,,0,[]
2026_08_16/000,e1,v7,,s02,113.15,114.45,1.3,1.663,,-1,0.0,0.0,,,,1.0,object#319,,0,0,11,苹果,,0,[]
2026_08_16/000,e1,v7,,s02,114.56,114.84,0.28,1.664,,-1,0.0,0.0,,,,1.0,object#319,,0,0,11,苹果,,0,[]
2026_08_16/000,e1,v7,,s02,114.94,116.34,1.4,1.666,,-1,0.0,0.0,,,,1.0,object#10,,0,0,11,苹果,,0,[]
2026_08_16/000,e1,v7,,s02,116.39,116.71,0.32,1.557,,-1,0.0,0.0,,,,1.0,object#17,,0,0,,,,0,[]
2026_08_16/000,e1,v7,,s02,127.5,127.78,0.27,1.096,,-1,0.0,0.0,,,,1.0,object#59,,0,0,,,,0,[]
2026_08_16/000,e1,v7,,s02,128.06,128.34,0.28,1.205,,-1,0.0,0.0,,,,1.0,object#67,,0,0,,,,0,[]
2026_08_16/001,e2,v7,stress,s02,8.06,8.71,0.65,2.539,,-1,0.0,0.0,,,,1.0,floor,,0,0,,,,0,[]
2026_08_16/001,e2,v7,stress,s02,8.88,9.2,0.32,2.76,,-1,0.0,0.0,,,,1.0,floor,,0,0,,,,0,[]
2026_08_16/001,e2,v7,stress,s02,9.25,9.69,0.43,3.059,,-1,0.0,0.0,,,,1.0,floor,,0,0,,,,0,[]
2026_08_16/001,e2,v7,stress,s02,10.59,10.86,0.27,2.847,,-1,0.0,0.0,,,,1.0,object#179,,0,0,,,,0,[]
2026_08_16/001,e2,v7,stress,s02,10.91,11.29,0.38,3.104,,-1,0.0,0.0,,,,1.0,object#140,,0,0,,,,0,[]
2026_08_16/001,e2,v7,stress,s02,11.4,11.94,0.54,3.057,,-1,0.0,0.0,,,,1.0,object#46,,0,0,,,,0,[]
2026_08_16/001,e2,v7,stress,s02,12.59,15.9,3.3,3.175,,-1,0.0,0.0,,,,1.0,object#10,,0,0,,,,0,[]
2026_08_16/001,e2,v7,stress,s02,16.18,18.34,2.17,3.164,,-1,0.0,0.0,,,,1.0,object#10,,0,0,1,球L,,0,[]
2026_08_16/001,e2,v7,stress,s02,18.72,19.1,0.38,3.171,,-1,0.0,0.0,,,,1.0,object#46,,0,0,1,球L,,0,[]
2026_08_16/001,e2,v7,stress,s02,19.64,20.4,0.76,3.193,,-1,0.0,0.0,,,,1.0,object#305,,0,0,,,,0,[]
2026_08_16/001,e2,v7,stress,s02,20.85,21.83,0.97,3.2,,-1,0.0,0.0,,,,1.0,object#130,,0,0,,,,0,[]
2026_08_16/001,e2,v7,stress,s02,21.88,22.48,0.6,3.21,,-1,0.0,0.0,,,,1.0,object#140,,0,0,,,,0,[]
2026_08_16/001,e2,v7,stress,s02,22.91,24.97,2.06,3.183,,-1,0.0,0.0,,,,1.0,object#130,,0,0,,,,0,[]
2026_08_16/001,e2,v7,stress,s02,25.14,26.0,0.87,3.189,,-1,0.0,0.0,,,,1.0,object#130,,0,0,,,,0,[]
2026_08_16/001,e2,v7,stress,s02,26.62,27.75,1.14,3.165,球L,320,1.0,0.009,0.009,0.0,0.0,0.991,object#316,,0,0,,,,1,"[{""name"": ""球L"", ""share"": 1.0, ""q"": 0.009, ""capture"": 0.009, ""miss_deg"": 0.61, ""labels"": [320]}]"
2026_08_16/001,e2,v7,stress,s02,27.92,28.57,0.65,3.268,球L,320,1.0,0.011,0.011,0.0,0.0,0.989,object#316,,0,0,,,,1,"[{""name"": ""球L"", ""share"": 1.0, ""q"": 0.011, ""capture"": 0.011, ""miss_deg"": 0.6, ""labels"": [320]}]"
2026_08_16/001,e2,v7,stress,s02,28.82,31.52,2.71,3.284,球L,320,1.0,0.011,0.011,0.0,0.0,0.989,object#316,,0,0,,,,1,"[{""name"": ""球L"", ""share"": 1.0, ""q"": 0.011, ""capture"": 0.011, ""miss_deg"": 0.6, ""labels"": [320]}]"
2026_08_16/001,e2,v7,stress,s02,31.58,31.85,0.27,3.283,,-1,0.0,0.0,,,,1.0,object#53,,0,0,,,,0,[]
2026_08_16/001,e2,v7,stress,s02,32.18,32.5,0.32,3.286,球L,320,1.0,0.011,0.011,0.0,0.0,0.989,object#316,,0,0,2,球R,0,1,"[{""name"": ""球L"", ""share"": 1.0, ""q"": 0.011, ""capture"": 0.011, ""miss_deg"": 0.6, ""labels"": [320]}]"
2026_08_16/001,e2,v7,stress,s02,32.56,33.64,1.08,3.305,,-1,0.0,0.0,,,,1.0,object#318,,0,0,2,球R,,0,[]
2026_08_16/001,e2,v7,stress,s02,33.8,34.24,0.43,3.327,,-1,0.0,0.0,,,,1.0,object#318,,0,0,2,球R,,0,[]
2026_08_16/001,e2,v7,stress,s02,34.47,37.77,3.3,3.316,,-1,0.0,0.0,,,,1.0,object#318,,0,0,2,球R,,0,[]
2026_08_16/001,e2,v7,stress,s02,38.0,38.71,0.7,3.326,,-1,0.0,0.0,,,,1.0,object#318,,0,0,2,球R,,0,[]
2026_08_16/001,e2,v7,stress,s02,38.98,39.9,0.92,3.31,,-1,0.0,0.0,,,,1.0,object#318,,0,0,2,球R,,0,[]
2026_08_16/001,e2,v7,stress,s02,40.15,40.42,0.27,3.515,,-1,0.0,0.0,,,,1.0,object#46,,0,0,,,,0,[]
2026_08_16/001,e2,v7,stress,s02,40.53,40.91,0.38,3.452,,-1,0.0,0.0,,,,1.0,object#135,,0,0,,,,0,[]
2026_08_16/001,e2,v7,stress,s02,43.74,45.42,1.68,3.61,,-1,0.0,0.0,,,,1.0,object#225,,0,0,5,球M,,0,[]
2026_08_16/001,e2,v7,stress,s02,46.8,49.4,2.6,3.275,球L,320,1.0,0.006,0.006,0.0,0.0,0.994,object#316,,0,0,,,,1,"[{""name"": ""球L"", ""share"": 1.0, ""q"": 0.006, ""capture"": 0.006, ""miss_deg"": 0.64, ""labels"": [320]}]"
2026_08_16/001,e2,v7,stress,s02,49.66,51.12,1.46,3.274,球L,320,1.0,0.002,0.002,0.0,0.0,0.998,object#316,,0,0,,,,1,"[{""name"": ""球L"", ""share"": 1.0, ""q"": 0.002, ""capture"": 0.002, ""miss_deg"": 0.69, ""labels"": [320]}]"
2026_08_16/001,e2,v7,stress,s02,51.44,53.07,1.62,3.277,,-1,0.0,0.0,,,,1.0,object#53,,0,0,,,,0,[]
2026_08_16/001,e2,v7,stress,s02,53.44,54.14,0.7,3.298,球L,320,1.0,0.003,0.003,0.0,0.0,0.997,object#316,,0,0,,,,1,"[{""name"": ""球L"", ""share"": 1.0, ""q"": 0.003, ""capture"": 0.003, ""miss_deg"": 0.67, ""labels"": [320]}]"
2026_08_16/001,e2,v7,stress,s02,54.2,56.53,2.33,3.274,球L,320,1.0,0.017,0.017,0.0,0.0,0.983,object#316,,0,0,,,,1,"[{""name"": ""球L"", ""share"": 1.0, ""q"": 0.017, ""capture"": 0.017, ""miss_deg"": 0.57, ""labels"": [320]}]"
2026_08_16/001,e2,v7,stress,s02,56.74,59.83,3.09,3.27,球L,320,1.0,0.094,0.094,0.0,0.0,0.906,object#316,,0,0,,,,1,"[{""name"": ""球L"", ""share"": 1.0, ""q"": 0.094, ""capture"": 0.094, ""miss_deg"": 0.43, ""labels"": [320]}]"
2026_08_16/001,e2,v7,stress,s02,60.49,62.76,2.27,3.338,,-1,0.0,0.0,,,,1.0,object#318,,0,0,10,球R,,0,[]
2026_08_16/001,e2,v7,stress,s02,62.99,66.51,3.52,3.328,,-1,0.0,0.0,,,,1.0,object#318,,0,0,10,球R,,0,[]
2026_08_16/001,e2,v7,stress,s02,67.2,69.42,2.22,3.275,,-1,0.0,0.0,,,,1.0,object#53,,0,0,11,球L,,0,[]
2026_08_16/001,e2,v7,stress,s02,69.64,71.37,1.73,3.283,,-1,0.0,0.0,,,,1.0,object#53,,0,0,11,球L,,0,[]
2026_08_16/001,e2,v7,stress,s02,71.61,73.88,2.27,3.287,球L,320,1.0,0.003,0.003,0.0,0.0,0.997,object#316,,0,0,11,球L,1,1,"[{""name"": ""球L"", ""share"": 1.0, ""q"": 0.003, ""capture"": 0.003, ""miss_deg"": 0.68, ""labels"": [320]}]"
2026_08_16/001,e2,v7,stress,s02,74.13,80.95,6.82,3.305,,-1,0.0,0.0,,,,1.0,object#130,,0,0,,,,0,[]
2026_08_16/001,e2,v7,stress,s02,81.41,81.68,0.27,3.522,,-1,0.0,0.0,,,,1.0,object#135,,0,0,,,,0,[]
2026_08_16/001,e2,v7,stress,s02,81.85,86.29,4.44,3.285,,-1,0.0,0.0,,,,1.0,object#53,,0,0,,,,0,[]
2026_08_16/001,e2,v7,stress,s02,86.34,87.86,1.52,3.295,,-1,0.0,0.0,,,,1.0,object#10,,0,0,,,,0,[]
2026_08_16/001,e2,v7,stress,s02,89.87,90.14,0.27,3.453,,-1,0.0,0.0,,,,1.0,object#46,,0,0,,,,0,[]
2026_08_16/001,e2,v7,stress,s02,90.47,90.74,0.27,4.61,,-1,0.0,0.0,,,,1.0,object#250,,0,0,,,,0,[]
2026_08_16/001,e2,v7,stress,s02,91.28,91.61,0.32,3.661,,-1,0.0,0.0,,,,1.0,object#225,,0,0,,,,0,[]
2026_08_16/001,e2,v7,stress,s02,93.23,93.5,0.27,3.709,,-1,0.0,0.0,,,,1.0,object#225,,0,0,12,球M,,0,[]
2026_08_16/001,e2,v7,stress,s02,93.93,94.91,0.97,3.438,,-1,0.0,0.0,,,,1.0,object#46,,0,0,12,球M,,0,[]
2026_08_16/001,e2,v7,stress,s02,95.12,95.56,0.43,4.571,,-1,0.0,0.0,,,,1.0,object#250,,0,0,12,球M,,0,[]
2026_08_16/001,e2,v7,stress,s02,96.63,96.9,0.27,4.012,,-1,0.0,0.0,,,,1.0,object#187,,0,0,,,,0,[]
2026_08_16/001,e2,v7,stress,s02,99.92,100.19,0.27,2.123,,-1,0.0,0.0,,,,1.0,floor,,0,0,,,,0,[]
2026_08_16/s1,s1,v7,,s02,10.44,10.71,0.27,2.258,,-1,0.0,0.0,,,,1.0,object#20,,0,0,,,,0,[]
2026_08_16/s1,s1,v7,,s02,10.77,11.26,0.49,2.178,,-1,0.0,0.0,,,,1.0,object#20,,0,0,,,,0,[]
2026_08_16/s1,s1,v7,,s02,11.55,12.74,1.19,2.526,,-1,0.0,0.0,,,,1.0,object#32,,0,0,,,,0,[]
2026_08_16/s1,s1,v7,,s02,13.86,14.24,0.38,1.613,,-1,0.0,0.0,,,,1.0,object#10,,0,0,,,,0,[]
2026_08_16/s1,s1,v7,,s02,14.51,15.0,0.49,1.756,,-1,0.0,0.0,,,,1.0,object#57,,0,0,,,,0,[]
2026_08_16/s1,s1,v7,,s02,16.01,19.69,3.68,1.615,球R,322,1.0,0.914,0.914,0.0,0.0,0.086,object#318,,1,1,1,球R,1,1,"[{""name"": ""球R"", ""share"": 1.0, ""q"": 0.914, ""capture"": 0.914, ""miss_deg"": 0.09, ""labels"": [322]}]"
2026_08_16/s1,s1,v7,,s02,19.96,20.23,0.27,1.603,球R,322,1.0,1.0,1.0,0.0,0.0,0.0,,,1,1,1,球R,1,1,"[{""name"": ""球R"", ""share"": 1.0, ""q"": 1.0, ""capture"": 1.0, ""miss_deg"": 0.01, ""labels"": [322]}]"
2026_08_16/s1,s1,v7,,s02,20.53,22.37,1.84,1.606,球R,322,1.0,1.0,1.0,0.0,0.0,0.0,,,1,1,1,球R,1,1,"[{""name"": ""球R"", ""share"": 1.0, ""q"": 1.0, ""capture"": 1.0, ""miss_deg"": 0.0, ""labels"": [322]}]"
2026_08_16/s1,s1,v7,,s02,22.76,29.26,6.5,1.53,球L,320,1.0,1.0,1.0,0.0,0.0,0.0,,,1,1,2,球L,1,1,"[{""name"": ""球L"", ""share"": 1.0, ""q"": 1.0, ""capture"": 1.0, ""miss_deg"": 0.01, ""labels"": [320]}]"
2026_08_16/s1,s1,v7,,s02,29.8,31.31,1.52,1.488,球M,321,1.0,0.999,0.999,0.0,0.0,0.001,,,1,1,,,,1,"[{""name"": ""球M"", ""share"": 1.0, ""q"": 0.999, ""capture"": 0.999, ""miss_deg"": 0.01, ""labels"": [321]}]"
2026_08_16/s1,s1,v7,,s02,31.58,32.4,0.81,1.485,球M,321,1.0,0.999,0.999,0.0,0.0,0.001,,,1,1,3,球M,1,1,"[{""name"": ""球M"", ""share"": 1.0, ""q"": 0.999, ""capture"": 0.999, ""miss_deg"": 0.01, ""labels"": [321]}]"
2026_08_16/s1,s1,v7,,s02,32.75,36.27,3.52,1.485,球M,321,1.0,1.0,1.0,0.0,0.0,0.0,,,1,1,3,球M,1,1,"[{""name"": ""球M"", ""share"": 1.0, ""q"": 1.0, ""capture"": 1.0, ""miss_deg"": 0.01, ""labels"": [321]}]"
2026_08_16/s1,s1,v7,,s02,36.45,36.94,0.49,1.526,球L,320,1.0,0.873,0.873,0.0,0.0,0.127,object#316,,1,1,,,,1,"[{""name"": ""球L"", ""share"": 1.0, ""q"": 0.873, ""capture"": 0.873, ""miss_deg"": 0.1, ""labels"": [320]}]"
2026_08_16/s1,s1,v7,,s02,37.0,38.3,1.3,1.514,球L,320,1.0,1.0,1.0,0.0,0.0,0.0,,,1,1,,,,1,"[{""name"": ""球L"", ""share"": 1.0, ""q"": 1.0, ""capture"": 1.0, ""miss_deg"": 0.01, ""labels"": [320]}]"
2026_08_16/s1,s1,v7,,s02,38.62,39.32,0.7,1.525,球L,320,1.0,0.999,0.999,0.0,0.0,0.001,object#316,,1,1,4,球L,1,1,"[{""name"": ""球L"", ""share"": 1.0, ""q"": 0.999, ""capture"": 0.999, ""miss_deg"": 0.01, ""labels"": [320]}]"
2026_08_16/s1,s1,v7,,s02,39.38,39.76,0.38,1.56,香蕉,323,1.0,0.015,0.015,0.0,0.0,0.985,object#316,,0,0,4,球L,0,1,"[{""name"": ""香蕉"", ""share"": 1.0, ""q"": 0.015, ""capture"": 0.015, ""miss_deg"": 0.58, ""labels"": [323]}]"
2026_08_16/s1,s1,v7,,s02,39.81,42.95,3.14,1.539,球L,320,1.0,1.0,1.0,0.0,0.0,0.0,,,1,1,4,球L,1,1,"[{""name"": ""球L"", ""share"": 1.0, ""q"": 1.0, ""capture"": 1.0, ""miss_deg"": 0.01, ""labels"": [320]}]"
2026_08_16/s1,s1,v7,,s02,43.84,49.85,6.01,1.498,球M,321,1.0,1.0,1.0,0.0,0.0,0.0,,,1,1,5,球M,1,1,"[{""name"": ""球M"", ""share"": 1.0, ""q"": 1.0, ""capture"": 1.0, ""miss_deg"": 0.01, ""labels"": [321]}]"
2026_08_16/s1,s1,v7,,s02,50.63,54.15,3.52,1.499,球M,321,1.0,1.0,1.0,0.0,0.0,0.0,,,1,1,6,球M,1,1,"[{""name"": ""球M"", ""share"": 1.0, ""q"": 1.0, ""capture"": 1.0, ""miss_deg"": 0.01, ""labels"": [321]}]"
2026_08_16/s1,s1,v7,,s02,54.2,54.69,0.49,1.566,球M,321,1.0,0.029,0.029,0.0,0.0,0.971,object#317,,0,0,6,球M,1,1,"[{""name"": ""球M"", ""share"": 1.0, ""q"": 0.029, ""capture"": 0.029, ""miss_deg"": 0.53, ""labels"": [321]}]"
2026_08_16/s1,s1,v7,,s02,54.75,55.4,0.65,1.485,球M,321,1.0,0.999,0.999,0.0,0.0,0.001,,,1,1,6,球M,1,1,"[{""name"": ""球M"", ""share"": 1.0, ""q"": 0.999, ""capture"": 0.999, ""miss_deg"": 0.01, ""labels"": [321]}]"
2026_08_16/s1,s1,v7,,s02,55.67,56.69,1.03,1.48,球M,321,1.0,1.0,1.0,0.0,0.0,0.0,,,1,1,6,球M,1,1,"[{""name"": ""球M"", ""share"": 1.0, ""q"": 1.0, ""capture"": 1.0, ""miss_deg"": 0.01, ""labels"": [321]}]"
2026_08_16/s1,s1,v7,,s02,56.99,60.95,3.95,1.587,球R,322,1.0,1.0,1.0,0.0,0.0,0.0,,,1,1,7,球R,1,1,"[{""name"": ""球R"", ""share"": 1.0, ""q"": 1.0, ""capture"": 1.0, ""miss_deg"": 0.01, ""labels"": [322]}]"
2026_08_16/s1,s1,v7,,s02,61.0,63.44,2.44,1.586,球R,322,1.0,0.999,0.999,0.0,0.0,0.001,,,1,1,7,球R,1,1,"[{""name"": ""球R"", ""share"": 1.0, ""q"": 0.999, ""capture"": 0.999, ""miss_deg"": 0.01, ""labels"": [322]}]"
2026_08_16/s1,s1,v7,,s02,63.94,64.86,0.92,1.57,球L,320,1.0,0.357,0.357,0.0,0.0,0.643,object#316,,1,1,,,,1,"[{""name"": ""球L"", ""share"": 1.0, ""q"": 0.357, ""capture"": 0.357, ""miss_deg"": 0.29, ""labels"": [320]}]"
2026_08_16/s1,s1,v7,,s02,65.19,68.98,3.79,1.558,球L,320,1.0,0.689,0.689,0.0,0.0,0.311,object#316,,1,1,8,球L,1,1,"[{""name"": ""球L"", ""share"": 1.0, ""q"": 0.689, ""capture"": 0.689, ""miss_deg"": 0.17, ""labels"": [320]}]"
2026_08_16/s1,s1,v7,,s02,69.2,70.61,1.41,1.553,球L,320,1.0,1.0,1.0,0.0,0.0,0.0,,,1,1,8,球L,1,1,"[{""name"": ""球L"", ""share"": 1.0, ""q"": 1.0, ""capture"": 1.0, ""miss_deg"": 0.01, ""labels"": [320]}]"
2026_08_16/s1,s1,v7,,s02,71.26,77.49,6.23,1.577,球L,320,1.0,0.526,0.526,0.0,0.0,0.474,object#316,,1,1,9,球L,1,1,"[{""name"": ""球L"", ""share"": 1.0, ""q"": 0.526, ""capture"": 0.526, ""miss_deg"": 0.23, ""labels"": [320]}]"
2026_08_16/s1,s1,v7,,s02,77.87,79.76,1.9,1.518,球M,321,1.0,0.906,0.906,0.0,0.0,0.094,object#317,,1,1,,,,1,"[{""name"": ""球M"", ""share"": 1.0, ""q"": 0.906, ""capture"": 0.906, ""miss_deg"": 0.09, ""labels"": [321]}]"
2026_08_16/s1,s1,v7,,s02,79.82,80.41,0.6,1.549,球M,321,1.0,0.249,0.249,0.0,0.0,0.751,object#317,,1,1,10,球M,1,1,"[{""name"": ""球M"", ""share"": 1.0, ""q"": 0.249, ""capture"": 0.249, ""miss_deg"": 0.33, ""labels"": [321]}]"
2026_08_16/s1,s1,v7,,s02,80.47,80.9,0.43,1.506,球M,321,1.0,1.0,1.0,0.0,0.0,0.0,,,1,1,10,球M,1,1,"[{""name"": ""球M"", ""share"": 1.0, ""q"": 1.0, ""capture"": 1.0, ""miss_deg"": 0.01, ""labels"": [321]}]"
2026_08_16/s1,s1,v7,,s02,81.19,81.79,0.6,1.519,球M,321,1.0,0.952,0.952,0.0,0.0,0.048,object#317,,1,1,10,球M,1,1,"[{""name"": ""球M"", ""share"": 1.0, ""q"": 0.952, ""capture"": 0.952, ""miss_deg"": 0.06, ""labels"": [321]}]"
2026_08_16/s1,s1,v7,,s02,81.84,82.11,0.27,1.573,,-1,0.0,0.0,,,,1.0,object#10,,0,0,10,球M,,0,[]
2026_08_16/s1,s1,v7,,s02,82.22,82.98,0.76,1.576,球M,321,1.0,0.016,0.016,0.0,0.0,0.984,object#17,,0,0,10,球M,1,1,"[{""name"": ""球M"", ""share"": 1.0, ""q"": 0.016, ""capture"": 0.016, ""miss_deg"": 0.58, ""labels"": [321]}]"
2026_08_16/s1,s1,v7,,s02,83.56,84.75,1.19,1.578,,-1,0.0,0.0,,,,1.0,object#17,,0,0,10,球M,,0,[]
2026_08_16/s1,s1,v7,,s02,85.1,87.38,2.28,1.615,球R,322,1.0,0.273,0.273,0.0,0.0,0.727,object#318,,1,1,,,,1,"[{""name"": ""球R"", ""share"": 1.0, ""q"": 0.273, ""capture"": 0.273, ""miss_deg"": 0.32, ""labels"": [322]}]"
2026_08_16/s1,s1,v7,,s02,87.65,91.55,3.9,1.596,球R,322,1.0,0.003,0.003,0.0,0.0,0.997,object#318,,0,0,11,球R,1,1,"[{""name"": ""球R"", ""share"": 1.0, ""q"": 0.003, ""capture"": 0.003, ""miss_deg"": 0.67, ""labels"": [322]}]"
2026_08_16/s1,s1,v7,,s02,92.03,97.66,5.63,1.51,球M,321,1.0,0.814,0.814,0.0,0.0,0.186,object#317,,1,1,12,球M,1,1,"[{""name"": ""球M"", ""share"": 1.0, ""q"": 0.814, ""capture"": 0.814, ""miss_deg"": 0.13, ""labels"": [321]}]"
2026_08_16/s1,s1,v7,,s02,97.82,98.96,1.14,1.49,球M,321,1.0,0.999,0.999,0.0,0.0,0.001,,,1,1,12,球M,1,1,"[{""name"": ""球M"", ""share"": 1.0, ""q"": 0.999, ""capture"": 0.999, ""miss_deg"": 0.01, ""labels"": [321]}]"
2026_08_16/s1,s1,v7,,s02,99.26,105.98,6.72,1.609,球R,322,1.0,1.0,1.0,0.0,0.0,0.0,object#318,,1,1,13,球R,1,1,"[{""name"": ""球R"", ""share"": 1.0, ""q"": 1.0, ""capture"": 1.0, ""miss_deg"": 0.01, ""labels"": [322]}]"
2026_08_16/s1,s1,v7,,s02,106.49,111.37,4.87,1.617,球R,322,1.0,0.946,0.946,0.0,0.0,0.054,object#318,,1,1,14,球R,1,1,"[{""name"": ""球R"", ""share"": 1.0, ""q"": 0.946, ""capture"": 0.946, ""miss_deg"": 0.07, ""labels"": [322]}]"
2026_08_16/s1,s1,v7,,s02,111.42,111.69,0.27,1.665,,-1,0.0,0.0,,,,1.0,object#17,,0,0,14,球R,,0,[]
2026_08_16/s1,s1,v7,,s02,111.75,113.21,1.46,1.615,球R,322,1.0,0.285,0.285,0.0,0.0,0.715,object#318,,1,1,14,球R,1,1,"[{""name"": ""球R"", ""share"": 1.0, ""q"": 0.285, ""capture"": 0.285, ""miss_deg"": 0.32, ""labels"": [322]}]"
2026_08_16/s1,s1,v7,,s02,113.26,113.53,0.27,1.585,,-1,0.0,0.0,,,,1.0,object#17,,0,0,,,,0,[]
2026_08_16/s1,s1,v7,,s02,113.59,120.3,6.72,1.587,球L,320,1.0,0.307,0.307,0.0,0.0,0.693,object#316,,1,1,15,球L,1,1,"[{""name"": ""球L"", ""share"": 1.0, ""q"": 0.307, ""capture"": 0.307, ""miss_deg"": 0.31, ""labels"": [320]}]"
2026_08_16/s1,s1,v7,,s02,124.38,124.7,0.32,1.534,,-1,0.0,0.0,,,,1.0,object#59,,0,0,,,,0,[]
2026_08_16/s2,s2,v7,,s02,3.36,3.63,0.27,2.088,,-1,0.0,0.0,,,,1.0,object#32,,0,0,,,,0,[]
2026_08_16/s2,s2,v7,,s02,7.12,7.39,0.27,2.554,球M,321,1.0,0.567,0.567,0.0,0.0,0.433,object#37,,1,1,,,,1,"[{""name"": ""球M"", ""share"": 1.0, ""q"": 0.567, ""capture"": 0.567, ""miss_deg"": 0.21, ""labels"": [321]}]"
2026_08_16/s2,s2,v7,,s02,8.74,9.12,0.38,3.22,,-1,0.0,0.0,,,,1.0,object#20,,0,0,,,,0,[]
2026_08_16/s2,s2,v7,,s02,9.55,9.82,0.27,3.271,,-1,0.0,0.0,,,,1.0,object#20,,0,0,,,,0,[]
2026_08_16/s2,s2,v7,,s02,9.88,10.53,0.65,3.2,,-1,0.0,0.0,,,,1.0,object#187,,0,0,,,,0,[]
2026_08_16/s2,s2,v7,,s02,12.96,14.15,1.19,3.417,,-1,0.0,0.0,,,,1.0,object#32,,0,0,,,,0,[]
2026_08_16/s2,s2,v7,,s02,14.48,15.02,0.54,2.431,球M,321,1.0,0.012,0.012,0.0,0.0,0.988,object#17,,0,0,,,,1,"[{""name"": ""球M"", ""share"": 1.0, ""q"": 0.012, ""capture"": 0.012, ""miss_deg"": 0.6, ""labels"": [321]}]"
2026_08_16/s2,s2,v7,,s02,15.4,15.73,0.32,2.405,香蕉,323,1.0,0.226,0.226,0.0,0.0,0.774,object#316,,1,1,,,,1,"[{""name"": ""香蕉"", ""share"": 1.0, ""q"": 0.226, ""capture"": 0.226, ""miss_deg"": 0.35, ""labels"": [323]}]"
2026_08_16/s2,s2,v7,,s02,15.78,16.05,0.27,2.427,香蕉,323,0.934,0.454,0.454,0.07,0.071,0.514,object#316,,1,1,,,,2,"[{""name"": ""香蕉"", ""share"": 0.934, ""q"": 0.454, ""capture"": 0.454, ""miss_deg"": 0.25, ""labels"": [323]}, {""name"": ""苹果"", ""share"": 0.066, ""q"": 0.032, ""capture"": 0.032, ""miss_deg"": 0.52, ""labels"": [300]}]"
2026_08_16/s2,s2,v7,,s02,16.38,16.81,0.43,2.449,球L,320,1.0,0.004,0.004,0.0,0.0,0.996,object#316,,0,0,,,,1,"[{""name"": ""球L"", ""share"": 1.0, ""q"": 0.004, ""capture"": 0.004, ""miss_deg"": 0.67, ""labels"": [320]}]"
2026_08_16/s2,s2,v7,,s02,17.54,20.24,2.7,2.349,球M,321,1.0,0.488,0.488,0.0,0.0,0.512,object#317,,1,1,,,,1,"[{""name"": ""球M"", ""share"": 1.0, ""q"": 0.488, ""capture"": 0.488, ""miss_deg"": 0.24, ""labels"": [321]}]"
2026_08_16/s2,s2,v7,,s02,20.3,23.92,3.63,2.351,球M,321,1.0,0.596,0.596,0.0,0.0,0.404,object#317,,1,1,1,球M,1,1,"[{""name"": ""球M"", ""share"": 1.0, ""q"": 0.596, ""capture"": 0.596, ""miss_deg"": 0.2, ""labels"": [321]}]"
2026_08_16/s2,s2,v7,,s02,24.23,28.02,3.79,2.483,球R,322,1.0,0.001,0.001,0.0,0.0,0.999,object#318,,0,0,2,球R,1,1,"[{""name"": ""球R"", ""share"": 1.0, ""q"": 0.001, ""capture"": 0.001, ""miss_deg"": 0.77, ""labels"": [322]}]"
2026_08_16/s2,s2,v7,,s02,28.07,30.51,2.44,2.483,,-1,0.0,0.0,,,,1.0,object#318,,0,0,2,球R,,0,[]
2026_08_16/s2,s2,v7,,s02,30.84,31.54,0.7,2.367,球M,321,1.0,0.213,0.213,0.0,0.0,0.787,object#317,,1,1,,,,1,"[{""name"": ""球M"", ""share"": 1.0, ""q"": 0.213, ""capture"": 0.213, ""miss_deg"": 0.35, ""labels"": [321]}]"
2026_08_16/s2,s2,v7,,s02,31.87,32.24,0.38,2.361,球M,321,1.0,0.995,0.995,0.0,0.0,0.005,object#317,,1,1,,,,1,"[{""name"": ""球M"", ""share"": 1.0, ""q"": 0.995, ""capture"": 0.995, ""miss_deg"": 0.02, ""labels"": [321]}]"
2026_08_16/s2,s2,v7,,s02,32.62,33.44,0.81,2.379,球M,321,1.0,0.718,0.718,0.0,0.0,0.282,object#317,,1,1,3,球M,1,1,"[{""name"": ""球M"", ""share"": 1.0, ""q"": 0.718, ""capture"": 0.718, ""miss_deg"": 0.16, ""labels"": [321]}]"
2026_08_16/s2,s2,v7,,s02,33.7,34.08,0.38,2.461,,-1,0.0,0.0,,,,1.0,object#37,,0,0,3,球M,,0,[]
2026_08_16/s2,s2,v7,,s02,34.41,35.11,0.7,2.452,球M,321,1.0,0.688,0.688,0.0,0.0,0.312,object#37,,1,1,3,球M,1,1,"[{""name"": ""球M"", ""share"": 1.0, ""q"": 0.688, ""capture"": 0.688, ""miss_deg"": 0.17, ""labels"": [321]}]"
2026_08_16/s2,s2,v7,,s02,35.22,35.65,0.43,2.465,球M,321,1.0,0.99,0.99,0.0,0.0,0.01,object#34,,1,1,3,球M,1,1,"[{""name"": ""球M"", ""share"": 1.0, ""q"": 0.99, ""capture"": 0.99, ""miss_deg"": 0.03, ""labels"": [321]}]"
2026_08_16/s2,s2,v7,,s02,35.71,37.66,1.95,2.359,球M,321,1.0,0.955,0.955,0.0,0.0,0.045,object#317,,1,1,3,球M,1,1,"[{""name"": ""球M"", ""share"": 1.0, ""q"": 0.955, ""capture"": 0.955, ""miss_deg"": 0.06, ""labels"": [321]}]"
2026_08_16/s2,s2,v7,,s02,37.96,42.29,4.33,2.488,球R,322,1.0,0.889,0.889,0.0,0.0,0.111,object#318,,1,1,4,球R,1,1,"[{""name"": ""球R"", ""share"": 1.0, ""q"": 0.889, ""capture"": 0.889, ""miss_deg"": 0.1, ""labels"": [322]}]"
2026_08_16/s2,s2,v7,,s02,42.45,43.86,1.41,2.495,球R,322,1.0,0.999,0.999,0.0,0.0,0.001,object#318,,1,1,4,球R,1,1,"[{""name"": ""球R"", ""share"": 1.0, ""q"": 0.999, ""capture"": 0.999, ""miss_deg"": 0.01, ""labels"": [322]}]"
2026_08_16/s2,s2,v7,,s02,44.92,49.25,4.33,2.426,球L,320,1.0,0.834,0.834,0.0,0.0,0.166,object#316,,1,1,5,球L,1,1,"[{""name"": ""球L"", ""share"": 1.0, ""q"": 0.834, ""capture"": 0.834, ""miss_deg"": 0.12, ""labels"": [320]}]"
2026_08_16/s2,s2,v7,,s02,49.31,49.79,0.49,2.433,香蕉,323,1.0,0.033,0.033,0.0,0.0,0.967,object#316,,0,0,5,球L,0,1,"[{""name"": ""香蕉"", ""share"": 1.0, ""q"": 0.033, ""capture"": 0.033, ""miss_deg"": 0.52, ""labels"": [323]}]"
2026_08_16/s2,s2,v7,,s02,49.85,51.31,1.46,2.428,球L,320,1.0,0.573,0.573,0.0,0.0,0.427,object#316,,1,1,5,球L,1,1,"[{""name"": ""球L"", ""share"": 1.0, ""q"": 0.573, ""capture"": 0.573, ""miss_deg"": 0.21, ""labels"": [320]}]"
2026_08_16/s2,s2,v7,,s02,51.88,57.08,5.2,2.471,球R,322,1.0,0.58,0.58,0.0,0.0,0.42,object#318,,1,1,6,球R,1,1,"[{""name"": ""球R"", ""share"": 1.0, ""q"": 0.58, ""capture"": 0.58, ""miss_deg"": 0.21, ""labels"": [322]}]"
2026_08_16/s2,s2,v7,,s02,57.41,58.22,0.81,2.444,球R,322,1.0,0.04,0.04,0.0,0.0,0.96,object#201,,0,0,6,球R,1,1,"[{""name"": ""球R"", ""share"": 1.0, ""q"": 0.04, ""capture"": 0.04, ""miss_deg"": 0.51, ""labels"": [322]}]"
2026_08_16/s2,s2,v7,,s02,58.5,59.15,0.65,2.361,球M,321,1.0,0.979,0.979,0.0,0.0,0.021,object#317,,1,1,,,,1,"[{""name"": ""球M"", ""share"": 1.0, ""q"": 0.979, ""capture"": 0.979, ""miss_deg"": 0.04, ""labels"": [321]}]"
2026_08_16/s2,s2,v7,,s02,59.21,60.45,1.25,2.465,球M,321,1.0,0.781,0.781,0.0,0.0,0.219,object#34,,1,1,,,,1,"[{""name"": ""球M"", ""share"": 1.0, ""q"": 0.781, ""capture"": 0.781, ""miss_deg"": 0.14, ""labels"": [321]}]"
2026_08_16/s2,s2,v7,,s02,60.83,61.81,0.97,2.346,球M,321,1.0,1.0,1.0,0.0,0.0,0.0,,,1,1,7,球M,1,1,"[{""name"": ""球M"", ""share"": 1.0, ""q"": 1.0, ""capture"": 1.0, ""miss_deg"": 0.01, ""labels"": [321]}]"
2026_08_16/s2,s2,v7,,s02,62.46,63.05,0.6,2.455,球M,321,1.0,0.548,0.548,0.0,0.0,0.452,object#37,,1,1,7,球M,1,1,"[{""name"": ""球M"", ""share"": 1.0, ""q"": 0.548, ""capture"": 0.548, ""miss_deg"": 0.22, ""labels"": [321]}]"
2026_08_16/s2,s2,v7,,s02,63.43,63.81,0.38,2.449,香蕉,323,1.0,0.968,0.968,0.0,0.0,0.032,object#10,,1,1,7,球M,0,1,"[{""name"": ""香蕉"", ""share"": 1.0, ""q"": 0.968, ""capture"": 0.968, ""miss_deg"": 0.05, ""labels"": [323]}]"
2026_08_16/s2,s2,v7,,s02,63.86,65.16,1.3,2.479,球M,321,1.0,0.001,0.001,0.0,0.0,0.999,object#37,,0,0,7,球M,1,1,"[{""name"": ""球M"", ""share"": 1.0, ""q"": 0.001, ""capture"": 0.001, ""miss_deg"": 0.73, ""labels"": [321]}]"
2026_08_16/s2,s2,v7,,s02,65.22,66.25,1.03,2.455,球L,320,1.0,0.935,0.935,0.0,0.0,0.065,object#316,,1,1,,,,1,"[{""name"": ""球L"", ""share"": 1.0, ""q"": 0.935, ""capture"": 0.935, ""miss_deg"": 0.07, ""labels"": [320]}]"
2026_08_16/s2,s2,v7,,s02,66.3,72.15,5.85,2.467,球L,320,1.0,0.994,0.994,0.0,0.0,0.006,object#316,,1,1,8,球L,1,1,"[{""name"": ""球L"", ""share"": 1.0, ""q"": 0.994, ""capture"": 0.994, ""miss_deg"": 0.02, ""labels"": [320]}]"
2026_08_16/s2,s2,v7,,s02,72.76,76.11,3.36,2.547,球R,322,1.0,0.521,0.521,0.0,0.0,0.479,object#318,,1,1,,,,1,"[{""name"": ""球R"", ""share"": 1.0, ""q"": 0.521, ""capture"": 0.521, ""miss_deg"": 0.23, ""labels"": [322]}]"
2026_08_16/s2,s2,v7,,s02,76.49,79.09,2.6,2.551,球R,322,1.0,0.313,0.313,0.0,0.0,0.687,object#318,,1,1,9,球R,1,1,"[{""name"": ""球R"", ""share"": 1.0, ""q"": 0.313, ""capture"": 0.313, ""miss_deg"": 0.3, ""labels"": [322]}]"
2026_08_16/s2,s2,v7,,s02,79.53,80.01,0.49,2.522,球R,322,1.0,0.074,0.074,0.0,0.0,0.926,object#318,,0,0,,,,1,"[{""name"": ""球R"", ""share"": 1.0, ""q"": 0.074, ""capture"": 0.074, ""miss_deg"": 0.46, ""labels"": [322]}]"
2026_08_16/s2,s2,v7,,s02,80.07,83.21,3.14,2.517,球R,322,1.0,1.0,1.0,0.0,0.0,0.0,,,1,1,10,球R,1,1,"[{""name"": ""球R"", ""share"": 1.0, ""q"": 1.0, ""capture"": 1.0, ""miss_deg"": 0.01, ""labels"": [322]}]"
2026_08_16/s2,s2,v7,,s02,83.42,84.07,0.65,2.52,,-1,0.0,0.0,,,,1.0,object#318,,0,0,10,球R,,0,[]
2026_08_16/s2,s2,v7,,s02,84.66,86.02,1.35,2.529,球R,322,1.0,0.976,0.976,0.0,0.0,0.024,object#318,,1,1,10,球R,1,1,"[{""name"": ""球R"", ""share"": 1.0, ""q"": 0.976, ""capture"": 0.976, ""miss_deg"": 0.04, ""labels"": [322]}]"
2026_08_16/s2,s2,v7,,s02,86.52,87.77,1.25,2.396,球M,321,1.0,0.995,0.995,0.0,0.0,0.005,object#317,,1,1,,,,1,"[{""name"": ""球M"", ""share"": 1.0, ""q"": 0.995, ""capture"": 0.995, ""miss_deg"": 0.02, ""labels"": [321]}]"
2026_08_16/s2,s2,v7,,s02,88.69,89.12,0.43,2.494,球M,321,1.0,0.998,0.998,0.0,0.0,0.002,object#17,,1,1,11,球M,1,1,"[{""name"": ""球M"", ""share"": 1.0, ""q"": 0.998, ""capture"": 0.998, ""miss_deg"": 0.01, ""labels"": [321]}]"
2026_08_16/s2,s2,v7,,s02,89.17,90.1,0.92,2.386,球M,321,1.0,0.999,0.999,0.0,0.0,0.001,,,1,1,11,球M,1,1,"[{""name"": ""球M"", ""share"": 1.0, ""q"": 0.999, ""capture"": 0.999, ""miss_deg"": 0.01, ""labels"": [321]}]"
2026_08_16/s2,s2,v7,,s02,90.15,90.64,0.49,2.507,,-1,0.0,0.0,,,,1.0,object#17,,0,0,11,球M,,0,[]
2026_08_16/s2,s2,v7,,s02,91.18,91.5,0.32,2.393,球M,321,1.0,0.847,0.847,0.0,0.0,0.153,object#317,,1,1,11,球M,1,1,"[{""name"": ""球M"", ""share"": 1.0, ""q"": 0.847, ""capture"": 0.847, ""miss_deg"": 0.12, ""labels"": [321]}]"
2026_08_16/s2,s2,v7,,s02,91.94,93.29,1.35,2.391,球M,321,1.0,0.996,0.996,0.0,0.0,0.004,object#317,,1,1,11,球M,1,1,"[{""name"": ""球M"", ""share"": 1.0, ""q"": 0.996, ""capture"": 0.996, ""miss_deg"": 0.02, ""labels"": [321]}]"
2026_08_16/s2,s2,v7,,s02,93.7,98.26,4.56,2.467,球L,320,1.0,0.807,0.807,0.0,0.0,0.193,object#316,,1,1,12,球L,1,1,"[{""name"": ""球L"", ""share"": 1.0, ""q"": 0.807, ""capture"": 0.807, ""miss_deg"": 0.13, ""labels"": [320]}]"
2026_08_16/s2,s2,v7,,s02,98.58,99.5,0.92,2.463,球L,320,1.0,0.574,0.574,0.0,0.0,0.426,object#316,,1,1,12,球L,1,1,"[{""name"": ""球L"", ""share"": 1.0, ""q"": 0.574, ""capture"": 0.574, ""miss_deg"": 0.21, ""labels"": [320]}]"
2026_08_16/s2,s2,v7,,s02,99.77,100.26,0.49,2.475,球L,320,1.0,0.692,0.692,0.0,0.0,0.308,object#316,,1,1,12,球L,1,1,"[{""name"": ""球L"", ""share"": 1.0, ""q"": 0.692, ""capture"": 0.692, ""miss_deg"": 0.17, ""labels"": [320]}]"
2026_08_16/s2,s2,v7,,s02,100.68,100.95,0.27,2.399,球M,321,1.0,0.8,0.8,0.0,0.0,0.2,object#317,,1,1,,,,1,"[{""name"": ""球M"", ""share"": 1.0, ""q"": 0.8, ""capture"": 0.8, ""miss_deg"": 0.13, ""labels"": [321]}]"
2026_08_16/s2,s2,v7,,s02,101.0,101.55,0.54,2.506,球M,321,1.0,0.873,0.873,0.0,0.0,0.127,object#317,,1,1,,,,1,"[{""name"": ""球M"", ""share"": 1.0, ""q"": 0.873, ""capture"": 0.873, ""miss_deg"": 0.1, ""labels"": [321]}]"
2026_08_16/s2,s2,v7,,s02,101.6,104.42,2.82,2.409,球M,321,1.0,1.0,1.0,0.0,0.0,0.0,,,1,1,,,,1,"[{""name"": ""球M"", ""share"": 1.0, ""q"": 1.0, ""capture"": 1.0, ""miss_deg"": 0.01, ""labels"": [321]}]"
2026_08_16/s2,s2,v7,,s02,104.69,105.12,0.43,2.412,球M,321,1.0,0.297,0.297,0.0,0.0,0.703,object#317,,1,1,13,球M,1,1,"[{""name"": ""球M"", ""share"": 1.0, ""q"": 0.297, ""capture"": 0.297, ""miss_deg"": 0.31, ""labels"": [321]}]"
2026_08_16/s2,s2,v7,,s02,105.23,106.96,1.73,2.378,球M,321,1.0,0.999,0.999,0.0,0.0,0.001,,,1,1,13,球M,1,1,"[{""name"": ""球M"", ""share"": 1.0, ""q"": 0.999, ""capture"": 0.999, ""miss_deg"": 0.01, ""labels"": [321]}]"
2026_08_16/s2,s2,v7,,s02,107.02,107.5,0.49,2.405,,-1,0.0,0.0,,,,1.0,object#10,,0,0,13,球M,,0,[]
2026_08_16/s2,s2,v7,,s02,107.84,108.33,0.49,2.47,球L,320,1.0,0.974,0.974,0.0,0.0,0.026,object#316,,1,1,,,,1,"[{""name"": ""球L"", ""share"": 1.0, ""q"": 0.974, ""capture"": 0.974, ""miss_deg"": 0.05, ""labels"": [320]}]"
2026_08_16/s2,s2,v7,,s02,108.38,109.25,0.87,2.442,香蕉,323,1.0,0.002,0.002,0.0,0.0,0.998,object#316,,0,0,,,,1,"[{""name"": ""香蕉"", ""share"": 1.0, ""q"": 0.002, ""capture"": 0.002, ""miss_deg"": 0.71, ""labels"": [323]}]"
2026_08_16/s2,s2,v7,,s02,109.57,113.26,3.68,2.47,球L,320,1.0,0.499,0.499,0.0,0.0,0.501,object#316,,1,1,14,球L,1,1,"[{""name"": ""球L"", ""share"": 1.0, ""q"": 0.499, ""capture"": 0.499, ""miss_deg"": 0.24, ""labels"": [320]}]"
2026_08_16/s2,s2,v7,,s02,113.31,113.74,0.43,2.463,,-1,0.0,0.0,,,,1.0,object#17,,0,0,14,球L,,0,[]
2026_08_16/s2,s2,v7,,s02,113.8,114.67,0.87,2.475,球L,320,1.0,0.928,0.928,0.0,0.0,0.072,object#316,,1,1,14,球L,1,1,"[{""name"": ""球L"", ""share"": 1.0, ""q"": 0.928, ""capture"": 0.928, ""miss_deg"": 0.08, ""labels"": [320]}]"
2026_08_16/s2,s2,v7,,s02,115.19,117.2,2.0,2.476,球L,320,1.0,1.0,1.0,0.0,0.0,0.0,,,1,1,,,,1,"[{""name"": ""球L"", ""share"": 1.0, ""q"": 1.0, ""capture"": 1.0, ""miss_deg"": 0.01, ""labels"": [320]}]"
2026_08_16/s2,s2,v7,,s02,117.47,118.72,1.25,2.457,球L,320,1.0,0.98,0.98,0.0,0.0,0.02,object#316,,1,1,15,球L,1,1,"[{""name"": ""球L"", ""share"": 1.0, ""q"": 0.98, ""capture"": 0.98, ""miss_deg"": 0.04, ""labels"": [320]}]"
2026_08_16/s2,s2,v7,,s02,118.99,120.29,1.3,2.483,球L,320,1.0,0.897,0.897,0.0,0.0,0.103,object#316,,1,1,15,球L,1,1,"[{""name"": ""球L"", ""share"": 1.0, ""q"": 0.897, ""capture"": 0.897, ""miss_deg"": 0.09, ""labels"": [320]}]"
2026_08_16/s2,s2,v7,,s02,120.39,120.88,0.49,2.366,,-1,0.0,0.0,,,,1.0,object#10,,0,0,15,球L,,0,[]
2026_08_16/s2,s2,v7,,s02,122.54,122.92,0.38,2.943,,-1,0.0,0.0,,,,1.0,floor,,0,0,,,,0,[]
2026_08_16/s2,s2,v7,,s02,123.48,123.75,0.27,2.473,,-1,0.0,0.0,,,,1.0,object#32,,0,0,,,,0,[]
2026_08_16/s2,s2,v7,,s02,124.34,124.62,0.27,1.785,,-1,0.0,0.0,,,,1.0,object#111,,0,0,,,,0,[]
2026_08_16/s2,s2,v7,,s02,125.22,125.49,0.27,1.516,,-1,0.0,0.0,,,,1.0,object#23,,0,0,,,,0,[]
2026_08_16/s3,s3,v7,,s02,1.77,2.04,0.27,0.687,,-1,0.0,0.0,,,,1.0,object#20,,0,0,,,,0,[]
2026_08_16/s3,s3,v7,,s02,4.36,4.74,0.38,1.794,,-1,0.0,0.0,,,,1.0,object#32,,0,0,,,,0,[]
2026_08_16/s3,s3,v7,,s02,11.27,12.57,1.3,4.017,,-1,0.0,0.0,,,,1.0,object#187,,0,0,,,,0,[]
2026_08_16/s3,s3,v7,,s02,12.63,14.74,2.11,4.068,,-1,0.0,0.0,,,,1.0,object#187,,0,0,,,,0,[]
2026_08_16/s3,s3,v7,,s02,15.9,16.23,0.32,4.333,,-1,0.0,0.0,,,,1.0,object#250,,0,0,,,,0,[]
2026_08_16/s3,s3,v7,,s02,17.31,18.39,1.08,3.243,球M,321,1.0,0.799,0.799,0.0,0.0,0.201,object#317,,1,1,,,,1,"[{""name"": ""球M"", ""share"": 1.0, ""q"": 0.799, ""capture"": 0.799, ""miss_deg"": 0.13, ""labels"": [321]}]"
2026_08_16/s3,s3,v7,,s02,20.07,20.67,0.6,3.372,,-1,0.0,0.0,,,,1.0,object#179,,0,0,1,球M,,0,[]
2026_08_16/s3,s3,v7,,s02,20.72,21.54,0.81,3.404,,-1,0.0,0.0,,,,1.0,object#179,,0,0,1,球M,,0,[]
2026_08_16/s3,s3,v7,,s02,21.59,22.4,0.81,3.504,,-1,0.0,0.0,,,,1.0,object#140,,0,0,1,球M,,0,[]
2026_08_16/s3,s3,v7,,s02,23.43,23.76,0.32,3.509,,-1,0.0,0.0,,,,1.0,object#140,,0,0,1,球M,,0,[]
2026_08_16/s3,s3,v7,,s02,24.26,27.79,3.52,3.351,,-1,0.0,0.0,,,,1.0,object#10,,0,0,2,球L,,0,[]
2026_08_16/s3,s3,v7,,s02,28.06,30.23,2.17,3.341,,-1,0.0,0.0,,,,1.0,object#10,,0,0,2,球L,,0,[]
2026_08_16/s3,s3,v7,,s02,31.27,31.54,0.27,3.348,球L,320,1.0,0.0,0.0,0.0,0.0,1.0,object#10,,0,0,,,,1,"[{""name"": ""球L"", ""share"": 1.0, ""q"": 0.0, ""capture"": 0.0, ""miss_deg"": 0.85, ""labels"": [320]}]"
2026_08_16/s3,s3,v7,,s02,31.6,33.11,1.52,3.352,,-1,0.0,0.0,,,,1.0,object#10,,0,0,,,,0,[]
2026_08_16/s3,s3,v7,,s02,33.17,37.18,4.01,3.345,,-1,0.0,0.0,,,,1.0,object#10,,0,0,3,球L,,0,[]
2026_08_16/s3,s3,v7,,s02,37.23,37.77,0.54,3.345,,-1,0.0,0.0,,,,1.0,object#53,,0,0,3,球L,,0,[]
2026_08_16/s3,s3,v7,,s02,38.15,38.58,0.43,3.638,,-1,0.0,0.0,,,,1.0,object#225,,0,0,,,,0,[]
2026_08_16/s3,s3,v7,,s02,40.31,40.64,0.32,3.369,球M,321,1.0,0.181,0.181,0.0,0.0,0.819,object#10,,0,0,4,球M,1,1,"[{""name"": ""球M"", ""share"": 1.0, ""q"": 0.181, ""capture"": 0.181, ""miss_deg"": 0.37, ""labels"": [321]}]"
2026_08_16/s3,s3,v7,,s02,42.48,43.56,1.08,3.376,球M,321,1.0,0.301,0.301,0.0,0.0,0.699,object#317,,1,1,4,球M,1,1,"[{""name"": ""球M"", ""share"": 1.0, ""q"": 0.301, ""capture"": 0.301, ""miss_deg"": 0.31, ""labels"": [321]}]"
2026_08_16/s3,s3,v7,,s02,43.72,43.99,0.27,4.436,,-1,0.0,0.0,,,,1.0,object#250,,0,0,4,球M,,0,[]
2026_08_16/s3,s3,v7,,s02,44.1,44.59,0.49,4.489,,-1,0.0,0.0,,,,1.0,object#250,,0,0,4,球M,,0,[]
2026_08_16/s3,s3,v7,,s02,45.15,51.49,6.34,3.399,,-1,0.0,0.0,,,,1.0,object#173,,0,0,5,球R,,0,[]
2026_08_16/s3,s3,v7,,s02,52.01,58.46,6.45,3.387,,-1,0.0,0.0,,,,1.0,object#318,,0,0,6,球R,,0,[]
2026_08_16/s3,s3,v7,,s02,59.13,62.0,2.87,3.336,球L,320,1.0,0.008,0.008,0.0,0.0,0.992,object#316,,0,0,,,,1,"[{""name"": ""球L"", ""share"": 1.0, ""q"": 0.008, ""capture"": 0.008, ""miss_deg"": 0.62, ""labels"": [320]}]"
2026_08_16/s3,s3,v7,,s02,62.28,63.63,1.35,3.35,球L,320,1.0,0.005,0.005,0.0,0.0,0.995,object#10,,0,0,7,球L,1,1,"[{""name"": ""球L"", ""share"": 1.0, ""q"": 0.005, ""capture"": 0.005, ""miss_deg"": 0.65, ""labels"": [320]}]"
2026_08_16/s3,s3,v7,,s02,63.68,64.01,0.32,3.343,,-1,0.0,0.0,,,,1.0,object#10,,0,0,7,球L,,0,[]
2026_08_16/s3,s3,v7,,s02,64.06,64.6,0.54,3.343,球L,320,1.0,0.002,0.002,0.0,0.0,0.998,object#316,,0,0,7,球L,1,1,"[{""name"": ""球L"", ""share"": 1.0, ""q"": 0.002, ""capture"": 0.002, ""miss_deg"": 0.72, ""labels"": [320]}]"
2026_08_16/s3,s3,v7,,s02,64.82,65.47,0.65,3.337,球L,320,1.0,0.046,0.046,0.0,0.0,0.954,object#316,,0,0,7,球L,1,1,"[{""name"": ""球L"", ""share"": 1.0, ""q"": 0.046, ""capture"": 0.046, ""miss_deg"": 0.5, ""labels"": [320]}]"
2026_08_16/s3,s3,v7,,s02,65.68,66.06,0.38,3.36,球L,320,1.0,0.008,0.008,0.0,0.0,0.992,object#10,,0,0,,,,1,"[{""name"": ""球L"", ""share"": 1.0, ""q"": 0.008, ""capture"": 0.008, ""miss_deg"": 0.62, ""labels"": [320]}]"
2026_08_16/s3,s3,v7,,s02,66.29,72.25,5.96,3.345,,-1,0.0,0.0,,,,1.0,object#10,,0,0,8,球L,,0,[]
2026_08_16/s3,s3,v7,,s02,72.59,76.22,3.63,3.395,球M,321,1.0,0.934,0.934,0.0,0.0,0.066,object#317,,1,1,9,球M,1,1,"[{""name"": ""球M"", ""share"": 1.0, ""q"": 0.934, ""capture"": 0.934, ""miss_deg"": 0.07, ""labels"": [321]}]"
2026_08_16/s3,s3,v7,,s02,76.27,78.55,2.27,3.402,球M,321,1.0,0.932,0.932,0.0,0.0,0.068,object#317,,1,1,9,球M,1,1,"[{""name"": ""球M"", ""share"": 1.0, ""q"": 0.932, ""capture"": 0.932, ""miss_deg"": 0.08, ""labels"": [321]}]"
2026_08_16/s3,s3,v7,,s02,78.77,79.25,0.49,3.404,球M,321,1.0,0.453,0.453,0.0,0.0,0.547,object#317,,1,1,9,球M,1,1,"[{""name"": ""球M"", ""share"": 1.0, ""q"": 0.453, ""capture"": 0.453, ""miss_deg"": 0.25, ""labels"": [321]}]"
2026_08_16/s3,s3,v7,,s02,79.6,82.91,3.3,3.375,,-1,0.0,0.0,,,,1.0,object#10,,0,0,,,,0,[]
2026_08_16/s3,s3,v7,,s02,82.96,83.94,0.97,3.404,,-1,0.0,0.0,,,,1.0,object#10,,0,0,10,球R,,0,[]
2026_08_16/s3,s3,v7,,s02,83.99,84.91,0.92,3.398,球R,322,1.0,0.053,0.053,0.0,0.0,0.947,object#318,,0,0,10,球R,1,1,"[{""name"": ""球R"", ""share"": 1.0, ""q"": 0.053, ""capture"": 0.053, ""miss_deg"": 0.49, ""labels"": [322]}]"
2026_08_16/s3,s3,v7,,s02,85.52,86.0,0.49,3.326,香蕉,323,1.0,0.024,0.024,0.0,0.0,0.976,object#316,,0,0,10,球R,0,1,"[{""name"": ""香蕉"", ""share"": 1.0, ""q"": 0.024, ""capture"": 0.024, ""miss_deg"": 0.55, ""labels"": [323]}]"
2026_08_16/s3,s3,v7,,s02,86.06,86.65,0.6,3.398,球M,321,1.0,0.035,0.035,0.0,0.0,0.965,object#317,,0,0,,,,1,"[{""name"": ""球M"", ""share"": 1.0, ""q"": 0.035, ""capture"": 0.035, ""miss_deg"": 0.52, ""labels"": [321]}]"
2026_08_16/s3,s3,v7,,s02,86.71,88.06,1.35,3.356,球L,320,1.0,0.051,0.051,0.0,0.0,0.949,object#316,,0,0,,,,1,"[{""name"": ""球L"", ""share"": 1.0, ""q"": 0.051, ""capture"": 0.051, ""miss_deg"": 0.49, ""labels"": [320]}]"
2026_08_16/s3,s3,v7,,s02,88.12,91.85,3.74,3.359,球L,320,1.0,0.015,0.015,0.0,0.0,0.985,object#316,,0,0,11,球L,1,1,"[{""name"": ""球L"", ""share"": 1.0, ""q"": 0.015, ""capture"": 0.015, ""miss_deg"": 0.58, ""labels"": [320]}]"
2026_08_16/s3,s3,v7,,s02,92.12,93.42,1.3,3.341,球L,320,1.0,0.006,0.006,0.0,0.0,0.994,object#316,,0,0,11,球L,1,1,"[{""name"": ""球L"", ""share"": 1.0, ""q"": 0.006, ""capture"": 0.006, ""miss_deg"": 0.64, ""labels"": [320]}]"
2026_08_16/s3,s3,v7,,s02,94.37,96.1,1.73,3.392,球M,321,1.0,0.915,0.915,0.0,0.0,0.085,object#317,,1,1,,,,1,"[{""name"": ""球M"", ""share"": 1.0, ""q"": 0.915, ""capture"": 0.915, ""miss_deg"": 0.08, ""labels"": [321]}]"
2026_08_16/s3,s3,v7,,s02,96.37,97.24,0.87,4.456,,-1,0.0,0.0,,,,1.0,object#250,,0,0,12,球M,,0,[]
2026_08_16/s3,s3,v7,,s02,97.72,98.81,1.08,3.535,,-1,0.0,0.0,,,,1.0,object#140,,0,0,12,球M,,0,[]
2026_08_16/s3,s3,v7,,s02,100.9,106.7,5.8,3.386,,-1,0.0,0.0,,,,1.0,object#173,,0,0,13,球R,,0,[]
2026_08_16/s3,s3,v7,,s02,108.35,108.9,0.54,3.379,球M,321,1.0,0.011,0.011,0.0,0.0,0.989,object#10,,0,0,,,,1,"[{""name"": ""球M"", ""share"": 1.0, ""q"": 0.011, ""capture"": 0.011, ""miss_deg"": 0.6, ""labels"": [321]}]"
2026_08_16/s3,s3,v7,,s02,109.92,110.63,0.7,3.5,,-1,0.0,0.0,,,,1.0,object#140,,0,0,14,球M,,0,[]
2026_08_16/s3,s3,v7,,s02,113.44,113.77,0.32,3.349,球L,320,1.0,0.004,0.004,0.0,0.0,0.996,object#316,,0,0,14,球M,0,1,"[{""name"": ""球L"", ""share"": 1.0, ""q"": 0.004, ""capture"": 0.004, ""miss_deg"": 0.67, ""labels"": [320]}]"
2026_08_16/s3,s3,v7,,s02,114.04,115.07,1.03,3.388,球M,321,1.0,0.705,0.705,0.0,0.0,0.295,object#317,,1,1,14,球M,1,1,"[{""name"": ""球M"", ""share"": 1.0, ""q"": 0.705, ""capture"": 0.705, ""miss_deg"": 0.17, ""labels"": [321]}]"
2026_08_16/s3,s3,v7,,s02,115.32,122.42,7.1,3.378,,-1,0.0,0.0,,,,1.0,object#318,,0,0,15,球R,,0,[]
2026_08_16/s3,s3,v7,,s02,123.58,123.85,0.27,3.808,,-1,0.0,0.0,,,,1.0,object#187,,0,0,,,,0,[]
2026_08_16/s3,s3,v7,,s02,125.95,126.27,0.32,2.201,,-1,0.0,0.0,,,,1.0,object#59,,0,0,,,,0,[]
2026_08_16/s3,s3,v7,,s02,126.38,126.76,0.38,2.119,,-1,0.0,0.0,,,,1.0,object#25,,0,0,,,,0,[]
2026_08_16/s4,s4,v8,,s02,13.61,14.42,0.81,4.797,,-1,0.0,0.0,,,,1.0,object#11,,0,0,,,,0,[]
2026_08_16/s4,s4,v8,,s02,15.45,16.1,0.65,3.851,,-1,0.0,0.0,,,,1.0,object#17,,0,0,,,,0,[]
2026_08_16/s4,s4,v8,,s02,19.91,22.57,2.65,3.805,,-1,0.0,0.0,,,,1.0,object#30,,0,0,1,球L,,0,[]
2026_08_16/s4,s4,v8,,s02,22.62,24.68,2.06,3.852,,-1,0.0,0.0,,,,1.0,object#50,,0,0,2,球L,,0,[]
2026_08_16/s4,s4,v8,,s02,24.84,28.91,4.06,3.802,,-1,0.0,0.0,,,,1.0,object#30,,0,0,2,球L,,0,[]
2026_08_16/s4,s4,v8,,s02,29.15,29.7,0.54,3.88,,-1,0.0,0.0,,,,1.0,object#30,,0,0,,,,0,[]
2026_08_16/s4,s4,v8,,s02,29.75,30.35,0.6,3.786,球L,191,1.0,0.014,0.014,0.0,0.0,0.986,object#36,,0,0,3,球M,0,1,"[{""name"": ""球L"", ""share"": 1.0, ""q"": 0.014, ""capture"": 0.014, ""miss_deg"": 0.58, ""labels"": [191]}]"
2026_08_16/s4,s4,v8,,s02,30.62,31.05,0.43,3.792,,-1,0.0,0.0,,,,1.0,object#36,,0,0,3,球M,,0,[]
2026_08_16/s4,s4,v8,,s02,32.16,32.43,0.27,3.836,,-1,0.0,0.0,,,,1.0,object#27,,0,0,3,球M,,0,[]
2026_08_16/s4,s4,v8,,s02,36.98,37.69,0.7,4.02,,-1,0.0,0.0,,,,1.0,object#27,,0,0,4,球R,,0,[]
2026_08_16/s4,s4,v8,,s02,37.9,38.55,0.65,4.013,,-1,0.0,0.0,,,,1.0,object#85,,0,0,4,球R,,0,[]
2026_08_16/s4,s4,v8,,s02,38.94,39.86,0.92,3.799,,-1,0.0,0.0,,,,1.0,object#17,,0,0,4,球R,,0,[]
2026_08_16/s4,s4,v8,,s02,40.15,41.56,1.41,3.889,,-1,0.0,0.0,,,,1.0,object#17,,0,0,4,球R,,0,[]
2026_08_16/s4,s4,v8,,s02,41.61,46.81,5.2,3.815,,-1,0.0,0.0,,,,1.0,object#17,,0,0,5,球R,,0,[]
2026_08_16/s4,s4,v8,,s02,47.1,47.47,0.38,3.827,,-1,0.0,0.0,,,,1.0,object#17,,0,0,5,球R,,0,[]
2026_08_16/s4,s4,v8,,s02,47.53,48.67,1.14,3.874,,-1,0.0,0.0,,,,1.0,object#17,,0,0,5,球R,,0,[]
2026_08_16/s4,s4,v8,,s02,48.72,49.64,0.92,3.849,,-1,0.0,0.0,,,,1.0,object#17,,0,0,,,,0,[]
2026_08_16/s4,s4,v8,,s02,50.89,51.48,0.6,3.924,,-1,0.0,0.0,,,,1.0,object#159,,0,0,6,球M,,0,[]
2026_08_16/s4,s4,v8,,s02,53.3,53.57,0.27,3.83,,-1,0.0,0.0,,,,1.0,object#17,,0,0,6,球M,,0,[]
2026_08_16/s4,s4,v8,,s02,55.69,55.96,0.27,3.868,,-1,0.0,0.0,,,,1.0,object#85,,0,0,6,球M,,0,[]
2026_08_16/s4,s4,v8,,s02,58.61,58.88,0.27,3.834,,-1,0.0,0.0,,,,1.0,object#70,,0,0,7,球M,,0,[]
2026_08_16/s4,s4,v8,,s02,60.41,61.06,0.65,3.939,球M,192,1.0,0.012,0.012,0.0,0.0,0.988,object#17,,0,0,7,球M,1,1,"[{""name"": ""球M"", ""share"": 1.0, ""q"": 0.012, ""capture"": 0.012, ""miss_deg"": 0.6, ""labels"": [192]}]"
2026_08_16/s4,s4,v8,,s02,62.52,62.79,0.27,4.063,,-1,0.0,0.0,,,,1.0,object#27,,0,0,7,球M,,0,[]
2026_08_16/s4,s4,v8,,s02,65.97,66.57,0.6,3.843,,-1,0.0,0.0,,,,1.0,object#17,,0,0,,,,0,[]
2026_08_16/s4,s4,v8,,s02,66.62,66.89,0.27,3.915,,-1,0.0,0.0,,,,1.0,object#17,,0,0,,,,0,[]
2026_08_16/s4,s4,v8,,s02,67.17,67.82,0.65,3.863,球M,192,1.0,0.031,0.031,0.0,0.0,0.969,object#17,,0,0,,,,1,"[{""name"": ""球M"", ""share"": 1.0, ""q"": 0.031, ""capture"": 0.031, ""miss_deg"": 0.53, ""labels"": [192]}]"
2026_08_16/s4,s4,v8,,s02,68.68,69.06,0.38,3.916,,-1,0.0,0.0,,,,1.0,object#159,,0,0,,,,0,[]
2026_08_16/s4,s4,v8,,s02,69.17,69.55,0.38,3.872,,-1,0.0,0.0,,,,1.0,object#162,,0,0,,,,0,[]
2026_08_16/s4,s4,v8,,s02,72.68,73.09,0.41,3.827,球M,192,1.0,0.192,0.192,0.0,0.0,0.808,object#17,,0,0,8,球L,0,1,"[{""name"": ""球M"", ""share"": 1.0, ""q"": 0.192, ""capture"": 0.192, ""miss_deg"": 0.36, ""labels"": [192]}]"
2026_08_16/s4,s4,v8,,s02,75.47,76.52,1.05,3.784,,-1,0.0,0.0,,,,1.0,object#36,,0,0,8,球L,,0,[]
2026_08_16/s4,s4,v8,,s02,76.63,77.62,0.99,3.793,球L,191,1.0,0.36,0.36,0.0,0.0,0.64,object#36,,1,1,8,球L,1,1,"[{""name"": ""球L"", ""share"": 1.0, ""q"": 0.36, ""capture"": 0.36, ""miss_deg"": 0.29, ""labels"": [191]}]"
2026_08_16/s4,s4,v8,,s02,78.1,78.86,0.76,3.781,球L,191,1.0,0.002,0.002,0.0,0.0,0.998,object#36,,0,0,,,,1,"[{""name"": ""球L"", ""share"": 1.0, ""q"": 0.002, ""capture"": 0.002, ""miss_deg"": 0.69, ""labels"": [191]}]"
2026_08_16/s4,s4,v8,,s02,79.64,80.11,0.47,3.772,,-1,0.0,0.0,,,,1.0,object#50,,0,0,9,球R,,0,[]
2026_08_16/s4,s4,v8,,s02,80.32,81.26,0.94,3.78,,-1,0.0,0.0,,,,1.0,object#50,,0,0,9,球R,,0,[]
2026_08_16/s4,s4,v8,,s02,82.19,84.34,2.16,3.842,,-1,0.0,0.0,,,,1.0,object#17,,0,0,9,球R,,0,[]
2026_08_16/s4,s4,v8,,s02,84.45,84.74,0.29,3.81,,-1,0.0,0.0,,,,1.0,object#17,,0,0,9,球R,,0,[]
2026_08_16/s4,s4,v8,,s02,85.05,85.58,0.52,3.801,,-1,0.0,0.0,,,,1.0,object#17,,0,0,,,,0,[]
2026_08_16/s4,s4,v8,,s02,86.15,86.85,0.7,3.823,,-1,0.0,0.0,,,,1.0,object#17,,0,0,,,,0,[]
2026_08_16/s4,s4,v8,,s02,86.97,87.49,0.52,3.805,,-1,0.0,0.0,,,,1.0,object#17,,0,0,10,球M,,0,[]
2026_08_16/s4,s4,v8,,s02,87.74,88.09,0.35,3.816,,-1,0.0,0.0,,,,1.0,object#17,,0,0,10,球M,,0,[]
2026_08_16/s4,s4,v8,,s02,88.2,88.55,0.35,3.794,球R,193,1.0,0.001,0.001,0.0,0.0,0.999,object#136,,0,0,10,球M,0,1,"[{""name"": ""球R"", ""share"": 1.0, ""q"": 0.001, ""capture"": 0.001, ""miss_deg"": 0.75, ""labels"": [193]}]"
2026_08_16/s4,s4,v8,,s02,95.13,95.51,0.39,3.801,球M,192,1.0,0.001,0.001,0.0,0.0,0.999,object#10,,0,0,11,球R,0,1,"[{""name"": ""球M"", ""share"": 1.0, ""q"": 0.001, ""capture"": 0.001, ""miss_deg"": 0.72, ""labels"": [192]}]"
2026_08_16/s4,s4,v8,,s02,95.9,97.47,1.57,3.833,,-1,0.0,0.0,,,,1.0,object#162,,0,0,11,球R,,0,[]
2026_08_16/s4,s4,v8,,s02,97.71,102.7,4.98,3.796,,-1,0.0,0.0,,,,1.0,object#140,,0,0,11,球R,,0,[]
2026_08_16/s4,s4,v8,,s02,103.11,106.74,3.63,3.913,,-1,0.0,0.0,,,,1.0,object#17,,0,0,12,球R,,0,[]
2026_08_16/s4,s4,v8,,s02,106.8,107.17,0.38,3.807,,-1,0.0,0.0,,,,1.0,object#162,,0,0,,,,0,[]
2026_08_16/s4,s4,v8,,s02,107.23,109.72,2.49,3.819,,-1,0.0,0.0,,,,1.0,object#17,,0,0,,,,0,[]
2026_08_16/s4,s4,v8,,s02,110.28,112.5,2.22,3.812,球M,192,1.0,0.016,0.016,0.0,0.0,0.984,object#17,,0,0,13,球M,1,1,"[{""name"": ""球M"", ""share"": 1.0, ""q"": 0.016, ""capture"": 0.016, ""miss_deg"": 0.58, ""labels"": [192]}]"
2026_08_16/s4,s4,v8,,s02,113.05,115.11,2.06,3.818,球M,192,1.0,0.026,0.026,0.0,0.0,0.974,object#17,,0,0,,,,1,"[{""name"": ""球M"", ""share"": 1.0, ""q"": 0.026, ""capture"": 0.026, ""miss_deg"": 0.54, ""labels"": [192]}]"
2026_08_16/s4,s4,v8,,s02,117.45,121.02,3.57,3.775,球L,191,1.0,0.009,0.009,0.0,0.0,0.991,object#36,,0,0,14,球L,1,1,"[{""name"": ""球L"", ""share"": 1.0, ""q"": 0.009, ""capture"": 0.009, ""miss_deg"": 0.62, ""labels"": [191]}]"
2026_08_16/s4,s4,v8,,s02,121.08,121.89,0.81,3.79,,-1,0.0,0.0,,,,1.0,object#50,,0,0,,,,0,[]
2026_08_16/s4,s4,v8,,s02,122.73,123.11,0.38,3.778,,-1,0.0,0.0,,,,1.0,object#36,,0,0,15,球L,,0,[]
2026_08_16/s4,s4,v8,,s02,123.44,124.14,0.7,3.745,球L,191,1.0,0.083,0.083,0.0,0.0,0.917,object#36,,0,0,15,球L,1,1,"[{""name"": ""球L"", ""share"": 1.0, ""q"": 0.083, ""capture"": 0.083, ""miss_deg"": 0.45, ""labels"": [191]}]"
2026_08_16/s4,s4,v8,,s02,124.62,128.68,4.06,3.767,,-1,0.0,0.0,,,,1.0,object#36,,0,0,15,球L,,0,[]
2026_08_16/s4,s4,v8,,s02,128.73,129.0,0.27,3.794,,-1,0.0,0.0,,,,1.0,object#50,,0,0,,,,0,[]
2026_08_16/s4,s4,v8,,s02,129.06,131.55,2.49,3.77,,-1,0.0,0.0,,,,1.0,object#50,,0,0,,,,0,[]
2026_08_16/s6,s6,v8,,s02,10.95,11.22,0.27,3.796,,-1,0.0,0.0,,,,1.0,object#17,,0,0,,,,0,[]
2026_08_16/s6,s6,v8,,s02,13.6,13.98,0.38,4.308,,-1,0.0,0.0,,,,1.0,object#17,,0,0,,,,0,[]
2026_08_16/s6,s6,v8,,s02,14.04,14.42,0.38,4.35,,-1,0.0,0.0,,,,1.0,object#17,,0,0,,,,0,[]
2026_08_16/s6,s6,v8,,s02,14.63,15.01,0.38,4.398,,-1,0.0,0.0,,,,1.0,object#17,,0,0,,,,0,[]
2026_08_16/s6,s6,v8,,s02,15.06,15.44,0.38,4.498,,-1,0.0,0.0,,,,1.0,object#17,,0,0,,,,0,[]
2026_08_16/s6,s6,v8,,s02,15.5,15.77,0.27,4.516,,-1,0.0,0.0,,,,1.0,object#17,,0,0,,,,0,[]
2026_08_16/s6,s6,v8,,s02,16.58,17.55,0.97,4.498,球M,192,1.0,0.169,0.17,0.0,0.0,0.831,object#162,,0,0,,,,1,"[{""name"": ""球M"", ""share"": 1.0, ""q"": 0.169, ""capture"": 0.17, ""miss_deg"": 0.38, ""labels"": [192]}]"
2026_08_16/s6,s6,v8,,s02,17.79,18.06,0.27,4.449,,-1,0.0,0.0,,,,1.0,object#17,,0,0,,,,0,[]
2026_08_16/s6,s6,v8,,s02,18.11,18.71,0.6,4.441,球M,192,1.0,0.281,0.281,0.0,0.0,0.719,object#162,,1,1,,,,1,"[{""name"": ""球M"", ""share"": 1.0, ""q"": 0.281, ""capture"": 0.281, ""miss_deg"": 0.32, ""labels"": [192]}]"
2026_08_16/s6,s6,v8,,s02,18.76,19.09,0.33,4.461,,-1,0.0,0.0,,,,1.0,object#17,,0,0,,,,0,[]
2026_08_16/s6,s6,v8,,s02,19.15,20.07,0.92,4.55,球M,192,1.0,0.584,0.585,0.0,0.0,0.416,object#162,,1,1,,,,1,"[{""name"": ""球M"", ""share"": 1.0, ""q"": 0.584, ""capture"": 0.585, ""miss_deg"": 0.21, ""labels"": [192]}]"
2026_08_16/s6,s6,v8,,s02,21.66,25.12,3.47,4.429,,-1,0.0,0.0,,,,1.0,object#27,,0,0,1,球L,,0,[]
2026_08_16/s6,s6,v8,,s02,25.18,26.22,1.04,4.436,球L,191,1.0,0.041,0.041,0.0,0.0,0.959,object#149,,0,0,1,球L,1,1,"[{""name"": ""球L"", ""share"": 1.0, ""q"": 0.041, ""capture"": 0.041, ""miss_deg"": 0.51, ""labels"": [191]}]"
2026_08_16/s6,s6,v8,,s02,27.27,29.6,2.33,4.492,,-1,0.0,0.0,,,,1.0,object#162,,0,0,,,,0,[]
2026_08_16/s6,s6,v8,,s02,29.84,30.92,1.08,4.569,,-1,0.0,0.0,,,,1.0,object#162,,0,0,2,球M,,0,[]
2026_08_16/s6,s6,v8,,s02,30.97,32.11,1.14,4.531,,-1,0.0,0.0,,,,1.0,object#17,,0,0,2,球M,,0,[]
2026_08_16/s6,s6,v8,,s02,32.17,32.65,0.49,4.456,,-1,0.0,0.0,,,,1.0,object#162,,0,0,2,球M,,0,[]
2026_08_16/s6,s6,v8,,s02,32.71,33.36,0.65,4.591,,-1,0.0,0.0,,,,1.0,object#17,,0,0,2,球M,,0,[]
2026_08_16/s6,s6,v8,,s02,33.41,33.68,0.27,4.529,,-1,0.0,0.0,,,,1.0,object#17,,0,0,2,球M,,0,[]
2026_08_16/s6,s6,v8,,s02,34.15,34.42,0.27,4.58,,-1,0.0,0.0,,,,1.0,object#17,,0,0,,,,0,[]
2026_08_16/s6,s6,v8,,s02,34.47,36.37,1.9,4.567,,-1,0.0,0.0,,,,1.0,object#17,,0,0,,,,0,[]
2026_08_16/s6,s6,v8,,s02,36.64,39.34,2.71,4.561,,-1,0.0,0.0,,,,1.0,object#17,,0,0,3,球R,,0,[]
2026_08_16/s6,s6,v8,,s02,39.62,42.76,3.14,4.598,,-1,0.0,0.0,,,,1.0,object#17,,0,0,3,球R,,0,[]
2026_08_16/s6,s6,v8,,s02,42.81,43.35,0.54,4.545,,-1,0.0,0.0,,,,1.0,object#17,,0,0,4,球R,,0,[]
2026_08_16/s6,s6,v8,,s02,43.79,45.41,1.62,4.556,,-1,0.0,0.0,,,,1.0,object#17,,0,0,4,球R,,0,[]
2026_08_16/s6,s6,v8,,s02,45.92,47.54,1.62,4.517,,-1,0.0,0.0,,,,1.0,object#17,,0,0,4,球R,,0,[]
2026_08_16/s6,s6,v8,,s02,47.99,52.01,4.01,4.46,,-1,0.0,0.0,,,,1.0,object#162,,0,0,5,球M,,0,[]
2026_08_16/s6,s6,v8,,s02,52.06,54.66,2.6,4.464,,-1,0.0,0.0,,,,1.0,object#162,,0,0,5,球M,,0,[]
2026_08_16/s6,s6,v8,,s02,54.94,55.59,0.65,4.643,,-1,0.0,0.0,,,,1.0,object#17,,0,0,,,,0,[]
2026_08_16/s6,s6,v8,,s02,55.86,60.19,4.33,4.562,,-1,0.0,0.0,,,,1.0,object#17,,0,0,6,球R,,0,[]
2026_08_16/s6,s6,v8,,s02,60.25,60.95,0.7,4.519,球M,192,1.0,0.0,0.0,0.0,0.0,1.0,object#162,,0,0,6,球R,0,1,"[{""name"": ""球M"", ""share"": 1.0, ""q"": 0.0, ""capture"": 0.0, ""miss_deg"": 0.84, ""labels"": [192]}]"
2026_08_16/s6,s6,v8,,s02,61.01,62.09,1.08,4.523,,-1,0.0,0.0,,,,1.0,object#17,,0,0,,,,0,[]
2026_08_16/s6,s6,v8,,s02,65.04,66.23,1.19,4.636,,-1,0.0,0.0,,,,1.0,object#17,,0,0,7,球R,,0,[]
2026_08_16/s6,s6,v8,,s02,66.34,67.97,1.62,4.554,,-1,0.0,0.0,,,,1.0,object#17,,0,0,7,球R,,0,[]
2026_08_16/s6,s6,v8,,s02,68.29,68.67,0.38,4.562,,-1,0.0,0.0,,,,1.0,object#17,,0,0,,,,0,[]
2026_08_16/s6,s6,v8,,s02,73.49,73.76,0.27,7.077,,-1,0.0,0.0,,,,1.0,object#40,,0,0,,,,0,[]
2026_08_16/s6,s6,v8,,s02,74.61,75.09,0.49,4.461,,-1,0.0,0.0,,,,1.0,object#27,,0,0,,,,0,[]
2026_08_16/s6,s6,v8,,s02,75.15,75.47,0.32,4.417,球L,191,1.0,0.014,0.014,0.0,0.0,0.986,object#149,,0,0,,,,1,"[{""name"": ""球L"", ""share"": 1.0, ""q"": 0.014, ""capture"": 0.014, ""miss_deg"": 0.58, ""labels"": [191]}]"
2026_08_16/s6,s6,v8,,s02,75.74,76.18,0.43,4.481,,-1,0.0,0.0,,,,1.0,object#162,,0,0,,,,0,[]
2026_08_16/s6,s6,v8,,s02,76.23,76.72,0.49,4.512,,-1,0.0,0.0,,,,1.0,object#27,,0,0,,,,0,[]
2026_08_16/s6,s6,v8,,s02,77.16,77.7,0.54,4.566,,-1,0.0,0.0,,,,1.0,object#118,,0,0,,,,0,[]
2026_08_16/s6,s6,v8,,s02,77.76,80.03,2.27,4.485,,-1,0.0,0.0,,,,1.0,object#162,,0,0,,,,0,[]
2026_08_16/s6,s6,v8,,s02,80.09,82.96,2.87,4.552,,-1,0.0,0.0,,,,1.0,object#17,,0,0,8,球M,,0,[]
2026_08_16/s6,s6,v8,,s02,83.19,83.73,0.54,4.509,,-1,0.0,0.0,,,,1.0,object#17,,0,0,,,,0,[]
2026_08_16/s6,s6,v8,,s02,85.79,88.61,2.82,4.486,球L,191,1.0,0.005,0.005,0.0,0.0,0.995,object#149,,0,0,9,球L,1,1,"[{""name"": ""球L"", ""share"": 1.0, ""q"": 0.005, ""capture"": 0.005, ""miss_deg"": 0.65, ""labels"": [191]}]"
2026_08_16/s6,s6,v8,,s02,88.93,90.5,1.57,4.405,,-1,0.0,0.0,,,,1.0,object#159,,0,0,9,球L,,0,[]
2026_08_16/s6,s6,v8,,s02,90.89,91.65,0.76,4.471,,-1,0.0,0.0,,,,1.0,object#140,,0,0,,,,0,[]
2026_08_16/s6,s6,v8,,s02,91.76,94.9,3.14,4.501,球M,192,1.0,0.015,0.015,0.0,0.0,0.985,object#17,,0,0,10,球M,1,1,"[{""name"": ""球M"", ""share"": 1.0, ""q"": 0.015, ""capture"": 0.015, ""miss_deg"": 0.58, ""labels"": [192]}]"
2026_08_16/s6,s6,v8,,s02,95.0,97.93,2.92,4.514,球M,192,1.0,0.036,0.036,0.0,0.0,0.964,object#17,,0,0,10,球M,1,1,"[{""name"": ""球M"", ""share"": 1.0, ""q"": 0.036, ""capture"": 0.036, ""miss_deg"": 0.52, ""labels"": [192]}]"
2026_08_16/s6,s6,v8,,s02,98.25,98.57,0.32,4.49,球L,191,1.0,0.002,0.002,0.0,0.0,0.998,object#36,,0,0,,,,1,"[{""name"": ""球L"", ""share"": 1.0, ""q"": 0.002, ""capture"": 0.002, ""miss_deg"": 0.7, ""labels"": [191]}]"
2026_08_16/s6,s6,v8,,s02,98.63,101.66,3.03,4.405,球L,191,1.0,0.489,0.489,0.0,0.0,0.511,object#149,,1,1,11,球L,1,1,"[{""name"": ""球L"", ""share"": 1.0, ""q"": 0.489, ""capture"": 0.489, ""miss_deg"": 0.24, ""labels"": [191]}]"
2026_08_16/s6,s6,v8,,s02,101.77,102.96,1.19,4.403,球L,191,1.0,0.348,0.348,0.0,0.0,0.652,object#149,,1,1,11,球L,1,1,"[{""name"": ""球L"", ""share"": 1.0, ""q"": 0.348, ""capture"": 0.348, ""miss_deg"": 0.29, ""labels"": [191]}]"
2026_08_16/s6,s6,v8,,s02,103.01,103.39,0.38,4.445,球M,192,1.0,0.004,0.004,0.0,0.0,0.996,object#162,,0,0,11,球L,0,1,"[{""name"": ""球M"", ""share"": 1.0, ""q"": 0.004, ""capture"": 0.004, ""miss_deg"": 0.67, ""labels"": [192]}]"
2026_08_16/s6,s6,v8,,s02,103.45,104.0,0.54,4.401,球L,191,1.0,0.449,0.449,0.0,0.0,0.551,object#149,,1,1,11,球L,1,1,"[{""name"": ""球L"", ""share"": 1.0, ""q"": 0.449, ""capture"": 0.449, ""miss_deg"": 0.25, ""labels"": [191]}]"
2026_08_16/s6,s6,v8,,s02,104.05,104.48,0.43,4.409,,-1,0.0,0.0,,,,1.0,object#17,,0,0,11,球L,,0,[]
2026_08_16/s6,s6,v8,,s02,104.54,104.92,0.38,4.479,球M,192,1.0,0.55,0.55,0.0,0.0,0.45,object#162,,1,1,,,,1,"[{""name"": ""球M"", ""share"": 1.0, ""q"": 0.55, ""capture"": 0.55, ""miss_deg"": 0.22, ""labels"": [192]}]"
2026_08_16/s6,s6,v8,,s02,105.1,105.47,0.38,4.437,球M,192,1.0,0.259,0.259,0.0,0.0,0.741,object#70,,1,1,,,,1,"[{""name"": ""球M"", ""share"": 1.0, ""q"": 0.259, ""capture"": 0.259, ""miss_deg"": 0.33, ""labels"": [192]}]"
2026_08_16/s6,s6,v8,,s02,105.53,109.27,3.74,4.494,球M,192,1.0,0.485,0.486,0.0,0.0,0.515,object#162,,1,1,12,球M,1,1,"[{""name"": ""球M"", ""share"": 1.0, ""q"": 0.485, ""capture"": 0.486, ""miss_deg"": 0.24, ""labels"": [192]}]"
2026_08_16/s6,s6,v8,,s02,109.32,110.62,1.3,4.563,球M,192,1.0,0.043,0.043,0.0,0.0,0.957,object#17,,0,0,12,球M,1,1,"[{""name"": ""球M"", ""share"": 1.0, ""q"": 0.043, ""capture"": 0.043, ""miss_deg"": 0.5, ""labels"": [192]}]"
2026_08_16/s6,s6,v8,,s02,110.67,111.22,0.54,4.546,,-1,0.0,0.0,,,,1.0,object#17,,0,0,12,球M,,0,[]
2026_08_16/s6,s6,v8,,s02,111.59,112.14,0.54,4.559,,-1,0.0,0.0,,,,1.0,object#17,,0,0,,,,0,[]
2026_08_16/s6,s6,v8,,s02,112.19,112.57,0.38,4.385,球L,191,1.0,0.366,0.366,0.0,0.0,0.634,object#149,,1,1,,,,1,"[{""name"": ""球L"", ""share"": 1.0, ""q"": 0.366, ""capture"": 0.366, ""miss_deg"": 0.28, ""labels"": [191]}]"
2026_08_16/s6,s6,v8,,s02,112.68,115.38,2.7,4.406,球L,191,1.0,0.542,0.542,0.0,0.0,0.458,object#149,,1,1,,,,1,"[{""name"": ""球L"", ""share"": 1.0, ""q"": 0.542, ""capture"": 0.542, ""miss_deg"": 0.22, ""labels"": [191]}]"
2026_08_16/s6,s6,v8,,s02,115.44,116.03,0.6,4.482,,-1,0.0,0.0,,,,1.0,object#162,,0,0,13,球L,,0,[]
2026_08_16/s6,s6,v8,,s02,116.09,117.12,1.03,4.48,球L,191,1.0,0.427,0.427,0.0,0.0,0.573,object#149,,1,1,13,球L,1,1,"[{""name"": ""球L"", ""share"": 1.0, ""q"": 0.427, ""capture"": 0.427, ""miss_deg"": 0.26, ""labels"": [191]}]"
2026_08_16/s6,s6,v8,,s02,117.44,117.82,0.38,4.504,球L,191,1.0,0.302,0.302,0.0,0.0,0.698,object#149,,1,1,13,球L,1,1,"[{""name"": ""球L"", ""share"": 1.0, ""q"": 0.302, ""capture"": 0.302, ""miss_deg"": 0.31, ""labels"": [191]}]"
2026_08_16/s6,s6,v8,,s02,117.87,118.14,0.27,4.517,球M,192,1.0,0.617,0.617,0.0,0.0,0.383,object#70,,1,1,13,球L,0,1,"[{""name"": ""球M"", ""share"": 1.0, ""q"": 0.617, ""capture"": 0.617, ""miss_deg"": 0.2, ""labels"": [192]}]"
2026_08_16/s6,s6,v8,,s02,118.2,119.01,0.81,4.459,球L,191,0.958,0.184,0.184,0.043,0.044,0.808,object#149,,0,0,13,球L,1,2,"[{""name"": ""球L"", ""share"": 0.958, ""q"": 0.184, ""capture"": 0.184, ""miss_deg"": 0.37, ""labels"": [191]}, {""name"": ""香蕉"", ""share"": 0.042, ""q"": 0.008, ""capture"": 0.008, ""miss_deg"": 0.62, ""labels"": [196]}]"
2026_08_16/s6,s6,v8,,s02,119.37,122.25,2.88,4.548,球R,193,1.0,0.0,0.0,0.0,0.0,1.0,object#17,,0,0,,,,1,"[{""name"": ""球R"", ""share"": 1.0, ""q"": 0.0, ""capture"": 0.0, ""miss_deg"": 0.83, ""labels"": [193]}]"
2026_08_16/s6,s6,v8,,s02,122.3,124.31,2.0,4.54,球R,193,1.0,0.013,0.013,0.0,0.0,0.987,object#136,,0,0,14,球R,1,1,"[{""name"": ""球R"", ""share"": 1.0, ""q"": 0.013, ""capture"": 0.013, ""miss_deg"": 0.59, ""labels"": [193]}]"
2026_08_16/s6,s6,v8,,s02,124.36,124.69,0.32,4.496,,-1,0.0,0.0,,,,1.0,object#162,,0,0,14,球R,,0,[]
2026_08_16/s6,s6,v8,,s02,125.14,125.46,0.32,4.526,球M,192,1.0,0.888,0.888,0.0,0.0,0.112,object#70,,1,1,14,球R,0,1,"[{""name"": ""球M"", ""share"": 1.0, ""q"": 0.888, ""capture"": 0.888, ""miss_deg"": 0.1, ""labels"": [192]}]"
2026_08_16/s6,s6,v8,,s02,125.52,125.79,0.27,4.624,球R,193,1.0,0.232,0.233,0.0,0.0,0.768,object#136,,1,1,14,球R,1,1,"[{""name"": ""球R"", ""share"": 1.0, ""q"": 0.232, ""capture"": 0.233, ""miss_deg"": 0.34, ""labels"": [193]}]"
2026_08_16/s6,s6,v8,,s02,125.84,126.39,0.54,4.494,球M,192,1.0,0.805,0.805,0.0,0.0,0.195,object#17,,1,1,,,,1,"[{""name"": ""球M"", ""share"": 1.0, ""q"": 0.805, ""capture"": 0.805, ""miss_deg"": 0.13, ""labels"": [192]}]"
2026_08_16/s6,s6,v8,,s02,126.61,130.13,3.52,4.398,球L,191,1.0,0.672,0.672,0.0,0.0,0.328,object#36,,1,1,,,,1,"[{""name"": ""球L"", ""share"": 1.0, ""q"": 0.672, ""capture"": 0.672, ""miss_deg"": 0.18, ""labels"": [191]}]"
2026_08_16/s6,s6,v8,,s02,130.18,131.91,1.73,4.438,球L,191,1.0,0.486,0.486,0.0,0.0,0.514,object#149,,1,1,15,球L,1,1,"[{""name"": ""球L"", ""share"": 1.0, ""q"": 0.486, ""capture"": 0.486, ""miss_deg"": 0.24, ""labels"": [191]}]"
2026_08_16/s6,s6,v8,,s02,131.97,132.24,0.27,4.346,,-1,0.0,0.0,,,,1.0,object#36,,0,0,15,球L,,0,[]
2026_08_18/000,s7,v8,,s02,8.99,9.75,0.76,3.208,,-1,0.0,0.0,,,,1.0,object#17,,0,0,,,,0,[]
2026_08_18/000,s7,v8,,s02,10.07,10.61,0.54,2.904,球M,192,1.0,0.008,0.008,0.0,0.0,0.992,object#17,,0,0,,,,1,"[{""name"": ""球M"", ""share"": 1.0, ""q"": 0.008, ""capture"": 0.008, ""miss_deg"": 0.62, ""labels"": [192]}]"
2026_08_18/000,s7,v8,,s02,11.1,12.13,1.03,2.934,球M,192,1.0,0.017,0.017,0.0,0.0,0.983,object#17,,0,0,,,,1,"[{""name"": ""球M"", ""share"": 1.0, ""q"": 0.017, ""capture"": 0.017, ""miss_deg"": 0.57, ""labels"": [192]}]"
2026_08_18/000,s7,v8,,s02,12.18,12.72,0.54,3.18,,-1,0.0,0.0,,,,1.0,object#17,,0,0,,,,0,[]
2026_08_18/000,s7,v8,,s02,15.27,15.92,0.65,2.967,,-1,0.0,0.0,,,,1.0,object#17,,0,0,,,,0,[]
2026_08_18/000,s7,v8,,s02,16.14,21.01,4.87,3.01,球L,191,1.0,0.005,0.005,0.0,0.0,0.995,object#118,,0,0,1,球L,1,1,"[{""name"": ""球L"", ""share"": 1.0, ""q"": 0.005, ""capture"": 0.005, ""miss_deg"": 0.65, ""labels"": [191]}]"
2026_08_18/000,s7,v8,,s02,21.17,21.61,0.43,3.464,,-1,0.0,0.0,,,,1.0,object#17,,0,0,1,球L,,0,[]
2026_08_18/000,s7,v8,,s02,21.96,22.39,0.43,3.321,,-1,0.0,0.0,,,,1.0,object#17,,0,0,,,,0,[]
2026_08_18/000,s7,v8,,s02,23.04,26.46,3.41,3.005,,-1,0.0,0.0,,,,1.0,object#118,,0,0,2,球L,,0,[]
2026_08_18/000,s7,v8,,s02,26.57,29.82,3.25,3.014,,-1,0.0,0.0,,,,1.0,object#118,,0,0,2,球L,,0,[]
2026_08_18/000,s7,v8,,s02,30.35,30.73,0.38,3.357,球R,193,1.0,0.011,0.011,0.0,0.0,0.989,object#136,,0,0,,,,1,"[{""name"": ""球R"", ""share"": 1.0, ""q"": 0.011, ""capture"": 0.011, ""miss_deg"": 0.6, ""labels"": [193]}]"
2026_08_18/000,s7,v8,,s02,30.78,33.38,2.6,3.399,,-1,0.0,0.0,,,,1.0,object#136,,0,0,3,球R,,0,[]
2026_08_18/000,s7,v8,,s02,33.44,33.71,0.27,3.294,,-1,0.0,0.0,,,,1.0,object#17,,0,0,3,球R,,0,[]
2026_08_18/000,s7,v8,,s02,33.76,34.3,0.54,3.208,球M,192,1.0,0.075,0.075,0.0,0.0,0.925,object#17,,0,0,3,球R,0,1,"[{""name"": ""球M"", ""share"": 1.0, ""q"": 0.075, ""capture"": 0.075, ""miss_deg"": 0.46, ""labels"": [192]}]"
2026_08_18/000,s7,v8,,s02,34.36,34.74,0.38,3.024,球M,192,1.0,0.711,0.711,0.0,0.0,0.289,object#17,,1,1,3,球R,0,1,"[{""name"": ""球M"", ""share"": 1.0, ""q"": 0.711, ""capture"": 0.711, ""miss_deg"": 0.17, ""labels"": [192]}]"
2026_08_18/000,s7,v8,,s02,35.4,35.78,0.38,3.332,,-1,0.0,0.0,,,,1.0,object#17,,0,0,3,球R,,0,[]
2026_08_18/000,s7,v8,,s02,35.94,36.27,0.32,3.177,球M,192,1.0,0.31,0.31,0.0,0.0,0.69,object#70,,1,1,,,,1,"[{""name"": ""球M"", ""share"": 1.0, ""q"": 0.31, ""capture"": 0.31, ""miss_deg"": 0.31, ""labels"": [192]}]"
2026_08_18/000,s7,v8,,s02,36.38,36.65,0.27,3.204,球M,192,1.0,0.0,0.0,0.0,0.0,1.0,object#17,,0,0,,,,1,"[{""name"": ""球M"", ""share"": 1.0, ""q"": 0.0, ""capture"": 0.0, ""miss_deg"": 0.8, ""labels"": [192]}]"
2026_08_18/000,s7,v8,,s02,36.97,37.41,0.43,3.329,,-1,0.0,0.0,,,,1.0,object#17,,0,0,,,,0,[]
2026_08_18/000,s7,v8,,s02,37.73,40.11,2.38,3.376,,-1,0.0,0.0,,,,1.0,object#17,,0,0,4,球R,,0,[]
2026_08_18/000,s7,v8,,s02,40.17,42.39,2.22,3.354,,-1,0.0,0.0,,,,1.0,object#17,,0,0,4,球R,,0,[]
2026_08_18/000,s7,v8,,s02,42.44,42.71,0.27,3.27,,-1,0.0,0.0,,,,1.0,object#17,,0,0,4,球R,,0,[]
2026_08_18/000,s7,v8,,s02,43.19,43.52,0.32,3.259,,-1,0.0,0.0,,,,1.0,object#17,,0,0,,,,0,[]
2026_08_18/000,s7,v8,,s02,44.11,44.44,0.32,3.207,球M,192,1.0,0.001,0.001,0.0,0.0,0.999,object#17,,0,0,,,,1,"[{""name"": ""球M"", ""share"": 1.0, ""q"": 0.001, ""capture"": 0.001, ""miss_deg"": 0.75, ""labels"": [192]}]"
2026_08_18/000,s7,v8,,s02,44.49,44.98,0.49,3.05,球M,192,1.0,0.305,0.305,0.0,0.0,0.695,object#17,,1,1,5,球M,1,1,"[{""name"": ""球M"", ""share"": 1.0, ""q"": 0.305, ""capture"": 0.305, ""miss_deg"": 0.31, ""labels"": [192]}]"
2026_08_18/000,s7,v8,,s02,45.25,45.9,0.65,3.018,球M,192,1.0,0.01,0.01,0.0,0.0,0.99,object#17,,0,0,5,球M,1,1,"[{""name"": ""球M"", ""share"": 1.0, ""q"": 0.01, ""capture"": 0.01, ""miss_deg"": 0.61, ""labels"": [192]}]"
2026_08_18/000,s7,v8,,s02,46.49,47.69,1.19,3.007,球M,192,1.0,0.166,0.166,0.0,0.0,0.834,object#17,,0,0,5,球M,1,1,"[{""name"": ""球M"", ""share"": 1.0, ""q"": 0.166, ""capture"": 0.166, ""miss_deg"": 0.38, ""labels"": [192]}]"
2026_08_18/000,s7,v8,,s02,47.85,49.64,1.79,2.988,,-1,0.0,0.0,,,,1.0,object#17,,0,0,5,球M,,0,[]
2026_08_18/000,s7,v8,,s02,50.89,51.27,0.38,3.013,,-1,0.0,0.0,,,,1.0,object#17,,0,0,,,,0,[]
2026_08_18/000,s7,v8,,s02,51.51,52.11,0.6,2.996,球L,191,1.0,0.983,0.983,0.0,0.0,0.017,object#149,,1,1,6,球L,1,1,"[{""name"": ""球L"", ""share"": 1.0, ""q"": 0.983, ""capture"": 0.983, ""miss_deg"": 0.04, ""labels"": [191]}]"
2026_08_18/000,s7,v8,,s02,52.77,53.15,0.38,3.016,球L,191,1.0,0.591,0.591,0.0,0.0,0.409,object#149,,1,1,6,球L,1,1,"[{""name"": ""球L"", ""share"": 1.0, ""q"": 0.591, ""capture"": 0.591, ""miss_deg"": 0.21, ""labels"": [191]}]"
2026_08_18/000,s7,v8,,s02,53.2,56.18,2.98,3.018,球L,191,1.0,0.999,0.999,0.0,0.0,0.001,object#149,,1,1,6,球L,1,1,"[{""name"": ""球L"", ""share"": 1.0, ""q"": 0.999, ""capture"": 0.999, ""miss_deg"": 0.01, ""labels"": [191]}]"
2026_08_18/000,s7,v8,,s02,56.34,57.37,1.03,3.017,,-1,0.0,0.0,,,,1.0,object#17,,0,0,6,球L,,0,[]
2026_08_18/000,s7,v8,,s02,57.91,58.24,0.32,2.985,球M,192,1.0,0.5,0.5,0.0,0.0,0.5,object#70,,1,1,,,,1,"[{""name"": ""球M"", ""share"": 1.0, ""q"": 0.5, ""capture"": 0.5, ""miss_deg"": 0.24, ""labels"": [192]}]"
2026_08_18/000,s7,v8,,s02,58.35,60.96,2.61,2.985,球M,192,1.0,0.709,0.709,0.0,0.0,0.291,object#70,,1,1,7,球M,1,1,"[{""name"": ""球M"", ""share"": 1.0, ""q"": 0.709, ""capture"": 0.709, ""miss_deg"": 0.17, ""labels"": [192]}]"
2026_08_18/000,s7,v8,,s02,61.01,62.2,1.19,3.326,,-1,0.0,0.0,,,,1.0,object#17,,0,0,7,球M,,0,[]
2026_08_18/000,s7,v8,,s02,63.12,63.5,0.38,2.969,球M,192,1.0,0.004,0.004,0.0,0.0,0.996,object#17,,0,0,7,球M,1,1,"[{""name"": ""球M"", ""share"": 1.0, ""q"": 0.004, ""capture"": 0.004, ""miss_deg"": 0.66, ""labels"": [192]}]"
2026_08_18/000,s7,v8,,s02,63.72,64.15,0.43,2.985,球M,192,1.0,0.154,0.154,0.0,0.0,0.846,object#17,,0,0,,,,1,"[{""name"": ""球M"", ""share"": 1.0, ""q"": 0.154, ""capture"": 0.154, ""miss_deg"": 0.39, ""labels"": [192]}]"
2026_08_18/000,s7,v8,,s02,66.98,67.26,0.27,2.818,,-1,0.0,0.0,,,,1.0,floor,,0,0,,,,0,[]
2026_08_18/000,s7,v8,,s02,68.14,69.28,1.14,2.951,,-1,0.0,0.0,,,,1.0,object#11,,0,0,,,,0,[]
2026_08_18/000,s7,v8,,s02,69.33,69.71,0.38,2.966,,-1,0.0,0.0,,,,1.0,object#11,,0,0,,,,0,[]
2026_08_18/000,s7,v8,,s02,69.77,70.04,0.27,2.868,,-1,0.0,0.0,,,,1.0,object#11,,0,0,,,,0,[]
2026_08_18/000,s7,v8,,s02,70.44,71.9,1.46,2.973,球M,192,1.0,0.682,0.682,0.0,0.0,0.318,object#70,,1,1,,,,1,"[{""name"": ""球M"", ""share"": 1.0, ""q"": 0.682, ""capture"": 0.682, ""miss_deg"": 0.18, ""labels"": [192]}]"
2026_08_18/000,s7,v8,,s02,72.06,72.77,0.71,2.932,球M,192,1.0,0.196,0.196,0.0,0.0,0.804,object#70,,0,0,,,,1,"[{""name"": ""球M"", ""share"": 1.0, ""q"": 0.196, ""capture"": 0.196, ""miss_deg"": 0.36, ""labels"": [192]}]"
2026_08_18/000,s7,v8,,s02,73.42,73.8,0.38,3.077,球M,192,1.0,0.215,0.215,0.0,0.0,0.785,object#70,,1,1,8,球R,0,1,"[{""name"": ""球M"", ""share"": 1.0, ""q"": 0.215, ""capture"": 0.215, ""miss_deg"": 0.35, ""labels"": [192]}]"
2026_08_18/000,s7,v8,,s02,73.85,74.18,0.32,3.14,,-1,0.0,0.0,,,,1.0,object#17,,0,0,8,球R,,0,[]
2026_08_18/000,s7,v8,,s02,74.23,74.83,0.6,3.04,球M,192,0.979,0.029,0.029,0.034,0.021,0.97,object#70,,0,0,8,球R,0,2,"[{""name"": ""球M"", ""share"": 0.979, ""q"": 0.029, ""capture"": 0.029, ""miss_deg"": 0.53, ""labels"": [192]}, {""name"": ""球R"", ""share"": 0.021, ""q"": 0.001, ""capture"": 0.001, ""miss_deg"": 0.77, ""labels"": [193]}]"
2026_08_18/000,s7,v8,,s02,74.88,75.26,0.38,2.976,球M,192,1.0,0.306,0.306,0.0,0.0,0.694,object#70,,1,1,8,球R,0,1,"[{""name"": ""球M"", ""share"": 1.0, ""q"": 0.306, ""capture"": 0.306, ""miss_deg"": 0.31, ""labels"": [192]}]"
2026_08_18/000,s7,v8,,s02,75.65,75.92,0.27,3.108,球M,192,1.0,0.055,0.055,0.0,0.0,0.945,object#17,,0,0,8,球R,0,1,"[{""name"": ""球M"", ""share"": 1.0, ""q"": 0.055, ""capture"": 0.055, ""miss_deg"": 0.48, ""labels"": [192]}]"
2026_08_18/000,s7,v8,,s02,75.98,76.3,0.32,3.163,,-1,0.0,0.0,,,,1.0,object#17,,0,0,8,球R,,0,[]
2026_08_18/000,s7,v8,,s02,76.35,76.68,0.32,3.084,球R,193,1.0,0.025,0.025,0.0,0.0,0.975,object#70,,0,0,8,球R,1,1,"[{""name"": ""球R"", ""share"": 1.0, ""q"": 0.025, ""capture"": 0.025, ""miss_deg"": 0.54, ""labels"": [193]}]"
2026_08_18/000,s7,v8,,s02,76.73,78.09,1.35,2.936,球M,192,1.0,0.881,0.881,0.0,0.0,0.119,object#70,,1,1,8,球R,0,1,"[{""name"": ""球M"", ""share"": 1.0, ""q"": 0.881, ""capture"": 0.881, ""miss_deg"": 0.1, ""labels"": [192]}]"
2026_08_18/000,s7,v8,,s02,78.14,78.52,0.38,3.006,球M,192,1.0,0.43,0.43,0.0,0.0,0.57,object#70,,1,1,8,球R,0,1,"[{""name"": ""球M"", ""share"": 1.0, ""q"": 0.43, ""capture"": 0.43, ""miss_deg"": 0.26, ""labels"": [192]}]"
2026_08_18/000,s7,v8,,s02,78.58,79.66,1.08,2.924,球M,192,1.0,0.256,0.256,0.0,0.0,0.744,object#70,,1,1,,,,1,"[{""name"": ""球M"", ""share"": 1.0, ""q"": 0.256, ""capture"": 0.256, ""miss_deg"": 0.33, ""labels"": [192]}]"
2026_08_18/000,s7,v8,,s02,80.27,82.87,2.6,3.2,球R,193,1.0,0.048,0.048,0.0,0.0,0.952,object#17,,0,0,9,球R,1,1,"[{""name"": ""球R"", ""share"": 1.0, ""q"": 0.048, ""capture"": 0.048, ""miss_deg"": 0.49, ""labels"": [193]}]"
2026_08_18/000,s7,v8,,s02,82.93,85.36,2.44,3.321,,-1,0.0,0.0,,,,1.0,object#17,,0,0,9,球R,,0,[]
2026_08_18/000,s7,v8,,s02,85.42,85.9,0.49,2.988,球M,192,1.0,0.546,0.546,0.0,0.0,0.454,object#17,,1,1,,,,1,"[{""name"": ""球M"", ""share"": 1.0, ""q"": 0.546, ""capture"": 0.546, ""miss_deg"": 0.22, ""labels"": [192]}]"
2026_08_18/000,s7,v8,,s02,85.96,86.55,0.6,3.271,球R,193,1.0,0.153,0.153,0.0,0.0,0.847,object#17,,0,0,,,,1,"[{""name"": ""球R"", ""share"": 1.0, ""q"": 0.153, ""capture"": 0.153, ""miss_deg"": 0.39, ""labels"": [193]}]"
2026_08_18/000,s7,v8,,s02,86.8,87.55,0.76,2.99,球M,192,1.0,0.262,0.262,0.0,0.0,0.738,object#70,,1,1,10,球M,1,1,"[{""name"": ""球M"", ""share"": 1.0, ""q"": 0.262, ""capture"": 0.262, ""miss_deg"": 0.33, ""labels"": [192]}]"
2026_08_18/000,s7,v8,,s02,87.61,87.99,0.38,3.155,球M,192,1.0,0.196,0.196,0.0,0.0,0.804,object#70,,0,0,10,球M,1,1,"[{""name"": ""球M"", ""share"": 1.0, ""q"": 0.196, ""capture"": 0.196, ""miss_deg"": 0.36, ""labels"": [192]}]"
2026_08_18/000,s7,v8,,s02,88.31,92.65,4.33,2.982,球M,192,1.0,0.086,0.086,0.0,0.0,0.914,object#70,,0,0,10,球M,1,1,"[{""name"": ""球M"", ""share"": 1.0, ""q"": 0.086, ""capture"": 0.086, ""miss_deg"": 0.44, ""labels"": [192]}]"
2026_08_18/000,s7,v8,,s02,92.81,93.95,1.14,2.976,球M,192,1.0,0.034,0.034,0.0,0.0,0.966,object#70,,0,0,,,,1,"[{""name"": ""球M"", ""share"": 1.0, ""q"": 0.034, ""capture"": 0.034, ""miss_deg"": 0.52, ""labels"": [192]}]"
2026_08_18/000,s7,v8,,s02,94.3,96.69,2.38,3.025,球L,191,1.0,0.979,0.979,0.0,0.0,0.021,object#149,,1,1,11,球L,1,1,"[{""name"": ""球L"", ""share"": 1.0, ""q"": 0.979, ""capture"": 0.979, ""miss_deg"": 0.04, ""labels"": [191]}]"
2026_08_18/000,s7,v8,,s02,97.24,98.81,1.57,3.022,球L,191,1.0,0.999,0.999,0.0,0.0,0.001,,,1,1,11,球L,1,1,"[{""name"": ""球L"", ""share"": 1.0, ""q"": 0.999, ""capture"": 0.999, ""miss_deg"": 0.01, ""labels"": [191]}]"
2026_08_18/000,s7,v8,,s02,98.86,99.13,0.27,2.999,球M,192,1.0,0.048,0.048,0.0,0.0,0.952,object#17,,0,0,11,球L,0,1,"[{""name"": ""球M"", ""share"": 1.0, ""q"": 0.048, ""capture"": 0.048, ""miss_deg"": 0.49, ""labels"": [192]}]"
2026_08_18/000,s7,v8,,s02,99.19,100.22,1.03,3.037,球L,191,1.0,0.988,0.988,0.0,0.0,0.012,object#149,,1,1,11,球L,1,1,"[{""name"": ""球L"", ""share"": 1.0, ""q"": 0.988, ""capture"": 0.988, ""miss_deg"": 0.03, ""labels"": [191]}]"
2026_08_18/000,s7,v8,,s02,100.27,101.9,1.62,3.029,球M,192,1.0,0.591,0.591,0.0,0.0,0.409,object#70,,1,1,,,,1,"[{""name"": ""球M"", ""share"": 1.0, ""q"": 0.591, ""capture"": 0.591, ""miss_deg"": 0.21, ""labels"": [192]}]"
2026_08_18/000,s7,v8,,s02,102.18,103.48,1.3,3.055,球M,192,1.0,0.882,0.882,0.0,0.0,0.118,object#70,,1,1,12,球M,1,1,"[{""name"": ""球M"", ""share"": 1.0, ""q"": 0.882, ""capture"": 0.882, ""miss_deg"": 0.1, ""labels"": [192]}]"
2026_08_18/000,s7,v8,,s02,103.53,103.8,0.27,3.182,球M,192,1.0,0.119,0.119,0.0,0.0,0.881,object#70,,0,0,12,球M,1,1,"[{""name"": ""球M"", ""share"": 1.0, ""q"": 0.119, ""capture"": 0.119, ""miss_deg"": 0.41, ""labels"": [192]}]"
2026_08_18/000,s7,v8,,s02,103.86,105.0,1.14,3.105,球M,192,1.0,0.534,0.534,0.0,0.0,0.466,object#70,,1,1,12,球M,1,1,"[{""name"": ""球M"", ""share"": 1.0, ""q"": 0.534, ""capture"": 0.534, ""miss_deg"": 0.22, ""labels"": [192]}]"
2026_08_18/000,s7,v8,,s02,105.05,105.6,0.54,3.259,球R,193,1.0,0.355,0.355,0.0,0.0,0.645,object#136,,1,1,12,球M,0,1,"[{""name"": ""球R"", ""share"": 1.0, ""q"": 0.355, ""capture"": 0.355, ""miss_deg"": 0.29, ""labels"": [193]}]"
2026_08_18/000,s7,v8,,s02,105.65,106.25,0.6,3.042,球M,192,1.0,0.975,0.975,0.0,0.0,0.025,object#70,,1,1,12,球M,1,1,"[{""name"": ""球M"", ""share"": 1.0, ""q"": 0.975, ""capture"": 0.975, ""miss_deg"": 0.04, ""labels"": [192]}]"
2026_08_18/000,s7,v8,,s02,106.3,107.17,0.87,3.055,球M,192,1.0,0.42,0.42,0.0,0.0,0.58,object#70,,1,1,12,球M,1,1,"[{""name"": ""球M"", ""share"": 1.0, ""q"": 0.42, ""capture"": 0.42, ""miss_deg"": 0.26, ""labels"": [192]}]"
2026_08_18/000,s7,v8,,s02,107.22,107.81,0.59,2.974,球M,192,1.0,0.137,0.137,0.0,0.0,0.863,object#10,,0,0,,,,1,"[{""name"": ""球M"", ""share"": 1.0, ""q"": 0.137, ""capture"": 0.137, ""miss_deg"": 0.4, ""labels"": [192]}]"
2026_08_18/000,s7,v8,,s02,108.24,108.78,0.54,3.333,球R,193,1.0,0.425,0.425,0.0,0.0,0.575,object#63,,1,1,13,球R,1,1,"[{""name"": ""球R"", ""share"": 1.0, ""q"": 0.425, ""capture"": 0.425, ""miss_deg"": 0.26, ""labels"": [193]}]"
2026_08_18/000,s7,v8,,s02,108.89,109.76,0.87,3.342,球R,193,1.0,0.816,0.816,0.0,0.0,0.184,object#63,,1,1,13,球R,1,1,"[{""name"": ""球R"", ""share"": 1.0, ""q"": 0.816, ""capture"": 0.816, ""miss_deg"": 0.13, ""labels"": [193]}]"
2026_08_18/000,s7,v8,,s02,109.82,110.19,0.38,3.211,球R,193,1.0,0.007,0.007,0.0,0.0,0.993,object#70,,0,0,13,球R,1,1,"[{""name"": ""球R"", ""share"": 1.0, ""q"": 0.007, ""capture"": 0.007, ""miss_deg"": 0.63, ""labels"": [193]}]"
2026_08_18/000,s7,v8,,s02,110.25,110.84,0.6,3.345,球R,193,1.0,0.574,0.574,0.0,0.0,0.426,object#136,,1,1,13,球R,1,1,"[{""name"": ""球R"", ""share"": 1.0, ""q"": 0.574, ""capture"": 0.574, ""miss_deg"": 0.21, ""labels"": [193]}]"
2026_08_18/000,s7,v8,,s02,111.17,112.14,0.97,3.383,球R,193,1.0,0.822,0.822,0.0,0.0,0.178,object#136,,1,1,13,球R,1,1,"[{""name"": ""球R"", ""share"": 1.0, ""q"": 0.822, ""capture"": 0.822, ""miss_deg"": 0.13, ""labels"": [193]}]"
2026_08_18/000,s7,v8,,s02,112.21,112.75,0.54,3.154,球M,192,1.0,0.032,0.032,0.0,0.0,0.968,object#10,,0,0,13,球R,0,1,"[{""name"": ""球M"", ""share"": 1.0, ""q"": 0.032, ""capture"": 0.032, ""miss_deg"": 0.52, ""labels"": [192]}]"
2026_08_18/000,s7,v8,,s02,112.8,113.24,0.43,3.335,球R,193,1.0,0.975,0.975,0.0,0.0,0.025,object#136,,1,1,13,球R,1,1,"[{""name"": ""球R"", ""share"": 1.0, ""q"": 0.975, ""capture"": 0.975, ""miss_deg"": 0.05, ""labels"": [193]}]"
2026_08_18/000,s7,v8,,s02,113.51,114.11,0.6,3.334,球R,193,1.0,0.723,0.723,0.0,0.0,0.277,object#136,,1,1,,,,1,"[{""name"": ""球R"", ""share"": 1.0, ""q"": 0.723, ""capture"": 0.723, ""miss_deg"": 0.16, ""labels"": [193]}]"
2026_08_18/000,s7,v8,,s02,114.16,115.08,0.92,3.432,球R,193,1.0,0.389,0.389,0.0,0.0,0.611,object#136,,1,1,,,,1,"[{""name"": ""球R"", ""share"": 1.0, ""q"": 0.389, ""capture"": 0.389, ""miss_deg"": 0.27, ""labels"": [193]}]"
2026_08_18/000,s7,v8,,s02,115.4,116.27,0.87,3.053,球M,192,1.0,0.888,0.888,0.0,0.0,0.112,object#70,,1,1,14,球M,1,1,"[{""name"": ""球M"", ""share"": 1.0, ""q"": 0.888, ""capture"": 0.888, ""miss_deg"": 0.1, ""labels"": [192]}]"
2026_08_18/000,s7,v8,,s02,116.32,116.65,0.32,3.189,球M,192,1.0,0.206,0.206,0.0,0.0,0.794,object#70,,1,1,14,球M,1,1,"[{""name"": ""球M"", ""share"": 1.0, ""q"": 0.206, ""capture"": 0.206, ""miss_deg"": 0.36, ""labels"": [192]}]"
2026_08_18/000,s7,v8,,s02,116.7,117.89,1.19,3.073,球M,192,1.0,0.871,0.871,0.0,0.0,0.129,object#70,,1,1,14,球M,1,1,"[{""name"": ""球M"", ""share"": 1.0, ""q"": 0.871, ""capture"": 0.871, ""miss_deg"": 0.1, ""labels"": [192]}]"
2026_08_18/000,s7,v8,,s02,118.22,120.82,2.6,3.077,球M,192,1.0,0.857,0.857,0.0,0.0,0.143,object#70,,1,1,14,球M,1,1,"[{""name"": ""球M"", ""share"": 1.0, ""q"": 0.857, ""capture"": 0.857, ""miss_deg"": 0.11, ""labels"": [192]}]"
2026_08_18/000,s7,v8,,s02,120.87,121.2,0.32,3.08,球M,192,1.0,0.237,0.237,0.0,0.0,0.763,object#17,,1,1,,,,1,"[{""name"": ""球M"", ""share"": 1.0, ""q"": 0.237, ""capture"": 0.237, ""miss_deg"": 0.34, ""labels"": [192]}]"
2026_08_18/000,s7,v8,,s02,121.25,121.69,0.43,3.364,,-1,0.0,0.0,,,,1.0,object#17,,0,0,,,,0,[]
2026_08_18/000,s7,v8,,s02,121.74,122.28,0.54,3.023,球M,192,1.0,0.922,0.922,0.0,0.0,0.078,object#70,,1,1,,,,1,"[{""name"": ""球M"", ""share"": 1.0, ""q"": 0.922, ""capture"": 0.922, ""miss_deg"": 0.08, ""labels"": [192]}]"
2026_08_18/000,s7,v8,,s02,122.33,124.56,2.22,3.02,球L,191,1.0,1.0,1.0,0.0,0.0,0.0,,,1,1,15,球L,1,1,"[{""name"": ""球L"", ""share"": 1.0, ""q"": 1.0, ""capture"": 1.0, ""miss_deg"": 0.01, ""labels"": [191]}]"
2026_08_18/000,s7,v8,,s02,124.84,128.27,3.43,3.028,球L,191,1.0,0.896,0.896,0.0,0.0,0.104,object#149,,1,1,15,球L,1,1,"[{""name"": ""球L"", ""share"": 1.0, ""q"": 0.896, ""capture"": 0.896, ""miss_deg"": 0.09, ""labels"": [191]}]"
2026_08_18/000,s7,v8,,s02,128.32,128.59,0.27,2.981,球L,191,1.0,0.228,0.228,0.0,0.0,0.772,object#17,,1,1,,,,1,"[{""name"": ""球L"", ""share"": 1.0, ""q"": 0.228, ""capture"": 0.228, ""miss_deg"": 0.34, ""labels"": [191]}]"
2026_08_20/000,c1,v9,,s02,6.97,7.24,0.27,2.316,水瓶,30,0.999,0.425,0.425,0.002,0.001,0.575,object#12,,1,1,,,,2,"[{""name"": ""水瓶"", ""share"": 0.999, ""q"": 0.425, ""capture"": 0.425, ""miss_deg"": 0.26, ""labels"": [30]}, {""name"": ""香蕉"", ""share"": 0.001, ""q"": 0.001, ""capture"": 0.001, ""miss_deg"": 0.78, ""labels"": [264]}]"
2026_08_20/000,c1,v9,,s02,8.91,9.23,0.32,3.486,,-1,0.0,0.0,,,,1.0,object#26,,0,0,,,,0,[]
2026_08_20/000,c1,v9,,s02,10.31,11.02,0.7,2.647,,-1,0.0,0.0,,,,1.0,floor,,0,0,,,,0,[]
2026_08_20/000,c1,v9,,s02,11.44,11.87,0.43,2.443,,-1,0.0,0.0,,,,1.0,floor,,0,0,,,,0,[]
2026_08_20/000,c1,v9,,s02,11.92,12.2,0.27,2.321,,-1,0.0,0.0,,,,1.0,floor,,0,0,,,,0,[]
2026_08_20/000,c1,v9,,s02,12.69,13.12,0.43,2.595,,-1,0.0,0.0,,,,1.0,floor,,0,0,,,,0,[]
2026_08_20/000,c1,v9,,s02,13.98,15.07,1.09,2.28,球L,259,1.0,0.831,0.831,0.0,0.0,0.169,object#12,,1,1,,,,1,"[{""name"": ""球L"", ""share"": 1.0, ""q"": 0.831, ""capture"": 0.831, ""miss_deg"": 0.12, ""labels"": [259]}]"
2026_08_20/000,c1,v9,,s02,15.12,15.61,0.49,2.206,水瓶,30,0.879,0.033,0.033,0.152,0.138,0.962,物品台,,0,0,,,,2,"[{""name"": ""水瓶"", ""share"": 0.879, ""q"": 0.033, ""capture"": 0.033, ""miss_deg"": 0.52, ""labels"": [30]}, {""name"": ""球L"", ""share"": 0.121, ""q"": 0.005, ""capture"": 0.005, ""miss_deg"": 0.66, ""labels"": [259]}]"
2026_08_20/000,c1,v9,,s02,15.67,16.1,0.43,2.256,水瓶,30,1.0,0.226,0.226,0.0,0.0,0.774,物品台,,1,1,,,,1,"[{""name"": ""水瓶"", ""share"": 1.0, ""q"": 0.226, ""capture"": 0.226, ""miss_deg"": 0.34, ""labels"": [30]}]"
2026_08_20/000,c1,v9,,s02,16.21,16.48,0.27,2.201,球L,259,0.963,0.139,0.139,0.036,0.038,0.855,object#12,,0,0,,,,2,"[{""name"": ""球L"", ""share"": 0.963, ""q"": 0.139, ""capture"": 0.139, ""miss_deg"": 0.4, ""labels"": [259]}, {""name"": ""水瓶"", ""share"": 0.037, ""q"": 0.005, ""capture"": 0.005, ""miss_deg"": 0.65, ""labels"": [30]}]"
2026_08_20/000,c1,v9,,s02,16.53,17.02,0.49,2.107,,-1,0.0,0.0,,,,1.0,物品台,,0,0,,,,0,[]
2026_08_20/000,c1,v9,,s02,17.13,18.32,1.19,2.134,,-1,0.0,0.0,,,,1.0,物品台,,0,0,,,,0,[]
2026_08_20/000,c1,v9,,s02,18.37,19.46,1.08,2.158,水瓶,30,1.0,0.059,0.059,0.0,0.0,0.941,物品台,,0,0,1,球R,0,1,"[{""name"": ""水瓶"", ""share"": 1.0, ""q"": 0.059, ""capture"": 0.059, ""miss_deg"": 0.48, ""labels"": [30]}]"
2026_08_20/000,c1,v9,,s02,19.62,20.81,1.19,2.157,水瓶,30,1.0,0.125,0.125,0.0,0.0,0.875,物品台,,0,0,1,球R,0,1,"[{""name"": ""水瓶"", ""share"": 1.0, ""q"": 0.125, ""capture"": 0.125, ""miss_deg"": 0.41, ""labels"": [30]}]"
2026_08_20/000,c1,v9,,s02,21.03,21.62,0.6,2.158,水瓶,30,1.0,0.0,0.0,0.0,0.0,1.0,物品台,,0,0,1,球R,0,1,"[{""name"": ""水瓶"", ""share"": 1.0, ""q"": 0.0, ""capture"": 0.0, ""miss_deg"": 0.84, ""labels"": [30]}]"
2026_08_20/000,c1,v9,,s02,21.68,22.27,0.6,2.216,,-1,0.0,0.0,,,,1.0,object#12,,0,0,1,球R,,0,[]
2026_08_20/000,c1,v9,,s02,22.44,23.09,0.65,2.159,水瓶,30,1.0,0.054,0.054,0.0,0.0,0.946,物品台,,0,0,,,,1,"[{""name"": ""水瓶"", ""share"": 1.0, ""q"": 0.054, ""capture"": 0.054, ""miss_deg"": 0.48, ""labels"": [30]}]"
2026_08_20/000,c1,v9,,s02,23.48,23.81,0.33,2.215,球M,261,0.909,0.347,0.347,0.101,0.1,0.619,object#12,,1,1,,,,2,"[{""name"": ""球M"", ""share"": 0.909, ""q"": 0.347, ""capture"": 0.347, ""miss_deg"": 0.29, ""labels"": [261]}, {""name"": ""水瓶"", ""share"": 0.091, ""q"": 0.035, ""capture"": 0.035, ""miss_deg"": 0.52, ""labels"": [30]}]"
2026_08_20/000,c1,v9,,s02,23.92,27.08,3.17,2.228,球M,261,1.0,1.0,1.0,0.0,0.0,0.0,,,1,1,2,香蕉,0,1,"[{""name"": ""球M"", ""share"": 1.0, ""q"": 1.0, ""capture"": 1.0, ""miss_deg"": 0.01, ""labels"": [261]}]"
2026_08_20/000,c1,v9,,s02,27.14,27.79,0.65,2.274,球M,261,0.6,0.578,0.578,0.647,0.647,0.036,object#12,,1,1,2,香蕉,0,3,"[{""name"": ""球M"", ""share"": 0.6, ""q"": 0.578, ""capture"": 0.578, ""miss_deg"": 0.21, ""labels"": [261]}, {""name"": ""水瓶"", ""share"": 0.388, ""q"": 0.374, ""capture"": 0.374, ""miss_deg"": 0.28, ""labels"": [30]}, {""name"": ""香蕉"", ""share"": 0.012, ""q"": 0.012, ""capture"": 0.012, ""miss_deg"": 0.6, ""labels"": [264]}]"
2026_08_20/000,c1,v9,,s02,28.02,29.1,1.08,2.252,球M,261,1.0,1.0,1.0,0.0,0.0,0.0,,,1,1,2,香蕉,0,1,"[{""name"": ""球M"", ""share"": 1.0, ""q"": 1.0, ""capture"": 1.0, ""miss_deg"": 0.01, ""labels"": [261]}]"
2026_08_20/000,c1,v9,,s02,29.15,30.34,1.19,2.238,水瓶,30,0.927,0.016,0.016,0.062,0.079,0.983,object#12,,0,0,,,,2,"[{""name"": ""水瓶"", ""share"": 0.927, ""q"": 0.016, ""capture"": 0.016, ""miss_deg"": 0.57, ""labels"": [30]}, {""name"": ""苹果红"", ""share"": 0.073, ""q"": 0.001, ""capture"": 0.001, ""miss_deg"": 0.73, ""labels"": [260]}]"
2026_08_20/000,c1,v9,,s02,31.01,31.82,0.81,3.093,纸箱子,73,1.0,1.0,1.0,0.0,0.0,0.0,,,1,1,3,纸箱子,1,1,"[{""name"": ""纸箱子"", ""share"": 1.0, ""q"": 1.0, ""capture"": 1.0, ""miss_deg"": 0.0, ""labels"": [33, 73]}]"
2026_08_20/000,c1,v9,,s02,31.87,32.42,0.54,3.026,纸箱子,33,1.0,0.828,0.828,0.0,0.0,0.172,object#38,,1,1,3,纸箱子,1,1,"[{""name"": ""纸箱子"", ""share"": 1.0, ""q"": 0.828, ""capture"": 0.828, ""miss_deg"": 0.12, ""labels"": [33, 73]}]"
2026_08_20/000,c1,v9,,s02,32.47,36.8,4.33,3.06,纸箱子,33,1.0,1.0,1.0,0.0,0.0,0.0,,,1,1,3,纸箱子,1,1,"[{""name"": ""纸箱子"", ""share"": 1.0, ""q"": 1.0, ""capture"": 1.0, ""miss_deg"": 0.01, ""labels"": [33, 73]}]"
2026_08_20/000,c1,v9,,s02,37.31,38.67,1.37,2.251,水瓶,30,0.663,0.046,0.046,0.522,0.508,0.93,物品台,,0,0,,,,2,"[{""name"": ""水瓶"", ""share"": 0.663, ""q"": 0.046, ""capture"": 0.046, ""miss_deg"": 0.5, ""labels"": [30]}, {""name"": ""苹果粉"", ""share"": 0.337, ""q"": 0.024, ""capture"": 0.024, ""miss_deg"": 0.55, ""labels"": [64]}]"
2026_08_20/000,c1,v9,,s02,38.74,39.9,1.16,2.24,苹果粉,64,0.866,0.411,0.411,0.153,0.155,0.525,物品台,,1,1,4,苹果粉,1,2,"[{""name"": ""苹果粉"", ""share"": 0.866, ""q"": 0.411, ""capture"": 0.411, ""miss_deg"": 0.27, ""labels"": [64]}, {""name"": ""水瓶"", ""share"": 0.134, ""q"": 0.063, ""capture"": 0.063, ""miss_deg"": 0.47, ""labels"": [30]}]"
2026_08_20/000,c1,v9,,s02,40.13,42.46,2.33,2.233,,-1,0.0,0.0,,,,1.0,物品台,,0,0,4,苹果粉,,0,[]
2026_08_20/000,c1,v9,,s02,42.51,42.89,0.38,2.242,球L,259,1.0,0.521,0.521,0.0,0.0,0.479,object#12,,1,1,4,苹果粉,0,1,"[{""name"": ""球L"", ""share"": 1.0, ""q"": 0.521, ""capture"": 0.521, ""miss_deg"": 0.23, ""labels"": [259]}]"
2026_08_20/000,c1,v9,,s02,42.94,43.97,1.03,2.243,苹果粉,64,0.897,0.004,0.004,0.0,0.115,0.995,物品台,,0,0,,,,2,"[{""name"": ""苹果粉"", ""share"": 0.897, ""q"": 0.004, ""capture"": 0.004, ""miss_deg"": 0.66, ""labels"": [64]}, {""name"": ""水瓶"", ""share"": 0.103, ""q"": 0.0, ""capture"": 0.0, ""miss_deg"": 0.78, ""labels"": [30]}]"
2026_08_20/000,c1,v9,,s02,44.21,44.69,0.48,2.3,白杯1,266,1.0,0.489,0.489,0.0,0.0,0.511,object#12,,1,1,,,,1,"[{""name"": ""白杯1"", ""share"": 1.0, ""q"": 0.489, ""capture"": 0.489, ""miss_deg"": 0.24, ""labels"": [266]}]"
2026_08_20/000,c1,v9,,s02,45.51,45.83,0.32,2.274,白杯1,266,1.0,0.896,0.896,0.0,0.0,0.104,object#12,,1,1,5,白杯1,1,1,"[{""name"": ""白杯1"", ""share"": 1.0, ""q"": 0.896, ""capture"": 0.896, ""miss_deg"": 0.09, ""labels"": [266]}]"
2026_08_20/000,c1,v9,,s02,46.05,46.97,0.92,2.321,白杯1,266,1.0,0.287,0.287,0.0,0.0,0.713,object#12,,1,1,5,白杯1,1,1,"[{""name"": ""白杯1"", ""share"": 1.0, ""q"": 0.287, ""capture"": 0.287, ""miss_deg"": 0.32, ""labels"": [266]}]"
2026_08_20/000,c1,v9,,s02,47.13,49.35,2.22,2.375,,-1,0.0,0.0,,,,1.0,object#12,,0,0,5,白杯1,,0,[]
2026_08_20/000,c1,v9,,s02,49.41,49.73,0.32,2.266,,-1,0.0,0.0,,,,1.0,物品台,,0,0,5,白杯1,,0,[]
2026_08_20/000,c1,v9,,s02,49.97,50.68,0.7,2.306,,-1,0.0,0.0,,,,1.0,object#12,,0,0,,,,0,[]
2026_08_20/000,c1,v9,,s02,50.73,53.82,3.09,2.268,水瓶,30,0.996,0.962,0.962,0.004,0.004,0.034,object#12,,1,1,,,,2,"[{""name"": ""水瓶"", ""share"": 0.996, ""q"": 0.962, ""capture"": 0.962, ""miss_deg"": 0.06, ""labels"": [30]}, {""name"": ""香蕉"", ""share"": 0.004, ""q"": 0.004, ""capture"": 0.004, ""miss_deg"": 0.66, ""labels"": [264]}]"
2026_08_20/000,c1,v9,,s02,53.91,54.2,0.3,2.301,白杯1,266,1.0,1.0,1.0,0.0,0.0,0.0,,,1,1,6,水瓶,0,1,"[{""name"": ""白杯1"", ""share"": 1.0, ""q"": 1.0, ""capture"": 1.0, ""miss_deg"": 0.01, ""labels"": [266]}]"
2026_08_20/000,c1,v9,,s02,54.26,55.23,0.97,2.326,水瓶,30,1.0,1.0,1.0,0.0,0.0,0.0,,,1,1,6,水瓶,1,1,"[{""name"": ""水瓶"", ""share"": 1.0, ""q"": 1.0, ""capture"": 1.0, ""miss_deg"": 0.01, ""labels"": [30]}]"
2026_08_20/000,c1,v9,,s02,56.21,56.48,0.27,2.212,球M,261,1.0,0.2,0.2,0.0,0.0,0.8,object#12,,1,1,6,水瓶,0,1,"[{""name"": ""球M"", ""share"": 1.0, ""q"": 0.2, ""capture"": 0.2, ""miss_deg"": 0.36, ""labels"": [261]}]"
2026_08_20/000,c1,v9,,s02,56.96,57.61,0.65,2.275,球M,261,0.936,0.322,0.322,0.068,0.068,0.656,物品台,,1,1,,,,2,"[{""name"": ""球M"", ""share"": 0.936, ""q"": 0.322, ""capture"": 0.322, ""miss_deg"": 0.3, ""labels"": [261]}, {""name"": ""水瓶"", ""share"": 0.064, ""q"": 0.022, ""capture"": 0.022, ""miss_deg"": 0.55, ""labels"": [30]}]"
2026_08_20/000,c1,v9,,s02,58.47,58.96,0.49,2.311,水瓶,30,1.0,1.0,1.0,0.0,0.0,0.0,,,1,1,,,,1,"[{""name"": ""水瓶"", ""share"": 1.0, ""q"": 1.0, ""capture"": 1.0, ""miss_deg"": 0.01, ""labels"": [30]}]"
2026_08_20/000,c1,v9,,s02,59.01,59.71,0.7,2.291,香蕉,264,0.486,0.006,0.006,0.667,0.691,0.988,object#12,,0,0,,,,3,"[{""name"": ""香蕉"", ""share"": 0.486, ""q"": 0.006, ""capture"": 0.006, ""miss_deg"": 0.64, ""labels"": [264]}, {""name"": ""苹果红"", ""share"": 0.336, ""q"": 0.004, ""capture"": 0.004, ""miss_deg"": 0.67, ""labels"": [260]}, {""name"": ""水瓶"", ""share"": 0.178, ""q"": 0.002, ""capture"": 0.002, ""miss_deg"": 0.7, ""labels"": [30]}]"
2026_08_20/000,c1,v9,,s02,59.77,60.63,0.87,2.339,水瓶,30,1.0,1.0,1.0,0.0,0.0,0.0,,,1,1,,,,1,"[{""name"": ""水瓶"", ""share"": 1.0, ""q"": 1.0, ""capture"": 1.0, ""miss_deg"": 0.01, ""labels"": [30]}]"
2026_08_20/000,c1,v9,,s02,61.2,61.68,0.49,3.343,,-1,0.0,0.0,,,,1.0,object#136,,0,0,,,,0,[]
2026_08_20/000,c1,v9,,s02,61.74,62.44,0.7,3.426,,-1,0.0,0.0,,,,1.0,object#118,,0,0,,,,0,[]
2026_08_20/000,c1,v9,,s02,62.5,62.77,0.27,3.423,,-1,0.0,0.0,,,,1.0,object#36,,0,0,,,,0,[]
2026_08_20/000,c1,v9,,s02,64.98,65.31,0.32,2.232,,-1,0.0,0.0,,,,1.0,物品台,,0,0,,,,0,[]
2026_08_20/000,c1,v9,,s02,65.63,65.91,0.27,2.161,,-1,0.0,0.0,,,,1.0,物品台,,0,0,,,,0,[]
2026_08_20/000,c1,v9,,s02,66.18,66.46,0.27,2.341,红杯,49,1.0,0.977,0.977,0.0,0.0,0.023,object#12,,1,1,,,,1,"[{""name"": ""红杯"", ""share"": 1.0, ""q"": 0.977, ""capture"": 0.977, ""miss_deg"": 0.04, ""labels"": [49]}]"
2026_08_20/000,c1,v9,,s02,66.51,67.54,1.03,2.311,白杯1,266,0.588,0.479,0.479,0.466,0.466,0.187,object#12,,1,1,,,,3,"[{""name"": ""白杯1"", ""share"": 0.588, ""q"": 0.479, ""capture"": 0.479, ""miss_deg"": 0.24, ""labels"": [266]}, {""name"": ""球R"", ""share"": 0.274, ""q"": 0.223, ""capture"": 0.223, ""miss_deg"": 0.35, ""labels"": [263]}, {""name"": ""红杯"", ""share"": 0.137, ""q"": 0.112, ""capture"": 0.112, ""miss_deg"": 0.42, ""labels"": [49]}]"
2026_08_20/000,c1,v9,,s02,68.0,68.68,0.67,2.347,红杯,49,1.0,0.958,0.958,0.0,0.0,0.042,object#12,,1,1,7,红杯,1,1,"[{""name"": ""红杯"", ""share"": 1.0, ""q"": 0.958, ""capture"": 0.958, ""miss_deg"": 0.06, ""labels"": [49]}]"
2026_08_20/000,c1,v9,,s02,68.74,69.17,0.43,2.311,白杯2,267,0.999,0.882,0.882,0.001,0.001,0.117,object#12,,1,1,7,红杯,0,2,"[{""name"": ""白杯2"", ""share"": 0.999, ""q"": 0.882, ""capture"": 0.882, ""miss_deg"": 0.1, ""labels"": [267]}, {""name"": ""红杯"", ""share"": 0.001, ""q"": 0.001, ""capture"": 0.001, ""miss_deg"": 0.74, ""labels"": [49]}]"
2026_08_20/000,c1,v9,,s02,69.23,69.82,0.6,2.301,球R,263,0.946,0.772,0.772,0.057,0.057,0.183,object#12,,1,1,7,红杯,0,2,"[{""name"": ""球R"", ""share"": 0.946, ""q"": 0.772, ""capture"": 0.772, ""miss_deg"": 0.14, ""labels"": [263]}, {""name"": ""白杯1"", ""share"": 0.054, ""q"": 0.044, ""capture"": 0.044, ""miss_deg"": 0.5, ""labels"": [266]}]"
2026_08_20/000,c1,v9,,s02,69.88,70.36,0.49,2.303,球R,263,0.949,0.374,0.374,0.053,0.054,0.606,object#12,,1,1,7,红杯,0,2,"[{""name"": ""球R"", ""share"": 0.949, ""q"": 0.374, ""capture"": 0.374, ""miss_deg"": 0.28, ""labels"": [263]}, {""name"": ""红杯"", ""share"": 0.051, ""q"": 0.02, ""capture"": 0.02, ""miss_deg"": 0.56, ""labels"": [49]}]"
2026_08_20/000,c1,v9,,s02,70.42,71.07,0.65,2.297,白杯1,266,1.0,1.0,1.0,0.0,0.0,0.0,,,1,1,7,红杯,0,1,"[{""name"": ""白杯1"", ""share"": 1.0, ""q"": 1.0, ""capture"": 1.0, ""miss_deg"": 0.01, ""labels"": [266]}]"
2026_08_20/000,c1,v9,,s02,71.12,71.99,0.87,2.338,红杯,49,0.572,0.223,0.223,0.749,0.748,0.609,object#12,,1,1,7,红杯,1,2,"[{""name"": ""红杯"", ""share"": 0.572, ""q"": 0.223, ""capture"": 0.223, ""miss_deg"": 0.35, ""labels"": [49]}, {""name"": ""白杯2"", ""share"": 0.428, ""q"": 0.167, ""capture"": 0.167, ""miss_deg"": 0.38, ""labels"": [267]}]"
2026_08_20/000,c1,v9,,s02,72.04,72.53,0.49,2.311,白杯1,266,0.847,0.514,0.514,0.181,0.181,0.393,object#12,,1,1,,,,2,"[{""name"": ""白杯1"", ""share"": 0.847, ""q"": 0.514, ""capture"": 0.514, ""miss_deg"": 0.23, ""labels"": [266]}, {""name"": ""球R"", ""share"": 0.153, ""q"": 0.093, ""capture"": 0.093, ""miss_deg"": 0.44, ""labels"": [263]}]"
2026_08_20/000,c1,v9,,s02,74.0,75.35,1.35,2.259,球L,259,0.617,0.553,0.553,0.62,0.621,0.104,object#12,,1,1,8,苹果红,0,2,"[{""name"": ""球L"", ""share"": 0.617, ""q"": 0.553, ""capture"": 0.553, ""miss_deg"": 0.22, ""labels"": [259]}, {""name"": ""苹果红"", ""share"": 0.383, ""q"": 0.343, ""capture"": 0.343, ""miss_deg"": 0.29, ""labels"": [260]}]"
2026_08_20/000,c1,v9,,s02,75.41,76.0,0.6,2.256,苹果红,260,0.548,0.476,0.476,0.826,0.825,0.131,object#12,,1,1,8,苹果红,1,2,"[{""name"": ""苹果红"", ""share"": 0.548, ""q"": 0.476, ""capture"": 0.476, ""miss_deg"": 0.24, ""labels"": [260]}, {""name"": ""球L"", ""share"": 0.452, ""q"": 0.393, ""capture"": 0.393, ""miss_deg"": 0.27, ""labels"": [259]}]"
2026_08_20/000,c1,v9,,s02,76.06,76.76,0.7,2.266,球L,259,1.0,1.0,1.0,0.0,0.0,0.0,,,1,1,8,苹果红,0,1,"[{""name"": ""球L"", ""share"": 1.0, ""q"": 1.0, ""capture"": 1.0, ""miss_deg"": 0.01, ""labels"": [259]}]"
2026_08_20/000,c1,v9,,s02,77.19,79.79,2.6,2.246,苹果红,260,1.0,0.002,0.002,0.0,0.0,0.998,object#12,,0,0,8,苹果红,1,1,"[{""name"": ""苹果红"", ""share"": 1.0, ""q"": 0.002, ""capture"": 0.002, ""miss_deg"": 0.71, ""labels"": [260]}]"
2026_08_20/000,c1,v9,,s02,80.36,81.23,0.87,2.167,,-1,0.0,0.0,,,,1.0,物品台,,0,0,9,球M,,0,[]
2026_08_20/000,c1,v9,,s02,81.28,81.61,0.32,2.225,水瓶,30,1.0,0.006,0.006,0.0,0.0,0.994,object#12,,0,0,9,球M,0,1,"[{""name"": ""水瓶"", ""share"": 1.0, ""q"": 0.006, ""capture"": 0.006, ""miss_deg"": 0.64, ""labels"": [30]}]"
2026_08_20/000,c1,v9,,s02,82.37,82.69,0.32,2.233,球M,261,1.0,1.0,1.0,0.0,0.0,0.0,,,1,1,9,球M,1,1,"[{""name"": ""球M"", ""share"": 1.0, ""q"": 1.0, ""capture"": 1.0, ""miss_deg"": 0.01, ""labels"": [261]}]"
2026_08_20/000,c1,v9,,s02,82.76,83.02,0.27,2.261,水瓶,30,1.0,0.003,0.003,0.0,0.0,0.997,物品台,,0,0,9,球M,0,1,"[{""name"": ""水瓶"", ""share"": 1.0, ""q"": 0.003, ""capture"": 0.003, ""miss_deg"": 0.67, ""labels"": [30]}]"
2026_08_20/000,c1,v9,,s02,83.8,84.07,0.27,2.272,球M,261,0.979,0.478,0.478,0.021,0.021,0.512,object#12,,1,1,9,球M,1,2,"[{""name"": ""球M"", ""share"": 0.979, ""q"": 0.478, ""capture"": 0.478, ""miss_deg"": 0.24, ""labels"": [261]}, {""name"": ""水瓶"", ""share"": 0.021, ""q"": 0.01, ""capture"": 0.01, ""miss_deg"": 0.61, ""labels"": [30]}]"
2026_08_20/000,c1,v9,,s02,84.13,84.4,0.27,2.291,球L,259,0.734,0.088,0.088,0.364,0.362,0.879,物品台,,0,0,9,球M,0,2,"[{""name"": ""球L"", ""share"": 0.734, ""q"": 0.088, ""capture"": 0.088, ""miss_deg"": 0.44, ""labels"": [259]}, {""name"": ""水瓶"", ""share"": 0.266, ""q"": 0.032, ""capture"": 0.032, ""miss_deg"": 0.52, ""labels"": [30]}]"
2026_08_20/000,c1,v9,,s02,84.45,84.78,0.32,2.278,球M,261,0.996,0.76,0.76,0.004,0.004,0.237,object#12,,1,1,9,球M,1,2,"[{""name"": ""球M"", ""share"": 0.996, ""q"": 0.76, ""capture"": 0.76, ""miss_deg"": 0.15, ""labels"": [261]}, {""name"": ""水瓶"", ""share"": 0.004, ""q"": 0.003, ""capture"": 0.003, ""miss_deg"": 0.68, ""labels"": [30]}]"
2026_08_20/000,c1,v9,,s02,84.83,85.26,0.43,2.195,,-1,0.0,0.0,,,,1.0,物品台,,0,0,9,球M,,0,[]
2026_08_20/000,c1,v9,,s02,85.32,86.02,0.7,2.224,球M,261,0.994,0.148,0.148,0.007,0.006,0.851,object#12,,0,0,9,球M,1,2,"[{""name"": ""球M"", ""share"": 0.994, ""q"": 0.148, ""capture"": 0.148, ""miss_deg"": 0.39, ""labels"": [261]}, {""name"": ""水瓶"", ""share"": 0.006, ""q"": 0.001, ""capture"": 0.001, ""miss_deg"": 0.75, ""labels"": [30]}]"
2026_08_20/000,c1,v9,,s02,86.67,87.27,0.6,2.312,苹果红,260,0.768,0.478,0.478,0.299,0.301,0.378,object#12,,1,1,,,,3,"[{""name"": ""苹果红"", ""share"": 0.768, ""q"": 0.478, ""capture"": 0.478, ""miss_deg"": 0.24, ""labels"": [260]}, {""name"": ""橘子"", ""share"": 0.231, ""q"": 0.143, ""capture"": 0.143, ""miss_deg"": 0.39, ""labels"": [262]}, {""name"": ""球L"", ""share"": 0.001, ""q"": 0.001, ""capture"": 0.001, ""miss_deg"": 0.75, ""labels"": [259]}]"
2026_08_20/000,c1,v9,,s02,87.32,92.36,5.04,2.347,橘子,262,0.752,0.49,0.49,0.265,0.266,0.348,物品台,,1,1,10,橘子,1,3,"[{""name"": ""橘子"", ""share"": 0.752, ""q"": 0.49, ""capture"": 0.49, ""miss_deg"": 0.24, ""labels"": [262]}, {""name"": ""苹果红"", ""share"": 0.2, ""q"": 0.13, ""capture"": 0.13, ""miss_deg"": 0.4, ""labels"": [260]}, {""name"": ""香蕉"", ""share"": 0.048, ""q"": 0.032, ""capture"": 0.032, ""miss_deg"": 0.53, ""labels"": [264]}]"
2026_08_20/000,c1,v9,,s02,92.65,93.35,0.7,2.3,苹果红,260,0.988,0.884,0.884,0.011,0.012,0.106,object#12,,1,1,,,,2,"[{""name"": ""苹果红"", ""share"": 0.988, ""q"": 0.884, ""capture"": 0.884, ""miss_deg"": 0.1, ""labels"": [260]}, {""name"": ""水瓶"", ""share"": 0.012, ""q"": 0.01, ""capture"": 0.01, ""miss_deg"": 0.6, ""labels"": [30]}]"
2026_08_20/000,c1,v9,,s02,93.73,95.36,1.62,2.27,球L,259,1.0,0.816,0.816,0.0,0.0,0.184,object#12,,1,1,,,,1,"[{""name"": ""球L"", ""share"": 1.0, ""q"": 0.816, ""capture"": 0.816, ""miss_deg"": 0.13, ""labels"": [259]}]"
2026_08_20/000,c1,v9,,s02,95.74,96.55,0.81,2.288,球L,259,0.872,0.086,0.086,0.151,0.147,0.901,物品台,,0,0,11,球L,1,2,"[{""name"": ""球L"", ""share"": 0.872, ""q"": 0.086, ""capture"": 0.086, ""miss_deg"": 0.44, ""labels"": [259]}, {""name"": ""水瓶"", ""share"": 0.128, ""q"": 0.013, ""capture"": 0.013, ""miss_deg"": 0.59, ""labels"": [30]}]"
2026_08_20/000,c1,v9,,s02,96.79,97.33,0.54,2.298,球L,259,1.0,0.705,0.705,0.0,0.0,0.295,object#12,,1,1,11,球L,1,1,"[{""name"": ""球L"", ""share"": 1.0, ""q"": 0.705, ""capture"": 0.705, ""miss_deg"": 0.17, ""labels"": [259]}]"
2026_08_20/000,c1,v9,,s02,97.38,97.65,0.27,2.293,水瓶,30,1.0,0.011,0.011,0.0,0.0,0.989,object#12,,0,0,11,球L,0,1,"[{""name"": ""水瓶"", ""share"": 1.0, ""q"": 0.011, ""capture"": 0.011, ""miss_deg"": 0.6, ""labels"": [30]}]"
2026_08_20/000,c1,v9,,s02,98.2,98.47,0.27,2.278,,-1,0.0,0.0,,,,1.0,物品台,,0,0,11,球L,,0,[]
2026_08_20/000,c1,v9,,s02,98.87,99.34,0.47,2.307,水瓶,30,0.976,0.051,0.051,0.02,0.025,0.947,物品台,,0,0,11,球L,0,2,"[{""name"": ""水瓶"", ""share"": 0.976, ""q"": 0.051, ""capture"": 0.051, ""miss_deg"": 0.49, ""labels"": [30]}, {""name"": ""球M"", ""share"": 0.024, ""q"": 0.001, ""capture"": 0.001, ""miss_deg"": 0.73, ""labels"": [261]}]"
2026_08_20/000,c1,v9,,s02,100.15,100.42,0.27,2.322,白杯1,266,1.0,0.179,0.179,0.0,0.0,0.821,object#12,,0,0,,,,1,"[{""name"": ""白杯1"", ""share"": 1.0, ""q"": 0.179, ""capture"": 0.179, ""miss_deg"": 0.37, ""labels"": [266]}]"
2026_08_20/000,c1,v9,,s02,100.86,101.24,0.38,2.317,球R,263,1.0,0.304,0.304,0.0,0.0,0.696,object#12,,1,1,12,白杯2,0,1,"[{""name"": ""球R"", ""share"": 1.0, ""q"": 0.304, ""capture"": 0.304, ""miss_deg"": 0.31, ""labels"": [263]}]"
2026_08_20/000,c1,v9,,s02,101.3,102.7,1.41,2.322,白杯2,267,1.0,1.0,1.0,0.0,0.0,0.0,,,1,1,12,白杯2,1,1,"[{""name"": ""白杯2"", ""share"": 1.0, ""q"": 1.0, ""capture"": 1.0, ""miss_deg"": 0.01, ""labels"": [267]}]"
2026_08_20/000,c1,v9,,s02,102.76,103.9,1.14,2.298,白杯2,267,0.998,0.821,0.821,0.002,0.002,0.177,object#12,,1,1,12,白杯2,1,2,"[{""name"": ""白杯2"", ""share"": 0.998, ""q"": 0.821, ""capture"": 0.821, ""miss_deg"": 0.13, ""labels"": [267]}, {""name"": ""红杯"", ""share"": 0.002, ""q"": 0.002, ""capture"": 0.002, ""miss_deg"": 0.72, ""labels"": [49]}]"
2026_08_20/000,c1,v9,,s02,104.06,105.47,1.41,2.31,球R,263,0.872,0.503,0.503,0.147,0.147,0.423,object#12,,1,1,12,白杯2,0,3,"[{""name"": ""球R"", ""share"": 0.872, ""q"": 0.503, ""capture"": 0.503, ""miss_deg"": 0.23, ""labels"": [263]}, {""name"": ""红杯"", ""share"": 0.128, ""q"": 0.074, ""capture"": 0.074, ""miss_deg"": 0.46, ""labels"": [49]}, {""name"": ""白杯1"", ""share"": 0.001, ""q"": 0.0, ""capture"": 0.0, ""miss_deg"": 0.8, ""labels"": [266]}]"
2026_08_20/000,c1,v9,,s02,105.95,106.5,0.54,2.288,白杯1,266,1.0,0.397,0.397,0.0,0.0,0.603,object#12,,1,1,12,白杯2,0,1,"[{""name"": ""白杯1"", ""share"": 1.0, ""q"": 0.397, ""capture"": 0.397, ""miss_deg"": 0.27, ""labels"": [266]}]"
2026_08_20/000,c1,v9,,s02,106.55,106.98,0.43,2.282,红杯,49,0.773,0.182,0.182,0.297,0.294,0.765,object#12,,0,0,,,,2,"[{""name"": ""红杯"", ""share"": 0.773, ""q"": 0.182, ""capture"": 0.182, ""miss_deg"": 0.37, ""labels"": [49]}, {""name"": ""球R"", ""share"": 0.227, ""q"": 0.054, ""capture"": 0.054, ""miss_deg"": 0.48, ""labels"": [263]}]"
2026_08_20/000,c1,v9,,s02,107.09,107.42,0.32,2.293,水瓶,30,0.993,0.211,0.211,0.009,0.007,0.787,object#12,,1,1,,,,2,"[{""name"": ""水瓶"", ""share"": 0.993, ""q"": 0.211, ""capture"": 0.211, ""miss_deg"": 0.35, ""labels"": [30]}, {""name"": ""球M"", ""share"": 0.007, ""q"": 0.002, ""capture"": 0.002, ""miss_deg"": 0.72, ""labels"": [261]}]"
2026_08_20/000,c1,v9,,s02,107.47,107.9,0.43,2.292,白杯1,266,0.987,0.983,0.983,0.013,0.013,0.005,object#12,,1,1,,,,2,"[{""name"": ""白杯1"", ""share"": 0.987, ""q"": 0.983, ""capture"": 0.983, ""miss_deg"": 0.04, ""labels"": [266]}, {""name"": ""球R"", ""share"": 0.013, ""q"": 0.013, ""capture"": 0.013, ""miss_deg"": 0.59, ""labels"": [263]}]"
2026_08_20/000,c1,v9,,s02,112.37,112.94,0.57,1.094,,-1,0.0,0.0,,,,1.0,object#14,,0,0,,,,0,[]
2026_08_20/000,c1,v9,,s02,113.87,114.19,0.32,0.638,,-1,0.0,0.0,,,,1.0,object#34,,0,0,,,,0,[]
2026_08_20/000,c1,v9,,s02,114.46,114.9,0.44,0.856,,-1,0.0,0.0,,,,1.0,object#88,,0,0,,,,0,[]
2026_08_20/001,c2,v9,,s02,3.28,3.67,0.38,3.041,,-1,0.0,0.0,,,,1.0,floor,,0,0,,,,0,[]
2026_08_20/001,c2,v9,,s02,9.17,9.5,0.32,3.454,,-1,0.0,0.0,,,,1.0,object#143,,0,0,,,,0,[]
2026_08_20/001,c2,v9,,s02,10.05,10.43,0.38,2.739,球L,259,0.959,0.605,0.605,0.043,0.043,0.37,object#12,,1,1,,,,2,"[{""name"": ""球L"", ""share"": 0.959, ""q"": 0.605, ""capture"": 0.605, ""miss_deg"": 0.2, ""labels"": [259]}, {""name"": ""苹果红"", ""share"": 0.041, ""q"": 0.026, ""capture"": 0.026, ""miss_deg"": 0.54, ""labels"": [260]}]"
2026_08_20/001,c2,v9,,s02,11.31,11.64,0.32,3.431,,-1,0.0,0.0,,,,1.0,object#60,,0,0,,,,0,[]
2026_08_20/001,c2,v9,,s02,11.75,12.02,0.27,3.534,,-1,0.0,0.0,,,,1.0,object#26,,0,0,,,,0,[]
2026_08_20/001,c2,v9,,s02,12.41,13.06,0.65,3.364,,-1,0.0,0.0,,,,1.0,object#26,,0,0,,,,0,[]
2026_08_20/001,c2,v9,,s02,14.23,14.5,0.27,2.572,水瓶,30,0.977,0.198,0.198,0.025,0.024,0.797,物品台,,0,0,,,,2,"[{""name"": ""水瓶"", ""share"": 0.977, ""q"": 0.198, ""capture"": 0.198, ""miss_deg"": 0.36, ""labels"": [30]}, {""name"": ""球M"", ""share"": 0.023, ""q"": 0.005, ""capture"": 0.005, ""miss_deg"": 0.66, ""labels"": [261]}]"
2026_08_20/001,c2,v9,,s02,14.71,15.36,0.65,2.723,,-1,0.0,0.0,,,,1.0,物品台,,0,0,,,,0,[]
2026_08_20/001,c2,v9,,s02,15.53,15.9,0.38,2.514,,-1,0.0,0.0,,,,1.0,物品台,,0,0,,,,0,[]
2026_08_20/001,c2,v9,,s02,16.39,17.74,1.35,2.71,球R,263,1.0,0.315,0.315,0.0,0.0,0.685,object#12,,1,1,1,球R,1,1,"[{""name"": ""球R"", ""share"": 1.0, ""q"": 0.315, ""capture"": 0.315, ""miss_deg"": 0.3, ""labels"": [263]}]"
2026_08_20/001,c2,v9,,s02,17.79,18.17,0.38,2.719,,-1,0.0,0.0,,,,1.0,object#106,,0,0,1,球R,,0,[]
2026_08_20/001,c2,v9,,s02,18.5,19.42,0.92,2.799,水瓶,30,1.0,0.0,0.0,0.0,0.0,1.0,物品台,,0,0,1,球R,0,1,"[{""name"": ""水瓶"", ""share"": 1.0, ""q"": 0.0, ""capture"": 0.0, ""miss_deg"": 0.8, ""labels"": [30]}]"
2026_08_20/001,c2,v9,,s02,20.64,20.91,0.27,3.017,球R,263,0.927,0.734,0.734,0.079,0.079,0.208,object#12,,1,1,,,,2,"[{""name"": ""球R"", ""share"": 0.927, ""q"": 0.734, ""capture"": 0.734, ""miss_deg"": 0.16, ""labels"": [263]}, {""name"": ""白杯1"", ""share"": 0.073, ""q"": 0.058, ""capture"": 0.058, ""miss_deg"": 0.48, ""labels"": [266]}]"
2026_08_20/001,c2,v9,,s02,21.29,21.67,0.38,3.117,水瓶,30,1.0,0.003,0.003,0.0,0.0,0.997,物品台,,0,0,,,,1,"[{""name"": ""水瓶"", ""share"": 1.0, ""q"": 0.003, ""capture"": 0.003, ""miss_deg"": 0.68, ""labels"": [30]}]"
2026_08_20/001,c2,v9,,s02,22.21,22.7,0.49,3.163,水瓶,30,1.0,0.017,0.017,0.0,0.0,0.983,物品台,,0,0,,,,1,"[{""name"": ""水瓶"", ""share"": 1.0, ""q"": 0.017, ""capture"": 0.017, ""miss_deg"": 0.57, ""labels"": [30]}]"
2026_08_20/001,c2,v9,,s02,23.29,25.46,2.17,3.193,,-1,0.0,0.0,,,,1.0,物品台,,0,0,2,球R,,0,[]
2026_08_20/001,c2,v9,,s02,25.73,26.22,0.49,3.191,,-1,0.0,0.0,,,,1.0,物品台,,0,0,,,,0,[]
2026_08_20/001,c2,v9,,s02,26.54,26.92,0.38,3.156,水瓶,30,1.0,0.028,0.028,0.0,0.0,0.972,物品台,,0,0,,,,1,"[{""name"": ""水瓶"", ""share"": 1.0, ""q"": 0.028, ""capture"": 0.028, ""miss_deg"": 0.53, ""labels"": [30]}]"
2026_08_20/001,c2,v9,,s02,27.8,28.29,0.49,3.184,,-1,0.0,0.0,,,,1.0,物品台,,0,0,,,,0,[]
2026_08_20/001,c2,v9,,s02,28.77,29.05,0.27,3.118,水瓶,30,1.0,0.004,0.004,0.0,0.0,0.996,物品台,,0,0,,,,1,"[{""name"": ""水瓶"", ""share"": 1.0, ""q"": 0.004, ""capture"": 0.004, ""miss_deg"": 0.67, ""labels"": [30]}]"
2026_08_20/001,c2,v9,,s02,29.53,29.8,0.27,3.181,,-1,0.0,0.0,,,,1.0,物品台,,0,0,4,球L,,0,[]
2026_08_20/001,c2,v9,,s02,29.86,30.56,0.7,3.134,球L,259,0.992,0.59,0.59,0.008,0.008,0.405,object#12,,1,1,4,球L,1,3,"[{""name"": ""球L"", ""share"": 0.992, ""q"": 0.59, ""capture"": 0.59, ""miss_deg"": 0.21, ""labels"": [259]}, {""name"": ""水瓶"", ""share"": 0.008, ""q"": 0.005, ""capture"": 0.005, ""miss_deg"": 0.66, ""labels"": [30]}, {""name"": ""苹果粉"", ""share"": 0.0, ""q"": 0.0, ""capture"": 0.0, ""miss_deg"": 0.82, ""labels"": [64]}]"
2026_08_20/001,c2,v9,,s02,30.8,31.78,0.97,3.132,球L,259,0.998,0.958,0.958,0.002,0.002,0.04,object#12,,1,1,4,球L,1,2,"[{""name"": ""球L"", ""share"": 0.998, ""q"": 0.958, ""capture"": 0.958, ""miss_deg"": 0.06, ""labels"": [259]}, {""name"": ""苹果红"", ""share"": 0.002, ""q"": 0.002, ""capture"": 0.002, ""miss_deg"": 0.72, ""labels"": [260]}]"
2026_08_20/001,c2,v9,,s02,31.83,32.21,0.38,3.164,球M,261,0.583,0.582,0.582,0.716,0.715,0.0,,,1,1,,,,2,"[{""name"": ""球M"", ""share"": 0.583, ""q"": 0.582, ""capture"": 0.582, ""miss_deg"": 0.21, ""labels"": [261]}, {""name"": ""水瓶"", ""share"": 0.417, ""q"": 0.417, ""capture"": 0.417, ""miss_deg"": 0.26, ""labels"": [30]}]"
2026_08_20/001,c2,v9,,s02,32.27,33.25,0.98,3.196,球L,259,1.0,0.359,0.359,0.0,0.0,0.641,物品台,,1,1,,,,1,"[{""name"": ""球L"", ""share"": 1.0, ""q"": 0.359, ""capture"": 0.359, ""miss_deg"": 0.29, ""labels"": [259]}]"
2026_08_20/001,c2,v9,,s02,33.3,36.28,2.98,3.253,苹果红,260,0.643,0.215,0.215,0.535,0.535,0.665,object#12,,1,1,,,,3,"[{""name"": ""苹果红"", ""share"": 0.643, ""q"": 0.215, ""capture"": 0.215, ""miss_deg"": 0.35, ""labels"": [260]}, {""name"": ""球L"", ""share"": 0.344, ""q"": 0.115, ""capture"": 0.115, ""miss_deg"": 0.42, ""labels"": [259]}, {""name"": ""水瓶"", ""share"": 0.012, ""q"": 0.004, ""capture"": 0.004, ""miss_deg"": 0.66, ""labels"": [30]}]"
2026_08_20/001,c2,v9,,s02,37.15,37.85,0.7,3.256,,-1,0.0,0.0,,,,1.0,物品台,,0,0,,,,0,[]
2026_08_20/001,c2,v9,,s02,37.9,39.47,1.57,3.261,水瓶,30,1.0,0.002,0.002,0.0,0.0,0.998,物品台,,0,0,,,,1,"[{""name"": ""水瓶"", ""share"": 1.0, ""q"": 0.002, ""capture"": 0.002, ""miss_deg"": 0.71, ""labels"": [30]}]"
2026_08_20/001,c2,v9,,s02,39.53,39.8,0.27,3.295,水瓶,30,1.0,0.001,0.001,0.0,0.0,0.999,物品台,,0,0,,,,1,"[{""name"": ""水瓶"", ""share"": 1.0, ""q"": 0.001, ""capture"": 0.001, ""miss_deg"": 0.77, ""labels"": [30]}]"
2026_08_20/001,c2,v9,,s02,39.96,40.34,0.38,3.256,,-1,0.0,0.0,,,,1.0,物品台,,0,0,,,,0,[]
2026_08_20/001,c2,v9,,s02,40.61,41.69,1.08,3.244,,-1,0.0,0.0,,,,1.0,物品台,,0,0,,,,0,[]
2026_08_20/001,c2,v9,,s02,42.02,42.94,0.92,3.266,,-1,0.0,0.0,,,,1.0,物品台,,0,0,,,,0,[]
2026_08_20/001,c2,v9,,s02,43.18,45.19,2.01,3.223,苹果粉,64,0.867,0.313,0.313,0.153,0.153,0.639,物品台,,1,1,5,苹果粉,1,2,"[{""name"": ""苹果粉"", ""share"": 0.867, ""q"": 0.313, ""capture"": 0.313, ""miss_deg"": 0.3, ""labels"": [64]}, {""name"": ""水瓶"", ""share"": 0.133, ""q"": 0.048, ""capture"": 0.048, ""miss_deg"": 0.49, ""labels"": [30]}]"
2026_08_20/001,c2,v9,,s02,45.4,46.6,1.2,3.234,,-1,0.0,0.0,,,,1.0,物品台,,0,0,5,苹果粉,,0,[]
2026_08_20/001,c2,v9,,s02,46.84,49.22,2.38,3.207,水瓶,30,1.0,0.002,0.002,0.0,0.0,0.998,物品台,,0,0,5,苹果粉,0,1,"[{""name"": ""水瓶"", ""share"": 1.0, ""q"": 0.002, ""capture"": 0.002, ""miss_deg"": 0.7, ""labels"": [30]}]"
2026_08_20/001,c2,v9,,s02,49.44,49.82,0.38,3.209,苹果粉,64,0.806,0.004,0.004,0.25,0.241,0.995,物品台,,0,0,5,苹果粉,1,2,"[{""name"": ""苹果粉"", ""share"": 0.806, ""q"": 0.004, ""capture"": 0.004, ""miss_deg"": 0.67, ""labels"": [64]}, {""name"": ""水瓶"", ""share"": 0.194, ""q"": 0.001, ""capture"": 0.001, ""miss_deg"": 0.75, ""labels"": [30]}]"
2026_08_20/001,c2,v9,,s02,50.09,52.1,2.0,3.28,白杯1,266,0.574,0.118,0.118,0.746,0.742,0.794,object#12,,0,0,,,,2,"[{""name"": ""白杯1"", ""share"": 0.574, ""q"": 0.118, ""capture"": 0.118, ""miss_deg"": 0.41, ""labels"": [266]}, {""name"": ""球R"", ""share"": 0.426, ""q"": 0.088, ""capture"": 0.088, ""miss_deg"": 0.44, ""labels"": [263]}]"
2026_08_20/001,c2,v9,,s02,52.15,52.86,0.7,3.269,球R,263,0.722,0.244,0.244,0.385,0.385,0.662,object#12,,1,1,,,,2,"[{""name"": ""球R"", ""share"": 0.722, ""q"": 0.244, ""capture"": 0.244, ""miss_deg"": 0.34, ""labels"": [263]}, {""name"": ""白杯2"", ""share"": 0.278, ""q"": 0.094, ""capture"": 0.094, ""miss_deg"": 0.43, ""labels"": [267]}]"
2026_08_20/001,c2,v9,,s02,53.89,54.16,0.27,3.269,白杯2,267,0.532,0.005,0.005,0.8,0.88,0.991,object#265,,0,0,,,,2,"[{""name"": ""白杯2"", ""share"": 0.532, ""q"": 0.005, ""capture"": 0.005, ""miss_deg"": 0.66, ""labels"": [267]}, {""name"": ""红杯"", ""share"": 0.468, ""q"": 0.004, ""capture"": 0.004, ""miss_deg"": 0.66, ""labels"": [49]}]"
2026_08_20/001,c2,v9,,s02,54.75,55.02,0.27,3.268,球M,261,1.0,0.049,0.049,0.0,0.0,0.951,物品台,,0,0,,,,1,"[{""name"": ""球M"", ""share"": 1.0, ""q"": 0.049, ""capture"": 0.049, ""miss_deg"": 0.49, ""labels"": [261]}]"
2026_08_20/001,c2,v9,,s02,55.13,55.99,0.87,3.28,白杯1,266,1.0,0.206,0.206,0.0,0.0,0.794,object#12,,1,1,,,,1,"[{""name"": ""白杯1"", ""share"": 1.0, ""q"": 0.206, ""capture"": 0.206, ""miss_deg"": 0.36, ""labels"": [266]}]"
2026_08_20/001,c2,v9,,s02,56.05,56.64,0.6,3.282,,-1,0.0,0.0,,,,1.0,物品台,,0,0,,,,0,[]
2026_08_20/001,c2,v9,,s02,58.49,59.14,0.65,3.261,球M,261,1.0,0.036,0.036,0.0,0.0,0.964,物品台,,0,0,7,球M,1,1,"[{""name"": ""球M"", ""share"": 1.0, ""q"": 0.036, ""capture"": 0.036, ""miss_deg"": 0.52, ""labels"": [261]}]"
2026_08_20/001,c2,v9,,s02,59.51,59.95,0.43,3.274,球M,261,0.982,0.281,0.281,0.018,0.018,0.714,object#12,,1,1,7,球M,1,2,"[{""name"": ""球M"", ""share"": 0.982, ""q"": 0.281, ""capture"": 0.281, ""miss_deg"": 0.32, ""labels"": [261]}, {""name"": ""水瓶"", ""share"": 0.018, ""q"": 0.005, ""capture"": 0.005, ""miss_deg"": 0.65, ""labels"": [30]}]"
2026_08_20/001,c2,v9,,s02,60.19,60.56,0.38,3.268,水瓶,30,1.0,0.007,0.007,0.0,0.0,0.993,物品台,,0,0,7,球M,0,1,"[{""name"": ""水瓶"", ""share"": 1.0, ""q"": 0.007, ""capture"": 0.007, ""miss_deg"": 0.63, ""labels"": [30]}]"
2026_08_20/001,c2,v9,,s02,60.62,61.05,0.43,3.289,水瓶,30,0.921,0.037,0.037,0.081,0.086,0.96,物品台,,0,0,7,球M,0,2,"[{""name"": ""水瓶"", ""share"": 0.921, ""q"": 0.037, ""capture"": 0.037, ""miss_deg"": 0.51, ""labels"": [30]}, {""name"": ""球M"", ""share"": 0.079, ""q"": 0.003, ""capture"": 0.003, ""miss_deg"": 0.68, ""labels"": [261]}]"
2026_08_20/001,c2,v9,,s02,61.11,61.92,0.81,3.282,球M,261,1.0,0.104,0.104,0.0,0.0,0.896,物品台,,0,0,7,球M,1,1,"[{""name"": ""球M"", ""share"": 1.0, ""q"": 0.104, ""capture"": 0.104, ""miss_deg"": 0.43, ""labels"": [261]}]"
2026_08_20/001,c2,v9,,s02,61.97,62.24,0.27,3.286,白杯1,266,1.0,0.002,0.002,0.0,0.0,0.998,物品台,,0,0,,,,1,"[{""name"": ""白杯1"", ""share"": 1.0, ""q"": 0.002, ""capture"": 0.002, ""miss_deg"": 0.7, ""labels"": [266]}]"
2026_08_20/001,c2,v9,,s02,62.3,62.68,0.38,3.274,球M,261,1.0,0.007,0.007,0.0,0.0,0.993,物品台,,0,0,,,,1,"[{""name"": ""球M"", ""share"": 1.0, ""q"": 0.007, ""capture"": 0.007, ""miss_deg"": 0.63, ""labels"": [261]}]"
2026_08_20/001,c2,v9,,s02,64.79,65.22,0.43,4.238,,-1,0.0,0.0,,,,1.0,object#60,,0,0,,,,0,[]
2026_08_20/001,c2,v9,,s02,65.76,66.09,0.32,4.126,,-1,0.0,0.0,,,,1.0,object#17,,0,0,,,,0,[]
2026_08_20/001,c2,v9,,s02,66.2,66.53,0.32,3.232,香蕉,264,0.947,0.86,0.86,0.056,0.056,0.092,object#12,,1,1,,,,2,"[{""name"": ""香蕉"", ""share"": 0.947, ""q"": 0.86, ""capture"": 0.86, ""miss_deg"": 0.11, ""labels"": [264]}, {""name"": ""水瓶"", ""share"": 0.053, ""q"": 0.048, ""capture"": 0.048, ""miss_deg"": 0.49, ""labels"": [30]}]"
2026_08_20/001,c2,v9,,s02,66.76,67.24,0.49,4.174,,-1,0.0,0.0,,,,1.0,object#17,,0,0,,,,0,[]
2026_08_20/001,c2,v9,,s02,67.66,68.41,0.76,3.289,球L,259,0.89,0.084,0.084,0.119,0.124,0.906,物品台,,0,0,,,,2,"[{""name"": ""球L"", ""share"": 0.89, ""q"": 0.084, ""capture"": 0.084, ""miss_deg"": 0.45, ""labels"": [259]}, {""name"": ""水瓶"", ""share"": 0.11, ""q"": 0.01, ""capture"": 0.01, ""miss_deg"": 0.6, ""labels"": [30]}]"
2026_08_20/001,c2,v9,,s02,68.79,69.06,0.27,3.304,球L,259,0.792,0.053,0.053,0.264,0.263,0.933,物品台,,0,0,,,,2,"[{""name"": ""球L"", ""share"": 0.792, ""q"": 0.053, ""capture"": 0.053, ""miss_deg"": 0.48, ""labels"": [259]}, {""name"": ""水瓶"", ""share"": 0.208, ""q"": 0.014, ""capture"": 0.014, ""miss_deg"": 0.58, ""labels"": [30]}]"
2026_08_20/001,c2,v9,,s02,70.32,70.7,0.38,3.304,水瓶,30,1.0,0.029,0.029,0.0,0.0,0.971,物品台,,0,0,,,,1,"[{""name"": ""水瓶"", ""share"": 1.0, ""q"": 0.029, ""capture"": 0.029, ""miss_deg"": 0.53, ""labels"": [30]}]"
2026_08_20/001,c2,v9,,s02,71.96,72.77,0.81,3.295,水瓶,30,0.834,0.044,0.044,0.205,0.199,0.947,物品台,,0,0,,,,2,"[{""name"": ""水瓶"", ""share"": 0.834, ""q"": 0.044, ""capture"": 0.044, ""miss_deg"": 0.5, ""labels"": [30]}, {""name"": ""球R"", ""share"": 0.166, ""q"": 0.009, ""capture"": 0.009, ""miss_deg"": 0.62, ""labels"": [263]}]"
2026_08_20/001,c2,v9,,s02,72.88,74.29,1.41,3.322,水瓶,30,1.0,0.0,0.0,0.0,0.0,1.0,物品台,,0,0,,,,1,"[{""name"": ""水瓶"", ""share"": 1.0, ""q"": 0.0, ""capture"": 0.0, ""miss_deg"": 0.81, ""labels"": [30]}]"
2026_08_20/001,c2,v9,,s02,75.39,75.76,0.38,3.312,水瓶,30,1.0,0.004,0.004,0.0,0.0,0.996,物品台,,0,0,,,,1,"[{""name"": ""水瓶"", ""share"": 1.0, ""q"": 0.004, ""capture"": 0.004, ""miss_deg"": 0.66, ""labels"": [30]}]"
2026_08_20/001,c2,v9,,s02,75.87,76.19,0.32,3.327,球R,263,0.68,0.039,0.039,0.462,0.471,0.942,object#12,,0,0,,,,2,"[{""name"": ""球R"", ""share"": 0.68, ""q"": 0.039, ""capture"": 0.039, ""miss_deg"": 0.51, ""labels"": [263]}, {""name"": ""水瓶"", ""share"": 0.32, ""q"": 0.018, ""capture"": 0.018, ""miss_deg"": 0.57, ""labels"": [30]}]"
2026_08_20/001,c2,v9,,s02,76.25,76.52,0.27,3.336,,-1,0.0,0.0,,,,1.0,物品台,,0,0,,,,0,[]
2026_08_20/001,c2,v9,,s02,76.57,77.0,0.43,3.31,水瓶,30,1.0,0.025,0.025,0.0,0.0,0.975,物品台,,0,0,,,,1,"[{""name"": ""水瓶"", ""share"": 1.0, ""q"": 0.025, ""capture"": 0.025, ""miss_deg"": 0.54, ""labels"": [30]}]"
2026_08_20/001,c2,v9,,s02,77.06,77.36,0.3,3.313,水瓶,30,1.0,0.011,0.011,0.0,0.0,0.989,物品台,,0,0,,,,1,"[{""name"": ""水瓶"", ""share"": 1.0, ""q"": 0.011, ""capture"": 0.011, ""miss_deg"": 0.6, ""labels"": [30]}]"
2026_08_20/001,c2,v9,,s02,77.65,78.73,1.08,3.306,水瓶,30,0.836,0.04,0.04,0.2,0.196,0.952,物品台,,0,0,,,,2,"[{""name"": ""水瓶"", ""share"": 0.836, ""q"": 0.04, ""capture"": 0.04, ""miss_deg"": 0.51, ""labels"": [30]}, {""name"": ""球R"", ""share"": 0.164, ""q"": 0.008, ""capture"": 0.008, ""miss_deg"": 0.62, ""labels"": [263]}]"
2026_08_20/001,c2,v9,,s02,79.4,79.77,0.38,3.296,,-1,0.0,0.0,,,,1.0,object#112,,0,0,,,,0,[]
2026_08_20/001,c2,v9,,s02,80.05,82.0,1.95,3.303,,-1,0.0,0.0,,,,1.0,物品台,,0,0,9,苹果粉,,0,[]
2026_08_20/001,c2,v9,,s02,82.05,82.48,0.43,3.292,球L,259,1.0,0.241,0.241,0.0,0.0,0.759,物品台,,1,1,,,,1,"[{""name"": ""球L"", ""share"": 1.0, ""q"": 0.241, ""capture"": 0.241, ""miss_deg"": 0.34, ""labels"": [259]}]"
2026_08_20/001,c2,v9,,s02,82.59,82.86,0.27,3.296,水瓶,30,1.0,0.0,0.0,0.0,0.0,1.0,物品台,,0,0,,,,1,"[{""name"": ""水瓶"", ""share"": 1.0, ""q"": 0.0, ""capture"": 0.0, ""miss_deg"": 0.8, ""labels"": [30]}]"
2026_08_20/001,c2,v9,,s02,82.91,83.18,0.27,3.316,白杯1,266,1.0,0.088,0.088,0.0,0.0,0.912,object#12,,0,0,,,,1,"[{""name"": ""白杯1"", ""share"": 1.0, ""q"": 0.088, ""capture"": 0.088, ""miss_deg"": 0.44, ""labels"": [266]}]"
2026_08_20/001,c2,v9,,s02,83.24,83.78,0.54,3.274,球L,259,0.681,0.182,0.182,0.242,0.241,0.732,物品台,,0,0,,,,3,"[{""name"": ""球L"", ""share"": 0.681, ""q"": 0.182, ""capture"": 0.182, ""miss_deg"": 0.37, ""labels"": [259]}, {""name"": ""苹果粉"", ""share"": 0.164, ""q"": 0.044, ""capture"": 0.044, ""miss_deg"": 0.5, ""labels"": [64]}, {""name"": ""水瓶"", ""share"": 0.155, ""q"": 0.041, ""capture"": 0.041, ""miss_deg"": 0.5, ""labels"": [30]}]"
2026_08_20/001,c2,v9,,s02,83.83,84.1,0.27,3.274,,-1,0.0,0.0,,,,1.0,物品台,,0,0,,,,0,[]
2026_08_20/001,c2,v9,,s02,84.54,84.92,0.38,3.277,球L,259,1.0,0.209,0.209,0.0,0.0,0.791,物品台,,1,1,,,,1,"[{""name"": ""球L"", ""share"": 1.0, ""q"": 0.209, ""capture"": 0.209, ""miss_deg"": 0.35, ""labels"": [259]}]"
2026_08_20/001,c2,v9,,s02,84.97,85.29,0.32,3.286,水瓶,30,0.723,0.004,0.004,0.5,0.383,0.994,物品台,,0,0,10,球R,0,2,"[{""name"": ""水瓶"", ""share"": 0.723, ""q"": 0.004, ""capture"": 0.004, ""miss_deg"": 0.66, ""labels"": [30]}, {""name"": ""球L"", ""share"": 0.277, ""q"": 0.002, ""capture"": 0.002, ""miss_deg"": 0.71, ""labels"": [259]}]"
2026_08_20/001,c2,v9,,s02,85.35,85.62,0.27,3.276,球R,263,0.998,0.706,0.706,0.001,0.001,0.293,object#12,,1,1,10,球R,1,3,"[{""name"": ""球R"", ""share"": 0.998, ""q"": 0.706, ""capture"": 0.706, ""miss_deg"": 0.17, ""labels"": [263]}, {""name"": ""水瓶"", ""share"": 0.001, ""q"": 0.001, ""capture"": 0.001, ""miss_deg"": 0.74, ""labels"": [30]}, {""name"": ""白杯1"", ""share"": 0.001, ""q"": 0.0, ""capture"": 0.0, ""miss_deg"": 0.79, ""labels"": [266]}]"
2026_08_20/001,c2,v9,,s02,86.28,87.85,1.57,3.218,球R,263,0.765,0.216,0.216,0.306,0.307,0.717,物品台,,1,1,10,球R,1,2,"[{""name"": ""球R"", ""share"": 0.765, ""q"": 0.216, ""capture"": 0.216, ""miss_deg"": 0.35, ""labels"": [263]}, {""name"": ""水瓶"", ""share"": 0.235, ""q"": 0.066, ""capture"": 0.066, ""miss_deg"": 0.47, ""labels"": [30]}]"
2026_08_20/001,c2,v9,,s02,87.9,88.17,0.27,3.243,球M,261,0.997,0.103,0.103,0.0,0.003,0.897,物品台,,0,0,,,,2,"[{""name"": ""球M"", ""share"": 0.997, ""q"": 0.103, ""capture"": 0.103, ""miss_deg"": 0.43, ""labels"": [261]}, {""name"": ""水瓶"", ""share"": 0.003, ""q"": 0.0, ""capture"": 0.0, ""miss_deg"": 0.8, ""labels"": [30]}]"
2026_08_20/001,c2,v9,,s02,88.23,89.47,1.25,3.257,球R,263,0.598,0.111,0.111,0.667,0.672,0.815,物品台,,0,0,,,,2,"[{""name"": ""球R"", ""share"": 0.598, ""q"": 0.111, ""capture"": 0.111, ""miss_deg"": 0.42, ""labels"": [263]}, {""name"": ""水瓶"", ""share"": 0.402, ""q"": 0.074, ""capture"": 0.074, ""miss_deg"": 0.46, ""labels"": [30]}]"
2026_08_20/001,c2,v9,,s02,89.64,89.96,0.32,3.256,,-1,0.0,0.0,,,,1.0,物品台,,0,0,,,,0,[]
2026_08_20/001,c2,v9,,s02,90.12,90.39,0.27,3.331,,-1,0.0,0.0,,,,1.0,object#106,,0,0,11,球M,,0,[]
2026_08_20/001,c2,v9,,s02,90.5,91.04,0.54,3.261,水瓶,30,1.0,0.02,0.02,0.0,0.0,0.98,物品台,,0,0,11,球M,0,1,"[{""name"": ""水瓶"", ""share"": 1.0, ""q"": 0.02, ""capture"": 0.02, ""miss_deg"": 0.56, ""labels"": [30]}]"
2026_08_20/001,c2,v9,,s02,92.23,92.66,0.43,3.274,球M,261,1.0,0.001,0.001,0.0,0.0,0.999,物品台,,0,0,11,球M,1,1,"[{""name"": ""球M"", ""share"": 1.0, ""q"": 0.001, ""capture"": 0.001, ""miss_deg"": 0.73, ""labels"": [261]}]"
2026_08_20/001,c2,v9,,s02,93.36,94.89,1.53,3.212,球M,261,1.0,0.009,0.009,0.0,0.0,0.991,物品台,,0,0,11,球M,1,1,"[{""name"": ""球M"", ""share"": 1.0, ""q"": 0.009, ""capture"": 0.009, ""miss_deg"": 0.61, ""labels"": [261]}]"
2026_08_20/001,c2,v9,,s02,95.34,96.05,0.7,3.239,球M,261,1.0,0.003,0.003,0.0,0.0,0.997,物品台,,0,0,11,球M,1,1,"[{""name"": ""球M"", ""share"": 1.0, ""q"": 0.003, ""capture"": 0.003, ""miss_deg"": 0.68, ""labels"": [261]}]"
2026_08_20/001,c2,v9,,s02,96.1,96.48,0.38,3.245,水瓶,30,1.0,0.073,0.073,0.0,0.0,0.927,物品台,,0,0,11,球M,0,1,"[{""name"": ""水瓶"", ""share"": 1.0, ""q"": 0.073, ""capture"": 0.073, ""miss_deg"": 0.46, ""labels"": [30]}]"
2026_08_20/001,c2,v9,,s02,96.54,96.81,0.27,3.226,水瓶,30,0.764,0.005,0.005,0.2,0.309,0.994,物品台,,0,0,11,球M,0,2,"[{""name"": ""水瓶"", ""share"": 0.764, ""q"": 0.005, ""capture"": 0.005, ""miss_deg"": 0.66, ""labels"": [30]}, {""name"": ""球M"", ""share"": 0.236, ""q"": 0.001, ""capture"": 0.001, ""miss_deg"": 0.72, ""labels"": [261]}]"
2026_08_20/001,c2,v9,,s02,96.86,97.35,0.49,3.209,水瓶,30,1.0,0.002,0.002,0.0,0.0,0.998,物品台,,0,0,,,,1,"[{""name"": ""水瓶"", ""share"": 1.0, ""q"": 0.002, ""capture"": 0.002, ""miss_deg"": 0.71, ""labels"": [30]}]"
2026_08_20/001,c2,v9,,s02,97.46,97.79,0.32,3.244,水瓶,30,1.0,0.007,0.007,0.0,0.0,0.993,物品台,,0,0,,,,1,"[{""name"": ""水瓶"", ""share"": 1.0, ""q"": 0.007, ""capture"": 0.007, ""miss_deg"": 0.63, ""labels"": [30]}]"
2026_08_20/001,c2,v9,,s02,99.07,99.4,0.32,3.255,,-1,0.0,0.0,,,,1.0,物品台,,0,0,,,,0,[]
2026_08_20/001,c2,v9,,s02,100.1,102.38,2.27,3.249,白杯2,267,0.985,0.792,0.792,0.015,0.015,0.196,object#12,,1,1,12,白杯2,1,3,"[{""name"": ""白杯2"", ""share"": 0.985, ""q"": 0.792, ""capture"": 0.792, ""miss_deg"": 0.14, ""labels"": [267]}, {""name"": ""球R"", ""share"": 0.015, ""q"": 0.012, ""capture"": 0.012, ""miss_deg"": 0.6, ""labels"": [263]}, {""name"": ""红杯"", ""share"": 0.0, ""q"": 0.0, ""capture"": 0.0, ""miss_deg"": 0.84, ""labels"": [49]}]"
2026_08_20/001,c2,v9,,s02,102.49,104.16,1.68,3.266,白杯2,267,0.972,0.275,0.275,0.029,0.029,0.717,object#12,,1,1,12,白杯2,1,2,"[{""name"": ""白杯2"", ""share"": 0.972, ""q"": 0.275, ""capture"": 0.275, ""miss_deg"": 0.32, ""labels"": [267]}, {""name"": ""球R"", ""share"": 0.028, ""q"": 0.008, ""capture"": 0.008, ""miss_deg"": 0.62, ""labels"": [263]}]"
2026_08_20/001,c2,v9,,s02,104.33,104.98,0.65,3.267,白杯2,267,0.958,0.071,0.071,0.042,0.044,0.926,object#12,,0,0,12,白杯2,1,2,"[{""name"": ""白杯2"", ""share"": 0.958, ""q"": 0.071, ""capture"": 0.071, ""miss_deg"": 0.46, ""labels"": [267]}, {""name"": ""水瓶"", ""share"": 0.042, ""q"": 0.003, ""capture"": 0.003, ""miss_deg"": 0.68, ""labels"": [30]}]"
2026_08_20/001,c2,v9,,s02,105.03,105.36,0.32,3.247,水瓶,30,0.982,0.009,0.009,0.0,0.018,0.991,物品台,,0,0,,,,2,"[{""name"": ""水瓶"", ""share"": 0.982, ""q"": 0.009, ""capture"": 0.009, ""miss_deg"": 0.61, ""labels"": [30]}, {""name"": ""球M"", ""share"": 0.018, ""q"": 0.0, ""capture"": 0.0, ""miss_deg"": 0.84, ""labels"": [261]}]"
2026_08_20/001,c2,v9,,s02,105.41,105.68,0.27,3.209,球R,263,1.0,0.927,0.927,0.0,0.0,0.073,object#12,,1,1,,,,1,"[{""name"": ""球R"", ""share"": 1.0, ""q"": 0.927, ""capture"": 0.927, ""miss_deg"": 0.08, ""labels"": [263]}]"
2026_08_20/001,c2,v9,,s02,105.98,106.36,0.38,3.24,水瓶,30,0.876,0.08,0.08,0.137,0.142,0.909,物品台,,0,0,,,,2,"[{""name"": ""水瓶"", ""share"": 0.876, ""q"": 0.08, ""capture"": 0.08, ""miss_deg"": 0.45, ""labels"": [30]}, {""name"": ""球M"", ""share"": 0.124, ""q"": 0.011, ""capture"": 0.011, ""miss_deg"": 0.6, ""labels"": [261]}]"
2026_08_20/001,c2,v9,,s02,106.41,108.01,1.6,3.228,球R,263,1.0,0.952,0.952,0.0,0.0,0.048,object#12,,1,1,,,,1,"[{""name"": ""球R"", ""share"": 1.0, ""q"": 0.952, ""capture"": 0.952, ""miss_deg"": 0.06, ""labels"": [263]}]"
2026_08_20/001,c2,v9,,s02,108.07,114.03,5.96,3.237,白杯2,267,1.0,0.187,0.187,0.0,0.0,0.813,object#12,,0,0,,,,1,"[{""name"": ""白杯2"", ""share"": 1.0, ""q"": 0.187, ""capture"": 0.187, ""miss_deg"": 0.37, ""labels"": [267]}]"
2026_08_20/001,c2,v9,,s02,114.86,115.73,0.87,3.227,球L,259,0.589,0.012,0.012,0.667,0.698,0.98,物品台,,0,0,,,,2,"[{""name"": ""球L"", ""share"": 0.589, ""q"": 0.012, ""capture"": 0.012, ""miss_deg"": 0.59, ""labels"": [259]}, {""name"": ""水瓶"", ""share"": 0.411, ""q"": 0.008, ""capture"": 0.008, ""miss_deg"": 0.62, ""labels"": [30]}]"
2026_08_20/001,c2,v9,,s02,115.78,116.16,0.38,3.227,,-1,0.0,0.0,,,,1.0,物品台,,0,0,,,,0,[]
2026_08_20/001,c2,v9,,s02,116.4,116.78,0.38,3.232,球L,259,1.0,0.0,0.0,0.0,0.0,1.0,物品台,,0,0,14,球L,1,1,"[{""name"": ""球L"", ""share"": 1.0, ""q"": 0.0, ""capture"": 0.0, ""miss_deg"": 0.79, ""labels"": [259]}]"
2026_08_20/001,c2,v9,,s02,116.83,117.7,0.87,3.233,球L,259,0.563,0.107,0.107,0.776,0.773,0.81,object#12,,0,0,14,球L,1,3,"[{""name"": ""球L"", ""share"": 0.563, ""q"": 0.107, ""capture"": 0.107, ""miss_deg"": 0.42, ""labels"": [259]}, {""name"": ""苹果红"", ""share"": 0.435, ""q"": 0.083, ""capture"": 0.083, ""miss_deg"": 0.45, ""labels"": [260]}, {""name"": ""水瓶"", ""share"": 0.002, ""q"": 0.0, ""capture"": 0.0, ""miss_deg"": 0.8, ""labels"": [30]}]"
2026_08_20/001,c2,v9,,s02,118.25,119.17,0.92,3.211,球L,259,0.856,0.307,0.307,0.153,0.154,0.642,object#12,,1,1,14,球L,1,3,"[{""name"": ""球L"", ""share"": 0.856, ""q"": 0.307, ""capture"": 0.307, ""miss_deg"": 0.31, ""labels"": [259]}, {""name"": ""苹果红"", ""share"": 0.132, ""q"": 0.047, ""capture"": 0.047, ""miss_deg"": 0.49, ""labels"": [260]}, {""name"": ""水瓶"", ""share"": 0.012, ""q"": 0.004, ""capture"": 0.004, ""miss_deg"": 0.66, ""labels"": [30]}]"
2026_08_20/001,c2,v9,,s02,119.92,120.19,0.27,3.273,球L,259,1.0,0.0,0.0,0.0,0.0,1.0,物品台,,0,0,14,球L,1,1,"[{""name"": ""球L"", ""share"": 1.0, ""q"": 0.0, ""capture"": 0.0, ""miss_deg"": 0.84, ""labels"": [259]}]"
2026_08_20/001,c2,v9,,s02,120.46,120.73,0.27,3.292,球M,261,1.0,0.815,0.816,0.0,0.0,0.185,object#12,,1,1,,,,1,"[{""name"": ""球M"", ""share"": 1.0, ""q"": 0.815, ""capture"": 0.816, ""miss_deg"": 0.13, ""labels"": [261]}]"
2026_08_20/001,c2,v9,,s02,121.06,121.38,0.32,3.256,苹果粉,64,0.838,0.302,0.302,0.192,0.193,0.64,物品台,,1,1,,,,2,"[{""name"": ""苹果粉"", ""share"": 0.838, ""q"": 0.302, ""capture"": 0.302, ""miss_deg"": 0.31, ""labels"": [64]}, {""name"": ""水瓶"", ""share"": 0.162, ""q"": 0.058, ""capture"": 0.058, ""miss_deg"": 0.48, ""labels"": [30]}]"
2026_08_20/001,c2,v9,,s02,121.43,121.92,0.49,3.27,球L,259,0.847,0.735,0.735,0.181,0.181,0.133,object#12,,1,1,,,,2,"[{""name"": ""球L"", ""share"": 0.847, ""q"": 0.735, ""capture"": 0.735, ""miss_deg"": 0.16, ""labels"": [259]}, {""name"": ""苹果红"", ""share"": 0.153, ""q"": 0.133, ""capture"": 0.133, ""miss_deg"": 0.4, ""labels"": [260]}]"
2026_08_20/001,c2,v9,,s02,121.98,123.01,1.04,3.244,苹果红,260,0.841,0.691,0.691,0.135,0.134,0.178,object#12,,1,1,15,苹果红,1,3,"[{""name"": ""苹果红"", ""share"": 0.841, ""q"": 0.691, ""capture"": 0.691, ""miss_deg"": 0.17, ""labels"": [260]}, {""name"": ""香蕉"", ""share"": 0.113, ""q"": 0.093, ""capture"": 0.093, ""miss_deg"": 0.44, ""labels"": [264]}, {""name"": ""橘子"", ""share"": 0.046, ""q"": 0.038, ""capture"": 0.038, ""miss_deg"": 0.51, ""labels"": [262]}]"
2026_08_20/001,c2,v9,,s02,123.07,125.78,2.71,3.247,苹果红,260,0.519,0.518,0.518,0.905,0.906,0.003,object#12,,1,1,,,,3,"[{""name"": ""苹果红"", ""share"": 0.519, ""q"": 0.518, ""capture"": 0.518, ""miss_deg"": 0.23, ""labels"": [260]}, {""name"": ""球L"", ""share"": 0.47, ""q"": 0.469, ""capture"": 0.469, ""miss_deg"": 0.25, ""labels"": [259]}, {""name"": ""橘子"", ""share"": 0.011, ""q"": 0.01, ""capture"": 0.01, ""miss_deg"": 0.6, ""labels"": [262]}]"
2026_08_20/001,c2,v9,,s02,125.83,126.86,1.03,3.254,苹果红,260,0.95,0.766,0.766,0.023,0.023,0.194,object#12,,1,1,,,,3,"[{""name"": ""苹果红"", ""share"": 0.95, ""q"": 0.766, ""capture"": 0.766, ""miss_deg"": 0.15, ""labels"": [260]}, {""name"": ""球L"", ""share"": 0.022, ""q"": 0.018, ""capture"": 0.018, ""miss_deg"": 0.57, ""labels"": [259]}, {""name"": ""水瓶"", ""share"": 0.021, ""q"": 0.017, ""capture"": 0.017, ""miss_deg"": 0.57, ""labels"": [30]}]"
2026_08_20/001,c2,v9,,s02,127.18,127.45,0.27,3.24,球L,259,0.987,0.987,0.987,0.013,0.013,0.0,,,1,1,,,,2,"[{""name"": ""球L"", ""share"": 0.987, ""q"": 0.987, ""capture"": 0.987, ""miss_deg"": 0.03, ""labels"": [259]}, {""name"": ""苹果红"", ""share"": 0.013, ""q"": 0.013, ""capture"": 0.013, ""miss_deg"": 0.59, ""labels"": [260]}]"
2026_08_20/001,c2,v9,,s02,129.49,129.76,0.27,2.412,,-1,0.0,0.0,,,,1.0,floor,,0,0,,,,0,[]
2026_08_20/001,c2,v9,,s02,130.99,131.31,0.32,1.978,,-1,0.0,0.0,,,,1.0,object#14,,0,0,,,,0,[]
2026_08_20/001,c2,v9,,s02,132.14,133.06,0.92,0.888,,-1,0.0,0.0,,,,1.0,object#14,,0,0,,,,0,[]
2026_08_20/001,c2,v9,,s02,133.6,133.98,0.38,0.751,,-1,0.0,0.0,,,,1.0,object#14,,0,0,,,,0,[]
2026_08_20/001,c2,v9,,s02,134.04,134.74,0.7,0.707,,-1,0.0,0.0,,,,1.0,object#88,,0,0,,,,0,[]
2026_08_20/002,c4,v9,beyond_occ,s02,8.84,9.44,0.6,4.11,,-1,0.0,0.0,,,,1.0,物品台,,0,0,,,,0,[]
2026_08_20/002,c4,v9,beyond_occ,s02,9.71,9.98,0.27,3.306,,-1,0.0,0.0,,,,1.0,floor,,0,0,,,,0,[]
2026_08_20/002,c4,v9,beyond_occ,s02,10.36,11.06,0.7,2.929,,-1,0.0,0.0,,,,1.0,floor,,0,0,,,,0,[]
2026_08_20/002,c4,v9,beyond_occ,s02,11.17,11.77,0.6,3.253,,-1,0.0,0.0,,,,1.0,floor,,0,0,,,,0,[]
2026_08_20/002,c4,v9,beyond_occ,s02,11.88,12.15,0.27,2.996,,-1,0.0,0.0,,,,1.0,floor,,0,0,,,,0,[]
2026_08_20/002,c4,v9,beyond_occ,s02,12.88,15.05,2.17,4.182,球M,261,0.873,0.096,0.099,0.141,0.145,0.89,物品台,,0,0,4,球M,1,2,"[{""name"": ""球M"", ""share"": 0.873, ""q"": 0.096, ""capture"": 0.099, ""miss_deg"": 0.43, ""labels"": [261]}, {""name"": ""水瓶"", ""share"": 0.127, ""q"": 0.014, ""capture"": 0.014, ""miss_deg"": 0.58, ""labels"": [30]}]"
2026_08_20/002,c4,v9,beyond_occ,s02,15.1,15.53,0.43,4.121,,-1,0.0,0.0,,,,1.0,object#106,,0,0,6,球L,,0,[]
2026_08_20/002,c4,v9,beyond_occ,s02,15.59,17.0,1.41,4.185,,-1,0.0,0.0,,,,1.0,object#35,,0,0,6,球L,,0,[]
2026_08_20/002,c4,v9,beyond_occ,s02,17.05,17.76,0.7,4.202,,-1,0.0,0.0,,,,1.0,object#35,,0,0,6,球L,,0,[]
2026_08_20/002,c4,v9,beyond_occ,s02,17.88,18.86,0.97,4.216,,-1,0.0,0.0,,,,1.0,object#35,,0,0,6,球L,,0,[]
2026_08_20/002,c4,v9,beyond_occ,s02,18.91,22.75,3.85,4.233,,-1,0.0,0.0,,,,1.0,object#35,,0,0,6,球L,,0,[]
2026_08_20/002,c4,v9,beyond_occ,s02,22.81,23.08,0.27,4.259,,-1,0.0,0.0,,,,1.0,物品台,,0,0,,,,0,[]
2026_08_20/002,c4,v9,beyond_occ,s02,23.13,23.78,0.65,4.231,,-1,0.0,0.0,,,,1.0,object#35,,0,0,,,,0,[]
2026_08_20/002,c4,v9,beyond_occ,s02,24.01,24.66,0.65,4.252,,-1,0.0,0.0,,,,1.0,物品台,,0,0,,,,0,[]
2026_08_20/002,c4,v9,beyond_occ,s02,24.93,28.4,3.47,4.256,球M,261,0.801,0.163,0.169,0.195,0.197,0.796,物品台,,0,0,8,球L,0,3,"[{""name"": ""球M"", ""share"": 0.801, ""q"": 0.163, ""capture"": 0.169, ""miss_deg"": 0.38, ""labels"": [261]}, {""name"": ""球L"", ""share"": 0.158, ""q"": 0.032, ""capture"": 0.033, ""miss_deg"": 0.52, ""labels"": [259]}, {""name"": ""水瓶"", ""share"": 0.042, ""q"": 0.009, ""capture"": 0.009, ""miss_deg"": 0.62, ""labels"": [30]}]"
2026_08_20/002,c4,v9,beyond_occ,s02,28.45,29.53,1.08,4.26,,-1,0.0,0.0,,,,1.0,物品台,,0,0,10,球M,,0,[]
2026_08_20/002,c4,v9,beyond_occ,s02,29.59,33.43,3.85,4.269,水瓶,30,0.625,0.001,0.001,1.0,0.6,0.998,物品台,,0,0,11,球L,0,2,"[{""name"": ""水瓶"", ""share"": 0.625, ""q"": 0.001, ""capture"": 0.001, ""miss_deg"": 0.72, ""labels"": [30]}, {""name"": ""球L"", ""share"": 0.375, ""q"": 0.001, ""capture"": 0.001, ""miss_deg"": 0.75, ""labels"": [259]}]"
2026_08_20/002,c4,v9,beyond_occ,s02,33.65,37.22,3.57,4.283,球M,261,0.804,0.041,0.043,0.233,0.244,0.949,物品台,,0,0,11,球L,0,2,"[{""name"": ""球M"", ""share"": 0.804, ""q"": 0.041, ""capture"": 0.043, ""miss_deg"": 0.5, ""labels"": [261]}, {""name"": ""水瓶"", ""share"": 0.196, ""q"": 0.01, ""capture"": 0.01, ""miss_deg"": 0.61, ""labels"": [30]}]"
2026_08_20/002,c4,v9,beyond_occ,s02,37.37,38.29,0.92,4.288,,-1,0.0,0.0,,,,1.0,object#35,,0,0,11,球L,,0,[]
2026_08_20/002,c4,v9,beyond_occ,s02,38.34,42.4,4.06,4.308,球L,259,1.0,0.005,0.006,0.0,0.0,0.995,物品台,,0,0,11,球L,1,1,"[{""name"": ""球L"", ""share"": 1.0, ""q"": 0.005, ""capture"": 0.006, ""miss_deg"": 0.64, ""labels"": [259]}]"
2026_08_20/002,c4,v9,beyond_occ,s02,42.54,47.25,4.71,4.278,球L,259,1.0,0.029,0.029,0.0,0.0,0.971,物品台,,0,0,11,球L,1,1,"[{""name"": ""球L"", ""share"": 1.0, ""q"": 0.029, ""capture"": 0.029, ""miss_deg"": 0.53, ""labels"": [259]}]"
2026_08_20/002,c4,v9,beyond_occ,s02,47.69,50.94,3.25,4.305,球L,259,1.0,0.005,0.005,0.0,0.0,0.995,物品台,,0,0,11,球L,1,1,"[{""name"": ""球L"", ""share"": 1.0, ""q"": 0.005, ""capture"": 0.005, ""miss_deg"": 0.65, ""labels"": [259]}]"
2026_08_20/002,c4,v9,beyond_occ,s02,50.99,52.4,1.41,4.3,水瓶,30,1.0,0.014,0.014,0.0,0.0,0.986,object#35,,0,0,11,球L,0,1,"[{""name"": ""水瓶"", ""share"": 1.0, ""q"": 0.014, ""capture"": 0.014, ""miss_deg"": 0.59, ""labels"": [30]}]"
2026_08_20/002,c4,v9,beyond_occ,s02,53.04,54.85,1.81,4.295,,-1,0.0,0.0,,,,1.0,物品台,,0,0,11,球L,,0,[]
2026_08_20/002,c4,v9,beyond_occ,s02,54.9,56.1,1.19,4.288,水瓶,30,0.949,0.014,0.014,0.071,0.054,0.986,object#106,,0,0,11,球L,0,2,"[{""name"": ""水瓶"", ""share"": 0.949, ""q"": 0.014, ""capture"": 0.014, ""miss_deg"": 0.59, ""labels"": [30]}, {""name"": ""苹果粉"", ""share"": 0.051, ""q"": 0.001, ""capture"": 0.001, ""miss_deg"": 0.76, ""labels"": [64]}]"
2026_08_20/002,c4,v9,beyond_occ,s02,56.31,56.96,0.65,4.292,水瓶,30,1.0,0.0,0.0,0.0,0.0,1.0,object#35,,0,0,11,球L,0,1,"[{""name"": ""水瓶"", ""share"": 1.0, ""q"": 0.0, ""capture"": 0.0, ""miss_deg"": 0.86, ""labels"": [30]}]"
2026_08_20/002,c4,v9,beyond_occ,s02,57.02,64.33,7.31,4.287,球M,261,0.763,0.193,0.199,0.256,0.257,0.748,物品台,,0,0,11,球L,0,3,"[{""name"": ""球M"", ""share"": 0.763, ""q"": 0.193, ""capture"": 0.199, ""miss_deg"": 0.36, ""labels"": [261]}, {""name"": ""球L"", ""share"": 0.196, ""q"": 0.049, ""capture"": 0.051, ""miss_deg"": 0.49, ""labels"": [259]}, {""name"": ""水瓶"", ""share"": 0.041, ""q"": 0.01, ""capture"": 0.01, ""miss_deg"": 0.6, ""labels"": [30]}]"
2026_08_20/002,c4,v9,beyond_occ,s02,67.86,68.24,0.38,3.531,,-1,0.0,0.0,,,,1.0,floor,,0,0,,,,0,[]
2026_08_20/002,c4,v9,beyond_occ,s02,69.14,69.5,0.36,3.383,,-1,0.0,0.0,,,,1.0,floor,,0,0,,,,0,[]
2026_08_20/002,c4,v9,beyond_occ,s02,69.72,70.16,0.43,3.608,,-1,0.0,0.0,,,,1.0,floor,,0,0,,,,0,[]
2026_08_20/002,c4,v9,beyond_occ,s02,70.69,72.64,1.95,4.246,球L,259,1.0,0.062,0.063,0.0,0.0,0.938,物品台,,0,0,,,,1,"[{""name"": ""球L"", ""share"": 1.0, ""q"": 0.062, ""capture"": 0.063, ""miss_deg"": 0.47, ""labels"": [259]}]"
2026_08_20/002,c4,v9,beyond_occ,s02,72.91,74.26,1.35,4.259,水瓶,30,0.487,0.275,0.275,0.691,0.69,0.436,object#12,,1,0,,,,3,"[{""name"": ""水瓶"", ""share"": 0.487, ""q"": 0.275, ""capture"": 0.275, ""miss_deg"": 0.32, ""labels"": [30]}, {""name"": ""苹果红"", ""share"": 0.336, ""q"": 0.189, ""capture"": 0.19, ""miss_deg"": 0.36, ""labels"": [260]}, {""name"": ""球L"", ""share"": 0.177, ""q"": 0.1, ""capture"": 0.102, ""miss_deg"": 0.43, ""labels"": [259]}]"
2026_08_20/002,c4,v9,beyond_occ,s02,74.32,78.27,3.95,4.281,水瓶,30,1.0,0.0,0.0,0.0,0.0,1.0,object#35,,0,0,,,,1,"[{""name"": ""水瓶"", ""share"": 1.0, ""q"": 0.0, ""capture"": 0.0, ""miss_deg"": 0.8, ""labels"": [30]}]"
2026_08_20/002,c4,v9,beyond_occ,s02,78.32,78.87,0.54,4.267,,-1,0.0,0.0,,,,1.0,物品台,,0,0,,,,0,[]
2026_08_20/002,c4,v9,beyond_occ,s02,78.92,80.6,1.68,4.235,球L,259,1.0,0.011,0.011,0.0,0.0,0.989,物品台,,0,0,,,,1,"[{""name"": ""球L"", ""share"": 1.0, ""q"": 0.011, ""capture"": 0.011, ""miss_deg"": 0.6, ""labels"": [259]}]"
2026_08_20/002,c4,v9,beyond_occ,s02,80.72,81.47,0.76,4.251,球L,259,0.872,0.019,0.019,0.158,0.147,0.978,物品台,,0,0,,,,2,"[{""name"": ""球L"", ""share"": 0.872, ""q"": 0.019, ""capture"": 0.019, ""miss_deg"": 0.56, ""labels"": [259]}, {""name"": ""水瓶"", ""share"": 0.128, ""q"": 0.003, ""capture"": 0.003, ""miss_deg"": 0.69, ""labels"": [30]}]"
2026_08_20/002,c4,v9,beyond_occ,s02,81.74,82.01,0.27,4.278,,-1,0.0,0.0,,,,1.0,物品台,,0,0,,,,0,[]
2026_08_20/002,c4,v9,beyond_occ,s02,82.07,82.61,0.54,4.279,球L,259,0.506,0.006,0.006,0.667,0.725,0.988,物品台,,0,0,,,,3,"[{""name"": ""球L"", ""share"": 0.506, ""q"": 0.006, ""capture"": 0.006, ""miss_deg"": 0.64, ""labels"": [259]}, {""name"": ""水瓶"", ""share"": 0.367, ""q"": 0.004, ""capture"": 0.004, ""miss_deg"": 0.66, ""labels"": [30]}, {""name"": ""球M"", ""share"": 0.127, ""q"": 0.002, ""capture"": 0.002, ""miss_deg"": 0.72, ""labels"": [261]}]"
2026_08_20/002,c4,v9,beyond_occ,s02,82.98,83.44,0.46,4.291,,-1,0.0,0.0,,,,1.0,物品台,,0,0,,,,0,[]
2026_08_20/002,c4,v9,beyond_occ,s02,83.5,86.31,2.82,4.246,球L,259,1.0,0.013,0.013,0.0,0.0,0.987,物品台,,0,0,,,,1,"[{""name"": ""球L"", ""share"": 1.0, ""q"": 0.013, ""capture"": 0.013, ""miss_deg"": 0.59, ""labels"": [259]}]"
2026_08_20/002,c4,v9,beyond_occ,s02,86.59,86.97,0.38,4.266,球L,259,0.999,0.224,0.229,0.0,0.001,0.776,物品台,,1,1,,,,2,"[{""name"": ""球L"", ""share"": 0.999, ""q"": 0.224, ""capture"": 0.229, ""miss_deg"": 0.34, ""labels"": [259]}, {""name"": ""水瓶"", ""share"": 0.001, ""q"": 0.0, ""capture"": 0.0, ""miss_deg"": 0.84, ""labels"": [30]}]"
2026_08_20/002,c4,v9,beyond_occ,s02,87.03,87.57,0.54,4.266,球R,263,0.827,0.179,0.183,0.197,0.193,0.784,物品台,,0,0,,,,3,"[{""name"": ""球R"", ""share"": 0.827, ""q"": 0.179, ""capture"": 0.183, ""miss_deg"": 0.37, ""labels"": [263]}, {""name"": ""球M"", ""share"": 0.16, ""q"": 0.035, ""capture"": 0.036, ""miss_deg"": 0.52, ""labels"": [261]}, {""name"": ""水瓶"", ""share"": 0.013, ""q"": 0.003, ""capture"": 0.003, ""miss_deg"": 0.69, ""labels"": [30]}]"
2026_08_20/002,c4,v9,beyond_occ,s02,87.62,94.5,6.88,4.267,球M,261,0.45,0.025,0.026,0.923,0.933,0.945,物品台,,0,0,,,,3,"[{""name"": ""球M"", ""share"": 0.45, ""q"": 0.025, ""capture"": 0.026, ""miss_deg"": 0.54, ""labels"": [261]}, {""name"": ""球L"", ""share"": 0.42, ""q"": 0.023, ""capture"": 0.024, ""miss_deg"": 0.55, ""labels"": [259]}, {""name"": ""水瓶"", ""share"": 0.13, ""q"": 0.007, ""capture"": 0.007, ""miss_deg"": 0.63, ""labels"": [30]}]"
2026_08_20/002,c4,v9,beyond_occ,s02,94.64,95.18,0.54,4.247,水瓶,30,1.0,0.011,0.011,0.0,0.0,0.989,object#106,,0,0,,,,1,"[{""name"": ""水瓶"", ""share"": 1.0, ""q"": 0.011, ""capture"": 0.011, ""miss_deg"": 0.6, ""labels"": [30]}]"
2026_08_20/002,c4,v9,beyond_occ,s02,95.24,96.11,0.87,4.28,球L,259,1.0,0.03,0.031,0.0,0.0,0.97,物品台,,0,0,,,,1,"[{""name"": ""球L"", ""share"": 1.0, ""q"": 0.03, ""capture"": 0.031, ""miss_deg"": 0.53, ""labels"": [259]}]"
2026_08_20/002,c4,v9,beyond_occ,s02,96.16,96.54,0.38,4.3,,-1,0.0,0.0,,,,1.0,物品台,,0,0,,,,0,[]
2026_08_20/002,c4,v9,beyond_occ,s02,96.59,98.11,1.52,4.306,水瓶,30,1.0,0.0,0.0,0.0,0.0,1.0,object#35,,0,0,,,,1,"[{""name"": ""水瓶"", ""share"": 1.0, ""q"": 0.0, ""capture"": 0.0, ""miss_deg"": 0.86, ""labels"": [30]}]"
2026_08_20/002,c4,v9,beyond_occ,s02,98.22,99.5,1.28,4.323,,-1,0.0,0.0,,,,1.0,object#35,,0,0,,,,0,[]
2026_08_20/002,c4,v9,beyond_occ,s02,99.56,102.21,2.65,4.348,水瓶,30,0.935,0.01,0.01,0.1,0.07,0.989,物品台,,0,0,12,球M,0,2,"[{""name"": ""水瓶"", ""share"": 0.935, ""q"": 0.01, ""capture"": 0.01, ""miss_deg"": 0.6, ""labels"": [30]}, {""name"": ""球M"", ""share"": 0.065, ""q"": 0.001, ""capture"": 0.001, ""miss_deg"": 0.76, ""labels"": [261]}]"
2026_08_20/002,c4,v9,beyond_occ,s02,102.26,107.25,4.98,4.285,球L,259,0.995,0.078,0.08,0.0,0.005,0.922,物品台,,0,0,,,,2,"[{""name"": ""球L"", ""share"": 0.995, ""q"": 0.078, ""capture"": 0.08, ""miss_deg"": 0.45, ""labels"": [259]}, {""name"": ""水瓶"", ""share"": 0.005, ""q"": 0.0, ""capture"": 0.0, ""miss_deg"": 0.79, ""labels"": [30]}]"
2026_08_20/002,c4,v9,beyond_occ,s02,107.48,109.22,1.74,4.329,球R,263,0.997,0.79,0.811,0.004,0.003,0.207,object#12,,1,1,13,球R,1,2,"[{""name"": ""球R"", ""share"": 0.997, ""q"": 0.79, ""capture"": 0.811, ""miss_deg"": 0.13, ""labels"": [263]}, {""name"": ""球M"", ""share"": 0.003, ""q"": 0.002, ""capture"": 0.003, ""miss_deg"": 0.69, ""labels"": [261]}]"
2026_08_20/002,c4,v9,beyond_occ,s02,109.44,113.19,3.75,4.325,球L,259,1.0,0.016,0.017,0.0,0.0,0.984,物品台,,0,0,,,,1,"[{""name"": ""球L"", ""share"": 1.0, ""q"": 0.016, ""capture"": 0.017, ""miss_deg"": 0.57, ""labels"": [259]}]"
2026_08_20/002,c4,v9,beyond_occ,s02,113.27,114.31,1.05,4.328,水瓶,30,0.979,0.022,0.022,0.0,0.021,0.977,object#35,,0,0,,,,2,"[{""name"": ""水瓶"", ""share"": 0.979, ""q"": 0.022, ""capture"": 0.022, ""miss_deg"": 0.55, ""labels"": [30]}, {""name"": ""苹果粉"", ""share"": 0.021, ""q"": 0.0, ""capture"": 0.0, ""miss_deg"": 0.78, ""labels"": [64]}]"
2026_08_20/002,c4,v9,beyond_occ,s02,114.54,115.08,0.54,4.305,球L,259,0.946,0.119,0.123,0.057,0.056,0.874,物品台,,0,0,,,,3,"[{""name"": ""球L"", ""share"": 0.946, ""q"": 0.119, ""capture"": 0.123, ""miss_deg"": 0.41, ""labels"": [259]}, {""name"": ""水瓶"", ""share"": 0.053, ""q"": 0.007, ""capture"": 0.007, ""miss_deg"": 0.63, ""labels"": [30]}, {""name"": ""球M"", ""share"": 0.001, ""q"": 0.0, ""capture"": 0.0, ""miss_deg"": 0.85, ""labels"": [261]}]"
2026_08_20/002,c4,v9,beyond_occ,s02,115.13,115.78,0.65,4.282,球M,261,0.735,0.2,0.207,0.324,0.327,0.728,物品台,,1,1,,,,3,"[{""name"": ""球M"", ""share"": 0.735, ""q"": 0.2, ""capture"": 0.207, ""miss_deg"": 0.36, ""labels"": [261]}, {""name"": ""球L"", ""share"": 0.24, ""q"": 0.065, ""capture"": 0.067, ""miss_deg"": 0.47, ""labels"": [259]}, {""name"": ""水瓶"", ""share"": 0.025, ""q"": 0.007, ""capture"": 0.007, ""miss_deg"": 0.63, ""labels"": [30]}]"
2026_08_20/002,c4,v9,beyond_occ,s02,115.84,116.92,1.08,4.29,球L,259,1.0,0.104,0.106,0.0,0.0,0.896,物品台,,0,0,,,,1,"[{""name"": ""球L"", ""share"": 1.0, ""q"": 0.104, ""capture"": 0.106, ""miss_deg"": 0.42, ""labels"": [259]}]"
2026_08_20/002,c4,v9,beyond_occ,s02,116.97,119.57,2.6,4.308,球M,261,0.964,0.391,0.404,0.032,0.034,0.594,物品台,,1,1,,,,3,"[{""name"": ""球M"", ""share"": 0.964, ""q"": 0.391, ""capture"": 0.404, ""miss_deg"": 0.27, ""labels"": [261]}, {""name"": ""水瓶"", ""share"": 0.033, ""q"": 0.013, ""capture"": 0.013, ""miss_deg"": 0.59, ""labels"": [30]}, {""name"": ""球L"", ""share"": 0.003, ""q"": 0.001, ""capture"": 0.001, ""miss_deg"": 0.73, ""labels"": [259]}]"
2026_08_20/002,c4,v9,beyond_occ,s02,119.63,121.14,1.52,4.255,,-1,0.0,0.0,,,,1.0,object#24,,0,0,,,,0,[]
2026_08_20/002,c4,v9,beyond_occ,s02,121.6,123.44,1.84,4.253,水瓶,30,1.0,0.003,0.003,0.0,0.0,0.997,物品台,,0,0,,,,1,"[{""name"": ""水瓶"", ""share"": 1.0, ""q"": 0.003, ""capture"": 0.003, ""miss_deg"": 0.68, ""labels"": [30]}]"
2026_08_20/002,c4,v9,beyond_occ,s02,123.49,123.82,0.33,4.27,,-1,0.0,0.0,,,,1.0,物品台,,0,0,,,,0,[]
2026_08_20/002,c4,v9,beyond_occ,s02,123.88,125.56,1.68,4.206,,-1,0.0,0.0,,,,1.0,object#35,,0,0,,,,0,[]
2026_08_20/002,c4,v9,beyond_occ,s02,125.61,126.64,1.03,4.224,,-1,0.0,0.0,,,,1.0,物品台,,0,0,15,球R,,0,[]
2026_08_20/002,c4,v9,beyond_occ,s02,127.96,128.29,0.32,2.573,,-1,0.0,0.0,,,,1.0,floor,,0,0,,,,0,[]
2026_08_20/002,c4,v9,beyond_occ,s02,130.1,130.64,0.55,1.671,,-1,0.0,0.0,,,,1.0,object#26,,0,0,,,,0,[]
2026_08_20/002,c4,v9,beyond_occ,s02,130.7,131.56,0.87,1.308,,-1,0.0,0.0,,,,1.0,object#26,,0,0,,,,0,[]
2026_08_20/002,c4,v9,beyond_occ,s02,131.62,132.48,0.87,1.141,,-1,0.0,0.0,,,,1.0,object#26,,0,0,,,,0,[]
2026_08_20/002,c4,v9,beyond_occ,s02,133.08,133.35,0.27,0.584,,-1,0.0,0.0,,,,1.0,object#14,,0,0,,,,0,[]
2026_08_20/002,c4,v9,beyond_occ,s02,133.62,134.0,0.38,0.485,,-1,0.0,0.0,,,,1.0,object#88,,0,0,,,,0,[]
2026_08_20/003,c4,v9,beyond_occ,s02,5.85,6.45,0.6,4.301,,-1,0.0,0.0,,,,1.0,object#35,,0,0,1,球L,,0,[]
2026_08_20/003,c4,v9,beyond_occ,s02,6.5,7.53,1.03,4.215,,-1,0.0,0.0,,,,1.0,物品台,,0,0,1,球L,,0,[]
2026_08_20/003,c4,v9,beyond_occ,s02,7.75,8.03,0.27,4.271,球L,259,1.0,0.103,0.106,0.0,0.0,0.897,物品台,,0,0,1,球L,1,1,"[{""name"": ""球L"", ""share"": 1.0, ""q"": 0.103, ""capture"": 0.106, ""miss_deg"": 0.42, ""labels"": [259]}]"
2026_08_20/003,c4,v9,beyond_occ,s02,10.06,11.25,1.19,4.363,,-1,0.0,0.0,,,,1.0,物品台,,0,0,6,球L,,0,[]
2026_08_20/003,c4,v9,beyond_occ,s02,13.42,13.69,0.27,2.971,,-1,0.0,0.0,,,,1.0,object#19,,0,0,,,,0,[]
2026_08_20/003,c4,v9,beyond_occ,s02,15.51,16.97,1.46,4.341,,-1,0.0,0.0,,,,1.0,object#35,,0,0,8,球L,,0,[]
2026_08_20/003,c4,v9,beyond_occ,s02,17.03,17.57,0.54,4.347,水瓶,30,0.986,0.01,0.01,0.0,0.014,0.99,object#35,,0,0,,,,2,"[{""name"": ""水瓶"", ""share"": 0.986, ""q"": 0.01, ""capture"": 0.01, ""miss_deg"": 0.61, ""labels"": [30]}, {""name"": ""苹果粉"", ""share"": 0.014, ""q"": 0.0, ""capture"": 0.0, ""miss_deg"": 0.84, ""labels"": [64]}]"
2026_08_20/003,c4,v9,beyond_occ,s02,17.62,18.38,0.76,4.352,,-1,0.0,0.0,,,,1.0,物品台,,0,0,11,球L,,0,[]
2026_08_20/003,c4,v9,beyond_occ,s02,18.62,21.46,2.84,4.36,,-1,0.0,0.0,,,,1.0,object#35,,0,0,11,球L,,0,[]
2026_08_20/003,c4,v9,beyond_occ,s02,21.52,24.09,2.56,4.357,,-1,0.0,0.0,,,,1.0,物品台,,0,0,11,球L,,0,[]
2026_08_20/003,c4,v9,beyond_occ,s02,24.32,24.81,0.49,4.359,,-1,0.0,0.0,,,,1.0,object#35,,0,0,11,球L,,0,[]
2026_08_20/003,c4,v9,beyond_occ,s02,24.86,28.76,3.9,4.369,,-1,0.0,0.0,,,,1.0,物品台,,0,0,11,球L,,0,[]
2026_08_20/003,c4,v9,beyond_occ,s02,29.14,30.93,1.79,4.388,,-1,0.0,0.0,,,,1.0,物品台,,0,0,13,球R,,0,[]
2026_08_20/003,c4,v9,beyond_occ,s02,31.21,33.76,2.54,4.37,,-1,0.0,0.0,,,,1.0,物品台,,0,0,,,,0,[]
2026_08_20/003,c4,v9,beyond_occ,s02,33.86,35.89,2.02,4.347,球R,263,1.0,0.111,0.115,0.0,0.0,0.889,物品台,,0,0,15,球R,1,1,"[{""name"": ""球R"", ""share"": 1.0, ""q"": 0.111, ""capture"": 0.115, ""miss_deg"": 0.42, ""labels"": [263]}]"
2026_08_20/003,c4,v9,beyond_occ,s02,36.27,37.62,1.35,4.363,,-1,0.0,0.0,,,,1.0,物品台,,0,0,,,,0,[]
2026_08_20/003,c4,v9,beyond_occ,s02,37.9,38.6,0.7,4.357,,-1,0.0,0.0,,,,1.0,物品台,,0,0,,,,0,[]
2026_08_20/003,c4,v9,beyond_occ,s02,38.87,45.1,6.23,4.348,,-1,0.0,0.0,,,,1.0,object#35,,0,0,,,,0,[]
2026_08_20/003,c4,v9,beyond_occ,s02,45.35,45.9,0.54,4.36,,-1,0.0,0.0,,,,1.0,物品台,,0,0,,,,0,[]
2026_08_20/003,c4,v9,beyond_occ,s02,46.09,47.01,0.92,4.349,球M,261,0.557,0.042,0.044,0.659,0.702,0.925,物品台,,0,0,,,,3,"[{""name"": ""球M"", ""share"": 0.557, ""q"": 0.042, ""capture"": 0.044, ""miss_deg"": 0.5, ""labels"": [261]}, {""name"": ""水瓶"", ""share"": 0.391, ""q"": 0.029, ""capture"": 0.029, ""miss_deg"": 0.53, ""labels"": [30]}, {""name"": ""球R"", ""share"": 0.052, ""q"": 0.004, ""capture"": 0.004, ""miss_deg"": 0.66, ""labels"": [263]}]"
2026_08_20/003,c4,v9,beyond_occ,s02,47.06,47.39,0.32,4.322,球L,259,0.968,0.762,0.782,0.031,0.031,0.213,object#12,,1,1,,,,3,"[{""name"": ""球L"", ""share"": 0.968, ""q"": 0.762, ""capture"": 0.782, ""miss_deg"": 0.14, ""labels"": [259]}, {""name"": ""球M"", ""share"": 0.03, ""q"": 0.024, ""capture"": 0.024, ""miss_deg"": 0.55, ""labels"": [261]}, {""name"": ""水瓶"", ""share"": 0.002, ""q"": 0.002, ""capture"": 0.002, ""miss_deg"": 0.71, ""labels"": [30]}]"
2026_08_20/003,c4,v9,beyond_occ,s02,47.62,48.11,0.49,4.329,球L,259,1.0,0.017,0.017,0.0,0.0,0.983,物品台,,0,0,,,,1,"[{""name"": ""球L"", ""share"": 1.0, ""q"": 0.017, ""capture"": 0.017, ""miss_deg"": 0.57, ""labels"": [259]}]"
2026_08_20/003,c4,v9,beyond_occ,s02,48.16,48.49,0.32,4.329,球R,263,0.999,0.197,0.202,0.0,0.001,0.803,物品台,,1,1,,,,2,"[{""name"": ""球R"", ""share"": 0.999, ""q"": 0.197, ""capture"": 0.202, ""miss_deg"": 0.36, ""labels"": [263]}, {""name"": ""球M"", ""share"": 0.001, ""q"": 0.0, ""capture"": 0.0, ""miss_deg"": 0.82, ""labels"": [261]}]"
2026_08_20/003,c4,v9,beyond_occ,s02,48.54,50.4,1.86,4.345,水瓶,30,1.0,0.0,0.0,0.0,0.0,1.0,object#35,,0,0,,,,1,"[{""name"": ""水瓶"", ""share"": 1.0, ""q"": 0.0, ""capture"": 0.0, ""miss_deg"": 0.81, ""labels"": [30]}]"
2026_08_20/003,c4,v9,beyond_occ,s02,50.57,51.87,1.3,4.348,球L,259,1.0,0.002,0.002,0.0,0.0,0.998,物品台,,0,0,,,,1,"[{""name"": ""球L"", ""share"": 1.0, ""q"": 0.002, ""capture"": 0.002, ""miss_deg"": 0.71, ""labels"": [259]}]"
2026_08_20/003,c4,v9,beyond_occ,s02,51.92,52.68,0.76,4.34,,-1,0.0,0.0,,,,1.0,object#35,,0,0,,,,0,[]
2026_08_20/003,c4,v9,beyond_occ,s02,53.16,53.7,0.54,4.348,水瓶,30,1.0,0.0,0.0,0.0,0.0,1.0,object#35,,0,0,,,,1,"[{""name"": ""水瓶"", ""share"": 1.0, ""q"": 0.0, ""capture"": 0.0, ""miss_deg"": 0.78, ""labels"": [30]}]"
2026_08_20/003,c4,v9,beyond_occ,s02,54.29,55.27,0.97,4.344,,-1,0.0,0.0,,,,1.0,object#35,,0,0,,,,0,[]
2026_08_20/003,c4,v9,beyond_occ,s02,55.54,55.98,0.43,4.339,,-1,0.0,0.0,,,,1.0,object#24,,0,0,,,,0,[]
2026_08_20/003,c4,v9,beyond_occ,s02,56.3,56.79,0.49,4.343,,-1,0.0,0.0,,,,1.0,object#35,,0,0,,,,0,[]
2026_08_20/003,c4,v9,beyond_occ,s02,56.84,57.98,1.14,4.348,水瓶,30,1.0,0.0,0.0,0.0,0.0,1.0,object#35,,0,0,,,,1,"[{""name"": ""水瓶"", ""share"": 1.0, ""q"": 0.0, ""capture"": 0.0, ""miss_deg"": 0.78, ""labels"": [30]}]"
2026_08_20/003,c4,v9,beyond_occ,s02,58.27,58.92,0.65,4.377,,-1,0.0,0.0,,,,1.0,物品台,,0,0,,,,0,[]
2026_08_20/003,c4,v9,beyond_occ,s02,59.03,59.36,0.32,4.368,水瓶,30,1.0,0.001,0.001,0.0,0.0,0.999,物品台,,0,0,,,,1,"[{""name"": ""水瓶"", ""share"": 1.0, ""q"": 0.001, ""capture"": 0.001, ""miss_deg"": 0.72, ""labels"": [30]}]"
2026_08_20/003,c4,v9,beyond_occ,s02,59.41,60.06,0.65,4.375,球L,259,1.0,0.001,0.001,0.0,0.0,0.999,物品台,,0,0,,,,1,"[{""name"": ""球L"", ""share"": 1.0, ""q"": 0.001, ""capture"": 0.001, ""miss_deg"": 0.76, ""labels"": [259]}]"
2026_08_20/003,c4,v9,beyond_occ,s02,60.39,64.18,3.79,4.369,,-1,0.0,0.0,,,,1.0,物品台,,0,0,,,,0,[]
2026_08_20/003,c4,v9,beyond_occ,s02,66.06,66.5,0.43,2.766,,-1,0.0,0.0,,,,1.0,floor,,0,0,,,,0,[]
2026_08_20/003,c4,v9,beyond_occ,s02,67.31,70.23,2.92,3.047,,-1,0.0,0.0,,,,1.0,floor,,0,0,,,,0,[]
2026_08_20/003,c4,v9,beyond_occ,s02,70.9,71.98,1.08,4.278,苹果红,260,0.654,0.515,0.516,0.424,0.416,0.212,object#12,,1,1,,,,3,"[{""name"": ""苹果红"", ""share"": 0.654, ""q"": 0.515, ""capture"": 0.516, ""miss_deg"": 0.23, ""labels"": [260]}, {""name"": ""球L"", ""share"": 0.272, ""q"": 0.214, ""capture"": 0.219, ""miss_deg"": 0.35, ""labels"": [259]}, {""name"": ""水瓶"", ""share"": 0.075, ""q"": 0.059, ""capture"": 0.059, ""miss_deg"": 0.48, ""labels"": [30]}]"
2026_08_20/003,c4,v9,beyond_occ,s02,72.04,72.63,0.6,4.28,球L,259,1.0,0.009,0.01,0.0,0.0,0.991,物品台,,0,0,,,,1,"[{""name"": ""球L"", ""share"": 1.0, ""q"": 0.009, ""capture"": 0.01, ""miss_deg"": 0.61, ""labels"": [259]}]"
2026_08_20/003,c4,v9,beyond_occ,s02,72.86,75.73,2.87,4.294,水瓶,30,1.0,0.0,0.0,0.0,0.0,1.0,object#35,,0,0,,,,1,"[{""name"": ""水瓶"", ""share"": 1.0, ""q"": 0.0, ""capture"": 0.0, ""miss_deg"": 0.79, ""labels"": [30]}]"
2026_08_20/003,c4,v9,beyond_occ,s02,76.0,76.6,0.6,4.302,,-1,0.0,0.0,,,,1.0,object#35,,0,0,,,,0,[]
2026_08_20/003,c4,v9,beyond_occ,s02,76.65,81.05,4.4,4.295,水瓶,30,1.0,0.0,0.0,0.0,0.0,1.0,object#37,,0,0,,,,1,"[{""name"": ""水瓶"", ""share"": 1.0, ""q"": 0.0, ""capture"": 0.0, ""miss_deg"": 0.82, ""labels"": [30]}]"
2026_08_20/003,c4,v9,beyond_occ,s02,81.49,83.0,1.52,4.297,苹果粉,64,1.0,0.006,0.006,0.0,0.0,0.994,object#35,,0,0,,,,1,"[{""name"": ""苹果粉"", ""share"": 1.0, ""q"": 0.006, ""capture"": 0.006, ""miss_deg"": 0.64, ""labels"": [64]}]"
2026_08_20/003,c4,v9,beyond_occ,s02,83.06,84.36,1.3,4.314,球L,259,1.0,0.002,0.002,0.0,0.0,0.998,物品台,,0,0,,,,1,"[{""name"": ""球L"", ""share"": 1.0, ""q"": 0.002, ""capture"": 0.002, ""miss_deg"": 0.71, ""labels"": [259]}]"
2026_08_20/003,c4,v9,beyond_occ,s02,84.41,84.85,0.43,4.31,,-1,0.0,0.0,,,,1.0,object#35,,0,0,,,,0,[]
2026_08_20/003,c4,v9,beyond_occ,s02,84.9,85.33,0.43,4.299,苹果粉,64,0.638,0.013,0.013,0.538,0.567,0.98,object#35,,0,0,,,,2,"[{""name"": ""苹果粉"", ""share"": 0.638, ""q"": 0.013, ""capture"": 0.013, ""miss_deg"": 0.59, ""labels"": [64]}, {""name"": ""水瓶"", ""share"": 0.362, ""q"": 0.007, ""capture"": 0.007, ""miss_deg"": 0.63, ""labels"": [30]}]"
2026_08_20/003,c4,v9,beyond_occ,s02,85.39,86.9,1.52,4.304,,-1,0.0,0.0,,,,1.0,object#35,,0,0,,,,0,[]
2026_08_20/003,c4,v9,beyond_occ,s02,87.15,87.63,0.49,4.31,,-1,0.0,0.0,,,,1.0,object#35,,0,0,,,,0,[]
2026_08_20/003,c4,v9,beyond_occ,s02,87.69,89.2,1.52,4.33,,-1,0.0,0.0,,,,1.0,物品台,,0,0,,,,0,[]
2026_08_20/003,c4,v9,beyond_occ,s02,89.42,91.97,2.55,4.336,,-1,0.0,0.0,,,,1.0,object#35,,0,0,,,,0,[]
2026_08_20/003,c4,v9,beyond_occ,s02,92.02,92.62,0.6,4.323,水瓶,30,1.0,0.0,0.0,0.0,0.0,1.0,object#35,,0,0,,,,1,"[{""name"": ""水瓶"", ""share"": 1.0, ""q"": 0.0, ""capture"": 0.0, ""miss_deg"": 0.81, ""labels"": [30]}]"
2026_08_20/003,c4,v9,beyond_occ,s02,93.06,93.39,0.32,4.316,,-1,0.0,0.0,,,,1.0,object#35,,0,0,,,,0,[]
2026_08_20/003,c4,v9,beyond_occ,s02,93.44,94.04,0.6,4.284,球L,259,0.988,0.09,0.092,0.011,0.012,0.909,物品台,,0,0,,,,2,"[{""name"": ""球L"", ""share"": 0.988, ""q"": 0.09, ""capture"": 0.092, ""miss_deg"": 0.44, ""labels"": [259]}, {""name"": ""苹果红"", ""share"": 0.012, ""q"": 0.001, ""capture"": 0.001, ""miss_deg"": 0.74, ""labels"": [260]}]"
2026_08_20/003,c4,v9,beyond_occ,s02,94.09,95.34,1.25,4.294,水瓶,30,1.0,0.001,0.001,0.0,0.0,0.999,object#37,,0,0,,,,1,"[{""name"": ""水瓶"", ""share"": 1.0, ""q"": 0.001, ""capture"": 0.001, ""miss_deg"": 0.72, ""labels"": [30]}]"
2026_08_20/003,c4,v9,beyond_occ,s02,95.8,100.87,5.07,4.29,,-1,0.0,0.0,,,,1.0,object#35,,0,0,,,,0,[]
2026_08_20/003,c4,v9,beyond_occ,s02,101.1,101.59,0.49,4.294,水瓶,30,0.918,0.017,0.017,0.118,0.089,0.981,object#35,,0,0,,,,2,"[{""name"": ""水瓶"", ""share"": 0.918, ""q"": 0.017, ""capture"": 0.017, ""miss_deg"": 0.57, ""labels"": [30]}, {""name"": ""苹果粉"", ""share"": 0.082, ""q"": 0.002, ""capture"": 0.002, ""miss_deg"": 0.72, ""labels"": [64]}]"
2026_08_20/003,c4,v9,beyond_occ,s02,101.64,102.29,0.65,4.312,球L,259,1.0,0.146,0.15,0.0,0.0,0.854,物品台,,0,0,,,,1,"[{""name"": ""球L"", ""share"": 1.0, ""q"": 0.146, ""capture"": 0.15, ""miss_deg"": 0.39, ""labels"": [259]}]"
2026_08_20/003,c4,v9,beyond_occ,s02,102.35,104.95,2.6,4.311,水瓶,30,0.957,0.004,0.004,0.0,0.045,0.996,object#35,,0,0,,,,2,"[{""name"": ""水瓶"", ""share"": 0.957, ""q"": 0.004, ""capture"": 0.004, ""miss_deg"": 0.67, ""labels"": [30]}, {""name"": ""苹果粉"", ""share"": 0.043, ""q"": 0.0, ""capture"": 0.0, ""miss_deg"": 0.83, ""labels"": [64]}]"
2026_08_20/003,c4,v9,beyond_occ,s02,105.0,105.54,0.54,4.318,球L,259,0.99,0.212,0.218,0.009,0.01,0.785,物品台,,1,1,,,,2,"[{""name"": ""球L"", ""share"": 0.99, ""q"": 0.212, ""capture"": 0.218, ""miss_deg"": 0.35, ""labels"": [259]}, {""name"": ""水瓶"", ""share"": 0.01, ""q"": 0.002, ""capture"": 0.002, ""miss_deg"": 0.7, ""labels"": [30]}]"
2026_08_20/003,c4,v9,beyond_occ,s02,105.6,106.46,0.87,4.322,水瓶,30,1.0,0.016,0.016,0.0,0.0,0.984,object#35,,0,0,,,,1,"[{""name"": ""水瓶"", ""share"": 1.0, ""q"": 0.016, ""capture"": 0.016, ""miss_deg"": 0.58, ""labels"": [30]}]"
2026_08_20/003,c4,v9,beyond_occ,s02,106.83,108.13,1.3,4.295,球L,259,1.0,0.082,0.084,0.0,0.0,0.918,物品台,,0,0,,,,1,"[{""name"": ""球L"", ""share"": 1.0, ""q"": 0.082, ""capture"": 0.084, ""miss_deg"": 0.45, ""labels"": [259]}]"
2026_08_20/003,c4,v9,beyond_occ,s02,108.23,110.91,2.68,4.328,,-1,0.0,0.0,,,,1.0,物品台,,0,0,,,,0,[]
2026_08_20/003,c4,v9,beyond_occ,s02,110.97,113.35,2.38,4.314,,-1,0.0,0.0,,,,1.0,object#35,,0,0,,,,0,[]
2026_08_20/003,c4,v9,beyond_occ,s02,113.41,114.06,0.65,4.318,,-1,0.0,0.0,,,,1.0,object#24,,0,0,,,,0,[]
2026_08_20/003,c4,v9,beyond_occ,s02,114.96,115.55,0.6,4.321,水瓶,30,1.0,0.001,0.001,0.0,0.0,0.999,object#35,,0,0,,,,1,"[{""name"": ""水瓶"", ""share"": 1.0, ""q"": 0.001, ""capture"": 0.001, ""miss_deg"": 0.73, ""labels"": [30]}]"
2026_08_20/003,c4,v9,beyond_occ,s02,115.61,119.99,4.39,4.318,,-1,0.0,0.0,,,,1.0,object#35,,0,0,,,,0,[]
2026_08_20/003,c4,v9,beyond_occ,s02,120.05,120.48,0.43,4.31,水瓶,30,0.739,0.017,0.017,0.353,0.353,0.977,物品台,,0,0,,,,2,"[{""name"": ""水瓶"", ""share"": 0.739, ""q"": 0.017, ""capture"": 0.017, ""miss_deg"": 0.57, ""labels"": [30]}, {""name"": ""苹果粉"", ""share"": 0.261, ""q"": 0.006, ""capture"": 0.006, ""miss_deg"": 0.64, ""labels"": [64]}]"
2026_08_20/003,c4,v9,beyond_occ,s02,120.53,122.11,1.57,4.322,,-1,0.0,0.0,,,,1.0,object#35,,0,0,,,,0,[]
2026_08_20/003,c4,v9,beyond_occ,s02,122.16,122.65,0.49,4.339,,-1,0.0,0.0,,,,1.0,object#35,,0,0,,,,0,[]
2026_08_20/003,c4,v9,beyond_occ,s02,122.95,123.33,0.38,4.333,,-1,0.0,0.0,,,,1.0,物品台,,0,0,,,,0,[]
2026_08_20/003,c4,v9,beyond_occ,s02,123.38,123.93,0.54,4.271,球M,261,0.618,0.301,0.31,0.4,0.401,0.513,object#12,,1,1,,,,3,"[{""name"": ""球M"", ""share"": 0.618, ""q"": 0.301, ""capture"": 0.31, ""miss_deg"": 0.31, ""labels"": [261]}, {""name"": ""球L"", ""share"": 0.248, ""q"": 0.121, ""capture"": 0.124, ""miss_deg"": 0.41, ""labels"": [259]}, {""name"": ""球R"", ""share"": 0.134, ""q"": 0.065, ""capture"": 0.067, ""miss_deg"": 0.47, ""labels"": [263]}]"
2026_08_20/003,c4,v9,beyond_occ,s02,123.98,125.46,1.48,4.312,球L,259,0.959,0.267,0.274,0.036,0.038,0.721,物品台,,1,1,,,,3,"[{""name"": ""球L"", ""share"": 0.959, ""q"": 0.267, ""capture"": 0.274, ""miss_deg"": 0.32, ""labels"": [259]}, {""name"": ""水瓶"", ""share"": 0.036, ""q"": 0.01, ""capture"": 0.01, ""miss_deg"": 0.61, ""labels"": [30]}, {""name"": ""球M"", ""share"": 0.005, ""q"": 0.001, ""capture"": 0.002, ""miss_deg"": 0.72, ""labels"": [261]}]"
2026_08_20/003,c4,v9,beyond_occ,s02,125.74,128.29,2.55,4.323,球M,261,0.669,0.122,0.126,0.373,0.387,0.818,物品台,,0,0,,,,3,"[{""name"": ""球M"", ""share"": 0.669, ""q"": 0.122, ""capture"": 0.126, ""miss_deg"": 0.41, ""labels"": [261]}, {""name"": ""水瓶"", ""share"": 0.259, ""q"": 0.047, ""capture"": 0.047, ""miss_deg"": 0.49, ""labels"": [30]}, {""name"": ""球L"", ""share"": 0.072, ""q"": 0.013, ""capture"": 0.014, ""miss_deg"": 0.59, ""labels"": [259]}]"
2026_08_20/003,c4,v9,beyond_occ,s02,134.23,134.61,0.38,0.839,,-1,0.0,0.0,,,,1.0,object#14,,0,0,,,,0,[]
2026_08_25/c1_1,c4,v9,beyond_occ,s02,4.15,4.53,0.38,1.959,,-1,0.0,0.0,,,,1.0,floor,,0,0,,,,0,[]
2026_08_25/c1_1,c4,v9,beyond_occ,s02,7.82,8.2,0.38,3.256,,-1,0.0,0.0,,,,1.0,object#90,,0,0,,,,0,[]
2026_08_25/c1_1,c4,v9,beyond_occ,s02,11.28,14.53,3.25,4.04,,-1,0.0,0.0,,,,1.0,object#106,,0,0,1,球L,,0,[]
2026_08_25/c1_1,c4,v9,beyond_occ,s02,15.91,18.41,2.5,4.123,,-1,0.0,0.0,,,,1.0,object#37,,0,0,,,,0,[]
2026_08_25/c1_1,c4,v9,beyond_occ,s02,18.58,21.61,3.03,4.11,,-1,0.0,0.0,,,,1.0,object#37,,0,0,,,,0,[]
2026_08_25/c1_1,c4,v9,beyond_occ,s02,21.67,23.78,2.11,4.115,,-1,0.0,0.0,,,,1.0,object#24,,0,0,,,,0,[]
2026_08_25/c1_1,c4,v9,beyond_occ,s02,24.01,29.97,5.96,4.119,,-1,0.0,0.0,,,,1.0,object#24,,0,0,6,球L,,0,[]
2026_08_25/c1_1,c4,v9,beyond_occ,s02,30.22,32.38,2.17,4.093,,-1,0.0,0.0,,,,1.0,object#24,,0,0,,,,0,[]
2026_08_25/c1_1,c4,v9,beyond_occ,s02,32.71,36.28,3.57,4.132,,-1,0.0,0.0,,,,1.0,object#24,,0,0,8,球L,,0,[]
2026_08_25/c1_1,c4,v9,beyond_occ,s02,36.55,37.68,1.14,4.138,,-1,0.0,0.0,,,,1.0,object#24,,0,0,8,球L,,0,[]
2026_08_25/c1_1,c4,v9,beyond_occ,s02,37.74,43.15,5.42,4.137,,-1,0.0,0.0,,,,1.0,object#24,,0,0,,,,0,[]
2026_08_25/c1_1,c4,v9,beyond_occ,s02,43.4,51.57,8.18,4.162,,-1,0.0,0.0,,,,1.0,object#35,,0,0,9,球L,,0,[]
2026_08_25/c1_1,c4,v9,beyond_occ,s02,51.85,56.99,5.15,4.19,,-1,0.0,0.0,,,,1.0,object#106,,0,0,,,,0,[]
2026_08_25/c1_1,c4,v9,beyond_occ,s02,57.24,57.67,0.43,4.19,,-1,0.0,0.0,,,,1.0,object#35,,0,0,,,,0,[]
2026_08_25/c1_1,c4,v9,beyond_occ,s02,57.94,60.27,2.33,4.202,水瓶,30,0.567,0.001,0.001,1.0,0.764,0.998,物品台,,0,0,,,,2,"[{""name"": ""水瓶"", ""share"": 0.567, ""q"": 0.001, ""capture"": 0.001, ""miss_deg"": 0.73, ""labels"": [30]}, {""name"": ""球L"", ""share"": 0.433, ""q"": 0.001, ""capture"": 0.001, ""miss_deg"": 0.74, ""labels"": [259]}]"
2026_08_25/c1_1,c4,v9,beyond_occ,s02,60.49,64.99,4.5,4.168,水瓶,30,1.0,0.0,0.0,0.0,0.0,1.0,物品台,,0,0,,,,1,"[{""name"": ""水瓶"", ""share"": 1.0, ""q"": 0.0, ""capture"": 0.0, ""miss_deg"": 0.87, ""labels"": [30]}]"
2026_08_25/c1_1,c4,v9,beyond_occ,s02,66.57,66.95,0.38,4.167,球R,263,1.0,0.135,0.137,0.0,0.0,0.865,物品台,,0,0,,,,1,"[{""name"": ""球R"", ""share"": 1.0, ""q"": 0.135, ""capture"": 0.137, ""miss_deg"": 0.4, ""labels"": [263]}]"
2026_08_25/c1_1,c4,v9,beyond_occ,s02,67.26,67.58,0.32,3.183,,-1,0.0,0.0,,,,1.0,object#26,,0,0,,,,0,[]
2026_08_25/c1_1,c4,v9,beyond_occ,s02,67.91,68.5,0.6,3.134,,-1,0.0,0.0,,,,1.0,object#26,,0,0,,,,0,[]
2026_08_25/c1_1,c4,v9,beyond_occ,s02,68.94,69.43,0.49,4.165,,-1,0.0,0.0,,,,1.0,object#24,,0,0,,,,0,[]
2026_08_25/c1_1,c4,v9,beyond_occ,s02,69.49,69.97,0.49,4.157,水瓶,30,1.0,0.007,0.007,0.0,0.0,0.993,object#106,,0,0,,,,1,"[{""name"": ""水瓶"", ""share"": 1.0, ""q"": 0.007, ""capture"": 0.007, ""miss_deg"": 0.63, ""labels"": [30]}]"
2026_08_25/c1_1,c4,v9,beyond_occ,s02,70.03,70.41,0.38,4.157,,-1,0.0,0.0,,,,1.0,object#24,,0,0,,,,0,[]
2026_08_25/c1_1,c4,v9,beyond_occ,s02,70.46,70.79,0.32,4.167,,-1,0.0,0.0,,,,1.0,object#106,,0,0,,,,0,[]
2026_08_25/c1_1,c4,v9,beyond_occ,s02,70.89,77.4,6.5,4.174,,-1,0.0,0.0,,,,1.0,object#35,,0,0,,,,0,[]
2026_08_25/c1_1,c4,v9,beyond_occ,s02,77.45,80.11,2.65,4.17,,-1,0.0,0.0,,,,1.0,object#24,,0,0,,,,0,[]
2026_08_25/c1_1,c4,v9,beyond_occ,s02,80.33,84.06,3.74,4.177,,-1,0.0,0.0,,,,1.0,object#35,,0,0,,,,0,[]
2026_08_25/c1_1,c4,v9,beyond_occ,s02,84.12,86.5,2.38,4.186,,-1,0.0,0.0,,,,1.0,object#35,,0,0,,,,0,[]
2026_08_25/c1_1,c4,v9,beyond_occ,s02,86.74,93.45,6.72,4.177,,-1,0.0,0.0,,,,1.0,object#24,,0,0,10,球M,,0,[]
2026_08_25/c1_1,c4,v9,beyond_occ,s02,93.61,97.46,3.85,4.18,,-1,0.0,0.0,,,,1.0,object#35,,0,0,11,球L,,0,[]
2026_08_25/c1_1,c4,v9,beyond_occ,s02,97.51,97.89,0.38,4.174,,-1,0.0,0.0,,,,1.0,object#24,,0,0,11,球L,,0,[]
2026_08_25/c1_1,c4,v9,beyond_occ,s02,98.18,100.51,2.33,4.178,,-1,0.0,0.0,,,,1.0,object#35,,0,0,11,球L,,0,[]
2026_08_25/c1_1,c4,v9,beyond_occ,s02,100.73,105.98,5.25,4.178,,-1,0.0,0.0,,,,1.0,object#35,,0,0,11,球L,,0,[]
2026_08_25/c1_1,c4,v9,beyond_occ,s02,106.23,107.32,1.08,4.177,,-1,0.0,0.0,,,,1.0,object#35,,0,0,11,球L,,0,[]
2026_08_25/c1_1,c4,v9,beyond_occ,s02,107.62,112.55,4.93,4.191,,-1,0.0,0.0,,,,1.0,物品台,,0,0,12,球M,,0,[]
2026_08_25/c1_1,c4,v9,beyond_occ,s02,112.72,114.45,1.73,4.2,水瓶,30,1.0,0.004,0.004,0.0,0.0,0.996,物品台,,0,0,12,球M,0,1,"[{""name"": ""水瓶"", ""share"": 1.0, ""q"": 0.004, ""capture"": 0.004, ""miss_deg"": 0.66, ""labels"": [30]}]"
2026_08_25/c1_1,c4,v9,beyond_occ,s02,114.51,114.94,0.43,4.175,球L,259,1.0,0.016,0.016,0.0,0.0,0.984,物品台,,0,0,,,,1,"[{""name"": ""球L"", ""share"": 1.0, ""q"": 0.016, ""capture"": 0.016, ""miss_deg"": 0.57, ""labels"": [259]}]"
2026_08_25/c1_1,c4,v9,beyond_occ,s02,115.07,121.35,6.28,4.157,,-1,0.0,0.0,,,,1.0,object#35,,0,0,,,,0,[]
2026_08_25/c1_1,c4,v9,beyond_occ,s02,121.63,127.21,5.58,4.186,球M,261,0.658,0.021,0.021,0.524,0.52,0.968,物品台,,0,0,14,球M,1,2,"[{""name"": ""球M"", ""share"": 0.658, ""q"": 0.021, ""capture"": 0.021, ""miss_deg"": 0.55, ""labels"": [261]}, {""name"": ""水瓶"", ""share"": 0.342, ""q"": 0.011, ""capture"": 0.011, ""miss_deg"": 0.6, ""labels"": [30]}]"
2026_08_25/c1_1,c4,v9,beyond_occ,s02,129.6,130.46,0.87,1.279,,-1,0.0,0.0,,,,1.0,object#14,,0,0,,,,0,[]
2026_08_25/c1_1,c4,v9,beyond_occ,s02,130.52,130.79,0.27,0.892,,-1,0.0,0.0,,,,1.0,object#14,,0,0,,,,0,[]
2026_08_25/c1_1,c4,v9,beyond_occ,s02,131.0,131.33,0.32,0.678,,-1,0.0,0.0,,,,1.0,object#14,,0,0,,,,0,[]
2026_08_25/c1_2,c4,v9,,s02,4.48,4.76,0.27,5.705,,-1,0.0,0.0,,,,1.0,object#23,,0,0,,,,0,[]
2026_08_25/c1_2,c4,v9,,s02,6.13,7.22,1.08,4.222,,-1,0.0,0.0,,,,1.0,物品台,,0,0,,,,0,[]
2026_08_25/c1_2,c4,v9,,s02,7.27,7.54,0.27,4.229,水瓶,30,1.0,0.006,0.006,0.0,0.0,0.994,object#35,,0,0,,,,1,"[{""name"": ""水瓶"", ""share"": 1.0, ""q"": 0.006, ""capture"": 0.006, ""miss_deg"": 0.64, ""labels"": [30]}]"
2026_08_25/c1_2,c4,v9,,s02,7.6,8.68,1.08,4.252,水瓶,30,1.0,0.004,0.004,0.0,0.0,0.996,物品台,,0,0,,,,1,"[{""name"": ""水瓶"", ""share"": 1.0, ""q"": 0.004, ""capture"": 0.004, ""miss_deg"": 0.67, ""labels"": [30]}]"
2026_08_25/c1_2,c4,v9,,s02,8.95,9.28,0.32,3.518,,-1,0.0,0.0,,,,1.0,object#36,,0,0,,,,0,[]
2026_08_25/c1_2,c4,v9,,s02,9.33,9.82,0.49,3.381,,-1,0.0,0.0,,,,1.0,object#26,,0,0,,,,0,[]
2026_08_25/c1_2,c4,v9,,s02,9.87,10.36,0.49,3.32,,-1,0.0,0.0,,,,1.0,object#26,,0,0,,,,0,[]
2026_08_25/c1_2,c4,v9,,s02,10.41,10.68,0.27,3.433,,-1,0.0,0.0,,,,1.0,object#26,,0,0,,,,0,[]
2026_08_25/c1_2,c4,v9,,s02,11.22,12.31,1.08,4.244,,-1,0.0,0.0,,,,1.0,object#106,,0,0,,,,0,[]
2026_08_25/c1_2,c4,v9,,s02,12.74,14.91,2.17,4.246,,-1,0.0,0.0,,,,1.0,object#35,,0,0,,,,0,[]
2026_08_25/c1_2,c4,v9,,s02,15.2,20.78,5.58,4.229,,-1,0.0,0.0,,,,1.0,object#106,,0,0,1,球L,,0,[]
2026_08_25/c1_2,c4,v9,,s02,20.83,22.78,1.95,4.227,,-1,0.0,0.0,,,,1.0,object#106,,0,0,1,球L,,0,[]
2026_08_25/c1_2,c4,v9,,s02,23.16,23.87,0.7,4.254,,-1,0.0,0.0,,,,1.0,object#24,,0,0,,,,0,[]
2026_08_25/c1_2,c4,v9,,s02,30.04,36.43,6.39,4.287,,-1,0.0,0.0,,,,1.0,物品台,,0,0,3,球R,,0,[]
2026_08_25/c1_2,c4,v9,,s02,36.72,43.32,6.61,4.251,水瓶,30,1.0,0.002,0.002,0.0,0.0,0.998,物品台,,0,0,4,球M,0,1,"[{""name"": ""水瓶"", ""share"": 1.0, ""q"": 0.002, ""capture"": 0.002, ""miss_deg"": 0.71, ""labels"": [30]}]"
2026_08_25/c1_2,c4,v9,,s02,43.87,49.99,6.12,4.25,球M,261,0.536,0.011,0.012,0.833,0.866,0.979,物品台,,0,0,5,球M,1,2,"[{""name"": ""球M"", ""share"": 0.536, ""q"": 0.011, ""capture"": 0.012, ""miss_deg"": 0.6, ""labels"": [261]}, {""name"": ""水瓶"", ""share"": 0.464, ""q"": 0.01, ""capture"": 0.01, ""miss_deg"": 0.61, ""labels"": [30]}]"
2026_08_25/c1_2,c4,v9,,s02,50.25,56.64,6.39,4.242,,-1,0.0,0.0,,,,1.0,object#35,,0,0,6,球L,,0,[]
2026_08_25/c1_2,c4,v9,,s02,56.88,62.78,5.9,4.263,,-1,0.0,0.0,,,,1.0,物品台,,0,0,7,球R,,0,[]
2026_08_25/c1_2,c4,v9,,s02,63.64,64.78,1.14,3.324,,-1,0.0,0.0,,,,1.0,object#26,,0,0,,,,0,[]
2026_08_25/c1_2,c4,v9,,s02,64.83,65.21,0.38,3.279,,-1,0.0,0.0,,,,1.0,object#26,,0,0,,,,0,[]
2026_08_25/c1_2,c4,v9,,s02,65.59,66.13,0.54,3.386,,-1,0.0,0.0,,,,1.0,object#26,,0,0,,,,0,[]
2026_08_25/c1_2,c4,v9,,s02,66.19,67.54,1.35,3.354,,-1,0.0,0.0,,,,1.0,object#26,,0,0,,,,0,[]
2026_08_25/c1_2,c4,v9,,s02,68.08,68.68,0.6,3.356,,-1,0.0,0.0,,,,1.0,object#26,,0,0,,,,0,[]
2026_08_25/c1_2,c4,v9,,s02,68.79,69.33,0.54,3.356,,-1,0.0,0.0,,,,1.0,object#26,,0,0,,,,0,[]
2026_08_25/c1_2,c4,v9,,s02,69.94,71.19,1.25,4.258,水瓶,30,1.0,0.002,0.002,0.0,0.0,0.998,object#106,,0,0,,,,1,"[{""name"": ""水瓶"", ""share"": 1.0, ""q"": 0.002, ""capture"": 0.002, ""miss_deg"": 0.69, ""labels"": [30]}]"
2026_08_25/c1_2,c4,v9,,s02,71.48,71.86,0.38,4.257,,-1,0.0,0.0,,,,1.0,object#24,,0,0,,,,0,[]
2026_08_25/c1_2,c4,v9,,s02,71.91,78.79,6.88,4.256,,-1,0.0,0.0,,,,1.0,object#106,,0,0,8,球L,,0,[]
2026_08_25/c1_2,c4,v9,,s02,79.06,85.56,6.5,4.264,,-1,0.0,0.0,,,,1.0,object#24,,0,0,9,球L,,0,[]
2026_08_25/c1_2,c4,v9,,s02,85.89,89.25,3.36,4.261,,-1,0.0,0.0,,,,1.0,object#24,,0,0,,,,0,[]
2026_08_25/c1_2,c4,v9,,s02,89.3,92.66,3.36,4.273,,-1,0.0,0.0,,,,1.0,object#24,,0,0,10,球M,,0,[]
2026_08_25/c1_2,c4,v9,,s02,92.71,94.18,1.46,4.244,水瓶,30,1.0,0.002,0.002,0.0,0.0,0.998,object#106,,0,0,,,,1,"[{""name"": ""水瓶"", ""share"": 1.0, ""q"": 0.002, ""capture"": 0.002, ""miss_deg"": 0.7, ""labels"": [30]}]"
2026_08_25/c1_2,c4,v9,,s02,94.4,99.87,5.47,4.223,,-1,0.0,0.0,,,,1.0,物品台,,0,0,11,球L,,0,[]
2026_08_25/c1_2,c4,v9,,s02,100.18,106.41,6.23,4.255,水瓶,30,1.0,0.0,0.0,0.0,0.0,1.0,物品台,,0,0,12,球M,0,1,"[{""name"": ""水瓶"", ""share"": 1.0, ""q"": 0.0, ""capture"": 0.0, ""miss_deg"": 0.81, ""labels"": [30]}]"
2026_08_25/c1_2,c4,v9,,s02,106.59,113.04,6.45,4.261,,-1,0.0,0.0,,,,1.0,物品台,,0,0,13,球R,,0,[]
2026_08_25/c1_2,c4,v9,,s02,113.25,115.26,2.0,4.245,水瓶,30,1.0,0.007,0.007,0.0,0.0,0.993,物品台,,0,0,,,,1,"[{""name"": ""水瓶"", ""share"": 1.0, ""q"": 0.007, ""capture"": 0.007, ""miss_deg"": 0.63, ""labels"": [30]}]"
2026_08_25/c1_2,c4,v9,,s02,115.56,116.7,1.14,4.259,水瓶,30,1.0,0.001,0.001,0.0,0.0,0.999,物品台,,0,0,14,球M,0,1,"[{""name"": ""水瓶"", ""share"": 1.0, ""q"": 0.001, ""capture"": 0.001, ""miss_deg"": 0.72, ""labels"": [30]}]"
2026_08_25/c1_2,c4,v9,,s02,116.87,120.66,3.79,4.259,水瓶,30,1.0,0.001,0.001,0.0,0.0,0.999,物品台,,0,0,14,球M,0,1,"[{""name"": ""水瓶"", ""share"": 1.0, ""q"": 0.001, ""capture"": 0.001, ""miss_deg"": 0.73, ""labels"": [30]}]"
2026_08_25/c1_2,c4,v9,,s02,121.06,125.72,4.66,4.26,,-1,0.0,0.0,,,,1.0,物品台,,0,0,15,球R,,0,[]
2026_08_25/c1_2,c4,v9,,s02,125.78,126.21,0.43,4.256,,-1,0.0,0.0,,,,1.0,物品台,,0,0,15,球R,,0,[]
2026_08_25/c1_2,c4,v9,,s02,128.24,128.83,0.6,2.029,,-1,0.0,0.0,,,,1.0,object#14,,0,0,,,,0,[]
2026_08_25/c1_2,c4,v9,,s02,129.1,129.75,0.65,1.662,,-1,0.0,0.0,,,,1.0,object#14,,0,0,,,,0,[]
2026_08_25/c1_2,c4,v9,,s02,130.35,130.73,0.38,1.396,,-1,0.0,0.0,,,,1.0,object#26,,0,0,,,,0,[]
2026_08_25/c1_2,c4,v9,,s02,131.69,132.45,0.76,0.77,,-1,0.0,0.0,,,,1.0,object#14,,0,0,,,,0,[]
2026_08_25/c1_3,c4,v9,,s02,6.09,7.06,0.97,3.693,水瓶,30,1.0,0.007,0.007,0.0,0.0,0.993,物品台,,0,0,,,,1,"[{""name"": ""水瓶"", ""share"": 1.0, ""q"": 0.007, ""capture"": 0.007, ""miss_deg"": 0.63, ""labels"": [30]}]"
2026_08_25/c1_3,c4,v9,,s02,7.65,8.14,0.49,2.9,,-1,0.0,0.0,,,,1.0,object#26,,0,0,,,,0,[]
2026_08_25/c1_3,c4,v9,,s02,8.41,9.6,1.19,2.902,,-1,0.0,0.0,,,,1.0,object#26,,0,0,,,,0,[]
2026_08_25/c1_3,c4,v9,,s02,10.56,11.26,0.7,6.666,,-1,0.0,0.0,,,,1.0,object#161,,0,0,,,,0,[]
2026_08_25/c1_3,c4,v9,,s02,11.42,11.92,0.5,5.276,,-1,0.0,0.0,,,,1.0,object#15,,0,0,,,,0,[]
2026_08_25/c1_3,c4,v9,,s02,12.28,12.68,0.4,2.945,,-1,0.0,0.0,,,,1.0,object#26,,0,0,,,,0,[]
2026_08_25/c1_3,c4,v9,,s02,12.73,14.23,1.5,2.905,,-1,0.0,0.0,,,,1.0,object#26,,0,0,,,,0,[]
2026_08_25/c1_3,c4,v9,,s02,14.84,15.84,1.0,3.732,,-1,0.0,0.0,,,,1.0,object#35,,0,0,1,球L,,0,[]
2026_08_25/c1_3,c4,v9,,s02,16.0,16.8,0.8,3.728,水瓶,30,1.0,0.0,0.0,0.0,0.0,1.0,物品台,,0,0,1,球L,0,1,"[{""name"": ""水瓶"", ""share"": 1.0, ""q"": 0.0, ""capture"": 0.0, ""miss_deg"": 0.87, ""labels"": [30]}]"
2026_08_25/c1_3,c4,v9,,s02,16.85,17.45,0.6,3.719,,-1,0.0,0.0,,,,1.0,object#35,,0,0,1,球L,,0,[]
2026_08_25/c1_3,c4,v9,,s02,17.5,17.75,0.25,3.544,,-1,0.0,0.0,,,,1.0,object#35,,0,0,1,球L,,0,[]
2026_08_25/c1_3,c4,v9,,s02,18.05,18.35,0.3,3.519,,-1,0.0,0.0,,,,1.0,object#35,,0,0,1,球L,,0,[]
2026_08_25/c1_3,c4,v9,,s02,18.4,18.8,0.4,3.726,水瓶,30,1.0,0.0,0.0,0.0,0.0,1.0,object#106,,0,0,1,球L,0,1,"[{""name"": ""水瓶"", ""share"": 1.0, ""q"": 0.0, ""capture"": 0.0, ""miss_deg"": 0.84, ""labels"": [30]}]"
2026_08_25/c1_3,c4,v9,,s02,19.1,20.85,1.75,3.734,,-1,0.0,0.0,,,,1.0,object#35,,0,0,1,球L,,0,[]
2026_08_25/c1_3,c4,v9,,s02,20.9,23.2,2.3,3.718,,-1,0.0,0.0,,,,1.0,object#35,,0,0,1,球L,,0,[]
2026_08_25/c1_3,c4,v9,,s02,23.3,23.8,0.5,3.717,,-1,0.0,0.0,,,,1.0,object#35,,0,0,1,球L,,0,[]
2026_08_25/c1_3,c4,v9,,s02,24.06,25.06,1.0,3.74,水瓶,30,1.0,0.002,0.002,0.0,0.0,0.998,物品台,,0,0,4,球M,0,1,"[{""name"": ""水瓶"", ""share"": 1.0, ""q"": 0.002, ""capture"": 0.002, ""miss_deg"": 0.69, ""labels"": [30]}]"
2026_08_25/c1_3,c4,v9,,s02,25.11,28.56,3.45,3.751,,-1,0.0,0.0,,,,1.0,物品台,,0,0,4,球M,,0,[]
2026_08_25/c1_3,c4,v9,,s02,28.61,31.01,2.4,3.755,,-1,0.0,0.0,,,,1.0,物品台,,0,0,4,球M,,0,[]
2026_08_25/c1_3,c4,v9,,s02,31.27,32.77,1.5,3.739,,-1,0.0,0.0,,,,1.0,物品台,,0,0,4,球M,,0,[]
2026_08_25/c1_3,c4,v9,,s02,32.95,33.2,0.25,3.746,,-1,0.0,0.0,,,,1.0,物品台,,0,0,4,球M,,0,[]
2026_08_25/c1_3,c4,v9,,s02,33.25,37.45,4.2,3.729,球M,261,0.834,0.234,0.236,0.199,0.199,0.719,物品台,,1,1,4,球M,1,2,"[{""name"": ""球M"", ""share"": 0.834, ""q"": 0.234, ""capture"": 0.236, ""miss_deg"": 0.34, ""labels"": [261]}, {""name"": ""水瓶"", ""share"": 0.166, ""q"": 0.047, ""capture"": 0.047, ""miss_deg"": 0.49, ""labels"": [30]}]"
2026_08_25/c1_3,c4,v9,,s02,37.62,42.52,4.9,3.734,球L,259,0.612,0.031,0.031,0.484,0.493,0.949,物品台,,0,0,6,球L,1,3,"[{""name"": ""球L"", ""share"": 0.612, ""q"": 0.031, ""capture"": 0.031, ""miss_deg"": 0.53, ""labels"": [259]}, {""name"": ""水瓶"", ""share"": 0.302, ""q"": 0.015, ""capture"": 0.015, ""miss_deg"": 0.58, ""labels"": [30]}, {""name"": ""球M"", ""share"": 0.086, ""q"": 0.004, ""capture"": 0.004, ""miss_deg"": 0.66, ""labels"": [261]}]"
2026_08_25/c1_3,c4,v9,,s02,42.57,48.83,6.25,3.726,水瓶,30,1.0,0.001,0.001,0.0,0.0,0.999,物品台,,0,0,10,球M,0,1,"[{""name"": ""水瓶"", ""share"": 1.0, ""q"": 0.001, ""capture"": 0.001, ""miss_deg"": 0.73, ""labels"": [30]}]"
2026_08_25/c1_3,c4,v9,,s02,48.88,51.03,2.15,3.711,,-1,0.0,0.0,,,,1.0,物品台,,0,0,,,,0,[]
2026_08_25/c1_3,c4,v9,,s02,51.28,57.63,6.35,3.709,球L,259,1.0,0.009,0.009,0.0,0.0,0.991,物品台,,0,0,11,球L,1,1,"[{""name"": ""球L"", ""share"": 1.0, ""q"": 0.009, ""capture"": 0.009, ""miss_deg"": 0.62, ""labels"": [259]}]"
2026_08_25/c1_3,c4,v9,,s02,57.87,63.57,5.7,3.735,球R,263,1.0,0.087,0.087,0.0,0.0,0.913,物品台,,0,0,13,球R,1,1,"[{""name"": ""球R"", ""share"": 1.0, ""q"": 0.087, ""capture"": 0.087, ""miss_deg"": 0.44, ""labels"": [263]}]"
2026_08_25/c1_3,c4,v9,,s02,64.27,65.07,0.8,2.884,,-1,0.0,0.0,,,,1.0,object#26,,0,0,,,,0,[]
2026_08_25/c1_3,c4,v9,,s02,65.12,65.62,0.5,2.812,,-1,0.0,0.0,,,,1.0,object#26,,0,0,,,,0,[]
2026_08_25/c1_3,c4,v9,,s02,65.67,66.02,0.35,2.364,,-1,0.0,0.0,,,,1.0,object#26,,0,0,,,,0,[]
2026_08_25/c1_3,c4,v9,,s02,66.07,67.02,0.95,2.826,,-1,0.0,0.0,,,,1.0,object#26,,0,0,,,,0,[]
2026_08_25/c1_3,c4,v9,,s02,67.6,68.85,1.25,2.83,,-1,0.0,0.0,,,,1.0,object#26,,0,0,,,,0,[]
2026_08_25/c1_3,c4,v9,,s02,69.15,70.25,1.1,2.866,,-1,0.0,0.0,,,,1.0,object#26,,0,0,,,,0,[]
2026_08_25/c1_3,c4,v9,,s02,71.03,71.28,0.25,3.723,球M,261,0.961,0.284,0.286,0.031,0.032,0.704,物品台,,1,1,,,,3,"[{""name"": ""球M"", ""share"": 0.961, ""q"": 0.284, ""capture"": 0.286, ""miss_deg"": 0.32, ""labels"": [261]}, {""name"": ""水瓶"", ""share"": 0.031, ""q"": 0.009, ""capture"": 0.009, ""miss_deg"": 0.61, ""labels"": [30]}, {""name"": ""球L"", ""share"": 0.008, ""q"": 0.002, ""capture"": 0.002, ""miss_deg"": 0.7, ""labels"": [259]}]"
2026_08_25/c1_3,c4,v9,,s02,71.33,72.08,0.75,3.709,球L,259,1.0,0.0,0.0,0.0,0.0,1.0,物品台,,0,0,,,,1,"[{""name"": ""球L"", ""share"": 1.0, ""q"": 0.0, ""capture"": 0.0, ""miss_deg"": 0.79, ""labels"": [259]}]"
2026_08_25/c1_3,c4,v9,,s02,72.13,72.38,0.25,3.505,,-1,0.0,0.0,,,,1.0,object#35,,0,0,,,,0,[]
2026_08_25/c1_3,c4,v9,,s02,72.43,72.88,0.45,3.728,水瓶,30,1.0,0.0,0.0,0.0,0.0,1.0,物品台,,0,0,,,,1,"[{""name"": ""水瓶"", ""share"": 1.0, ""q"": 0.0, ""capture"": 0.0, ""miss_deg"": 0.78, ""labels"": [30]}]"
2026_08_25/c1_3,c4,v9,,s02,73.03,73.28,0.25,3.508,,-1,0.0,0.0,,,,1.0,object#35,,0,0,,,,0,[]
2026_08_25/c1_3,c4,v9,,s02,73.33,75.23,1.9,3.729,,-1,0.0,0.0,,,,1.0,object#106,,0,0,,,,0,[]
2026_08_25/c1_3,c4,v9,,s02,75.43,79.53,4.1,3.739,,-1,0.0,0.0,,,,1.0,object#35,,0,0,,,,0,[]
2026_08_25/c1_3,c4,v9,,s02,79.8,86.45,6.65,3.751,,-1,0.0,0.0,,,,1.0,object#35,,0,0,,,,0,[]
2026_08_25/c1_3,c4,v9,,s02,86.68,93.48,6.8,3.738,球L,259,0.989,0.656,0.659,0.006,0.007,0.336,object#12,,1,1,,,,3,"[{""name"": ""球L"", ""share"": 0.989, ""q"": 0.656, ""capture"": 0.659, ""miss_deg"": 0.18, ""labels"": [259]}, {""name"": ""水瓶"", ""share"": 0.007, ""q"": 0.004, ""capture"": 0.004, ""miss_deg"": 0.66, ""labels"": [30]}, {""name"": ""球M"", ""share"": 0.005, ""q"": 0.003, ""capture"": 0.003, ""miss_deg"": 0.68, ""labels"": [261]}]"
2026_08_25/c1_3,c4,v9,,s02,93.76,100.46,6.7,3.734,球L,259,0.884,0.217,0.218,0.128,0.131,0.754,物品台,,1,1,,,,2,"[{""name"": ""球L"", ""share"": 0.884, ""q"": 0.217, ""capture"": 0.218, ""miss_deg"": 0.35, ""labels"": [259]}, {""name"": ""苹果红"", ""share"": 0.116, ""q"": 0.028, ""capture"": 0.028, ""miss_deg"": 0.53, ""labels"": [260]}]"
2026_08_25/c1_3,c4,v9,,s02,100.73,104.73,4.0,3.74,球L,259,0.937,0.491,0.493,0.055,0.054,0.477,object#12,,1,1,,,,3,"[{""name"": ""球L"", ""share"": 0.937, ""q"": 0.491, ""capture"": 0.493, ""miss_deg"": 0.24, ""labels"": [259]}, {""name"": ""球M"", ""share"": 0.051, ""q"": 0.027, ""capture"": 0.027, ""miss_deg"": 0.54, ""labels"": [261]}, {""name"": ""水瓶"", ""share"": 0.012, ""q"": 0.006, ""capture"": 0.006, ""miss_deg"": 0.64, ""labels"": [30]}]"
2026_08_25/c1_3,c4,v9,,s02,104.93,107.53,2.6,3.738,球L,259,0.935,0.561,0.563,0.059,0.059,0.4,object#12,,1,1,,,,3,"[{""name"": ""球L"", ""share"": 0.935, ""q"": 0.561, ""capture"": 0.563, ""miss_deg"": 0.21, ""labels"": [259]}, {""name"": ""球M"", ""share"": 0.055, ""q"": 0.033, ""capture"": 0.033, ""miss_deg"": 0.52, ""labels"": [261]}, {""name"": ""水瓶"", ""share"": 0.01, ""q"": 0.006, ""capture"": 0.006, ""miss_deg"": 0.64, ""labels"": [30]}]"
2026_08_25/c1_3,c4,v9,,s02,107.82,113.78,5.96,3.718,白杯1,266,0.53,0.415,0.415,0.887,0.881,0.217,object#12,,1,1,14,球M,0,3,"[{""name"": ""白杯1"", ""share"": 0.53, ""q"": 0.415, ""capture"": 0.415, ""miss_deg"": 0.27, ""labels"": [266]}, {""name"": ""球M"", ""share"": 0.467, ""q"": 0.366, ""capture"": 0.368, ""miss_deg"": 0.28, ""labels"": [261]}, {""name"": ""白杯2"", ""share"": 0.003, ""q"": 0.003, ""capture"": 0.003, ""miss_deg"": 0.69, ""labels"": [267]}]"
2026_08_25/c1_3,c4,v9,,s02,114.1,114.85,0.75,3.701,水瓶,30,0.996,0.995,0.995,0.004,0.004,0.0,object#12,,1,1,,,,2,"[{""name"": ""水瓶"", ""share"": 0.996, ""q"": 0.995, ""capture"": 0.995, ""miss_deg"": 0.02, ""labels"": [30]}, {""name"": ""白杯1"", ""share"": 0.004, ""q"": 0.004, ""capture"": 0.004, ""miss_deg"": 0.66, ""labels"": [266]}]"
2026_08_25/c1_3,c4,v9,,s02,114.9,121.55,6.65,3.704,球M,261,0.502,0.137,0.138,0.877,0.88,0.727,object#12,,0,0,,,,3,"[{""name"": ""球M"", ""share"": 0.502, ""q"": 0.137, ""capture"": 0.138, ""miss_deg"": 0.4, ""labels"": [261]}, {""name"": ""球L"", ""share"": 0.442, ""q"": 0.121, ""capture"": 0.121, ""miss_deg"": 0.41, ""labels"": [259]}, {""name"": ""水瓶"", ""share"": 0.056, ""q"": 0.015, ""capture"": 0.015, ""miss_deg"": 0.58, ""labels"": [30]}]"
2026_08_25/c1_3,c4,v9,,s02,121.6,125.25,3.65,3.718,球R,263,0.973,0.529,0.531,0.026,0.027,0.456,object#12,,1,1,15,球R,1,3,"[{""name"": ""球R"", ""share"": 0.973, ""q"": 0.529, ""capture"": 0.531, ""miss_deg"": 0.23, ""labels"": [263]}, {""name"": ""球M"", ""share"": 0.026, ""q"": 0.014, ""capture"": 0.014, ""miss_deg"": 0.58, ""labels"": [261]}, {""name"": ""白杯2"", ""share"": 0.001, ""q"": 0.0, ""capture"": 0.0, ""miss_deg"": 0.8, ""labels"": [267]}]"
2026_08_25/c1_3,c4,v9,,s02,125.68,126.48,0.8,3.617,水瓶,30,1.0,0.001,0.001,0.0,0.0,0.999,物品台,,0,0,,,,1,"[{""name"": ""水瓶"", ""share"": 1.0, ""q"": 0.001, ""capture"": 0.001, ""miss_deg"": 0.77, ""labels"": [30]}]"
2026_08_25/c1_3,c4,v9,,s02,127.12,127.42,0.3,2.384,,-1,0.0,0.0,,,,1.0,object#26,,0,0,,,,0,[]
2026_08_25/c1_3,c4,v9,,s02,127.47,128.12,0.65,2.137,,-1,0.0,0.0,,,,1.0,object#26,,0,0,,,,0,[]
2026_08_25/c1_3,c4,v9,,s02,128.17,128.72,0.55,1.715,,-1,0.0,0.0,,,,1.0,object#26,,0,0,,,,0,[]
2026_08_25/c1_3,c4,v9,,s02,128.87,129.12,0.25,1.036,,-1,0.0,0.0,,,,1.0,object#34,,0,0,,,,0,[]
2026_08_25/c1_3,c4,v9,,s02,129.92,130.77,0.85,0.721,,-1,0.0,0.0,,,,1.0,object#14,,0,0,,,,0,[]
2026_08_25/u3,u3,v9,walking,s02,0.02,0.27,0.25,0.871,,-1,0.0,0.0,,,,1.0,object#14,,0,0,,,,0,[]
2026_08_25/u3,u3,v9,walking,s02,6.03,6.48,0.45,2.161,水瓶,30,1.0,0.001,0.001,0.0,0.0,0.999,物品台,,0,0,,,,1,"[{""name"": ""水瓶"", ""share"": 1.0, ""q"": 0.001, ""capture"": 0.001, ""miss_deg"": 0.77, ""labels"": [30]}]"
2026_08_25/u3,u3,v9,walking,s02,6.58,6.98,0.4,2.614,,-1,0.0,0.0,,,,1.0,floor,,0,0,,,,0,[]
2026_08_25/u3,u3,v9,walking,s02,7.55,7.9,0.35,2.654,球L,259,1.0,1.0,1.0,0.0,0.0,0.0,,,1,1,,,,1,"[{""name"": ""球L"", ""share"": 1.0, ""q"": 1.0, ""capture"": 1.0, ""miss_deg"": 0.01, ""labels"": [259]}]"
2026_08_25/u3,u3,v9,walking,s02,8.47,8.92,0.45,3.637,,-1,0.0,0.0,,,,1.0,object#26,,0,0,,,,0,[]
2026_08_25/u3,u3,v9,walking,s02,9.07,9.37,0.3,3.971,,-1,0.0,0.0,,,,1.0,object#26,,0,0,,,,0,[]
2026_08_25/u3,u3,v9,walking,s02,9.52,10.47,0.95,3.977,,-1,0.0,0.0,,,,1.0,object#26,,0,0,,,,0,[]
2026_08_25/u3,u3,v9,walking,s02,10.67,11.02,0.35,3.685,,-1,0.0,0.0,,,,1.0,object#26,,0,0,,,,0,[]
2026_08_25/u3,u3,v9,walking,s02,11.07,12.37,1.3,3.68,,-1,0.0,0.0,,,,1.0,object#26,,0,0,,,,0,[]
2026_08_25/u3,u3,v9,walking,s02,12.47,13.92,1.45,3.707,,-1,0.0,0.0,,,,1.0,object#26,,0,0,,,,0,[]
2026_08_25/u3,u3,v9,walking,s02,14.17,14.82,0.65,3.697,,-1,0.0,0.0,,,,1.0,object#26,,0,0,,,,0,[]
2026_08_25/u3,u3,v9,walking,s02,16.35,16.6,0.25,2.993,,-1,0.0,0.0,,,,1.0,object#37,,0,0,,,,0,[]
2026_08_25/u3,u3,v9,walking,s02,18.15,19.8,1.65,2.882,,-1,0.0,0.0,,,,1.0,物品台,,0,0,1,球L,,0,[]
2026_08_25/u3,u3,v9,walking,s02,20.6,21.15,0.55,2.768,,-1,0.0,0.0,,,,1.0,物品台,,0,0,1,球L,,0,[]
2026_08_25/u3,u3,v9,walking,s02,21.55,21.9,0.35,2.727,,-1,0.0,0.0,,,,1.0,物品台,,0,0,1,球L,,0,[]
2026_08_25/u3,u3,v9,walking,s02,22.6,23.05,0.45,2.83,,-1,0.0,0.0,,,,1.0,物品台,,0,0,1,球L,,0,[]
2026_08_25/u3,u3,v9,walking,s02,25.78,26.33,0.55,2.867,,-1,0.0,0.0,,,,1.0,物品台,,0,0,2,球M,,0,[]
2026_08_25/u3,u3,v9,walking,s02,26.48,26.88,0.4,2.667,,-1,0.0,0.0,,,,1.0,物品台,,0,0,2,球M,,0,[]
2026_08_25/u3,u3,v9,walking,s02,28.08,28.78,0.7,4.103,,-1,0.0,0.0,,,,1.0,object#183,,0,0,2,球M,,0,[]
2026_08_25/u3,u3,v9,walking,s02,29.13,29.84,0.7,2.773,水瓶,30,1.0,0.001,0.001,0.0,0.0,0.999,物品台,,0,0,2,球M,0,1,"[{""name"": ""水瓶"", ""share"": 1.0, ""q"": 0.001, ""capture"": 0.001, ""miss_deg"": 0.75, ""labels"": [30]}]"
2026_08_25/u3,u3,v9,walking,s02,30.04,30.54,0.5,2.889,水瓶,30,1.0,0.023,0.023,0.0,0.0,0.977,物品台,,0,0,,,,1,"[{""name"": ""水瓶"", ""share"": 1.0, ""q"": 0.023, ""capture"": 0.023, ""miss_deg"": 0.55, ""labels"": [30]}]"
2026_08_25/u3,u3,v9,walking,s02,31.26,34.71,3.45,2.365,,-1,0.0,0.0,,,,1.0,物品台,,0,0,3,球R,,0,[]
2026_08_25/u3,u3,v9,walking,s02,34.76,35.26,0.5,2.093,,-1,0.0,0.0,,,,1.0,物品台,,0,0,3,球R,,0,[]
2026_08_25/u3,u3,v9,walking,s02,35.71,36.11,0.4,2.212,,-1,0.0,0.0,,,,1.0,object#24,,0,0,3,球R,,0,[]
2026_08_25/u3,u3,v9,walking,s02,36.51,36.86,0.35,2.331,,-1,0.0,0.0,,,,1.0,物品台,,0,0,3,球R,,0,[]
2026_08_25/u3,u3,v9,walking,s02,37.21,37.81,0.6,2.354,,-1,0.0,0.0,,,,1.0,object#24,,0,0,,,,0,[]
2026_08_25/u3,u3,v9,walking,s02,38.16,38.56,0.4,2.861,,-1,0.0,0.0,,,,1.0,object#112,,0,0,4,球M,,0,[]
2026_08_25/u3,u3,v9,walking,s02,38.86,39.11,0.25,2.432,水瓶,30,1.0,0.019,0.019,0.0,0.0,0.981,物品台,,0,0,4,球M,0,1,"[{""name"": ""水瓶"", ""share"": 1.0, ""q"": 0.019, ""capture"": 0.019, ""miss_deg"": 0.56, ""labels"": [30]}]"
2026_08_25/u3,u3,v9,walking,s02,39.76,40.01,0.25,3.764,,-1,0.0,0.0,,,,1.0,object#158,,0,0,4,球M,,0,[]
2026_08_25/u3,u3,v9,walking,s02,40.51,40.81,0.3,2.816,水瓶,30,1.0,0.005,0.005,0.0,0.0,0.995,物品台,,0,0,4,球M,0,1,"[{""name"": ""水瓶"", ""share"": 1.0, ""q"": 0.005, ""capture"": 0.005, ""miss_deg"": 0.65, ""labels"": [30]}]"
2026_08_25/u3,u3,v9,walking,s02,40.91,41.21,0.3,2.81,水瓶,30,1.0,0.005,0.005,0.0,0.0,0.995,物品台,,0,0,4,球M,0,1,"[{""name"": ""水瓶"", ""share"": 1.0, ""q"": 0.005, ""capture"": 0.005, ""miss_deg"": 0.66, ""labels"": [30]}]"
2026_08_25/u3,u3,v9,walking,s02,43.66,44.51,0.85,2.791,,-1,0.0,0.0,,,,1.0,物品台,,0,0,,,,0,[]
2026_08_25/u3,u3,v9,walking,s02,45.44,45.69,0.25,2.934,,-1,0.0,0.0,,,,1.0,物品台,,0,0,5,球R,,0,[]
2026_08_25/u3,u3,v9,walking,s02,46.69,47.54,0.85,2.566,,-1,0.0,0.0,,,,1.0,物品台,,0,0,5,球R,,0,[]
2026_08_25/u3,u3,v9,walking,s02,47.99,48.89,0.9,2.481,,-1,0.0,0.0,,,,1.0,物品台,,0,0,5,球R,,0,[]
2026_08_25/u3,u3,v9,walking,s02,48.99,49.89,0.9,2.508,,-1,0.0,0.0,,,,1.0,物品台,,0,0,5,球R,,0,[]
2026_08_25/u3,u3,v9,walking,s02,50.04,50.69,0.65,2.484,,-1,0.0,0.0,,,,1.0,物品台,,0,0,,,,0,[]
2026_08_25/u3,u3,v9,walking,s02,52.81,54.36,1.55,2.677,,-1,0.0,0.0,,,,1.0,object#112,,0,0,6,球L,,0,[]
2026_08_25/u3,u3,v9,walking,s02,55.26,56.21,0.95,2.967,,-1,0.0,0.0,,,,1.0,物品台,,0,0,6,球L,,0,[]
2026_08_25/u3,u3,v9,walking,s02,56.66,57.01,0.35,2.863,,-1,0.0,0.0,,,,1.0,物品台,,0,0,6,球L,,0,[]
2026_08_25/u3,u3,v9,walking,s02,58.61,58.91,0.3,2.988,球M,261,0.805,0.141,0.141,0.241,0.242,0.825,object#12,,0,0,7,球M,1,2,"[{""name"": ""球M"", ""share"": 0.805, ""q"": 0.141, ""capture"": 0.141, ""miss_deg"": 0.4, ""labels"": [261]}, {""name"": ""水瓶"", ""share"": 0.195, ""q"": 0.034, ""capture"": 0.034, ""miss_deg"": 0.52, ""labels"": [30]}]"
2026_08_25/u3,u3,v9,walking,s02,59.99,60.34,0.35,2.831,水瓶,30,1.0,0.198,0.198,0.0,0.0,0.802,物品台,,0,0,7,球M,0,1,"[{""name"": ""水瓶"", ""share"": 1.0, ""q"": 0.198, ""capture"": 0.198, ""miss_deg"": 0.36, ""labels"": [30]}]"
2026_08_25/u3,u3,v9,walking,s02,60.94,61.24,0.3,2.699,水瓶,30,1.0,0.001,0.001,0.0,0.0,0.999,物品台,,0,0,7,球M,0,1,"[{""name"": ""水瓶"", ""share"": 1.0, ""q"": 0.001, ""capture"": 0.001, ""miss_deg"": 0.75, ""labels"": [30]}]"
2026_08_25/u3,u3,v9,walking,s02,61.49,61.79,0.3,2.538,,-1,0.0,0.0,,,,1.0,物品台,,0,0,7,球M,,0,[]
2026_08_25/u3,u3,v9,walking,s02,61.84,62.09,0.25,2.633,水瓶,30,0.901,0.003,0.003,0.0,0.11,0.997,物品台,,0,0,7,球M,0,2,"[{""name"": ""水瓶"", ""share"": 0.901, ""q"": 0.003, ""capture"": 0.003, ""miss_deg"": 0.68, ""labels"": [30]}, {""name"": ""球L"", ""share"": 0.099, ""q"": 0.0, ""capture"": 0.0, ""miss_deg"": 0.8, ""labels"": [259]}]"
2026_08_25/u3,u3,v9,walking,s02,62.14,62.74,0.6,2.381,水瓶,30,1.0,0.043,0.043,0.0,0.0,0.957,物品台,,0,0,7,球M,0,1,"[{""name"": ""水瓶"", ""share"": 1.0, ""q"": 0.043, ""capture"": 0.043, ""miss_deg"": 0.5, ""labels"": [30]}]"
2026_08_25/u3,u3,v9,walking,s02,63.14,64.19,1.05,2.257,,-1,0.0,0.0,,,,1.0,物品台,,0,0,7,球M,,0,[]
2026_08_25/u3,u3,v9,walking,s02,65.8,66.25,0.45,3.965,,-1,0.0,0.0,,,,1.0,object#26,,0,0,,,,0,[]
2026_08_25/u3,u3,v9,walking,s02,66.95,67.4,0.45,3.466,,-1,0.0,0.0,,,,1.0,object#26,,0,0,,,,0,[]
2026_08_25/u3,u3,v9,walking,s02,68.32,68.82,0.5,3.525,,-1,0.0,0.0,,,,1.0,object#26,,0,0,,,,0,[]
2026_08_25/u3,u3,v9,walking,s02,69.47,70.07,0.6,3.5,,-1,0.0,0.0,,,,1.0,object#26,,0,0,,,,0,[]
2026_08_25/u3,u3,v9,walking,s02,70.17,70.47,0.3,3.526,,-1,0.0,0.0,,,,1.0,object#60,,0,0,,,,0,[]
2026_08_25/u3,u3,v9,walking,s02,72.04,72.29,0.25,3.417,,-1,0.0,0.0,,,,1.0,object#26,,0,0,,,,0,[]
2026_08_25/u3,u3,v9,walking,s02,72.81,73.26,0.45,2.26,,-1,0.0,0.0,,,,1.0,物品台,,0,0,8,球R,,0,[]
2026_08_25/u3,u3,v9,walking,s02,73.71,74.26,0.55,2.264,水瓶,30,1.0,0.051,0.051,0.0,0.0,0.949,物品台,,0,0,8,球R,0,1,"[{""name"": ""水瓶"", ""share"": 1.0, ""q"": 0.051, ""capture"": 0.051, ""miss_deg"": 0.49, ""labels"": [30]}]"
2026_08_25/u3,u3,v9,walking,s02,74.31,74.56,0.25,2.305,,-1,0.0,0.0,,,,1.0,物品台,,0,0,8,球R,,0,[]
2026_08_25/u3,u3,v9,walking,s02,74.61,74.96,0.35,2.486,,-1,0.0,0.0,,,,1.0,object#12,,0,0,8,球R,,0,[]
2026_08_25/u3,u3,v9,walking,s02,75.01,76.01,1.0,2.545,,-1,0.0,0.0,,,,1.0,object#24,,0,0,8,球R,,0,[]
2026_08_25/u3,u3,v9,walking,s02,76.26,77.11,0.85,2.799,,-1,0.0,0.0,,,,1.0,物品台,,0,0,8,球R,,0,[]
2026_08_25/u3,u3,v9,walking,s02,77.41,77.66,0.25,2.892,,-1,0.0,0.0,,,,1.0,object#24,,0,0,8,球R,,0,[]
2026_08_25/u3,u3,v9,walking,s02,78.01,78.36,0.35,2.871,,-1,0.0,0.0,,,,1.0,object#106,,0,0,,,,0,[]
2026_08_25/u3,u3,v9,walking,s02,78.76,79.01,0.25,2.851,水瓶,30,1.0,0.0,0.0,0.0,0.0,1.0,object#106,,0,0,,,,1,"[{""name"": ""水瓶"", ""share"": 1.0, ""q"": 0.0, ""capture"": 0.0, ""miss_deg"": 0.81, ""labels"": [30]}]"
2026_08_25/u3,u3,v9,walking,s02,79.41,79.71,0.3,2.729,,-1,0.0,0.0,,,,1.0,物品台,,0,0,9,球L,,0,[]
2026_08_25/u3,u3,v9,walking,s02,79.86,80.11,0.25,2.66,水瓶,30,1.0,0.013,0.013,0.0,0.0,0.987,物品台,,0,0,9,球L,0,1,"[{""name"": ""水瓶"", ""share"": 1.0, ""q"": 0.013, ""capture"": 0.013, ""miss_deg"": 0.59, ""labels"": [30]}]"
2026_08_25/u3,u3,v9,walking,s02,80.16,80.51,0.35,2.741,水瓶,30,1.0,0.002,0.002,0.0,0.0,0.998,物品台,,0,0,9,球L,0,1,"[{""name"": ""水瓶"", ""share"": 1.0, ""q"": 0.002, ""capture"": 0.002, ""miss_deg"": 0.71, ""labels"": [30]}]"
2026_08_25/u3,u3,v9,walking,s02,80.56,81.06,0.5,2.613,,-1,0.0,0.0,,,,1.0,物品台,,0,0,9,球L,,0,[]
2026_08_25/u3,u3,v9,walking,s02,81.56,83.46,1.9,2.709,,-1,0.0,0.0,,,,1.0,物品台,,0,0,9,球L,,0,[]
2026_08_25/u3,u3,v9,walking,s02,83.51,83.86,0.35,2.631,,-1,0.0,0.0,,,,1.0,物品台,,0,0,9,球L,,0,[]
2026_08_25/u3,u3,v9,walking,s02,83.91,84.66,0.75,2.798,球L,259,1.0,0.013,0.013,0.0,0.0,0.987,物品台,,0,0,9,球L,1,1,"[{""name"": ""球L"", ""share"": 1.0, ""q"": 0.013, ""capture"": 0.013, ""miss_deg"": 0.59, ""labels"": [259]}]"
2026_08_25/u3,u3,v9,walking,s02,84.71,85.21,0.5,2.639,,-1,0.0,0.0,,,,1.0,物品台,,0,0,,,,0,[]
2026_08_25/u3,u3,v9,walking,s02,85.31,86.96,1.65,2.59,,-1,0.0,0.0,,,,1.0,物品台,,0,0,,,,0,[]
2026_08_25/u3,u3,v9,walking,s02,87.37,87.97,0.6,2.6,水瓶,30,1.0,0.026,0.026,0.0,0.0,0.974,物品台,,0,0,10,球R,0,1,"[{""name"": ""水瓶"", ""share"": 1.0, ""q"": 0.026, ""capture"": 0.026, ""miss_deg"": 0.54, ""labels"": [30]}]"
2026_08_25/u3,u3,v9,walking,s02,88.07,88.97,0.9,2.61,,-1,0.0,0.0,,,,1.0,物品台,,0,0,10,球R,,0,[]
2026_08_25/u3,u3,v9,walking,s02,89.17,89.47,0.3,2.672,,-1,0.0,0.0,,,,1.0,object#106,,0,0,10,球R,,0,[]
2026_08_25/u3,u3,v9,walking,s02,90.33,91.25,0.92,1.98,水瓶,30,1.0,0.046,0.046,0.0,0.0,0.954,物品台,,0,0,10,球R,0,1,"[{""name"": ""水瓶"", ""share"": 1.0, ""q"": 0.046, ""capture"": 0.046, ""miss_deg"": 0.5, ""labels"": [30]}]"
2026_08_25/u3,u3,v9,walking,s02,91.3,92.33,1.03,1.838,水瓶,30,1.0,0.005,0.005,0.0,0.0,0.995,object#12,,0,0,,,,1,"[{""name"": ""水瓶"", ""share"": 1.0, ""q"": 0.005, ""capture"": 0.005, ""miss_deg"": 0.66, ""labels"": [30]}]"
2026_08_25/u3,u3,v9,walking,s02,92.98,93.47,0.49,1.946,球L,259,1.0,0.002,0.002,0.0,0.0,0.998,物品台,,0,0,11,球L,1,1,"[{""name"": ""球L"", ""share"": 1.0, ""q"": 0.002, ""capture"": 0.002, ""miss_deg"": 0.69, ""labels"": [259]}]"
2026_08_25/u3,u3,v9,walking,s02,93.79,95.41,1.62,2.229,,-1,0.0,0.0,,,,1.0,物品台,,0,0,11,球L,,0,[]
2026_08_25/u3,u3,v9,walking,s02,95.52,96.06,0.54,2.74,,-1,0.0,0.0,,,,1.0,物品台,,0,0,11,球L,,0,[]
2026_08_25/u3,u3,v9,walking,s02,96.33,97.52,1.19,2.975,,-1,0.0,0.0,,,,1.0,物品台,,0,0,11,球L,,0,[]
2026_08_25/u3,u3,v9,walking,s02,100.3,101.44,1.14,2.901,水瓶,30,1.0,0.063,0.063,0.0,0.0,0.937,物品台,,0,0,12,球M,0,1,"[{""name"": ""水瓶"", ""share"": 1.0, ""q"": 0.063, ""capture"": 0.063, ""miss_deg"": 0.47, ""labels"": [30]}]"
2026_08_25/u3,u3,v9,walking,s02,102.25,103.06,0.81,2.62,水瓶,30,1.0,0.082,0.082,0.0,0.0,0.918,物品台,,0,0,12,球M,0,1,"[{""name"": ""水瓶"", ""share"": 1.0, ""q"": 0.082, ""capture"": 0.082, ""miss_deg"": 0.45, ""labels"": [30]}]"
2026_08_25/u3,u3,v9,walking,s02,103.55,104.74,1.19,2.29,球M,261,0.679,0.001,0.001,1.0,0.473,0.998,物品台,,0,0,12,球M,1,2,"[{""name"": ""球M"", ""share"": 0.679, ""q"": 0.001, ""capture"": 0.001, ""miss_deg"": 0.72, ""labels"": [261]}, {""name"": ""水瓶"", ""share"": 0.321, ""q"": 0.001, ""capture"": 0.001, ""miss_deg"": 0.76, ""labels"": [30]}]"
2026_08_25/u3,u3,v9,walking,s02,104.79,105.28,0.49,2.219,,-1,0.0,0.0,,,,1.0,物品台,,0,0,12,球M,,0,[]
2026_08_25/u3,u3,v9,walking,s02,105.33,106.25,0.92,2.279,球M,261,0.992,0.848,0.848,0.008,0.008,0.145,object#12,,1,1,,,,2,"[{""name"": ""球M"", ""share"": 0.992, ""q"": 0.848, ""capture"": 0.848, ""miss_deg"": 0.11, ""labels"": [261]}, {""name"": ""水瓶"", ""share"": 0.008, ""q"": 0.007, ""capture"": 0.007, ""miss_deg"": 0.63, ""labels"": [30]}]"
2026_08_25/u3,u3,v9,walking,s02,107.17,107.44,0.27,2.258,,-1,0.0,0.0,,,,1.0,object#12,,0,0,13,球R,,0,[]
2026_08_25/u3,u3,v9,walking,s02,107.61,107.88,0.27,2.322,球M,261,0.975,0.214,0.214,0.023,0.026,0.781,object#12,,1,1,13,球R,0,2,"[{""name"": ""球M"", ""share"": 0.975, ""q"": 0.214, ""capture"": 0.214, ""miss_deg"": 0.35, ""labels"": [261]}, {""name"": ""水瓶"", ""share"": 0.025, ""q"": 0.005, ""capture"": 0.005, ""miss_deg"": 0.65, ""labels"": [30]}]"
2026_08_25/u3,u3,v9,walking,s02,109.17,111.01,1.84,3.096,白杯1,266,1.0,0.0,0.0,0.0,0.0,1.0,物品台,,0,0,13,球R,0,1,"[{""name"": ""白杯1"", ""share"": 1.0, ""q"": 0.0, ""capture"": 0.0, ""miss_deg"": 0.84, ""labels"": [266]}]"
2026_08_25/u3,u3,v9,walking,s02,111.44,112.42,0.97,3.294,球M,261,1.0,0.002,0.002,0.0,0.0,0.998,物品台,,0,0,13,球R,0,1,"[{""name"": ""球M"", ""share"": 1.0, ""q"": 0.002, ""capture"": 0.002, ""miss_deg"": 0.7, ""labels"": [261]}]"
2026_08_25/u3,u3,v9,walking,s02,112.58,113.23,0.65,3.289,球M,261,1.0,0.002,0.002,0.0,0.0,0.998,物品台,,0,0,,,,1,"[{""name"": ""球M"", ""share"": 1.0, ""q"": 0.002, ""capture"": 0.002, ""miss_deg"": 0.69, ""labels"": [261]}]"
2026_08_25/u3,u3,v9,walking,s02,113.72,114.36,0.65,3.241,,-1,0.0,0.0,,,,1.0,物品台,,0,0,14,球L,,0,[]
2026_08_25/u3,u3,v9,walking,s02,114.42,117.55,3.14,3.097,,-1,0.0,0.0,,,,1.0,物品台,,0,0,14,球L,,0,[]
2026_08_25/u3,u3,v9,walking,s02,117.61,119.07,1.46,2.908,,-1,0.0,0.0,,,,1.0,物品台,,0,0,14,球L,,0,[]
2026_08_25/u3,u3,v9,walking,s02,121.08,121.62,0.54,2.68,球M,261,0.975,0.142,0.142,0.028,0.026,0.854,object#12,,0,0,15,球M,1,2,"[{""name"": ""球M"", ""share"": 0.975, ""q"": 0.142, ""capture"": 0.142, ""miss_deg"": 0.39, ""labels"": [261]}, {""name"": ""水瓶"", ""share"": 0.025, ""q"": 0.004, ""capture"": 0.004, ""miss_deg"": 0.67, ""labels"": [30]}]"
2026_08_25/u3,u3,v9,walking,s02,121.68,122.27,0.59,2.367,,-1,0.0,0.0,,,,1.0,物品台,,0,0,15,球M,,0,[]
2026_08_25/u3,u3,v9,walking,s02,122.49,122.98,0.49,2.072,,-1,0.0,0.0,,,,1.0,物品台,,0,0,15,球M,,0,[]
2026_08_25/u3,u3,v9,walking,s02,123.03,123.41,0.38,1.967,球M,261,0.947,0.756,0.756,0.056,0.056,0.201,object#12,,1,1,15,球M,1,2,"[{""name"": ""球M"", ""share"": 0.947, ""q"": 0.756, ""capture"": 0.756, ""miss_deg"": 0.15, ""labels"": [261]}, {""name"": ""水瓶"", ""share"": 0.053, ""q"": 0.042, ""capture"": 0.042, ""miss_deg"": 0.5, ""labels"": [30]}]"
2026_08_25/u3,u3,v9,walking,s02,123.46,123.73,0.27,1.814,,-1,0.0,0.0,,,,1.0,物品台,,0,0,15,球M,,0,[]
2026_08_25/u3,u3,v9,walking,s02,123.79,125.03,1.24,1.642,球M,261,0.787,0.557,0.557,0.271,0.271,0.292,物品台,,1,1,15,球M,1,2,"[{""name"": ""球M"", ""share"": 0.787, ""q"": 0.557, ""capture"": 0.557, ""miss_deg"": 0.22, ""labels"": [261]}, {""name"": ""水瓶"", ""share"": 0.213, ""q"": 0.151, ""capture"": 0.151, ""miss_deg"": 0.39, ""labels"": [30]}]"
2026_08_25/u3,u3,v9,walking,s02,125.19,125.73,0.54,1.312,球M,261,1.0,1.0,1.0,0.0,0.0,0.0,,,1,1,15,球M,1,1,"[{""name"": ""球M"", ""share"": 1.0, ""q"": 1.0, ""capture"": 1.0, ""miss_deg"": 0.01, ""labels"": [261]}]"
2026_08_25/u3,u3,v9,walking,s02,127.05,127.59,0.54,1.632,,-1,0.0,0.0,,,,1.0,object#26,,0,0,,,,0,[]
2026_08_25/u3,u3,v9,walking,s02,129.56,129.94,0.38,0.958,,-1,0.0,0.0,,,,1.0,object#65,,0,0,,,,0,[]
