rec,card,era,flags,cfg,t_start_rel,t_end_rel,dur_s,dist_m,object,object_label,share,q,capture,A_cap,A_share,p_none,surface,W,acc_live,acc_e2,window_k,target,correct,n_cands,candidates
2026_08_16/000,e1,v7,,cluster010,2.64,3.16,0.52,0.9,,-1,0.0,0.0,,,,1.0,object#20,,0,0,,,,0,[]
2026_08_16/000,e1,v7,,cluster010,6.97,7.24,0.27,1.559,,-1,0.0,0.0,,,,1.0,object#245,,0,0,,,,0,[]
2026_08_16/000,e1,v7,,cluster010,8.06,8.51,0.45,1.409,球L,320,0.908,0.008,0.01,0.1,0.101,0.991,object#10,,0,0,,,,2,"[{""name"": ""球L"", ""share"": 0.908, ""q"": 0.008, ""capture"": 0.01, ""miss_deg"": 3.04, ""labels"": [320]}, {""name"": ""球M"", ""share"": 0.092, ""q"": 0.001, ""capture"": 0.001, ""miss_deg"": 3.7, ""labels"": [321]}]"
2026_08_16/000,e1,v7,,cluster010,15.38,15.82,0.44,1.022,,-1,0.0,0.0,,,,1.0,object#35,,0,0,,,,0,[]
2026_08_16/000,e1,v7,,cluster010,15.98,16.38,0.4,0.667,,-1,0.0,0.0,,,,1.0,object#94,,0,0,,,,0,[]
2026_08_16/000,e1,v7,,cluster010,18.3,18.6,0.3,0.462,,-1,0.0,0.0,,,,1.0,object#67,,0,0,,,,0,[]
2026_08_16/000,e1,v7,,cluster010,24.82,25.15,0.33,0.962,,-1,0.0,0.0,,,,1.0,object#20,,0,0,,,,0,[]
2026_08_16/000,e1,v7,,cluster010,25.48,26.56,1.07,0.962,,-1,0.0,0.0,,,,1.0,object#20,,0,0,,,,0,[]
2026_08_16/000,e1,v7,,cluster010,27.5,27.81,0.31,1.01,,-1,0.0,0.0,,,,1.0,object#67,,0,0,,,,0,[]
2026_08_16/000,e1,v7,,cluster010,29.64,29.98,0.34,0.748,,-1,0.0,0.0,,,,1.0,object#187,,0,0,,,,0,[]
2026_08_16/000,e1,v7,,cluster010,31.09,31.51,0.42,1.169,,-1,0.0,0.0,,,,1.0,object#187,,0,0,,,,0,[]
2026_08_16/000,e1,v7,,cluster010,32.16,32.71,0.55,1.208,,-1,0.0,0.0,,,,1.0,object#20,,0,0,,,,0,[]
2026_08_16/000,e1,v7,,cluster010,35.34,35.62,0.27,1.359,,-1,0.0,0.0,,,,1.0,object#34,,0,0,,,,0,[]
2026_08_16/000,e1,v7,,cluster010,35.68,36.01,0.32,1.335,香蕉,323,0.891,0.154,0.154,0.143,0.122,0.827,object#316,,0,0,,,,2,"[{""name"": ""香蕉"", ""share"": 0.891, ""q"": 0.154, ""capture"": 0.154, ""miss_deg"": 1.93, ""labels"": [323]}, {""name"": ""苹果"", ""share"": 0.109, ""q"": 0.019, ""capture"": 0.022, ""miss_deg"": 2.77, ""labels"": [300]}]"
2026_08_16/000,e1,v7,,cluster010,39.06,39.33,0.27,1.667,石榴,78,1.0,0.55,0.861,0.0,0.0,0.45,object#17,,1,1,,,,1,"[{""name"": ""石榴"", ""share"": 1.0, ""q"": 0.55, ""capture"": 0.861, ""miss_deg"": 0.55, ""labels"": [78]}]"
2026_08_16/000,e1,v7,,cluster010,39.41,44.47,5.07,1.655,苹果,300,0.996,0.721,1.026,0.003,0.004,0.277,object#316,,1,1,1,苹果,1,2,"[{""name"": ""苹果"", ""share"": 0.996, ""q"": 0.721, ""capture"": 1.026, ""miss_deg"": 0.0, ""labels"": [300]}, {""name"": ""香蕉"", ""share"": 0.004, ""q"": 0.003, ""capture"": 0.003, ""miss_deg"": 3.45, ""labels"": [323]}]"
2026_08_16/000,e1,v7,,cluster010,44.52,47.29,2.77,1.65,苹果,300,0.839,0.45,0.641,0.134,0.192,0.464,object#316,,1,1,1,苹果,1,2,"[{""name"": ""苹果"", ""share"": 0.839, ""q"": 0.45, ""capture"": 0.641, ""miss_deg"": 0.94, ""labels"": [300]}, {""name"": ""香蕉"", ""share"": 0.161, ""q"": 0.086, ""capture"": 0.086, ""miss_deg"": 2.21, ""labels"": [323]}]"
2026_08_16/000,e1,v7,,cluster010,47.58,50.73,3.15,1.414,球M,321,1.0,0.7,0.928,0.0,0.0,0.3,object#317,,1,1,,,,1,"[{""name"": ""球M"", ""share"": 1.0, ""q"": 0.7, ""capture"": 0.928, ""miss_deg"": 0.39, ""labels"": [321]}]"
2026_08_16/000,e1,v7,,cluster010,50.89,54.3,3.41,1.395,球M,321,1.0,0.639,0.84,0.0,0.0,0.361,object#10,,1,1,2,球M,1,1,"[{""name"": ""球M"", ""share"": 1.0, ""q"": 0.639, ""capture"": 0.84, ""miss_deg"": 0.59, ""labels"": [321]}]"
2026_08_16/000,e1,v7,,cluster010,54.5,54.95,0.45,1.59,石榴,78,1.0,0.209,0.304,0.0,0.0,0.791,object#17,,1,1,,,,1,"[{""name"": ""石榴"", ""share"": 1.0, ""q"": 0.209, ""capture"": 0.304, ""miss_deg"": 1.54, ""labels"": [78]}]"
2026_08_16/000,e1,v7,,cluster010,55.0,57.54,2.54,1.63,石榴,78,1.0,0.369,0.552,0.0,0.0,0.631,object#17,,1,1,,,,1,"[{""name"": ""石榴"", ""share"": 1.0, ""q"": 0.369, ""capture"": 0.552, ""miss_deg"": 1.09, ""labels"": [78]}]"
2026_08_16/000,e1,v7,,cluster010,57.59,60.9,3.32,1.646,石榴,78,1.0,0.352,0.541,0.0,0.0,0.648,object#17,,1,1,3,石榴,1,1,"[{""name"": ""石榴"", ""share"": 1.0, ""q"": 0.352, ""capture"": 0.541, ""miss_deg"": 1.11, ""labels"": [78]}]"
2026_08_16/000,e1,v7,,cluster010,61.15,65.15,4.0,1.515,香蕉,323,1.0,0.57,0.57,0.0,0.0,0.43,object#316,,1,1,4,香蕉,1,1,"[{""name"": ""香蕉"", ""share"": 1.0, ""q"": 0.57, ""capture"": 0.57, ""miss_deg"": 1.06, ""labels"": [323]}]"
2026_08_16/000,e1,v7,,cluster010,65.2,65.65,0.45,1.607,香蕉,323,1.0,0.087,0.087,0.0,0.0,0.913,object#17,,0,0,4,香蕉,1,1,"[{""name"": ""香蕉"", ""share"": 1.0, ""q"": 0.087, ""capture"": 0.087, ""miss_deg"": 2.21, ""labels"": [323]}]"
2026_08_16/000,e1,v7,,cluster010,65.88,66.82,0.94,1.491,香蕉,323,1.0,0.602,0.602,0.0,0.0,0.398,object#316,,1,1,4,香蕉,1,1,"[{""name"": ""香蕉"", ""share"": 1.0, ""q"": 0.602, ""capture"": 0.602, ""miss_deg"": 1.01, ""labels"": [323]}]"
2026_08_16/000,e1,v7,,cluster010,66.87,68.03,1.16,1.566,香蕉,323,1.0,0.14,0.14,0.0,0.0,0.86,object#316,,0,0,4,香蕉,1,1,"[{""name"": ""香蕉"", ""share"": 1.0, ""q"": 0.14, ""capture"": 0.14, ""miss_deg"": 1.98, ""labels"": [323]}]"
2026_08_16/000,e1,v7,,cluster010,68.59,69.54,0.95,1.423,球L,320,0.997,0.534,0.675,0.003,0.003,0.465,object#316,,1,1,,,,2,"[{""name"": ""球L"", ""share"": 0.997, ""q"": 0.534, ""capture"": 0.675, ""miss_deg"": 0.89, ""labels"": [320]}, {""name"": ""香蕉"", ""share"": 0.003, ""q"": 0.002, ""capture"": 0.002, ""miss_deg"": 3.58, ""labels"": [323]}]"
2026_08_16/000,e1,v7,,cluster010,70.45,70.95,0.5,2.689,,-1,0.0,0.0,,,,1.0,floor,,0,0,5,球R,,0,[]
2026_08_16/000,e1,v7,,cluster010,71.0,73.51,2.51,1.48,球R,322,1.0,0.11,0.183,0.0,0.0,0.89,object#318,,0,0,5,球R,1,1,"[{""name"": ""球R"", ""share"": 1.0, ""q"": 0.11, ""capture"": 0.183, ""miss_deg"": 1.84, ""labels"": [322]}]"
2026_08_16/000,e1,v7,,cluster010,74.33,74.83,0.5,1.626,石榴,78,1.0,0.032,0.049,0.0,0.0,0.968,object#201,,0,0,,,,1,"[{""name"": ""石榴"", ""share"": 1.0, ""q"": 0.032, ""capture"": 0.049, ""miss_deg"": 2.46, ""labels"": [78]}]"
2026_08_16/000,e1,v7,,cluster010,75.26,77.05,1.79,1.418,球L,320,0.989,0.473,0.594,0.008,0.011,0.521,object#316,,1,1,,,,2,"[{""name"": ""球L"", ""share"": 0.989, ""q"": 0.473, ""capture"": 0.594, ""miss_deg"": 1.02, ""labels"": [320]}, {""name"": ""香蕉"", ""share"": 0.011, ""q"": 0.005, ""capture"": 0.005, ""miss_deg"": 3.24, ""labels"": [323]}]"
2026_08_16/000,e1,v7,,cluster010,77.1,79.85,2.75,1.432,球L,320,0.948,0.363,0.459,0.044,0.055,0.617,object#316,,1,1,6,球L,1,2,"[{""name"": ""球L"", ""share"": 0.948, ""q"": 0.363, ""capture"": 0.459, ""miss_deg"": 1.25, ""labels"": [320]}, {""name"": ""香蕉"", ""share"": 0.052, ""q"": 0.02, ""capture"": 0.02, ""miss_deg"": 2.8, ""labels"": [323]}]"
2026_08_16/000,e1,v7,,cluster010,79.96,81.8,1.84,1.472,香蕉,323,0.907,0.335,0.335,0.134,0.103,0.631,object#316,,1,1,6,球L,0,2,"[{""name"": ""香蕉"", ""share"": 0.907, ""q"": 0.335, ""capture"": 0.335, ""miss_deg"": 1.48, ""labels"": [323]}, {""name"": ""球L"", ""share"": 0.093, ""q"": 0.034, ""capture"": 0.045, ""miss_deg"": 2.49, ""labels"": [320]}]"
2026_08_16/000,e1,v7,,cluster010,82.27,88.28,6.01,1.458,球M,321,1.0,0.392,0.539,0.0,0.0,0.608,object#10,,1,1,7,球M,1,1,"[{""name"": ""球M"", ""share"": 1.0, ""q"": 0.392, ""capture"": 0.539, ""miss_deg"": 1.11, ""labels"": [321]}]"
2026_08_16/000,e1,v7,,cluster010,88.49,88.88,0.39,1.622,石榴,78,1.0,0.241,0.36,0.0,0.0,0.759,object#17,,1,1,,,,1,"[{""name"": ""石榴"", ""share"": 1.0, ""q"": 0.241, ""capture"": 0.36, ""miss_deg"": 1.43, ""labels"": [78]}]"
2026_08_16/000,e1,v7,,cluster010,89.27,91.31,2.04,1.664,石榴,78,1.0,0.324,0.504,0.0,0.0,0.676,object#17,,1,1,,,,1,"[{""name"": ""石榴"", ""share"": 1.0, ""q"": 0.324, ""capture"": 0.504, ""miss_deg"": 1.17, ""labels"": [78]}]"
2026_08_16/000,e1,v7,,cluster010,91.36,94.96,3.6,1.651,石榴,78,1.0,0.205,0.315,0.0,0.0,0.795,object#17,,1,1,8,石榴,1,1,"[{""name"": ""石榴"", ""share"": 1.0, ""q"": 0.205, ""capture"": 0.315, ""miss_deg"": 1.52, ""labels"": [78]}]"
2026_08_16/000,e1,v7,,cluster010,95.2,96.77,1.57,1.536,香蕉,323,1.0,0.536,0.536,0.0,0.0,0.464,object#316,,1,1,,,,1,"[{""name"": ""香蕉"", ""share"": 1.0, ""q"": 0.536, ""capture"": 0.536, ""miss_deg"": 1.12, ""labels"": [323]}]"
2026_08_16/000,e1,v7,,cluster010,96.92,98.03,1.1,1.572,香蕉,323,1.0,0.512,0.512,0.0,0.0,0.488,object#316,,1,1,9,香蕉,1,2,"[{""name"": ""香蕉"", ""share"": 1.0, ""q"": 0.512, ""capture"": 0.512, ""miss_deg"": 1.16, ""labels"": [323]}, {""name"": ""苹果"", ""share"": 0.0, ""q"": 0.0, ""capture"": 0.0, ""miss_deg"": 4.02, ""labels"": [300]}]"
2026_08_16/000,e1,v7,,cluster010,98.2,100.65,2.45,1.602,香蕉,323,0.983,0.575,0.575,0.024,0.017,0.415,object#316,,1,1,9,香蕉,1,2,"[{""name"": ""香蕉"", ""share"": 0.983, ""q"": 0.575, ""capture"": 0.575, ""miss_deg"": 1.05, ""labels"": [323]}, {""name"": ""苹果"", ""share"": 0.017, ""q"": 0.01, ""capture"": 0.014, ""miss_deg"": 2.93, ""labels"": [300]}]"
2026_08_16/000,e1,v7,,cluster010,100.76,101.76,1.0,1.629,香蕉,323,0.993,0.383,0.383,0.01,0.007,0.615,object#10,,1,1,9,香蕉,1,2,"[{""name"": ""香蕉"", ""share"": 0.993, ""q"": 0.383, ""capture"": 0.383, ""miss_deg"": 1.39, ""labels"": [323]}, {""name"": ""苹果"", ""share"": 0.007, ""q"": 0.003, ""capture"": 0.004, ""miss_deg"": 3.36, ""labels"": [300]}]"
2026_08_16/000,e1,v7,,cluster010,102.28,105.33,3.05,1.453,球L,320,0.891,0.286,0.371,0.094,0.122,0.679,object#316,,1,1,,,,2,"[{""name"": ""球L"", ""share"": 0.891, ""q"": 0.286, ""capture"": 0.371, ""miss_deg"": 1.41, ""labels"": [320]}, {""name"": ""香蕉"", ""share"": 0.109, ""q"": 0.035, ""capture"": 0.035, ""miss_deg"": 2.59, ""labels"": [323]}]"
2026_08_16/000,e1,v7,,cluster010,105.38,108.98,3.6,1.487,球L,320,0.514,0.142,0.189,0.714,0.946,0.723,object#316,,0,0,10,球L,1,2,"[{""name"": ""球L"", ""share"": 0.514, ""q"": 0.142, ""capture"": 0.189, ""miss_deg"": 1.83, ""labels"": [320]}, {""name"": ""香蕉"", ""share"": 0.486, ""q"": 0.135, ""capture"": 0.135, ""miss_deg"": 2.0, ""labels"": [323]}]"
2026_08_16/000,e1,v7,,cluster010,109.36,111.89,2.53,1.65,苹果,300,0.941,0.234,0.333,0.045,0.063,0.752,object#10,,1,1,,,,2,"[{""name"": ""苹果"", ""share"": 0.941, ""q"": 0.234, ""capture"": 0.333, ""miss_deg"": 1.48, ""labels"": [300]}, {""name"": ""香蕉"", ""share"": 0.059, ""q"": 0.015, ""capture"": 0.015, ""miss_deg"": 2.9, ""labels"": [323]}]"
2026_08_16/000,e1,v7,,cluster010,111.94,112.89,0.94,1.654,苹果,300,0.98,0.268,0.381,0.013,0.02,0.727,object#10,,1,1,11,苹果,1,2,"[{""name"": ""苹果"", ""share"": 0.98, ""q"": 0.268, ""capture"": 0.381, ""miss_deg"": 1.39, ""labels"": [300]}, {""name"": ""香蕉"", ""share"": 0.02, ""q"": 0.005, ""capture"": 0.005, ""miss_deg"": 3.23, ""labels"": [323]}]"
2026_08_16/000,e1,v7,,cluster010,112.99,114.45,1.46,1.662,苹果,300,1.0,0.108,0.154,0.0,0.0,0.892,object#10,,0,0,11,苹果,1,1,"[{""name"": ""苹果"", ""share"": 1.0, ""q"": 0.108, ""capture"": 0.154, ""miss_deg"": 1.93, ""labels"": [300]}]"
2026_08_16/000,e1,v7,,cluster010,114.56,114.84,0.28,1.664,苹果,300,0.962,0.158,0.225,0.027,0.04,0.836,object#10,,1,1,11,苹果,1,2,"[{""name"": ""苹果"", ""share"": 0.962, ""q"": 0.158, ""capture"": 0.225, ""miss_deg"": 1.73, ""labels"": [300]}, {""name"": ""香蕉"", ""share"": 0.038, ""q"": 0.006, ""capture"": 0.006, ""miss_deg"": 3.18, ""labels"": [323]}]"
2026_08_16/000,e1,v7,,cluster010,114.94,116.34,1.4,1.666,苹果,300,0.924,0.132,0.188,0.059,0.082,0.857,object#10,,0,0,11,苹果,1,2,"[{""name"": ""苹果"", ""share"": 0.924, ""q"": 0.132, ""capture"": 0.188, ""miss_deg"": 1.83, ""labels"": [300]}, {""name"": ""香蕉"", ""share"": 0.076, ""q"": 0.011, ""capture"": 0.011, ""miss_deg"": 3.01, ""labels"": [323]}]"
2026_08_16/000,e1,v7,,cluster010,116.39,116.71,0.32,1.557,球M,321,1.0,0.014,0.021,0.0,0.0,0.986,object#17,,0,0,,,,1,"[{""name"": ""球M"", ""share"": 1.0, ""q"": 0.014, ""capture"": 0.021, ""miss_deg"": 2.79, ""labels"": [321]}]"
2026_08_16/000,e1,v7,,cluster010,116.77,117.04,0.27,1.491,香蕉,323,1.0,0.14,0.14,0.0,0.0,0.86,object#316,,0,0,,,,1,"[{""name"": ""香蕉"", ""share"": 1.0, ""q"": 0.14, ""capture"": 0.14, ""miss_deg"": 1.98, ""labels"": [323]}]"
2026_08_16/000,e1,v7,,cluster010,117.61,123.42,5.81,1.473,球R,322,1.0,0.085,0.141,0.0,0.0,0.915,object#318,,0,0,12,球R,1,1,"[{""name"": ""球R"", ""share"": 1.0, ""q"": 0.085, ""capture"": 0.141, ""miss_deg"": 1.98, ""labels"": [322]}]"
2026_08_16/000,e1,v7,,cluster010,124.72,125.01,0.28,1.949,,-1,0.0,0.0,,,,1.0,object#20,,0,0,,,,0,[]
2026_08_16/000,e1,v7,,cluster010,125.06,125.39,0.33,1.584,,-1,0.0,0.0,,,,1.0,object#20,,0,0,,,,0,[]
2026_08_16/000,e1,v7,,cluster010,125.44,125.82,0.37,1.3,,-1,0.0,0.0,,,,1.0,object#20,,0,0,,,,0,[]
2026_08_16/000,e1,v7,,cluster010,127.45,127.89,0.44,1.117,,-1,0.0,0.0,,,,1.0,object#59,,0,0,,,,0,[]
2026_08_16/000,e1,v7,,cluster010,128.0,128.34,0.34,1.214,,-1,0.0,0.0,,,,1.0,object#67,,0,0,,,,0,[]
2026_08_16/001,e2,v7,stress,cluster010,3.02,3.34,0.32,2.4,,-1,0.0,0.0,,,,1.0,floor,,0,0,,,,0,[]
2026_08_16/001,e2,v7,stress,cluster010,7.85,9.25,1.41,2.597,,-1,0.0,0.0,,,,1.0,floor,,0,0,,,,0,[]
2026_08_16/001,e2,v7,stress,cluster010,9.31,9.69,0.38,3.071,,-1,0.0,0.0,,,,1.0,floor,,0,0,,,,0,[]
2026_08_16/001,e2,v7,stress,cluster010,10.37,10.86,0.49,2.827,,-1,0.0,0.0,,,,1.0,object#13,,0,0,,,,0,[]
2026_08_16/001,e2,v7,stress,cluster010,10.91,11.35,0.43,3.111,球M,321,1.0,0.038,0.165,0.0,0.0,0.962,object#179,,0,0,,,,1,"[{""name"": ""球M"", ""share"": 1.0, ""q"": 0.038, ""capture"": 0.165, ""miss_deg"": 1.9, ""labels"": [321]}]"
2026_08_16/001,e2,v7,stress,cluster010,11.4,11.94,0.54,3.057,,-1,0.0,0.0,,,,1.0,object#46,,0,0,,,,0,[]
2026_08_16/001,e2,v7,stress,cluster010,12.38,15.9,3.52,3.168,,-1,0.0,0.0,,,,1.0,object#10,,0,0,,,,0,[]
2026_08_16/001,e2,v7,stress,cluster010,16.18,18.34,2.17,3.164,球L,320,1.0,0.001,0.005,0.0,0.0,0.999,object#10,,0,0,1,球L,1,1,"[{""name"": ""球L"", ""share"": 1.0, ""q"": 0.001, ""capture"": 0.005, ""miss_deg"": 3.28, ""labels"": [320]}]"
2026_08_16/001,e2,v7,stress,cluster010,18.72,19.32,0.6,3.168,,-1,0.0,0.0,,,,1.0,object#46,,0,0,1,球L,,0,[]
2026_08_16/001,e2,v7,stress,cluster010,19.64,20.4,0.76,3.193,,-1,0.0,0.0,,,,1.0,object#305,,0,0,,,,0,[]
2026_08_16/001,e2,v7,stress,cluster010,20.63,22.48,1.85,3.202,,-1,0.0,0.0,,,,1.0,object#130,,0,0,,,,0,[]
2026_08_16/001,e2,v7,stress,cluster010,22.8,24.97,2.17,3.186,,-1,0.0,0.0,,,,1.0,object#130,,0,0,,,,0,[]
2026_08_16/001,e2,v7,stress,cluster010,25.14,26.17,1.03,3.192,,-1,0.0,0.0,,,,1.0,object#130,,0,0,,,,0,[]
2026_08_16/001,e2,v7,stress,cluster010,26.4,28.57,2.17,3.184,球L,320,0.838,0.102,0.415,0.065,0.193,0.878,object#316,,1,1,,,,2,"[{""name"": ""球L"", ""share"": 0.838, ""q"": 0.102, ""capture"": 0.415, ""miss_deg"": 1.33, ""labels"": [320]}, {""name"": ""香蕉"", ""share"": 0.162, ""q"": 0.02, ""capture"": 0.027, ""miss_deg"": 2.69, ""labels"": [323]}]"
2026_08_16/001,e2,v7,stress,cluster010,28.82,31.96,3.14,3.281,球L,320,0.827,0.077,0.332,0.069,0.209,0.907,object#316,,1,1,,,,2,"[{""name"": ""球L"", ""share"": 0.827, ""q"": 0.077, ""capture"": 0.332, ""miss_deg"": 1.49, ""labels"": [320]}, {""name"": ""香蕉"", ""share"": 0.173, ""q"": 0.016, ""capture"": 0.023, ""miss_deg"": 2.75, ""labels"": [323]}]"
2026_08_16/001,e2,v7,stress,cluster010,32.18,32.5,0.32,3.286,球L,320,0.714,0.122,0.528,0.119,0.367,0.829,object#316,,1,1,2,球R,0,3,"[{""name"": ""球L"", ""share"": 0.714, ""q"": 0.122, ""capture"": 0.528, ""miss_deg"": 1.13, ""labels"": [320]}, {""name"": ""香蕉"", ""share"": 0.262, ""q"": 0.045, ""capture"": 0.063, ""miss_deg"": 2.35, ""labels"": [323]}, {""name"": ""苹果"", ""share"": 0.024, ""q"": 0.004, ""capture"": 0.016, ""miss_deg"": 2.87, ""labels"": [300]}]"
2026_08_16/001,e2,v7,stress,cluster010,32.56,33.64,1.08,3.305,球R,322,0.887,0.102,0.624,0.093,0.127,0.885,object#318,,1,1,2,球R,1,2,"[{""name"": ""球R"", ""share"": 0.887, ""q"": 0.102, ""capture"": 0.624, ""miss_deg"": 0.97, ""labels"": [322]}, {""name"": ""石榴"", ""share"": 0.113, ""q"": 0.013, ""capture"": 0.058, ""miss_deg"": 2.38, ""labels"": [78]}]"
2026_08_16/001,e2,v7,stress,cluster010,33.8,34.24,0.43,3.327,球R,322,0.983,0.03,0.184,0.011,0.017,0.969,object#318,,0,0,2,球R,1,2,"[{""name"": ""球R"", ""share"": 0.983, ""q"": 0.03, ""capture"": 0.184, ""miss_deg"": 1.84, ""labels"": [322]}, {""name"": ""石榴"", ""share"": 0.017, ""q"": 0.001, ""capture"": 0.002, ""miss_deg"": 3.48, ""labels"": [78]}]"
2026_08_16/001,e2,v7,stress,cluster010,34.47,37.77,3.3,3.316,球R,322,0.885,0.055,0.338,0.095,0.13,0.938,object#318,,1,1,2,球R,1,2,"[{""name"": ""球R"", ""share"": 0.885, ""q"": 0.055, ""capture"": 0.338, ""miss_deg"": 1.47, ""labels"": [322]}, {""name"": ""石榴"", ""share"": 0.115, ""q"": 0.007, ""capture"": 0.032, ""miss_deg"": 2.62, ""labels"": [78]}]"
2026_08_16/001,e2,v7,stress,cluster010,37.9,39.9,2.0,3.312,球R,322,0.875,0.069,0.422,0.104,0.143,0.921,object#318,,1,1,2,球R,1,2,"[{""name"": ""球R"", ""share"": 0.875, ""q"": 0.069, ""capture"": 0.422, ""miss_deg"": 1.31, ""labels"": [322]}, {""name"": ""石榴"", ""share"": 0.125, ""q"": 0.01, ""capture"": 0.044, ""miss_deg"": 2.5, ""labels"": [78]}]"
2026_08_16/001,e2,v7,stress,cluster010,40.15,40.42,0.27,3.515,球M,321,1.0,0.005,0.027,0.0,0.0,0.995,object#46,,0,0,,,,1,"[{""name"": ""球M"", ""share"": 1.0, ""q"": 0.005, ""capture"": 0.027, ""miss_deg"": 2.68, ""labels"": [321]}]"
2026_08_16/001,e2,v7,stress,cluster010,40.53,40.91,0.38,3.452,,-1,0.0,0.0,,,,1.0,object#46,,0,0,,,,0,[]
2026_08_16/001,e2,v7,stress,cluster010,41.07,41.51,0.43,3.596,球M,321,1.0,0.016,0.098,0.0,0.0,0.984,object#46,,0,0,,,,1,"[{""name"": ""球M"", ""share"": 1.0, ""q"": 0.016, ""capture"": 0.098, ""miss_deg"": 2.16, ""labels"": [321]}]"
2026_08_16/001,e2,v7,stress,cluster010,43.74,45.42,1.68,3.61,球M,321,1.0,0.015,0.093,0.0,0.0,0.985,object#46,,0,0,5,球M,1,1,"[{""name"": ""球M"", ""share"": 1.0, ""q"": 0.015, ""capture"": 0.093, ""miss_deg"": 2.18, ""labels"": [321]}]"
2026_08_16/001,e2,v7,stress,cluster010,46.21,46.48,0.27,3.683,球M,321,1.0,0.026,0.156,0.0,0.0,0.974,object#46,,0,0,,,,1,"[{""name"": ""球M"", ""share"": 1.0, ""q"": 0.026, ""capture"": 0.156, ""miss_deg"": 1.93, ""labels"": [321]}]"
2026_08_16/001,e2,v7,stress,cluster010,46.8,49.4,2.6,3.275,球L,320,0.741,0.042,0.183,0.115,0.35,0.943,object#316,,0,0,,,,2,"[{""name"": ""球L"", ""share"": 0.741, ""q"": 0.042, ""capture"": 0.183, ""miss_deg"": 1.84, ""labels"": [320]}, {""name"": ""香蕉"", ""share"": 0.259, ""q"": 0.015, ""capture"": 0.021, ""miss_deg"": 2.79, ""labels"": [323]}]"
2026_08_16/001,e2,v7,stress,cluster010,49.66,51.12,1.46,3.274,球L,320,0.565,0.05,0.217,0.244,0.77,0.911,object#316,,1,1,,,,2,"[{""name"": ""球L"", ""share"": 0.565, ""q"": 0.05, ""capture"": 0.217, ""miss_deg"": 1.75, ""labels"": [320]}, {""name"": ""香蕉"", ""share"": 0.435, ""q"": 0.039, ""capture"": 0.053, ""miss_deg"": 2.42, ""labels"": [323]}]"
2026_08_16/001,e2,v7,stress,cluster010,51.44,53.18,1.73,3.267,球L,320,1.0,0.0,0.001,0.0,0.0,1.0,object#46,,0,0,,,,1,"[{""name"": ""球L"", ""share"": 1.0, ""q"": 0.0, ""capture"": 0.001, ""miss_deg"": 3.8, ""labels"": [320]}]"
2026_08_16/001,e2,v7,stress,cluster010,53.44,56.53,3.09,3.28,球L,320,0.691,0.116,0.503,0.133,0.405,0.832,object#316,,1,1,,,,3,"[{""name"": ""球L"", ""share"": 0.691, ""q"": 0.116, ""capture"": 0.503, ""miss_deg"": 1.17, ""labels"": [320]}, {""name"": ""香蕉"", ""share"": 0.28, ""q"": 0.047, ""capture"": 0.067, ""miss_deg"": 2.33, ""labels"": [323]}, {""name"": ""苹果"", ""share"": 0.029, ""q"": 0.005, ""capture"": 0.02, ""miss_deg"": 2.8, ""labels"": [300]}]"
2026_08_16/001,e2,v7,stress,cluster010,56.69,59.83,3.14,3.266,球L,320,0.614,0.129,0.559,0.168,0.524,0.79,object#316,,1,1,,,,3,"[{""name"": ""球L"", ""share"": 0.614, ""q"": 0.129, ""capture"": 0.559, ""miss_deg"": 1.08, ""labels"": [320]}, {""name"": ""香蕉"", ""share"": 0.322, ""q"": 0.068, ""capture"": 0.094, ""miss_deg"": 2.18, ""labels"": [323]}, {""name"": ""苹果"", ""share"": 0.064, ""q"": 0.013, ""capture"": 0.053, ""miss_deg"": 2.42, ""labels"": [300]}]"
2026_08_16/001,e2,v7,stress,cluster010,60.49,62.76,2.27,3.338,球R,322,0.719,0.064,0.391,0.286,0.391,0.911,object#318,,1,1,10,球R,1,2,"[{""name"": ""球R"", ""share"": 0.719, ""q"": 0.064, ""capture"": 0.391, ""miss_deg"": 1.37, ""labels"": [322]}, {""name"": ""石榴"", ""share"": 0.281, ""q"": 0.025, ""capture"": 0.112, ""miss_deg"": 2.09, ""labels"": [78]}]"
2026_08_16/001,e2,v7,stress,cluster010,62.93,66.56,3.63,3.327,球R,322,1.0,0.024,0.148,0.0,0.0,0.976,object#318,,0,0,10,球R,1,1,"[{""name"": ""球R"", ""share"": 1.0, ""q"": 0.024, ""capture"": 0.148, ""miss_deg"": 1.95, ""labels"": [322]}]"
2026_08_16/001,e2,v7,stress,cluster010,66.93,69.42,2.49,3.271,球L,320,0.8,0.011,0.049,0.082,0.25,0.986,object#46,,0,0,11,球L,1,2,"[{""name"": ""球L"", ""share"": 0.8, ""q"": 0.011, ""capture"": 0.049, ""miss_deg"": 2.45, ""labels"": [320]}, {""name"": ""香蕉"", ""share"": 0.2, ""q"": 0.003, ""capture"": 0.004, ""miss_deg"": 3.33, ""labels"": [323]}]"
2026_08_16/001,e2,v7,stress,cluster010,69.64,71.37,1.73,3.283,球L,320,1.0,0.004,0.018,0.0,0.0,0.996,object#46,,0,0,11,球L,1,1,"[{""name"": ""球L"", ""share"": 1.0, ""q"": 0.004, ""capture"": 0.018, ""miss_deg"": 2.84, ""labels"": [320]}]"
2026_08_16/001,e2,v7,stress,cluster010,71.55,73.88,2.33,3.287,球L,320,0.633,0.036,0.154,0.188,0.58,0.944,object#316,,0,0,11,球L,1,2,"[{""name"": ""球L"", ""share"": 0.633, ""q"": 0.036, ""capture"": 0.154, ""miss_deg"": 1.94, ""labels"": [320]}, {""name"": ""香蕉"", ""share"": 0.367, ""q"": 0.021, ""capture"": 0.029, ""miss_deg"": 2.66, ""labels"": [323]}]"
2026_08_16/001,e2,v7,stress,cluster010,74.13,80.95,6.82,3.305,,-1,0.0,0.0,,,,1.0,object#130,,0,0,,,,0,[]
2026_08_16/001,e2,v7,stress,cluster010,81.41,81.74,0.32,3.506,球M,321,1.0,0.007,0.038,0.0,0.0,0.993,object#135,,0,0,,,,1,"[{""name"": ""球M"", ""share"": 1.0, ""q"": 0.007, ""capture"": 0.038, ""miss_deg"": 2.56, ""labels"": [321]}]"
2026_08_16/001,e2,v7,stress,cluster010,81.85,87.86,6.01,3.285,,-1,0.0,0.0,,,,1.0,object#10,,0,0,,,,0,[]
2026_08_16/001,e2,v7,stress,cluster010,89.87,90.14,0.27,3.453,球M,321,1.0,0.005,0.022,0.0,0.0,0.995,object#46,,0,0,,,,1,"[{""name"": ""球M"", ""share"": 1.0, ""q"": 0.005, ""capture"": 0.022, ""miss_deg"": 2.76, ""labels"": [321]}]"
2026_08_16/001,e2,v7,stress,cluster010,90.47,90.79,0.32,4.591,球M,321,0.996,0.085,0.775,0.001,0.004,0.915,object#250,,1,1,,,,2,"[{""name"": ""球M"", ""share"": 0.996, ""q"": 0.085, ""capture"": 0.775, ""miss_deg"": 0.71, ""labels"": [321]}, {""name"": ""香蕉"", ""share"": 0.004, ""q"": 0.0, ""capture"": 0.001, ""miss_deg"": 3.8, ""labels"": [323]}]"
2026_08_16/001,e2,v7,stress,cluster010,91.23,91.61,0.38,3.644,球M,321,1.0,0.028,0.169,0.0,0.0,0.972,object#46,,0,0,,,,1,"[{""name"": ""球M"", ""share"": 1.0, ""q"": 0.028, ""capture"": 0.169, ""miss_deg"": 1.89, ""labels"": [321]}]"
2026_08_16/001,e2,v7,stress,cluster010,93.23,93.5,0.27,3.709,球M,321,1.0,0.035,0.212,0.0,0.0,0.965,object#179,,1,1,12,球M,1,1,"[{""name"": ""球M"", ""share"": 1.0, ""q"": 0.035, ""capture"": 0.212, ""miss_deg"": 1.76, ""labels"": [321]}]"
2026_08_16/001,e2,v7,stress,cluster010,93.55,94.96,1.41,3.475,球M,321,1.0,0.002,0.012,0.0,0.0,0.998,object#46,,0,0,12,球M,1,1,"[{""name"": ""球M"", ""share"": 1.0, ""q"": 0.002, ""capture"": 0.012, ""miss_deg"": 2.97, ""labels"": [321]}]"
2026_08_16/001,e2,v7,stress,cluster010,95.12,95.61,0.49,4.563,球M,321,1.0,0.061,0.555,0.0,0.0,0.939,object#250,,1,1,12,球M,1,1,"[{""name"": ""球M"", ""share"": 1.0, ""q"": 0.061, ""capture"": 0.555, ""miss_deg"": 1.09, ""labels"": [321]}]"
2026_08_16/001,e2,v7,stress,cluster010,96.41,96.9,0.49,4.045,,-1,0.0,0.0,,,,1.0,object#187,,0,0,,,,0,[]
2026_08_16/001,e2,v7,stress,cluster010,99.54,99.81,0.27,2.031,,-1,0.0,0.0,,,,1.0,object#11,,0,0,,,,0,[]
2026_08_16/001,e2,v7,stress,cluster010,99.87,100.25,0.39,2.13,,-1,0.0,0.0,,,,1.0,floor,,0,0,,,,0,[]
2026_08_16/001,e2,v7,stress,cluster010,100.37,100.65,0.27,1.933,,-1,0.0,0.0,,,,1.0,floor,,0,0,,,,0,[]
2026_08_16/001,e2,v7,stress,cluster010,100.98,101.75,0.77,1.286,,-1,0.0,0.0,,,,1.0,object#35,,0,0,,,,0,[]
2026_08_16/s1,s1,v7,,cluster010,2.04,2.42,0.38,0.881,,-1,0.0,0.0,,,,1.0,object#20,,0,0,,,,0,[]
2026_08_16/s1,s1,v7,,cluster010,2.8,3.83,1.03,1.146,,-1,0.0,0.0,,,,1.0,object#20,,0,0,,,,0,[]
2026_08_16/s1,s1,v7,,cluster010,4.78,5.11,0.34,2.186,,-1,0.0,0.0,,,,1.0,floor,,0,0,,,,0,[]
2026_08_16/s1,s1,v7,,cluster010,6.42,6.8,0.38,2.282,,-1,0.0,0.0,,,,1.0,object#187,,0,0,,,,0,[]
2026_08_16/s1,s1,v7,,cluster010,7.27,7.53,0.27,2.04,,-1,0.0,0.0,,,,1.0,floor,,0,0,,,,0,[]
2026_08_16/s1,s1,v7,,cluster010,9.53,9.8,0.27,2.217,,-1,0.0,0.0,,,,1.0,object#20,,0,0,,,,0,[]
2026_08_16/s1,s1,v7,,cluster010,10.33,11.26,0.92,2.207,,-1,0.0,0.0,,,,1.0,object#20,,0,0,,,,0,[]
2026_08_16/s1,s1,v7,,cluster010,11.55,12.74,1.19,2.526,,-1,0.0,0.0,,,,1.0,object#32,,0,0,,,,0,[]
2026_08_16/s1,s1,v7,,cluster010,13.16,13.48,0.32,1.604,球M,321,1.0,0.13,0.2,0.0,0.0,0.87,object#17,,1,1,,,,1,"[{""name"": ""球M"", ""share"": 1.0, ""q"": 0.13, ""capture"": 0.2, ""miss_deg"": 1.8, ""labels"": [321]}]"
2026_08_16/s1,s1,v7,,cluster010,13.81,14.46,0.65,1.595,球M,321,1.0,0.22,0.338,0.0,0.0,0.78,object#17,,1,1,,,,1,"[{""name"": ""球M"", ""share"": 1.0, ""q"": 0.22, ""capture"": 0.338, ""miss_deg"": 1.47, ""labels"": [321]}]"
2026_08_16/s1,s1,v7,,cluster010,14.51,15.0,0.49,1.756,,-1,0.0,0.0,,,,1.0,object#34,,0,0,,,,0,[]
2026_08_16/s1,s1,v7,,cluster010,15.06,15.43,0.38,1.573,球M,321,1.0,0.346,0.518,0.0,0.0,0.654,object#17,,1,1,,,,1,"[{""name"": ""球M"", ""share"": 1.0, ""q"": 0.346, ""capture"": 0.518, ""miss_deg"": 1.15, ""labels"": [321]}]"
2026_08_16/s1,s1,v7,,cluster010,15.85,20.23,4.39,1.615,球R,322,1.0,0.502,0.922,0.0,0.0,0.498,object#318,,1,1,1,球R,1,1,"[{""name"": ""球R"", ""share"": 1.0, ""q"": 0.502, ""capture"": 0.922, ""miss_deg"": 0.4, ""labels"": [322]}]"
2026_08_16/s1,s1,v7,,cluster010,20.53,22.37,1.84,1.606,球R,322,1.0,0.554,1.018,0.0,0.0,0.446,object#318,,1,1,1,球R,1,1,"[{""name"": ""球R"", ""share"": 1.0, ""q"": 0.554, ""capture"": 1.018, ""miss_deg"": 0.0, ""labels"": [322]}]"
2026_08_16/s1,s1,v7,,cluster010,22.7,29.26,6.55,1.531,球L,320,1.0,0.676,0.912,0.0,0.0,0.324,object#316,,1,1,2,球L,1,1,"[{""name"": ""球L"", ""share"": 1.0, ""q"": 0.676, ""capture"": 0.912, ""miss_deg"": 0.43, ""labels"": [320]}]"
2026_08_16/s1,s1,v7,,cluster010,29.58,32.4,2.82,1.496,球M,321,1.0,0.79,1.124,0.0,0.0,0.21,object#17,,1,1,,,,1,"[{""name"": ""球M"", ""share"": 1.0, ""q"": 0.79, ""capture"": 1.124, ""miss_deg"": 0.0, ""labels"": [321]}]"
2026_08_16/s1,s1,v7,,cluster010,32.75,36.27,3.52,1.485,球M,321,1.0,0.628,0.893,0.0,0.0,0.372,object#17,,1,1,3,球M,1,1,"[{""name"": ""球M"", ""share"": 1.0, ""q"": 0.628, ""capture"": 0.893, ""miss_deg"": 0.47, ""labels"": [321]}]"
2026_08_16/s1,s1,v7,,cluster010,36.45,42.95,6.5,1.525,球L,320,1.0,0.667,0.9,0.0,0.0,0.333,object#316,,1,1,4,球L,1,1,"[{""name"": ""球L"", ""share"": 1.0, ""q"": 0.667, ""capture"": 0.9, ""miss_deg"": 0.46, ""labels"": [320]}]"
2026_08_16/s1,s1,v7,,cluster010,43.3,43.68,0.38,1.615,球R,322,1.0,0.581,1.068,0.0,0.0,0.419,object#318,,1,1,,,,1,"[{""name"": ""球R"", ""share"": 1.0, ""q"": 0.581, ""capture"": 1.068, ""miss_deg"": 0.0, ""labels"": [322]}]"
2026_08_16/s1,s1,v7,,cluster010,43.79,49.85,6.07,1.501,球M,321,1.0,0.742,1.057,0.0,0.0,0.258,object#17,,1,1,5,球M,1,1,"[{""name"": ""球M"", ""share"": 1.0, ""q"": 0.742, ""capture"": 1.057, ""miss_deg"": 0.0, ""labels"": [321]}]"
2026_08_16/s1,s1,v7,,cluster010,50.41,56.69,6.28,1.502,球M,321,1.0,0.797,1.135,0.0,0.0,0.203,object#17,,1,1,6,球M,1,1,"[{""name"": ""球M"", ""share"": 1.0, ""q"": 0.797, ""capture"": 1.135, ""miss_deg"": 0.0, ""labels"": [321]}]"
2026_08_16/s1,s1,v7,,cluster010,56.99,63.44,6.45,1.588,球R,322,1.0,0.617,1.133,0.0,0.0,0.383,object#318,,1,1,7,球R,1,1,"[{""name"": ""球R"", ""share"": 1.0, ""q"": 0.617, ""capture"": 1.133, ""miss_deg"": 0.0, ""labels"": [322]}]"
2026_08_16/s1,s1,v7,,cluster010,63.83,68.98,5.15,1.563,球L,320,1.0,0.521,0.742,0.0,0.0,0.479,object#316,,1,1,8,球L,1,1,"[{""name"": ""球L"", ""share"": 1.0, ""q"": 0.521, ""capture"": 0.742, ""miss_deg"": 0.77, ""labels"": [320]}]"
2026_08_16/s1,s1,v7,,cluster010,69.03,70.61,1.58,1.557,球L,320,0.992,0.578,0.819,0.006,0.008,0.417,object#316,,1,1,8,球L,1,2,"[{""name"": ""球L"", ""share"": 0.992, ""q"": 0.578, ""capture"": 0.819, ""miss_deg"": 0.63, ""labels"": [320]}, {""name"": ""香蕉"", ""share"": 0.008, ""q"": 0.005, ""capture"": 0.005, ""miss_deg"": 3.28, ""labels"": [323]}]"
2026_08_16/s1,s1,v7,,cluster010,71.04,77.49,6.45,1.575,球L,320,1.0,0.431,0.614,0.0,0.0,0.569,object#316,,1,1,9,球L,1,1,"[{""name"": ""球L"", ""share"": 1.0, ""q"": 0.431, ""capture"": 0.614, ""miss_deg"": 0.99, ""labels"": [320]}]"
2026_08_16/s1,s1,v7,,cluster010,77.81,83.19,5.38,1.535,球M,321,1.0,0.488,0.71,0.0,0.0,0.512,object#17,,1,1,10,球M,1,1,"[{""name"": ""球M"", ""share"": 1.0, ""q"": 0.488, ""capture"": 0.71, ""miss_deg"": 0.83, ""labels"": [321]}]"
2026_08_16/s1,s1,v7,,cluster010,83.45,84.81,1.35,1.57,球M,321,1.0,0.28,0.419,0.0,0.0,0.72,object#17,,1,1,10,球M,1,1,"[{""name"": ""球M"", ""share"": 1.0, ""q"": 0.28, ""capture"": 0.419, ""miss_deg"": 1.32, ""labels"": [321]}]"
2026_08_16/s1,s1,v7,,cluster010,85.1,91.55,6.45,1.599,球R,322,1.0,0.268,0.493,0.0,0.0,0.732,object#318,,1,1,11,球R,1,1,"[{""name"": ""球R"", ""share"": 1.0, ""q"": 0.268, ""capture"": 0.493, ""miss_deg"": 1.19, ""labels"": [322]}]"
2026_08_16/s1,s1,v7,,cluster010,91.92,97.66,5.74,1.509,球M,321,1.0,0.596,0.849,0.0,0.0,0.404,object#317,,1,1,12,球M,1,1,"[{""name"": ""球M"", ""share"": 1.0, ""q"": 0.596, ""capture"": 0.849, ""miss_deg"": 0.57, ""labels"": [321]}]"
2026_08_16/s1,s1,v7,,cluster010,97.82,98.96,1.14,1.49,球M,321,1.0,0.837,1.191,0.0,0.0,0.163,object#317,,1,1,12,球M,1,1,"[{""name"": ""球M"", ""share"": 1.0, ""q"": 0.837, ""capture"": 1.191, ""miss_deg"": 0.0, ""labels"": [321]}]"
2026_08_16/s1,s1,v7,,cluster010,99.26,105.98,6.72,1.609,球R,322,1.0,0.543,0.997,0.0,0.0,0.457,object#318,,1,1,13,球R,1,1,"[{""name"": ""球R"", ""share"": 1.0, ""q"": 0.543, ""capture"": 0.997, ""miss_deg"": 0.08, ""labels"": [322]}]"
2026_08_16/s1,s1,v7,,cluster010,106.49,113.21,6.72,1.607,球R,322,1.0,0.407,0.748,0.0,0.0,0.593,object#318,,1,1,14,球R,1,1,"[{""name"": ""球R"", ""share"": 1.0, ""q"": 0.407, ""capture"": 0.748, ""miss_deg"": 0.76, ""labels"": [322]}]"
2026_08_16/s1,s1,v7,,cluster010,113.26,113.53,0.27,1.585,香蕉,323,1.0,0.016,0.016,0.0,0.0,0.984,object#17,,0,0,,,,1,"[{""name"": ""香蕉"", ""share"": 1.0, ""q"": 0.016, ""capture"": 0.016, ""miss_deg"": 2.87, ""labels"": [323]}]"
2026_08_16/s1,s1,v7,,cluster010,113.59,120.3,6.72,1.587,球L,320,1.0,0.366,0.521,0.0,0.0,0.634,object#316,,1,1,15,球L,1,1,"[{""name"": ""球L"", ""share"": 1.0, ""q"": 0.366, ""capture"": 0.521, ""miss_deg"": 1.14, ""labels"": [320]}]"
2026_08_16/s1,s1,v7,,cluster010,120.89,121.16,0.27,2.286,,-1,0.0,0.0,,,,1.0,object#20,,0,0,,,,0,[]
2026_08_16/s1,s1,v7,,cluster010,121.21,121.48,0.27,2.891,,-1,0.0,0.0,,,,1.0,object#187,,0,0,,,,0,[]
2026_08_16/s1,s1,v7,,cluster010,121.65,122.24,0.6,2.228,,-1,0.0,0.0,,,,1.0,object#187,,0,0,,,,0,[]
2026_08_16/s1,s1,v7,,cluster010,122.84,123.27,0.43,1.992,,-1,0.0,0.0,,,,1.0,object#187,,0,0,,,,0,[]
2026_08_16/s1,s1,v7,,cluster010,123.58,123.85,0.27,1.311,,-1,0.0,0.0,,,,1.0,object#11,,0,0,,,,0,[]
2026_08_16/s1,s1,v7,,cluster010,124.38,124.7,0.32,1.534,,-1,0.0,0.0,,,,1.0,object#59,,0,0,,,,0,[]
2026_08_16/s2,s2,v7,,cluster010,3.18,3.68,0.5,2.063,,-1,0.0,0.0,,,,1.0,object#32,,0,0,,,,0,[]
2026_08_16/s2,s2,v7,,cluster010,4.48,4.97,0.48,1.741,,-1,0.0,0.0,,,,1.0,floor,,0,0,,,,0,[]
2026_08_16/s2,s2,v7,,cluster010,7.07,7.39,0.32,2.564,球M,321,1.0,0.234,0.74,0.0,0.0,0.766,object#17,,1,1,,,,1,"[{""name"": ""球M"", ""share"": 1.0, ""q"": 0.234, ""capture"": 0.74, ""miss_deg"": 0.78, ""labels"": [321]}]"
2026_08_16/s2,s2,v7,,cluster010,7.87,8.25,0.38,3.118,,-1,0.0,0.0,,,,1.0,object#20,,0,0,,,,0,[]
2026_08_16/s2,s2,v7,,cluster010,8.58,9.12,0.54,3.212,,-1,0.0,0.0,,,,1.0,object#20,,0,0,,,,0,[]
2026_08_16/s2,s2,v7,,cluster010,9.23,9.5,0.27,3.333,,-1,0.0,0.0,,,,1.0,object#32,,0,0,,,,0,[]
2026_08_16/s2,s2,v7,,cluster010,9.55,10.53,0.97,3.214,,-1,0.0,0.0,,,,1.0,object#20,,0,0,,,,0,[]
2026_08_16/s2,s2,v7,,cluster010,11.55,11.93,0.38,3.041,,-1,0.0,0.0,,,,1.0,floor,,0,0,,,,0,[]
2026_08_16/s2,s2,v7,,cluster010,12.2,12.63,0.43,3.094,,-1,0.0,0.0,,,,1.0,floor,,0,0,,,,0,[]
2026_08_16/s2,s2,v7,,cluster010,12.96,14.15,1.19,3.417,,-1,0.0,0.0,,,,1.0,object#32,,0,0,,,,0,[]
2026_08_16/s2,s2,v7,,cluster010,14.48,15.35,0.87,2.432,球M,321,1.0,0.237,0.636,0.0,0.0,0.763,object#17,,1,1,,,,1,"[{""name"": ""球M"", ""share"": 1.0, ""q"": 0.237, ""capture"": 0.636, ""miss_deg"": 0.95, ""labels"": [321]}]"
2026_08_16/s2,s2,v7,,cluster010,15.4,16.05,0.65,2.42,香蕉,323,0.798,0.351,0.372,0.551,0.252,0.56,object#316,,1,1,,,,3,"[{""name"": ""香蕉"", ""share"": 0.798, ""q"": 0.351, ""capture"": 0.372, ""miss_deg"": 1.41, ""labels"": [323]}, {""name"": ""苹果"", ""share"": 0.201, ""q"": 0.088, ""capture"": 0.205, ""miss_deg"": 1.78, ""labels"": [300]}, {""name"": ""球L"", ""share"": 0.001, ""q"": 0.001, ""capture"": 0.001, ""miss_deg"": 3.61, ""labels"": [320]}]"
2026_08_16/s2,s2,v7,,cluster010,16.38,16.81,0.43,2.449,球L,320,0.531,0.107,0.279,0.366,0.883,0.797,object#316,,1,1,,,,2,"[{""name"": ""球L"", ""share"": 0.531, ""q"": 0.107, ""capture"": 0.279, ""miss_deg"": 1.6, ""labels"": [320]}, {""name"": ""香蕉"", ""share"": 0.469, ""q"": 0.095, ""capture"": 0.102, ""miss_deg"": 2.14, ""labels"": [323]}]"
2026_08_16/s2,s2,v7,,cluster010,17.54,23.92,6.38,2.352,球M,321,1.0,0.381,1.025,0.0,0.0,0.619,object#317,,1,1,1,球M,1,1,"[{""name"": ""球M"", ""share"": 1.0, ""q"": 0.381, ""capture"": 1.025, ""miss_deg"": 0.0, ""labels"": [321]}]"
2026_08_16/s2,s2,v7,,cluster010,24.17,30.51,6.34,2.485,球R,322,0.994,0.147,0.543,0.004,0.006,0.852,object#318,,1,1,2,球R,1,2,"[{""name"": ""球R"", ""share"": 0.994, ""q"": 0.147, ""capture"": 0.543, ""miss_deg"": 1.11, ""labels"": [322]}, {""name"": ""石榴"", ""share"": 0.006, ""q"": 0.001, ""capture"": 0.002, ""miss_deg"": 3.49, ""labels"": [78]}]"
2026_08_16/s2,s2,v7,,cluster010,30.84,37.66,6.82,2.397,球M,321,1.0,0.46,1.238,0.0,0.0,0.54,object#317,,1,1,3,球M,1,1,"[{""name"": ""球M"", ""share"": 1.0, ""q"": 0.46, ""capture"": 1.238, ""miss_deg"": 0.0, ""labels"": [321]}]"
2026_08_16/s2,s2,v7,,cluster010,37.96,44.4,6.45,2.488,球R,322,0.959,0.268,0.992,0.031,0.043,0.72,object#318,,1,1,4,球R,1,2,"[{""name"": ""球R"", ""share"": 0.959, ""q"": 0.268, ""capture"": 0.992, ""miss_deg"": 0.13, ""labels"": [322]}, {""name"": ""石榴"", ""share"": 0.041, ""q"": 0.011, ""capture"": 0.031, ""miss_deg"": 2.64, ""labels"": [78]}]"
2026_08_16/s2,s2,v7,,cluster010,44.81,51.36,6.55,2.44,球L,320,0.67,0.241,0.625,0.181,0.439,0.64,object#316,,1,1,5,球L,1,3,"[{""name"": ""球L"", ""share"": 0.67, ""q"": 0.241, ""capture"": 0.625, ""miss_deg"": 0.97, ""labels"": [320]}, {""name"": ""香蕉"", ""share"": 0.294, ""q"": 0.106, ""capture"": 0.113, ""miss_deg"": 2.09, ""labels"": [323]}, {""name"": ""苹果"", ""share"": 0.036, ""q"": 0.013, ""capture"": 0.032, ""miss_deg"": 2.62, ""labels"": [300]}]"
2026_08_16/s2,s2,v7,,cluster010,51.83,57.08,5.25,2.471,球R,322,0.953,0.26,0.963,0.035,0.049,0.727,object#318,,1,1,6,球R,1,2,"[{""name"": ""球R"", ""share"": 0.953, ""q"": 0.26, ""capture"": 0.963, ""miss_deg"": 0.27, ""labels"": [322]}, {""name"": ""石榴"", ""share"": 0.047, ""q"": 0.013, ""capture"": 0.034, ""miss_deg"": 2.6, ""labels"": [78]}]"
2026_08_16/s2,s2,v7,,cluster010,57.41,58.22,0.81,2.444,球R,322,0.929,0.201,0.742,0.055,0.076,0.784,object#318,,1,1,6,球R,1,2,"[{""name"": ""球R"", ""share"": 0.929, ""q"": 0.201, ""capture"": 0.742, ""miss_deg"": 0.77, ""labels"": [322]}, {""name"": ""石榴"", ""share"": 0.071, ""q"": 0.015, ""capture"": 0.041, ""miss_deg"": 2.52, ""labels"": [78]}]"
2026_08_16/s2,s2,v7,,cluster010,58.39,61.86,3.47,2.406,球M,321,1.0,0.444,1.193,0.0,0.0,0.556,object#17,,1,1,,,,1,"[{""name"": ""球M"", ""share"": 1.0, ""q"": 0.444, ""capture"": 1.193, ""miss_deg"": 0.0, ""labels"": [321]}]"
2026_08_16/s2,s2,v7,,cluster010,62.19,63.05,0.87,2.454,球M,321,1.0,0.353,0.985,0.0,0.0,0.647,object#17,,1,1,7,球M,1,1,"[{""name"": ""球M"", ""share"": 1.0, ""q"": 0.353, ""capture"": 0.985, ""miss_deg"": 0.17, ""labels"": [321]}]"
2026_08_16/s2,s2,v7,,cluster010,63.11,63.81,0.7,2.428,香蕉,323,0.839,0.364,0.387,0.362,0.166,0.566,object#316,,1,1,7,球M,0,3,"[{""name"": ""香蕉"", ""share"": 0.839, ""q"": 0.364, ""capture"": 0.387, ""miss_deg"": 1.38, ""labels"": [323]}, {""name"": ""苹果"", ""share"": 0.139, ""q"": 0.06, ""capture"": 0.14, ""miss_deg"": 1.98, ""labels"": [300]}, {""name"": ""球L"", ""share"": 0.022, ""q"": 0.01, ""capture"": 0.025, ""miss_deg"": 2.71, ""labels"": [320]}]"
2026_08_16/s2,s2,v7,,cluster010,63.86,65.16,1.3,2.479,球M,321,1.0,0.196,0.57,0.0,0.0,0.804,object#17,,1,1,7,球M,1,1,"[{""name"": ""球M"", ""share"": 1.0, ""q"": 0.196, ""capture"": 0.57, ""miss_deg"": 1.06, ""labels"": [321]}]"
2026_08_16/s2,s2,v7,,cluster010,65.22,72.15,6.93,2.465,球L,320,0.808,0.292,0.784,0.069,0.172,0.639,object#316,,1,1,8,球L,1,3,"[{""name"": ""球L"", ""share"": 0.808, ""q"": 0.292, ""capture"": 0.784, ""miss_deg"": 0.7, ""labels"": [320]}, {""name"": ""香蕉"", ""share"": 0.139, ""q"": 0.05, ""capture"": 0.054, ""miss_deg"": 2.41, ""labels"": [323]}, {""name"": ""苹果"", ""share"": 0.053, ""q"": 0.019, ""capture"": 0.048, ""miss_deg"": 2.46, ""labels"": [300]}]"
2026_08_16/s2,s2,v7,,cluster010,72.65,76.11,3.47,2.543,球R,322,0.988,0.233,0.916,0.009,0.012,0.764,object#318,,1,1,,,,2,"[{""name"": ""球R"", ""share"": 0.988, ""q"": 0.233, ""capture"": 0.916, ""miss_deg"": 0.42, ""labels"": [322]}, {""name"": ""石榴"", ""share"": 0.012, ""q"": 0.003, ""capture"": 0.008, ""miss_deg"": 3.1, ""labels"": [78]}]"
2026_08_16/s2,s2,v7,,cluster010,76.17,76.44,0.27,2.434,球M,321,1.0,0.018,0.049,0.0,0.0,0.982,object#10,,0,0,9,球R,0,1,"[{""name"": ""球M"", ""share"": 1.0, ""q"": 0.018, ""capture"": 0.049, ""miss_deg"": 2.46, ""labels"": [321]}]"
2026_08_16/s2,s2,v7,,cluster010,76.49,84.07,7.58,2.517,球R,322,0.966,0.248,0.917,0.026,0.035,0.743,object#318,,1,1,10,球R,1,2,"[{""name"": ""球R"", ""share"": 0.966, ""q"": 0.248, ""capture"": 0.917, ""miss_deg"": 0.42, ""labels"": [322]}, {""name"": ""石榴"", ""share"": 0.034, ""q"": 0.009, ""capture"": 0.024, ""miss_deg"": 2.72, ""labels"": [78]}]"
2026_08_16/s2,s2,v7,,cluster010,84.66,86.02,1.35,2.529,球R,322,0.903,0.284,1.113,0.076,0.107,0.686,object#318,,1,1,10,球R,1,2,"[{""name"": ""球R"", ""share"": 0.903, ""q"": 0.284, ""capture"": 1.113, ""miss_deg"": 0.0, ""labels"": [322]}, {""name"": ""石榴"", ""share"": 0.097, ""q"": 0.03, ""capture"": 0.085, ""miss_deg"": 2.22, ""labels"": [78]}]"
2026_08_16/s2,s2,v7,,cluster010,86.52,93.35,6.82,2.419,球M,321,1.0,0.515,1.384,0.0,0.0,0.485,object#317,,1,1,11,球M,1,1,"[{""name"": ""球M"", ""share"": 1.0, ""q"": 0.515, ""capture"": 1.384, ""miss_deg"": 0.0, ""labels"": [321]}]"
2026_08_16/s2,s2,v7,,cluster010,93.7,100.26,6.56,2.47,球L,320,0.773,0.238,0.641,0.117,0.292,0.692,object#316,,1,1,12,球L,1,3,"[{""name"": ""球L"", ""share"": 0.773, ""q"": 0.238, ""capture"": 0.641, ""miss_deg"": 0.94, ""labels"": [320]}, {""name"": ""香蕉"", ""share"": 0.226, ""q"": 0.07, ""capture"": 0.075, ""miss_deg"": 2.27, ""labels"": [323]}, {""name"": ""苹果"", ""share"": 0.001, ""q"": 0.0, ""capture"": 0.001, ""miss_deg"": 3.85, ""labels"": [300]}]"
2026_08_16/s2,s2,v7,,cluster010,100.68,104.42,3.74,2.428,球M,321,1.0,0.473,1.272,0.0,0.0,0.527,object#317,,1,1,,,,1,"[{""name"": ""球M"", ""share"": 1.0, ""q"": 0.473, ""capture"": 1.272, ""miss_deg"": 0.0, ""labels"": [321]}]"
2026_08_16/s2,s2,v7,,cluster010,104.69,107.5,2.82,2.386,球M,321,1.0,0.462,1.243,0.0,0.0,0.538,object#317,,1,1,13,球M,1,1,"[{""name"": ""球M"", ""share"": 1.0, ""q"": 0.462, ""capture"": 1.243, ""miss_deg"": 0.0, ""labels"": [321]}]"
2026_08_16/s2,s2,v7,,cluster010,107.84,109.25,1.41,2.454,球L,320,0.63,0.224,0.582,0.22,0.532,0.644,object#316,,1,1,,,,3,"[{""name"": ""球L"", ""share"": 0.63, ""q"": 0.224, ""capture"": 0.582, ""miss_deg"": 1.04, ""labels"": [320]}, {""name"": ""香蕉"", ""share"": 0.335, ""q"": 0.119, ""capture"": 0.128, ""miss_deg"": 2.03, ""labels"": [323]}, {""name"": ""苹果"", ""share"": 0.035, ""q"": 0.012, ""capture"": 0.031, ""miss_deg"": 2.64, ""labels"": [300]}]"
2026_08_16/s2,s2,v7,,cluster010,109.57,114.67,5.09,2.461,球L,320,0.583,0.205,0.552,0.252,0.628,0.648,object#316,,1,1,14,球L,1,3,"[{""name"": ""球L"", ""share"": 0.583, ""q"": 0.205, ""capture"": 0.552, ""miss_deg"": 1.09, ""labels"": [320]}, {""name"": ""香蕉"", ""share"": 0.366, ""q"": 0.129, ""capture"": 0.139, ""miss_deg"": 1.99, ""labels"": [323]}, {""name"": ""苹果"", ""share"": 0.051, ""q"": 0.018, ""capture"": 0.045, ""miss_deg"": 2.49, ""labels"": [300]}]"
2026_08_16/s2,s2,v7,,cluster010,115.03,118.72,3.68,2.464,球L,320,0.833,0.299,0.803,0.065,0.16,0.641,object#316,,1,1,,,,3,"[{""name"": ""球L"", ""share"": 0.833, ""q"": 0.299, ""capture"": 0.803, ""miss_deg"": 0.66, ""labels"": [320]}, {""name"": ""香蕉"", ""share"": 0.133, ""q"": 0.048, ""capture"": 0.052, ""miss_deg"": 2.44, ""labels"": [323]}, {""name"": ""苹果"", ""share"": 0.034, ""q"": 0.012, ""capture"": 0.03, ""miss_deg"": 2.64, ""labels"": [300]}]"
2026_08_16/s2,s2,v7,,cluster010,118.99,120.34,1.35,2.479,球L,320,0.79,0.282,0.758,0.099,0.246,0.643,object#316,,1,1,15,球L,1,3,"[{""name"": ""球L"", ""share"": 0.79, ""q"": 0.282, ""capture"": 0.758, ""miss_deg"": 0.74, ""labels"": [320]}, {""name"": ""香蕉"", ""share"": 0.194, ""q"": 0.069, ""capture"": 0.075, ""miss_deg"": 2.28, ""labels"": [323]}, {""name"": ""苹果"", ""share"": 0.016, ""q"": 0.006, ""capture"": 0.014, ""miss_deg"": 2.92, ""labels"": [300]}]"
2026_08_16/s2,s2,v7,,cluster010,120.39,120.88,0.49,2.366,球M,321,0.791,0.041,0.111,0.099,0.264,0.948,object#10,,0,0,15,球L,0,2,"[{""name"": ""球M"", ""share"": 0.791, ""q"": 0.041, ""capture"": 0.111, ""miss_deg"": 2.1, ""labels"": [321]}, {""name"": ""香蕉"", ""share"": 0.209, ""q"": 0.011, ""capture"": 0.011, ""miss_deg"": 2.99, ""labels"": [323]}]"
2026_08_16/s2,s2,v7,,cluster010,121.64,121.97,0.32,3.111,,-1,0.0,0.0,,,,1.0,object#187,,0,0,15,球L,,0,[]
2026_08_16/s2,s2,v7,,cluster010,122.54,122.92,0.38,2.943,,-1,0.0,0.0,,,,1.0,floor,,0,0,,,,0,[]
2026_08_16/s2,s2,v7,,cluster010,123.42,123.8,0.38,2.47,,-1,0.0,0.0,,,,1.0,object#32,,0,0,,,,0,[]
2026_08_16/s2,s2,v7,,cluster010,124.29,125.05,0.76,1.707,,-1,0.0,0.0,,,,1.0,object#11,,0,0,,,,0,[]
2026_08_16/s2,s2,v7,,cluster010,125.22,125.49,0.27,1.516,,-1,0.0,0.0,,,,1.0,object#23,,0,0,,,,0,[]
2026_08_16/s2,s2,v7,,cluster010,126.52,127.01,0.49,1.256,,-1,0.0,0.0,,,,1.0,object#69,,0,0,,,,0,[]
2026_08_16/s3,s3,v7,,cluster010,1.77,2.04,0.27,0.687,,-1,0.0,0.0,,,,1.0,object#20,,0,0,,,,0,[]
2026_08_16/s3,s3,v7,,cluster010,2.37,3.62,1.25,1.076,,-1,0.0,0.0,,,,1.0,object#20,,0,0,,,,0,[]
2026_08_16/s3,s3,v7,,cluster010,4.25,4.74,0.49,1.764,,-1,0.0,0.0,,,,1.0,object#32,,0,0,,,,0,[]
2026_08_16/s3,s3,v7,,cluster010,10.95,11.22,0.27,3.992,,-1,0.0,0.0,,,,1.0,object#20,,0,0,,,,0,[]
2026_08_16/s3,s3,v7,,cluster010,11.27,14.74,3.47,4.051,,-1,0.0,0.0,,,,1.0,object#187,,0,0,,,,0,[]
2026_08_16/s3,s3,v7,,cluster010,15.9,16.39,0.49,4.299,球M,321,1.0,0.077,0.563,0.0,0.0,0.923,object#250,,1,1,,,,1,"[{""name"": ""球M"", ""share"": 1.0, ""q"": 0.077, ""capture"": 0.563, ""miss_deg"": 1.07, ""labels"": [321]}]"
2026_08_16/s3,s3,v7,,cluster010,16.61,16.88,0.27,4.273,球M,321,1.0,0.128,0.935,0.0,0.0,0.872,object#250,,1,1,,,,1,"[{""name"": ""球M"", ""share"": 1.0, ""q"": 0.128, ""capture"": 0.935, ""miss_deg"": 0.37, ""labels"": [321]}]"
2026_08_16/s3,s3,v7,,cluster010,17.31,18.39,1.08,3.243,球M,321,0.999,0.31,1.392,0.0,0.001,0.69,object#317,,1,1,,,,2,"[{""name"": ""球M"", ""share"": 0.999, ""q"": 0.31, ""capture"": 1.392, ""miss_deg"": 0.0, ""labels"": [321]}, {""name"": ""香蕉"", ""share"": 0.001, ""q"": 0.0, ""capture"": 0.0, ""miss_deg"": 3.95, ""labels"": [323]}]"
2026_08_16/s3,s3,v7,,cluster010,19.37,19.69,0.32,3.551,球M,321,1.0,0.016,0.099,0.0,0.0,0.984,object#179,,0,0,1,球M,1,1,"[{""name"": ""球M"", ""share"": 1.0, ""q"": 0.016, ""capture"": 0.099, ""miss_deg"": 2.15, ""labels"": [321]}]"
2026_08_16/s3,s3,v7,,cluster010,19.75,22.4,2.65,3.456,球M,321,1.0,0.006,0.03,0.0,0.0,0.994,object#179,,0,0,1,球M,1,1,"[{""name"": ""球M"", ""share"": 1.0, ""q"": 0.006, ""capture"": 0.03, ""miss_deg"": 2.65, ""labels"": [321]}]"
2026_08_16/s3,s3,v7,,cluster010,22.46,22.94,0.49,3.675,球M,321,1.0,0.014,0.087,0.0,0.0,0.986,object#179,,0,0,1,球M,1,1,"[{""name"": ""球M"", ""share"": 1.0, ""q"": 0.014, ""capture"": 0.087, ""miss_deg"": 2.21, ""labels"": [321]}]"
2026_08_16/s3,s3,v7,,cluster010,23.0,23.76,0.76,3.526,球M,321,1.0,0.018,0.098,0.0,0.0,0.982,object#179,,0,0,1,球M,1,1,"[{""name"": ""球M"", ""share"": 1.0, ""q"": 0.018, ""capture"": 0.098, ""miss_deg"": 2.16, ""labels"": [321]}]"
2026_08_16/s3,s3,v7,,cluster010,24.16,30.23,6.07,3.348,球L,320,0.882,0.023,0.103,0.039,0.134,0.974,object#10,,0,0,2,球L,1,2,"[{""name"": ""球L"", ""share"": 0.882, ""q"": 0.023, ""capture"": 0.103, ""miss_deg"": 2.13, ""labels"": [320]}, {""name"": ""香蕉"", ""share"": 0.118, ""q"": 0.003, ""capture"": 0.004, ""miss_deg"": 3.3, ""labels"": [323]}]"
2026_08_16/s3,s3,v7,,cluster010,30.95,31.22,0.27,3.434,球M,321,1.0,0.165,0.798,0.0,0.0,0.835,object#317,,1,1,,,,1,"[{""name"": ""球M"", ""share"": 1.0, ""q"": 0.165, ""capture"": 0.798, ""miss_deg"": 0.67, ""labels"": [321]}]"
2026_08_16/s3,s3,v7,,cluster010,31.27,37.77,6.5,3.347,球L,320,0.977,0.032,0.146,0.007,0.024,0.967,object#10,,0,0,3,球L,1,2,"[{""name"": ""球L"", ""share"": 0.977, ""q"": 0.032, ""capture"": 0.146, ""miss_deg"": 1.96, ""labels"": [320]}, {""name"": ""香蕉"", ""share"": 0.023, ""q"": 0.001, ""capture"": 0.001, ""miss_deg"": 3.69, ""labels"": [323]}]"
2026_08_16/s3,s3,v7,,cluster010,38.15,38.58,0.43,3.638,球M,321,1.0,0.015,0.091,0.0,0.0,0.985,object#46,,0,0,,,,1,"[{""name"": ""球M"", ""share"": 1.0, ""q"": 0.015, ""capture"": 0.091, ""miss_deg"": 2.19, ""labels"": [321]}]"
2026_08_16/s3,s3,v7,,cluster010,40.31,40.64,0.32,3.369,球M,321,0.99,0.191,0.924,0.003,0.01,0.808,object#317,,1,1,4,球M,1,2,"[{""name"": ""球M"", ""share"": 0.99, ""q"": 0.191, ""capture"": 0.924, ""miss_deg"": 0.4, ""labels"": [321]}, {""name"": ""香蕉"", ""share"": 0.01, ""q"": 0.002, ""capture"": 0.003, ""miss_deg"": 3.43, ""labels"": [323]}]"
2026_08_16/s3,s3,v7,,cluster010,42.48,43.56,1.08,3.376,球M,321,1.0,0.242,1.174,0.0,0.0,0.758,object#317,,1,1,4,球M,1,1,"[{""name"": ""球M"", ""share"": 1.0, ""q"": 0.242, ""capture"": 1.174, ""miss_deg"": 0.0, ""labels"": [321]}]"
2026_08_16/s3,s3,v7,,cluster010,43.72,43.99,0.27,4.436,球M,321,1.0,0.122,1.111,0.0,0.0,0.878,object#250,,1,1,4,球M,1,1,"[{""name"": ""球M"", ""share"": 1.0, ""q"": 0.122, ""capture"": 1.111, ""miss_deg"": 0.0, ""labels"": [321]}]"
2026_08_16/s3,s3,v7,,cluster010,44.1,44.59,0.49,4.489,球M,321,1.0,0.127,1.16,0.0,0.0,0.873,object#250,,1,1,4,球M,1,1,"[{""name"": ""球M"", ""share"": 1.0, ""q"": 0.127, ""capture"": 1.16, ""miss_deg"": 0.0, ""labels"": [321]}]"
2026_08_16/s3,s3,v7,,cluster010,45.04,51.49,6.45,3.395,球R,322,1.0,0.032,0.193,0.0,0.0,0.968,object#318,,0,0,5,球R,1,1,"[{""name"": ""球R"", ""share"": 1.0, ""q"": 0.032, ""capture"": 0.193, ""miss_deg"": 1.81, ""labels"": [322]}]"
2026_08_16/s3,s3,v7,,cluster010,52.01,58.46,6.45,3.387,球R,322,1.0,0.041,0.253,0.0,0.0,0.959,object#318,,1,1,6,球R,1,1,"[{""name"": ""球R"", ""share"": 1.0, ""q"": 0.041, ""capture"": 0.253, ""miss_deg"": 1.66, ""labels"": [322]}]"
2026_08_16/s3,s3,v7,,cluster010,59.13,63.74,4.6,3.337,球L,320,0.826,0.061,0.273,0.066,0.211,0.926,object#316,,1,1,7,球L,1,2,"[{""name"": ""球L"", ""share"": 0.826, ""q"": 0.061, ""capture"": 0.273, ""miss_deg"": 1.61, ""labels"": [320]}, {""name"": ""香蕉"", ""share"": 0.174, ""q"": 0.013, ""capture"": 0.018, ""miss_deg"": 2.83, ""labels"": [323]}]"
2026_08_16/s3,s3,v7,,cluster010,63.79,66.06,2.27,3.354,球L,320,0.696,0.106,0.475,0.128,0.407,0.848,object#316,,1,1,7,球L,1,3,"[{""name"": ""球L"", ""share"": 0.696, ""q"": 0.106, ""capture"": 0.475, ""miss_deg"": 1.22, ""labels"": [320]}, {""name"": ""香蕉"", ""share"": 0.283, ""q"": 0.043, ""capture"": 0.061, ""miss_deg"": 2.36, ""labels"": [323]}, {""name"": ""苹果"", ""share"": 0.021, ""q"": 0.003, ""capture"": 0.013, ""miss_deg"": 2.94, ""labels"": [300]}]"
2026_08_16/s3,s3,v7,,cluster010,66.19,72.25,6.06,3.347,球L,320,1.0,0.044,0.198,0.0,0.0,0.956,object#10,,0,0,8,球L,1,1,"[{""name"": ""球L"", ""share"": 1.0, ""q"": 0.044, ""capture"": 0.198, ""miss_deg"": 1.8, ""labels"": [320]}]"
2026_08_16/s3,s3,v7,,cluster010,72.59,78.55,5.96,3.407,球M,321,0.996,0.321,1.557,0.001,0.004,0.678,object#317,,1,1,9,球M,1,2,"[{""name"": ""球M"", ""share"": 0.996, ""q"": 0.321, ""capture"": 1.557, ""miss_deg"": 0.0, ""labels"": [321]}, {""name"": ""香蕉"", ""share"": 0.004, ""q"": 0.001, ""capture"": 0.002, ""miss_deg"": 3.54, ""labels"": [323]}]"
2026_08_16/s3,s3,v7,,cluster010,78.77,79.25,0.49,3.404,球M,321,1.0,0.265,1.286,0.0,0.0,0.735,object#317,,1,1,9,球M,1,2,"[{""name"": ""球M"", ""share"": 1.0, ""q"": 0.265, ""capture"": 1.286, ""miss_deg"": 0.0, ""labels"": [321]}, {""name"": ""香蕉"", ""share"": 0.0, ""q"": 0.0, ""capture"": 0.0, ""miss_deg"": 4.32, ""labels"": [323]}]"
2026_08_16/s3,s3,v7,,cluster010,79.6,82.91,3.3,3.375,球R,322,0.898,0.088,0.538,0.084,0.114,0.902,object#318,,1,1,,,,2,"[{""name"": ""球R"", ""share"": 0.898, ""q"": 0.088, ""capture"": 0.538, ""miss_deg"": 1.11, ""labels"": [322]}, {""name"": ""石榴"", ""share"": 0.102, ""q"": 0.01, ""capture"": 0.045, ""miss_deg"": 2.49, ""labels"": [78]}]"
2026_08_16/s3,s3,v7,,cluster010,82.96,83.94,0.97,3.404,球M,321,1.0,0.051,0.247,0.0,0.0,0.949,object#10,,1,1,10,球R,0,1,"[{""name"": ""球M"", ""share"": 1.0, ""q"": 0.051, ""capture"": 0.247, ""miss_deg"": 1.67, ""labels"": [321]}]"
2026_08_16/s3,s3,v7,,cluster010,83.99,84.91,0.92,3.398,球R,322,0.772,0.121,0.741,0.217,0.295,0.843,object#318,,1,1,10,球R,1,2,"[{""name"": ""球R"", ""share"": 0.772, ""q"": 0.121, ""capture"": 0.741, ""miss_deg"": 0.77, ""labels"": [322]}, {""name"": ""石榴"", ""share"": 0.228, ""q"": 0.036, ""capture"": 0.161, ""miss_deg"": 1.91, ""labels"": [78]}]"
2026_08_16/s3,s3,v7,,cluster010,85.52,93.42,7.91,3.364,球L,320,0.656,0.087,0.389,0.159,0.503,0.868,object#316,,1,1,11,球L,1,3,"[{""name"": ""球L"", ""share"": 0.656, ""q"": 0.087, ""capture"": 0.389, ""miss_deg"": 1.37, ""labels"": [320]}, {""name"": ""香蕉"", ""share"": 0.33, ""q"": 0.044, ""capture"": 0.062, ""miss_deg"": 2.36, ""labels"": [323]}, {""name"": ""苹果"", ""share"": 0.014, ""q"": 0.002, ""capture"": 0.007, ""miss_deg"": 3.14, ""labels"": [300]}]"
2026_08_16/s3,s3,v7,,cluster010,94.37,96.1,1.73,3.392,球M,321,0.994,0.273,1.323,0.002,0.006,0.725,object#317,,1,1,,,,2,"[{""name"": ""球M"", ""share"": 0.994, ""q"": 0.273, ""capture"": 1.323, ""miss_deg"": 0.0, ""labels"": [321]}, {""name"": ""香蕉"", ""share"": 0.006, ""q"": 0.002, ""capture"": 0.003, ""miss_deg"": 3.45, ""labels"": [323]}]"
2026_08_16/s3,s3,v7,,cluster010,96.21,97.29,1.08,4.431,球M,321,1.0,0.107,0.904,0.0,0.0,0.893,object#250,,1,1,12,球M,1,1,"[{""name"": ""球M"", ""share"": 1.0, ""q"": 0.107, ""capture"": 0.904, ""miss_deg"": 0.45, ""labels"": [321]}]"
2026_08_16/s3,s3,v7,,cluster010,97.72,98.81,1.08,3.535,球M,321,1.0,0.047,0.246,0.0,0.0,0.953,object#179,,1,1,12,球M,1,1,"[{""name"": ""球M"", ""share"": 1.0, ""q"": 0.047, ""capture"": 0.246, ""miss_deg"": 1.68, ""labels"": [321]}]"
2026_08_16/s3,s3,v7,,cluster010,100.9,107.29,6.39,3.386,球R,322,1.0,0.02,0.124,0.0,0.0,0.98,object#318,,0,0,13,球R,1,1,"[{""name"": ""球R"", ""share"": 1.0, ""q"": 0.02, ""capture"": 0.124, ""miss_deg"": 2.04, ""labels"": [322]}]"
2026_08_16/s3,s3,v7,,cluster010,107.35,107.67,0.32,3.404,球M,321,1.0,0.068,0.33,0.0,0.0,0.932,object#179,,1,1,,,,1,"[{""name"": ""球M"", ""share"": 1.0, ""q"": 0.068, ""capture"": 0.33, ""miss_deg"": 1.49, ""labels"": [321]}]"
2026_08_16/s3,s3,v7,,cluster010,108.35,108.9,0.54,3.379,球M,321,0.974,0.14,0.681,0.007,0.027,0.856,object#10,,1,1,,,,2,"[{""name"": ""球M"", ""share"": 0.974, ""q"": 0.14, ""capture"": 0.681, ""miss_deg"": 0.88, ""labels"": [321]}, {""name"": ""香蕉"", ""share"": 0.026, ""q"": 0.004, ""capture"": 0.005, ""miss_deg"": 3.23, ""labels"": [323]}]"
2026_08_16/s3,s3,v7,,cluster010,109.27,109.55,0.27,4.548,球M,321,1.0,0.132,1.201,0.0,0.0,0.868,object#250,,1,1,14,球M,1,1,"[{""name"": ""球M"", ""share"": 1.0, ""q"": 0.132, ""capture"": 1.201, ""miss_deg"": 0.0, ""labels"": [321]}]"
2026_08_16/s3,s3,v7,,cluster010,109.92,110.68,0.76,3.493,球M,321,1.0,0.071,0.377,0.0,0.0,0.929,object#179,,1,1,14,球M,1,1,"[{""name"": ""球M"", ""share"": 1.0, ""q"": 0.071, ""capture"": 0.377, ""miss_deg"": 1.4, ""labels"": [321]}]"
2026_08_16/s3,s3,v7,,cluster010,113.44,113.77,0.32,3.349,球L,320,0.657,0.036,0.162,0.167,0.522,0.945,object#316,,0,0,14,球M,0,2,"[{""name"": ""球L"", ""share"": 0.657, ""q"": 0.036, ""capture"": 0.162, ""miss_deg"": 1.91, ""labels"": [320]}, {""name"": ""香蕉"", ""share"": 0.343, ""q"": 0.019, ""capture"": 0.027, ""miss_deg"": 2.69, ""labels"": [323]}]"
2026_08_16/s3,s3,v7,,cluster010,114.04,115.07,1.03,3.388,球M,321,1.0,0.272,1.321,0.0,0.0,0.728,object#317,,1,1,14,球M,1,1,"[{""name"": ""球M"", ""share"": 1.0, ""q"": 0.272, ""capture"": 1.321, ""miss_deg"": 0.0, ""labels"": [321]}]"
2026_08_16/s3,s3,v7,,cluster010,115.32,122.42,7.1,3.378,球R,322,0.938,0.085,0.517,0.048,0.066,0.91,object#318,,1,1,15,球R,1,2,"[{""name"": ""球R"", ""share"": 0.938, ""q"": 0.085, ""capture"": 0.517, ""miss_deg"": 1.15, ""labels"": [322]}, {""name"": ""石榴"", ""share"": 0.062, ""q"": 0.006, ""capture"": 0.025, ""miss_deg"": 2.72, ""labels"": [78]}]"
2026_08_16/s3,s3,v7,,cluster010,123.2,123.58,0.38,3.96,,-1,0.0,0.0,,,,1.0,object#187,,0,0,,,,0,[]
2026_08_16/s3,s3,v7,,cluster010,125.84,126.33,0.49,2.227,,-1,0.0,0.0,,,,1.0,object#59,,0,0,,,,0,[]
2026_08_16/s3,s3,v7,,cluster010,126.38,126.98,0.6,2.002,,-1,0.0,0.0,,,,1.0,object#59,,0,0,,,,0,[]
2026_08_16/s3,s3,v7,,cluster010,127.08,127.35,0.27,1.349,,-1,0.0,0.0,,,,1.0,object#59,,0,0,,,,0,[]
2026_08_16/s3,s3,v7,,cluster010,127.62,128.11,0.49,1.678,,-1,0.0,0.0,,,,1.0,object#278,,0,0,,,,0,[]
2026_08_16/s4,s4,v8,,cluster010,13.61,14.42,0.81,4.797,,-1,0.0,0.0,,,,1.0,object#11,,0,0,,,,0,[]
2026_08_16/s4,s4,v8,,cluster010,15.45,16.15,0.7,3.862,,-1,0.0,0.0,,,,1.0,object#17,,0,0,,,,0,[]
2026_08_16/s4,s4,v8,,cluster010,16.53,16.91,0.38,3.923,,-1,0.0,0.0,,,,1.0,object#85,,0,0,1,球L,,0,[]
2026_08_16/s4,s4,v8,,cluster010,18.11,19.63,1.52,3.81,球L,191,1.0,0.011,0.054,0.0,0.0,0.989,object#36,,0,0,1,球L,1,1,"[{""name"": ""球L"", ""share"": 1.0, ""q"": 0.011, ""capture"": 0.054, ""miss_deg"": 2.41, ""labels"": [191]}]"
2026_08_16/s4,s4,v8,,cluster010,19.91,24.68,4.77,3.811,球L,191,1.0,0.003,0.017,0.0,0.0,0.997,object#90,,0,0,1,球L,1,1,"[{""name"": ""球L"", ""share"": 1.0, ""q"": 0.003, ""capture"": 0.017, ""miss_deg"": 2.86, ""labels"": [191]}]"
2026_08_16/s4,s4,v8,,cluster010,24.84,28.91,4.06,3.802,球L,191,1.0,0.013,0.062,0.0,0.0,0.987,object#36,,0,0,2,球L,1,1,"[{""name"": ""球L"", ""share"": 1.0, ""q"": 0.013, ""capture"": 0.062, ""miss_deg"": 2.36, ""labels"": [191]}]"
2026_08_16/s4,s4,v8,,cluster010,29.1,30.35,1.25,3.818,球L,191,0.99,0.062,0.299,0.003,0.01,0.938,object#36,,1,1,,,,2,"[{""name"": ""球L"", ""share"": 0.99, ""q"": 0.062, ""capture"": 0.299, ""miss_deg"": 1.55, ""labels"": [191]}, {""name"": ""香蕉"", ""share"": 0.01, ""q"": 0.001, ""capture"": 0.001, ""miss_deg"": 3.7, ""labels"": [196]}]"
2026_08_16/s4,s4,v8,,cluster010,30.62,31.75,1.14,3.8,球L,191,1.0,0.039,0.189,0.0,0.0,0.961,object#36,,0,0,3,球M,0,1,"[{""name"": ""球L"", ""share"": 1.0, ""q"": 0.039, ""capture"": 0.189, ""miss_deg"": 1.83, ""labels"": [191]}]"
2026_08_16/s4,s4,v8,,cluster010,32.0,32.43,0.44,3.87,,-1,0.0,0.0,,,,1.0,object#27,,0,0,3,球M,,0,[]
2026_08_16/s4,s4,v8,,cluster010,32.6,33.46,0.87,3.819,球M,192,0.998,0.085,0.413,0.0,0.002,0.915,object#27,,1,1,3,球M,1,2,"[{""name"": ""球M"", ""share"": 0.998, ""q"": 0.085, ""capture"": 0.413, ""miss_deg"": 1.33, ""labels"": [192]}, {""name"": ""香蕉"", ""share"": 0.002, ""q"": 0.0, ""capture"": 0.0, ""miss_deg"": 4.1, ""labels"": [196]}]"
2026_08_16/s4,s4,v8,,cluster010,34.33,34.6,0.27,4.141,球M,192,1.0,0.009,0.056,0.0,0.0,0.991,object#27,,0,0,3,球M,1,1,"[{""name"": ""球M"", ""share"": 1.0, ""q"": 0.009, ""capture"": 0.056, ""miss_deg"": 2.4, ""labels"": [192]}]"
2026_08_16/s4,s4,v8,,cluster010,34.87,35.2,0.32,3.813,球M,192,1.0,0.04,0.194,0.0,0.0,0.96,object#27,,0,0,3,球M,1,1,"[{""name"": ""球M"", ""share"": 1.0, ""q"": 0.04, ""capture"": 0.194, ""miss_deg"": 1.81, ""labels"": [192]}]"
2026_08_16/s4,s4,v8,,cluster010,36.01,36.39,0.38,4.084,球M,192,1.0,0.008,0.048,0.0,0.0,0.992,object#85,,0,0,,,,1,"[{""name"": ""球M"", ""share"": 1.0, ""q"": 0.008, ""capture"": 0.048, ""miss_deg"": 2.47, ""labels"": [192]}]"
2026_08_16/s4,s4,v8,,cluster010,36.77,37.69,0.92,3.994,球M,192,1.0,0.001,0.004,0.0,0.0,0.999,object#27,,0,0,4,球R,0,1,"[{""name"": ""球M"", ""share"": 1.0, ""q"": 0.001, ""capture"": 0.004, ""miss_deg"": 3.31, ""labels"": [192]}]"
2026_08_16/s4,s4,v8,,cluster010,37.74,38.55,0.81,3.895,,-1,0.0,0.0,,,,1.0,object#85,,0,0,4,球R,,0,[]
2026_08_16/s4,s4,v8,,cluster010,38.94,39.86,0.92,3.799,,-1,0.0,0.0,,,,1.0,object#17,,0,0,4,球R,,0,[]
2026_08_16/s4,s4,v8,,cluster010,40.1,46.81,6.72,3.854,球R,193,1.0,0.001,0.004,0.0,0.0,0.999,object#17,,0,0,5,球R,1,1,"[{""name"": ""球R"", ""share"": 1.0, ""q"": 0.001, ""capture"": 0.004, ""miss_deg"": 3.32, ""labels"": [193]}]"
2026_08_16/s4,s4,v8,,cluster010,47.04,49.91,2.87,3.837,,-1,0.0,0.0,,,,1.0,object#17,,0,0,5,球R,,0,[]
2026_08_16/s4,s4,v8,,cluster010,50.89,51.48,0.6,3.924,球R,193,0.985,0.05,0.303,0.017,0.015,0.95,object#17,,1,1,6,球M,0,2,"[{""name"": ""球R"", ""share"": 0.985, ""q"": 0.05, ""capture"": 0.303, ""miss_deg"": 1.55, ""labels"": [193]}, {""name"": ""石榴"", ""share"": 0.015, ""q"": 0.001, ""capture"": 0.005, ""miss_deg"": 3.24, ""labels"": [195]}]"
2026_08_16/s4,s4,v8,,cluster010,52.0,52.55,0.55,3.881,球M,192,0.913,0.074,0.358,0.034,0.095,0.919,object#17,,1,1,6,球M,1,2,"[{""name"": ""球M"", ""share"": 0.913, ""q"": 0.074, ""capture"": 0.358, ""miss_deg"": 1.43, ""labels"": [192]}, {""name"": ""香蕉"", ""share"": 0.087, ""q"": 0.007, ""capture"": 0.012, ""miss_deg"": 2.97, ""labels"": [196]}]"
2026_08_16/s4,s4,v8,,cluster010,53.3,53.57,0.27,3.83,球M,192,0.941,0.09,0.435,0.021,0.063,0.905,object#17,,1,1,6,球M,1,2,"[{""name"": ""球M"", ""share"": 0.941, ""q"": 0.09, ""capture"": 0.435, ""miss_deg"": 1.29, ""labels"": [192]}, {""name"": ""香蕉"", ""share"": 0.059, ""q"": 0.006, ""capture"": 0.009, ""miss_deg"": 3.05, ""labels"": [196]}]"
2026_08_16/s4,s4,v8,,cluster010,54.28,54.66,0.38,3.853,球M,192,0.995,0.073,0.355,0.003,0.005,0.926,object#27,,1,1,6,球M,1,2,"[{""name"": ""球M"", ""share"": 0.995, ""q"": 0.073, ""capture"": 0.355, ""miss_deg"": 1.44, ""labels"": [192]}, {""name"": ""香蕉"", ""share"": 0.005, ""q"": 0.0, ""capture"": 0.001, ""miss_deg"": 3.86, ""labels"": [196]}]"
2026_08_16/s4,s4,v8,,cluster010,55.69,56.12,0.43,3.875,,-1,0.0,0.0,,,,1.0,object#85,,0,0,,,,0,[]
2026_08_16/s4,s4,v8,,cluster010,58.34,58.88,0.54,3.856,球M,192,0.989,0.143,0.695,0.004,0.011,0.855,object#70,,1,1,7,球M,1,2,"[{""name"": ""球M"", ""share"": 0.989, ""q"": 0.143, ""capture"": 0.695, ""miss_deg"": 0.85, ""labels"": [192]}, {""name"": ""香蕉"", ""share"": 0.011, ""q"": 0.002, ""capture"": 0.003, ""miss_deg"": 3.44, ""labels"": [196]}]"
2026_08_16/s4,s4,v8,,cluster010,60.41,61.06,0.65,3.939,球M,192,1.0,0.143,0.755,0.0,0.0,0.857,object#162,,1,1,7,球M,1,1,"[{""name"": ""球M"", ""share"": 1.0, ""q"": 0.143, ""capture"": 0.755, ""miss_deg"": 0.75, ""labels"": [192]}]"
2026_08_16/s4,s4,v8,,cluster010,61.6,61.98,0.38,3.862,球M,192,0.999,0.112,0.543,0.0,0.001,0.888,object#70,,1,1,7,球M,1,2,"[{""name"": ""球M"", ""share"": 0.999, ""q"": 0.112, ""capture"": 0.543, ""miss_deg"": 1.11, ""labels"": [192]}, {""name"": ""香蕉"", ""share"": 0.001, ""q"": 0.0, ""capture"": 0.0, ""miss_deg"": 4.29, ""labels"": [196]}]"
2026_08_16/s4,s4,v8,,cluster010,62.47,62.79,0.32,4.153,球M,192,1.0,0.014,0.087,0.0,0.0,0.986,object#27,,0,0,7,球M,1,1,"[{""name"": ""球M"", ""share"": 1.0, ""q"": 0.014, ""capture"": 0.087, ""miss_deg"": 2.21, ""labels"": [192]}]"
2026_08_16/s4,s4,v8,,cluster010,65.23,65.5,0.27,3.912,球M,192,0.999,0.089,0.473,0.0,0.001,0.91,object#27,,1,1,,,,2,"[{""name"": ""球M"", ""share"": 0.999, ""q"": 0.089, ""capture"": 0.473, ""miss_deg"": 1.22, ""labels"": [192]}, {""name"": ""香蕉"", ""share"": 0.001, ""q"": 0.0, ""capture"": 0.0, ""miss_deg"": 4.28, ""labels"": [196]}]"
2026_08_16/s4,s4,v8,,cluster010,65.81,66.57,0.76,3.86,球R,193,1.0,0.03,0.181,0.0,0.0,0.97,object#17,,0,0,,,,1,"[{""name"": ""球R"", ""share"": 1.0, ""q"": 0.03, ""capture"": 0.181, ""miss_deg"": 1.85, ""labels"": [193]}]"
2026_08_16/s4,s4,v8,,cluster010,66.62,66.89,0.27,3.915,石榴,195,0.473,0.039,0.266,0.914,1.023,0.918,object#10,,1,0,,,,3,"[{""name"": ""石榴"", ""share"": 0.473, ""q"": 0.039, ""capture"": 0.266, ""miss_deg"": 1.63, ""labels"": [195]}, {""name"": ""球R"", ""share"": 0.484, ""q"": 0.04, ""capture"": 0.243, ""miss_deg"": 1.68, ""labels"": [193]}, {""name"": ""球M"", ""share"": 0.043, ""q"": 0.004, ""capture"": 0.019, ""miss_deg"": 2.82, ""labels"": [192]}]"
2026_08_16/s4,s4,v8,,cluster010,66.95,67.82,0.87,3.93,球M,192,1.0,0.144,0.758,0.0,0.0,0.856,object#162,,1,1,,,,1,"[{""name"": ""球M"", ""share"": 1.0, ""q"": 0.144, ""capture"": 0.758, ""miss_deg"": 0.74, ""labels"": [192]}]"
2026_08_16/s4,s4,v8,,cluster010,68.68,69.77,1.08,3.861,球M,192,1.0,0.052,0.253,0.0,0.0,0.948,object#118,,1,1,,,,1,"[{""name"": ""球M"", ""share"": 1.0, ""q"": 0.052, ""capture"": 0.253, ""miss_deg"": 1.66, ""labels"": [192]}]"
2026_08_16/s4,s4,v8,,cluster010,72.68,73.09,0.41,3.827,球M,192,1.0,0.176,0.854,0.0,0.0,0.824,object#70,,1,1,8,球L,0,1,"[{""name"": ""球M"", ""share"": 1.0, ""q"": 0.176, ""capture"": 0.854, ""miss_deg"": 0.56, ""labels"": [192]}]"
2026_08_16/s4,s4,v8,,cluster010,75.47,76.52,1.05,3.784,球L,191,0.975,0.087,0.42,0.01,0.026,0.911,object#36,,1,1,8,球L,1,2,"[{""name"": ""球L"", ""share"": 0.975, ""q"": 0.087, ""capture"": 0.42, ""miss_deg"": 1.32, ""labels"": [191]}, {""name"": ""香蕉"", ""share"": 0.025, ""q"": 0.002, ""capture"": 0.004, ""miss_deg"": 3.35, ""labels"": [196]}]"
2026_08_16/s4,s4,v8,,cluster010,76.63,77.62,0.99,3.793,球L,191,0.895,0.171,0.832,0.062,0.05,0.808,object#36,,1,1,8,球L,1,3,"[{""name"": ""球L"", ""share"": 0.895, ""q"": 0.171, ""capture"": 0.832, ""miss_deg"": 0.61, ""labels"": [191]}, {""name"": ""苹果"", ""share"": 0.045, ""q"": 0.009, ""capture"": 0.052, ""miss_deg"": 2.43, ""labels"": [194]}, {""name"": ""香蕉"", ""share"": 0.06, ""q"": 0.011, ""capture"": 0.019, ""miss_deg"": 2.81, ""labels"": [196]}]"
2026_08_16/s4,s4,v8,,cluster010,78.1,78.86,0.76,3.781,球L,191,0.891,0.131,0.637,0.042,0.122,0.853,object#36,,1,1,,,,2,"[{""name"": ""球L"", ""share"": 0.891, ""q"": 0.131, ""capture"": 0.637, ""miss_deg"": 0.95, ""labels"": [191]}, {""name"": ""香蕉"", ""share"": 0.109, ""q"": 0.016, ""capture"": 0.027, ""miss_deg"": 2.69, ""labels"": [196]}]"
2026_08_16/s4,s4,v8,,cluster010,79.64,80.11,0.47,3.772,球L,191,1.0,0.005,0.024,0.0,0.0,0.995,object#27,,0,0,9,球R,0,1,"[{""name"": ""球L"", ""share"": 1.0, ""q"": 0.005, ""capture"": 0.024, ""miss_deg"": 2.74, ""labels"": [191]}]"
2026_08_16/s4,s4,v8,,cluster010,80.32,81.26,0.94,3.78,球L,191,1.0,0.047,0.23,0.0,0.0,0.953,object#27,,1,1,9,球R,0,1,"[{""name"": ""球L"", ""share"": 1.0, ""q"": 0.047, ""capture"": 0.23, ""miss_deg"": 1.72, ""labels"": [191]}]"
2026_08_16/s4,s4,v8,,cluster010,82.19,84.34,2.16,3.842,球R,193,1.0,0.043,0.266,0.0,0.0,0.957,object#17,,1,1,9,球R,1,1,"[{""name"": ""球R"", ""share"": 1.0, ""q"": 0.043, ""capture"": 0.266, ""miss_deg"": 1.63, ""labels"": [193]}]"
2026_08_16/s4,s4,v8,,cluster010,84.45,84.74,0.29,3.81,球R,193,1.0,0.064,0.389,0.0,0.0,0.936,object#17,,1,1,9,球R,1,1,"[{""name"": ""球R"", ""share"": 1.0, ""q"": 0.064, ""capture"": 0.389, ""miss_deg"": 1.37, ""labels"": [193]}]"
2026_08_16/s4,s4,v8,,cluster010,85.05,85.58,0.52,3.801,球R,193,1.0,0.035,0.215,0.0,0.0,0.965,object#17,,1,1,,,,1,"[{""name"": ""球R"", ""share"": 1.0, ""q"": 0.035, ""capture"": 0.215, ""miss_deg"": 1.75, ""labels"": [193]}]"
2026_08_16/s4,s4,v8,,cluster010,86.15,86.85,0.7,3.823,,-1,0.0,0.0,,,,1.0,object#17,,0,0,,,,0,[]
2026_08_16/s4,s4,v8,,cluster010,86.97,87.49,0.52,3.805,,-1,0.0,0.0,,,,1.0,object#17,,0,0,10,球M,,0,[]
2026_08_16/s4,s4,v8,,cluster010,87.74,88.09,0.35,3.816,球R,193,1.0,0.002,0.011,0.0,0.0,0.998,object#17,,0,0,10,球M,0,1,"[{""name"": ""球R"", ""share"": 1.0, ""q"": 0.002, ""capture"": 0.011, ""miss_deg"": 3.02, ""labels"": [193]}]"
2026_08_16/s4,s4,v8,,cluster010,88.2,88.55,0.35,3.794,球R,193,0.939,0.1,0.613,0.064,0.065,0.893,object#17,,1,1,10,球M,0,2,"[{""name"": ""球R"", ""share"": 0.939, ""q"": 0.1, ""capture"": 0.613, ""miss_deg"": 0.99, ""labels"": [193]}, {""name"": ""石榴"", ""share"": 0.061, ""q"": 0.006, ""capture"": 0.039, ""miss_deg"": 2.54, ""labels"": [195]}]"
2026_08_16/s4,s4,v8,,cluster010,95.13,95.51,0.39,3.801,球M,192,0.744,0.132,0.642,0.104,0.302,0.822,object#10,,1,1,11,球R,0,3,"[{""name"": ""球M"", ""share"": 0.744, ""q"": 0.132, ""capture"": 0.642, ""miss_deg"": 0.94, ""labels"": [192]}, {""name"": ""香蕉"", ""share"": 0.225, ""q"": 0.04, ""capture"": 0.067, ""miss_deg"": 2.33, ""labels"": [196]}, {""name"": ""苹果"", ""share"": 0.031, ""q"": 0.005, ""capture"": 0.033, ""miss_deg"": 2.61, ""labels"": [194]}]"
2026_08_16/s4,s4,v8,,cluster010,95.9,97.47,1.57,3.833,球R,193,1.0,0.02,0.12,0.0,0.0,0.98,object#17,,0,0,11,球R,1,1,"[{""name"": ""球R"", ""share"": 1.0, ""q"": 0.02, ""capture"": 0.12, ""miss_deg"": 2.06, ""labels"": [193]}]"
2026_08_16/s4,s4,v8,,cluster010,97.71,102.7,4.98,3.796,球R,193,1.0,0.028,0.168,0.0,0.0,0.972,object#17,,0,0,11,球R,1,1,"[{""name"": ""球R"", ""share"": 1.0, ""q"": 0.028, ""capture"": 0.168, ""miss_deg"": 1.89, ""labels"": [193]}]"
2026_08_16/s4,s4,v8,,cluster010,103.06,109.72,6.66,3.809,球R,193,1.0,0.031,0.188,0.0,0.0,0.969,object#17,,0,0,12,球R,1,1,"[{""name"": ""球R"", ""share"": 1.0, ""q"": 0.031, ""capture"": 0.188, ""miss_deg"": 1.83, ""labels"": [193]}]"
2026_08_16/s4,s4,v8,,cluster010,110.28,112.5,2.22,3.812,球M,192,1.0,0.173,0.841,0.0,0.0,0.827,object#70,,1,1,13,球M,1,1,"[{""name"": ""球M"", ""share"": 1.0, ""q"": 0.173, ""capture"": 0.841, ""miss_deg"": 0.59, ""labels"": [192]}]"
2026_08_16/s4,s4,v8,,cluster010,113.05,115.11,2.06,3.818,球M,192,1.0,0.17,0.822,0.0,0.0,0.83,object#70,,1,1,,,,1,"[{""name"": ""球M"", ""share"": 1.0, ""q"": 0.17, ""capture"": 0.822, ""miss_deg"": 0.63, ""labels"": [192]}]"
2026_08_16/s4,s4,v8,,cluster010,117.39,121.89,4.5,3.765,球L,191,0.926,0.11,0.492,0.028,0.08,0.882,object#36,,1,1,14,球L,1,2,"[{""name"": ""球L"", ""share"": 0.926, ""q"": 0.11, ""capture"": 0.492, ""miss_deg"": 1.19, ""labels"": [191]}, {""name"": ""香蕉"", ""share"": 0.074, ""q"": 0.009, ""capture"": 0.014, ""miss_deg"": 2.91, ""labels"": [196]}]"
2026_08_16/s4,s4,v8,,cluster010,122.08,123.17,1.08,3.782,球L,191,0.903,0.081,0.392,0.036,0.107,0.911,object#27,,1,1,15,球L,1,2,"[{""name"": ""球L"", ""share"": 0.903, ""q"": 0.081, ""capture"": 0.392, ""miss_deg"": 1.37, ""labels"": [191]}, {""name"": ""香蕉"", ""share"": 0.097, ""q"": 0.009, ""capture"": 0.014, ""miss_deg"": 2.91, ""labels"": [196]}]"
2026_08_16/s4,s4,v8,,cluster010,123.44,124.14,0.7,3.745,球L,191,0.925,0.141,0.633,0.028,0.076,0.848,object#36,,1,1,15,球L,1,3,"[{""name"": ""球L"", ""share"": 0.925, ""q"": 0.141, ""capture"": 0.633, ""miss_deg"": 0.96, ""labels"": [191]}, {""name"": ""香蕉"", ""share"": 0.07, ""q"": 0.011, ""capture"": 0.018, ""miss_deg"": 2.84, ""labels"": [196]}, {""name"": ""苹果"", ""share"": 0.005, ""q"": 0.001, ""capture"": 0.004, ""miss_deg"": 3.3, ""labels"": [194]}]"
2026_08_16/s4,s4,v8,,cluster010,124.62,128.68,4.06,3.767,球L,191,0.978,0.082,0.37,0.008,0.022,0.916,object#36,,1,1,15,球L,1,2,"[{""name"": ""球L"", ""share"": 0.978, ""q"": 0.082, ""capture"": 0.37, ""miss_deg"": 1.41, ""labels"": [191]}, {""name"": ""香蕉"", ""share"": 0.022, ""q"": 0.002, ""capture"": 0.003, ""miss_deg"": 3.4, ""labels"": [196]}]"
2026_08_16/s4,s4,v8,,cluster010,128.73,131.55,2.82,3.782,球L,191,0.967,0.07,0.341,0.012,0.034,0.927,object#27,,1,1,,,,2,"[{""name"": ""球L"", ""share"": 0.967, ""q"": 0.07, ""capture"": 0.341, ""miss_deg"": 1.47, ""labels"": [191]}, {""name"": ""香蕉"", ""share"": 0.033, ""q"": 0.002, ""capture"": 0.004, ""miss_deg"": 3.33, ""labels"": [196]}]"
2026_08_16/s4,s4,v8,,cluster010,132.3,132.73,0.43,4.101,,-1,0.0,0.0,,,,1.0,object#25,,0,0,,,,0,[]
2026_08_16/s6,s6,v8,,cluster010,6.96,7.45,0.49,2.701,球M,192,1.0,0.063,0.169,0.0,0.0,0.937,object#17,,0,0,,,,1,"[{""name"": ""球M"", ""share"": 1.0, ""q"": 0.063, ""capture"": 0.169, ""miss_deg"": 1.89, ""labels"": [192]}]"
2026_08_16/s6,s6,v8,,cluster010,10.89,11.38,0.49,3.799,球R,193,0.684,0.005,0.031,0.387,0.462,0.992,object#17,,0,0,,,,2,"[{""name"": ""球R"", ""share"": 0.684, ""q"": 0.005, ""capture"": 0.031, ""miss_deg"": 2.63, ""labels"": [193]}, {""name"": ""球M"", ""share"": 0.316, ""q"": 0.002, ""capture"": 0.012, ""miss_deg"": 2.99, ""labels"": [192]}]"
2026_08_16/s6,s6,v8,,cluster010,13.55,13.98,0.43,4.287,球M,192,0.594,0.05,0.306,0.441,0.394,0.916,object#17,,1,1,,,,3,"[{""name"": ""球M"", ""share"": 0.594, ""q"": 0.05, ""capture"": 0.306, ""miss_deg"": 1.54, ""labels"": [192]}, {""name"": ""球R"", ""share"": 0.234, ""q"": 0.02, ""capture"": 0.135, ""miss_deg"": 2.0, ""labels"": [193]}, {""name"": ""石榴"", ""share"": 0.173, ""q"": 0.015, ""capture"": 0.133, ""miss_deg"": 2.01, ""labels"": [195]}]"
2026_08_16/s6,s6,v8,,cluster010,14.04,14.42,0.38,4.35,球R,193,0.995,0.05,0.345,0.006,0.005,0.949,object#17,,1,1,,,,2,"[{""name"": ""球R"", ""share"": 0.995, ""q"": 0.05, ""capture"": 0.345, ""miss_deg"": 1.46, ""labels"": [193]}, {""name"": ""石榴"", ""share"": 0.005, ""q"": 0.0, ""capture"": 0.002, ""miss_deg"": 3.51, ""labels"": [195]}]"
2026_08_16/s6,s6,v8,,cluster010,14.63,15.01,0.38,4.398,球M,192,1.0,0.026,0.159,0.0,0.0,0.974,object#17,,0,0,,,,1,"[{""name"": ""球M"", ""share"": 1.0, ""q"": 0.026, ""capture"": 0.159, ""miss_deg"": 1.92, ""labels"": [192]}]"
2026_08_16/s6,s6,v8,,cluster010,15.06,15.77,0.7,4.529,球R,193,0.819,0.009,0.065,0.2,0.221,0.989,object#17,,0,0,,,,2,"[{""name"": ""球R"", ""share"": 0.819, ""q"": 0.009, ""capture"": 0.065, ""miss_deg"": 2.34, ""labels"": [193]}, {""name"": ""球M"", ""share"": 0.181, ""q"": 0.002, ""capture"": 0.013, ""miss_deg"": 2.94, ""labels"": [192]}]"
2026_08_16/s6,s6,v8,,cluster010,15.82,16.25,0.43,4.41,球L,191,0.996,0.052,0.318,0.0,0.001,0.948,object#27,,1,1,,,,3,"[{""name"": ""球L"", ""share"": 0.996, ""q"": 0.052, ""capture"": 0.318, ""miss_deg"": 1.51, ""labels"": [191]}, {""name"": ""球M"", ""share"": 0.001, ""q"": 0.0, ""capture"": 0.0, ""miss_deg"": 3.98, ""labels"": [192]}, {""name"": ""香蕉"", ""share"": 0.003, ""q"": 0.0, ""capture"": 0.0, ""miss_deg"": 4.0, ""labels"": [196]}]"
2026_08_16/s6,s6,v8,,cluster010,16.58,17.55,0.97,4.498,球M,192,0.929,0.147,1.005,0.097,0.072,0.842,object#17,,1,1,,,,3,"[{""name"": ""球M"", ""share"": 0.929, ""q"": 0.147, ""capture"": 1.005, ""miss_deg"": 0.0, ""labels"": [192]}, {""name"": ""石榴"", ""share"": 0.067, ""q"": 0.011, ""capture"": 0.097, ""miss_deg"": 2.16, ""labels"": [195]}, {""name"": ""球R"", ""share"": 0.004, ""q"": 0.001, ""capture"": 0.004, ""miss_deg"": 3.3, ""labels"": [193]}]"
2026_08_16/s6,s6,v8,,cluster010,17.79,20.07,2.28,4.497,球M,192,0.94,0.158,1.083,0.084,0.064,0.832,object#162,,1,1,,,,2,"[{""name"": ""球M"", ""share"": 0.94, ""q"": 0.158, ""capture"": 1.083, ""miss_deg"": 0.0, ""labels"": [192]}, {""name"": ""石榴"", ""share"": 0.06, ""q"": 0.01, ""capture"": 0.091, ""miss_deg"": 2.19, ""labels"": [195]}]"
2026_08_16/s6,s6,v8,,cluster010,20.34,21.37,1.03,4.446,球L,191,0.951,0.074,0.455,0.018,0.015,0.922,object#27,,1,1,,,,3,"[{""name"": ""球L"", ""share"": 0.951, ""q"": 0.074, ""capture"": 0.455, ""miss_deg"": 1.26, ""labels"": [191]}, {""name"": ""球M"", ""share"": 0.014, ""q"": 0.001, ""capture"": 0.008, ""miss_deg"": 3.12, ""labels"": [192]}, {""name"": ""香蕉"", ""share"": 0.034, ""q"": 0.003, ""capture"": 0.006, ""miss_deg"": 3.22, ""labels"": [196]}]"
2026_08_16/s6,s6,v8,,cluster010,21.66,26.0,4.35,4.39,球L,191,0.979,0.054,0.331,0.009,0.008,0.945,object#27,,1,1,1,球L,1,3,"[{""name"": ""球L"", ""share"": 0.979, ""q"": 0.054, ""capture"": 0.331, ""miss_deg"": 1.49, ""labels"": [191]}, {""name"": ""球M"", ""share"": 0.008, ""q"": 0.0, ""capture"": 0.003, ""miss_deg"": 3.45, ""labels"": [192]}, {""name"": ""香蕉"", ""share"": 0.013, ""q"": 0.001, ""capture"": 0.002, ""miss_deg"": 3.59, ""labels"": [196]}]"
2026_08_16/s6,s6,v8,,cluster010,27.27,29.6,2.33,4.492,球M,192,1.0,0.078,0.535,0.0,0.0,0.922,object#162,,1,1,,,,1,"[{""name"": ""球M"", ""share"": 1.0, ""q"": 0.078, ""capture"": 0.535, ""miss_deg"": 1.12, ""labels"": [192]}]"
2026_08_16/s6,s6,v8,,cluster010,29.84,32.87,3.03,4.563,球M,192,1.0,0.045,0.308,0.0,0.0,0.955,object#17,,1,1,2,球M,1,1,"[{""name"": ""球M"", ""share"": 1.0, ""q"": 0.045, ""capture"": 0.308, ""miss_deg"": 1.53, ""labels"": [192]}]"
2026_08_16/s6,s6,v8,,cluster010,32.92,33.68,0.76,4.58,球M,192,0.991,0.012,0.084,0.012,0.009,0.988,object#17,,0,0,2,球M,1,2,"[{""name"": ""球M"", ""share"": 0.991, ""q"": 0.012, ""capture"": 0.084, ""miss_deg"": 2.23, ""labels"": [192]}, {""name"": ""球R"", ""share"": 0.009, ""q"": 0.0, ""capture"": 0.001, ""miss_deg"": 3.73, ""labels"": [193]}]"
2026_08_16/s6,s6,v8,,cluster010,34.09,36.37,2.27,4.668,球R,193,0.985,0.031,0.262,0.015,0.015,0.968,object#17,,1,1,,,,2,"[{""name"": ""球R"", ""share"": 0.985, ""q"": 0.031, ""capture"": 0.262, ""miss_deg"": 1.64, ""labels"": [193]}, {""name"": ""石榴"", ""share"": 0.015, ""q"": 0.0, ""capture"": 0.004, ""miss_deg"": 3.3, ""labels"": [195]}]"
2026_08_16/s6,s6,v8,,cluster010,36.64,42.76,6.12,4.663,球R,193,1.0,0.001,0.006,0.0,0.0,0.999,object#17,,0,0,3,球R,1,1,"[{""name"": ""球R"", ""share"": 1.0, ""q"": 0.001, ""capture"": 0.006, ""miss_deg"": 3.18, ""labels"": [193]}]"
2026_08_16/s6,s6,v8,,cluster010,42.81,43.35,0.54,4.545,球R,193,1.0,0.038,0.277,0.0,0.0,0.962,object#17,,1,1,4,球R,1,1,"[{""name"": ""球R"", ""share"": 1.0, ""q"": 0.038, ""capture"": 0.277, ""miss_deg"": 1.6, ""labels"": [193]}]"
2026_08_16/s6,s6,v8,,cluster010,43.79,45.41,1.62,4.556,球R,193,0.997,0.024,0.172,0.006,0.003,0.976,object#17,,0,0,4,球R,1,2,"[{""name"": ""球R"", ""share"": 0.997, ""q"": 0.024, ""capture"": 0.172, ""miss_deg"": 1.88, ""labels"": [193]}, {""name"": ""石榴"", ""share"": 0.003, ""q"": 0.0, ""capture"": 0.001, ""miss_deg"": 3.88, ""labels"": [195]}]"
2026_08_16/s6,s6,v8,,cluster010,45.92,47.54,1.62,4.517,球R,193,0.979,0.03,0.217,0.028,0.021,0.97,object#17,,1,1,4,球R,1,2,"[{""name"": ""球R"", ""share"": 0.979, ""q"": 0.03, ""capture"": 0.217, ""miss_deg"": 1.75, ""labels"": [193]}, {""name"": ""石榴"", ""share"": 0.021, ""q"": 0.001, ""capture"": 0.006, ""miss_deg"": 3.21, ""labels"": [195]}]"
2026_08_16/s6,s6,v8,,cluster010,47.99,54.66,6.67,4.493,球M,192,0.984,0.104,0.714,0.022,0.016,0.894,object#162,,1,1,5,球M,1,2,"[{""name"": ""球M"", ""share"": 0.984, ""q"": 0.104, ""capture"": 0.714, ""miss_deg"": 0.82, ""labels"": [192]}, {""name"": ""石榴"", ""share"": 0.016, ""q"": 0.002, ""capture"": 0.016, ""miss_deg"": 2.89, ""labels"": [195]}]"
2026_08_16/s6,s6,v8,,cluster010,54.72,55.64,0.92,4.584,球R,193,0.804,0.002,0.014,0.214,0.244,0.998,object#17,,0,0,,,,2,"[{""name"": ""球R"", ""share"": 0.804, ""q"": 0.002, ""capture"": 0.014, ""miss_deg"": 2.92, ""labels"": [193]}, {""name"": ""球M"", ""share"": 0.196, ""q"": 0.0, ""capture"": 0.003, ""miss_deg"": 3.43, ""labels"": [192]}]"
2026_08_16/s6,s6,v8,,cluster010,55.86,60.41,4.55,4.564,球R,193,1.0,0.013,0.114,0.0,0.0,0.987,object#17,,0,0,6,球R,1,1,"[{""name"": ""球R"", ""share"": 1.0, ""q"": 0.013, ""capture"": 0.114, ""miss_deg"": 2.09, ""labels"": [193]}]"
2026_08_16/s6,s6,v8,,cluster010,60.46,60.95,0.49,4.568,球M,192,0.947,0.111,0.762,0.063,0.048,0.883,object#17,,1,1,6,球R,0,3,"[{""name"": ""球M"", ""share"": 0.947, ""q"": 0.111, ""capture"": 0.762, ""miss_deg"": 0.74, ""labels"": [192]}, {""name"": ""石榴"", ""share"": 0.045, ""q"": 0.005, ""capture"": 0.048, ""miss_deg"": 2.46, ""labels"": [195]}, {""name"": ""球R"", ""share"": 0.009, ""q"": 0.001, ""capture"": 0.008, ""miss_deg"": 3.09, ""labels"": [193]}]"
2026_08_16/s6,s6,v8,,cluster010,61.01,62.2,1.19,4.538,球R,193,0.804,0.059,0.43,0.263,0.211,0.927,object#17,,1,1,,,,3,"[{""name"": ""球R"", ""share"": 0.804, ""q"": 0.059, ""capture"": 0.43, ""miss_deg"": 1.3, ""labels"": [193]}, {""name"": ""石榴"", ""share"": 0.17, ""q"": 0.012, ""capture"": 0.113, ""miss_deg"": 2.09, ""labels"": [195]}, {""name"": ""球M"", ""share"": 0.027, ""q"": 0.002, ""capture"": 0.013, ""miss_deg"": 2.94, ""labels"": [192]}]"
2026_08_16/s6,s6,v8,,cluster010,62.25,64.2,1.95,4.534,球R,193,0.827,0.039,0.284,0.211,0.168,0.953,object#17,,1,1,,,,3,"[{""name"": ""球R"", ""share"": 0.827, ""q"": 0.039, ""capture"": 0.284, ""miss_deg"": 1.59, ""labels"": [193]}, {""name"": ""石榴"", ""share"": 0.139, ""q"": 0.007, ""capture"": 0.06, ""miss_deg"": 2.38, ""labels"": [195]}, {""name"": ""球M"", ""share"": 0.034, ""q"": 0.002, ""capture"": 0.011, ""miss_deg"": 3.0, ""labels"": [192]}]"
2026_08_16/s6,s6,v8,,cluster010,65.04,66.23,1.19,4.636,球R,193,0.962,0.035,0.293,0.044,0.04,0.964,object#17,,1,1,7,球R,1,2,"[{""name"": ""球R"", ""share"": 0.962, ""q"": 0.035, ""capture"": 0.293, ""miss_deg"": 1.57, ""labels"": [193]}, {""name"": ""石榴"", ""share"": 0.038, ""q"": 0.001, ""capture"": 0.013, ""miss_deg"": 2.96, ""labels"": [195]}]"
2026_08_16/s6,s6,v8,,cluster010,66.29,67.97,1.68,4.555,球R,193,0.983,0.029,0.212,0.019,0.017,0.97,object#17,,1,1,7,球R,1,2,"[{""name"": ""球R"", ""share"": 0.983, ""q"": 0.029, ""capture"": 0.212, ""miss_deg"": 1.76, ""labels"": [193]}, {""name"": ""石榴"", ""share"": 0.017, ""q"": 0.0, ""capture"": 0.004, ""miss_deg"": 3.29, ""labels"": [195]}]"
2026_08_16/s6,s6,v8,,cluster010,68.02,68.67,0.65,4.466,球M,192,1.0,0.036,0.247,0.0,0.0,0.964,object#17,,1,1,,,,1,"[{""name"": ""球M"", ""share"": 1.0, ""q"": 0.036, ""capture"": 0.247, ""miss_deg"": 1.67, ""labels"": [192]}]"
2026_08_16/s6,s6,v8,,cluster010,73.49,73.76,0.27,7.077,石榴,195,1.0,0.0,0.001,0.0,0.0,1.0,object#40,,0,0,,,,1,"[{""name"": ""石榴"", ""share"": 1.0, ""q"": 0.0, ""capture"": 0.001, ""miss_deg"": 3.68, ""labels"": [195]}]"
2026_08_16/s6,s6,v8,,cluster010,74.61,75.47,0.87,4.37,球L,191,1.0,0.05,0.307,0.0,0.0,0.95,object#27,,1,1,,,,1,"[{""name"": ""球L"", ""share"": 1.0, ""q"": 0.05, ""capture"": 0.307, ""miss_deg"": 1.54, ""labels"": [191]}]"
2026_08_16/s6,s6,v8,,cluster010,75.74,76.18,0.43,4.481,球M,192,1.0,0.043,0.294,0.0,0.0,0.957,object#17,,1,1,,,,1,"[{""name"": ""球M"", ""share"": 1.0, ""q"": 0.043, ""capture"": 0.294, ""miss_deg"": 1.57, ""labels"": [192]}]"
2026_08_16/s6,s6,v8,,cluster010,76.23,76.72,0.49,4.512,球L,191,1.0,0.042,0.254,0.0,0.0,0.958,object#27,,1,1,,,,1,"[{""name"": ""球L"", ""share"": 1.0, ""q"": 0.042, ""capture"": 0.254, ""miss_deg"": 1.66, ""labels"": [191]}]"
2026_08_16/s6,s6,v8,,cluster010,77.16,82.96,5.8,4.567,球M,192,1.0,0.057,0.39,0.0,0.0,0.943,object#17,,1,1,8,球M,1,1,"[{""name"": ""球M"", ""share"": 1.0, ""q"": 0.057, ""capture"": 0.39, ""miss_deg"": 1.37, ""labels"": [192]}]"
2026_08_16/s6,s6,v8,,cluster010,83.19,83.73,0.54,4.509,球M,192,0.982,0.06,0.409,0.02,0.018,0.939,object#17,,1,1,,,,2,"[{""name"": ""球M"", ""share"": 0.982, ""q"": 0.06, ""capture"": 0.409, ""miss_deg"": 1.34, ""labels"": [192]}, {""name"": ""球R"", ""share"": 0.018, ""q"": 0.001, ""capture"": 0.008, ""miss_deg"": 3.11, ""labels"": [193]}]"
2026_08_16/s6,s6,v8,,cluster010,84.06,85.58,1.52,4.387,球L,191,0.887,0.054,0.33,0.088,0.089,0.939,object#27,,1,1,,,,3,"[{""name"": ""球L"", ""share"": 0.887, ""q"": 0.054, ""capture"": 0.33, ""miss_deg"": 1.49, ""labels"": [191]}, {""name"": ""球M"", ""share"": 0.079, ""q"": 0.005, ""capture"": 0.029, ""miss_deg"": 2.66, ""labels"": [192]}, {""name"": ""香蕉"", ""share"": 0.034, ""q"": 0.002, ""capture"": 0.004, ""miss_deg"": 3.3, ""labels"": [196]}]"
2026_08_16/s6,s6,v8,,cluster010,85.79,88.61,2.82,4.486,球L,191,0.872,0.116,0.707,0.044,0.127,0.867,object#36,,1,1,9,球L,1,3,"[{""name"": ""球L"", ""share"": 0.872, ""q"": 0.116, ""capture"": 0.707, ""miss_deg"": 0.83, ""labels"": [191]}, {""name"": ""香蕉"", ""share"": 0.111, ""q"": 0.015, ""capture"": 0.031, ""miss_deg"": 2.63, ""labels"": [196]}, {""name"": ""球M"", ""share"": 0.012, ""q"": 0.002, ""capture"": 0.011, ""miss_deg"": 3.02, ""labels"": [192]}]"
2026_08_16/s6,s6,v8,,cluster010,88.93,90.5,1.57,4.405,球L,191,0.618,0.034,0.208,0.567,0.566,0.945,object#162,,1,1,9,球L,1,3,"[{""name"": ""球L"", ""share"": 0.618, ""q"": 0.034, ""capture"": 0.208, ""miss_deg"": 1.77, ""labels"": [191]}, {""name"": ""球M"", ""share"": 0.35, ""q"": 0.019, ""capture"": 0.118, ""miss_deg"": 2.07, ""labels"": [192]}, {""name"": ""香蕉"", ""share"": 0.032, ""q"": 0.002, ""capture"": 0.004, ""miss_deg"": 3.34, ""labels"": [196]}]"
2026_08_16/s6,s6,v8,,cluster010,90.89,94.9,4.01,4.545,球M,192,0.872,0.108,0.742,0.132,0.1,0.876,object#17,,1,1,10,球M,1,3,"[{""name"": ""球M"", ""share"": 0.872, ""q"": 0.108, ""capture"": 0.742, ""miss_deg"": 0.77, ""labels"": [192]}, {""name"": ""石榴"", ""share"": 0.087, ""q"": 0.011, ""capture"": 0.098, ""miss_deg"": 2.15, ""labels"": [195]}, {""name"": ""球R"", ""share"": 0.041, ""q"": 0.005, ""capture"": 0.037, ""miss_deg"": 2.56, ""labels"": [193]}]"
2026_08_16/s6,s6,v8,,cluster010,94.95,97.98,3.03,4.516,球M,192,0.73,0.12,0.82,0.389,0.293,0.836,object#17,,1,1,10,球M,1,3,"[{""name"": ""球M"", ""share"": 0.73, ""q"": 0.12, ""capture"": 0.82, ""miss_deg"": 0.63, ""labels"": [192]}, {""name"": ""石榴"", ""share"": 0.214, ""q"": 0.035, ""capture"": 0.319, ""miss_deg"": 1.51, ""labels"": [195]}, {""name"": ""球R"", ""share"": 0.056, ""q"": 0.009, ""capture"": 0.067, ""miss_deg"": 2.33, ""labels"": [193]}]"
2026_08_16/s6,s6,v8,,cluster010,98.25,98.9,0.65,4.411,球L,191,0.84,0.182,1.115,0.051,0.043,0.783,object#36,,1,1,,,,3,"[{""name"": ""球L"", ""share"": 0.84, ""q"": 0.182, ""capture"": 1.115, ""miss_deg"": 0.0, ""labels"": [191]}, {""name"": ""苹果"", ""share"": 0.036, ""q"": 0.008, ""capture"": 0.057, ""miss_deg"": 2.39, ""labels"": [194]}, {""name"": ""香蕉"", ""share"": 0.124, ""q"": 0.027, ""capture"": 0.057, ""miss_deg"": 2.39, ""labels"": [196]}]"
2026_08_16/s6,s6,v8,,cluster010,98.95,101.66,2.71,4.419,球L,191,0.8,0.183,1.117,0.07,0.202,0.772,object#36,,1,1,11,球L,1,3,"[{""name"": ""球L"", ""share"": 0.8, ""q"": 0.183, ""capture"": 1.117, ""miss_deg"": 0.0, ""labels"": [191]}, {""name"": ""香蕉"", ""share"": 0.162, ""q"": 0.037, ""capture"": 0.078, ""miss_deg"": 2.26, ""labels"": [196]}, {""name"": ""苹果"", ""share"": 0.038, ""q"": 0.009, ""capture"": 0.063, ""miss_deg"": 2.35, ""labels"": [194]}]"
2026_08_16/s6,s6,v8,,cluster010,101.77,103.01,1.25,4.475,球L,191,0.798,0.159,0.974,0.072,0.207,0.8,object#149,,1,1,11,球L,1,3,"[{""name"": ""球L"", ""share"": 0.798, ""q"": 0.159, ""capture"": 0.974, ""miss_deg"": 0.23, ""labels"": [191]}, {""name"": ""香蕉"", ""share"": 0.165, ""q"": 0.033, ""capture"": 0.07, ""miss_deg"": 2.31, ""labels"": [196]}, {""name"": ""苹果"", ""share"": 0.037, ""q"": 0.007, ""capture"": 0.054, ""miss_deg"": 2.42, ""labels"": [194]}]"
2026_08_16/s6,s6,v8,,cluster010,103.07,103.39,0.32,4.45,球M,192,0.963,0.136,0.931,0.052,0.038,0.859,object#162,,1,1,11,球L,0,2,"[{""name"": ""球M"", ""share"": 0.963, ""q"": 0.136, ""capture"": 0.931, ""miss_deg"": 0.38, ""labels"": [192]}, {""name"": ""石榴"", ""share"": 0.037, ""q"": 0.005, ""capture"": 0.048, ""miss_deg"": 2.47, ""labels"": [195]}]"
2026_08_16/s6,s6,v8,,cluster010,103.45,104.48,1.03,4.423,球L,191,0.656,0.069,0.419,0.403,0.404,0.896,object#10,,1,1,11,球L,1,3,"[{""name"": ""球L"", ""share"": 0.656, ""q"": 0.069, ""capture"": 0.419, ""miss_deg"": 1.32, ""labels"": [191]}, {""name"": ""球M"", ""share"": 0.265, ""q"": 0.028, ""capture"": 0.169, ""miss_deg"": 1.88, ""labels"": [192]}, {""name"": ""香蕉"", ""share"": 0.079, ""q"": 0.008, ""capture"": 0.017, ""miss_deg"": 2.85, ""labels"": [196]}]"
2026_08_16/s6,s6,v8,,cluster010,104.54,104.92,0.38,4.479,球M,192,0.888,0.164,1.127,0.169,0.126,0.815,object#162,,1,1,,,,2,"[{""name"": ""球M"", ""share"": 0.888, ""q"": 0.164, ""capture"": 1.127, ""miss_deg"": 0.0, ""labels"": [192]}, {""name"": ""石榴"", ""share"": 0.112, ""q"": 0.021, ""capture"": 0.19, ""miss_deg"": 1.82, ""labels"": [195]}]"
2026_08_16/s6,s6,v8,,cluster010,105.1,109.27,4.17,4.446,球M,192,0.907,0.168,1.153,0.136,0.103,0.815,object#162,,1,1,12,球M,1,2,"[{""name"": ""球M"", ""share"": 0.907, ""q"": 0.168, ""capture"": 1.153, ""miss_deg"": 0.0, ""labels"": [192]}, {""name"": ""石榴"", ""share"": 0.093, ""q"": 0.017, ""capture"": 0.157, ""miss_deg"": 1.92, ""labels"": [195]}]"
2026_08_16/s6,s6,v8,,cluster010,109.32,111.38,2.06,4.532,球M,192,0.61,0.082,0.559,0.503,0.379,0.866,object#17,,1,1,12,球M,1,3,"[{""name"": ""球M"", ""share"": 0.61, ""q"": 0.082, ""capture"": 0.559, ""miss_deg"": 1.08, ""labels"": [192]}, {""name"": ""石榴"", ""share"": 0.231, ""q"": 0.031, ""capture"": 0.281, ""miss_deg"": 1.59, ""labels"": [195]}, {""name"": ""球R"", ""share"": 0.159, ""q"": 0.021, ""capture"": 0.155, ""miss_deg"": 1.93, ""labels"": [193]}]"
2026_08_16/s6,s6,v8,,cluster010,111.59,112.14,0.54,4.559,球M,192,0.71,0.102,0.702,0.336,0.252,0.856,object#17,,1,1,,,,3,"[{""name"": ""球M"", ""share"": 0.71, ""q"": 0.102, ""capture"": 0.702, ""miss_deg"": 0.84, ""labels"": [192]}, {""name"": ""石榴"", ""share"": 0.179, ""q"": 0.026, ""capture"": 0.236, ""miss_deg"": 1.7, ""labels"": [195]}, {""name"": ""球R"", ""share"": 0.111, ""q"": 0.016, ""capture"": 0.117, ""miss_deg"": 2.07, ""labels"": [193]}]"
2026_08_16/s6,s6,v8,,cluster010,112.19,112.57,0.38,4.385,球L,191,0.878,0.145,0.884,0.04,0.116,0.835,object#149,,1,1,,,,3,"[{""name"": ""球L"", ""share"": 0.878, ""q"": 0.145, ""capture"": 0.884, ""miss_deg"": 0.5, ""labels"": [191]}, {""name"": ""香蕉"", ""share"": 0.102, ""q"": 0.017, ""capture"": 0.035, ""miss_deg"": 2.58, ""labels"": [196]}, {""name"": ""球M"", ""share"": 0.011, ""q"": 0.002, ""capture"": 0.011, ""miss_deg"": 3.0, ""labels"": [192]}]"
2026_08_16/s6,s6,v8,,cluster010,112.68,115.38,2.7,4.406,球L,191,0.827,0.179,1.093,0.066,0.056,0.784,object#36,,1,1,,,,3,"[{""name"": ""球L"", ""share"": 0.827, ""q"": 0.179, ""capture"": 1.093, ""miss_deg"": 0.0, ""labels"": [191]}, {""name"": ""苹果"", ""share"": 0.046, ""q"": 0.01, ""capture"": 0.072, ""miss_deg"": 2.29, ""labels"": [194]}, {""name"": ""香蕉"", ""share"": 0.128, ""q"": 0.028, ""capture"": 0.058, ""miss_deg"": 2.38, ""labels"": [196]}]"
2026_08_16/s6,s6,v8,,cluster010,115.44,116.36,0.92,4.415,球L,191,0.497,0.045,0.273,0.945,0.946,0.91,object#162,,1,0,13,球L,1,3,"[{""name"": ""球L"", ""share"": 0.497, ""q"": 0.045, ""capture"": 0.273, ""miss_deg"": 1.61, ""labels"": [191]}, {""name"": ""球M"", ""share"": 0.47, ""q"": 0.042, ""capture"": 0.258, ""miss_deg"": 1.65, ""labels"": [192]}, {""name"": ""香蕉"", ""share"": 0.033, ""q"": 0.003, ""capture"": 0.006, ""miss_deg"": 3.18, ""labels"": [196]}]"
2026_08_16/s6,s6,v8,,cluster010,116.41,117.12,0.7,4.546,球L,191,0.826,0.178,1.089,0.062,0.178,0.784,object#36,,1,1,13,球L,1,3,"[{""name"": ""球L"", ""share"": 0.826, ""q"": 0.178, ""capture"": 1.089, ""miss_deg"": 0.0, ""labels"": [191]}, {""name"": ""香蕉"", ""share"": 0.147, ""q"": 0.032, ""capture"": 0.067, ""miss_deg"": 2.32, ""labels"": [196]}, {""name"": ""苹果"", ""share"": 0.027, ""q"": 0.006, ""capture"": 0.048, ""miss_deg"": 2.46, ""labels"": [194]}]"
2026_08_16/s6,s6,v8,,cluster010,117.44,117.98,0.54,4.426,球L,191,0.668,0.078,0.474,0.392,0.392,0.884,object#10,,1,1,13,球L,1,3,"[{""name"": ""球L"", ""share"": 0.668, ""q"": 0.078, ""capture"": 0.474, ""miss_deg"": 1.22, ""labels"": [191]}, {""name"": ""球M"", ""share"": 0.262, ""q"": 0.03, ""capture"": 0.186, ""miss_deg"": 1.83, ""labels"": [192]}, {""name"": ""香蕉"", ""share"": 0.07, ""q"": 0.008, ""capture"": 0.017, ""miss_deg"": 2.85, ""labels"": [196]}]"
2026_08_16/s6,s6,v8,,cluster010,118.2,119.01,0.81,4.459,球L,191,0.785,0.172,1.052,0.081,0.234,0.781,object#10,,1,1,13,球L,1,3,"[{""name"": ""球L"", ""share"": 0.785, ""q"": 0.172, ""capture"": 1.052, ""miss_deg"": 0.0, ""labels"": [191]}, {""name"": ""香蕉"", ""share"": 0.184, ""q"": 0.04, ""capture"": 0.085, ""miss_deg"": 2.22, ""labels"": [196]}, {""name"": ""苹果"", ""share"": 0.02, ""q"": 0.004, ""capture"": 0.033, ""miss_deg"": 2.62, ""labels"": [194]}]"
2026_08_16/s6,s6,v8,,cluster010,119.37,124.31,4.94,4.565,球R,193,0.817,0.068,0.571,0.231,0.213,0.917,object#17,,1,1,14,球R,1,3,"[{""name"": ""球R"", ""share"": 0.817, ""q"": 0.068, ""capture"": 0.571, ""miss_deg"": 1.06, ""labels"": [193]}, {""name"": ""石榴"", ""share"": 0.174, ""q"": 0.014, ""capture"": 0.132, ""miss_deg"": 2.01, ""labels"": [195]}, {""name"": ""球M"", ""share"": 0.009, ""q"": 0.001, ""capture"": 0.005, ""miss_deg"": 3.23, ""labels"": [192]}]"
2026_08_16/s6,s6,v8,,cluster010,124.36,124.69,0.32,4.496,球M,192,0.964,0.123,0.844,0.05,0.037,0.872,object#162,,1,1,14,球R,0,2,"[{""name"": ""球M"", ""share"": 0.964, ""q"": 0.123, ""capture"": 0.844, ""miss_deg"": 0.58, ""labels"": [192]}, {""name"": ""石榴"", ""share"": 0.036, ""q"": 0.005, ""capture"": 0.042, ""miss_deg"": 2.52, ""labels"": [195]}]"
2026_08_16/s6,s6,v8,,cluster010,125.14,125.46,0.32,4.526,球M,192,0.865,0.19,1.299,0.208,0.156,0.781,object#10,,1,1,14,球R,0,2,"[{""name"": ""球M"", ""share"": 0.865, ""q"": 0.19, ""capture"": 1.299, ""miss_deg"": 0.0, ""labels"": [192]}, {""name"": ""石榴"", ""share"": 0.135, ""q"": 0.03, ""capture"": 0.27, ""miss_deg"": 1.62, ""labels"": [195]}]"
2026_08_16/s6,s6,v8,,cluster010,125.52,125.79,0.27,4.624,球R,193,0.785,0.104,0.872,0.282,0.261,0.868,object#17,,1,1,14,球R,1,3,"[{""name"": ""球R"", ""share"": 0.785, ""q"": 0.104, ""capture"": 0.872, ""miss_deg"": 0.52, ""labels"": [193]}, {""name"": ""石榴"", ""share"": 0.205, ""q"": 0.027, ""capture"": 0.246, ""miss_deg"": 1.67, ""labels"": [195]}, {""name"": ""球M"", ""share"": 0.01, ""q"": 0.001, ""capture"": 0.009, ""miss_deg"": 3.06, ""labels"": [192]}]"
2026_08_16/s6,s6,v8,,cluster010,125.84,126.5,0.65,4.482,球M,192,0.876,0.176,1.204,0.188,0.142,0.8,object#162,,1,1,,,,2,"[{""name"": ""球M"", ""share"": 0.876, ""q"": 0.176, ""capture"": 1.204, ""miss_deg"": 0.0, ""labels"": [192]}, {""name"": ""石榴"", ""share"": 0.124, ""q"": 0.025, ""capture"": 0.226, ""miss_deg"": 1.72, ""labels"": [195]}]"
2026_08_16/s6,s6,v8,,cluster010,126.61,132.02,5.42,4.407,球L,191,0.803,0.191,1.167,0.09,0.076,0.762,object#36,,1,1,15,球L,1,3,"[{""name"": ""球L"", ""share"": 0.803, ""q"": 0.191, ""capture"": 1.167, ""miss_deg"": 0.0, ""labels"": [191]}, {""name"": ""苹果"", ""share"": 0.061, ""q"": 0.014, ""capture"": 0.105, ""miss_deg"": 2.12, ""labels"": [194]}, {""name"": ""香蕉"", ""share"": 0.137, ""q"": 0.033, ""capture"": 0.069, ""miss_deg"": 2.31, ""labels"": [196]}]"
2026_08_16/s6,s6,v8,,cluster010,135.56,135.94,0.38,1.777,,-1,0.0,0.0,,,,1.0,object#82,,0,0,,,,0,[]
2026_08_16/s6,s6,v8,,cluster010,136.74,137.23,0.49,1.424,,-1,0.0,0.0,,,,1.0,object#14,,0,0,,,,0,[]
2026_08_18/000,s7,v8,,cluster010,2.52,2.96,0.44,1.778,,-1,0.0,0.0,,,,1.0,floor,,0,0,,,,0,[]
2026_08_18/000,s7,v8,,cluster010,3.52,3.79,0.27,1.862,球L,191,0.974,0.539,0.843,0.027,0.027,0.447,object#10,,1,1,,,,2,"[{""name"": ""球L"", ""share"": 0.974, ""q"": 0.539, ""capture"": 0.843, ""miss_deg"": 0.58, ""labels"": [191]}, {""name"": ""球M"", ""share"": 0.026, ""q"": 0.014, ""capture"": 0.023, ""miss_deg"": 2.74, ""labels"": [192]}]"
2026_08_18/000,s7,v8,,cluster010,8.88,9.8,0.92,3.198,球M,192,1.0,0.039,0.144,0.0,0.0,0.961,object#17,,0,0,,,,1,"[{""name"": ""球M"", ""share"": 1.0, ""q"": 0.039, ""capture"": 0.144, ""miss_deg"": 1.97, ""labels"": [192]}]"
2026_08_18/000,s7,v8,,cluster010,9.85,10.72,0.87,2.959,球M,192,0.97,0.131,0.435,0.028,0.03,0.865,object#17,,1,1,,,,3,"[{""name"": ""球M"", ""share"": 0.97, ""q"": 0.131, ""capture"": 0.435, ""miss_deg"": 1.29, ""labels"": [192]}, {""name"": ""球L"", ""share"": 0.029, ""q"": 0.004, ""capture"": 0.012, ""miss_deg"": 2.97, ""labels"": [191]}, {""name"": ""球R"", ""share"": 0.001, ""q"": 0.0, ""capture"": 0.0, ""miss_deg"": 3.96, ""labels"": [193]}]"
2026_08_18/000,s7,v8,,cluster010,10.77,11.05,0.27,3.187,球M,192,0.967,0.075,0.278,0.036,0.034,0.922,object#17,,1,1,,,,2,"[{""name"": ""球M"", ""share"": 0.967, ""q"": 0.075, ""capture"": 0.278, ""miss_deg"": 1.6, ""labels"": [192]}, {""name"": ""球R"", ""share"": 0.033, ""q"": 0.003, ""capture"": 0.01, ""miss_deg"": 3.03, ""labels"": [193]}]"
2026_08_18/000,s7,v8,,cluster010,11.1,12.13,1.03,2.934,球M,192,0.956,0.142,0.449,0.047,0.046,0.852,object#17,,1,1,,,,2,"[{""name"": ""球M"", ""share"": 0.956, ""q"": 0.142, ""capture"": 0.449, ""miss_deg"": 1.27, ""labels"": [192]}, {""name"": ""球L"", ""share"": 0.044, ""q"": 0.007, ""capture"": 0.021, ""miss_deg"": 2.78, ""labels"": [191]}]"
2026_08_18/000,s7,v8,,cluster010,12.18,12.72,0.54,3.18,球M,192,0.599,0.085,0.316,0.734,0.669,0.857,object#17,,1,1,,,,2,"[{""name"": ""球M"", ""share"": 0.599, ""q"": 0.085, ""capture"": 0.316, ""miss_deg"": 1.52, ""labels"": [192]}, {""name"": ""球R"", ""share"": 0.401, ""q"": 0.057, ""capture"": 0.232, ""miss_deg"": 1.71, ""labels"": [193]}]"
2026_08_18/000,s7,v8,,cluster010,15.27,15.92,0.65,2.967,球M,192,0.79,0.101,0.336,0.253,0.266,0.872,object#17,,1,1,,,,2,"[{""name"": ""球M"", ""share"": 0.79, ""q"": 0.101, ""capture"": 0.336, ""miss_deg"": 1.48, ""labels"": [192]}, {""name"": ""球L"", ""share"": 0.21, ""q"": 0.027, ""capture"": 0.085, ""miss_deg"": 2.22, ""labels"": [191]}]"
2026_08_18/000,s7,v8,,cluster010,16.14,21.01,4.87,3.01,球L,191,0.996,0.186,0.589,0.003,0.004,0.813,object#118,,1,1,1,球L,1,2,"[{""name"": ""球L"", ""share"": 0.996, ""q"": 0.186, ""capture"": 0.589, ""miss_deg"": 1.03, ""labels"": [191]}, {""name"": ""球M"", ""share"": 0.004, ""q"": 0.001, ""capture"": 0.002, ""miss_deg"": 3.48, ""labels"": [192]}]"
2026_08_18/000,s7,v8,,cluster010,21.17,21.61,0.43,3.464,球L,191,1.0,0.003,0.011,0.0,0.0,0.997,object#17,,0,0,1,球L,1,1,"[{""name"": ""球L"", ""share"": 1.0, ""q"": 0.003, ""capture"": 0.011, ""miss_deg"": 3.01, ""labels"": [191]}]"
2026_08_18/000,s7,v8,,cluster010,21.96,22.67,0.7,3.288,球R,193,0.504,0.04,0.171,0.895,0.984,0.921,object#17,,0,0,,,,2,"[{""name"": ""球R"", ""share"": 0.504, ""q"": 0.04, ""capture"": 0.171, ""miss_deg"": 1.88, ""labels"": [193]}, {""name"": ""球M"", ""share"": 0.496, ""q"": 0.039, ""capture"": 0.153, ""miss_deg"": 1.94, ""labels"": [192]}]"
2026_08_18/000,s7,v8,,cluster010,22.99,29.82,6.82,2.996,球L,191,1.0,0.157,0.499,0.0,0.0,0.843,object#118,,1,1,2,球L,1,1,"[{""name"": ""球L"", ""share"": 1.0, ""q"": 0.157, ""capture"": 0.499, ""miss_deg"": 1.18, ""labels"": [191]}]"
2026_08_18/000,s7,v8,,cluster010,30.08,33.49,3.41,3.392,球R,193,0.834,0.061,0.276,0.178,0.199,0.926,object#17,,1,1,3,球R,1,2,"[{""name"": ""球R"", ""share"": 0.834, ""q"": 0.061, ""capture"": 0.276, ""miss_deg"": 1.6, ""labels"": [193]}, {""name"": ""球M"", ""share"": 0.166, ""q"": 0.012, ""capture"": 0.049, ""miss_deg"": 2.45, ""labels"": [192]}]"
2026_08_18/000,s7,v8,,cluster010,33.54,34.3,0.76,3.233,球M,192,0.807,0.146,0.539,0.276,0.235,0.82,object#17,,1,1,3,球R,0,3,"[{""name"": ""球M"", ""share"": 0.807, ""q"": 0.146, ""capture"": 0.539, ""miss_deg"": 1.11, ""labels"": [192]}, {""name"": ""球R"", ""share"": 0.19, ""q"": 0.034, ""capture"": 0.149, ""miss_deg"": 1.95, ""labels"": [193]}, {""name"": ""球L"", ""share"": 0.003, ""q"": 0.0, ""capture"": 0.002, ""miss_deg"": 3.57, ""labels"": [191]}]"
2026_08_18/000,s7,v8,,cluster010,34.36,34.74,0.38,3.024,球M,192,0.915,0.217,0.722,0.087,0.079,0.762,object#17,,1,1,3,球R,0,3,"[{""name"": ""球M"", ""share"": 0.915, ""q"": 0.217, ""capture"": 0.722, ""miss_deg"": 0.81, ""labels"": [192]}, {""name"": ""球R"", ""share"": 0.072, ""q"": 0.017, ""capture"": 0.063, ""miss_deg"": 2.35, ""labels"": [193]}, {""name"": ""球L"", ""share"": 0.013, ""q"": 0.003, ""capture"": 0.01, ""miss_deg"": 3.03, ""labels"": [191]}]"
2026_08_18/000,s7,v8,,cluster010,34.79,35.06,0.27,3.295,球M,192,0.807,0.107,0.421,0.264,0.239,0.867,object#17,,1,1,3,球R,0,2,"[{""name"": ""球M"", ""share"": 0.807, ""q"": 0.107, ""capture"": 0.421, ""miss_deg"": 1.32, ""labels"": [192]}, {""name"": ""球R"", ""share"": 0.193, ""q"": 0.026, ""capture"": 0.111, ""miss_deg"": 2.1, ""labels"": [193]}]"
2026_08_18/000,s7,v8,,cluster010,35.29,35.84,0.54,3.327,球M,192,0.772,0.058,0.237,0.329,0.295,0.924,object#17,,1,1,3,球R,0,2,"[{""name"": ""球M"", ""share"": 0.772, ""q"": 0.058, ""capture"": 0.237, ""miss_deg"": 1.7, ""labels"": [192]}, {""name"": ""球R"", ""share"": 0.228, ""q"": 0.017, ""capture"": 0.078, ""miss_deg"": 2.26, ""labels"": [193]}]"
2026_08_18/000,s7,v8,,cluster010,35.89,36.65,0.76,3.181,球M,192,0.817,0.162,0.601,0.24,0.219,0.801,object#17,,1,1,,,,3,"[{""name"": ""球M"", ""share"": 0.817, ""q"": 0.162, ""capture"": 0.601, ""miss_deg"": 1.01, ""labels"": [192]}, {""name"": ""球R"", ""share"": 0.179, ""q"": 0.036, ""capture"": 0.144, ""miss_deg"": 1.97, ""labels"": [193]}, {""name"": ""球L"", ""share"": 0.004, ""q"": 0.001, ""capture"": 0.002, ""miss_deg"": 3.47, ""labels"": [191]}]"
2026_08_18/000,s7,v8,,cluster010,36.97,42.71,5.74,3.347,球R,193,0.681,0.039,0.175,0.423,0.468,0.943,object#17,,0,0,4,球R,1,2,"[{""name"": ""球R"", ""share"": 0.681, ""q"": 0.039, ""capture"": 0.175, ""miss_deg"": 1.87, ""labels"": [193]}, {""name"": ""球M"", ""share"": 0.319, ""q"": 0.018, ""capture"": 0.074, ""miss_deg"": 2.28, ""labels"": [192]}]"
2026_08_18/000,s7,v8,,cluster010,42.87,43.14,0.27,3.41,球R,193,1.0,0.029,0.129,0.0,0.0,0.971,object#17,,0,0,4,球R,1,1,"[{""name"": ""球R"", ""share"": 1.0, ""q"": 0.029, ""capture"": 0.129, ""miss_deg"": 2.02, ""labels"": [193]}]"
2026_08_18/000,s7,v8,,cluster010,43.19,43.52,0.32,3.259,球M,192,0.678,0.1,0.369,0.556,0.475,0.853,object#17,,1,1,,,,2,"[{""name"": ""球M"", ""share"": 0.678, ""q"": 0.1, ""capture"": 0.369, ""miss_deg"": 1.41, ""labels"": [192]}, {""name"": ""球R"", ""share"": 0.322, ""q"": 0.047, ""capture"": 0.205, ""miss_deg"": 1.78, ""labels"": [193]}]"
2026_08_18/000,s7,v8,,cluster010,44.11,44.44,0.32,3.207,球M,192,0.782,0.131,0.483,0.304,0.277,0.833,object#17,,1,1,,,,3,"[{""name"": ""球M"", ""share"": 0.782, ""q"": 0.131, ""capture"": 0.483, ""miss_deg"": 1.21, ""labels"": [192]}, {""name"": ""球R"", ""share"": 0.217, ""q"": 0.036, ""capture"": 0.147, ""miss_deg"": 1.96, ""labels"": [193]}, {""name"": ""球L"", ""share"": 0.001, ""q"": 0.0, ""capture"": 0.001, ""miss_deg"": 3.79, ""labels"": [191]}]"
2026_08_18/000,s7,v8,,cluster010,44.49,46.06,1.57,3.062,球M,192,0.933,0.155,0.515,0.06,0.055,0.834,object#17,,1,1,5,球M,1,3,"[{""name"": ""球M"", ""share"": 0.933, ""q"": 0.155, ""capture"": 0.515, ""miss_deg"": 1.15, ""labels"": [192]}, {""name"": ""球R"", ""share"": 0.051, ""q"": 0.008, ""capture"": 0.031, ""miss_deg"": 2.63, ""labels"": [193]}, {""name"": ""球L"", ""share"": 0.017, ""q"": 0.003, ""capture"": 0.009, ""miss_deg"": 3.06, ""labels"": [191]}]"
2026_08_18/000,s7,v8,,cluster010,46.28,47.69,1.41,3.016,球M,192,0.948,0.171,0.567,0.028,0.03,0.82,object#17,,1,1,5,球M,1,3,"[{""name"": ""球M"", ""share"": 0.948, ""q"": 0.171, ""capture"": 0.567, ""miss_deg"": 1.07, ""labels"": [192]}, {""name"": ""球L"", ""share"": 0.028, ""q"": 0.005, ""capture"": 0.016, ""miss_deg"": 2.88, ""labels"": [191]}, {""name"": ""球R"", ""share"": 0.024, ""q"": 0.004, ""capture"": 0.016, ""miss_deg"": 2.88, ""labels"": [193]}]"
2026_08_18/000,s7,v8,,cluster010,47.85,49.64,1.79,2.988,球M,192,0.886,0.115,0.383,0.123,0.129,0.87,object#17,,1,1,5,球M,1,2,"[{""name"": ""球M"", ""share"": 0.886, ""q"": 0.115, ""capture"": 0.383, ""miss_deg"": 1.39, ""labels"": [192]}, {""name"": ""球L"", ""share"": 0.114, ""q"": 0.015, ""capture"": 0.047, ""miss_deg"": 2.47, ""labels"": [191]}]"
2026_08_18/000,s7,v8,,cluster010,50.89,51.27,0.38,3.013,球L,191,0.985,0.07,0.221,0.014,0.015,0.929,object#17,,1,1,,,,2,"[{""name"": ""球L"", ""share"": 0.985, ""q"": 0.07, ""capture"": 0.221, ""miss_deg"": 1.74, ""labels"": [191]}, {""name"": ""球M"", ""share"": 0.015, ""q"": 0.001, ""capture"": 0.003, ""miss_deg"": 3.37, ""labels"": [192]}]"
2026_08_18/000,s7,v8,,cluster010,51.4,52.11,0.7,2.994,球L,191,0.921,0.387,1.227,0.04,0.038,0.579,object#10,,1,1,6,球L,1,3,"[{""name"": ""球L"", ""share"": 0.921, ""q"": 0.387, ""capture"": 1.227, ""miss_deg"": 0.0, ""labels"": [191]}, {""name"": ""球M"", ""share"": 0.035, ""q"": 0.015, ""capture"": 0.049, ""miss_deg"": 2.45, ""labels"": [192]}, {""name"": ""香蕉"", ""share"": 0.044, ""q"": 0.019, ""capture"": 0.024, ""miss_deg"": 2.74, ""labels"": [196]}]"
2026_08_18/000,s7,v8,,cluster010,52.77,57.37,4.6,3.022,球L,191,0.957,0.32,1.015,0.04,0.039,0.665,object#17,,1,1,6,球L,1,3,"[{""name"": ""球L"", ""share"": 0.957, ""q"": 0.32, ""capture"": 1.015, ""miss_deg"": 0.0, ""labels"": [191]}, {""name"": ""球M"", ""share"": 0.037, ""q"": 0.012, ""capture"": 0.041, ""miss_deg"": 2.53, ""labels"": [192]}, {""name"": ""香蕉"", ""share"": 0.006, ""q"": 0.002, ""capture"": 0.003, ""miss_deg"": 3.45, ""labels"": [196]}]"
2026_08_18/000,s7,v8,,cluster010,57.91,58.24,0.32,2.985,球M,192,0.885,0.214,0.711,0.089,0.093,0.758,object#17,,1,1,,,,3,"[{""name"": ""球M"", ""share"": 0.885, ""q"": 0.214, ""capture"": 0.711, ""miss_deg"": 0.83, ""labels"": [192]}, {""name"": ""球L"", ""share"": 0.082, ""q"": 0.02, ""capture"": 0.063, ""miss_deg"": 2.35, ""labels"": [191]}, {""name"": ""球R"", ""share"": 0.033, ""q"": 0.008, ""capture"": 0.029, ""miss_deg"": 2.66, ""labels"": [193]}]"
2026_08_18/000,s7,v8,,cluster010,58.29,60.96,2.66,2.988,球M,192,0.896,0.247,0.821,0.065,0.058,0.724,object#70,,1,1,7,球M,1,3,"[{""name"": ""球M"", ""share"": 0.896, ""q"": 0.247, ""capture"": 0.821, ""miss_deg"": 0.63, ""labels"": [192]}, {""name"": ""球R"", ""share"": 0.052, ""q"": 0.014, ""capture"": 0.053, ""miss_deg"": 2.43, ""labels"": [193]}, {""name"": ""球L"", ""share"": 0.052, ""q"": 0.014, ""capture"": 0.046, ""miss_deg"": 2.48, ""labels"": [191]}]"
2026_08_18/000,s7,v8,,cluster010,61.01,62.31,1.3,3.312,球M,192,0.608,0.054,0.217,0.687,0.645,0.912,object#17,,1,1,7,球M,1,2,"[{""name"": ""球M"", ""share"": 0.608, ""q"": 0.054, ""capture"": 0.217, ""miss_deg"": 1.75, ""labels"": [192]}, {""name"": ""球R"", ""share"": 0.392, ""q"": 0.035, ""capture"": 0.149, ""miss_deg"": 1.95, ""labels"": [193]}]"
2026_08_18/000,s7,v8,,cluster010,62.36,62.63,0.27,3.071,球M,192,0.943,0.118,0.394,0.048,0.045,0.874,object#17,,1,1,7,球M,1,3,"[{""name"": ""球M"", ""share"": 0.943, ""q"": 0.118, ""capture"": 0.394, ""miss_deg"": 1.37, ""labels"": [192]}, {""name"": ""球R"", ""share"": 0.042, ""q"": 0.005, ""capture"": 0.019, ""miss_deg"": 2.81, ""labels"": [193]}, {""name"": ""球L"", ""share"": 0.015, ""q"": 0.002, ""capture"": 0.006, ""miss_deg"": 3.18, ""labels"": [191]}]"
2026_08_18/000,s7,v8,,cluster010,62.8,64.15,1.35,3.013,球M,192,0.972,0.135,0.45,0.027,0.029,0.861,object#17,,1,1,7,球M,1,2,"[{""name"": ""球M"", ""share"": 0.972, ""q"": 0.135, ""capture"": 0.45, ""miss_deg"": 1.26, ""labels"": [192]}, {""name"": ""球L"", ""share"": 0.028, ""q"": 0.004, ""capture"": 0.012, ""miss_deg"": 2.97, ""labels"": [191]}]"
2026_08_18/000,s7,v8,,cluster010,66.93,67.26,0.32,2.823,,-1,0.0,0.0,,,,1.0,floor,,0,0,,,,0,[]
2026_08_18/000,s7,v8,,cluster010,67.58,67.85,0.27,3.192,,-1,0.0,0.0,,,,1.0,floor,,0,0,,,,0,[]
2026_08_18/000,s7,v8,,cluster010,68.03,69.71,1.68,2.952,,-1,0.0,0.0,,,,1.0,object#11,,0,0,,,,0,[]
2026_08_18/000,s7,v8,,cluster010,69.77,70.04,0.27,2.868,,-1,0.0,0.0,,,,1.0,object#11,,0,0,,,,0,[]
2026_08_18/000,s7,v8,,cluster010,70.44,71.9,1.46,2.973,球M,192,0.792,0.232,0.77,0.242,0.254,0.707,object#10,,1,1,,,,3,"[{""name"": ""球M"", ""share"": 0.792, ""q"": 0.232, ""capture"": 0.77, ""miss_deg"": 0.72, ""labels"": [192]}, {""name"": ""球L"", ""share"": 0.201, ""q"": 0.059, ""capture"": 0.186, ""miss_deg"": 1.83, ""labels"": [191]}, {""name"": ""球R"", ""share"": 0.007, ""q"": 0.002, ""capture"": 0.007, ""miss_deg"": 3.14, ""labels"": [193]}]"
2026_08_18/000,s7,v8,,cluster010,72.06,73.42,1.36,2.946,球M,192,0.909,0.197,0.624,0.087,0.086,0.783,object#17,,1,1,,,,3,"[{""name"": ""球M"", ""share"": 0.909, ""q"": 0.197, ""capture"": 0.624, ""miss_deg"": 0.97, ""labels"": [192]}, {""name"": ""球L"", ""share"": 0.078, ""q"": 0.017, ""capture"": 0.054, ""miss_deg"": 2.42, ""labels"": [191]}, {""name"": ""球R"", ""share"": 0.012, ""q"": 0.003, ""capture"": 0.009, ""miss_deg"": 3.05, ""labels"": [193]}]"
2026_08_18/000,s7,v8,,cluster010,73.48,75.37,1.9,3.054,球M,192,0.736,0.21,0.699,0.396,0.356,0.714,object#17,,1,1,8,球R,0,3,"[{""name"": ""球M"", ""share"": 0.736, ""q"": 0.21, ""capture"": 0.699, ""miss_deg"": 0.85, ""labels"": [192]}, {""name"": ""球R"", ""share"": 0.262, ""q"": 0.075, ""capture"": 0.277, ""miss_deg"": 1.6, ""labels"": [193]}, {""name"": ""球L"", ""share"": 0.002, ""q"": 0.001, ""capture"": 0.002, ""miss_deg"": 3.53, ""labels"": [191]}]"
2026_08_18/000,s7,v8,,cluster010,75.65,76.73,1.08,3.112,球M,192,0.695,0.173,0.604,0.49,0.437,0.752,object#17,,1,1,8,球R,0,3,"[{""name"": ""球M"", ""share"": 0.695, ""q"": 0.173, ""capture"": 0.604, ""miss_deg"": 1.0, ""labels"": [192]}, {""name"": ""球R"", ""share"": 0.304, ""q"": 0.075, ""capture"": 0.296, ""miss_deg"": 1.56, ""labels"": [193]}, {""name"": ""球L"", ""share"": 0.002, ""q"": 0.0, ""capture"": 0.001, ""miss_deg"": 3.64, ""labels"": [191]}]"
2026_08_18/000,s7,v8,,cluster010,76.79,79.66,2.87,2.943,球M,192,0.902,0.255,0.806,0.081,0.072,0.718,object#17,,1,1,8,球R,0,3,"[{""name"": ""球M"", ""share"": 0.902, ""q"": 0.255, ""capture"": 0.806, ""miss_deg"": 0.66, ""labels"": [192]}, {""name"": ""球R"", ""share"": 0.065, ""q"": 0.018, ""capture"": 0.065, ""miss_deg"": 2.34, ""labels"": [193]}, {""name"": ""球L"", ""share"": 0.033, ""q"": 0.009, ""capture"": 0.029, ""miss_deg"": 2.66, ""labels"": [191]}]"
2026_08_18/000,s7,v8,,cluster010,80.27,85.36,5.09,3.259,球R,193,0.637,0.087,0.375,0.485,0.57,0.864,object#17,,1,1,9,球R,1,2,"[{""name"": ""球R"", ""share"": 0.637, ""q"": 0.087, ""capture"": 0.375, ""miss_deg"": 1.4, ""labels"": [193]}, {""name"": ""球M"", ""share"": 0.363, ""q"": 0.049, ""capture"": 0.182, ""miss_deg"": 1.84, ""labels"": [192]}]"
2026_08_18/000,s7,v8,,cluster010,85.42,85.9,0.49,2.988,球M,192,0.93,0.213,0.707,0.065,0.058,0.772,object#17,,1,1,,,,3,"[{""name"": ""球M"", ""share"": 0.93, ""q"": 0.213, ""capture"": 0.707, ""miss_deg"": 0.83, ""labels"": [192]}, {""name"": ""球R"", ""share"": 0.054, ""q"": 0.012, ""capture"": 0.046, ""miss_deg"": 2.49, ""labels"": [193]}, {""name"": ""球L"", ""share"": 0.016, ""q"": 0.004, ""capture"": 0.011, ""miss_deg"": 2.99, ""labels"": [191]}]"
2026_08_18/000,s7,v8,,cluster010,85.96,86.55,0.6,3.271,球R,193,0.697,0.145,0.629,0.394,0.435,0.792,object#17,,1,1,,,,2,"[{""name"": ""球R"", ""share"": 0.697, ""q"": 0.145, ""capture"": 0.629, ""miss_deg"": 0.96, ""labels"": [193]}, {""name"": ""球M"", ""share"": 0.303, ""q"": 0.063, ""capture"": 0.248, ""miss_deg"": 1.67, ""labels"": [192]}]"
2026_08_18/000,s7,v8,,cluster010,86.8,87.55,0.76,2.99,球M,192,0.929,0.193,0.642,0.061,0.065,0.792,object#17,,1,1,10,球M,1,3,"[{""name"": ""球M"", ""share"": 0.929, ""q"": 0.193, ""capture"": 0.642, ""miss_deg"": 0.94, ""labels"": [192]}, {""name"": ""球L"", ""share"": 0.06, ""q"": 0.012, ""capture"": 0.039, ""miss_deg"": 2.54, ""labels"": [191]}, {""name"": ""球R"", ""share"": 0.011, ""q"": 0.002, ""capture"": 0.009, ""miss_deg"": 3.08, ""labels"": [193]}]"
2026_08_18/000,s7,v8,,cluster010,87.61,88.04,0.43,3.14,球M,192,0.751,0.213,0.786,0.359,0.328,0.717,object#70,,1,1,10,球M,1,3,"[{""name"": ""球M"", ""share"": 0.751, ""q"": 0.213, ""capture"": 0.786, ""miss_deg"": 0.69, ""labels"": [192]}, {""name"": ""球R"", ""share"": 0.246, ""q"": 0.07, ""capture"": 0.282, ""miss_deg"": 1.59, ""labels"": [193]}, {""name"": ""球L"", ""share"": 0.003, ""q"": 0.001, ""capture"": 0.002, ""miss_deg"": 3.47, ""labels"": [191]}]"
2026_08_18/000,s7,v8,,cluster010,88.1,92.65,4.55,2.979,球M,192,0.873,0.203,0.674,0.128,0.134,0.768,object#17,,1,1,10,球M,1,3,"[{""name"": ""球M"", ""share"": 0.873, ""q"": 0.203, ""capture"": 0.674, ""miss_deg"": 0.89, ""labels"": [192]}, {""name"": ""球L"", ""share"": 0.117, ""q"": 0.027, ""capture"": 0.086, ""miss_deg"": 2.21, ""labels"": [191]}, {""name"": ""球R"", ""share"": 0.01, ""q"": 0.002, ""capture"": 0.008, ""miss_deg"": 3.09, ""labels"": [193]}]"
2026_08_18/000,s7,v8,,cluster010,92.81,93.95,1.14,2.976,球M,192,0.818,0.202,0.672,0.201,0.211,0.753,object#17,,1,1,,,,3,"[{""name"": ""球M"", ""share"": 0.818, ""q"": 0.202, ""capture"": 0.672, ""miss_deg"": 0.89, ""labels"": [192]}, {""name"": ""球L"", ""share"": 0.173, ""q"": 0.043, ""capture"": 0.135, ""miss_deg"": 2.0, ""labels"": [191]}, {""name"": ""球R"", ""share"": 0.009, ""q"": 0.002, ""capture"": 0.009, ""miss_deg"": 3.08, ""labels"": [193]}]"
2026_08_18/000,s7,v8,,cluster010,94.3,100.22,5.91,3.01,球L,191,0.952,0.376,1.192,0.018,0.017,0.605,object#36,,1,1,11,球L,1,3,"[{""name"": ""球L"", ""share"": 0.952, ""q"": 0.376, ""capture"": 1.192, ""miss_deg"": 0.0, ""labels"": [191]}, {""name"": ""球M"", ""share"": 0.016, ""q"": 0.006, ""capture"": 0.021, ""miss_deg"": 2.77, ""labels"": [192]}, {""name"": ""香蕉"", ""share"": 0.031, ""q"": 0.012, ""capture"": 0.016, ""miss_deg"": 2.88, ""labels"": [196]}]"
2026_08_18/000,s7,v8,,cluster010,100.27,101.9,1.62,3.029,球M,192,0.881,0.216,0.717,0.078,0.082,0.755,object#17,,1,1,,,,3,"[{""name"": ""球M"", ""share"": 0.881, ""q"": 0.216, ""capture"": 0.717, ""miss_deg"": 0.82, ""labels"": [192]}, {""name"": ""球L"", ""share"": 0.072, ""q"": 0.018, ""capture"": 0.056, ""miss_deg"": 2.4, ""labels"": [191]}, {""name"": ""球R"", ""share"": 0.047, ""q"": 0.012, ""capture"": 0.043, ""miss_deg"": 2.51, ""labels"": [193]}]"
2026_08_18/000,s7,v8,,cluster010,102.18,103.48,1.3,3.055,球M,192,0.872,0.244,0.81,0.112,0.101,0.72,object#70,,1,1,12,球M,1,3,"[{""name"": ""球M"", ""share"": 0.872, ""q"": 0.244, ""capture"": 0.81, ""miss_deg"": 0.65, ""labels"": [192]}, {""name"": ""球R"", ""share"": 0.088, ""q"": 0.025, ""capture"": 0.091, ""miss_deg"": 2.19, ""labels"": [193]}, {""name"": ""球L"", ""share"": 0.04, ""q"": 0.011, ""capture"": 0.037, ""miss_deg"": 2.57, ""labels"": [191]}]"
2026_08_18/000,s7,v8,,cluster010,103.53,105.0,1.47,3.123,球M,192,0.777,0.229,0.802,0.299,0.266,0.705,object#70,,1,1,12,球M,1,3,"[{""name"": ""球M"", ""share"": 0.777, ""q"": 0.229, ""capture"": 0.802, ""miss_deg"": 0.67, ""labels"": [192]}, {""name"": ""球R"", ""share"": 0.207, ""q"": 0.061, ""capture"": 0.24, ""miss_deg"": 1.69, ""labels"": [193]}, {""name"": ""球L"", ""share"": 0.01, ""q"": 0.003, ""capture"": 0.01, ""miss_deg"": 3.05, ""labels"": [191]}]"
2026_08_18/000,s7,v8,,cluster010,105.05,105.6,0.54,3.259,球R,193,0.508,0.135,0.585,0.827,0.969,0.734,object#70,,1,1,12,球M,0,2,"[{""name"": ""球R"", ""share"": 0.508, ""q"": 0.135, ""capture"": 0.585, ""miss_deg"": 1.04, ""labels"": [193]}, {""name"": ""球M"", ""share"": 0.492, ""q"": 0.131, ""capture"": 0.484, ""miss_deg"": 1.2, ""labels"": [192]}]"
2026_08_18/000,s7,v8,,cluster010,105.65,107.81,2.16,3.033,球M,192,0.866,0.266,0.885,0.097,0.097,0.692,object#70,,1,1,12,球M,1,3,"[{""name"": ""球M"", ""share"": 0.866, ""q"": 0.266, ""capture"": 0.885, ""miss_deg"": 0.49, ""labels"": [192]}, {""name"": ""球L"", ""share"": 0.084, ""q"": 0.026, ""capture"": 0.086, ""miss_deg"": 2.22, ""labels"": [191]}, {""name"": ""球R"", ""share"": 0.05, ""q"": 0.015, ""capture"": 0.057, ""miss_deg"": 2.4, ""labels"": [193]}]"
2026_08_18/000,s7,v8,,cluster010,108.19,108.78,0.6,3.34,球R,193,0.948,0.152,0.683,0.05,0.055,0.839,object#63,,1,1,13,球R,1,2,"[{""name"": ""球R"", ""share"": 0.948, ""q"": 0.152, ""capture"": 0.683, ""miss_deg"": 0.87, ""labels"": [193]}, {""name"": ""球M"", ""share"": 0.052, ""q"": 0.008, ""capture"": 0.034, ""miss_deg"": 2.6, ""labels"": [192]}]"
2026_08_18/000,s7,v8,,cluster010,108.89,109.98,1.09,3.317,球R,193,0.858,0.173,0.747,0.155,0.166,0.799,object#136,,1,1,13,球R,1,2,"[{""name"": ""球R"", ""share"": 0.858, ""q"": 0.173, ""capture"": 0.747, ""miss_deg"": 0.76, ""labels"": [193]}, {""name"": ""球M"", ""share"": 0.142, ""q"": 0.029, ""capture"": 0.116, ""miss_deg"": 2.08, ""labels"": [192]}]"
2026_08_18/000,s7,v8,,cluster010,110.03,112.14,2.11,3.336,球R,193,0.751,0.161,0.724,0.3,0.332,0.785,object#136,,1,1,13,球R,1,2,"[{""name"": ""球R"", ""share"": 0.751, ""q"": 0.161, ""capture"": 0.724, ""miss_deg"": 0.8, ""labels"": [193]}, {""name"": ""球M"", ""share"": 0.249, ""q"": 0.053, ""capture"": 0.217, ""miss_deg"": 1.75, ""labels"": [192]}]"
2026_08_18/000,s7,v8,,cluster010,112.21,112.75,0.54,3.154,球M,192,0.706,0.182,0.673,0.303,0.276,0.742,object#70,,1,1,13,球R,0,3,"[{""name"": ""球M"", ""share"": 0.706, ""q"": 0.182, ""capture"": 0.673, ""miss_deg"": 0.89, ""labels"": [192]}, {""name"": ""球R"", ""share"": 0.195, ""q"": 0.05, ""capture"": 0.204, ""miss_deg"": 1.78, ""labels"": [193]}, {""name"": ""石榴"", ""share"": 0.099, ""q"": 0.025, ""capture"": 0.114, ""miss_deg"": 2.08, ""labels"": [195]}]"
2026_08_18/000,s7,v8,,cluster010,112.8,113.24,0.43,3.335,球R,193,0.857,0.174,0.781,0.151,0.167,0.797,object#136,,1,1,13,球R,1,2,"[{""name"": ""球R"", ""share"": 0.857, ""q"": 0.174, ""capture"": 0.781, ""miss_deg"": 0.7, ""labels"": [193]}, {""name"": ""球M"", ""share"": 0.143, ""q"": 0.029, ""capture"": 0.118, ""miss_deg"": 2.07, ""labels"": [192]}]"
2026_08_18/000,s7,v8,,cluster010,113.51,115.08,1.57,3.39,球R,193,0.882,0.152,0.682,0.12,0.134,0.828,object#136,,1,1,,,,2,"[{""name"": ""球R"", ""share"": 0.882, ""q"": 0.152, ""capture"": 0.682, ""miss_deg"": 0.88, ""labels"": [193]}, {""name"": ""球M"", ""share"": 0.118, ""q"": 0.02, ""capture"": 0.082, ""miss_deg"": 2.24, ""labels"": [192]}]"
2026_08_18/000,s7,v8,,cluster010,115.4,116.27,0.87,3.053,球M,192,0.894,0.257,0.856,0.112,0.101,0.712,object#70,,1,1,14,球M,1,3,"[{""name"": ""球M"", ""share"": 0.894, ""q"": 0.257, ""capture"": 0.856, ""miss_deg"": 0.56, ""labels"": [192]}, {""name"": ""球R"", ""share"": 0.09, ""q"": 0.026, ""capture"": 0.096, ""miss_deg"": 2.16, ""labels"": [193]}, {""name"": ""球L"", ""share"": 0.016, ""q"": 0.005, ""capture"": 0.015, ""miss_deg"": 2.89, ""labels"": [191]}]"
2026_08_18/000,s7,v8,,cluster010,116.32,121.2,4.87,3.109,球M,192,0.861,0.231,0.808,0.167,0.149,0.732,object#17,,1,1,14,球M,1,3,"[{""name"": ""球M"", ""share"": 0.861, ""q"": 0.231, ""capture"": 0.808, ""miss_deg"": 0.65, ""labels"": [192]}, {""name"": ""球R"", ""share"": 0.128, ""q"": 0.034, ""capture"": 0.135, ""miss_deg"": 2.0, ""labels"": [193]}, {""name"": ""球L"", ""share"": 0.01, ""q"": 0.003, ""capture"": 0.009, ""miss_deg"": 3.08, ""labels"": [191]}]"
2026_08_18/000,s7,v8,,cluster010,121.25,121.69,0.43,3.364,球R,193,0.576,0.059,0.265,0.664,0.736,0.898,object#17,,1,1,,,,2,"[{""name"": ""球R"", ""share"": 0.576, ""q"": 0.059, ""capture"": 0.265, ""miss_deg"": 1.63, ""labels"": [193]}, {""name"": ""球M"", ""share"": 0.424, ""q"": 0.043, ""capture"": 0.176, ""miss_deg"": 1.86, ""labels"": [192]}]"
2026_08_18/000,s7,v8,,cluster010,121.74,124.56,2.82,3.013,球L,191,0.881,0.341,1.081,0.102,0.096,0.613,object#10,,1,1,,,,3,"[{""name"": ""球L"", ""share"": 0.881, ""q"": 0.341, ""capture"": 1.081, ""miss_deg"": 0.0, ""labels"": [191]}, {""name"": ""球M"", ""share"": 0.085, ""q"": 0.033, ""capture"": 0.11, ""miss_deg"": 2.1, ""labels"": [192]}, {""name"": ""香蕉"", ""share"": 0.034, ""q"": 0.013, ""capture"": 0.017, ""miss_deg"": 2.86, ""labels"": [196]}]"
2026_08_18/000,s7,v8,,cluster010,124.73,128.59,3.86,3.034,球L,191,0.879,0.34,1.13,0.096,0.096,0.613,object#10,,1,1,15,球L,1,3,"[{""name"": ""球L"", ""share"": 0.879, ""q"": 0.34, ""capture"": 1.13, ""miss_deg"": 0.0, ""labels"": [191]}, {""name"": ""球M"", ""share"": 0.084, ""q"": 0.032, ""capture"": 0.108, ""miss_deg"": 2.11, ""labels"": [192]}, {""name"": ""香蕉"", ""share"": 0.037, ""q"": 0.014, ""capture"": 0.019, ""miss_deg"": 2.82, ""labels"": [196]}]"
2026_08_18/000,s7,v8,,cluster010,130.75,131.07,0.32,2.104,,-1,0.0,0.0,,,,1.0,object#28,,0,0,,,,0,[]
2026_08_18/000,s7,v8,,cluster010,131.13,131.4,0.27,1.794,,-1,0.0,0.0,,,,1.0,object#49,,0,0,,,,0,[]
2026_08_18/000,s7,v8,,cluster010,131.45,131.95,0.5,1.583,,-1,0.0,0.0,,,,1.0,object#49,,0,0,,,,0,[]
2026_08_20/000,c1,v9,,cluster010,1.79,2.06,0.27,2.63,,-1,0.0,0.0,,,,1.0,floor,,0,0,,,,0,[]
2026_08_20/000,c1,v9,,cluster010,4.23,4.55,0.32,2.275,,-1,0.0,0.0,,,,1.0,floor,,0,0,,,,0,[]
2026_08_20/000,c1,v9,,cluster010,5.09,5.69,0.6,1.918,白杯1,266,0.896,0.556,0.791,0.047,0.027,0.38,object#12,,1,1,,,,3,"[{""name"": ""白杯1"", ""share"": 0.896, ""q"": 0.556, ""capture"": 0.791, ""miss_deg"": 0.68, ""labels"": [266]}, {""name"": ""球R"", ""share"": 0.024, ""q"": 0.015, ""capture"": 0.037, ""miss_deg"": 2.56, ""labels"": [263]}, {""name"": ""红杯"", ""share"": 0.052, ""q"": 0.032, ""capture"": 0.036, ""miss_deg"": 2.58, ""labels"": [49]}]"
2026_08_20/000,c1,v9,,cluster010,6.59,7.89,1.3,2.294,水瓶,30,0.752,0.479,0.494,0.249,0.257,0.362,object#12,,1,1,,,,3,"[{""name"": ""水瓶"", ""share"": 0.752, ""q"": 0.479, ""capture"": 0.494, ""miss_deg"": 1.19, ""labels"": [30]}, {""name"": ""香蕉"", ""share"": 0.193, ""q"": 0.123, ""capture"": 0.123, ""miss_deg"": 2.05, ""labels"": [264]}, {""name"": ""苹果红"", ""share"": 0.049, ""q"": 0.031, ""capture"": 0.08, ""miss_deg"": 2.25, ""labels"": [260]}]"
2026_08_20/000,c1,v9,,cluster010,8.36,8.63,0.27,3.156,,-1,0.0,0.0,,,,1.0,object#17,,0,0,,,,0,[]
2026_08_20/000,c1,v9,,cluster010,8.91,9.23,0.32,3.486,,-1,0.0,0.0,,,,1.0,object#26,,0,0,,,,0,[]
2026_08_20/000,c1,v9,,cluster010,10.31,11.12,0.81,2.642,,-1,0.0,0.0,,,,1.0,floor,,0,0,,,,0,[]
2026_08_20/000,c1,v9,,cluster010,11.38,11.87,0.49,2.456,,-1,0.0,0.0,,,,1.0,floor,,0,0,,,,0,[]
2026_08_20/000,c1,v9,,cluster010,11.92,12.2,0.27,2.321,,-1,0.0,0.0,,,,1.0,floor,,0,0,,,,0,[]
2026_08_20/000,c1,v9,,cluster010,12.25,12.52,0.27,2.326,,-1,0.0,0.0,,,,1.0,floor,,0,0,,,,0,[]
2026_08_20/000,c1,v9,,cluster010,12.69,13.17,0.48,2.6,,-1,0.0,0.0,,,,1.0,floor,,0,0,,,,0,[]
2026_08_20/000,c1,v9,,cluster010,13.86,16.48,2.62,2.217,球L,259,0.869,0.352,1.114,0.075,0.102,0.596,物品台,,1,1,,,,3,"[{""name"": ""球L"", ""share"": 0.869, ""q"": 0.352, ""capture"": 1.114, ""miss_deg"": 0.0, ""labels"": [259]}, {""name"": ""苹果红"", ""share"": 0.089, ""q"": 0.036, ""capture"": 0.083, ""miss_deg"": 2.23, ""labels"": [260]}, {""name"": ""苹果粉"", ""share"": 0.03, ""q"": 0.012, ""capture"": 0.022, ""miss_deg"": 2.76, ""labels"": [64]}]"
2026_08_20/000,c1,v9,,cluster010,16.53,17.08,0.54,2.107,球M,261,0.652,0.02,0.065,0.154,0.48,0.969,物品台,,0,0,,,,3,"[{""name"": ""球M"", ""share"": 0.652, ""q"": 0.02, ""capture"": 0.065, ""miss_deg"": 2.34, ""labels"": [261]}, {""name"": ""水瓶"", ""share"": 0.313, ""q"": 0.01, ""capture"": 0.01, ""miss_deg"": 3.04, ""labels"": [30]}, {""name"": ""球L"", ""share"": 0.035, ""q"": 0.001, ""capture"": 0.003, ""miss_deg"": 3.4, ""labels"": [259]}]"
2026_08_20/000,c1,v9,,cluster010,17.13,20.81,3.68,2.154,球R,263,0.737,0.076,0.236,0.114,0.355,0.897,物品台,,1,1,1,球R,1,3,"[{""name"": ""球R"", ""share"": 0.737, ""q"": 0.076, ""capture"": 0.236, ""miss_deg"": 1.7, ""labels"": [263]}, {""name"": ""水瓶"", ""share"": 0.262, ""q"": 0.027, ""capture"": 0.027, ""miss_deg"": 2.68, ""labels"": [30]}, {""name"": ""白杯2"", ""share"": 0.001, ""q"": 0.0, ""capture"": 0.0, ""miss_deg"": 4.08, ""labels"": [267]}]"
2026_08_20/000,c1,v9,,cluster010,21.03,23.09,2.06,2.168,球R,263,0.803,0.096,0.303,0.059,0.189,0.881,物品台,,1,1,1,球R,1,3,"[{""name"": ""球R"", ""share"": 0.803, ""q"": 0.096, ""capture"": 0.303, ""miss_deg"": 1.54, ""labels"": [263]}, {""name"": ""水瓶"", ""share"": 0.152, ""q"": 0.018, ""capture"": 0.018, ""miss_deg"": 2.83, ""labels"": [30]}, {""name"": ""白杯1"", ""share"": 0.045, ""q"": 0.005, ""capture"": 0.009, ""miss_deg"": 3.07, ""labels"": [266]}]"
2026_08_20/000,c1,v9,,cluster010,23.15,27.79,4.64,2.228,球M,261,0.669,0.39,1.295,0.126,0.41,0.417,物品台,,1,1,2,香蕉,0,3,"[{""name"": ""球M"", ""share"": 0.669, ""q"": 0.39, ""capture"": 1.295, ""miss_deg"": 0.0, ""labels"": [261]}, {""name"": ""水瓶"", ""share"": 0.274, ""q"": 0.16, ""capture"": 0.163, ""miss_deg"": 1.9, ""labels"": [30]}, {""name"": ""香蕉"", ""share"": 0.057, ""q"": 0.033, ""capture"": 0.033, ""miss_deg"": 2.61, ""labels"": [264]}]"
2026_08_20/000,c1,v9,,cluster010,27.96,30.34,2.38,2.246,球M,261,0.343,0.223,0.741,0.451,1.464,0.349,object#12,,0,0,2,香蕉,0,3,"[{""name"": ""球M"", ""share"": 0.343, ""q"": 0.223, ""capture"": 0.741, ""miss_deg"": 0.77, ""labels"": [261]}, {""name"": ""水瓶"", ""share"": 0.502, ""q"": 0.327, ""capture"": 0.334, ""miss_deg"": 1.48, ""labels"": [30]}, {""name"": ""苹果红"", ""share"": 0.071, ""q"": 0.046, ""capture"": 0.116, ""miss_deg"": 2.08, ""labels"": [260]}]"
2026_08_20/000,c1,v9,,cluster010,30.9,36.8,5.9,3.052,纸箱子,33,1.0,0.794,0.794,0.0,0.0,0.206,object#38,,1,1,3,纸箱子,1,1,"[{""name"": ""纸箱子"", ""share"": 1.0, ""q"": 0.794, ""capture"": 0.794, ""miss_deg"": 0.68, ""labels"": [33, 73]}]"
2026_08_20/000,c1,v9,,cluster010,36.98,39.9,2.92,2.25,苹果粉,64,0.894,0.257,0.471,0.1,0.057,0.713,物品台,,1,1,,,,3,"[{""name"": ""苹果粉"", ""share"": 0.894, ""q"": 0.257, ""capture"": 0.471, ""miss_deg"": 1.23, ""labels"": [64]}, {""name"": ""球L"", ""share"": 0.051, ""q"": 0.015, ""capture"": 0.047, ""miss_deg"": 2.48, ""labels"": [259]}, {""name"": ""水瓶"", ""share"": 0.055, ""q"": 0.016, ""capture"": 0.016, ""miss_deg"": 2.87, ""labels"": [30]}]"
2026_08_20/000,c1,v9,,cluster010,40.02,43.97,3.95,2.237,苹果粉,64,0.666,0.092,0.169,0.722,0.42,0.862,物品台,,0,0,4,苹果粉,1,3,"[{""name"": ""苹果粉"", ""share"": 0.666, ""q"": 0.092, ""capture"": 0.169, ""miss_deg"": 1.89, ""labels"": [64]}, {""name"": ""球L"", ""share"": 0.28, ""q"": 0.039, ""capture"": 0.122, ""miss_deg"": 2.05, ""labels"": [259]}, {""name"": ""水瓶"", ""share"": 0.05, ""q"": 0.007, ""capture"": 0.007, ""miss_deg"": 3.15, ""labels"": [30]}]"
2026_08_20/000,c1,v9,,cluster010,44.21,49.73,5.52,2.342,白杯1,266,0.565,0.211,0.387,0.78,0.432,0.627,object#12,,1,1,5,白杯1,1,3,"[{""name"": ""白杯1"", ""share"": 0.565, ""q"": 0.211, ""capture"": 0.387, ""miss_deg"": 1.38, ""labels"": [266]}, {""name"": ""球R"", ""share"": 0.244, ""q"": 0.091, ""capture"": 0.302, ""miss_deg"": 1.55, ""labels"": [263]}, {""name"": ""香蕉"", ""share"": 0.12, ""q"": 0.045, ""capture"": 0.045, ""miss_deg"": 2.49, ""labels"": [264]}]"
2026_08_20/000,c1,v9,,cluster010,49.92,55.5,5.58,2.29,球M,261,0.327,0.264,0.877,0.496,1.602,0.194,object#12,,0,0,6,水瓶,0,3,"[{""name"": ""球M"", ""share"": 0.327, ""q"": 0.264, ""capture"": 0.877, ""miss_deg"": 0.51, ""labels"": [261]}, {""name"": ""水瓶"", ""share"": 0.524, ""q"": 0.423, ""capture"": 0.435, ""miss_deg"": 1.29, ""labels"": [30]}, {""name"": ""香蕉"", ""share"": 0.149, ""q"": 0.12, ""capture"": 0.12, ""miss_deg"": 2.06, ""labels"": [264]}]"
2026_08_20/000,c1,v9,,cluster010,55.56,56.04,0.49,2.205,球M,261,0.914,0.213,0.708,0.028,0.094,0.767,物品台,,1,1,6,水瓶,0,2,"[{""name"": ""球M"", ""share"": 0.914, ""q"": 0.213, ""capture"": 0.708, ""miss_deg"": 0.83, ""labels"": [261]}, {""name"": ""水瓶"", ""share"": 0.086, ""q"": 0.02, ""capture"": 0.02, ""miss_deg"": 2.79, ""labels"": [30]}]"
2026_08_20/000,c1,v9,,cluster010,56.15,57.61,1.46,2.257,球M,261,0.728,0.245,0.813,0.109,0.357,0.664,物品台,,1,1,6,水瓶,0,3,"[{""name"": ""球M"", ""share"": 0.728, ""q"": 0.245, ""capture"": 0.813, ""miss_deg"": 0.64, ""labels"": [261]}, {""name"": ""水瓶"", ""share"": 0.26, ""q"": 0.087, ""capture"": 0.089, ""miss_deg"": 2.2, ""labels"": [30]}, {""name"": ""香蕉"", ""share"": 0.01, ""q"": 0.003, ""capture"": 0.003, ""miss_deg"": 3.38, ""labels"": [264]}]"
2026_08_20/000,c1,v9,,cluster010,57.82,60.63,2.82,2.305,球M,261,0.232,0.188,0.66,0.786,2.664,0.186,object#12,,0,0,,,,3,"[{""name"": ""球M"", ""share"": 0.232, ""q"": 0.188, ""capture"": 0.66, ""miss_deg"": 0.91, ""labels"": [261]}, {""name"": ""水瓶"", ""share"": 0.618, ""q"": 0.503, ""capture"": 0.519, ""miss_deg"": 1.15, ""labels"": [30]}, {""name"": ""香蕉"", ""share"": 0.134, ""q"": 0.109, ""capture"": 0.109, ""miss_deg"": 2.1, ""labels"": [264]}]"
2026_08_20/000,c1,v9,,cluster010,61.2,62.44,1.25,3.392,,-1,0.0,0.0,,,,1.0,object#36,,0,0,,,,0,[]
2026_08_20/000,c1,v9,,cluster010,62.5,62.77,0.27,3.423,,-1,0.0,0.0,,,,1.0,object#36,,0,0,,,,0,[]
2026_08_20/000,c1,v9,,cluster010,64.01,64.28,0.27,2.238,球L,259,0.936,0.157,0.496,0.018,0.059,0.833,物品台,,1,1,,,,3,"[{""name"": ""球L"", ""share"": 0.936, ""q"": 0.157, ""capture"": 0.496, ""miss_deg"": 1.18, ""labels"": [259]}, {""name"": ""水瓶"", ""share"": 0.055, ""q"": 0.009, ""capture"": 0.009, ""miss_deg"": 3.05, ""labels"": [30]}, {""name"": ""苹果红"", ""share"": 0.007, ""q"": 0.001, ""capture"": 0.003, ""miss_deg"": 3.43, ""labels"": [260]}]"
2026_08_20/000,c1,v9,,cluster010,64.33,64.93,0.6,2.254,球M,261,0.77,0.305,1.015,0.084,0.27,0.604,物品台,,1,1,,,,3,"[{""name"": ""球M"", ""share"": 0.77, ""q"": 0.305, ""capture"": 1.015, ""miss_deg"": 0.0, ""labels"": [261]}, {""name"": ""水瓶"", ""share"": 0.208, ""q"": 0.083, ""capture"": 0.085, ""miss_deg"": 2.22, ""labels"": [30]}, {""name"": ""香蕉"", ""share"": 0.021, ""q"": 0.008, ""capture"": 0.008, ""miss_deg"": 3.09, ""labels"": [264]}]"
2026_08_20/000,c1,v9,,cluster010,64.98,65.36,0.38,2.249,球M,261,0.62,0.062,0.206,0.18,0.352,0.9,物品台,,1,1,,,,3,"[{""name"": ""球M"", ""share"": 0.62, ""q"": 0.062, ""capture"": 0.206, ""miss_deg"": 1.78, ""labels"": [261]}, {""name"": ""白杯1"", ""share"": 0.218, ""q"": 0.022, ""capture"": 0.037, ""miss_deg"": 2.56, ""labels"": [266]}, {""name"": ""球R"", ""share"": 0.076, ""q"": 0.008, ""capture"": 0.024, ""miss_deg"": 2.73, ""labels"": [263]}]"
2026_08_20/000,c1,v9,,cluster010,65.58,66.07,0.49,2.202,球L,259,0.765,0.103,0.327,0.073,0.071,0.865,物品台,,1,1,,,,3,"[{""name"": ""球L"", ""share"": 0.765, ""q"": 0.103, ""capture"": 0.327, ""miss_deg"": 1.5, ""labels"": [259]}, {""name"": ""球M"", ""share"": 0.054, ""q"": 0.007, ""capture"": 0.024, ""miss_deg"": 2.73, ""labels"": [261]}, {""name"": ""水瓶"", ""share"": 0.164, ""q"": 0.022, ""capture"": 0.022, ""miss_deg"": 2.75, ""labels"": [30]}]"
2026_08_20/000,c1,v9,,cluster010,66.18,72.53,6.35,2.304,球R,263,0.357,0.288,0.958,0.461,0.835,0.193,object#12,,0,0,7,红杯,0,3,"[{""name"": ""球R"", ""share"": 0.357, ""q"": 0.288, ""capture"": 0.958, ""miss_deg"": 0.29, ""labels"": [263]}, {""name"": ""白杯1"", ""share"": 0.298, ""q"": 0.24, ""capture"": 0.442, ""miss_deg"": 1.28, ""labels"": [266]}, {""name"": ""红杯"", ""share"": 0.267, ""q"": 0.215, ""capture"": 0.28, ""miss_deg"": 1.6, ""labels"": [49]}]"
2026_08_20/000,c1,v9,,cluster010,72.86,73.29,0.44,2.242,球L,259,0.861,0.154,0.487,0.068,0.116,0.822,物品台,,1,1,,,,3,"[{""name"": ""球L"", ""share"": 0.861, ""q"": 0.154, ""capture"": 0.487, ""miss_deg"": 1.2, ""labels"": [259]}, {""name"": ""苹果粉"", ""share"": 0.1, ""q"": 0.018, ""capture"": 0.033, ""miss_deg"": 2.62, ""labels"": [64]}, {""name"": ""水瓶"", ""share"": 0.031, ""q"": 0.006, ""capture"": 0.006, ""miss_deg"": 3.22, ""labels"": [30]}]"
2026_08_20/000,c1,v9,,cluster010,73.51,76.76,3.25,2.25,球L,259,0.623,0.359,1.138,0.409,0.517,0.424,物品台,,1,1,8,苹果红,0,3,"[{""name"": ""球L"", ""share"": 0.623, ""q"": 0.359, ""capture"": 1.138, ""miss_deg"": 0.0, ""labels"": [259]}, {""name"": ""苹果红"", ""share"": 0.322, ""q"": 0.186, ""capture"": 0.466, ""miss_deg"": 1.24, ""labels"": [260]}, {""name"": ""苹果粉"", ""share"": 0.015, ""q"": 0.009, ""capture"": 0.016, ""miss_deg"": 2.87, ""labels"": [64, 250]}]"
2026_08_20/000,c1,v9,,cluster010,76.81,77.08,0.27,2.294,球M,261,0.652,0.278,0.925,0.075,0.241,0.573,物品台,,1,1,8,苹果红,0,3,"[{""name"": ""球M"", ""share"": 0.652, ""q"": 0.278, ""capture"": 0.925, ""miss_deg"": 0.39, ""labels"": [261]}, {""name"": ""水瓶"", ""share"": 0.157, ""q"": 0.067, ""capture"": 0.069, ""miss_deg"": 2.31, ""labels"": [30]}, {""name"": ""香蕉"", ""share"": 0.152, ""q"": 0.065, ""capture"": 0.065, ""miss_deg"": 2.34, ""labels"": [264]}]"
2026_08_20/000,c1,v9,,cluster010,77.14,79.85,2.71,2.246,球L,259,0.348,0.171,0.543,0.75,0.948,0.508,object#12,,0,0,8,苹果红,0,3,"[{""name"": ""球L"", ""share"": 0.348, ""q"": 0.171, ""capture"": 0.543, ""miss_deg"": 1.11, ""labels"": [259]}, {""name"": ""苹果红"", ""share"": 0.33, ""q"": 0.162, ""capture"": 0.407, ""miss_deg"": 1.34, ""labels"": [260]}, {""name"": ""水瓶"", ""share"": 0.199, ""q"": 0.098, ""capture"": 0.1, ""miss_deg"": 2.14, ""labels"": [30]}]"
2026_08_20/000,c1,v9,,cluster010,80.36,83.24,2.88,2.215,球M,261,0.782,0.125,0.417,0.084,0.275,0.84,物品台,,1,1,9,球M,1,3,"[{""name"": ""球M"", ""share"": 0.782, ""q"": 0.125, ""capture"": 0.417, ""miss_deg"": 1.32, ""labels"": [261]}, {""name"": ""水瓶"", ""share"": 0.215, ""q"": 0.034, ""capture"": 0.035, ""miss_deg"": 2.59, ""labels"": [30]}, {""name"": ""球L"", ""share"": 0.003, ""q"": 0.0, ""capture"": 0.002, ""miss_deg"": 3.6, ""labels"": [259]}]"
2026_08_20/000,c1,v9,,cluster010,83.35,86.45,3.1,2.248,球M,261,0.868,0.241,0.8,0.045,0.147,0.723,物品台,,1,1,9,球M,1,3,"[{""name"": ""球M"", ""share"": 0.868, ""q"": 0.241, ""capture"": 0.8, ""miss_deg"": 0.67, ""labels"": [261]}, {""name"": ""水瓶"", ""share"": 0.128, ""q"": 0.036, ""capture"": 0.036, ""miss_deg"": 2.57, ""labels"": [30]}, {""name"": ""香蕉"", ""share"": 0.003, ""q"": 0.001, ""capture"": 0.001, ""miss_deg"": 3.75, ""labels"": [264]}]"
2026_08_20/000,c1,v9,,cluster010,86.56,92.36,5.8,2.342,苹果红,260,0.539,0.266,0.69,0.355,0.33,0.507,物品台,,1,1,10,橘子,0,3,"[{""name"": ""苹果红"", ""share"": 0.539, ""q"": 0.266, ""capture"": 0.69, ""miss_deg"": 0.86, ""labels"": [260]}, {""name"": ""橘子"", ""share"": 0.178, ""q"": 0.088, ""capture"": 0.245, ""miss_deg"": 1.68, ""labels"": [262]}, {""name"": ""苹果粉"", ""share"": 0.132, ""q"": 0.065, ""capture"": 0.13, ""miss_deg"": 2.02, ""labels"": [64, 250]}]"
2026_08_20/000,c1,v9,,cluster010,92.6,93.35,0.76,2.304,苹果红,260,0.491,0.33,0.857,0.617,0.483,0.328,object#12,,1,0,,,,3,"[{""name"": ""苹果红"", ""share"": 0.491, ""q"": 0.33, ""capture"": 0.857, ""miss_deg"": 0.56, ""labels"": [260]}, {""name"": ""球L"", ""share"": 0.237, ""q"": 0.159, ""capture"": 0.529, ""miss_deg"": 1.13, ""labels"": [259]}, {""name"": ""水瓶"", ""share"": 0.12, ""q"": 0.08, ""capture"": 0.083, ""miss_deg"": 2.23, ""labels"": [30]}]"
2026_08_20/000,c1,v9,,cluster010,93.57,96.55,2.98,2.281,球L,259,0.795,0.281,0.935,0.077,0.102,0.646,物品台,,1,1,11,球L,1,3,"[{""name"": ""球L"", ""share"": 0.795, ""q"": 0.281, ""capture"": 0.935, ""miss_deg"": 0.37, ""labels"": [259]}, {""name"": ""苹果红"", ""share"": 0.081, ""q"": 0.029, ""capture"": 0.072, ""miss_deg"": 2.29, ""labels"": [260]}, {""name"": ""苹果粉"", ""share"": 0.093, ""q"": 0.033, ""capture"": 0.063, ""miss_deg"": 2.35, ""labels"": [64]}]"
2026_08_20/000,c1,v9,,cluster010,96.79,97.65,0.87,2.301,球L,259,0.75,0.377,1.254,0.205,0.263,0.497,物品台,,1,1,11,球L,1,3,"[{""name"": ""球L"", ""share"": 0.75, ""q"": 0.377, ""capture"": 1.254, ""miss_deg"": 0.0, ""labels"": [259]}, {""name"": ""苹果红"", ""share"": 0.197, ""q"": 0.099, ""capture"": 0.257, ""miss_deg"": 1.65, ""labels"": [260]}, {""name"": ""苹果粉"", ""share"": 0.019, ""q"": 0.009, ""capture"": 0.018, ""miss_deg"": 2.84, ""labels"": [64]}]"
2026_08_20/000,c1,v9,,cluster010,97.92,99.34,1.41,2.257,球L,259,0.823,0.27,0.857,0.114,0.145,0.672,物品台,,1,1,11,球L,1,3,"[{""name"": ""球L"", ""share"": 0.823, ""q"": 0.27, ""capture"": 0.857, ""miss_deg"": 0.56, ""labels"": [259]}, {""name"": ""苹果红"", ""share"": 0.119, ""q"": 0.039, ""capture"": 0.098, ""miss_deg"": 2.15, ""labels"": [260]}, {""name"": ""水瓶"", ""share"": 0.051, ""q"": 0.017, ""capture"": 0.017, ""miss_deg"": 2.85, ""labels"": [30]}]"
2026_08_20/000,c1,v9,,cluster010,99.39,99.94,0.55,2.279,白杯1,266,0.549,0.185,0.331,0.498,0.268,0.663,object#12,,1,1,,,,3,"[{""name"": ""白杯1"", ""share"": 0.549, ""q"": 0.185, ""capture"": 0.331, ""miss_deg"": 1.49, ""labels"": [266]}, {""name"": ""球R"", ""share"": 0.147, ""q"": 0.05, ""capture"": 0.165, ""miss_deg"": 1.9, ""labels"": [263]}, {""name"": ""球M"", ""share"": 0.076, ""q"": 0.026, ""capture"": 0.085, ""miss_deg"": 2.22, ""labels"": [261]}]"
2026_08_20/000,c1,v9,,cluster010,100.15,100.53,0.38,2.31,球R,263,0.408,0.249,0.829,0.645,1.169,0.389,object#12,,0,0,,,,3,"[{""name"": ""球R"", ""share"": 0.408, ""q"": 0.249, ""capture"": 0.829, ""miss_deg"": 0.61, ""labels"": [263]}, {""name"": ""白杯1"", ""share"": 0.477, ""q"": 0.291, ""capture"": 0.535, ""miss_deg"": 1.12, ""labels"": [266]}, {""name"": ""红杯"", ""share"": 0.084, ""q"": 0.051, ""capture"": 0.067, ""miss_deg"": 2.32, ""labels"": [49]}]"
2026_08_20/000,c1,v9,,cluster010,100.7,105.52,4.82,2.31,白杯2,267,0.48,0.365,0.754,0.666,0.415,0.239,object#12,,1,0,12,白杯2,1,3,"[{""name"": ""白杯2"", ""share"": 0.48, ""q"": 0.365, ""capture"": 0.754, ""miss_deg"": 0.75, ""labels"": [267]}, {""name"": ""球R"", ""share"": 0.199, ""q"": 0.151, ""capture"": 0.502, ""miss_deg"": 1.17, ""labels"": [263]}, {""name"": ""红杯"", ""share"": 0.291, ""q"": 0.222, ""capture"": 0.29, ""miss_deg"": 1.57, ""labels"": [49]}]"
2026_08_20/000,c1,v9,,cluster010,105.57,106.98,1.41,2.297,球R,263,0.387,0.227,0.753,0.691,1.271,0.415,object#12,,0,0,12,白杯2,0,3,"[{""name"": ""球R"", ""share"": 0.387, ""q"": 0.227, ""capture"": 0.753, ""miss_deg"": 0.75, ""labels"": [263]}, {""name"": ""白杯1"", ""share"": 0.492, ""q"": 0.288, ""capture"": 0.52, ""miss_deg"": 1.14, ""labels"": [266]}, {""name"": ""红杯"", ""share"": 0.077, ""q"": 0.045, ""capture"": 0.058, ""miss_deg"": 2.38, ""labels"": [49]}]"
2026_08_20/000,c1,v9,,cluster010,107.04,107.9,0.87,2.282,白杯1,266,0.48,0.223,0.398,0.324,0.577,0.536,object#12,,1,0,,,,3,"[{""name"": ""白杯1"", ""share"": 0.48, ""q"": 0.223, ""capture"": 0.398, ""miss_deg"": 1.36, ""labels"": [266]}, {""name"": ""香蕉"", ""share"": 0.277, ""q"": 0.128, ""capture"": 0.129, ""miss_deg"": 2.03, ""labels"": [264]}, {""name"": ""球R"", ""share"": 0.076, ""q"": 0.035, ""capture"": 0.117, ""miss_deg"": 2.07, ""labels"": [263]}]"
2026_08_20/000,c1,v9,,cluster010,109.2,109.52,0.32,2.674,,-1,0.0,0.0,,,,1.0,floor,,0,0,,,,0,[]
2026_08_20/000,c1,v9,,cluster010,110.62,110.95,0.32,1.479,,-1,0.0,0.0,,,,1.0,object#71,,0,0,,,,0,[]
2026_08_20/000,c1,v9,,cluster010,112.21,113.01,0.8,1.115,,-1,0.0,0.0,,,,1.0,object#14,,0,0,,,,0,[]
2026_08_20/000,c1,v9,,cluster010,113.23,113.49,0.26,0.675,,-1,0.0,0.0,,,,1.0,object#14,,0,0,,,,0,[]
2026_08_20/000,c1,v9,,cluster010,113.87,114.19,0.32,0.638,,-1,0.0,0.0,,,,1.0,object#34,,0,0,,,,0,[]
2026_08_20/000,c1,v9,,cluster010,114.46,114.9,0.44,0.856,,-1,0.0,0.0,,,,1.0,object#88,,0,0,,,,0,[]
2026_08_20/001,c2,v9,,cluster010,2.06,2.33,0.27,2.216,,-1,0.0,0.0,,,,1.0,floor,,0,0,,,,0,[]
2026_08_20/001,c2,v9,,cluster010,3.28,3.67,0.38,3.041,,-1,0.0,0.0,,,,1.0,floor,,0,0,,,,0,[]
2026_08_20/001,c2,v9,,cluster010,4.1,4.48,0.38,2.71,,-1,0.0,0.0,,,,1.0,floor,,0,0,,,,0,[]
2026_08_20/001,c2,v9,,cluster010,6.68,7.07,0.38,1.964,,-1,0.0,0.0,,,,1.0,object#31,,0,0,,,,0,[]
2026_08_20/001,c2,v9,,cluster010,9.12,9.5,0.38,3.454,,-1,0.0,0.0,,,,1.0,object#36,,0,0,,,,0,[]
2026_08_20/001,c2,v9,,cluster010,10.0,10.43,0.43,2.741,球L,259,0.352,0.213,0.957,0.379,0.511,0.394,物品台,,1,0,,,,3,"[{""name"": ""球L"", ""share"": 0.352, ""q"": 0.213, ""capture"": 0.957, ""miss_deg"": 0.3, ""labels"": [259]}, {""name"": ""苹果红"", ""share"": 0.18, ""q"": 0.109, ""capture"": 0.363, ""miss_deg"": 1.42, ""labels"": [260]}, {""name"": ""水瓶"", ""share"": 0.299, ""q"": 0.182, ""capture"": 0.209, ""miss_deg"": 1.77, ""labels"": [30]}]"
2026_08_20/001,c2,v9,,cluster010,11.26,11.64,0.38,3.432,,-1,0.0,0.0,,,,1.0,object#60,,0,0,,,,0,[]
2026_08_20/001,c2,v9,,cluster010,11.75,12.02,0.27,3.534,,-1,0.0,0.0,,,,1.0,object#26,,0,0,,,,0,[]
2026_08_20/001,c2,v9,,cluster010,12.35,13.06,0.7,3.364,,-1,0.0,0.0,,,,1.0,object#26,,0,0,,,,0,[]
2026_08_20/001,c2,v9,,cluster010,14.12,14.66,0.54,2.579,球M,261,0.734,0.162,0.702,0.085,0.337,0.779,物品台,,1,1,,,,3,"[{""name"": ""球M"", ""share"": 0.734, ""q"": 0.162, ""capture"": 0.702, ""miss_deg"": 0.84, ""labels"": [261]}, {""name"": ""水瓶"", ""share"": 0.247, ""q"": 0.054, ""capture"": 0.06, ""miss_deg"": 2.37, ""labels"": [30]}, {""name"": ""白杯1"", ""share"": 0.016, ""q"": 0.003, ""capture"": 0.007, ""miss_deg"": 3.14, ""labels"": [266]}]"
2026_08_20/001,c2,v9,,cluster010,14.71,15.47,0.76,2.704,球R,263,0.805,0.056,0.253,0.043,0.175,0.93,物品台,,1,1,,,,3,"[{""name"": ""球R"", ""share"": 0.805, ""q"": 0.056, ""capture"": 0.253, ""miss_deg"": 1.66, ""labels"": [263]}, {""name"": ""水瓶"", ""share"": 0.141, ""q"": 0.01, ""capture"": 0.011, ""miss_deg"": 2.99, ""labels"": [30]}, {""name"": ""白杯1"", ""share"": 0.046, ""q"": 0.003, ""capture"": 0.007, ""miss_deg"": 3.14, ""labels"": [266]}]"
2026_08_20/001,c2,v9,,cluster010,15.53,15.9,0.38,2.514,球M,261,0.547,0.049,0.198,0.288,0.298,0.911,物品台,,0,0,,,,3,"[{""name"": ""球M"", ""share"": 0.547, ""q"": 0.049, ""capture"": 0.198, ""miss_deg"": 1.8, ""labels"": [261]}, {""name"": ""球L"", ""share"": 0.163, ""q"": 0.015, ""capture"": 0.057, ""miss_deg"": 2.39, ""labels"": [259]}, {""name"": ""水瓶"", ""share"": 0.291, ""q"": 0.026, ""capture"": 0.028, ""miss_deg"": 2.67, ""labels"": [30]}]"
2026_08_20/001,c2,v9,,cluster010,16.39,18.17,1.78,2.713,球R,263,0.752,0.155,0.694,0.056,0.098,0.794,物品台,,1,1,1,球R,1,3,"[{""name"": ""球R"", ""share"": 0.752, ""q"": 0.155, ""capture"": 0.694, ""miss_deg"": 0.86, ""labels"": [263]}, {""name"": ""白杯2"", ""share"": 0.074, ""q"": 0.015, ""capture"": 0.039, ""miss_deg"": 2.54, ""labels"": [267]}, {""name"": ""白杯1"", ""share"": 0.073, ""q"": 0.015, ""capture"": 0.034, ""miss_deg"": 2.6, ""labels"": [266]}]"
2026_08_20/001,c2,v9,,cluster010,18.5,19.42,0.92,2.799,球R,263,0.699,0.067,0.299,0.084,0.316,0.905,物品台,,1,1,1,球R,1,3,"[{""name"": ""球R"", ""share"": 0.699, ""q"": 0.067, ""capture"": 0.299, ""miss_deg"": 1.55, ""labels"": [263]}, {""name"": ""水瓶"", ""share"": 0.221, ""q"": 0.021, ""capture"": 0.025, ""miss_deg"": 2.72, ""labels"": [30]}, {""name"": ""白杯2"", ""share"": 0.054, ""q"": 0.005, ""capture"": 0.014, ""miss_deg"": 2.92, ""labels"": [267]}]"
2026_08_20/001,c2,v9,,cluster010,20.53,20.91,0.38,3.006,球R,263,0.417,0.267,1.413,0.251,0.492,0.359,物品台,,1,0,,,,3,"[{""name"": ""球R"", ""share"": 0.417, ""q"": 0.267, ""capture"": 1.413, ""miss_deg"": 0.0, ""labels"": [263]}, {""name"": ""白杯1"", ""share"": 0.205, ""q"": 0.132, ""capture"": 0.354, ""miss_deg"": 1.44, ""labels"": [266]}, {""name"": ""白杯2"", ""share"": 0.168, ""q"": 0.107, ""capture"": 0.34, ""miss_deg"": 1.47, ""labels"": [267]}]"
2026_08_20/001,c2,v9,,cluster010,21.18,21.67,0.49,3.097,球M,261,0.576,0.047,0.286,0.339,0.34,0.919,物品台,,1,1,,,,3,"[{""name"": ""球M"", ""share"": 0.576, ""q"": 0.047, ""capture"": 0.286, ""miss_deg"": 1.58, ""labels"": [261]}, {""name"": ""球L"", ""share"": 0.196, ""q"": 0.016, ""capture"": 0.097, ""miss_deg"": 2.16, ""labels"": [259]}, {""name"": ""水瓶"", ""share"": 0.203, ""q"": 0.017, ""capture"": 0.021, ""miss_deg"": 2.77, ""labels"": [30]}]"
2026_08_20/001,c2,v9,,cluster010,22.21,22.86,0.65,3.163,球M,261,0.42,0.085,0.522,0.552,0.552,0.797,物品台,,1,0,,,,3,"[{""name"": ""球M"", ""share"": 0.42, ""q"": 0.085, ""capture"": 0.522, ""miss_deg"": 1.14, ""labels"": [261]}, {""name"": ""球L"", ""share"": 0.232, ""q"": 0.047, ""capture"": 0.288, ""miss_deg"": 1.58, ""labels"": [259]}, {""name"": ""苹果红"", ""share"": 0.1, ""q"": 0.02, ""capture"": 0.091, ""miss_deg"": 2.19, ""labels"": [260]}]"
2026_08_20/001,c2,v9,,cluster010,22.91,26.92,4.01,3.153,球R,263,0.476,0.088,0.54,0.254,0.532,0.814,物品台,,1,0,2,球R,1,3,"[{""name"": ""球R"", ""share"": 0.476, ""q"": 0.088, ""capture"": 0.54, ""miss_deg"": 1.11, ""labels"": [263]}, {""name"": ""白杯1"", ""share"": 0.253, ""q"": 0.047, ""capture"": 0.137, ""miss_deg"": 2.0, ""labels"": [266]}, {""name"": ""球M"", ""share"": 0.077, ""q"": 0.014, ""capture"": 0.087, ""miss_deg"": 2.21, ""labels"": [261]}]"
2026_08_20/001,c2,v9,,cluster010,27.04,29.32,2.27,3.163,球R,263,0.511,0.068,0.413,0.203,0.204,0.868,物品台,,1,1,,,,3,"[{""name"": ""球R"", ""share"": 0.511, ""q"": 0.068, ""capture"": 0.413, ""miss_deg"": 1.33, ""labels"": [263]}, {""name"": ""球M"", ""share"": 0.104, ""q"": 0.014, ""capture"": 0.084, ""miss_deg"": 2.23, ""labels"": [261]}, {""name"": ""白杯1"", ""share"": 0.21, ""q"": 0.028, ""capture"": 0.081, ""miss_deg"": 2.24, ""labels"": [266]}]"
2026_08_20/001,c2,v9,,cluster010,29.37,30.56,1.19,3.15,球L,259,0.489,0.138,0.843,0.376,0.726,0.718,物品台,,1,0,4,球L,1,3,"[{""name"": ""球L"", ""share"": 0.489, ""q"": 0.138, ""capture"": 0.843, ""miss_deg"": 0.58, ""labels"": [259]}, {""name"": ""苹果粉"", ""share"": 0.355, ""q"": 0.1, ""capture"": 0.317, ""miss_deg"": 1.51, ""labels"": [64, 250]}, {""name"": ""苹果红"", ""share"": 0.112, ""q"": 0.032, ""capture"": 0.137, ""miss_deg"": 1.99, ""labels"": [260]}]"
2026_08_20/001,c2,v9,,cluster010,30.8,36.28,5.48,3.253,球L,259,0.377,0.175,1.07,0.551,0.751,0.536,物品台,,0,0,4,球L,1,3,"[{""name"": ""球L"", ""share"": 0.377, ""q"": 0.175, ""capture"": 1.07, ""miss_deg"": 0.0, ""labels"": [259]}, {""name"": ""苹果红"", ""share"": 0.283, ""q"": 0.131, ""capture"": 0.59, ""miss_deg"": 1.03, ""labels"": [260]}, {""name"": ""球M"", ""share"": 0.076, ""q"": 0.035, ""capture"": 0.215, ""miss_deg"": 1.75, ""labels"": [261]}]"
2026_08_20/001,c2,v9,,cluster010,36.77,39.8,3.03,3.262,球L,259,0.846,0.061,0.373,0.064,0.117,0.928,物品台,,1,1,,,,3,"[{""name"": ""球L"", ""share"": 0.846, ""q"": 0.061, ""capture"": 0.373, ""miss_deg"": 1.4, ""labels"": [259]}, {""name"": ""苹果粉"", ""share"": 0.099, ""q"": 0.007, ""capture"": 0.024, ""miss_deg"": 2.74, ""labels"": [64]}, {""name"": ""苹果红"", ""share"": 0.031, ""q"": 0.002, ""capture"": 0.01, ""miss_deg"": 3.03, ""labels"": [260]}]"
2026_08_20/001,c2,v9,,cluster010,39.96,40.34,0.38,3.256,球L,259,0.788,0.03,0.183,0.104,0.104,0.962,物品台,,0,0,,,,3,"[{""name"": ""球L"", ""share"": 0.788, ""q"": 0.03, ""capture"": 0.183, ""miss_deg"": 1.84, ""labels"": [259]}, {""name"": ""球M"", ""share"": 0.082, ""q"": 0.003, ""capture"": 0.019, ""miss_deg"": 2.81, ""labels"": [261]}, {""name"": ""水瓶"", ""share"": 0.097, ""q"": 0.004, ""capture"": 0.005, ""miss_deg"": 3.26, ""labels"": [30]}]"
2026_08_20/001,c2,v9,,cluster010,40.61,42.94,2.33,3.264,球L,259,0.827,0.065,0.399,0.045,0.063,0.921,物品台,,1,1,,,,3,"[{""name"": ""球L"", ""share"": 0.827, ""q"": 0.065, ""capture"": 0.399, ""miss_deg"": 1.36, ""labels"": [259]}, {""name"": ""苹果红"", ""share"": 0.052, ""q"": 0.004, ""capture"": 0.018, ""miss_deg"": 2.83, ""labels"": [260]}, {""name"": ""球M"", ""share"": 0.036, ""q"": 0.003, ""capture"": 0.018, ""miss_deg"": 2.84, ""labels"": [261]}]"
2026_08_20/001,c2,v9,,cluster010,43.18,46.6,3.42,3.223,苹果粉,64,0.823,0.226,0.752,0.291,0.158,0.725,物品台,,1,1,5,苹果粉,1,3,"[{""name"": ""苹果粉"", ""share"": 0.823, ""q"": 0.226, ""capture"": 0.752, ""miss_deg"": 0.75, ""labels"": [64, 250]}, {""name"": ""球L"", ""share"": 0.13, ""q"": 0.036, ""capture"": 0.219, ""miss_deg"": 1.74, ""labels"": [259]}, {""name"": ""苹果红"", ""share"": 0.013, ""q"": 0.004, ""capture"": 0.016, ""miss_deg"": 2.87, ""labels"": [260]}]"
2026_08_20/001,c2,v9,,cluster010,46.84,49.82,2.97,3.227,苹果粉,64,0.764,0.178,0.593,0.447,0.242,0.766,物品台,,1,1,5,苹果粉,1,3,"[{""name"": ""苹果粉"", ""share"": 0.764, ""q"": 0.178, ""capture"": 0.593, ""miss_deg"": 1.02, ""labels"": [64, 250]}, {""name"": ""球L"", ""share"": 0.185, ""q"": 0.043, ""capture"": 0.265, ""miss_deg"": 1.63, ""labels"": [259]}, {""name"": ""苹果红"", ""share"": 0.016, ""q"": 0.004, ""capture"": 0.016, ""miss_deg"": 2.87, ""labels"": [260]}]"
2026_08_20/001,c2,v9,,cluster010,50.09,52.86,2.76,3.274,球R,263,0.448,0.212,1.293,0.309,0.598,0.528,物品台,,1,0,,,,3,"[{""name"": ""球R"", ""share"": 0.448, ""q"": 0.212, ""capture"": 1.293, ""miss_deg"": 0.0, ""labels"": [263]}, {""name"": ""白杯1"", ""share"": 0.268, ""q"": 0.126, ""capture"": 0.4, ""miss_deg"": 1.35, ""labels"": [266]}, {""name"": ""白杯2"", ""share"": 0.075, ""q"": 0.035, ""capture"": 0.123, ""miss_deg"": 2.05, ""labels"": [267]}]"
2026_08_20/001,c2,v9,,cluster010,53.29,53.67,0.38,3.252,球R,263,0.731,0.082,0.503,0.052,0.098,0.887,物品台,,1,1,,,,3,"[{""name"": ""球R"", ""share"": 0.731, ""q"": 0.082, ""capture"": 0.503, ""miss_deg"": 1.17, ""labels"": [263]}, {""name"": ""白杯1"", ""share"": 0.072, ""q"": 0.008, ""capture"": 0.026, ""miss_deg"": 2.71, ""labels"": [266]}, {""name"": ""白杯2"", ""share"": 0.058, ""q"": 0.007, ""capture"": 0.023, ""miss_deg"": 2.75, ""labels"": [267]}]"
2026_08_20/001,c2,v9,,cluster010,53.89,54.21,0.32,3.264,白杯2,267,0.835,0.11,0.387,0.062,0.036,0.868,物品台,,1,1,,,,3,"[{""name"": ""白杯2"", ""share"": 0.835, ""q"": 0.11, ""capture"": 0.387, ""miss_deg"": 1.38, ""labels"": [267]}, {""name"": ""球R"", ""share"": 0.03, ""q"": 0.004, ""capture"": 0.024, ""miss_deg"": 2.73, ""labels"": [263]}, {""name"": ""水瓶"", ""share"": 0.095, ""q"": 0.013, ""capture"": 0.017, ""miss_deg"": 2.86, ""labels"": [30]}]"
2026_08_20/001,c2,v9,,cluster010,54.75,56.86,2.11,3.266,球M,261,0.252,0.072,0.439,0.697,0.698,0.716,物品台,,0,0,,,,3,"[{""name"": ""球M"", ""share"": 0.252, ""q"": 0.072, ""capture"": 0.439, ""miss_deg"": 1.28, ""labels"": [261]}, {""name"": ""球R"", ""share"": 0.176, ""q"": 0.05, ""capture"": 0.306, ""miss_deg"": 1.54, ""labels"": [263]}, {""name"": ""白杯1"", ""share"": 0.249, ""q"": 0.071, ""capture"": 0.224, ""miss_deg"": 1.73, ""labels"": [266]}]"
2026_08_20/001,c2,v9,,cluster010,57.94,58.22,0.27,4.504,球M,261,0.425,0.008,0.089,0.247,1.259,0.981,物品台,,0,0,,,,3,"[{""name"": ""球M"", ""share"": 0.425, ""q"": 0.008, ""capture"": 0.089, ""miss_deg"": 2.2, ""labels"": [261]}, {""name"": ""水瓶"", ""share"": 0.535, ""q"": 0.01, ""capture"": 0.022, ""miss_deg"": 2.77, ""labels"": [30]}, {""name"": ""球L"", ""share"": 0.04, ""q"": 0.001, ""capture"": 0.008, ""miss_deg"": 3.09, ""labels"": [259]}]"
2026_08_20/001,c2,v9,,cluster010,58.49,59.35,0.87,3.268,球M,261,0.638,0.138,0.845,0.073,0.334,0.783,物品台,,1,1,7,球M,1,3,"[{""name"": ""球M"", ""share"": 0.638, ""q"": 0.138, ""capture"": 0.845, ""miss_deg"": 0.58, ""labels"": [261]}, {""name"": ""水瓶"", ""share"": 0.213, ""q"": 0.046, ""capture"": 0.062, ""miss_deg"": 2.36, ""labels"": [30]}, {""name"": ""香蕉"", ""share"": 0.117, ""q"": 0.025, ""capture"": 0.029, ""miss_deg"": 2.66, ""labels"": [264]}]"
2026_08_20/001,c2,v9,,cluster010,59.46,59.95,0.49,3.262,球M,261,0.494,0.145,0.885,0.102,0.46,0.707,物品台,,1,0,7,球M,1,3,"[{""name"": ""球M"", ""share"": 0.494, ""q"": 0.145, ""capture"": 0.885, ""miss_deg"": 0.49, ""labels"": [261]}, {""name"": ""水瓶"", ""share"": 0.227, ""q"": 0.066, ""capture"": 0.09, ""miss_deg"": 2.2, ""labels"": [30]}, {""name"": ""白杯1"", ""share"": 0.083, ""q"": 0.024, ""capture"": 0.077, ""miss_deg"": 2.27, ""labels"": [266]}]"
2026_08_20/001,c2,v9,,cluster010,60.19,62.73,2.54,3.283,球M,261,0.602,0.161,0.986,0.085,0.384,0.732,物品台,,1,1,7,球M,1,3,"[{""name"": ""球M"", ""share"": 0.602, ""q"": 0.161, ""capture"": 0.986, ""miss_deg"": 0.17, ""labels"": [261]}, {""name"": ""水瓶"", ""share"": 0.231, ""q"": 0.062, ""capture"": 0.084, ""miss_deg"": 2.22, ""labels"": [30]}, {""name"": ""香蕉"", ""share"": 0.126, ""q"": 0.034, ""capture"": 0.039, ""miss_deg"": 2.54, ""labels"": [264]}]"
2026_08_20/001,c2,v9,,cluster010,64.79,65.22,0.43,4.238,,-1,0.0,0.0,,,,1.0,object#60,,0,0,,,,0,[]
2026_08_20/001,c2,v9,,cluster010,65.6,66.09,0.49,4.09,,-1,0.0,0.0,,,,1.0,object#17,,0,0,,,,0,[]
2026_08_20/001,c2,v9,,cluster010,66.15,66.53,0.38,3.236,苹果红,260,0.24,0.144,0.648,0.623,0.458,0.4,object#12,,0,0,,,,3,"[{""name"": ""苹果红"", ""share"": 0.24, ""q"": 0.144, ""capture"": 0.648, ""miss_deg"": 0.93, ""labels"": [260]}, {""name"": ""球L"", ""share"": 0.11, ""q"": 0.066, ""capture"": 0.404, ""miss_deg"": 1.35, ""labels"": [259]}, {""name"": ""水瓶"", ""share"": 0.425, ""q"": 0.255, ""capture"": 0.341, ""miss_deg"": 1.47, ""labels"": [30]}]"
2026_08_20/001,c2,v9,,cluster010,66.7,67.24,0.54,4.172,,-1,0.0,0.0,,,,1.0,object#17,,0,0,,,,0,[]
2026_08_20/001,c2,v9,,cluster010,67.66,68.41,0.76,3.289,球L,259,0.51,0.146,0.891,0.3,0.408,0.714,物品台,,1,1,,,,3,"[{""name"": ""球L"", ""share"": 0.51, ""q"": 0.146, ""capture"": 0.891, ""miss_deg"": 0.48, ""labels"": [259]}, {""name"": ""苹果红"", ""share"": 0.208, ""q"": 0.059, ""capture"": 0.267, ""miss_deg"": 1.63, ""labels"": [260]}, {""name"": ""球M"", ""share"": 0.088, ""q"": 0.025, ""capture"": 0.154, ""miss_deg"": 1.93, ""labels"": [261]}]"
2026_08_20/001,c2,v9,,cluster010,68.74,69.12,0.38,3.304,球M,261,0.262,0.096,0.655,0.904,1.011,0.635,物品台,,0,0,,,,3,"[{""name"": ""球M"", ""share"": 0.262, ""q"": 0.096, ""capture"": 0.655, ""miss_deg"": 0.92, ""labels"": [261]}, {""name"": ""球L"", ""share"": 0.265, ""q"": 0.097, ""capture"": 0.592, ""miss_deg"": 1.02, ""labels"": [259]}, {""name"": ""苹果红"", ""share"": 0.195, ""q"": 0.071, ""capture"": 0.32, ""miss_deg"": 1.51, ""labels"": [260]}]"
2026_08_20/001,c2,v9,,cluster010,69.39,70.7,1.31,3.298,球M,261,0.629,0.032,0.219,0.233,0.259,0.949,物品台,,1,1,,,,3,"[{""name"": ""球M"", ""share"": 0.629, ""q"": 0.032, ""capture"": 0.219, ""miss_deg"": 1.74, ""labels"": [261]}, {""name"": ""球R"", ""share"": 0.163, ""q"": 0.008, ""capture"": 0.051, ""miss_deg"": 2.44, ""labels"": [263]}, {""name"": ""白杯1"", ""share"": 0.082, ""q"": 0.004, ""capture"": 0.013, ""miss_deg"": 2.94, ""labels"": [266]}]"
2026_08_20/001,c2,v9,,cluster010,71.26,71.69,0.43,3.32,球R,263,0.714,0.033,0.203,0.069,0.297,0.953,object#106,,1,1,,,,3,"[{""name"": ""球R"", ""share"": 0.714, ""q"": 0.033, ""capture"": 0.203, ""miss_deg"": 1.79, ""labels"": [263]}, {""name"": ""水瓶"", ""share"": 0.212, ""q"": 0.01, ""capture"": 0.014, ""miss_deg"": 2.93, ""labels"": [30]}, {""name"": ""球M"", ""share"": 0.022, ""q"": 0.001, ""capture"": 0.007, ""miss_deg"": 3.15, ""labels"": [261]}]"
2026_08_20/001,c2,v9,,cluster010,71.96,74.34,2.38,3.315,球R,263,0.462,0.12,0.736,0.321,0.617,0.739,物品台,,1,0,,,,3,"[{""name"": ""球R"", ""share"": 0.462, ""q"": 0.12, ""capture"": 0.736, ""miss_deg"": 0.78, ""labels"": [263]}, {""name"": ""白杯1"", ""share"": 0.285, ""q"": 0.074, ""capture"": 0.236, ""miss_deg"": 1.7, ""labels"": [266]}, {""name"": ""球M"", ""share"": 0.037, ""q"": 0.01, ""capture"": 0.067, ""miss_deg"": 2.33, ""labels"": [261]}]"
2026_08_20/001,c2,v9,,cluster010,75.39,77.36,1.97,3.32,球R,263,0.393,0.069,0.422,0.384,0.341,0.824,物品台,,1,0,,,,3,"[{""name"": ""球R"", ""share"": 0.393, ""q"": 0.069, ""capture"": 0.422, ""miss_deg"": 1.31, ""labels"": [263]}, {""name"": ""球M"", ""share"": 0.134, ""q"": 0.024, ""capture"": 0.162, ""miss_deg"": 1.91, ""labels"": [261]}, {""name"": ""白杯1"", ""share"": 0.23, ""q"": 0.04, ""capture"": 0.128, ""miss_deg"": 2.03, ""labels"": [266]}]"
2026_08_20/001,c2,v9,,cluster010,77.48,78.9,1.42,3.306,球R,263,0.524,0.097,0.592,0.204,0.395,0.815,物品台,,1,1,,,,3,"[{""name"": ""球R"", ""share"": 0.524, ""q"": 0.097, ""capture"": 0.592, ""miss_deg"": 1.02, ""labels"": [263]}, {""name"": ""白杯1"", ""share"": 0.207, ""q"": 0.038, ""capture"": 0.121, ""miss_deg"": 2.05, ""labels"": [266]}, {""name"": ""球M"", ""share"": 0.039, ""q"": 0.007, ""capture"": 0.049, ""miss_deg"": 2.45, ""labels"": [261]}]"
2026_08_20/001,c2,v9,,cluster010,79.4,82.86,3.46,3.3,苹果粉,64,0.661,0.079,0.261,0.835,0.455,0.881,物品台,,1,1,9,苹果粉,1,3,"[{""name"": ""苹果粉"", ""share"": 0.661, ""q"": 0.079, ""capture"": 0.261, ""miss_deg"": 1.64, ""labels"": [64, 250]}, {""name"": ""球L"", ""share"": 0.301, ""q"": 0.036, ""capture"": 0.218, ""miss_deg"": 1.74, ""labels"": [259]}, {""name"": ""苹果红"", ""share"": 0.015, ""q"": 0.002, ""capture"": 0.008, ""miss_deg"": 3.12, ""labels"": [260]}]"
2026_08_20/001,c2,v9,,cluster010,82.91,83.18,0.27,3.316,球R,263,0.343,0.141,0.859,0.492,0.948,0.59,物品台,,0,0,,,,3,"[{""name"": ""球R"", ""share"": 0.343, ""q"": 0.141, ""capture"": 0.859, ""miss_deg"": 0.55, ""labels"": [263]}, {""name"": ""白杯1"", ""share"": 0.325, ""q"": 0.133, ""capture"": 0.423, ""miss_deg"": 1.31, ""labels"": [266]}, {""name"": ""球M"", ""share"": 0.051, ""q"": 0.021, ""capture"": 0.144, ""miss_deg"": 1.97, ""labels"": [261]}]"
2026_08_20/001,c2,v9,,cluster010,83.24,84.16,0.92,3.272,球L,259,0.41,0.141,0.862,0.604,1.112,0.656,物品台,,0,0,,,,3,"[{""name"": ""球L"", ""share"": 0.41, ""q"": 0.141, ""capture"": 0.862, ""miss_deg"": 0.55, ""labels"": [259]}, {""name"": ""苹果粉"", ""share"": 0.456, ""q"": 0.157, ""capture"": 0.521, ""miss_deg"": 1.14, ""labels"": [64, 250]}, {""name"": ""苹果红"", ""share"": 0.093, ""q"": 0.032, ""capture"": 0.143, ""miss_deg"": 1.97, ""labels"": [260]}]"
2026_08_20/001,c2,v9,,cluster010,84.21,84.48,0.27,3.294,球R,263,0.192,0.087,0.532,0.897,1.724,0.546,物品台,,0,0,,,,3,"[{""name"": ""球R"", ""share"": 0.192, ""q"": 0.087, ""capture"": 0.532, ""miss_deg"": 1.12, ""labels"": [263]}, {""name"": ""白杯1"", ""share"": 0.331, ""q"": 0.151, ""capture"": 0.477, ""miss_deg"": 1.22, ""labels"": [266]}, {""name"": ""球M"", ""share"": 0.126, ""q"": 0.057, ""capture"": 0.392, ""miss_deg"": 1.37, ""labels"": [261]}]"
2026_08_20/001,c2,v9,,cluster010,84.54,85.29,0.76,3.283,球L,259,0.547,0.162,0.987,0.283,0.519,0.705,物品台,,1,1,,,,3,"[{""name"": ""球L"", ""share"": 0.547, ""q"": 0.162, ""capture"": 0.987, ""miss_deg"": 0.16, ""labels"": [259]}, {""name"": ""苹果粉"", ""share"": 0.284, ""q"": 0.084, ""capture"": 0.279, ""miss_deg"": 1.6, ""labels"": [64]}, {""name"": ""苹果红"", ""share"": 0.134, ""q"": 0.04, ""capture"": 0.178, ""miss_deg"": 1.86, ""labels"": [260]}]"
2026_08_20/001,c2,v9,,cluster010,85.35,85.67,0.32,3.275,球R,263,0.411,0.193,1.177,0.378,0.73,0.531,物品台,,0,0,10,球R,1,3,"[{""name"": ""球R"", ""share"": 0.411, ""q"": 0.193, ""capture"": 1.177, ""miss_deg"": 0.0, ""labels"": [263]}, {""name"": ""白杯1"", ""share"": 0.3, ""q"": 0.141, ""capture"": 0.445, ""miss_deg"": 1.27, ""labels"": [266]}, {""name"": ""红杯"", ""share"": 0.115, ""q"": 0.054, ""capture"": 0.11, ""miss_deg"": 2.1, ""labels"": [49]}]"
2026_08_20/001,c2,v9,,cluster010,86.28,87.85,1.57,3.218,球R,263,0.542,0.179,1.093,0.161,0.317,0.67,物品台,,1,1,10,球R,1,3,"[{""name"": ""球R"", ""share"": 0.542, ""q"": 0.179, ""capture"": 1.093, ""miss_deg"": 0.0, ""labels"": [263]}, {""name"": ""白杯1"", ""share"": 0.172, ""q"": 0.057, ""capture"": 0.176, ""miss_deg"": 1.86, ""labels"": [266]}, {""name"": ""白杯2"", ""share"": 0.13, ""q"": 0.043, ""capture"": 0.142, ""miss_deg"": 1.97, ""labels"": [267]}]"
2026_08_20/001,c2,v9,,cluster010,87.9,90.39,2.49,3.247,球R,263,0.458,0.078,0.475,0.284,0.548,0.83,物品台,,1,0,,,,3,"[{""name"": ""球R"", ""share"": 0.458, ""q"": 0.078, ""capture"": 0.475, ""miss_deg"": 1.22, ""labels"": [263]}, {""name"": ""白杯1"", ""share"": 0.251, ""q"": 0.043, ""capture"": 0.135, ""miss_deg"": 2.0, ""labels"": [266]}, {""name"": ""球M"", ""share"": 0.096, ""q"": 0.016, ""capture"": 0.1, ""miss_deg"": 2.15, ""labels"": [261]}]"
2026_08_20/001,c2,v9,,cluster010,90.5,91.04,0.54,3.261,球M,261,0.647,0.053,0.322,0.165,0.165,0.919,物品台,,1,1,11,球M,1,3,"[{""name"": ""球M"", ""share"": 0.647, ""q"": 0.053, ""capture"": 0.322, ""miss_deg"": 1.51, ""labels"": [261]}, {""name"": ""球L"", ""share"": 0.107, ""q"": 0.009, ""capture"": 0.053, ""miss_deg"": 2.42, ""labels"": [259]}, {""name"": ""水瓶"", ""share"": 0.23, ""q"": 0.019, ""capture"": 0.025, ""miss_deg"": 2.71, ""labels"": [30]}]"
2026_08_20/001,c2,v9,,cluster010,91.15,91.53,0.38,3.259,球R,263,0.526,0.034,0.209,0.364,0.365,0.935,物品台,,1,1,11,球M,0,3,"[{""name"": ""球R"", ""share"": 0.526, ""q"": 0.034, ""capture"": 0.209, ""miss_deg"": 1.77, ""labels"": [263]}, {""name"": ""球M"", ""share"": 0.192, ""q"": 0.012, ""capture"": 0.076, ""miss_deg"": 2.27, ""labels"": [261]}, {""name"": ""白杯1"", ""share"": 0.154, ""q"": 0.01, ""capture"": 0.032, ""miss_deg"": 2.63, ""labels"": [266]}]"
2026_08_20/001,c2,v9,,cluster010,92.23,92.99,0.76,3.275,球M,261,0.519,0.126,0.772,0.091,0.175,0.757,物品台,,1,1,11,球M,1,3,"[{""name"": ""球M"", ""share"": 0.519, ""q"": 0.126, ""capture"": 0.772, ""miss_deg"": 0.72, ""labels"": [261]}, {""name"": ""白杯1"", ""share"": 0.091, ""q"": 0.022, ""capture"": 0.07, ""miss_deg"": 2.3, ""labels"": [266]}, {""name"": ""水瓶"", ""share"": 0.204, ""q"": 0.05, ""capture"": 0.067, ""miss_deg"": 2.32, ""labels"": [30]}]"
2026_08_20/001,c2,v9,,cluster010,93.04,95.11,2.07,3.198,球M,261,0.512,0.114,0.694,0.205,0.205,0.778,物品台,,1,1,11,球M,1,3,"[{""name"": ""球M"", ""share"": 0.512, ""q"": 0.114, ""capture"": 0.694, ""miss_deg"": 0.85, ""labels"": [261]}, {""name"": ""球L"", ""share"": 0.105, ""q"": 0.023, ""capture"": 0.142, ""miss_deg"": 1.98, ""labels"": [259]}, {""name"": ""水瓶"", ""share"": 0.261, ""q"": 0.058, ""capture"": 0.077, ""miss_deg"": 2.26, ""labels"": [30]}]"
2026_08_20/001,c2,v9,,cluster010,95.34,97.35,2.0,3.236,球M,261,0.432,0.073,0.448,0.596,0.595,0.83,物品台,,1,0,11,球M,1,3,"[{""name"": ""球M"", ""share"": 0.432, ""q"": 0.073, ""capture"": 0.448, ""miss_deg"": 1.27, ""labels"": [261]}, {""name"": ""球L"", ""share"": 0.257, ""q"": 0.044, ""capture"": 0.267, ""miss_deg"": 1.63, ""labels"": [259]}, {""name"": ""苹果红"", ""share"": 0.084, ""q"": 0.014, ""capture"": 0.064, ""miss_deg"": 2.34, ""labels"": [260]}]"
2026_08_20/001,c2,v9,,cluster010,97.46,97.79,0.32,3.244,球M,261,0.533,0.033,0.204,0.51,0.507,0.937,物品台,,1,1,,,,3,"[{""name"": ""球M"", ""share"": 0.533, ""q"": 0.033, ""capture"": 0.204, ""miss_deg"": 1.78, ""labels"": [261]}, {""name"": ""球L"", ""share"": 0.27, ""q"": 0.017, ""capture"": 0.104, ""miss_deg"": 2.13, ""labels"": [259]}, {""name"": ""水瓶"", ""share"": 0.169, ""q"": 0.011, ""capture"": 0.014, ""miss_deg"": 2.91, ""labels"": [30]}]"
2026_08_20/001,c2,v9,,cluster010,98.91,99.45,0.54,3.22,球M,261,0.469,0.081,0.498,0.199,0.198,0.827,物品台,,1,0,,,,3,"[{""name"": ""球M"", ""share"": 0.469, ""q"": 0.081, ""capture"": 0.498, ""miss_deg"": 1.18, ""labels"": [261]}, {""name"": ""球R"", ""share"": 0.093, ""q"": 0.016, ""capture"": 0.099, ""miss_deg"": 2.15, ""labels"": [263]}, {""name"": ""白杯1"", ""share"": 0.156, ""q"": 0.027, ""capture"": 0.084, ""miss_deg"": 2.23, ""labels"": [266]}]"
2026_08_20/001,c2,v9,,cluster010,99.99,104.16,4.17,3.275,白杯2,267,0.496,0.222,0.778,0.864,0.494,0.552,物品台,,1,0,12,白杯2,1,3,"[{""name"": ""白杯2"", ""share"": 0.496, ""q"": 0.222, ""capture"": 0.778, ""miss_deg"": 0.71, ""labels"": [267]}, {""name"": ""球R"", ""share"": 0.245, ""q"": 0.11, ""capture"": 0.672, ""miss_deg"": 0.89, ""labels"": [263]}, {""name"": ""红杯"", ""share"": 0.17, ""q"": 0.076, ""capture"": 0.155, ""miss_deg"": 1.93, ""labels"": [49]}]"
2026_08_20/001,c2,v9,,cluster010,104.27,104.98,0.7,3.266,白杯2,267,0.578,0.161,0.564,0.729,0.417,0.721,物品台,,1,1,12,白杯2,1,3,"[{""name"": ""白杯2"", ""share"": 0.578, ""q"": 0.161, ""capture"": 0.564, ""miss_deg"": 1.07, ""labels"": [267]}, {""name"": ""球R"", ""share"": 0.241, ""q"": 0.067, ""capture"": 0.411, ""miss_deg"": 1.33, ""labels"": [263]}, {""name"": ""红杯"", ""share"": 0.096, ""q"": 0.027, ""capture"": 0.055, ""miss_deg"": 2.41, ""labels"": [49]}]"
2026_08_20/001,c2,v9,,cluster010,105.03,105.68,0.65,3.243,球R,263,0.354,0.149,0.912,0.516,0.997,0.579,物品台,,0,0,,,,3,"[{""name"": ""球R"", ""share"": 0.354, ""q"": 0.149, ""capture"": 0.912, ""miss_deg"": 0.43, ""labels"": [263]}, {""name"": ""白杯1"", ""share"": 0.353, ""q"": 0.149, ""capture"": 0.471, ""miss_deg"": 1.23, ""labels"": [266]}, {""name"": ""球M"", ""share"": 0.037, ""q"": 0.016, ""capture"": 0.095, ""miss_deg"": 2.17, ""labels"": [261]}]"
2026_08_20/001,c2,v9,,cluster010,105.98,106.36,0.38,3.24,球M,261,0.393,0.137,0.836,0.276,0.277,0.652,物品台,,1,0,,,,3,"[{""name"": ""球M"", ""share"": 0.393, ""q"": 0.137, ""capture"": 0.836, ""miss_deg"": 0.6, ""labels"": [261]}, {""name"": ""球L"", ""share"": 0.109, ""q"": 0.038, ""capture"": 0.231, ""miss_deg"": 1.71, ""labels"": [259]}, {""name"": ""水瓶"", ""share"": 0.313, ""q"": 0.109, ""capture"": 0.147, ""miss_deg"": 1.96, ""labels"": [30]}]"
2026_08_20/001,c2,v9,,cluster010,106.41,114.03,7.62,3.231,球R,263,0.303,0.119,0.729,0.845,1.554,0.607,物品台,,0,0,,,,3,"[{""name"": ""球R"", ""share"": 0.303, ""q"": 0.119, ""capture"": 0.729, ""miss_deg"": 0.79, ""labels"": [263]}, {""name"": ""白杯2"", ""share"": 0.471, ""q"": 0.185, ""capture"": 0.616, ""miss_deg"": 0.98, ""labels"": [267]}, {""name"": ""红杯"", ""share"": 0.127, ""q"": 0.05, ""capture"": 0.1, ""miss_deg"": 2.15, ""labels"": [49]}]"
2026_08_20/001,c2,v9,,cluster010,114.86,116.16,1.3,3.226,球L,259,0.593,0.172,1.05,0.238,0.324,0.71,物品台,,1,1,,,,3,"[{""name"": ""球L"", ""share"": 0.593, ""q"": 0.172, ""capture"": 1.05, ""miss_deg"": 0.0, ""labels"": [259]}, {""name"": ""苹果红"", ""share"": 0.192, ""q"": 0.056, ""capture"": 0.25, ""miss_deg"": 1.66, ""labels"": [260]}, {""name"": ""苹果粉"", ""share"": 0.077, ""q"": 0.022, ""capture"": 0.074, ""miss_deg"": 2.28, ""labels"": [64, 250]}]"
2026_08_20/001,c2,v9,,cluster010,116.29,119.17,2.88,3.228,球L,259,0.523,0.187,1.142,0.341,0.465,0.642,物品台,,1,1,14,球L,1,3,"[{""name"": ""球L"", ""share"": 0.523, ""q"": 0.187, ""capture"": 1.142, ""miss_deg"": 0.0, ""labels"": [259]}, {""name"": ""苹果红"", ""share"": 0.243, ""q"": 0.087, ""capture"": 0.389, ""miss_deg"": 1.37, ""labels"": [260]}, {""name"": ""苹果粉"", ""share"": 0.066, ""q"": 0.024, ""capture"": 0.078, ""miss_deg"": 2.26, ""labels"": [64, 250]}]"
2026_08_20/001,c2,v9,,cluster010,119.92,121.0,1.08,3.273,球M,261,0.401,0.149,0.91,0.246,0.247,0.629,物品台,,1,0,14,球L,0,3,"[{""name"": ""球M"", ""share"": 0.401, ""q"": 0.149, ""capture"": 0.91, ""miss_deg"": 0.43, ""labels"": [261]}, {""name"": ""球L"", ""share"": 0.099, ""q"": 0.037, ""capture"": 0.224, ""miss_deg"": 1.73, ""labels"": [259]}, {""name"": ""苹果红"", ""share"": 0.115, ""q"": 0.043, ""capture"": 0.191, ""miss_deg"": 1.82, ""labels"": [260]}]"
2026_08_20/001,c2,v9,,cluster010,121.06,127.45,6.4,3.266,球L,259,0.345,0.189,1.156,0.713,0.971,0.452,物品台,,0,0,15,苹果红,0,3,"[{""name"": ""球L"", ""share"": 0.345, ""q"": 0.189, ""capture"": 1.156, ""miss_deg"": 0.0, ""labels"": [259]}, {""name"": ""苹果红"", ""share"": 0.335, ""q"": 0.184, ""capture"": 0.824, ""miss_deg"": 0.62, ""labels"": [260]}, {""name"": ""苹果粉"", ""share"": 0.078, ""q"": 0.043, ""capture"": 0.141, ""miss_deg"": 1.98, ""labels"": [64, 250]}]"
2026_08_20/001,c2,v9,,cluster010,128.3,128.57,0.27,3.701,,-1,0.0,0.0,,,,1.0,object#17,,0,0,,,,0,[]
2026_08_20/001,c2,v9,,cluster010,128.95,129.22,0.27,3.149,,-1,0.0,0.0,,,,1.0,object#45,,0,0,,,,0,[]
2026_08_20/001,c2,v9,,cluster010,129.49,129.76,0.27,2.412,,-1,0.0,0.0,,,,1.0,floor,,0,0,,,,0,[]
2026_08_20/001,c2,v9,,cluster010,130.34,130.61,0.27,2.58,,-1,0.0,0.0,,,,1.0,object#14,,0,0,,,,0,[]
2026_08_20/001,c2,v9,,cluster010,130.66,131.31,0.65,2.144,,-1,0.0,0.0,,,,1.0,object#14,,0,0,,,,0,[]
2026_08_20/001,c2,v9,,cluster010,131.93,133.06,1.14,1.015,,-1,0.0,0.0,,,,1.0,object#34,,0,0,,,,0,[]
2026_08_20/001,c2,v9,,cluster010,133.6,134.74,1.14,0.723,,-1,0.0,0.0,,,,1.0,object#88,,0,0,,,,0,[]
2026_08_20/002,c4,v9,beyond_occ,cluster010,1.25,1.52,0.27,1.269,,-1,0.0,0.0,,,,1.0,floor,,0,0,,,,0,[]
2026_08_20/002,c4,v9,beyond_occ,cluster010,3.12,3.56,0.43,1.913,,-1,0.0,0.0,,,,1.0,floor,,0,0,,,,0,[]
2026_08_20/002,c4,v9,beyond_occ,cluster010,7.04,7.41,0.38,4.021,球R,263,0.545,0.02,0.18,0.167,0.835,0.964,物品台,,0,0,,,,2,"[{""name"": ""球R"", ""share"": 0.545, ""q"": 0.02, ""capture"": 0.18, ""miss_deg"": 1.85, ""labels"": [263]}, {""name"": ""水瓶"", ""share"": 0.455, ""q"": 0.017, ""capture"": 0.03, ""miss_deg"": 2.65, ""labels"": [30]}]"
2026_08_20/002,c4,v9,beyond_occ,cluster010,8.68,9.44,0.76,4.093,球M,261,0.282,0.082,0.901,0.859,1.035,0.709,物品台,,0,0,,,,3,"[{""name"": ""球M"", ""share"": 0.282, ""q"": 0.082, ""capture"": 0.901, ""miss_deg"": 0.46, ""labels"": [261]}, {""name"": ""球R"", ""share"": 0.292, ""q"": 0.085, ""capture"": 0.774, ""miss_deg"": 0.72, ""labels"": [263]}, {""name"": ""球L"", ""share"": 0.153, ""q"": 0.045, ""capture"": 0.407, ""miss_deg"": 1.34, ""labels"": [259]}]"
2026_08_20/002,c4,v9,beyond_occ,cluster010,9.71,9.98,0.27,3.306,,-1,0.0,0.0,,,,1.0,floor,,0,0,,,,0,[]
2026_08_20/002,c4,v9,beyond_occ,cluster010,10.31,11.06,0.76,2.914,,-1,0.0,0.0,,,,1.0,floor,,0,0,,,,0,[]
2026_08_20/002,c4,v9,beyond_occ,cluster010,11.17,11.77,0.6,3.253,,-1,0.0,0.0,,,,1.0,floor,,0,0,,,,0,[]
2026_08_20/002,c4,v9,beyond_occ,cluster010,11.88,12.42,0.54,3.001,,-1,0.0,0.0,,,,1.0,floor,,0,0,,,,0,[]
2026_08_20/002,c4,v9,beyond_occ,cluster010,12.93,15.1,2.17,4.184,球M,261,0.274,0.085,0.929,0.896,1.08,0.691,物品台,,0,0,4,球M,1,3,"[{""name"": ""球M"", ""share"": 0.274, ""q"": 0.085, ""capture"": 0.929, ""miss_deg"": 0.38, ""labels"": [261]}, {""name"": ""球L"", ""share"": 0.296, ""q"": 0.091, ""capture"": 0.832, ""miss_deg"": 0.61, ""labels"": [259]}, {""name"": ""球R"", ""share"": 0.148, ""q"": 0.046, ""capture"": 0.416, ""miss_deg"": 1.32, ""labels"": [263]}]"
2026_08_20/002,c4,v9,beyond_occ,cluster010,15.16,15.59,0.43,4.12,球L,259,0.842,0.007,0.061,0.049,0.058,0.992,object#35,,0,0,6,球L,1,3,"[{""name"": ""球L"", ""share"": 0.842, ""q"": 0.007, ""capture"": 0.061, ""miss_deg"": 2.36, ""labels"": [259]}, {""name"": ""苹果红"", ""share"": 0.049, ""q"": 0.0, ""capture"": 0.003, ""miss_deg"": 3.44, ""labels"": [260]}, {""name"": ""水瓶"", ""share"": 0.1, ""q"": 0.001, ""capture"": 0.001, ""miss_deg"": 3.61, ""labels"": [30]}]"
2026_08_20/002,c4,v9,beyond_occ,cluster010,15.64,17.76,2.11,4.201,球L,259,0.746,0.024,0.219,0.237,0.198,0.968,object#35,,1,1,6,球L,1,3,"[{""name"": ""球L"", ""share"": 0.746, ""q"": 0.024, ""capture"": 0.219, ""miss_deg"": 1.74, ""labels"": [259]}, {""name"": ""球M"", ""share"": 0.148, ""q"": 0.005, ""capture"": 0.052, ""miss_deg"": 2.43, ""labels"": [261]}, {""name"": ""苹果红"", ""share"": 0.066, ""q"": 0.002, ""capture"": 0.015, ""miss_deg"": 2.91, ""labels"": [260]}]"
2026_08_20/002,c4,v9,beyond_occ,cluster010,17.88,22.86,4.98,4.229,球L,259,0.567,0.056,0.619,0.325,0.325,0.901,object#35,,1,1,6,球L,1,3,"[{""name"": ""球L"", ""share"": 0.567, ""q"": 0.056, ""capture"": 0.619, ""miss_deg"": 0.98, ""labels"": [259]}, {""name"": ""球M"", ""share"": 0.184, ""q"": 0.018, ""capture"": 0.201, ""miss_deg"": 1.79, ""labels"": [261]}, {""name"": ""苹果红"", ""share"": 0.136, ""q"": 0.014, ""capture"": 0.099, ""miss_deg"": 2.15, ""labels"": [260]}]"
2026_08_20/002,c4,v9,beyond_occ,cluster010,22.92,23.78,0.87,4.24,球L,259,0.683,0.02,0.215,0.419,0.417,0.971,object#35,,1,1,,,,3,"[{""name"": ""球L"", ""share"": 0.683, ""q"": 0.02, ""capture"": 0.215, ""miss_deg"": 1.75, ""labels"": [259]}, {""name"": ""球M"", ""share"": 0.285, ""q"": 0.008, ""capture"": 0.09, ""miss_deg"": 2.2, ""labels"": [261]}, {""name"": ""苹果红"", ""share"": 0.013, ""q"": 0.0, ""capture"": 0.003, ""miss_deg"": 3.44, ""labels"": [260]}]"
2026_08_20/002,c4,v9,beyond_occ,cluster010,24.01,24.66,0.65,4.252,球M,261,0.34,0.044,0.486,0.905,0.906,0.87,物品台,,0,0,,,,3,"[{""name"": ""球M"", ""share"": 0.34, ""q"": 0.044, ""capture"": 0.486, ""miss_deg"": 1.2, ""labels"": [261]}, {""name"": ""球L"", ""share"": 0.308, ""q"": 0.04, ""capture"": 0.44, ""miss_deg"": 1.28, ""labels"": [259]}, {""name"": ""球R"", ""share"": 0.213, ""q"": 0.028, ""capture"": 0.305, ""miss_deg"": 1.54, ""labels"": [263]}]"
2026_08_20/002,c4,v9,beyond_occ,cluster010,24.93,33.43,8.5,4.25,球L,259,0.334,0.084,0.926,0.796,0.793,0.747,物品台,,0,0,11,球L,1,3,"[{""name"": ""球L"", ""share"": 0.334, ""q"": 0.084, ""capture"": 0.926, ""miss_deg"": 0.39, ""labels"": [259]}, {""name"": ""球M"", ""share"": 0.265, ""q"": 0.067, ""capture"": 0.737, ""miss_deg"": 0.78, ""labels"": [261]}, {""name"": ""球R"", ""share"": 0.144, ""q"": 0.036, ""capture"": 0.398, ""miss_deg"": 1.36, ""labels"": [263]}]"
2026_08_20/002,c4,v9,beyond_occ,cluster010,33.59,37.22,3.63,4.282,球L,259,0.286,0.083,0.909,0.887,0.888,0.711,物品台,,0,0,11,球L,1,3,"[{""name"": ""球L"", ""share"": 0.286, ""q"": 0.083, ""capture"": 0.909, ""miss_deg"": 0.44, ""labels"": [259]}, {""name"": ""球M"", ""share"": 0.254, ""q"": 0.073, ""capture"": 0.806, ""miss_deg"": 0.66, ""labels"": [261]}, {""name"": ""球R"", ""share"": 0.162, ""q"": 0.047, ""capture"": 0.515, ""miss_deg"": 1.15, ""labels"": [263]}]"
2026_08_20/002,c4,v9,beyond_occ,cluster010,37.37,42.4,5.04,4.302,球L,259,0.454,0.088,0.97,0.415,0.414,0.806,object#35,,1,0,11,球L,1,3,"[{""name"": ""球L"", ""share"": 0.454, ""q"": 0.088, ""capture"": 0.97, ""miss_deg"": 0.25, ""labels"": [259]}, {""name"": ""球M"", ""share"": 0.188, ""q"": 0.037, ""capture"": 0.403, ""miss_deg"": 1.35, ""labels"": [261]}, {""name"": ""苹果红"", ""share"": 0.134, ""q"": 0.026, ""capture"": 0.19, ""miss_deg"": 1.82, ""labels"": [260]}]"
2026_08_20/002,c4,v9,beyond_occ,cluster010,42.54,47.47,4.93,4.279,球L,259,0.345,0.1,1.095,0.445,0.67,0.711,object#35,,0,0,11,球L,1,3,"[{""name"": ""球L"", ""share"": 0.345, ""q"": 0.1, ""capture"": 1.095, ""miss_deg"": 0.0, ""labels"": [259]}, {""name"": ""苹果红"", ""share"": 0.231, ""q"": 0.067, ""capture"": 0.487, ""miss_deg"": 1.2, ""labels"": [260]}, {""name"": ""球M"", ""share"": 0.103, ""q"": 0.03, ""capture"": 0.328, ""miss_deg"": 1.49, ""labels"": [261]}]"
2026_08_20/002,c4,v9,beyond_occ,cluster010,47.69,52.4,4.71,4.302,球L,259,0.452,0.092,1.009,0.39,0.389,0.797,object#35,,1,0,11,球L,1,3,"[{""name"": ""球L"", ""share"": 0.452, ""q"": 0.092, ""capture"": 1.009, ""miss_deg"": 0.0, ""labels"": [259]}, {""name"": ""球M"", ""share"": 0.176, ""q"": 0.036, ""capture"": 0.394, ""miss_deg"": 1.37, ""labels"": [261]}, {""name"": ""苹果红"", ""share"": 0.147, ""q"": 0.03, ""capture"": 0.217, ""miss_deg"": 1.75, ""labels"": [260]}]"
2026_08_20/002,c4,v9,beyond_occ,cluster010,53.04,55.83,2.79,4.294,球L,259,0.427,0.081,0.89,0.301,0.454,0.81,object#35,,1,0,11,球L,1,3,"[{""name"": ""球L"", ""share"": 0.427, ""q"": 0.081, ""capture"": 0.89, ""miss_deg"": 0.48, ""labels"": [259]}, {""name"": ""苹果红"", ""share"": 0.194, ""q"": 0.037, ""capture"": 0.268, ""miss_deg"": 1.62, ""labels"": [260]}, {""name"": ""球M"", ""share"": 0.123, ""q"": 0.023, ""capture"": 0.256, ""miss_deg"": 1.65, ""labels"": [261]}]"
2026_08_20/002,c4,v9,beyond_occ,cluster010,55.88,64.33,8.45,4.29,球L,259,0.313,0.109,1.202,0.694,0.696,0.651,物品台,,0,0,11,球L,1,3,"[{""name"": ""球L"", ""share"": 0.313, ""q"": 0.109, ""capture"": 1.202, ""miss_deg"": 0.0, ""labels"": [259]}, {""name"": ""球M"", ""share"": 0.218, ""q"": 0.076, ""capture"": 0.834, ""miss_deg"": 0.6, ""labels"": [261]}, {""name"": ""球R"", ""share"": 0.102, ""q"": 0.036, ""capture"": 0.391, ""miss_deg"": 1.37, ""labels"": [263]}]"
2026_08_20/002,c4,v9,beyond_occ,cluster010,67.81,68.24,0.43,3.545,,-1,0.0,0.0,,,,1.0,floor,,0,0,,,,0,[]
2026_08_20/002,c4,v9,beyond_occ,cluster010,68.77,69.05,0.27,3.119,,-1,0.0,0.0,,,,1.0,floor,,0,0,,,,0,[]
2026_08_20/002,c4,v9,beyond_occ,cluster010,69.14,69.5,0.36,3.383,,-1,0.0,0.0,,,,1.0,floor,,0,0,,,,0,[]
2026_08_20/002,c4,v9,beyond_occ,cluster010,69.56,70.16,0.6,3.595,,-1,0.0,0.0,,,,1.0,floor,,0,0,,,,0,[]
2026_08_20/002,c4,v9,beyond_occ,cluster010,70.69,80.6,9.91,4.281,球L,259,0.395,0.099,1.093,0.409,0.41,0.748,物品台,,1,0,,,,3,"[{""name"": ""球L"", ""share"": 0.395, ""q"": 0.099, ""capture"": 1.093, ""miss_deg"": 0.0, ""labels"": [259]}, {""name"": ""球M"", ""share"": 0.162, ""q"": 0.041, ""capture"": 0.447, ""miss_deg"": 1.27, ""labels"": [261]}, {""name"": ""苹果红"", ""share"": 0.171, ""q"": 0.043, ""capture"": 0.314, ""miss_deg"": 1.52, ""labels"": [260]}]"
2026_08_20/002,c4,v9,beyond_occ,cluster010,80.72,81.47,0.76,4.251,球L,259,0.347,0.093,1.017,0.691,0.692,0.733,物品台,,0,0,,,,3,"[{""name"": ""球L"", ""share"": 0.347, ""q"": 0.093, ""capture"": 1.017, ""miss_deg"": 0.0, ""labels"": [259]}, {""name"": ""球M"", ""share"": 0.24, ""q"": 0.064, ""capture"": 0.703, ""miss_deg"": 0.84, ""labels"": [261]}, {""name"": ""球R"", ""share"": 0.108, ""q"": 0.029, ""capture"": 0.317, ""miss_deg"": 1.52, ""labels"": [263]}]"
2026_08_20/002,c4,v9,beyond_occ,cluster010,81.74,82.61,0.87,4.274,球L,259,0.3,0.064,0.703,0.903,0.903,0.787,物品台,,0,0,,,,3,"[{""name"": ""球L"", ""share"": 0.3, ""q"": 0.064, ""capture"": 0.703, ""miss_deg"": 0.84, ""labels"": [259]}, {""name"": ""球M"", ""share"": 0.271, ""q"": 0.058, ""capture"": 0.635, ""miss_deg"": 0.95, ""labels"": [261]}, {""name"": ""球R"", ""share"": 0.211, ""q"": 0.045, ""capture"": 0.494, ""miss_deg"": 1.19, ""labels"": [263]}]"
2026_08_20/002,c4,v9,beyond_occ,cluster010,82.98,86.31,3.33,4.249,球L,259,0.366,0.086,0.94,0.757,0.757,0.766,物品台,,0,0,,,,3,"[{""name"": ""球L"", ""share"": 0.366, ""q"": 0.086, ""capture"": 0.94, ""miss_deg"": 0.35, ""labels"": [259]}, {""name"": ""球M"", ""share"": 0.277, ""q"": 0.065, ""capture"": 0.712, ""miss_deg"": 0.82, ""labels"": [261]}, {""name"": ""球R"", ""share"": 0.113, ""q"": 0.026, ""capture"": 0.289, ""miss_deg"": 1.58, ""labels"": [263]}]"
2026_08_20/002,c4,v9,beyond_occ,cluster010,86.54,87.03,0.49,4.263,球L,259,0.337,0.126,1.387,0.462,0.463,0.625,物品台,,0,0,,,,3,"[{""name"": ""球L"", ""share"": 0.337, ""q"": 0.126, ""capture"": 1.387, ""miss_deg"": 0.0, ""labels"": [259]}, {""name"": ""球M"", ""share"": 0.156, ""q"": 0.058, ""capture"": 0.641, ""miss_deg"": 0.94, ""labels"": [261]}, {""name"": ""苹果红"", ""share"": 0.154, ""q"": 0.058, ""capture"": 0.422, ""miss_deg"": 1.31, ""labels"": [260]}]"
2026_08_20/002,c4,v9,beyond_occ,cluster010,87.08,94.5,7.42,4.268,球L,259,0.324,0.096,1.051,0.735,0.735,0.705,物品台,,0,0,,,,3,"[{""name"": ""球L"", ""share"": 0.324, ""q"": 0.096, ""capture"": 1.051, ""miss_deg"": 0.0, ""labels"": [259]}, {""name"": ""球M"", ""share"": 0.238, ""q"": 0.07, ""capture"": 0.773, ""miss_deg"": 0.72, ""labels"": [261]}, {""name"": ""球R"", ""share"": 0.119, ""q"": 0.035, ""capture"": 0.387, ""miss_deg"": 1.38, ""labels"": [263]}]"
2026_08_20/002,c4,v9,beyond_occ,cluster010,94.64,96.11,1.46,4.269,球L,259,0.448,0.082,0.899,0.334,0.335,0.817,object#35,,1,0,,,,3,"[{""name"": ""球L"", ""share"": 0.448, ""q"": 0.082, ""capture"": 0.899, ""miss_deg"": 0.46, ""labels"": [259]}, {""name"": ""球M"", ""share"": 0.15, ""q"": 0.027, ""capture"": 0.3, ""miss_deg"": 1.55, ""labels"": [261]}, {""name"": ""苹果红"", ""share"": 0.169, ""q"": 0.031, ""capture"": 0.226, ""miss_deg"": 1.73, ""labels"": [260]}]"
2026_08_20/002,c4,v9,beyond_occ,cluster010,96.16,98.11,1.95,4.305,球L,259,0.556,0.032,0.352,0.557,0.556,0.942,物品台,,1,1,,,,3,"[{""name"": ""球L"", ""share"": 0.556, ""q"": 0.032, ""capture"": 0.352, ""miss_deg"": 1.44, ""labels"": [259]}, {""name"": ""球M"", ""share"": 0.309, ""q"": 0.018, ""capture"": 0.196, ""miss_deg"": 1.81, ""labels"": [261]}, {""name"": ""球R"", ""share"": 0.062, ""q"": 0.004, ""capture"": 0.039, ""miss_deg"": 2.55, ""labels"": [263]}]"
2026_08_20/002,c4,v9,beyond_occ,cluster010,98.22,107.25,9.03,4.285,球L,259,0.384,0.091,1.0,0.618,0.617,0.763,物品台,,1,0,12,球M,0,3,"[{""name"": ""球L"", ""share"": 0.384, ""q"": 0.091, ""capture"": 1.0, ""miss_deg"": 0.0, ""labels"": [259]}, {""name"": ""球M"", ""share"": 0.237, ""q"": 0.056, ""capture"": 0.618, ""miss_deg"": 0.98, ""labels"": [261]}, {""name"": ""球R"", ""share"": 0.097, ""q"": 0.023, ""capture"": 0.253, ""miss_deg"": 1.66, ""labels"": [263]}]"
2026_08_20/002,c4,v9,beyond_occ,cluster010,107.48,109.22,1.74,4.329,球R,263,0.298,0.096,1.05,0.822,0.822,0.679,物品台,,0,0,13,球R,1,3,"[{""name"": ""球R"", ""share"": 0.298, ""q"": 0.096, ""capture"": 1.05, ""miss_deg"": 0.0, ""labels"": [263]}, {""name"": ""球M"", ""share"": 0.245, ""q"": 0.078, ""capture"": 0.863, ""miss_deg"": 0.54, ""labels"": [261]}, {""name"": ""球L"", ""share"": 0.12, ""q"": 0.039, ""capture"": 0.423, ""miss_deg"": 1.31, ""labels"": [259]}]"
2026_08_20/002,c4,v9,beyond_occ,cluster010,109.39,113.19,3.8,4.328,球L,259,0.363,0.089,0.98,0.623,0.623,0.755,物品台,,1,0,,,,3,"[{""name"": ""球L"", ""share"": 0.363, ""q"": 0.089, ""capture"": 0.98, ""miss_deg"": 0.2, ""labels"": [259]}, {""name"": ""球M"", ""share"": 0.226, ""q"": 0.056, ""capture"": 0.611, ""miss_deg"": 0.99, ""labels"": [261]}, {""name"": ""球R"", ""share"": 0.086, ""q"": 0.021, ""capture"": 0.232, ""miss_deg"": 1.71, ""labels"": [263]}]"
2026_08_20/002,c4,v9,beyond_occ,cluster010,113.27,114.31,1.05,4.328,球L,259,0.276,0.051,0.559,0.662,0.996,0.816,object#35,,0,0,,,,3,"[{""name"": ""球L"", ""share"": 0.276, ""q"": 0.051, ""capture"": 0.559, ""miss_deg"": 1.08, ""labels"": [259]}, {""name"": ""苹果红"", ""share"": 0.275, ""q"": 0.051, ""capture"": 0.37, ""miss_deg"": 1.41, ""labels"": [260]}, {""name"": ""苹果粉"", ""share"": 0.291, ""q"": 0.054, ""capture"": 0.327, ""miss_deg"": 1.49, ""labels"": [64]}]"
2026_08_20/002,c4,v9,beyond_occ,cluster010,114.54,121.14,6.61,4.299,球L,259,0.377,0.087,0.957,0.622,0.621,0.769,物品台,,1,0,,,,3,"[{""name"": ""球L"", ""share"": 0.377, ""q"": 0.087, ""capture"": 0.957, ""miss_deg"": 0.3, ""labels"": [259]}, {""name"": ""球M"", ""share"": 0.234, ""q"": 0.054, ""capture"": 0.595, ""miss_deg"": 1.02, ""labels"": [261]}, {""name"": ""球R"", ""share"": 0.119, ""q"": 0.028, ""capture"": 0.303, ""miss_deg"": 1.55, ""labels"": [263]}]"
2026_08_20/002,c4,v9,beyond_occ,cluster010,121.49,126.58,5.1,4.245,球M,261,0.361,0.035,0.382,0.966,0.967,0.904,物品台,,0,0,15,球R,0,3,"[{""name"": ""球M"", ""share"": 0.361, ""q"": 0.035, ""capture"": 0.382, ""miss_deg"": 1.39, ""labels"": [261]}, {""name"": ""球L"", ""share"": 0.349, ""q"": 0.034, ""capture"": 0.369, ""miss_deg"": 1.41, ""labels"": [259]}, {""name"": ""球R"", ""share"": 0.171, ""q"": 0.016, ""capture"": 0.181, ""miss_deg"": 1.85, ""labels"": [263]}]"
2026_08_20/002,c4,v9,beyond_occ,cluster010,127.96,128.29,0.32,2.573,,-1,0.0,0.0,,,,1.0,floor,,0,0,,,,0,[]
2026_08_20/002,c4,v9,beyond_occ,cluster010,128.64,129.01,0.37,2.619,,-1,0.0,0.0,,,,1.0,floor,,0,0,,,,0,[]
2026_08_20/002,c4,v9,beyond_occ,cluster010,130.1,132.48,2.39,1.259,,-1,0.0,0.0,,,,1.0,object#26,,0,0,,,,0,[]
2026_08_20/002,c4,v9,beyond_occ,cluster010,133.08,133.35,0.27,0.584,,-1,0.0,0.0,,,,1.0,object#14,,0,0,,,,0,[]
2026_08_20/002,c4,v9,beyond_occ,cluster010,133.62,134.0,0.38,0.485,,-1,0.0,0.0,,,,1.0,object#88,,0,0,,,,0,[]
2026_08_20/003,c4,v9,beyond_occ,cluster010,5.74,7.53,1.79,4.254,球L,259,0.384,0.033,0.364,0.426,0.424,0.914,object#35,,1,0,1,球L,1,3,"[{""name"": ""球L"", ""share"": 0.384, ""q"": 0.033, ""capture"": 0.364, ""miss_deg"": 1.42, ""labels"": [259]}, {""name"": ""球M"", ""share"": 0.163, ""q"": 0.014, ""capture"": 0.155, ""miss_deg"": 1.93, ""labels"": [261]}, {""name"": ""苹果红"", ""share"": 0.235, ""q"": 0.02, ""capture"": 0.148, ""miss_deg"": 1.95, ""labels"": [260]}]"
2026_08_20/003,c4,v9,beyond_occ,cluster010,7.75,8.03,0.27,4.271,球L,259,0.249,0.052,0.575,0.609,0.916,0.79,物品台,,0,0,1,球L,1,3,"[{""name"": ""球L"", ""share"": 0.249, ""q"": 0.052, ""capture"": 0.575, ""miss_deg"": 1.05, ""labels"": [259]}, {""name"": ""苹果红"", ""share"": 0.228, ""q"": 0.048, ""capture"": 0.35, ""miss_deg"": 1.45, ""labels"": [260]}, {""name"": ""球R"", ""share"": 0.08, ""q"": 0.017, ""capture"": 0.184, ""miss_deg"": 1.84, ""labels"": [263]}]"
2026_08_20/003,c4,v9,beyond_occ,cluster010,10.06,11.25,1.19,4.363,球L,259,0.358,0.021,0.235,0.549,0.55,0.94,物品台,,1,0,6,球L,1,3,"[{""name"": ""球L"", ""share"": 0.358, ""q"": 0.021, ""capture"": 0.235, ""miss_deg"": 1.7, ""labels"": [259]}, {""name"": ""球R"", ""share"": 0.197, ""q"": 0.012, ""capture"": 0.129, ""miss_deg"": 2.02, ""labels"": [263]}, {""name"": ""球M"", ""share"": 0.158, ""q"": 0.009, ""capture"": 0.104, ""miss_deg"": 2.13, ""labels"": [261]}]"
2026_08_20/003,c4,v9,beyond_occ,cluster010,13.42,13.69,0.27,2.971,,-1,0.0,0.0,,,,1.0,object#79,,0,0,,,,0,[]
2026_08_20/003,c4,v9,beyond_occ,cluster010,15.46,18.38,2.92,4.344,球L,259,0.419,0.021,0.227,0.379,0.496,0.951,object#35,,1,0,8,球L,1,3,"[{""name"": ""球L"", ""share"": 0.419, ""q"": 0.021, ""capture"": 0.227, ""miss_deg"": 1.72, ""labels"": [259]}, {""name"": ""苹果红"", ""share"": 0.208, ""q"": 0.01, ""capture"": 0.086, ""miss_deg"": 2.21, ""labels"": [260]}, {""name"": ""球M"", ""share"": 0.106, ""q"": 0.005, ""capture"": 0.057, ""miss_deg"": 2.39, ""labels"": [261]}]"
2026_08_20/003,c4,v9,beyond_occ,cluster010,18.51,21.92,3.41,4.364,球L,259,0.346,0.024,0.267,0.584,0.76,0.93,object#35,,0,0,11,球L,1,3,"[{""name"": ""球L"", ""share"": 0.346, ""q"": 0.024, ""capture"": 0.267, ""miss_deg"": 1.63, ""labels"": [259]}, {""name"": ""苹果红"", ""share"": 0.263, ""q"": 0.018, ""capture"": 0.156, ""miss_deg"": 1.93, ""labels"": [260]}, {""name"": ""球M"", ""share"": 0.146, ""q"": 0.01, ""capture"": 0.113, ""miss_deg"": 2.09, ""labels"": [261]}]"
2026_08_20/003,c4,v9,beyond_occ,cluster010,21.97,24.09,2.11,4.35,球L,259,0.655,0.011,0.12,0.333,0.328,0.983,object#35,,0,0,11,球L,1,3,"[{""name"": ""球L"", ""share"": 0.655, ""q"": 0.011, ""capture"": 0.12, ""miss_deg"": 2.06, ""labels"": [259]}, {""name"": ""球M"", ""share"": 0.215, ""q"": 0.004, ""capture"": 0.04, ""miss_deg"": 2.54, ""labels"": [261]}, {""name"": ""苹果红"", ""share"": 0.067, ""q"": 0.001, ""capture"": 0.009, ""miss_deg"": 3.06, ""labels"": [260]}]"
2026_08_20/003,c4,v9,beyond_occ,cluster010,24.32,28.76,4.44,4.372,球L,259,0.329,0.028,0.31,0.735,0.736,0.914,物品台,,0,0,11,球L,1,3,"[{""name"": ""球L"", ""share"": 0.329, ""q"": 0.028, ""capture"": 0.31, ""miss_deg"": 1.53, ""labels"": [259]}, {""name"": ""球M"", ""share"": 0.242, ""q"": 0.021, ""capture"": 0.228, ""miss_deg"": 1.72, ""labels"": [261]}, {""name"": ""球R"", ""share"": 0.171, ""q"": 0.015, ""capture"": 0.161, ""miss_deg"": 1.91, ""labels"": [263]}]"
2026_08_20/003,c4,v9,beyond_occ,cluster010,28.82,29.09,0.27,4.754,球R,263,0.297,0.009,0.103,0.563,0.444,0.968,物品台,,0,0,13,球R,1,3,"[{""name"": ""球R"", ""share"": 0.297, ""q"": 0.009, ""capture"": 0.103, ""miss_deg"": 2.13, ""labels"": [263]}, {""name"": ""球M"", ""share"": 0.132, ""q"": 0.004, ""capture"": 0.058, ""miss_deg"": 2.39, ""labels"": [261]}, {""name"": ""水瓶"", ""share"": 0.571, ""q"": 0.018, ""capture"": 0.041, ""miss_deg"": 2.53, ""labels"": [30]}]"
2026_08_20/003,c4,v9,beyond_occ,cluster010,29.14,30.93,1.79,4.388,球R,263,0.298,0.018,0.199,0.854,0.852,0.939,物品台,,0,0,13,球R,1,3,"[{""name"": ""球R"", ""share"": 0.298, ""q"": 0.018, ""capture"": 0.199, ""miss_deg"": 1.8, ""labels"": [263]}, {""name"": ""球M"", ""share"": 0.254, ""q"": 0.015, ""capture"": 0.17, ""miss_deg"": 1.88, ""labels"": [261]}, {""name"": ""球L"", ""share"": 0.219, ""q"": 0.013, ""capture"": 0.146, ""miss_deg"": 1.96, ""labels"": [259]}]"
2026_08_20/003,c4,v9,beyond_occ,cluster010,31.21,33.76,2.54,4.37,球L,259,0.321,0.034,0.371,0.636,0.636,0.895,物品台,,0,0,,,,3,"[{""name"": ""球L"", ""share"": 0.321, ""q"": 0.034, ""capture"": 0.371, ""miss_deg"": 1.41, ""labels"": [259]}, {""name"": ""球R"", ""share"": 0.204, ""q"": 0.021, ""capture"": 0.236, ""miss_deg"": 1.7, ""labels"": [263]}, {""name"": ""球M"", ""share"": 0.182, ""q"": 0.019, ""capture"": 0.211, ""miss_deg"": 1.77, ""labels"": [261]}]"
2026_08_20/003,c4,v9,beyond_occ,cluster010,33.86,35.89,2.02,4.347,球R,263,0.291,0.045,0.491,0.813,0.814,0.847,物品台,,0,0,15,球R,1,3,"[{""name"": ""球R"", ""share"": 0.291, ""q"": 0.045, ""capture"": 0.491, ""miss_deg"": 1.19, ""labels"": [263]}, {""name"": ""球M"", ""share"": 0.237, ""q"": 0.036, ""capture"": 0.399, ""miss_deg"": 1.36, ""labels"": [261]}, {""name"": ""球L"", ""share"": 0.155, ""q"": 0.024, ""capture"": 0.262, ""miss_deg"": 1.64, ""labels"": [259]}]"
2026_08_20/003,c4,v9,beyond_occ,cluster010,36.0,37.62,1.62,4.367,球L,259,0.267,0.013,0.144,0.993,0.996,0.951,物品台,,0,0,,,,3,"[{""name"": ""球L"", ""share"": 0.267, ""q"": 0.013, ""capture"": 0.144, ""miss_deg"": 1.97, ""labels"": [259]}, {""name"": ""球M"", ""share"": 0.266, ""q"": 0.013, ""capture"": 0.143, ""miss_deg"": 1.97, ""labels"": [261]}, {""name"": ""球R"", ""share"": 0.216, ""q"": 0.011, ""capture"": 0.116, ""miss_deg"": 2.07, ""labels"": [263]}]"
2026_08_20/003,c4,v9,beyond_occ,cluster010,37.9,45.1,7.2,4.34,球L,259,0.469,0.024,0.265,0.362,0.365,0.949,object#35,,1,0,,,,3,"[{""name"": ""球L"", ""share"": 0.469, ""q"": 0.024, ""capture"": 0.265, ""miss_deg"": 1.63, ""labels"": [259]}, {""name"": ""球M"", ""share"": 0.171, ""q"": 0.009, ""capture"": 0.096, ""miss_deg"": 2.16, ""labels"": [261]}, {""name"": ""苹果红"", ""share"": 0.15, ""q"": 0.008, ""capture"": 0.065, ""miss_deg"": 2.34, ""labels"": [260]}]"
2026_08_20/003,c4,v9,beyond_occ,cluster010,45.35,45.9,0.54,4.36,球L,259,0.288,0.017,0.186,0.849,0.851,0.941,物品台,,0,0,,,,3,"[{""name"": ""球L"", ""share"": 0.288, ""q"": 0.017, ""capture"": 0.186, ""miss_deg"": 1.84, ""labels"": [259]}, {""name"": ""球M"", ""share"": 0.245, ""q"": 0.014, ""capture"": 0.158, ""miss_deg"": 1.92, ""labels"": [261]}, {""name"": ""球R"", ""share"": 0.204, ""q"": 0.012, ""capture"": 0.131, ""miss_deg"": 2.02, ""labels"": [263]}]"
2026_08_20/003,c4,v9,beyond_occ,cluster010,46.09,47.39,1.3,4.334,球L,259,0.226,0.049,0.54,0.924,0.925,0.783,物品台,,0,0,,,,3,"[{""name"": ""球L"", ""share"": 0.226, ""q"": 0.049, ""capture"": 0.54, ""miss_deg"": 1.11, ""labels"": [259]}, {""name"": ""球R"", ""share"": 0.209, ""q"": 0.045, ""capture"": 0.499, ""miss_deg"": 1.18, ""labels"": [263]}, {""name"": ""球M"", ""share"": 0.179, ""q"": 0.039, ""capture"": 0.427, ""miss_deg"": 1.3, ""labels"": [261]}]"
2026_08_20/003,c4,v9,beyond_occ,cluster010,47.62,52.68,5.06,4.343,球L,259,0.323,0.044,0.485,0.513,0.672,0.864,object#35,,0,0,,,,3,"[{""name"": ""球L"", ""share"": 0.323, ""q"": 0.044, ""capture"": 0.485, ""miss_deg"": 1.2, ""labels"": [259]}, {""name"": ""苹果红"", ""share"": 0.217, ""q"": 0.03, ""capture"": 0.249, ""miss_deg"": 1.67, ""labels"": [260]}, {""name"": ""球M"", ""share"": 0.13, ""q"": 0.018, ""capture"": 0.196, ""miss_deg"": 1.81, ""labels"": [261]}]"
2026_08_20/003,c4,v9,beyond_occ,cluster010,53.16,53.7,0.54,4.348,球L,259,0.269,0.008,0.091,0.703,1.271,0.969,object#35,,0,0,,,,3,"[{""name"": ""球L"", ""share"": 0.269, ""q"": 0.008, ""capture"": 0.091, ""miss_deg"": 2.19, ""labels"": [259]}, {""name"": ""苹果粉"", ""share"": 0.342, ""q"": 0.011, ""capture"": 0.064, ""miss_deg"": 2.34, ""labels"": [64]}, {""name"": ""苹果红"", ""share"": 0.152, ""q"": 0.005, ""capture"": 0.039, ""miss_deg"": 2.54, ""labels"": [260]}]"
2026_08_20/003,c4,v9,beyond_occ,cluster010,54.02,54.29,0.27,4.327,苹果粉,64,0.66,0.069,0.421,0.185,0.103,0.896,object#35,,1,1,,,,3,"[{""name"": ""苹果粉"", ""share"": 0.66, ""q"": 0.069, ""capture"": 0.421, ""miss_deg"": 1.32, ""labels"": [64, 250]}, {""name"": ""球L"", ""share"": 0.068, ""q"": 0.007, ""capture"": 0.078, ""miss_deg"": 2.26, ""labels"": [259]}, {""name"": ""苹果红"", ""share"": 0.098, ""q"": 0.01, ""capture"": 0.074, ""miss_deg"": 2.28, ""labels"": [260]}]"
2026_08_20/003,c4,v9,beyond_occ,cluster010,54.35,55.32,0.97,4.345,球L,259,0.357,0.023,0.248,0.552,0.725,0.937,object#35,,0,0,,,,3,"[{""name"": ""球L"", ""share"": 0.357, ""q"": 0.023, ""capture"": 0.248, ""miss_deg"": 1.67, ""labels"": [259]}, {""name"": ""苹果红"", ""share"": 0.259, ""q"": 0.016, ""capture"": 0.137, ""miss_deg"": 1.99, ""labels"": [260]}, {""name"": ""球M"", ""share"": 0.12, ""q"": 0.008, ""capture"": 0.084, ""miss_deg"": 2.23, ""labels"": [261]}]"
2026_08_20/003,c4,v9,beyond_occ,cluster010,55.44,58.04,2.6,4.344,球L,259,0.464,0.007,0.072,0.208,0.278,0.986,object#35,,0,0,,,,3,"[{""name"": ""球L"", ""share"": 0.464, ""q"": 0.007, ""capture"": 0.072, ""miss_deg"": 2.29, ""labels"": [259]}, {""name"": ""苹果红"", ""share"": 0.129, ""q"": 0.002, ""capture"": 0.015, ""miss_deg"": 2.89, ""labels"": [260]}, {""name"": ""球M"", ""share"": 0.069, ""q"": 0.001, ""capture"": 0.011, ""miss_deg"": 3.01, ""labels"": [261]}]"
2026_08_20/003,c4,v9,beyond_occ,cluster010,58.27,58.92,0.65,4.377,球R,263,0.287,0.024,0.268,0.791,0.791,0.915,物品台,,0,0,,,,3,"[{""name"": ""球R"", ""share"": 0.287, ""q"": 0.024, ""capture"": 0.268, ""miss_deg"": 1.62, ""labels"": [263]}, {""name"": ""球M"", ""share"": 0.227, ""q"": 0.019, ""capture"": 0.212, ""miss_deg"": 1.76, ""labels"": [261]}, {""name"": ""球L"", ""share"": 0.207, ""q"": 0.018, ""capture"": 0.193, ""miss_deg"": 1.81, ""labels"": [259]}]"
2026_08_20/003,c4,v9,beyond_occ,cluster010,59.03,59.36,0.32,4.368,球R,263,0.293,0.024,0.258,0.771,0.771,0.92,物品台,,0,0,,,,3,"[{""name"": ""球R"", ""share"": 0.293, ""q"": 0.024, ""capture"": 0.258, ""miss_deg"": 1.65, ""labels"": [263]}, {""name"": ""球M"", ""share"": 0.226, ""q"": 0.018, ""capture"": 0.199, ""miss_deg"": 1.8, ""labels"": [261]}, {""name"": ""球L"", ""share"": 0.155, ""q"": 0.012, ""capture"": 0.137, ""miss_deg"": 1.99, ""labels"": [259]}]"
2026_08_20/003,c4,v9,beyond_occ,cluster010,59.41,60.11,0.7,4.372,球L,259,0.323,0.035,0.381,0.488,0.486,0.893,物品台,,0,0,,,,3,"[{""name"": ""球L"", ""share"": 0.323, ""q"": 0.035, ""capture"": 0.381, ""miss_deg"": 1.39, ""labels"": [259]}, {""name"": ""球M"", ""share"": 0.157, ""q"": 0.017, ""capture"": 0.186, ""miss_deg"": 1.84, ""labels"": [261]}, {""name"": ""苹果红"", ""share"": 0.167, ""q"": 0.018, ""capture"": 0.151, ""miss_deg"": 1.94, ""labels"": [260]}]"
2026_08_20/003,c4,v9,beyond_occ,cluster010,60.44,64.18,3.74,4.368,球L,259,0.348,0.031,0.341,0.543,0.543,0.911,物品台,,0,0,,,,3,"[{""name"": ""球L"", ""share"": 0.348, ""q"": 0.031, ""capture"": 0.341, ""miss_deg"": 1.47, ""labels"": [259]}, {""name"": ""球M"", ""share"": 0.189, ""q"": 0.017, ""capture"": 0.185, ""miss_deg"": 1.84, ""labels"": [261]}, {""name"": ""球R"", ""share"": 0.165, ""q"": 0.015, ""capture"": 0.162, ""miss_deg"": 1.91, ""labels"": [263]}]"
2026_08_20/003,c4,v9,beyond_occ,cluster010,66.06,66.5,0.43,2.766,,-1,0.0,0.0,,,,1.0,floor,,0,0,,,,0,[]
2026_08_20/003,c4,v9,beyond_occ,cluster010,67.31,70.23,2.92,3.047,,-1,0.0,0.0,,,,1.0,floor,,0,0,,,,0,[]
2026_08_20/003,c4,v9,beyond_occ,cluster010,70.9,72.63,1.73,4.284,苹果红,260,0.27,0.077,0.559,0.991,0.659,0.717,物品台,,0,0,,,,3,"[{""name"": ""苹果红"", ""share"": 0.27, ""q"": 0.077, ""capture"": 0.559, ""miss_deg"": 1.08, ""labels"": [260]}, {""name"": ""球L"", ""share"": 0.178, ""q"": 0.05, ""capture"": 0.554, ""miss_deg"": 1.09, ""labels"": [259]}, {""name"": ""苹果粉"", ""share"": 0.197, ""q"": 0.056, ""capture"": 0.295, ""miss_deg"": 1.56, ""labels"": [64]}]"
2026_08_20/003,c4,v9,beyond_occ,cluster010,72.86,77.52,4.66,4.291,球L,259,0.356,0.019,0.213,0.39,0.587,0.945,object#35,,1,0,,,,3,"[{""name"": ""球L"", ""share"": 0.356, ""q"": 0.019, ""capture"": 0.213, ""miss_deg"": 1.76, ""labels"": [259]}, {""name"": ""苹果红"", ""share"": 0.209, ""q"": 0.011, ""capture"": 0.083, ""miss_deg"": 2.23, ""labels"": [260]}, {""name"": ""苹果粉"", ""share"": 0.215, ""q"": 0.012, ""capture"": 0.072, ""miss_deg"": 2.3, ""labels"": [64]}]"
2026_08_20/003,c4,v9,beyond_occ,cluster010,77.57,81.05,3.47,4.297,球L,259,0.305,0.004,0.046,0.783,1.39,0.986,object#35,,0,0,,,,3,"[{""name"": ""球L"", ""share"": 0.305, ""q"": 0.004, ""capture"": 0.046, ""miss_deg"": 2.48, ""labels"": [259]}, {""name"": ""苹果粉"", ""share"": 0.424, ""q"": 0.006, ""capture"": 0.036, ""miss_deg"": 2.58, ""labels"": [64]}, {""name"": ""苹果红"", ""share"": 0.087, ""q"": 0.001, ""capture"": 0.009, ""miss_deg"": 3.08, ""labels"": [260]}]"
2026_08_20/003,c4,v9,beyond_occ,cluster010,81.49,83.0,1.52,4.297,苹果粉,64,0.398,0.067,0.409,0.78,0.435,0.832,object#35,,1,0,,,,3,"[{""name"": ""苹果粉"", ""share"": 0.398, ""q"": 0.067, ""capture"": 0.409, ""miss_deg"": 1.34, ""labels"": [64]}, {""name"": ""球L"", ""share"": 0.173, ""q"": 0.029, ""capture"": 0.319, ""miss_deg"": 1.51, ""labels"": [259]}, {""name"": ""苹果红"", ""share"": 0.214, ""q"": 0.036, ""capture"": 0.263, ""miss_deg"": 1.64, ""labels"": [260]}]"
2026_08_20/003,c4,v9,beyond_occ,cluster010,83.06,84.85,1.79,4.311,球L,259,0.416,0.041,0.447,0.286,0.433,0.902,object#35,,1,0,,,,3,"[{""name"": ""球L"", ""share"": 0.416, ""q"": 0.041, ""capture"": 0.447, ""miss_deg"": 1.27, ""labels"": [259]}, {""name"": ""苹果红"", ""share"": 0.18, ""q"": 0.018, ""capture"": 0.128, ""miss_deg"": 2.03, ""labels"": [260]}, {""name"": ""球M"", ""share"": 0.087, ""q"": 0.009, ""capture"": 0.094, ""miss_deg"": 2.18, ""labels"": [261]}]"
2026_08_20/003,c4,v9,beyond_occ,cluster010,84.9,85.33,0.43,4.299,苹果粉,64,0.584,0.039,0.237,0.338,0.188,0.934,object#35,,1,1,,,,3,"[{""name"": ""苹果粉"", ""share"": 0.584, ""q"": 0.039, ""capture"": 0.237, ""miss_deg"": 1.7, ""labels"": [64]}, {""name"": ""球L"", ""share"": 0.11, ""q"": 0.007, ""capture"": 0.08, ""miss_deg"": 2.25, ""labels"": [259]}, {""name"": ""苹果红"", ""share"": 0.131, ""q"": 0.009, ""capture"": 0.063, ""miss_deg"": 2.35, ""labels"": [260]}]"
2026_08_20/003,c4,v9,beyond_occ,cluster010,85.39,86.9,1.52,4.304,苹果粉,64,0.261,0.005,0.03,0.833,0.46,0.981,object#35,,0,0,,,,3,"[{""name"": ""苹果粉"", ""share"": 0.261, ""q"": 0.005, ""capture"": 0.03, ""miss_deg"": 2.65, ""labels"": [64]}, {""name"": ""球L"", ""share"": 0.12, ""q"": 0.002, ""capture"": 0.025, ""miss_deg"": 2.71, ""labels"": [259]}, {""name"": ""水瓶"", ""share"": 0.584, ""q"": 0.011, ""capture"": 0.021, ""miss_deg"": 2.78, ""labels"": [30]}]"
2026_08_20/003,c4,v9,beyond_occ,cluster010,87.15,92.67,5.52,4.325,球L,259,0.536,0.021,0.228,0.219,0.22,0.961,object#35,,1,1,,,,3,"[{""name"": ""球L"", ""share"": 0.536, ""q"": 0.021, ""capture"": 0.228, ""miss_deg"": 1.72, ""labels"": [259]}, {""name"": ""球M"", ""share"": 0.118, ""q"": 0.005, ""capture"": 0.05, ""miss_deg"": 2.45, ""labels"": [261]}, {""name"": ""苹果红"", ""share"": 0.168, ""q"": 0.007, ""capture"": 0.048, ""miss_deg"": 2.47, ""labels"": [260]}]"
2026_08_20/003,c4,v9,beyond_occ,cluster010,93.06,95.34,2.27,4.278,球L,259,0.275,0.015,0.17,0.671,1.404,0.944,object#35,,0,0,,,,3,"[{""name"": ""球L"", ""share"": 0.275, ""q"": 0.015, ""capture"": 0.17, ""miss_deg"": 1.88, ""labels"": [259]}, {""name"": ""苹果粉"", ""share"": 0.386, ""q"": 0.022, ""capture"": 0.114, ""miss_deg"": 2.08, ""labels"": [64]}, {""name"": ""苹果红"", ""share"": 0.164, ""q"": 0.009, ""capture"": 0.067, ""miss_deg"": 2.32, ""labels"": [260]}]"
2026_08_20/003,c4,v9,beyond_occ,cluster010,95.75,100.87,5.12,4.29,球L,259,0.391,0.031,0.34,0.341,0.512,0.921,object#35,,1,0,,,,3,"[{""name"": ""球L"", ""share"": 0.391, ""q"": 0.031, ""capture"": 0.34, ""miss_deg"": 1.47, ""labels"": [259]}, {""name"": ""苹果红"", ""share"": 0.2, ""q"": 0.016, ""capture"": 0.116, ""miss_deg"": 2.08, ""labels"": [260]}, {""name"": ""球M"", ""share"": 0.086, ""q"": 0.007, ""capture"": 0.075, ""miss_deg"": 2.28, ""labels"": [261]}]"
2026_08_20/003,c4,v9,beyond_occ,cluster010,101.1,101.64,0.54,4.295,球L,259,0.203,0.022,0.247,0.806,1.453,0.889,object#35,,0,0,,,,3,"[{""name"": ""球L"", ""share"": 0.203, ""q"": 0.022, ""capture"": 0.247, ""miss_deg"": 1.67, ""labels"": [259]}, {""name"": ""苹果粉"", ""share"": 0.295, ""q"": 0.033, ""capture"": 0.199, ""miss_deg"": 1.8, ""labels"": [64]}, {""name"": ""苹果红"", ""share"": 0.243, ""q"": 0.027, ""capture"": 0.196, ""miss_deg"": 1.81, ""labels"": [260]}]"
2026_08_20/003,c4,v9,beyond_occ,cluster010,101.7,106.68,4.98,4.323,球L,259,0.323,0.043,0.475,0.432,0.65,0.866,object#35,,0,0,,,,3,"[{""name"": ""球L"", ""share"": 0.323, ""q"": 0.043, ""capture"": 0.475, ""miss_deg"": 1.22, ""labels"": [259]}, {""name"": ""苹果红"", ""share"": 0.21, ""q"": 0.028, ""capture"": 0.205, ""miss_deg"": 1.78, ""labels"": [260]}, {""name"": ""苹果粉"", ""share"": 0.206, ""q"": 0.028, ""capture"": 0.168, ""miss_deg"": 1.89, ""labels"": [64]}]"
2026_08_20/003,c4,v9,beyond_occ,cluster010,106.83,114.76,7.93,4.314,球L,259,0.449,0.027,0.301,0.375,0.376,0.939,物品台,,1,0,,,,3,"[{""name"": ""球L"", ""share"": 0.449, ""q"": 0.027, ""capture"": 0.301, ""miss_deg"": 1.55, ""labels"": [259]}, {""name"": ""球M"", ""share"": 0.169, ""q"": 0.01, ""capture"": 0.113, ""miss_deg"": 2.09, ""labels"": [261]}, {""name"": ""苹果红"", ""share"": 0.156, ""q"": 0.01, ""capture"": 0.07, ""miss_deg"": 2.31, ""labels"": [260]}]"
2026_08_20/003,c4,v9,beyond_occ,cluster010,114.9,122.65,7.75,4.322,球L,259,0.354,0.028,0.309,0.414,0.621,0.921,object#35,,1,0,,,,3,"[{""name"": ""球L"", ""share"": 0.354, ""q"": 0.028, ""capture"": 0.309, ""miss_deg"": 1.53, ""labels"": [259]}, {""name"": ""苹果红"", ""share"": 0.22, ""q"": 0.017, ""capture"": 0.128, ""miss_deg"": 2.03, ""labels"": [260]}, {""name"": ""球M"", ""share"": 0.104, ""q"": 0.008, ""capture"": 0.091, ""miss_deg"": 2.19, ""labels"": [261]}]"
2026_08_20/003,c4,v9,beyond_occ,cluster010,122.95,125.46,2.51,4.305,球L,259,0.272,0.053,0.582,0.5,0.5,0.805,物品台,,0,0,,,,3,"[{""name"": ""球L"", ""share"": 0.272, ""q"": 0.053, ""capture"": 0.582, ""miss_deg"": 1.04, ""labels"": [259]}, {""name"": ""球R"", ""share"": 0.136, ""q"": 0.026, ""capture"": 0.291, ""miss_deg"": 1.57, ""labels"": [263]}, {""name"": ""球M"", ""share"": 0.121, ""q"": 0.024, ""capture"": 0.258, ""miss_deg"": 1.65, ""labels"": [261]}]"
2026_08_20/003,c4,v9,beyond_occ,cluster010,125.74,128.34,2.6,4.324,球L,259,0.299,0.049,0.539,0.505,0.505,0.836,物品台,,0,0,,,,3,"[{""name"": ""球L"", ""share"": 0.299, ""q"": 0.049, ""capture"": 0.539, ""miss_deg"": 1.11, ""labels"": [259]}, {""name"": ""球R"", ""share"": 0.151, ""q"": 0.025, ""capture"": 0.272, ""miss_deg"": 1.61, ""labels"": [263]}, {""name"": ""球M"", ""share"": 0.129, ""q"": 0.021, ""capture"": 0.233, ""miss_deg"": 1.71, ""labels"": [261]}]"
2026_08_20/003,c4,v9,beyond_occ,cluster010,129.44,129.71,0.27,3.016,,-1,0.0,0.0,,,,1.0,floor,,0,0,,,,0,[]
2026_08_20/003,c4,v9,beyond_occ,cluster010,130.42,130.69,0.27,2.817,,-1,0.0,0.0,,,,1.0,floor,,0,0,,,,0,[]
2026_08_20/003,c4,v9,beyond_occ,cluster010,130.75,131.23,0.49,2.636,,-1,0.0,0.0,,,,1.0,floor,,0,0,,,,0,[]
2026_08_20/003,c4,v9,beyond_occ,cluster010,134.02,134.61,0.6,0.856,,-1,0.0,0.0,,,,1.0,object#14,,0,0,,,,0,[]
2026_08_25/c1_1,c4,v9,beyond_occ,cluster010,2.99,3.28,0.28,2.442,,-1,0.0,0.0,,,,1.0,floor,,0,0,,,,0,[]
2026_08_25/c1_1,c4,v9,beyond_occ,cluster010,3.33,3.77,0.44,2.081,,-1,0.0,0.0,,,,1.0,floor,,0,0,,,,0,[]
2026_08_25/c1_1,c4,v9,beyond_occ,cluster010,3.99,4.53,0.54,2.005,,-1,0.0,0.0,,,,1.0,floor,,0,0,,,,0,[]
2026_08_25/c1_1,c4,v9,beyond_occ,cluster010,7.22,7.49,0.27,3.4,,-1,0.0,0.0,,,,1.0,object#35,,0,0,,,,0,[]
2026_08_25/c1_1,c4,v9,beyond_occ,cluster010,7.76,8.2,0.43,3.259,,-1,0.0,0.0,,,,1.0,object#35,,0,0,,,,0,[]
2026_08_25/c1_1,c4,v9,beyond_occ,cluster010,11.33,14.53,3.2,4.038,球L,259,0.269,0.001,0.006,0.5,2.717,0.997,object#24,,0,0,1,球L,1,2,"[{""name"": ""球L"", ""share"": 0.269, ""q"": 0.001, ""capture"": 0.006, ""miss_deg"": 3.19, ""labels"": [259]}, {""name"": ""水瓶"", ""share"": 0.731, ""q"": 0.002, ""capture"": 0.003, ""miss_deg"": 3.38, ""labels"": [30]}]"
2026_08_25/c1_1,c4,v9,beyond_occ,cluster010,15.81,18.41,2.6,4.121,苹果粉,64,1.0,0.0,0.002,0.0,0.0,1.0,object#37,,0,0,,,,1,"[{""name"": ""苹果粉"", ""share"": 1.0, ""q"": 0.0, ""capture"": 0.002, ""miss_deg"": 3.57, ""labels"": [64]}]"
2026_08_25/c1_1,c4,v9,beyond_occ,cluster010,18.58,23.78,5.2,4.114,,-1,0.0,0.0,,,,1.0,object#35,,0,0,,,,0,[]
2026_08_25/c1_1,c4,v9,beyond_occ,cluster010,24.01,29.97,5.96,4.119,球L,259,1.0,0.0,0.001,0.0,0.0,1.0,object#24,,0,0,6,球L,1,1,"[{""name"": ""球L"", ""share"": 1.0, ""q"": 0.0, ""capture"": 0.001, ""miss_deg"": 3.66, ""labels"": [259]}]"
2026_08_25/c1_1,c4,v9,beyond_occ,cluster010,30.22,32.38,2.17,4.093,,-1,0.0,0.0,,,,1.0,object#24,,0,0,,,,0,[]
2026_08_25/c1_1,c4,v9,beyond_occ,cluster010,32.65,36.28,3.63,4.133,球M,261,0.41,0.001,0.016,0.688,0.876,0.997,object#24,,0,0,8,球L,0,3,"[{""name"": ""球M"", ""share"": 0.41, ""q"": 0.001, ""capture"": 0.016, ""miss_deg"": 2.88, ""labels"": [261]}, {""name"": ""球L"", ""share"": 0.359, ""q"": 0.001, ""capture"": 0.011, ""miss_deg"": 2.99, ""labels"": [259]}, {""name"": ""水瓶"", ""share"": 0.231, ""q"": 0.001, ""capture"": 0.001, ""miss_deg"": 3.61, ""labels"": [30]}]"
2026_08_25/c1_1,c4,v9,beyond_occ,cluster010,36.55,43.15,6.61,4.134,,-1,0.0,0.0,,,,1.0,object#24,,0,0,8,球L,,0,[]
2026_08_25/c1_1,c4,v9,beyond_occ,cluster010,43.4,51.57,8.18,4.162,球L,259,0.867,0.008,0.071,0.056,0.07,0.991,object#35,,0,0,9,球L,1,3,"[{""name"": ""球L"", ""share"": 0.867, ""q"": 0.008, ""capture"": 0.071, ""miss_deg"": 2.3, ""labels"": [259]}, {""name"": ""苹果红"", ""share"": 0.061, ""q"": 0.001, ""capture"": 0.004, ""miss_deg"": 3.34, ""labels"": [260]}, {""name"": ""苹果粉"", ""share"": 0.072, ""q"": 0.001, ""capture"": 0.003, ""miss_deg"": 3.39, ""labels"": [64]}]"
2026_08_25/c1_1,c4,v9,beyond_occ,cluster010,51.63,56.99,5.36,4.191,水瓶,30,1.0,0.001,0.001,0.0,0.0,0.999,object#35,,0,0,,,,1,"[{""name"": ""水瓶"", ""share"": 1.0, ""q"": 0.001, ""capture"": 0.001, ""miss_deg"": 3.66, ""labels"": [30]}]"
2026_08_25/c1_1,c4,v9,beyond_occ,cluster010,57.24,57.89,0.65,4.191,球L,259,0.982,0.004,0.037,0.0,0.018,0.996,object#35,,0,0,,,,2,"[{""name"": ""球L"", ""share"": 0.982, ""q"": 0.004, ""capture"": 0.037, ""miss_deg"": 2.57, ""labels"": [259]}, {""name"": ""水瓶"", ""share"": 0.018, ""q"": 0.0, ""capture"": 0.0, ""miss_deg"": 4.22, ""labels"": [30]}]"
2026_08_25/c1_1,c4,v9,beyond_occ,cluster010,57.94,60.27,2.33,4.202,球L,259,0.354,0.084,0.765,0.908,0.754,0.763,物品台,,0,0,,,,3,"[{""name"": ""球L"", ""share"": 0.354, ""q"": 0.084, ""capture"": 0.765, ""miss_deg"": 0.73, ""labels"": [259]}, {""name"": ""球M"", ""share"": 0.267, ""q"": 0.063, ""capture"": 0.695, ""miss_deg"": 0.85, ""labels"": [261]}, {""name"": ""球R"", ""share"": 0.117, ""q"": 0.028, ""capture"": 0.304, ""miss_deg"": 1.54, ""labels"": [263]}]"
2026_08_25/c1_1,c4,v9,beyond_occ,cluster010,60.49,64.99,4.5,4.168,球L,259,0.615,0.03,0.278,0.561,0.463,0.95,物品台,,1,1,,,,3,"[{""name"": ""球L"", ""share"": 0.615, ""q"": 0.03, ""capture"": 0.278, ""miss_deg"": 1.6, ""labels"": [259]}, {""name"": ""球M"", ""share"": 0.285, ""q"": 0.014, ""capture"": 0.156, ""miss_deg"": 1.93, ""labels"": [261]}, {""name"": ""水瓶"", ""share"": 0.081, ""q"": 0.004, ""capture"": 0.007, ""miss_deg"": 3.13, ""labels"": [30]}]"
2026_08_25/c1_1,c4,v9,beyond_occ,cluster010,66.46,66.95,0.49,4.162,球R,263,0.366,0.118,1.079,0.839,0.697,0.677,物品台,,1,0,,,,3,"[{""name"": ""球R"", ""share"": 0.366, ""q"": 0.118, ""capture"": 1.079, ""miss_deg"": 0.0, ""labels"": [263]}, {""name"": ""球M"", ""share"": 0.255, ""q"": 0.082, ""capture"": 0.905, ""miss_deg"": 0.45, ""labels"": [261]}, {""name"": ""白杯2"", ""share"": 0.196, ""q"": 0.063, ""capture"": 0.387, ""miss_deg"": 1.38, ""labels"": [267]}]"
2026_08_25/c1_1,c4,v9,beyond_occ,cluster010,67.2,67.58,0.38,3.188,,-1,0.0,0.0,,,,1.0,object#26,,0,0,,,,0,[]
2026_08_25/c1_1,c4,v9,beyond_occ,cluster010,67.91,68.5,0.6,3.134,,-1,0.0,0.0,,,,1.0,object#26,,0,0,,,,0,[]
2026_08_25/c1_1,c4,v9,beyond_occ,cluster010,68.94,69.43,0.49,4.165,,-1,0.0,0.0,,,,1.0,object#24,,0,0,,,,0,[]
2026_08_25/c1_1,c4,v9,beyond_occ,cluster010,69.49,77.56,8.07,4.172,球L,259,0.842,0.011,0.101,0.079,0.099,0.987,object#35,,0,0,,,,3,"[{""name"": ""球L"", ""share"": 0.842, ""q"": 0.011, ""capture"": 0.101, ""miss_deg"": 2.14, ""labels"": [259]}, {""name"": ""苹果红"", ""share"": 0.083, ""q"": 0.001, ""capture"": 0.008, ""miss_deg"": 3.13, ""labels"": [260]}, {""name"": ""苹果粉"", ""share"": 0.036, ""q"": 0.0, ""capture"": 0.002, ""miss_deg"": 3.49, ""labels"": [64]}]"
2026_08_25/c1_1,c4,v9,beyond_occ,cluster010,77.61,80.11,2.49,4.169,,-1,0.0,0.0,,,,1.0,object#35,,0,0,,,,0,[]
2026_08_25/c1_1,c4,v9,beyond_occ,cluster010,80.33,86.5,6.17,4.184,球L,259,0.705,0.002,0.022,0.091,0.418,0.997,object#35,,0,0,,,,2,"[{""name"": ""球L"", ""share"": 0.705, ""q"": 0.002, ""capture"": 0.022, ""miss_deg"": 2.76, ""labels"": [259]}, {""name"": ""水瓶"", ""share"": 0.295, ""q"": 0.001, ""capture"": 0.002, ""miss_deg"": 3.54, ""labels"": [30]}]"
2026_08_25/c1_1,c4,v9,beyond_occ,cluster010,86.74,93.51,6.77,4.177,球M,261,0.463,0.003,0.038,0.974,1.16,0.992,object#24,,0,0,10,球M,1,2,"[{""name"": ""球M"", ""share"": 0.463, ""q"": 0.003, ""capture"": 0.038, ""miss_deg"": 2.55, ""labels"": [261]}, {""name"": ""球L"", ""share"": 0.537, ""q"": 0.004, ""capture"": 0.037, ""miss_deg"": 2.57, ""labels"": [259]}]"
2026_08_25/c1_1,c4,v9,beyond_occ,cluster010,93.61,97.89,4.28,4.179,球L,259,0.761,0.011,0.104,0.077,0.108,0.985,object#35,,0,0,11,球L,1,3,"[{""name"": ""球L"", ""share"": 0.761, ""q"": 0.011, ""capture"": 0.104, ""miss_deg"": 2.13, ""labels"": [259]}, {""name"": ""苹果红"", ""share"": 0.082, ""q"": 0.001, ""capture"": 0.008, ""miss_deg"": 3.09, ""labels"": [260]}, {""name"": ""水瓶"", ""share"": 0.149, ""q"": 0.002, ""capture"": 0.004, ""miss_deg"": 3.32, ""labels"": [30]}]"
2026_08_25/c1_1,c4,v9,beyond_occ,cluster010,98.18,100.51,2.33,4.178,球L,259,0.814,0.017,0.154,0.097,0.13,0.979,object#35,,0,0,11,球L,1,3,"[{""name"": ""球L"", ""share"": 0.814, ""q"": 0.017, ""capture"": 0.154, ""miss_deg"": 1.93, ""labels"": [259]}, {""name"": ""苹果红"", ""share"": 0.106, ""q"": 0.002, ""capture"": 0.015, ""miss_deg"": 2.9, ""labels"": [260]}, {""name"": ""球M"", ""share"": 0.017, ""q"": 0.0, ""capture"": 0.004, ""miss_deg"": 3.34, ""labels"": [261]}]"
2026_08_25/c1_1,c4,v9,beyond_occ,cluster010,100.73,105.98,5.25,4.178,球L,259,0.744,0.019,0.174,0.328,0.272,0.974,object#35,,0,0,11,球L,1,3,"[{""name"": ""球L"", ""share"": 0.744, ""q"": 0.019, ""capture"": 0.174, ""miss_deg"": 1.87, ""labels"": [259]}, {""name"": ""球M"", ""share"": 0.202, ""q"": 0.005, ""capture"": 0.057, ""miss_deg"": 2.39, ""labels"": [261]}, {""name"": ""苹果红"", ""share"": 0.041, ""q"": 0.001, ""capture"": 0.007, ""miss_deg"": 3.14, ""labels"": [260]}]"
2026_08_25/c1_1,c4,v9,beyond_occ,cluster010,106.29,107.32,1.03,4.177,球L,259,0.53,0.049,0.446,0.646,0.536,0.908,物品台,,1,1,11,球L,1,3,"[{""name"": ""球L"", ""share"": 0.53, ""q"": 0.049, ""capture"": 0.446, ""miss_deg"": 1.27, ""labels"": [259]}, {""name"": ""球M"", ""share"": 0.284, ""q"": 0.026, ""capture"": 0.288, ""miss_deg"": 1.58, ""labels"": [261]}, {""name"": ""苹果红"", ""share"": 0.057, ""q"": 0.005, ""capture"": 0.036, ""miss_deg"": 2.58, ""labels"": [260]}]"
2026_08_25/c1_1,c4,v9,beyond_occ,cluster010,107.62,112.55,4.93,4.191,球M,261,0.331,0.061,0.671,0.788,0.949,0.815,物品台,,0,0,12,球M,1,3,"[{""name"": ""球M"", ""share"": 0.331, ""q"": 0.061, ""capture"": 0.671, ""miss_deg"": 0.89, ""labels"": [261]}, {""name"": ""球L"", ""share"": 0.314, ""q"": 0.058, ""capture"": 0.529, ""miss_deg"": 1.13, ""labels"": [259]}, {""name"": ""球R"", ""share"": 0.184, ""q"": 0.034, ""capture"": 0.309, ""miss_deg"": 1.53, ""labels"": [263]}]"
2026_08_25/c1_1,c4,v9,beyond_occ,cluster010,112.72,114.78,2.06,4.198,球M,261,0.305,0.066,0.727,0.813,0.98,0.783,物品台,,0,0,12,球M,1,3,"[{""name"": ""球M"", ""share"": 0.305, ""q"": 0.066, ""capture"": 0.727, ""miss_deg"": 0.8, ""labels"": [261]}, {""name"": ""球L"", ""share"": 0.299, ""q"": 0.065, ""capture"": 0.591, ""miss_deg"": 1.02, ""labels"": [259]}, {""name"": ""球R"", ""share"": 0.177, ""q"": 0.038, ""capture"": 0.35, ""miss_deg"": 1.45, ""labels"": [263]}]"
2026_08_25/c1_1,c4,v9,beyond_occ,cluster010,115.07,121.35,6.28,4.157,球L,259,0.726,0.025,0.226,0.265,0.222,0.966,object#35,,1,1,,,,3,"[{""name"": ""球L"", ""share"": 0.726, ""q"": 0.025, ""capture"": 0.226, ""miss_deg"": 1.72, ""labels"": [259]}, {""name"": ""球M"", ""share"": 0.161, ""q"": 0.005, ""capture"": 0.06, ""miss_deg"": 2.37, ""labels"": [261]}, {""name"": ""苹果红"", ""share"": 0.049, ""q"": 0.002, ""capture"": 0.011, ""miss_deg"": 2.99, ""labels"": [260]}]"
2026_08_25/c1_1,c4,v9,beyond_occ,cluster010,121.63,127.21,5.58,4.186,球M,261,0.302,0.081,0.894,0.784,0.944,0.731,物品台,,0,0,14,球M,1,3,"[{""name"": ""球M"", ""share"": 0.302, ""q"": 0.081, ""capture"": 0.894, ""miss_deg"": 0.47, ""labels"": [261]}, {""name"": ""球L"", ""share"": 0.285, ""q"": 0.077, ""capture"": 0.701, ""miss_deg"": 0.84, ""labels"": [259]}, {""name"": ""球R"", ""share"": 0.158, ""q"": 0.042, ""capture"": 0.387, ""miss_deg"": 1.38, ""labels"": [263]}]"
2026_08_25/c1_1,c4,v9,beyond_occ,cluster010,128.45,129.0,0.54,1.99,,-1,0.0,0.0,,,,1.0,object#14,,0,0,,,,0,[]
2026_08_25/c1_1,c4,v9,beyond_occ,cluster010,129.11,129.43,0.32,1.8,纸箱子,73,1.0,0.003,0.003,0.0,0.0,0.997,object#79,,0,0,,,,1,"[{""name"": ""纸箱子"", ""share"": 1.0, ""q"": 0.003, ""capture"": 0.003, ""miss_deg"": 3.45, ""labels"": [73]}]"
2026_08_25/c1_1,c4,v9,beyond_occ,cluster010,129.49,130.79,1.3,1.192,,-1,0.0,0.0,,,,1.0,object#14,,0,0,,,,0,[]
2026_08_25/c1_1,c4,v9,beyond_occ,cluster010,131.0,131.33,0.32,0.678,,-1,0.0,0.0,,,,1.0,object#14,,0,0,,,,0,[]
2026_08_25/c1_2,c4,v9,,cluster010,4.48,4.76,0.27,5.705,水瓶,30,1.0,0.001,0.003,0.0,0.0,0.999,object#23,,0,0,,,,1,"[{""name"": ""水瓶"", ""share"": 1.0, ""q"": 0.001, ""capture"": 0.003, ""miss_deg"": 3.38, ""labels"": [30]}]"
2026_08_25/c1_2,c4,v9,,cluster010,5.92,8.68,2.76,4.222,球L,259,0.428,0.06,0.544,0.908,0.752,0.86,物品台,,0,0,,,,3,"[{""name"": ""球L"", ""share"": 0.428, ""q"": 0.06, ""capture"": 0.544, ""miss_deg"": 1.1, ""labels"": [259]}, {""name"": ""球M"", ""share"": 0.322, ""q"": 0.045, ""capture"": 0.494, ""miss_deg"": 1.19, ""labels"": [261]}, {""name"": ""球R"", ""share"": 0.07, ""q"": 0.01, ""capture"": 0.107, ""miss_deg"": 2.12, ""labels"": [263]}]"
2026_08_25/c1_2,c4,v9,,cluster010,8.95,9.28,0.32,3.518,,-1,0.0,0.0,,,,1.0,object#36,,0,0,,,,0,[]
2026_08_25/c1_2,c4,v9,,cluster010,9.33,10.36,1.03,3.353,,-1,0.0,0.0,,,,1.0,object#26,,0,0,,,,0,[]
2026_08_25/c1_2,c4,v9,,cluster010,10.41,10.68,0.27,3.433,,-1,0.0,0.0,,,,1.0,object#26,,0,0,,,,0,[]
2026_08_25/c1_2,c4,v9,,cluster010,11.17,12.31,1.14,4.244,球L,259,0.647,0.011,0.117,0.41,0.411,0.984,object#24,,0,0,,,,3,"[{""name"": ""球L"", ""share"": 0.647, ""q"": 0.011, ""capture"": 0.117, ""miss_deg"": 2.07, ""labels"": [259]}, {""name"": ""球M"", ""share"": 0.266, ""q"": 0.004, ""capture"": 0.048, ""miss_deg"": 2.46, ""labels"": [261]}, {""name"": ""水瓶"", ""share"": 0.074, ""q"": 0.001, ""capture"": 0.002, ""miss_deg"": 3.49, ""labels"": [30]}]"
2026_08_25/c1_2,c4,v9,,cluster010,12.68,14.91,2.22,4.246,球L,259,0.665,0.027,0.294,0.354,0.352,0.96,object#35,,1,1,,,,3,"[{""name"": ""球L"", ""share"": 0.665, ""q"": 0.027, ""capture"": 0.294, ""miss_deg"": 1.56, ""labels"": [259]}, {""name"": ""球M"", ""share"": 0.234, ""q"": 0.009, ""capture"": 0.104, ""miss_deg"": 2.13, ""labels"": [261]}, {""name"": ""苹果红"", ""share"": 0.078, ""q"": 0.003, ""capture"": 0.023, ""miss_deg"": 2.75, ""labels"": [260]}]"
2026_08_25/c1_2,c4,v9,,cluster010,15.2,22.78,7.58,4.229,球L,259,0.873,0.007,0.082,0.024,0.046,0.991,object#35,,0,0,1,球L,1,3,"[{""name"": ""球L"", ""share"": 0.873, ""q"": 0.007, ""capture"": 0.082, ""miss_deg"": 2.24, ""labels"": [259]}, {""name"": ""苹果红"", ""share"": 0.04, ""q"": 0.0, ""capture"": 0.002, ""miss_deg"": 3.46, ""labels"": [260]}, {""name"": ""水瓶"", ""share"": 0.087, ""q"": 0.001, ""capture"": 0.001, ""miss_deg"": 3.63, ""labels"": [30]}]"
2026_08_25/c1_2,c4,v9,,cluster010,23.16,29.61,6.45,4.271,球R,263,0.514,0.01,0.114,0.342,0.346,0.98,object#24,,0,0,2,球R,1,3,"[{""name"": ""球R"", ""share"": 0.514, ""q"": 0.01, ""capture"": 0.114, ""miss_deg"": 2.09, ""labels"": [263]}, {""name"": ""球M"", ""share"": 0.178, ""q"": 0.004, ""capture"": 0.039, ""miss_deg"": 2.54, ""labels"": [261]}, {""name"": ""水瓶"", ""share"": 0.303, ""q"": 0.006, ""capture"": 0.012, ""miss_deg"": 2.98, ""labels"": [30]}]"
2026_08_25/c1_2,c4,v9,,cluster010,30.04,36.43,6.39,4.287,球R,263,0.578,0.035,0.39,0.451,0.452,0.939,物品台,,1,1,3,球R,1,3,"[{""name"": ""球R"", ""share"": 0.578, ""q"": 0.035, ""capture"": 0.39, ""miss_deg"": 1.37, ""labels"": [263]}, {""name"": ""球M"", ""share"": 0.261, ""q"": 0.016, ""capture"": 0.176, ""miss_deg"": 1.86, ""labels"": [261]}, {""name"": ""白杯2"", ""share"": 0.066, ""q"": 0.004, ""capture"": 0.025, ""miss_deg"": 2.72, ""labels"": [267]}]"
2026_08_25/c1_2,c4,v9,,cluster010,36.72,43.32,6.61,4.251,球M,261,0.415,0.045,0.49,0.631,0.631,0.892,物品台,,1,0,4,球M,1,3,"[{""name"": ""球M"", ""share"": 0.415, ""q"": 0.045, ""capture"": 0.49, ""miss_deg"": 1.19, ""labels"": [261]}, {""name"": ""球L"", ""share"": 0.262, ""q"": 0.028, ""capture"": 0.309, ""miss_deg"": 1.53, ""labels"": [259]}, {""name"": ""球R"", ""share"": 0.206, ""q"": 0.022, ""capture"": 0.244, ""miss_deg"": 1.68, ""labels"": [263]}]"
2026_08_25/c1_2,c4,v9,,cluster010,43.87,49.99,6.12,4.25,球M,261,0.319,0.084,0.926,0.79,0.79,0.736,物品台,,0,0,5,球M,1,3,"[{""name"": ""球M"", ""share"": 0.319, ""q"": 0.084, ""capture"": 0.926, ""miss_deg"": 0.39, ""labels"": [261]}, {""name"": ""球L"", ""share"": 0.252, ""q"": 0.067, ""capture"": 0.732, ""miss_deg"": 0.79, ""labels"": [259]}, {""name"": ""球R"", ""share"": 0.162, ""q"": 0.043, ""capture"": 0.471, ""miss_deg"": 1.23, ""labels"": [263]}]"
2026_08_25/c1_2,c4,v9,,cluster010,50.25,56.64,6.39,4.242,球L,259,0.45,0.08,0.874,0.379,0.38,0.823,object#35,,1,0,6,球L,1,3,"[{""name"": ""球L"", ""share"": 0.45, ""q"": 0.08, ""capture"": 0.874, ""miss_deg"": 0.52, ""labels"": [259]}, {""name"": ""球M"", ""share"": 0.171, ""q"": 0.03, ""capture"": 0.331, ""miss_deg"": 1.49, ""labels"": [261]}, {""name"": ""苹果红"", ""share"": 0.211, ""q"": 0.037, ""capture"": 0.272, ""miss_deg"": 1.61, ""labels"": [260]}]"
2026_08_25/c1_2,c4,v9,,cluster010,56.88,62.78,5.9,4.263,球R,263,0.371,0.065,0.718,0.88,0.879,0.824,物品台,,0,0,7,球R,1,3,"[{""name"": ""球R"", ""share"": 0.371, ""q"": 0.065, ""capture"": 0.718, ""miss_deg"": 0.81, ""labels"": [263]}, {""name"": ""球M"", ""share"": 0.326, ""q"": 0.057, ""capture"": 0.632, ""miss_deg"": 0.96, ""labels"": [261]}, {""name"": ""球L"", ""share"": 0.083, ""q"": 0.015, ""capture"": 0.16, ""miss_deg"": 1.91, ""labels"": [259]}]"
2026_08_25/c1_2,c4,v9,,cluster010,63.64,65.21,1.57,3.307,,-1,0.0,0.0,,,,1.0,object#26,,0,0,,,,0,[]
2026_08_25/c1_2,c4,v9,,cluster010,65.48,67.76,2.27,3.373,,-1,0.0,0.0,,,,1.0,object#26,,0,0,,,,0,[]
2026_08_25/c1_2,c4,v9,,cluster010,68.08,68.68,0.6,3.356,,-1,0.0,0.0,,,,1.0,object#26,,0,0,,,,0,[]
2026_08_25/c1_2,c4,v9,,cluster010,68.79,69.33,0.54,3.356,,-1,0.0,0.0,,,,1.0,object#26,,0,0,,,,0,[]
2026_08_25/c1_2,c4,v9,,cluster010,69.73,71.19,1.46,4.261,球L,259,0.504,0.024,0.265,0.774,0.772,0.952,物品台,,1,1,,,,3,"[{""name"": ""球L"", ""share"": 0.504, ""q"": 0.024, ""capture"": 0.265, ""miss_deg"": 1.63, ""labels"": [259]}, {""name"": ""球M"", ""share"": 0.389, ""q"": 0.019, ""capture"": 0.205, ""miss_deg"": 1.78, ""labels"": [261]}, {""name"": ""球R"", ""share"": 0.036, ""q"": 0.002, ""capture"": 0.019, ""miss_deg"": 2.82, ""labels"": [263]}]"
2026_08_25/c1_2,c4,v9,,cluster010,71.48,71.86,0.38,4.257,球L,259,1.0,0.001,0.007,0.0,0.0,0.999,object#24,,0,0,,,,1,"[{""name"": ""球L"", ""share"": 1.0, ""q"": 0.001, ""capture"": 0.007, ""miss_deg"": 3.15, ""labels"": [259]}]"
2026_08_25/c1_2,c4,v9,,cluster010,71.91,78.79,6.88,4.256,球L,259,0.749,0.01,0.109,0.266,0.266,0.987,object#24,,0,0,8,球L,1,3,"[{""name"": ""球L"", ""share"": 0.749, ""q"": 0.01, ""capture"": 0.109, ""miss_deg"": 2.1, ""labels"": [259]}, {""name"": ""球M"", ""share"": 0.199, ""q"": 0.003, ""capture"": 0.029, ""miss_deg"": 2.66, ""labels"": [261]}, {""name"": ""苹果红"", ""share"": 0.026, ""q"": 0.0, ""capture"": 0.003, ""miss_deg"": 3.46, ""labels"": [260]}]"
2026_08_25/c1_2,c4,v9,,cluster010,79.06,85.61,6.55,4.265,球L,259,0.509,0.017,0.181,0.89,0.886,0.968,object#24,,0,0,9,球L,1,3,"[{""name"": ""球L"", ""share"": 0.509, ""q"": 0.017, ""capture"": 0.181, ""miss_deg"": 1.85, ""labels"": [259]}, {""name"": ""球M"", ""share"": 0.451, ""q"": 0.015, ""capture"": 0.161, ""miss_deg"": 1.91, ""labels"": [261]}, {""name"": ""球R"", ""share"": 0.022, ""q"": 0.001, ""capture"": 0.008, ""miss_deg"": 3.11, ""labels"": [263]}]"
2026_08_25/c1_2,c4,v9,,cluster010,85.89,94.18,8.29,4.261,球M,261,0.477,0.017,0.188,0.5,0.501,0.964,object#24,,0,0,10,球M,1,3,"[{""name"": ""球M"", ""share"": 0.477, ""q"": 0.017, ""capture"": 0.188, ""miss_deg"": 1.83, ""labels"": [261]}, {""name"": ""球L"", ""share"": 0.239, ""q"": 0.009, ""capture"": 0.094, ""miss_deg"": 2.17, ""labels"": [259]}, {""name"": ""球R"", ""share"": 0.177, ""q"": 0.006, ""capture"": 0.07, ""miss_deg"": 2.31, ""labels"": [263]}]"
2026_08_25/c1_2,c4,v9,,cluster010,94.4,99.87,5.47,4.223,球L,259,0.413,0.077,0.847,0.643,0.644,0.813,物品台,,1,0,11,球L,1,3,"[{""name"": ""球L"", ""share"": 0.413, ""q"": 0.077, ""capture"": 0.847, ""miss_deg"": 0.58, ""labels"": [259]}, {""name"": ""球M"", ""share"": 0.266, ""q"": 0.05, ""capture"": 0.545, ""miss_deg"": 1.1, ""labels"": [261]}, {""name"": ""苹果红"", ""share"": 0.103, ""q"": 0.019, ""capture"": 0.14, ""miss_deg"": 1.98, ""labels"": [260]}]"
2026_08_25/c1_2,c4,v9,,cluster010,100.18,106.41,6.23,4.255,球M,261,0.313,0.071,0.781,0.927,0.927,0.773,物品台,,0,0,12,球M,1,3,"[{""name"": ""球M"", ""share"": 0.313, ""q"": 0.071, ""capture"": 0.781, ""miss_deg"": 0.7, ""labels"": [261]}, {""name"": ""球L"", ""share"": 0.29, ""q"": 0.066, ""capture"": 0.724, ""miss_deg"": 0.8, ""labels"": [259]}, {""name"": ""球R"", ""share"": 0.14, ""q"": 0.032, ""capture"": 0.35, ""miss_deg"": 1.45, ""labels"": [263]}]"
2026_08_25/c1_2,c4,v9,,cluster010,106.59,113.04,6.45,4.261,球R,263,0.54,0.041,0.452,0.549,0.548,0.924,物品台,,1,1,13,球R,1,3,"[{""name"": ""球R"", ""share"": 0.54, ""q"": 0.041, ""capture"": 0.452, ""miss_deg"": 1.26, ""labels"": [263]}, {""name"": ""球M"", ""share"": 0.296, ""q"": 0.023, ""capture"": 0.248, ""miss_deg"": 1.67, ""labels"": [261]}, {""name"": ""白杯2"", ""share"": 0.063, ""q"": 0.005, ""capture"": 0.03, ""miss_deg"": 2.65, ""labels"": [267]}]"
2026_08_25/c1_2,c4,v9,,cluster010,113.25,115.26,2.0,4.245,球M,261,0.362,0.077,0.848,0.665,0.663,0.787,物品台,,1,0,,,,3,"[{""name"": ""球M"", ""share"": 0.362, ""q"": 0.077, ""capture"": 0.848, ""miss_deg"": 0.57, ""labels"": [261]}, {""name"": ""球L"", ""share"": 0.24, ""q"": 0.051, ""capture"": 0.564, ""miss_deg"": 1.07, ""labels"": [259]}, {""name"": ""球R"", ""share"": 0.199, ""q"": 0.042, ""capture"": 0.466, ""miss_deg"": 1.24, ""labels"": [263]}]"
2026_08_25/c1_2,c4,v9,,cluster010,115.45,116.7,1.25,4.258,球M,261,0.378,0.058,0.639,0.632,0.632,0.846,物品台,,1,0,14,球M,1,3,"[{""name"": ""球M"", ""share"": 0.378, ""q"": 0.058, ""capture"": 0.639, ""miss_deg"": 0.95, ""labels"": [261]}, {""name"": ""球R"", ""share"": 0.239, ""q"": 0.037, ""capture"": 0.404, ""miss_deg"": 1.35, ""labels"": [263]}, {""name"": ""球L"", ""share"": 0.222, ""q"": 0.034, ""capture"": 0.375, ""miss_deg"": 1.4, ""labels"": [259]}]"
2026_08_25/c1_2,c4,v9,,cluster010,116.87,120.66,3.79,4.259,球M,261,0.368,0.056,0.62,0.715,0.715,0.847,物品台,,0,0,14,球M,1,3,"[{""name"": ""球M"", ""share"": 0.368, ""q"": 0.056, ""capture"": 0.62, ""miss_deg"": 0.98, ""labels"": [261]}, {""name"": ""球L"", ""share"": 0.263, ""q"": 0.04, ""capture"": 0.443, ""miss_deg"": 1.28, ""labels"": [259]}, {""name"": ""球R"", ""share"": 0.212, ""q"": 0.033, ""capture"": 0.358, ""miss_deg"": 1.43, ""labels"": [263]}]"
2026_08_25/c1_2,c4,v9,,cluster010,120.85,126.21,5.36,4.265,球R,263,0.392,0.062,0.678,0.777,0.778,0.843,物品台,,0,0,15,球R,1,3,"[{""name"": ""球R"", ""share"": 0.392, ""q"": 0.062, ""capture"": 0.678, ""miss_deg"": 0.88, ""labels"": [263]}, {""name"": ""球M"", ""share"": 0.305, ""q"": 0.048, ""capture"": 0.527, ""miss_deg"": 1.13, ""labels"": [261]}, {""name"": ""球L"", ""share"": 0.075, ""q"": 0.012, ""capture"": 0.13, ""miss_deg"": 2.02, ""labels"": [259]}]"
2026_08_25/c1_2,c4,v9,,cluster010,127.8,128.83,1.03,2.109,,-1,0.0,0.0,,,,1.0,object#14,,0,0,,,,0,[]
2026_08_25/c1_2,c4,v9,,cluster010,129.1,130.02,0.92,1.552,,-1,0.0,0.0,,,,1.0,object#14,,0,0,,,,0,[]
2026_08_25/c1_2,c4,v9,,cluster010,130.19,130.73,0.54,1.418,,-1,0.0,0.0,,,,1.0,object#26,,0,0,,,,0,[]
2026_08_25/c1_2,c4,v9,,cluster010,131.42,132.45,1.03,0.781,,-1,0.0,0.0,,,,1.0,object#14,,0,0,,,,0,[]
2026_08_25/c1_3,c4,v9,,cluster010,3.59,3.99,0.41,1.565,,-1,0.0,0.0,,,,1.0,object#16,,0,0,,,,0,[]
2026_08_25/c1_3,c4,v9,,cluster010,5.93,7.06,1.14,3.7,球M,261,0.403,0.111,1.017,0.521,0.566,0.724,物品台,,1,0,,,,3,"[{""name"": ""球M"", ""share"": 0.403, ""q"": 0.111, ""capture"": 1.017, ""miss_deg"": 0.0, ""labels"": [261]}, {""name"": ""球L"", ""share"": 0.228, ""q"": 0.063, ""capture"": 0.53, ""miss_deg"": 1.13, ""labels"": [259]}, {""name"": ""球R"", ""share"": 0.188, ""q"": 0.052, ""capture"": 0.438, ""miss_deg"": 1.29, ""labels"": [263]}]"
2026_08_25/c1_3,c4,v9,,cluster010,7.54,8.14,0.6,2.905,,-1,0.0,0.0,,,,1.0,object#26,,0,0,,,,0,[]
2026_08_25/c1_3,c4,v9,,cluster010,8.41,9.6,1.19,2.902,,-1,0.0,0.0,,,,1.0,object#26,,0,0,,,,0,[]
2026_08_25/c1_3,c4,v9,,cluster010,9.96,10.45,0.49,5.226,,-1,0.0,0.0,,,,1.0,object#15,,0,0,,,,0,[]
2026_08_25/c1_3,c4,v9,,cluster010,10.56,11.26,0.7,6.666,,-1,0.0,0.0,,,,1.0,object#161,,0,0,,,,0,[]
2026_08_25/c1_3,c4,v9,,cluster010,11.42,11.92,0.5,5.276,,-1,0.0,0.0,,,,1.0,object#15,,0,0,,,,0,[]
2026_08_25/c1_3,c4,v9,,cluster010,12.28,14.23,1.95,2.923,,-1,0.0,0.0,,,,1.0,object#26,,0,0,,,,0,[]
2026_08_25/c1_3,c4,v9,,cluster010,14.54,14.79,0.25,3.83,球R,263,0.578,0.052,0.474,0.179,0.178,0.91,物品台,,1,1,1,球L,0,3,"[{""name"": ""球R"", ""share"": 0.578, ""q"": 0.052, ""capture"": 0.474, ""miss_deg"": 1.22, ""labels"": [263]}, {""name"": ""球M"", ""share"": 0.103, ""q"": 0.009, ""capture"": 0.085, ""miss_deg"": 2.22, ""labels"": [261]}, {""name"": ""水瓶"", ""share"": 0.241, ""q"": 0.022, ""capture"": 0.035, ""miss_deg"": 2.58, ""labels"": [30]}]"
2026_08_25/c1_3,c4,v9,,cluster010,14.84,15.84,1.0,3.732,球L,259,0.606,0.07,0.592,0.4,0.37,0.884,物品台,,1,1,1,球L,1,3,"[{""name"": ""球L"", ""share"": 0.606, ""q"": 0.07, ""capture"": 0.592, ""miss_deg"": 1.02, ""labels"": [259]}, {""name"": ""球M"", ""share"": 0.224, ""q"": 0.026, ""capture"": 0.237, ""miss_deg"": 1.7, ""labels"": [261]}, {""name"": ""苹果红"", ""share"": 0.105, ""q"": 0.012, ""capture"": 0.075, ""miss_deg"": 2.28, ""labels"": [260]}]"
2026_08_25/c1_3,c4,v9,,cluster010,16.0,17.45,1.45,3.725,球L,259,0.751,0.025,0.211,0.161,0.148,0.967,object#35,,1,1,1,球L,1,3,"[{""name"": ""球L"", ""share"": 0.751, ""q"": 0.025, ""capture"": 0.211, ""miss_deg"": 1.76, ""labels"": [259]}, {""name"": ""球M"", ""share"": 0.111, ""q"": 0.004, ""capture"": 0.034, ""miss_deg"": 2.6, ""labels"": [261]}, {""name"": ""苹果红"", ""share"": 0.065, ""q"": 0.002, ""capture"": 0.013, ""miss_deg"": 2.94, ""labels"": [260]}]"
2026_08_25/c1_3,c4,v9,,cluster010,17.5,17.75,0.25,3.544,球L,259,0.71,0.001,0.009,0.222,0.408,0.998,object#35,,0,0,1,球L,1,2,"[{""name"": ""球L"", ""share"": 0.71, ""q"": 0.001, ""capture"": 0.009, ""miss_deg"": 3.08, ""labels"": [259]}, {""name"": ""苹果粉"", ""share"": 0.29, ""q"": 0.001, ""capture"": 0.002, ""miss_deg"": 3.52, ""labels"": [64]}]"
2026_08_25/c1_3,c4,v9,,cluster010,18.05,18.35,0.3,3.519,球L,259,0.566,0.004,0.026,0.154,0.654,0.993,object#35,,0,0,1,球L,1,3,"[{""name"": ""球L"", ""share"": 0.566, ""q"": 0.004, ""capture"": 0.026, ""miss_deg"": 2.7, ""labels"": [259]}, {""name"": ""水瓶"", ""share"": 0.37, ""q"": 0.003, ""capture"": 0.004, ""miss_deg"": 3.34, ""labels"": [30]}, {""name"": ""苹果粉"", ""share"": 0.064, ""q"": 0.0, ""capture"": 0.002, ""miss_deg"": 3.59, ""labels"": [64]}]"
2026_08_25/c1_3,c4,v9,,cluster010,18.4,18.8,0.4,3.726,球L,259,0.684,0.02,0.166,0.367,0.339,0.971,物品台,,0,0,1,球L,1,3,"[{""name"": ""球L"", ""share"": 0.684, ""q"": 0.02, ""capture"": 0.166, ""miss_deg"": 1.9, ""labels"": [259]}, {""name"": ""球M"", ""share"": 0.232, ""q"": 0.007, ""capture"": 0.061, ""miss_deg"": 2.36, ""labels"": [261]}, {""name"": ""水瓶"", ""share"": 0.077, ""q"": 0.002, ""capture"": 0.004, ""miss_deg"": 3.36, ""labels"": [30]}]"
2026_08_25/c1_3,c4,v9,,cluster010,19.1,23.2,4.1,3.732,球L,259,0.687,0.057,0.477,0.283,0.262,0.918,object#35,,1,1,1,球L,1,3,"[{""name"": ""球L"", ""share"": 0.687, ""q"": 0.057, ""capture"": 0.477, ""miss_deg"": 1.22, ""labels"": [259]}, {""name"": ""球M"", ""share"": 0.18, ""q"": 0.015, ""capture"": 0.135, ""miss_deg"": 2.0, ""labels"": [261]}, {""name"": ""苹果红"", ""share"": 0.098, ""q"": 0.008, ""capture"": 0.049, ""miss_deg"": 2.45, ""labels"": [260]}]"
2026_08_25/c1_3,c4,v9,,cluster010,23.3,23.8,0.5,3.717,球L,259,1.0,0.007,0.063,0.0,0.0,0.993,object#35,,0,0,1,球L,1,1,"[{""name"": ""球L"", ""share"": 1.0, ""q"": 0.007, ""capture"": 0.063, ""miss_deg"": 2.35, ""labels"": [259]}]"
2026_08_25/c1_3,c4,v9,,cluster010,24.06,31.01,6.95,3.751,球M,261,0.443,0.054,0.494,0.757,0.822,0.878,物品台,,0,0,4,球M,1,3,"[{""name"": ""球M"", ""share"": 0.443, ""q"": 0.054, ""capture"": 0.494, ""miss_deg"": 1.19, ""labels"": [261]}, {""name"": ""球R"", ""share"": 0.364, ""q"": 0.044, ""capture"": 0.374, ""miss_deg"": 1.4, ""labels"": [263]}, {""name"": ""球L"", ""share"": 0.098, ""q"": 0.012, ""capture"": 0.101, ""miss_deg"": 2.14, ""labels"": [259]}]"
2026_08_25/c1_3,c4,v9,,cluster010,31.27,32.77,1.5,3.739,球M,261,0.36,0.073,0.666,0.952,1.031,0.797,物品台,,0,0,4,球M,1,3,"[{""name"": ""球M"", ""share"": 0.36, ""q"": 0.073, ""capture"": 0.666, ""miss_deg"": 0.9, ""labels"": [261]}, {""name"": ""球R"", ""share"": 0.371, ""q"": 0.075, ""capture"": 0.634, ""miss_deg"": 0.95, ""labels"": [263]}, {""name"": ""球L"", ""share"": 0.069, ""q"": 0.014, ""capture"": 0.118, ""miss_deg"": 2.07, ""labels"": [259]}]"
2026_08_25/c1_3,c4,v9,,cluster010,32.95,37.45,4.5,3.731,球M,261,0.37,0.124,1.127,0.57,0.616,0.666,物品台,,1,0,4,球M,1,3,"[{""name"": ""球M"", ""share"": 0.37, ""q"": 0.124, ""capture"": 1.127, ""miss_deg"": 0.0, ""labels"": [261]}, {""name"": ""球L"", ""share"": 0.228, ""q"": 0.076, ""capture"": 0.642, ""miss_deg"": 0.94, ""labels"": [259]}, {""name"": ""球R"", ""share"": 0.173, ""q"": 0.058, ""capture"": 0.486, ""miss_deg"": 1.2, ""labels"": [263]}]"
2026_08_25/c1_3,c4,v9,,cluster010,37.62,51.03,13.4,3.728,球M,261,0.42,0.077,0.705,0.586,0.636,0.816,物品台,,1,0,10,球M,1,3,"[{""name"": ""球M"", ""share"": 0.42, ""q"": 0.077, ""capture"": 0.705, ""miss_deg"": 0.84, ""labels"": [261]}, {""name"": ""球L"", ""share"": 0.267, ""q"": 0.049, ""capture"": 0.413, ""miss_deg"": 1.33, ""labels"": [259]}, {""name"": ""球R"", ""share"": 0.173, ""q"": 0.032, ""capture"": 0.268, ""miss_deg"": 1.62, ""labels"": [263]}]"
2026_08_25/c1_3,c4,v9,,cluster010,51.28,57.63,6.35,3.709,球L,259,0.478,0.111,0.938,0.512,0.473,0.767,物品台,,1,0,11,球L,1,3,"[{""name"": ""球L"", ""share"": 0.478, ""q"": 0.111, ""capture"": 0.938, ""miss_deg"": 0.36, ""labels"": [259]}, {""name"": ""球M"", ""share"": 0.226, ""q"": 0.053, ""capture"": 0.48, ""miss_deg"": 1.21, ""labels"": [261]}, {""name"": ""苹果红"", ""share"": 0.121, ""q"": 0.028, ""capture"": 0.172, ""miss_deg"": 1.88, ""labels"": [260]}]"
2026_08_25/c1_3,c4,v9,,cluster010,57.87,63.57,5.7,3.735,球R,263,0.466,0.118,0.991,0.628,0.579,0.747,物品台,,1,0,13,球R,1,3,"[{""name"": ""球R"", ""share"": 0.466, ""q"": 0.118, ""capture"": 0.991, ""miss_deg"": 0.13, ""labels"": [263]}, {""name"": ""球M"", ""share"": 0.27, ""q"": 0.068, ""capture"": 0.622, ""miss_deg"": 0.97, ""labels"": [261]}, {""name"": ""白杯2"", ""share"": 0.165, ""q"": 0.042, ""capture"": 0.187, ""miss_deg"": 1.83, ""labels"": [267]}]"
2026_08_25/c1_3,c4,v9,,cluster010,63.92,64.27,0.35,2.987,,-1,0.0,0.0,,,,1.0,object#26,,0,0,,,,0,[]
2026_08_25/c1_3,c4,v9,,cluster010,64.32,65.62,1.3,2.846,,-1,0.0,0.0,,,,1.0,object#26,,0,0,,,,0,[]
2026_08_25/c1_3,c4,v9,,cluster010,65.67,66.02,0.35,2.364,,-1,0.0,0.0,,,,1.0,object#26,,0,0,,,,0,[]
2026_08_25/c1_3,c4,v9,,cluster010,66.07,67.02,0.95,2.826,,-1,0.0,0.0,,,,1.0,object#26,,0,0,,,,0,[]
2026_08_25/c1_3,c4,v9,,cluster010,67.55,68.85,1.3,2.836,,-1,0.0,0.0,,,,1.0,object#26,,0,0,,,,0,[]
2026_08_25/c1_3,c4,v9,,cluster010,69.15,70.25,1.1,2.866,,-1,0.0,0.0,,,,1.0,object#26,,0,0,,,,0,[]
2026_08_25/c1_3,c4,v9,,cluster010,71.03,72.08,1.05,3.708,球L,259,0.448,0.117,0.982,0.702,0.65,0.74,物品台,,1,0,,,,3,"[{""name"": ""球L"", ""share"": 0.448, ""q"": 0.117, ""capture"": 0.982, ""miss_deg"": 0.19, ""labels"": [259]}, {""name"": ""球M"", ""share"": 0.291, ""q"": 0.076, ""capture"": 0.689, ""miss_deg"": 0.86, ""labels"": [261]}, {""name"": ""球R"", ""share"": 0.054, ""q"": 0.014, ""capture"": 0.118, ""miss_deg"": 2.07, ""labels"": [263]}]"
2026_08_25/c1_3,c4,v9,,cluster010,72.13,72.38,0.25,3.505,球L,259,0.432,0.014,0.097,0.381,0.715,0.967,object#35,,0,0,,,,3,"[{""name"": ""球L"", ""share"": 0.432, ""q"": 0.014, ""capture"": 0.097, ""miss_deg"": 2.16, ""labels"": [259]}, {""name"": ""苹果粉"", ""share"": 0.309, ""q"": 0.01, ""capture"": 0.037, ""miss_deg"": 2.56, ""labels"": [64]}, {""name"": ""苹果红"", ""share"": 0.087, ""q"": 0.003, ""capture"": 0.014, ""miss_deg"": 2.93, ""labels"": [260]}]"
2026_08_25/c1_3,c4,v9,,cluster010,72.43,72.88,0.45,3.728,球L,259,0.607,0.046,0.389,0.591,0.545,0.924,物品台,,1,1,,,,3,"[{""name"": ""球L"", ""share"": 0.607, ""q"": 0.046, ""capture"": 0.389, ""miss_deg"": 1.37, ""labels"": [259]}, {""name"": ""球M"", ""share"": 0.331, ""q"": 0.025, ""capture"": 0.23, ""miss_deg"": 1.72, ""labels"": [261]}, {""name"": ""苹果红"", ""share"": 0.028, ""q"": 0.002, ""capture"": 0.013, ""miss_deg"": 2.95, ""labels"": [260]}]"
2026_08_25/c1_3,c4,v9,,cluster010,73.03,73.28,0.25,3.508,球L,259,0.364,0.013,0.086,0.651,1.201,0.966,object#35,,0,0,,,,3,"[{""name"": ""球L"", ""share"": 0.364, ""q"": 0.013, ""capture"": 0.086, ""miss_deg"": 2.22, ""labels"": [259]}, {""name"": ""苹果粉"", ""share"": 0.437, ""q"": 0.015, ""capture"": 0.056, ""miss_deg"": 2.4, ""labels"": [64]}, {""name"": ""苹果红"", ""share"": 0.088, ""q"": 0.003, ""capture"": 0.016, ""miss_deg"": 2.88, ""labels"": [260]}]"
2026_08_25/c1_3,c4,v9,,cluster010,73.33,75.23,1.9,3.729,球L,259,0.68,0.039,0.329,0.21,0.287,0.943,object#35,,1,1,,,,3,"[{""name"": ""球L"", ""share"": 0.68, ""q"": 0.039, ""capture"": 0.329, ""miss_deg"": 1.49, ""labels"": [259]}, {""name"": ""苹果红"", ""share"": 0.195, ""q"": 0.011, ""capture"": 0.069, ""miss_deg"": 2.32, ""labels"": [260]}, {""name"": ""球M"", ""share"": 0.061, ""q"": 0.004, ""capture"": 0.032, ""miss_deg"": 2.62, ""labels"": [261]}]"
2026_08_25/c1_3,c4,v9,,cluster010,75.43,79.53,4.1,3.739,球L,259,0.556,0.085,0.714,0.307,0.423,0.847,object#35,,1,1,,,,3,"[{""name"": ""球L"", ""share"": 0.556, ""q"": 0.085, ""capture"": 0.714, ""miss_deg"": 0.82, ""labels"": [259]}, {""name"": ""苹果红"", ""share"": 0.235, ""q"": 0.036, ""capture"": 0.219, ""miss_deg"": 1.74, ""labels"": [260]}, {""name"": ""球M"", ""share"": 0.1, ""q"": 0.015, ""capture"": 0.139, ""miss_deg"": 1.99, ""labels"": [261]}]"
2026_08_25/c1_3,c4,v9,,cluster010,79.8,86.45,6.65,3.751,球L,259,0.487,0.103,0.869,0.387,0.532,0.788,物品台,,1,0,,,,3,"[{""name"": ""球L"", ""share"": 0.487, ""q"": 0.103, ""capture"": 0.869, ""miss_deg"": 0.53, ""labels"": [259]}, {""name"": ""苹果红"", ""share"": 0.259, ""q"": 0.055, ""capture"": 0.336, ""miss_deg"": 1.48, ""labels"": [260]}, {""name"": ""球M"", ""share"": 0.103, ""q"": 0.022, ""capture"": 0.199, ""miss_deg"": 1.8, ""labels"": [261]}]"
2026_08_25/c1_3,c4,v9,,cluster010,86.68,93.48,6.8,3.738,球L,259,0.375,0.167,1.41,0.595,0.549,0.553,物品台,,1,0,,,,3,"[{""name"": ""球L"", ""share"": 0.375, ""q"": 0.167, ""capture"": 1.41, ""miss_deg"": 0.0, ""labels"": [259]}, {""name"": ""球M"", ""share"": 0.206, ""q"": 0.092, ""capture"": 0.839, ""miss_deg"": 0.59, ""labels"": [261]}, {""name"": ""苹果红"", ""share"": 0.11, ""q"": 0.049, ""capture"": 0.301, ""miss_deg"": 1.55, ""labels"": [260]}]"
2026_08_25/c1_3,c4,v9,,cluster010,93.76,100.46,6.7,3.734,球L,259,0.335,0.126,1.062,0.635,0.872,0.623,物品台,,0,0,,,,3,"[{""name"": ""球L"", ""share"": 0.335, ""q"": 0.126, ""capture"": 1.062, ""miss_deg"": 0.0, ""labels"": [259]}, {""name"": ""苹果红"", ""share"": 0.292, ""q"": 0.11, ""capture"": 0.674, ""miss_deg"": 0.89, ""labels"": [260]}, {""name"": ""球M"", ""share"": 0.066, ""q"": 0.025, ""capture"": 0.226, ""miss_deg"": 1.72, ""labels"": [261]}]"
2026_08_25/c1_3,c4,v9,,cluster010,100.73,107.53,6.8,3.738,球L,259,0.331,0.147,1.239,0.816,0.752,0.555,物品台,,0,0,,,,3,"[{""name"": ""球L"", ""share"": 0.331, ""q"": 0.147, ""capture"": 1.239, ""miss_deg"": 0.0, ""labels"": [259]}, {""name"": ""球M"", ""share"": 0.249, ""q"": 0.111, ""capture"": 1.011, ""miss_deg"": 0.0, ""labels"": [261]}, {""name"": ""苹果红"", ""share"": 0.077, ""q"": 0.034, ""capture"": 0.211, ""miss_deg"": 1.76, ""labels"": [260]}]"
2026_08_25/c1_3,c4,v9,,cluster010,107.82,113.78,5.96,3.718,球M,261,0.205,0.138,1.262,0.672,0.727,0.324,物品台,,0,0,14,球M,1,3,"[{""name"": ""球M"", ""share"": 0.205, ""q"": 0.138, ""capture"": 1.262, ""miss_deg"": 0.0, ""labels"": [261]}, {""name"": ""球L"", ""share"": 0.149, ""q"": 0.101, ""capture"": 0.848, ""miss_deg"": 0.57, ""labels"": [259]}, {""name"": ""球R"", ""share"": 0.098, ""q"": 0.066, ""capture"": 0.556, ""miss_deg"": 1.08, ""labels"": [263]}]"
2026_08_25/c1_3,c4,v9,,cluster010,114.0,125.25,11.25,3.707,球M,261,0.299,0.151,1.373,0.677,0.732,0.497,物品台,,0,0,15,球R,0,3,"[{""name"": ""球M"", ""share"": 0.299, ""q"": 0.151, ""capture"": 1.373, ""miss_deg"": 0.0, ""labels"": [261]}, {""name"": ""球L"", ""share"": 0.219, ""q"": 0.11, ""capture"": 0.93, ""miss_deg"": 0.38, ""labels"": [259]}, {""name"": ""球R"", ""share"": 0.125, ""q"": 0.063, ""capture"": 0.529, ""miss_deg"": 1.13, ""labels"": [263]}]"
2026_08_25/c1_3,c4,v9,,cluster010,125.68,126.48,0.8,3.617,球M,261,0.469,0.064,0.538,0.545,0.629,0.864,物品台,,1,0,,,,3,"[{""name"": ""球M"", ""share"": 0.469, ""q"": 0.064, ""capture"": 0.538, ""miss_deg"": 1.11, ""labels"": [261]}, {""name"": ""球R"", ""share"": 0.295, ""q"": 0.04, ""capture"": 0.293, ""miss_deg"": 1.57, ""labels"": [263]}, {""name"": ""球L"", ""share"": 0.149, ""q"": 0.02, ""capture"": 0.149, ""miss_deg"": 1.95, ""labels"": [259]}]"
2026_08_25/c1_3,c4,v9,,cluster010,127.02,128.72,1.7,2.099,,-1,0.0,0.0,,,,1.0,object#26,,0,0,,,,0,[]
2026_08_25/c1_3,c4,v9,,cluster010,128.82,129.12,0.3,1.115,,-1,0.0,0.0,,,,1.0,object#34,,0,0,,,,0,[]
2026_08_25/c1_3,c4,v9,,cluster010,129.92,130.77,0.85,0.721,,-1,0.0,0.0,,,,1.0,object#14,,0,0,,,,0,[]
2026_08_25/u3,u3,v9,walking,cluster010,0.02,0.27,0.25,0.871,,-1,0.0,0.0,,,,1.0,object#14,,0,0,,,,0,[]
2026_08_25/u3,u3,v9,walking,cluster010,3.28,3.58,0.3,1.999,,-1,0.0,0.0,,,,1.0,floor,,0,0,,,,0,[]
2026_08_25/u3,u3,v9,walking,cluster010,5.68,5.98,0.3,2.052,球M,261,0.954,0.021,0.06,0.033,0.03,0.978,物品台,,0,0,,,,3,"[{""name"": ""球M"", ""share"": 0.954, ""q"": 0.021, ""capture"": 0.06, ""miss_deg"": 2.37, ""labels"": [261]}, {""name"": ""球R"", ""share"": 0.029, ""q"": 0.001, ""capture"": 0.002, ""miss_deg"": 3.57, ""labels"": [263]}, {""name"": ""水瓶"", ""share"": 0.017, ""q"": 0.0, ""capture"": 0.0, ""miss_deg"": 3.97, ""labels"": [30]}]"
2026_08_25/u3,u3,v9,walking,cluster010,6.03,6.48,0.45,2.161,球M,261,0.33,0.007,0.021,0.571,0.594,0.98,物品台,,0,0,,,,3,"[{""name"": ""球M"", ""share"": 0.33, ""q"": 0.007, ""capture"": 0.021, ""miss_deg"": 2.78, ""labels"": [261]}, {""name"": ""球L"", ""share"": 0.196, ""q"": 0.004, ""capture"": 0.012, ""miss_deg"": 2.97, ""labels"": [259]}, {""name"": ""水瓶"", ""share"": 0.474, ""q"": 0.01, ""capture"": 0.01, ""miss_deg"": 3.04, ""labels"": [30]}]"
2026_08_25/u3,u3,v9,walking,cluster010,6.58,6.98,0.4,2.614,,-1,0.0,0.0,,,,1.0,floor,,0,0,,,,0,[]
2026_08_25/u3,u3,v9,walking,cluster010,7.55,7.9,0.35,2.654,球L,259,0.556,0.31,1.343,0.388,0.531,0.442,物品台,,1,1,,,,3,"[{""name"": ""球L"", ""share"": 0.556, ""q"": 0.31, ""capture"": 1.343, ""miss_deg"": 0.0, ""labels"": [259]}, {""name"": ""苹果红"", ""share"": 0.295, ""q"": 0.164, ""capture"": 0.521, ""miss_deg"": 1.14, ""labels"": [260]}, {""name"": ""苹果粉"", ""share"": 0.061, ""q"": 0.034, ""capture"": 0.079, ""miss_deg"": 2.25, ""labels"": [64, 250]}]"
2026_08_25/u3,u3,v9,walking,cluster010,8.47,8.92,0.45,3.637,,-1,0.0,0.0,,,,1.0,object#26,,0,0,,,,0,[]
2026_08_25/u3,u3,v9,walking,cluster010,9.07,9.37,0.3,3.971,,-1,0.0,0.0,,,,1.0,object#26,,0,0,,,,0,[]
2026_08_25/u3,u3,v9,walking,cluster010,9.52,10.47,0.95,3.977,,-1,0.0,0.0,,,,1.0,object#26,,0,0,,,,0,[]
2026_08_25/u3,u3,v9,walking,cluster010,10.67,12.37,1.7,3.681,,-1,0.0,0.0,,,,1.0,object#26,,0,0,,,,0,[]
2026_08_25/u3,u3,v9,walking,cluster010,12.47,13.92,1.45,3.707,,-1,0.0,0.0,,,,1.0,object#26,,0,0,,,,0,[]
2026_08_25/u3,u3,v9,walking,cluster010,14.17,14.82,0.65,3.697,,-1,0.0,0.0,,,,1.0,object#26,,0,0,,,,0,[]
2026_08_25/u3,u3,v9,walking,cluster010,16.35,16.65,0.3,3.005,,-1,0.0,0.0,,,,1.0,object#37,,0,0,,,,0,[]
2026_08_25/u3,u3,v9,walking,cluster010,17.8,19.9,2.1,2.852,球L,259,0.96,0.044,0.212,0.014,0.022,0.955,物品台,,1,1,,,,3,"[{""name"": ""球L"", ""share"": 0.96, ""q"": 0.044, ""capture"": 0.212, ""miss_deg"": 1.76, ""labels"": [259]}, {""name"": ""苹果粉"", ""share"": 0.021, ""q"": 0.001, ""capture"": 0.003, ""miss_deg"": 3.45, ""labels"": [64]}, {""name"": ""水瓶"", ""share"": 0.019, ""q"": 0.001, ""capture"": 0.001, ""miss_deg"": 3.72, ""labels"": [30]}]"
2026_08_25/u3,u3,v9,walking,cluster010,20.45,22.1,1.65,2.738,球L,259,0.942,0.059,0.264,0.019,0.035,0.938,物品台,,1,1,1,球L,1,3,"[{""name"": ""球L"", ""share"": 0.942, ""q"": 0.059, ""capture"": 0.264, ""miss_deg"": 1.63, ""labels"": [259]}, {""name"": ""苹果粉"", ""share"": 0.033, ""q"": 0.002, ""capture"": 0.005, ""miss_deg"": 3.24, ""labels"": [64]}, {""name"": ""水瓶"", ""share"": 0.019, ""q"": 0.001, ""capture"": 0.001, ""miss_deg"": 3.64, ""labels"": [30]}]"
2026_08_25/u3,u3,v9,walking,cluster010,22.6,23.1,0.5,2.838,球L,259,0.954,0.023,0.114,0.009,0.041,0.975,物品台,,0,0,1,球L,1,3,"[{""name"": ""球L"", ""share"": 0.954, ""q"": 0.023, ""capture"": 0.114, ""miss_deg"": 2.09, ""labels"": [259]}, {""name"": ""水瓶"", ""share"": 0.039, ""q"": 0.001, ""capture"": 0.001, ""miss_deg"": 3.68, ""labels"": [30]}, {""name"": ""苹果粉"", ""share"": 0.007, ""q"": 0.0, ""capture"": 0.0, ""miss_deg"": 3.92, ""labels"": [64]}]"
2026_08_25/u3,u3,v9,walking,cluster010,23.95,24.25,0.3,2.821,球L,259,0.963,0.007,0.032,0.031,0.038,0.993,物品台,,0,0,,,,2,"[{""name"": ""球L"", ""share"": 0.963, ""q"": 0.007, ""capture"": 0.032, ""miss_deg"": 2.62, ""labels"": [259]}, {""name"": ""苹果粉"", ""share"": 0.037, ""q"": 0.0, ""capture"": 0.001, ""miss_deg"": 3.8, ""labels"": [64]}]"
2026_08_25/u3,u3,v9,walking,cluster010,25.18,27.23,2.05,2.775,球L,259,0.873,0.092,0.411,0.034,0.032,0.895,物品台,,1,1,2,球M,0,3,"[{""name"": ""球L"", ""share"": 0.873, ""q"": 0.092, ""capture"": 0.411, ""miss_deg"": 1.33, ""labels"": [259]}, {""name"": ""球M"", ""share"": 0.028, ""q"": 0.003, ""capture"": 0.014, ""miss_deg"": 2.92, ""labels"": [261]}, {""name"": ""水瓶"", ""share"": 0.092, ""q"": 0.01, ""capture"": 0.011, ""miss_deg"": 3.0, ""labels"": [30]}]"
2026_08_25/u3,u3,v9,walking,cluster010,28.08,28.78,0.7,4.103,球M,261,0.346,0.001,0.006,0.333,1.89,0.999,物品台,,0,0,2,球M,1,2,"[{""name"": ""球M"", ""share"": 0.346, ""q"": 0.001, ""capture"": 0.006, ""miss_deg"": 3.22, ""labels"": [261]}, {""name"": ""水瓶"", ""share"": 0.654, ""q"": 0.001, ""capture"": 0.002, ""miss_deg"": 3.56, ""labels"": [30]}]"
2026_08_25/u3,u3,v9,walking,cluster010,28.83,30.99,2.16,2.818,球M,261,0.683,0.076,0.368,0.158,0.171,0.889,物品台,,1,1,2,球M,1,3,"[{""name"": ""球M"", ""share"": 0.683, ""q"": 0.076, ""capture"": 0.368, ""miss_deg"": 1.41, ""labels"": [261]}, {""name"": ""球L"", ""share"": 0.117, ""q"": 0.013, ""capture"": 0.058, ""miss_deg"": 2.39, ""labels"": [259]}, {""name"": ""水瓶"", ""share"": 0.16, ""q"": 0.018, ""capture"": 0.021, ""miss_deg"": 2.78, ""labels"": [30]}]"
2026_08_25/u3,u3,v9,walking,cluster010,31.26,36.86,5.6,2.12,球R,263,0.59,0.009,0.026,0.269,0.266,0.985,物品台,,0,0,3,球R,1,3,"[{""name"": ""球R"", ""share"": 0.59, ""q"": 0.009, ""capture"": 0.026, ""miss_deg"": 2.71, ""labels"": [263]}, {""name"": ""球M"", ""share"": 0.157, ""q"": 0.002, ""capture"": 0.007, ""miss_deg"": 3.13, ""labels"": [261]}, {""name"": ""水瓶"", ""share"": 0.252, ""q"": 0.004, ""capture"": 0.004, ""miss_deg"": 3.34, ""labels"": [30]}]"
2026_08_25/u3,u3,v9,walking,cluster010,37.21,37.81,0.6,2.354,球R,263,0.372,0.003,0.012,0.417,1.331,0.991,物品台,,0,0,,,,3,"[{""name"": ""球R"", ""share"": 0.372, ""q"": 0.003, ""capture"": 0.012, ""miss_deg"": 2.99, ""labels"": [263]}, {""name"": ""水瓶"", ""share"": 0.495, ""q"": 0.005, ""capture"": 0.005, ""miss_deg"": 3.27, ""labels"": [30]}, {""name"": ""球M"", ""share"": 0.133, ""q"": 0.001, ""capture"": 0.005, ""miss_deg"": 3.28, ""labels"": [261]}]"
2026_08_25/u3,u3,v9,walking,cluster010,38.16,38.66,0.5,2.871,,-1,0.0,0.0,,,,1.0,物品台,,0,0,4,球M,,0,[]
2026_08_25/u3,u3,v9,walking,cluster010,38.86,39.11,0.25,2.432,球M,261,0.549,0.017,0.065,0.215,0.812,0.97,物品台,,0,0,4,球M,1,3,"[{""name"": ""球M"", ""share"": 0.549, ""q"": 0.017, ""capture"": 0.065, ""miss_deg"": 2.34, ""labels"": [261]}, {""name"": ""水瓶"", ""share"": 0.446, ""q"": 0.013, ""capture"": 0.014, ""miss_deg"": 2.92, ""labels"": [30]}, {""name"": ""球L"", ""share"": 0.006, ""q"": 0.0, ""capture"": 0.001, ""miss_deg"": 3.84, ""labels"": [259]}]"
2026_08_25/u3,u3,v9,walking,cluster010,39.76,40.01,0.25,3.764,水瓶,30,0.861,0.005,0.008,0.875,0.161,0.994,物品台,,0,0,4,球M,0,2,"[{""name"": ""水瓶"", ""share"": 0.861, ""q"": 0.005, ""capture"": 0.008, ""miss_deg"": 3.12, ""labels"": [30]}, {""name"": ""球M"", ""share"": 0.139, ""q"": 0.001, ""capture"": 0.007, ""miss_deg"": 3.15, ""labels"": [261]}]"
2026_08_25/u3,u3,v9,walking,cluster010,40.36,40.81,0.45,2.824,球M,261,0.745,0.032,0.155,0.097,0.106,0.957,物品台,,0,0,4,球M,1,3,"[{""name"": ""球M"", ""share"": 0.745, ""q"": 0.032, ""capture"": 0.155, ""miss_deg"": 1.93, ""labels"": [261]}, {""name"": ""球L"", ""share"": 0.079, ""q"": 0.003, ""capture"": 0.015, ""miss_deg"": 2.89, ""labels"": [259]}, {""name"": ""水瓶"", ""share"": 0.176, ""q"": 0.008, ""capture"": 0.009, ""miss_deg"": 3.07, ""labels"": [30]}]"
2026_08_25/u3,u3,v9,walking,cluster010,40.91,41.21,0.3,2.81,球M,261,0.523,0.026,0.124,0.444,0.48,0.951,物品台,,0,0,4,球M,1,3,"[{""name"": ""球M"", ""share"": 0.523, ""q"": 0.026, ""capture"": 0.124, ""miss_deg"": 2.04, ""labels"": [261]}, {""name"": ""球L"", ""share"": 0.251, ""q"": 0.012, ""capture"": 0.055, ""miss_deg"": 2.41, ""labels"": [259]}, {""name"": ""水瓶"", ""share"": 0.226, ""q"": 0.011, ""capture"": 0.013, ""miss_deg"": 2.95, ""labels"": [30]}]"
2026_08_25/u3,u3,v9,walking,cluster010,41.91,42.36,0.45,3.963,水瓶,30,0.757,0.01,0.017,0.882,0.161,0.987,物品台,,0,0,4,球M,0,3,"[{""name"": ""水瓶"", ""share"": 0.757, ""q"": 0.01, ""capture"": 0.017, ""miss_deg"": 2.85, ""labels"": [30]}, {""name"": ""球L"", ""share"": 0.122, ""q"": 0.002, ""capture"": 0.015, ""miss_deg"": 2.9, ""labels"": [259]}, {""name"": ""球M"", ""share"": 0.121, ""q"": 0.002, ""capture"": 0.015, ""miss_deg"": 2.9, ""labels"": [261]}]"
2026_08_25/u3,u3,v9,walking,cluster010,43.66,44.51,0.85,2.791,球L,259,0.673,0.037,0.167,0.263,0.245,0.945,物品台,,0,0,,,,3,"[{""name"": ""球L"", ""share"": 0.673, ""q"": 0.037, ""capture"": 0.167, ""miss_deg"": 1.89, ""labels"": [259]}, {""name"": ""球M"", ""share"": 0.165, ""q"": 0.009, ""capture"": 0.044, ""miss_deg"": 2.5, ""labels"": [261]}, {""name"": ""水瓶"", ""share"": 0.162, ""q"": 0.009, ""capture"": 0.01, ""miss_deg"": 3.02, ""labels"": [30]}]"
2026_08_25/u3,u3,v9,walking,cluster010,45.04,45.74,0.7,2.879,球M,261,0.412,0.046,0.223,0.686,0.687,0.888,物品台,,1,0,5,球R,0,3,"[{""name"": ""球M"", ""share"": 0.412, ""q"": 0.046, ""capture"": 0.223, ""miss_deg"": 1.73, ""labels"": [261]}, {""name"": ""球R"", ""share"": 0.283, ""q"": 0.032, ""capture"": 0.153, ""miss_deg"": 1.94, ""labels"": [263]}, {""name"": ""白杯1"", ""share"": 0.269, ""q"": 0.03, ""capture"": 0.075, ""miss_deg"": 2.27, ""labels"": [266]}]"
2026_08_25/u3,u3,v9,walking,cluster010,45.84,46.29,0.45,2.765,球M,261,0.476,0.033,0.162,0.556,0.597,0.93,物品台,,0,0,5,球R,0,3,"[{""name"": ""球M"", ""share"": 0.476, ""q"": 0.033, ""capture"": 0.162, ""miss_deg"": 1.91, ""labels"": [261]}, {""name"": ""球R"", ""share"": 0.284, ""q"": 0.02, ""capture"": 0.09, ""miss_deg"": 2.2, ""labels"": [263]}, {""name"": ""白杯1"", ""share"": 0.184, ""q"": 0.013, ""capture"": 0.03, ""miss_deg"": 2.65, ""labels"": [266]}]"
2026_08_25/u3,u3,v9,walking,cluster010,46.69,47.54,0.85,2.566,球R,263,0.639,0.014,0.057,0.123,0.121,0.978,物品台,,0,0,5,球R,1,3,"[{""name"": ""球R"", ""share"": 0.639, ""q"": 0.014, ""capture"": 0.057, ""miss_deg"": 2.39, ""labels"": [263]}, {""name"": ""球M"", ""share"": 0.077, ""q"": 0.002, ""capture"": 0.007, ""miss_deg"": 3.14, ""labels"": [261]}, {""name"": ""水瓶"", ""share"": 0.284, ""q"": 0.006, ""capture"": 0.007, ""miss_deg"": 3.16, ""labels"": [30]}]"
2026_08_25/u3,u3,v9,walking,cluster010,47.99,48.89,0.9,2.481,球R,263,0.741,0.029,0.107,0.093,0.332,0.961,物品台,,0,0,5,球R,1,3,"[{""name"": ""球R"", ""share"": 0.741, ""q"": 0.029, ""capture"": 0.107, ""miss_deg"": 2.11, ""labels"": [263]}, {""name"": ""水瓶"", ""share"": 0.246, ""q"": 0.01, ""capture"": 0.01, ""miss_deg"": 3.03, ""labels"": [30]}, {""name"": ""球M"", ""share"": 0.013, ""q"": 0.0, ""capture"": 0.002, ""miss_deg"": 3.52, ""labels"": [261]}]"
2026_08_25/u3,u3,v9,walking,cluster010,48.94,50.89,1.95,2.488,球R,263,0.622,0.018,0.066,0.182,0.601,0.971,物品台,,0,0,5,球R,1,3,"[{""name"": ""球R"", ""share"": 0.622, ""q"": 0.018, ""capture"": 0.066, ""miss_deg"": 2.33, ""labels"": [263]}, {""name"": ""水瓶"", ""share"": 0.374, ""q"": 0.011, ""capture"": 0.012, ""miss_deg"": 2.99, ""labels"": [30]}, {""name"": ""球M"", ""share"": 0.004, ""q"": 0.0, ""capture"": 0.0, ""miss_deg"": 3.92, ""labels"": [261]}]"
2026_08_25/u3,u3,v9,walking,cluster010,51.04,51.29,0.25,2.517,球R,263,0.547,0.012,0.048,0.229,0.828,0.978,物品台,,0,0,,,,2,"[{""name"": ""球R"", ""share"": 0.547, ""q"": 0.012, ""capture"": 0.048, ""miss_deg"": 2.46, ""labels"": [263]}, {""name"": ""水瓶"", ""share"": 0.453, ""q"": 0.01, ""capture"": 0.011, ""miss_deg"": 3.0, ""labels"": [30]}]"
2026_08_25/u3,u3,v9,walking,cluster010,52.81,54.36,1.55,2.677,,-1,0.0,0.0,,,,1.0,物品台,,0,0,6,球L,,0,[]
2026_08_25/u3,u3,v9,walking,cluster010,55.21,56.36,1.15,2.95,球L,259,0.784,0.048,0.231,0.113,0.199,0.939,物品台,,1,1,6,球L,1,3,"[{""name"": ""球L"", ""share"": 0.784, ""q"": 0.048, ""capture"": 0.231, ""miss_deg"": 1.71, ""labels"": [259]}, {""name"": ""苹果粉"", ""share"": 0.156, ""q"": 0.009, ""capture"": 0.026, ""miss_deg"": 2.7, ""labels"": [64]}, {""name"": ""水瓶"", ""share"": 0.06, ""q"": 0.004, ""capture"": 0.004, ""miss_deg"": 3.29, ""labels"": [30]}]"
2026_08_25/u3,u3,v9,walking,cluster010,56.66,57.01,0.35,2.863,球L,259,0.984,0.03,0.144,0.007,0.016,0.97,物品台,,0,0,6,球L,1,2,"[{""name"": ""球L"", ""share"": 0.984, ""q"": 0.03, ""capture"": 0.144, ""miss_deg"": 1.97, ""labels"": [259]}, {""name"": ""水瓶"", ""share"": 0.016, ""q"": 0.0, ""capture"": 0.001, ""miss_deg"": 3.86, ""labels"": [30]}]"
2026_08_25/u3,u3,v9,walking,cluster010,58.56,59.12,0.55,2.965,球M,261,0.413,0.205,1.253,0.205,1.019,0.504,物品台,,0,0,7,球M,1,3,"[{""name"": ""球M"", ""share"": 0.413, ""q"": 0.205, ""capture"": 1.253, ""miss_deg"": 0.0, ""labels"": [261]}, {""name"": ""水瓶"", ""share"": 0.421, ""q"": 0.209, ""capture"": 0.257, ""miss_deg"": 1.65, ""labels"": [30]}, {""name"": ""球L"", ""share"": 0.054, ""q"": 0.027, ""capture"": 0.129, ""miss_deg"": 2.03, ""labels"": [259]}]"
2026_08_25/u3,u3,v9,walking,cluster010,59.99,64.19,4.2,2.523,球M,261,0.454,0.063,0.255,0.545,0.564,0.862,物品台,,1,0,7,球M,1,3,"[{""name"": ""球M"", ""share"": 0.454, ""q"": 0.063, ""capture"": 0.255, ""miss_deg"": 1.65, ""labels"": [261]}, {""name"": ""球L"", ""share"": 0.256, ""q"": 0.035, ""capture"": 0.139, ""miss_deg"": 1.99, ""labels"": [259]}, {""name"": ""水瓶"", ""share"": 0.247, ""q"": 0.034, ""capture"": 0.037, ""miss_deg"": 2.57, ""labels"": [30]}]"
2026_08_25/u3,u3,v9,walking,cluster010,65.8,66.25,0.45,3.965,,-1,0.0,0.0,,,,1.0,object#26,,0,0,,,,0,[]
2026_08_25/u3,u3,v9,walking,cluster010,66.55,66.8,0.25,4.014,,-1,0.0,0.0,,,,1.0,object#88,,0,0,,,,0,[]
2026_08_25/u3,u3,v9,walking,cluster010,66.9,67.4,0.5,3.473,,-1,0.0,0.0,,,,1.0,object#26,,0,0,,,,0,[]
2026_08_25/u3,u3,v9,walking,cluster010,68.32,68.97,0.65,3.524,,-1,0.0,0.0,,,,1.0,object#26,,0,0,,,,0,[]
2026_08_25/u3,u3,v9,walking,cluster010,69.47,70.12,0.65,3.497,,-1,0.0,0.0,,,,1.0,object#26,,0,0,,,,0,[]
2026_08_25/u3,u3,v9,walking,cluster010,70.17,70.52,0.35,3.526,,-1,0.0,0.0,,,,1.0,object#60,,0,0,,,,0,[]
2026_08_25/u3,u3,v9,walking,cluster010,72.04,72.29,0.25,3.417,,-1,0.0,0.0,,,,1.0,object#26,,0,0,,,,0,[]
2026_08_25/u3,u3,v9,walking,cluster010,72.81,73.41,0.6,2.269,球M,261,0.94,0.07,0.231,0.017,0.053,0.926,物品台,,1,1,8,球R,0,3,"[{""name"": ""球M"", ""share"": 0.94, ""q"": 0.07, ""capture"": 0.231, ""miss_deg"": 1.71, ""labels"": [261]}, {""name"": ""水瓶"", ""share"": 0.05, ""q"": 0.004, ""capture"": 0.004, ""miss_deg"": 3.34, ""labels"": [30]}, {""name"": ""白杯1"", ""share"": 0.01, ""q"": 0.001, ""capture"": 0.001, ""miss_deg"": 3.63, ""labels"": [266]}]"
2026_08_25/u3,u3,v9,walking,cluster010,73.61,76.01,2.4,2.4,球R,263,0.74,0.067,0.246,0.069,0.134,0.91,物品台,,1,1,8,球R,1,3,"[{""name"": ""球R"", ""share"": 0.74, ""q"": 0.067, ""capture"": 0.246, ""miss_deg"": 1.67, ""labels"": [263]}, {""name"": ""白杯1"", ""share"": 0.099, ""q"": 0.009, ""capture"": 0.017, ""miss_deg"": 2.85, ""labels"": [266]}, {""name"": ""水瓶"", ""share"": 0.161, ""q"": 0.015, ""capture"": 0.015, ""miss_deg"": 2.89, ""labels"": [30]}]"
2026_08_25/u3,u3,v9,walking,cluster010,76.11,78.36,2.25,2.885,球R,263,0.74,0.031,0.15,0.087,0.334,0.958,物品台,,0,0,8,球R,1,3,"[{""name"": ""球R"", ""share"": 0.74, ""q"": 0.031, ""capture"": 0.15, ""miss_deg"": 1.95, ""labels"": [263]}, {""name"": ""水瓶"", ""share"": 0.247, ""q"": 0.01, ""capture"": 0.013, ""miss_deg"": 2.96, ""labels"": [30]}, {""name"": ""白杯1"", ""share"": 0.013, ""q"": 0.001, ""capture"": 0.001, ""miss_deg"": 3.63, ""labels"": [266]}]"
2026_08_25/u3,u3,v9,walking,cluster010,78.61,79.01,0.4,2.881,球R,263,0.484,0.003,0.015,0.267,1.029,0.993,object#106,,0,0,,,,3,"[{""name"": ""球R"", ""share"": 0.484, ""q"": 0.003, ""capture"": 0.015, ""miss_deg"": 2.89, ""labels"": [263]}, {""name"": ""水瓶"", ""share"": 0.498, ""q"": 0.003, ""capture"": 0.004, ""miss_deg"": 3.33, ""labels"": [30]}, {""name"": ""球M"", ""share"": 0.017, ""q"": 0.0, ""capture"": 0.001, ""miss_deg"": 3.88, ""labels"": [261]}]"
2026_08_25/u3,u3,v9,walking,cluster010,79.11,79.36,0.25,2.872,球R,263,0.258,0.001,0.007,0.714,2.876,0.994,object#106,,0,0,9,球L,0,2,"[{""name"": ""球R"", ""share"": 0.258, ""q"": 0.001, ""capture"": 0.007, ""miss_deg"": 3.15, ""labels"": [263]}, {""name"": ""水瓶"", ""share"": 0.742, ""q"": 0.004, ""capture"": 0.005, ""miss_deg"": 3.26, ""labels"": [30]}]"
2026_08_25/u3,u3,v9,walking,cluster010,79.41,79.71,0.3,2.729,球R,263,0.562,0.013,0.059,0.559,0.562,0.977,物品台,,0,0,9,球L,0,3,"[{""name"": ""球R"", ""share"": 0.562, ""q"": 0.013, ""capture"": 0.059, ""miss_deg"": 2.38, ""labels"": [263]}, {""name"": ""球M"", ""share"": 0.316, ""q"": 0.007, ""capture"": 0.033, ""miss_deg"": 2.61, ""labels"": [261]}, {""name"": ""水瓶"", ""share"": 0.122, ""q"": 0.003, ""capture"": 0.003, ""miss_deg"": 3.38, ""labels"": [30]}]"
2026_08_25/u3,u3,v9,walking,cluster010,79.76,80.11,0.35,2.674,球M,261,0.639,0.106,0.475,0.116,0.457,0.834,物品台,,1,1,9,球L,0,3,"[{""name"": ""球M"", ""share"": 0.639, ""q"": 0.106, ""capture"": 0.475, ""miss_deg"": 1.22, ""labels"": [261]}, {""name"": ""水瓶"", ""share"": 0.292, ""q"": 0.048, ""capture"": 0.055, ""miss_deg"": 2.41, ""labels"": [30]}, {""name"": ""球L"", ""share"": 0.065, ""q"": 0.011, ""capture"": 0.046, ""miss_deg"": 2.48, ""labels"": [259]}]"
2026_08_25/u3,u3,v9,walking,cluster010,80.16,81.16,1.0,2.663,球L,259,0.751,0.054,0.234,0.12,0.209,0.928,物品台,,1,1,9,球L,1,3,"[{""name"": ""球L"", ""share"": 0.751, ""q"": 0.054, ""capture"": 0.234, ""miss_deg"": 1.7, ""labels"": [259]}, {""name"": ""苹果粉"", ""share"": 0.157, ""q"": 0.011, ""capture"": 0.028, ""miss_deg"": 2.67, ""labels"": [64]}, {""name"": ""水瓶"", ""share"": 0.076, ""q"": 0.005, ""capture"": 0.006, ""miss_deg"": 3.19, ""labels"": [30]}]"
2026_08_25/u3,u3,v9,walking,cluster010,81.26,85.21,3.95,2.683,球L,259,0.89,0.09,0.389,0.046,0.08,0.899,物品台,,1,1,9,球L,1,3,"[{""name"": ""球L"", ""share"": 0.89, ""q"": 0.09, ""capture"": 0.389, ""miss_deg"": 1.37, ""labels"": [259]}, {""name"": ""苹果粉"", ""share"": 0.071, ""q"": 0.007, ""capture"": 0.018, ""miss_deg"": 2.83, ""labels"": [64]}, {""name"": ""苹果红"", ""share"": 0.018, ""q"": 0.002, ""capture"": 0.006, ""miss_deg"": 3.21, ""labels"": [260]}]"
2026_08_25/u3,u3,v9,walking,cluster010,85.31,86.96,1.65,2.59,球L,259,0.787,0.08,0.323,0.08,0.076,0.899,物品台,,1,1,,,,3,"[{""name"": ""球L"", ""share"": 0.787, ""q"": 0.08, ""capture"": 0.323, ""miss_deg"": 1.5, ""labels"": [259]}, {""name"": ""球M"", ""share"": 0.06, ""q"": 0.006, ""capture"": 0.026, ""miss_deg"": 2.7, ""labels"": [261]}, {""name"": ""苹果红"", ""share"": 0.068, ""q"": 0.007, ""capture"": 0.022, ""miss_deg"": 2.77, ""labels"": [260]}]"
2026_08_25/u3,u3,v9,walking,cluster010,87.37,88.97,1.6,2.611,球R,263,0.769,0.09,0.391,0.056,0.225,0.883,物品台,,1,1,10,球R,1,3,"[{""name"": ""球R"", ""share"": 0.769, ""q"": 0.09, ""capture"": 0.391, ""miss_deg"": 1.37, ""labels"": [263]}, {""name"": ""水瓶"", ""share"": 0.173, ""q"": 0.02, ""capture"": 0.022, ""miss_deg"": 2.76, ""labels"": [30]}, {""name"": ""白杯1"", ""share"": 0.04, ""q"": 0.005, ""capture"": 0.01, ""miss_deg"": 3.03, ""labels"": [266]}]"
2026_08_25/u3,u3,v9,walking,cluster010,89.17,89.47,0.3,2.672,水瓶,30,1.0,0.0,0.0,0.0,0.0,1.0,object#106,,0,0,10,球R,0,1,"[{""name"": ""水瓶"", ""share"": 1.0, ""q"": 0.0, ""capture"": 0.0, ""miss_deg"": 4.02, ""labels"": [30]}]"
2026_08_25/u3,u3,v9,walking,cluster010,89.68,90.27,0.59,2.501,,-1,0.0,0.0,,,,1.0,object#106,,0,0,10,球R,,0,[]
2026_08_25/u3,u3,v9,walking,cluster010,90.33,92.44,2.11,1.88,球R,263,0.813,0.087,0.216,0.093,0.23,0.892,物品台,,1,1,10,球R,1,2,"[{""name"": ""球R"", ""share"": 0.813, ""q"": 0.087, ""capture"": 0.216, ""miss_deg"": 1.75, ""labels"": [263]}, {""name"": ""水瓶"", ""share"": 0.187, ""q"": 0.02, ""capture"": 0.02, ""miss_deg"": 2.79, ""labels"": [30]}]"
2026_08_25/u3,u3,v9,walking,cluster010,92.76,95.41,2.65,2.114,球L,259,0.973,0.115,0.334,0.009,0.027,0.882,物品台,,1,1,11,球L,1,3,"[{""name"": ""球L"", ""share"": 0.973, ""q"": 0.115, ""capture"": 0.334, ""miss_deg"": 1.48, ""labels"": [259]}, {""name"": ""水瓶"", ""share"": 0.026, ""q"": 0.003, ""capture"": 0.003, ""miss_deg"": 3.4, ""labels"": [30]}, {""name"": ""苹果红"", ""share"": 0.002, ""q"": 0.0, ""capture"": 0.0, ""miss_deg"": 3.92, ""labels"": [260]}]"
2026_08_25/u3,u3,v9,walking,cluster010,95.52,97.74,2.22,2.917,球L,259,0.935,0.076,0.371,0.016,0.03,0.918,物品台,,1,1,11,球L,1,3,"[{""name"": ""球L"", ""share"": 0.935, ""q"": 0.076, ""capture"": 0.371, ""miss_deg"": 1.41, ""labels"": [259]}, {""name"": ""苹果粉"", ""share"": 0.028, ""q"": 0.002, ""capture"": 0.006, ""miss_deg"": 3.19, ""labels"": [64]}, {""name"": ""水瓶"", ""share"": 0.031, ""q"": 0.003, ""capture"": 0.003, ""miss_deg"": 3.4, ""labels"": [30]}]"
2026_08_25/u3,u3,v9,walking,cluster010,100.09,106.3,6.22,2.504,球M,261,0.711,0.191,0.772,0.089,0.336,0.732,物品台,,1,1,12,球M,1,3,"[{""name"": ""球M"", ""share"": 0.711, ""q"": 0.191, ""capture"": 0.772, ""miss_deg"": 0.72, ""labels"": [261]}, {""name"": ""水瓶"", ""share"": 0.239, ""q"": 0.064, ""capture"": 0.069, ""miss_deg"": 2.31, ""labels"": [30]}, {""name"": ""球L"", ""share"": 0.018, ""q"": 0.005, ""capture"": 0.019, ""miss_deg"": 2.81, ""labels"": [259]}]"
2026_08_25/u3,u3,v9,walking,cluster010,106.63,111.01,4.38,2.622,球M,261,0.271,0.058,0.261,0.678,0.701,0.785,物品台,,0,0,13,球R,0,3,"[{""name"": ""球M"", ""share"": 0.271, ""q"": 0.058, ""capture"": 0.261, ""miss_deg"": 1.64, ""labels"": [261]}, {""name"": ""球R"", ""share"": 0.19, ""q"": 0.041, ""capture"": 0.177, ""miss_deg"": 1.86, ""labels"": [263]}, {""name"": ""白杯1"", ""share"": 0.376, ""q"": 0.081, ""capture"": 0.171, ""miss_deg"": 1.88, ""labels"": [266]}]"
2026_08_25/u3,u3,v9,walking,cluster010,111.44,113.28,1.84,3.289,球M,261,0.576,0.099,0.605,0.169,0.325,0.828,物品台,,1,1,13,球R,0,3,"[{""name"": ""球M"", ""share"": 0.576, ""q"": 0.099, ""capture"": 0.605, ""miss_deg"": 1.0, ""labels"": [261]}, {""name"": ""白杯1"", ""share"": 0.187, ""q"": 0.032, ""capture"": 0.102, ""miss_deg"": 2.14, ""labels"": [266]}, {""name"": ""球R"", ""share"": 0.063, ""q"": 0.011, ""capture"": 0.066, ""miss_deg"": 2.33, ""labels"": [263]}]"
2026_08_25/u3,u3,v9,walking,cluster010,113.72,119.12,5.41,3.033,球L,259,0.876,0.02,0.106,0.066,0.119,0.977,物品台,,0,0,14,球L,1,3,"[{""name"": ""球L"", ""share"": 0.876, ""q"": 0.02, ""capture"": 0.106, ""miss_deg"": 2.12, ""labels"": [259]}, {""name"": ""苹果粉"", ""share"": 0.104, ""q"": 0.002, ""capture"": 0.007, ""miss_deg"": 3.15, ""labels"": [64]}, {""name"": ""水瓶"", ""share"": 0.021, ""q"": 0.0, ""capture"": 0.001, ""miss_deg"": 3.85, ""labels"": [30]}]"
2026_08_25/u3,u3,v9,walking,cluster010,119.99,120.36,0.38,2.828,球M,261,0.75,0.064,0.308,0.12,0.119,0.915,物品台,,1,1,,,,3,"[{""name"": ""球M"", ""share"": 0.75, ""q"": 0.064, ""capture"": 0.308, ""miss_deg"": 1.53, ""labels"": [261]}, {""name"": ""球L"", ""share"": 0.089, ""q"": 0.008, ""capture"": 0.037, ""miss_deg"": 2.57, ""labels"": [259]}, {""name"": ""水瓶"", ""share"": 0.144, ""q"": 0.012, ""capture"": 0.014, ""miss_deg"": 2.91, ""labels"": [30]}]"
2026_08_25/u3,u3,v9,walking,cluster010,120.65,125.9,5.24,1.937,球M,261,0.874,0.268,0.719,0.054,0.144,0.694,物品台,,1,1,15,球M,1,2,"[{""name"": ""球M"", ""share"": 0.874, ""q"": 0.268, ""capture"": 0.719, ""miss_deg"": 0.81, ""labels"": [261]}, {""name"": ""水瓶"", ""share"": 0.126, ""q"": 0.039, ""capture"": 0.039, ""miss_deg"": 2.55, ""labels"": [30]}]"
2026_08_25/u3,u3,v9,walking,cluster010,126.99,128.24,1.24,1.401,,-1,0.0,0.0,,,,1.0,object#26,,0,0,,,,0,[]
2026_08_25/u3,u3,v9,walking,cluster010,129.51,129.94,0.43,0.953,,-1,0.0,0.0,,,,1.0,object#65,,0,0,,,,0,[]
