rec,card,era,flags,cfg,t_start_rel,t_end_rel,dur_s,dist_m,object,object_label,share,q,capture,A_cap,A_share,p_none,surface,W,acc_live,acc_e2,window_k,target,correct,n_cands,candidates
2026_08_16/000,e1,v7,,table10,2.64,3.09,0.46,0.901,,-1,0.0,0.0,,,,1.0,object#20,,0,0,,,,0,[]
2026_08_16/000,e1,v7,,table10,15.38,15.7,0.32,1.034,,-1,0.0,0.0,,,,1.0,object#35,,0,0,,,,0,[]
2026_08_16/000,e1,v7,,table10,15.98,16.38,0.4,0.667,,-1,0.0,0.0,,,,1.0,object#94,,0,0,,,,0,[]
2026_08_16/000,e1,v7,,table10,18.3,18.6,0.3,0.462,,-1,0.0,0.0,,,,1.0,object#67,,0,0,,,,0,[]
2026_08_16/000,e1,v7,,table10,24.82,25.15,0.33,0.962,,-1,0.0,0.0,,,,1.0,object#20,,0,0,,,,0,[]
2026_08_16/000,e1,v7,,table10,25.48,26.56,1.07,0.962,,-1,0.0,0.0,,,,1.0,object#20,,0,0,,,,0,[]
2026_08_16/000,e1,v7,,table10,27.5,27.81,0.31,1.01,,-1,0.0,0.0,,,,1.0,object#67,,0,0,,,,0,[]
2026_08_16/000,e1,v7,,table10,29.64,29.98,0.34,0.748,,-1,0.0,0.0,,,,1.0,object#187,,0,0,,,,0,[]
2026_08_16/000,e1,v7,,table10,31.09,31.45,0.36,1.171,,-1,0.0,0.0,,,,1.0,object#187,,0,0,,,,0,[]
2026_08_16/000,e1,v7,,table10,32.16,32.71,0.55,1.208,,-1,0.0,0.0,,,,1.0,object#20,,0,0,,,,0,[]
2026_08_16/000,e1,v7,,table10,35.34,35.62,0.27,1.359,,-1,0.0,0.0,,,,1.0,object#34,,0,0,,,,0,[]
2026_08_16/000,e1,v7,,table10,35.68,36.01,0.32,1.335,香蕉,323,0.891,0.154,0.154,0.143,0.122,0.827,object#316,,0,0,,,,2,"[{""name"": ""香蕉"", ""share"": 0.891, ""q"": 0.154, ""capture"": 0.154, ""miss_deg"": 1.93, ""labels"": [323]}, {""name"": ""苹果"", ""share"": 0.109, ""q"": 0.019, ""capture"": 0.022, ""miss_deg"": 2.77, ""labels"": [300]}]"
2026_08_16/000,e1,v7,,table10,39.06,39.33,0.27,1.667,石榴,78,1.0,0.55,0.861,0.0,0.0,0.45,object#17,,1,1,,,,1,"[{""name"": ""石榴"", ""share"": 1.0, ""q"": 0.55, ""capture"": 0.861, ""miss_deg"": 0.55, ""labels"": [78]}]"
2026_08_16/000,e1,v7,,table10,39.67,40.14,0.47,1.663,苹果,300,0.99,0.694,0.988,0.007,0.01,0.299,object#316,,1,1,,,,2,"[{""name"": ""苹果"", ""share"": 0.99, ""q"": 0.694, ""capture"": 0.988, ""miss_deg"": 0.16, ""labels"": [300]}, {""name"": ""香蕉"", ""share"": 0.01, ""q"": 0.007, ""capture"": 0.007, ""miss_deg"": 3.17, ""labels"": [323]}]"
2026_08_16/000,e1,v7,,table10,40.26,41.14,0.88,1.65,苹果,300,0.991,0.69,0.982,0.006,0.009,0.304,object#316,,1,1,,,,2,"[{""name"": ""苹果"", ""share"": 0.991, ""q"": 0.69, ""capture"": 0.982, ""miss_deg"": 0.19, ""labels"": [300]}, {""name"": ""香蕉"", ""share"": 0.009, ""q"": 0.006, ""capture"": 0.006, ""miss_deg"": 3.2, ""labels"": [323]}]"
2026_08_16/000,e1,v7,,table10,41.26,44.47,3.22,1.662,苹果,300,0.999,0.706,1.005,0.001,0.001,0.293,object#316,,1,1,1,苹果,1,2,"[{""name"": ""苹果"", ""share"": 0.999, ""q"": 0.706, ""capture"": 1.005, ""miss_deg"": 0.0, ""labels"": [300]}, {""name"": ""香蕉"", ""share"": 0.001, ""q"": 0.001, ""capture"": 0.001, ""miss_deg"": 3.85, ""labels"": [323]}]"
2026_08_16/000,e1,v7,,table10,44.58,45.97,1.39,1.657,苹果,300,0.94,0.584,0.831,0.045,0.064,0.379,object#316,,1,1,1,苹果,1,2,"[{""name"": ""苹果"", ""share"": 0.94, ""q"": 0.584, ""capture"": 0.831, ""miss_deg"": 0.61, ""labels"": [300]}, {""name"": ""香蕉"", ""share"": 0.06, ""q"": 0.037, ""capture"": 0.037, ""miss_deg"": 2.56, ""labels"": [323]}]"
2026_08_16/000,e1,v7,,table10,46.03,46.46,0.44,1.615,香蕉,323,0.961,0.404,0.404,0.057,0.041,0.579,object#10,,1,1,1,苹果,0,2,"[{""name"": ""香蕉"", ""share"": 0.961, ""q"": 0.404, ""capture"": 0.404, ""miss_deg"": 1.35, ""labels"": [323]}, {""name"": ""苹果"", ""share"": 0.039, ""q"": 0.017, ""capture"": 0.023, ""miss_deg"": 2.75, ""labels"": [300]}]"
2026_08_16/000,e1,v7,,table10,46.52,47.29,0.77,1.649,苹果,300,0.915,0.515,0.733,0.065,0.093,0.437,object#316,,1,1,,,,2,"[{""name"": ""苹果"", ""share"": 0.915, ""q"": 0.515, ""capture"": 0.733, ""miss_deg"": 0.79, ""labels"": [300]}, {""name"": ""香蕉"", ""share"": 0.085, ""q"": 0.048, ""capture"": 0.048, ""miss_deg"": 2.47, ""labels"": [323]}]"
2026_08_16/000,e1,v7,,table10,47.81,50.73,2.92,1.413,球M,321,1.0,0.697,0.924,0.0,0.0,0.303,object#317,,1,1,,,,1,"[{""name"": ""球M"", ""share"": 1.0, ""q"": 0.697, ""capture"": 0.924, ""miss_deg"": 0.4, ""labels"": [321]}]"
2026_08_16/000,e1,v7,,table10,50.89,51.23,0.34,1.456,球M,321,1.0,0.269,0.367,0.0,0.0,0.731,object#10,,1,1,2,球M,1,1,"[{""name"": ""球M"", ""share"": 1.0, ""q"": 0.269, ""capture"": 0.367, ""miss_deg"": 1.42, ""labels"": [321]}]"
2026_08_16/000,e1,v7,,table10,51.28,54.3,3.02,1.385,球M,321,1.0,0.685,0.898,0.0,0.0,0.315,object#10,,1,1,2,球M,1,1,"[{""name"": ""球M"", ""share"": 1.0, ""q"": 0.685, ""capture"": 0.898, ""miss_deg"": 0.46, ""labels"": [321]}]"
2026_08_16/000,e1,v7,,table10,54.5,54.95,0.45,1.59,石榴,78,1.0,0.209,0.304,0.0,0.0,0.791,object#17,,1,1,,,,1,"[{""name"": ""石榴"", ""share"": 1.0, ""q"": 0.209, ""capture"": 0.304, ""miss_deg"": 1.54, ""labels"": [78]}]"
2026_08_16/000,e1,v7,,table10,55.08,57.54,2.46,1.63,石榴,78,1.0,0.343,0.513,0.0,0.0,0.657,object#17,,1,1,3,石榴,1,1,"[{""name"": ""石榴"", ""share"": 1.0, ""q"": 0.343, ""capture"": 0.513, ""miss_deg"": 1.16, ""labels"": [78]}]"
2026_08_16/000,e1,v7,,table10,57.64,60.9,3.26,1.649,石榴,78,1.0,0.333,0.511,0.0,0.0,0.667,object#17,,1,1,3,石榴,1,1,"[{""name"": ""石榴"", ""share"": 1.0, ""q"": 0.333, ""capture"": 0.511, ""miss_deg"": 1.16, ""labels"": [78]}]"
2026_08_16/000,e1,v7,,table10,61.48,64.42,2.94,1.51,香蕉,323,1.0,0.529,0.529,0.0,0.0,0.471,object#316,,1,1,4,香蕉,1,1,"[{""name"": ""香蕉"", ""share"": 1.0, ""q"": 0.529, ""capture"": 0.529, ""miss_deg"": 1.13, ""labels"": [323]}]"
2026_08_16/000,e1,v7,,table10,64.47,65.15,0.68,1.535,香蕉,323,1.0,0.557,0.557,0.0,0.0,0.443,object#316,,1,1,4,香蕉,1,1,"[{""name"": ""香蕉"", ""share"": 1.0, ""q"": 0.557, ""capture"": 0.557, ""miss_deg"": 1.08, ""labels"": [323]}]"
2026_08_16/000,e1,v7,,table10,65.88,66.82,0.94,1.491,香蕉,323,1.0,0.602,0.602,0.0,0.0,0.398,object#316,,1,1,4,香蕉,1,1,"[{""name"": ""香蕉"", ""share"": 1.0, ""q"": 0.602, ""capture"": 0.602, ""miss_deg"": 1.01, ""labels"": [323]}]"
2026_08_16/000,e1,v7,,table10,66.87,67.15,0.27,1.54,香蕉,323,1.0,0.002,0.002,0.0,0.0,0.998,object#17,,0,0,4,香蕉,1,1,"[{""name"": ""香蕉"", ""share"": 1.0, ""q"": 0.002, ""capture"": 0.002, ""miss_deg"": 3.55, ""labels"": [323]}]"
2026_08_16/000,e1,v7,,table10,67.2,68.03,0.83,1.577,香蕉,323,1.0,0.368,0.368,0.0,0.0,0.632,object#316,,1,1,,,,1,"[{""name"": ""香蕉"", ""share"": 1.0, ""q"": 0.368, ""capture"": 0.368, ""miss_deg"": 1.41, ""labels"": [323]}]"
2026_08_16/000,e1,v7,,table10,68.59,69.54,0.95,1.423,球L,320,0.997,0.534,0.675,0.003,0.003,0.465,object#316,,1,1,,,,2,"[{""name"": ""球L"", ""share"": 0.997, ""q"": 0.534, ""capture"": 0.675, ""miss_deg"": 0.89, ""labels"": [320]}, {""name"": ""香蕉"", ""share"": 0.003, ""q"": 0.002, ""capture"": 0.002, ""miss_deg"": 3.58, ""labels"": [323]}]"
2026_08_16/000,e1,v7,,table10,70.45,70.95,0.5,2.689,,-1,0.0,0.0,,,,1.0,floor,,0,0,5,球R,,0,[]
2026_08_16/000,e1,v7,,table10,71.0,73.51,2.51,1.48,球R,322,1.0,0.11,0.183,0.0,0.0,0.89,object#318,,0,0,5,球R,1,1,"[{""name"": ""球R"", ""share"": 1.0, ""q"": 0.11, ""capture"": 0.183, ""miss_deg"": 1.84, ""labels"": [322]}]"
2026_08_16/000,e1,v7,,table10,74.33,74.83,0.5,1.626,石榴,78,1.0,0.032,0.049,0.0,0.0,0.968,object#201,,0,0,,,,1,"[{""name"": ""石榴"", ""share"": 1.0, ""q"": 0.032, ""capture"": 0.049, ""miss_deg"": 2.46, ""labels"": [78]}]"
2026_08_16/000,e1,v7,,table10,75.26,77.05,1.79,1.418,球L,320,0.989,0.473,0.594,0.008,0.011,0.521,object#316,,1,1,,,,2,"[{""name"": ""球L"", ""share"": 0.989, ""q"": 0.473, ""capture"": 0.594, ""miss_deg"": 1.02, ""labels"": [320]}, {""name"": ""香蕉"", ""share"": 0.011, ""q"": 0.005, ""capture"": 0.005, ""miss_deg"": 3.24, ""labels"": [323]}]"
2026_08_16/000,e1,v7,,table10,77.16,78.55,1.4,1.418,球L,320,0.985,0.424,0.533,0.011,0.015,0.569,object#316,,1,1,6,球L,1,2,"[{""name"": ""球L"", ""share"": 0.985, ""q"": 0.424, ""capture"": 0.533, ""miss_deg"": 1.12, ""labels"": [320]}, {""name"": ""香蕉"", ""share"": 0.015, ""q"": 0.006, ""capture"": 0.006, ""miss_deg"": 3.18, ""labels"": [323]}]"
2026_08_16/000,e1,v7,,table10,78.84,79.52,0.69,1.415,球L,320,0.962,0.447,0.562,0.032,0.04,0.535,object#316,,1,1,6,球L,1,2,"[{""name"": ""球L"", ""share"": 0.962, ""q"": 0.447, ""capture"": 0.562, ""miss_deg"": 1.07, ""labels"": [320]}, {""name"": ""香蕉"", ""share"": 0.038, ""q"": 0.018, ""capture"": 0.018, ""miss_deg"": 2.84, ""labels"": [323]}]"
2026_08_16/000,e1,v7,,table10,79.58,79.85,0.27,1.492,香蕉,323,0.95,0.241,0.241,0.071,0.053,0.746,object#316,,1,1,6,球L,0,2,"[{""name"": ""香蕉"", ""share"": 0.95, ""q"": 0.241, ""capture"": 0.241, ""miss_deg"": 1.69, ""labels"": [323]}, {""name"": ""球L"", ""share"": 0.05, ""q"": 0.013, ""capture"": 0.017, ""miss_deg"": 2.86, ""labels"": [320]}]"
2026_08_16/000,e1,v7,,table10,79.96,80.67,0.71,1.492,香蕉,323,0.957,0.346,0.346,0.061,0.045,0.639,object#316,,1,1,6,球L,0,2,"[{""name"": ""香蕉"", ""share"": 0.957, ""q"": 0.346, ""capture"": 0.346, ""miss_deg"": 1.46, ""labels"": [323]}, {""name"": ""球L"", ""share"": 0.043, ""q"": 0.016, ""capture"": 0.021, ""miss_deg"": 2.78, ""labels"": [320]}]"
2026_08_16/000,e1,v7,,table10,80.73,81.25,0.52,1.436,球L,320,0.919,0.391,0.502,0.07,0.088,0.575,object#316,,1,1,,,,2,"[{""name"": ""球L"", ""share"": 0.919, ""q"": 0.391, ""capture"": 0.502, ""miss_deg"": 1.17, ""labels"": [320]}, {""name"": ""香蕉"", ""share"": 0.081, ""q"": 0.035, ""capture"": 0.035, ""miss_deg"": 2.59, ""labels"": [323]}]"
2026_08_16/000,e1,v7,,table10,81.3,81.8,0.5,1.483,香蕉,323,1.0,0.578,0.578,0.0,0.0,0.422,object#316,,1,1,,,,1,"[{""name"": ""香蕉"", ""share"": 1.0, ""q"": 0.578, ""capture"": 0.578, ""miss_deg"": 1.05, ""labels"": [323]}]"
2026_08_16/000,e1,v7,,table10,82.49,82.87,0.38,1.386,球M,321,1.0,0.822,1.077,0.0,0.0,0.178,object#10,,1,1,,,,1,"[{""name"": ""球M"", ""share"": 1.0, ""q"": 0.822, ""capture"": 1.077, ""miss_deg"": 0.0, ""labels"": [321]}]"
2026_08_16/000,e1,v7,,table10,82.92,83.52,0.6,1.458,球M,321,1.0,0.297,0.408,0.0,0.0,0.703,object#10,,1,1,7,球M,1,1,"[{""name"": ""球M"", ""share"": 1.0, ""q"": 0.297, ""capture"": 0.408, ""miss_deg"": 1.34, ""labels"": [321]}]"
2026_08_16/000,e1,v7,,table10,83.58,84.54,0.96,1.431,球M,321,1.0,0.448,0.599,0.0,0.0,0.552,object#10,,1,1,7,球M,1,1,"[{""name"": ""球M"", ""share"": 1.0, ""q"": 0.448, ""capture"": 0.599, ""miss_deg"": 1.01, ""labels"": [321]}]"
2026_08_16/000,e1,v7,,table10,84.6,85.03,0.44,1.481,球M,321,1.0,0.386,0.549,0.0,0.0,0.614,object#10,,1,1,7,球M,1,1,"[{""name"": ""球M"", ""share"": 1.0, ""q"": 0.386, ""capture"": 0.549, ""miss_deg"": 1.09, ""labels"": [321]}]"
2026_08_16/000,e1,v7,,table10,85.09,85.81,0.72,1.422,球M,321,1.0,0.439,0.587,0.0,0.0,0.561,object#17,,1,1,7,球M,1,1,"[{""name"": ""球M"", ""share"": 1.0, ""q"": 0.439, ""capture"": 0.587, ""miss_deg"": 1.03, ""labels"": [321]}]"
2026_08_16/000,e1,v7,,table10,85.86,87.23,1.37,1.488,球M,321,1.0,0.222,0.316,0.0,0.0,0.778,object#10,,1,1,7,球M,1,1,"[{""name"": ""球M"", ""share"": 1.0, ""q"": 0.222, ""capture"": 0.316, ""miss_deg"": 1.52, ""labels"": [321]}]"
2026_08_16/000,e1,v7,,table10,87.29,87.79,0.5,1.42,球M,321,1.0,0.445,0.595,0.0,0.0,0.555,object#17,,1,1,7,球M,1,1,"[{""name"": ""球M"", ""share"": 1.0, ""q"": 0.445, ""capture"": 0.595, ""miss_deg"": 1.02, ""labels"": [321]}]"
2026_08_16/000,e1,v7,,table10,87.84,88.28,0.44,1.472,球M,321,1.0,0.336,0.466,0.0,0.0,0.664,object#17,,1,1,7,球M,1,1,"[{""name"": ""球M"", ""share"": 1.0, ""q"": 0.336, ""capture"": 0.466, ""miss_deg"": 1.24, ""labels"": [321]}]"
2026_08_16/000,e1,v7,,table10,89.27,91.31,2.04,1.664,石榴,78,1.0,0.324,0.504,0.0,0.0,0.676,object#17,,1,1,,,,1,"[{""name"": ""石榴"", ""share"": 1.0, ""q"": 0.324, ""capture"": 0.504, ""miss_deg"": 1.17, ""labels"": [78]}]"
2026_08_16/000,e1,v7,,table10,91.43,94.96,3.53,1.652,石榴,78,1.0,0.194,0.298,0.0,0.0,0.806,object#17,,1,1,8,石榴,1,1,"[{""name"": ""石榴"", ""share"": 1.0, ""q"": 0.194, ""capture"": 0.298, ""miss_deg"": 1.56, ""labels"": [78]}]"
2026_08_16/000,e1,v7,,table10,95.48,96.04,0.56,1.494,香蕉,323,1.0,0.574,0.574,0.0,0.0,0.426,object#316,,1,1,,,,2,"[{""name"": ""香蕉"", ""share"": 1.0, ""q"": 0.574, ""capture"": 0.574, ""miss_deg"": 1.05, ""labels"": [323]}, {""name"": ""球L"", ""share"": 0.0, ""q"": 0.0, ""capture"": 0.0, ""miss_deg"": 4.34, ""labels"": [320]}]"
2026_08_16/000,e1,v7,,table10,96.09,96.77,0.68,1.574,香蕉,323,1.0,0.495,0.495,0.0,0.0,0.505,object#316,,1,1,,,,1,"[{""name"": ""香蕉"", ""share"": 1.0, ""q"": 0.495, ""capture"": 0.495, ""miss_deg"": 1.19, ""labels"": [323]}]"
2026_08_16/000,e1,v7,,table10,96.92,98.03,1.1,1.572,香蕉,323,1.0,0.512,0.512,0.0,0.0,0.488,object#316,,1,1,9,香蕉,1,2,"[{""name"": ""香蕉"", ""share"": 1.0, ""q"": 0.512, ""capture"": 0.512, ""miss_deg"": 1.16, ""labels"": [323]}, {""name"": ""苹果"", ""share"": 0.0, ""q"": 0.0, ""capture"": 0.0, ""miss_deg"": 4.02, ""labels"": [300]}]"
2026_08_16/000,e1,v7,,table10,98.42,99.43,1.01,1.597,香蕉,323,0.996,0.522,0.522,0.006,0.004,0.476,object#316,,1,1,9,香蕉,1,2,"[{""name"": ""香蕉"", ""share"": 0.996, ""q"": 0.522, ""capture"": 0.522, ""miss_deg"": 1.14, ""labels"": [323]}, {""name"": ""苹果"", ""share"": 0.004, ""q"": 0.002, ""capture"": 0.003, ""miss_deg"": 3.43, ""labels"": [300]}]"
2026_08_16/000,e1,v7,,table10,99.79,100.65,0.87,1.608,香蕉,323,0.993,0.544,0.544,0.009,0.007,0.452,object#316,,1,1,9,香蕉,1,2,"[{""name"": ""香蕉"", ""share"": 0.993, ""q"": 0.544, ""capture"": 0.544, ""miss_deg"": 1.1, ""labels"": [323]}, {""name"": ""苹果"", ""share"": 0.007, ""q"": 0.004, ""capture"": 0.005, ""miss_deg"": 3.25, ""labels"": [300]}]"
2026_08_16/000,e1,v7,,table10,101.26,101.76,0.5,1.649,香蕉,323,0.713,0.207,0.207,0.575,0.403,0.71,object#10,,1,1,9,香蕉,1,2,"[{""name"": ""香蕉"", ""share"": 0.713, ""q"": 0.207, ""capture"": 0.207, ""miss_deg"": 1.77, ""labels"": [323]}, {""name"": ""苹果"", ""share"": 0.287, ""q"": 0.083, ""capture"": 0.119, ""miss_deg"": 2.06, ""labels"": [300]}]"
2026_08_16/000,e1,v7,,table10,102.44,105.28,2.83,1.453,球L,320,0.926,0.346,0.45,0.062,0.08,0.626,object#316,,1,1,,,,2,"[{""name"": ""球L"", ""share"": 0.926, ""q"": 0.346, ""capture"": 0.45, ""miss_deg"": 1.26, ""labels"": [320]}, {""name"": ""香蕉"", ""share"": 0.074, ""q"": 0.028, ""capture"": 0.028, ""miss_deg"": 2.68, ""labels"": [323]}]"
2026_08_16/000,e1,v7,,table10,105.38,108.98,3.6,1.487,球L,320,0.514,0.142,0.189,0.714,0.946,0.723,object#316,,0,0,10,球L,1,2,"[{""name"": ""球L"", ""share"": 0.514, ""q"": 0.142, ""capture"": 0.189, ""miss_deg"": 1.83, ""labels"": [320]}, {""name"": ""香蕉"", ""share"": 0.486, ""q"": 0.135, ""capture"": 0.135, ""miss_deg"": 2.0, ""labels"": [323]}]"
2026_08_16/000,e1,v7,,table10,109.36,111.89,2.53,1.65,苹果,300,0.941,0.234,0.333,0.045,0.063,0.752,object#10,,1,1,,,,2,"[{""name"": ""苹果"", ""share"": 0.941, ""q"": 0.234, ""capture"": 0.333, ""miss_deg"": 1.48, ""labels"": [300]}, {""name"": ""香蕉"", ""share"": 0.059, ""q"": 0.015, ""capture"": 0.015, ""miss_deg"": 2.9, ""labels"": [323]}]"
2026_08_16/000,e1,v7,,table10,112.0,112.83,0.83,1.654,苹果,300,0.99,0.24,0.341,0.006,0.01,0.758,object#10,,1,1,11,苹果,1,2,"[{""name"": ""苹果"", ""share"": 0.99, ""q"": 0.24, ""capture"": 0.341, ""miss_deg"": 1.47, ""labels"": [300]}, {""name"": ""香蕉"", ""share"": 0.01, ""q"": 0.002, ""capture"": 0.002, ""miss_deg"": 3.47, ""labels"": [323]}]"
2026_08_16/000,e1,v7,,table10,113.15,114.45,1.3,1.663,苹果,300,1.0,0.154,0.219,0.0,0.0,0.846,object#10,,1,1,11,苹果,1,1,"[{""name"": ""苹果"", ""share"": 1.0, ""q"": 0.154, ""capture"": 0.219, ""miss_deg"": 1.74, ""labels"": [300]}]"
2026_08_16/000,e1,v7,,table10,114.56,114.84,0.28,1.664,苹果,300,0.962,0.158,0.225,0.027,0.04,0.836,object#10,,1,1,11,苹果,1,2,"[{""name"": ""苹果"", ""share"": 0.962, ""q"": 0.158, ""capture"": 0.225, ""miss_deg"": 1.73, ""labels"": [300]}, {""name"": ""香蕉"", ""share"": 0.038, ""q"": 0.006, ""capture"": 0.006, ""miss_deg"": 3.18, ""labels"": [323]}]"
2026_08_16/000,e1,v7,,table10,114.94,116.34,1.4,1.666,苹果,300,0.924,0.132,0.188,0.059,0.082,0.857,object#10,,0,0,11,苹果,1,2,"[{""name"": ""苹果"", ""share"": 0.924, ""q"": 0.132, ""capture"": 0.188, ""miss_deg"": 1.83, ""labels"": [300]}, {""name"": ""香蕉"", ""share"": 0.076, ""q"": 0.011, ""capture"": 0.011, ""miss_deg"": 3.01, ""labels"": [323]}]"
2026_08_16/000,e1,v7,,table10,116.39,116.71,0.32,1.557,球M,321,1.0,0.014,0.021,0.0,0.0,0.986,object#17,,0,0,,,,1,"[{""name"": ""球M"", ""share"": 1.0, ""q"": 0.014, ""capture"": 0.021, ""miss_deg"": 2.79, ""labels"": [321]}]"
2026_08_16/000,e1,v7,,table10,117.61,123.36,5.75,1.473,球R,322,1.0,0.081,0.135,0.0,0.0,0.919,object#318,,0,0,12,球R,1,1,"[{""name"": ""球R"", ""share"": 1.0, ""q"": 0.081, ""capture"": 0.135, ""miss_deg"": 2.0, ""labels"": [322]}]"
2026_08_16/000,e1,v7,,table10,125.44,125.75,0.3,1.305,,-1,0.0,0.0,,,,1.0,object#20,,0,0,,,,0,[]
2026_08_16/000,e1,v7,,table10,127.5,127.78,0.27,1.096,,-1,0.0,0.0,,,,1.0,object#59,,0,0,,,,0,[]
2026_08_16/000,e1,v7,,table10,128.06,128.34,0.28,1.205,,-1,0.0,0.0,,,,1.0,object#67,,0,0,,,,0,[]
2026_08_16/001,e2,v7,stress,table10,8.06,8.71,0.65,2.539,,-1,0.0,0.0,,,,1.0,floor,,0,0,,,,0,[]
2026_08_16/001,e2,v7,stress,table10,8.88,9.2,0.32,2.76,,-1,0.0,0.0,,,,1.0,floor,,0,0,,,,0,[]
2026_08_16/001,e2,v7,stress,table10,9.25,9.69,0.43,3.059,,-1,0.0,0.0,,,,1.0,floor,,0,0,,,,0,[]
2026_08_16/001,e2,v7,stress,table10,10.59,10.86,0.27,2.847,,-1,0.0,0.0,,,,1.0,object#179,,0,0,,,,0,[]
2026_08_16/001,e2,v7,stress,table10,10.91,11.29,0.38,3.104,球M,321,1.0,0.031,0.136,0.0,0.0,0.969,object#179,,0,0,,,,1,"[{""name"": ""球M"", ""share"": 1.0, ""q"": 0.031, ""capture"": 0.136, ""miss_deg"": 2.0, ""labels"": [321]}]"
2026_08_16/001,e2,v7,stress,table10,11.4,11.94,0.54,3.057,,-1,0.0,0.0,,,,1.0,object#46,,0,0,,,,0,[]
2026_08_16/001,e2,v7,stress,table10,12.59,15.9,3.3,3.175,,-1,0.0,0.0,,,,1.0,object#10,,0,0,,,,0,[]
2026_08_16/001,e2,v7,stress,table10,16.18,18.34,2.17,3.164,球L,320,1.0,0.001,0.005,0.0,0.0,0.999,object#10,,0,0,1,球L,1,1,"[{""name"": ""球L"", ""share"": 1.0, ""q"": 0.001, ""capture"": 0.005, ""miss_deg"": 3.28, ""labels"": [320]}]"
2026_08_16/001,e2,v7,stress,table10,18.72,19.1,0.38,3.171,球L,320,1.0,0.001,0.004,0.0,0.0,0.999,object#46,,0,0,1,球L,1,1,"[{""name"": ""球L"", ""share"": 1.0, ""q"": 0.001, ""capture"": 0.004, ""miss_deg"": 3.31, ""labels"": [320]}]"
2026_08_16/001,e2,v7,stress,table10,19.64,20.4,0.76,3.193,,-1,0.0,0.0,,,,1.0,object#305,,0,0,,,,0,[]
2026_08_16/001,e2,v7,stress,table10,20.85,21.83,0.97,3.2,,-1,0.0,0.0,,,,1.0,object#130,,0,0,,,,0,[]
2026_08_16/001,e2,v7,stress,table10,21.88,22.48,0.6,3.21,球R,322,1.0,0.012,0.072,0.0,0.0,0.988,object#130,,0,0,,,,1,"[{""name"": ""球R"", ""share"": 1.0, ""q"": 0.012, ""capture"": 0.072, ""miss_deg"": 2.29, ""labels"": [322]}]"
2026_08_16/001,e2,v7,stress,table10,22.91,24.97,2.06,3.183,,-1,0.0,0.0,,,,1.0,object#130,,0,0,,,,0,[]
2026_08_16/001,e2,v7,stress,table10,25.14,26.0,0.87,3.189,,-1,0.0,0.0,,,,1.0,object#130,,0,0,,,,0,[]
2026_08_16/001,e2,v7,stress,table10,26.62,27.75,1.14,3.165,球L,320,0.869,0.105,0.427,0.049,0.151,0.879,object#316,,1,1,,,,2,"[{""name"": ""球L"", ""share"": 0.869, ""q"": 0.105, ""capture"": 0.427, ""miss_deg"": 1.3, ""labels"": [320]}, {""name"": ""香蕉"", ""share"": 0.131, ""q"": 0.016, ""capture"": 0.021, ""miss_deg"": 2.78, ""labels"": [323]}]"
2026_08_16/001,e2,v7,stress,table10,27.92,28.57,0.65,3.268,球L,320,0.845,0.067,0.289,0.059,0.183,0.921,object#316,,1,1,,,,2,"[{""name"": ""球L"", ""share"": 0.845, ""q"": 0.067, ""capture"": 0.289, ""miss_deg"": 1.57, ""labels"": [320]}, {""name"": ""香蕉"", ""share"": 0.155, ""q"": 0.012, ""capture"": 0.017, ""miss_deg"": 2.85, ""labels"": [323]}]"
2026_08_16/001,e2,v7,stress,table10,28.82,31.52,2.71,3.284,球L,320,0.867,0.093,0.402,0.05,0.153,0.893,object#316,,1,1,,,,2,"[{""name"": ""球L"", ""share"": 0.867, ""q"": 0.093, ""capture"": 0.402, ""miss_deg"": 1.35, ""labels"": [320]}, {""name"": ""香蕉"", ""share"": 0.133, ""q"": 0.014, ""capture"": 0.02, ""miss_deg"": 2.8, ""labels"": [323]}]"
2026_08_16/001,e2,v7,stress,table10,31.58,31.85,0.27,3.283,球L,320,0.487,0.007,0.03,0.333,1.053,0.986,object#46,,0,0,,,,2,"[{""name"": ""球L"", ""share"": 0.487, ""q"": 0.007, ""capture"": 0.03, ""miss_deg"": 2.65, ""labels"": [320]}, {""name"": ""香蕉"", ""share"": 0.513, ""q"": 0.007, ""capture"": 0.01, ""miss_deg"": 3.03, ""labels"": [323]}]"
2026_08_16/001,e2,v7,stress,table10,32.18,32.5,0.32,3.286,球L,320,0.714,0.122,0.528,0.119,0.367,0.829,object#316,,1,1,2,球R,0,3,"[{""name"": ""球L"", ""share"": 0.714, ""q"": 0.122, ""capture"": 0.528, ""miss_deg"": 1.13, ""labels"": [320]}, {""name"": ""香蕉"", ""share"": 0.262, ""q"": 0.045, ""capture"": 0.063, ""miss_deg"": 2.35, ""labels"": [323]}, {""name"": ""苹果"", ""share"": 0.024, ""q"": 0.004, ""capture"": 0.016, ""miss_deg"": 2.87, ""labels"": [300]}]"
2026_08_16/001,e2,v7,stress,table10,32.56,33.64,1.08,3.305,球R,322,0.887,0.102,0.624,0.093,0.127,0.885,object#318,,1,1,2,球R,1,2,"[{""name"": ""球R"", ""share"": 0.887, ""q"": 0.102, ""capture"": 0.624, ""miss_deg"": 0.97, ""labels"": [322]}, {""name"": ""石榴"", ""share"": 0.113, ""q"": 0.013, ""capture"": 0.058, ""miss_deg"": 2.38, ""labels"": [78]}]"
2026_08_16/001,e2,v7,stress,table10,33.8,34.24,0.43,3.327,球R,322,0.983,0.03,0.184,0.011,0.017,0.969,object#318,,0,0,2,球R,1,2,"[{""name"": ""球R"", ""share"": 0.983, ""q"": 0.03, ""capture"": 0.184, ""miss_deg"": 1.84, ""labels"": [322]}, {""name"": ""石榴"", ""share"": 0.017, ""q"": 0.001, ""capture"": 0.002, ""miss_deg"": 3.48, ""labels"": [78]}]"
2026_08_16/001,e2,v7,stress,table10,34.47,37.77,3.3,3.316,球R,322,0.885,0.055,0.338,0.095,0.13,0.938,object#318,,1,1,2,球R,1,2,"[{""name"": ""球R"", ""share"": 0.885, ""q"": 0.055, ""capture"": 0.338, ""miss_deg"": 1.47, ""labels"": [322]}, {""name"": ""石榴"", ""share"": 0.115, ""q"": 0.007, ""capture"": 0.032, ""miss_deg"": 2.62, ""labels"": [78]}]"
2026_08_16/001,e2,v7,stress,table10,38.0,38.71,0.7,3.326,球R,322,1.0,0.056,0.341,0.0,0.0,0.944,object#318,,1,1,2,球R,1,1,"[{""name"": ""球R"", ""share"": 1.0, ""q"": 0.056, ""capture"": 0.341, ""miss_deg"": 1.47, ""labels"": [322]}]"
2026_08_16/001,e2,v7,stress,table10,38.98,39.9,0.92,3.31,球R,322,0.84,0.073,0.448,0.141,0.19,0.913,object#318,,1,1,2,球R,1,2,"[{""name"": ""球R"", ""share"": 0.84, ""q"": 0.073, ""capture"": 0.448, ""miss_deg"": 1.27, ""labels"": [322]}, {""name"": ""石榴"", ""share"": 0.16, ""q"": 0.014, ""capture"": 0.063, ""miss_deg"": 2.35, ""labels"": [78]}]"
2026_08_16/001,e2,v7,stress,table10,40.15,40.42,0.27,3.515,球M,321,1.0,0.005,0.027,0.0,0.0,0.995,object#46,,0,0,,,,1,"[{""name"": ""球M"", ""share"": 1.0, ""q"": 0.005, ""capture"": 0.027, ""miss_deg"": 2.68, ""labels"": [321]}]"
2026_08_16/001,e2,v7,stress,table10,40.53,40.91,0.38,3.452,,-1,0.0,0.0,,,,1.0,object#46,,0,0,,,,0,[]
2026_08_16/001,e2,v7,stress,table10,43.74,45.42,1.68,3.61,球M,321,1.0,0.015,0.093,0.0,0.0,0.985,object#46,,0,0,5,球M,1,1,"[{""name"": ""球M"", ""share"": 1.0, ""q"": 0.015, ""capture"": 0.093, ""miss_deg"": 2.18, ""labels"": [321]}]"
2026_08_16/001,e2,v7,stress,table10,46.8,49.4,2.6,3.275,球L,320,0.741,0.042,0.183,0.115,0.35,0.943,object#316,,0,0,,,,2,"[{""name"": ""球L"", ""share"": 0.741, ""q"": 0.042, ""capture"": 0.183, ""miss_deg"": 1.84, ""labels"": [320]}, {""name"": ""香蕉"", ""share"": 0.259, ""q"": 0.015, ""capture"": 0.021, ""miss_deg"": 2.79, ""labels"": [323]}]"
2026_08_16/001,e2,v7,stress,table10,49.66,51.12,1.46,3.274,球L,320,0.565,0.05,0.217,0.244,0.77,0.911,object#316,,1,1,,,,2,"[{""name"": ""球L"", ""share"": 0.565, ""q"": 0.05, ""capture"": 0.217, ""miss_deg"": 1.75, ""labels"": [320]}, {""name"": ""香蕉"", ""share"": 0.435, ""q"": 0.039, ""capture"": 0.053, ""miss_deg"": 2.42, ""labels"": [323]}]"
2026_08_16/001,e2,v7,stress,table10,51.44,53.07,1.62,3.277,球L,320,1.0,0.0,0.001,0.0,0.0,1.0,object#46,,0,0,,,,1,"[{""name"": ""球L"", ""share"": 1.0, ""q"": 0.0, ""capture"": 0.001, ""miss_deg"": 3.66, ""labels"": [320]}]"
2026_08_16/001,e2,v7,stress,table10,53.44,54.14,0.7,3.298,球L,320,0.814,0.108,0.466,0.071,0.217,0.868,object#316,,1,1,,,,3,"[{""name"": ""球L"", ""share"": 0.814, ""q"": 0.108, ""capture"": 0.466, ""miss_deg"": 1.24, ""labels"": [320]}, {""name"": ""香蕉"", ""share"": 0.177, ""q"": 0.023, ""capture"": 0.033, ""miss_deg"": 2.61, ""labels"": [323]}, {""name"": ""苹果"", ""share"": 0.009, ""q"": 0.001, ""capture"": 0.005, ""miss_deg"": 3.26, ""labels"": [300]}]"
2026_08_16/001,e2,v7,stress,table10,54.2,56.53,2.33,3.274,球L,320,0.655,0.113,0.488,0.152,0.47,0.828,object#316,,1,1,,,,3,"[{""name"": ""球L"", ""share"": 0.655, ""q"": 0.113, ""capture"": 0.488, ""miss_deg"": 1.2, ""labels"": [320]}, {""name"": ""香蕉"", ""share"": 0.308, ""q"": 0.053, ""capture"": 0.074, ""miss_deg"": 2.28, ""labels"": [323]}, {""name"": ""苹果"", ""share"": 0.037, ""q"": 0.006, ""capture"": 0.025, ""miss_deg"": 2.72, ""labels"": [300]}]"
2026_08_16/001,e2,v7,stress,table10,56.74,59.83,3.09,3.27,球L,320,0.636,0.117,0.506,0.152,0.475,0.816,object#316,,1,1,,,,3,"[{""name"": ""球L"", ""share"": 0.636, ""q"": 0.117, ""capture"": 0.506, ""miss_deg"": 1.17, ""labels"": [320]}, {""name"": ""香蕉"", ""share"": 0.302, ""q"": 0.056, ""capture"": 0.077, ""miss_deg"": 2.26, ""labels"": [323]}, {""name"": ""苹果"", ""share"": 0.062, ""q"": 0.011, ""capture"": 0.045, ""miss_deg"": 2.49, ""labels"": [300]}]"
2026_08_16/001,e2,v7,stress,table10,60.49,62.76,2.27,3.338,球R,322,0.719,0.064,0.391,0.286,0.391,0.911,object#318,,1,1,10,球R,1,2,"[{""name"": ""球R"", ""share"": 0.719, ""q"": 0.064, ""capture"": 0.391, ""miss_deg"": 1.37, ""labels"": [322]}, {""name"": ""石榴"", ""share"": 0.281, ""q"": 0.025, ""capture"": 0.112, ""miss_deg"": 2.09, ""labels"": [78]}]"
2026_08_16/001,e2,v7,stress,table10,62.99,66.51,3.52,3.328,球R,322,1.0,0.022,0.135,0.0,0.0,0.978,object#318,,0,0,10,球R,1,1,"[{""name"": ""球R"", ""share"": 1.0, ""q"": 0.022, ""capture"": 0.135, ""miss_deg"": 2.0, ""labels"": [322]}]"
2026_08_16/001,e2,v7,stress,table10,67.2,69.42,2.22,3.275,球L,320,0.798,0.01,0.045,0.089,0.253,0.987,object#46,,0,0,11,球L,1,2,"[{""name"": ""球L"", ""share"": 0.798, ""q"": 0.01, ""capture"": 0.045, ""miss_deg"": 2.49, ""labels"": [320]}, {""name"": ""香蕉"", ""share"": 0.202, ""q"": 0.003, ""capture"": 0.004, ""miss_deg"": 3.35, ""labels"": [323]}]"
2026_08_16/001,e2,v7,stress,table10,69.64,71.37,1.73,3.283,球L,320,1.0,0.004,0.018,0.0,0.0,0.996,object#46,,0,0,11,球L,1,1,"[{""name"": ""球L"", ""share"": 1.0, ""q"": 0.004, ""capture"": 0.018, ""miss_deg"": 2.84, ""labels"": [320]}]"
2026_08_16/001,e2,v7,stress,table10,71.61,73.88,2.27,3.287,球L,320,0.642,0.043,0.188,0.181,0.558,0.932,object#316,,0,0,11,球L,1,2,"[{""name"": ""球L"", ""share"": 0.642, ""q"": 0.043, ""capture"": 0.188, ""miss_deg"": 1.83, ""labels"": [320]}, {""name"": ""香蕉"", ""share"": 0.358, ""q"": 0.024, ""capture"": 0.034, ""miss_deg"": 2.6, ""labels"": [323]}]"
2026_08_16/001,e2,v7,stress,table10,74.13,80.95,6.82,3.305,,-1,0.0,0.0,,,,1.0,object#130,,0,0,,,,0,[]
2026_08_16/001,e2,v7,stress,table10,81.41,81.68,0.27,3.522,球M,321,1.0,0.006,0.029,0.0,0.0,0.994,object#135,,0,0,,,,1,"[{""name"": ""球M"", ""share"": 1.0, ""q"": 0.006, ""capture"": 0.029, ""miss_deg"": 2.66, ""labels"": [321]}]"
2026_08_16/001,e2,v7,stress,table10,81.85,86.29,4.44,3.285,,-1,0.0,0.0,,,,1.0,object#10,,0,0,,,,0,[]
2026_08_16/001,e2,v7,stress,table10,86.34,87.86,1.52,3.295,球L,320,0.848,0.015,0.066,0.061,0.179,0.982,object#10,,0,0,,,,2,"[{""name"": ""球L"", ""share"": 0.848, ""q"": 0.015, ""capture"": 0.066, ""miss_deg"": 2.33, ""labels"": [320]}, {""name"": ""香蕉"", ""share"": 0.152, ""q"": 0.003, ""capture"": 0.004, ""miss_deg"": 3.33, ""labels"": [323]}]"
2026_08_16/001,e2,v7,stress,table10,89.87,90.14,0.27,3.453,球M,321,1.0,0.005,0.022,0.0,0.0,0.995,object#46,,0,0,,,,1,"[{""name"": ""球M"", ""share"": 1.0, ""q"": 0.005, ""capture"": 0.022, ""miss_deg"": 2.76, ""labels"": [321]}]"
2026_08_16/001,e2,v7,stress,table10,90.47,90.74,0.27,4.61,球M,321,0.996,0.089,0.814,0.001,0.004,0.91,object#250,,1,1,,,,2,"[{""name"": ""球M"", ""share"": 0.996, ""q"": 0.089, ""capture"": 0.814, ""miss_deg"": 0.64, ""labels"": [321]}, {""name"": ""香蕉"", ""share"": 0.004, ""q"": 0.0, ""capture"": 0.001, ""miss_deg"": 3.76, ""labels"": [323]}]"
2026_08_16/001,e2,v7,stress,table10,91.28,91.61,0.32,3.661,球M,321,1.0,0.029,0.176,0.0,0.0,0.971,object#46,,0,0,,,,1,"[{""name"": ""球M"", ""share"": 1.0, ""q"": 0.029, ""capture"": 0.176, ""miss_deg"": 1.86, ""labels"": [321]}]"
2026_08_16/001,e2,v7,stress,table10,93.23,93.5,0.27,3.709,球M,321,1.0,0.035,0.212,0.0,0.0,0.965,object#179,,1,1,12,球M,1,1,"[{""name"": ""球M"", ""share"": 1.0, ""q"": 0.035, ""capture"": 0.212, ""miss_deg"": 1.76, ""labels"": [321]}]"
2026_08_16/001,e2,v7,stress,table10,93.93,94.91,0.97,3.438,球M,321,1.0,0.001,0.007,0.0,0.0,0.999,object#46,,0,0,12,球M,1,1,"[{""name"": ""球M"", ""share"": 1.0, ""q"": 0.001, ""capture"": 0.007, ""miss_deg"": 3.16, ""labels"": [321]}]"
2026_08_16/001,e2,v7,stress,table10,95.12,95.56,0.43,4.571,球M,321,1.0,0.056,0.513,0.0,0.0,0.944,object#46,,1,1,12,球M,1,1,"[{""name"": ""球M"", ""share"": 1.0, ""q"": 0.056, ""capture"": 0.513, ""miss_deg"": 1.16, ""labels"": [321]}]"
2026_08_16/001,e2,v7,stress,table10,96.63,96.9,0.27,4.012,,-1,0.0,0.0,,,,1.0,object#187,,0,0,,,,0,[]
2026_08_16/001,e2,v7,stress,table10,99.92,100.19,0.27,2.123,,-1,0.0,0.0,,,,1.0,floor,,0,0,,,,0,[]
2026_08_16/s1,s1,v7,,table10,2.85,3.39,0.54,1.11,,-1,0.0,0.0,,,,1.0,object#187,,0,0,,,,0,[]
2026_08_16/s1,s1,v7,,table10,3.45,3.83,0.38,1.152,,-1,0.0,0.0,,,,1.0,object#187,,0,0,,,,0,[]
2026_08_16/s1,s1,v7,,table10,6.42,6.69,0.27,2.254,,-1,0.0,0.0,,,,1.0,object#187,,0,0,,,,0,[]
2026_08_16/s1,s1,v7,,table10,9.53,9.8,0.27,2.217,,-1,0.0,0.0,,,,1.0,object#20,,0,0,,,,0,[]
2026_08_16/s1,s1,v7,,table10,10.44,10.71,0.27,2.258,,-1,0.0,0.0,,,,1.0,object#20,,0,0,,,,0,[]
2026_08_16/s1,s1,v7,,table10,10.77,11.26,0.49,2.178,,-1,0.0,0.0,,,,1.0,object#20,,0,0,,,,0,[]
2026_08_16/s1,s1,v7,,table10,11.55,12.74,1.19,2.526,,-1,0.0,0.0,,,,1.0,object#32,,0,0,,,,0,[]
2026_08_16/s1,s1,v7,,table10,13.86,14.24,0.38,1.613,球M,321,1.0,0.21,0.329,0.0,0.0,0.79,object#17,,1,1,,,,1,"[{""name"": ""球M"", ""share"": 1.0, ""q"": 0.21, ""capture"": 0.329, ""miss_deg"": 1.49, ""labels"": [321]}]"
2026_08_16/s1,s1,v7,,table10,14.51,15.0,0.49,1.756,,-1,0.0,0.0,,,,1.0,object#34,,0,0,,,,0,[]
2026_08_16/s1,s1,v7,,table10,16.01,19.69,3.68,1.615,球R,322,1.0,0.457,0.839,0.0,0.0,0.543,object#318,,1,1,1,球R,1,1,"[{""name"": ""球R"", ""share"": 1.0, ""q"": 0.457, ""capture"": 0.839, ""miss_deg"": 0.59, ""labels"": [322]}]"
2026_08_16/s1,s1,v7,,table10,19.96,20.23,0.27,1.603,球R,322,1.0,0.544,0.999,0.0,0.0,0.456,object#318,,1,1,1,球R,1,1,"[{""name"": ""球R"", ""share"": 1.0, ""q"": 0.544, ""capture"": 0.999, ""miss_deg"": 0.03, ""labels"": [322]}]"
2026_08_16/s1,s1,v7,,table10,20.53,22.37,1.84,1.606,球R,322,1.0,0.554,1.018,0.0,0.0,0.446,object#318,,1,1,1,球R,1,1,"[{""name"": ""球R"", ""share"": 1.0, ""q"": 0.554, ""capture"": 1.018, ""miss_deg"": 0.0, ""labels"": [322]}]"
2026_08_16/s1,s1,v7,,table10,22.76,29.26,6.5,1.53,球L,320,1.0,0.678,0.915,0.0,0.0,0.322,object#316,,1,1,2,球L,1,1,"[{""name"": ""球L"", ""share"": 1.0, ""q"": 0.678, ""capture"": 0.915, ""miss_deg"": 0.42, ""labels"": [320]}]"
2026_08_16/s1,s1,v7,,table10,29.8,31.31,1.52,1.488,球M,321,1.0,0.791,1.126,0.0,0.0,0.209,object#17,,1,1,,,,1,"[{""name"": ""球M"", ""share"": 1.0, ""q"": 0.791, ""capture"": 1.126, ""miss_deg"": 0.0, ""labels"": [321]}]"
2026_08_16/s1,s1,v7,,table10,31.58,32.4,0.81,1.485,球M,321,1.0,0.723,1.03,0.0,0.0,0.277,object#17,,1,1,3,球M,1,1,"[{""name"": ""球M"", ""share"": 1.0, ""q"": 0.723, ""capture"": 1.03, ""miss_deg"": 0.0, ""labels"": [321]}]"
2026_08_16/s1,s1,v7,,table10,32.75,36.27,3.52,1.485,球M,321,1.0,0.628,0.893,0.0,0.0,0.372,object#17,,1,1,3,球M,1,1,"[{""name"": ""球M"", ""share"": 1.0, ""q"": 0.628, ""capture"": 0.893, ""miss_deg"": 0.47, ""labels"": [321]}]"
2026_08_16/s1,s1,v7,,table10,36.45,36.94,0.49,1.526,球L,320,1.0,0.436,0.588,0.0,0.0,0.564,object#316,,1,1,,,,1,"[{""name"": ""球L"", ""share"": 1.0, ""q"": 0.436, ""capture"": 0.588, ""miss_deg"": 1.03, ""labels"": [320]}]"
2026_08_16/s1,s1,v7,,table10,37.0,38.3,1.3,1.514,球L,320,1.0,0.693,0.935,0.0,0.0,0.307,object#316,,1,1,,,,1,"[{""name"": ""球L"", ""share"": 1.0, ""q"": 0.693, ""capture"": 0.935, ""miss_deg"": 0.37, ""labels"": [320]}]"
2026_08_16/s1,s1,v7,,table10,38.62,39.32,0.7,1.525,球L,320,1.0,0.546,0.738,0.0,0.0,0.454,object#316,,1,1,4,球L,1,1,"[{""name"": ""球L"", ""share"": 1.0, ""q"": 0.546, ""capture"": 0.738, ""miss_deg"": 0.78, ""labels"": [320]}]"
2026_08_16/s1,s1,v7,,table10,39.38,39.76,0.38,1.56,香蕉,323,0.643,0.141,0.141,0.794,0.555,0.78,object#316,,0,0,4,球L,0,2,"[{""name"": ""香蕉"", ""share"": 0.643, ""q"": 0.141, ""capture"": 0.141, ""miss_deg"": 1.98, ""labels"": [323]}, {""name"": ""球L"", ""share"": 0.357, ""q"": 0.078, ""capture"": 0.112, ""miss_deg"": 2.09, ""labels"": [320]}]"
2026_08_16/s1,s1,v7,,table10,39.81,42.95,3.14,1.539,球L,320,0.999,0.648,0.891,0.0,0.001,0.352,object#316,,1,1,4,球L,1,2,"[{""name"": ""球L"", ""share"": 0.999, ""q"": 0.648, ""capture"": 0.891, ""miss_deg"": 0.48, ""labels"": [320]}, {""name"": ""香蕉"", ""share"": 0.001, ""q"": 0.0, ""capture"": 0.0, ""miss_deg"": 4.0, ""labels"": [323]}]"
2026_08_16/s1,s1,v7,,table10,43.84,49.85,6.01,1.498,球M,321,1.0,0.742,1.056,0.0,0.0,0.258,object#17,,1,1,5,球M,1,1,"[{""name"": ""球M"", ""share"": 1.0, ""q"": 0.742, ""capture"": 1.056, ""miss_deg"": 0.0, ""labels"": [321]}]"
2026_08_16/s1,s1,v7,,table10,50.63,54.15,3.52,1.499,球M,321,1.0,0.753,1.072,0.0,0.0,0.247,object#17,,1,1,6,球M,1,1,"[{""name"": ""球M"", ""share"": 1.0, ""q"": 0.753, ""capture"": 1.072, ""miss_deg"": 0.0, ""labels"": [321]}]"
2026_08_16/s1,s1,v7,,table10,54.2,54.69,0.49,1.566,球M,321,1.0,0.342,0.51,0.0,0.0,0.658,object#10,,1,1,6,球M,1,1,"[{""name"": ""球M"", ""share"": 1.0, ""q"": 0.342, ""capture"": 0.51, ""miss_deg"": 1.16, ""labels"": [321]}]"
2026_08_16/s1,s1,v7,,table10,54.75,55.4,0.65,1.485,球M,321,1.0,0.723,1.029,0.0,0.0,0.277,object#17,,1,1,6,球M,1,1,"[{""name"": ""球M"", ""share"": 1.0, ""q"": 0.723, ""capture"": 1.029, ""miss_deg"": 0.0, ""labels"": [321]}]"
2026_08_16/s1,s1,v7,,table10,55.67,56.69,1.03,1.48,球M,321,1.0,0.792,1.127,0.0,0.0,0.208,object#17,,1,1,6,球M,1,1,"[{""name"": ""球M"", ""share"": 1.0, ""q"": 0.792, ""capture"": 1.127, ""miss_deg"": 0.0, ""labels"": [321]}]"
2026_08_16/s1,s1,v7,,table10,56.99,60.95,3.95,1.587,球R,322,1.0,0.578,1.061,0.0,0.0,0.422,object#318,,1,1,7,球R,1,1,"[{""name"": ""球R"", ""share"": 1.0, ""q"": 0.578, ""capture"": 1.061, ""miss_deg"": 0.0, ""labels"": [322]}]"
2026_08_16/s1,s1,v7,,table10,61.0,63.44,2.44,1.586,球R,322,1.0,0.592,1.087,0.0,0.0,0.408,object#318,,1,1,7,球R,1,1,"[{""name"": ""球R"", ""share"": 1.0, ""q"": 0.592, ""capture"": 1.087, ""miss_deg"": 0.0, ""labels"": [322]}]"
2026_08_16/s1,s1,v7,,table10,63.94,64.86,0.92,1.57,球L,320,1.0,0.381,0.542,0.0,0.0,0.619,object#316,,1,1,,,,1,"[{""name"": ""球L"", ""share"": 1.0, ""q"": 0.381, ""capture"": 0.542, ""miss_deg"": 1.11, ""labels"": [320]}]"
2026_08_16/s1,s1,v7,,table10,65.19,68.98,3.79,1.558,球L,320,1.0,0.466,0.664,0.0,0.0,0.534,object#316,,1,1,8,球L,1,1,"[{""name"": ""球L"", ""share"": 1.0, ""q"": 0.466, ""capture"": 0.664, ""miss_deg"": 0.9, ""labels"": [320]}]"
2026_08_16/s1,s1,v7,,table10,69.2,70.61,1.41,1.553,球L,320,1.0,0.627,0.888,0.0,0.0,0.373,object#316,,1,1,8,球L,1,1,"[{""name"": ""球L"", ""share"": 1.0, ""q"": 0.627, ""capture"": 0.888, ""miss_deg"": 0.49, ""labels"": [320]}]"
2026_08_16/s1,s1,v7,,table10,71.26,77.49,6.23,1.577,球L,320,1.0,0.407,0.58,0.0,0.0,0.593,object#316,,1,1,9,球L,1,1,"[{""name"": ""球L"", ""share"": 1.0, ""q"": 0.407, ""capture"": 0.58, ""miss_deg"": 1.04, ""labels"": [320]}]"
2026_08_16/s1,s1,v7,,table10,77.87,79.76,1.9,1.518,球M,321,1.0,0.567,0.816,0.0,0.0,0.433,object#17,,1,1,,,,1,"[{""name"": ""球M"", ""share"": 1.0, ""q"": 0.567, ""capture"": 0.816, ""miss_deg"": 0.64, ""labels"": [321]}]"
2026_08_16/s1,s1,v7,,table10,79.82,80.41,0.6,1.549,球M,321,1.0,0.449,0.653,0.0,0.0,0.551,object#17,,1,1,10,球M,1,1,"[{""name"": ""球M"", ""share"": 1.0, ""q"": 0.449, ""capture"": 0.653, ""miss_deg"": 0.92, ""labels"": [321]}]"
2026_08_16/s1,s1,v7,,table10,80.47,80.9,0.43,1.506,球M,321,1.0,0.79,1.125,0.0,0.0,0.21,object#17,,1,1,10,球M,1,1,"[{""name"": ""球M"", ""share"": 1.0, ""q"": 0.79, ""capture"": 1.125, ""miss_deg"": 0.0, ""labels"": [321]}]"
2026_08_16/s1,s1,v7,,table10,81.19,81.79,0.6,1.519,球M,321,1.0,0.604,0.87,0.0,0.0,0.396,object#17,,1,1,10,球M,1,1,"[{""name"": ""球M"", ""share"": 1.0, ""q"": 0.604, ""capture"": 0.87, ""miss_deg"": 0.53, ""labels"": [321]}]"
2026_08_16/s1,s1,v7,,table10,81.84,82.11,0.27,1.573,球M,321,1.0,0.076,0.113,0.0,0.0,0.924,object#10,,0,0,10,球M,1,1,"[{""name"": ""球M"", ""share"": 1.0, ""q"": 0.076, ""capture"": 0.113, ""miss_deg"": 2.09, ""labels"": [321]}]"
2026_08_16/s1,s1,v7,,table10,82.22,82.98,0.76,1.576,球M,321,1.0,0.336,0.503,0.0,0.0,0.664,object#17,,1,1,10,球M,1,1,"[{""name"": ""球M"", ""share"": 1.0, ""q"": 0.336, ""capture"": 0.503, ""miss_deg"": 1.17, ""labels"": [321]}]"
2026_08_16/s1,s1,v7,,table10,83.56,84.75,1.19,1.578,球M,321,1.0,0.248,0.371,0.0,0.0,0.752,object#17,,1,1,10,球M,1,1,"[{""name"": ""球M"", ""share"": 1.0, ""q"": 0.248, ""capture"": 0.371, ""miss_deg"": 1.41, ""labels"": [321]}]"
2026_08_16/s1,s1,v7,,table10,85.1,87.38,2.28,1.615,球R,322,1.0,0.347,0.637,0.0,0.0,0.653,object#318,,1,1,,,,1,"[{""name"": ""球R"", ""share"": 1.0, ""q"": 0.347, ""capture"": 0.637, ""miss_deg"": 0.95, ""labels"": [322]}]"
2026_08_16/s1,s1,v7,,table10,87.65,91.55,3.9,1.596,球R,322,1.0,0.257,0.472,0.0,0.0,0.743,object#318,,1,1,11,球R,1,1,"[{""name"": ""球R"", ""share"": 1.0, ""q"": 0.257, ""capture"": 0.472, ""miss_deg"": 1.23, ""labels"": [322]}]"
2026_08_16/s1,s1,v7,,table10,92.03,97.66,5.63,1.51,球M,321,1.0,0.579,0.824,0.0,0.0,0.421,object#317,,1,1,12,球M,1,1,"[{""name"": ""球M"", ""share"": 1.0, ""q"": 0.579, ""capture"": 0.824, ""miss_deg"": 0.62, ""labels"": [321]}]"
2026_08_16/s1,s1,v7,,table10,97.82,98.96,1.14,1.49,球M,321,1.0,0.837,1.191,0.0,0.0,0.163,object#317,,1,1,12,球M,1,1,"[{""name"": ""球M"", ""share"": 1.0, ""q"": 0.837, ""capture"": 1.191, ""miss_deg"": 0.0, ""labels"": [321]}]"
2026_08_16/s1,s1,v7,,table10,99.26,105.98,6.72,1.609,球R,322,1.0,0.543,0.997,0.0,0.0,0.457,object#318,,1,1,13,球R,1,1,"[{""name"": ""球R"", ""share"": 1.0, ""q"": 0.543, ""capture"": 0.997, ""miss_deg"": 0.08, ""labels"": [322]}]"
2026_08_16/s1,s1,v7,,table10,106.49,111.37,4.87,1.617,球R,322,1.0,0.462,0.849,0.0,0.0,0.538,object#318,,1,1,14,球R,1,1,"[{""name"": ""球R"", ""share"": 1.0, ""q"": 0.462, ""capture"": 0.849, ""miss_deg"": 0.57, ""labels"": [322]}]"
2026_08_16/s1,s1,v7,,table10,111.42,111.69,0.27,1.665,球R,322,1.0,0.012,0.022,0.0,0.0,0.988,object#17,,0,0,14,球R,1,1,"[{""name"": ""球R"", ""share"": 1.0, ""q"": 0.012, ""capture"": 0.022, ""miss_deg"": 2.76, ""labels"": [322]}]"
2026_08_16/s1,s1,v7,,table10,111.75,113.21,1.46,1.615,球R,322,1.0,0.335,0.616,0.0,0.0,0.665,object#318,,1,1,14,球R,1,1,"[{""name"": ""球R"", ""share"": 1.0, ""q"": 0.335, ""capture"": 0.616, ""miss_deg"": 0.98, ""labels"": [322]}]"
2026_08_16/s1,s1,v7,,table10,113.26,113.53,0.27,1.585,香蕉,323,1.0,0.016,0.016,0.0,0.0,0.984,object#17,,0,0,,,,1,"[{""name"": ""香蕉"", ""share"": 1.0, ""q"": 0.016, ""capture"": 0.016, ""miss_deg"": 2.87, ""labels"": [323]}]"
2026_08_16/s1,s1,v7,,table10,113.59,120.3,6.72,1.587,球L,320,1.0,0.366,0.521,0.0,0.0,0.634,object#316,,1,1,15,球L,1,1,"[{""name"": ""球L"", ""share"": 1.0, ""q"": 0.366, ""capture"": 0.521, ""miss_deg"": 1.14, ""labels"": [320]}]"
2026_08_16/s1,s1,v7,,table10,121.21,121.48,0.27,2.891,,-1,0.0,0.0,,,,1.0,object#187,,0,0,,,,0,[]
2026_08_16/s1,s1,v7,,table10,121.65,122.19,0.54,2.226,,-1,0.0,0.0,,,,1.0,object#187,,0,0,,,,0,[]
2026_08_16/s1,s1,v7,,table10,124.38,124.7,0.32,1.534,,-1,0.0,0.0,,,,1.0,object#59,,0,0,,,,0,[]
2026_08_16/s2,s2,v7,,table10,3.36,3.63,0.27,2.088,,-1,0.0,0.0,,,,1.0,object#32,,0,0,,,,0,[]
2026_08_16/s2,s2,v7,,table10,7.12,7.39,0.27,2.554,球M,321,1.0,0.332,1.051,0.0,0.0,0.668,object#17,,1,1,,,,1,"[{""name"": ""球M"", ""share"": 1.0, ""q"": 0.332, ""capture"": 1.051, ""miss_deg"": 0.0, ""labels"": [321]}]"
2026_08_16/s2,s2,v7,,table10,7.87,8.2,0.32,3.134,,-1,0.0,0.0,,,,1.0,object#20,,0,0,,,,0,[]
2026_08_16/s2,s2,v7,,table10,8.74,9.12,0.38,3.22,,-1,0.0,0.0,,,,1.0,object#20,,0,0,,,,0,[]
2026_08_16/s2,s2,v7,,table10,9.55,9.82,0.27,3.271,,-1,0.0,0.0,,,,1.0,object#20,,0,0,,,,0,[]
2026_08_16/s2,s2,v7,,table10,9.88,10.53,0.65,3.2,,-1,0.0,0.0,,,,1.0,object#187,,0,0,,,,0,[]
2026_08_16/s2,s2,v7,,table10,12.96,14.15,1.19,3.417,,-1,0.0,0.0,,,,1.0,object#32,,0,0,,,,0,[]
2026_08_16/s2,s2,v7,,table10,14.48,15.02,0.54,2.431,球M,321,0.995,0.212,0.57,0.002,0.005,0.787,object#17,,1,1,,,,2,"[{""name"": ""球M"", ""share"": 0.995, ""q"": 0.212, ""capture"": 0.57, ""miss_deg"": 1.06, ""labels"": [321]}, {""name"": ""香蕉"", ""share"": 0.005, ""q"": 0.001, ""capture"": 0.001, ""miss_deg"": 3.7, ""labels"": [323]}]"
2026_08_16/s2,s2,v7,,table10,15.4,15.73,0.32,2.405,香蕉,323,0.929,0.293,0.309,0.168,0.076,0.685,object#17,,1,1,,,,2,"[{""name"": ""香蕉"", ""share"": 0.929, ""q"": 0.293, ""capture"": 0.309, ""miss_deg"": 1.53, ""labels"": [323]}, {""name"": ""苹果"", ""share"": 0.071, ""q"": 0.022, ""capture"": 0.052, ""miss_deg"": 2.43, ""labels"": [300]}]"
2026_08_16/s2,s2,v7,,table10,15.78,16.05,0.27,2.427,苹果,300,0.415,0.228,0.53,0.634,1.381,0.449,object#316,,0,0,,,,3,"[{""name"": ""苹果"", ""share"": 0.415, ""q"": 0.228, ""capture"": 0.53, ""miss_deg"": 1.13, ""labels"": [300]}, {""name"": ""香蕉"", ""share"": 0.573, ""q"": 0.315, ""capture"": 0.336, ""miss_deg"": 1.48, ""labels"": [323]}, {""name"": ""球L"", ""share"": 0.012, ""q"": 0.007, ""capture"": 0.018, ""miss_deg"": 2.84, ""labels"": [320]}]"
2026_08_16/s2,s2,v7,,table10,16.38,16.81,0.43,2.449,球L,320,0.531,0.107,0.279,0.366,0.883,0.797,object#316,,1,1,,,,2,"[{""name"": ""球L"", ""share"": 0.531, ""q"": 0.107, ""capture"": 0.279, ""miss_deg"": 1.6, ""labels"": [320]}, {""name"": ""香蕉"", ""share"": 0.469, ""q"": 0.095, ""capture"": 0.102, ""miss_deg"": 2.14, ""labels"": [323]}]"
2026_08_16/s2,s2,v7,,table10,17.54,20.24,2.7,2.349,球M,321,1.0,0.4,1.076,0.0,0.0,0.6,object#317,,1,1,,,,1,"[{""name"": ""球M"", ""share"": 1.0, ""q"": 0.4, ""capture"": 1.076, ""miss_deg"": 0.0, ""labels"": [321]}]"
2026_08_16/s2,s2,v7,,table10,20.3,23.92,3.63,2.351,球M,321,1.0,0.337,0.904,0.0,0.0,0.663,object#317,,1,1,1,球M,1,1,"[{""name"": ""球M"", ""share"": 1.0, ""q"": 0.337, ""capture"": 0.904, ""miss_deg"": 0.45, ""labels"": [321]}]"
2026_08_16/s2,s2,v7,,table10,24.23,28.02,3.79,2.483,球R,322,0.995,0.152,0.561,0.004,0.005,0.847,object#318,,1,1,2,球R,1,2,"[{""name"": ""球R"", ""share"": 0.995, ""q"": 0.152, ""capture"": 0.561, ""miss_deg"": 1.07, ""labels"": [322]}, {""name"": ""石榴"", ""share"": 0.005, ""q"": 0.001, ""capture"": 0.002, ""miss_deg"": 3.52, ""labels"": [78]}]"
2026_08_16/s2,s2,v7,,table10,28.07,30.51,2.44,2.483,球R,322,0.996,0.128,0.474,0.002,0.004,0.871,object#318,,1,1,2,球R,1,2,"[{""name"": ""球R"", ""share"": 0.996, ""q"": 0.128, ""capture"": 0.474, ""miss_deg"": 1.22, ""labels"": [322]}, {""name"": ""石榴"", ""share"": 0.004, ""q"": 0.001, ""capture"": 0.001, ""miss_deg"": 3.63, ""labels"": [78]}]"
2026_08_16/s2,s2,v7,,table10,30.84,31.54,0.7,2.367,球M,321,1.0,0.285,0.767,0.0,0.0,0.715,object#317,,1,1,,,,1,"[{""name"": ""球M"", ""share"": 1.0, ""q"": 0.285, ""capture"": 0.767, ""miss_deg"": 0.73, ""labels"": [321]}]"
2026_08_16/s2,s2,v7,,table10,31.87,32.24,0.38,2.361,球M,321,1.0,0.485,1.302,0.0,0.0,0.515,object#317,,1,1,,,,1,"[{""name"": ""球M"", ""share"": 1.0, ""q"": 0.485, ""capture"": 1.302, ""miss_deg"": 0.0, ""labels"": [321]}]"
2026_08_16/s2,s2,v7,,table10,32.62,33.44,0.81,2.379,球M,321,1.0,0.426,1.145,0.0,0.0,0.574,object#317,,1,1,3,球M,1,1,"[{""name"": ""球M"", ""share"": 1.0, ""q"": 0.426, ""capture"": 1.145, ""miss_deg"": 0.0, ""labels"": [321]}]"
2026_08_16/s2,s2,v7,,table10,33.7,34.08,0.38,2.461,球M,321,1.0,0.143,0.417,0.0,0.0,0.857,object#34,,1,1,3,球M,1,1,"[{""name"": ""球M"", ""share"": 1.0, ""q"": 0.143, ""capture"": 0.417, ""miss_deg"": 1.32, ""labels"": [321]}]"
2026_08_16/s2,s2,v7,,table10,34.41,35.11,0.7,2.452,球M,321,1.0,0.342,0.955,0.0,0.0,0.658,object#17,,1,1,3,球M,1,1,"[{""name"": ""球M"", ""share"": 1.0, ""q"": 0.342, ""capture"": 0.955, ""miss_deg"": 0.3, ""labels"": [321]}]"
2026_08_16/s2,s2,v7,,table10,35.22,35.65,0.43,2.465,球M,321,1.0,0.424,1.232,0.0,0.0,0.576,object#17,,1,1,3,球M,1,1,"[{""name"": ""球M"", ""share"": 1.0, ""q"": 0.424, ""capture"": 1.232, ""miss_deg"": 0.0, ""labels"": [321]}]"
2026_08_16/s2,s2,v7,,table10,35.71,37.66,1.95,2.359,球M,321,1.0,0.467,1.254,0.0,0.0,0.533,object#317,,1,1,3,球M,1,1,"[{""name"": ""球M"", ""share"": 1.0, ""q"": 0.467, ""capture"": 1.254, ""miss_deg"": 0.0, ""labels"": [321]}]"
2026_08_16/s2,s2,v7,,table10,37.96,42.29,4.33,2.488,球R,322,0.962,0.272,1.007,0.029,0.04,0.717,object#318,,1,1,4,球R,1,2,"[{""name"": ""球R"", ""share"": 0.962, ""q"": 0.272, ""capture"": 1.007, ""miss_deg"": 0.0, ""labels"": [322]}, {""name"": ""石榴"", ""share"": 0.038, ""q"": 0.011, ""capture"": 0.029, ""miss_deg"": 2.66, ""labels"": [78]}]"
2026_08_16/s2,s2,v7,,table10,42.45,43.86,1.41,2.495,球R,322,0.961,0.291,1.078,0.029,0.041,0.697,object#318,,1,1,4,球R,1,2,"[{""name"": ""球R"", ""share"": 0.961, ""q"": 0.291, ""capture"": 1.078, ""miss_deg"": 0.0, ""labels"": [322]}, {""name"": ""石榴"", ""share"": 0.039, ""q"": 0.012, ""capture"": 0.031, ""miss_deg"": 2.63, ""labels"": [78]}]"
2026_08_16/s2,s2,v7,,table10,43.92,44.4,0.49,2.45,球R,322,0.976,0.1,0.369,0.016,0.025,0.898,object#318,,1,1,4,球R,1,2,"[{""name"": ""球R"", ""share"": 0.976, ""q"": 0.1, ""capture"": 0.369, ""miss_deg"": 1.41, ""labels"": [322]}, {""name"": ""石榴"", ""share"": 0.024, ""q"": 0.002, ""capture"": 0.006, ""miss_deg"": 3.18, ""labels"": [78]}]"
2026_08_16/s2,s2,v7,,table10,44.92,49.25,4.33,2.426,球L,320,0.746,0.27,0.7,0.116,0.28,0.638,object#316,,1,1,5,球L,1,3,"[{""name"": ""球L"", ""share"": 0.746, ""q"": 0.27, ""capture"": 0.7, ""miss_deg"": 0.84, ""labels"": [320]}, {""name"": ""香蕉"", ""share"": 0.209, ""q"": 0.076, ""capture"": 0.081, ""miss_deg"": 2.24, ""labels"": [323]}, {""name"": ""苹果"", ""share"": 0.045, ""q"": 0.016, ""capture"": 0.038, ""miss_deg"": 2.56, ""labels"": [300]}]"
2026_08_16/s2,s2,v7,,table10,49.31,49.79,0.49,2.433,香蕉,323,0.927,0.196,0.208,0.192,0.079,0.789,object#316,,1,1,5,球L,0,2,"[{""name"": ""香蕉"", ""share"": 0.927, ""q"": 0.196, ""capture"": 0.208, ""miss_deg"": 1.77, ""labels"": [323]}, {""name"": ""球L"", ""share"": 0.073, ""q"": 0.016, ""capture"": 0.04, ""miss_deg"": 2.54, ""labels"": [320]}]"
2026_08_16/s2,s2,v7,,table10,49.85,51.31,1.46,2.428,球L,320,0.749,0.247,0.641,0.137,0.335,0.67,object#316,,1,1,5,球L,1,2,"[{""name"": ""球L"", ""share"": 0.749, ""q"": 0.247, ""capture"": 0.641, ""miss_deg"": 0.94, ""labels"": [320]}, {""name"": ""香蕉"", ""share"": 0.251, ""q"": 0.083, ""capture"": 0.088, ""miss_deg"": 2.2, ""labels"": [323]}]"
2026_08_16/s2,s2,v7,,table10,51.88,57.08,5.2,2.471,球R,322,0.955,0.253,0.937,0.034,0.047,0.735,object#318,,1,1,6,球R,1,2,"[{""name"": ""球R"", ""share"": 0.955, ""q"": 0.253, ""capture"": 0.937, ""miss_deg"": 0.36, ""labels"": [322]}, {""name"": ""石榴"", ""share"": 0.045, ""q"": 0.012, ""capture"": 0.032, ""miss_deg"": 2.62, ""labels"": [78]}]"
2026_08_16/s2,s2,v7,,table10,57.41,58.22,0.81,2.444,球R,322,0.929,0.201,0.742,0.055,0.076,0.784,object#318,,1,1,6,球R,1,2,"[{""name"": ""球R"", ""share"": 0.929, ""q"": 0.201, ""capture"": 0.742, ""miss_deg"": 0.77, ""labels"": [322]}, {""name"": ""石榴"", ""share"": 0.071, ""q"": 0.015, ""capture"": 0.041, ""miss_deg"": 2.52, ""labels"": [78]}]"
2026_08_16/s2,s2,v7,,table10,58.5,59.15,0.65,2.361,球M,321,1.0,0.485,1.303,0.0,0.0,0.515,object#317,,1,1,,,,1,"[{""name"": ""球M"", ""share"": 1.0, ""q"": 0.485, ""capture"": 1.303, ""miss_deg"": 0.0, ""labels"": [321]}]"
2026_08_16/s2,s2,v7,,table10,59.21,60.45,1.25,2.465,球M,321,1.0,0.376,1.093,0.0,0.0,0.624,object#17,,1,1,,,,1,"[{""name"": ""球M"", ""share"": 1.0, ""q"": 0.376, ""capture"": 1.093, ""miss_deg"": 0.0, ""labels"": [321]}]"
2026_08_16/s2,s2,v7,,table10,60.83,61.81,0.97,2.346,球M,321,1.0,0.51,1.372,0.0,0.0,0.49,object#317,,1,1,7,球M,1,1,"[{""name"": ""球M"", ""share"": 1.0, ""q"": 0.51, ""capture"": 1.372, ""miss_deg"": 0.0, ""labels"": [321]}]"
2026_08_16/s2,s2,v7,,table10,62.46,63.05,0.6,2.455,球M,321,1.0,0.342,0.956,0.0,0.0,0.658,object#17,,1,1,7,球M,1,1,"[{""name"": ""球M"", ""share"": 1.0, ""q"": 0.342, ""capture"": 0.956, ""miss_deg"": 0.3, ""labels"": [321]}]"
2026_08_16/s2,s2,v7,,table10,63.43,63.81,0.38,2.449,香蕉,323,0.715,0.344,0.37,0.903,0.393,0.519,object#316,,1,1,7,球M,0,3,"[{""name"": ""香蕉"", ""share"": 0.715, ""q"": 0.344, ""capture"": 0.37, ""miss_deg"": 1.41, ""labels"": [323]}, {""name"": ""苹果"", ""share"": 0.281, ""q"": 0.135, ""capture"": 0.334, ""miss_deg"": 1.48, ""labels"": [300]}, {""name"": ""球L"", ""share"": 0.004, ""q"": 0.002, ""capture"": 0.005, ""miss_deg"": 3.23, ""labels"": [320]}]"
2026_08_16/s2,s2,v7,,table10,63.86,65.16,1.3,2.479,球M,321,1.0,0.196,0.57,0.0,0.0,0.804,object#17,,1,1,7,球M,1,1,"[{""name"": ""球M"", ""share"": 1.0, ""q"": 0.196, ""capture"": 0.57, ""miss_deg"": 1.06, ""labels"": [321]}]"
2026_08_16/s2,s2,v7,,table10,65.22,66.25,1.03,2.455,球L,320,0.771,0.292,0.785,0.088,0.219,0.621,object#316,,1,1,,,,3,"[{""name"": ""球L"", ""share"": 0.771, ""q"": 0.292, ""capture"": 0.785, ""miss_deg"": 0.7, ""labels"": [320]}, {""name"": ""香蕉"", ""share"": 0.169, ""q"": 0.064, ""capture"": 0.069, ""miss_deg"": 2.31, ""labels"": [323]}, {""name"": ""苹果"", ""share"": 0.06, ""q"": 0.023, ""capture"": 0.056, ""miss_deg"": 2.4, ""labels"": [300]}]"
2026_08_16/s2,s2,v7,,table10,66.3,72.15,5.85,2.467,球L,320,0.807,0.288,0.774,0.071,0.176,0.643,object#316,,1,1,8,球L,1,3,"[{""name"": ""球L"", ""share"": 0.807, ""q"": 0.288, ""capture"": 0.774, ""miss_deg"": 0.71, ""labels"": [320]}, {""name"": ""香蕉"", ""share"": 0.142, ""q"": 0.051, ""capture"": 0.055, ""miss_deg"": 2.41, ""labels"": [323]}, {""name"": ""苹果"", ""share"": 0.051, ""q"": 0.018, ""capture"": 0.046, ""miss_deg"": 2.48, ""labels"": [300]}]"
2026_08_16/s2,s2,v7,,table10,72.76,76.11,3.36,2.547,球R,322,0.989,0.219,0.86,0.008,0.011,0.778,object#318,,1,1,,,,2,"[{""name"": ""球R"", ""share"": 0.989, ""q"": 0.219, ""capture"": 0.86, ""miss_deg"": 0.55, ""labels"": [322]}, {""name"": ""石榴"", ""share"": 0.011, ""q"": 0.003, ""capture"": 0.007, ""miss_deg"": 3.14, ""labels"": [78]}]"
2026_08_16/s2,s2,v7,,table10,76.49,79.09,2.6,2.551,球R,322,0.993,0.205,0.806,0.005,0.007,0.793,object#318,,1,1,9,球R,1,2,"[{""name"": ""球R"", ""share"": 0.993, ""q"": 0.205, ""capture"": 0.806, ""miss_deg"": 0.66, ""labels"": [322]}, {""name"": ""石榴"", ""share"": 0.007, ""q"": 0.001, ""capture"": 0.004, ""miss_deg"": 3.32, ""labels"": [78]}]"
2026_08_16/s2,s2,v7,,table10,79.15,79.47,0.32,2.484,球R,322,1.0,0.059,0.217,0.0,0.0,0.941,object#318,,1,1,,,,1,"[{""name"": ""球R"", ""share"": 1.0, ""q"": 0.059, ""capture"": 0.217, ""miss_deg"": 1.75, ""labels"": [322]}]"
2026_08_16/s2,s2,v7,,table10,79.53,80.01,0.49,2.522,球R,322,0.997,0.163,0.603,0.002,0.003,0.836,object#318,,1,1,,,,2,"[{""name"": ""球R"", ""share"": 0.997, ""q"": 0.163, ""capture"": 0.603, ""miss_deg"": 1.01, ""labels"": [322]}, {""name"": ""石榴"", ""share"": 0.003, ""q"": 0.001, ""capture"": 0.001, ""miss_deg"": 3.62, ""labels"": [78]}]"
2026_08_16/s2,s2,v7,,table10,80.07,83.21,3.14,2.517,球R,322,0.907,0.293,1.083,0.078,0.103,0.677,object#318,,1,1,10,球R,1,2,"[{""name"": ""球R"", ""share"": 0.907, ""q"": 0.293, ""capture"": 1.083, ""miss_deg"": 0.0, ""labels"": [322]}, {""name"": ""石榴"", ""share"": 0.093, ""q"": 0.03, ""capture"": 0.084, ""miss_deg"": 2.23, ""labels"": [78]}]"
2026_08_16/s2,s2,v7,,table10,83.42,84.07,0.65,2.52,球R,322,0.957,0.167,0.618,0.034,0.045,0.825,object#318,,1,1,10,球R,1,2,"[{""name"": ""球R"", ""share"": 0.957, ""q"": 0.167, ""capture"": 0.618, ""miss_deg"": 0.98, ""labels"": [322]}, {""name"": ""石榴"", ""share"": 0.043, ""q"": 0.008, ""capture"": 0.021, ""miss_deg"": 2.78, ""labels"": [78]}]"
2026_08_16/s2,s2,v7,,table10,84.66,86.02,1.35,2.529,球R,322,0.903,0.284,1.113,0.076,0.107,0.686,object#318,,1,1,10,球R,1,2,"[{""name"": ""球R"", ""share"": 0.903, ""q"": 0.284, ""capture"": 1.113, ""miss_deg"": 0.0, ""labels"": [322]}, {""name"": ""石榴"", ""share"": 0.097, ""q"": 0.03, ""capture"": 0.085, ""miss_deg"": 2.22, ""labels"": [78]}]"
2026_08_16/s2,s2,v7,,table10,86.52,87.77,1.25,2.396,球M,321,1.0,0.506,1.361,0.0,0.0,0.494,object#317,,1,1,,,,1,"[{""name"": ""球M"", ""share"": 1.0, ""q"": 0.506, ""capture"": 1.361, ""miss_deg"": 0.0, ""labels"": [321]}]"
2026_08_16/s2,s2,v7,,table10,88.69,89.12,0.43,2.494,球M,321,1.0,0.443,1.286,0.0,0.0,0.557,object#17,,1,1,11,球M,1,1,"[{""name"": ""球M"", ""share"": 1.0, ""q"": 0.443, ""capture"": 1.286, ""miss_deg"": 0.0, ""labels"": [321]}]"
2026_08_16/s2,s2,v7,,table10,89.17,90.1,0.92,2.386,球M,321,1.0,0.514,1.381,0.0,0.0,0.486,object#317,,1,1,11,球M,1,1,"[{""name"": ""球M"", ""share"": 1.0, ""q"": 0.514, ""capture"": 1.381, ""miss_deg"": 0.0, ""labels"": [321]}]"
2026_08_16/s2,s2,v7,,table10,90.15,90.64,0.49,2.507,球M,321,1.0,0.166,0.481,0.0,0.0,0.834,object#17,,1,1,11,球M,1,1,"[{""name"": ""球M"", ""share"": 1.0, ""q"": 0.166, ""capture"": 0.481, ""miss_deg"": 1.21, ""labels"": [321]}]"
2026_08_16/s2,s2,v7,,table10,91.18,91.5,0.32,2.393,球M,321,1.0,0.448,1.205,0.0,0.0,0.552,object#317,,1,1,11,球M,1,1,"[{""name"": ""球M"", ""share"": 1.0, ""q"": 0.448, ""capture"": 1.205, ""miss_deg"": 0.0, ""labels"": [321]}]"
2026_08_16/s2,s2,v7,,table10,91.94,93.29,1.35,2.391,球M,321,1.0,0.454,1.221,0.0,0.0,0.546,object#317,,1,1,11,球M,1,1,"[{""name"": ""球M"", ""share"": 1.0, ""q"": 0.454, ""capture"": 1.221, ""miss_deg"": 0.0, ""labels"": [321]}]"
2026_08_16/s2,s2,v7,,table10,93.7,98.26,4.56,2.467,球L,320,0.861,0.251,0.673,0.065,0.161,0.709,object#316,,1,1,12,球L,1,2,"[{""name"": ""球L"", ""share"": 0.861, ""q"": 0.251, ""capture"": 0.673, ""miss_deg"": 0.89, ""labels"": [320]}, {""name"": ""香蕉"", ""share"": 0.139, ""q"": 0.041, ""capture"": 0.044, ""miss_deg"": 2.5, ""labels"": [323]}]"
2026_08_16/s2,s2,v7,,table10,98.58,99.5,0.92,2.463,球L,320,0.673,0.244,0.657,0.17,0.426,0.636,object#316,,1,1,12,球L,1,3,"[{""name"": ""球L"", ""share"": 0.673, ""q"": 0.244, ""capture"": 0.657, ""miss_deg"": 0.92, ""labels"": [320]}, {""name"": ""香蕉"", ""share"": 0.287, ""q"": 0.104, ""capture"": 0.112, ""miss_deg"": 2.09, ""labels"": [323]}, {""name"": ""苹果"", ""share"": 0.041, ""q"": 0.015, ""capture"": 0.037, ""miss_deg"": 2.57, ""labels"": [300]}]"
2026_08_16/s2,s2,v7,,table10,99.77,100.26,0.49,2.475,球L,320,0.783,0.246,0.66,0.111,0.277,0.686,object#316,,1,1,12,球L,1,2,"[{""name"": ""球L"", ""share"": 0.783, ""q"": 0.246, ""capture"": 0.66, ""miss_deg"": 0.91, ""labels"": [320]}, {""name"": ""香蕉"", ""share"": 0.217, ""q"": 0.068, ""capture"": 0.073, ""miss_deg"": 2.29, ""labels"": [323]}]"
2026_08_16/s2,s2,v7,,table10,100.68,100.95,0.27,2.399,球M,321,1.0,0.422,1.134,0.0,0.0,0.578,object#317,,1,1,,,,1,"[{""name"": ""球M"", ""share"": 1.0, ""q"": 0.422, ""capture"": 1.134, ""miss_deg"": 0.0, ""labels"": [321]}]"
2026_08_16/s2,s2,v7,,table10,101.0,101.55,0.54,2.506,球M,321,1.0,0.418,1.214,0.0,0.0,0.582,object#17,,1,1,,,,1,"[{""name"": ""球M"", ""share"": 1.0, ""q"": 0.418, ""capture"": 1.214, ""miss_deg"": 0.0, ""labels"": [321]}]"
2026_08_16/s2,s2,v7,,table10,101.6,104.42,2.82,2.409,球M,321,1.0,0.492,1.323,0.0,0.0,0.508,object#317,,1,1,,,,1,"[{""name"": ""球M"", ""share"": 1.0, ""q"": 0.492, ""capture"": 1.323, ""miss_deg"": 0.0, ""labels"": [321]}]"
2026_08_16/s2,s2,v7,,table10,104.69,105.12,0.43,2.412,球M,321,1.0,0.361,0.972,0.0,0.0,0.639,object#317,,1,1,13,球M,1,1,"[{""name"": ""球M"", ""share"": 1.0, ""q"": 0.361, ""capture"": 0.972, ""miss_deg"": 0.24, ""labels"": [321]}]"
2026_08_16/s2,s2,v7,,table10,105.23,106.96,1.73,2.378,球M,321,1.0,0.525,1.41,0.0,0.0,0.475,object#317,,1,1,13,球M,1,1,"[{""name"": ""球M"", ""share"": 1.0, ""q"": 0.525, ""capture"": 1.41, ""miss_deg"": 0.0, ""labels"": [321]}]"
2026_08_16/s2,s2,v7,,table10,107.02,107.5,0.49,2.405,球M,321,1.0,0.119,0.319,0.0,0.0,0.881,object#10,,1,1,13,球M,1,1,"[{""name"": ""球M"", ""share"": 1.0, ""q"": 0.119, ""capture"": 0.319, ""miss_deg"": 1.51, ""labels"": [321]}]"
2026_08_16/s2,s2,v7,,table10,107.84,108.33,0.49,2.47,球L,320,0.877,0.278,0.746,0.056,0.14,0.683,object#316,,1,1,,,,2,"[{""name"": ""球L"", ""share"": 0.877, ""q"": 0.278, ""capture"": 0.746, ""miss_deg"": 0.77, ""labels"": [320]}, {""name"": ""香蕉"", ""share"": 0.123, ""q"": 0.039, ""capture"": 0.042, ""miss_deg"": 2.52, ""labels"": [323]}]"
2026_08_16/s2,s2,v7,,table10,108.38,109.25,0.87,2.442,球L,320,0.432,0.164,0.424,0.46,1.123,0.622,object#316,,0,0,,,,3,"[{""name"": ""球L"", ""share"": 0.432, ""q"": 0.164, ""capture"": 0.424, ""miss_deg"": 1.31, ""labels"": [320]}, {""name"": ""香蕉"", ""share"": 0.485, ""q"": 0.184, ""capture"": 0.195, ""miss_deg"": 1.81, ""labels"": [323]}, {""name"": ""苹果"", ""share"": 0.083, ""q"": 0.031, ""capture"": 0.077, ""miss_deg"": 2.26, ""labels"": [300]}]"
2026_08_16/s2,s2,v7,,table10,109.57,113.26,3.68,2.47,球L,320,0.656,0.242,0.65,0.182,0.451,0.631,object#316,,1,1,14,球L,1,3,"[{""name"": ""球L"", ""share"": 0.656, ""q"": 0.242, ""capture"": 0.65, ""miss_deg"": 0.93, ""labels"": [320]}, {""name"": ""香蕉"", ""share"": 0.296, ""q"": 0.109, ""capture"": 0.118, ""miss_deg"": 2.07, ""labels"": [323]}, {""name"": ""苹果"", ""share"": 0.048, ""q"": 0.018, ""capture"": 0.044, ""miss_deg"": 2.5, ""labels"": [300]}]"
2026_08_16/s2,s2,v7,,table10,113.31,113.74,0.43,2.463,香蕉,323,0.968,0.164,0.177,0.056,0.025,0.831,object#17,,0,0,14,球L,0,3,"[{""name"": ""香蕉"", ""share"": 0.968, ""q"": 0.164, ""capture"": 0.177, ""miss_deg"": 1.86, ""labels"": [323]}, {""name"": ""苹果"", ""share"": 0.024, ""q"": 0.004, ""capture"": 0.01, ""miss_deg"": 3.03, ""labels"": [300]}, {""name"": ""球M"", ""share"": 0.008, ""q"": 0.001, ""capture"": 0.004, ""miss_deg"": 3.34, ""labels"": [321]}]"
2026_08_16/s2,s2,v7,,table10,113.8,114.67,0.87,2.475,球L,320,0.823,0.272,0.732,0.083,0.205,0.669,object#316,,1,1,14,球L,1,3,"[{""name"": ""球L"", ""share"": 0.823, ""q"": 0.272, ""capture"": 0.732, ""miss_deg"": 0.79, ""labels"": [320]}, {""name"": ""香蕉"", ""share"": 0.169, ""q"": 0.056, ""capture"": 0.061, ""miss_deg"": 2.37, ""labels"": [323]}, {""name"": ""苹果"", ""share"": 0.007, ""q"": 0.002, ""capture"": 0.006, ""miss_deg"": 3.19, ""labels"": [300]}]"
2026_08_16/s2,s2,v7,,table10,115.19,117.2,2.0,2.476,球L,320,0.95,0.293,0.787,0.017,0.041,0.691,object#316,,1,1,,,,3,"[{""name"": ""球L"", ""share"": 0.95, ""q"": 0.293, ""capture"": 0.787, ""miss_deg"": 0.69, ""labels"": [320]}, {""name"": ""香蕉"", ""share"": 0.039, ""q"": 0.012, ""capture"": 0.013, ""miss_deg"": 2.95, ""labels"": [323]}, {""name"": ""苹果"", ""share"": 0.012, ""q"": 0.004, ""capture"": 0.009, ""miss_deg"": 3.06, ""labels"": [300]}]"
2026_08_16/s2,s2,v7,,table10,117.47,118.72,1.25,2.457,球L,320,0.753,0.294,0.791,0.096,0.239,0.609,object#316,,1,1,15,球L,1,3,"[{""name"": ""球L"", ""share"": 0.753, ""q"": 0.294, ""capture"": 0.791, ""miss_deg"": 0.68, ""labels"": [320]}, {""name"": ""香蕉"", ""share"": 0.18, ""q"": 0.07, ""capture"": 0.076, ""miss_deg"": 2.27, ""labels"": [323]}, {""name"": ""苹果"", ""share"": 0.067, ""q"": 0.026, ""capture"": 0.065, ""miss_deg"": 2.33, ""labels"": [300]}]"
2026_08_16/s2,s2,v7,,table10,118.99,120.29,1.3,2.483,球L,320,0.748,0.277,0.746,0.125,0.31,0.629,object#316,,1,1,15,球L,1,3,"[{""name"": ""球L"", ""share"": 0.748, ""q"": 0.277, ""capture"": 0.746, ""miss_deg"": 0.77, ""labels"": [320]}, {""name"": ""香蕉"", ""share"": 0.232, ""q"": 0.086, ""capture"": 0.093, ""miss_deg"": 2.18, ""labels"": [323]}, {""name"": ""苹果"", ""share"": 0.02, ""q"": 0.007, ""capture"": 0.018, ""miss_deg"": 2.83, ""labels"": [300]}]"
2026_08_16/s2,s2,v7,,table10,120.39,120.88,0.49,2.366,球M,321,0.791,0.041,0.111,0.099,0.264,0.948,object#10,,0,0,15,球L,0,2,"[{""name"": ""球M"", ""share"": 0.791, ""q"": 0.041, ""capture"": 0.111, ""miss_deg"": 2.1, ""labels"": [321]}, {""name"": ""香蕉"", ""share"": 0.209, ""q"": 0.011, ""capture"": 0.011, ""miss_deg"": 2.99, ""labels"": [323]}]"
2026_08_16/s2,s2,v7,,table10,122.54,122.92,0.38,2.943,,-1,0.0,0.0,,,,1.0,floor,,0,0,,,,0,[]
2026_08_16/s2,s2,v7,,table10,123.48,123.75,0.27,2.473,,-1,0.0,0.0,,,,1.0,object#32,,0,0,,,,0,[]
2026_08_16/s2,s2,v7,,table10,124.34,124.62,0.27,1.785,,-1,0.0,0.0,,,,1.0,object#111,,0,0,,,,0,[]
2026_08_16/s2,s2,v7,,table10,125.22,125.49,0.27,1.516,,-1,0.0,0.0,,,,1.0,object#23,,0,0,,,,0,[]
2026_08_16/s3,s3,v7,,table10,1.77,2.04,0.27,0.687,,-1,0.0,0.0,,,,1.0,object#20,,0,0,,,,0,[]
2026_08_16/s3,s3,v7,,table10,2.37,2.75,0.38,0.837,,-1,0.0,0.0,,,,1.0,object#20,,0,0,,,,0,[]
2026_08_16/s3,s3,v7,,table10,2.97,3.62,0.65,1.127,,-1,0.0,0.0,,,,1.0,object#20,,0,0,,,,0,[]
2026_08_16/s3,s3,v7,,table10,4.36,4.74,0.38,1.794,,-1,0.0,0.0,,,,1.0,object#32,,0,0,,,,0,[]
2026_08_16/s3,s3,v7,,table10,11.27,12.57,1.3,4.017,,-1,0.0,0.0,,,,1.0,object#187,,0,0,,,,0,[]
2026_08_16/s3,s3,v7,,table10,12.63,14.74,2.11,4.068,,-1,0.0,0.0,,,,1.0,object#187,,0,0,,,,0,[]
2026_08_16/s3,s3,v7,,table10,15.9,16.23,0.32,4.333,球M,321,1.0,0.083,0.697,0.0,0.0,0.917,object#250,,1,1,,,,1,"[{""name"": ""球M"", ""share"": 1.0, ""q"": 0.083, ""capture"": 0.697, ""miss_deg"": 0.85, ""labels"": [321]}]"
2026_08_16/s3,s3,v7,,table10,17.31,18.39,1.08,3.243,球M,321,0.999,0.31,1.392,0.0,0.001,0.69,object#317,,1,1,,,,2,"[{""name"": ""球M"", ""share"": 0.999, ""q"": 0.31, ""capture"": 1.392, ""miss_deg"": 0.0, ""labels"": [321]}, {""name"": ""香蕉"", ""share"": 0.001, ""q"": 0.0, ""capture"": 0.0, ""miss_deg"": 3.95, ""labels"": [323]}]"
2026_08_16/s3,s3,v7,,table10,20.07,20.67,0.6,3.372,球M,321,1.0,0.002,0.009,0.0,0.0,0.998,object#179,,0,0,1,球M,1,1,"[{""name"": ""球M"", ""share"": 1.0, ""q"": 0.002, ""capture"": 0.009, ""miss_deg"": 3.06, ""labels"": [321]}]"
2026_08_16/s3,s3,v7,,table10,20.72,21.54,0.81,3.404,球M,321,1.0,0.002,0.008,0.0,0.0,0.998,object#179,,0,0,1,球M,1,1,"[{""name"": ""球M"", ""share"": 1.0, ""q"": 0.002, ""capture"": 0.008, ""miss_deg"": 3.12, ""labels"": [321]}]"
2026_08_16/s3,s3,v7,,table10,21.59,22.4,0.81,3.504,球M,321,1.0,0.024,0.125,0.0,0.0,0.976,object#179,,0,0,1,球M,1,1,"[{""name"": ""球M"", ""share"": 1.0, ""q"": 0.024, ""capture"": 0.125, ""miss_deg"": 2.04, ""labels"": [321]}]"
2026_08_16/s3,s3,v7,,table10,23.43,23.76,0.32,3.509,球M,321,1.0,0.028,0.15,0.0,0.0,0.972,object#179,,0,0,1,球M,1,1,"[{""name"": ""球M"", ""share"": 1.0, ""q"": 0.028, ""capture"": 0.15, ""miss_deg"": 1.95, ""labels"": [321]}]"
2026_08_16/s3,s3,v7,,table10,24.26,27.79,3.52,3.351,球L,320,0.909,0.033,0.147,0.034,0.1,0.964,object#10,,0,0,2,球L,1,2,"[{""name"": ""球L"", ""share"": 0.909, ""q"": 0.033, ""capture"": 0.147, ""miss_deg"": 1.96, ""labels"": [320]}, {""name"": ""香蕉"", ""share"": 0.091, ""q"": 0.003, ""capture"": 0.005, ""miss_deg"": 3.28, ""labels"": [323]}]"
2026_08_16/s3,s3,v7,,table10,28.06,30.23,2.17,3.341,球L,320,1.0,0.011,0.051,0.0,0.0,0.989,object#10,,0,0,2,球L,1,1,"[{""name"": ""球L"", ""share"": 1.0, ""q"": 0.011, ""capture"": 0.051, ""miss_deg"": 2.44, ""labels"": [320]}]"
2026_08_16/s3,s3,v7,,table10,31.27,31.54,0.27,3.348,球L,320,0.821,0.026,0.119,0.067,0.218,0.968,object#316,,0,0,,,,2,"[{""name"": ""球L"", ""share"": 0.821, ""q"": 0.026, ""capture"": 0.119, ""miss_deg"": 2.06, ""labels"": [320]}, {""name"": ""香蕉"", ""share"": 0.179, ""q"": 0.006, ""capture"": 0.008, ""miss_deg"": 3.1, ""labels"": [323]}]"
2026_08_16/s3,s3,v7,,table10,31.6,33.11,1.52,3.352,球L,320,0.981,0.039,0.177,0.006,0.019,0.96,object#10,,0,0,,,,2,"[{""name"": ""球L"", ""share"": 0.981, ""q"": 0.039, ""capture"": 0.177, ""miss_deg"": 1.86, ""labels"": [320]}, {""name"": ""香蕉"", ""share"": 0.019, ""q"": 0.001, ""capture"": 0.001, ""miss_deg"": 3.69, ""labels"": [323]}]"
2026_08_16/s3,s3,v7,,table10,33.17,37.18,4.01,3.345,球L,320,1.0,0.042,0.19,0.0,0.0,0.958,object#10,,0,0,3,球L,1,1,"[{""name"": ""球L"", ""share"": 1.0, ""q"": 0.042, ""capture"": 0.19, ""miss_deg"": 1.82, ""labels"": [320]}]"
2026_08_16/s3,s3,v7,,table10,37.23,37.77,0.54,3.345,球L,320,1.0,0.001,0.005,0.0,0.0,0.999,object#10,,0,0,3,球L,1,1,"[{""name"": ""球L"", ""share"": 1.0, ""q"": 0.001, ""capture"": 0.005, ""miss_deg"": 3.27, ""labels"": [320]}]"
2026_08_16/s3,s3,v7,,table10,38.15,38.58,0.43,3.638,球M,321,1.0,0.015,0.091,0.0,0.0,0.985,object#46,,0,0,,,,1,"[{""name"": ""球M"", ""share"": 1.0, ""q"": 0.015, ""capture"": 0.091, ""miss_deg"": 2.19, ""labels"": [321]}]"
2026_08_16/s3,s3,v7,,table10,40.31,40.64,0.32,3.369,球M,321,0.99,0.191,0.924,0.003,0.01,0.808,object#317,,1,1,4,球M,1,2,"[{""name"": ""球M"", ""share"": 0.99, ""q"": 0.191, ""capture"": 0.924, ""miss_deg"": 0.4, ""labels"": [321]}, {""name"": ""香蕉"", ""share"": 0.01, ""q"": 0.002, ""capture"": 0.003, ""miss_deg"": 3.43, ""labels"": [323]}]"
2026_08_16/s3,s3,v7,,table10,42.48,43.56,1.08,3.376,球M,321,1.0,0.242,1.174,0.0,0.0,0.758,object#317,,1,1,4,球M,1,1,"[{""name"": ""球M"", ""share"": 1.0, ""q"": 0.242, ""capture"": 1.174, ""miss_deg"": 0.0, ""labels"": [321]}]"
2026_08_16/s3,s3,v7,,table10,43.72,43.99,0.27,4.436,球M,321,1.0,0.122,1.111,0.0,0.0,0.878,object#250,,1,1,4,球M,1,1,"[{""name"": ""球M"", ""share"": 1.0, ""q"": 0.122, ""capture"": 1.111, ""miss_deg"": 0.0, ""labels"": [321]}]"
2026_08_16/s3,s3,v7,,table10,44.1,44.59,0.49,4.489,球M,321,1.0,0.127,1.16,0.0,0.0,0.873,object#250,,1,1,4,球M,1,1,"[{""name"": ""球M"", ""share"": 1.0, ""q"": 0.127, ""capture"": 1.16, ""miss_deg"": 0.0, ""labels"": [321]}]"
2026_08_16/s3,s3,v7,,table10,45.15,51.49,6.34,3.399,球R,322,1.0,0.034,0.21,0.0,0.0,0.966,object#318,,1,1,5,球R,1,1,"[{""name"": ""球R"", ""share"": 1.0, ""q"": 0.034, ""capture"": 0.21, ""miss_deg"": 1.77, ""labels"": [322]}]"
2026_08_16/s3,s3,v7,,table10,52.01,58.46,6.45,3.387,球R,322,1.0,0.041,0.253,0.0,0.0,0.959,object#318,,1,1,6,球R,1,1,"[{""name"": ""球R"", ""share"": 1.0, ""q"": 0.041, ""capture"": 0.253, ""miss_deg"": 1.66, ""labels"": [322]}]"
2026_08_16/s3,s3,v7,,table10,59.13,62.0,2.87,3.336,球L,320,0.87,0.075,0.337,0.047,0.149,0.914,object#316,,1,1,,,,2,"[{""name"": ""球L"", ""share"": 0.87, ""q"": 0.075, ""capture"": 0.337, ""miss_deg"": 1.47, ""labels"": [320]}, {""name"": ""香蕉"", ""share"": 0.13, ""q"": 0.011, ""capture"": 0.016, ""miss_deg"": 2.88, ""labels"": [323]}]"
2026_08_16/s3,s3,v7,,table10,62.28,63.63,1.35,3.35,球L,320,0.866,0.043,0.195,0.051,0.155,0.95,object#316,,0,0,7,球L,1,2,"[{""name"": ""球L"", ""share"": 0.866, ""q"": 0.043, ""capture"": 0.195, ""miss_deg"": 1.81, ""labels"": [320]}, {""name"": ""香蕉"", ""share"": 0.134, ""q"": 0.007, ""capture"": 0.01, ""miss_deg"": 3.05, ""labels"": [323]}]"
2026_08_16/s3,s3,v7,,table10,63.68,64.01,0.32,3.343,香蕉,323,0.756,0.068,0.096,0.865,0.253,0.91,object#10,,0,0,7,球L,0,3,"[{""name"": ""香蕉"", ""share"": 0.756, ""q"": 0.068, ""capture"": 0.096, ""miss_deg"": 2.16, ""labels"": [323]}, {""name"": ""球M"", ""share"": 0.191, ""q"": 0.017, ""capture"": 0.083, ""miss_deg"": 2.23, ""labels"": [321]}, {""name"": ""球L"", ""share"": 0.044, ""q"": 0.004, ""capture"": 0.018, ""miss_deg"": 2.84, ""labels"": [320]}]"
2026_08_16/s3,s3,v7,,table10,64.06,64.6,0.54,3.343,球L,320,0.825,0.112,0.503,0.056,0.178,0.864,object#316,,1,1,7,球L,1,3,"[{""name"": ""球L"", ""share"": 0.825, ""q"": 0.112, ""capture"": 0.503, ""miss_deg"": 1.17, ""labels"": [320]}, {""name"": ""香蕉"", ""share"": 0.147, ""q"": 0.02, ""capture"": 0.028, ""miss_deg"": 2.67, ""labels"": [323]}, {""name"": ""苹果"", ""share"": 0.028, ""q"": 0.004, ""capture"": 0.015, ""miss_deg"": 2.89, ""labels"": [300]}]"
2026_08_16/s3,s3,v7,,table10,64.82,65.47,0.65,3.337,球L,320,0.85,0.117,0.523,0.052,0.056,0.863,object#316,,1,1,7,球L,1,3,"[{""name"": ""球L"", ""share"": 0.85, ""q"": 0.117, ""capture"": 0.523, ""miss_deg"": 1.14, ""labels"": [320]}, {""name"": ""苹果"", ""share"": 0.048, ""q"": 0.007, ""capture"": 0.027, ""miss_deg"": 2.69, ""labels"": [300]}, {""name"": ""香蕉"", ""share"": 0.102, ""q"": 0.014, ""capture"": 0.02, ""miss_deg"": 2.8, ""labels"": [323]}]"
2026_08_16/s3,s3,v7,,table10,65.68,66.06,0.38,3.36,球L,320,0.916,0.058,0.26,0.031,0.092,0.937,object#316,,1,1,,,,2,"[{""name"": ""球L"", ""share"": 0.916, ""q"": 0.058, ""capture"": 0.26, ""miss_deg"": 1.64, ""labels"": [320]}, {""name"": ""香蕉"", ""share"": 0.084, ""q"": 0.005, ""capture"": 0.008, ""miss_deg"": 3.12, ""labels"": [323]}]"
2026_08_16/s3,s3,v7,,table10,66.29,72.25,5.96,3.345,球L,320,1.0,0.047,0.212,0.0,0.0,0.953,object#10,,1,1,8,球L,1,1,"[{""name"": ""球L"", ""share"": 1.0, ""q"": 0.047, ""capture"": 0.212, ""miss_deg"": 1.76, ""labels"": [320]}]"
2026_08_16/s3,s3,v7,,table10,72.59,76.22,3.63,3.395,球M,321,0.99,0.313,1.519,0.003,0.01,0.684,object#317,,1,1,9,球M,1,2,"[{""name"": ""球M"", ""share"": 0.99, ""q"": 0.313, ""capture"": 1.519, ""miss_deg"": 0.0, ""labels"": [321]}, {""name"": ""香蕉"", ""share"": 0.01, ""q"": 0.003, ""capture"": 0.004, ""miss_deg"": 3.29, ""labels"": [323]}]"
2026_08_16/s3,s3,v7,,table10,76.27,78.55,2.27,3.402,球M,321,1.0,0.296,1.437,0.0,0.0,0.704,object#317,,1,1,9,球M,1,1,"[{""name"": ""球M"", ""share"": 1.0, ""q"": 0.296, ""capture"": 1.437, ""miss_deg"": 0.0, ""labels"": [321]}]"
2026_08_16/s3,s3,v7,,table10,78.77,79.25,0.49,3.404,球M,321,1.0,0.265,1.286,0.0,0.0,0.735,object#317,,1,1,9,球M,1,2,"[{""name"": ""球M"", ""share"": 1.0, ""q"": 0.265, ""capture"": 1.286, ""miss_deg"": 0.0, ""labels"": [321]}, {""name"": ""香蕉"", ""share"": 0.0, ""q"": 0.0, ""capture"": 0.0, ""miss_deg"": 4.32, ""labels"": [323]}]"
2026_08_16/s3,s3,v7,,table10,79.6,82.91,3.3,3.375,球R,322,0.898,0.088,0.538,0.084,0.114,0.902,object#318,,1,1,,,,2,"[{""name"": ""球R"", ""share"": 0.898, ""q"": 0.088, ""capture"": 0.538, ""miss_deg"": 1.11, ""labels"": [322]}, {""name"": ""石榴"", ""share"": 0.102, ""q"": 0.01, ""capture"": 0.045, ""miss_deg"": 2.49, ""labels"": [78]}]"
2026_08_16/s3,s3,v7,,table10,82.96,83.94,0.97,3.404,球M,321,1.0,0.051,0.247,0.0,0.0,0.949,object#10,,1,1,10,球R,0,1,"[{""name"": ""球M"", ""share"": 1.0, ""q"": 0.051, ""capture"": 0.247, ""miss_deg"": 1.67, ""labels"": [321]}]"
2026_08_16/s3,s3,v7,,table10,83.99,84.91,0.92,3.398,球R,322,0.772,0.121,0.741,0.217,0.295,0.843,object#318,,1,1,10,球R,1,2,"[{""name"": ""球R"", ""share"": 0.772, ""q"": 0.121, ""capture"": 0.741, ""miss_deg"": 0.77, ""labels"": [322]}, {""name"": ""石榴"", ""share"": 0.228, ""q"": 0.036, ""capture"": 0.161, ""miss_deg"": 1.91, ""labels"": [78]}]"
2026_08_16/s3,s3,v7,,table10,85.52,86.0,0.49,3.326,香蕉,323,0.677,0.153,0.218,0.95,0.301,0.774,object#316,,1,1,10,球R,0,3,"[{""name"": ""香蕉"", ""share"": 0.677, ""q"": 0.153, ""capture"": 0.218, ""miss_deg"": 1.75, ""labels"": [323]}, {""name"": ""球L"", ""share"": 0.204, ""q"": 0.046, ""capture"": 0.207, ""miss_deg"": 1.78, ""labels"": [320]}, {""name"": ""苹果"", ""share"": 0.119, ""q"": 0.027, ""capture"": 0.108, ""miss_deg"": 2.11, ""labels"": [300]}]"
2026_08_16/s3,s3,v7,,table10,86.06,86.65,0.6,3.398,球M,321,0.923,0.232,1.123,0.025,0.083,0.749,object#17,,1,1,,,,2,"[{""name"": ""球M"", ""share"": 0.923, ""q"": 0.232, ""capture"": 1.123, ""miss_deg"": 0.0, ""labels"": [321]}, {""name"": ""香蕉"", ""share"": 0.077, ""q"": 0.019, ""capture"": 0.028, ""miss_deg"": 2.67, ""labels"": [323]}]"
2026_08_16/s3,s3,v7,,table10,86.71,88.06,1.35,3.356,球L,320,0.767,0.123,0.554,0.074,0.231,0.839,object#316,,1,1,,,,3,"[{""name"": ""球L"", ""share"": 0.767, ""q"": 0.123, ""capture"": 0.554, ""miss_deg"": 1.09, ""labels"": [320]}, {""name"": ""香蕉"", ""share"": 0.177, ""q"": 0.029, ""capture"": 0.041, ""miss_deg"": 2.53, ""labels"": [323]}, {""name"": ""苹果"", ""share"": 0.056, ""q"": 0.009, ""capture"": 0.036, ""miss_deg"": 2.58, ""labels"": [300]}]"
2026_08_16/s3,s3,v7,,table10,88.12,91.85,3.74,3.359,球L,320,0.809,0.087,0.39,0.074,0.236,0.893,object#316,,1,1,11,球L,1,2,"[{""name"": ""球L"", ""share"": 0.809, ""q"": 0.087, ""capture"": 0.39, ""miss_deg"": 1.37, ""labels"": [320]}, {""name"": ""香蕉"", ""share"": 0.191, ""q"": 0.02, ""capture"": 0.029, ""miss_deg"": 2.66, ""labels"": [323]}]"
2026_08_16/s3,s3,v7,,table10,92.12,93.42,1.3,3.341,球L,320,0.808,0.05,0.225,0.076,0.238,0.938,object#316,,1,1,11,球L,1,2,"[{""name"": ""球L"", ""share"": 0.808, ""q"": 0.05, ""capture"": 0.225, ""miss_deg"": 1.73, ""labels"": [320]}, {""name"": ""香蕉"", ""share"": 0.192, ""q"": 0.012, ""capture"": 0.017, ""miss_deg"": 2.86, ""labels"": [323]}]"
2026_08_16/s3,s3,v7,,table10,94.37,96.1,1.73,3.392,球M,321,0.994,0.273,1.323,0.002,0.006,0.725,object#317,,1,1,,,,2,"[{""name"": ""球M"", ""share"": 0.994, ""q"": 0.273, ""capture"": 1.323, ""miss_deg"": 0.0, ""labels"": [321]}, {""name"": ""香蕉"", ""share"": 0.006, ""q"": 0.002, ""capture"": 0.003, ""miss_deg"": 3.45, ""labels"": [323]}]"
2026_08_16/s3,s3,v7,,table10,96.37,97.24,0.87,4.456,球M,321,1.0,0.113,1.031,0.0,0.0,0.887,object#250,,1,1,12,球M,1,1,"[{""name"": ""球M"", ""share"": 1.0, ""q"": 0.113, ""capture"": 1.031, ""miss_deg"": 0.0, ""labels"": [321]}]"
2026_08_16/s3,s3,v7,,table10,97.72,98.81,1.08,3.535,球M,321,1.0,0.047,0.246,0.0,0.0,0.953,object#179,,1,1,12,球M,1,1,"[{""name"": ""球M"", ""share"": 1.0, ""q"": 0.047, ""capture"": 0.246, ""miss_deg"": 1.68, ""labels"": [321]}]"
2026_08_16/s3,s3,v7,,table10,100.9,106.7,5.8,3.386,球R,322,1.0,0.022,0.135,0.0,0.0,0.978,object#318,,0,0,13,球R,1,1,"[{""name"": ""球R"", ""share"": 1.0, ""q"": 0.022, ""capture"": 0.135, ""miss_deg"": 2.0, ""labels"": [322]}]"
2026_08_16/s3,s3,v7,,table10,106.75,107.29,0.54,3.375,球R,322,1.0,0.003,0.016,0.0,0.0,0.997,object#305,,0,0,13,球R,1,1,"[{""name"": ""球R"", ""share"": 1.0, ""q"": 0.003, ""capture"": 0.016, ""miss_deg"": 2.88, ""labels"": [322]}]"
2026_08_16/s3,s3,v7,,table10,108.35,108.9,0.54,3.379,球M,321,0.974,0.14,0.681,0.007,0.027,0.856,object#10,,1,1,,,,2,"[{""name"": ""球M"", ""share"": 0.974, ""q"": 0.14, ""capture"": 0.681, ""miss_deg"": 0.88, ""labels"": [321]}, {""name"": ""香蕉"", ""share"": 0.026, ""q"": 0.004, ""capture"": 0.005, ""miss_deg"": 3.23, ""labels"": [323]}]"
2026_08_16/s3,s3,v7,,table10,109.92,110.63,0.7,3.5,球M,321,1.0,0.058,0.306,0.0,0.0,0.942,object#179,,1,1,14,球M,1,1,"[{""name"": ""球M"", ""share"": 1.0, ""q"": 0.058, ""capture"": 0.306, ""miss_deg"": 1.54, ""labels"": [321]}]"
2026_08_16/s3,s3,v7,,table10,113.44,113.77,0.32,3.349,球L,320,0.657,0.036,0.162,0.167,0.522,0.945,object#316,,0,0,14,球M,0,2,"[{""name"": ""球L"", ""share"": 0.657, ""q"": 0.036, ""capture"": 0.162, ""miss_deg"": 1.91, ""labels"": [320]}, {""name"": ""香蕉"", ""share"": 0.343, ""q"": 0.019, ""capture"": 0.027, ""miss_deg"": 2.69, ""labels"": [323]}]"
2026_08_16/s3,s3,v7,,table10,114.04,115.07,1.03,3.388,球M,321,1.0,0.272,1.321,0.0,0.0,0.728,object#317,,1,1,14,球M,1,1,"[{""name"": ""球M"", ""share"": 1.0, ""q"": 0.272, ""capture"": 1.321, ""miss_deg"": 0.0, ""labels"": [321]}]"
2026_08_16/s3,s3,v7,,table10,115.32,122.42,7.1,3.378,球R,322,0.938,0.085,0.517,0.048,0.066,0.91,object#318,,1,1,15,球R,1,2,"[{""name"": ""球R"", ""share"": 0.938, ""q"": 0.085, ""capture"": 0.517, ""miss_deg"": 1.15, ""labels"": [322]}, {""name"": ""石榴"", ""share"": 0.062, ""q"": 0.006, ""capture"": 0.025, ""miss_deg"": 2.72, ""labels"": [78]}]"
2026_08_16/s3,s3,v7,,table10,123.2,123.52,0.32,4.0,,-1,0.0,0.0,,,,1.0,object#187,,0,0,,,,0,[]
2026_08_16/s3,s3,v7,,table10,123.58,123.85,0.27,3.808,,-1,0.0,0.0,,,,1.0,object#187,,0,0,,,,0,[]
2026_08_16/s3,s3,v7,,table10,125.95,126.27,0.32,2.201,,-1,0.0,0.0,,,,1.0,object#59,,0,0,,,,0,[]
2026_08_16/s3,s3,v7,,table10,126.38,126.76,0.38,2.119,,-1,0.0,0.0,,,,1.0,object#25,,0,0,,,,0,[]
2026_08_16/s4,s4,v8,,table10,13.61,14.42,0.81,4.797,,-1,0.0,0.0,,,,1.0,object#11,,0,0,,,,0,[]
2026_08_16/s4,s4,v8,,table10,15.45,16.1,0.65,3.851,,-1,0.0,0.0,,,,1.0,object#17,,0,0,,,,0,[]
2026_08_16/s4,s4,v8,,table10,18.11,19.63,1.52,3.81,球L,191,1.0,0.011,0.054,0.0,0.0,0.989,object#36,,0,0,1,球L,1,1,"[{""name"": ""球L"", ""share"": 1.0, ""q"": 0.011, ""capture"": 0.054, ""miss_deg"": 2.41, ""labels"": [191]}]"
2026_08_16/s4,s4,v8,,table10,19.91,22.57,2.65,3.805,球L,191,1.0,0.015,0.071,0.0,0.0,0.985,object#36,,0,0,1,球L,1,1,"[{""name"": ""球L"", ""share"": 1.0, ""q"": 0.015, ""capture"": 0.071, ""miss_deg"": 2.3, ""labels"": [191]}]"
2026_08_16/s4,s4,v8,,table10,22.62,24.68,2.06,3.852,,-1,0.0,0.0,,,,1.0,object#90,,0,0,2,球L,,0,[]
2026_08_16/s4,s4,v8,,table10,24.84,28.91,4.06,3.802,球L,191,1.0,0.013,0.062,0.0,0.0,0.987,object#36,,0,0,2,球L,1,1,"[{""name"": ""球L"", ""share"": 1.0, ""q"": 0.013, ""capture"": 0.062, ""miss_deg"": 2.36, ""labels"": [191]}]"
2026_08_16/s4,s4,v8,,table10,29.15,29.7,0.54,3.88,球L,191,1.0,0.017,0.083,0.0,0.0,0.983,object#36,,0,0,,,,1,"[{""name"": ""球L"", ""share"": 1.0, ""q"": 0.017, ""capture"": 0.083, ""miss_deg"": 2.23, ""labels"": [191]}]"
2026_08_16/s4,s4,v8,,table10,29.75,30.35,0.6,3.786,球L,191,0.929,0.126,0.611,0.026,0.076,0.864,object#36,,1,1,3,球M,0,2,"[{""name"": ""球L"", ""share"": 0.929, ""q"": 0.126, ""capture"": 0.611, ""miss_deg"": 0.99, ""labels"": [191]}, {""name"": ""香蕉"", ""share"": 0.071, ""q"": 0.01, ""capture"": 0.016, ""miss_deg"": 2.88, ""labels"": [196]}]"
2026_08_16/s4,s4,v8,,table10,30.62,31.05,0.43,3.792,球L,191,0.992,0.061,0.295,0.003,0.008,0.939,object#36,,1,1,3,球M,0,2,"[{""name"": ""球L"", ""share"": 0.992, ""q"": 0.061, ""capture"": 0.295, ""miss_deg"": 1.56, ""labels"": [191]}, {""name"": ""香蕉"", ""share"": 0.008, ""q"": 0.001, ""capture"": 0.001, ""miss_deg"": 3.76, ""labels"": [196]}]"
2026_08_16/s4,s4,v8,,table10,31.16,31.75,0.6,3.798,球L,191,1.0,0.016,0.08,0.0,0.0,0.984,object#36,,0,0,3,球M,0,1,"[{""name"": ""球L"", ""share"": 1.0, ""q"": 0.016, ""capture"": 0.08, ""miss_deg"": 2.25, ""labels"": [191]}]"
2026_08_16/s4,s4,v8,,table10,32.16,32.43,0.27,3.836,,-1,0.0,0.0,,,,1.0,object#27,,0,0,3,球M,,0,[]
2026_08_16/s4,s4,v8,,table10,32.6,33.46,0.87,3.819,球M,192,0.998,0.085,0.413,0.0,0.002,0.915,object#27,,1,1,3,球M,1,2,"[{""name"": ""球M"", ""share"": 0.998, ""q"": 0.085, ""capture"": 0.413, ""miss_deg"": 1.33, ""labels"": [192]}, {""name"": ""香蕉"", ""share"": 0.002, ""q"": 0.0, ""capture"": 0.0, ""miss_deg"": 4.1, ""labels"": [196]}]"
2026_08_16/s4,s4,v8,,table10,34.87,35.2,0.32,3.813,球M,192,1.0,0.04,0.194,0.0,0.0,0.96,object#27,,0,0,3,球M,1,1,"[{""name"": ""球M"", ""share"": 1.0, ""q"": 0.04, ""capture"": 0.194, ""miss_deg"": 1.81, ""labels"": [192]}]"
2026_08_16/s4,s4,v8,,table10,36.98,37.69,0.7,4.02,球M,192,1.0,0.001,0.008,0.0,0.0,0.999,object#27,,0,0,4,球R,0,1,"[{""name"": ""球M"", ""share"": 1.0, ""q"": 0.001, ""capture"": 0.008, ""miss_deg"": 3.12, ""labels"": [192]}]"
2026_08_16/s4,s4,v8,,table10,37.9,38.55,0.65,4.013,,-1,0.0,0.0,,,,1.0,object#85,,0,0,4,球R,,0,[]
2026_08_16/s4,s4,v8,,table10,38.94,39.86,0.92,3.799,,-1,0.0,0.0,,,,1.0,object#17,,0,0,4,球R,,0,[]
2026_08_16/s4,s4,v8,,table10,40.15,41.56,1.41,3.889,球R,193,1.0,0.003,0.015,0.0,0.0,0.997,object#17,,0,0,4,球R,1,1,"[{""name"": ""球R"", ""share"": 1.0, ""q"": 0.003, ""capture"": 0.015, ""miss_deg"": 2.89, ""labels"": [193]}]"
2026_08_16/s4,s4,v8,,table10,41.61,46.81,5.2,3.815,,-1,0.0,0.0,,,,1.0,object#17,,0,0,5,球R,,0,[]
2026_08_16/s4,s4,v8,,table10,47.1,47.47,0.38,3.827,,-1,0.0,0.0,,,,1.0,object#17,,0,0,5,球R,,0,[]
2026_08_16/s4,s4,v8,,table10,47.53,48.67,1.14,3.874,球R,193,1.0,0.0,0.002,0.0,0.0,1.0,object#17,,0,0,5,球R,1,1,"[{""name"": ""球R"", ""share"": 1.0, ""q"": 0.0, ""capture"": 0.002, ""miss_deg"": 3.51, ""labels"": [193]}]"
2026_08_16/s4,s4,v8,,table10,48.72,49.64,0.92,3.849,,-1,0.0,0.0,,,,1.0,object#17,,0,0,,,,0,[]
2026_08_16/s4,s4,v8,,table10,50.89,51.48,0.6,3.924,球R,193,0.985,0.05,0.303,0.017,0.015,0.95,object#17,,1,1,6,球M,0,2,"[{""name"": ""球R"", ""share"": 0.985, ""q"": 0.05, ""capture"": 0.303, ""miss_deg"": 1.55, ""labels"": [193]}, {""name"": ""石榴"", ""share"": 0.015, ""q"": 0.001, ""capture"": 0.005, ""miss_deg"": 3.24, ""labels"": [195]}]"
2026_08_16/s4,s4,v8,,table10,52.0,52.49,0.49,3.879,球M,192,0.914,0.054,0.262,0.034,0.094,0.941,object#27,,1,1,6,球M,1,2,"[{""name"": ""球M"", ""share"": 0.914, ""q"": 0.054, ""capture"": 0.262, ""miss_deg"": 1.64, ""labels"": [192]}, {""name"": ""香蕉"", ""share"": 0.086, ""q"": 0.005, ""capture"": 0.009, ""miss_deg"": 3.08, ""labels"": [196]}]"
2026_08_16/s4,s4,v8,,table10,53.3,53.57,0.27,3.83,球M,192,0.941,0.09,0.435,0.021,0.063,0.905,object#17,,1,1,6,球M,1,2,"[{""name"": ""球M"", ""share"": 0.941, ""q"": 0.09, ""capture"": 0.435, ""miss_deg"": 1.29, ""labels"": [192]}, {""name"": ""香蕉"", ""share"": 0.059, ""q"": 0.006, ""capture"": 0.009, ""miss_deg"": 3.05, ""labels"": [196]}]"
2026_08_16/s4,s4,v8,,table10,54.28,54.66,0.38,3.853,球M,192,0.995,0.073,0.355,0.003,0.005,0.926,object#27,,1,1,6,球M,1,2,"[{""name"": ""球M"", ""share"": 0.995, ""q"": 0.073, ""capture"": 0.355, ""miss_deg"": 1.44, ""labels"": [192]}, {""name"": ""香蕉"", ""share"": 0.005, ""q"": 0.0, ""capture"": 0.001, ""miss_deg"": 3.86, ""labels"": [196]}]"
2026_08_16/s4,s4,v8,,table10,55.69,55.96,0.27,3.868,,-1,0.0,0.0,,,,1.0,object#85,,0,0,6,球M,,0,[]
2026_08_16/s4,s4,v8,,table10,58.61,58.88,0.27,3.834,球M,192,0.99,0.134,0.651,0.003,0.01,0.864,object#70,,1,1,7,球M,1,2,"[{""name"": ""球M"", ""share"": 0.99, ""q"": 0.134, ""capture"": 0.651, ""miss_deg"": 0.93, ""labels"": [192]}, {""name"": ""香蕉"", ""share"": 0.01, ""q"": 0.001, ""capture"": 0.002, ""miss_deg"": 3.48, ""labels"": [196]}]"
2026_08_16/s4,s4,v8,,table10,60.41,61.06,0.65,3.939,球M,192,1.0,0.143,0.755,0.0,0.0,0.857,object#162,,1,1,7,球M,1,1,"[{""name"": ""球M"", ""share"": 1.0, ""q"": 0.143, ""capture"": 0.755, ""miss_deg"": 0.75, ""labels"": [192]}]"
2026_08_16/s4,s4,v8,,table10,61.6,61.98,0.38,3.862,球M,192,0.999,0.112,0.543,0.0,0.001,0.888,object#70,,1,1,7,球M,1,2,"[{""name"": ""球M"", ""share"": 0.999, ""q"": 0.112, ""capture"": 0.543, ""miss_deg"": 1.11, ""labels"": [192]}, {""name"": ""香蕉"", ""share"": 0.001, ""q"": 0.0, ""capture"": 0.0, ""miss_deg"": 4.29, ""labels"": [196]}]"
2026_08_16/s4,s4,v8,,table10,62.52,62.79,0.27,4.063,球M,192,1.0,0.011,0.067,0.0,0.0,0.989,object#27,,0,0,7,球M,1,1,"[{""name"": ""球M"", ""share"": 1.0, ""q"": 0.011, ""capture"": 0.067, ""miss_deg"": 2.32, ""labels"": [192]}]"
2026_08_16/s4,s4,v8,,table10,65.23,65.5,0.27,3.912,球M,192,0.999,0.089,0.473,0.0,0.001,0.91,object#27,,1,1,,,,2,"[{""name"": ""球M"", ""share"": 0.999, ""q"": 0.089, ""capture"": 0.473, ""miss_deg"": 1.22, ""labels"": [192]}, {""name"": ""香蕉"", ""share"": 0.001, ""q"": 0.0, ""capture"": 0.0, ""miss_deg"": 4.28, ""labels"": [196]}]"
2026_08_16/s4,s4,v8,,table10,65.97,66.57,0.6,3.843,球R,193,1.0,0.032,0.195,0.0,0.0,0.968,object#17,,0,0,,,,1,"[{""name"": ""球R"", ""share"": 1.0, ""q"": 0.032, ""capture"": 0.195, ""miss_deg"": 1.81, ""labels"": [193]}]"
2026_08_16/s4,s4,v8,,table10,66.62,66.89,0.27,3.915,石榴,195,0.473,0.039,0.266,0.914,1.023,0.918,object#10,,1,0,,,,3,"[{""name"": ""石榴"", ""share"": 0.473, ""q"": 0.039, ""capture"": 0.266, ""miss_deg"": 1.63, ""labels"": [195]}, {""name"": ""球R"", ""share"": 0.484, ""q"": 0.04, ""capture"": 0.243, ""miss_deg"": 1.68, ""labels"": [193]}, {""name"": ""球M"", ""share"": 0.043, ""q"": 0.004, ""capture"": 0.019, ""miss_deg"": 2.82, ""labels"": [192]}]"
2026_08_16/s4,s4,v8,,table10,67.17,67.82,0.65,3.863,球M,192,1.0,0.154,0.748,0.0,0.0,0.846,object#162,,1,1,,,,1,"[{""name"": ""球M"", ""share"": 1.0, ""q"": 0.154, ""capture"": 0.748, ""miss_deg"": 0.76, ""labels"": [192]}]"
2026_08_16/s4,s4,v8,,table10,68.68,69.06,0.38,3.916,球M,192,1.0,0.034,0.181,0.0,0.0,0.966,object#118,,0,0,,,,1,"[{""name"": ""球M"", ""share"": 1.0, ""q"": 0.034, ""capture"": 0.181, ""miss_deg"": 1.85, ""labels"": [192]}]"
2026_08_16/s4,s4,v8,,table10,69.17,69.55,0.38,3.872,球M,192,1.0,0.081,0.392,0.0,0.0,0.919,object#162,,1,1,,,,1,"[{""name"": ""球M"", ""share"": 1.0, ""q"": 0.081, ""capture"": 0.392, ""miss_deg"": 1.37, ""labels"": [192]}]"
2026_08_16/s4,s4,v8,,table10,72.68,73.09,0.41,3.827,球M,192,1.0,0.176,0.854,0.0,0.0,0.824,object#70,,1,1,8,球L,0,1,"[{""name"": ""球M"", ""share"": 1.0, ""q"": 0.176, ""capture"": 0.854, ""miss_deg"": 0.56, ""labels"": [192]}]"
2026_08_16/s4,s4,v8,,table10,75.47,76.52,1.05,3.784,球L,191,0.975,0.087,0.42,0.01,0.026,0.911,object#36,,1,1,8,球L,1,2,"[{""name"": ""球L"", ""share"": 0.975, ""q"": 0.087, ""capture"": 0.42, ""miss_deg"": 1.32, ""labels"": [191]}, {""name"": ""香蕉"", ""share"": 0.025, ""q"": 0.002, ""capture"": 0.004, ""miss_deg"": 3.35, ""labels"": [196]}]"
2026_08_16/s4,s4,v8,,table10,76.63,77.62,0.99,3.793,球L,191,0.895,0.171,0.832,0.062,0.05,0.808,object#36,,1,1,8,球L,1,3,"[{""name"": ""球L"", ""share"": 0.895, ""q"": 0.171, ""capture"": 0.832, ""miss_deg"": 0.61, ""labels"": [191]}, {""name"": ""苹果"", ""share"": 0.045, ""q"": 0.009, ""capture"": 0.052, ""miss_deg"": 2.43, ""labels"": [194]}, {""name"": ""香蕉"", ""share"": 0.06, ""q"": 0.011, ""capture"": 0.019, ""miss_deg"": 2.81, ""labels"": [196]}]"
2026_08_16/s4,s4,v8,,table10,78.1,78.86,0.76,3.781,球L,191,0.891,0.131,0.637,0.042,0.122,0.853,object#36,,1,1,,,,2,"[{""name"": ""球L"", ""share"": 0.891, ""q"": 0.131, ""capture"": 0.637, ""miss_deg"": 0.95, ""labels"": [191]}, {""name"": ""香蕉"", ""share"": 0.109, ""q"": 0.016, ""capture"": 0.027, ""miss_deg"": 2.69, ""labels"": [196]}]"
2026_08_16/s4,s4,v8,,table10,79.64,80.11,0.47,3.772,球L,191,1.0,0.005,0.024,0.0,0.0,0.995,object#27,,0,0,9,球R,0,1,"[{""name"": ""球L"", ""share"": 1.0, ""q"": 0.005, ""capture"": 0.024, ""miss_deg"": 2.74, ""labels"": [191]}]"
2026_08_16/s4,s4,v8,,table10,80.32,81.26,0.94,3.78,球L,191,1.0,0.047,0.23,0.0,0.0,0.953,object#27,,1,1,9,球R,0,1,"[{""name"": ""球L"", ""share"": 1.0, ""q"": 0.047, ""capture"": 0.23, ""miss_deg"": 1.72, ""labels"": [191]}]"
2026_08_16/s4,s4,v8,,table10,82.19,84.34,2.16,3.842,球R,193,1.0,0.043,0.266,0.0,0.0,0.957,object#17,,1,1,9,球R,1,1,"[{""name"": ""球R"", ""share"": 1.0, ""q"": 0.043, ""capture"": 0.266, ""miss_deg"": 1.63, ""labels"": [193]}]"
2026_08_16/s4,s4,v8,,table10,84.45,84.74,0.29,3.81,球R,193,1.0,0.064,0.389,0.0,0.0,0.936,object#17,,1,1,9,球R,1,1,"[{""name"": ""球R"", ""share"": 1.0, ""q"": 0.064, ""capture"": 0.389, ""miss_deg"": 1.37, ""labels"": [193]}]"
2026_08_16/s4,s4,v8,,table10,85.05,85.58,0.52,3.801,球R,193,1.0,0.035,0.215,0.0,0.0,0.965,object#17,,1,1,,,,1,"[{""name"": ""球R"", ""share"": 1.0, ""q"": 0.035, ""capture"": 0.215, ""miss_deg"": 1.75, ""labels"": [193]}]"
2026_08_16/s4,s4,v8,,table10,86.15,86.85,0.7,3.823,,-1,0.0,0.0,,,,1.0,object#17,,0,0,,,,0,[]
2026_08_16/s4,s4,v8,,table10,86.97,87.49,0.52,3.805,,-1,0.0,0.0,,,,1.0,object#17,,0,0,10,球M,,0,[]
2026_08_16/s4,s4,v8,,table10,87.74,88.09,0.35,3.816,球R,193,1.0,0.002,0.011,0.0,0.0,0.998,object#17,,0,0,10,球M,0,1,"[{""name"": ""球R"", ""share"": 1.0, ""q"": 0.002, ""capture"": 0.011, ""miss_deg"": 3.02, ""labels"": [193]}]"
2026_08_16/s4,s4,v8,,table10,88.2,88.55,0.35,3.794,球R,193,0.939,0.1,0.613,0.064,0.065,0.893,object#17,,1,1,10,球M,0,2,"[{""name"": ""球R"", ""share"": 0.939, ""q"": 0.1, ""capture"": 0.613, ""miss_deg"": 0.99, ""labels"": [193]}, {""name"": ""石榴"", ""share"": 0.061, ""q"": 0.006, ""capture"": 0.039, ""miss_deg"": 2.54, ""labels"": [195]}]"
2026_08_16/s4,s4,v8,,table10,95.13,95.51,0.39,3.801,球M,192,0.744,0.132,0.642,0.104,0.302,0.822,object#10,,1,1,11,球R,0,3,"[{""name"": ""球M"", ""share"": 0.744, ""q"": 0.132, ""capture"": 0.642, ""miss_deg"": 0.94, ""labels"": [192]}, {""name"": ""香蕉"", ""share"": 0.225, ""q"": 0.04, ""capture"": 0.067, ""miss_deg"": 2.33, ""labels"": [196]}, {""name"": ""苹果"", ""share"": 0.031, ""q"": 0.005, ""capture"": 0.033, ""miss_deg"": 2.61, ""labels"": [194]}]"
2026_08_16/s4,s4,v8,,table10,95.9,97.47,1.57,3.833,球R,193,1.0,0.02,0.12,0.0,0.0,0.98,object#17,,0,0,11,球R,1,1,"[{""name"": ""球R"", ""share"": 1.0, ""q"": 0.02, ""capture"": 0.12, ""miss_deg"": 2.06, ""labels"": [193]}]"
2026_08_16/s4,s4,v8,,table10,97.71,102.7,4.98,3.796,球R,193,1.0,0.028,0.168,0.0,0.0,0.972,object#17,,0,0,11,球R,1,1,"[{""name"": ""球R"", ""share"": 1.0, ""q"": 0.028, ""capture"": 0.168, ""miss_deg"": 1.89, ""labels"": [193]}]"
2026_08_16/s4,s4,v8,,table10,103.11,106.74,3.63,3.913,球R,193,1.0,0.033,0.202,0.0,0.0,0.967,object#17,,1,1,12,球R,1,1,"[{""name"": ""球R"", ""share"": 1.0, ""q"": 0.033, ""capture"": 0.202, ""miss_deg"": 1.79, ""labels"": [193]}]"
2026_08_16/s4,s4,v8,,table10,106.8,107.17,0.38,3.807,球M,192,0.931,0.01,0.047,0.085,0.074,0.99,object#17,,0,0,,,,2,"[{""name"": ""球M"", ""share"": 0.931, ""q"": 0.01, ""capture"": 0.047, ""miss_deg"": 2.47, ""labels"": [192]}, {""name"": ""球R"", ""share"": 0.069, ""q"": 0.001, ""capture"": 0.004, ""miss_deg"": 3.29, ""labels"": [193]}]"
2026_08_16/s4,s4,v8,,table10,107.23,109.72,2.49,3.819,球R,193,1.0,0.036,0.222,0.0,0.0,0.964,object#17,,1,1,,,,1,"[{""name"": ""球R"", ""share"": 1.0, ""q"": 0.036, ""capture"": 0.222, ""miss_deg"": 1.74, ""labels"": [193]}]"
2026_08_16/s4,s4,v8,,table10,110.28,112.5,2.22,3.812,球M,192,1.0,0.173,0.841,0.0,0.0,0.827,object#70,,1,1,13,球M,1,1,"[{""name"": ""球M"", ""share"": 1.0, ""q"": 0.173, ""capture"": 0.841, ""miss_deg"": 0.59, ""labels"": [192]}]"
2026_08_16/s4,s4,v8,,table10,113.05,115.11,2.06,3.818,球M,192,1.0,0.17,0.822,0.0,0.0,0.83,object#70,,1,1,,,,1,"[{""name"": ""球M"", ""share"": 1.0, ""q"": 0.17, ""capture"": 0.822, ""miss_deg"": 0.63, ""labels"": [192]}]"
2026_08_16/s4,s4,v8,,table10,117.45,121.02,3.57,3.775,球L,191,0.936,0.121,0.545,0.026,0.068,0.87,object#36,,1,1,14,球L,1,2,"[{""name"": ""球L"", ""share"": 0.936, ""q"": 0.121, ""capture"": 0.545, ""miss_deg"": 1.1, ""labels"": [191]}, {""name"": ""香蕉"", ""share"": 0.064, ""q"": 0.008, ""capture"": 0.014, ""miss_deg"": 2.93, ""labels"": [196]}]"
2026_08_16/s4,s4,v8,,table10,121.08,121.89,0.81,3.79,球L,191,0.994,0.054,0.262,0.004,0.006,0.946,object#27,,1,1,,,,2,"[{""name"": ""球L"", ""share"": 0.994, ""q"": 0.054, ""capture"": 0.262, ""miss_deg"": 1.64, ""labels"": [191]}, {""name"": ""香蕉"", ""share"": 0.006, ""q"": 0.0, ""capture"": 0.001, ""miss_deg"": 3.88, ""labels"": [196]}]"
2026_08_16/s4,s4,v8,,table10,122.08,122.68,0.6,3.803,球L,191,0.829,0.064,0.312,0.071,0.206,0.922,object#27,,1,1,15,球L,1,2,"[{""name"": ""球L"", ""share"": 0.829, ""q"": 0.064, ""capture"": 0.312, ""miss_deg"": 1.53, ""labels"": [191]}, {""name"": ""香蕉"", ""share"": 0.171, ""q"": 0.013, ""capture"": 0.022, ""miss_deg"": 2.76, ""labels"": [196]}]"
2026_08_16/s4,s4,v8,,table10,122.73,123.11,0.38,3.778,球L,191,0.965,0.083,0.405,0.012,0.036,0.914,object#36,,1,1,15,球L,1,2,"[{""name"": ""球L"", ""share"": 0.965, ""q"": 0.083, ""capture"": 0.405, ""miss_deg"": 1.34, ""labels"": [191]}, {""name"": ""香蕉"", ""share"": 0.035, ""q"": 0.003, ""capture"": 0.005, ""miss_deg"": 3.26, ""labels"": [196]}]"
2026_08_16/s4,s4,v8,,table10,123.44,124.14,0.7,3.745,球L,191,0.925,0.141,0.633,0.028,0.076,0.848,object#36,,1,1,15,球L,1,3,"[{""name"": ""球L"", ""share"": 0.925, ""q"": 0.141, ""capture"": 0.633, ""miss_deg"": 0.96, ""labels"": [191]}, {""name"": ""香蕉"", ""share"": 0.07, ""q"": 0.011, ""capture"": 0.018, ""miss_deg"": 2.84, ""labels"": [196]}, {""name"": ""苹果"", ""share"": 0.005, ""q"": 0.001, ""capture"": 0.004, ""miss_deg"": 3.3, ""labels"": [194]}]"
2026_08_16/s4,s4,v8,,table10,124.62,128.68,4.06,3.767,球L,191,0.978,0.082,0.37,0.008,0.022,0.916,object#36,,1,1,15,球L,1,2,"[{""name"": ""球L"", ""share"": 0.978, ""q"": 0.082, ""capture"": 0.37, ""miss_deg"": 1.41, ""labels"": [191]}, {""name"": ""香蕉"", ""share"": 0.022, ""q"": 0.002, ""capture"": 0.003, ""miss_deg"": 3.4, ""labels"": [196]}]"
2026_08_16/s4,s4,v8,,table10,128.73,129.0,0.27,3.794,球L,191,0.778,0.028,0.138,0.094,0.275,0.963,object#27,,0,0,,,,3,"[{""name"": ""球L"", ""share"": 0.778, ""q"": 0.028, ""capture"": 0.138, ""miss_deg"": 1.99, ""labels"": [191]}, {""name"": ""香蕉"", ""share"": 0.214, ""q"": 0.008, ""capture"": 0.013, ""miss_deg"": 2.95, ""labels"": [196]}, {""name"": ""球M"", ""share"": 0.008, ""q"": 0.0, ""capture"": 0.001, ""miss_deg"": 3.62, ""labels"": [192]}]"
2026_08_16/s4,s4,v8,,table10,129.06,131.55,2.49,3.77,球L,191,0.979,0.07,0.316,0.009,0.021,0.928,object#36,,1,1,,,,2,"[{""name"": ""球L"", ""share"": 0.979, ""q"": 0.07, ""capture"": 0.316, ""miss_deg"": 1.52, ""labels"": [191]}, {""name"": ""香蕉"", ""share"": 0.021, ""q"": 0.002, ""capture"": 0.003, ""miss_deg"": 3.46, ""labels"": [196]}]"
2026_08_16/s4,s4,v8,,table10,132.41,132.73,0.32,4.079,,-1,0.0,0.0,,,,1.0,object#25,,0,0,,,,0,[]
2026_08_16/s6,s6,v8,,table10,10.95,11.22,0.27,3.796,球M,192,0.818,0.016,0.077,0.286,0.222,0.98,object#17,,0,0,,,,2,"[{""name"": ""球M"", ""share"": 0.818, ""q"": 0.016, ""capture"": 0.077, ""miss_deg"": 2.26, ""labels"": [192]}, {""name"": ""球R"", ""share"": 0.182, ""q"": 0.004, ""capture"": 0.022, ""miss_deg"": 2.77, ""labels"": [193]}]"
2026_08_16/s6,s6,v8,,table10,13.6,13.98,0.38,4.308,球M,192,0.47,0.039,0.239,0.812,0.723,0.917,object#17,,1,0,,,,3,"[{""name"": ""球M"", ""share"": 0.47, ""q"": 0.039, ""capture"": 0.239, ""miss_deg"": 1.69, ""labels"": [192]}, {""name"": ""球R"", ""share"": 0.34, ""q"": 0.028, ""capture"": 0.194, ""miss_deg"": 1.81, ""labels"": [193]}, {""name"": ""石榴"", ""share"": 0.19, ""q"": 0.016, ""capture"": 0.144, ""miss_deg"": 1.97, ""labels"": [195]}]"
2026_08_16/s6,s6,v8,,table10,14.04,14.42,0.38,4.35,球R,193,0.995,0.05,0.345,0.006,0.005,0.949,object#17,,1,1,,,,2,"[{""name"": ""球R"", ""share"": 0.995, ""q"": 0.05, ""capture"": 0.345, ""miss_deg"": 1.46, ""labels"": [193]}, {""name"": ""石榴"", ""share"": 0.005, ""q"": 0.0, ""capture"": 0.002, ""miss_deg"": 3.51, ""labels"": [195]}]"
2026_08_16/s6,s6,v8,,table10,14.63,15.01,0.38,4.398,球M,192,1.0,0.026,0.159,0.0,0.0,0.974,object#17,,0,0,,,,1,"[{""name"": ""球M"", ""share"": 1.0, ""q"": 0.026, ""capture"": 0.159, ""miss_deg"": 1.92, ""labels"": [192]}]"
2026_08_16/s6,s6,v8,,table10,15.06,15.44,0.38,4.498,球R,193,1.0,0.013,0.097,0.0,0.0,0.987,object#17,,0,0,,,,1,"[{""name"": ""球R"", ""share"": 1.0, ""q"": 0.013, ""capture"": 0.097, ""miss_deg"": 2.16, ""labels"": [193]}]"
2026_08_16/s6,s6,v8,,table10,15.5,15.77,0.27,4.516,球M,192,0.931,0.026,0.176,0.08,0.074,0.972,object#17,,0,0,,,,2,"[{""name"": ""球M"", ""share"": 0.931, ""q"": 0.026, ""capture"": 0.176, ""miss_deg"": 1.87, ""labels"": [192]}, {""name"": ""球R"", ""share"": 0.069, ""q"": 0.002, ""capture"": 0.014, ""miss_deg"": 2.93, ""labels"": [193]}]"
2026_08_16/s6,s6,v8,,table10,15.82,16.25,0.43,4.41,球L,191,0.996,0.052,0.318,0.0,0.001,0.948,object#27,,1,1,,,,3,"[{""name"": ""球L"", ""share"": 0.996, ""q"": 0.052, ""capture"": 0.318, ""miss_deg"": 1.51, ""labels"": [191]}, {""name"": ""球M"", ""share"": 0.001, ""q"": 0.0, ""capture"": 0.0, ""miss_deg"": 3.98, ""labels"": [192]}, {""name"": ""香蕉"", ""share"": 0.003, ""q"": 0.0, ""capture"": 0.0, ""miss_deg"": 4.0, ""labels"": [196]}]"
2026_08_16/s6,s6,v8,,table10,16.58,17.55,0.97,4.498,球M,192,0.929,0.147,1.005,0.097,0.072,0.842,object#17,,1,1,,,,3,"[{""name"": ""球M"", ""share"": 0.929, ""q"": 0.147, ""capture"": 1.005, ""miss_deg"": 0.0, ""labels"": [192]}, {""name"": ""石榴"", ""share"": 0.067, ""q"": 0.011, ""capture"": 0.097, ""miss_deg"": 2.16, ""labels"": [195]}, {""name"": ""球R"", ""share"": 0.004, ""q"": 0.001, ""capture"": 0.004, ""miss_deg"": 3.3, ""labels"": [193]}]"
2026_08_16/s6,s6,v8,,table10,17.79,18.06,0.27,4.449,球M,192,0.666,0.068,0.465,0.413,0.464,0.898,object#162,,1,1,,,,3,"[{""name"": ""球M"", ""share"": 0.666, ""q"": 0.068, ""capture"": 0.465, ""miss_deg"": 1.24, ""labels"": [192]}, {""name"": ""球L"", ""share"": 0.309, ""q"": 0.031, ""capture"": 0.192, ""miss_deg"": 1.82, ""labels"": [191]}, {""name"": ""石榴"", ""share"": 0.005, ""q"": 0.001, ""capture"": 0.005, ""miss_deg"": 3.28, ""labels"": [195]}]"
2026_08_16/s6,s6,v8,,table10,18.11,18.71,0.6,4.441,球M,192,0.935,0.155,1.065,0.091,0.068,0.834,object#162,,1,1,,,,3,"[{""name"": ""球M"", ""share"": 0.935, ""q"": 0.155, ""capture"": 1.065, ""miss_deg"": 0.0, ""labels"": [192]}, {""name"": ""石榴"", ""share"": 0.064, ""q"": 0.011, ""capture"": 0.097, ""miss_deg"": 2.16, ""labels"": [195]}, {""name"": ""球R"", ""share"": 0.002, ""q"": 0.0, ""capture"": 0.002, ""miss_deg"": 3.53, ""labels"": [193]}]"
2026_08_16/s6,s6,v8,,table10,18.76,19.09,0.33,4.461,球M,192,0.892,0.105,0.723,0.083,0.094,0.882,object#162,,1,1,,,,3,"[{""name"": ""球M"", ""share"": 0.892, ""q"": 0.105, ""capture"": 0.723, ""miss_deg"": 0.81, ""labels"": [192]}, {""name"": ""球L"", ""share"": 0.084, ""q"": 0.01, ""capture"": 0.06, ""miss_deg"": 2.37, ""labels"": [191]}, {""name"": ""石榴"", ""share"": 0.012, ""q"": 0.001, ""capture"": 0.013, ""miss_deg"": 2.95, ""labels"": [195]}]"
2026_08_16/s6,s6,v8,,table10,19.15,20.07,0.92,4.55,球M,192,0.912,0.174,1.195,0.123,0.092,0.809,object#17,,1,1,,,,3,"[{""name"": ""球M"", ""share"": 0.912, ""q"": 0.174, ""capture"": 1.195, ""miss_deg"": 0.0, ""labels"": [192]}, {""name"": ""石榴"", ""share"": 0.084, ""q"": 0.016, ""capture"": 0.147, ""miss_deg"": 1.96, ""labels"": [195]}, {""name"": ""球R"", ""share"": 0.004, ""q"": 0.001, ""capture"": 0.006, ""miss_deg"": 3.2, ""labels"": [193]}]"
2026_08_16/s6,s6,v8,,table10,20.34,21.37,1.03,4.446,球L,191,0.951,0.074,0.455,0.018,0.015,0.922,object#27,,1,1,,,,3,"[{""name"": ""球L"", ""share"": 0.951, ""q"": 0.074, ""capture"": 0.455, ""miss_deg"": 1.26, ""labels"": [191]}, {""name"": ""球M"", ""share"": 0.014, ""q"": 0.001, ""capture"": 0.008, ""miss_deg"": 3.12, ""labels"": [192]}, {""name"": ""香蕉"", ""share"": 0.034, ""q"": 0.003, ""capture"": 0.006, ""miss_deg"": 3.22, ""labels"": [196]}]"
2026_08_16/s6,s6,v8,,table10,21.66,25.12,3.47,4.429,球L,191,0.992,0.048,0.294,0.003,0.005,0.952,object#27,,1,1,1,球L,1,3,"[{""name"": ""球L"", ""share"": 0.992, ""q"": 0.048, ""capture"": 0.294, ""miss_deg"": 1.57, ""labels"": [191]}, {""name"": ""球M"", ""share"": 0.005, ""q"": 0.0, ""capture"": 0.001, ""miss_deg"": 3.63, ""labels"": [192]}, {""name"": ""香蕉"", ""share"": 0.003, ""q"": 0.0, ""capture"": 0.0, ""miss_deg"": 4.04, ""labels"": [196]}]"
2026_08_16/s6,s6,v8,,table10,25.18,26.22,1.04,4.436,球L,191,0.842,0.113,0.69,0.084,0.075,0.866,object#10,,1,1,1,球L,1,3,"[{""name"": ""球L"", ""share"": 0.842, ""q"": 0.113, ""capture"": 0.69, ""miss_deg"": 0.86, ""labels"": [191]}, {""name"": ""球M"", ""share"": 0.063, ""q"": 0.008, ""capture"": 0.058, ""miss_deg"": 2.39, ""labels"": [192]}, {""name"": ""香蕉"", ""share"": 0.096, ""q"": 0.013, ""capture"": 0.027, ""miss_deg"": 2.69, ""labels"": [196]}]"
2026_08_16/s6,s6,v8,,table10,27.27,29.6,2.33,4.492,球M,192,1.0,0.078,0.535,0.0,0.0,0.922,object#162,,1,1,,,,1,"[{""name"": ""球M"", ""share"": 1.0, ""q"": 0.078, ""capture"": 0.535, ""miss_deg"": 1.12, ""labels"": [192]}]"
2026_08_16/s6,s6,v8,,table10,29.84,30.92,1.08,4.569,球M,192,0.999,0.059,0.407,0.002,0.001,0.941,object#17,,1,1,2,球M,1,2,"[{""name"": ""球M"", ""share"": 0.999, ""q"": 0.059, ""capture"": 0.407, ""miss_deg"": 1.34, ""labels"": [192]}, {""name"": ""球R"", ""share"": 0.001, ""q"": 0.0, ""capture"": 0.001, ""miss_deg"": 3.9, ""labels"": [193]}]"
2026_08_16/s6,s6,v8,,table10,30.97,32.11,1.14,4.531,球M,192,1.0,0.023,0.158,0.0,0.0,0.977,object#17,,0,0,2,球M,1,1,"[{""name"": ""球M"", ""share"": 1.0, ""q"": 0.023, ""capture"": 0.158, ""miss_deg"": 1.92, ""labels"": [192]}]"
2026_08_16/s6,s6,v8,,table10,32.17,32.65,0.49,4.456,球M,192,1.0,0.047,0.319,0.0,0.0,0.953,object#162,,1,1,2,球M,1,1,"[{""name"": ""球M"", ""share"": 1.0, ""q"": 0.047, ""capture"": 0.319, ""miss_deg"": 1.51, ""labels"": [192]}]"
2026_08_16/s6,s6,v8,,table10,32.71,33.36,0.65,4.591,球M,192,0.733,0.006,0.04,0.45,0.364,0.992,object#17,,0,0,2,球M,1,2,"[{""name"": ""球M"", ""share"": 0.733, ""q"": 0.006, ""capture"": 0.04, ""miss_deg"": 2.54, ""labels"": [192]}, {""name"": ""球R"", ""share"": 0.267, ""q"": 0.002, ""capture"": 0.018, ""miss_deg"": 2.84, ""labels"": [193]}]"
2026_08_16/s6,s6,v8,,table10,33.41,33.68,0.27,4.529,球M,192,1.0,0.011,0.077,0.0,0.0,0.989,object#17,,0,0,2,球M,1,1,"[{""name"": ""球M"", ""share"": 1.0, ""q"": 0.011, ""capture"": 0.077, ""miss_deg"": 2.26, ""labels"": [192]}]"
2026_08_16/s6,s6,v8,,table10,34.15,34.42,0.27,4.58,球R,193,1.0,0.0,0.003,0.0,0.0,1.0,object#17,,0,0,,,,1,"[{""name"": ""球R"", ""share"": 1.0, ""q"": 0.0, ""capture"": 0.003, ""miss_deg"": 3.4, ""labels"": [193]}]"
2026_08_16/s6,s6,v8,,table10,34.47,36.37,1.9,4.567,球R,193,0.968,0.034,0.289,0.035,0.033,0.965,object#17,,1,1,,,,2,"[{""name"": ""球R"", ""share"": 0.968, ""q"": 0.034, ""capture"": 0.289, ""miss_deg"": 1.58, ""labels"": [193]}, {""name"": ""石榴"", ""share"": 0.032, ""q"": 0.001, ""capture"": 0.01, ""miss_deg"": 3.03, ""labels"": [195]}]"
2026_08_16/s6,s6,v8,,table10,36.64,39.34,2.71,4.561,球R,193,1.0,0.008,0.062,0.0,0.0,0.992,object#17,,0,0,3,球R,1,1,"[{""name"": ""球R"", ""share"": 1.0, ""q"": 0.008, ""capture"": 0.062, ""miss_deg"": 2.36, ""labels"": [193]}]"
2026_08_16/s6,s6,v8,,table10,39.62,42.76,3.14,4.598,,-1,0.0,0.0,,,,1.0,object#17,,0,0,3,球R,,0,[]
2026_08_16/s6,s6,v8,,table10,42.81,43.35,0.54,4.545,球R,193,1.0,0.038,0.277,0.0,0.0,0.962,object#17,,1,1,4,球R,1,1,"[{""name"": ""球R"", ""share"": 1.0, ""q"": 0.038, ""capture"": 0.277, ""miss_deg"": 1.6, ""labels"": [193]}]"
2026_08_16/s6,s6,v8,,table10,43.79,45.41,1.62,4.556,球R,193,0.997,0.024,0.172,0.006,0.003,0.976,object#17,,0,0,4,球R,1,2,"[{""name"": ""球R"", ""share"": 0.997, ""q"": 0.024, ""capture"": 0.172, ""miss_deg"": 1.88, ""labels"": [193]}, {""name"": ""石榴"", ""share"": 0.003, ""q"": 0.0, ""capture"": 0.001, ""miss_deg"": 3.88, ""labels"": [195]}]"
2026_08_16/s6,s6,v8,,table10,45.92,47.54,1.62,4.517,球R,193,0.979,0.03,0.217,0.028,0.021,0.97,object#17,,1,1,4,球R,1,2,"[{""name"": ""球R"", ""share"": 0.979, ""q"": 0.03, ""capture"": 0.217, ""miss_deg"": 1.75, ""labels"": [193]}, {""name"": ""石榴"", ""share"": 0.021, ""q"": 0.001, ""capture"": 0.006, ""miss_deg"": 3.21, ""labels"": [195]}]"
2026_08_16/s6,s6,v8,,table10,47.99,52.01,4.01,4.46,球M,192,0.986,0.106,0.728,0.019,0.014,0.892,object#162,,1,1,5,球M,1,2,"[{""name"": ""球M"", ""share"": 0.986, ""q"": 0.106, ""capture"": 0.728, ""miss_deg"": 0.8, ""labels"": [192]}, {""name"": ""石榴"", ""share"": 0.014, ""q"": 0.002, ""capture"": 0.014, ""miss_deg"": 2.93, ""labels"": [195]}]"
2026_08_16/s6,s6,v8,,table10,52.06,54.66,2.6,4.464,球M,192,0.978,0.108,0.74,0.028,0.02,0.89,object#162,,1,1,5,球M,1,3,"[{""name"": ""球M"", ""share"": 0.978, ""q"": 0.108, ""capture"": 0.74, ""miss_deg"": 0.78, ""labels"": [192]}, {""name"": ""石榴"", ""share"": 0.02, ""q"": 0.002, ""capture"": 0.021, ""miss_deg"": 2.79, ""labels"": [195]}, {""name"": ""球R"", ""share"": 0.002, ""q"": 0.0, ""capture"": 0.001, ""miss_deg"": 3.66, ""labels"": [193]}]"
2026_08_16/s6,s6,v8,,table10,54.94,55.59,0.65,4.643,球M,192,0.591,0.001,0.003,1.0,0.692,0.999,object#17,,0,0,,,,2,"[{""name"": ""球M"", ""share"": 0.591, ""q"": 0.001, ""capture"": 0.003, ""miss_deg"": 3.37, ""labels"": [192]}, {""name"": ""球R"", ""share"": 0.409, ""q"": 0.0, ""capture"": 0.003, ""miss_deg"": 3.42, ""labels"": [193]}]"
2026_08_16/s6,s6,v8,,table10,55.86,60.19,4.33,4.562,球R,193,1.0,0.011,0.095,0.0,0.0,0.989,object#17,,0,0,6,球R,1,1,"[{""name"": ""球R"", ""share"": 1.0, ""q"": 0.011, ""capture"": 0.095, ""miss_deg"": 2.17, ""labels"": [193]}]"
2026_08_16/s6,s6,v8,,table10,60.25,60.95,0.7,4.519,球M,192,0.891,0.1,0.685,0.105,0.079,0.888,object#17,,1,1,6,球R,0,3,"[{""name"": ""球M"", ""share"": 0.891, ""q"": 0.1, ""capture"": 0.685, ""miss_deg"": 0.87, ""labels"": [192]}, {""name"": ""石榴"", ""share"": 0.07, ""q"": 0.008, ""capture"": 0.072, ""miss_deg"": 2.3, ""labels"": [195]}, {""name"": ""球R"", ""share"": 0.039, ""q"": 0.004, ""capture"": 0.032, ""miss_deg"": 2.62, ""labels"": [193]}]"
2026_08_16/s6,s6,v8,,table10,61.01,62.09,1.08,4.523,球R,193,0.702,0.052,0.378,0.365,0.293,0.926,object#17,,1,1,,,,3,"[{""name"": ""球R"", ""share"": 0.702, ""q"": 0.052, ""capture"": 0.378, ""miss_deg"": 1.4, ""labels"": [193]}, {""name"": ""石榴"", ""share"": 0.206, ""q"": 0.015, ""capture"": 0.138, ""miss_deg"": 1.99, ""labels"": [195]}, {""name"": ""球M"", ""share"": 0.092, ""q"": 0.007, ""capture"": 0.046, ""miss_deg"": 2.48, ""labels"": [192]}]"
2026_08_16/s6,s6,v8,,table10,62.14,64.2,2.06,4.616,球R,193,0.873,0.041,0.342,0.123,0.113,0.953,object#17,,1,1,,,,3,"[{""name"": ""球R"", ""share"": 0.873, ""q"": 0.041, ""capture"": 0.342, ""miss_deg"": 1.47, ""labels"": [193]}, {""name"": ""石榴"", ""share"": 0.099, ""q"": 0.005, ""capture"": 0.042, ""miss_deg"": 2.52, ""labels"": [195]}, {""name"": ""球M"", ""share"": 0.029, ""q"": 0.001, ""capture"": 0.009, ""miss_deg"": 3.06, ""labels"": [192]}]"
2026_08_16/s6,s6,v8,,table10,65.04,66.23,1.19,4.636,球R,193,0.962,0.035,0.293,0.044,0.04,0.964,object#17,,1,1,7,球R,1,2,"[{""name"": ""球R"", ""share"": 0.962, ""q"": 0.035, ""capture"": 0.293, ""miss_deg"": 1.57, ""labels"": [193]}, {""name"": ""石榴"", ""share"": 0.038, ""q"": 0.001, ""capture"": 0.013, ""miss_deg"": 2.96, ""labels"": [195]}]"
2026_08_16/s6,s6,v8,,table10,66.34,67.97,1.62,4.554,球R,193,0.985,0.027,0.195,0.021,0.015,0.973,object#17,,0,0,7,球R,1,2,"[{""name"": ""球R"", ""share"": 0.985, ""q"": 0.027, ""capture"": 0.195, ""miss_deg"": 1.81, ""labels"": [193]}, {""name"": ""石榴"", ""share"": 0.015, ""q"": 0.0, ""capture"": 0.004, ""miss_deg"": 3.35, ""labels"": [195]}]"
2026_08_16/s6,s6,v8,,table10,68.29,68.67,0.38,4.562,球M,192,1.0,0.036,0.245,0.0,0.0,0.964,object#17,,1,1,,,,1,"[{""name"": ""球M"", ""share"": 1.0, ""q"": 0.036, ""capture"": 0.245, ""miss_deg"": 1.68, ""labels"": [192]}]"
2026_08_16/s6,s6,v8,,table10,73.49,73.76,0.27,7.077,石榴,195,1.0,0.0,0.001,0.0,0.0,1.0,object#40,,0,0,,,,1,"[{""name"": ""石榴"", ""share"": 1.0, ""q"": 0.0, ""capture"": 0.001, ""miss_deg"": 3.68, ""labels"": [195]}]"
2026_08_16/s6,s6,v8,,table10,74.61,75.09,0.49,4.461,球L,191,1.0,0.016,0.099,0.0,0.0,0.984,object#27,,0,0,,,,1,"[{""name"": ""球L"", ""share"": 1.0, ""q"": 0.016, ""capture"": 0.099, ""miss_deg"": 2.15, ""labels"": [191]}]"
2026_08_16/s6,s6,v8,,table10,75.15,75.47,0.32,4.417,球L,191,0.897,0.122,0.744,0.035,0.1,0.864,object#36,,1,1,,,,3,"[{""name"": ""球L"", ""share"": 0.897, ""q"": 0.122, ""capture"": 0.744, ""miss_deg"": 0.77, ""labels"": [191]}, {""name"": ""香蕉"", ""share"": 0.09, ""q"": 0.012, ""capture"": 0.026, ""miss_deg"": 2.71, ""labels"": [196]}, {""name"": ""苹果"", ""share"": 0.007, ""q"": 0.001, ""capture"": 0.007, ""miss_deg"": 3.14, ""labels"": [194]}]"
2026_08_16/s6,s6,v8,,table10,75.74,76.18,0.43,4.481,球M,192,1.0,0.043,0.294,0.0,0.0,0.957,object#17,,1,1,,,,1,"[{""name"": ""球M"", ""share"": 1.0, ""q"": 0.043, ""capture"": 0.294, ""miss_deg"": 1.57, ""labels"": [192]}]"
2026_08_16/s6,s6,v8,,table10,76.23,76.72,0.49,4.512,球L,191,1.0,0.042,0.254,0.0,0.0,0.958,object#27,,1,1,,,,1,"[{""name"": ""球L"", ""share"": 1.0, ""q"": 0.042, ""capture"": 0.254, ""miss_deg"": 1.66, ""labels"": [191]}]"
2026_08_16/s6,s6,v8,,table10,77.16,77.7,0.54,4.566,球M,192,1.0,0.013,0.092,0.0,0.0,0.987,object#118,,0,0,,,,1,"[{""name"": ""球M"", ""share"": 1.0, ""q"": 0.013, ""capture"": 0.092, ""miss_deg"": 2.19, ""labels"": [192]}]"
2026_08_16/s6,s6,v8,,table10,77.76,80.03,2.27,4.485,球M,192,1.0,0.059,0.406,0.0,0.0,0.941,object#17,,1,1,,,,1,"[{""name"": ""球M"", ""share"": 1.0, ""q"": 0.059, ""capture"": 0.406, ""miss_deg"": 1.34, ""labels"": [192]}]"
2026_08_16/s6,s6,v8,,table10,80.09,82.96,2.87,4.552,球M,192,1.0,0.052,0.358,0.0,0.0,0.948,object#17,,1,1,8,球M,1,1,"[{""name"": ""球M"", ""share"": 1.0, ""q"": 0.052, ""capture"": 0.358, ""miss_deg"": 1.43, ""labels"": [192]}]"
2026_08_16/s6,s6,v8,,table10,83.19,83.73,0.54,4.509,球M,192,0.982,0.06,0.409,0.02,0.018,0.939,object#17,,1,1,,,,2,"[{""name"": ""球M"", ""share"": 0.982, ""q"": 0.06, ""capture"": 0.409, ""miss_deg"": 1.34, ""labels"": [192]}, {""name"": ""球R"", ""share"": 0.018, ""q"": 0.001, ""capture"": 0.008, ""miss_deg"": 3.11, ""labels"": [193]}]"
2026_08_16/s6,s6,v8,,table10,84.17,85.58,1.41,4.401,球L,191,0.937,0.056,0.342,0.041,0.042,0.94,object#27,,1,1,,,,3,"[{""name"": ""球L"", ""share"": 0.937, ""q"": 0.056, ""capture"": 0.342, ""miss_deg"": 1.47, ""labels"": [191]}, {""name"": ""球M"", ""share"": 0.039, ""q"": 0.002, ""capture"": 0.014, ""miss_deg"": 2.91, ""labels"": [192]}, {""name"": ""香蕉"", ""share"": 0.024, ""q"": 0.001, ""capture"": 0.003, ""miss_deg"": 3.4, ""labels"": [196]}]"
2026_08_16/s6,s6,v8,,table10,85.79,88.61,2.82,4.486,球L,191,0.872,0.116,0.707,0.044,0.127,0.867,object#36,,1,1,9,球L,1,3,"[{""name"": ""球L"", ""share"": 0.872, ""q"": 0.116, ""capture"": 0.707, ""miss_deg"": 0.83, ""labels"": [191]}, {""name"": ""香蕉"", ""share"": 0.111, ""q"": 0.015, ""capture"": 0.031, ""miss_deg"": 2.63, ""labels"": [196]}, {""name"": ""球M"", ""share"": 0.012, ""q"": 0.002, ""capture"": 0.011, ""miss_deg"": 3.02, ""labels"": [192]}]"
2026_08_16/s6,s6,v8,,table10,88.93,90.5,1.57,4.405,球L,191,0.618,0.034,0.208,0.567,0.566,0.945,object#162,,1,1,9,球L,1,3,"[{""name"": ""球L"", ""share"": 0.618, ""q"": 0.034, ""capture"": 0.208, ""miss_deg"": 1.77, ""labels"": [191]}, {""name"": ""球M"", ""share"": 0.35, ""q"": 0.019, ""capture"": 0.118, ""miss_deg"": 2.07, ""labels"": [192]}, {""name"": ""香蕉"", ""share"": 0.032, ""q"": 0.002, ""capture"": 0.004, ""miss_deg"": 3.34, ""labels"": [196]}]"
2026_08_16/s6,s6,v8,,table10,90.89,91.65,0.76,4.471,球M,192,0.975,0.059,0.407,0.027,0.026,0.939,object#17,,1,1,,,,2,"[{""name"": ""球M"", ""share"": 0.975, ""q"": 0.059, ""capture"": 0.407, ""miss_deg"": 1.34, ""labels"": [192]}, {""name"": ""球R"", ""share"": 0.025, ""q"": 0.002, ""capture"": 0.011, ""miss_deg"": 3.0, ""labels"": [193]}]"
2026_08_16/s6,s6,v8,,table10,91.76,94.9,3.14,4.501,球M,192,0.886,0.115,0.791,0.109,0.081,0.87,object#17,,1,1,10,球M,1,3,"[{""name"": ""球M"", ""share"": 0.886, ""q"": 0.115, ""capture"": 0.791, ""miss_deg"": 0.69, ""labels"": [192]}, {""name"": ""石榴"", ""share"": 0.072, ""q"": 0.009, ""capture"": 0.086, ""miss_deg"": 2.21, ""labels"": [195]}, {""name"": ""球R"", ""share"": 0.042, ""q"": 0.005, ""capture"": 0.04, ""miss_deg"": 2.54, ""labels"": [193]}]"
2026_08_16/s6,s6,v8,,table10,95.0,97.93,2.92,4.514,球M,192,0.724,0.122,0.833,0.397,0.298,0.832,object#17,,1,1,10,球M,1,3,"[{""name"": ""球M"", ""share"": 0.724, ""q"": 0.122, ""capture"": 0.833, ""miss_deg"": 0.6, ""labels"": [192]}, {""name"": ""石榴"", ""share"": 0.216, ""q"": 0.036, ""capture"": 0.331, ""miss_deg"": 1.49, ""labels"": [195]}, {""name"": ""球R"", ""share"": 0.06, ""q"": 0.01, ""capture"": 0.074, ""miss_deg"": 2.28, ""labels"": [193]}]"
2026_08_16/s6,s6,v8,,table10,98.25,98.57,0.32,4.49,球L,191,0.919,0.134,0.817,0.031,0.088,0.855,object#36,,1,1,,,,2,"[{""name"": ""球L"", ""share"": 0.919, ""q"": 0.134, ""capture"": 0.817, ""miss_deg"": 0.64, ""labels"": [191]}, {""name"": ""香蕉"", ""share"": 0.081, ""q"": 0.012, ""capture"": 0.025, ""miss_deg"": 2.72, ""labels"": [196]}]"
2026_08_16/s6,s6,v8,,table10,98.63,101.66,3.03,4.405,球L,191,0.806,0.181,1.103,0.065,0.19,0.776,object#36,,1,1,11,球L,1,3,"[{""name"": ""球L"", ""share"": 0.806, ""q"": 0.181, ""capture"": 1.103, ""miss_deg"": 0.0, ""labels"": [191]}, {""name"": ""香蕉"", ""share"": 0.153, ""q"": 0.034, ""capture"": 0.072, ""miss_deg"": 2.29, ""labels"": [196]}, {""name"": ""苹果"", ""share"": 0.041, ""q"": 0.009, ""capture"": 0.067, ""miss_deg"": 2.33, ""labels"": [194]}]"
2026_08_16/s6,s6,v8,,table10,101.77,102.96,1.19,4.403,球L,191,0.865,0.167,1.023,0.054,0.047,0.806,object#36,,1,1,11,球L,1,3,"[{""name"": ""球L"", ""share"": 0.865, ""q"": 0.167, ""capture"": 1.023, ""miss_deg"": 0.0, ""labels"": [191]}, {""name"": ""苹果"", ""share"": 0.041, ""q"": 0.008, ""capture"": 0.055, ""miss_deg"": 2.41, ""labels"": [194]}, {""name"": ""香蕉"", ""share"": 0.094, ""q"": 0.018, ""capture"": 0.039, ""miss_deg"": 2.55, ""labels"": [196]}]"
2026_08_16/s6,s6,v8,,table10,103.01,103.39,0.38,4.445,球M,192,0.967,0.124,0.849,0.042,0.031,0.872,object#162,,1,1,11,球L,0,3,"[{""name"": ""球M"", ""share"": 0.967, ""q"": 0.124, ""capture"": 0.849, ""miss_deg"": 0.57, ""labels"": [192]}, {""name"": ""石榴"", ""share"": 0.03, ""q"": 0.004, ""capture"": 0.036, ""miss_deg"": 2.58, ""labels"": [195]}, {""name"": ""球L"", ""share"": 0.003, ""q"": 0.0, ""capture"": 0.002, ""miss_deg"": 3.51, ""labels"": [191]}]"
2026_08_16/s6,s6,v8,,table10,103.45,104.0,0.54,4.401,球L,191,0.887,0.158,0.965,0.036,0.105,0.822,object#10,,1,1,11,球L,1,3,"[{""name"": ""球L"", ""share"": 0.887, ""q"": 0.158, ""capture"": 0.965, ""miss_deg"": 0.27, ""labels"": [191]}, {""name"": ""香蕉"", ""share"": 0.093, ""q"": 0.016, ""capture"": 0.035, ""miss_deg"": 2.59, ""labels"": [196]}, {""name"": ""球M"", ""share"": 0.012, ""q"": 0.002, ""capture"": 0.013, ""miss_deg"": 2.96, ""labels"": [192]}]"
2026_08_16/s6,s6,v8,,table10,104.05,104.48,0.43,4.409,球M,192,0.855,0.097,0.595,0.145,0.145,0.886,object#162,,1,1,11,球L,0,3,"[{""name"": ""球M"", ""share"": 0.855, ""q"": 0.097, ""capture"": 0.595, ""miss_deg"": 1.02, ""labels"": [192]}, {""name"": ""球L"", ""share"": 0.124, ""q"": 0.014, ""capture"": 0.086, ""miss_deg"": 2.21, ""labels"": [191]}, {""name"": ""石榴"", ""share"": 0.013, ""q"": 0.001, ""capture"": 0.013, ""miss_deg"": 2.95, ""labels"": [195]}]"
2026_08_16/s6,s6,v8,,table10,104.54,104.92,0.38,4.479,球M,192,0.888,0.164,1.127,0.169,0.126,0.815,object#162,,1,1,,,,2,"[{""name"": ""球M"", ""share"": 0.888, ""q"": 0.164, ""capture"": 1.127, ""miss_deg"": 0.0, ""labels"": [192]}, {""name"": ""石榴"", ""share"": 0.112, ""q"": 0.021, ""capture"": 0.19, ""miss_deg"": 1.82, ""labels"": [195]}]"
2026_08_16/s6,s6,v8,,table10,105.1,105.47,0.38,4.437,球M,192,0.93,0.16,1.098,0.101,0.075,0.828,object#162,,1,1,,,,2,"[{""name"": ""球M"", ""share"": 0.93, ""q"": 0.16, ""capture"": 1.098, ""miss_deg"": 0.0, ""labels"": [192]}, {""name"": ""石榴"", ""share"": 0.07, ""q"": 0.012, ""capture"": 0.111, ""miss_deg"": 2.1, ""labels"": [195]}]"
2026_08_16/s6,s6,v8,,table10,105.53,109.27,3.74,4.494,球M,192,0.901,0.168,1.151,0.146,0.11,0.814,object#162,,1,1,12,球M,1,2,"[{""name"": ""球M"", ""share"": 0.901, ""q"": 0.168, ""capture"": 1.151, ""miss_deg"": 0.0, ""labels"": [192]}, {""name"": ""石榴"", ""share"": 0.099, ""q"": 0.018, ""capture"": 0.168, ""miss_deg"": 1.89, ""labels"": [195]}]"
2026_08_16/s6,s6,v8,,table10,109.32,110.62,1.3,4.563,球M,192,0.791,0.121,0.831,0.224,0.168,0.847,object#17,,1,1,12,球M,1,3,"[{""name"": ""球M"", ""share"": 0.791, ""q"": 0.121, ""capture"": 0.831, ""miss_deg"": 0.61, ""labels"": [192]}, {""name"": ""石榴"", ""share"": 0.133, ""q"": 0.02, ""capture"": 0.186, ""miss_deg"": 1.83, ""labels"": [195]}, {""name"": ""球R"", ""share"": 0.076, ""q"": 0.012, ""capture"": 0.098, ""miss_deg"": 2.16, ""labels"": [193]}]"
2026_08_16/s6,s6,v8,,table10,110.67,111.22,0.54,4.546,球R,193,0.77,0.057,0.417,0.29,0.232,0.926,object#17,,1,1,12,球M,0,3,"[{""name"": ""球R"", ""share"": 0.77, ""q"": 0.057, ""capture"": 0.417, ""miss_deg"": 1.32, ""labels"": [193]}, {""name"": ""石榴"", ""share"": 0.179, ""q"": 0.013, ""capture"": 0.121, ""miss_deg"": 2.06, ""labels"": [195]}, {""name"": ""球M"", ""share"": 0.051, ""q"": 0.004, ""capture"": 0.026, ""miss_deg"": 2.7, ""labels"": [192]}]"
2026_08_16/s6,s6,v8,,table10,111.59,112.14,0.54,4.559,球M,192,0.71,0.102,0.702,0.336,0.252,0.856,object#17,,1,1,,,,3,"[{""name"": ""球M"", ""share"": 0.71, ""q"": 0.102, ""capture"": 0.702, ""miss_deg"": 0.84, ""labels"": [192]}, {""name"": ""石榴"", ""share"": 0.179, ""q"": 0.026, ""capture"": 0.236, ""miss_deg"": 1.7, ""labels"": [195]}, {""name"": ""球R"", ""share"": 0.111, ""q"": 0.016, ""capture"": 0.117, ""miss_deg"": 2.07, ""labels"": [193]}]"
2026_08_16/s6,s6,v8,,table10,112.19,112.57,0.38,4.385,球L,191,0.878,0.145,0.884,0.04,0.116,0.835,object#149,,1,1,,,,3,"[{""name"": ""球L"", ""share"": 0.878, ""q"": 0.145, ""capture"": 0.884, ""miss_deg"": 0.5, ""labels"": [191]}, {""name"": ""香蕉"", ""share"": 0.102, ""q"": 0.017, ""capture"": 0.035, ""miss_deg"": 2.58, ""labels"": [196]}, {""name"": ""球M"", ""share"": 0.011, ""q"": 0.002, ""capture"": 0.011, ""miss_deg"": 3.0, ""labels"": [192]}]"
2026_08_16/s6,s6,v8,,table10,112.68,115.38,2.7,4.406,球L,191,0.827,0.179,1.093,0.066,0.056,0.784,object#36,,1,1,,,,3,"[{""name"": ""球L"", ""share"": 0.827, ""q"": 0.179, ""capture"": 1.093, ""miss_deg"": 0.0, ""labels"": [191]}, {""name"": ""苹果"", ""share"": 0.046, ""q"": 0.01, ""capture"": 0.072, ""miss_deg"": 2.29, ""labels"": [194]}, {""name"": ""香蕉"", ""share"": 0.128, ""q"": 0.028, ""capture"": 0.058, ""miss_deg"": 2.38, ""labels"": [196]}]"
2026_08_16/s6,s6,v8,,table10,115.44,116.03,0.6,4.482,球M,192,0.867,0.079,0.543,0.122,0.136,0.909,object#162,,1,1,13,球L,0,3,"[{""name"": ""球M"", ""share"": 0.867, ""q"": 0.079, ""capture"": 0.543, ""miss_deg"": 1.11, ""labels"": [192]}, {""name"": ""球L"", ""share"": 0.118, ""q"": 0.011, ""capture"": 0.066, ""miss_deg"": 2.33, ""labels"": [191]}, {""name"": ""石榴"", ""share"": 0.006, ""q"": 0.001, ""capture"": 0.005, ""miss_deg"": 3.28, ""labels"": [195]}]"
2026_08_16/s6,s6,v8,,table10,116.09,117.12,1.03,4.48,球L,191,0.812,0.177,1.082,0.069,0.201,0.782,object#36,,1,1,13,球L,1,3,"[{""name"": ""球L"", ""share"": 0.812, ""q"": 0.177, ""capture"": 1.082, ""miss_deg"": 0.0, ""labels"": [191]}, {""name"": ""香蕉"", ""share"": 0.163, ""q"": 0.035, ""capture"": 0.075, ""miss_deg"": 2.28, ""labels"": [196]}, {""name"": ""苹果"", ""share"": 0.025, ""q"": 0.005, ""capture"": 0.04, ""miss_deg"": 2.54, ""labels"": [194]}]"
2026_08_16/s6,s6,v8,,table10,117.44,117.82,0.38,4.504,球L,191,0.848,0.142,0.866,0.05,0.044,0.833,object#10,,1,1,13,球L,1,3,"[{""name"": ""球L"", ""share"": 0.848, ""q"": 0.142, ""capture"": 0.866, ""miss_deg"": 0.54, ""labels"": [191]}, {""name"": ""球M"", ""share"": 0.037, ""q"": 0.006, ""capture"": 0.043, ""miss_deg"": 2.51, ""labels"": [192]}, {""name"": ""香蕉"", ""share"": 0.114, ""q"": 0.019, ""capture"": 0.04, ""miss_deg"": 2.53, ""labels"": [196]}]"
2026_08_16/s6,s6,v8,,table10,117.87,118.14,0.27,4.517,球M,192,0.946,0.188,1.289,0.071,0.054,0.801,object#10,,1,1,13,球L,0,3,"[{""name"": ""球M"", ""share"": 0.946, ""q"": 0.188, ""capture"": 1.289, ""miss_deg"": 0.0, ""labels"": [192]}, {""name"": ""石榴"", ""share"": 0.051, ""q"": 0.01, ""capture"": 0.092, ""miss_deg"": 2.19, ""labels"": [195]}, {""name"": ""球L"", ""share"": 0.004, ""q"": 0.001, ""capture"": 0.005, ""miss_deg"": 3.28, ""labels"": [191]}]"
2026_08_16/s6,s6,v8,,table10,118.2,119.01,0.81,4.459,球L,191,0.785,0.172,1.052,0.081,0.234,0.781,object#10,,1,1,13,球L,1,3,"[{""name"": ""球L"", ""share"": 0.785, ""q"": 0.172, ""capture"": 1.052, ""miss_deg"": 0.0, ""labels"": [191]}, {""name"": ""香蕉"", ""share"": 0.184, ""q"": 0.04, ""capture"": 0.085, ""miss_deg"": 2.22, ""labels"": [196]}, {""name"": ""苹果"", ""share"": 0.02, ""q"": 0.004, ""capture"": 0.033, ""miss_deg"": 2.62, ""labels"": [194]}]"
2026_08_16/s6,s6,v8,,table10,119.37,122.25,2.88,4.548,球R,193,0.792,0.069,0.502,0.293,0.235,0.913,object#17,,1,1,,,,3,"[{""name"": ""球R"", ""share"": 0.792, ""q"": 0.069, ""capture"": 0.502, ""miss_deg"": 1.17, ""labels"": [193]}, {""name"": ""石榴"", ""share"": 0.186, ""q"": 0.016, ""capture"": 0.147, ""miss_deg"": 1.96, ""labels"": [195]}, {""name"": ""球M"", ""share"": 0.022, ""q"": 0.002, ""capture"": 0.013, ""miss_deg"": 2.94, ""labels"": [192]}]"
2026_08_16/s6,s6,v8,,table10,122.3,124.31,2.0,4.54,球R,193,0.865,0.075,0.548,0.195,0.156,0.913,object#17,,1,1,14,球R,1,2,"[{""name"": ""球R"", ""share"": 0.865, ""q"": 0.075, ""capture"": 0.548, ""miss_deg"": 1.1, ""labels"": [193]}, {""name"": ""石榴"", ""share"": 0.135, ""q"": 0.012, ""capture"": 0.107, ""miss_deg"": 2.11, ""labels"": [195]}]"
2026_08_16/s6,s6,v8,,table10,124.36,124.69,0.32,4.496,球M,192,0.964,0.123,0.844,0.05,0.037,0.872,object#162,,1,1,14,球R,0,2,"[{""name"": ""球M"", ""share"": 0.964, ""q"": 0.123, ""capture"": 0.844, ""miss_deg"": 0.58, ""labels"": [192]}, {""name"": ""石榴"", ""share"": 0.036, ""q"": 0.005, ""capture"": 0.042, ""miss_deg"": 2.52, ""labels"": [195]}]"
2026_08_16/s6,s6,v8,,table10,125.14,125.46,0.32,4.526,球M,192,0.865,0.19,1.299,0.208,0.156,0.781,object#10,,1,1,14,球R,0,2,"[{""name"": ""球M"", ""share"": 0.865, ""q"": 0.19, ""capture"": 1.299, ""miss_deg"": 0.0, ""labels"": [192]}, {""name"": ""石榴"", ""share"": 0.135, ""q"": 0.03, ""capture"": 0.27, ""miss_deg"": 1.62, ""labels"": [195]}]"
2026_08_16/s6,s6,v8,,table10,125.52,125.79,0.27,4.624,球R,193,0.785,0.104,0.872,0.282,0.261,0.868,object#17,,1,1,14,球R,1,3,"[{""name"": ""球R"", ""share"": 0.785, ""q"": 0.104, ""capture"": 0.872, ""miss_deg"": 0.52, ""labels"": [193]}, {""name"": ""石榴"", ""share"": 0.205, ""q"": 0.027, ""capture"": 0.246, ""miss_deg"": 1.67, ""labels"": [195]}, {""name"": ""球M"", ""share"": 0.01, ""q"": 0.001, ""capture"": 0.009, ""miss_deg"": 3.06, ""labels"": [192]}]"
2026_08_16/s6,s6,v8,,table10,125.84,126.39,0.54,4.494,球M,192,0.844,0.177,1.213,0.243,0.182,0.79,object#162,,1,1,,,,3,"[{""name"": ""球M"", ""share"": 0.844, ""q"": 0.177, ""capture"": 1.213, ""miss_deg"": 0.0, ""labels"": [192]}, {""name"": ""石榴"", ""share"": 0.154, ""q"": 0.032, ""capture"": 0.295, ""miss_deg"": 1.56, ""labels"": [195]}, {""name"": ""球R"", ""share"": 0.002, ""q"": 0.0, ""capture"": 0.003, ""miss_deg"": 3.37, ""labels"": [193]}]"
2026_08_16/s6,s6,v8,,table10,126.61,130.13,3.52,4.398,球L,191,0.811,0.201,1.228,0.081,0.073,0.752,object#36,,1,1,,,,3,"[{""name"": ""球L"", ""share"": 0.811, ""q"": 0.201, ""capture"": 1.228, ""miss_deg"": 0.0, ""labels"": [191]}, {""name"": ""苹果"", ""share"": 0.059, ""q"": 0.015, ""capture"": 0.1, ""miss_deg"": 2.14, ""labels"": [194]}, {""name"": ""香蕉"", ""share"": 0.13, ""q"": 0.032, ""capture"": 0.068, ""miss_deg"": 2.32, ""labels"": [196]}]"
2026_08_16/s6,s6,v8,,table10,130.18,131.91,1.73,4.438,球L,191,0.775,0.194,1.186,0.085,0.246,0.75,object#36,,1,1,15,球L,1,3,"[{""name"": ""球L"", ""share"": 0.775, ""q"": 0.194, ""capture"": 1.186, ""miss_deg"": 0.0, ""labels"": [191]}, {""name"": ""香蕉"", ""share"": 0.191, ""q"": 0.048, ""capture"": 0.101, ""miss_deg"": 2.14, ""labels"": [196]}, {""name"": ""苹果"", ""share"": 0.034, ""q"": 0.008, ""capture"": 0.061, ""miss_deg"": 2.36, ""labels"": [194]}]"
2026_08_16/s6,s6,v8,,table10,131.97,132.24,0.27,4.346,球L,191,0.878,0.042,0.256,0.07,0.063,0.952,object#36,,1,1,15,球L,1,3,"[{""name"": ""球L"", ""share"": 0.878, ""q"": 0.042, ""capture"": 0.256, ""miss_deg"": 1.65, ""labels"": [191]}, {""name"": ""苹果"", ""share"": 0.055, ""q"": 0.003, ""capture"": 0.018, ""miss_deg"": 2.83, ""labels"": [194]}, {""name"": ""香蕉"", ""share"": 0.066, ""q"": 0.003, ""capture"": 0.006, ""miss_deg"": 3.18, ""labels"": [196]}]"
2026_08_16/s6,s6,v8,,table10,135.56,135.94,0.38,1.777,,-1,0.0,0.0,,,,1.0,object#82,,0,0,,,,0,[]
2026_08_18/000,s7,v8,,table10,8.99,9.75,0.76,3.208,球M,192,1.0,0.032,0.117,0.0,0.0,0.968,object#17,,0,0,,,,1,"[{""name"": ""球M"", ""share"": 1.0, ""q"": 0.032, ""capture"": 0.117, ""miss_deg"": 2.07, ""labels"": [192]}]"
2026_08_18/000,s7,v8,,table10,10.07,10.61,0.54,2.904,球M,192,0.937,0.143,0.452,0.066,0.067,0.848,object#17,,1,1,,,,2,"[{""name"": ""球M"", ""share"": 0.937, ""q"": 0.143, ""capture"": 0.452, ""miss_deg"": 1.26, ""labels"": [192]}, {""name"": ""球L"", ""share"": 0.063, ""q"": 0.01, ""capture"": 0.03, ""miss_deg"": 2.65, ""labels"": [191]}]"
2026_08_18/000,s7,v8,,table10,11.1,12.13,1.03,2.934,球M,192,0.956,0.142,0.449,0.047,0.046,0.852,object#17,,1,1,,,,2,"[{""name"": ""球M"", ""share"": 0.956, ""q"": 0.142, ""capture"": 0.449, ""miss_deg"": 1.27, ""labels"": [192]}, {""name"": ""球L"", ""share"": 0.044, ""q"": 0.007, ""capture"": 0.021, ""miss_deg"": 2.78, ""labels"": [191]}]"
2026_08_18/000,s7,v8,,table10,12.18,12.72,0.54,3.18,球M,192,0.599,0.085,0.316,0.734,0.669,0.857,object#17,,1,1,,,,2,"[{""name"": ""球M"", ""share"": 0.599, ""q"": 0.085, ""capture"": 0.316, ""miss_deg"": 1.52, ""labels"": [192]}, {""name"": ""球R"", ""share"": 0.401, ""q"": 0.057, ""capture"": 0.232, ""miss_deg"": 1.71, ""labels"": [193]}]"
2026_08_18/000,s7,v8,,table10,15.27,15.92,0.65,2.967,球M,192,0.79,0.101,0.336,0.253,0.266,0.872,object#17,,1,1,,,,2,"[{""name"": ""球M"", ""share"": 0.79, ""q"": 0.101, ""capture"": 0.336, ""miss_deg"": 1.48, ""labels"": [192]}, {""name"": ""球L"", ""share"": 0.21, ""q"": 0.027, ""capture"": 0.085, ""miss_deg"": 2.22, ""labels"": [191]}]"
2026_08_18/000,s7,v8,,table10,16.14,21.01,4.87,3.01,球L,191,0.996,0.186,0.589,0.003,0.004,0.813,object#118,,1,1,1,球L,1,2,"[{""name"": ""球L"", ""share"": 0.996, ""q"": 0.186, ""capture"": 0.589, ""miss_deg"": 1.03, ""labels"": [191]}, {""name"": ""球M"", ""share"": 0.004, ""q"": 0.001, ""capture"": 0.002, ""miss_deg"": 3.48, ""labels"": [192]}]"
2026_08_18/000,s7,v8,,table10,21.17,21.61,0.43,3.464,球L,191,1.0,0.003,0.011,0.0,0.0,0.997,object#17,,0,0,1,球L,1,1,"[{""name"": ""球L"", ""share"": 1.0, ""q"": 0.003, ""capture"": 0.011, ""miss_deg"": 3.01, ""labels"": [191]}]"
2026_08_18/000,s7,v8,,table10,21.96,22.39,0.43,3.321,球R,193,0.667,0.036,0.155,0.465,0.499,0.946,object#17,,0,0,,,,2,"[{""name"": ""球R"", ""share"": 0.667, ""q"": 0.036, ""capture"": 0.155, ""miss_deg"": 1.93, ""labels"": [193]}, {""name"": ""球M"", ""share"": 0.333, ""q"": 0.018, ""capture"": 0.072, ""miss_deg"": 2.29, ""labels"": [192]}]"
2026_08_18/000,s7,v8,,table10,23.04,26.46,3.41,3.005,球L,191,1.0,0.128,0.405,0.0,0.0,0.872,object#118,,1,1,2,球L,1,1,"[{""name"": ""球L"", ""share"": 1.0, ""q"": 0.128, ""capture"": 0.405, ""miss_deg"": 1.35, ""labels"": [191]}]"
2026_08_18/000,s7,v8,,table10,26.57,29.82,3.25,3.014,球L,191,0.997,0.166,0.527,0.004,0.003,0.833,object#118,,1,1,2,球L,1,2,"[{""name"": ""球L"", ""share"": 0.997, ""q"": 0.166, ""capture"": 0.527, ""miss_deg"": 1.13, ""labels"": [191]}, {""name"": ""球M"", ""share"": 0.003, ""q"": 0.001, ""capture"": 0.002, ""miss_deg"": 3.57, ""labels"": [192]}]"
2026_08_18/000,s7,v8,,table10,30.35,30.73,0.38,3.357,球R,193,0.772,0.117,0.524,0.267,0.295,0.849,object#17,,1,1,,,,2,"[{""name"": ""球R"", ""share"": 0.772, ""q"": 0.117, ""capture"": 0.524, ""miss_deg"": 1.14, ""labels"": [193]}, {""name"": ""球M"", ""share"": 0.228, ""q"": 0.035, ""capture"": 0.14, ""miss_deg"": 1.98, ""labels"": [192]}]"
2026_08_18/000,s7,v8,,table10,30.78,33.38,2.6,3.399,球R,193,0.86,0.059,0.266,0.147,0.163,0.931,object#17,,1,1,3,球R,1,2,"[{""name"": ""球R"", ""share"": 0.86, ""q"": 0.059, ""capture"": 0.266, ""miss_deg"": 1.63, ""labels"": [193]}, {""name"": ""球M"", ""share"": 0.14, ""q"": 0.01, ""capture"": 0.039, ""miss_deg"": 2.55, ""labels"": [192]}]"
2026_08_18/000,s7,v8,,table10,33.44,33.71,0.27,3.294,球M,192,0.84,0.1,0.394,0.211,0.19,0.88,object#17,,1,1,3,球R,0,2,"[{""name"": ""球M"", ""share"": 0.84, ""q"": 0.1, ""capture"": 0.394, ""miss_deg"": 1.36, ""labels"": [192]}, {""name"": ""球R"", ""share"": 0.16, ""q"": 0.019, ""capture"": 0.083, ""miss_deg"": 2.23, ""labels"": [193]}]"
2026_08_18/000,s7,v8,,table10,33.76,34.3,0.54,3.208,球M,192,0.794,0.164,0.607,0.28,0.256,0.793,object#17,,1,1,3,球R,0,3,"[{""name"": ""球M"", ""share"": 0.794, ""q"": 0.164, ""capture"": 0.607, ""miss_deg"": 1.0, ""labels"": [192]}, {""name"": ""球R"", ""share"": 0.203, ""q"": 0.042, ""capture"": 0.17, ""miss_deg"": 1.88, ""labels"": [193]}, {""name"": ""球L"", ""share"": 0.003, ""q"": 0.001, ""capture"": 0.002, ""miss_deg"": 3.48, ""labels"": [191]}]"
2026_08_18/000,s7,v8,,table10,34.36,34.74,0.38,3.024,球M,192,0.915,0.217,0.722,0.087,0.079,0.762,object#17,,1,1,3,球R,0,3,"[{""name"": ""球M"", ""share"": 0.915, ""q"": 0.217, ""capture"": 0.722, ""miss_deg"": 0.81, ""labels"": [192]}, {""name"": ""球R"", ""share"": 0.072, ""q"": 0.017, ""capture"": 0.063, ""miss_deg"": 2.35, ""labels"": [193]}, {""name"": ""球L"", ""share"": 0.013, ""q"": 0.003, ""capture"": 0.01, ""miss_deg"": 3.03, ""labels"": [191]}]"
2026_08_18/000,s7,v8,,table10,35.4,35.78,0.38,3.332,球M,192,0.993,0.046,0.186,0.005,0.007,0.954,object#17,,0,0,3,球R,0,2,"[{""name"": ""球M"", ""share"": 0.993, ""q"": 0.046, ""capture"": 0.186, ""miss_deg"": 1.83, ""labels"": [192]}, {""name"": ""球R"", ""share"": 0.007, ""q"": 0.0, ""capture"": 0.001, ""miss_deg"": 3.61, ""labels"": [193]}]"
2026_08_18/000,s7,v8,,table10,35.94,36.27,0.32,3.177,球M,192,0.747,0.188,0.694,0.367,0.335,0.749,object#17,,1,1,,,,3,"[{""name"": ""球M"", ""share"": 0.747, ""q"": 0.188, ""capture"": 0.694, ""miss_deg"": 0.85, ""labels"": [192]}, {""name"": ""球R"", ""share"": 0.25, ""q"": 0.063, ""capture"": 0.255, ""miss_deg"": 1.65, ""labels"": [193]}, {""name"": ""球L"", ""share"": 0.002, ""q"": 0.001, ""capture"": 0.002, ""miss_deg"": 3.51, ""labels"": [191]}]"
2026_08_18/000,s7,v8,,table10,36.38,36.65,0.27,3.204,球M,192,0.909,0.124,0.459,0.105,0.095,0.863,object#17,,1,1,,,,3,"[{""name"": ""球M"", ""share"": 0.909, ""q"": 0.124, ""capture"": 0.459, ""miss_deg"": 1.25, ""labels"": [192]}, {""name"": ""球R"", ""share"": 0.086, ""q"": 0.012, ""capture"": 0.048, ""miss_deg"": 2.47, ""labels"": [193]}, {""name"": ""球L"", ""share"": 0.005, ""q"": 0.001, ""capture"": 0.002, ""miss_deg"": 3.5, ""labels"": [191]}]"
2026_08_18/000,s7,v8,,table10,36.97,37.41,0.43,3.329,球M,192,0.548,0.066,0.268,0.914,0.825,0.879,object#17,,1,1,,,,2,"[{""name"": ""球M"", ""share"": 0.548, ""q"": 0.066, ""capture"": 0.268, ""miss_deg"": 1.62, ""labels"": [192]}, {""name"": ""球R"", ""share"": 0.452, ""q"": 0.055, ""capture"": 0.245, ""miss_deg"": 1.68, ""labels"": [193]}]"
2026_08_18/000,s7,v8,,table10,37.73,40.11,2.38,3.376,球R,193,0.857,0.04,0.182,0.148,0.167,0.953,object#17,,0,0,4,球R,1,2,"[{""name"": ""球R"", ""share"": 0.857, ""q"": 0.04, ""capture"": 0.182, ""miss_deg"": 1.85, ""labels"": [193]}, {""name"": ""球M"", ""share"": 0.143, ""q"": 0.007, ""capture"": 0.027, ""miss_deg"": 2.68, ""labels"": [192]}]"
2026_08_18/000,s7,v8,,table10,40.17,42.39,2.22,3.354,球R,193,0.553,0.026,0.118,0.729,0.808,0.952,object#17,,0,0,4,球R,1,2,"[{""name"": ""球R"", ""share"": 0.553, ""q"": 0.026, ""capture"": 0.118, ""miss_deg"": 2.07, ""labels"": [193]}, {""name"": ""球M"", ""share"": 0.447, ""q"": 0.021, ""capture"": 0.086, ""miss_deg"": 2.21, ""labels"": [192]}]"
2026_08_18/000,s7,v8,,table10,42.44,42.71,0.27,3.27,球M,192,0.736,0.096,0.377,0.395,0.359,0.869,object#17,,1,1,4,球R,0,2,"[{""name"": ""球M"", ""share"": 0.736, ""q"": 0.096, ""capture"": 0.377, ""miss_deg"": 1.4, ""labels"": [192]}, {""name"": ""球R"", ""share"": 0.264, ""q"": 0.035, ""capture"": 0.149, ""miss_deg"": 1.95, ""labels"": [193]}]"
2026_08_18/000,s7,v8,,table10,42.87,43.14,0.27,3.41,球R,193,1.0,0.029,0.129,0.0,0.0,0.971,object#17,,0,0,4,球R,1,1,"[{""name"": ""球R"", ""share"": 1.0, ""q"": 0.029, ""capture"": 0.129, ""miss_deg"": 2.02, ""labels"": [193]}]"
2026_08_18/000,s7,v8,,table10,43.19,43.52,0.32,3.259,球M,192,0.678,0.1,0.369,0.556,0.475,0.853,object#17,,1,1,,,,2,"[{""name"": ""球M"", ""share"": 0.678, ""q"": 0.1, ""capture"": 0.369, ""miss_deg"": 1.41, ""labels"": [192]}, {""name"": ""球R"", ""share"": 0.322, ""q"": 0.047, ""capture"": 0.205, ""miss_deg"": 1.78, ""labels"": [193]}]"
2026_08_18/000,s7,v8,,table10,44.11,44.44,0.32,3.207,球M,192,0.782,0.131,0.483,0.304,0.277,0.833,object#17,,1,1,,,,3,"[{""name"": ""球M"", ""share"": 0.782, ""q"": 0.131, ""capture"": 0.483, ""miss_deg"": 1.21, ""labels"": [192]}, {""name"": ""球R"", ""share"": 0.217, ""q"": 0.036, ""capture"": 0.147, ""miss_deg"": 1.96, ""labels"": [193]}, {""name"": ""球L"", ""share"": 0.001, ""q"": 0.0, ""capture"": 0.001, ""miss_deg"": 3.79, ""labels"": [191]}]"
2026_08_18/000,s7,v8,,table10,44.49,44.98,0.49,3.05,球M,192,0.865,0.19,0.631,0.163,0.146,0.78,object#17,,1,1,5,球M,1,3,"[{""name"": ""球M"", ""share"": 0.865, ""q"": 0.19, ""capture"": 0.631, ""miss_deg"": 0.96, ""labels"": [192]}, {""name"": ""球R"", ""share"": 0.126, ""q"": 0.028, ""capture"": 0.103, ""miss_deg"": 2.13, ""labels"": [193]}, {""name"": ""球L"", ""share"": 0.009, ""q"": 0.002, ""capture"": 0.007, ""miss_deg"": 3.17, ""labels"": [191]}]"
2026_08_18/000,s7,v8,,table10,45.25,45.9,0.65,3.018,球M,192,0.963,0.139,0.463,0.019,0.018,0.855,object#17,,1,1,5,球M,1,3,"[{""name"": ""球M"", ""share"": 0.963, ""q"": 0.139, ""capture"": 0.463, ""miss_deg"": 1.24, ""labels"": [192]}, {""name"": ""球R"", ""share"": 0.017, ""q"": 0.003, ""capture"": 0.009, ""miss_deg"": 3.06, ""labels"": [193]}, {""name"": ""球L"", ""share"": 0.02, ""q"": 0.003, ""capture"": 0.009, ""miss_deg"": 3.07, ""labels"": [191]}]"
2026_08_18/000,s7,v8,,table10,46.49,47.69,1.19,3.007,球M,192,0.938,0.176,0.584,0.039,0.042,0.813,object#17,,1,1,5,球M,1,3,"[{""name"": ""球M"", ""share"": 0.938, ""q"": 0.176, ""capture"": 0.584, ""miss_deg"": 1.04, ""labels"": [192]}, {""name"": ""球L"", ""share"": 0.039, ""q"": 0.007, ""capture"": 0.023, ""miss_deg"": 2.75, ""labels"": [191]}, {""name"": ""球R"", ""share"": 0.023, ""q"": 0.004, ""capture"": 0.016, ""miss_deg"": 2.88, ""labels"": [193]}]"
2026_08_18/000,s7,v8,,table10,47.85,49.64,1.79,2.988,球M,192,0.886,0.115,0.383,0.123,0.129,0.87,object#17,,1,1,5,球M,1,2,"[{""name"": ""球M"", ""share"": 0.886, ""q"": 0.115, ""capture"": 0.383, ""miss_deg"": 1.39, ""labels"": [192]}, {""name"": ""球L"", ""share"": 0.114, ""q"": 0.015, ""capture"": 0.047, ""miss_deg"": 2.47, ""labels"": [191]}]"
2026_08_18/000,s7,v8,,table10,50.89,51.27,0.38,3.013,球L,191,0.985,0.07,0.221,0.014,0.015,0.929,object#17,,1,1,,,,2,"[{""name"": ""球L"", ""share"": 0.985, ""q"": 0.07, ""capture"": 0.221, ""miss_deg"": 1.74, ""labels"": [191]}, {""name"": ""球M"", ""share"": 0.015, ""q"": 0.001, ""capture"": 0.003, ""miss_deg"": 3.37, ""labels"": [192]}]"
2026_08_18/000,s7,v8,,table10,51.51,52.11,0.6,2.996,球L,191,0.937,0.381,1.206,0.041,0.038,0.594,object#10,,1,1,6,球L,1,3,"[{""name"": ""球L"", ""share"": 0.937, ""q"": 0.381, ""capture"": 1.206, ""miss_deg"": 0.0, ""labels"": [191]}, {""name"": ""球M"", ""share"": 0.036, ""q"": 0.015, ""capture"": 0.049, ""miss_deg"": 2.45, ""labels"": [192]}, {""name"": ""香蕉"", ""share"": 0.027, ""q"": 0.011, ""capture"": 0.014, ""miss_deg"": 2.92, ""labels"": [196]}]"
2026_08_18/000,s7,v8,,table10,52.77,53.15,0.38,3.016,球L,191,0.922,0.314,0.994,0.089,0.085,0.66,object#17,,1,1,6,球L,1,2,"[{""name"": ""球L"", ""share"": 0.922, ""q"": 0.314, ""capture"": 0.994, ""miss_deg"": 0.11, ""labels"": [191]}, {""name"": ""球M"", ""share"": 0.078, ""q"": 0.026, ""capture"": 0.088, ""miss_deg"": 2.21, ""labels"": [192]}]"
2026_08_18/000,s7,v8,,table10,53.2,56.18,2.98,3.018,球L,191,0.954,0.381,1.207,0.016,0.015,0.601,object#36,,1,1,6,球L,1,3,"[{""name"": ""球L"", ""share"": 0.954, ""q"": 0.381, ""capture"": 1.207, ""miss_deg"": 0.0, ""labels"": [191]}, {""name"": ""球M"", ""share"": 0.014, ""q"": 0.006, ""capture"": 0.019, ""miss_deg"": 2.81, ""labels"": [192]}, {""name"": ""香蕉"", ""share"": 0.031, ""q"": 0.013, ""capture"": 0.016, ""miss_deg"": 2.87, ""labels"": [196]}]"
2026_08_18/000,s7,v8,,table10,56.34,57.37,1.03,3.017,球L,191,0.712,0.077,0.245,0.424,0.404,0.891,object#17,,1,1,6,球L,1,2,"[{""name"": ""球L"", ""share"": 0.712, ""q"": 0.077, ""capture"": 0.245, ""miss_deg"": 1.68, ""labels"": [191]}, {""name"": ""球M"", ""share"": 0.288, ""q"": 0.031, ""capture"": 0.104, ""miss_deg"": 2.13, ""labels"": [192]}]"
2026_08_18/000,s7,v8,,table10,57.91,58.24,0.32,2.985,球M,192,0.885,0.214,0.711,0.089,0.093,0.758,object#17,,1,1,,,,3,"[{""name"": ""球M"", ""share"": 0.885, ""q"": 0.214, ""capture"": 0.711, ""miss_deg"": 0.83, ""labels"": [192]}, {""name"": ""球L"", ""share"": 0.082, ""q"": 0.02, ""capture"": 0.063, ""miss_deg"": 2.35, ""labels"": [191]}, {""name"": ""球R"", ""share"": 0.033, ""q"": 0.008, ""capture"": 0.029, ""miss_deg"": 2.66, ""labels"": [193]}]"
2026_08_18/000,s7,v8,,table10,58.35,60.96,2.61,2.985,球M,192,0.889,0.252,0.838,0.064,0.069,0.717,object#70,,1,1,7,球M,1,3,"[{""name"": ""球M"", ""share"": 0.889, ""q"": 0.252, ""capture"": 0.838, ""miss_deg"": 0.6, ""labels"": [192]}, {""name"": ""球L"", ""share"": 0.061, ""q"": 0.017, ""capture"": 0.054, ""miss_deg"": 2.41, ""labels"": [191]}, {""name"": ""球R"", ""share"": 0.05, ""q"": 0.014, ""capture"": 0.053, ""miss_deg"": 2.43, ""labels"": [193]}]"
2026_08_18/000,s7,v8,,table10,61.01,62.2,1.19,3.326,球M,192,0.586,0.05,0.203,0.783,0.706,0.914,object#17,,1,1,7,球M,1,2,"[{""name"": ""球M"", ""share"": 0.586, ""q"": 0.05, ""capture"": 0.203, ""miss_deg"": 1.79, ""labels"": [192]}, {""name"": ""球R"", ""share"": 0.414, ""q"": 0.035, ""capture"": 0.159, ""miss_deg"": 1.92, ""labels"": [193]}]"
2026_08_18/000,s7,v8,,table10,63.12,63.5,0.38,2.969,球M,192,0.906,0.131,0.434,0.099,0.103,0.856,object#17,,1,1,7,球M,1,3,"[{""name"": ""球M"", ""share"": 0.906, ""q"": 0.131, ""capture"": 0.434, ""miss_deg"": 1.29, ""labels"": [192]}, {""name"": ""球L"", ""share"": 0.093, ""q"": 0.013, ""capture"": 0.043, ""miss_deg"": 2.51, ""labels"": [191]}, {""name"": ""球R"", ""share"": 0.0, ""q"": 0.0, ""capture"": 0.0, ""miss_deg"": 4.12, ""labels"": [193]}]"
2026_08_18/000,s7,v8,,table10,63.72,64.15,0.43,2.985,球M,192,0.935,0.171,0.569,0.049,0.052,0.817,object#17,,1,1,,,,3,"[{""name"": ""球M"", ""share"": 0.935, ""q"": 0.171, ""capture"": 0.569, ""miss_deg"": 1.06, ""labels"": [192]}, {""name"": ""球L"", ""share"": 0.049, ""q"": 0.009, ""capture"": 0.028, ""miss_deg"": 2.67, ""labels"": [191]}, {""name"": ""球R"", ""share"": 0.016, ""q"": 0.003, ""capture"": 0.011, ""miss_deg"": 3.01, ""labels"": [193]}]"
2026_08_18/000,s7,v8,,table10,66.98,67.26,0.27,2.818,,-1,0.0,0.0,,,,1.0,floor,,0,0,,,,0,[]
2026_08_18/000,s7,v8,,table10,68.14,69.28,1.14,2.951,,-1,0.0,0.0,,,,1.0,object#11,,0,0,,,,0,[]
2026_08_18/000,s7,v8,,table10,69.33,69.71,0.38,2.966,,-1,0.0,0.0,,,,1.0,object#11,,0,0,,,,0,[]
2026_08_18/000,s7,v8,,table10,69.77,70.04,0.27,2.868,,-1,0.0,0.0,,,,1.0,object#11,,0,0,,,,0,[]
2026_08_18/000,s7,v8,,table10,70.44,71.9,1.46,2.973,球M,192,0.792,0.232,0.77,0.242,0.254,0.707,object#10,,1,1,,,,3,"[{""name"": ""球M"", ""share"": 0.792, ""q"": 0.232, ""capture"": 0.77, ""miss_deg"": 0.72, ""labels"": [192]}, {""name"": ""球L"", ""share"": 0.201, ""q"": 0.059, ""capture"": 0.186, ""miss_deg"": 1.83, ""labels"": [191]}, {""name"": ""球R"", ""share"": 0.007, ""q"": 0.002, ""capture"": 0.007, ""miss_deg"": 3.14, ""labels"": [193]}]"
2026_08_18/000,s7,v8,,table10,72.06,72.77,0.71,2.932,球M,192,0.901,0.174,0.552,0.101,0.101,0.806,object#17,,1,1,,,,3,"[{""name"": ""球M"", ""share"": 0.901, ""q"": 0.174, ""capture"": 0.552, ""miss_deg"": 1.09, ""labels"": [192]}, {""name"": ""球L"", ""share"": 0.091, ""q"": 0.018, ""capture"": 0.056, ""miss_deg"": 2.4, ""labels"": [191]}, {""name"": ""球R"", ""share"": 0.009, ""q"": 0.002, ""capture"": 0.005, ""miss_deg"": 3.23, ""labels"": [193]}]"
2026_08_18/000,s7,v8,,table10,73.42,73.8,0.38,3.077,球M,192,0.768,0.179,0.595,0.333,0.299,0.767,object#17,,1,1,8,球R,0,3,"[{""name"": ""球M"", ""share"": 0.768, ""q"": 0.179, ""capture"": 0.595, ""miss_deg"": 1.02, ""labels"": [192]}, {""name"": ""球R"", ""share"": 0.23, ""q"": 0.054, ""capture"": 0.198, ""miss_deg"": 1.8, ""labels"": [193]}, {""name"": ""球L"", ""share"": 0.002, ""q"": 0.001, ""capture"": 0.002, ""miss_deg"": 3.55, ""labels"": [191]}]"
2026_08_18/000,s7,v8,,table10,73.85,74.18,0.32,3.14,球M,192,0.648,0.132,0.486,0.595,0.542,0.797,object#17,,1,1,8,球R,0,3,"[{""name"": ""球M"", ""share"": 0.648, ""q"": 0.132, ""capture"": 0.486, ""miss_deg"": 1.2, ""labels"": [192]}, {""name"": ""球R"", ""share"": 0.351, ""q"": 0.071, ""capture"": 0.289, ""miss_deg"": 1.58, ""labels"": [193]}, {""name"": ""球L"", ""share"": 0.001, ""q"": 0.0, ""capture"": 0.0, ""miss_deg"": 3.97, ""labels"": [191]}]"
2026_08_18/000,s7,v8,,table10,74.23,74.83,0.6,3.04,球M,192,0.718,0.222,0.739,0.436,0.391,0.69,object#70,,1,1,8,球R,0,3,"[{""name"": ""球M"", ""share"": 0.718, ""q"": 0.222, ""capture"": 0.739, ""miss_deg"": 0.78, ""labels"": [192]}, {""name"": ""球R"", ""share"": 0.281, ""q"": 0.087, ""capture"": 0.322, ""miss_deg"": 1.51, ""labels"": [193]}, {""name"": ""球L"", ""share"": 0.001, ""q"": 0.0, ""capture"": 0.001, ""miss_deg"": 3.65, ""labels"": [191]}]"
2026_08_18/000,s7,v8,,table10,74.88,75.26,0.38,2.976,球M,192,0.797,0.247,0.822,0.279,0.251,0.689,object#70,,1,1,8,球R,0,3,"[{""name"": ""球M"", ""share"": 0.797, ""q"": 0.247, ""capture"": 0.822, ""miss_deg"": 0.63, ""labels"": [192]}, {""name"": ""球R"", ""share"": 0.2, ""q"": 0.062, ""capture"": 0.229, ""miss_deg"": 1.72, ""labels"": [193]}, {""name"": ""球L"", ""share"": 0.004, ""q"": 0.001, ""capture"": 0.004, ""miss_deg"": 3.36, ""labels"": [191]}]"
2026_08_18/000,s7,v8,,table10,75.65,75.92,0.27,3.108,球M,192,0.774,0.156,0.545,0.325,0.289,0.799,object#17,,1,1,8,球R,0,3,"[{""name"": ""球M"", ""share"": 0.774, ""q"": 0.156, ""capture"": 0.545, ""miss_deg"": 1.1, ""labels"": [192]}, {""name"": ""球R"", ""share"": 0.224, ""q"": 0.045, ""capture"": 0.177, ""miss_deg"": 1.86, ""labels"": [193]}, {""name"": ""球L"", ""share"": 0.002, ""q"": 0.0, ""capture"": 0.002, ""miss_deg"": 3.59, ""labels"": [191]}]"
2026_08_18/000,s7,v8,,table10,75.98,76.3,0.32,3.163,球M,192,0.669,0.129,0.479,0.541,0.495,0.806,object#17,,1,1,8,球R,0,2,"[{""name"": ""球M"", ""share"": 0.669, ""q"": 0.129, ""capture"": 0.479, ""miss_deg"": 1.21, ""labels"": [192]}, {""name"": ""球R"", ""share"": 0.331, ""q"": 0.064, ""capture"": 0.259, ""miss_deg"": 1.64, ""labels"": [193]}]"
2026_08_18/000,s7,v8,,table10,76.35,76.68,0.32,3.084,球M,192,0.622,0.184,0.611,0.676,0.608,0.704,object#70,,1,1,8,球R,0,2,"[{""name"": ""球M"", ""share"": 0.622, ""q"": 0.184, ""capture"": 0.611, ""miss_deg"": 0.99, ""labels"": [192]}, {""name"": ""球R"", ""share"": 0.378, ""q"": 0.112, ""capture"": 0.413, ""miss_deg"": 1.33, ""labels"": [193]}]"
2026_08_18/000,s7,v8,,table10,76.73,78.09,1.35,2.936,球M,192,0.889,0.267,0.847,0.104,0.099,0.699,object#70,,1,1,8,球R,0,3,"[{""name"": ""球M"", ""share"": 0.889, ""q"": 0.267, ""capture"": 0.847, ""miss_deg"": 0.58, ""labels"": [192]}, {""name"": ""球R"", ""share"": 0.088, ""q"": 0.026, ""capture"": 0.088, ""miss_deg"": 2.21, ""labels"": [193]}, {""name"": ""球L"", ""share"": 0.023, ""q"": 0.007, ""capture"": 0.022, ""miss_deg"": 2.76, ""labels"": [191]}]"
2026_08_18/000,s7,v8,,table10,78.14,78.52,0.38,3.006,球M,192,0.837,0.202,0.671,0.21,0.189,0.759,object#17,,1,1,8,球R,0,3,"[{""name"": ""球M"", ""share"": 0.837, ""q"": 0.202, ""capture"": 0.671, ""miss_deg"": 0.89, ""labels"": [192]}, {""name"": ""球R"", ""share"": 0.158, ""q"": 0.038, ""capture"": 0.141, ""miss_deg"": 1.98, ""labels"": [193]}, {""name"": ""球L"", ""share"": 0.005, ""q"": 0.001, ""capture"": 0.004, ""miss_deg"": 3.36, ""labels"": [191]}]"
2026_08_18/000,s7,v8,,table10,78.58,79.66,1.08,2.924,球M,192,0.873,0.231,0.733,0.124,0.124,0.735,object#17,,1,1,,,,3,"[{""name"": ""球M"", ""share"": 0.873, ""q"": 0.231, ""capture"": 0.733, ""miss_deg"": 0.79, ""labels"": [192]}, {""name"": ""球L"", ""share"": 0.108, ""q"": 0.029, ""capture"": 0.091, ""miss_deg"": 2.19, ""labels"": [191]}, {""name"": ""球R"", ""share"": 0.019, ""q"": 0.005, ""capture"": 0.017, ""miss_deg"": 2.86, ""labels"": [193]}]"
2026_08_18/000,s7,v8,,table10,80.27,82.87,2.6,3.2,球R,193,0.635,0.13,0.525,0.524,0.575,0.796,object#17,,1,1,9,球R,1,2,"[{""name"": ""球R"", ""share"": 0.635, ""q"": 0.13, ""capture"": 0.525, ""miss_deg"": 1.14, ""labels"": [193]}, {""name"": ""球M"", ""share"": 0.365, ""q"": 0.074, ""capture"": 0.275, ""miss_deg"": 1.61, ""labels"": [192]}]"
2026_08_18/000,s7,v8,,table10,82.93,85.36,2.44,3.321,球R,193,0.655,0.049,0.214,0.491,0.527,0.925,object#17,,1,1,9,球R,1,2,"[{""name"": ""球R"", ""share"": 0.655, ""q"": 0.049, ""capture"": 0.214, ""miss_deg"": 1.76, ""labels"": [193]}, {""name"": ""球M"", ""share"": 0.345, ""q"": 0.026, ""capture"": 0.105, ""miss_deg"": 2.12, ""labels"": [192]}]"
2026_08_18/000,s7,v8,,table10,85.42,85.9,0.49,2.988,球M,192,0.93,0.213,0.707,0.065,0.058,0.772,object#17,,1,1,,,,3,"[{""name"": ""球M"", ""share"": 0.93, ""q"": 0.213, ""capture"": 0.707, ""miss_deg"": 0.83, ""labels"": [192]}, {""name"": ""球R"", ""share"": 0.054, ""q"": 0.012, ""capture"": 0.046, ""miss_deg"": 2.49, ""labels"": [193]}, {""name"": ""球L"", ""share"": 0.016, ""q"": 0.004, ""capture"": 0.011, ""miss_deg"": 2.99, ""labels"": [191]}]"
2026_08_18/000,s7,v8,,table10,85.96,86.55,0.6,3.271,球R,193,0.697,0.145,0.629,0.394,0.435,0.792,object#17,,1,1,,,,2,"[{""name"": ""球R"", ""share"": 0.697, ""q"": 0.145, ""capture"": 0.629, ""miss_deg"": 0.96, ""labels"": [193]}, {""name"": ""球M"", ""share"": 0.303, ""q"": 0.063, ""capture"": 0.248, ""miss_deg"": 1.67, ""labels"": [192]}]"
2026_08_18/000,s7,v8,,table10,86.8,87.55,0.76,2.99,球M,192,0.929,0.193,0.642,0.061,0.065,0.792,object#17,,1,1,10,球M,1,3,"[{""name"": ""球M"", ""share"": 0.929, ""q"": 0.193, ""capture"": 0.642, ""miss_deg"": 0.94, ""labels"": [192]}, {""name"": ""球L"", ""share"": 0.06, ""q"": 0.012, ""capture"": 0.039, ""miss_deg"": 2.54, ""labels"": [191]}, {""name"": ""球R"", ""share"": 0.011, ""q"": 0.002, ""capture"": 0.009, ""miss_deg"": 3.08, ""labels"": [193]}]"
2026_08_18/000,s7,v8,,table10,87.61,87.99,0.38,3.155,球M,192,0.737,0.205,0.76,0.386,0.353,0.721,object#70,,1,1,10,球M,1,3,"[{""name"": ""球M"", ""share"": 0.737, ""q"": 0.205, ""capture"": 0.76, ""miss_deg"": 0.74, ""labels"": [192]}, {""name"": ""球R"", ""share"": 0.26, ""q"": 0.072, ""capture"": 0.293, ""miss_deg"": 1.57, ""labels"": [193]}, {""name"": ""球L"", ""share"": 0.003, ""q"": 0.001, ""capture"": 0.003, ""miss_deg"": 3.42, ""labels"": [191]}]"
2026_08_18/000,s7,v8,,table10,88.31,92.65,4.33,2.982,球M,192,0.865,0.2,0.665,0.138,0.146,0.769,object#17,,1,1,10,球M,1,3,"[{""name"": ""球M"", ""share"": 0.865, ""q"": 0.2, ""capture"": 0.665, ""miss_deg"": 0.9, ""labels"": [192]}, {""name"": ""球L"", ""share"": 0.126, ""q"": 0.029, ""capture"": 0.092, ""miss_deg"": 2.18, ""labels"": [191]}, {""name"": ""球R"", ""share"": 0.009, ""q"": 0.002, ""capture"": 0.008, ""miss_deg"": 3.11, ""labels"": [193]}]"
2026_08_18/000,s7,v8,,table10,92.81,93.95,1.14,2.976,球M,192,0.818,0.202,0.672,0.201,0.211,0.753,object#17,,1,1,,,,3,"[{""name"": ""球M"", ""share"": 0.818, ""q"": 0.202, ""capture"": 0.672, ""miss_deg"": 0.89, ""labels"": [192]}, {""name"": ""球L"", ""share"": 0.173, ""q"": 0.043, ""capture"": 0.135, ""miss_deg"": 2.0, ""labels"": [191]}, {""name"": ""球R"", ""share"": 0.009, ""q"": 0.002, ""capture"": 0.009, ""miss_deg"": 3.08, ""labels"": [193]}]"
2026_08_18/000,s7,v8,,table10,94.3,96.69,2.38,3.025,球L,191,0.959,0.346,1.096,0.022,0.021,0.639,object#36,,1,1,11,球L,1,3,"[{""name"": ""球L"", ""share"": 0.959, ""q"": 0.346, ""capture"": 1.096, ""miss_deg"": 0.0, ""labels"": [191]}, {""name"": ""球M"", ""share"": 0.02, ""q"": 0.007, ""capture"": 0.024, ""miss_deg"": 2.73, ""labels"": [192]}, {""name"": ""香蕉"", ""share"": 0.02, ""q"": 0.007, ""capture"": 0.01, ""miss_deg"": 3.05, ""labels"": [196]}]"
2026_08_18/000,s7,v8,,table10,97.24,98.81,1.57,3.022,球L,191,0.915,0.377,1.195,0.035,0.086,0.588,object#36,,1,1,11,球L,1,3,"[{""name"": ""球L"", ""share"": 0.915, ""q"": 0.377, ""capture"": 1.195, ""miss_deg"": 0.0, ""labels"": [191]}, {""name"": ""香蕉"", ""share"": 0.079, ""q"": 0.033, ""capture"": 0.042, ""miss_deg"": 2.52, ""labels"": [196]}, {""name"": ""球M"", ""share"": 0.006, ""q"": 0.002, ""capture"": 0.008, ""miss_deg"": 3.12, ""labels"": [192]}]"
2026_08_18/000,s7,v8,,table10,98.86,99.13,0.27,2.999,球M,192,0.68,0.183,0.608,0.444,0.466,0.731,object#17,,1,1,11,球L,0,3,"[{""name"": ""球M"", ""share"": 0.68, ""q"": 0.183, ""capture"": 0.608, ""miss_deg"": 1.0, ""labels"": [192]}, {""name"": ""球L"", ""share"": 0.317, ""q"": 0.085, ""capture"": 0.27, ""miss_deg"": 1.62, ""labels"": [191]}, {""name"": ""球R"", ""share"": 0.004, ""q"": 0.001, ""capture"": 0.004, ""miss_deg"": 3.35, ""labels"": [193]}]"
2026_08_18/000,s7,v8,,table10,99.19,100.22,1.03,3.037,球L,191,0.944,0.374,1.244,0.037,0.037,0.604,object#36,,1,1,11,球L,1,3,"[{""name"": ""球L"", ""share"": 0.944, ""q"": 0.374, ""capture"": 1.244, ""miss_deg"": 0.0, ""labels"": [191]}, {""name"": ""球M"", ""share"": 0.035, ""q"": 0.014, ""capture"": 0.046, ""miss_deg"": 2.48, ""labels"": [192]}, {""name"": ""香蕉"", ""share"": 0.021, ""q"": 0.008, ""capture"": 0.011, ""miss_deg"": 3.02, ""labels"": [196]}]"
2026_08_18/000,s7,v8,,table10,100.27,101.9,1.62,3.029,球M,192,0.881,0.216,0.717,0.078,0.082,0.755,object#17,,1,1,,,,3,"[{""name"": ""球M"", ""share"": 0.881, ""q"": 0.216, ""capture"": 0.717, ""miss_deg"": 0.82, ""labels"": [192]}, {""name"": ""球L"", ""share"": 0.072, ""q"": 0.018, ""capture"": 0.056, ""miss_deg"": 2.4, ""labels"": [191]}, {""name"": ""球R"", ""share"": 0.047, ""q"": 0.012, ""capture"": 0.043, ""miss_deg"": 2.51, ""labels"": [193]}]"
2026_08_18/000,s7,v8,,table10,102.18,103.48,1.3,3.055,球M,192,0.872,0.244,0.81,0.112,0.101,0.72,object#70,,1,1,12,球M,1,3,"[{""name"": ""球M"", ""share"": 0.872, ""q"": 0.244, ""capture"": 0.81, ""miss_deg"": 0.65, ""labels"": [192]}, {""name"": ""球R"", ""share"": 0.088, ""q"": 0.025, ""capture"": 0.091, ""miss_deg"": 2.19, ""labels"": [193]}, {""name"": ""球L"", ""share"": 0.04, ""q"": 0.011, ""capture"": 0.037, ""miss_deg"": 2.57, ""labels"": [191]}]"
2026_08_18/000,s7,v8,,table10,103.53,103.8,0.27,3.182,球M,192,0.67,0.185,0.686,0.535,0.49,0.723,object#17,,1,1,12,球M,1,3,"[{""name"": ""球M"", ""share"": 0.67, ""q"": 0.185, ""capture"": 0.686, ""miss_deg"": 0.87, ""labels"": [192]}, {""name"": ""球R"", ""share"": 0.328, ""q"": 0.091, ""capture"": 0.367, ""miss_deg"": 1.42, ""labels"": [193]}, {""name"": ""球L"", ""share"": 0.002, ""q"": 0.001, ""capture"": 0.002, ""miss_deg"": 3.52, ""labels"": [191]}]"
2026_08_18/000,s7,v8,,table10,103.86,105.0,1.14,3.105,球M,192,0.798,0.238,0.833,0.259,0.231,0.702,object#70,,1,1,12,球M,1,3,"[{""name"": ""球M"", ""share"": 0.798, ""q"": 0.238, ""capture"": 0.833, ""miss_deg"": 0.6, ""labels"": [192]}, {""name"": ""球R"", ""share"": 0.184, ""q"": 0.055, ""capture"": 0.216, ""miss_deg"": 1.75, ""labels"": [193]}, {""name"": ""球L"", ""share"": 0.013, ""q"": 0.004, ""capture"": 0.013, ""miss_deg"": 2.94, ""labels"": [191]}]"
2026_08_18/000,s7,v8,,table10,105.05,105.6,0.54,3.259,球R,193,0.508,0.135,0.585,0.827,0.969,0.734,object#70,,1,1,12,球M,0,2,"[{""name"": ""球R"", ""share"": 0.508, ""q"": 0.135, ""capture"": 0.585, ""miss_deg"": 1.04, ""labels"": [193]}, {""name"": ""球M"", ""share"": 0.492, ""q"": 0.131, ""capture"": 0.484, ""miss_deg"": 1.2, ""labels"": [192]}]"
2026_08_18/000,s7,v8,,table10,105.65,106.25,0.6,3.042,球M,192,0.834,0.244,0.813,0.143,0.143,0.707,object#10,,1,1,12,球M,1,3,"[{""name"": ""球M"", ""share"": 0.834, ""q"": 0.244, ""capture"": 0.813, ""miss_deg"": 0.64, ""labels"": [192]}, {""name"": ""球L"", ""share"": 0.119, ""q"": 0.035, ""capture"": 0.116, ""miss_deg"": 2.08, ""labels"": [191]}, {""name"": ""球R"", ""share"": 0.047, ""q"": 0.014, ""capture"": 0.051, ""miss_deg"": 2.44, ""labels"": [193]}]"
2026_08_18/000,s7,v8,,table10,106.3,107.17,0.87,3.055,球M,192,0.831,0.254,0.844,0.214,0.194,0.694,object#70,,1,1,12,球M,1,3,"[{""name"": ""球M"", ""share"": 0.831, ""q"": 0.254, ""capture"": 0.844, ""miss_deg"": 0.58, ""labels"": [192]}, {""name"": ""球R"", ""share"": 0.161, ""q"": 0.049, ""capture"": 0.181, ""miss_deg"": 1.85, ""labels"": [193]}, {""name"": ""球L"", ""share"": 0.008, ""q"": 0.002, ""capture"": 0.008, ""miss_deg"": 3.11, ""labels"": [191]}]"
2026_08_18/000,s7,v8,,table10,107.22,107.81,0.59,2.974,球M,192,0.565,0.163,0.542,0.734,0.77,0.711,object#10,,1,1,,,,2,"[{""name"": ""球M"", ""share"": 0.565, ""q"": 0.163, ""capture"": 0.542, ""miss_deg"": 1.11, ""labels"": [192]}, {""name"": ""球L"", ""share"": 0.435, ""q"": 0.126, ""capture"": 0.398, ""miss_deg"": 1.36, ""labels"": [191]}]"
2026_08_18/000,s7,v8,,table10,108.24,108.78,0.54,3.333,球R,193,0.948,0.161,0.721,0.05,0.055,0.831,object#63,,1,1,13,球R,1,2,"[{""name"": ""球R"", ""share"": 0.948, ""q"": 0.161, ""capture"": 0.721, ""miss_deg"": 0.81, ""labels"": [193]}, {""name"": ""球M"", ""share"": 0.052, ""q"": 0.009, ""capture"": 0.036, ""miss_deg"": 2.58, ""labels"": [192]}]"
2026_08_18/000,s7,v8,,table10,108.89,109.76,0.87,3.342,球R,193,0.909,0.169,0.758,0.09,0.1,0.814,object#136,,1,1,13,球R,1,2,"[{""name"": ""球R"", ""share"": 0.909, ""q"": 0.169, ""capture"": 0.758, ""miss_deg"": 0.75, ""labels"": [193]}, {""name"": ""球M"", ""share"": 0.091, ""q"": 0.017, ""capture"": 0.068, ""miss_deg"": 2.32, ""labels"": [192]}]"
2026_08_18/000,s7,v8,,table10,109.82,110.19,0.38,3.211,球M,192,0.599,0.161,0.596,0.733,0.669,0.731,object#70,,1,1,13,球R,0,2,"[{""name"": ""球M"", ""share"": 0.599, ""q"": 0.161, ""capture"": 0.596, ""miss_deg"": 1.02, ""labels"": [192]}, {""name"": ""球R"", ""share"": 0.401, ""q"": 0.108, ""capture"": 0.437, ""miss_deg"": 1.29, ""labels"": [193]}]"
2026_08_18/000,s7,v8,,table10,110.25,110.84,0.6,3.345,球R,193,0.77,0.158,0.708,0.27,0.299,0.795,object#136,,1,1,13,球R,1,2,"[{""name"": ""球R"", ""share"": 0.77, ""q"": 0.158, ""capture"": 0.708, ""miss_deg"": 0.83, ""labels"": [193]}, {""name"": ""球M"", ""share"": 0.23, ""q"": 0.047, ""capture"": 0.191, ""miss_deg"": 1.82, ""labels"": [192]}]"
2026_08_18/000,s7,v8,,table10,111.17,112.14,0.97,3.383,球R,193,0.867,0.165,0.74,0.139,0.153,0.81,object#136,,1,1,13,球R,1,2,"[{""name"": ""球R"", ""share"": 0.867, ""q"": 0.165, ""capture"": 0.74, ""miss_deg"": 0.78, ""labels"": [193]}, {""name"": ""球M"", ""share"": 0.133, ""q"": 0.025, ""capture"": 0.103, ""miss_deg"": 2.13, ""labels"": [192]}]"
2026_08_18/000,s7,v8,,table10,112.21,112.75,0.54,3.154,球M,192,0.706,0.182,0.673,0.303,0.276,0.742,object#70,,1,1,13,球R,0,3,"[{""name"": ""球M"", ""share"": 0.706, ""q"": 0.182, ""capture"": 0.673, ""miss_deg"": 0.89, ""labels"": [192]}, {""name"": ""球R"", ""share"": 0.195, ""q"": 0.05, ""capture"": 0.204, ""miss_deg"": 1.78, ""labels"": [193]}, {""name"": ""石榴"", ""share"": 0.099, ""q"": 0.025, ""capture"": 0.114, ""miss_deg"": 2.08, ""labels"": [195]}]"
2026_08_18/000,s7,v8,,table10,112.8,113.24,0.43,3.335,球R,193,0.857,0.174,0.781,0.151,0.167,0.797,object#136,,1,1,13,球R,1,2,"[{""name"": ""球R"", ""share"": 0.857, ""q"": 0.174, ""capture"": 0.781, ""miss_deg"": 0.7, ""labels"": [193]}, {""name"": ""球M"", ""share"": 0.143, ""q"": 0.029, ""capture"": 0.118, ""miss_deg"": 2.07, ""labels"": [192]}]"
2026_08_18/000,s7,v8,,table10,113.51,114.11,0.6,3.334,球R,193,0.763,0.158,0.708,0.28,0.311,0.793,object#136,,1,1,,,,2,"[{""name"": ""球R"", ""share"": 0.763, ""q"": 0.158, ""capture"": 0.708, ""miss_deg"": 0.83, ""labels"": [193]}, {""name"": ""球M"", ""share"": 0.237, ""q"": 0.049, ""capture"": 0.198, ""miss_deg"": 1.8, ""labels"": [192]}]"
2026_08_18/000,s7,v8,,table10,114.16,115.08,0.92,3.432,球R,193,0.941,0.142,0.637,0.06,0.063,0.849,object#136,,1,1,,,,2,"[{""name"": ""球R"", ""share"": 0.941, ""q"": 0.142, ""capture"": 0.637, ""miss_deg"": 0.95, ""labels"": [193]}, {""name"": ""球M"", ""share"": 0.059, ""q"": 0.009, ""capture"": 0.038, ""miss_deg"": 2.55, ""labels"": [192]}]"
2026_08_18/000,s7,v8,,table10,115.4,116.27,0.87,3.053,球M,192,0.894,0.257,0.856,0.112,0.101,0.712,object#70,,1,1,14,球M,1,3,"[{""name"": ""球M"", ""share"": 0.894, ""q"": 0.257, ""capture"": 0.856, ""miss_deg"": 0.56, ""labels"": [192]}, {""name"": ""球R"", ""share"": 0.09, ""q"": 0.026, ""capture"": 0.096, ""miss_deg"": 2.16, ""labels"": [193]}, {""name"": ""球L"", ""share"": 0.016, ""q"": 0.005, ""capture"": 0.015, ""miss_deg"": 2.89, ""labels"": [191]}]"
2026_08_18/000,s7,v8,,table10,116.32,116.65,0.32,3.189,球M,192,0.729,0.2,0.74,0.403,0.368,0.725,object#70,,1,1,14,球M,1,3,"[{""name"": ""球M"", ""share"": 0.729, ""q"": 0.2, ""capture"": 0.74, ""miss_deg"": 0.78, ""labels"": [192]}, {""name"": ""球R"", ""share"": 0.268, ""q"": 0.074, ""capture"": 0.298, ""miss_deg"": 1.56, ""labels"": [193]}, {""name"": ""球L"", ""share"": 0.003, ""q"": 0.001, ""capture"": 0.003, ""miss_deg"": 3.42, ""labels"": [191]}]"
2026_08_18/000,s7,v8,,table10,116.7,117.89,1.19,3.073,球M,192,0.882,0.25,0.832,0.131,0.118,0.716,object#70,,1,1,14,球M,1,3,"[{""name"": ""球M"", ""share"": 0.882, ""q"": 0.25, ""capture"": 0.832, ""miss_deg"": 0.61, ""labels"": [192]}, {""name"": ""球R"", ""share"": 0.104, ""q"": 0.03, ""capture"": 0.109, ""miss_deg"": 2.1, ""labels"": [193]}, {""name"": ""球L"", ""share"": 0.013, ""q"": 0.004, ""capture"": 0.013, ""miss_deg"": 2.96, ""labels"": [191]}]"
2026_08_18/000,s7,v8,,table10,118.22,120.82,2.6,3.077,球M,192,0.87,0.236,0.784,0.154,0.139,0.729,object#17,,1,1,14,球M,1,3,"[{""name"": ""球M"", ""share"": 0.87, ""q"": 0.236, ""capture"": 0.784, ""miss_deg"": 0.7, ""labels"": [192]}, {""name"": ""球R"", ""share"": 0.121, ""q"": 0.033, ""capture"": 0.121, ""miss_deg"": 2.05, ""labels"": [193]}, {""name"": ""球L"", ""share"": 0.009, ""q"": 0.003, ""capture"": 0.008, ""miss_deg"": 3.09, ""labels"": [191]}]"
2026_08_18/000,s7,v8,,table10,120.87,121.2,0.32,3.08,球M,192,0.879,0.177,0.589,0.138,0.124,0.798,object#17,,1,1,,,,3,"[{""name"": ""球M"", ""share"": 0.879, ""q"": 0.177, ""capture"": 0.589, ""miss_deg"": 1.03, ""labels"": [192]}, {""name"": ""球R"", ""share"": 0.109, ""q"": 0.022, ""capture"": 0.081, ""miss_deg"": 2.24, ""labels"": [193]}, {""name"": ""球L"", ""share"": 0.012, ""q"": 0.002, ""capture"": 0.008, ""miss_deg"": 3.11, ""labels"": [191]}]"
2026_08_18/000,s7,v8,,table10,121.25,121.69,0.43,3.364,球R,193,0.576,0.059,0.265,0.664,0.736,0.898,object#17,,1,1,,,,2,"[{""name"": ""球R"", ""share"": 0.576, ""q"": 0.059, ""capture"": 0.265, ""miss_deg"": 1.63, ""labels"": [193]}, {""name"": ""球M"", ""share"": 0.424, ""q"": 0.043, ""capture"": 0.176, ""miss_deg"": 1.86, ""labels"": [192]}]"
2026_08_18/000,s7,v8,,table10,121.74,122.28,0.54,3.023,球M,192,0.877,0.278,0.923,0.119,0.107,0.683,object#70,,1,1,,,,3,"[{""name"": ""球M"", ""share"": 0.877, ""q"": 0.278, ""capture"": 0.923, ""miss_deg"": 0.4, ""labels"": [192]}, {""name"": ""球R"", ""share"": 0.094, ""q"": 0.03, ""capture"": 0.11, ""miss_deg"": 2.1, ""labels"": [193]}, {""name"": ""球L"", ""share"": 0.029, ""q"": 0.009, ""capture"": 0.029, ""miss_deg"": 2.66, ""labels"": [191]}]"
2026_08_18/000,s7,v8,,table10,122.33,124.56,2.22,3.02,球L,191,0.884,0.37,1.173,0.048,0.117,0.581,object#10,,1,1,15,球L,1,3,"[{""name"": ""球L"", ""share"": 0.884, ""q"": 0.37, ""capture"": 1.173, ""miss_deg"": 0.0, ""labels"": [191]}, {""name"": ""香蕉"", ""share"": 0.103, ""q"": 0.043, ""capture"": 0.056, ""miss_deg"": 2.4, ""labels"": [196]}, {""name"": ""球M"", ""share"": 0.013, ""q"": 0.005, ""capture"": 0.018, ""miss_deg"": 2.84, ""labels"": [192]}]"
2026_08_18/000,s7,v8,,table10,124.84,128.27,3.43,3.028,球L,191,0.863,0.329,1.041,0.104,0.098,0.619,object#10,,1,1,15,球L,1,3,"[{""name"": ""球L"", ""share"": 0.863, ""q"": 0.329, ""capture"": 1.041, ""miss_deg"": 0.0, ""labels"": [191]}, {""name"": ""球M"", ""share"": 0.085, ""q"": 0.032, ""capture"": 0.108, ""miss_deg"": 2.11, ""labels"": [192]}, {""name"": ""香蕉"", ""share"": 0.052, ""q"": 0.02, ""capture"": 0.026, ""miss_deg"": 2.71, ""labels"": [196]}]"
2026_08_18/000,s7,v8,,table10,128.32,128.59,0.27,2.981,球L,191,0.962,0.249,0.787,0.042,0.04,0.742,object#17,,1,1,,,,2,"[{""name"": ""球L"", ""share"": 0.962, ""q"": 0.249, ""capture"": 0.787, ""miss_deg"": 0.69, ""labels"": [191]}, {""name"": ""球M"", ""share"": 0.038, ""q"": 0.01, ""capture"": 0.033, ""miss_deg"": 2.61, ""labels"": [192]}]"
2026_08_20/000,c1,v9,,table10,6.97,7.24,0.27,2.316,水瓶,30,0.919,0.43,0.444,0.081,0.084,0.532,object#12,,1,1,,,,3,"[{""name"": ""水瓶"", ""share"": 0.919, ""q"": 0.43, ""capture"": 0.444, ""miss_deg"": 1.27, ""labels"": [30]}, {""name"": ""香蕉"", ""share"": 0.077, ""q"": 0.036, ""capture"": 0.036, ""miss_deg"": 2.58, ""labels"": [264]}, {""name"": ""苹果红"", ""share"": 0.003, ""q"": 0.001, ""capture"": 0.004, ""miss_deg"": 3.36, ""labels"": [260]}]"
2026_08_20/000,c1,v9,,table10,7.37,7.67,0.3,2.268,水瓶,30,0.463,0.186,0.191,0.838,0.343,0.599,object#12,,0,0,,,,3,"[{""name"": ""水瓶"", ""share"": 0.463, ""q"": 0.186, ""capture"": 0.191, ""miss_deg"": 1.82, ""labels"": [30]}, {""name"": ""苹果红"", ""share"": 0.159, ""q"": 0.064, ""capture"": 0.16, ""miss_deg"": 1.91, ""labels"": [260]}, {""name"": ""香蕉"", ""share"": 0.341, ""q"": 0.137, ""capture"": 0.137, ""miss_deg"": 1.99, ""labels"": [264]}]"
2026_08_20/000,c1,v9,,table10,8.91,9.23,0.32,3.486,,-1,0.0,0.0,,,,1.0,object#26,,0,0,,,,0,[]
2026_08_20/000,c1,v9,,table10,10.31,11.02,0.7,2.647,,-1,0.0,0.0,,,,1.0,floor,,0,0,,,,0,[]
2026_08_20/000,c1,v9,,table10,11.44,11.87,0.43,2.443,,-1,0.0,0.0,,,,1.0,floor,,0,0,,,,0,[]
2026_08_20/000,c1,v9,,table10,11.92,12.2,0.27,2.321,,-1,0.0,0.0,,,,1.0,floor,,0,0,,,,0,[]
2026_08_20/000,c1,v9,,table10,12.69,13.12,0.43,2.595,,-1,0.0,0.0,,,,1.0,floor,,0,0,,,,0,[]
2026_08_20/000,c1,v9,,table10,13.98,15.07,1.09,2.28,球L,259,0.38,0.324,1.078,0.429,1.421,0.145,object#12,,0,0,,,,3,"[{""name"": ""球L"", ""share"": 0.38, ""q"": 0.324, ""capture"": 1.078, ""miss_deg"": 0.0, ""labels"": [259]}, {""name"": ""物品台"", ""share"": 0.54, ""q"": 0.462, ""capture"": 0.462, ""miss_deg"": 1.24, ""labels"": [40]}, {""name"": ""苹果红"", ""share"": 0.048, ""q"": 0.041, ""capture"": 0.102, ""miss_deg"": 2.14, ""labels"": [260]}]"
2026_08_20/000,c1,v9,,table10,15.12,15.61,0.49,2.206,物品台,40,0.743,0.671,0.671,0.671,0.211,0.097,object#12,,1,1,,,,3,"[{""name"": ""物品台"", ""share"": 0.743, ""q"": 0.671, ""capture"": 0.671, ""miss_deg"": 0.89, ""labels"": [40]}, {""name"": ""球L"", ""share"": 0.157, ""q"": 0.142, ""capture"": 0.45, ""miss_deg"": 1.26, ""labels"": [259]}, {""name"": ""苹果粉"", ""share"": 0.082, ""q"": 0.074, ""capture"": 0.136, ""miss_deg"": 2.0, ""labels"": [64]}]"
2026_08_20/000,c1,v9,,table10,15.67,16.1,0.43,2.256,物品台,40,0.545,0.414,0.414,0.843,0.253,0.239,object#12,,1,1,,,,3,"[{""name"": ""物品台"", ""share"": 0.545, ""q"": 0.414, ""capture"": 0.414, ""miss_deg"": 1.33, ""labels"": [40]}, {""name"": ""球M"", ""share"": 0.138, ""q"": 0.105, ""capture"": 0.349, ""miss_deg"": 1.45, ""labels"": [261]}, {""name"": ""球L"", ""share"": 0.075, ""q"": 0.057, ""capture"": 0.182, ""miss_deg"": 1.85, ""labels"": [259]}]"
2026_08_20/000,c1,v9,,table10,16.21,16.48,0.27,2.201,球L,259,0.257,0.229,0.727,0.835,2.642,0.106,object#12,,0,0,,,,3,"[{""name"": ""球L"", ""share"": 0.257, ""q"": 0.229, ""capture"": 0.727, ""miss_deg"": 0.8, ""labels"": [259]}, {""name"": ""物品台"", ""share"": 0.679, ""q"": 0.607, ""capture"": 0.607, ""miss_deg"": 1.0, ""labels"": [40]}, {""name"": ""苹果粉"", ""share"": 0.043, ""q"": 0.039, ""capture"": 0.071, ""miss_deg"": 2.3, ""labels"": [64]}]"
2026_08_20/000,c1,v9,,table10,16.53,17.02,0.49,2.107,物品台,40,0.956,0.668,0.668,0.075,0.023,0.301,object#12,,1,1,,,,3,"[{""name"": ""物品台"", ""share"": 0.956, ""q"": 0.668, ""capture"": 0.668, ""miss_deg"": 0.9, ""labels"": [40]}, {""name"": ""球M"", ""share"": 0.022, ""q"": 0.016, ""capture"": 0.05, ""miss_deg"": 2.45, ""labels"": [261]}, {""name"": ""水瓶"", ""share"": 0.018, ""q"": 0.013, ""capture"": 0.013, ""miss_deg"": 2.96, ""labels"": [30]}]"
2026_08_20/000,c1,v9,,table10,17.13,18.32,1.19,2.134,物品台,40,0.912,0.586,0.586,0.171,0.059,0.357,object#106,,1,1,,,,3,"[{""name"": ""物品台"", ""share"": 0.912, ""q"": 0.586, ""capture"": 0.586, ""miss_deg"": 1.03, ""labels"": [40]}, {""name"": ""球R"", ""share"": 0.054, ""q"": 0.034, ""capture"": 0.1, ""miss_deg"": 2.15, ""labels"": [263]}, {""name"": ""水瓶"", ""share"": 0.034, ""q"": 0.022, ""capture"": 0.022, ""miss_deg"": 2.76, ""labels"": [30]}]"
2026_08_20/000,c1,v9,,table10,18.37,19.46,1.08,2.158,物品台,40,0.792,0.568,0.568,0.63,0.203,0.283,object#12,,1,1,1,球R,0,3,"[{""name"": ""物品台"", ""share"": 0.792, ""q"": 0.568, ""capture"": 0.568, ""miss_deg"": 1.06, ""labels"": [40]}, {""name"": ""球R"", ""share"": 0.161, ""q"": 0.115, ""capture"": 0.358, ""miss_deg"": 1.43, ""labels"": [263]}, {""name"": ""水瓶"", ""share"": 0.041, ""q"": 0.029, ""capture"": 0.029, ""miss_deg"": 2.66, ""labels"": [30]}]"
2026_08_20/000,c1,v9,,table10,19.62,20.81,1.19,2.157,物品台,40,0.836,0.603,0.603,0.454,0.146,0.278,object#12,,1,1,1,球R,0,3,"[{""name"": ""物品台"", ""share"": 0.836, ""q"": 0.603, ""capture"": 0.603, ""miss_deg"": 1.01, ""labels"": [40]}, {""name"": ""球R"", ""share"": 0.122, ""q"": 0.088, ""capture"": 0.274, ""miss_deg"": 1.61, ""labels"": [263]}, {""name"": ""水瓶"", ""share"": 0.041, ""q"": 0.029, ""capture"": 0.03, ""miss_deg"": 2.65, ""labels"": [30]}]"
2026_08_20/000,c1,v9,,table10,21.03,21.62,0.6,2.158,物品台,40,0.918,0.57,0.57,0.184,0.06,0.379,object#106,,1,1,1,球R,0,3,"[{""name"": ""物品台"", ""share"": 0.918, ""q"": 0.57, ""capture"": 0.57, ""miss_deg"": 1.06, ""labels"": [40]}, {""name"": ""球R"", ""share"": 0.055, ""q"": 0.034, ""capture"": 0.105, ""miss_deg"": 2.12, ""labels"": [263]}, {""name"": ""水瓶"", ""share"": 0.027, ""q"": 0.017, ""capture"": 0.017, ""miss_deg"": 2.85, ""labels"": [30]}]"
2026_08_20/000,c1,v9,,table10,21.68,22.27,0.6,2.216,物品台,40,0.71,0.511,0.511,0.975,0.307,0.28,object#12,,1,1,1,球R,0,3,"[{""name"": ""物品台"", ""share"": 0.71, ""q"": 0.511, ""capture"": 0.511, ""miss_deg"": 1.16, ""labels"": [40]}, {""name"": ""球R"", ""share"": 0.218, ""q"": 0.157, ""capture"": 0.498, ""miss_deg"": 1.18, ""labels"": [263]}, {""name"": ""白杯1"", ""share"": 0.047, ""q"": 0.034, ""capture"": 0.058, ""miss_deg"": 2.39, ""labels"": [266]}]"
2026_08_20/000,c1,v9,,table10,22.44,23.09,0.65,2.159,物品台,40,0.823,0.584,0.584,0.521,0.168,0.291,object#12,,1,1,,,,3,"[{""name"": ""物品台"", ""share"": 0.823, ""q"": 0.584, ""capture"": 0.584, ""miss_deg"": 1.04, ""labels"": [40]}, {""name"": ""球R"", ""share"": 0.138, ""q"": 0.098, ""capture"": 0.304, ""miss_deg"": 1.54, ""labels"": [263]}, {""name"": ""水瓶"", ""share"": 0.035, ""q"": 0.025, ""capture"": 0.025, ""miss_deg"": 2.71, ""labels"": [30]}]"
2026_08_20/000,c1,v9,,table10,23.48,23.81,0.33,2.215,球M,261,0.343,0.283,0.94,0.484,1.609,0.176,object#12,,0,0,,,,3,"[{""name"": ""球M"", ""share"": 0.343, ""q"": 0.283, ""capture"": 0.94, ""miss_deg"": 0.35, ""labels"": [261]}, {""name"": ""物品台"", ""share"": 0.552, ""q"": 0.455, ""capture"": 0.455, ""miss_deg"": 1.25, ""labels"": [40]}, {""name"": ""水瓶"", ""share"": 0.101, ""q"": 0.084, ""capture"": 0.085, ""miss_deg"": 2.22, ""labels"": [30]}]"
2026_08_20/000,c1,v9,,table10,23.92,27.08,3.17,2.228,球M,261,0.477,0.392,1.302,0.194,0.644,0.179,object#12,,1,0,2,香蕉,0,3,"[{""name"": ""球M"", ""share"": 0.477, ""q"": 0.392, ""capture"": 1.302, ""miss_deg"": 0.0, ""labels"": [261]}, {""name"": ""物品台"", ""share"": 0.307, ""q"": 0.252, ""capture"": 0.252, ""miss_deg"": 1.66, ""labels"": [40]}, {""name"": ""水瓶"", ""share"": 0.17, ""q"": 0.14, ""capture"": 0.142, ""miss_deg"": 1.97, ""labels"": [30]}]"
2026_08_20/000,c1,v9,,table10,27.14,27.79,0.65,2.274,球M,261,0.364,0.304,1.01,0.318,1.03,0.166,object#12,,0,0,2,香蕉,0,3,"[{""name"": ""球M"", ""share"": 0.364, ""q"": 0.304, ""capture"": 1.01, ""miss_deg"": 0.0, ""labels"": [261]}, {""name"": ""水瓶"", ""share"": 0.375, ""q"": 0.313, ""capture"": 0.321, ""miss_deg"": 1.51, ""labels"": [30]}, {""name"": ""香蕉"", ""share"": 0.149, ""q"": 0.124, ""capture"": 0.124, ""miss_deg"": 2.04, ""labels"": [264]}]"
2026_08_20/000,c1,v9,,table10,28.02,29.1,1.08,2.252,球M,261,0.447,0.373,1.239,0.224,0.725,0.166,object#12,,0,0,2,香蕉,0,3,"[{""name"": ""球M"", ""share"": 0.447, ""q"": 0.373, ""capture"": 1.239, ""miss_deg"": 0.0, ""labels"": [261]}, {""name"": ""水瓶"", ""share"": 0.324, ""q"": 0.271, ""capture"": 0.277, ""miss_deg"": 1.6, ""labels"": [30]}, {""name"": ""物品台"", ""share"": 0.157, ""q"": 0.131, ""capture"": 0.131, ""miss_deg"": 2.01, ""labels"": [40]}]"
2026_08_20/000,c1,v9,,table10,29.15,30.34,1.19,2.238,苹果红,260,0.278,0.203,0.51,0.492,0.392,0.269,object#12,,0,0,,,,3,"[{""name"": ""苹果红"", ""share"": 0.278, ""q"": 0.203, ""capture"": 0.51, ""miss_deg"": 1.16, ""labels"": [260]}, {""name"": ""球L"", ""share"": 0.109, ""q"": 0.079, ""capture"": 0.251, ""miss_deg"": 1.66, ""labels"": [259]}, {""name"": ""球M"", ""share"": 0.071, ""q"": 0.052, ""capture"": 0.172, ""miss_deg"": 1.88, ""labels"": [261]}]"
2026_08_20/000,c1,v9,,table10,31.01,31.82,0.81,3.093,纸箱子,33,1.0,0.854,0.854,0.0,0.0,0.146,object#38,,1,1,3,纸箱子,1,1,"[{""name"": ""纸箱子"", ""share"": 1.0, ""q"": 0.854, ""capture"": 0.854, ""miss_deg"": 0.56, ""labels"": [33, 73]}]"
2026_08_20/000,c1,v9,,table10,31.87,32.42,0.54,3.026,纸箱子,33,1.0,0.563,0.563,0.0,0.0,0.437,object#38,,1,1,3,纸箱子,1,1,"[{""name"": ""纸箱子"", ""share"": 1.0, ""q"": 0.563, ""capture"": 0.563, ""miss_deg"": 1.07, ""labels"": [33, 73]}]"
2026_08_20/000,c1,v9,,table10,32.47,36.8,4.33,3.06,纸箱子,33,1.0,0.791,0.791,0.0,0.0,0.209,object#38,,1,1,3,纸箱子,1,1,"[{""name"": ""纸箱子"", ""share"": 1.0, ""q"": 0.791, ""capture"": 0.791, ""miss_deg"": 0.68, ""labels"": [33, 73]}]"
2026_08_20/000,c1,v9,,table10,37.31,38.67,1.37,2.251,物品台,40,0.758,0.658,0.658,0.579,0.315,0.132,object#35,,1,1,,,,3,"[{""name"": ""物品台"", ""share"": 0.758, ""q"": 0.658, ""capture"": 0.658, ""miss_deg"": 0.91, ""labels"": [40]}, {""name"": ""苹果粉"", ""share"": 0.239, ""q"": 0.207, ""capture"": 0.381, ""miss_deg"": 1.39, ""labels"": [64]}, {""name"": ""水瓶"", ""share"": 0.003, ""q"": 0.003, ""capture"": 0.003, ""miss_deg"": 3.42, ""labels"": [30]}]"
2026_08_20/000,c1,v9,,table10,38.74,39.9,1.16,2.24,苹果粉,64,0.355,0.324,0.594,0.971,1.783,0.088,object#35,,0,0,4,苹果粉,1,3,"[{""name"": ""苹果粉"", ""share"": 0.355, ""q"": 0.324, ""capture"": 0.594, ""miss_deg"": 1.02, ""labels"": [64, 250]}, {""name"": ""物品台"", ""share"": 0.633, ""q"": 0.577, ""capture"": 0.577, ""miss_deg"": 1.05, ""labels"": [40]}, {""name"": ""球L"", ""share"": 0.003, ""q"": 0.003, ""capture"": 0.009, ""miss_deg"": 3.05, ""labels"": [259]}]"
2026_08_20/000,c1,v9,,table10,40.13,42.46,2.33,2.233,物品台,40,0.927,0.871,0.871,0.122,0.066,0.061,object#12,,1,1,4,苹果粉,0,3,"[{""name"": ""物品台"", ""share"": 0.927, ""q"": 0.871, ""capture"": 0.871, ""miss_deg"": 0.53, ""labels"": [40]}, {""name"": ""苹果粉"", ""share"": 0.061, ""q"": 0.058, ""capture"": 0.106, ""miss_deg"": 2.12, ""labels"": [64]}, {""name"": ""球L"", ""share"": 0.005, ""q"": 0.005, ""capture"": 0.016, ""miss_deg"": 2.88, ""labels"": [259]}]"
2026_08_20/000,c1,v9,,table10,42.51,42.89,0.38,2.242,球L,259,0.362,0.302,0.957,0.505,1.602,0.166,object#12,,0,0,4,苹果粉,0,3,"[{""name"": ""球L"", ""share"": 0.362, ""q"": 0.302, ""capture"": 0.957, ""miss_deg"": 0.3, ""labels"": [259]}, {""name"": ""物品台"", ""share"": 0.58, ""q"": 0.483, ""capture"": 0.483, ""miss_deg"": 1.21, ""labels"": [40]}, {""name"": ""苹果红"", ""share"": 0.043, ""q"": 0.036, ""capture"": 0.09, ""miss_deg"": 2.19, ""labels"": [260]}]"
2026_08_20/000,c1,v9,,table10,42.94,43.97,1.03,2.243,物品台,40,0.72,0.691,0.691,0.585,0.318,0.041,object#12,,1,1,,,,3,"[{""name"": ""物品台"", ""share"": 0.72, ""q"": 0.691, ""capture"": 0.691, ""miss_deg"": 0.86, ""labels"": [40]}, {""name"": ""苹果粉"", ""share"": 0.229, ""q"": 0.22, ""capture"": 0.404, ""miss_deg"": 1.35, ""labels"": [64]}, {""name"": ""球L"", ""share"": 0.031, ""q"": 0.029, ""capture"": 0.093, ""miss_deg"": 2.18, ""labels"": [259]}]"
2026_08_20/000,c1,v9,,table10,44.21,44.69,0.48,2.3,白杯1,266,0.412,0.289,0.531,0.52,0.286,0.298,object#12,,1,0,,,,3,"[{""name"": ""白杯1"", ""share"": 0.412, ""q"": 0.289, ""capture"": 0.531, ""miss_deg"": 1.13, ""labels"": [266]}, {""name"": ""球R"", ""share"": 0.118, ""q"": 0.083, ""capture"": 0.276, ""miss_deg"": 1.6, ""labels"": [263]}, {""name"": ""物品台"", ""share"": 0.309, ""q"": 0.217, ""capture"": 0.217, ""miss_deg"": 1.75, ""labels"": [40]}]"
2026_08_20/000,c1,v9,,table10,45.51,45.83,0.32,2.274,白杯1,266,0.464,0.343,0.612,0.657,0.353,0.262,object#12,,1,0,5,白杯1,1,3,"[{""name"": ""白杯1"", ""share"": 0.464, ""q"": 0.343, ""capture"": 0.612, ""miss_deg"": 0.99, ""labels"": [266]}, {""name"": ""球R"", ""share"": 0.164, ""q"": 0.121, ""capture"": 0.402, ""miss_deg"": 1.35, ""labels"": [263]}, {""name"": ""物品台"", ""share"": 0.237, ""q"": 0.175, ""capture"": 0.175, ""miss_deg"": 1.87, ""labels"": [40]}]"
2026_08_20/000,c1,v9,,table10,46.05,46.97,0.92,2.321,白杯1,266,0.405,0.281,0.515,0.406,0.746,0.307,object#12,,0,0,5,白杯1,1,3,"[{""name"": ""白杯1"", ""share"": 0.405, ""q"": 0.281, ""capture"": 0.515, ""miss_deg"": 1.15, ""labels"": [266]}, {""name"": ""物品台"", ""share"": 0.302, ""q"": 0.209, ""capture"": 0.209, ""miss_deg"": 1.77, ""labels"": [40]}, {""name"": ""球R"", ""share"": 0.071, ""q"": 0.049, ""capture"": 0.163, ""miss_deg"": 1.9, ""labels"": [263]}]"
2026_08_20/000,c1,v9,,table10,47.13,49.35,2.22,2.375,球R,263,0.163,0.109,0.381,0.898,3.141,0.333,object#12,,0,0,5,白杯1,0,3,"[{""name"": ""球R"", ""share"": 0.163, ""q"": 0.109, ""capture"": 0.381, ""miss_deg"": 1.39, ""labels"": [263]}, {""name"": ""物品台"", ""share"": 0.512, ""q"": 0.342, ""capture"": 0.342, ""miss_deg"": 1.47, ""labels"": [40]}, {""name"": ""白杯1"", ""share"": 0.257, ""q"": 0.171, ""capture"": 0.315, ""miss_deg"": 1.52, ""labels"": [266]}]"
2026_08_20/000,c1,v9,,table10,49.41,49.73,0.32,2.266,物品台,40,0.833,0.56,0.56,0.307,0.092,0.328,object#12,,1,1,5,白杯1,0,3,"[{""name"": ""物品台"", ""share"": 0.833, ""q"": 0.56, ""capture"": 0.56, ""miss_deg"": 1.08, ""labels"": [40]}, {""name"": ""球M"", ""share"": 0.077, ""q"": 0.052, ""capture"": 0.172, ""miss_deg"": 1.88, ""labels"": [261]}, {""name"": ""白杯1"", ""share"": 0.049, ""q"": 0.033, ""capture"": 0.058, ""miss_deg"": 2.38, ""labels"": [266]}]"
2026_08_20/000,c1,v9,,table10,49.97,50.68,0.7,2.306,物品台,40,0.681,0.44,0.44,0.355,0.194,0.355,object#12,,1,1,,,,3,"[{""name"": ""物品台"", ""share"": 0.681, ""q"": 0.44, ""capture"": 0.44, ""miss_deg"": 1.28, ""labels"": [40]}, {""name"": ""白杯1"", ""share"": 0.132, ""q"": 0.085, ""capture"": 0.156, ""miss_deg"": 1.93, ""labels"": [266]}, {""name"": ""球M"", ""share"": 0.068, ""q"": 0.044, ""capture"": 0.154, ""miss_deg"": 1.94, ""labels"": [261]}]"
2026_08_20/000,c1,v9,,table10,50.73,53.82,3.09,2.268,球M,261,0.181,0.154,0.511,0.953,3.077,0.149,object#12,,0,0,,,,3,"[{""name"": ""球M"", ""share"": 0.181, ""q"": 0.154, ""capture"": 0.511, ""miss_deg"": 1.16, ""labels"": [261]}, {""name"": ""水瓶"", ""share"": 0.557, ""q"": 0.474, ""capture"": 0.487, ""miss_deg"": 1.2, ""labels"": [30]}, {""name"": ""香蕉"", ""share"": 0.129, ""q"": 0.109, ""capture"": 0.11, ""miss_deg"": 2.1, ""labels"": [264]}]"
2026_08_20/000,c1,v9,,table10,53.91,54.2,0.3,2.301,白杯1,266,0.528,0.415,0.762,0.651,0.36,0.214,object#12,,1,1,6,水瓶,0,3,"[{""name"": ""白杯1"", ""share"": 0.528, ""q"": 0.415, ""capture"": 0.762, ""miss_deg"": 0.74, ""labels"": [266]}, {""name"": ""球R"", ""share"": 0.19, ""q"": 0.149, ""capture"": 0.496, ""miss_deg"": 1.18, ""labels"": [263]}, {""name"": ""物品台"", ""share"": 0.135, ""q"": 0.106, ""capture"": 0.106, ""miss_deg"": 2.12, ""labels"": [40]}]"
2026_08_20/000,c1,v9,,table10,54.26,55.23,0.97,2.326,水瓶,30,0.625,0.551,0.568,0.914,0.269,0.119,object#12,,1,1,6,水瓶,1,3,"[{""name"": ""水瓶"", ""share"": 0.625, ""q"": 0.551, ""capture"": 0.568, ""miss_deg"": 1.06, ""labels"": [30]}, {""name"": ""球M"", ""share"": 0.168, ""q"": 0.148, ""capture"": 0.519, ""miss_deg"": 1.14, ""labels"": [261]}, {""name"": ""香蕉"", ""share"": 0.164, ""q"": 0.144, ""capture"": 0.145, ""miss_deg"": 1.97, ""labels"": [264]}]"
2026_08_20/000,c1,v9,,table10,56.21,56.48,0.27,2.212,球M,261,0.336,0.267,0.887,0.561,1.869,0.206,object#12,,0,0,6,水瓶,0,3,"[{""name"": ""球M"", ""share"": 0.336, ""q"": 0.267, ""capture"": 0.887, ""miss_deg"": 0.49, ""labels"": [261]}, {""name"": ""物品台"", ""share"": 0.628, ""q"": 0.498, ""capture"": 0.498, ""miss_deg"": 1.18, ""labels"": [40]}, {""name"": ""水瓶"", ""share"": 0.035, ""q"": 0.028, ""capture"": 0.029, ""miss_deg"": 2.67, ""labels"": [30]}]"
2026_08_20/000,c1,v9,,table10,56.96,57.61,0.65,2.275,球M,261,0.338,0.275,0.914,0.403,1.34,0.187,object#12,,0,0,,,,3,"[{""name"": ""球M"", ""share"": 0.338, ""q"": 0.275, ""capture"": 0.914, ""miss_deg"": 0.42, ""labels"": [261]}, {""name"": ""物品台"", ""share"": 0.453, ""q"": 0.368, ""capture"": 0.368, ""miss_deg"": 1.41, ""labels"": [40]}, {""name"": ""水瓶"", ""share"": 0.188, ""q"": 0.153, ""capture"": 0.157, ""miss_deg"": 1.92, ""labels"": [30]}]"
2026_08_20/000,c1,v9,,table10,58.47,58.96,0.49,2.311,水瓶,30,0.665,0.577,0.595,0.704,0.208,0.132,object#12,,1,1,,,,3,"[{""name"": ""水瓶"", ""share"": 0.665, ""q"": 0.577, ""capture"": 0.595, ""miss_deg"": 1.02, ""labels"": [30]}, {""name"": ""球M"", ""share"": 0.138, ""q"": 0.12, ""capture"": 0.419, ""miss_deg"": 1.32, ""labels"": [261]}, {""name"": ""香蕉"", ""share"": 0.168, ""q"": 0.146, ""capture"": 0.146, ""miss_deg"": 1.96, ""labels"": [264]}]"
2026_08_20/000,c1,v9,,table10,59.01,59.71,0.7,2.291,苹果红,260,0.27,0.208,0.539,0.544,0.422,0.229,object#12,,0,0,,,,3,"[{""name"": ""苹果红"", ""share"": 0.27, ""q"": 0.208, ""capture"": 0.539, ""miss_deg"": 1.11, ""labels"": [260]}, {""name"": ""球L"", ""share"": 0.114, ""q"": 0.088, ""capture"": 0.293, ""miss_deg"": 1.57, ""labels"": [259]}, {""name"": ""水瓶"", ""share"": 0.243, ""q"": 0.188, ""capture"": 0.193, ""miss_deg"": 1.81, ""labels"": [30]}]"
2026_08_20/000,c1,v9,,table10,59.77,60.63,0.87,2.339,水瓶,30,0.613,0.532,0.55,0.805,0.225,0.132,object#12,,1,1,,,,3,"[{""name"": ""水瓶"", ""share"": 0.613, ""q"": 0.532, ""capture"": 0.55, ""miss_deg"": 1.09, ""labels"": [30]}, {""name"": ""球M"", ""share"": 0.138, ""q"": 0.12, ""capture"": 0.443, ""miss_deg"": 1.28, ""labels"": [261]}, {""name"": ""香蕉"", ""share"": 0.161, ""q"": 0.139, ""capture"": 0.14, ""miss_deg"": 1.98, ""labels"": [264]}]"
2026_08_20/000,c1,v9,,table10,61.2,61.68,0.49,3.343,,-1,0.0,0.0,,,,1.0,object#36,,0,0,,,,0,[]
2026_08_20/000,c1,v9,,table10,61.74,62.44,0.7,3.426,,-1,0.0,0.0,,,,1.0,object#36,,0,0,,,,0,[]
2026_08_20/000,c1,v9,,table10,62.5,62.77,0.27,3.423,,-1,0.0,0.0,,,,1.0,object#36,,0,0,,,,0,[]
2026_08_20/000,c1,v9,,table10,64.98,65.31,0.32,2.232,物品台,40,0.829,0.589,0.589,0.525,0.158,0.29,object#12,,1,1,,,,3,"[{""name"": ""物品台"", ""share"": 0.829, ""q"": 0.589, ""capture"": 0.589, ""miss_deg"": 1.03, ""labels"": [40]}, {""name"": ""球M"", ""share"": 0.131, ""q"": 0.093, ""capture"": 0.309, ""miss_deg"": 1.53, ""labels"": [261]}, {""name"": ""白杯1"", ""share"": 0.024, ""q"": 0.017, ""capture"": 0.029, ""miss_deg"": 2.66, ""labels"": [266]}]"
2026_08_20/000,c1,v9,,table10,65.63,65.91,0.27,2.161,物品台,40,0.92,0.696,0.696,0.175,0.057,0.244,object#12,,1,1,,,,3,"[{""name"": ""物品台"", ""share"": 0.92, ""q"": 0.696, ""capture"": 0.696, ""miss_deg"": 0.85, ""labels"": [40]}, {""name"": ""球L"", ""share"": 0.052, ""q"": 0.039, ""capture"": 0.122, ""miss_deg"": 2.05, ""labels"": [259]}, {""name"": ""球M"", ""share"": 0.009, ""q"": 0.007, ""capture"": 0.021, ""miss_deg"": 2.78, ""labels"": [261]}]"
2026_08_20/000,c1,v9,,table10,66.18,66.46,0.27,2.341,球R,263,0.211,0.185,0.616,0.742,1.863,0.123,object#12,,0,0,,,,3,"[{""name"": ""球R"", ""share"": 0.211, ""q"": 0.185, ""capture"": 0.616, ""miss_deg"": 0.99, ""labels"": [263]}, {""name"": ""红杯"", ""share"": 0.393, ""q"": 0.344, ""capture"": 0.457, ""miss_deg"": 1.25, ""labels"": [49]}, {""name"": ""白杯1"", ""share"": 0.28, ""q"": 0.246, ""capture"": 0.452, ""miss_deg"": 1.26, ""labels"": [266]}]"
2026_08_20/000,c1,v9,,table10,66.51,67.54,1.03,2.311,球R,263,0.312,0.263,0.872,0.689,1.247,0.159,object#12,,0,0,,,,3,"[{""name"": ""球R"", ""share"": 0.312, ""q"": 0.263, ""capture"": 0.872, ""miss_deg"": 0.52, ""labels"": [263]}, {""name"": ""白杯1"", ""share"": 0.389, ""q"": 0.327, ""capture"": 0.601, ""miss_deg"": 1.01, ""labels"": [266]}, {""name"": ""红杯"", ""share"": 0.204, ""q"": 0.172, ""capture"": 0.225, ""miss_deg"": 1.73, ""labels"": [49]}]"
2026_08_20/000,c1,v9,,table10,68.0,68.68,0.67,2.347,球R,263,0.213,0.184,0.61,0.802,1.451,0.138,object#12,,0,0,7,红杯,0,3,"[{""name"": ""球R"", ""share"": 0.213, ""q"": 0.184, ""capture"": 0.61, ""miss_deg"": 0.99, ""labels"": [263]}, {""name"": ""白杯1"", ""share"": 0.309, ""q"": 0.266, ""capture"": 0.489, ""miss_deg"": 1.2, ""labels"": [266]}, {""name"": ""红杯"", ""share"": 0.376, ""q"": 0.324, ""capture"": 0.429, ""miss_deg"": 1.3, ""labels"": [49]}]"
2026_08_20/000,c1,v9,,table10,68.74,69.17,0.43,2.311,白杯2,267,0.558,0.427,0.882,0.46,0.285,0.233,object#12,,1,1,7,红杯,0,3,"[{""name"": ""白杯2"", ""share"": 0.558, ""q"": 0.427, ""capture"": 0.882, ""miss_deg"": 0.5, ""labels"": [267]}, {""name"": ""球R"", ""share"": 0.159, ""q"": 0.122, ""capture"": 0.406, ""miss_deg"": 1.34, ""labels"": [263]}, {""name"": ""红杯"", ""share"": 0.217, ""q"": 0.166, ""capture"": 0.218, ""miss_deg"": 1.75, ""labels"": [49]}]"
2026_08_20/000,c1,v9,,table10,69.23,69.82,0.6,2.301,球R,263,0.418,0.314,1.043,0.382,0.691,0.25,object#12,,1,0,7,红杯,0,3,"[{""name"": ""球R"", ""share"": 0.418, ""q"": 0.314, ""capture"": 1.043, ""miss_deg"": 0.0, ""labels"": [263]}, {""name"": ""白杯1"", ""share"": 0.289, ""q"": 0.217, ""capture"": 0.398, ""miss_deg"": 1.36, ""labels"": [266]}, {""name"": ""物品台"", ""share"": 0.207, ""q"": 0.155, ""capture"": 0.155, ""miss_deg"": 1.93, ""labels"": [40]}]"
2026_08_20/000,c1,v9,,table10,69.88,70.36,0.49,2.303,球R,263,0.361,0.292,0.97,0.388,0.632,0.191,object#12,,1,0,7,红杯,0,3,"[{""name"": ""球R"", ""share"": 0.361, ""q"": 0.292, ""capture"": 0.97, ""miss_deg"": 0.25, ""labels"": [263]}, {""name"": ""白杯2"", ""share"": 0.228, ""q"": 0.184, ""capture"": 0.376, ""miss_deg"": 1.4, ""labels"": [267]}, {""name"": ""红杯"", ""share"": 0.221, ""q"": 0.179, ""capture"": 0.232, ""miss_deg"": 1.71, ""labels"": [49]}]"
2026_08_20/000,c1,v9,,table10,70.42,71.07,0.65,2.297,白杯1,266,0.561,0.451,0.813,0.498,0.271,0.197,object#12,,1,1,7,红杯,0,3,"[{""name"": ""白杯1"", ""share"": 0.561, ""q"": 0.451, ""capture"": 0.813, ""miss_deg"": 0.64, ""labels"": [266]}, {""name"": ""球R"", ""share"": 0.152, ""q"": 0.122, ""capture"": 0.405, ""miss_deg"": 1.35, ""labels"": [263]}, {""name"": ""红杯"", ""share"": 0.104, ""q"": 0.084, ""capture"": 0.109, ""miss_deg"": 2.11, ""labels"": [49]}]"
2026_08_20/000,c1,v9,,table10,71.12,71.99,0.87,2.338,白杯2,267,0.416,0.337,0.714,0.667,0.425,0.189,object#12,,1,0,7,红杯,0,3,"[{""name"": ""白杯2"", ""share"": 0.416, ""q"": 0.337, ""capture"": 0.714, ""miss_deg"": 0.82, ""labels"": [267]}, {""name"": ""球R"", ""share"": 0.177, ""q"": 0.143, ""capture"": 0.476, ""miss_deg"": 1.22, ""labels"": [263]}, {""name"": ""红杯"", ""share"": 0.327, ""q"": 0.265, ""capture"": 0.352, ""miss_deg"": 1.45, ""labels"": [49]}]"
2026_08_20/000,c1,v9,,table10,72.04,72.53,0.49,2.311,球R,263,0.307,0.232,0.771,0.716,1.296,0.244,object#12,,0,0,,,,3,"[{""name"": ""球R"", ""share"": 0.307, ""q"": 0.232, ""capture"": 0.771, ""miss_deg"": 0.72, ""labels"": [263]}, {""name"": ""白杯1"", ""share"": 0.398, ""q"": 0.301, ""capture"": 0.552, ""miss_deg"": 1.09, ""labels"": [266]}, {""name"": ""物品台"", ""share"": 0.206, ""q"": 0.156, ""capture"": 0.156, ""miss_deg"": 1.93, ""labels"": [40]}]"
2026_08_20/000,c1,v9,,table10,74.0,75.35,1.35,2.259,球L,259,0.391,0.317,1.003,0.621,0.785,0.19,object#12,,0,0,8,苹果红,0,3,"[{""name"": ""球L"", ""share"": 0.391, ""q"": 0.317, ""capture"": 1.003, ""miss_deg"": 0.0, ""labels"": [259]}, {""name"": ""苹果红"", ""share"": 0.307, ""q"": 0.248, ""capture"": 0.623, ""miss_deg"": 0.97, ""labels"": [260]}, {""name"": ""物品台"", ""share"": 0.223, ""q"": 0.18, ""capture"": 0.18, ""miss_deg"": 1.85, ""labels"": [40]}]"
2026_08_20/000,c1,v9,,table10,75.41,76.0,0.6,2.256,球L,259,0.377,0.298,0.944,0.706,0.891,0.209,object#12,,0,0,8,苹果红,0,3,"[{""name"": ""球L"", ""share"": 0.377, ""q"": 0.298, ""capture"": 0.944, ""miss_deg"": 0.34, ""labels"": [259]}, {""name"": ""苹果红"", ""share"": 0.336, ""q"": 0.266, ""capture"": 0.666, ""miss_deg"": 0.9, ""labels"": [260]}, {""name"": ""物品台"", ""share"": 0.205, ""q"": 0.162, ""capture"": 0.162, ""miss_deg"": 1.91, ""labels"": [40]}]"
2026_08_20/000,c1,v9,,table10,76.06,76.76,0.7,2.266,球L,259,0.459,0.395,1.25,0.345,0.436,0.14,object#12,,1,0,8,苹果红,0,3,"[{""name"": ""球L"", ""share"": 0.459, ""q"": 0.395, ""capture"": 1.25, ""miss_deg"": 0.0, ""labels"": [259]}, {""name"": ""苹果红"", ""share"": 0.2, ""q"": 0.172, ""capture"": 0.431, ""miss_deg"": 1.3, ""labels"": [260]}, {""name"": ""物品台"", ""share"": 0.282, ""q"": 0.243, ""capture"": 0.243, ""miss_deg"": 1.68, ""labels"": [40]}]"
2026_08_20/000,c1,v9,,table10,77.19,79.79,2.6,2.246,球L,259,0.248,0.185,0.584,0.702,0.887,0.257,object#12,,0,0,8,苹果红,0,3,"[{""name"": ""球L"", ""share"": 0.248, ""q"": 0.185, ""capture"": 0.584, ""miss_deg"": 1.04, ""labels"": [259]}, {""name"": ""苹果红"", ""share"": 0.22, ""q"": 0.163, ""capture"": 0.41, ""miss_deg"": 1.34, ""labels"": [260]}, {""name"": ""物品台"", ""share"": 0.331, ""q"": 0.246, ""capture"": 0.246, ""miss_deg"": 1.68, ""labels"": [40]}]"
2026_08_20/000,c1,v9,,table10,80.36,81.23,0.87,2.167,物品台,40,0.929,0.644,0.644,0.194,0.061,0.307,object#12,,1,1,9,球M,0,3,"[{""name"": ""物品台"", ""share"": 0.929, ""q"": 0.644, ""capture"": 0.644, ""miss_deg"": 0.94, ""labels"": [40]}, {""name"": ""球M"", ""share"": 0.057, ""q"": 0.039, ""capture"": 0.125, ""miss_deg"": 2.04, ""labels"": [261]}, {""name"": ""水瓶"", ""share"": 0.014, ""q"": 0.01, ""capture"": 0.01, ""miss_deg"": 3.05, ""labels"": [30]}]"
2026_08_20/000,c1,v9,,table10,81.28,81.61,0.32,2.225,物品台,40,0.712,0.587,0.587,1.0,0.301,0.176,object#12,,1,1,9,球M,0,3,"[{""name"": ""物品台"", ""share"": 0.712, ""q"": 0.587, ""capture"": 0.587, ""miss_deg"": 1.03, ""labels"": [40]}, {""name"": ""球M"", ""share"": 0.214, ""q"": 0.177, ""capture"": 0.587, ""miss_deg"": 1.03, ""labels"": [261]}, {""name"": ""水瓶"", ""share"": 0.067, ""q"": 0.055, ""capture"": 0.056, ""miss_deg"": 2.4, ""labels"": [30]}]"
2026_08_20/000,c1,v9,,table10,82.37,82.69,0.32,2.233,球M,261,0.477,0.385,1.278,0.194,0.644,0.194,object#12,,1,0,9,球M,1,3,"[{""name"": ""球M"", ""share"": 0.477, ""q"": 0.385, ""capture"": 1.278, ""miss_deg"": 0.0, ""labels"": [261]}, {""name"": ""物品台"", ""share"": 0.307, ""q"": 0.248, ""capture"": 0.248, ""miss_deg"": 1.67, ""labels"": [40]}, {""name"": ""水瓶"", ""share"": 0.17, ""q"": 0.137, ""capture"": 0.14, ""miss_deg"": 1.98, ""labels"": [30]}]"
2026_08_20/000,c1,v9,,table10,82.76,83.02,0.27,2.261,物品台,40,0.656,0.529,0.529,0.856,0.258,0.193,object#12,,1,1,9,球M,0,3,"[{""name"": ""物品台"", ""share"": 0.656, ""q"": 0.529, ""capture"": 0.529, ""miss_deg"": 1.13, ""labels"": [40]}, {""name"": ""球M"", ""share"": 0.169, ""q"": 0.136, ""capture"": 0.453, ""miss_deg"": 1.26, ""labels"": [261]}, {""name"": ""水瓶"", ""share"": 0.128, ""q"": 0.103, ""capture"": 0.106, ""miss_deg"": 2.12, ""labels"": [30]}]"
2026_08_20/000,c1,v9,,table10,83.8,84.07,0.27,2.272,球M,261,0.362,0.291,0.968,0.475,1.577,0.195,object#12,,0,0,9,球M,1,3,"[{""name"": ""球M"", ""share"": 0.362, ""q"": 0.291, ""capture"": 0.968, ""miss_deg"": 0.26, ""labels"": [261]}, {""name"": ""物品台"", ""share"": 0.571, ""q"": 0.46, ""capture"": 0.46, ""miss_deg"": 1.25, ""labels"": [40]}, {""name"": ""水瓶"", ""share"": 0.051, ""q"": 0.041, ""capture"": 0.042, ""miss_deg"": 2.52, ""labels"": [30]}]"
2026_08_20/000,c1,v9,,table10,84.13,84.4,0.27,2.291,球L,259,0.251,0.198,0.659,0.762,2.53,0.21,object#12,,0,0,9,球M,0,3,"[{""name"": ""球L"", ""share"": 0.251, ""q"": 0.198, ""capture"": 0.659, ""miss_deg"": 0.91, ""labels"": [259]}, {""name"": ""物品台"", ""share"": 0.635, ""q"": 0.502, ""capture"": 0.502, ""miss_deg"": 1.17, ""labels"": [40]}, {""name"": ""苹果红"", ""share"": 0.043, ""q"": 0.034, ""capture"": 0.088, ""miss_deg"": 2.21, ""labels"": [260]}]"
2026_08_20/000,c1,v9,,table10,84.45,84.78,0.32,2.278,球M,261,0.395,0.318,1.056,0.387,1.289,0.197,object#12,,0,0,9,球M,1,3,"[{""name"": ""球M"", ""share"": 0.395, ""q"": 0.318, ""capture"": 1.056, ""miss_deg"": 0.0, ""labels"": [261]}, {""name"": ""物品台"", ""share"": 0.509, ""q"": 0.409, ""capture"": 0.409, ""miss_deg"": 1.34, ""labels"": [40]}, {""name"": ""水瓶"", ""share"": 0.081, ""q"": 0.065, ""capture"": 0.067, ""miss_deg"": 2.33, ""labels"": [30]}]"
2026_08_20/000,c1,v9,,table10,84.83,85.26,0.43,2.195,物品台,40,0.855,0.652,0.652,0.488,0.154,0.238,object#12,,1,1,9,球M,0,3,"[{""name"": ""物品台"", ""share"": 0.855, ""q"": 0.652, ""capture"": 0.652, ""miss_deg"": 0.93, ""labels"": [40]}, {""name"": ""球M"", ""share"": 0.132, ""q"": 0.1, ""capture"": 0.318, ""miss_deg"": 1.51, ""labels"": [261]}, {""name"": ""水瓶"", ""share"": 0.013, ""q"": 0.01, ""capture"": 0.01, ""miss_deg"": 3.03, ""labels"": [30]}]"
2026_08_20/000,c1,v9,,table10,85.32,86.02,0.7,2.224,球M,261,0.297,0.235,0.78,0.685,2.269,0.208,object#12,,0,0,9,球M,1,3,"[{""name"": ""球M"", ""share"": 0.297, ""q"": 0.235, ""capture"": 0.78, ""miss_deg"": 0.7, ""labels"": [261]}, {""name"": ""物品台"", ""share"": 0.674, ""q"": 0.534, ""capture"": 0.534, ""miss_deg"": 1.12, ""labels"": [40]}, {""name"": ""水瓶"", ""share"": 0.028, ""q"": 0.022, ""capture"": 0.022, ""miss_deg"": 2.76, ""labels"": [30]}]"
2026_08_20/000,c1,v9,,table10,86.67,87.27,0.6,2.312,苹果红,260,0.329,0.282,0.732,0.895,0.699,0.141,object#12,,0,0,,,,3,"[{""name"": ""苹果红"", ""share"": 0.329, ""q"": 0.282, ""capture"": 0.732, ""miss_deg"": 0.79, ""labels"": [260]}, {""name"": ""球L"", ""share"": 0.23, ""q"": 0.197, ""capture"": 0.655, ""miss_deg"": 0.92, ""labels"": [259]}, {""name"": ""物品台"", ""share"": 0.228, ""q"": 0.196, ""capture"": 0.196, ""miss_deg"": 1.81, ""labels"": [40]}]"
2026_08_20/000,c1,v9,,table10,87.32,92.36,5.04,2.347,苹果红,260,0.478,0.25,0.648,0.34,0.316,0.478,object#12,,1,0,10,橘子,0,3,"[{""name"": ""苹果红"", ""share"": 0.478, ""q"": 0.25, ""capture"": 0.648, ""miss_deg"": 0.93, ""labels"": [260]}, {""name"": ""橘子"", ""share"": 0.151, ""q"": 0.079, ""capture"": 0.22, ""miss_deg"": 1.74, ""labels"": [262]}, {""name"": ""苹果粉"", ""share"": 0.085, ""q"": 0.044, ""capture"": 0.089, ""miss_deg"": 2.2, ""labels"": [64, 250]}]"
2026_08_20/000,c1,v9,,table10,92.65,93.35,0.7,2.3,苹果红,260,0.427,0.326,0.846,0.676,0.527,0.236,object#12,,1,0,,,,3,"[{""name"": ""苹果红"", ""share"": 0.427, ""q"": 0.326, ""capture"": 0.846, ""miss_deg"": 0.58, ""labels"": [260]}, {""name"": ""球L"", ""share"": 0.225, ""q"": 0.172, ""capture"": 0.572, ""miss_deg"": 1.06, ""labels"": [259]}, {""name"": ""物品台"", ""share"": 0.138, ""q"": 0.105, ""capture"": 0.105, ""miss_deg"": 2.12, ""labels"": [40]}]"
2026_08_20/000,c1,v9,,table10,93.73,95.36,1.62,2.27,球L,259,0.367,0.318,1.058,0.436,1.447,0.132,object#12,,0,0,,,,3,"[{""name"": ""球L"", ""share"": 0.367, ""q"": 0.318, ""capture"": 1.058, ""miss_deg"": 0.0, ""labels"": [259]}, {""name"": ""物品台"", ""share"": 0.531, ""q"": 0.461, ""capture"": 0.461, ""miss_deg"": 1.25, ""labels"": [40]}, {""name"": ""苹果红"", ""share"": 0.047, ""q"": 0.041, ""capture"": 0.102, ""miss_deg"": 2.14, ""labels"": [260]}]"
2026_08_20/000,c1,v9,,table10,95.74,96.55,0.81,2.288,球L,259,0.221,0.2,0.663,0.958,3.186,0.099,object#12,,0,0,11,球L,1,3,"[{""name"": ""球L"", ""share"": 0.221, ""q"": 0.2, ""capture"": 0.663, ""miss_deg"": 0.91, ""labels"": [259]}, {""name"": ""物品台"", ""share"": 0.704, ""q"": 0.635, ""capture"": 0.635, ""miss_deg"": 0.95, ""labels"": [40]}, {""name"": ""苹果粉"", ""share"": 0.051, ""q"": 0.046, ""capture"": 0.088, ""miss_deg"": 2.2, ""labels"": [64]}]"
2026_08_20/000,c1,v9,,table10,96.79,97.33,0.54,2.298,球L,259,0.351,0.307,1.02,0.486,1.613,0.125,object#12,,0,0,11,球L,1,3,"[{""name"": ""球L"", ""share"": 0.351, ""q"": 0.307, ""capture"": 1.02, ""miss_deg"": 0.0, ""labels"": [259]}, {""name"": ""物品台"", ""share"": 0.566, ""q"": 0.496, ""capture"": 0.496, ""miss_deg"": 1.18, ""labels"": [40]}, {""name"": ""苹果红"", ""share"": 0.039, ""q"": 0.034, ""capture"": 0.089, ""miss_deg"": 2.2, ""labels"": [260]}]"
2026_08_20/000,c1,v9,,table10,97.38,97.65,0.27,2.293,球L,259,0.139,0.107,0.354,0.876,1.122,0.234,object#12,,0,0,11,球L,1,3,"[{""name"": ""球L"", ""share"": 0.139, ""q"": 0.107, ""capture"": 0.354, ""miss_deg"": 1.44, ""labels"": [259]}, {""name"": ""苹果红"", ""share"": 0.156, ""q"": 0.119, ""capture"": 0.31, ""miss_deg"": 1.53, ""labels"": [260]}, {""name"": ""物品台"", ""share"": 0.314, ""q"": 0.24, ""capture"": 0.24, ""miss_deg"": 1.69, ""labels"": [40]}]"
2026_08_20/000,c1,v9,,table10,98.2,98.47,0.27,2.278,物品台,40,0.786,0.699,0.699,0.751,0.225,0.11,object#12,,1,1,11,球L,0,3,"[{""name"": ""物品台"", ""share"": 0.786, ""q"": 0.699, ""capture"": 0.699, ""miss_deg"": 0.85, ""labels"": [40]}, {""name"": ""球L"", ""share"": 0.177, ""q"": 0.158, ""capture"": 0.525, ""miss_deg"": 1.14, ""labels"": [259]}, {""name"": ""苹果粉"", ""share"": 0.026, ""q"": 0.023, ""capture"": 0.044, ""miss_deg"": 2.5, ""labels"": [64]}]"
2026_08_20/000,c1,v9,,table10,98.87,99.34,0.47,2.307,球M,261,0.233,0.194,0.68,0.678,2.373,0.166,object#12,,0,0,11,球L,0,3,"[{""name"": ""球M"", ""share"": 0.233, ""q"": 0.194, ""capture"": 0.68, ""miss_deg"": 0.88, ""labels"": [261]}, {""name"": ""物品台"", ""share"": 0.553, ""q"": 0.461, ""capture"": 0.461, ""miss_deg"": 1.24, ""labels"": [40]}, {""name"": ""水瓶"", ""share"": 0.166, ""q"": 0.138, ""capture"": 0.143, ""miss_deg"": 1.97, ""labels"": [30]}]"
2026_08_20/000,c1,v9,,table10,100.15,100.42,0.27,2.322,白杯1,266,0.354,0.24,0.44,0.757,0.418,0.322,object#12,,1,0,,,,3,"[{""name"": ""白杯1"", ""share"": 0.354, ""q"": 0.24, ""capture"": 0.44, ""miss_deg"": 1.28, ""labels"": [266]}, {""name"": ""球R"", ""share"": 0.148, ""q"": 0.1, ""capture"": 0.333, ""miss_deg"": 1.48, ""labels"": [263]}, {""name"": ""物品台"", ""share"": 0.388, ""q"": 0.263, ""capture"": 0.263, ""miss_deg"": 1.63, ""labels"": [40]}]"
2026_08_20/000,c1,v9,,table10,100.86,101.24,0.38,2.317,球R,263,0.348,0.279,0.928,0.503,0.81,0.197,object#12,,0,0,12,白杯2,0,3,"[{""name"": ""球R"", ""share"": 0.348, ""q"": 0.279, ""capture"": 0.928, ""miss_deg"": 0.39, ""labels"": [263]}, {""name"": ""白杯2"", ""share"": 0.282, ""q"": 0.226, ""capture"": 0.467, ""miss_deg"": 1.23, ""labels"": [267]}, {""name"": ""红杯"", ""share"": 0.185, ""q"": 0.149, ""capture"": 0.195, ""miss_deg"": 1.81, ""labels"": [49]}]"
2026_08_20/000,c1,v9,,table10,101.3,102.7,1.41,2.322,白杯2,267,0.665,0.468,0.99,0.243,0.391,0.296,object#12,,1,1,12,白杯2,1,3,"[{""name"": ""白杯2"", ""share"": 0.665, ""q"": 0.468, ""capture"": 0.99, ""miss_deg"": 0.14, ""labels"": [267]}, {""name"": ""红杯"", ""share"": 0.26, ""q"": 0.183, ""capture"": 0.241, ""miss_deg"": 1.69, ""labels"": [49]}, {""name"": ""球R"", ""share"": 0.051, ""q"": 0.036, ""capture"": 0.118, ""miss_deg"": 2.07, ""labels"": [263]}]"
2026_08_20/000,c1,v9,,table10,102.76,103.9,1.14,2.298,白杯2,267,0.554,0.425,0.867,0.428,0.264,0.232,object#12,,1,1,12,白杯2,1,3,"[{""name"": ""白杯2"", ""share"": 0.554, ""q"": 0.425, ""capture"": 0.867, ""miss_deg"": 0.53, ""labels"": [267]}, {""name"": ""球R"", ""share"": 0.146, ""q"": 0.112, ""capture"": 0.371, ""miss_deg"": 1.41, ""labels"": [263]}, {""name"": ""红杯"", ""share"": 0.233, ""q"": 0.179, ""capture"": 0.232, ""miss_deg"": 1.71, ""labels"": [49]}]"
2026_08_20/000,c1,v9,,table10,104.06,105.47,1.41,2.31,球R,263,0.371,0.305,1.014,0.283,0.456,0.177,object#12,,1,0,12,白杯2,0,3,"[{""name"": ""球R"", ""share"": 0.371, ""q"": 0.305, ""capture"": 1.014, ""miss_deg"": 0.0, ""labels"": [263]}, {""name"": ""白杯2"", ""share"": 0.169, ""q"": 0.139, ""capture"": 0.287, ""miss_deg"": 1.58, ""labels"": [267]}, {""name"": ""红杯"", ""share"": 0.243, ""q"": 0.2, ""capture"": 0.262, ""miss_deg"": 1.64, ""labels"": [49]}]"
2026_08_20/000,c1,v9,,table10,105.95,106.5,0.54,2.288,白杯1,266,0.412,0.283,0.511,0.501,0.272,0.312,object#12,,1,0,12,白杯2,0,3,"[{""name"": ""白杯1"", ""share"": 0.412, ""q"": 0.283, ""capture"": 0.511, ""miss_deg"": 1.16, ""labels"": [266]}, {""name"": ""球R"", ""share"": 0.112, ""q"": 0.077, ""capture"": 0.256, ""miss_deg"": 1.65, ""labels"": [263]}, {""name"": ""物品台"", ""share"": 0.314, ""q"": 0.216, ""capture"": 0.216, ""miss_deg"": 1.75, ""labels"": [40]}]"
2026_08_20/000,c1,v9,,table10,106.55,106.98,0.43,2.282,球R,263,0.304,0.248,0.823,0.516,0.859,0.184,object#12,,0,0,,,,3,"[{""name"": ""球R"", ""share"": 0.304, ""q"": 0.248, ""capture"": 0.823, ""miss_deg"": 0.62, ""labels"": [263]}, {""name"": ""白杯2"", ""share"": 0.261, ""q"": 0.213, ""capture"": 0.425, ""miss_deg"": 1.31, ""labels"": [267]}, {""name"": ""红杯"", ""share"": 0.277, ""q"": 0.226, ""capture"": 0.294, ""miss_deg"": 1.57, ""labels"": [49]}]"
2026_08_20/000,c1,v9,,table10,107.09,107.42,0.32,2.293,球M,261,0.289,0.207,0.687,0.316,1.052,0.285,object#12,,0,0,,,,3,"[{""name"": ""球M"", ""share"": 0.289, ""q"": 0.207, ""capture"": 0.687, ""miss_deg"": 0.87, ""labels"": [261]}, {""name"": ""物品台"", ""share"": 0.304, ""q"": 0.217, ""capture"": 0.217, ""miss_deg"": 1.75, ""labels"": [40]}, {""name"": ""香蕉"", ""share"": 0.186, ""q"": 0.133, ""capture"": 0.133, ""miss_deg"": 2.01, ""labels"": [264]}]"
2026_08_20/000,c1,v9,,table10,107.47,107.9,0.43,2.292,白杯1,266,0.482,0.388,0.699,0.96,0.521,0.196,object#12,,1,0,,,,3,"[{""name"": ""白杯1"", ""share"": 0.482, ""q"": 0.388, ""capture"": 0.699, ""miss_deg"": 0.85, ""labels"": [266]}, {""name"": ""球R"", ""share"": 0.251, ""q"": 0.202, ""capture"": 0.671, ""miss_deg"": 0.89, ""labels"": [263]}, {""name"": ""红杯"", ""share"": 0.103, ""q"": 0.083, ""capture"": 0.107, ""miss_deg"": 2.11, ""labels"": [49]}]"
2026_08_20/000,c1,v9,,table10,112.37,112.94,0.57,1.094,,-1,0.0,0.0,,,,1.0,object#14,,0,0,,,,0,[]
2026_08_20/000,c1,v9,,table10,113.87,114.19,0.32,0.638,,-1,0.0,0.0,,,,1.0,object#34,,0,0,,,,0,[]
2026_08_20/000,c1,v9,,table10,114.46,114.9,0.44,0.856,,-1,0.0,0.0,,,,1.0,object#88,,0,0,,,,0,[]
2026_08_20/001,c2,v9,,table10,3.28,3.67,0.38,3.041,,-1,0.0,0.0,,,,1.0,floor,,0,0,,,,0,[]
2026_08_20/001,c2,v9,,table10,9.17,9.5,0.32,3.454,,-1,0.0,0.0,,,,1.0,object#36,,0,0,,,,0,[]
2026_08_20/001,c2,v9,,table10,10.05,10.43,0.38,2.739,球L,259,0.297,0.249,1.116,0.414,0.559,0.164,object#12,,0,0,,,,3,"[{""name"": ""球L"", ""share"": 0.297, ""q"": 0.249, ""capture"": 1.116, ""miss_deg"": 0.0, ""labels"": [259]}, {""name"": ""苹果红"", ""share"": 0.166, ""q"": 0.139, ""capture"": 0.462, ""miss_deg"": 1.24, ""labels"": [260]}, {""name"": ""物品台"", ""share"": 0.283, ""q"": 0.237, ""capture"": 0.237, ""miss_deg"": 1.7, ""labels"": [40]}]"
2026_08_20/001,c2,v9,,table10,11.31,11.64,0.32,3.431,,-1,0.0,0.0,,,,1.0,object#60,,0,0,,,,0,[]
2026_08_20/001,c2,v9,,table10,11.75,12.02,0.27,3.534,,-1,0.0,0.0,,,,1.0,object#26,,0,0,,,,0,[]
2026_08_20/001,c2,v9,,table10,12.41,13.06,0.65,3.364,,-1,0.0,0.0,,,,1.0,object#26,,0,0,,,,0,[]
2026_08_20/001,c2,v9,,table10,14.23,14.5,0.27,2.572,球M,261,0.194,0.158,0.684,0.816,3.526,0.184,object#12,,0,0,,,,3,"[{""name"": ""球M"", ""share"": 0.194, ""q"": 0.158, ""capture"": 0.684, ""miss_deg"": 0.87, ""labels"": [261]}, {""name"": ""物品台"", ""share"": 0.684, ""q"": 0.558, ""capture"": 0.558, ""miss_deg"": 1.08, ""labels"": [40]}, {""name"": ""水瓶"", ""share"": 0.101, ""q"": 0.083, ""capture"": 0.091, ""miss_deg"": 2.19, ""labels"": [30]}]"
2026_08_20/001,c2,v9,,table10,14.71,15.36,0.65,2.723,物品台,40,0.844,0.497,0.497,0.642,0.143,0.411,object#106,,1,1,,,,3,"[{""name"": ""物品台"", ""share"": 0.844, ""q"": 0.497, ""capture"": 0.497, ""miss_deg"": 1.18, ""labels"": [40]}, {""name"": ""球R"", ""share"": 0.121, ""q"": 0.071, ""capture"": 0.319, ""miss_deg"": 1.51, ""labels"": [263]}, {""name"": ""水瓶"", ""share"": 0.025, ""q"": 0.015, ""capture"": 0.017, ""miss_deg"": 2.85, ""labels"": [30]}]"
2026_08_20/001,c2,v9,,table10,15.53,15.9,0.38,2.514,物品台,40,0.874,0.622,0.622,0.318,0.079,0.289,object#106,,1,1,,,,3,"[{""name"": ""物品台"", ""share"": 0.874, ""q"": 0.622, ""capture"": 0.622, ""miss_deg"": 0.97, ""labels"": [40]}, {""name"": ""球M"", ""share"": 0.069, ""q"": 0.049, ""capture"": 0.198, ""miss_deg"": 1.8, ""labels"": [261]}, {""name"": ""球L"", ""share"": 0.02, ""q"": 0.015, ""capture"": 0.057, ""miss_deg"": 2.39, ""labels"": [259]}]"
2026_08_20/001,c2,v9,,table10,16.39,17.74,1.35,2.71,球R,263,0.294,0.225,1.01,0.429,1.925,0.236,object#12,,0,0,1,球R,1,3,"[{""name"": ""球R"", ""share"": 0.294, ""q"": 0.225, ""capture"": 1.01, ""miss_deg"": 0.0, ""labels"": [263]}, {""name"": ""物品台"", ""share"": 0.566, ""q"": 0.433, ""capture"": 0.433, ""miss_deg"": 1.29, ""labels"": [40]}, {""name"": ""白杯2"", ""share"": 0.052, ""q"": 0.04, ""capture"": 0.104, ""miss_deg"": 2.13, ""labels"": [267]}]"
2026_08_20/001,c2,v9,,table10,17.79,18.17,0.38,2.719,物品台,40,0.963,0.3,0.3,0.047,0.01,0.689,object#106,,1,1,1,球R,0,3,"[{""name"": ""物品台"", ""share"": 0.963, ""q"": 0.3, ""capture"": 0.3, ""miss_deg"": 1.55, ""labels"": [40]}, {""name"": ""球R"", ""share"": 0.01, ""q"": 0.003, ""capture"": 0.014, ""miss_deg"": 2.92, ""labels"": [263]}, {""name"": ""水瓶"", ""share"": 0.027, ""q"": 0.008, ""capture"": 0.01, ""miss_deg"": 3.05, ""labels"": [30]}]"
2026_08_20/001,c2,v9,,table10,18.5,19.42,0.92,2.799,物品台,40,0.831,0.47,0.47,0.636,0.142,0.435,object#106,,1,1,1,球R,0,3,"[{""name"": ""物品台"", ""share"": 0.831, ""q"": 0.47, ""capture"": 0.47, ""miss_deg"": 1.23, ""labels"": [40]}, {""name"": ""球R"", ""share"": 0.118, ""q"": 0.067, ""capture"": 0.299, ""miss_deg"": 1.55, ""labels"": [263]}, {""name"": ""水瓶"", ""share"": 0.037, ""q"": 0.021, ""capture"": 0.025, ""miss_deg"": 2.72, ""labels"": [30]}]"
2026_08_20/001,c2,v9,,table10,20.64,20.91,0.27,3.017,球R,263,0.28,0.228,1.207,0.392,0.771,0.185,object#12,,0,0,,,,3,"[{""name"": ""球R"", ""share"": 0.28, ""q"": 0.228, ""capture"": 1.207, ""miss_deg"": 0.0, ""labels"": [263]}, {""name"": ""白杯1"", ""share"": 0.216, ""q"": 0.176, ""capture"": 0.473, ""miss_deg"": 1.22, ""labels"": [266]}, {""name"": ""物品台"", ""share"": 0.334, ""q"": 0.272, ""capture"": 0.272, ""miss_deg"": 1.61, ""labels"": [40]}]"
2026_08_20/001,c2,v9,,table10,21.29,21.67,0.38,3.117,物品台,40,0.843,0.476,0.476,0.582,0.095,0.436,object#12,,1,1,,,,3,"[{""name"": ""物品台"", ""share"": 0.843, ""q"": 0.476, ""capture"": 0.476, ""miss_deg"": 1.22, ""labels"": [40]}, {""name"": ""球M"", ""share"": 0.08, ""q"": 0.045, ""capture"": 0.277, ""miss_deg"": 1.6, ""labels"": [261]}, {""name"": ""球L"", ""share"": 0.044, ""q"": 0.025, ""capture"": 0.15, ""miss_deg"": 1.95, ""labels"": [259]}]"
2026_08_20/001,c2,v9,,table10,22.21,22.7,0.49,3.163,物品台,40,0.763,0.504,0.504,0.944,0.155,0.339,object#12,,1,1,,,,3,"[{""name"": ""物品台"", ""share"": 0.763, ""q"": 0.504, ""capture"": 0.504, ""miss_deg"": 1.17, ""labels"": [40]}, {""name"": ""球M"", ""share"": 0.118, ""q"": 0.078, ""capture"": 0.476, ""miss_deg"": 1.22, ""labels"": [261]}, {""name"": ""球L"", ""share"": 0.052, ""q"": 0.034, ""capture"": 0.209, ""miss_deg"": 1.77, ""labels"": [259]}]"
2026_08_20/001,c2,v9,,table10,23.29,25.46,2.17,3.193,球R,263,0.13,0.086,0.525,0.836,5.115,0.34,object#12,,0,0,2,球R,1,3,"[{""name"": ""球R"", ""share"": 0.13, ""q"": 0.086, ""capture"": 0.525, ""miss_deg"": 1.14, ""labels"": [263]}, {""name"": ""物品台"", ""share"": 0.665, ""q"": 0.439, ""capture"": 0.439, ""miss_deg"": 1.28, ""labels"": [40]}, {""name"": ""白杯1"", ""share"": 0.091, ""q"": 0.06, ""capture"": 0.175, ""miss_deg"": 1.87, ""labels"": [266]}]"
2026_08_20/001,c2,v9,,table10,25.73,26.22,0.49,3.191,物品台,40,0.722,0.441,0.441,0.701,0.115,0.389,object#106,,1,1,,,,3,"[{""name"": ""物品台"", ""share"": 0.722, ""q"": 0.441, ""capture"": 0.441, ""miss_deg"": 1.28, ""labels"": [40]}, {""name"": ""球M"", ""share"": 0.083, ""q"": 0.05, ""capture"": 0.309, ""miss_deg"": 1.53, ""labels"": [261]}, {""name"": ""球R"", ""share"": 0.066, ""q"": 0.04, ""capture"": 0.247, ""miss_deg"": 1.67, ""labels"": [263]}]"
2026_08_20/001,c2,v9,,table10,26.54,26.92,0.38,3.156,球R,263,0.213,0.136,0.832,0.517,3.15,0.36,object#106,,0,0,,,,3,"[{""name"": ""球R"", ""share"": 0.213, ""q"": 0.136, ""capture"": 0.832, ""miss_deg"": 0.61, ""labels"": [263]}, {""name"": ""物品台"", ""share"": 0.671, ""q"": 0.43, ""capture"": 0.43, ""miss_deg"": 1.3, ""labels"": [40]}, {""name"": ""白杯2"", ""share"": 0.039, ""q"": 0.025, ""capture"": 0.083, ""miss_deg"": 2.23, ""labels"": [267]}]"
2026_08_20/001,c2,v9,,table10,27.8,28.29,0.49,3.184,球M,261,0.123,0.085,0.517,0.87,5.325,0.313,object#12,,0,0,,,,3,"[{""name"": ""球M"", ""share"": 0.123, ""q"": 0.085, ""capture"": 0.517, ""miss_deg"": 1.15, ""labels"": [261]}, {""name"": ""物品台"", ""share"": 0.655, ""q"": 0.45, ""capture"": 0.45, ""miss_deg"": 1.26, ""labels"": [40]}, {""name"": ""球R"", ""share"": 0.042, ""q"": 0.029, ""capture"": 0.178, ""miss_deg"": 1.86, ""labels"": [263]}]"
2026_08_20/001,c2,v9,,table10,28.77,29.05,0.27,3.118,球R,263,0.141,0.072,0.438,0.936,5.73,0.493,object#106,,0,0,,,,3,"[{""name"": ""球R"", ""share"": 0.141, ""q"": 0.072, ""capture"": 0.438, ""miss_deg"": 1.29, ""labels"": [263]}, {""name"": ""物品台"", ""share"": 0.808, ""q"": 0.41, ""capture"": 0.41, ""miss_deg"": 1.34, ""labels"": [40]}, {""name"": ""白杯1"", ""share"": 0.016, ""q"": 0.008, ""capture"": 0.023, ""miss_deg"": 2.75, ""labels"": [266]}]"
2026_08_20/001,c2,v9,,table10,29.53,29.8,0.27,3.181,物品台,40,0.885,0.606,0.606,0.292,0.093,0.315,object#35,,1,1,4,球L,0,3,"[{""name"": ""物品台"", ""share"": 0.885, ""q"": 0.606, ""capture"": 0.606, ""miss_deg"": 1.0, ""labels"": [40]}, {""name"": ""苹果粉"", ""share"": 0.082, ""q"": 0.056, ""capture"": 0.177, ""miss_deg"": 1.86, ""labels"": [64]}, {""name"": ""球L"", ""share"": 0.027, ""q"": 0.018, ""capture"": 0.113, ""miss_deg"": 2.09, ""labels"": [259]}]"
2026_08_20/001,c2,v9,,table10,29.86,30.56,0.7,3.134,球L,259,0.232,0.207,1.264,0.386,2.353,0.107,object#12,,0,0,4,球L,1,3,"[{""name"": ""球L"", ""share"": 0.232, ""q"": 0.207, ""capture"": 1.264, ""miss_deg"": 0.0, ""labels"": [259]}, {""name"": ""物品台"", ""share"": 0.546, ""q"": 0.488, ""capture"": 0.488, ""miss_deg"": 1.2, ""labels"": [40]}, {""name"": ""苹果粉"", ""share"": 0.129, ""q"": 0.115, ""capture"": 0.365, ""miss_deg"": 1.42, ""labels"": [64, 250]}]"
2026_08_20/001,c2,v9,,table10,30.8,31.78,0.97,3.132,球L,259,0.281,0.236,1.443,0.358,0.505,0.161,object#12,,0,0,4,球L,1,3,"[{""name"": ""球L"", ""share"": 0.281, ""q"": 0.236, ""capture"": 1.443, ""miss_deg"": 0.0, ""labels"": [259]}, {""name"": ""苹果红"", ""share"": 0.142, ""q"": 0.119, ""capture"": 0.517, ""miss_deg"": 1.15, ""labels"": [260]}, {""name"": ""物品台"", ""share"": 0.453, ""q"": 0.38, ""capture"": 0.38, ""miss_deg"": 1.39, ""labels"": [40]}]"
2026_08_20/001,c2,v9,,table10,31.83,32.21,0.38,3.164,球M,261,0.249,0.202,1.233,0.305,1.414,0.188,object#12,,0,0,,,,3,"[{""name"": ""球M"", ""share"": 0.249, ""q"": 0.202, ""capture"": 1.233, ""miss_deg"": 0.0, ""labels"": [261]}, {""name"": ""水瓶"", ""share"": 0.352, ""q"": 0.286, ""capture"": 0.376, ""miss_deg"": 1.4, ""labels"": [30]}, {""name"": ""物品台"", ""share"": 0.235, ""q"": 0.191, ""capture"": 0.191, ""miss_deg"": 1.82, ""labels"": [40]}]"
2026_08_20/001,c2,v9,,table10,32.27,33.25,0.98,3.196,球L,259,0.244,0.197,1.206,0.405,2.475,0.192,object#12,,0,0,,,,3,"[{""name"": ""球L"", ""share"": 0.244, ""q"": 0.197, ""capture"": 1.206, ""miss_deg"": 0.0, ""labels"": [259]}, {""name"": ""物品台"", ""share"": 0.604, ""q"": 0.489, ""capture"": 0.489, ""miss_deg"": 1.2, ""labels"": [40]}, {""name"": ""苹果红"", ""share"": 0.074, ""q"": 0.06, ""capture"": 0.267, ""miss_deg"": 1.62, ""labels"": [260]}]"
2026_08_20/001,c2,v9,,table10,33.3,36.28,2.98,3.253,球L,259,0.208,0.168,1.025,0.632,0.861,0.192,object#12,,0,0,,,,3,"[{""name"": ""球L"", ""share"": 0.208, ""q"": 0.168, ""capture"": 1.025, ""miss_deg"": 0.0, ""labels"": [259]}, {""name"": ""苹果红"", ""share"": 0.179, ""q"": 0.144, ""capture"": 0.648, ""miss_deg"": 0.93, ""labels"": [260]}, {""name"": ""物品台"", ""share"": 0.39, ""q"": 0.315, ""capture"": 0.315, ""miss_deg"": 1.52, ""labels"": [40]}]"
2026_08_20/001,c2,v9,,table10,37.15,37.85,0.7,3.256,物品台,40,0.974,0.431,0.431,0.137,0.023,0.558,object#35,,1,1,,,,3,"[{""name"": ""物品台"", ""share"": 0.974, ""q"": 0.431, ""capture"": 0.431, ""miss_deg"": 1.3, ""labels"": [40]}, {""name"": ""球L"", ""share"": 0.022, ""q"": 0.01, ""capture"": 0.059, ""miss_deg"": 2.38, ""labels"": [259]}, {""name"": ""苹果粉"", ""share"": 0.002, ""q"": 0.001, ""capture"": 0.002, ""miss_deg"": 3.48, ""labels"": [64]}]"
2026_08_20/001,c2,v9,,table10,37.9,39.47,1.57,3.261,球L,259,0.156,0.098,0.6,0.843,5.167,0.372,object#12,,0,0,,,,3,"[{""name"": ""球L"", ""share"": 0.156, ""q"": 0.098, ""capture"": 0.6, ""miss_deg"": 1.01, ""labels"": [259]}, {""name"": ""物品台"", ""share"": 0.806, ""q"": 0.506, ""capture"": 0.506, ""miss_deg"": 1.17, ""labels"": [40]}, {""name"": ""苹果红"", ""share"": 0.013, ""q"": 0.008, ""capture"": 0.035, ""miss_deg"": 2.58, ""labels"": [260]}]"
2026_08_20/001,c2,v9,,table10,39.53,39.8,0.27,3.295,物品台,40,0.753,0.51,0.51,0.973,0.159,0.322,object#12,,1,1,,,,3,"[{""name"": ""物品台"", ""share"": 0.753, ""q"": 0.51, ""capture"": 0.51, ""miss_deg"": 1.16, ""labels"": [40]}, {""name"": ""球L"", ""share"": 0.12, ""q"": 0.081, ""capture"": 0.496, ""miss_deg"": 1.18, ""labels"": [259]}, {""name"": ""球M"", ""share"": 0.059, ""q"": 0.04, ""capture"": 0.276, ""miss_deg"": 1.6, ""labels"": [261]}]"
2026_08_20/001,c2,v9,,table10,39.96,40.34,0.38,3.256,物品台,40,0.906,0.367,0.367,0.499,0.082,0.595,object#37,,1,1,,,,3,"[{""name"": ""物品台"", ""share"": 0.906, ""q"": 0.367, ""capture"": 0.367, ""miss_deg"": 1.42, ""labels"": [40]}, {""name"": ""球L"", ""share"": 0.074, ""q"": 0.03, ""capture"": 0.183, ""miss_deg"": 1.84, ""labels"": [259]}, {""name"": ""球M"", ""share"": 0.008, ""q"": 0.003, ""capture"": 0.019, ""miss_deg"": 2.81, ""labels"": [261]}]"
2026_08_20/001,c2,v9,,table10,40.61,41.69,1.08,3.244,物品台,40,0.914,0.371,0.371,0.507,0.083,0.594,object#37,,1,1,,,,3,"[{""name"": ""物品台"", ""share"": 0.914, ""q"": 0.371, ""capture"": 0.371, ""miss_deg"": 1.41, ""labels"": [40]}, {""name"": ""球L"", ""share"": 0.076, ""q"": 0.031, ""capture"": 0.188, ""miss_deg"": 1.83, ""labels"": [259]}, {""name"": ""水瓶"", ""share"": 0.009, ""q"": 0.003, ""capture"": 0.005, ""miss_deg"": 3.27, ""labels"": [30]}]"
2026_08_20/001,c2,v9,,table10,42.02,42.94,0.92,3.266,球L,259,0.175,0.116,0.708,0.725,4.411,0.336,object#12,,0,0,,,,3,"[{""name"": ""球L"", ""share"": 0.175, ""q"": 0.116, ""capture"": 0.708, ""miss_deg"": 0.83, ""labels"": [259]}, {""name"": ""物品台"", ""share"": 0.772, ""q"": 0.513, ""capture"": 0.513, ""miss_deg"": 1.16, ""labels"": [40]}, {""name"": ""苹果红"", ""share"": 0.02, ""q"": 0.014, ""capture"": 0.061, ""miss_deg"": 2.37, ""labels"": [260]}]"
2026_08_20/001,c2,v9,,table10,43.18,45.19,2.01,3.223,苹果粉,64,0.34,0.247,0.82,0.549,1.821,0.273,object#35,,0,0,5,苹果粉,1,3,"[{""name"": ""苹果粉"", ""share"": 0.34, ""q"": 0.247, ""capture"": 0.82, ""miss_deg"": 0.63, ""labels"": [64, 250]}, {""name"": ""物品台"", ""share"": 0.619, ""q"": 0.45, ""capture"": 0.45, ""miss_deg"": 1.26, ""labels"": [40]}, {""name"": ""球L"", ""share"": 0.023, ""q"": 0.017, ""capture"": 0.101, ""miss_deg"": 2.14, ""labels"": [259]}]"
2026_08_20/001,c2,v9,,table10,45.4,46.6,1.2,3.234,物品台,40,0.734,0.609,0.609,0.808,0.243,0.17,object#12,,1,1,5,苹果粉,0,3,"[{""name"": ""物品台"", ""share"": 0.734, ""q"": 0.609, ""capture"": 0.609, ""miss_deg"": 1.0, ""labels"": [40]}, {""name"": ""苹果粉"", ""share"": 0.178, ""q"": 0.148, ""capture"": 0.492, ""miss_deg"": 1.19, ""labels"": [64, 250]}, {""name"": ""球L"", ""share"": 0.074, ""q"": 0.061, ""capture"": 0.374, ""miss_deg"": 1.4, ""labels"": [259]}]"
2026_08_20/001,c2,v9,,table10,46.84,49.22,2.38,3.207,物品台,40,0.736,0.587,0.587,0.959,0.288,0.202,object#35,,1,1,5,苹果粉,0,3,"[{""name"": ""物品台"", ""share"": 0.736, ""q"": 0.587, ""capture"": 0.587, ""miss_deg"": 1.03, ""labels"": [40]}, {""name"": ""苹果粉"", ""share"": 0.212, ""q"": 0.169, ""capture"": 0.563, ""miss_deg"": 1.07, ""labels"": [64]}, {""name"": ""球L"", ""share"": 0.039, ""q"": 0.031, ""capture"": 0.189, ""miss_deg"": 1.83, ""labels"": [259]}]"
2026_08_20/001,c2,v9,,table10,49.44,49.82,0.38,3.209,苹果粉,64,0.234,0.2,0.665,0.856,2.85,0.146,object#35,,0,0,5,苹果粉,1,3,"[{""name"": ""苹果粉"", ""share"": 0.234, ""q"": 0.2, ""capture"": 0.665, ""miss_deg"": 0.9, ""labels"": [64, 250]}, {""name"": ""物品台"", ""share"": 0.667, ""q"": 0.569, ""capture"": 0.569, ""miss_deg"": 1.06, ""labels"": [40]}, {""name"": ""球L"", ""share"": 0.074, ""q"": 0.063, ""capture"": 0.386, ""miss_deg"": 1.38, ""labels"": [259]}]"
2026_08_20/001,c2,v9,,table10,50.09,52.1,2.0,3.28,球R,263,0.218,0.162,0.99,0.484,0.936,0.258,object#12,,0,0,,,,3,"[{""name"": ""球R"", ""share"": 0.218, ""q"": 0.162, ""capture"": 0.99, ""miss_deg"": 0.14, ""labels"": [263]}, {""name"": ""白杯1"", ""share"": 0.204, ""q"": 0.151, ""capture"": 0.479, ""miss_deg"": 1.21, ""labels"": [266]}, {""name"": ""物品台"", ""share"": 0.414, ""q"": 0.307, ""capture"": 0.307, ""miss_deg"": 1.54, ""labels"": [40]}]"
2026_08_20/001,c2,v9,,table10,52.15,52.86,0.7,3.269,球R,263,0.208,0.159,0.973,0.607,1.062,0.234,object#12,,0,0,,,,3,"[{""name"": ""球R"", ""share"": 0.208, ""q"": 0.159, ""capture"": 0.973, ""miss_deg"": 0.23, ""labels"": [263]}, {""name"": ""白杯2"", ""share"": 0.221, ""q"": 0.169, ""capture"": 0.591, ""miss_deg"": 1.03, ""labels"": [267]}, {""name"": ""物品台"", ""share"": 0.413, ""q"": 0.316, ""capture"": 0.316, ""miss_deg"": 1.52, ""labels"": [40]}]"
2026_08_20/001,c2,v9,,table10,53.89,54.16,0.27,3.269,白杯2,267,0.344,0.143,0.501,0.465,1.628,0.584,object#265,,0,0,,,,3,"[{""name"": ""白杯2"", ""share"": 0.344, ""q"": 0.143, ""capture"": 0.501, ""miss_deg"": 1.18, ""labels"": [267]}, {""name"": ""物品台"", ""share"": 0.56, ""q"": 0.233, ""capture"": 0.233, ""miss_deg"": 1.71, ""labels"": [40]}, {""name"": ""球R"", ""share"": 0.019, ""q"": 0.008, ""capture"": 0.048, ""miss_deg"": 2.46, ""labels"": [263]}]"
2026_08_20/001,c2,v9,,table10,54.75,55.02,0.27,3.268,球M,261,0.199,0.136,0.832,0.56,3.422,0.316,object#12,,0,0,,,,3,"[{""name"": ""球M"", ""share"": 0.199, ""q"": 0.136, ""capture"": 0.832, ""miss_deg"": 0.61, ""labels"": [261]}, {""name"": ""物品台"", ""share"": 0.681, ""q"": 0.466, ""capture"": 0.466, ""miss_deg"": 1.24, ""labels"": [40]}, {""name"": ""水瓶"", ""share"": 0.054, ""q"": 0.037, ""capture"": 0.05, ""miss_deg"": 2.45, ""labels"": [30]}]"
2026_08_20/001,c2,v9,,table10,55.13,55.99,0.87,3.28,球R,263,0.164,0.121,0.739,0.655,1.262,0.261,object#12,,0,0,,,,3,"[{""name"": ""球R"", ""share"": 0.164, ""q"": 0.121, ""capture"": 0.739, ""miss_deg"": 0.78, ""labels"": [263]}, {""name"": ""白杯1"", ""share"": 0.207, ""q"": 0.153, ""capture"": 0.484, ""miss_deg"": 1.2, ""labels"": [266]}, {""name"": ""物品台"", ""share"": 0.396, ""q"": 0.292, ""capture"": 0.292, ""miss_deg"": 1.57, ""labels"": [40]}]"
2026_08_20/001,c2,v9,,table10,56.05,56.64,0.6,3.282,球M,261,0.13,0.088,0.537,0.732,4.477,0.325,object#12,,0,0,,,,3,"[{""name"": ""球M"", ""share"": 0.13, ""q"": 0.088, ""capture"": 0.537, ""miss_deg"": 1.11, ""labels"": [261]}, {""name"": ""物品台"", ""share"": 0.582, ""q"": 0.393, ""capture"": 0.393, ""miss_deg"": 1.37, ""labels"": [40]}, {""name"": ""球R"", ""share"": 0.055, ""q"": 0.037, ""capture"": 0.226, ""miss_deg"": 1.73, ""labels"": [263]}]"
2026_08_20/001,c2,v9,,table10,58.49,59.14,0.65,3.261,球M,261,0.214,0.149,0.912,0.503,3.075,0.302,object#12,,0,0,7,球M,1,3,"[{""name"": ""球M"", ""share"": 0.214, ""q"": 0.149, ""capture"": 0.912, ""miss_deg"": 0.43, ""labels"": [261]}, {""name"": ""物品台"", ""share"": 0.658, ""q"": 0.459, ""capture"": 0.459, ""miss_deg"": 1.25, ""labels"": [40]}, {""name"": ""水瓶"", ""share"": 0.08, ""q"": 0.056, ""capture"": 0.075, ""miss_deg"": 2.27, ""labels"": [30]}]"
2026_08_20/001,c2,v9,,table10,59.51,59.95,0.43,3.274,球M,261,0.211,0.153,0.938,0.422,2.578,0.271,object#12,,0,0,7,球M,1,3,"[{""name"": ""球M"", ""share"": 0.211, ""q"": 0.153, ""capture"": 0.938, ""miss_deg"": 0.36, ""labels"": [261]}, {""name"": ""物品台"", ""share"": 0.544, ""q"": 0.396, ""capture"": 0.396, ""miss_deg"": 1.36, ""labels"": [40]}, {""name"": ""白杯1"", ""share"": 0.048, ""q"": 0.035, ""capture"": 0.11, ""miss_deg"": 2.1, ""labels"": [266]}]"
2026_08_20/001,c2,v9,,table10,60.19,60.56,0.38,3.268,物品台,40,0.831,0.47,0.47,0.879,0.143,0.434,object#12,,1,1,7,球M,0,3,"[{""name"": ""物品台"", ""share"": 0.831, ""q"": 0.47, ""capture"": 0.47, ""miss_deg"": 1.23, ""labels"": [40]}, {""name"": ""球M"", ""share"": 0.119, ""q"": 0.068, ""capture"": 0.413, ""miss_deg"": 1.33, ""labels"": [261]}, {""name"": ""球L"", ""share"": 0.02, ""q"": 0.011, ""capture"": 0.068, ""miss_deg"": 2.32, ""labels"": [259]}]"
2026_08_20/001,c2,v9,,table10,60.62,61.05,0.43,3.289,球M,261,0.17,0.127,0.776,0.432,2.641,0.254,object#12,,0,0,7,球M,1,3,"[{""name"": ""球M"", ""share"": 0.17, ""q"": 0.127, ""capture"": 0.776, ""miss_deg"": 0.71, ""labels"": [261]}, {""name"": ""物品台"", ""share"": 0.449, ""q"": 0.335, ""capture"": 0.335, ""miss_deg"": 1.48, ""labels"": [40]}, {""name"": ""白杯1"", ""share"": 0.11, ""q"": 0.082, ""capture"": 0.26, ""miss_deg"": 1.64, ""labels"": [266]}]"
2026_08_20/001,c2,v9,,table10,61.11,61.92,0.81,3.282,球M,261,0.202,0.155,0.947,0.517,3.163,0.234,object#12,,0,0,7,球M,1,3,"[{""name"": ""球M"", ""share"": 0.202, ""q"": 0.155, ""capture"": 0.947, ""miss_deg"": 0.33, ""labels"": [261]}, {""name"": ""物品台"", ""share"": 0.639, ""q"": 0.49, ""capture"": 0.49, ""miss_deg"": 1.19, ""labels"": [40]}, {""name"": ""水瓶"", ""share"": 0.096, ""q"": 0.073, ""capture"": 0.1, ""miss_deg"": 2.15, ""labels"": [30]}]"
2026_08_20/001,c2,v9,,table10,61.97,62.24,0.27,3.286,球R,263,0.14,0.1,0.613,0.587,3.6,0.286,object#12,,0,0,,,,3,"[{""name"": ""球R"", ""share"": 0.14, ""q"": 0.1, ""capture"": 0.613, ""miss_deg"": 0.99, ""labels"": [263]}, {""name"": ""物品台"", ""share"": 0.504, ""q"": 0.36, ""capture"": 0.36, ""miss_deg"": 1.43, ""labels"": [40]}, {""name"": ""白杯1"", ""share"": 0.158, ""q"": 0.112, ""capture"": 0.356, ""miss_deg"": 1.44, ""labels"": [266]}]"
2026_08_20/001,c2,v9,,table10,62.3,62.68,0.38,3.274,球M,261,0.196,0.136,0.834,0.589,3.607,0.305,object#12,,0,0,,,,3,"[{""name"": ""球M"", ""share"": 0.196, ""q"": 0.136, ""capture"": 0.834, ""miss_deg"": 0.6, ""labels"": [261]}, {""name"": ""物品台"", ""share"": 0.707, ""q"": 0.491, ""capture"": 0.491, ""miss_deg"": 1.19, ""labels"": [40]}, {""name"": ""水瓶"", ""share"": 0.056, ""q"": 0.039, ""capture"": 0.053, ""miss_deg"": 2.43, ""labels"": [30]}]"
2026_08_20/001,c2,v9,,table10,64.79,65.22,0.43,4.238,,-1,0.0,0.0,,,,1.0,object#60,,0,0,,,,0,[]
2026_08_20/001,c2,v9,,table10,65.76,66.09,0.32,4.126,,-1,0.0,0.0,,,,1.0,object#17,,0,0,,,,0,[]
2026_08_20/001,c2,v9,,table10,66.2,66.53,0.32,3.232,苹果红,260,0.175,0.123,0.553,0.835,0.611,0.295,object#12,,0,0,,,,3,"[{""name"": ""苹果红"", ""share"": 0.175, ""q"": 0.123, ""capture"": 0.553, ""miss_deg"": 1.09, ""labels"": [260]}, {""name"": ""球M"", ""share"": 0.107, ""q"": 0.076, ""capture"": 0.462, ""miss_deg"": 1.24, ""labels"": [261]}, {""name"": ""球L"", ""share"": 0.092, ""q"": 0.065, ""capture"": 0.396, ""miss_deg"": 1.36, ""labels"": [259]}]"
2026_08_20/001,c2,v9,,table10,66.76,67.24,0.49,4.174,,-1,0.0,0.0,,,,1.0,object#17,,0,0,,,,0,[]
2026_08_20/001,c2,v9,,table10,67.66,68.41,0.76,3.289,球L,259,0.188,0.146,0.891,0.549,3.356,0.225,object#12,,0,0,,,,3,"[{""name"": ""球L"", ""share"": 0.188, ""q"": 0.146, ""capture"": 0.891, ""miss_deg"": 0.48, ""labels"": [259]}, {""name"": ""物品台"", ""share"": 0.631, ""q"": 0.489, ""capture"": 0.489, ""miss_deg"": 1.2, ""labels"": [40]}, {""name"": ""苹果红"", ""share"": 0.077, ""q"": 0.059, ""capture"": 0.267, ""miss_deg"": 1.63, ""labels"": [260]}]"
2026_08_20/001,c2,v9,,table10,68.79,69.06,0.27,3.304,球L,259,0.185,0.143,0.873,0.52,3.173,0.226,object#12,,0,0,,,,3,"[{""name"": ""球L"", ""share"": 0.185, ""q"": 0.143, ""capture"": 0.873, ""miss_deg"": 0.52, ""labels"": [259]}, {""name"": ""物品台"", ""share"": 0.587, ""q"": 0.454, ""capture"": 0.454, ""miss_deg"": 1.26, ""labels"": [40]}, {""name"": ""球M"", ""share"": 0.055, ""q"": 0.043, ""capture"": 0.293, ""miss_deg"": 1.57, ""labels"": [261]}]"
2026_08_20/001,c2,v9,,table10,70.32,70.7,0.38,3.304,物品台,40,0.857,0.419,0.419,0.869,0.127,0.511,object#24,,1,1,,,,3,"[{""name"": ""物品台"", ""share"": 0.857, ""q"": 0.419, ""capture"": 0.419, ""miss_deg"": 1.32, ""labels"": [40]}, {""name"": ""球M"", ""share"": 0.109, ""q"": 0.053, ""capture"": 0.364, ""miss_deg"": 1.42, ""labels"": [261]}, {""name"": ""球L"", ""share"": 0.012, ""q"": 0.006, ""capture"": 0.035, ""miss_deg"": 2.59, ""labels"": [259]}]"
2026_08_20/001,c2,v9,,table10,71.96,72.77,0.81,3.295,球R,263,0.211,0.133,0.812,0.489,2.986,0.369,object#106,,0,0,,,,3,"[{""name"": ""球R"", ""share"": 0.211, ""q"": 0.133, ""capture"": 0.812, ""miss_deg"": 0.64, ""labels"": [263]}, {""name"": ""物品台"", ""share"": 0.63, ""q"": 0.397, ""capture"": 0.397, ""miss_deg"": 1.36, ""labels"": [40]}, {""name"": ""白杯1"", ""share"": 0.078, ""q"": 0.049, ""capture"": 0.156, ""miss_deg"": 1.93, ""labels"": [266]}]"
2026_08_20/001,c2,v9,,table10,72.88,74.29,1.41,3.322,球R,263,0.151,0.104,0.634,0.642,3.914,0.311,object#12,,0,0,,,,3,"[{""name"": ""球R"", ""share"": 0.151, ""q"": 0.104, ""capture"": 0.634, ""miss_deg"": 0.95, ""labels"": [263]}, {""name"": ""物品台"", ""share"": 0.591, ""q"": 0.407, ""capture"": 0.407, ""miss_deg"": 1.34, ""labels"": [40]}, {""name"": ""白杯1"", ""share"": 0.116, ""q"": 0.08, ""capture"": 0.254, ""miss_deg"": 1.66, ""labels"": [266]}]"
2026_08_20/001,c2,v9,,table10,75.39,75.76,0.38,3.312,球R,263,0.148,0.082,0.503,0.801,4.899,0.444,object#106,,0,0,,,,3,"[{""name"": ""球R"", ""share"": 0.148, ""q"": 0.082, ""capture"": 0.503, ""miss_deg"": 1.17, ""labels"": [263]}, {""name"": ""物品台"", ""share"": 0.725, ""q"": 0.403, ""capture"": 0.403, ""miss_deg"": 1.35, ""labels"": [40]}, {""name"": ""白杯1"", ""share"": 0.057, ""q"": 0.031, ""capture"": 0.1, ""miss_deg"": 2.15, ""labels"": [266]}]"
2026_08_20/001,c2,v9,,table10,75.87,76.19,0.32,3.327,球R,263,0.214,0.147,0.9,0.391,2.388,0.311,object#12,,0,0,,,,3,"[{""name"": ""球R"", ""share"": 0.214, ""q"": 0.147, ""capture"": 0.9, ""miss_deg"": 0.46, ""labels"": [263]}, {""name"": ""物品台"", ""share"": 0.511, ""q"": 0.352, ""capture"": 0.352, ""miss_deg"": 1.45, ""labels"": [40]}, {""name"": ""白杯1"", ""share"": 0.14, ""q"": 0.096, ""capture"": 0.305, ""miss_deg"": 1.54, ""labels"": [266]}]"
2026_08_20/001,c2,v9,,table10,76.25,76.52,0.27,3.336,球M,261,0.122,0.08,0.551,0.762,5.23,0.341,object#12,,0,0,,,,3,"[{""name"": ""球M"", ""share"": 0.122, ""q"": 0.08, ""capture"": 0.551, ""miss_deg"": 1.09, ""labels"": [261]}, {""name"": ""物品台"", ""share"": 0.638, ""q"": 0.42, ""capture"": 0.42, ""miss_deg"": 1.32, ""labels"": [40]}, {""name"": ""球R"", ""share"": 0.045, ""q"": 0.029, ""capture"": 0.18, ""miss_deg"": 1.85, ""labels"": [263]}]"
2026_08_20/001,c2,v9,,table10,76.57,77.0,0.43,3.31,球R,263,0.181,0.111,0.676,0.608,3.713,0.389,object#106,,0,0,,,,3,"[{""name"": ""球R"", ""share"": 0.181, ""q"": 0.111, ""capture"": 0.676, ""miss_deg"": 0.88, ""labels"": [263]}, {""name"": ""物品台"", ""share"": 0.672, ""q"": 0.411, ""capture"": 0.411, ""miss_deg"": 1.33, ""labels"": [40]}, {""name"": ""白杯1"", ""share"": 0.067, ""q"": 0.041, ""capture"": 0.129, ""miss_deg"": 2.02, ""labels"": [266]}]"
2026_08_20/001,c2,v9,,table10,77.06,77.36,0.3,3.313,物品台,40,0.837,0.428,0.428,0.993,0.145,0.489,object#106,,1,1,,,,3,"[{""name"": ""物品台"", ""share"": 0.837, ""q"": 0.428, ""capture"": 0.428, ""miss_deg"": 1.3, ""labels"": [40]}, {""name"": ""球M"", ""share"": 0.121, ""q"": 0.062, ""capture"": 0.425, ""miss_deg"": 1.31, ""labels"": [261]}, {""name"": ""球R"", ""share"": 0.005, ""q"": 0.003, ""capture"": 0.016, ""miss_deg"": 2.88, ""labels"": [263]}]"
2026_08_20/001,c2,v9,,table10,77.65,78.73,1.08,3.306,球R,263,0.197,0.123,0.755,0.523,3.193,0.372,object#106,,0,0,,,,3,"[{""name"": ""球R"", ""share"": 0.197, ""q"": 0.123, ""capture"": 0.755, ""miss_deg"": 0.75, ""labels"": [263]}, {""name"": ""物品台"", ""share"": 0.629, ""q"": 0.395, ""capture"": 0.395, ""miss_deg"": 1.36, ""labels"": [40]}, {""name"": ""白杯1"", ""share"": 0.078, ""q"": 0.049, ""capture"": 0.155, ""miss_deg"": 1.93, ""labels"": [266]}]"
2026_08_20/001,c2,v9,,table10,79.4,79.77,0.38,3.296,物品台,40,0.985,0.395,0.395,0.063,0.01,0.599,object#35,,1,1,,,,3,"[{""name"": ""物品台"", ""share"": 0.985, ""q"": 0.395, ""capture"": 0.395, ""miss_deg"": 1.36, ""labels"": [40]}, {""name"": ""球L"", ""share"": 0.01, ""q"": 0.004, ""capture"": 0.025, ""miss_deg"": 2.71, ""labels"": [259]}, {""name"": ""苹果粉"", ""share"": 0.004, ""q"": 0.001, ""capture"": 0.005, ""miss_deg"": 3.26, ""labels"": [64]}]"
2026_08_20/001,c2,v9,,table10,80.05,82.0,1.95,3.303,物品台,40,0.838,0.557,0.557,0.533,0.16,0.335,object#35,,1,1,9,苹果粉,0,3,"[{""name"": ""物品台"", ""share"": 0.838, ""q"": 0.557, ""capture"": 0.557, ""miss_deg"": 1.08, ""labels"": [40]}, {""name"": ""苹果粉"", ""share"": 0.134, ""q"": 0.089, ""capture"": 0.297, ""miss_deg"": 1.56, ""labels"": [64]}, {""name"": ""球L"", ""share"": 0.022, ""q"": 0.014, ""capture"": 0.087, ""miss_deg"": 2.21, ""labels"": [259]}]"
2026_08_20/001,c2,v9,,table10,82.05,82.48,0.43,3.292,球L,259,0.215,0.17,1.039,0.475,2.907,0.211,object#12,,0,0,,,,3,"[{""name"": ""球L"", ""share"": 0.215, ""q"": 0.17, ""capture"": 1.039, ""miss_deg"": 0.0, ""labels"": [259]}, {""name"": ""物品台"", ""share"": 0.625, ""q"": 0.494, ""capture"": 0.494, ""miss_deg"": 1.19, ""labels"": [40]}, {""name"": ""苹果红"", ""share"": 0.073, ""q"": 0.058, ""capture"": 0.26, ""miss_deg"": 1.64, ""labels"": [260]}]"
2026_08_20/001,c2,v9,,table10,82.59,82.86,0.27,3.296,物品台,40,0.703,0.59,0.59,0.944,0.284,0.161,object#35,,1,1,,,,3,"[{""name"": ""物品台"", ""share"": 0.703, ""q"": 0.59, ""capture"": 0.59, ""miss_deg"": 1.03, ""labels"": [40]}, {""name"": ""苹果粉"", ""share"": 0.2, ""q"": 0.168, ""capture"": 0.557, ""miss_deg"": 1.08, ""labels"": [64, 250]}, {""name"": ""球L"", ""share"": 0.076, ""q"": 0.064, ""capture"": 0.39, ""miss_deg"": 1.37, ""labels"": [259]}]"
2026_08_20/001,c2,v9,,table10,82.91,83.18,0.27,3.316,球R,263,0.19,0.141,0.859,0.492,0.953,0.262,object#12,,0,0,,,,3,"[{""name"": ""球R"", ""share"": 0.19, ""q"": 0.141, ""capture"": 0.859, ""miss_deg"": 0.55, ""labels"": [263]}, {""name"": ""白杯1"", ""share"": 0.181, ""q"": 0.133, ""capture"": 0.423, ""miss_deg"": 1.31, ""labels"": [266]}, {""name"": ""物品台"", ""share"": 0.445, ""q"": 0.328, ""capture"": 0.328, ""miss_deg"": 1.49, ""labels"": [40]}]"
2026_08_20/001,c2,v9,,table10,83.24,83.78,0.54,3.274,球L,259,0.198,0.176,1.078,0.535,0.98,0.107,object#12,,0,0,,,,3,"[{""name"": ""球L"", ""share"": 0.198, ""q"": 0.176, ""capture"": 1.078, ""miss_deg"": 0.0, ""labels"": [259]}, {""name"": ""苹果粉"", ""share"": 0.194, ""q"": 0.174, ""capture"": 0.577, ""miss_deg"": 1.05, ""labels"": [64, 250]}, {""name"": ""物品台"", ""share"": 0.522, ""q"": 0.466, ""capture"": 0.466, ""miss_deg"": 1.24, ""labels"": [40]}]"
2026_08_20/001,c2,v9,,table10,83.83,84.1,0.27,3.274,物品台,40,0.773,0.634,0.634,0.626,0.189,0.179,object#35,,1,1,,,,3,"[{""name"": ""物品台"", ""share"": 0.773, ""q"": 0.634, ""capture"": 0.634, ""miss_deg"": 0.95, ""labels"": [40]}, {""name"": ""苹果粉"", ""share"": 0.146, ""q"": 0.12, ""capture"": 0.397, ""miss_deg"": 1.36, ""labels"": [64, 250]}, {""name"": ""球L"", ""share"": 0.068, ""q"": 0.056, ""capture"": 0.341, ""miss_deg"": 1.47, ""labels"": [259]}]"
2026_08_20/001,c2,v9,,table10,84.54,84.92,0.38,3.277,球L,259,0.213,0.17,1.039,0.496,3.023,0.201,object#12,,0,0,,,,3,"[{""name"": ""球L"", ""share"": 0.213, ""q"": 0.17, ""capture"": 1.039, ""miss_deg"": 0.0, ""labels"": [259]}, {""name"": ""物品台"", ""share"": 0.644, ""q"": 0.515, ""capture"": 0.515, ""miss_deg"": 1.15, ""labels"": [40]}, {""name"": ""苹果红"", ""share"": 0.066, ""q"": 0.052, ""capture"": 0.235, ""miss_deg"": 1.7, ""labels"": [260]}]"
2026_08_20/001,c2,v9,,table10,84.97,85.29,0.32,3.286,球L,259,0.127,0.11,0.673,0.892,5.441,0.132,object#12,,0,0,10,球R,0,3,"[{""name"": ""球L"", ""share"": 0.127, ""q"": 0.11, ""capture"": 0.673, ""miss_deg"": 0.89, ""labels"": [259]}, {""name"": ""物品台"", ""share"": 0.691, ""q"": 0.6, ""capture"": 0.6, ""miss_deg"": 1.01, ""labels"": [40]}, {""name"": ""苹果粉"", ""share"": 0.148, ""q"": 0.129, ""capture"": 0.428, ""miss_deg"": 1.3, ""labels"": [64, 250]}]"
2026_08_20/001,c2,v9,,table10,85.35,85.62,0.27,3.276,球R,263,0.26,0.202,1.234,0.282,1.723,0.223,object#12,,0,0,10,球R,1,3,"[{""name"": ""球R"", ""share"": 0.26, ""q"": 0.202, ""capture"": 1.234, ""miss_deg"": 0.0, ""labels"": [263]}, {""name"": ""物品台"", ""share"": 0.448, ""q"": 0.348, ""capture"": 0.348, ""miss_deg"": 1.45, ""labels"": [40]}, {""name"": ""白杯1"", ""share"": 0.141, ""q"": 0.109, ""capture"": 0.347, ""miss_deg"": 1.46, ""labels"": [266]}]"
2026_08_20/001,c2,v9,,table10,86.28,87.85,1.57,3.218,球R,263,0.247,0.179,1.093,0.361,2.206,0.274,object#12,,0,0,10,球R,1,3,"[{""name"": ""球R"", ""share"": 0.247, ""q"": 0.179, ""capture"": 1.093, ""miss_deg"": 0.0, ""labels"": [263]}, {""name"": ""物品台"", ""share"": 0.545, ""q"": 0.395, ""capture"": 0.395, ""miss_deg"": 1.36, ""labels"": [40]}, {""name"": ""白杯1"", ""share"": 0.078, ""q"": 0.057, ""capture"": 0.176, ""miss_deg"": 1.86, ""labels"": [266]}]"
2026_08_20/001,c2,v9,,table10,87.9,88.17,0.27,3.243,球M,261,0.184,0.133,0.813,0.542,3.326,0.279,object#12,,0,0,,,,3,"[{""name"": ""球M"", ""share"": 0.184, ""q"": 0.133, ""capture"": 0.813, ""miss_deg"": 0.64, ""labels"": [261]}, {""name"": ""物品台"", ""share"": 0.612, ""q"": 0.441, ""capture"": 0.441, ""miss_deg"": 1.28, ""labels"": [40]}, {""name"": ""白杯1"", ""share"": 0.047, ""q"": 0.034, ""capture"": 0.108, ""miss_deg"": 2.11, ""labels"": [266]}]"
2026_08_20/001,c2,v9,,table10,88.23,89.47,1.25,3.257,球R,263,0.246,0.17,1.042,0.367,2.24,0.308,object#12,,0,0,,,,3,"[{""name"": ""球R"", ""share"": 0.246, ""q"": 0.17, ""capture"": 1.042, ""miss_deg"": 0.0, ""labels"": [263]}, {""name"": ""物品台"", ""share"": 0.551, ""q"": 0.382, ""capture"": 0.382, ""miss_deg"": 1.39, ""labels"": [40]}, {""name"": ""白杯1"", ""share"": 0.094, ""q"": 0.065, ""capture"": 0.206, ""miss_deg"": 1.78, ""labels"": [266]}]"
2026_08_20/001,c2,v9,,table10,89.64,89.96,0.32,3.256,球M,261,0.163,0.099,0.602,0.744,4.552,0.396,object#12,,0,0,,,,3,"[{""name"": ""球M"", ""share"": 0.163, ""q"": 0.099, ""capture"": 0.602, ""miss_deg"": 1.01, ""labels"": [261]}, {""name"": ""物品台"", ""share"": 0.742, ""q"": 0.448, ""capture"": 0.448, ""miss_deg"": 1.27, ""labels"": [40]}, {""name"": ""水瓶"", ""share"": 0.051, ""q"": 0.031, ""capture"": 0.041, ""miss_deg"": 2.53, ""labels"": [30]}]"
2026_08_20/001,c2,v9,,table10,90.12,90.39,0.27,3.331,物品台,40,0.953,0.268,0.268,0.142,0.023,0.719,object#106,,1,1,11,球M,0,3,"[{""name"": ""物品台"", ""share"": 0.953, ""q"": 0.268, ""capture"": 0.268, ""miss_deg"": 1.62, ""labels"": [40]}, {""name"": ""球R"", ""share"": 0.022, ""q"": 0.006, ""capture"": 0.038, ""miss_deg"": 2.56, ""labels"": [263]}, {""name"": ""球M"", ""share"": 0.016, ""q"": 0.005, ""capture"": 0.031, ""miss_deg"": 2.63, ""labels"": [261]}]"
2026_08_20/001,c2,v9,,table10,90.5,91.04,0.54,3.261,物品台,40,0.844,0.441,0.441,0.73,0.12,0.478,object#12,,1,1,11,球M,0,3,"[{""name"": ""物品台"", ""share"": 0.844, ""q"": 0.441, ""capture"": 0.441, ""miss_deg"": 1.28, ""labels"": [40]}, {""name"": ""球M"", ""share"": 0.101, ""q"": 0.053, ""capture"": 0.322, ""miss_deg"": 1.51, ""labels"": [261]}, {""name"": ""球L"", ""share"": 0.017, ""q"": 0.009, ""capture"": 0.053, ""miss_deg"": 2.42, ""labels"": [259]}]"
2026_08_20/001,c2,v9,,table10,92.23,92.66,0.43,3.274,球M,261,0.158,0.102,0.624,0.736,4.494,0.353,object#12,,0,0,11,球M,1,3,"[{""name"": ""球M"", ""share"": 0.158, ""q"": 0.102, ""capture"": 0.624, ""miss_deg"": 0.97, ""labels"": [261]}, {""name"": ""物品台"", ""share"": 0.71, ""q"": 0.459, ""capture"": 0.459, ""miss_deg"": 1.25, ""labels"": [40]}, {""name"": ""白杯1"", ""share"": 0.029, ""q"": 0.019, ""capture"": 0.059, ""miss_deg"": 2.38, ""labels"": [266]}]"
2026_08_20/001,c2,v9,,table10,93.36,94.89,1.53,3.212,球M,261,0.197,0.137,0.839,0.576,3.518,0.302,object#12,,0,0,11,球M,1,3,"[{""name"": ""球M"", ""share"": 0.197, ""q"": 0.137, ""capture"": 0.839, ""miss_deg"": 0.59, ""labels"": [261]}, {""name"": ""物品台"", ""share"": 0.693, ""q"": 0.483, ""capture"": 0.483, ""miss_deg"": 1.21, ""labels"": [40]}, {""name"": ""水瓶"", ""share"": 0.068, ""q"": 0.047, ""capture"": 0.063, ""miss_deg"": 2.35, ""labels"": [30]}]"
2026_08_20/001,c2,v9,,table10,95.34,96.05,0.7,3.239,球M,261,0.177,0.125,0.765,0.654,4.0,0.294,object#12,,0,0,11,球M,1,3,"[{""name"": ""球M"", ""share"": 0.177, ""q"": 0.125, ""capture"": 0.765, ""miss_deg"": 0.73, ""labels"": [261]}, {""name"": ""物品台"", ""share"": 0.708, ""q"": 0.5, ""capture"": 0.5, ""miss_deg"": 1.18, ""labels"": [40]}, {""name"": ""水瓶"", ""share"": 0.072, ""q"": 0.051, ""capture"": 0.068, ""miss_deg"": 2.32, ""labels"": [30]}]"
2026_08_20/001,c2,v9,,table10,96.1,96.48,0.38,3.245,物品台,40,0.706,0.501,0.501,0.996,0.163,0.291,object#12,,1,1,11,球M,0,3,"[{""name"": ""物品台"", ""share"": 0.706, ""q"": 0.501, ""capture"": 0.501, ""miss_deg"": 1.18, ""labels"": [40]}, {""name"": ""球M"", ""share"": 0.115, ""q"": 0.082, ""capture"": 0.499, ""miss_deg"": 1.18, ""labels"": [261]}, {""name"": ""球L"", ""share"": 0.069, ""q"": 0.049, ""capture"": 0.301, ""miss_deg"": 1.55, ""labels"": [259]}]"
2026_08_20/001,c2,v9,,table10,96.54,96.81,0.27,3.226,球M,261,0.169,0.12,0.732,0.684,4.178,0.29,object#12,,0,0,11,球M,1,3,"[{""name"": ""球M"", ""share"": 0.169, ""q"": 0.12, ""capture"": 0.732, ""miss_deg"": 0.79, ""labels"": [261]}, {""name"": ""物品台"", ""share"": 0.706, ""q"": 0.501, ""capture"": 0.501, ""miss_deg"": 1.18, ""labels"": [40]}, {""name"": ""球L"", ""share"": 0.027, ""q"": 0.019, ""capture"": 0.117, ""miss_deg"": 2.07, ""labels"": [259]}]"
2026_08_20/001,c2,v9,,table10,96.86,97.35,0.49,3.209,球L,259,0.137,0.082,0.504,0.988,6.015,0.396,object#12,,0,0,,,,3,"[{""name"": ""球L"", ""share"": 0.137, ""q"": 0.082, ""capture"": 0.504, ""miss_deg"": 1.17, ""labels"": [259]}, {""name"": ""物品台"", ""share"": 0.824, ""q"": 0.498, ""capture"": 0.498, ""miss_deg"": 1.18, ""labels"": [40]}, {""name"": ""苹果红"", ""share"": 0.011, ""q"": 0.007, ""capture"": 0.03, ""miss_deg"": 2.64, ""labels"": [260]}]"
2026_08_20/001,c2,v9,,table10,97.46,97.79,0.32,3.244,物品台,40,0.871,0.425,0.425,0.48,0.078,0.512,object#12,,1,1,,,,3,"[{""name"": ""物品台"", ""share"": 0.871, ""q"": 0.425, ""capture"": 0.425, ""miss_deg"": 1.31, ""labels"": [40]}, {""name"": ""球M"", ""share"": 0.068, ""q"": 0.033, ""capture"": 0.204, ""miss_deg"": 1.78, ""labels"": [261]}, {""name"": ""球L"", ""share"": 0.035, ""q"": 0.017, ""capture"": 0.104, ""miss_deg"": 2.13, ""labels"": [259]}]"
2026_08_20/001,c2,v9,,table10,99.07,99.4,0.32,3.255,球M,261,0.125,0.086,0.525,0.823,5.016,0.311,object#12,,0,0,,,,3,"[{""name"": ""球M"", ""share"": 0.125, ""q"": 0.086, ""capture"": 0.525, ""miss_deg"": 1.14, ""labels"": [261]}, {""name"": ""物品台"", ""share"": 0.627, ""q"": 0.432, ""capture"": 0.432, ""miss_deg"": 1.3, ""labels"": [40]}, {""name"": ""球R"", ""share"": 0.049, ""q"": 0.034, ""capture"": 0.207, ""miss_deg"": 1.78, ""labels"": [263]}]"
2026_08_20/001,c2,v9,,table10,100.1,102.38,2.27,3.249,白杯2,267,0.328,0.233,0.817,0.864,0.494,0.288,object#12,,0,0,12,白杯2,1,3,"[{""name"": ""白杯2"", ""share"": 0.328, ""q"": 0.233, ""capture"": 0.817, ""miss_deg"": 0.64, ""labels"": [267]}, {""name"": ""球R"", ""share"": 0.162, ""q"": 0.116, ""capture"": 0.706, ""miss_deg"": 0.83, ""labels"": [263]}, {""name"": ""物品台"", ""share"": 0.322, ""q"": 0.229, ""capture"": 0.229, ""miss_deg"": 1.72, ""labels"": [40]}]"
2026_08_20/001,c2,v9,,table10,102.49,104.16,1.68,3.266,白杯2,267,0.269,0.188,0.658,0.965,0.554,0.301,object#12,,0,0,12,白杯2,1,3,"[{""name"": ""白杯2"", ""share"": 0.269, ""q"": 0.188, ""capture"": 0.658, ""miss_deg"": 0.92, ""labels"": [267]}, {""name"": ""球R"", ""share"": 0.149, ""q"": 0.104, ""capture"": 0.635, ""miss_deg"": 0.95, ""labels"": [263]}, {""name"": ""物品台"", ""share"": 0.47, ""q"": 0.329, ""capture"": 0.329, ""miss_deg"": 1.49, ""labels"": [40]}]"
2026_08_20/001,c2,v9,,table10,104.33,104.98,0.65,3.267,白杯2,267,0.245,0.163,0.572,0.86,0.494,0.334,object#12,,0,0,12,白杯2,1,3,"[{""name"": ""白杯2"", ""share"": 0.245, ""q"": 0.163, ""capture"": 0.572, ""miss_deg"": 1.06, ""labels"": [267]}, {""name"": ""球R"", ""share"": 0.121, ""q"": 0.08, ""capture"": 0.492, ""miss_deg"": 1.19, ""labels"": [263]}, {""name"": ""物品台"", ""share"": 0.545, ""q"": 0.363, ""capture"": 0.363, ""miss_deg"": 1.42, ""labels"": [40]}]"
2026_08_20/001,c2,v9,,table10,105.03,105.36,0.32,3.247,球M,261,0.152,0.115,0.704,0.514,3.138,0.241,object#12,,0,0,,,,3,"[{""name"": ""球M"", ""share"": 0.152, ""q"": 0.115, ""capture"": 0.704, ""miss_deg"": 0.84, ""labels"": [261]}, {""name"": ""物品台"", ""share"": 0.477, ""q"": 0.362, ""capture"": 0.362, ""miss_deg"": 1.43, ""labels"": [40]}, {""name"": ""白杯1"", ""share"": 0.116, ""q"": 0.088, ""capture"": 0.279, ""miss_deg"": 1.6, ""labels"": [266]}]"
2026_08_20/001,c2,v9,,table10,105.41,105.68,0.27,3.209,球R,263,0.275,0.221,1.352,0.227,0.418,0.196,object#12,,0,0,,,,3,"[{""name"": ""球R"", ""share"": 0.275, ""q"": 0.221, ""capture"": 1.352, ""miss_deg"": 0.0, ""labels"": [263]}, {""name"": ""白杯2"", ""share"": 0.115, ""q"": 0.092, ""capture"": 0.307, ""miss_deg"": 1.54, ""labels"": [267]}, {""name"": ""物品台"", ""share"": 0.377, ""q"": 0.303, ""capture"": 0.303, ""miss_deg"": 1.54, ""labels"": [40]}]"
2026_08_20/001,c2,v9,,table10,105.98,106.36,0.38,3.24,球M,261,0.173,0.137,0.836,0.529,3.231,0.21,object#12,,0,0,,,,3,"[{""name"": ""球M"", ""share"": 0.173, ""q"": 0.137, ""capture"": 0.836, ""miss_deg"": 0.6, ""labels"": [261]}, {""name"": ""物品台"", ""share"": 0.559, ""q"": 0.442, ""capture"": 0.442, ""miss_deg"": 1.28, ""labels"": [40]}, {""name"": ""球L"", ""share"": 0.048, ""q"": 0.038, ""capture"": 0.231, ""miss_deg"": 1.71, ""labels"": [259]}]"
2026_08_20/001,c2,v9,,table10,106.41,108.01,1.6,3.228,球R,263,0.27,0.218,1.331,0.267,0.493,0.194,object#12,,0,0,,,,3,"[{""name"": ""球R"", ""share"": 0.27, ""q"": 0.218, ""capture"": 1.331, ""miss_deg"": 0.0, ""labels"": [263]}, {""name"": ""白杯2"", ""share"": 0.133, ""q"": 0.107, ""capture"": 0.356, ""miss_deg"": 1.44, ""labels"": [267]}, {""name"": ""物品台"", ""share"": 0.375, ""q"": 0.302, ""capture"": 0.302, ""miss_deg"": 1.55, ""labels"": [40]}]"
2026_08_20/001,c2,v9,,table10,108.07,114.03,5.96,3.237,白杯2,267,0.269,0.183,0.609,0.921,0.502,0.317,object#12,,0,0,,,,3,"[{""name"": ""白杯2"", ""share"": 0.269, ""q"": 0.183, ""capture"": 0.609, ""miss_deg"": 1.0, ""labels"": [267]}, {""name"": ""球R"", ""share"": 0.135, ""q"": 0.092, ""capture"": 0.561, ""miss_deg"": 1.07, ""labels"": [263]}, {""name"": ""物品台"", ""share"": 0.504, ""q"": 0.344, ""capture"": 0.344, ""miss_deg"": 1.46, ""labels"": [40]}]"
2026_08_20/001,c2,v9,,table10,114.86,115.73,0.87,3.227,球L,259,0.167,0.128,0.78,0.623,3.808,0.236,object#12,,0,0,,,,3,"[{""name"": ""球L"", ""share"": 0.167, ""q"": 0.128, ""capture"": 0.78, ""miss_deg"": 0.71, ""labels"": [259]}, {""name"": ""物品台"", ""share"": 0.636, ""q"": 0.486, ""capture"": 0.486, ""miss_deg"": 1.2, ""labels"": [40]}, {""name"": ""球M"", ""share"": 0.056, ""q"": 0.043, ""capture"": 0.263, ""miss_deg"": 1.63, ""labels"": [261]}]"
2026_08_20/001,c2,v9,,table10,115.78,116.16,0.38,3.227,物品台,40,0.705,0.612,0.612,0.853,0.257,0.132,object#35,,1,1,,,,3,"[{""name"": ""物品台"", ""share"": 0.705, ""q"": 0.612, ""capture"": 0.612, ""miss_deg"": 0.99, ""labels"": [40]}, {""name"": ""苹果粉"", ""share"": 0.181, ""q"": 0.157, ""capture"": 0.522, ""miss_deg"": 1.14, ""labels"": [64, 250]}, {""name"": ""球L"", ""share"": 0.091, ""q"": 0.079, ""capture"": 0.482, ""miss_deg"": 1.21, ""labels"": [259]}]"
2026_08_20/001,c2,v9,,table10,116.4,116.78,0.38,3.232,球L,259,0.133,0.107,0.656,0.889,5.436,0.194,object#12,,0,0,14,球L,1,3,"[{""name"": ""球L"", ""share"": 0.133, ""q"": 0.107, ""capture"": 0.656, ""miss_deg"": 0.92, ""labels"": [259]}, {""name"": ""物品台"", ""share"": 0.723, ""q"": 0.583, ""capture"": 0.583, ""miss_deg"": 1.04, ""labels"": [40]}, {""name"": ""苹果粉"", ""share"": 0.11, ""q"": 0.089, ""capture"": 0.295, ""miss_deg"": 1.56, ""labels"": [64, 250]}]"
2026_08_20/001,c2,v9,,table10,116.83,117.7,0.87,3.233,球L,259,0.199,0.164,1.001,0.556,0.759,0.177,object#12,,0,0,14,球L,1,3,"[{""name"": ""球L"", ""share"": 0.199, ""q"": 0.164, ""capture"": 1.001, ""miss_deg"": 0.0, ""labels"": [259]}, {""name"": ""苹果红"", ""share"": 0.151, ""q"": 0.124, ""capture"": 0.557, ""miss_deg"": 1.08, ""labels"": [260]}, {""name"": ""物品台"", ""share"": 0.428, ""q"": 0.352, ""capture"": 0.352, ""miss_deg"": 1.45, ""labels"": [40]}]"
2026_08_20/001,c2,v9,,table10,118.25,119.17,0.92,3.211,球L,259,0.211,0.172,1.053,0.514,0.701,0.184,object#12,,0,0,14,球L,1,3,"[{""name"": ""球L"", ""share"": 0.211, ""q"": 0.172, ""capture"": 1.053, ""miss_deg"": 0.0, ""labels"": [259]}, {""name"": ""苹果红"", ""share"": 0.148, ""q"": 0.12, ""capture"": 0.541, ""miss_deg"": 1.11, ""labels"": [260]}, {""name"": ""物品台"", ""share"": 0.479, ""q"": 0.39, ""capture"": 0.39, ""miss_deg"": 1.37, ""labels"": [40]}]"
2026_08_20/001,c2,v9,,table10,119.92,120.19,0.27,3.273,球L,259,0.158,0.113,0.691,0.738,4.513,0.284,object#12,,0,0,14,球L,1,3,"[{""name"": ""球L"", ""share"": 0.158, ""q"": 0.113, ""capture"": 0.691, ""miss_deg"": 0.86, ""labels"": [259]}, {""name"": ""物品台"", ""share"": 0.713, ""q"": 0.51, ""capture"": 0.51, ""miss_deg"": 1.16, ""labels"": [40]}, {""name"": ""球M"", ""share"": 0.042, ""q"": 0.03, ""capture"": 0.186, ""miss_deg"": 1.83, ""labels"": [261]}]"
2026_08_20/001,c2,v9,,table10,120.46,120.73,0.27,3.292,球M,261,0.238,0.191,1.168,0.36,2.202,0.198,object#12,,0,0,,,,3,"[{""name"": ""球M"", ""share"": 0.238, ""q"": 0.191, ""capture"": 1.168, ""miss_deg"": 0.0, ""labels"": [261]}, {""name"": ""物品台"", ""share"": 0.524, ""q"": 0.421, ""capture"": 0.421, ""miss_deg"": 1.32, ""labels"": [40]}, {""name"": ""水瓶"", ""share"": 0.152, ""q"": 0.122, ""capture"": 0.167, ""miss_deg"": 1.89, ""labels"": [30]}]"
2026_08_20/001,c2,v9,,table10,121.06,121.38,0.32,3.256,苹果粉,64,0.282,0.247,0.822,0.959,0.521,0.123,object#12,,0,0,,,,3,"[{""name"": ""苹果粉"", ""share"": 0.282, ""q"": 0.247, ""capture"": 0.822, ""miss_deg"": 0.63, ""labels"": [64, 250]}, {""name"": ""球L"", ""share"": 0.147, ""q"": 0.129, ""capture"": 0.788, ""miss_deg"": 0.69, ""labels"": [259]}, {""name"": ""物品台"", ""share"": 0.507, ""q"": 0.444, ""capture"": 0.444, ""miss_deg"": 1.27, ""labels"": [40]}]"
2026_08_20/001,c2,v9,,table10,121.43,121.92,0.49,3.27,球L,259,0.261,0.214,1.309,0.486,0.659,0.179,object#12,,0,0,,,,3,"[{""name"": ""球L"", ""share"": 0.261, ""q"": 0.214, ""capture"": 1.309, ""miss_deg"": 0.0, ""labels"": [259]}, {""name"": ""苹果红"", ""share"": 0.172, ""q"": 0.142, ""capture"": 0.636, ""miss_deg"": 0.95, ""labels"": [260]}, {""name"": ""物品台"", ""share"": 0.404, ""q"": 0.332, ""capture"": 0.332, ""miss_deg"": 1.49, ""labels"": [40]}]"
2026_08_20/001,c2,v9,,table10,121.98,123.01,1.04,3.244,苹果红,260,0.279,0.189,0.847,0.77,0.566,0.325,object#12,,0,0,15,苹果红,1,3,"[{""name"": ""苹果红"", ""share"": 0.279, ""q"": 0.189, ""capture"": 0.847, ""miss_deg"": 0.58, ""labels"": [260]}, {""name"": ""球L"", ""share"": 0.158, ""q"": 0.107, ""capture"": 0.652, ""miss_deg"": 0.92, ""labels"": [259]}, {""name"": ""球M"", ""share"": 0.062, ""q"": 0.042, ""capture"": 0.255, ""miss_deg"": 1.65, ""labels"": [261]}]"
2026_08_20/001,c2,v9,,table10,123.07,125.78,2.71,3.247,球L,259,0.282,0.206,1.261,0.649,0.887,0.269,object#12,,0,0,,,,3,"[{""name"": ""球L"", ""share"": 0.282, ""q"": 0.206, ""capture"": 1.261, ""miss_deg"": 0.0, ""labels"": [259]}, {""name"": ""苹果红"", ""share"": 0.25, ""q"": 0.183, ""capture"": 0.819, ""miss_deg"": 0.63, ""labels"": [260]}, {""name"": ""苹果粉"", ""share"": 0.109, ""q"": 0.08, ""capture"": 0.265, ""miss_deg"": 1.63, ""labels"": [64, 250]}]"
2026_08_20/001,c2,v9,,table10,125.83,126.86,1.03,3.254,球L,259,0.222,0.166,1.012,0.789,1.072,0.255,object#12,,0,0,,,,3,"[{""name"": ""球L"", ""share"": 0.222, ""q"": 0.166, ""capture"": 1.012, ""miss_deg"": 0.0, ""labels"": [259]}, {""name"": ""苹果红"", ""share"": 0.238, ""q"": 0.178, ""capture"": 0.798, ""miss_deg"": 0.67, ""labels"": [260]}, {""name"": ""球M"", ""share"": 0.054, ""q"": 0.04, ""capture"": 0.247, ""miss_deg"": 1.67, ""labels"": [261]}]"
2026_08_20/001,c2,v9,,table10,127.18,127.45,0.27,3.24,球L,259,0.267,0.219,1.339,0.503,0.685,0.179,object#12,,0,0,,,,3,"[{""name"": ""球L"", ""share"": 0.267, ""q"": 0.219, ""capture"": 1.339, ""miss_deg"": 0.0, ""labels"": [259]}, {""name"": ""苹果红"", ""share"": 0.183, ""q"": 0.15, ""capture"": 0.673, ""miss_deg"": 0.89, ""labels"": [260]}, {""name"": ""物品台"", ""share"": 0.38, ""q"": 0.312, ""capture"": 0.312, ""miss_deg"": 1.53, ""labels"": [40]}]"
2026_08_20/001,c2,v9,,table10,128.3,128.57,0.27,3.701,,-1,0.0,0.0,,,,1.0,object#17,,0,0,,,,0,[]
2026_08_20/001,c2,v9,,table10,129.49,129.76,0.27,2.412,,-1,0.0,0.0,,,,1.0,floor,,0,0,,,,0,[]
2026_08_20/001,c2,v9,,table10,130.99,131.31,0.32,1.978,,-1,0.0,0.0,,,,1.0,object#14,,0,0,,,,0,[]
2026_08_20/001,c2,v9,,table10,132.14,133.06,0.92,0.888,,-1,0.0,0.0,,,,1.0,object#34,,0,0,,,,0,[]
2026_08_20/001,c2,v9,,table10,133.6,133.98,0.38,0.751,,-1,0.0,0.0,,,,1.0,object#14,,0,0,,,,0,[]
2026_08_20/001,c2,v9,,table10,134.04,134.74,0.7,0.707,,-1,0.0,0.0,,,,1.0,object#88,,0,0,,,,0,[]
2026_08_20/002,c4,v9,beyond_occ,table10,8.84,9.44,0.6,4.11,球M,261,0.107,0.071,0.784,0.846,1.019,0.335,object#12,,0,0,,,,3,"[{""name"": ""球M"", ""share"": 0.107, ""q"": 0.071, ""capture"": 0.784, ""miss_deg"": 0.7, ""labels"": [261]}, {""name"": ""球R"", ""share"": 0.109, ""q"": 0.073, ""capture"": 0.663, ""miss_deg"": 0.91, ""labels"": [263]}, {""name"": ""物品台"", ""share"": 0.659, ""q"": 0.438, ""capture"": 0.438, ""miss_deg"": 1.28, ""labels"": [40]}]"
2026_08_20/002,c4,v9,beyond_occ,table10,9.71,9.98,0.27,3.306,,-1,0.0,0.0,,,,1.0,floor,,0,0,,,,0,[]
2026_08_20/002,c4,v9,beyond_occ,table10,10.36,11.06,0.7,2.929,,-1,0.0,0.0,,,,1.0,floor,,0,0,,,,0,[]
2026_08_20/002,c4,v9,beyond_occ,table10,11.17,11.77,0.6,3.253,,-1,0.0,0.0,,,,1.0,floor,,0,0,,,,0,[]
2026_08_20/002,c4,v9,beyond_occ,table10,11.88,12.15,0.27,2.996,,-1,0.0,0.0,,,,1.0,floor,,0,0,,,,0,[]
2026_08_20/002,c4,v9,beyond_occ,table10,12.88,15.05,2.17,4.182,球M,261,0.13,0.09,0.994,0.726,0.877,0.305,object#35,,0,0,4,球M,1,3,"[{""name"": ""球M"", ""share"": 0.13, ""q"": 0.09, ""capture"": 0.994, ""miss_deg"": 0.11, ""labels"": [261]}, {""name"": ""球L"", ""share"": 0.114, ""q"": 0.079, ""capture"": 0.722, ""miss_deg"": 0.81, ""labels"": [259]}, {""name"": ""球R"", ""share"": 0.073, ""q"": 0.051, ""capture"": 0.463, ""miss_deg"": 1.24, ""labels"": [263]}]"
2026_08_20/002,c4,v9,beyond_occ,table10,15.1,15.53,0.43,4.121,物品台,40,0.952,0.116,0.116,0.397,0.043,0.878,object#35,,0,0,6,球L,0,3,"[{""name"": ""物品台"", ""share"": 0.952, ""q"": 0.116, ""capture"": 0.116, ""miss_deg"": 2.07, ""labels"": [40]}, {""name"": ""球L"", ""share"": 0.041, ""q"": 0.005, ""capture"": 0.046, ""miss_deg"": 2.48, ""labels"": [259]}, {""name"": ""苹果粉"", ""share"": 0.006, ""q"": 0.001, ""capture"": 0.003, ""miss_deg"": 3.38, ""labels"": [64]}]"
2026_08_20/002,c4,v9,beyond_occ,table10,15.59,17.0,1.41,4.185,物品台,40,0.895,0.22,0.22,0.786,0.086,0.755,object#35,,1,1,6,球L,0,3,"[{""name"": ""物品台"", ""share"": 0.895, ""q"": 0.22, ""capture"": 0.22, ""miss_deg"": 1.74, ""labels"": [40]}, {""name"": ""球L"", ""share"": 0.077, ""q"": 0.019, ""capture"": 0.173, ""miss_deg"": 1.87, ""labels"": [259]}, {""name"": ""球M"", ""share"": 0.021, ""q"": 0.005, ""capture"": 0.057, ""miss_deg"": 2.39, ""labels"": [261]}]"
2026_08_20/002,c4,v9,beyond_occ,table10,17.05,17.76,0.7,4.202,球L,259,0.133,0.033,0.304,0.661,6.015,0.749,object#35,,0,0,6,球L,1,3,"[{""name"": ""球L"", ""share"": 0.133, ""q"": 0.033, ""capture"": 0.304, ""miss_deg"": 1.54, ""labels"": [259]}, {""name"": ""物品台"", ""share"": 0.8, ""q"": 0.201, ""capture"": 0.201, ""miss_deg"": 1.79, ""labels"": [40]}, {""name"": ""球M"", ""share"": 0.022, ""q"": 0.006, ""capture"": 0.062, ""miss_deg"": 2.36, ""labels"": [261]}]"
2026_08_20/002,c4,v9,beyond_occ,table10,17.88,18.86,0.97,4.216,球L,259,0.108,0.018,0.166,0.777,7.157,0.832,object#35,,0,0,6,球L,1,3,"[{""name"": ""球L"", ""share"": 0.108, ""q"": 0.018, ""capture"": 0.166, ""miss_deg"": 1.9, ""labels"": [259]}, {""name"": ""物品台"", ""share"": 0.773, ""q"": 0.129, ""capture"": 0.129, ""miss_deg"": 2.02, ""labels"": [40]}, {""name"": ""苹果粉"", ""share"": 0.066, ""q"": 0.011, ""capture"": 0.058, ""miss_deg"": 2.38, ""labels"": [64]}]"
2026_08_20/002,c4,v9,beyond_occ,table10,18.91,22.75,3.85,4.233,球L,259,0.156,0.063,0.693,0.452,0.449,0.595,object#35,,0,0,6,球L,1,3,"[{""name"": ""球L"", ""share"": 0.156, ""q"": 0.063, ""capture"": 0.693, ""miss_deg"": 0.86, ""labels"": [259]}, {""name"": ""球M"", ""share"": 0.07, ""q"": 0.028, ""capture"": 0.313, ""miss_deg"": 1.52, ""labels"": [261]}, {""name"": ""物品台"", ""share"": 0.695, ""q"": 0.281, ""capture"": 0.281, ""miss_deg"": 1.59, ""labels"": [40]}]"
2026_08_20/002,c4,v9,beyond_occ,table10,22.81,23.08,0.27,4.259,物品台,40,0.863,0.369,0.369,0.68,0.061,0.572,object#24,,1,1,,,,3,"[{""name"": ""物品台"", ""share"": 0.863, ""q"": 0.369, ""capture"": 0.369, ""miss_deg"": 1.41, ""labels"": [40]}, {""name"": ""球M"", ""share"": 0.053, ""q"": 0.023, ""capture"": 0.251, ""miss_deg"": 1.66, ""labels"": [261]}, {""name"": ""球R"", ""share"": 0.051, ""q"": 0.022, ""capture"": 0.239, ""miss_deg"": 1.69, ""labels"": [263]}]"
2026_08_20/002,c4,v9,beyond_occ,table10,23.13,23.78,0.65,4.231,物品台,40,0.911,0.161,0.161,0.901,0.082,0.823,object#35,,0,0,,,,3,"[{""name"": ""物品台"", ""share"": 0.911, ""q"": 0.161, ""capture"": 0.161, ""miss_deg"": 1.91, ""labels"": [40]}, {""name"": ""球L"", ""share"": 0.075, ""q"": 0.013, ""capture"": 0.145, ""miss_deg"": 1.96, ""labels"": [259]}, {""name"": ""球M"", ""share"": 0.004, ""q"": 0.001, ""capture"": 0.009, ""miss_deg"": 3.09, ""labels"": [261]}]"
2026_08_20/002,c4,v9,beyond_occ,table10,24.01,24.66,0.65,4.252,球M,261,0.083,0.044,0.486,0.905,0.904,0.467,object#35,,0,0,,,,3,"[{""name"": ""球M"", ""share"": 0.083, ""q"": 0.044, ""capture"": 0.486, ""miss_deg"": 1.2, ""labels"": [261]}, {""name"": ""球L"", ""share"": 0.075, ""q"": 0.04, ""capture"": 0.44, ""miss_deg"": 1.28, ""labels"": [259]}, {""name"": ""物品台"", ""share"": 0.756, ""q"": 0.403, ""capture"": 0.403, ""miss_deg"": 1.35, ""labels"": [40]}]"
2026_08_20/002,c4,v9,beyond_occ,table10,24.93,28.4,3.47,4.256,球L,259,0.148,0.106,1.161,0.794,0.797,0.287,object#35,,0,0,8,球L,1,3,"[{""name"": ""球L"", ""share"": 0.148, ""q"": 0.106, ""capture"": 1.161, ""miss_deg"": 0.0, ""labels"": [259]}, {""name"": ""球M"", ""share"": 0.118, ""q"": 0.084, ""capture"": 0.922, ""miss_deg"": 0.4, ""labels"": [261]}, {""name"": ""球R"", ""share"": 0.057, ""q"": 0.04, ""capture"": 0.443, ""miss_deg"": 1.28, ""labels"": [263]}]"
2026_08_20/002,c4,v9,beyond_occ,table10,28.45,29.53,1.08,4.26,物品台,40,0.822,0.394,0.394,0.848,0.077,0.52,object#24,,1,1,10,球M,0,3,"[{""name"": ""物品台"", ""share"": 0.822, ""q"": 0.394, ""capture"": 0.394, ""miss_deg"": 1.36, ""labels"": [40]}, {""name"": ""球M"", ""share"": 0.063, ""q"": 0.03, ""capture"": 0.334, ""miss_deg"": 1.48, ""labels"": [261]}, {""name"": ""球R"", ""share"": 0.057, ""q"": 0.028, ""capture"": 0.303, ""miss_deg"": 1.55, ""labels"": [263]}]"
2026_08_20/002,c4,v9,beyond_occ,table10,29.59,33.43,3.85,4.269,球L,259,0.14,0.086,0.947,0.763,0.764,0.383,object#35,,0,0,11,球L,1,3,"[{""name"": ""球L"", ""share"": 0.14, ""q"": 0.086, ""capture"": 0.947, ""miss_deg"": 0.33, ""labels"": [259]}, {""name"": ""球M"", ""share"": 0.107, ""q"": 0.066, ""capture"": 0.723, ""miss_deg"": 0.8, ""labels"": [261]}, {""name"": ""物品台"", ""share"": 0.593, ""q"": 0.366, ""capture"": 0.366, ""miss_deg"": 1.42, ""labels"": [40]}]"
2026_08_20/002,c4,v9,beyond_occ,table10,33.65,37.22,3.57,4.283,球L,259,0.121,0.079,0.87,0.911,0.909,0.345,object#35,,0,0,11,球L,1,3,"[{""name"": ""球L"", ""share"": 0.121, ""q"": 0.079, ""capture"": 0.87, ""miss_deg"": 0.53, ""labels"": [259]}, {""name"": ""球M"", ""share"": 0.11, ""q"": 0.072, ""capture"": 0.793, ""miss_deg"": 0.68, ""labels"": [261]}, {""name"": ""球R"", ""share"": 0.064, ""q"": 0.042, ""capture"": 0.459, ""miss_deg"": 1.25, ""labels"": [263]}]"
2026_08_20/002,c4,v9,beyond_occ,table10,37.37,38.29,0.92,4.288,球L,259,0.142,0.043,0.469,0.493,5.423,0.7,object#35,,0,0,11,球L,1,3,"[{""name"": ""球L"", ""share"": 0.142, ""q"": 0.043, ""capture"": 0.469, ""miss_deg"": 1.23, ""labels"": [259]}, {""name"": ""物品台"", ""share"": 0.77, ""q"": 0.231, ""capture"": 0.231, ""miss_deg"": 1.71, ""labels"": [40]}, {""name"": ""球M"", ""share"": 0.037, ""q"": 0.011, ""capture"": 0.122, ""miss_deg"": 2.05, ""labels"": [261]}]"
2026_08_20/002,c4,v9,beyond_occ,table10,38.34,42.4,4.06,4.308,球L,259,0.186,0.099,1.083,0.418,0.419,0.471,object#35,,0,0,11,球L,1,3,"[{""name"": ""球L"", ""share"": 0.186, ""q"": 0.099, ""capture"": 1.083, ""miss_deg"": 0.0, ""labels"": [259]}, {""name"": ""球M"", ""share"": 0.078, ""q"": 0.041, ""capture"": 0.453, ""miss_deg"": 1.26, ""labels"": [261]}, {""name"": ""物品台"", ""share"": 0.56, ""q"": 0.296, ""capture"": 0.296, ""miss_deg"": 1.56, ""labels"": [40]}]"
2026_08_20/002,c4,v9,beyond_occ,table10,42.54,47.25,4.71,4.278,球L,259,0.175,0.101,1.115,0.449,0.674,0.421,object#35,,0,0,11,球L,1,3,"[{""name"": ""球L"", ""share"": 0.175, ""q"": 0.101, ""capture"": 1.115, ""miss_deg"": 0.0, ""labels"": [259]}, {""name"": ""苹果红"", ""share"": 0.118, ""q"": 0.069, ""capture"": 0.501, ""miss_deg"": 1.18, ""labels"": [260]}, {""name"": ""球M"", ""share"": 0.053, ""q"": 0.031, ""capture"": 0.336, ""miss_deg"": 1.48, ""labels"": [261]}]"
2026_08_20/002,c4,v9,beyond_occ,table10,47.69,50.94,3.25,4.305,球L,259,0.162,0.087,0.959,0.545,0.543,0.462,object#35,,0,0,11,球L,1,3,"[{""name"": ""球L"", ""share"": 0.162, ""q"": 0.087, ""capture"": 0.959, ""miss_deg"": 0.29, ""labels"": [259]}, {""name"": ""球M"", ""share"": 0.088, ""q"": 0.048, ""capture"": 0.523, ""miss_deg"": 1.14, ""labels"": [261]}, {""name"": ""物品台"", ""share"": 0.596, ""q"": 0.321, ""capture"": 0.321, ""miss_deg"": 1.51, ""labels"": [40]}]"
2026_08_20/002,c4,v9,beyond_occ,table10,50.99,52.4,1.41,4.3,球L,259,0.171,0.063,0.692,0.318,3.491,0.631,object#35,,0,0,11,球L,1,3,"[{""name"": ""球L"", ""share"": 0.171, ""q"": 0.063, ""capture"": 0.692, ""miss_deg"": 0.86, ""labels"": [259]}, {""name"": ""物品台"", ""share"": 0.597, ""q"": 0.22, ""capture"": 0.22, ""miss_deg"": 1.74, ""labels"": [40]}, {""name"": ""苹果红"", ""share"": 0.08, ""q"": 0.029, ""capture"": 0.214, ""miss_deg"": 1.76, ""labels"": [260]}]"
2026_08_20/002,c4,v9,beyond_occ,table10,53.04,54.85,1.81,4.295,球L,259,0.169,0.088,0.963,0.436,0.438,0.482,object#35,,0,0,11,球L,1,3,"[{""name"": ""球L"", ""share"": 0.169, ""q"": 0.088, ""capture"": 0.963, ""miss_deg"": 0.28, ""labels"": [259]}, {""name"": ""球M"", ""share"": 0.074, ""q"": 0.038, ""capture"": 0.42, ""miss_deg"": 1.32, ""labels"": [261]}, {""name"": ""物品台"", ""share"": 0.609, ""q"": 0.315, ""capture"": 0.315, ""miss_deg"": 1.52, ""labels"": [40]}]"
2026_08_20/002,c4,v9,beyond_occ,table10,54.9,56.1,1.19,4.288,球L,259,0.122,0.04,0.439,0.722,1.5,0.673,object#35,,0,0,11,球L,1,3,"[{""name"": ""球L"", ""share"": 0.122, ""q"": 0.04, ""capture"": 0.439, ""miss_deg"": 1.28, ""labels"": [259]}, {""name"": ""苹果粉"", ""share"": 0.183, ""q"": 0.06, ""capture"": 0.317, ""miss_deg"": 1.52, ""labels"": [64]}, {""name"": ""苹果红"", ""share"": 0.105, ""q"": 0.034, ""capture"": 0.25, ""miss_deg"": 1.66, ""labels"": [260]}]"
2026_08_20/002,c4,v9,beyond_occ,table10,56.31,56.96,0.65,4.292,球L,259,0.166,0.09,0.994,0.549,0.825,0.455,object#35,,0,0,11,球L,1,3,"[{""name"": ""球L"", ""share"": 0.166, ""q"": 0.09, ""capture"": 0.994, ""miss_deg"": 0.11, ""labels"": [259]}, {""name"": ""苹果红"", ""share"": 0.137, ""q"": 0.075, ""capture"": 0.546, ""miss_deg"": 1.1, ""labels"": [260]}, {""name"": ""苹果粉"", ""share"": 0.091, ""q"": 0.05, ""capture"": 0.303, ""miss_deg"": 1.55, ""labels"": [64]}]"
2026_08_20/002,c4,v9,beyond_occ,table10,57.02,64.33,7.31,4.287,球L,259,0.154,0.108,1.188,0.751,0.753,0.297,object#35,,0,0,11,球L,1,3,"[{""name"": ""球L"", ""share"": 0.154, ""q"": 0.108, ""capture"": 1.188, ""miss_deg"": 0.0, ""labels"": [259]}, {""name"": ""球M"", ""share"": 0.116, ""q"": 0.081, ""capture"": 0.892, ""miss_deg"": 0.48, ""labels"": [261]}, {""name"": ""球R"", ""share"": 0.059, ""q"": 0.041, ""capture"": 0.452, ""miss_deg"": 1.26, ""labels"": [263]}]"
2026_08_20/002,c4,v9,beyond_occ,table10,67.86,68.24,0.38,3.531,,-1,0.0,0.0,,,,1.0,floor,,0,0,,,,0,[]
2026_08_20/002,c4,v9,beyond_occ,table10,69.14,69.5,0.36,3.383,,-1,0.0,0.0,,,,1.0,floor,,0,0,,,,0,[]
2026_08_20/002,c4,v9,beyond_occ,table10,69.72,70.16,0.43,3.608,,-1,0.0,0.0,,,,1.0,floor,,0,0,,,,0,[]
2026_08_20/002,c4,v9,beyond_occ,table10,70.69,72.64,1.95,4.246,球L,259,0.195,0.113,1.244,0.361,0.544,0.419,object#35,,0,0,,,,3,"[{""name"": ""球L"", ""share"": 0.195, ""q"": 0.113, ""capture"": 1.244, ""miss_deg"": 0.0, ""labels"": [259]}, {""name"": ""苹果红"", ""share"": 0.106, ""q"": 0.062, ""capture"": 0.449, ""miss_deg"": 1.27, ""labels"": [260]}, {""name"": ""球M"", ""share"": 0.059, ""q"": 0.034, ""capture"": 0.377, ""miss_deg"": 1.4, ""labels"": [261]}]"
2026_08_20/002,c4,v9,beyond_occ,table10,72.91,74.26,1.35,4.259,球L,259,0.139,0.108,1.188,0.896,1.345,0.221,object#35,,0,0,,,,3,"[{""name"": ""球L"", ""share"": 0.139, ""q"": 0.108, ""capture"": 1.188, ""miss_deg"": 0.0, ""labels"": [259]}, {""name"": ""苹果红"", ""share"": 0.187, ""q"": 0.146, ""capture"": 1.065, ""miss_deg"": 0.0, ""labels"": [260]}, {""name"": ""苹果粉"", ""share"": 0.09, ""q"": 0.07, ""capture"": 0.371, ""miss_deg"": 1.41, ""labels"": [64]}]"
2026_08_20/002,c4,v9,beyond_occ,table10,74.32,78.27,3.95,4.281,球L,259,0.159,0.073,0.804,0.499,0.503,0.541,object#35,,0,0,,,,3,"[{""name"": ""球L"", ""share"": 0.159, ""q"": 0.073, ""capture"": 0.804, ""miss_deg"": 0.66, ""labels"": [259]}, {""name"": ""球M"", ""share"": 0.08, ""q"": 0.037, ""capture"": 0.401, ""miss_deg"": 1.35, ""labels"": [261]}, {""name"": ""物品台"", ""share"": 0.641, ""q"": 0.294, ""capture"": 0.294, ""miss_deg"": 1.56, ""labels"": [40]}]"
2026_08_20/002,c4,v9,beyond_occ,table10,78.32,78.87,0.54,4.267,球M,261,0.081,0.04,0.443,0.939,0.938,0.502,object#24,,0,0,,,,3,"[{""name"": ""球M"", ""share"": 0.081, ""q"": 0.04, ""capture"": 0.443, ""miss_deg"": 1.28, ""labels"": [261]}, {""name"": ""球L"", ""share"": 0.076, ""q"": 0.038, ""capture"": 0.416, ""miss_deg"": 1.33, ""labels"": [259]}, {""name"": ""物品台"", ""share"": 0.76, ""q"": 0.378, ""capture"": 0.378, ""miss_deg"": 1.39, ""labels"": [40]}]"
2026_08_20/002,c4,v9,beyond_occ,table10,78.92,80.6,1.68,4.235,球L,259,0.186,0.1,1.1,0.417,0.419,0.461,object#35,,0,0,,,,3,"[{""name"": ""球L"", ""share"": 0.186, ""q"": 0.1, ""capture"": 1.1, ""miss_deg"": 0.0, ""labels"": [259]}, {""name"": ""球M"", ""share"": 0.078, ""q"": 0.042, ""capture"": 0.459, ""miss_deg"": 1.25, ""labels"": [261]}, {""name"": ""物品台"", ""share"": 0.56, ""q"": 0.302, ""capture"": 0.302, ""miss_deg"": 1.55, ""labels"": [40]}]"
2026_08_20/002,c4,v9,beyond_occ,table10,80.72,81.47,0.76,4.251,球L,259,0.147,0.093,1.017,0.691,0.694,0.372,object#35,,0,0,,,,3,"[{""name"": ""球L"", ""share"": 0.147, ""q"": 0.093, ""capture"": 1.017, ""miss_deg"": 0.0, ""labels"": [259]}, {""name"": ""球M"", ""share"": 0.102, ""q"": 0.064, ""capture"": 0.703, ""miss_deg"": 0.84, ""labels"": [261]}, {""name"": ""物品台"", ""share"": 0.575, ""q"": 0.361, ""capture"": 0.361, ""miss_deg"": 1.43, ""labels"": [40]}]"
2026_08_20/002,c4,v9,beyond_occ,table10,81.74,82.01,0.27,4.278,物品台,40,0.813,0.414,0.414,0.954,0.086,0.49,object#24,,1,1,,,,3,"[{""name"": ""物品台"", ""share"": 0.813, ""q"": 0.414, ""capture"": 0.414, ""miss_deg"": 1.33, ""labels"": [40]}, {""name"": ""球R"", ""share"": 0.07, ""q"": 0.036, ""capture"": 0.395, ""miss_deg"": 1.36, ""labels"": [263]}, {""name"": ""球M"", ""share"": 0.062, ""q"": 0.031, ""capture"": 0.345, ""miss_deg"": 1.46, ""labels"": [261]}]"
2026_08_20/002,c4,v9,beyond_occ,table10,82.07,82.61,0.54,4.279,球L,259,0.134,0.085,0.931,0.738,0.739,0.369,object#35,,0,0,,,,3,"[{""name"": ""球L"", ""share"": 0.134, ""q"": 0.085, ""capture"": 0.931, ""miss_deg"": 0.38, ""labels"": [259]}, {""name"": ""球M"", ""share"": 0.099, ""q"": 0.062, ""capture"": 0.687, ""miss_deg"": 0.87, ""labels"": [261]}, {""name"": ""物品台"", ""share"": 0.599, ""q"": 0.378, ""capture"": 0.378, ""miss_deg"": 1.4, ""labels"": [40]}]"
2026_08_20/002,c4,v9,beyond_occ,table10,82.98,83.44,0.46,4.291,物品台,40,0.822,0.403,0.403,0.878,0.08,0.51,object#24,,1,1,,,,3,"[{""name"": ""物品台"", ""share"": 0.822, ""q"": 0.403, ""capture"": 0.403, ""miss_deg"": 1.35, ""labels"": [40]}, {""name"": ""球M"", ""share"": 0.066, ""q"": 0.032, ""capture"": 0.354, ""miss_deg"": 1.44, ""labels"": [261]}, {""name"": ""球R"", ""share"": 0.063, ""q"": 0.031, ""capture"": 0.337, ""miss_deg"": 1.48, ""labels"": [263]}]"
2026_08_20/002,c4,v9,beyond_occ,table10,83.5,86.31,2.82,4.246,球L,259,0.166,0.097,1.061,0.56,0.56,0.418,object#35,,0,0,,,,3,"[{""name"": ""球L"", ""share"": 0.166, ""q"": 0.097, ""capture"": 1.061, ""miss_deg"": 0.0, ""labels"": [259]}, {""name"": ""球M"", ""share"": 0.093, ""q"": 0.054, ""capture"": 0.594, ""miss_deg"": 1.02, ""labels"": [261]}, {""name"": ""物品台"", ""share"": 0.582, ""q"": 0.339, ""capture"": 0.339, ""miss_deg"": 1.47, ""labels"": [40]}]"
2026_08_20/002,c4,v9,beyond_occ,table10,86.59,86.97,0.38,4.266,球L,259,0.195,0.123,1.354,0.411,0.41,0.367,object#35,,0,0,,,,3,"[{""name"": ""球L"", ""share"": 0.195, ""q"": 0.123, ""capture"": 1.354, ""miss_deg"": 0.0, ""labels"": [259]}, {""name"": ""球M"", ""share"": 0.08, ""q"": 0.051, ""capture"": 0.556, ""miss_deg"": 1.08, ""labels"": [261]}, {""name"": ""苹果红"", ""share"": 0.084, ""q"": 0.053, ""capture"": 0.389, ""miss_deg"": 1.37, ""labels"": [260]}]"
2026_08_20/002,c4,v9,beyond_occ,table10,87.03,87.57,0.54,4.266,球R,263,0.126,0.085,0.937,0.972,0.976,0.325,object#12,,0,0,,,,3,"[{""name"": ""球R"", ""share"": 0.126, ""q"": 0.085, ""capture"": 0.937, ""miss_deg"": 0.36, ""labels"": [263]}, {""name"": ""球M"", ""share"": 0.123, ""q"": 0.083, ""capture"": 0.911, ""miss_deg"": 0.43, ""labels"": [261]}, {""name"": ""球L"", ""share"": 0.078, ""q"": 0.052, ""capture"": 0.575, ""miss_deg"": 1.05, ""labels"": [259]}]"
2026_08_20/002,c4,v9,beyond_occ,table10,87.62,94.5,6.88,4.267,球L,259,0.155,0.102,1.121,0.736,0.735,0.343,object#35,,0,0,,,,3,"[{""name"": ""球L"", ""share"": 0.155, ""q"": 0.102, ""capture"": 1.121, ""miss_deg"": 0.0, ""labels"": [259]}, {""name"": ""球M"", ""share"": 0.114, ""q"": 0.075, ""capture"": 0.825, ""miss_deg"": 0.62, ""labels"": [261]}, {""name"": ""球R"", ""share"": 0.052, ""q"": 0.034, ""capture"": 0.376, ""miss_deg"": 1.4, ""labels"": [263]}]"
2026_08_20/002,c4,v9,beyond_occ,table10,94.64,95.18,0.54,4.247,球L,259,0.152,0.042,0.465,0.406,4.467,0.721,object#35,,0,0,,,,3,"[{""name"": ""球L"", ""share"": 0.152, ""q"": 0.042, ""capture"": 0.465, ""miss_deg"": 1.24, ""labels"": [259]}, {""name"": ""物品台"", ""share"": 0.679, ""q"": 0.189, ""capture"": 0.189, ""miss_deg"": 1.82, ""labels"": [40]}, {""name"": ""苹果红"", ""share"": 0.06, ""q"": 0.017, ""capture"": 0.123, ""miss_deg"": 2.05, ""labels"": [260]}]"
2026_08_20/002,c4,v9,beyond_occ,table10,95.24,96.11,0.87,4.28,球L,259,0.178,0.101,1.111,0.402,0.404,0.432,object#35,,0,0,,,,3,"[{""name"": ""球L"", ""share"": 0.178, ""q"": 0.101, ""capture"": 1.111, ""miss_deg"": 0.0, ""labels"": [259]}, {""name"": ""球M"", ""share"": 0.072, ""q"": 0.041, ""capture"": 0.447, ""miss_deg"": 1.27, ""labels"": [261]}, {""name"": ""苹果红"", ""share"": 0.081, ""q"": 0.046, ""capture"": 0.334, ""miss_deg"": 1.48, ""labels"": [260]}]"
2026_08_20/002,c4,v9,beyond_occ,table10,96.16,96.54,0.38,4.3,球M,261,0.077,0.037,0.412,0.925,10.221,0.516,object#24,,0,0,,,,3,"[{""name"": ""球M"", ""share"": 0.077, ""q"": 0.037, ""capture"": 0.412, ""miss_deg"": 1.33, ""labels"": [261]}, {""name"": ""物品台"", ""share"": 0.787, ""q"": 0.381, ""capture"": 0.381, ""miss_deg"": 1.39, ""labels"": [40]}, {""name"": ""球R"", ""share"": 0.057, ""q"": 0.027, ""capture"": 0.301, ""miss_deg"": 1.55, ""labels"": [263]}]"
2026_08_20/002,c4,v9,beyond_occ,table10,96.59,98.11,1.52,4.306,球L,259,0.094,0.029,0.316,0.81,8.968,0.696,object#35,,0,0,,,,3,"[{""name"": ""球L"", ""share"": 0.094, ""q"": 0.029, ""capture"": 0.316, ""miss_deg"": 1.52, ""labels"": [259]}, {""name"": ""物品台"", ""share"": 0.843, ""q"": 0.256, ""capture"": 0.256, ""miss_deg"": 1.65, ""labels"": [40]}, {""name"": ""球M"", ""share"": 0.047, ""q"": 0.014, ""capture"": 0.156, ""miss_deg"": 1.93, ""labels"": [261]}]"
2026_08_20/002,c4,v9,beyond_occ,table10,98.22,99.5,1.28,4.323,球L,259,0.136,0.056,0.614,0.575,0.574,0.59,object#35,,0,0,,,,3,"[{""name"": ""球L"", ""share"": 0.136, ""q"": 0.056, ""capture"": 0.614, ""miss_deg"": 0.99, ""labels"": [259]}, {""name"": ""球M"", ""share"": 0.078, ""q"": 0.032, ""capture"": 0.353, ""miss_deg"": 1.44, ""labels"": [261]}, {""name"": ""物品台"", ""share"": 0.715, ""q"": 0.293, ""capture"": 0.293, ""miss_deg"": 1.57, ""labels"": [40]}]"
2026_08_20/002,c4,v9,beyond_occ,table10,99.56,102.21,2.65,4.348,球M,261,0.104,0.064,0.706,0.953,0.952,0.384,object#35,,0,0,12,球M,1,3,"[{""name"": ""球M"", ""share"": 0.104, ""q"": 0.064, ""capture"": 0.706, ""miss_deg"": 0.83, ""labels"": [261]}, {""name"": ""球L"", ""share"": 0.099, ""q"": 0.061, ""capture"": 0.673, ""miss_deg"": 0.89, ""labels"": [259]}, {""name"": ""球R"", ""share"": 0.07, ""q"": 0.043, ""capture"": 0.474, ""miss_deg"": 1.22, ""labels"": [263]}]"
2026_08_20/002,c4,v9,beyond_occ,table10,102.26,107.25,4.98,4.285,球L,259,0.166,0.1,1.104,0.489,0.488,0.396,object#35,,0,0,,,,3,"[{""name"": ""球L"", ""share"": 0.166, ""q"": 0.1, ""capture"": 1.104, ""miss_deg"": 0.0, ""labels"": [259]}, {""name"": ""球M"", ""share"": 0.081, ""q"": 0.049, ""capture"": 0.54, ""miss_deg"": 1.11, ""labels"": [261]}, {""name"": ""物品台"", ""share"": 0.555, ""q"": 0.335, ""capture"": 0.335, ""miss_deg"": 1.48, ""labels"": [40]}]"
2026_08_20/002,c4,v9,beyond_occ,table10,107.48,109.22,1.74,4.329,球R,263,0.153,0.096,1.05,0.822,0.817,0.373,object#12,,0,0,13,球R,1,3,"[{""name"": ""球R"", ""share"": 0.153, ""q"": 0.096, ""capture"": 1.05, ""miss_deg"": 0.0, ""labels"": [263]}, {""name"": ""球M"", ""share"": 0.125, ""q"": 0.078, ""capture"": 0.863, ""miss_deg"": 0.54, ""labels"": [261]}, {""name"": ""球L"", ""share"": 0.061, ""q"": 0.039, ""capture"": 0.423, ""miss_deg"": 1.31, ""labels"": [259]}]"
2026_08_20/002,c4,v9,beyond_occ,table10,109.44,113.19,3.75,4.325,球L,259,0.162,0.094,1.028,0.605,0.605,0.424,object#35,,0,0,,,,3,"[{""name"": ""球L"", ""share"": 0.162, ""q"": 0.094, ""capture"": 1.028, ""miss_deg"": 0.0, ""labels"": [259]}, {""name"": ""球M"", ""share"": 0.098, ""q"": 0.057, ""capture"": 0.622, ""miss_deg"": 0.97, ""labels"": [261]}, {""name"": ""物品台"", ""share"": 0.571, ""q"": 0.329, ""capture"": 0.329, ""miss_deg"": 1.49, ""labels"": [40]}]"
2026_08_20/002,c4,v9,beyond_occ,table10,113.27,114.31,1.05,4.328,球L,259,0.131,0.051,0.559,0.662,0.992,0.611,object#35,,0,0,,,,3,"[{""name"": ""球L"", ""share"": 0.131, ""q"": 0.051, ""capture"": 0.559, ""miss_deg"": 1.08, ""labels"": [259]}, {""name"": ""苹果红"", ""share"": 0.13, ""q"": 0.051, ""capture"": 0.37, ""miss_deg"": 1.41, ""labels"": [260]}, {""name"": ""苹果粉"", ""share"": 0.138, ""q"": 0.054, ""capture"": 0.327, ""miss_deg"": 1.49, ""labels"": [64]}]"
2026_08_20/002,c4,v9,beyond_occ,table10,114.54,115.08,0.54,4.305,球L,259,0.162,0.104,1.143,0.58,0.58,0.359,object#35,,0,0,,,,3,"[{""name"": ""球L"", ""share"": 0.162, ""q"": 0.104, ""capture"": 1.143, ""miss_deg"": 0.0, ""labels"": [259]}, {""name"": ""球M"", ""share"": 0.094, ""q"": 0.06, ""capture"": 0.663, ""miss_deg"": 0.91, ""labels"": [261]}, {""name"": ""物品台"", ""share"": 0.533, ""q"": 0.341, ""capture"": 0.341, ""miss_deg"": 1.47, ""labels"": [40]}]"
2026_08_20/002,c4,v9,beyond_occ,table10,115.13,115.78,0.65,4.282,球L,259,0.15,0.105,1.156,0.76,0.76,0.298,object#35,,0,0,,,,3,"[{""name"": ""球L"", ""share"": 0.15, ""q"": 0.105, ""capture"": 1.156, ""miss_deg"": 0.0, ""labels"": [259]}, {""name"": ""球M"", ""share"": 0.114, ""q"": 0.08, ""capture"": 0.878, ""miss_deg"": 0.51, ""labels"": [261]}, {""name"": ""球R"", ""share"": 0.064, ""q"": 0.045, ""capture"": 0.493, ""miss_deg"": 1.19, ""labels"": [263]}]"
2026_08_20/002,c4,v9,beyond_occ,table10,115.84,116.92,1.08,4.29,球L,259,0.173,0.104,1.147,0.386,0.584,0.398,object#35,,0,0,,,,3,"[{""name"": ""球L"", ""share"": 0.173, ""q"": 0.104, ""capture"": 1.147, ""miss_deg"": 0.0, ""labels"": [259]}, {""name"": ""苹果红"", ""share"": 0.101, ""q"": 0.061, ""capture"": 0.443, ""miss_deg"": 1.28, ""labels"": [260]}, {""name"": ""球M"", ""share"": 0.065, ""q"": 0.039, ""capture"": 0.431, ""miss_deg"": 1.3, ""labels"": [261]}]"
2026_08_20/002,c4,v9,beyond_occ,table10,116.97,119.57,2.6,4.308,球L,259,0.138,0.097,1.071,0.803,0.804,0.294,object#35,,0,0,,,,3,"[{""name"": ""球L"", ""share"": 0.138, ""q"": 0.097, ""capture"": 1.071, ""miss_deg"": 0.0, ""labels"": [259]}, {""name"": ""球M"", ""share"": 0.111, ""q"": 0.078, ""capture"": 0.86, ""miss_deg"": 0.55, ""labels"": [261]}, {""name"": ""球R"", ""share"": 0.078, ""q"": 0.055, ""capture"": 0.602, ""miss_deg"": 1.01, ""labels"": [263]}]"
2026_08_20/002,c4,v9,beyond_occ,table10,119.63,121.14,1.52,4.255,物品台,40,0.918,0.211,0.211,0.682,0.062,0.77,object#24,,1,1,,,,3,"[{""name"": ""物品台"", ""share"": 0.918, ""q"": 0.211, ""capture"": 0.211, ""miss_deg"": 1.76, ""labels"": [40]}, {""name"": ""球L"", ""share"": 0.057, ""q"": 0.013, ""capture"": 0.144, ""miss_deg"": 1.97, ""labels"": [259]}, {""name"": ""球M"", ""share"": 0.021, ""q"": 0.005, ""capture"": 0.052, ""miss_deg"": 2.43, ""labels"": [261]}]"
2026_08_20/002,c4,v9,beyond_occ,table10,121.6,123.44,1.84,4.253,物品台,40,0.809,0.369,0.369,0.981,0.089,0.544,object#24,,1,1,,,,3,"[{""name"": ""物品台"", ""share"": 0.809, ""q"": 0.369, ""capture"": 0.369, ""miss_deg"": 1.41, ""labels"": [40]}, {""name"": ""球L"", ""share"": 0.072, ""q"": 0.033, ""capture"": 0.362, ""miss_deg"": 1.42, ""labels"": [259]}, {""name"": ""球M"", ""share"": 0.069, ""q"": 0.031, ""capture"": 0.345, ""miss_deg"": 1.46, ""labels"": [261]}]"
2026_08_20/002,c4,v9,beyond_occ,table10,123.49,123.82,0.33,4.27,物品台,40,0.887,0.364,0.364,0.695,0.063,0.589,object#24,,1,1,,,,3,"[{""name"": ""物品台"", ""share"": 0.887, ""q"": 0.364, ""capture"": 0.364, ""miss_deg"": 1.42, ""labels"": [40]}, {""name"": ""球R"", ""share"": 0.056, ""q"": 0.023, ""capture"": 0.253, ""miss_deg"": 1.66, ""labels"": [263]}, {""name"": ""球M"", ""share"": 0.034, ""q"": 0.014, ""capture"": 0.154, ""miss_deg"": 1.93, ""labels"": [261]}]"
2026_08_20/002,c4,v9,beyond_occ,table10,123.88,125.56,1.68,4.206,球L,259,0.141,0.058,0.527,0.62,0.518,0.59,object#35,,0,0,,,,3,"[{""name"": ""球L"", ""share"": 0.141, ""q"": 0.058, ""capture"": 0.527, ""miss_deg"": 1.13, ""labels"": [259]}, {""name"": ""球M"", ""share"": 0.073, ""q"": 0.03, ""capture"": 0.327, ""miss_deg"": 1.49, ""labels"": [261]}, {""name"": ""物品台"", ""share"": 0.733, ""q"": 0.301, ""capture"": 0.301, ""miss_deg"": 1.55, ""labels"": [40]}]"
2026_08_20/002,c4,v9,beyond_occ,table10,125.61,126.64,1.03,4.224,物品台,40,0.85,0.382,0.382,0.825,0.075,0.55,object#24,,1,1,15,球R,0,3,"[{""name"": ""物品台"", ""share"": 0.85, ""q"": 0.382, ""capture"": 0.382, ""miss_deg"": 1.39, ""labels"": [40]}, {""name"": ""球R"", ""share"": 0.064, ""q"": 0.029, ""capture"": 0.315, ""miss_deg"": 1.52, ""labels"": [263]}, {""name"": ""球M"", ""share"": 0.056, ""q"": 0.025, ""capture"": 0.276, ""miss_deg"": 1.61, ""labels"": [261]}]"
2026_08_20/002,c4,v9,beyond_occ,table10,127.96,128.29,0.32,2.573,,-1,0.0,0.0,,,,1.0,floor,,0,0,,,,0,[]
2026_08_20/002,c4,v9,beyond_occ,table10,130.1,130.64,0.55,1.671,,-1,0.0,0.0,,,,1.0,object#26,,0,0,,,,0,[]
2026_08_20/002,c4,v9,beyond_occ,table10,130.7,131.56,0.87,1.308,,-1,0.0,0.0,,,,1.0,object#26,,0,0,,,,0,[]
2026_08_20/002,c4,v9,beyond_occ,table10,131.62,132.48,0.87,1.141,,-1,0.0,0.0,,,,1.0,object#26,,0,0,,,,0,[]
2026_08_20/002,c4,v9,beyond_occ,table10,133.08,133.35,0.27,0.584,,-1,0.0,0.0,,,,1.0,object#14,,0,0,,,,0,[]
2026_08_20/002,c4,v9,beyond_occ,table10,133.62,134.0,0.38,0.485,,-1,0.0,0.0,,,,1.0,object#88,,0,0,,,,0,[]
2026_08_20/003,c4,v9,beyond_occ,table10,5.85,6.45,0.6,4.301,球L,259,0.116,0.037,0.402,0.632,6.922,0.684,object#35,,0,0,1,球L,1,3,"[{""name"": ""球L"", ""share"": 0.116, ""q"": 0.037, ""capture"": 0.402, ""miss_deg"": 1.35, ""labels"": [259]}, {""name"": ""物品台"", ""share"": 0.803, ""q"": 0.254, ""capture"": 0.254, ""miss_deg"": 1.66, ""labels"": [40]}, {""name"": ""球M"", ""share"": 0.044, ""q"": 0.014, ""capture"": 0.151, ""miss_deg"": 1.94, ""labels"": [261]}]"
2026_08_20/003,c4,v9,beyond_occ,table10,6.5,7.53,1.03,4.215,球L,259,0.122,0.041,0.376,0.582,5.303,0.662,object#35,,0,0,1,球L,1,3,"[{""name"": ""球L"", ""share"": 0.122, ""q"": 0.041, ""capture"": 0.376, ""miss_deg"": 1.4, ""labels"": [259]}, {""name"": ""物品台"", ""share"": 0.647, ""q"": 0.219, ""capture"": 0.219, ""miss_deg"": 1.74, ""labels"": [40]}, {""name"": ""苹果红"", ""share"": 0.078, ""q"": 0.026, ""capture"": 0.18, ""miss_deg"": 1.85, ""labels"": [260]}]"
2026_08_20/003,c4,v9,beyond_occ,table10,7.75,8.03,0.27,4.271,球L,259,0.121,0.052,0.575,0.609,0.917,0.567,object#35,,0,0,1,球L,1,3,"[{""name"": ""球L"", ""share"": 0.121, ""q"": 0.052, ""capture"": 0.575, ""miss_deg"": 1.05, ""labels"": [259]}, {""name"": ""苹果红"", ""share"": 0.111, ""q"": 0.048, ""capture"": 0.35, ""miss_deg"": 1.45, ""labels"": [260]}, {""name"": ""物品台"", ""share"": 0.515, ""q"": 0.223, ""capture"": 0.223, ""miss_deg"": 1.73, ""labels"": [40]}]"
2026_08_20/003,c4,v9,beyond_occ,table10,8.92,9.19,0.27,2.331,,-1,0.0,0.0,,,,1.0,object#26,,0,0,,,,0,[]
2026_08_20/003,c4,v9,beyond_occ,table10,10.06,11.25,1.19,4.363,物品台,40,0.852,0.343,0.343,0.685,0.062,0.597,object#35,,1,1,6,球L,0,3,"[{""name"": ""物品台"", ""share"": 0.852, ""q"": 0.343, ""capture"": 0.343, ""miss_deg"": 1.46, ""labels"": [40]}, {""name"": ""球L"", ""share"": 0.053, ""q"": 0.021, ""capture"": 0.235, ""miss_deg"": 1.7, ""labels"": [259]}, {""name"": ""球R"", ""share"": 0.029, ""q"": 0.012, ""capture"": 0.129, ""miss_deg"": 2.02, ""labels"": [263]}]"
2026_08_20/003,c4,v9,beyond_occ,table10,11.62,12.27,0.65,2.332,,-1,0.0,0.0,,,,1.0,object#26,,0,0,,,,0,[]
2026_08_20/003,c4,v9,beyond_occ,table10,13.42,13.69,0.27,2.971,,-1,0.0,0.0,,,,1.0,object#79,,0,0,,,,0,[]
2026_08_20/003,c4,v9,beyond_occ,table10,15.51,16.97,1.46,4.341,球L,259,0.098,0.018,0.195,0.708,7.714,0.818,object#35,,0,0,8,球L,1,3,"[{""name"": ""球L"", ""share"": 0.098, ""q"": 0.018, ""capture"": 0.195, ""miss_deg"": 1.81, ""labels"": [259]}, {""name"": ""物品台"", ""share"": 0.756, ""q"": 0.138, ""capture"": 0.138, ""miss_deg"": 1.99, ""labels"": [40]}, {""name"": ""苹果红"", ""share"": 0.043, ""q"": 0.008, ""capture"": 0.065, ""miss_deg"": 2.34, ""labels"": [260]}]"
2026_08_20/003,c4,v9,beyond_occ,table10,17.03,17.57,0.54,4.347,苹果粉,64,0.206,0.019,0.114,0.605,0.34,0.91,object#35,,0,0,,,,3,"[{""name"": ""苹果粉"", ""share"": 0.206, ""q"": 0.019, ""capture"": 0.114, ""miss_deg"": 2.09, ""labels"": [64]}, {""name"": ""球L"", ""share"": 0.07, ""q"": 0.006, ""capture"": 0.069, ""miss_deg"": 2.31, ""labels"": [259]}, {""name"": ""苹果红"", ""share"": 0.074, ""q"": 0.007, ""capture"": 0.056, ""miss_deg"": 2.4, ""labels"": [260]}]"
2026_08_20/003,c4,v9,beyond_occ,table10,17.62,18.38,0.76,4.352,球L,259,0.081,0.03,0.332,0.855,9.469,0.629,object#35,,0,0,11,球L,1,3,"[{""name"": ""球L"", ""share"": 0.081, ""q"": 0.03, ""capture"": 0.332, ""miss_deg"": 1.49, ""labels"": [259]}, {""name"": ""物品台"", ""share"": 0.767, ""q"": 0.284, ""capture"": 0.284, ""miss_deg"": 1.59, ""labels"": [40]}, {""name"": ""球M"", ""share"": 0.045, ""q"": 0.017, ""capture"": 0.183, ""miss_deg"": 1.84, ""labels"": [261]}]"
2026_08_20/003,c4,v9,beyond_occ,table10,18.62,21.46,2.84,4.36,球L,259,0.097,0.028,0.306,0.676,7.423,0.712,object#35,,0,0,11,球L,1,3,"[{""name"": ""球L"", ""share"": 0.097, ""q"": 0.028, ""capture"": 0.306, ""miss_deg"": 1.54, ""labels"": [259]}, {""name"": ""物品台"", ""share"": 0.72, ""q"": 0.207, ""capture"": 0.207, ""miss_deg"": 1.77, ""labels"": [40]}, {""name"": ""苹果红"", ""share"": 0.071, ""q"": 0.02, ""capture"": 0.171, ""miss_deg"": 1.88, ""labels"": [260]}]"
2026_08_20/003,c4,v9,beyond_occ,table10,21.52,24.09,2.56,4.357,物品台,40,0.895,0.244,0.244,0.619,0.056,0.727,object#35,,1,1,11,球L,0,3,"[{""name"": ""物品台"", ""share"": 0.895, ""q"": 0.244, ""capture"": 0.244, ""miss_deg"": 1.68, ""labels"": [40]}, {""name"": ""球L"", ""share"": 0.05, ""q"": 0.014, ""capture"": 0.151, ""miss_deg"": 1.95, ""labels"": [259]}, {""name"": ""球M"", ""share"": 0.025, ""q"": 0.007, ""capture"": 0.075, ""miss_deg"": 2.28, ""labels"": [261]}]"
2026_08_20/003,c4,v9,beyond_occ,table10,24.32,24.81,0.49,4.359,物品台,40,0.921,0.151,0.151,0.576,0.052,0.836,object#35,,0,0,11,球L,0,3,"[{""name"": ""物品台"", ""share"": 0.921, ""q"": 0.151, ""capture"": 0.151, ""miss_deg"": 1.94, ""labels"": [40]}, {""name"": ""球L"", ""share"": 0.048, ""q"": 0.008, ""capture"": 0.087, ""miss_deg"": 2.21, ""labels"": [259]}, {""name"": ""球M"", ""share"": 0.008, ""q"": 0.001, ""capture"": 0.014, ""miss_deg"": 2.93, ""labels"": [261]}]"
2026_08_20/003,c4,v9,beyond_occ,table10,24.86,28.76,3.9,4.369,物品台,40,0.801,0.354,0.354,0.723,0.066,0.558,object#35,,1,1,11,球L,0,3,"[{""name"": ""物品台"", ""share"": 0.801, ""q"": 0.354, ""capture"": 0.354, ""miss_deg"": 1.44, ""labels"": [40]}, {""name"": ""球L"", ""share"": 0.053, ""q"": 0.023, ""capture"": 0.256, ""miss_deg"": 1.65, ""labels"": [259]}, {""name"": ""球M"", ""share"": 0.05, ""q"": 0.022, ""capture"": 0.244, ""miss_deg"": 1.68, ""labels"": [261]}]"
2026_08_20/003,c4,v9,beyond_occ,table10,29.14,30.93,1.79,4.388,物品台,40,0.862,0.381,0.381,0.522,0.048,0.558,object#24,,1,1,13,球R,0,3,"[{""name"": ""物品台"", ""share"": 0.862, ""q"": 0.381, ""capture"": 0.381, ""miss_deg"": 1.39, ""labels"": [40]}, {""name"": ""球R"", ""share"": 0.041, ""q"": 0.018, ""capture"": 0.199, ""miss_deg"": 1.8, ""labels"": [263]}, {""name"": ""球M"", ""share"": 0.035, ""q"": 0.015, ""capture"": 0.17, ""miss_deg"": 1.88, ""labels"": [261]}]"
2026_08_20/003,c4,v9,beyond_occ,table10,31.21,33.76,2.54,4.37,球L,259,0.073,0.034,0.371,0.965,10.589,0.537,object#35,,0,0,,,,3,"[{""name"": ""球L"", ""share"": 0.073, ""q"": 0.034, ""capture"": 0.371, ""miss_deg"": 1.41, ""labels"": [259]}, {""name"": ""物品台"", ""share"": 0.773, ""q"": 0.358, ""capture"": 0.358, ""miss_deg"": 1.43, ""labels"": [40]}, {""name"": ""球R"", ""share"": 0.046, ""q"": 0.021, ""capture"": 0.236, ""miss_deg"": 1.7, ""labels"": [263]}]"
2026_08_20/003,c4,v9,beyond_occ,table10,33.86,35.89,2.02,4.347,球R,263,0.09,0.045,0.491,0.813,0.811,0.504,object#12,,0,0,15,球R,1,3,"[{""name"": ""球R"", ""share"": 0.09, ""q"": 0.045, ""capture"": 0.491, ""miss_deg"": 1.19, ""labels"": [263]}, {""name"": ""球M"", ""share"": 0.073, ""q"": 0.036, ""capture"": 0.399, ""miss_deg"": 1.36, ""labels"": [261]}, {""name"": ""物品台"", ""share"": 0.691, ""q"": 0.342, ""capture"": 0.342, ""miss_deg"": 1.46, ""labels"": [40]}]"
2026_08_20/003,c4,v9,beyond_occ,table10,36.27,37.62,1.35,4.363,物品台,40,0.876,0.333,0.333,0.468,0.042,0.62,object#35,,1,1,,,,3,"[{""name"": ""物品台"", ""share"": 0.876, ""q"": 0.333, ""capture"": 0.333, ""miss_deg"": 1.48, ""labels"": [40]}, {""name"": ""球M"", ""share"": 0.037, ""q"": 0.014, ""capture"": 0.156, ""miss_deg"": 1.93, ""labels"": [261]}, {""name"": ""球L"", ""share"": 0.034, ""q"": 0.013, ""capture"": 0.143, ""miss_deg"": 1.97, ""labels"": [259]}]"
2026_08_20/003,c4,v9,beyond_occ,table10,37.9,38.6,0.7,4.357,物品台,40,0.817,0.312,0.312,0.875,0.08,0.619,object#35,,1,1,,,,3,"[{""name"": ""物品台"", ""share"": 0.817, ""q"": 0.312, ""capture"": 0.312, ""miss_deg"": 1.53, ""labels"": [40]}, {""name"": ""球L"", ""share"": 0.065, ""q"": 0.025, ""capture"": 0.273, ""miss_deg"": 1.61, ""labels"": [259]}, {""name"": ""球M"", ""share"": 0.041, ""q"": 0.016, ""capture"": 0.172, ""miss_deg"": 1.88, ""labels"": [261]}]"
2026_08_20/003,c4,v9,beyond_occ,table10,38.87,45.1,6.23,4.348,球L,259,0.085,0.02,0.223,0.87,9.518,0.761,object#35,,0,0,,,,3,"[{""name"": ""球L"", ""share"": 0.085, ""q"": 0.02, ""capture"": 0.223, ""miss_deg"": 1.73, ""labels"": [259]}, {""name"": ""物品台"", ""share"": 0.809, ""q"": 0.194, ""capture"": 0.194, ""miss_deg"": 1.81, ""labels"": [40]}, {""name"": ""球M"", ""share"": 0.036, ""q"": 0.009, ""capture"": 0.094, ""miss_deg"": 2.18, ""labels"": [261]}]"
2026_08_20/003,c4,v9,beyond_occ,table10,45.35,45.9,0.54,4.36,物品台,40,0.848,0.327,0.327,0.569,0.052,0.615,object#35,,1,1,,,,3,"[{""name"": ""物品台"", ""share"": 0.848, ""q"": 0.327, ""capture"": 0.327, ""miss_deg"": 1.5, ""labels"": [40]}, {""name"": ""球L"", ""share"": 0.044, ""q"": 0.017, ""capture"": 0.186, ""miss_deg"": 1.84, ""labels"": [259]}, {""name"": ""球M"", ""share"": 0.037, ""q"": 0.014, ""capture"": 0.158, ""miss_deg"": 1.92, ""labels"": [261]}]"
2026_08_20/003,c4,v9,beyond_occ,table10,46.09,47.01,0.92,4.349,球R,263,0.076,0.04,0.442,0.934,0.934,0.474,object#12,,0,0,,,,3,"[{""name"": ""球R"", ""share"": 0.076, ""q"": 0.04, ""capture"": 0.442, ""miss_deg"": 1.28, ""labels"": [263]}, {""name"": ""球L"", ""share"": 0.071, ""q"": 0.038, ""capture"": 0.413, ""miss_deg"": 1.33, ""labels"": [259]}, {""name"": ""物品台"", ""share"": 0.702, ""q"": 0.37, ""capture"": 0.37, ""miss_deg"": 1.41, ""labels"": [40]}]"
2026_08_20/003,c4,v9,beyond_occ,table10,47.06,47.39,0.32,4.322,球L,259,0.118,0.068,0.753,0.703,1.059,0.421,object#35,,0,0,,,,3,"[{""name"": ""球L"", ""share"": 0.118, ""q"": 0.068, ""capture"": 0.753, ""miss_deg"": 0.75, ""labels"": [259]}, {""name"": ""苹果红"", ""share"": 0.125, ""q"": 0.072, ""capture"": 0.529, ""miss_deg"": 1.13, ""labels"": [260]}, {""name"": ""球M"", ""share"": 0.06, ""q"": 0.035, ""capture"": 0.385, ""miss_deg"": 1.38, ""labels"": [261]}]"
2026_08_20/003,c4,v9,beyond_occ,table10,47.62,48.11,0.49,4.329,球L,259,0.124,0.054,0.592,0.726,1.089,0.564,object#35,,0,0,,,,3,"[{""name"": ""球L"", ""share"": 0.124, ""q"": 0.054, ""capture"": 0.592, ""miss_deg"": 1.02, ""labels"": [259]}, {""name"": ""苹果红"", ""share"": 0.135, ""q"": 0.059, ""capture"": 0.43, ""miss_deg"": 1.3, ""labels"": [260]}, {""name"": ""球M"", ""share"": 0.044, ""q"": 0.019, ""capture"": 0.211, ""miss_deg"": 1.76, ""labels"": [261]}]"
2026_08_20/003,c4,v9,beyond_occ,table10,48.16,48.49,0.32,4.329,球R,263,0.106,0.053,0.578,0.709,0.708,0.504,object#12,,0,0,,,,3,"[{""name"": ""球R"", ""share"": 0.106, ""q"": 0.053, ""capture"": 0.578, ""miss_deg"": 1.05, ""labels"": [263]}, {""name"": ""球M"", ""share"": 0.075, ""q"": 0.037, ""capture"": 0.41, ""miss_deg"": 1.34, ""labels"": [261]}, {""name"": ""物品台"", ""share"": 0.668, ""q"": 0.331, ""capture"": 0.331, ""miss_deg"": 1.49, ""labels"": [40]}]"
2026_08_20/003,c4,v9,beyond_occ,table10,48.54,50.4,1.86,4.345,球L,259,0.114,0.032,0.347,0.723,0.947,0.723,object#35,,0,0,,,,3,"[{""name"": ""球L"", ""share"": 0.114, ""q"": 0.032, ""capture"": 0.347, ""miss_deg"": 1.45, ""labels"": [259]}, {""name"": ""苹果红"", ""share"": 0.108, ""q"": 0.03, ""capture"": 0.251, ""miss_deg"": 1.66, ""labels"": [260]}, {""name"": ""物品台"", ""share"": 0.566, ""q"": 0.157, ""capture"": 0.157, ""miss_deg"": 1.92, ""labels"": [40]}]"
2026_08_20/003,c4,v9,beyond_occ,table10,50.57,51.87,1.3,4.348,球L,259,0.089,0.037,0.405,0.723,8.011,0.589,object#35,,0,0,,,,3,"[{""name"": ""球L"", ""share"": 0.089, ""q"": 0.037, ""capture"": 0.405, ""miss_deg"": 1.35, ""labels"": [259]}, {""name"": ""物品台"", ""share"": 0.713, ""q"": 0.293, ""capture"": 0.293, ""miss_deg"": 1.57, ""labels"": [40]}, {""name"": ""球M"", ""share"": 0.051, ""q"": 0.021, ""capture"": 0.23, ""miss_deg"": 1.72, ""labels"": [261]}]"
2026_08_20/003,c4,v9,beyond_occ,table10,51.92,52.68,0.76,4.34,苹果粉,64,0.237,0.022,0.137,0.599,0.333,0.905,object#35,,0,0,,,,3,"[{""name"": ""苹果粉"", ""share"": 0.237, ""q"": 0.022, ""capture"": 0.137, ""miss_deg"": 1.99, ""labels"": [64]}, {""name"": ""球L"", ""share"": 0.079, ""q"": 0.007, ""capture"": 0.082, ""miss_deg"": 2.23, ""labels"": [259]}, {""name"": ""物品台"", ""share"": 0.555, ""q"": 0.053, ""capture"": 0.053, ""miss_deg"": 2.43, ""labels"": [40]}]"
2026_08_20/003,c4,v9,beyond_occ,table10,53.16,53.7,0.54,4.348,球L,259,0.081,0.008,0.091,0.791,8.642,0.897,object#35,,0,0,,,,3,"[{""name"": ""球L"", ""share"": 0.081, ""q"": 0.008, ""capture"": 0.091, ""miss_deg"": 2.19, ""labels"": [259]}, {""name"": ""物品台"", ""share"": 0.7, ""q"": 0.072, ""capture"": 0.072, ""miss_deg"": 2.29, ""labels"": [40]}, {""name"": ""苹果粉"", ""share"": 0.102, ""q"": 0.011, ""capture"": 0.064, ""miss_deg"": 2.34, ""labels"": [64]}]"
2026_08_20/003,c4,v9,beyond_occ,table10,54.29,55.27,0.97,4.344,球L,259,0.105,0.027,0.292,0.589,6.514,0.748,object#35,,0,0,,,,3,"[{""name"": ""球L"", ""share"": 0.105, ""q"": 0.027, ""capture"": 0.292, ""miss_deg"": 1.57, ""labels"": [259]}, {""name"": ""物品台"", ""share"": 0.684, ""q"": 0.172, ""capture"": 0.172, ""miss_deg"": 1.88, ""labels"": [40]}, {""name"": ""苹果红"", ""share"": 0.069, ""q"": 0.018, ""capture"": 0.147, ""miss_deg"": 1.96, ""labels"": [260]}]"
2026_08_20/003,c4,v9,beyond_occ,table10,55.54,55.98,0.43,4.339,物品台,40,0.956,0.025,0.025,0.28,0.046,0.974,object#35,,0,0,,,,2,"[{""name"": ""物品台"", ""share"": 0.956, ""q"": 0.025, ""capture"": 0.025, ""miss_deg"": 2.71, ""labels"": [40]}, {""name"": ""苹果粉"", ""share"": 0.044, ""q"": 0.001, ""capture"": 0.007, ""miss_deg"": 3.14, ""labels"": [64]}]"
2026_08_20/003,c4,v9,beyond_occ,table10,56.3,56.79,0.49,4.343,物品台,40,0.93,0.183,0.183,0.47,0.043,0.803,object#35,,0,0,,,,3,"[{""name"": ""物品台"", ""share"": 0.93, ""q"": 0.183, ""capture"": 0.183, ""miss_deg"": 1.84, ""labels"": [40]}, {""name"": ""球L"", ""share"": 0.04, ""q"": 0.008, ""capture"": 0.086, ""miss_deg"": 2.22, ""labels"": [259]}, {""name"": ""球M"", ""share"": 0.018, ""q"": 0.003, ""capture"": 0.038, ""miss_deg"": 2.56, ""labels"": [261]}]"
2026_08_20/003,c4,v9,beyond_occ,table10,56.84,57.98,1.14,4.348,球L,259,0.095,0.012,0.135,0.711,7.811,0.87,object#35,,0,0,,,,3,"[{""name"": ""球L"", ""share"": 0.095, ""q"": 0.012, ""capture"": 0.135, ""miss_deg"": 2.0, ""labels"": [259]}, {""name"": ""物品台"", ""share"": 0.742, ""q"": 0.096, ""capture"": 0.096, ""miss_deg"": 2.16, ""labels"": [40]}, {""name"": ""苹果粉"", ""share"": 0.071, ""q"": 0.009, ""capture"": 0.056, ""miss_deg"": 2.4, ""labels"": [64]}]"
2026_08_20/003,c4,v9,beyond_occ,table10,58.27,58.92,0.65,4.377,物品台,40,0.821,0.389,0.389,0.689,0.062,0.526,object#35,,1,1,,,,3,"[{""name"": ""物品台"", ""share"": 0.821, ""q"": 0.389, ""capture"": 0.389, ""miss_deg"": 1.37, ""labels"": [40]}, {""name"": ""球R"", ""share"": 0.051, ""q"": 0.024, ""capture"": 0.268, ""miss_deg"": 1.62, ""labels"": [263]}, {""name"": ""球M"", ""share"": 0.041, ""q"": 0.019, ""capture"": 0.212, ""miss_deg"": 1.76, ""labels"": [261]}]"
2026_08_20/003,c4,v9,beyond_occ,table10,59.03,59.36,0.32,4.368,物品台,40,0.821,0.369,0.369,0.699,0.063,0.55,object#12,,1,1,,,,3,"[{""name"": ""物品台"", ""share"": 0.821, ""q"": 0.369, ""capture"": 0.369, ""miss_deg"": 1.41, ""labels"": [40]}, {""name"": ""球R"", ""share"": 0.052, ""q"": 0.024, ""capture"": 0.258, ""miss_deg"": 1.65, ""labels"": [263]}, {""name"": ""球M"", ""share"": 0.04, ""q"": 0.018, ""capture"": 0.199, ""miss_deg"": 1.8, ""labels"": [261]}]"
2026_08_20/003,c4,v9,beyond_occ,table10,59.41,60.06,0.65,4.375,球L,259,0.075,0.03,0.325,0.898,9.947,0.608,object#35,,0,0,,,,3,"[{""name"": ""球L"", ""share"": 0.075, ""q"": 0.03, ""capture"": 0.325, ""miss_deg"": 1.5, ""labels"": [259]}, {""name"": ""物品台"", ""share"": 0.746, ""q"": 0.292, ""capture"": 0.292, ""miss_deg"": 1.57, ""labels"": [40]}, {""name"": ""球M"", ""share"": 0.048, ""q"": 0.019, ""capture"": 0.205, ""miss_deg"": 1.78, ""labels"": [261]}]"
2026_08_20/003,c4,v9,beyond_occ,table10,60.39,64.18,3.79,4.369,球L,259,0.077,0.031,0.341,0.924,10.104,0.595,object#35,,0,0,,,,3,"[{""name"": ""球L"", ""share"": 0.077, ""q"": 0.031, ""capture"": 0.341, ""miss_deg"": 1.47, ""labels"": [259]}, {""name"": ""物品台"", ""share"": 0.778, ""q"": 0.315, ""capture"": 0.315, ""miss_deg"": 1.52, ""labels"": [40]}, {""name"": ""球R"", ""share"": 0.043, ""q"": 0.017, ""capture"": 0.19, ""miss_deg"": 1.82, ""labels"": [263]}]"
2026_08_20/003,c4,v9,beyond_occ,table10,66.06,66.5,0.43,2.766,,-1,0.0,0.0,,,,1.0,floor,,0,0,,,,0,[]
2026_08_20/003,c4,v9,beyond_occ,table10,67.31,70.23,2.92,3.047,,-1,0.0,0.0,,,,1.0,floor,,0,0,,,,0,[]
2026_08_20/003,c4,v9,beyond_occ,table10,70.9,71.98,1.08,4.278,球L,259,0.159,0.069,0.756,0.798,1.201,0.569,object#35,,0,0,,,,3,"[{""name"": ""球L"", ""share"": 0.159, ""q"": 0.069, ""capture"": 0.756, ""miss_deg"": 0.75, ""labels"": [259]}, {""name"": ""苹果红"", ""share"": 0.191, ""q"": 0.083, ""capture"": 0.603, ""miss_deg"": 1.01, ""labels"": [260]}, {""name"": ""苹果粉"", ""share"": 0.169, ""q"": 0.073, ""capture"": 0.386, ""miss_deg"": 1.38, ""labels"": [64]}]"
2026_08_20/003,c4,v9,beyond_occ,table10,72.04,72.63,0.6,4.28,球L,259,0.162,0.08,0.884,0.467,0.704,0.503,object#35,,0,0,,,,3,"[{""name"": ""球L"", ""share"": 0.162, ""q"": 0.08, ""capture"": 0.884, ""miss_deg"": 0.5, ""labels"": [259]}, {""name"": ""苹果红"", ""share"": 0.114, ""q"": 0.057, ""capture"": 0.413, ""miss_deg"": 1.33, ""labels"": [260]}, {""name"": ""球M"", ""share"": 0.051, ""q"": 0.025, ""capture"": 0.278, ""miss_deg"": 1.6, ""labels"": [261]}]"
2026_08_20/003,c4,v9,beyond_occ,table10,72.86,75.73,2.87,4.294,球L,259,0.126,0.032,0.347,0.562,0.841,0.749,object#35,,0,0,,,,3,"[{""name"": ""球L"", ""share"": 0.126, ""q"": 0.032, ""capture"": 0.347, ""miss_deg"": 1.46, ""labels"": [259]}, {""name"": ""苹果红"", ""share"": 0.106, ""q"": 0.027, ""capture"": 0.195, ""miss_deg"": 1.81, ""labels"": [260]}, {""name"": ""物品台"", ""share"": 0.593, ""q"": 0.149, ""capture"": 0.149, ""miss_deg"": 1.95, ""labels"": [40]}]"
2026_08_20/003,c4,v9,beyond_occ,table10,76.0,76.6,0.6,4.302,球L,259,0.112,0.023,0.25,0.64,7.062,0.798,object#35,,0,0,,,,3,"[{""name"": ""球L"", ""share"": 0.112, ""q"": 0.023, ""capture"": 0.25, ""miss_deg"": 1.67, ""labels"": [259]}, {""name"": ""物品台"", ""share"": 0.791, ""q"": 0.16, ""capture"": 0.16, ""miss_deg"": 1.91, ""labels"": [40]}, {""name"": ""球M"", ""share"": 0.025, ""q"": 0.005, ""capture"": 0.057, ""miss_deg"": 2.4, ""labels"": [261]}]"
2026_08_20/003,c4,v9,beyond_occ,table10,76.65,81.05,4.4,4.295,苹果粉,64,0.13,0.004,0.027,0.963,5.885,0.966,object#37,,0,0,,,,3,"[{""name"": ""苹果粉"", ""share"": 0.13, ""q"": 0.004, ""capture"": 0.027, ""miss_deg"": 2.68, ""labels"": [64]}, {""name"": ""物品台"", ""share"": 0.765, ""q"": 0.026, ""capture"": 0.026, ""miss_deg"": 2.7, ""labels"": [40]}, {""name"": ""球L"", ""share"": 0.058, ""q"": 0.002, ""capture"": 0.022, ""miss_deg"": 2.76, ""labels"": [259]}]"
2026_08_20/003,c4,v9,beyond_occ,table10,81.49,83.0,1.52,4.297,苹果粉,64,0.264,0.067,0.409,0.78,0.436,0.747,object#35,,0,0,,,,3,"[{""name"": ""苹果粉"", ""share"": 0.264, ""q"": 0.067, ""capture"": 0.409, ""miss_deg"": 1.34, ""labels"": [64]}, {""name"": ""球L"", ""share"": 0.115, ""q"": 0.029, ""capture"": 0.319, ""miss_deg"": 1.51, ""labels"": [259]}, {""name"": ""苹果红"", ""share"": 0.142, ""q"": 0.036, ""capture"": 0.263, ""miss_deg"": 1.64, ""labels"": [260]}]"
2026_08_20/003,c4,v9,beyond_occ,table10,83.06,84.36,1.3,4.314,球L,259,0.161,0.055,0.599,0.382,0.578,0.661,object#35,,0,0,,,,3,"[{""name"": ""球L"", ""share"": 0.161, ""q"": 0.055, ""capture"": 0.599, ""miss_deg"": 1.01, ""labels"": [259]}, {""name"": ""苹果红"", ""share"": 0.093, ""q"": 0.031, ""capture"": 0.229, ""miss_deg"": 1.72, ""labels"": [260]}, {""name"": ""物品台"", ""share"": 0.541, ""q"": 0.183, ""capture"": 0.183, ""miss_deg"": 1.84, ""labels"": [40]}]"
2026_08_20/003,c4,v9,beyond_occ,table10,84.41,84.85,0.43,4.31,物品台,40,0.917,0.092,0.092,0.598,0.053,0.899,object#35,,0,0,,,,3,"[{""name"": ""物品台"", ""share"": 0.917, ""q"": 0.092, ""capture"": 0.092, ""miss_deg"": 2.18, ""labels"": [40]}, {""name"": ""球L"", ""share"": 0.049, ""q"": 0.005, ""capture"": 0.055, ""miss_deg"": 2.41, ""labels"": [259]}, {""name"": ""球M"", ""share"": 0.007, ""q"": 0.001, ""capture"": 0.008, ""miss_deg"": 3.1, ""labels"": [261]}]"
2026_08_20/003,c4,v9,beyond_occ,table10,84.9,85.33,0.43,4.299,苹果粉,64,0.376,0.039,0.237,0.338,0.189,0.897,object#35,,1,0,,,,3,"[{""name"": ""苹果粉"", ""share"": 0.376, ""q"": 0.039, ""capture"": 0.237, ""miss_deg"": 1.7, ""labels"": [64]}, {""name"": ""球L"", ""share"": 0.071, ""q"": 0.007, ""capture"": 0.08, ""miss_deg"": 2.25, ""labels"": [259]}, {""name"": ""苹果红"", ""share"": 0.084, ""q"": 0.009, ""capture"": 0.063, ""miss_deg"": 2.35, ""labels"": [260]}]"
2026_08_20/003,c4,v9,beyond_occ,table10,85.39,86.9,1.52,4.304,物品台,40,0.703,0.045,0.045,0.667,0.11,0.936,object#35,,0,0,,,,3,"[{""name"": ""物品台"", ""share"": 0.703, ""q"": 0.045, ""capture"": 0.045, ""miss_deg"": 2.49, ""labels"": [40]}, {""name"": ""苹果粉"", ""share"": 0.077, ""q"": 0.005, ""capture"": 0.03, ""miss_deg"": 2.65, ""labels"": [64]}, {""name"": ""球L"", ""share"": 0.036, ""q"": 0.002, ""capture"": 0.025, ""miss_deg"": 2.71, ""labels"": [259]}]"
2026_08_20/003,c4,v9,beyond_occ,table10,87.15,87.63,0.49,4.31,物品台,40,0.841,0.048,0.048,0.5,0.046,0.943,object#35,,0,0,,,,3,"[{""name"": ""物品台"", ""share"": 0.841, ""q"": 0.048, ""capture"": 0.048, ""miss_deg"": 2.47, ""labels"": [40]}, {""name"": ""球L"", ""share"": 0.039, ""q"": 0.002, ""capture"": 0.024, ""miss_deg"": 2.73, ""labels"": [259]}, {""name"": ""苹果粉"", ""share"": 0.037, ""q"": 0.002, ""capture"": 0.013, ""miss_deg"": 2.95, ""labels"": [64]}]"
2026_08_20/003,c4,v9,beyond_occ,table10,87.69,89.2,1.52,4.33,物品台,40,0.835,0.325,0.325,0.84,0.077,0.61,object#35,,1,1,,,,3,"[{""name"": ""物品台"", ""share"": 0.835, ""q"": 0.325, ""capture"": 0.325, ""miss_deg"": 1.5, ""labels"": [40]}, {""name"": ""球L"", ""share"": 0.064, ""q"": 0.025, ""capture"": 0.273, ""miss_deg"": 1.61, ""labels"": [259]}, {""name"": ""球M"", ""share"": 0.031, ""q"": 0.012, ""capture"": 0.132, ""miss_deg"": 2.01, ""labels"": [261]}]"
2026_08_20/003,c4,v9,beyond_occ,table10,89.42,91.97,2.55,4.336,球L,259,0.094,0.016,0.176,0.801,8.83,0.83,object#35,,0,0,,,,3,"[{""name"": ""球L"", ""share"": 0.094, ""q"": 0.016, ""capture"": 0.176, ""miss_deg"": 1.86, ""labels"": [259]}, {""name"": ""物品台"", ""share"": 0.83, ""q"": 0.141, ""capture"": 0.141, ""miss_deg"": 1.98, ""labels"": [40]}, {""name"": ""球M"", ""share"": 0.019, ""q"": 0.003, ""capture"": 0.035, ""miss_deg"": 2.59, ""labels"": [261]}]"
2026_08_20/003,c4,v9,beyond_occ,table10,92.02,92.62,0.6,4.323,球L,259,0.074,0.006,0.07,0.829,1.486,0.913,object#35,,0,0,,,,3,"[{""name"": ""球L"", ""share"": 0.074, ""q"": 0.006, ""capture"": 0.07, ""miss_deg"": 2.3, ""labels"": [259]}, {""name"": ""苹果粉"", ""share"": 0.11, ""q"": 0.009, ""capture"": 0.058, ""miss_deg"": 2.39, ""labels"": [64]}, {""name"": ""物品台"", ""share"": 0.561, ""q"": 0.049, ""capture"": 0.049, ""miss_deg"": 2.46, ""labels"": [40]}]"
2026_08_20/003,c4,v9,beyond_occ,table10,93.06,93.39,0.32,4.316,物品台,40,0.883,0.163,0.163,0.822,0.075,0.815,object#35,,0,0,,,,3,"[{""name"": ""物品台"", ""share"": 0.883, ""q"": 0.163, ""capture"": 0.163, ""miss_deg"": 1.9, ""labels"": [40]}, {""name"": ""球L"", ""share"": 0.066, ""q"": 0.012, ""capture"": 0.134, ""miss_deg"": 2.0, ""labels"": [259]}, {""name"": ""球M"", ""share"": 0.017, ""q"": 0.003, ""capture"": 0.034, ""miss_deg"": 2.61, ""labels"": [261]}]"
2026_08_20/003,c4,v9,beyond_occ,table10,93.44,94.04,0.6,4.284,球L,259,0.143,0.059,0.644,0.72,1.077,0.589,object#35,,0,0,,,,3,"[{""name"": ""球L"", ""share"": 0.143, ""q"": 0.059, ""capture"": 0.644, ""miss_deg"": 0.94, ""labels"": [259]}, {""name"": ""苹果红"", ""share"": 0.154, ""q"": 0.063, ""capture"": 0.464, ""miss_deg"": 1.24, ""labels"": [260]}, {""name"": ""苹果粉"", ""share"": 0.106, ""q"": 0.044, ""capture"": 0.23, ""miss_deg"": 1.71, ""labels"": [64]}]"
2026_08_20/003,c4,v9,beyond_occ,table10,94.09,95.34,1.25,4.294,苹果粉,64,0.323,0.017,0.103,0.311,0.173,0.948,object#37,,0,0,,,,3,"[{""name"": ""苹果粉"", ""share"": 0.323, ""q"": 0.017, ""capture"": 0.103, ""miss_deg"": 2.13, ""labels"": [64]}, {""name"": ""球L"", ""share"": 0.056, ""q"": 0.003, ""capture"": 0.032, ""miss_deg"": 2.62, ""labels"": [259]}, {""name"": ""物品台"", ""share"": 0.48, ""q"": 0.025, ""capture"": 0.025, ""miss_deg"": 2.71, ""labels"": [40]}]"
2026_08_20/003,c4,v9,beyond_occ,table10,95.8,100.87,5.07,4.29,球L,259,0.111,0.029,0.316,0.56,6.198,0.742,object#35,,0,0,,,,3,"[{""name"": ""球L"", ""share"": 0.111, ""q"": 0.029, ""capture"": 0.316, ""miss_deg"": 1.52, ""labels"": [259]}, {""name"": ""物品台"", ""share"": 0.688, ""q"": 0.177, ""capture"": 0.177, ""miss_deg"": 1.86, ""labels"": [40]}, {""name"": ""苹果红"", ""share"": 0.061, ""q"": 0.016, ""capture"": 0.114, ""miss_deg"": 2.08, ""labels"": [260]}]"
2026_08_20/003,c4,v9,beyond_occ,table10,101.1,101.59,0.49,4.294,球L,259,0.122,0.024,0.261,0.981,1.762,0.805,object#35,,0,0,,,,3,"[{""name"": ""球L"", ""share"": 0.122, ""q"": 0.024, ""capture"": 0.261, ""miss_deg"": 1.64, ""labels"": [259]}, {""name"": ""苹果粉"", ""share"": 0.215, ""q"": 0.042, ""capture"": 0.256, ""miss_deg"": 1.65, ""labels"": [64]}, {""name"": ""苹果红"", ""share"": 0.126, ""q"": 0.025, ""capture"": 0.18, ""miss_deg"": 1.85, ""labels"": [260]}]"
2026_08_20/003,c4,v9,beyond_occ,table10,101.64,102.29,0.65,4.312,球L,259,0.127,0.056,0.619,0.423,0.638,0.557,object#35,,0,0,,,,3,"[{""name"": ""球L"", ""share"": 0.127, ""q"": 0.056, ""capture"": 0.619, ""miss_deg"": 0.98, ""labels"": [259]}, {""name"": ""苹果红"", ""share"": 0.081, ""q"": 0.036, ""capture"": 0.262, ""miss_deg"": 1.64, ""labels"": [260]}, {""name"": ""球M"", ""share"": 0.052, ""q"": 0.023, ""capture"": 0.252, ""miss_deg"": 1.66, ""labels"": [261]}]"
2026_08_20/003,c4,v9,beyond_occ,table10,102.35,104.95,2.6,4.311,球L,259,0.141,0.035,0.382,0.636,0.957,0.753,object#35,,0,0,,,,3,"[{""name"": ""球L"", ""share"": 0.141, ""q"": 0.035, ""capture"": 0.382, ""miss_deg"": 1.39, ""labels"": [259]}, {""name"": ""苹果红"", ""share"": 0.135, ""q"": 0.033, ""capture"": 0.243, ""miss_deg"": 1.68, ""labels"": [260]}, {""name"": ""苹果粉"", ""share"": 0.146, ""q"": 0.036, ""capture"": 0.22, ""miss_deg"": 1.74, ""labels"": [64]}]"
2026_08_20/003,c4,v9,beyond_occ,table10,105.0,105.54,0.54,4.318,球L,259,0.137,0.062,0.682,0.421,0.635,0.546,object#35,,0,0,,,,3,"[{""name"": ""球L"", ""share"": 0.137, ""q"": 0.062, ""capture"": 0.682, ""miss_deg"": 0.87, ""labels"": [259]}, {""name"": ""苹果红"", ""share"": 0.087, ""q"": 0.039, ""capture"": 0.287, ""miss_deg"": 1.58, ""labels"": [260]}, {""name"": ""物品台"", ""share"": 0.548, ""q"": 0.249, ""capture"": 0.249, ""miss_deg"": 1.67, ""labels"": [40]}]"
2026_08_20/003,c4,v9,beyond_occ,table10,105.6,106.46,0.87,4.322,球L,259,0.155,0.022,0.243,0.588,1.052,0.857,object#35,,0,0,,,,3,"[{""name"": ""球L"", ""share"": 0.155, ""q"": 0.022, ""capture"": 0.243, ""miss_deg"": 1.68, ""labels"": [259]}, {""name"": ""苹果粉"", ""share"": 0.163, ""q"": 0.023, ""capture"": 0.143, ""miss_deg"": 1.97, ""labels"": [64]}, {""name"": ""物品台"", ""share"": 0.546, ""q"": 0.078, ""capture"": 0.078, ""miss_deg"": 2.26, ""labels"": [40]}]"
2026_08_20/003,c4,v9,beyond_occ,table10,106.83,108.13,1.3,4.295,球L,259,0.12,0.05,0.548,0.474,5.208,0.583,object#35,,0,0,,,,3,"[{""name"": ""球L"", ""share"": 0.12, ""q"": 0.05, ""capture"": 0.548, ""miss_deg"": 1.1, ""labels"": [259]}, {""name"": ""物品台"", ""share"": 0.625, ""q"": 0.26, ""capture"": 0.26, ""miss_deg"": 1.64, ""labels"": [40]}, {""name"": ""苹果红"", ""share"": 0.072, ""q"": 0.03, ""capture"": 0.218, ""miss_deg"": 1.74, ""labels"": [260]}]"
2026_08_20/003,c4,v9,beyond_occ,table10,108.23,110.91,2.68,4.328,球L,259,0.077,0.029,0.318,0.937,10.234,0.622,object#35,,0,0,,,,3,"[{""name"": ""球L"", ""share"": 0.077, ""q"": 0.029, ""capture"": 0.318, ""miss_deg"": 1.51, ""labels"": [259]}, {""name"": ""物品台"", ""share"": 0.788, ""q"": 0.298, ""capture"": 0.298, ""miss_deg"": 1.56, ""labels"": [40]}, {""name"": ""球M"", ""share"": 0.037, ""q"": 0.014, ""capture"": 0.155, ""miss_deg"": 1.93, ""labels"": [261]}]"
2026_08_20/003,c4,v9,beyond_occ,table10,110.97,113.35,2.38,4.314,球L,259,0.096,0.029,0.323,0.731,8.0,0.693,object#35,,0,0,,,,3,"[{""name"": ""球L"", ""share"": 0.096, ""q"": 0.029, ""capture"": 0.323, ""miss_deg"": 1.5, ""labels"": [259]}, {""name"": ""物品台"", ""share"": 0.768, ""q"": 0.236, ""capture"": 0.236, ""miss_deg"": 1.7, ""labels"": [40]}, {""name"": ""球M"", ""share"": 0.035, ""q"": 0.011, ""capture"": 0.119, ""miss_deg"": 2.06, ""labels"": [261]}]"
2026_08_20/003,c4,v9,beyond_occ,table10,113.41,114.06,0.65,4.318,物品台,40,0.982,0.056,0.056,0.143,0.012,0.943,object#35,,0,0,,,,3,"[{""name"": ""物品台"", ""share"": 0.982, ""q"": 0.056, ""capture"": 0.056, ""miss_deg"": 2.4, ""labels"": [40]}, {""name"": ""球L"", ""share"": 0.012, ""q"": 0.001, ""capture"": 0.008, ""miss_deg"": 3.12, ""labels"": [259]}, {""name"": ""水瓶"", ""share"": 0.005, ""q"": 0.0, ""capture"": 0.001, ""miss_deg"": 3.86, ""labels"": [30]}]"
2026_08_20/003,c4,v9,beyond_occ,table10,114.11,114.49,0.38,4.318,物品台,40,0.939,0.19,0.19,0.179,0.016,0.798,object#24,,0,0,,,,3,"[{""name"": ""物品台"", ""share"": 0.939, ""q"": 0.19, ""capture"": 0.19, ""miss_deg"": 1.82, ""labels"": [40]}, {""name"": ""球L"", ""share"": 0.015, ""q"": 0.003, ""capture"": 0.034, ""miss_deg"": 2.6, ""labels"": [259]}, {""name"": ""球M"", ""share"": 0.013, ""q"": 0.003, ""capture"": 0.029, ""miss_deg"": 2.66, ""labels"": [261]}]"
2026_08_20/003,c4,v9,beyond_occ,table10,114.96,115.55,0.6,4.321,球L,259,0.111,0.017,0.182,0.593,6.505,0.85,object#35,,0,0,,,,3,"[{""name"": ""球L"", ""share"": 0.111, ""q"": 0.017, ""capture"": 0.182, ""miss_deg"": 1.85, ""labels"": [259]}, {""name"": ""物品台"", ""share"": 0.722, ""q"": 0.108, ""capture"": 0.108, ""miss_deg"": 2.11, ""labels"": [40]}, {""name"": ""苹果红"", ""share"": 0.053, ""q"": 0.008, ""capture"": 0.058, ""miss_deg"": 2.39, ""labels"": [260]}]"
2026_08_20/003,c4,v9,beyond_occ,table10,115.61,119.99,4.39,4.318,球L,259,0.117,0.036,0.392,0.503,5.547,0.696,object#35,,0,0,,,,3,"[{""name"": ""球L"", ""share"": 0.117, ""q"": 0.036, ""capture"": 0.392, ""miss_deg"": 1.37, ""labels"": [259]}, {""name"": ""物品台"", ""share"": 0.649, ""q"": 0.197, ""capture"": 0.197, ""miss_deg"": 1.8, ""labels"": [40]}, {""name"": ""苹果红"", ""share"": 0.085, ""q"": 0.026, ""capture"": 0.188, ""miss_deg"": 1.83, ""labels"": [260]}]"
2026_08_20/003,c4,v9,beyond_occ,table10,120.05,120.48,0.43,4.31,苹果粉,64,0.251,0.067,0.408,0.909,0.761,0.734,object#35,,0,0,,,,3,"[{""name"": ""苹果粉"", ""share"": 0.251, ""q"": 0.067, ""capture"": 0.408, ""miss_deg"": 1.34, ""labels"": [64]}, {""name"": ""苹果红"", ""share"": 0.191, ""q"": 0.051, ""capture"": 0.371, ""miss_deg"": 1.41, ""labels"": [260]}, {""name"": ""球L"", ""share"": 0.101, ""q"": 0.027, ""capture"": 0.294, ""miss_deg"": 1.56, ""labels"": [259]}]"
2026_08_20/003,c4,v9,beyond_occ,table10,120.53,122.11,1.57,4.322,球L,259,0.101,0.019,0.21,0.705,7.723,0.81,object#35,,0,0,,,,3,"[{""name"": ""球L"", ""share"": 0.101, ""q"": 0.019, ""capture"": 0.21, ""miss_deg"": 1.77, ""labels"": [259]}, {""name"": ""物品台"", ""share"": 0.78, ""q"": 0.148, ""capture"": 0.148, ""miss_deg"": 1.95, ""labels"": [40]}, {""name"": ""苹果红"", ""share"": 0.034, ""q"": 0.006, ""capture"": 0.047, ""miss_deg"": 2.47, ""labels"": [260]}]"
2026_08_20/003,c4,v9,beyond_occ,table10,122.16,122.65,0.49,4.339,物品台,40,0.895,0.233,0.233,0.609,0.056,0.739,object#35,,1,1,,,,3,"[{""name"": ""物品台"", ""share"": 0.895, ""q"": 0.233, ""capture"": 0.233, ""miss_deg"": 1.71, ""labels"": [40]}, {""name"": ""球L"", ""share"": 0.05, ""q"": 0.013, ""capture"": 0.142, ""miss_deg"": 1.98, ""labels"": [259]}, {""name"": ""球M"", ""share"": 0.024, ""q"": 0.006, ""capture"": 0.067, ""miss_deg"": 2.32, ""labels"": [261]}]"
2026_08_20/003,c4,v9,beyond_occ,table10,122.95,123.33,0.38,4.333,物品台,40,0.802,0.325,0.325,0.908,0.082,0.595,object#35,,1,1,,,,3,"[{""name"": ""物品台"", ""share"": 0.802, ""q"": 0.325, ""capture"": 0.325, ""miss_deg"": 1.5, ""labels"": [40]}, {""name"": ""球L"", ""share"": 0.066, ""q"": 0.027, ""capture"": 0.295, ""miss_deg"": 1.56, ""labels"": [259]}, {""name"": ""球M"", ""share"": 0.039, ""q"": 0.016, ""capture"": 0.173, ""miss_deg"": 1.87, ""labels"": [261]}]"
2026_08_20/003,c4,v9,beyond_occ,table10,123.38,123.93,0.54,4.271,球L,259,0.147,0.061,0.669,0.466,0.701,0.584,object#12,,0,0,,,,3,"[{""name"": ""球L"", ""share"": 0.147, ""q"": 0.061, ""capture"": 0.669, ""miss_deg"": 0.9, ""labels"": [259]}, {""name"": ""苹果红"", ""share"": 0.103, ""q"": 0.043, ""capture"": 0.312, ""miss_deg"": 1.53, ""labels"": [260]}, {""name"": ""球M"", ""share"": 0.062, ""q"": 0.026, ""capture"": 0.282, ""miss_deg"": 1.59, ""labels"": [261]}]"
2026_08_20/003,c4,v9,beyond_occ,table10,123.98,125.46,1.48,4.312,球L,259,0.124,0.059,0.648,0.468,0.702,0.524,object#35,,0,0,,,,3,"[{""name"": ""球L"", ""share"": 0.124, ""q"": 0.059, ""capture"": 0.648, ""miss_deg"": 0.93, ""labels"": [259]}, {""name"": ""苹果红"", ""share"": 0.087, ""q"": 0.042, ""capture"": 0.303, ""miss_deg"": 1.54, ""labels"": [260]}, {""name"": ""物品台"", ""share"": 0.567, ""q"": 0.27, ""capture"": 0.27, ""miss_deg"": 1.62, ""labels"": [40]}]"
2026_08_20/003,c4,v9,beyond_occ,table10,125.74,128.29,2.55,4.323,球L,259,0.107,0.053,0.579,0.554,6.093,0.507,object#35,,0,0,,,,3,"[{""name"": ""球L"", ""share"": 0.107, ""q"": 0.053, ""capture"": 0.579, ""miss_deg"": 1.05, ""labels"": [259]}, {""name"": ""物品台"", ""share"": 0.652, ""q"": 0.321, ""capture"": 0.321, ""miss_deg"": 1.51, ""labels"": [40]}, {""name"": ""球R"", ""share"": 0.056, ""q"": 0.028, ""capture"": 0.304, ""miss_deg"": 1.54, ""labels"": [263]}]"
2026_08_20/003,c4,v9,beyond_occ,table10,134.23,134.61,0.38,0.839,,-1,0.0,0.0,,,,1.0,object#14,,0,0,,,,0,[]
2026_08_25/c1_1,c4,v9,beyond_occ,table10,4.15,4.53,0.38,1.959,,-1,0.0,0.0,,,,1.0,floor,,0,0,,,,0,[]
2026_08_25/c1_1,c4,v9,beyond_occ,table10,7.82,8.2,0.38,3.256,物品台,40,1.0,0.008,0.008,0.0,0.0,0.992,object#35,,0,0,,,,1,"[{""name"": ""物品台"", ""share"": 1.0, ""q"": 0.008, ""capture"": 0.008, ""miss_deg"": 3.09, ""labels"": [40]}]"
2026_08_25/c1_1,c4,v9,beyond_occ,table10,11.28,14.53,3.25,4.04,物品台,40,0.993,0.12,0.12,0.058,0.007,0.879,object#24,,0,0,1,球L,0,2,"[{""name"": ""物品台"", ""share"": 0.993, ""q"": 0.12, ""capture"": 0.12, ""miss_deg"": 2.06, ""labels"": [40]}, {""name"": ""球L"", ""share"": 0.007, ""q"": 0.001, ""capture"": 0.007, ""miss_deg"": 3.13, ""labels"": [259]}]"
2026_08_25/c1_1,c4,v9,beyond_occ,table10,15.91,18.41,2.5,4.123,物品台,40,0.838,0.007,0.007,0.286,0.154,0.991,object#37,,0,0,,,,3,"[{""name"": ""物品台"", ""share"": 0.838, ""q"": 0.007, ""capture"": 0.007, ""miss_deg"": 3.14, ""labels"": [40]}, {""name"": ""水瓶"", ""share"": 0.129, ""q"": 0.001, ""capture"": 0.002, ""miss_deg"": 3.52, ""labels"": [30]}, {""name"": ""苹果粉"", ""share"": 0.033, ""q"": 0.0, ""capture"": 0.001, ""miss_deg"": 3.63, ""labels"": [64]}]"
2026_08_25/c1_1,c4,v9,beyond_occ,table10,18.58,21.61,3.03,4.11,物品台,40,0.981,0.039,0.039,0.103,0.019,0.96,object#35,,0,0,,,,2,"[{""name"": ""物品台"", ""share"": 0.981, ""q"": 0.039, ""capture"": 0.039, ""miss_deg"": 2.55, ""labels"": [40]}, {""name"": ""苹果粉"", ""share"": 0.019, ""q"": 0.001, ""capture"": 0.004, ""miss_deg"": 3.34, ""labels"": [64]}]"
2026_08_25/c1_1,c4,v9,beyond_occ,table10,21.67,23.78,2.11,4.115,物品台,40,1.0,0.017,0.017,0.0,0.0,0.983,object#24,,0,0,,,,1,"[{""name"": ""物品台"", ""share"": 1.0, ""q"": 0.017, ""capture"": 0.017, ""miss_deg"": 2.85, ""labels"": [40]}]"
2026_08_25/c1_1,c4,v9,beyond_occ,table10,24.01,29.97,5.96,4.119,物品台,40,0.998,0.065,0.065,0.015,0.002,0.935,object#24,,0,0,6,球L,0,2,"[{""name"": ""物品台"", ""share"": 0.998, ""q"": 0.065, ""capture"": 0.065, ""miss_deg"": 2.34, ""labels"": [40]}, {""name"": ""球L"", ""share"": 0.002, ""q"": 0.0, ""capture"": 0.001, ""miss_deg"": 3.66, ""labels"": [259]}]"
2026_08_25/c1_1,c4,v9,beyond_occ,table10,30.22,32.38,2.17,4.093,物品台,40,1.0,0.044,0.044,0.0,0.0,0.956,object#24,,0,0,,,,1,"[{""name"": ""物品台"", ""share"": 1.0, ""q"": 0.044, ""capture"": 0.044, ""miss_deg"": 2.5, ""labels"": [40]}]"
2026_08_25/c1_1,c4,v9,beyond_occ,table10,32.71,36.28,3.57,4.132,物品台,40,0.984,0.147,0.147,0.082,0.009,0.851,object#24,,0,0,8,球L,0,3,"[{""name"": ""物品台"", ""share"": 0.984, ""q"": 0.147, ""capture"": 0.147, ""miss_deg"": 1.96, ""labels"": [40]}, {""name"": ""球L"", ""share"": 0.009, ""q"": 0.001, ""capture"": 0.012, ""miss_deg"": 2.98, ""labels"": [259]}, {""name"": ""球M"", ""share"": 0.007, ""q"": 0.001, ""capture"": 0.012, ""miss_deg"": 2.98, ""labels"": [261]}]"
2026_08_25/c1_1,c4,v9,beyond_occ,table10,36.55,37.68,1.14,4.138,物品台,40,0.989,0.13,0.13,0.1,0.011,0.868,object#24,,0,0,8,球L,0,2,"[{""name"": ""物品台"", ""share"": 0.989, ""q"": 0.13, ""capture"": 0.13, ""miss_deg"": 2.02, ""labels"": [40]}, {""name"": ""球L"", ""share"": 0.011, ""q"": 0.001, ""capture"": 0.013, ""miss_deg"": 2.95, ""labels"": [259]}]"
2026_08_25/c1_1,c4,v9,beyond_occ,table10,37.74,43.15,5.42,4.137,物品台,40,1.0,0.074,0.074,0.0,0.0,0.926,object#24,,0,0,,,,1,"[{""name"": ""物品台"", ""share"": 1.0, ""q"": 0.074, ""capture"": 0.074, ""miss_deg"": 2.28, ""labels"": [40]}]"
2026_08_25/c1_1,c4,v9,beyond_occ,table10,43.4,51.57,8.18,4.162,物品台,40,0.943,0.148,0.148,0.48,0.052,0.843,object#35,,0,0,9,球L,0,3,"[{""name"": ""物品台"", ""share"": 0.943, ""q"": 0.148, ""capture"": 0.148, ""miss_deg"": 1.95, ""labels"": [40]}, {""name"": ""球L"", ""share"": 0.049, ""q"": 0.008, ""capture"": 0.071, ""miss_deg"": 2.3, ""labels"": [259]}, {""name"": ""苹果红"", ""share"": 0.003, ""q"": 0.001, ""capture"": 0.004, ""miss_deg"": 3.34, ""labels"": [260]}]"
2026_08_25/c1_1,c4,v9,beyond_occ,table10,51.85,56.99,5.15,4.19,物品台,40,0.963,0.069,0.069,0.058,0.031,0.929,object#35,,0,0,,,,3,"[{""name"": ""物品台"", ""share"": 0.963, ""q"": 0.069, ""capture"": 0.069, ""miss_deg"": 2.31, ""labels"": [40]}, {""name"": ""水瓶"", ""share"": 0.03, ""q"": 0.002, ""capture"": 0.004, ""miss_deg"": 3.33, ""labels"": [30]}, {""name"": ""苹果粉"", ""share"": 0.007, ""q"": 0.0, ""capture"": 0.002, ""miss_deg"": 3.48, ""labels"": [64]}]"
2026_08_25/c1_1,c4,v9,beyond_occ,table10,57.24,57.67,0.43,4.19,物品台,40,0.996,0.057,0.057,0.0,0.004,0.943,object#35,,0,0,,,,2,"[{""name"": ""物品台"", ""share"": 0.996, ""q"": 0.057, ""capture"": 0.057, ""miss_deg"": 2.4, ""labels"": [40]}, {""name"": ""水瓶"", ""share"": 0.004, ""q"": 0.0, ""capture"": 0.0, ""miss_deg"": 3.94, ""labels"": [30]}]"
2026_08_25/c1_1,c4,v9,beyond_occ,table10,57.94,60.27,2.33,4.202,球L,259,0.137,0.084,0.765,0.908,0.752,0.386,object#35,,0,0,,,,3,"[{""name"": ""球L"", ""share"": 0.137, ""q"": 0.084, ""capture"": 0.765, ""miss_deg"": 0.73, ""labels"": [259]}, {""name"": ""球M"", ""share"": 0.103, ""q"": 0.063, ""capture"": 0.695, ""miss_deg"": 0.85, ""labels"": [261]}, {""name"": ""物品台"", ""share"": 0.614, ""q"": 0.377, ""capture"": 0.377, ""miss_deg"": 1.4, ""labels"": [40]}]"
2026_08_25/c1_1,c4,v9,beyond_occ,table10,60.49,64.99,4.5,4.168,物品台,40,0.849,0.279,0.279,0.996,0.11,0.672,object#35,,1,1,,,,3,"[{""name"": ""物品台"", ""share"": 0.849, ""q"": 0.279, ""capture"": 0.279, ""miss_deg"": 1.6, ""labels"": [40]}, {""name"": ""球L"", ""share"": 0.093, ""q"": 0.03, ""capture"": 0.278, ""miss_deg"": 1.6, ""labels"": [259]}, {""name"": ""球M"", ""share"": 0.043, ""q"": 0.014, ""capture"": 0.156, ""miss_deg"": 1.93, ""labels"": [261]}]"
2026_08_25/c1_1,c4,v9,beyond_occ,table10,66.57,66.95,0.38,4.167,球R,263,0.155,0.099,0.902,0.803,0.665,0.362,object#12,,0,0,,,,3,"[{""name"": ""球R"", ""share"": 0.155, ""q"": 0.099, ""capture"": 0.902, ""miss_deg"": 0.45, ""labels"": [263]}, {""name"": ""球M"", ""share"": 0.103, ""q"": 0.066, ""capture"": 0.724, ""miss_deg"": 0.8, ""labels"": [261]}, {""name"": ""物品台"", ""share"": 0.619, ""q"": 0.395, ""capture"": 0.395, ""miss_deg"": 1.36, ""labels"": [40]}]"
2026_08_25/c1_1,c4,v9,beyond_occ,table10,67.26,67.58,0.32,3.183,,-1,0.0,0.0,,,,1.0,object#26,,0,0,,,,0,[]
2026_08_25/c1_1,c4,v9,beyond_occ,table10,67.91,68.5,0.6,3.134,,-1,0.0,0.0,,,,1.0,object#26,,0,0,,,,0,[]
2026_08_25/c1_1,c4,v9,beyond_occ,table10,68.94,69.43,0.49,4.165,物品台,40,1.0,0.033,0.033,0.0,0.0,0.967,object#24,,0,0,,,,1,"[{""name"": ""物品台"", ""share"": 1.0, ""q"": 0.033, ""capture"": 0.033, ""miss_deg"": 2.62, ""labels"": [40]}]"
2026_08_25/c1_1,c4,v9,beyond_occ,table10,69.49,69.97,0.49,4.157,球L,259,0.169,0.055,0.498,0.432,3.917,0.676,object#35,,0,0,,,,3,"[{""name"": ""球L"", ""share"": 0.169, ""q"": 0.055, ""capture"": 0.498, ""miss_deg"": 1.18, ""labels"": [259]}, {""name"": ""物品台"", ""share"": 0.662, ""q"": 0.215, ""capture"": 0.215, ""miss_deg"": 1.75, ""labels"": [40]}, {""name"": ""苹果红"", ""share"": 0.07, ""q"": 0.023, ""capture"": 0.156, ""miss_deg"": 1.93, ""labels"": [260]}]"
2026_08_25/c1_1,c4,v9,beyond_occ,table10,70.03,70.41,0.38,4.157,物品台,40,0.925,0.212,0.212,0.5,0.055,0.77,object#24,,1,1,,,,3,"[{""name"": ""物品台"", ""share"": 0.925, ""q"": 0.212, ""capture"": 0.212, ""miss_deg"": 1.76, ""labels"": [40]}, {""name"": ""球L"", ""share"": 0.051, ""q"": 0.012, ""capture"": 0.106, ""miss_deg"": 2.12, ""labels"": [259]}, {""name"": ""球M"", ""share"": 0.023, ""q"": 0.005, ""capture"": 0.058, ""miss_deg"": 2.39, ""labels"": [261]}]"
2026_08_25/c1_1,c4,v9,beyond_occ,table10,70.46,70.79,0.32,4.167,物品台,40,0.884,0.073,0.073,0.384,0.08,0.918,object#35,,0,0,,,,3,"[{""name"": ""物品台"", ""share"": 0.884, ""q"": 0.073, ""capture"": 0.073, ""miss_deg"": 2.29, ""labels"": [40]}, {""name"": ""苹果粉"", ""share"": 0.071, ""q"": 0.006, ""capture"": 0.028, ""miss_deg"": 2.67, ""labels"": [64]}, {""name"": ""水瓶"", ""share"": 0.046, ""q"": 0.004, ""capture"": 0.007, ""miss_deg"": 3.16, ""labels"": [30]}]"
2026_08_25/c1_1,c4,v9,beyond_occ,table10,70.89,77.4,6.5,4.174,物品台,40,0.922,0.134,0.134,0.649,0.07,0.854,object#35,,0,0,,,,3,"[{""name"": ""物品台"", ""share"": 0.922, ""q"": 0.134, ""capture"": 0.134, ""miss_deg"": 2.0, ""labels"": [40]}, {""name"": ""球L"", ""share"": 0.065, ""q"": 0.009, ""capture"": 0.087, ""miss_deg"": 2.21, ""labels"": [259]}, {""name"": ""苹果红"", ""share"": 0.009, ""q"": 0.001, ""capture"": 0.009, ""miss_deg"": 3.08, ""labels"": [260]}]"
2026_08_25/c1_1,c4,v9,beyond_occ,table10,77.45,80.11,2.65,4.17,物品台,40,1.0,0.062,0.062,0.0,0.0,0.938,object#35,,0,0,,,,1,"[{""name"": ""物品台"", ""share"": 1.0, ""q"": 0.062, ""capture"": 0.062, ""miss_deg"": 2.36, ""labels"": [40]}]"
2026_08_25/c1_1,c4,v9,beyond_occ,table10,80.33,84.06,3.74,4.177,物品台,40,0.945,0.132,0.132,0.409,0.046,0.86,object#35,,0,0,,,,3,"[{""name"": ""物品台"", ""share"": 0.945, ""q"": 0.132, ""capture"": 0.132, ""miss_deg"": 2.01, ""labels"": [40]}, {""name"": ""球L"", ""share"": 0.043, ""q"": 0.006, ""capture"": 0.054, ""miss_deg"": 2.41, ""labels"": [259]}, {""name"": ""水瓶"", ""share"": 0.011, ""q"": 0.002, ""capture"": 0.003, ""miss_deg"": 3.42, ""labels"": [30]}]"
2026_08_25/c1_1,c4,v9,beyond_occ,table10,84.12,86.5,2.38,4.186,物品台,40,0.991,0.075,0.075,0.013,0.009,0.925,object#35,,0,0,,,,2,"[{""name"": ""物品台"", ""share"": 0.991, ""q"": 0.075, ""capture"": 0.075, ""miss_deg"": 2.28, ""labels"": [40]}, {""name"": ""水瓶"", ""share"": 0.009, ""q"": 0.001, ""capture"": 0.001, ""miss_deg"": 3.66, ""labels"": [30]}]"
2026_08_25/c1_1,c4,v9,beyond_occ,table10,86.74,93.45,6.72,4.177,物品台,40,0.96,0.19,0.19,0.211,0.019,0.802,object#24,,0,0,10,球M,0,3,"[{""name"": ""物品台"", ""share"": 0.96, ""q"": 0.19, ""capture"": 0.19, ""miss_deg"": 1.82, ""labels"": [40]}, {""name"": ""球M"", ""share"": 0.018, ""q"": 0.004, ""capture"": 0.04, ""miss_deg"": 2.54, ""labels"": [261]}, {""name"": ""球L"", ""share"": 0.021, ""q"": 0.004, ""capture"": 0.039, ""miss_deg"": 2.55, ""labels"": [259]}]"
2026_08_25/c1_1,c4,v9,beyond_occ,table10,93.61,97.46,3.85,4.18,物品台,40,0.909,0.156,0.156,0.66,0.073,0.828,object#35,,0,0,11,球L,0,3,"[{""name"": ""物品台"", ""share"": 0.909, ""q"": 0.156, ""capture"": 0.156, ""miss_deg"": 1.93, ""labels"": [40]}, {""name"": ""球L"", ""share"": 0.066, ""q"": 0.011, ""capture"": 0.103, ""miss_deg"": 2.13, ""labels"": [259]}, {""name"": ""苹果红"", ""share"": 0.013, ""q"": 0.002, ""capture"": 0.015, ""miss_deg"": 2.9, ""labels"": [260]}]"
2026_08_25/c1_1,c4,v9,beyond_occ,table10,97.51,97.89,0.38,4.174,物品台,40,0.977,0.129,0.129,0.186,0.02,0.868,object#24,,0,0,11,球L,0,3,"[{""name"": ""物品台"", ""share"": 0.977, ""q"": 0.129, ""capture"": 0.129, ""miss_deg"": 2.03, ""labels"": [40]}, {""name"": ""球L"", ""share"": 0.02, ""q"": 0.003, ""capture"": 0.024, ""miss_deg"": 2.73, ""labels"": [259]}, {""name"": ""水瓶"", ""share"": 0.003, ""q"": 0.0, ""capture"": 0.001, ""miss_deg"": 3.84, ""labels"": [30]}]"
2026_08_25/c1_1,c4,v9,beyond_occ,table10,98.18,100.51,2.33,4.178,物品台,40,0.882,0.155,0.155,0.994,0.109,0.824,object#35,,0,0,11,球L,0,3,"[{""name"": ""物品台"", ""share"": 0.882, ""q"": 0.155, ""capture"": 0.155, ""miss_deg"": 1.93, ""labels"": [40]}, {""name"": ""球L"", ""share"": 0.096, ""q"": 0.017, ""capture"": 0.154, ""miss_deg"": 1.93, ""labels"": [259]}, {""name"": ""苹果红"", ""share"": 0.013, ""q"": 0.002, ""capture"": 0.015, ""miss_deg"": 2.9, ""labels"": [260]}]"
2026_08_25/c1_1,c4,v9,beyond_occ,table10,100.73,105.98,5.25,4.178,物品台,40,0.896,0.22,0.22,0.791,0.086,0.754,object#35,,1,1,11,球L,0,3,"[{""name"": ""物品台"", ""share"": 0.896, ""q"": 0.22, ""capture"": 0.22, ""miss_deg"": 1.74, ""labels"": [40]}, {""name"": ""球L"", ""share"": 0.077, ""q"": 0.019, ""capture"": 0.174, ""miss_deg"": 1.87, ""labels"": [259]}, {""name"": ""球M"", ""share"": 0.021, ""q"": 0.005, ""capture"": 0.057, ""miss_deg"": 2.39, ""labels"": [261]}]"
2026_08_25/c1_1,c4,v9,beyond_occ,table10,106.23,107.32,1.08,4.177,球L,259,0.119,0.046,0.418,0.727,6.655,0.616,object#35,,0,0,11,球L,1,3,"[{""name"": ""球L"", ""share"": 0.119, ""q"": 0.046, ""capture"": 0.418, ""miss_deg"": 1.32, ""labels"": [259]}, {""name"": ""物品台"", ""share"": 0.792, ""q"": 0.304, ""capture"": 0.304, ""miss_deg"": 1.54, ""labels"": [40]}, {""name"": ""球M"", ""share"": 0.056, ""q"": 0.021, ""capture"": 0.236, ""miss_deg"": 1.7, ""labels"": [261]}]"
2026_08_25/c1_1,c4,v9,beyond_occ,table10,107.62,112.55,4.93,4.191,球M,261,0.103,0.061,0.671,0.788,0.951,0.406,object#35,,0,0,12,球M,1,3,"[{""name"": ""球M"", ""share"": 0.103, ""q"": 0.061, ""capture"": 0.671, ""miss_deg"": 0.89, ""labels"": [261]}, {""name"": ""球L"", ""share"": 0.098, ""q"": 0.058, ""capture"": 0.529, ""miss_deg"": 1.13, ""labels"": [259]}, {""name"": ""物品台"", ""share"": 0.689, ""q"": 0.41, ""capture"": 0.41, ""miss_deg"": 1.34, ""labels"": [40]}]"
2026_08_25/c1_1,c4,v9,beyond_occ,table10,112.72,114.45,1.73,4.2,球M,261,0.102,0.061,0.675,0.624,6.853,0.398,object#24,,0,0,12,球M,1,3,"[{""name"": ""球M"", ""share"": 0.102, ""q"": 0.061, ""capture"": 0.675, ""miss_deg"": 0.89, ""labels"": [261]}, {""name"": ""物品台"", ""share"": 0.699, ""q"": 0.421, ""capture"": 0.421, ""miss_deg"": 1.32, ""labels"": [40]}, {""name"": ""球L"", ""share"": 0.075, ""q"": 0.045, ""capture"": 0.414, ""miss_deg"": 1.33, ""labels"": [259]}]"
2026_08_25/c1_1,c4,v9,beyond_occ,table10,114.51,114.94,0.43,4.175,球L,259,0.153,0.091,0.831,0.72,0.961,0.406,object#35,,0,0,,,,3,"[{""name"": ""球L"", ""share"": 0.153, ""q"": 0.091, ""capture"": 0.831, ""miss_deg"": 0.61, ""labels"": [259]}, {""name"": ""苹果红"", ""share"": 0.147, ""q"": 0.087, ""capture"": 0.598, ""miss_deg"": 1.01, ""labels"": [260]}, {""name"": ""物品台"", ""share"": 0.477, ""q"": 0.283, ""capture"": 0.283, ""miss_deg"": 1.59, ""labels"": [40]}]"
2026_08_25/c1_1,c4,v9,beyond_occ,table10,115.07,121.35,6.28,4.157,物品台,40,0.87,0.229,0.229,0.987,0.108,0.737,object#35,,1,1,,,,3,"[{""name"": ""物品台"", ""share"": 0.87, ""q"": 0.229, ""capture"": 0.229, ""miss_deg"": 1.72, ""labels"": [40]}, {""name"": ""球L"", ""share"": 0.094, ""q"": 0.025, ""capture"": 0.226, ""miss_deg"": 1.72, ""labels"": [259]}, {""name"": ""球M"", ""share"": 0.021, ""q"": 0.005, ""capture"": 0.06, ""miss_deg"": 2.37, ""labels"": [261]}]"
2026_08_25/c1_1,c4,v9,beyond_occ,table10,121.63,127.21,5.58,4.186,球M,261,0.12,0.081,0.894,0.784,0.942,0.322,object#35,,0,0,14,球M,1,3,"[{""name"": ""球M"", ""share"": 0.12, ""q"": 0.081, ""capture"": 0.894, ""miss_deg"": 0.47, ""labels"": [261]}, {""name"": ""球L"", ""share"": 0.113, ""q"": 0.077, ""capture"": 0.701, ""miss_deg"": 0.84, ""labels"": [259]}, {""name"": ""物品台"", ""share"": 0.603, ""q"": 0.409, ""capture"": 0.409, ""miss_deg"": 1.34, ""labels"": [40]}]"
2026_08_25/c1_1,c4,v9,beyond_occ,table10,129.6,130.46,0.87,1.279,,-1,0.0,0.0,,,,1.0,object#14,,0,0,,,,0,[]
2026_08_25/c1_1,c4,v9,beyond_occ,table10,130.52,130.79,0.27,0.892,,-1,0.0,0.0,,,,1.0,object#14,,0,0,,,,0,[]
2026_08_25/c1_1,c4,v9,beyond_occ,table10,131.0,131.33,0.32,0.678,,-1,0.0,0.0,,,,1.0,object#14,,0,0,,,,0,[]
2026_08_25/c1_2,c4,v9,,table10,4.48,4.76,0.27,5.705,物品台,40,0.953,0.022,0.022,0.136,0.049,0.977,object#23,,0,0,,,,2,"[{""name"": ""物品台"", ""share"": 0.953, ""q"": 0.022, ""capture"": 0.022, ""miss_deg"": 2.76, ""labels"": [40]}, {""name"": ""水瓶"", ""share"": 0.047, ""q"": 0.001, ""capture"": 0.003, ""miss_deg"": 3.38, ""labels"": [30]}]"
2026_08_25/c1_2,c4,v9,,table10,6.13,7.22,1.08,4.222,球L,259,0.145,0.071,0.648,0.685,0.572,0.511,object#35,,0,0,,,,3,"[{""name"": ""球L"", ""share"": 0.145, ""q"": 0.071, ""capture"": 0.648, ""miss_deg"": 0.93, ""labels"": [259]}, {""name"": ""球M"", ""share"": 0.083, ""q"": 0.04, ""capture"": 0.444, ""miss_deg"": 1.27, ""labels"": [261]}, {""name"": ""物品台"", ""share"": 0.687, ""q"": 0.336, ""capture"": 0.336, ""miss_deg"": 1.48, ""labels"": [40]}]"
2026_08_25/c1_2,c4,v9,,table10,7.27,7.54,0.27,4.229,球L,259,0.133,0.06,0.661,0.716,1.075,0.548,object#35,,0,0,,,,3,"[{""name"": ""球L"", ""share"": 0.133, ""q"": 0.06, ""capture"": 0.661, ""miss_deg"": 0.91, ""labels"": [259]}, {""name"": ""苹果红"", ""share"": 0.143, ""q"": 0.065, ""capture"": 0.473, ""miss_deg"": 1.22, ""labels"": [260]}, {""name"": ""苹果粉"", ""share"": 0.11, ""q"": 0.05, ""capture"": 0.263, ""miss_deg"": 1.64, ""labels"": [64]}]"
2026_08_25/c1_2,c4,v9,,table10,7.6,8.68,1.08,4.252,球M,261,0.101,0.054,0.599,0.696,0.693,0.461,object#24,,0,0,,,,3,"[{""name"": ""球M"", ""share"": 0.101, ""q"": 0.054, ""capture"": 0.599, ""miss_deg"": 1.01, ""labels"": [261]}, {""name"": ""球L"", ""share"": 0.07, ""q"": 0.038, ""capture"": 0.417, ""miss_deg"": 1.32, ""labels"": [259]}, {""name"": ""物品台"", ""share"": 0.738, ""q"": 0.397, ""capture"": 0.397, ""miss_deg"": 1.36, ""labels"": [40]}]"
2026_08_25/c1_2,c4,v9,,table10,8.95,9.28,0.32,3.518,,-1,0.0,0.0,,,,1.0,object#36,,0,0,,,,0,[]
2026_08_25/c1_2,c4,v9,,table10,9.33,9.82,0.49,3.381,,-1,0.0,0.0,,,,1.0,object#26,,0,0,,,,0,[]
2026_08_25/c1_2,c4,v9,,table10,9.87,10.36,0.49,3.32,,-1,0.0,0.0,,,,1.0,object#26,,0,0,,,,0,[]
2026_08_25/c1_2,c4,v9,,table10,10.41,10.68,0.27,3.433,,-1,0.0,0.0,,,,1.0,object#26,,0,0,,,,0,[]
2026_08_25/c1_2,c4,v9,,table10,11.22,12.31,1.08,4.244,物品台,40,0.939,0.186,0.186,0.559,0.051,0.802,object#24,,0,0,,,,3,"[{""name"": ""物品台"", ""share"": 0.939, ""q"": 0.186, ""capture"": 0.186, ""miss_deg"": 1.83, ""labels"": [40]}, {""name"": ""球L"", ""share"": 0.048, ""q"": 0.009, ""capture"": 0.104, ""miss_deg"": 2.13, ""labels"": [259]}, {""name"": ""球M"", ""share"": 0.013, ""q"": 0.003, ""capture"": 0.028, ""miss_deg"": 2.67, ""labels"": [261]}]"
2026_08_25/c1_2,c4,v9,,table10,12.74,14.91,2.17,4.246,球L,259,0.084,0.023,0.254,0.925,10.19,0.726,object#35,,0,0,,,,3,"[{""name"": ""球L"", ""share"": 0.084, ""q"": 0.023, ""capture"": 0.254, ""miss_deg"": 1.66, ""labels"": [259]}, {""name"": ""物品台"", ""share"": 0.856, ""q"": 0.235, ""capture"": 0.235, ""miss_deg"": 1.7, ""labels"": [40]}, {""name"": ""球M"", ""share"": 0.031, ""q"": 0.008, ""capture"": 0.092, ""miss_deg"": 2.18, ""labels"": [261]}]"
2026_08_25/c1_2,c4,v9,,table10,15.2,20.78,5.58,4.229,物品台,40,0.955,0.162,0.162,0.432,0.04,0.831,object#35,,0,0,1,球L,0,3,"[{""name"": ""物品台"", ""share"": 0.955, ""q"": 0.162, ""capture"": 0.162, ""miss_deg"": 1.91, ""labels"": [40]}, {""name"": ""球L"", ""share"": 0.038, ""q"": 0.006, ""capture"": 0.07, ""miss_deg"": 2.31, ""labels"": [259]}, {""name"": ""水瓶"", ""share"": 0.006, ""q"": 0.001, ""capture"": 0.002, ""miss_deg"": 3.54, ""labels"": [30]}]"
2026_08_25/c1_2,c4,v9,,table10,20.83,22.78,1.95,4.227,物品台,40,0.963,0.173,0.173,0.416,0.038,0.821,object#24,,0,0,1,球L,0,3,"[{""name"": ""物品台"", ""share"": 0.963, ""q"": 0.173, ""capture"": 0.173, ""miss_deg"": 1.87, ""labels"": [40]}, {""name"": ""球L"", ""share"": 0.037, ""q"": 0.007, ""capture"": 0.072, ""miss_deg"": 2.29, ""labels"": [259]}, {""name"": ""苹果红"", ""share"": 0.0, ""q"": 0.0, ""capture"": 0.001, ""miss_deg"": 3.88, ""labels"": [260]}]"
2026_08_25/c1_2,c4,v9,,table10,23.16,23.87,0.7,4.254,物品台,40,0.932,0.23,0.23,0.37,0.033,0.753,object#24,,1,1,,,,3,"[{""name"": ""物品台"", ""share"": 0.932, ""q"": 0.23, ""capture"": 0.23, ""miss_deg"": 1.71, ""labels"": [40]}, {""name"": ""球R"", ""share"": 0.031, ""q"": 0.008, ""capture"": 0.085, ""miss_deg"": 2.22, ""labels"": [263]}, {""name"": ""球M"", ""share"": 0.024, ""q"": 0.006, ""capture"": 0.066, ""miss_deg"": 2.33, ""labels"": [261]}]"
2026_08_25/c1_2,c4,v9,,table10,23.92,29.61,5.69,4.271,物品台,40,0.93,0.241,0.241,0.419,0.038,0.74,object#24,,1,1,2,球R,0,3,"[{""name"": ""物品台"", ""share"": 0.93, ""q"": 0.241, ""capture"": 0.241, ""miss_deg"": 1.69, ""labels"": [40]}, {""name"": ""球R"", ""share"": 0.035, ""q"": 0.009, ""capture"": 0.101, ""miss_deg"": 2.14, ""labels"": [263]}, {""name"": ""球M"", ""share"": 0.014, ""q"": 0.004, ""capture"": 0.04, ""miss_deg"": 2.54, ""labels"": [261]}]"
2026_08_25/c1_2,c4,v9,,table10,30.04,36.43,6.39,4.287,球R,263,0.087,0.035,0.39,0.892,9.77,0.59,object#24,,0,0,3,球R,1,3,"[{""name"": ""球R"", ""share"": 0.087, ""q"": 0.035, ""capture"": 0.39, ""miss_deg"": 1.37, ""labels"": [263]}, {""name"": ""物品台"", ""share"": 0.85, ""q"": 0.348, ""capture"": 0.348, ""miss_deg"": 1.45, ""labels"": [40]}, {""name"": ""球M"", ""share"": 0.039, ""q"": 0.016, ""capture"": 0.176, ""miss_deg"": 1.86, ""labels"": [261]}]"
2026_08_25/c1_2,c4,v9,,table10,36.72,43.32,6.61,4.251,球M,261,0.09,0.045,0.49,0.788,8.689,0.507,object#24,,0,0,4,球M,1,3,"[{""name"": ""球M"", ""share"": 0.09, ""q"": 0.045, ""capture"": 0.49, ""miss_deg"": 1.19, ""labels"": [261]}, {""name"": ""物品台"", ""share"": 0.782, ""q"": 0.386, ""capture"": 0.386, ""miss_deg"": 1.38, ""labels"": [40]}, {""name"": ""球L"", ""share"": 0.057, ""q"": 0.028, ""capture"": 0.309, ""miss_deg"": 1.53, ""labels"": [259]}]"
2026_08_25/c1_2,c4,v9,,table10,43.87,49.99,6.12,4.25,球M,261,0.128,0.084,0.926,0.79,0.789,0.341,object#35,,0,0,5,球M,1,3,"[{""name"": ""球M"", ""share"": 0.128, ""q"": 0.084, ""capture"": 0.926, ""miss_deg"": 0.39, ""labels"": [261]}, {""name"": ""球L"", ""share"": 0.101, ""q"": 0.067, ""capture"": 0.732, ""miss_deg"": 0.79, ""labels"": [259]}, {""name"": ""球R"", ""share"": 0.065, ""q"": 0.043, ""capture"": 0.471, ""miss_deg"": 1.23, ""labels"": [263]}]"
2026_08_25/c1_2,c4,v9,,table10,50.25,56.64,6.39,4.242,球L,259,0.171,0.08,0.874,0.379,0.38,0.535,object#35,,0,0,6,球L,1,3,"[{""name"": ""球L"", ""share"": 0.171, ""q"": 0.08, ""capture"": 0.874, ""miss_deg"": 0.52, ""labels"": [259]}, {""name"": ""球M"", ""share"": 0.065, ""q"": 0.03, ""capture"": 0.331, ""miss_deg"": 1.49, ""labels"": [261]}, {""name"": ""物品台"", ""share"": 0.62, ""q"": 0.289, ""capture"": 0.289, ""miss_deg"": 1.58, ""labels"": [40]}]"
2026_08_25/c1_2,c4,v9,,table10,56.88,62.78,5.9,4.263,球R,263,0.11,0.065,0.718,0.88,0.882,0.407,object#24,,0,0,7,球R,1,3,"[{""name"": ""球R"", ""share"": 0.11, ""q"": 0.065, ""capture"": 0.718, ""miss_deg"": 0.81, ""labels"": [263]}, {""name"": ""球M"", ""share"": 0.097, ""q"": 0.057, ""capture"": 0.632, ""miss_deg"": 0.96, ""labels"": [261]}, {""name"": ""物品台"", ""share"": 0.703, ""q"": 0.417, ""capture"": 0.417, ""miss_deg"": 1.32, ""labels"": [40]}]"
2026_08_25/c1_2,c4,v9,,table10,63.64,64.78,1.14,3.324,,-1,0.0,0.0,,,,1.0,object#26,,0,0,,,,0,[]
2026_08_25/c1_2,c4,v9,,table10,64.83,65.21,0.38,3.279,,-1,0.0,0.0,,,,1.0,object#26,,0,0,,,,0,[]
2026_08_25/c1_2,c4,v9,,table10,65.59,66.13,0.54,3.386,,-1,0.0,0.0,,,,1.0,object#26,,0,0,,,,0,[]
2026_08_25/c1_2,c4,v9,,table10,66.19,67.54,1.35,3.354,,-1,0.0,0.0,,,,1.0,object#26,,0,0,,,,0,[]
2026_08_25/c1_2,c4,v9,,table10,68.08,68.68,0.6,3.356,,-1,0.0,0.0,,,,1.0,object#26,,0,0,,,,0,[]
2026_08_25/c1_2,c4,v9,,table10,68.79,69.33,0.54,3.356,,-1,0.0,0.0,,,,1.0,object#26,,0,0,,,,0,[]
2026_08_25/c1_2,c4,v9,,table10,69.94,71.19,1.25,4.258,物品台,40,0.857,0.299,0.299,0.826,0.076,0.651,object#24,,1,1,,,,3,"[{""name"": ""物品台"", ""share"": 0.857, ""q"": 0.299, ""capture"": 0.299, ""miss_deg"": 1.55, ""labels"": [40]}, {""name"": ""球L"", ""share"": 0.065, ""q"": 0.023, ""capture"": 0.247, ""miss_deg"": 1.67, ""labels"": [259]}, {""name"": ""球M"", ""share"": 0.061, ""q"": 0.021, ""capture"": 0.233, ""miss_deg"": 1.71, ""labels"": [261]}]"
2026_08_25/c1_2,c4,v9,,table10,71.48,71.86,0.38,4.257,物品台,40,0.993,0.093,0.093,0.075,0.007,0.906,object#24,,0,0,,,,2,"[{""name"": ""物品台"", ""share"": 0.993, ""q"": 0.093, ""capture"": 0.093, ""miss_deg"": 2.18, ""labels"": [40]}, {""name"": ""球L"", ""share"": 0.007, ""q"": 0.001, ""capture"": 0.007, ""miss_deg"": 3.15, ""labels"": [259]}]"
2026_08_25/c1_2,c4,v9,,table10,71.91,78.79,6.88,4.256,物品台,40,0.937,0.198,0.198,0.551,0.05,0.788,object#24,,0,0,8,球L,0,3,"[{""name"": ""物品台"", ""share"": 0.937, ""q"": 0.198, ""capture"": 0.198, ""miss_deg"": 1.8, ""labels"": [40]}, {""name"": ""球L"", ""share"": 0.047, ""q"": 0.01, ""capture"": 0.109, ""miss_deg"": 2.1, ""labels"": [259]}, {""name"": ""球M"", ""share"": 0.012, ""q"": 0.003, ""capture"": 0.029, ""miss_deg"": 2.66, ""labels"": [261]}]"
2026_08_25/c1_2,c4,v9,,table10,79.06,85.56,6.5,4.264,物品台,40,0.894,0.277,0.277,0.653,0.059,0.691,object#24,,1,1,9,球L,0,3,"[{""name"": ""物品台"", ""share"": 0.894, ""q"": 0.277, ""capture"": 0.277, ""miss_deg"": 1.6, ""labels"": [40]}, {""name"": ""球L"", ""share"": 0.053, ""q"": 0.017, ""capture"": 0.181, ""miss_deg"": 1.85, ""labels"": [259]}, {""name"": ""球M"", ""share"": 0.049, ""q"": 0.015, ""capture"": 0.167, ""miss_deg"": 1.89, ""labels"": [261]}]"
2026_08_25/c1_2,c4,v9,,table10,85.89,89.25,3.36,4.261,物品台,40,0.871,0.292,0.292,0.798,0.072,0.665,object#24,,1,1,,,,3,"[{""name"": ""物品台"", ""share"": 0.871, ""q"": 0.292, ""capture"": 0.292, ""miss_deg"": 1.57, ""labels"": [40]}, {""name"": ""球M"", ""share"": 0.063, ""q"": 0.021, ""capture"": 0.233, ""miss_deg"": 1.71, ""labels"": [261]}, {""name"": ""球L"", ""share"": 0.039, ""q"": 0.013, ""capture"": 0.144, ""miss_deg"": 1.97, ""labels"": [259]}]"
2026_08_25/c1_2,c4,v9,,table10,89.3,92.66,3.36,4.273,物品台,40,0.921,0.26,0.26,0.535,0.049,0.718,object#24,,1,1,10,球M,0,3,"[{""name"": ""物品台"", ""share"": 0.921, ""q"": 0.26, ""capture"": 0.26, ""miss_deg"": 1.64, ""labels"": [40]}, {""name"": ""球M"", ""share"": 0.045, ""q"": 0.013, ""capture"": 0.139, ""miss_deg"": 1.99, ""labels"": [261]}, {""name"": ""球R"", ""share"": 0.023, ""q"": 0.006, ""capture"": 0.071, ""miss_deg"": 2.3, ""labels"": [263]}]"
2026_08_25/c1_2,c4,v9,,table10,92.71,94.18,1.46,4.244,物品台,40,0.86,0.315,0.315,0.819,0.074,0.634,object#24,,1,1,,,,3,"[{""name"": ""物品台"", ""share"": 0.86, ""q"": 0.315, ""capture"": 0.315, ""miss_deg"": 1.52, ""labels"": [40]}, {""name"": ""球L"", ""share"": 0.064, ""q"": 0.023, ""capture"": 0.258, ""miss_deg"": 1.65, ""labels"": [259]}, {""name"": ""球M"", ""share"": 0.064, ""q"": 0.023, ""capture"": 0.257, ""miss_deg"": 1.65, ""labels"": [261]}]"
2026_08_25/c1_2,c4,v9,,table10,94.4,99.87,5.47,4.223,球L,259,0.142,0.077,0.847,0.643,0.641,0.456,object#35,,0,0,11,球L,1,3,"[{""name"": ""球L"", ""share"": 0.142, ""q"": 0.077, ""capture"": 0.847, ""miss_deg"": 0.58, ""labels"": [259]}, {""name"": ""球M"", ""share"": 0.091, ""q"": 0.05, ""capture"": 0.545, ""miss_deg"": 1.1, ""labels"": [261]}, {""name"": ""物品台"", ""share"": 0.657, ""q"": 0.358, ""capture"": 0.358, ""miss_deg"": 1.43, ""labels"": [40]}]"
2026_08_25/c1_2,c4,v9,,table10,100.18,106.41,6.23,4.255,球M,261,0.113,0.071,0.781,0.927,0.929,0.372,object#35,,0,0,12,球M,1,3,"[{""name"": ""球M"", ""share"": 0.113, ""q"": 0.071, ""capture"": 0.781, ""miss_deg"": 0.7, ""labels"": [261]}, {""name"": ""球L"", ""share"": 0.105, ""q"": 0.066, ""capture"": 0.724, ""miss_deg"": 0.8, ""labels"": [259]}, {""name"": ""物品台"", ""share"": 0.639, ""q"": 0.401, ""capture"": 0.401, ""miss_deg"": 1.35, ""labels"": [40]}]"
2026_08_25/c1_2,c4,v9,,table10,106.59,113.04,6.45,4.261,球R,263,0.091,0.041,0.452,0.834,9.143,0.547,object#24,,0,0,13,球R,1,3,"[{""name"": ""球R"", ""share"": 0.091, ""q"": 0.041, ""capture"": 0.452, ""miss_deg"": 1.26, ""labels"": [263]}, {""name"": ""物品台"", ""share"": 0.832, ""q"": 0.377, ""capture"": 0.377, ""miss_deg"": 1.4, ""labels"": [40]}, {""name"": ""球M"", ""share"": 0.05, ""q"": 0.023, ""capture"": 0.248, ""miss_deg"": 1.67, ""labels"": [261]}]"
2026_08_25/c1_2,c4,v9,,table10,113.25,115.26,2.0,4.245,球M,261,0.123,0.077,0.848,0.665,0.659,0.37,object#24,,0,0,,,,3,"[{""name"": ""球M"", ""share"": 0.123, ""q"": 0.077, ""capture"": 0.848, ""miss_deg"": 0.57, ""labels"": [261]}, {""name"": ""球L"", ""share"": 0.081, ""q"": 0.051, ""capture"": 0.564, ""miss_deg"": 1.07, ""labels"": [259]}, {""name"": ""球R"", ""share"": 0.067, ""q"": 0.042, ""capture"": 0.466, ""miss_deg"": 1.24, ""labels"": [263]}]"
2026_08_25/c1_2,c4,v9,,table10,115.56,116.7,1.14,4.259,球M,261,0.093,0.049,0.541,0.741,8.183,0.473,object#24,,0,0,14,球M,1,3,"[{""name"": ""球M"", ""share"": 0.093, ""q"": 0.049, ""capture"": 0.541, ""miss_deg"": 1.11, ""labels"": [261]}, {""name"": ""物品台"", ""share"": 0.761, ""q"": 0.401, ""capture"": 0.401, ""miss_deg"": 1.35, ""labels"": [40]}, {""name"": ""球R"", ""share"": 0.066, ""q"": 0.035, ""capture"": 0.381, ""miss_deg"": 1.39, ""labels"": [263]}]"
2026_08_25/c1_2,c4,v9,,table10,116.87,120.66,3.79,4.259,球M,261,0.101,0.056,0.62,0.715,0.713,0.439,object#24,,0,0,14,球M,1,3,"[{""name"": ""球M"", ""share"": 0.101, ""q"": 0.056, ""capture"": 0.62, ""miss_deg"": 0.98, ""labels"": [261]}, {""name"": ""球L"", ""share"": 0.072, ""q"": 0.04, ""capture"": 0.443, ""miss_deg"": 1.28, ""labels"": [259]}, {""name"": ""物品台"", ""share"": 0.727, ""q"": 0.408, ""capture"": 0.408, ""miss_deg"": 1.34, ""labels"": [40]}]"
2026_08_25/c1_2,c4,v9,,table10,121.06,125.72,4.66,4.26,球R,263,0.111,0.067,0.739,0.93,0.928,0.396,object#24,,0,0,15,球R,1,3,"[{""name"": ""球R"", ""share"": 0.111, ""q"": 0.067, ""capture"": 0.739, ""miss_deg"": 0.78, ""labels"": [263]}, {""name"": ""球M"", ""share"": 0.103, ""q"": 0.063, ""capture"": 0.687, ""miss_deg"": 0.87, ""labels"": [261]}, {""name"": ""物品台"", ""share"": 0.686, ""q"": 0.415, ""capture"": 0.415, ""miss_deg"": 1.33, ""labels"": [40]}]"
2026_08_25/c1_2,c4,v9,,table10,125.78,126.21,0.43,4.256,物品台,40,0.89,0.294,0.294,0.823,0.075,0.67,object#24,,1,1,15,球R,0,3,"[{""name"": ""物品台"", ""share"": 0.89, ""q"": 0.294, ""capture"": 0.294, ""miss_deg"": 1.57, ""labels"": [40]}, {""name"": ""球R"", ""share"": 0.067, ""q"": 0.022, ""capture"": 0.242, ""miss_deg"": 1.69, ""labels"": [263]}, {""name"": ""球M"", ""share"": 0.027, ""q"": 0.009, ""capture"": 0.098, ""miss_deg"": 2.16, ""labels"": [261]}]"
2026_08_25/c1_2,c4,v9,,table10,128.24,128.83,0.6,2.029,,-1,0.0,0.0,,,,1.0,object#14,,0,0,,,,0,[]
2026_08_25/c1_2,c4,v9,,table10,129.1,129.75,0.65,1.662,,-1,0.0,0.0,,,,1.0,object#14,,0,0,,,,0,[]
2026_08_25/c1_2,c4,v9,,table10,130.35,130.73,0.38,1.396,,-1,0.0,0.0,,,,1.0,object#26,,0,0,,,,0,[]
2026_08_25/c1_2,c4,v9,,table10,131.69,132.45,0.76,0.77,,-1,0.0,0.0,,,,1.0,object#14,,0,0,,,,0,[]
2026_08_25/c1_3,c4,v9,,table10,6.09,7.06,0.97,3.693,球M,261,0.132,0.096,0.873,0.739,0.795,0.273,object#24,,0,0,,,,3,"[{""name"": ""球M"", ""share"": 0.132, ""q"": 0.096, ""capture"": 0.873, ""miss_deg"": 0.52, ""labels"": [261]}, {""name"": ""球L"", ""share"": 0.105, ""q"": 0.077, ""capture"": 0.645, ""miss_deg"": 0.94, ""labels"": [259]}, {""name"": ""物品台"", ""share"": 0.663, ""q"": 0.483, ""capture"": 0.483, ""miss_deg"": 1.21, ""labels"": [40]}]"
2026_08_25/c1_3,c4,v9,,table10,7.65,8.14,0.49,2.9,,-1,0.0,0.0,,,,1.0,object#26,,0,0,,,,0,[]
2026_08_25/c1_3,c4,v9,,table10,8.41,9.6,1.19,2.902,,-1,0.0,0.0,,,,1.0,object#26,,0,0,,,,0,[]
2026_08_25/c1_3,c4,v9,,table10,9.96,10.45,0.49,5.226,,-1,0.0,0.0,,,,1.0,object#15,,0,0,,,,0,[]
2026_08_25/c1_3,c4,v9,,table10,10.56,11.26,0.7,6.666,,-1,0.0,0.0,,,,1.0,object#161,,0,0,,,,0,[]
2026_08_25/c1_3,c4,v9,,table10,11.42,11.92,0.5,5.276,,-1,0.0,0.0,,,,1.0,object#15,,0,0,,,,0,[]
2026_08_25/c1_3,c4,v9,,table10,12.28,12.68,0.4,2.945,,-1,0.0,0.0,,,,1.0,object#26,,0,0,,,,0,[]
2026_08_25/c1_3,c4,v9,,table10,12.73,14.23,1.5,2.905,,-1,0.0,0.0,,,,1.0,object#26,,0,0,,,,0,[]
2026_08_25/c1_3,c4,v9,,table10,14.84,15.84,1.0,3.732,球L,259,0.147,0.07,0.592,0.613,5.156,0.521,object#35,,0,0,1,球L,1,3,"[{""name"": ""球L"", ""share"": 0.147, ""q"": 0.07, ""capture"": 0.592, ""miss_deg"": 1.02, ""labels"": [259]}, {""name"": ""物品台"", ""share"": 0.758, ""q"": 0.363, ""capture"": 0.363, ""miss_deg"": 1.42, ""labels"": [40]}, {""name"": ""球M"", ""share"": 0.054, ""q"": 0.026, ""capture"": 0.237, ""miss_deg"": 1.7, ""labels"": [261]}]"
2026_08_25/c1_3,c4,v9,,table10,16.0,16.8,0.8,3.728,物品台,40,0.918,0.291,0.291,0.588,0.07,0.684,object#35,,1,1,1,球L,0,3,"[{""name"": ""物品台"", ""share"": 0.918, ""q"": 0.291, ""capture"": 0.291, ""miss_deg"": 1.57, ""labels"": [40]}, {""name"": ""球L"", ""share"": 0.064, ""q"": 0.02, ""capture"": 0.171, ""miss_deg"": 1.88, ""labels"": [259]}, {""name"": ""球M"", ""share"": 0.016, ""q"": 0.005, ""capture"": 0.045, ""miss_deg"": 2.49, ""labels"": [261]}]"
2026_08_25/c1_3,c4,v9,,table10,16.85,17.45,0.6,3.719,物品台,40,0.867,0.244,0.244,1.0,0.119,0.718,object#35,,1,1,1,球L,0,3,"[{""name"": ""物品台"", ""share"": 0.867, ""q"": 0.244, ""capture"": 0.244, ""miss_deg"": 1.68, ""labels"": [40]}, {""name"": ""球L"", ""share"": 0.103, ""q"": 0.029, ""capture"": 0.244, ""miss_deg"": 1.68, ""labels"": [259]}, {""name"": ""苹果红"", ""share"": 0.018, ""q"": 0.005, ""capture"": 0.032, ""miss_deg"": 2.63, ""labels"": [260]}]"
2026_08_25/c1_3,c4,v9,,table10,17.5,17.75,0.25,3.544,物品台,40,0.988,0.144,0.144,0.062,0.009,0.854,object#35,,0,0,1,球L,0,3,"[{""name"": ""物品台"", ""share"": 0.988, ""q"": 0.144, ""capture"": 0.144, ""miss_deg"": 1.97, ""labels"": [40]}, {""name"": ""球L"", ""share"": 0.009, ""q"": 0.001, ""capture"": 0.009, ""miss_deg"": 3.08, ""labels"": [259]}, {""name"": ""苹果粉"", ""share"": 0.004, ""q"": 0.001, ""capture"": 0.002, ""miss_deg"": 3.52, ""labels"": [64]}]"
2026_08_25/c1_3,c4,v9,,table10,18.05,18.35,0.3,3.519,物品台,40,0.955,0.146,0.146,0.178,0.026,0.848,object#35,,0,0,1,球L,0,3,"[{""name"": ""物品台"", ""share"": 0.955, ""q"": 0.146, ""capture"": 0.146, ""miss_deg"": 1.96, ""labels"": [40]}, {""name"": ""球L"", ""share"": 0.025, ""q"": 0.004, ""capture"": 0.026, ""miss_deg"": 2.7, ""labels"": [259]}, {""name"": ""水瓶"", ""share"": 0.016, ""q"": 0.003, ""capture"": 0.004, ""miss_deg"": 3.34, ""labels"": [30]}]"
2026_08_25/c1_3,c4,v9,,table10,18.4,18.8,0.4,3.726,物品台,40,0.915,0.309,0.309,0.537,0.063,0.662,object#24,,1,1,1,球L,0,3,"[{""name"": ""物品台"", ""share"": 0.915, ""q"": 0.309, ""capture"": 0.309, ""miss_deg"": 1.53, ""labels"": [40]}, {""name"": ""球L"", ""share"": 0.058, ""q"": 0.02, ""capture"": 0.166, ""miss_deg"": 1.9, ""labels"": [259]}, {""name"": ""球M"", ""share"": 0.02, ""q"": 0.007, ""capture"": 0.061, ""miss_deg"": 2.36, ""labels"": [261]}]"
2026_08_25/c1_3,c4,v9,,table10,19.1,20.85,1.75,3.734,球L,259,0.154,0.072,0.604,0.573,4.825,0.535,object#35,,0,0,1,球L,1,3,"[{""name"": ""球L"", ""share"": 0.154, ""q"": 0.072, ""capture"": 0.604, ""miss_deg"": 1.0, ""labels"": [259]}, {""name"": ""物品台"", ""share"": 0.743, ""q"": 0.346, ""capture"": 0.346, ""miss_deg"": 1.46, ""labels"": [40]}, {""name"": ""球M"", ""share"": 0.049, ""q"": 0.023, ""capture"": 0.209, ""miss_deg"": 1.77, ""labels"": [261]}]"
2026_08_25/c1_3,c4,v9,,table10,20.9,23.2,2.3,3.718,球L,259,0.11,0.039,0.332,0.928,7.782,0.641,object#35,,0,0,1,球L,1,3,"[{""name"": ""球L"", ""share"": 0.11, ""q"": 0.039, ""capture"": 0.332, ""miss_deg"": 1.49, ""labels"": [259]}, {""name"": ""物品台"", ""share"": 0.856, ""q"": 0.308, ""capture"": 0.308, ""miss_deg"": 1.54, ""labels"": [40]}, {""name"": ""球M"", ""share"": 0.025, ""q"": 0.009, ""capture"": 0.082, ""miss_deg"": 2.24, ""labels"": [261]}]"
2026_08_25/c1_3,c4,v9,,table10,23.3,23.8,0.5,3.717,物品台,40,0.961,0.184,0.184,0.342,0.041,0.809,object#35,,0,0,1,球L,0,2,"[{""name"": ""物品台"", ""share"": 0.961, ""q"": 0.184, ""capture"": 0.184, ""miss_deg"": 1.84, ""labels"": [40]}, {""name"": ""球L"", ""share"": 0.039, ""q"": 0.007, ""capture"": 0.063, ""miss_deg"": 2.35, ""labels"": [259]}]"
2026_08_25/c1_3,c4,v9,,table10,24.06,25.06,1.0,3.74,物品台,40,0.863,0.436,0.436,0.784,0.086,0.494,object#24,,1,1,4,球M,0,3,"[{""name"": ""物品台"", ""share"": 0.863, ""q"": 0.436, ""capture"": 0.436, ""miss_deg"": 1.29, ""labels"": [40]}, {""name"": ""球M"", ""share"": 0.074, ""q"": 0.037, ""capture"": 0.342, ""miss_deg"": 1.47, ""labels"": [261]}, {""name"": ""球L"", ""share"": 0.032, ""q"": 0.016, ""capture"": 0.136, ""miss_deg"": 2.0, ""labels"": [259]}]"
2026_08_25/c1_3,c4,v9,,table10,25.11,28.56,3.45,3.751,球M,261,0.088,0.054,0.493,0.978,1.057,0.384,object#24,,0,0,4,球M,1,3,"[{""name"": ""球M"", ""share"": 0.088, ""q"": 0.054, ""capture"": 0.493, ""miss_deg"": 1.19, ""labels"": [261]}, {""name"": ""球R"", ""share"": 0.093, ""q"": 0.057, ""capture"": 0.482, ""miss_deg"": 1.21, ""labels"": [263]}, {""name"": ""物品台"", ""share"": 0.78, ""q"": 0.481, ""capture"": 0.481, ""miss_deg"": 1.21, ""labels"": [40]}]"
2026_08_25/c1_3,c4,v9,,table10,28.61,31.01,2.4,3.755,球M,261,0.097,0.059,0.537,0.886,8.052,0.39,object#24,,0,0,4,球M,1,3,"[{""name"": ""球M"", ""share"": 0.097, ""q"": 0.059, ""capture"": 0.537, ""miss_deg"": 1.12, ""labels"": [261]}, {""name"": ""物品台"", ""share"": 0.781, ""q"": 0.476, ""capture"": 0.476, ""miss_deg"": 1.22, ""labels"": [40]}, {""name"": ""球R"", ""share"": 0.069, ""q"": 0.042, ""capture"": 0.352, ""miss_deg"": 1.44, ""labels"": [263]}]"
2026_08_25/c1_3,c4,v9,,table10,31.27,32.77,1.5,3.739,球M,261,0.107,0.073,0.666,0.952,1.037,0.321,object#12,,0,0,4,球M,1,3,"[{""name"": ""球M"", ""share"": 0.107, ""q"": 0.073, ""capture"": 0.666, ""miss_deg"": 0.9, ""labels"": [261]}, {""name"": ""球R"", ""share"": 0.111, ""q"": 0.075, ""capture"": 0.634, ""miss_deg"": 0.95, ""labels"": [263]}, {""name"": ""物品台"", ""share"": 0.701, ""q"": 0.476, ""capture"": 0.476, ""miss_deg"": 1.22, ""labels"": [40]}]"
2026_08_25/c1_3,c4,v9,,table10,32.95,33.2,0.25,3.746,球M,261,0.106,0.066,0.602,0.794,7.217,0.376,object#24,,0,0,4,球M,1,3,"[{""name"": ""球M"", ""share"": 0.106, ""q"": 0.066, ""capture"": 0.602, ""miss_deg"": 1.01, ""labels"": [261]}, {""name"": ""物品台"", ""share"": 0.765, ""q"": 0.478, ""capture"": 0.478, ""miss_deg"": 1.22, ""labels"": [40]}, {""name"": ""球L"", ""share"": 0.062, ""q"": 0.039, ""capture"": 0.325, ""miss_deg"": 1.5, ""labels"": [259]}]"
2026_08_25/c1_3,c4,v9,,table10,33.25,37.45,4.2,3.729,球M,261,0.161,0.126,1.146,0.541,0.584,0.219,object#12,,0,0,4,球M,1,3,"[{""name"": ""球M"", ""share"": 0.161, ""q"": 0.126, ""capture"": 1.146, ""miss_deg"": 0.0, ""labels"": [261]}, {""name"": ""球L"", ""share"": 0.094, ""q"": 0.074, ""capture"": 0.62, ""miss_deg"": 0.98, ""labels"": [259]}, {""name"": ""球R"", ""share"": 0.076, ""q"": 0.059, ""capture"": 0.498, ""miss_deg"": 1.18, ""labels"": [263]}]"
2026_08_25/c1_3,c4,v9,,table10,37.62,42.52,4.9,3.734,球L,259,0.16,0.117,0.983,0.915,0.844,0.269,object#12,,0,0,6,球L,1,3,"[{""name"": ""球L"", ""share"": 0.16, ""q"": 0.117, ""capture"": 0.983, ""miss_deg"": 0.19, ""labels"": [259]}, {""name"": ""球M"", ""share"": 0.135, ""q"": 0.099, ""capture"": 0.899, ""miss_deg"": 0.46, ""labels"": [261]}, {""name"": ""物品台"", ""share"": 0.568, ""q"": 0.415, ""capture"": 0.415, ""miss_deg"": 1.33, ""labels"": [40]}]"
2026_08_25/c1_3,c4,v9,,table10,42.57,48.83,6.25,3.726,物品台,40,0.847,0.442,0.442,0.821,0.09,0.478,object#24,,1,1,10,球M,0,3,"[{""name"": ""物品台"", ""share"": 0.847, ""q"": 0.442, ""capture"": 0.442, ""miss_deg"": 1.28, ""labels"": [40]}, {""name"": ""球M"", ""share"": 0.076, ""q"": 0.04, ""capture"": 0.363, ""miss_deg"": 1.42, ""labels"": [261]}, {""name"": ""球L"", ""share"": 0.034, ""q"": 0.018, ""capture"": 0.151, ""miss_deg"": 1.95, ""labels"": [259]}]"
2026_08_25/c1_3,c4,v9,,table10,48.88,51.03,2.15,3.711,球R,263,0.137,0.095,0.799,0.889,0.818,0.307,object#12,,0,0,,,,3,"[{""name"": ""球R"", ""share"": 0.137, ""q"": 0.095, ""capture"": 0.799, ""miss_deg"": 0.67, ""labels"": [263]}, {""name"": ""球M"", ""share"": 0.112, ""q"": 0.078, ""capture"": 0.71, ""miss_deg"": 0.83, ""labels"": [261]}, {""name"": ""物品台"", ""share"": 0.666, ""q"": 0.461, ""capture"": 0.461, ""miss_deg"": 1.24, ""labels"": [40]}]"
2026_08_25/c1_3,c4,v9,,table10,51.28,57.63,6.35,3.709,球L,259,0.177,0.111,0.938,0.512,0.475,0.371,object#35,,0,0,11,球L,1,3,"[{""name"": ""球L"", ""share"": 0.177, ""q"": 0.111, ""capture"": 0.938, ""miss_deg"": 0.36, ""labels"": [259]}, {""name"": ""球M"", ""share"": 0.084, ""q"": 0.053, ""capture"": 0.48, ""miss_deg"": 1.21, ""labels"": [261]}, {""name"": ""物品台"", ""share"": 0.629, ""q"": 0.396, ""capture"": 0.396, ""miss_deg"": 1.36, ""labels"": [40]}]"
2026_08_25/c1_3,c4,v9,,table10,57.87,63.57,5.7,3.735,球R,263,0.173,0.118,0.991,0.628,0.578,0.318,object#12,,0,0,13,球R,1,3,"[{""name"": ""球R"", ""share"": 0.173, ""q"": 0.118, ""capture"": 0.991, ""miss_deg"": 0.13, ""labels"": [263]}, {""name"": ""球M"", ""share"": 0.1, ""q"": 0.068, ""capture"": 0.622, ""miss_deg"": 0.97, ""labels"": [261]}, {""name"": ""物品台"", ""share"": 0.629, ""q"": 0.429, ""capture"": 0.429, ""miss_deg"": 1.3, ""labels"": [40]}]"
2026_08_25/c1_3,c4,v9,,table10,64.27,65.07,0.8,2.884,,-1,0.0,0.0,,,,1.0,object#26,,0,0,,,,0,[]
2026_08_25/c1_3,c4,v9,,table10,65.12,65.62,0.5,2.812,,-1,0.0,0.0,,,,1.0,object#26,,0,0,,,,0,[]
2026_08_25/c1_3,c4,v9,,table10,65.67,66.02,0.35,2.364,,-1,0.0,0.0,,,,1.0,object#26,,0,0,,,,0,[]
2026_08_25/c1_3,c4,v9,,table10,66.07,67.02,0.95,2.826,,-1,0.0,0.0,,,,1.0,object#26,,0,0,,,,0,[]
2026_08_25/c1_3,c4,v9,,table10,67.6,68.85,1.25,2.83,,-1,0.0,0.0,,,,1.0,object#26,,0,0,,,,0,[]
2026_08_25/c1_3,c4,v9,,table10,69.15,70.25,1.1,2.866,,-1,0.0,0.0,,,,1.0,object#26,,0,0,,,,0,[]
2026_08_25/c1_3,c4,v9,,table10,71.03,71.28,0.25,3.723,球M,261,0.155,0.124,1.134,0.875,0.948,0.198,object#12,,0,0,,,,3,"[{""name"": ""球M"", ""share"": 0.155, ""q"": 0.124, ""capture"": 1.134, ""miss_deg"": 0.0, ""labels"": [261]}, {""name"": ""球L"", ""share"": 0.147, ""q"": 0.118, ""capture"": 0.992, ""miss_deg"": 0.13, ""labels"": [259]}, {""name"": ""物品台"", ""share"": 0.491, ""q"": 0.394, ""capture"": 0.394, ""miss_deg"": 1.36, ""labels"": [40]}]"
2026_08_25/c1_3,c4,v9,,table10,71.33,72.08,0.75,3.709,球L,259,0.171,0.109,0.921,0.568,0.526,0.361,object#35,,0,0,,,,3,"[{""name"": ""球L"", ""share"": 0.171, ""q"": 0.109, ""capture"": 0.921, ""miss_deg"": 0.41, ""labels"": [259]}, {""name"": ""球M"", ""share"": 0.09, ""q"": 0.057, ""capture"": 0.523, ""miss_deg"": 1.14, ""labels"": [261]}, {""name"": ""物品台"", ""share"": 0.656, ""q"": 0.419, ""capture"": 0.419, ""miss_deg"": 1.32, ""labels"": [40]}]"
2026_08_25/c1_3,c4,v9,,table10,72.13,72.38,0.25,3.505,物品台,40,0.833,0.163,0.163,0.595,0.086,0.804,object#35,,0,0,,,,3,"[{""name"": ""物品台"", ""share"": 0.833, ""q"": 0.163, ""capture"": 0.163, ""miss_deg"": 1.9, ""labels"": [40]}, {""name"": ""球L"", ""share"": 0.072, ""q"": 0.014, ""capture"": 0.097, ""miss_deg"": 2.16, ""labels"": [259]}, {""name"": ""苹果粉"", ""share"": 0.052, ""q"": 0.01, ""capture"": 0.037, ""miss_deg"": 2.56, ""labels"": [64]}]"
2026_08_25/c1_3,c4,v9,,table10,72.43,72.88,0.45,3.728,球L,259,0.1,0.046,0.389,0.995,8.36,0.537,object#35,,0,0,,,,3,"[{""name"": ""球L"", ""share"": 0.1, ""q"": 0.046, ""capture"": 0.389, ""miss_deg"": 1.37, ""labels"": [259]}, {""name"": ""物品台"", ""share"": 0.836, ""q"": 0.387, ""capture"": 0.387, ""miss_deg"": 1.38, ""labels"": [40]}, {""name"": ""球M"", ""share"": 0.054, ""q"": 0.025, ""capture"": 0.23, ""miss_deg"": 1.72, ""labels"": [261]}]"
2026_08_25/c1_3,c4,v9,,table10,73.03,73.28,0.25,3.508,物品台,40,0.82,0.157,0.157,0.548,0.08,0.809,object#35,,0,0,,,,3,"[{""name"": ""物品台"", ""share"": 0.82, ""q"": 0.157, ""capture"": 0.157, ""miss_deg"": 1.93, ""labels"": [40]}, {""name"": ""球L"", ""share"": 0.066, ""q"": 0.013, ""capture"": 0.086, ""miss_deg"": 2.22, ""labels"": [259]}, {""name"": ""苹果粉"", ""share"": 0.079, ""q"": 0.015, ""capture"": 0.056, ""miss_deg"": 2.4, ""labels"": [64]}]"
2026_08_25/c1_3,c4,v9,,table10,73.33,75.23,1.9,3.729,球L,259,0.124,0.039,0.329,0.781,6.589,0.685,object#35,,0,0,,,,3,"[{""name"": ""球L"", ""share"": 0.124, ""q"": 0.039, ""capture"": 0.329, ""miss_deg"": 1.49, ""labels"": [259]}, {""name"": ""物品台"", ""share"": 0.817, ""q"": 0.257, ""capture"": 0.257, ""miss_deg"": 1.65, ""labels"": [40]}, {""name"": ""苹果红"", ""share"": 0.036, ""q"": 0.011, ""capture"": 0.069, ""miss_deg"": 2.32, ""labels"": [260]}]"
2026_08_25/c1_3,c4,v9,,table10,75.43,79.53,4.1,3.739,球L,259,0.176,0.085,0.714,0.459,3.881,0.519,object#35,,0,0,,,,3,"[{""name"": ""球L"", ""share"": 0.176, ""q"": 0.085, ""capture"": 0.714, ""miss_deg"": 0.82, ""labels"": [259]}, {""name"": ""物品台"", ""share"": 0.683, ""q"": 0.328, ""capture"": 0.328, ""miss_deg"": 1.49, ""labels"": [40]}, {""name"": ""苹果红"", ""share"": 0.075, ""q"": 0.036, ""capture"": 0.219, ""miss_deg"": 1.74, ""labels"": [260]}]"
2026_08_25/c1_3,c4,v9,,table10,79.8,86.45,6.65,3.751,球L,259,0.194,0.103,0.869,0.387,0.531,0.467,object#35,,0,0,,,,3,"[{""name"": ""球L"", ""share"": 0.194, ""q"": 0.103, ""capture"": 0.869, ""miss_deg"": 0.53, ""labels"": [259]}, {""name"": ""苹果红"", ""share"": 0.103, ""q"": 0.055, ""capture"": 0.336, ""miss_deg"": 1.48, ""labels"": [260]}, {""name"": ""物品台"", ""share"": 0.602, ""q"": 0.321, ""capture"": 0.321, ""miss_deg"": 1.51, ""labels"": [40]}]"
2026_08_25/c1_3,c4,v9,,table10,86.68,93.48,6.8,3.738,球L,259,0.212,0.167,1.41,0.595,0.552,0.211,object#35,,0,0,,,,3,"[{""name"": ""球L"", ""share"": 0.212, ""q"": 0.167, ""capture"": 1.41, ""miss_deg"": 0.0, ""labels"": [259]}, {""name"": ""球M"", ""share"": 0.117, ""q"": 0.092, ""capture"": 0.839, ""miss_deg"": 0.59, ""labels"": [261]}, {""name"": ""物品台"", ""share"": 0.433, ""q"": 0.342, ""capture"": 0.342, ""miss_deg"": 1.46, ""labels"": [40]}]"
2026_08_25/c1_3,c4,v9,,table10,93.76,100.46,6.7,3.734,球L,259,0.187,0.126,1.062,0.635,0.877,0.326,object#35,,0,0,,,,3,"[{""name"": ""球L"", ""share"": 0.187, ""q"": 0.126, ""capture"": 1.062, ""miss_deg"": 0.0, ""labels"": [259]}, {""name"": ""苹果红"", ""share"": 0.164, ""q"": 0.11, ""capture"": 0.674, ""miss_deg"": 0.89, ""labels"": [260]}, {""name"": ""物品台"", ""share"": 0.441, ""q"": 0.297, ""capture"": 0.297, ""miss_deg"": 1.56, ""labels"": [40]}]"
2026_08_25/c1_3,c4,v9,,table10,100.73,104.73,4.0,3.74,球L,259,0.185,0.146,1.227,0.808,0.746,0.212,object#12,,0,0,,,,3,"[{""name"": ""球L"", ""share"": 0.185, ""q"": 0.146, ""capture"": 1.227, ""miss_deg"": 0.0, ""labels"": [259]}, {""name"": ""球M"", ""share"": 0.138, ""q"": 0.109, ""capture"": 0.992, ""miss_deg"": 0.12, ""labels"": [261]}, {""name"": ""物品台"", ""share"": 0.442, ""q"": 0.348, ""capture"": 0.348, ""miss_deg"": 1.45, ""labels"": [40]}]"
2026_08_25/c1_3,c4,v9,,table10,104.93,107.53,2.6,3.738,球L,259,0.204,0.164,1.377,0.688,0.637,0.198,object#35,,0,0,,,,3,"[{""name"": ""球L"", ""share"": 0.204, ""q"": 0.164, ""capture"": 1.377, ""miss_deg"": 0.0, ""labels"": [259]}, {""name"": ""球M"", ""share"": 0.13, ""q"": 0.104, ""capture"": 0.948, ""miss_deg"": 0.33, ""labels"": [261]}, {""name"": ""物品台"", ""share"": 0.411, ""q"": 0.329, ""capture"": 0.329, ""miss_deg"": 1.49, ""labels"": [40]}]"
2026_08_25/c1_3,c4,v9,,table10,107.82,113.78,5.96,3.718,球M,261,0.171,0.138,1.262,0.672,0.731,0.192,object#12,,0,0,14,球M,1,3,"[{""name"": ""球M"", ""share"": 0.171, ""q"": 0.138, ""capture"": 1.262, ""miss_deg"": 0.0, ""labels"": [261]}, {""name"": ""球L"", ""share"": 0.125, ""q"": 0.101, ""capture"": 0.848, ""miss_deg"": 0.57, ""labels"": [259]}, {""name"": ""球R"", ""share"": 0.082, ""q"": 0.066, ""capture"": 0.556, ""miss_deg"": 1.08, ""labels"": [263]}]"
2026_08_25/c1_3,c4,v9,,table10,114.1,114.85,0.75,3.701,球L,259,0.123,0.093,0.779,0.775,1.065,0.245,object#12,,0,0,,,,3,"[{""name"": ""球L"", ""share"": 0.123, ""q"": 0.093, ""capture"": 0.779, ""miss_deg"": 0.71, ""labels"": [259]}, {""name"": ""苹果红"", ""share"": 0.131, ""q"": 0.099, ""capture"": 0.604, ""miss_deg"": 1.0, ""labels"": [260]}, {""name"": ""球M"", ""share"": 0.076, ""q"": 0.057, ""capture"": 0.524, ""miss_deg"": 1.14, ""labels"": [261]}]"
2026_08_25/c1_3,c4,v9,,table10,114.9,121.55,6.65,3.704,球L,259,0.17,0.139,1.171,0.928,0.859,0.184,object#12,,0,0,,,,3,"[{""name"": ""球L"", ""share"": 0.17, ""q"": 0.139, ""capture"": 1.171, ""miss_deg"": 0.0, ""labels"": [259]}, {""name"": ""球M"", ""share"": 0.146, ""q"": 0.119, ""capture"": 1.087, ""miss_deg"": 0.0, ""labels"": [261]}, {""name"": ""物品台"", ""share"": 0.458, ""q"": 0.374, ""capture"": 0.374, ""miss_deg"": 1.4, ""labels"": [40]}]"
2026_08_25/c1_3,c4,v9,,table10,121.6,125.25,3.65,3.718,球R,263,0.182,0.133,1.122,0.905,0.835,0.269,object#12,,0,0,15,球R,1,3,"[{""name"": ""球R"", ""share"": 0.182, ""q"": 0.133, ""capture"": 1.122, ""miss_deg"": 0.0, ""labels"": [263]}, {""name"": ""球M"", ""share"": 0.152, ""q"": 0.111, ""capture"": 1.015, ""miss_deg"": 0.0, ""labels"": [261]}, {""name"": ""白杯2"", ""share"": 0.102, ""q"": 0.075, ""capture"": 0.336, ""miss_deg"": 1.48, ""labels"": [267]}]"
2026_08_25/c1_3,c4,v9,,table10,125.68,126.48,0.8,3.617,球M,261,0.101,0.064,0.538,0.926,7.772,0.366,object#24,,0,0,,,,3,"[{""name"": ""球M"", ""share"": 0.101, ""q"": 0.064, ""capture"": 0.538, ""miss_deg"": 1.11, ""labels"": [261]}, {""name"": ""物品台"", ""share"": 0.785, ""q"": 0.498, ""capture"": 0.498, ""miss_deg"": 1.18, ""labels"": [40]}, {""name"": ""球R"", ""share"": 0.063, ""q"": 0.04, ""capture"": 0.293, ""miss_deg"": 1.57, ""labels"": [263]}]"
2026_08_25/c1_3,c4,v9,,table10,127.12,127.42,0.3,2.384,,-1,0.0,0.0,,,,1.0,object#26,,0,0,,,,0,[]
2026_08_25/c1_3,c4,v9,,table10,127.47,128.12,0.65,2.137,,-1,0.0,0.0,,,,1.0,object#26,,0,0,,,,0,[]
2026_08_25/c1_3,c4,v9,,table10,128.17,128.72,0.55,1.715,,-1,0.0,0.0,,,,1.0,object#26,,0,0,,,,0,[]
2026_08_25/c1_3,c4,v9,,table10,128.87,129.12,0.25,1.036,,-1,0.0,0.0,,,,1.0,object#34,,0,0,,,,0,[]
2026_08_25/c1_3,c4,v9,,table10,129.92,130.77,0.85,0.721,,-1,0.0,0.0,,,,1.0,object#14,,0,0,,,,0,[]
2026_08_25/u3,u3,v9,walking,table10,0.02,0.27,0.25,0.871,,-1,0.0,0.0,,,,1.0,object#14,,0,0,,,,0,[]
2026_08_25/u3,u3,v9,walking,table10,6.03,6.48,0.45,2.161,物品台,40,0.968,0.61,0.61,0.034,0.011,0.37,object#37,,1,1,,,,3,"[{""name"": ""物品台"", ""share"": 0.968, ""q"": 0.61, ""capture"": 0.61, ""miss_deg"": 0.99, ""labels"": [40]}, {""name"": ""球M"", ""share"": 0.011, ""q"": 0.007, ""capture"": 0.021, ""miss_deg"": 2.78, ""labels"": [261]}, {""name"": ""球L"", ""share"": 0.006, ""q"": 0.004, ""capture"": 0.012, ""miss_deg"": 2.97, ""labels"": [259]}]"
2026_08_25/u3,u3,v9,walking,table10,6.58,6.98,0.4,2.614,,-1,0.0,0.0,,,,1.0,floor,,0,0,,,,0,[]
2026_08_25/u3,u3,v9,walking,table10,7.55,7.9,0.35,2.654,球L,259,0.362,0.31,1.343,0.388,0.53,0.143,object#12,,1,0,,,,3,"[{""name"": ""球L"", ""share"": 0.362, ""q"": 0.31, ""capture"": 1.343, ""miss_deg"": 0.0, ""labels"": [259]}, {""name"": ""苹果红"", ""share"": 0.192, ""q"": 0.164, ""capture"": 0.521, ""miss_deg"": 1.14, ""labels"": [260]}, {""name"": ""物品台"", ""share"": 0.349, ""q"": 0.299, ""capture"": 0.299, ""miss_deg"": 1.55, ""labels"": [40]}]"
2026_08_25/u3,u3,v9,walking,table10,8.47,8.92,0.45,3.637,,-1,0.0,0.0,,,,1.0,object#26,,0,0,,,,0,[]
2026_08_25/u3,u3,v9,walking,table10,9.07,9.37,0.3,3.971,,-1,0.0,0.0,,,,1.0,object#26,,0,0,,,,0,[]
2026_08_25/u3,u3,v9,walking,table10,9.52,10.47,0.95,3.977,,-1,0.0,0.0,,,,1.0,object#26,,0,0,,,,0,[]
2026_08_25/u3,u3,v9,walking,table10,10.67,11.02,0.35,3.685,,-1,0.0,0.0,,,,1.0,object#26,,0,0,,,,0,[]
2026_08_25/u3,u3,v9,walking,table10,11.07,12.37,1.3,3.68,,-1,0.0,0.0,,,,1.0,object#26,,0,0,,,,0,[]
2026_08_25/u3,u3,v9,walking,table10,12.47,13.92,1.45,3.707,,-1,0.0,0.0,,,,1.0,object#26,,0,0,,,,0,[]
2026_08_25/u3,u3,v9,walking,table10,14.17,14.82,0.65,3.697,,-1,0.0,0.0,,,,1.0,object#26,,0,0,,,,0,[]
2026_08_25/u3,u3,v9,walking,table10,16.35,16.6,0.25,2.993,物品台,40,1.0,0.03,0.03,0.0,0.0,0.97,object#37,,0,0,,,,1,"[{""name"": ""物品台"", ""share"": 1.0, ""q"": 0.03, ""capture"": 0.03, ""miss_deg"": 2.65, ""labels"": [40]}]"
2026_08_25/u3,u3,v9,walking,table10,18.15,19.8,1.65,2.882,物品台,40,0.932,0.574,0.574,0.329,0.068,0.384,object#37,,1,1,1,球L,0,3,"[{""name"": ""物品台"", ""share"": 0.932, ""q"": 0.574, ""capture"": 0.574, ""miss_deg"": 1.05, ""labels"": [40]}, {""name"": ""球L"", ""share"": 0.063, ""q"": 0.039, ""capture"": 0.189, ""miss_deg"": 1.83, ""labels"": [259]}, {""name"": ""苹果粉"", ""share"": 0.003, ""q"": 0.002, ""capture"": 0.004, ""miss_deg"": 3.29, ""labels"": [64]}]"
2026_08_25/u3,u3,v9,walking,table10,20.6,21.15,0.55,2.768,物品台,40,0.891,0.711,0.711,0.432,0.097,0.202,object#12,,1,1,1,球L,0,3,"[{""name"": ""物品台"", ""share"": 0.891, ""q"": 0.711, ""capture"": 0.711, ""miss_deg"": 0.83, ""labels"": [40]}, {""name"": ""球L"", ""share"": 0.086, ""q"": 0.068, ""capture"": 0.307, ""miss_deg"": 1.54, ""labels"": [259]}, {""name"": ""苹果粉"", ""share"": 0.018, ""q"": 0.014, ""capture"": 0.037, ""miss_deg"": 2.57, ""labels"": [64]}]"
2026_08_25/u3,u3,v9,walking,table10,21.55,21.9,0.35,2.727,物品台,40,0.914,0.534,0.534,0.418,0.093,0.415,object#37,,1,1,1,球L,0,3,"[{""name"": ""物品台"", ""share"": 0.914, ""q"": 0.534, ""capture"": 0.534, ""miss_deg"": 1.12, ""labels"": [40]}, {""name"": ""球L"", ""share"": 0.085, ""q"": 0.05, ""capture"": 0.223, ""miss_deg"": 1.73, ""labels"": [259]}, {""name"": ""水瓶"", ""share"": 0.001, ""q"": 0.001, ""capture"": 0.001, ""miss_deg"": 3.79, ""labels"": [30]}]"
2026_08_25/u3,u3,v9,walking,table10,22.6,23.05,0.45,2.83,物品台,40,0.953,0.515,0.515,0.229,0.047,0.46,object#37,,1,1,1,球L,0,3,"[{""name"": ""物品台"", ""share"": 0.953, ""q"": 0.515, ""capture"": 0.515, ""miss_deg"": 1.15, ""labels"": [40]}, {""name"": ""球L"", ""share"": 0.045, ""q"": 0.024, ""capture"": 0.118, ""miss_deg"": 2.07, ""labels"": [259]}, {""name"": ""水瓶"", ""share"": 0.002, ""q"": 0.001, ""capture"": 0.001, ""miss_deg"": 3.67, ""labels"": [30]}]"
2026_08_25/u3,u3,v9,walking,table10,25.78,26.33,0.55,2.867,球L,259,0.191,0.142,0.69,0.848,4.105,0.254,object#12,,0,0,2,球M,0,3,"[{""name"": ""球L"", ""share"": 0.191, ""q"": 0.142, ""capture"": 0.69, ""miss_deg"": 0.86, ""labels"": [259]}, {""name"": ""物品台"", ""share"": 0.784, ""q"": 0.585, ""capture"": 0.585, ""miss_deg"": 1.04, ""labels"": [40]}, {""name"": ""苹果红"", ""share"": 0.006, ""q"": 0.004, ""capture"": 0.016, ""miss_deg"": 2.87, ""labels"": [260]}]"
2026_08_25/u3,u3,v9,walking,table10,26.48,26.88,0.4,2.667,物品台,40,0.893,0.537,0.537,0.464,0.108,0.399,object#12,,1,1,2,球M,0,3,"[{""name"": ""物品台"", ""share"": 0.893, ""q"": 0.537, ""capture"": 0.537, ""miss_deg"": 1.11, ""labels"": [40]}, {""name"": ""球L"", ""share"": 0.096, ""q"": 0.057, ""capture"": 0.249, ""miss_deg"": 1.67, ""labels"": [259]}, {""name"": ""球M"", ""share"": 0.003, ""q"": 0.002, ""capture"": 0.009, ""miss_deg"": 3.06, ""labels"": [261]}]"
2026_08_25/u3,u3,v9,walking,table10,28.08,28.78,0.7,4.103,物品台,40,0.995,0.274,0.274,0.022,0.002,0.725,object#37,,1,1,2,球M,0,3,"[{""name"": ""物品台"", ""share"": 0.995, ""q"": 0.274, ""capture"": 0.274, ""miss_deg"": 1.61, ""labels"": [40]}, {""name"": ""球M"", ""share"": 0.002, ""q"": 0.001, ""capture"": 0.006, ""miss_deg"": 3.22, ""labels"": [261]}, {""name"": ""水瓶"", ""share"": 0.004, ""q"": 0.001, ""capture"": 0.002, ""miss_deg"": 3.56, ""labels"": [30]}]"
2026_08_25/u3,u3,v9,walking,table10,29.13,29.84,0.7,2.773,物品台,40,0.865,0.499,0.499,0.625,0.128,0.423,object#12,,1,1,2,球M,0,3,"[{""name"": ""物品台"", ""share"": 0.865, ""q"": 0.499, ""capture"": 0.499, ""miss_deg"": 1.18, ""labels"": [40]}, {""name"": ""球M"", ""share"": 0.111, ""q"": 0.064, ""capture"": 0.312, ""miss_deg"": 1.53, ""labels"": [261]}, {""name"": ""水瓶"", ""share"": 0.02, ""q"": 0.011, ""capture"": 0.013, ""miss_deg"": 2.94, ""labels"": [30]}]"
2026_08_25/u3,u3,v9,walking,table10,30.04,30.54,0.5,2.889,球M,261,0.145,0.106,0.561,0.993,5.255,0.269,object#12,,0,0,,,,3,"[{""name"": ""球M"", ""share"": 0.145, ""q"": 0.106, ""capture"": 0.561, ""miss_deg"": 1.08, ""labels"": [261]}, {""name"": ""物品台"", ""share"": 0.762, ""q"": 0.557, ""capture"": 0.557, ""miss_deg"": 1.08, ""labels"": [40]}, {""name"": ""球L"", ""share"": 0.034, ""q"": 0.024, ""capture"": 0.119, ""miss_deg"": 2.06, ""labels"": [259]}]"
2026_08_25/u3,u3,v9,walking,table10,31.26,34.71,3.45,2.365,物品台,40,0.942,0.58,0.58,0.084,0.025,0.384,object#106,,1,1,3,球R,0,3,"[{""name"": ""物品台"", ""share"": 0.942, ""q"": 0.58, ""capture"": 0.58, ""miss_deg"": 1.04, ""labels"": [40]}, {""name"": ""球R"", ""share"": 0.024, ""q"": 0.015, ""capture"": 0.049, ""miss_deg"": 2.46, ""labels"": [263]}, {""name"": ""球M"", ""share"": 0.021, ""q"": 0.013, ""capture"": 0.049, ""miss_deg"": 2.46, ""labels"": [261]}]"
2026_08_25/u3,u3,v9,walking,table10,34.76,35.26,0.5,2.093,物品台,40,0.927,0.69,0.69,0.193,0.061,0.255,object#12,,1,1,3,球R,0,3,"[{""name"": ""物品台"", ""share"": 0.927, ""q"": 0.69, ""capture"": 0.69, ""miss_deg"": 0.86, ""labels"": [40]}, {""name"": ""球M"", ""share"": 0.057, ""q"": 0.043, ""capture"": 0.133, ""miss_deg"": 2.01, ""labels"": [261]}, {""name"": ""球R"", ""share"": 0.007, ""q"": 0.006, ""capture"": 0.015, ""miss_deg"": 2.89, ""labels"": [263]}]"
2026_08_25/u3,u3,v9,walking,table10,35.71,36.11,0.4,2.212,物品台,40,0.974,0.512,0.512,0.041,0.012,0.475,object#106,,1,1,3,球R,0,3,"[{""name"": ""物品台"", ""share"": 0.974, ""q"": 0.512, ""capture"": 0.512, ""miss_deg"": 1.16, ""labels"": [40]}, {""name"": ""球R"", ""share"": 0.012, ""q"": 0.007, ""capture"": 0.021, ""miss_deg"": 2.79, ""labels"": [263]}, {""name"": ""水瓶"", ""share"": 0.013, ""q"": 0.007, ""capture"": 0.007, ""miss_deg"": 3.15, ""labels"": [30]}]"
2026_08_25/u3,u3,v9,walking,table10,36.51,36.86,0.35,2.331,物品台,40,0.979,0.47,0.47,0.03,0.009,0.521,object#106,,1,1,3,球R,0,3,"[{""name"": ""物品台"", ""share"": 0.979, ""q"": 0.47, ""capture"": 0.47, ""miss_deg"": 1.23, ""labels"": [40]}, {""name"": ""球R"", ""share"": 0.009, ""q"": 0.004, ""capture"": 0.014, ""miss_deg"": 2.93, ""labels"": [263]}, {""name"": ""球M"", ""share"": 0.003, ""q"": 0.001, ""capture"": 0.005, ""miss_deg"": 3.24, ""labels"": [261]}]"
2026_08_25/u3,u3,v9,walking,table10,37.21,37.81,0.6,2.354,物品台,40,0.979,0.44,0.44,0.027,0.008,0.55,object#106,,1,1,,,,3,"[{""name"": ""物品台"", ""share"": 0.979, ""q"": 0.44, ""capture"": 0.44, ""miss_deg"": 1.28, ""labels"": [40]}, {""name"": ""球R"", ""share"": 0.008, ""q"": 0.003, ""capture"": 0.012, ""miss_deg"": 2.99, ""labels"": [263]}, {""name"": ""水瓶"", ""share"": 0.01, ""q"": 0.005, ""capture"": 0.005, ""miss_deg"": 3.27, ""labels"": [30]}]"
2026_08_25/u3,u3,v9,walking,table10,38.16,38.56,0.4,2.861,物品台,40,0.986,0.163,0.163,0.018,0.014,0.835,object#37,,0,0,4,球M,0,2,"[{""name"": ""物品台"", ""share"": 0.986, ""q"": 0.163, ""capture"": 0.163, ""miss_deg"": 1.91, ""labels"": [40]}, {""name"": ""水瓶"", ""share"": 0.014, ""q"": 0.002, ""capture"": 0.003, ""miss_deg"": 3.43, ""labels"": [30]}]"
2026_08_25/u3,u3,v9,walking,table10,38.86,39.11,0.25,2.432,物品台,40,0.941,0.478,0.478,0.136,0.035,0.492,object#244,,1,1,4,球M,0,3,"[{""name"": ""物品台"", ""share"": 0.941, ""q"": 0.478, ""capture"": 0.478, ""miss_deg"": 1.22, ""labels"": [40]}, {""name"": ""球M"", ""share"": 0.033, ""q"": 0.017, ""capture"": 0.065, ""miss_deg"": 2.34, ""labels"": [261]}, {""name"": ""水瓶"", ""share"": 0.026, ""q"": 0.013, ""capture"": 0.014, ""miss_deg"": 2.92, ""labels"": [30]}]"
2026_08_25/u3,u3,v9,walking,table10,39.76,40.01,0.25,3.764,物品台,40,0.982,0.309,0.309,0.026,0.015,0.686,object#158,,1,1,4,球M,0,3,"[{""name"": ""物品台"", ""share"": 0.982, ""q"": 0.309, ""capture"": 0.309, ""miss_deg"": 1.53, ""labels"": [40]}, {""name"": ""水瓶"", ""share"": 0.015, ""q"": 0.005, ""capture"": 0.008, ""miss_deg"": 3.12, ""labels"": [30]}, {""name"": ""球M"", ""share"": 0.002, ""q"": 0.001, ""capture"": 0.007, ""miss_deg"": 3.15, ""labels"": [261]}]"
2026_08_25/u3,u3,v9,walking,table10,40.51,40.81,0.3,2.816,物品台,40,0.907,0.49,0.49,0.343,0.071,0.46,object#12,,1,1,4,球M,0,3,"[{""name"": ""物品台"", ""share"": 0.907, ""q"": 0.49, ""capture"": 0.49, ""miss_deg"": 1.2, ""labels"": [40]}, {""name"": ""球M"", ""share"": 0.064, ""q"": 0.035, ""capture"": 0.168, ""miss_deg"": 1.89, ""labels"": [261]}, {""name"": ""球L"", ""share"": 0.012, ""q"": 0.006, ""capture"": 0.028, ""miss_deg"": 2.67, ""labels"": [259]}]"
2026_08_25/u3,u3,v9,walking,table10,40.91,41.21,0.3,2.81,物品台,40,0.908,0.487,0.487,0.255,0.053,0.464,object#12,,1,1,4,球M,0,3,"[{""name"": ""物品台"", ""share"": 0.908, ""q"": 0.487, ""capture"": 0.487, ""miss_deg"": 1.2, ""labels"": [40]}, {""name"": ""球M"", ""share"": 0.048, ""q"": 0.026, ""capture"": 0.124, ""miss_deg"": 2.04, ""labels"": [261]}, {""name"": ""球L"", ""share"": 0.023, ""q"": 0.012, ""capture"": 0.055, ""miss_deg"": 2.41, ""labels"": [259]}]"
2026_08_25/u3,u3,v9,walking,table10,41.91,42.26,0.35,3.946,物品台,40,0.978,0.311,0.311,0.061,0.007,0.682,object#106,,1,1,4,球M,0,3,"[{""name"": ""物品台"", ""share"": 0.978, ""q"": 0.311, ""capture"": 0.311, ""miss_deg"": 1.53, ""labels"": [40]}, {""name"": ""球M"", ""share"": 0.007, ""q"": 0.002, ""capture"": 0.019, ""miss_deg"": 2.82, ""labels"": [261]}, {""name"": ""球L"", ""share"": 0.005, ""q"": 0.002, ""capture"": 0.015, ""miss_deg"": 2.9, ""labels"": [259]}]"
2026_08_25/u3,u3,v9,walking,table10,43.66,44.51,0.85,2.791,物品台,40,0.901,0.502,0.502,0.333,0.074,0.443,object#37,,1,1,,,,3,"[{""name"": ""物品台"", ""share"": 0.901, ""q"": 0.502, ""capture"": 0.502, ""miss_deg"": 1.17, ""labels"": [40]}, {""name"": ""球L"", ""share"": 0.067, ""q"": 0.037, ""capture"": 0.167, ""miss_deg"": 1.89, ""labels"": [259]}, {""name"": ""球M"", ""share"": 0.016, ""q"": 0.009, ""capture"": 0.044, ""miss_deg"": 2.5, ""labels"": [261]}]"
2026_08_25/u3,u3,v9,walking,table10,45.44,45.69,0.25,2.934,物品台,40,0.76,0.507,0.507,0.489,0.101,0.333,object#12,,1,1,5,球R,0,3,"[{""name"": ""物品台"", ""share"": 0.76, ""q"": 0.507, ""capture"": 0.507, ""miss_deg"": 1.17, ""labels"": [40]}, {""name"": ""球R"", ""share"": 0.077, ""q"": 0.051, ""capture"": 0.248, ""miss_deg"": 1.67, ""labels"": [263]}, {""name"": ""球M"", ""share"": 0.058, ""q"": 0.039, ""capture"": 0.204, ""miss_deg"": 1.78, ""labels"": [261]}]"
2026_08_25/u3,u3,v9,walking,table10,46.69,47.54,0.85,2.566,物品台,40,0.951,0.428,0.428,0.133,0.033,0.55,object#106,,1,1,5,球R,0,3,"[{""name"": ""物品台"", ""share"": 0.951, ""q"": 0.428, ""capture"": 0.428, ""miss_deg"": 1.3, ""labels"": [40]}, {""name"": ""球R"", ""share"": 0.031, ""q"": 0.014, ""capture"": 0.057, ""miss_deg"": 2.39, ""labels"": [263]}, {""name"": ""球M"", ""share"": 0.004, ""q"": 0.002, ""capture"": 0.007, ""miss_deg"": 3.14, ""labels"": [261]}]"
2026_08_25/u3,u3,v9,walking,table10,47.99,48.89,0.9,2.481,物品台,40,0.924,0.472,0.472,0.227,0.062,0.489,object#106,,1,1,5,球R,0,3,"[{""name"": ""物品台"", ""share"": 0.924, ""q"": 0.472, ""capture"": 0.472, ""miss_deg"": 1.22, ""labels"": [40]}, {""name"": ""球R"", ""share"": 0.057, ""q"": 0.029, ""capture"": 0.107, ""miss_deg"": 2.11, ""labels"": [263]}, {""name"": ""水瓶"", ""share"": 0.019, ""q"": 0.01, ""capture"": 0.01, ""miss_deg"": 3.03, ""labels"": [30]}]"
2026_08_25/u3,u3,v9,walking,table10,48.99,49.89,0.9,2.508,物品台,40,0.939,0.437,0.437,0.142,0.036,0.535,object#106,,1,1,5,球R,0,3,"[{""name"": ""物品台"", ""share"": 0.939, ""q"": 0.437, ""capture"": 0.437, ""miss_deg"": 1.29, ""labels"": [40]}, {""name"": ""球R"", ""share"": 0.034, ""q"": 0.016, ""capture"": 0.062, ""miss_deg"": 2.36, ""labels"": [263]}, {""name"": ""水瓶"", ""share"": 0.026, ""q"": 0.012, ""capture"": 0.013, ""miss_deg"": 2.95, ""labels"": [30]}]"
2026_08_25/u3,u3,v9,walking,table10,50.04,50.69,0.65,2.484,物品台,40,0.92,0.448,0.448,0.214,0.058,0.513,object#106,,1,1,,,,3,"[{""name"": ""物品台"", ""share"": 0.92, ""q"": 0.448, ""capture"": 0.448, ""miss_deg"": 1.27, ""labels"": [40]}, {""name"": ""球R"", ""share"": 0.053, ""q"": 0.026, ""capture"": 0.096, ""miss_deg"": 2.16, ""labels"": [263]}, {""name"": ""水瓶"", ""share"": 0.026, ""q"": 0.013, ""capture"": 0.014, ""miss_deg"": 2.93, ""labels"": [30]}]"
2026_08_25/u3,u3,v9,walking,table10,52.81,54.36,1.55,2.677,物品台,40,1.0,0.355,0.355,0.0,0.0,0.645,object#37,,1,1,6,球L,0,1,"[{""name"": ""物品台"", ""share"": 1.0, ""q"": 0.355, ""capture"": 0.355, ""miss_deg"": 1.44, ""labels"": [40]}]"
2026_08_25/u3,u3,v9,walking,table10,55.26,56.21,0.95,2.967,物品台,40,0.911,0.662,0.662,0.355,0.074,0.274,object#35,,1,1,6,球L,0,3,"[{""name"": ""物品台"", ""share"": 0.911, ""q"": 0.662, ""capture"": 0.662, ""miss_deg"": 0.91, ""labels"": [40]}, {""name"": ""球L"", ""share"": 0.067, ""q"": 0.048, ""capture"": 0.235, ""miss_deg"": 1.7, ""labels"": [259]}, {""name"": ""苹果粉"", ""share"": 0.02, ""q"": 0.015, ""capture"": 0.042, ""miss_deg"": 2.52, ""labels"": [64]}]"
2026_08_25/u3,u3,v9,walking,table10,56.66,57.01,0.35,2.863,物品台,40,0.94,0.472,0.472,0.305,0.063,0.498,object#37,,1,1,6,球L,0,3,"[{""name"": ""物品台"", ""share"": 0.94, ""q"": 0.472, ""capture"": 0.472, ""miss_deg"": 1.23, ""labels"": [40]}, {""name"": ""球L"", ""share"": 0.059, ""q"": 0.03, ""capture"": 0.144, ""miss_deg"": 1.97, ""labels"": [259]}, {""name"": ""水瓶"", ""share"": 0.001, ""q"": 0.0, ""capture"": 0.001, ""miss_deg"": 3.86, ""labels"": [30]}]"
2026_08_25/u3,u3,v9,walking,table10,58.61,58.91,0.3,2.988,球M,261,0.228,0.19,1.16,0.393,2.404,0.167,object#12,,0,0,7,球M,1,3,"[{""name"": ""球M"", ""share"": 0.228, ""q"": 0.19, ""capture"": 1.16, ""miss_deg"": 0.0, ""labels"": [261]}, {""name"": ""物品台"", ""share"": 0.548, ""q"": 0.456, ""capture"": 0.456, ""miss_deg"": 1.25, ""labels"": [40]}, {""name"": ""水瓶"", ""share"": 0.159, ""q"": 0.133, ""capture"": 0.165, ""miss_deg"": 1.9, ""labels"": [30]}]"
2026_08_25/u3,u3,v9,walking,table10,59.99,60.34,0.35,2.831,物品台,40,0.707,0.555,0.555,0.98,0.202,0.216,object#12,,1,1,7,球M,0,3,"[{""name"": ""物品台"", ""share"": 0.707, ""q"": 0.555, ""capture"": 0.555, ""miss_deg"": 1.09, ""labels"": [40]}, {""name"": ""球M"", ""share"": 0.143, ""q"": 0.112, ""capture"": 0.544, ""miss_deg"": 1.1, ""labels"": [261]}, {""name"": ""球L"", ""share"": 0.043, ""q"": 0.034, ""capture"": 0.164, ""miss_deg"": 1.9, ""labels"": [259]}]"
2026_08_25/u3,u3,v9,walking,table10,60.94,61.24,0.3,2.699,物品台,40,0.762,0.592,0.592,0.654,0.146,0.223,object#12,,1,1,7,球M,0,3,"[{""name"": ""物品台"", ""share"": 0.762, ""q"": 0.592, ""capture"": 0.592, ""miss_deg"": 1.02, ""labels"": [40]}, {""name"": ""球L"", ""share"": 0.111, ""q"": 0.086, ""capture"": 0.387, ""miss_deg"": 1.38, ""labels"": [259]}, {""name"": ""球M"", ""share"": 0.051, ""q"": 0.04, ""capture"": 0.179, ""miss_deg"": 1.86, ""labels"": [261]}]"
2026_08_25/u3,u3,v9,walking,table10,61.49,61.79,0.3,2.538,物品台,40,0.877,0.599,0.599,0.26,0.064,0.317,object#12,,1,1,7,球M,0,3,"[{""name"": ""物品台"", ""share"": 0.877, ""q"": 0.599, ""capture"": 0.599, ""miss_deg"": 1.01, ""labels"": [40]}, {""name"": ""球L"", ""share"": 0.056, ""q"": 0.039, ""capture"": 0.156, ""miss_deg"": 1.93, ""labels"": [259]}, {""name"": ""球M"", ""share"": 0.036, ""q"": 0.024, ""capture"": 0.106, ""miss_deg"": 2.12, ""labels"": [261]}]"
2026_08_25/u3,u3,v9,walking,table10,61.84,62.09,0.25,2.633,物品台,40,0.745,0.58,0.58,0.84,0.195,0.222,object#12,,1,1,7,球M,0,3,"[{""name"": ""物品台"", ""share"": 0.745, ""q"": 0.58, ""capture"": 0.58, ""miss_deg"": 1.04, ""labels"": [40]}, {""name"": ""球L"", ""share"": 0.145, ""q"": 0.113, ""capture"": 0.487, ""miss_deg"": 1.2, ""labels"": [259]}, {""name"": ""球M"", ""share"": 0.035, ""q"": 0.028, ""capture"": 0.124, ""miss_deg"": 2.05, ""labels"": [261]}]"
2026_08_25/u3,u3,v9,walking,table10,62.14,62.74,0.6,2.381,物品台,40,0.827,0.644,0.644,0.325,0.093,0.222,object#12,,1,1,7,球M,0,3,"[{""name"": ""物品台"", ""share"": 0.827, ""q"": 0.644, ""capture"": 0.644, ""miss_deg"": 0.94, ""labels"": [40]}, {""name"": ""球L"", ""share"": 0.077, ""q"": 0.06, ""capture"": 0.209, ""miss_deg"": 1.77, ""labels"": [259]}, {""name"": ""球M"", ""share"": 0.047, ""q"": 0.037, ""capture"": 0.136, ""miss_deg"": 2.0, ""labels"": [261]}]"
2026_08_25/u3,u3,v9,walking,table10,63.14,64.19,1.05,2.257,物品台,40,0.876,0.649,0.649,0.407,0.122,0.259,object#12,,1,1,7,球M,0,3,"[{""name"": ""物品台"", ""share"": 0.876, ""q"": 0.649, ""capture"": 0.649, ""miss_deg"": 0.93, ""labels"": [40]}, {""name"": ""球M"", ""share"": 0.107, ""q"": 0.08, ""capture"": 0.264, ""miss_deg"": 1.63, ""labels"": [261]}, {""name"": ""水瓶"", ""share"": 0.016, ""q"": 0.012, ""capture"": 0.012, ""miss_deg"": 2.97, ""labels"": [30]}]"
2026_08_25/u3,u3,v9,walking,table10,65.8,66.25,0.45,3.965,,-1,0.0,0.0,,,,1.0,object#26,,0,0,,,,0,[]
2026_08_25/u3,u3,v9,walking,table10,66.95,67.4,0.45,3.466,,-1,0.0,0.0,,,,1.0,object#26,,0,0,,,,0,[]
2026_08_25/u3,u3,v9,walking,table10,68.32,68.82,0.5,3.525,,-1,0.0,0.0,,,,1.0,object#26,,0,0,,,,0,[]
2026_08_25/u3,u3,v9,walking,table10,69.47,70.07,0.6,3.5,,-1,0.0,0.0,,,,1.0,object#26,,0,0,,,,0,[]
2026_08_25/u3,u3,v9,walking,table10,70.17,70.47,0.3,3.526,,-1,0.0,0.0,,,,1.0,object#60,,0,0,,,,0,[]
2026_08_25/u3,u3,v9,walking,table10,72.04,72.29,0.25,3.417,,-1,0.0,0.0,,,,1.0,object#26,,0,0,,,,0,[]
2026_08_25/u3,u3,v9,walking,table10,72.81,73.26,0.45,2.26,物品台,40,0.941,0.598,0.598,0.181,0.054,0.365,object#106,,1,1,8,球R,0,3,"[{""name"": ""物品台"", ""share"": 0.941, ""q"": 0.598, ""capture"": 0.598, ""miss_deg"": 1.01, ""labels"": [40]}, {""name"": ""球M"", ""share"": 0.051, ""q"": 0.033, ""capture"": 0.108, ""miss_deg"": 2.11, ""labels"": [261]}, {""name"": ""球R"", ""share"": 0.003, ""q"": 0.002, ""capture"": 0.006, ""miss_deg"": 3.18, ""labels"": [263]}]"
2026_08_25/u3,u3,v9,walking,table10,73.71,74.26,0.55,2.264,物品台,40,0.831,0.569,0.569,0.511,0.154,0.315,object#106,,1,1,8,球R,0,3,"[{""name"": ""物品台"", ""share"": 0.831, ""q"": 0.569, ""capture"": 0.569, ""miss_deg"": 1.06, ""labels"": [40]}, {""name"": ""球R"", ""share"": 0.128, ""q"": 0.087, ""capture"": 0.291, ""miss_deg"": 1.57, ""labels"": [263]}, {""name"": ""水瓶"", ""share"": 0.04, ""q"": 0.028, ""capture"": 0.028, ""miss_deg"": 2.67, ""labels"": [30]}]"
2026_08_25/u3,u3,v9,walking,table10,74.31,74.56,0.25,2.305,物品台,40,0.93,0.597,0.597,0.114,0.034,0.358,object#12,,1,1,8,球R,0,3,"[{""name"": ""物品台"", ""share"": 0.93, ""q"": 0.597, ""capture"": 0.597, ""miss_deg"": 1.02, ""labels"": [40]}, {""name"": ""球R"", ""share"": 0.032, ""q"": 0.02, ""capture"": 0.068, ""miss_deg"": 2.32, ""labels"": [263]}, {""name"": ""球M"", ""share"": 0.018, ""q"": 0.012, ""capture"": 0.041, ""miss_deg"": 2.52, ""labels"": [261]}]"
2026_08_25/u3,u3,v9,walking,table10,74.61,74.96,0.35,2.486,球R,263,0.198,0.139,0.515,0.804,2.975,0.296,object#12,,0,0,8,球R,1,3,"[{""name"": ""球R"", ""share"": 0.198, ""q"": 0.139, ""capture"": 0.515, ""miss_deg"": 1.15, ""labels"": [263]}, {""name"": ""物品台"", ""share"": 0.589, ""q"": 0.414, ""capture"": 0.414, ""miss_deg"": 1.33, ""labels"": [40]}, {""name"": ""白杯1"", ""share"": 0.156, ""q"": 0.109, ""capture"": 0.218, ""miss_deg"": 1.74, ""labels"": [266]}]"
2026_08_25/u3,u3,v9,walking,table10,75.01,76.01,1.0,2.545,物品台,40,0.921,0.484,0.484,0.254,0.063,0.474,object#106,,1,1,8,球R,0,3,"[{""name"": ""物品台"", ""share"": 0.921, ""q"": 0.484, ""capture"": 0.484, ""miss_deg"": 1.2, ""labels"": [40]}, {""name"": ""球R"", ""share"": 0.058, ""q"": 0.03, ""capture"": 0.123, ""miss_deg"": 2.05, ""labels"": [263]}, {""name"": ""水瓶"", ""share"": 0.018, ""q"": 0.009, ""capture"": 0.01, ""miss_deg"": 3.03, ""labels"": [30]}]"
2026_08_25/u3,u3,v9,walking,table10,76.26,77.11,0.85,2.799,物品台,40,0.815,0.487,0.487,0.756,0.168,0.402,object#106,,1,1,8,球R,0,3,"[{""name"": ""物品台"", ""share"": 0.815, ""q"": 0.487, ""capture"": 0.487, ""miss_deg"": 1.2, ""labels"": [40]}, {""name"": ""球R"", ""share"": 0.137, ""q"": 0.082, ""capture"": 0.368, ""miss_deg"": 1.41, ""labels"": [263]}, {""name"": ""水瓶"", ""share"": 0.028, ""q"": 0.017, ""capture"": 0.02, ""miss_deg"": 2.8, ""labels"": [30]}]"
2026_08_25/u3,u3,v9,walking,table10,77.41,77.66,0.25,2.892,物品台,40,0.955,0.313,0.313,0.118,0.024,0.672,object#106,,1,1,8,球R,0,3,"[{""name"": ""物品台"", ""share"": 0.955, ""q"": 0.313, ""capture"": 0.313, ""miss_deg"": 1.52, ""labels"": [40]}, {""name"": ""球R"", ""share"": 0.023, ""q"": 0.008, ""capture"": 0.037, ""miss_deg"": 2.57, ""labels"": [263]}, {""name"": ""水瓶"", ""share"": 0.021, ""q"": 0.007, ""capture"": 0.008, ""miss_deg"": 3.09, ""labels"": [30]}]"
2026_08_25/u3,u3,v9,walking,table10,78.01,78.36,0.35,2.871,物品台,40,0.98,0.252,0.252,0.02,0.017,0.743,object#106,,1,1,,,,3,"[{""name"": ""物品台"", ""share"": 0.98, ""q"": 0.252, ""capture"": 0.252, ""miss_deg"": 1.66, ""labels"": [40]}, {""name"": ""水瓶"", ""share"": 0.017, ""q"": 0.004, ""capture"": 0.005, ""miss_deg"": 3.25, ""labels"": [30]}, {""name"": ""球R"", ""share"": 0.003, ""q"": 0.001, ""capture"": 0.004, ""miss_deg"": 3.34, ""labels"": [263]}]"
2026_08_25/u3,u3,v9,walking,table10,78.76,79.01,0.25,2.851,物品台,40,0.972,0.289,0.289,0.055,0.011,0.703,object#106,,1,1,,,,3,"[{""name"": ""物品台"", ""share"": 0.972, ""q"": 0.289, ""capture"": 0.289, ""miss_deg"": 1.58, ""labels"": [40]}, {""name"": ""球R"", ""share"": 0.011, ""q"": 0.003, ""capture"": 0.016, ""miss_deg"": 2.87, ""labels"": [263]}, {""name"": ""水瓶"", ""share"": 0.017, ""q"": 0.005, ""capture"": 0.006, ""miss_deg"": 3.19, ""labels"": [30]}]"
2026_08_25/u3,u3,v9,walking,table10,79.41,79.71,0.3,2.729,物品台,40,0.95,0.447,0.447,0.132,0.029,0.529,object#106,,1,1,9,球L,0,3,"[{""name"": ""物品台"", ""share"": 0.95, ""q"": 0.447, ""capture"": 0.447, ""miss_deg"": 1.27, ""labels"": [40]}, {""name"": ""球R"", ""share"": 0.028, ""q"": 0.013, ""capture"": 0.059, ""miss_deg"": 2.38, ""labels"": [263]}, {""name"": ""球M"", ""share"": 0.016, ""q"": 0.007, ""capture"": 0.033, ""miss_deg"": 2.61, ""labels"": [261]}]"
2026_08_25/u3,u3,v9,walking,table10,79.86,80.11,0.25,2.66,物品台,40,0.801,0.591,0.591,0.824,0.184,0.262,object#106,,1,1,9,球L,0,3,"[{""name"": ""物品台"", ""share"": 0.801, ""q"": 0.591, ""capture"": 0.591, ""miss_deg"": 1.02, ""labels"": [40]}, {""name"": ""球M"", ""share"": 0.147, ""q"": 0.108, ""capture"": 0.487, ""miss_deg"": 1.2, ""labels"": [261]}, {""name"": ""水瓶"", ""share"": 0.045, ""q"": 0.033, ""capture"": 0.037, ""miss_deg"": 2.57, ""labels"": [30]}]"
2026_08_25/u3,u3,v9,walking,table10,80.16,80.51,0.35,2.741,物品台,40,0.773,0.667,0.667,0.475,0.106,0.137,object#12,,1,1,9,球L,0,3,"[{""name"": ""物品台"", ""share"": 0.773, ""q"": 0.667, ""capture"": 0.667, ""miss_deg"": 0.9, ""labels"": [40]}, {""name"": ""球L"", ""share"": 0.082, ""q"": 0.071, ""capture"": 0.317, ""miss_deg"": 1.52, ""labels"": [259]}, {""name"": ""苹果粉"", ""share"": 0.095, ""q"": 0.082, ""capture"": 0.205, ""miss_deg"": 1.78, ""labels"": [64]}]"
2026_08_25/u3,u3,v9,walking,table10,80.56,81.06,0.5,2.613,物品台,40,0.95,0.639,0.639,0.218,0.051,0.327,object#37,,1,1,9,球L,0,3,"[{""name"": ""物品台"", ""share"": 0.95, ""q"": 0.639, ""capture"": 0.639, ""miss_deg"": 0.95, ""labels"": [40]}, {""name"": ""球L"", ""share"": 0.048, ""q"": 0.032, ""capture"": 0.139, ""miss_deg"": 1.98, ""labels"": [259]}, {""name"": ""苹果粉"", ""share"": 0.001, ""q"": 0.001, ""capture"": 0.001, ""miss_deg"": 3.62, ""labels"": [64]}]"
2026_08_25/u3,u3,v9,walking,table10,81.56,83.46,1.9,2.709,物品台,40,0.893,0.685,0.685,0.432,0.096,0.233,object#12,,1,1,9,球L,0,3,"[{""name"": ""物品台"", ""share"": 0.893, ""q"": 0.685, ""capture"": 0.685, ""miss_deg"": 0.87, ""labels"": [40]}, {""name"": ""球L"", ""share"": 0.086, ""q"": 0.066, ""capture"": 0.296, ""miss_deg"": 1.56, ""labels"": [259]}, {""name"": ""苹果粉"", ""share"": 0.018, ""q"": 0.014, ""capture"": 0.035, ""miss_deg"": 2.59, ""labels"": [64]}]"
2026_08_25/u3,u3,v9,walking,table10,83.51,83.86,0.35,2.631,物品台,40,0.886,0.56,0.56,0.527,0.122,0.368,object#37,,1,1,9,球L,0,3,"[{""name"": ""物品台"", ""share"": 0.886, ""q"": 0.56, ""capture"": 0.56, ""miss_deg"": 1.08, ""labels"": [40]}, {""name"": ""球L"", ""share"": 0.108, ""q"": 0.068, ""capture"": 0.295, ""miss_deg"": 1.56, ""labels"": [259]}, {""name"": ""苹果红"", ""share"": 0.002, ""q"": 0.001, ""capture"": 0.003, ""miss_deg"": 3.37, ""labels"": [260]}]"
2026_08_25/u3,u3,v9,walking,table10,83.91,84.66,0.75,2.798,球L,259,0.22,0.18,0.809,0.719,3.236,0.183,object#12,,0,0,9,球L,1,3,"[{""name"": ""球L"", ""share"": 0.22, ""q"": 0.18, ""capture"": 0.809, ""miss_deg"": 0.65, ""labels"": [259]}, {""name"": ""物品台"", ""share"": 0.712, ""q"": 0.582, ""capture"": 0.582, ""miss_deg"": 1.04, ""labels"": [40]}, {""name"": ""苹果粉"", ""share"": 0.035, ""q"": 0.029, ""capture"": 0.074, ""miss_deg"": 2.28, ""labels"": [64]}]"
2026_08_25/u3,u3,v9,walking,table10,84.71,85.21,0.5,2.639,物品台,40,0.903,0.553,0.553,0.445,0.103,0.387,object#37,,1,1,,,,3,"[{""name"": ""物品台"", ""share"": 0.903, ""q"": 0.553, ""capture"": 0.553, ""miss_deg"": 1.09, ""labels"": [40]}, {""name"": ""球L"", ""share"": 0.093, ""q"": 0.057, ""capture"": 0.246, ""miss_deg"": 1.67, ""labels"": [259]}, {""name"": ""苹果红"", ""share"": 0.001, ""q"": 0.001, ""capture"": 0.003, ""miss_deg"": 3.46, ""labels"": [260]}]"
2026_08_25/u3,u3,v9,walking,table10,85.31,86.96,1.65,2.59,物品台,40,0.852,0.585,0.585,0.552,0.136,0.314,object#12,,1,1,,,,3,"[{""name"": ""物品台"", ""share"": 0.852, ""q"": 0.585, ""capture"": 0.585, ""miss_deg"": 1.04, ""labels"": [40]}, {""name"": ""球L"", ""share"": 0.116, ""q"": 0.08, ""capture"": 0.323, ""miss_deg"": 1.5, ""labels"": [259]}, {""name"": ""球M"", ""share"": 0.009, ""q"": 0.006, ""capture"": 0.026, ""miss_deg"": 2.7, ""labels"": [261]}]"
2026_08_25/u3,u3,v9,walking,table10,87.37,87.97,0.6,2.6,物品台,40,0.798,0.523,0.523,0.906,0.209,0.345,object#106,,1,1,10,球R,0,3,"[{""name"": ""物品台"", ""share"": 0.798, ""q"": 0.523, ""capture"": 0.523, ""miss_deg"": 1.14, ""labels"": [40]}, {""name"": ""球R"", ""share"": 0.167, ""q"": 0.11, ""capture"": 0.474, ""miss_deg"": 1.22, ""labels"": [263]}, {""name"": ""水瓶"", ""share"": 0.024, ""q"": 0.016, ""capture"": 0.017, ""miss_deg"": 2.85, ""labels"": [30]}]"
2026_08_25/u3,u3,v9,walking,table10,88.07,88.97,0.9,2.61,物品台,40,0.838,0.476,0.476,0.626,0.144,0.433,object#106,,1,1,10,球R,0,3,"[{""name"": ""物品台"", ""share"": 0.838, ""q"": 0.476, ""capture"": 0.476, ""miss_deg"": 1.22, ""labels"": [40]}, {""name"": ""球R"", ""share"": 0.121, ""q"": 0.069, ""capture"": 0.298, ""miss_deg"": 1.56, ""labels"": [263]}, {""name"": ""水瓶"", ""share"": 0.033, ""q"": 0.019, ""capture"": 0.021, ""miss_deg"": 2.78, ""labels"": [30]}]"
2026_08_25/u3,u3,v9,walking,table10,89.17,89.47,0.3,2.672,物品台,40,0.998,0.158,0.158,0.0,0.002,0.841,object#106,,0,0,10,球R,0,2,"[{""name"": ""物品台"", ""share"": 0.998, ""q"": 0.158, ""capture"": 0.158, ""miss_deg"": 1.92, ""labels"": [40]}, {""name"": ""水瓶"", ""share"": 0.002, ""q"": 0.0, ""capture"": 0.0, ""miss_deg"": 4.02, ""labels"": [30]}]"
2026_08_25/u3,u3,v9,walking,table10,90.33,91.25,0.92,1.98,物品台,40,0.901,0.634,0.634,0.192,0.074,0.297,object#12,,1,1,10,球R,0,3,"[{""name"": ""物品台"", ""share"": 0.901, ""q"": 0.634, ""capture"": 0.634, ""miss_deg"": 0.96, ""labels"": [40]}, {""name"": ""球R"", ""share"": 0.067, ""q"": 0.047, ""capture"": 0.122, ""miss_deg"": 2.05, ""labels"": [263]}, {""name"": ""水瓶"", ""share"": 0.032, ""q"": 0.023, ""capture"": 0.023, ""miss_deg"": 2.75, ""labels"": [30]}]"
2026_08_25/u3,u3,v9,walking,table10,91.3,92.33,1.03,1.838,物品台,40,0.678,0.453,0.453,0.982,0.423,0.332,object#12,,1,1,,,,3,"[{""name"": ""物品台"", ""share"": 0.678, ""q"": 0.453, ""capture"": 0.453, ""miss_deg"": 1.26, ""labels"": [40]}, {""name"": ""球R"", ""share"": 0.287, ""q"": 0.191, ""capture"": 0.445, ""miss_deg"": 1.27, ""labels"": [263]}, {""name"": ""水瓶"", ""share"": 0.023, ""q"": 0.015, ""capture"": 0.015, ""miss_deg"": 2.89, ""labels"": [30]}]"
2026_08_25/u3,u3,v9,walking,table10,92.98,93.47,0.49,1.946,物品台,40,0.763,0.64,0.64,0.756,0.301,0.161,object#12,,1,1,11,球L,0,3,"[{""name"": ""物品台"", ""share"": 0.763, ""q"": 0.64, ""capture"": 0.64, ""miss_deg"": 0.94, ""labels"": [40]}, {""name"": ""球L"", ""share"": 0.23, ""q"": 0.193, ""capture"": 0.484, ""miss_deg"": 1.2, ""labels"": [259]}, {""name"": ""水瓶"", ""share"": 0.006, ""q"": 0.005, ""capture"": 0.005, ""miss_deg"": 3.26, ""labels"": [30]}]"
2026_08_25/u3,u3,v9,walking,table10,93.79,95.41,1.62,2.229,物品台,40,0.895,0.694,0.694,0.36,0.114,0.224,object#12,,1,1,11,球L,0,3,"[{""name"": ""物品台"", ""share"": 0.895, ""q"": 0.694, ""capture"": 0.694, ""miss_deg"": 0.85, ""labels"": [40]}, {""name"": ""球L"", ""share"": 0.102, ""q"": 0.079, ""capture"": 0.25, ""miss_deg"": 1.67, ""labels"": [259]}, {""name"": ""水瓶"", ""share"": 0.004, ""q"": 0.003, ""capture"": 0.003, ""miss_deg"": 3.42, ""labels"": [30]}]"
2026_08_25/u3,u3,v9,walking,table10,95.52,96.06,0.54,2.74,物品台,40,0.987,0.373,0.373,0.056,0.012,0.622,object#37,,1,1,11,球L,0,3,"[{""name"": ""物品台"", ""share"": 0.987, ""q"": 0.373, ""capture"": 0.373, ""miss_deg"": 1.4, ""labels"": [40]}, {""name"": ""球L"", ""share"": 0.012, ""q"": 0.005, ""capture"": 0.021, ""miss_deg"": 2.78, ""labels"": [259]}, {""name"": ""水瓶"", ""share"": 0.0, ""q"": 0.0, ""capture"": 0.0, ""miss_deg"": 4.13, ""labels"": [30]}]"
2026_08_25/u3,u3,v9,walking,table10,96.33,97.52,1.19,2.975,球L,259,0.175,0.126,0.612,0.949,4.606,0.279,object#12,,0,0,11,球L,1,3,"[{""name"": ""球L"", ""share"": 0.175, ""q"": 0.126, ""capture"": 0.612, ""miss_deg"": 0.99, ""labels"": [259]}, {""name"": ""物品台"", ""share"": 0.806, ""q"": 0.581, ""capture"": 0.581, ""miss_deg"": 1.04, ""labels"": [40]}, {""name"": ""苹果粉"", ""share"": 0.008, ""q"": 0.006, ""capture"": 0.018, ""miss_deg"": 2.84, ""labels"": [64]}]"
2026_08_25/u3,u3,v9,walking,table10,100.3,101.44,1.14,2.901,球M,261,0.163,0.134,0.708,0.685,3.62,0.178,object#12,,0,0,12,球M,1,3,"[{""name"": ""球M"", ""share"": 0.163, ""q"": 0.134, ""capture"": 0.708, ""miss_deg"": 0.83, ""labels"": [261]}, {""name"": ""物品台"", ""share"": 0.59, ""q"": 0.485, ""capture"": 0.485, ""miss_deg"": 1.2, ""labels"": [40]}, {""name"": ""球L"", ""share"": 0.06, ""q"": 0.049, ""capture"": 0.237, ""miss_deg"": 1.7, ""labels"": [259]}]"
2026_08_25/u3,u3,v9,walking,table10,102.25,103.06,0.81,2.62,球M,261,0.193,0.158,0.71,0.648,2.907,0.18,object#12,,0,0,12,球M,1,3,"[{""name"": ""球M"", ""share"": 0.193, ""q"": 0.158, ""capture"": 0.71, ""miss_deg"": 0.83, ""labels"": [261]}, {""name"": ""物品台"", ""share"": 0.561, ""q"": 0.46, ""capture"": 0.46, ""miss_deg"": 1.25, ""labels"": [40]}, {""name"": ""球L"", ""share"": 0.042, ""q"": 0.035, ""capture"": 0.151, ""miss_deg"": 1.94, ""labels"": [259]}]"
2026_08_25/u3,u3,v9,walking,table10,103.55,104.74,1.19,2.29,物品台,40,0.761,0.594,0.594,0.899,0.271,0.22,object#12,,1,1,12,球M,0,3,"[{""name"": ""物品台"", ""share"": 0.761, ""q"": 0.594, ""capture"": 0.594, ""miss_deg"": 1.02, ""labels"": [40]}, {""name"": ""球M"", ""share"": 0.206, ""q"": 0.161, ""capture"": 0.534, ""miss_deg"": 1.12, ""labels"": [261]}, {""name"": ""水瓶"", ""share"": 0.033, ""q"": 0.025, ""capture"": 0.026, ""miss_deg"": 2.7, ""labels"": [30]}]"
2026_08_25/u3,u3,v9,walking,table10,104.79,105.28,0.49,2.219,物品台,40,0.784,0.623,0.623,0.851,0.256,0.205,object#12,,1,1,12,球M,0,3,"[{""name"": ""物品台"", ""share"": 0.784, ""q"": 0.623, ""capture"": 0.623, ""miss_deg"": 0.97, ""labels"": [40]}, {""name"": ""球M"", ""share"": 0.201, ""q"": 0.159, ""capture"": 0.53, ""miss_deg"": 1.13, ""labels"": [261]}, {""name"": ""水瓶"", ""share"": 0.016, ""q"": 0.013, ""capture"": 0.013, ""miss_deg"": 2.95, ""labels"": [30]}]"
2026_08_25/u3,u3,v9,walking,table10,105.33,106.25,0.92,2.279,球M,261,0.411,0.337,1.121,0.352,1.17,0.179,object#12,,0,0,,,,3,"[{""name"": ""球M"", ""share"": 0.411, ""q"": 0.337, ""capture"": 1.121, ""miss_deg"": 0.0, ""labels"": [261]}, {""name"": ""物品台"", ""share"": 0.481, ""q"": 0.395, ""capture"": 0.395, ""miss_deg"": 1.36, ""labels"": [40]}, {""name"": ""水瓶"", ""share"": 0.1, ""q"": 0.082, ""capture"": 0.084, ""miss_deg"": 2.23, ""labels"": [30]}]"
2026_08_25/u3,u3,v9,walking,table10,107.17,107.44,0.27,2.258,球R,263,0.244,0.175,0.58,0.85,2.82,0.284,object#12,,0,0,13,球R,1,3,"[{""name"": ""球R"", ""share"": 0.244, ""q"": 0.175, ""capture"": 0.58, ""miss_deg"": 1.04, ""labels"": [263]}, {""name"": ""物品台"", ""share"": 0.688, ""q"": 0.493, ""capture"": 0.493, ""miss_deg"": 1.19, ""labels"": [40]}, {""name"": ""白杯1"", ""share"": 0.041, ""q"": 0.03, ""capture"": 0.052, ""miss_deg"": 2.44, ""labels"": [266]}]"
2026_08_25/u3,u3,v9,walking,table10,107.61,107.88,0.27,2.322,球M,261,0.307,0.232,0.812,0.591,2.065,0.243,object#12,,0,0,13,球R,0,3,"[{""name"": ""球M"", ""share"": 0.307, ""q"": 0.232, ""capture"": 0.812, ""miss_deg"": 0.65, ""labels"": [261]}, {""name"": ""物品台"", ""share"": 0.634, ""q"": 0.48, ""capture"": 0.48, ""miss_deg"": 1.21, ""labels"": [40]}, {""name"": ""水瓶"", ""share"": 0.037, ""q"": 0.028, ""capture"": 0.029, ""miss_deg"": 2.67, ""labels"": [30]}]"
2026_08_25/u3,u3,v9,walking,table10,109.17,111.01,1.84,3.096,球M,261,0.142,0.107,0.657,0.621,3.796,0.244,object#12,,0,0,13,球R,0,3,"[{""name"": ""球M"", ""share"": 0.142, ""q"": 0.107, ""capture"": 0.657, ""miss_deg"": 0.92, ""labels"": [261]}, {""name"": ""物品台"", ""share"": 0.539, ""q"": 0.408, ""capture"": 0.408, ""miss_deg"": 1.34, ""labels"": [40]}, {""name"": ""白杯1"", ""share"": 0.168, ""q"": 0.127, ""capture"": 0.342, ""miss_deg"": 1.47, ""labels"": [266]}]"
2026_08_25/u3,u3,v9,walking,table10,111.44,112.42,0.97,3.294,球M,261,0.138,0.093,0.636,0.758,5.196,0.327,object#106,,0,0,13,球R,0,3,"[{""name"": ""球M"", ""share"": 0.138, ""q"": 0.093, ""capture"": 0.636, ""miss_deg"": 0.95, ""labels"": [261]}, {""name"": ""物品台"", ""share"": 0.717, ""q"": 0.482, ""capture"": 0.482, ""miss_deg"": 1.21, ""labels"": [40]}, {""name"": ""白杯1"", ""share"": 0.068, ""q"": 0.046, ""capture"": 0.146, ""miss_deg"": 1.96, ""labels"": [266]}]"
2026_08_25/u3,u3,v9,walking,table10,112.58,113.23,0.65,3.289,球M,261,0.154,0.105,0.64,0.778,4.753,0.32,object#106,,0,0,,,,3,"[{""name"": ""球M"", ""share"": 0.154, ""q"": 0.105, ""capture"": 0.64, ""miss_deg"": 0.94, ""labels"": [261]}, {""name"": ""物品台"", ""share"": 0.732, ""q"": 0.498, ""capture"": 0.498, ""miss_deg"": 1.18, ""labels"": [40]}, {""name"": ""白杯1"", ""share"": 0.048, ""q"": 0.033, ""capture"": 0.104, ""miss_deg"": 2.13, ""labels"": [266]}]"
2026_08_25/u3,u3,v9,walking,table10,113.72,114.36,0.65,3.241,物品台,40,0.938,0.517,0.517,0.319,0.052,0.448,object#35,,1,1,14,球L,0,3,"[{""name"": ""物品台"", ""share"": 0.938, ""q"": 0.517, ""capture"": 0.517, ""miss_deg"": 1.15, ""labels"": [40]}, {""name"": ""球L"", ""share"": 0.049, ""q"": 0.027, ""capture"": 0.165, ""miss_deg"": 1.9, ""labels"": [259]}, {""name"": ""苹果粉"", ""share"": 0.01, ""q"": 0.006, ""capture"": 0.019, ""miss_deg"": 2.82, ""labels"": [64]}]"
2026_08_25/u3,u3,v9,walking,table10,114.42,117.55,3.14,3.097,物品台,40,0.982,0.498,0.498,0.09,0.015,0.493,object#35,,1,1,14,球L,0,3,"[{""name"": ""物品台"", ""share"": 0.982, ""q"": 0.498, ""capture"": 0.498, ""miss_deg"": 1.18, ""labels"": [40]}, {""name"": ""球L"", ""share"": 0.015, ""q"": 0.007, ""capture"": 0.045, ""miss_deg"": 2.49, ""labels"": [259]}, {""name"": ""苹果粉"", ""share"": 0.002, ""q"": 0.001, ""capture"": 0.003, ""miss_deg"": 3.45, ""labels"": [64]}]"
2026_08_25/u3,u3,v9,walking,table10,117.61,119.07,1.46,2.908,物品台,40,0.875,0.598,0.598,0.595,0.122,0.316,object#112,,1,1,14,球L,0,3,"[{""name"": ""物品台"", ""share"": 0.875, ""q"": 0.598, ""capture"": 0.598, ""miss_deg"": 1.01, ""labels"": [40]}, {""name"": ""球L"", ""share"": 0.107, ""q"": 0.073, ""capture"": 0.356, ""miss_deg"": 1.44, ""labels"": [259]}, {""name"": ""苹果粉"", ""share"": 0.013, ""q"": 0.009, ""capture"": 0.024, ""miss_deg"": 2.72, ""labels"": [64]}]"
2026_08_25/u3,u3,v9,walking,table10,121.08,121.62,0.54,2.68,球M,261,0.261,0.216,0.968,0.492,2.203,0.173,object#12,,0,0,15,球M,1,3,"[{""name"": ""球M"", ""share"": 0.261, ""q"": 0.216, ""capture"": 0.968, ""miss_deg"": 0.26, ""labels"": [261]}, {""name"": ""物品台"", ""share"": 0.575, ""q"": 0.476, ""capture"": 0.476, ""miss_deg"": 1.22, ""labels"": [40]}, {""name"": ""水瓶"", ""share"": 0.11, ""q"": 0.091, ""capture"": 0.103, ""miss_deg"": 2.13, ""labels"": [30]}]"
2026_08_25/u3,u3,v9,walking,table10,121.68,122.27,0.59,2.367,物品台,40,0.87,0.626,0.626,0.471,0.128,0.28,object#12,,1,1,15,球M,0,3,"[{""name"": ""物品台"", ""share"": 0.87, ""q"": 0.626, ""capture"": 0.626, ""miss_deg"": 0.97, ""labels"": [40]}, {""name"": ""球M"", ""share"": 0.111, ""q"": 0.08, ""capture"": 0.295, ""miss_deg"": 1.56, ""labels"": [261]}, {""name"": ""水瓶"", ""share"": 0.019, ""q"": 0.014, ""capture"": 0.014, ""miss_deg"": 2.91, ""labels"": [30]}]"
2026_08_25/u3,u3,v9,walking,table10,122.49,122.98,0.49,2.072,物品台,40,0.806,0.652,0.652,0.655,0.226,0.191,object#12,,1,1,15,球M,0,3,"[{""name"": ""物品台"", ""share"": 0.806, ""q"": 0.652, ""capture"": 0.652, ""miss_deg"": 0.93, ""labels"": [40]}, {""name"": ""球M"", ""share"": 0.182, ""q"": 0.147, ""capture"": 0.427, ""miss_deg"": 1.3, ""labels"": [261]}, {""name"": ""水瓶"", ""share"": 0.012, ""q"": 0.01, ""capture"": 0.01, ""miss_deg"": 3.03, ""labels"": [30]}]"
2026_08_25/u3,u3,v9,walking,table10,123.03,123.41,0.38,1.967,球M,261,0.462,0.359,0.964,0.377,1.013,0.223,object#12,,1,0,15,球M,1,3,"[{""name"": ""球M"", ""share"": 0.462, ""q"": 0.359, ""capture"": 0.964, ""miss_deg"": 0.27, ""labels"": [261]}, {""name"": ""物品台"", ""share"": 0.468, ""q"": 0.363, ""capture"": 0.363, ""miss_deg"": 1.42, ""labels"": [40]}, {""name"": ""水瓶"", ""share"": 0.071, ""q"": 0.055, ""capture"": 0.055, ""miss_deg"": 2.41, ""labels"": [30]}]"
2026_08_25/u3,u3,v9,walking,table10,123.46,123.73,0.27,1.814,物品台,40,0.845,0.682,0.682,0.384,0.166,0.193,object#12,,1,1,15,球M,0,3,"[{""name"": ""物品台"", ""share"": 0.845, ""q"": 0.682, ""capture"": 0.682, ""miss_deg"": 0.88, ""labels"": [40]}, {""name"": ""球M"", ""share"": 0.14, ""q"": 0.113, ""capture"": 0.262, ""miss_deg"": 1.64, ""labels"": [261]}, {""name"": ""水瓶"", ""share"": 0.015, ""q"": 0.012, ""capture"": 0.012, ""miss_deg"": 2.97, ""labels"": [30]}]"
2026_08_25/u3,u3,v9,walking,table10,123.79,125.03,1.24,1.642,球M,261,0.475,0.378,0.78,0.433,0.895,0.205,object#12,,1,0,15,球M,1,3,"[{""name"": ""球M"", ""share"": 0.475, ""q"": 0.378, ""capture"": 0.78, ""miss_deg"": 0.71, ""labels"": [261]}, {""name"": ""物品台"", ""share"": 0.425, ""q"": 0.338, ""capture"": 0.338, ""miss_deg"": 1.47, ""labels"": [40]}, {""name"": ""水瓶"", ""share"": 0.1, ""q"": 0.079, ""capture"": 0.079, ""miss_deg"": 2.25, ""labels"": [30]}]"
2026_08_25/u3,u3,v9,walking,table10,125.19,125.73,0.54,1.312,球M,261,0.648,0.614,0.92,0.241,0.361,0.052,object#12,,1,1,15,球M,1,3,"[{""name"": ""球M"", ""share"": 0.648, ""q"": 0.614, ""capture"": 0.92, ""miss_deg"": 0.41, ""labels"": [261]}, {""name"": ""水瓶"", ""share"": 0.234, ""q"": 0.222, ""capture"": 0.222, ""miss_deg"": 1.74, ""labels"": [30]}, {""name"": ""物品台"", ""share"": 0.118, ""q"": 0.112, ""capture"": 0.112, ""miss_deg"": 2.09, ""labels"": [40]}]"
2026_08_25/u3,u3,v9,walking,table10,127.05,127.59,0.54,1.632,,-1,0.0,0.0,,,,1.0,object#26,,0,0,,,,0,[]
2026_08_25/u3,u3,v9,walking,table10,129.56,129.94,0.38,0.958,,-1,0.0,0.0,,,,1.0,object#65,,0,0,,,,0,[]
