rec,card,era,flags,cfg,t_start_rel,t_end_rel,dur_s,dist_m,object,object_label,share,q,capture,A_cap,A_share,p_none,surface,W,acc_live,acc_e2,window_k,target,correct,n_cands,candidates
2026_08_16/000,e1,v7,,v1_cluster0,8.06,8.51,0.45,1.409,球M,321,0.476,,,,0.855,0.726,,,1,0,,,,3,"[{""name"": ""球M"", ""share"": 0.476, ""labels"": [321]}, {""name"": ""球L"", ""share"": 0.407, ""labels"": [320]}, {""name"": ""香蕉"", ""share"": 0.117, ""labels"": [323]}]"
2026_08_16/000,e1,v7,,v1_cluster0,35.34,35.62,0.27,1.359,石榴,78,1.0,,,,0.0,0.852,,,1,1,,,,1,"[{""name"": ""石榴"", ""share"": 1.0, ""labels"": [78]}]"
2026_08_16/000,e1,v7,,v1_cluster0,35.68,36.01,0.32,1.335,香蕉,323,0.632,,,,0.582,0.125,,,1,1,,,,2,"[{""name"": ""香蕉"", ""share"": 0.632, ""labels"": [323]}, {""name"": ""苹果"", ""share"": 0.368, ""labels"": [300]}]"
2026_08_16/000,e1,v7,,v1_cluster0,39.06,39.33,0.27,1.667,石榴,78,0.991,,,,0.009,0.442,,,1,1,,,,2,"[{""name"": ""石榴"", ""share"": 0.991, ""labels"": [78]}, {""name"": ""球R"", ""share"": 0.009, ""labels"": [322]}]"
2026_08_16/000,e1,v7,,v1_cluster0,39.41,44.47,5.07,1.655,苹果,300,0.886,,,,0.129,0.263,,,1,1,1,苹果,1,2,"[{""name"": ""苹果"", ""share"": 0.886, ""labels"": [300]}, {""name"": ""香蕉"", ""share"": 0.114, ""labels"": [323]}]"
2026_08_16/000,e1,v7,,v1_cluster0,44.52,47.29,2.77,1.65,苹果,300,0.704,,,,0.42,0.186,,,1,1,1,苹果,1,2,"[{""name"": ""苹果"", ""share"": 0.704, ""labels"": [300]}, {""name"": ""香蕉"", ""share"": 0.296, ""labels"": [323]}]"
2026_08_16/000,e1,v7,,v1_cluster0,47.58,50.73,3.15,1.414,球M,321,1.0,,,,0.0,0.262,,,1,1,,,,1,"[{""name"": ""球M"", ""share"": 1.0, ""labels"": [321]}]"
2026_08_16/000,e1,v7,,v1_cluster0,50.89,54.3,3.41,1.395,球M,321,1.0,,,,0.0,0.302,,,1,1,2,球M,1,1,"[{""name"": ""球M"", ""share"": 1.0, ""labels"": [321]}]"
2026_08_16/000,e1,v7,,v1_cluster0,54.5,54.95,0.45,1.59,石榴,78,0.923,,,,0.083,0.517,,,1,1,,,,2,"[{""name"": ""石榴"", ""share"": 0.923, ""labels"": [78]}, {""name"": ""球R"", ""share"": 0.077, ""labels"": [322]}]"
2026_08_16/000,e1,v7,,v1_cluster0,55.0,57.54,2.54,1.63,石榴,78,0.991,,,,0.009,0.538,,,1,1,,,,2,"[{""name"": ""石榴"", ""share"": 0.991, ""labels"": [78]}, {""name"": ""球R"", ""share"": 0.009, ""labels"": [322]}]"
2026_08_16/000,e1,v7,,v1_cluster0,57.59,60.9,3.32,1.646,石榴,78,0.98,,,,0.02,0.529,,,1,1,3,石榴,1,2,"[{""name"": ""石榴"", ""share"": 0.98, ""labels"": [78]}, {""name"": ""球R"", ""share"": 0.02, ""labels"": [322]}]"
2026_08_16/000,e1,v7,,v1_cluster0,61.15,65.15,4.0,1.515,香蕉,323,0.928,,,,0.047,0.103,,,1,1,4,香蕉,1,3,"[{""name"": ""香蕉"", ""share"": 0.928, ""labels"": [323]}, {""name"": ""苹果"", ""share"": 0.044, ""labels"": [300]}, {""name"": ""球L"", ""share"": 0.028, ""labels"": [320]}]"
2026_08_16/000,e1,v7,,v1_cluster0,65.2,65.65,0.45,1.607,香蕉,323,0.978,,,,0.02,0.602,,,1,1,4,香蕉,1,3,"[{""name"": ""香蕉"", ""share"": 0.978, ""labels"": [323]}, {""name"": ""苹果"", ""share"": 0.02, ""labels"": [300]}, {""name"": ""球M"", ""share"": 0.001, ""labels"": [321]}]"
2026_08_16/000,e1,v7,,v1_cluster0,65.88,66.82,0.94,1.491,香蕉,323,0.913,,,,0.055,0.083,,,1,1,4,香蕉,1,3,"[{""name"": ""香蕉"", ""share"": 0.913, ""labels"": [323]}, {""name"": ""苹果"", ""share"": 0.05, ""labels"": [300]}, {""name"": ""球L"", ""share"": 0.037, ""labels"": [320]}]"
2026_08_16/000,e1,v7,,v1_cluster0,66.87,68.03,1.16,1.566,香蕉,323,0.966,,,,0.033,0.379,,,1,1,4,香蕉,1,3,"[{""name"": ""香蕉"", ""share"": 0.966, ""labels"": [323]}, {""name"": ""苹果"", ""share"": 0.032, ""labels"": [300]}, {""name"": ""球M"", ""share"": 0.002, ""labels"": [321]}]"
2026_08_16/000,e1,v7,,v1_cluster0,68.59,69.54,0.95,1.423,球L,320,0.778,,,,0.285,0.147,,,1,1,,,,2,"[{""name"": ""球L"", ""share"": 0.778, ""labels"": [320]}, {""name"": ""香蕉"", ""share"": 0.222, ""labels"": [323]}]"
2026_08_16/000,e1,v7,,v1_cluster0,70.45,70.95,0.5,2.689,floor,0,0.684,,,,0.462,0.523,,,0,0,5,球R,0,2,"[{""name"": ""floor"", ""share"": 0.684, ""labels"": [0]}, {""name"": ""球R"", ""share"": 0.316, ""labels"": [322]}]"
2026_08_16/000,e1,v7,,v1_cluster0,71.0,73.51,2.51,1.48,球R,322,0.999,,,,0.001,0.663,,,1,1,5,球R,1,2,"[{""name"": ""球R"", ""share"": 0.999, ""labels"": [322]}, {""name"": ""石榴"", ""share"": 0.001, ""labels"": [78]}]"
2026_08_16/000,e1,v7,,v1_cluster0,74.33,74.83,0.5,1.626,石榴,78,0.813,,,,0.23,0.761,,,1,1,,,,2,"[{""name"": ""石榴"", ""share"": 0.813, ""labels"": [78]}, {""name"": ""球R"", ""share"": 0.187, ""labels"": [322]}]"
2026_08_16/000,e1,v7,,v1_cluster0,75.26,77.05,1.79,1.418,球L,320,0.765,,,,0.307,0.148,,,1,1,,,,2,"[{""name"": ""球L"", ""share"": 0.765, ""labels"": [320]}, {""name"": ""香蕉"", ""share"": 0.235, ""labels"": [323]}]"
2026_08_16/000,e1,v7,,v1_cluster0,77.1,79.85,2.75,1.432,球L,320,0.671,,,,0.49,0.141,,,1,1,6,球L,1,2,"[{""name"": ""球L"", ""share"": 0.671, ""labels"": [320]}, {""name"": ""香蕉"", ""share"": 0.329, ""labels"": [323]}]"
2026_08_16/000,e1,v7,,v1_cluster0,79.96,81.8,1.84,1.472,香蕉,323,0.785,,,,0.265,0.109,,,1,1,6,球L,0,3,"[{""name"": ""香蕉"", ""share"": 0.785, ""labels"": [323]}, {""name"": ""球L"", ""share"": 0.208, ""labels"": [320]}, {""name"": ""苹果"", ""share"": 0.007, ""labels"": [300]}]"
2026_08_16/000,e1,v7,,v1_cluster0,82.27,88.28,6.01,1.458,球M,321,1.0,,,,0.0,0.438,,,1,1,7,球M,1,1,"[{""name"": ""球M"", ""share"": 1.0, ""labels"": [321]}]"
2026_08_16/000,e1,v7,,v1_cluster0,88.49,88.88,0.39,1.622,石榴,78,0.941,,,,0.063,0.54,,,1,1,,,,2,"[{""name"": ""石榴"", ""share"": 0.941, ""labels"": [78]}, {""name"": ""球R"", ""share"": 0.059, ""labels"": [322]}]"
2026_08_16/000,e1,v7,,v1_cluster0,89.27,91.31,2.04,1.664,石榴,78,0.99,,,,0.01,0.583,,,1,1,,,,2,"[{""name"": ""石榴"", ""share"": 0.99, ""labels"": [78]}, {""name"": ""球R"", ""share"": 0.01, ""labels"": [322]}]"
2026_08_16/000,e1,v7,,v1_cluster0,91.36,94.96,3.6,1.651,石榴,78,0.978,,,,0.022,0.639,,,1,1,8,石榴,1,2,"[{""name"": ""石榴"", ""share"": 0.978, ""labels"": [78]}, {""name"": ""球R"", ""share"": 0.022, ""labels"": [322]}]"
2026_08_16/000,e1,v7,,v1_cluster0,95.2,96.77,1.57,1.536,香蕉,323,0.935,,,,0.055,0.113,,,1,1,,,,3,"[{""name"": ""香蕉"", ""share"": 0.935, ""labels"": [323]}, {""name"": ""苹果"", ""share"": 0.051, ""labels"": [300]}, {""name"": ""球L"", ""share"": 0.014, ""labels"": [320]}]"
2026_08_16/000,e1,v7,,v1_cluster0,96.92,98.03,1.1,1.572,香蕉,323,0.905,,,,0.102,0.146,,,1,1,9,香蕉,1,3,"[{""name"": ""香蕉"", ""share"": 0.905, ""labels"": [323]}, {""name"": ""苹果"", ""share"": 0.092, ""labels"": [300]}, {""name"": ""球L"", ""share"": 0.002, ""labels"": [320]}]"
2026_08_16/000,e1,v7,,v1_cluster0,98.2,100.65,2.45,1.602,香蕉,323,0.804,,,,0.244,0.136,,,1,1,9,香蕉,1,3,"[{""name"": ""香蕉"", ""share"": 0.804, ""labels"": [323]}, {""name"": ""苹果"", ""share"": 0.196, ""labels"": [300]}, {""name"": ""球L"", ""share"": 0.0, ""labels"": [320]}]"
2026_08_16/000,e1,v7,,v1_cluster0,100.76,101.76,1.0,1.629,香蕉,323,0.774,,,,0.292,0.325,,,1,1,9,香蕉,1,2,"[{""name"": ""香蕉"", ""share"": 0.774, ""labels"": [323]}, {""name"": ""苹果"", ""share"": 0.226, ""labels"": [300]}]"
2026_08_16/000,e1,v7,,v1_cluster0,102.28,105.33,3.05,1.453,球L,320,0.607,,,,0.647,0.139,,,1,1,,,,2,"[{""name"": ""球L"", ""share"": 0.607, ""labels"": [320]}, {""name"": ""香蕉"", ""share"": 0.393, ""labels"": [323]}]"
2026_08_16/000,e1,v7,,v1_cluster0,105.38,108.98,3.6,1.487,香蕉,323,0.592,,,,0.689,0.128,,,1,1,10,球L,0,2,"[{""name"": ""香蕉"", ""share"": 0.592, ""labels"": [323]}, {""name"": ""球L"", ""share"": 0.408, ""labels"": [320]}]"
2026_08_16/000,e1,v7,,v1_cluster0,109.36,111.89,2.53,1.65,苹果,300,0.771,,,,0.297,0.442,,,1,1,,,,2,"[{""name"": ""苹果"", ""share"": 0.771, ""labels"": [300]}, {""name"": ""香蕉"", ""share"": 0.229, ""labels"": [323]}]"
2026_08_16/000,e1,v7,,v1_cluster0,111.94,112.89,0.94,1.654,苹果,300,0.814,,,,0.229,0.469,,,1,1,11,苹果,1,2,"[{""name"": ""苹果"", ""share"": 0.814, ""labels"": [300]}, {""name"": ""香蕉"", ""share"": 0.186, ""labels"": [323]}]"
2026_08_16/000,e1,v7,,v1_cluster0,112.99,114.45,1.46,1.662,苹果,300,0.793,,,,0.261,0.627,,,1,1,11,苹果,1,2,"[{""name"": ""苹果"", ""share"": 0.793, ""labels"": [300]}, {""name"": ""香蕉"", ""share"": 0.207, ""labels"": [323]}]"
2026_08_16/000,e1,v7,,v1_cluster0,114.56,114.84,0.28,1.664,苹果,300,0.759,,,,0.318,0.536,,,1,1,11,苹果,1,2,"[{""name"": ""苹果"", ""share"": 0.759, ""labels"": [300]}, {""name"": ""香蕉"", ""share"": 0.241, ""labels"": [323]}]"
2026_08_16/000,e1,v7,,v1_cluster0,114.94,116.34,1.4,1.666,苹果,300,0.726,,,,0.377,0.538,,,1,1,11,苹果,1,2,"[{""name"": ""苹果"", ""share"": 0.726, ""labels"": [300]}, {""name"": ""香蕉"", ""share"": 0.274, ""labels"": [323]}]"
2026_08_16/000,e1,v7,,v1_cluster0,116.39,116.71,0.32,1.557,球M,321,0.995,,,,0.005,0.841,,,1,1,,,,2,"[{""name"": ""球M"", ""share"": 0.995, ""labels"": [321]}, {""name"": ""石榴"", ""share"": 0.005, ""labels"": [78]}]"
2026_08_16/000,e1,v7,,v1_cluster0,116.77,117.04,0.27,1.491,香蕉,323,0.913,,,,0.084,0.479,,,1,1,,,,3,"[{""name"": ""香蕉"", ""share"": 0.913, ""labels"": [323]}, {""name"": ""球L"", ""share"": 0.077, ""labels"": [320]}, {""name"": ""球M"", ""share"": 0.01, ""labels"": [321]}]"
2026_08_16/000,e1,v7,,v1_cluster0,117.61,123.42,5.81,1.473,球R,322,1.0,,,,0.0,0.683,,,1,1,12,球R,1,2,"[{""name"": ""球R"", ""share"": 1.0, ""labels"": [322]}, {""name"": ""石榴"", ""share"": 0.0, ""labels"": [78]}]"
2026_08_16/001,e2,v7,stress,v1_cluster0,3.02,3.34,0.32,2.4,floor,0,1.0,,,,0.0,0.109,,,0,0,,,,1,"[{""name"": ""floor"", ""share"": 1.0, ""labels"": [0]}]"
2026_08_16/001,e2,v7,stress,v1_cluster0,7.85,9.25,1.41,2.597,floor,0,1.0,,,,0.0,0.063,,,0,0,,,,1,"[{""name"": ""floor"", ""share"": 1.0, ""labels"": [0]}]"
2026_08_16/001,e2,v7,stress,v1_cluster0,9.31,9.69,0.38,3.071,floor,0,1.0,,,,0.0,0.092,,,0,0,,,,1,"[{""name"": ""floor"", ""share"": 1.0, ""labels"": [0]}]"
2026_08_16/001,e2,v7,stress,v1_cluster0,10.91,11.35,0.43,3.111,球M,321,0.997,,,,0.002,0.852,,,1,1,,,,3,"[{""name"": ""球M"", ""share"": 0.997, ""labels"": [321]}, {""name"": ""香蕉"", ""share"": 0.002, ""labels"": [323]}, {""name"": ""球R"", ""share"": 0.0, ""labels"": [322]}]"
2026_08_16/001,e2,v7,stress,v1_cluster0,11.4,11.94,0.54,3.057,球L,320,0.909,,,,0.075,0.917,,,1,1,,,,3,"[{""name"": ""球L"", ""share"": 0.909, ""labels"": [320]}, {""name"": ""香蕉"", ""share"": 0.068, ""labels"": [323]}, {""name"": ""球M"", ""share"": 0.023, ""labels"": [321]}]"
2026_08_16/001,e2,v7,stress,v1_cluster0,12.38,15.9,3.52,3.168,球L,320,0.93,,,,0.071,0.873,,,1,1,,,,3,"[{""name"": ""球L"", ""share"": 0.93, ""labels"": [320]}, {""name"": ""香蕉"", ""share"": 0.066, ""labels"": [323]}, {""name"": ""苹果"", ""share"": 0.004, ""labels"": [300]}]"
2026_08_16/001,e2,v7,stress,v1_cluster0,16.18,18.34,2.17,3.164,球L,320,0.896,,,,0.098,0.825,,,1,1,1,球L,1,3,"[{""name"": ""球L"", ""share"": 0.896, ""labels"": [320]}, {""name"": ""香蕉"", ""share"": 0.088, ""labels"": [323]}, {""name"": ""苹果"", ""share"": 0.015, ""labels"": [300]}]"
2026_08_16/001,e2,v7,stress,v1_cluster0,18.72,19.32,0.6,3.168,球L,320,0.778,,,,0.188,0.887,,,1,1,1,球L,1,3,"[{""name"": ""球L"", ""share"": 0.778, ""labels"": [320]}, {""name"": ""香蕉"", ""share"": 0.146, ""labels"": [323]}, {""name"": ""球M"", ""share"": 0.073, ""labels"": [321]}]"
2026_08_16/001,e2,v7,stress,v1_cluster0,19.64,20.4,0.76,3.193,球R,322,0.993,,,,0.007,0.925,,,1,1,,,,2,"[{""name"": ""球R"", ""share"": 0.993, ""labels"": [322]}, {""name"": ""石榴"", ""share"": 0.007, ""labels"": [78]}]"
2026_08_16/001,e2,v7,stress,v1_cluster0,20.63,22.48,1.85,3.202,球R,322,0.901,,,,0.064,0.911,,,1,1,,,,3,"[{""name"": ""球R"", ""share"": 0.901, ""labels"": [322]}, {""name"": ""球M"", ""share"": 0.058, ""labels"": [321]}, {""name"": ""石榴"", ""share"": 0.042, ""labels"": [78]}]"
2026_08_16/001,e2,v7,stress,v1_cluster0,22.8,24.97,2.17,3.186,球R,322,0.816,,,,0.225,0.951,,,1,1,,,,2,"[{""name"": ""球R"", ""share"": 0.816, ""labels"": [322]}, {""name"": ""球M"", ""share"": 0.184, ""labels"": [321]}]"
2026_08_16/001,e2,v7,stress,v1_cluster0,25.14,26.17,1.03,3.192,球R,322,0.904,,,,0.077,0.922,,,1,1,,,,3,"[{""name"": ""球R"", ""share"": 0.904, ""labels"": [322]}, {""name"": ""球M"", ""share"": 0.07, ""labels"": [321]}, {""name"": ""石榴"", ""share"": 0.026, ""labels"": [78]}]"
2026_08_16/001,e2,v7,stress,v1_cluster0,26.4,28.57,2.17,3.184,球L,320,0.74,,,,0.228,0.642,,,1,1,,,,3,"[{""name"": ""球L"", ""share"": 0.74, ""labels"": [320]}, {""name"": ""香蕉"", ""share"": 0.169, ""labels"": [323]}, {""name"": ""苹果"", ""share"": 0.089, ""labels"": [300]}]"
2026_08_16/001,e2,v7,stress,v1_cluster0,28.82,31.96,3.14,3.281,球L,320,0.741,,,,0.239,0.678,,,1,1,,,,3,"[{""name"": ""球L"", ""share"": 0.741, ""labels"": [320]}, {""name"": ""香蕉"", ""share"": 0.177, ""labels"": [323]}, {""name"": ""苹果"", ""share"": 0.078, ""labels"": [300]}]"
2026_08_16/001,e2,v7,stress,v1_cluster0,32.18,32.5,0.32,3.286,球L,320,0.666,,,,0.321,0.612,,,1,1,2,球R,0,3,"[{""name"": ""球L"", ""share"": 0.666, ""labels"": [320]}, {""name"": ""香蕉"", ""share"": 0.214, ""labels"": [323]}, {""name"": ""苹果"", ""share"": 0.111, ""labels"": [300]}]"
2026_08_16/001,e2,v7,stress,v1_cluster0,32.56,33.64,1.08,3.305,球R,322,0.822,,,,0.217,0.727,,,1,1,2,球R,1,2,"[{""name"": ""球R"", ""share"": 0.822, ""labels"": [322]}, {""name"": ""石榴"", ""share"": 0.178, ""labels"": [78]}]"
2026_08_16/001,e2,v7,stress,v1_cluster0,33.8,34.24,0.43,3.327,球R,322,0.698,,,,0.262,0.803,,,1,1,2,球R,1,3,"[{""name"": ""球R"", ""share"": 0.698, ""labels"": [322]}, {""name"": ""石榴"", ""share"": 0.183, ""labels"": [78]}, {""name"": ""球M"", ""share"": 0.119, ""labels"": [321]}]"
2026_08_16/001,e2,v7,stress,v1_cluster0,34.47,37.77,3.3,3.316,球R,322,0.73,,,,0.274,0.756,,,1,1,2,球R,1,3,"[{""name"": ""球R"", ""share"": 0.73, ""labels"": [322]}, {""name"": ""石榴"", ""share"": 0.2, ""labels"": [78]}, {""name"": ""球M"", ""share"": 0.07, ""labels"": [321]}]"
2026_08_16/001,e2,v7,stress,v1_cluster0,37.9,39.9,2.0,3.312,球R,322,0.742,,,,0.286,0.742,,,1,1,2,球R,1,3,"[{""name"": ""球R"", ""share"": 0.742, ""labels"": [322]}, {""name"": ""石榴"", ""share"": 0.212, ""labels"": [78]}, {""name"": ""球M"", ""share"": 0.047, ""labels"": [321]}]"
2026_08_16/001,e2,v7,stress,v1_cluster0,40.15,40.42,0.27,3.515,球M,321,0.92,,,,0.045,0.931,,,1,1,,,,3,"[{""name"": ""球M"", ""share"": 0.92, ""labels"": [321]}, {""name"": ""香蕉"", ""share"": 0.041, ""labels"": [323]}, {""name"": ""球L"", ""share"": 0.039, ""labels"": [320]}]"
2026_08_16/001,e2,v7,stress,v1_cluster0,40.53,40.91,0.38,3.452,球M,321,0.956,,,,0.026,0.95,,,1,1,,,,3,"[{""name"": ""球M"", ""share"": 0.956, ""labels"": [321]}, {""name"": ""球L"", ""share"": 0.025, ""labels"": [320]}, {""name"": ""香蕉"", ""share"": 0.02, ""labels"": [323]}]"
2026_08_16/001,e2,v7,stress,v1_cluster0,41.07,41.51,0.43,3.596,球M,321,0.953,,,,0.037,0.907,,,1,1,,,,3,"[{""name"": ""球M"", ""share"": 0.953, ""labels"": [321]}, {""name"": ""香蕉"", ""share"": 0.035, ""labels"": [323]}, {""name"": ""球L"", ""share"": 0.013, ""labels"": [320]}]"
2026_08_16/001,e2,v7,stress,v1_cluster0,43.74,45.42,1.68,3.61,球M,321,0.963,,,,0.03,0.909,,,1,1,5,球M,1,3,"[{""name"": ""球M"", ""share"": 0.963, ""labels"": [321]}, {""name"": ""香蕉"", ""share"": 0.029, ""labels"": [323]}, {""name"": ""球L"", ""share"": 0.007, ""labels"": [320]}]"
2026_08_16/001,e2,v7,stress,v1_cluster0,46.21,46.48,0.27,3.683,球M,321,0.944,,,,0.048,0.886,,,1,1,,,,3,"[{""name"": ""球M"", ""share"": 0.944, ""labels"": [321]}, {""name"": ""香蕉"", ""share"": 0.045, ""labels"": [323]}, {""name"": ""球L"", ""share"": 0.01, ""labels"": [320]}]"
2026_08_16/001,e2,v7,stress,v1_cluster0,46.8,49.4,2.6,3.275,球L,320,0.716,,,,0.27,0.718,,,1,1,,,,3,"[{""name"": ""球L"", ""share"": 0.716, ""labels"": [320]}, {""name"": ""香蕉"", ""share"": 0.193, ""labels"": [323]}, {""name"": ""苹果"", ""share"": 0.066, ""labels"": [300]}]"
2026_08_16/001,e2,v7,stress,v1_cluster0,49.66,51.12,1.46,3.274,球L,320,0.592,,,,0.463,0.675,,,1,1,,,,3,"[{""name"": ""球L"", ""share"": 0.592, ""labels"": [320]}, {""name"": ""香蕉"", ""share"": 0.274, ""labels"": [323]}, {""name"": ""苹果"", ""share"": 0.086, ""labels"": [300]}]"
2026_08_16/001,e2,v7,stress,v1_cluster0,51.44,53.18,1.73,3.267,球L,320,0.734,,,,0.256,0.84,,,1,1,,,,3,"[{""name"": ""球L"", ""share"": 0.734, ""labels"": [320]}, {""name"": ""香蕉"", ""share"": 0.188, ""labels"": [323]}, {""name"": ""球M"", ""share"": 0.055, ""labels"": [321]}]"
2026_08_16/001,e2,v7,stress,v1_cluster0,53.44,56.53,3.09,3.28,球L,320,0.666,,,,0.315,0.615,,,1,1,,,,3,"[{""name"": ""球L"", ""share"": 0.666, ""labels"": [320]}, {""name"": ""香蕉"", ""share"": 0.21, ""labels"": [323]}, {""name"": ""苹果"", ""share"": 0.114, ""labels"": [300]}]"
2026_08_16/001,e2,v7,stress,v1_cluster0,56.69,59.83,3.14,3.266,球L,320,0.62,,,,0.371,0.584,,,1,1,,,,3,"[{""name"": ""球L"", ""share"": 0.62, ""labels"": [320]}, {""name"": ""香蕉"", ""share"": 0.23, ""labels"": [323]}, {""name"": ""苹果"", ""share"": 0.138, ""labels"": [300]}]"
2026_08_16/001,e2,v7,stress,v1_cluster0,60.49,62.76,2.27,3.338,球R,322,0.646,,,,0.396,0.738,,,1,1,10,球R,1,3,"[{""name"": ""球R"", ""share"": 0.646, ""labels"": [322]}, {""name"": ""石榴"", ""share"": 0.256, ""labels"": [78]}, {""name"": ""球M"", ""share"": 0.098, ""labels"": [321]}]"
2026_08_16/001,e2,v7,stress,v1_cluster0,62.93,66.56,3.63,3.327,球R,322,0.759,,,,0.199,0.817,,,1,1,10,球R,1,3,"[{""name"": ""球R"", ""share"": 0.759, ""labels"": [322]}, {""name"": ""石榴"", ""share"": 0.151, ""labels"": [78]}, {""name"": ""球M"", ""share"": 0.09, ""labels"": [321]}]"
2026_08_16/001,e2,v7,stress,v1_cluster0,66.93,69.42,2.49,3.271,球L,320,0.678,,,,0.304,0.803,,,1,1,11,球L,1,3,"[{""name"": ""球L"", ""share"": 0.678, ""labels"": [320]}, {""name"": ""香蕉"", ""share"": 0.206, ""labels"": [323]}, {""name"": ""球M"", ""share"": 0.073, ""labels"": [321]}]"
2026_08_16/001,e2,v7,stress,v1_cluster0,69.64,71.37,1.73,3.283,球L,320,0.705,,,,0.292,0.819,,,1,1,11,球L,1,3,"[{""name"": ""球L"", ""share"": 0.705, ""labels"": [320]}, {""name"": ""香蕉"", ""share"": 0.206, ""labels"": [323]}, {""name"": ""球M"", ""share"": 0.059, ""labels"": [321]}]"
2026_08_16/001,e2,v7,stress,v1_cluster0,71.55,73.88,2.33,3.287,球L,320,0.637,,,,0.392,0.709,,,1,1,11,球L,1,3,"[{""name"": ""球L"", ""share"": 0.637, ""labels"": [320]}, {""name"": ""香蕉"", ""share"": 0.25, ""labels"": [323]}, {""name"": ""苹果"", ""share"": 0.071, ""labels"": [300]}]"
2026_08_16/001,e2,v7,stress,v1_cluster0,74.13,80.95,6.82,3.305,球R,322,0.899,,,,0.068,0.916,,,1,1,,,,3,"[{""name"": ""球R"", ""share"": 0.899, ""labels"": [322]}, {""name"": ""球M"", ""share"": 0.061, ""labels"": [321]}, {""name"": ""石榴"", ""share"": 0.039, ""labels"": [78]}]"
2026_08_16/001,e2,v7,stress,v1_cluster0,81.41,81.74,0.32,3.506,球M,321,0.971,,,,0.023,0.929,,,1,1,,,,3,"[{""name"": ""球M"", ""share"": 0.971, ""labels"": [321]}, {""name"": ""香蕉"", ""share"": 0.022, ""labels"": [323]}, {""name"": ""球L"", ""share"": 0.008, ""labels"": [320]}]"
2026_08_16/001,e2,v7,stress,v1_cluster0,81.85,87.86,6.01,3.285,球L,320,0.915,,,,0.078,0.868,,,1,1,,,,3,"[{""name"": ""球L"", ""share"": 0.915, ""labels"": [320]}, {""name"": ""香蕉"", ""share"": 0.071, ""labels"": [323]}, {""name"": ""苹果"", ""share"": 0.014, ""labels"": [300]}]"
2026_08_16/001,e2,v7,stress,v1_cluster0,89.87,90.14,0.27,3.453,球M,321,0.778,,,,0.175,0.928,,,1,1,,,,3,"[{""name"": ""球M"", ""share"": 0.778, ""labels"": [321]}, {""name"": ""球L"", ""share"": 0.136, ""labels"": [320]}, {""name"": ""香蕉"", ""share"": 0.087, ""labels"": [323]}]"
2026_08_16/001,e2,v7,stress,v1_cluster0,90.47,90.79,0.32,4.591,球M,321,0.836,,,,0.141,0.811,,,1,1,,,,3,"[{""name"": ""球M"", ""share"": 0.836, ""labels"": [321]}, {""name"": ""香蕉"", ""share"": 0.118, ""labels"": [323]}, {""name"": ""球L"", ""share"": 0.038, ""labels"": [320]}]"
2026_08_16/001,e2,v7,stress,v1_cluster0,91.23,91.61,0.38,3.644,球M,321,0.91,,,,0.07,0.892,,,1,1,,,,3,"[{""name"": ""球M"", ""share"": 0.91, ""labels"": [321]}, {""name"": ""香蕉"", ""share"": 0.064, ""labels"": [323]}, {""name"": ""球L"", ""share"": 0.025, ""labels"": [320]}]"
2026_08_16/001,e2,v7,stress,v1_cluster0,93.23,93.5,0.27,3.709,球M,321,0.971,,,,0.03,0.88,,,1,1,12,球M,1,3,"[{""name"": ""球M"", ""share"": 0.971, ""labels"": [321]}, {""name"": ""香蕉"", ""share"": 0.029, ""labels"": [323]}, {""name"": ""石榴"", ""share"": 0.0, ""labels"": [78]}]"
2026_08_16/001,e2,v7,stress,v1_cluster0,93.55,94.96,1.41,3.475,球M,321,0.923,,,,0.044,0.937,,,1,1,12,球M,1,3,"[{""name"": ""球M"", ""share"": 0.923, ""labels"": [321]}, {""name"": ""球L"", ""share"": 0.041, ""labels"": [320]}, {""name"": ""香蕉"", ""share"": 0.035, ""labels"": [323]}]"
2026_08_16/001,e2,v7,stress,v1_cluster0,95.12,95.61,0.49,4.563,球M,321,0.855,,,,0.111,0.821,,,1,1,12,球M,1,3,"[{""name"": ""球M"", ""share"": 0.855, ""labels"": [321]}, {""name"": ""香蕉"", ""share"": 0.095, ""labels"": [323]}, {""name"": ""球L"", ""share"": 0.045, ""labels"": [320]}]"
2026_08_16/001,e2,v7,stress,v1_cluster0,99.54,99.81,0.27,2.031,floor,0,1.0,,,,0.0,0.989,,,0,0,,,,1,"[{""name"": ""floor"", ""share"": 1.0, ""labels"": [0]}]"
2026_08_16/001,e2,v7,stress,v1_cluster0,99.87,100.25,0.39,2.13,floor,0,1.0,,,,0.0,0.567,,,0,0,,,,1,"[{""name"": ""floor"", ""share"": 1.0, ""labels"": [0]}]"
2026_08_16/001,e2,v7,stress,v1_cluster0,100.37,100.65,0.27,1.933,floor,0,1.0,,,,0.0,0.159,,,0,0,,,,1,"[{""name"": ""floor"", ""share"": 1.0, ""labels"": [0]}]"
2026_08_16/s1,s1,v7,,v1_cluster0,4.78,5.11,0.34,2.186,floor,0,1.0,,,,0.0,0.164,,,0,0,,,,1,"[{""name"": ""floor"", ""share"": 1.0, ""labels"": [0]}]"
2026_08_16/s1,s1,v7,,v1_cluster0,7.27,7.53,0.27,2.04,floor,0,1.0,,,,0.0,0.079,,,0,0,,,,1,"[{""name"": ""floor"", ""share"": 1.0, ""labels"": [0]}]"
2026_08_16/s1,s1,v7,,v1_cluster0,13.16,13.48,0.32,1.604,球M,321,1.0,,,,0.0,0.646,,,1,1,,,,2,"[{""name"": ""球M"", ""share"": 1.0, ""labels"": [321]}, {""name"": ""石榴"", ""share"": 0.0, ""labels"": [78]}]"
2026_08_16/s1,s1,v7,,v1_cluster0,13.81,14.46,0.65,1.595,球M,321,1.0,,,,0.0,0.57,,,1,1,,,,2,"[{""name"": ""球M"", ""share"": 1.0, ""labels"": [321]}, {""name"": ""石榴"", ""share"": 0.0, ""labels"": [78]}]"
2026_08_16/s1,s1,v7,,v1_cluster0,14.51,15.0,0.49,1.756,石榴,78,0.557,,,,0.795,0.978,,,1,1,,,,2,"[{""name"": ""石榴"", ""share"": 0.557, ""labels"": [78]}, {""name"": ""球M"", ""share"": 0.443, ""labels"": [321]}]"
2026_08_16/s1,s1,v7,,v1_cluster0,15.06,15.43,0.38,1.573,球M,321,1.0,,,,0.0,0.598,,,1,1,,,,1,"[{""name"": ""球M"", ""share"": 1.0, ""labels"": [321]}]"
2026_08_16/s1,s1,v7,,v1_cluster0,15.85,20.23,4.39,1.615,球R,322,0.995,,,,0.005,0.339,,,1,1,1,球R,1,2,"[{""name"": ""球R"", ""share"": 0.995, ""labels"": [322]}, {""name"": ""石榴"", ""share"": 0.005, ""labels"": [78]}]"
2026_08_16/s1,s1,v7,,v1_cluster0,20.53,22.37,1.84,1.606,球R,322,0.99,,,,0.01,0.374,,,1,1,1,球R,1,2,"[{""name"": ""球R"", ""share"": 0.99, ""labels"": [322]}, {""name"": ""石榴"", ""share"": 0.01, ""labels"": [78]}]"
2026_08_16/s1,s1,v7,,v1_cluster0,22.7,29.26,6.55,1.531,球L,320,0.859,,,,0.164,0.282,,,1,1,2,球L,1,2,"[{""name"": ""球L"", ""share"": 0.859, ""labels"": [320]}, {""name"": ""香蕉"", ""share"": 0.141, ""labels"": [323]}]"
2026_08_16/s1,s1,v7,,v1_cluster0,29.58,32.4,2.82,1.496,球M,321,1.0,,,,0.0,0.309,,,1,1,,,,2,"[{""name"": ""球M"", ""share"": 1.0, ""labels"": [321]}, {""name"": ""香蕉"", ""share"": 0.0, ""labels"": [323]}]"
2026_08_16/s1,s1,v7,,v1_cluster0,32.75,36.27,3.52,1.485,球M,321,1.0,,,,0.0,0.411,,,1,1,3,球M,1,2,"[{""name"": ""球M"", ""share"": 1.0, ""labels"": [321]}, {""name"": ""香蕉"", ""share"": 0.0, ""labels"": [323]}]"
2026_08_16/s1,s1,v7,,v1_cluster0,36.45,42.95,6.5,1.525,球L,320,0.797,,,,0.255,0.219,,,1,1,4,球L,1,2,"[{""name"": ""球L"", ""share"": 0.797, ""labels"": [320]}, {""name"": ""香蕉"", ""share"": 0.203, ""labels"": [323]}]"
2026_08_16/s1,s1,v7,,v1_cluster0,43.3,43.68,0.38,1.615,球R,322,0.985,,,,0.015,0.348,,,1,1,,,,2,"[{""name"": ""球R"", ""share"": 0.985, ""labels"": [322]}, {""name"": ""石榴"", ""share"": 0.015, ""labels"": [78]}]"
2026_08_16/s1,s1,v7,,v1_cluster0,43.79,49.85,6.07,1.501,球M,321,1.0,,,,0.0,0.335,,,1,1,5,球M,1,2,"[{""name"": ""球M"", ""share"": 1.0, ""labels"": [321]}, {""name"": ""香蕉"", ""share"": 0.0, ""labels"": [323]}]"
2026_08_16/s1,s1,v7,,v1_cluster0,50.41,56.69,6.28,1.502,球M,321,1.0,,,,0.0,0.296,,,1,1,6,球M,1,2,"[{""name"": ""球M"", ""share"": 1.0, ""labels"": [321]}, {""name"": ""香蕉"", ""share"": 0.0, ""labels"": [323]}]"
2026_08_16/s1,s1,v7,,v1_cluster0,56.99,63.44,6.45,1.588,球R,322,0.984,,,,0.016,0.348,,,1,1,7,球R,1,2,"[{""name"": ""球R"", ""share"": 0.984, ""labels"": [322]}, {""name"": ""石榴"", ""share"": 0.016, ""labels"": [78]}]"
2026_08_16/s1,s1,v7,,v1_cluster0,63.83,68.98,5.15,1.563,球L,320,0.89,,,,0.124,0.431,,,1,1,8,球L,1,3,"[{""name"": ""球L"", ""share"": 0.89, ""labels"": [320]}, {""name"": ""香蕉"", ""share"": 0.11, ""labels"": [323]}, {""name"": ""苹果"", ""share"": 0.0, ""labels"": [300]}]"
2026_08_16/s1,s1,v7,,v1_cluster0,69.03,70.61,1.58,1.557,球L,320,0.698,,,,0.431,0.22,,,1,1,8,球L,1,3,"[{""name"": ""球L"", ""share"": 0.698, ""labels"": [320]}, {""name"": ""香蕉"", ""share"": 0.301, ""labels"": [323]}, {""name"": ""苹果"", ""share"": 0.002, ""labels"": [300]}]"
2026_08_16/s1,s1,v7,,v1_cluster0,71.04,77.49,6.45,1.575,球L,320,0.883,,,,0.13,0.521,,,1,1,9,球L,1,3,"[{""name"": ""球L"", ""share"": 0.883, ""labels"": [320]}, {""name"": ""香蕉"", ""share"": 0.115, ""labels"": [323]}, {""name"": ""苹果"", ""share"": 0.002, ""labels"": [300]}]"
2026_08_16/s1,s1,v7,,v1_cluster0,77.81,83.19,5.38,1.535,球M,321,0.999,,,,0.001,0.408,,,1,1,10,球M,1,2,"[{""name"": ""球M"", ""share"": 0.999, ""labels"": [321]}, {""name"": ""香蕉"", ""share"": 0.001, ""labels"": [323]}]"
2026_08_16/s1,s1,v7,,v1_cluster0,83.45,84.81,1.35,1.57,球M,321,0.99,,,,0.01,0.516,,,1,1,10,球M,1,2,"[{""name"": ""球M"", ""share"": 0.99, ""labels"": [321]}, {""name"": ""香蕉"", ""share"": 0.01, ""labels"": [323]}]"
2026_08_16/s1,s1,v7,,v1_cluster0,85.1,91.55,6.45,1.599,球R,322,0.983,,,,0.017,0.457,,,1,1,11,球R,1,2,"[{""name"": ""球R"", ""share"": 0.983, ""labels"": [322]}, {""name"": ""石榴"", ""share"": 0.017, ""labels"": [78]}]"
2026_08_16/s1,s1,v7,,v1_cluster0,91.92,97.66,5.74,1.509,球M,321,1.0,,,,0.0,0.323,,,1,1,12,球M,1,2,"[{""name"": ""球M"", ""share"": 1.0, ""labels"": [321]}, {""name"": ""香蕉"", ""share"": 0.0, ""labels"": [323]}]"
2026_08_16/s1,s1,v7,,v1_cluster0,97.82,98.96,1.14,1.49,球M,321,1.0,,,,0.0,0.266,,,1,1,12,球M,1,1,"[{""name"": ""球M"", ""share"": 1.0, ""labels"": [321]}]"
2026_08_16/s1,s1,v7,,v1_cluster0,99.26,105.98,6.72,1.609,球R,322,0.968,,,,0.033,0.377,,,1,1,13,球R,1,2,"[{""name"": ""球R"", ""share"": 0.968, ""labels"": [322]}, {""name"": ""石榴"", ""share"": 0.032, ""labels"": [78]}]"
2026_08_16/s1,s1,v7,,v1_cluster0,106.49,113.21,6.72,1.607,球R,322,0.936,,,,0.068,0.426,,,1,1,14,球R,1,2,"[{""name"": ""球R"", ""share"": 0.936, ""labels"": [322]}, {""name"": ""石榴"", ""share"": 0.064, ""labels"": [78]}]"
2026_08_16/s1,s1,v7,,v1_cluster0,113.26,113.53,0.27,1.585,香蕉,323,0.657,,,,0.513,0.719,,,1,1,,,,3,"[{""name"": ""香蕉"", ""share"": 0.657, ""labels"": [323]}, {""name"": ""球M"", ""share"": 0.337, ""labels"": [321]}, {""name"": ""球L"", ""share"": 0.005, ""labels"": [320]}]"
2026_08_16/s1,s1,v7,,v1_cluster0,113.59,120.3,6.72,1.587,球L,320,0.873,,,,0.141,0.557,,,1,1,15,球L,1,3,"[{""name"": ""球L"", ""share"": 0.873, ""labels"": [320]}, {""name"": ""香蕉"", ""share"": 0.123, ""labels"": [323]}, {""name"": ""苹果"", ""share"": 0.004, ""labels"": [300]}]"
2026_08_16/s2,s2,v7,,v1_cluster0,4.48,4.97,0.48,1.741,floor,0,1.0,,,,0.0,0.796,,,0,0,,,,1,"[{""name"": ""floor"", ""share"": 1.0, ""labels"": [0]}]"
2026_08_16/s2,s2,v7,,v1_cluster0,7.07,7.39,0.32,2.564,球M,321,0.957,,,,0.039,0.702,,,1,1,,,,3,"[{""name"": ""球M"", ""share"": 0.957, ""labels"": [321]}, {""name"": ""香蕉"", ""share"": 0.037, ""labels"": [323]}, {""name"": ""石榴"", ""share"": 0.006, ""labels"": [78]}]"
2026_08_16/s2,s2,v7,,v1_cluster0,11.55,11.93,0.38,3.041,floor,0,1.0,,,,0.0,0.032,,,0,0,,,,1,"[{""name"": ""floor"", ""share"": 1.0, ""labels"": [0]}]"
2026_08_16/s2,s2,v7,,v1_cluster0,12.2,12.63,0.43,3.094,floor,0,1.0,,,,0.0,0.017,,,0,0,,,,1,"[{""name"": ""floor"", ""share"": 1.0, ""labels"": [0]}]"
2026_08_16/s2,s2,v7,,v1_cluster0,14.48,15.35,0.87,2.432,球M,321,0.93,,,,0.074,0.703,,,1,1,,,,3,"[{""name"": ""球M"", ""share"": 0.93, ""labels"": [321]}, {""name"": ""香蕉"", ""share"": 0.069, ""labels"": [323]}, {""name"": ""石榴"", ""share"": 0.001, ""labels"": [78]}]"
2026_08_16/s2,s2,v7,,v1_cluster0,15.4,16.05,0.65,2.42,香蕉,323,0.632,,,,0.419,0.432,,,1,1,,,,3,"[{""name"": ""香蕉"", ""share"": 0.632, ""labels"": [323]}, {""name"": ""苹果"", ""share"": 0.265, ""labels"": [300]}, {""name"": ""球L"", ""share"": 0.08, ""labels"": [320]}]"
2026_08_16/s2,s2,v7,,v1_cluster0,16.38,16.81,0.43,2.449,球L,320,0.557,,,,0.679,0.451,,,1,1,,,,3,"[{""name"": ""球L"", ""share"": 0.557, ""labels"": [320]}, {""name"": ""香蕉"", ""share"": 0.378, ""labels"": [323]}, {""name"": ""苹果"", ""share"": 0.059, ""labels"": [300]}]"
2026_08_16/s2,s2,v7,,v1_cluster0,17.54,23.92,6.38,2.352,球M,321,0.996,,,,0.003,0.584,,,1,1,1,球M,1,3,"[{""name"": ""球M"", ""share"": 0.996, ""labels"": [321]}, {""name"": ""香蕉"", ""share"": 0.003, ""labels"": [323]}, {""name"": ""石榴"", ""share"": 0.0, ""labels"": [78]}]"
2026_08_16/s2,s2,v7,,v1_cluster0,24.17,30.51,6.34,2.485,球R,322,0.89,,,,0.124,0.662,,,1,1,2,球R,1,2,"[{""name"": ""球R"", ""share"": 0.89, ""labels"": [322]}, {""name"": ""石榴"", ""share"": 0.11, ""labels"": [78]}]"
2026_08_16/s2,s2,v7,,v1_cluster0,30.84,37.66,6.82,2.397,球M,321,0.985,,,,0.014,0.571,,,1,1,3,球M,1,3,"[{""name"": ""球M"", ""share"": 0.985, ""labels"": [321]}, {""name"": ""香蕉"", ""share"": 0.014, ""labels"": [323]}, {""name"": ""石榴"", ""share"": 0.001, ""labels"": [78]}]"
2026_08_16/s2,s2,v7,,v1_cluster0,37.96,44.4,6.45,2.488,球R,322,0.833,,,,0.2,0.565,,,1,1,4,球R,1,2,"[{""name"": ""球R"", ""share"": 0.833, ""labels"": [322]}, {""name"": ""石榴"", ""share"": 0.167, ""labels"": [78]}]"
2026_08_16/s2,s2,v7,,v1_cluster0,44.81,51.36,6.55,2.44,球L,320,0.512,,,,0.682,0.369,,,1,1,5,球L,1,3,"[{""name"": ""球L"", ""share"": 0.512, ""labels"": [320]}, {""name"": ""香蕉"", ""share"": 0.349, ""labels"": [323]}, {""name"": ""苹果"", ""share"": 0.139, ""labels"": [300]}]"
2026_08_16/s2,s2,v7,,v1_cluster0,51.83,57.08,5.25,2.471,球R,322,0.812,,,,0.232,0.58,,,1,1,6,球R,1,2,"[{""name"": ""球R"", ""share"": 0.812, ""labels"": [322]}, {""name"": ""石榴"", ""share"": 0.188, ""labels"": [78]}]"
2026_08_16/s2,s2,v7,,v1_cluster0,57.41,58.22,0.81,2.444,球R,322,0.78,,,,0.282,0.636,,,1,1,6,球R,1,2,"[{""name"": ""球R"", ""share"": 0.78, ""labels"": [322]}, {""name"": ""石榴"", ""share"": 0.22, ""labels"": [78]}]"
2026_08_16/s2,s2,v7,,v1_cluster0,58.39,61.86,3.47,2.406,球M,321,0.981,,,,0.019,0.588,,,1,1,,,,3,"[{""name"": ""球M"", ""share"": 0.981, ""labels"": [321]}, {""name"": ""香蕉"", ""share"": 0.019, ""labels"": [323]}, {""name"": ""石榴"", ""share"": 0.0, ""labels"": [78]}]"
2026_08_16/s2,s2,v7,,v1_cluster0,62.19,63.05,0.87,2.454,球M,321,0.929,,,,0.076,0.619,,,1,1,7,球M,1,2,"[{""name"": ""球M"", ""share"": 0.929, ""labels"": [321]}, {""name"": ""香蕉"", ""share"": 0.071, ""labels"": [323]}]"
2026_08_16/s2,s2,v7,,v1_cluster0,63.11,63.81,0.7,2.428,香蕉,323,0.628,,,,0.312,0.39,,,1,1,7,球M,0,3,"[{""name"": ""香蕉"", ""share"": 0.628, ""labels"": [323]}, {""name"": ""苹果"", ""share"": 0.196, ""labels"": [300]}, {""name"": ""球L"", ""share"": 0.151, ""labels"": [320]}]"
2026_08_16/s2,s2,v7,,v1_cluster0,63.86,65.16,1.3,2.479,球M,321,0.955,,,,0.041,0.729,,,1,1,7,球M,1,3,"[{""name"": ""球M"", ""share"": 0.955, ""labels"": [321]}, {""name"": ""香蕉"", ""share"": 0.039, ""labels"": [323]}, {""name"": ""石榴"", ""share"": 0.005, ""labels"": [78]}]"
2026_08_16/s2,s2,v7,,v1_cluster0,65.22,72.15,6.93,2.465,球L,320,0.569,,,,0.49,0.422,,,1,1,8,球L,1,3,"[{""name"": ""球L"", ""share"": 0.569, ""labels"": [320]}, {""name"": ""香蕉"", ""share"": 0.279, ""labels"": [323]}, {""name"": ""苹果"", ""share"": 0.153, ""labels"": [300]}]"
2026_08_16/s2,s2,v7,,v1_cluster0,72.65,76.11,3.47,2.543,球R,322,0.874,,,,0.144,0.582,,,1,1,,,,2,"[{""name"": ""球R"", ""share"": 0.874, ""labels"": [322]}, {""name"": ""石榴"", ""share"": 0.126, ""labels"": [78]}]"
2026_08_16/s2,s2,v7,,v1_cluster0,76.17,76.44,0.27,2.434,球M,321,0.797,,,,0.13,0.8,,,1,1,9,球R,0,3,"[{""name"": ""球M"", ""share"": 0.797, ""labels"": [321]}, {""name"": ""石榴"", ""share"": 0.104, ""labels"": [78]}, {""name"": ""球R"", ""share"": 0.099, ""labels"": [322]}]"
2026_08_16/s2,s2,v7,,v1_cluster0,76.49,84.07,7.58,2.517,球R,322,0.848,,,,0.179,0.562,,,1,1,10,球R,1,2,"[{""name"": ""球R"", ""share"": 0.848, ""labels"": [322]}, {""name"": ""石榴"", ""share"": 0.152, ""labels"": [78]}]"
2026_08_16/s2,s2,v7,,v1_cluster0,84.66,86.02,1.35,2.529,球R,322,0.78,,,,0.282,0.554,,,1,1,10,球R,1,2,"[{""name"": ""球R"", ""share"": 0.78, ""labels"": [322]}, {""name"": ""石榴"", ""share"": 0.22, ""labels"": [78]}]"
2026_08_16/s2,s2,v7,,v1_cluster0,86.52,93.35,6.82,2.419,球M,321,0.974,,,,0.027,0.543,,,1,1,11,球M,1,2,"[{""name"": ""球M"", ""share"": 0.974, ""labels"": [321]}, {""name"": ""香蕉"", ""share"": 0.026, ""labels"": [323]}]"
2026_08_16/s2,s2,v7,,v1_cluster0,93.7,100.26,6.56,2.47,球L,320,0.598,,,,0.508,0.406,,,1,1,12,球L,1,3,"[{""name"": ""球L"", ""share"": 0.598, ""labels"": [320]}, {""name"": ""香蕉"", ""share"": 0.304, ""labels"": [323]}, {""name"": ""苹果"", ""share"": 0.098, ""labels"": [300]}]"
2026_08_16/s2,s2,v7,,v1_cluster0,100.68,104.42,3.74,2.428,球M,321,0.988,,,,0.011,0.55,,,1,1,,,,3,"[{""name"": ""球M"", ""share"": 0.988, ""labels"": [321]}, {""name"": ""香蕉"", ""share"": 0.011, ""labels"": [323]}, {""name"": ""石榴"", ""share"": 0.001, ""labels"": [78]}]"
2026_08_16/s2,s2,v7,,v1_cluster0,104.69,107.5,2.82,2.386,球M,321,0.986,,,,0.014,0.562,,,1,1,13,球M,1,3,"[{""name"": ""球M"", ""share"": 0.986, ""labels"": [321]}, {""name"": ""香蕉"", ""share"": 0.014, ""labels"": [323]}, {""name"": ""石榴"", ""share"": 0.0, ""labels"": [78]}]"
2026_08_16/s2,s2,v7,,v1_cluster0,107.84,109.25,1.41,2.454,球L,320,0.514,,,,0.687,0.375,,,1,1,,,,3,"[{""name"": ""球L"", ""share"": 0.514, ""labels"": [320]}, {""name"": ""香蕉"", ""share"": 0.353, ""labels"": [323]}, {""name"": ""苹果"", ""share"": 0.133, ""labels"": [300]}]"
2026_08_16/s2,s2,v7,,v1_cluster0,109.57,114.67,5.09,2.461,球L,320,0.481,,,,0.765,0.371,,,1,0,14,球L,1,3,"[{""name"": ""球L"", ""share"": 0.481, ""labels"": [320]}, {""name"": ""香蕉"", ""share"": 0.368, ""labels"": [323]}, {""name"": ""苹果"", ""share"": 0.151, ""labels"": [300]}]"
2026_08_16/s2,s2,v7,,v1_cluster0,115.03,118.72,3.68,2.464,球L,320,0.594,,,,0.451,0.412,,,1,1,,,,3,"[{""name"": ""球L"", ""share"": 0.594, ""labels"": [320]}, {""name"": ""香蕉"", ""share"": 0.268, ""labels"": [323]}, {""name"": ""苹果"", ""share"": 0.139, ""labels"": [300]}]"
2026_08_16/s2,s2,v7,,v1_cluster0,118.99,120.34,1.35,2.479,球L,320,0.599,,,,0.472,0.392,,,1,1,15,球L,1,3,"[{""name"": ""球L"", ""share"": 0.599, ""labels"": [320]}, {""name"": ""香蕉"", ""share"": 0.283, ""labels"": [323]}, {""name"": ""苹果"", ""share"": 0.119, ""labels"": [300]}]"
2026_08_16/s2,s2,v7,,v1_cluster0,120.39,120.88,0.49,2.366,球M,321,0.55,,,,0.716,0.664,,,1,1,15,球L,0,3,"[{""name"": ""球M"", ""share"": 0.55, ""labels"": [321]}, {""name"": ""香蕉"", ""share"": 0.394, ""labels"": [323]}, {""name"": ""球L"", ""share"": 0.038, ""labels"": [320]}]"
2026_08_16/s2,s2,v7,,v1_cluster0,122.54,122.92,0.38,2.943,floor,0,1.0,,,,0.0,0.2,,,0,0,,,,1,"[{""name"": ""floor"", ""share"": 1.0, ""labels"": [0]}]"
2026_08_16/s2,s2,v7,,v1_cluster0,124.29,125.05,0.76,1.707,floor,0,1.0,,,,0.0,0.959,,,0,0,,,,1,"[{""name"": ""floor"", ""share"": 1.0, ""labels"": [0]}]"
2026_08_16/s3,s3,v7,,v1_cluster0,15.9,16.39,0.49,4.299,球M,321,0.954,,,,0.044,0.83,,,1,1,,,,3,"[{""name"": ""球M"", ""share"": 0.954, ""labels"": [321]}, {""name"": ""香蕉"", ""share"": 0.042, ""labels"": [323]}, {""name"": ""球L"", ""share"": 0.003, ""labels"": [320]}]"
2026_08_16/s3,s3,v7,,v1_cluster0,16.61,16.88,0.27,4.273,球M,321,0.958,,,,0.042,0.784,,,1,1,,,,3,"[{""name"": ""球M"", ""share"": 0.958, ""labels"": [321]}, {""name"": ""香蕉"", ""share"": 0.04, ""labels"": [323]}, {""name"": ""苹果"", ""share"": 0.001, ""labels"": [300]}]"
2026_08_16/s3,s3,v7,,v1_cluster0,17.31,18.39,1.08,3.243,球M,321,0.922,,,,0.08,0.67,,,1,1,,,,3,"[{""name"": ""球M"", ""share"": 0.922, ""labels"": [321]}, {""name"": ""香蕉"", ""share"": 0.074, ""labels"": [323]}, {""name"": ""苹果"", ""share"": 0.003, ""labels"": [300]}]"
2026_08_16/s3,s3,v7,,v1_cluster0,19.37,19.69,0.32,3.551,球M,321,0.982,,,,0.017,0.903,,,1,1,1,球M,1,3,"[{""name"": ""球M"", ""share"": 0.982, ""labels"": [321]}, {""name"": ""香蕉"", ""share"": 0.017, ""labels"": [323]}, {""name"": ""球L"", ""share"": 0.0, ""labels"": [320]}]"
2026_08_16/s3,s3,v7,,v1_cluster0,19.75,22.4,2.65,3.456,球M,321,0.987,,,,0.009,0.914,,,1,1,1,球M,1,3,"[{""name"": ""球M"", ""share"": 0.987, ""labels"": [321]}, {""name"": ""球R"", ""share"": 0.009, ""labels"": [322]}, {""name"": ""香蕉"", ""share"": 0.004, ""labels"": [323]}]"
2026_08_16/s3,s3,v7,,v1_cluster0,22.46,22.94,0.49,3.675,球M,321,0.984,,,,0.015,0.907,,,1,1,1,球M,1,3,"[{""name"": ""球M"", ""share"": 0.984, ""labels"": [321]}, {""name"": ""香蕉"", ""share"": 0.015, ""labels"": [323]}, {""name"": ""球L"", ""share"": 0.0, ""labels"": [320]}]"
2026_08_16/s3,s3,v7,,v1_cluster0,23.0,23.76,0.76,3.526,球M,321,0.981,,,,0.013,0.889,,,1,1,1,球M,1,3,"[{""name"": ""球M"", ""share"": 0.981, ""labels"": [321]}, {""name"": ""香蕉"", ""share"": 0.013, ""labels"": [323]}, {""name"": ""球R"", ""share"": 0.004, ""labels"": [322]}]"
2026_08_16/s3,s3,v7,,v1_cluster0,24.16,30.23,6.07,3.348,球L,320,0.808,,,,0.166,0.777,,,1,1,2,球L,1,3,"[{""name"": ""球L"", ""share"": 0.808, ""labels"": [320]}, {""name"": ""香蕉"", ""share"": 0.134, ""labels"": [323]}, {""name"": ""苹果"", ""share"": 0.053, ""labels"": [300]}]"
2026_08_16/s3,s3,v7,,v1_cluster0,30.95,31.22,0.27,3.434,球M,321,0.962,,,,0.026,0.768,,,1,1,,,,3,"[{""name"": ""球M"", ""share"": 0.962, ""labels"": [321]}, {""name"": ""香蕉"", ""share"": 0.025, ""labels"": [323]}, {""name"": ""球R"", ""share"": 0.007, ""labels"": [322]}]"
2026_08_16/s3,s3,v7,,v1_cluster0,31.27,37.77,6.5,3.347,球L,320,0.862,,,,0.093,0.777,,,1,1,3,球L,1,3,"[{""name"": ""球L"", ""share"": 0.862, ""labels"": [320]}, {""name"": ""香蕉"", ""share"": 0.08, ""labels"": [323]}, {""name"": ""苹果"", ""share"": 0.058, ""labels"": [300]}]"
2026_08_16/s3,s3,v7,,v1_cluster0,38.15,38.58,0.43,3.638,球M,321,0.943,,,,0.037,0.912,,,1,1,,,,3,"[{""name"": ""球M"", ""share"": 0.943, ""labels"": [321]}, {""name"": ""香蕉"", ""share"": 0.035, ""labels"": [323]}, {""name"": ""球L"", ""share"": 0.022, ""labels"": [320]}]"
2026_08_16/s3,s3,v7,,v1_cluster0,40.31,40.64,0.32,3.369,球M,321,0.807,,,,0.175,0.709,,,1,1,4,球M,1,3,"[{""name"": ""球M"", ""share"": 0.807, ""labels"": [321]}, {""name"": ""香蕉"", ""share"": 0.141, ""labels"": [323]}, {""name"": ""球L"", ""share"": 0.038, ""labels"": [320]}]"
2026_08_16/s3,s3,v7,,v1_cluster0,42.48,43.56,1.08,3.376,球M,321,0.92,,,,0.078,0.727,,,1,1,4,球M,1,3,"[{""name"": ""球M"", ""share"": 0.92, ""labels"": [321]}, {""name"": ""香蕉"", ""share"": 0.072, ""labels"": [323]}, {""name"": ""苹果"", ""share"": 0.005, ""labels"": [300]}]"
2026_08_16/s3,s3,v7,,v1_cluster0,43.72,43.99,0.27,4.436,球M,321,0.963,,,,0.034,0.782,,,1,1,4,球M,1,3,"[{""name"": ""球M"", ""share"": 0.963, ""labels"": [321]}, {""name"": ""香蕉"", ""share"": 0.033, ""labels"": [323]}, {""name"": ""石榴"", ""share"": 0.002, ""labels"": [78]}]"
2026_08_16/s3,s3,v7,,v1_cluster0,44.1,44.59,0.49,4.489,球M,321,0.951,,,,0.047,0.8,,,1,1,4,球M,1,3,"[{""name"": ""球M"", ""share"": 0.951, ""labels"": [321]}, {""name"": ""香蕉"", ""share"": 0.045, ""labels"": [323]}, {""name"": ""苹果"", ""share"": 0.001, ""labels"": [300]}]"
2026_08_16/s3,s3,v7,,v1_cluster0,45.04,51.49,6.45,3.395,球R,322,0.845,,,,0.162,0.808,,,1,1,5,球R,1,3,"[{""name"": ""球R"", ""share"": 0.845, ""labels"": [322]}, {""name"": ""石榴"", ""share"": 0.137, ""labels"": [78]}, {""name"": ""球M"", ""share"": 0.018, ""labels"": [321]}]"
2026_08_16/s3,s3,v7,,v1_cluster0,52.01,58.46,6.45,3.387,球R,322,0.846,,,,0.163,0.792,,,1,1,6,球R,1,3,"[{""name"": ""球R"", ""share"": 0.846, ""labels"": [322]}, {""name"": ""石榴"", ""share"": 0.138, ""labels"": [78]}, {""name"": ""球M"", ""share"": 0.016, ""labels"": [321]}]"
2026_08_16/s3,s3,v7,,v1_cluster0,59.13,63.74,4.6,3.337,球L,320,0.764,,,,0.196,0.695,,,1,1,7,球L,1,3,"[{""name"": ""球L"", ""share"": 0.764, ""labels"": [320]}, {""name"": ""香蕉"", ""share"": 0.15, ""labels"": [323]}, {""name"": ""苹果"", ""share"": 0.081, ""labels"": [300]}]"
2026_08_16/s3,s3,v7,,v1_cluster0,63.79,66.06,2.27,3.354,球L,320,0.646,,,,0.341,0.639,,,1,1,7,球L,1,3,"[{""name"": ""球L"", ""share"": 0.646, ""labels"": [320]}, {""name"": ""香蕉"", ""share"": 0.22, ""labels"": [323]}, {""name"": ""苹果"", ""share"": 0.121, ""labels"": [300]}]"
2026_08_16/s3,s3,v7,,v1_cluster0,66.19,72.25,6.06,3.347,球L,320,0.839,,,,0.105,0.771,,,1,1,8,球L,1,3,"[{""name"": ""球L"", ""share"": 0.839, ""labels"": [320]}, {""name"": ""香蕉"", ""share"": 0.088, ""labels"": [323]}, {""name"": ""苹果"", ""share"": 0.073, ""labels"": [300]}]"
2026_08_16/s3,s3,v7,,v1_cluster0,72.59,78.55,5.96,3.407,球M,321,0.895,,,,0.106,0.676,,,1,1,9,球M,1,3,"[{""name"": ""球M"", ""share"": 0.895, ""labels"": [321]}, {""name"": ""香蕉"", ""share"": 0.095, ""labels"": [323]}, {""name"": ""苹果"", ""share"": 0.008, ""labels"": [300]}]"
2026_08_16/s3,s3,v7,,v1_cluster0,78.77,79.25,0.49,3.404,球M,321,0.937,,,,0.059,0.714,,,1,1,9,球M,1,3,"[{""name"": ""球M"", ""share"": 0.937, ""labels"": [321]}, {""name"": ""香蕉"", ""share"": 0.055, ""labels"": [323]}, {""name"": ""石榴"", ""share"": 0.005, ""labels"": [78]}]"
2026_08_16/s3,s3,v7,,v1_cluster0,79.6,82.91,3.3,3.375,球R,322,0.832,,,,0.202,0.754,,,1,1,,,,2,"[{""name"": ""球R"", ""share"": 0.832, ""labels"": [322]}, {""name"": ""石榴"", ""share"": 0.168, ""labels"": [78]}]"
2026_08_16/s3,s3,v7,,v1_cluster0,82.96,83.94,0.97,3.404,球M,321,0.758,,,,0.214,0.803,,,1,1,10,球R,0,3,"[{""name"": ""球M"", ""share"": 0.758, ""labels"": [321]}, {""name"": ""球R"", ""share"": 0.162, ""labels"": [322]}, {""name"": ""石榴"", ""share"": 0.076, ""labels"": [78]}]"
2026_08_16/s3,s3,v7,,v1_cluster0,83.99,84.91,0.92,3.398,球R,322,0.745,,,,0.325,0.698,,,1,1,10,球R,1,3,"[{""name"": ""球R"", ""share"": 0.745, ""labels"": [322]}, {""name"": ""石榴"", ""share"": 0.242, ""labels"": [78]}, {""name"": ""球M"", ""share"": 0.012, ""labels"": [321]}]"
2026_08_16/s3,s3,v7,,v1_cluster0,85.52,93.42,7.91,3.364,球L,320,0.639,,,,0.357,0.648,,,1,1,11,球L,1,3,"[{""name"": ""球L"", ""share"": 0.639, ""labels"": [320]}, {""name"": ""香蕉"", ""share"": 0.228, ""labels"": [323]}, {""name"": ""苹果"", ""share"": 0.113, ""labels"": [300]}]"
2026_08_16/s3,s3,v7,,v1_cluster0,94.37,96.1,1.73,3.392,球M,321,0.891,,,,0.103,0.686,,,1,1,,,,3,"[{""name"": ""球M"", ""share"": 0.891, ""labels"": [321]}, {""name"": ""香蕉"", ""share"": 0.092, ""labels"": [323]}, {""name"": ""球L"", ""share"": 0.009, ""labels"": [320]}]"
2026_08_16/s3,s3,v7,,v1_cluster0,96.21,97.29,1.08,4.431,球M,321,0.958,,,,0.041,0.807,,,1,1,12,球M,1,3,"[{""name"": ""球M"", ""share"": 0.958, ""labels"": [321]}, {""name"": ""香蕉"", ""share"": 0.039, ""labels"": [323]}, {""name"": ""苹果"", ""share"": 0.001, ""labels"": [300]}]"
2026_08_16/s3,s3,v7,,v1_cluster0,97.72,98.81,1.08,3.535,球M,321,0.962,,,,0.022,0.856,,,1,1,12,球M,1,3,"[{""name"": ""球M"", ""share"": 0.962, ""labels"": [321]}, {""name"": ""球R"", ""share"": 0.021, ""labels"": [322]}, {""name"": ""香蕉"", ""share"": 0.011, ""labels"": [323]}]"
2026_08_16/s3,s3,v7,,v1_cluster0,100.9,107.29,6.39,3.386,球R,322,0.886,,,,0.119,0.827,,,1,1,13,球R,1,3,"[{""name"": ""球R"", ""share"": 0.886, ""labels"": [322]}, {""name"": ""石榴"", ""share"": 0.105, ""labels"": [78]}, {""name"": ""球M"", ""share"": 0.009, ""labels"": [321]}]"
2026_08_16/s3,s3,v7,,v1_cluster0,107.35,107.67,0.32,3.404,球M,321,0.888,,,,0.082,0.812,,,1,1,,,,3,"[{""name"": ""球M"", ""share"": 0.888, ""labels"": [321]}, {""name"": ""球R"", ""share"": 0.073, ""labels"": [322]}, {""name"": ""石榴"", ""share"": 0.033, ""labels"": [78]}]"
2026_08_16/s3,s3,v7,,v1_cluster0,108.35,108.9,0.54,3.379,球M,321,0.744,,,,0.241,0.741,,,1,1,,,,3,"[{""name"": ""球M"", ""share"": 0.744, ""labels"": [321]}, {""name"": ""香蕉"", ""share"": 0.179, ""labels"": [323]}, {""name"": ""球L"", ""share"": 0.056, ""labels"": [320]}]"
2026_08_16/s3,s3,v7,,v1_cluster0,109.27,109.55,0.27,4.548,球M,321,0.941,,,,0.057,0.775,,,1,1,14,球M,1,3,"[{""name"": ""球M"", ""share"": 0.941, ""labels"": [321]}, {""name"": ""香蕉"", ""share"": 0.054, ""labels"": [323]}, {""name"": ""球L"", ""share"": 0.002, ""labels"": [320]}]"
2026_08_16/s3,s3,v7,,v1_cluster0,109.92,110.68,0.76,3.493,球M,321,0.945,,,,0.036,0.841,,,1,1,14,球M,1,3,"[{""name"": ""球M"", ""share"": 0.945, ""labels"": [321]}, {""name"": ""球R"", ""share"": 0.034, ""labels"": [322]}, {""name"": ""石榴"", ""share"": 0.012, ""labels"": [78]}]"
2026_08_16/s3,s3,v7,,v1_cluster0,113.44,113.77,0.32,3.349,球L,320,0.686,,,,0.289,0.728,,,1,1,14,球M,0,3,"[{""name"": ""球L"", ""share"": 0.686, ""labels"": [320]}, {""name"": ""香蕉"", ""share"": 0.198, ""labels"": [323]}, {""name"": ""苹果"", ""share"": 0.078, ""labels"": [300]}]"
2026_08_16/s3,s3,v7,,v1_cluster0,114.04,115.07,1.03,3.388,球M,321,0.939,,,,0.051,0.698,,,1,1,14,球M,1,3,"[{""name"": ""球M"", ""share"": 0.939, ""labels"": [321]}, {""name"": ""香蕉"", ""share"": 0.048, ""labels"": [323]}, {""name"": ""石榴"", ""share"": 0.007, ""labels"": [78]}]"
2026_08_16/s3,s3,v7,,v1_cluster0,115.32,122.42,7.1,3.378,球R,322,0.827,,,,0.206,0.744,,,1,1,15,球R,1,3,"[{""name"": ""球R"", ""share"": 0.827, ""labels"": [322]}, {""name"": ""石榴"", ""share"": 0.17, ""labels"": [78]}, {""name"": ""球M"", ""share"": 0.003, ""labels"": [321]}]"
2026_08_16/s4,s4,v8,,v1_cluster0,15.45,16.15,0.7,3.862,球R,193,0.777,,,,0.23,0.932,,,1,1,,,,3,"[{""name"": ""球R"", ""share"": 0.777, ""labels"": [193]}, {""name"": ""球M"", ""share"": 0.179, ""labels"": [192]}, {""name"": ""石榴"", ""share"": 0.044, ""labels"": [195]}]"
2026_08_16/s4,s4,v8,,v1_cluster0,16.53,16.91,0.38,3.923,球M,192,0.935,,,,0.06,0.959,,,1,1,1,球L,0,3,"[{""name"": ""球M"", ""share"": 0.935, ""labels"": [192]}, {""name"": ""球L"", ""share"": 0.056, ""labels"": [191]}, {""name"": ""香蕉"", ""share"": 0.009, ""labels"": [196]}]"
2026_08_16/s4,s4,v8,,v1_cluster0,18.11,19.63,1.52,3.81,球L,191,0.929,,,,0.048,0.906,,,1,1,1,球L,1,3,"[{""name"": ""球L"", ""share"": 0.929, ""labels"": [191]}, {""name"": ""香蕉"", ""share"": 0.045, ""labels"": [196]}, {""name"": ""苹果"", ""share"": 0.026, ""labels"": [194]}]"
2026_08_16/s4,s4,v8,,v1_cluster0,19.91,24.68,4.77,3.811,球L,191,0.956,,,,0.04,0.922,,,1,1,1,球L,1,3,"[{""name"": ""球L"", ""share"": 0.956, ""labels"": [191]}, {""name"": ""香蕉"", ""share"": 0.038, ""labels"": [196]}, {""name"": ""苹果"", ""share"": 0.006, ""labels"": [194]}]"
2026_08_16/s4,s4,v8,,v1_cluster0,24.84,28.91,4.06,3.802,球L,191,0.931,,,,0.049,0.901,,,1,1,2,球L,1,3,"[{""name"": ""球L"", ""share"": 0.931, ""labels"": [191]}, {""name"": ""香蕉"", ""share"": 0.046, ""labels"": [196]}, {""name"": ""苹果"", ""share"": 0.023, ""labels"": [194]}]"
2026_08_16/s4,s4,v8,,v1_cluster0,29.1,30.35,1.25,3.818,球L,191,0.868,,,,0.083,0.813,,,1,1,,,,3,"[{""name"": ""球L"", ""share"": 0.868, ""labels"": [191]}, {""name"": ""香蕉"", ""share"": 0.072, ""labels"": [196]}, {""name"": ""苹果"", ""share"": 0.05, ""labels"": [194]}]"
2026_08_16/s4,s4,v8,,v1_cluster0,30.62,31.75,1.14,3.8,球L,191,0.905,,,,0.054,0.851,,,1,1,3,球M,0,3,"[{""name"": ""球L"", ""share"": 0.905, ""labels"": [191]}, {""name"": ""香蕉"", ""share"": 0.049, ""labels"": [196]}, {""name"": ""苹果"", ""share"": 0.046, ""labels"": [194]}]"
2026_08_16/s4,s4,v8,,v1_cluster0,32.0,32.43,0.44,3.87,球L,191,0.59,,,,0.592,0.949,,,1,1,3,球M,0,3,"[{""name"": ""球L"", ""share"": 0.59, ""labels"": [191]}, {""name"": ""球M"", ""share"": 0.349, ""labels"": [192]}, {""name"": ""香蕉"", ""share"": 0.06, ""labels"": [196]}]"
2026_08_16/s4,s4,v8,,v1_cluster0,32.6,33.46,0.87,3.819,球M,192,0.852,,,,0.093,0.816,,,1,1,3,球M,1,3,"[{""name"": ""球M"", ""share"": 0.852, ""labels"": [192]}, {""name"": ""香蕉"", ""share"": 0.079, ""labels"": [196]}, {""name"": ""球L"", ""share"": 0.055, ""labels"": [191]}]"
2026_08_16/s4,s4,v8,,v1_cluster0,34.33,34.6,0.27,4.141,球M,192,0.812,,,,0.128,0.908,,,1,1,3,球M,1,3,"[{""name"": ""球M"", ""share"": 0.812, ""labels"": [192]}, {""name"": ""球L"", ""share"": 0.104, ""labels"": [191]}, {""name"": ""香蕉"", ""share"": 0.078, ""labels"": [196]}]"
2026_08_16/s4,s4,v8,,v1_cluster0,34.87,35.2,0.32,3.813,球M,192,0.739,,,,0.183,0.837,,,1,1,3,球M,1,3,"[{""name"": ""球M"", ""share"": 0.739, ""labels"": [192]}, {""name"": ""球L"", ""share"": 0.135, ""labels"": [191]}, {""name"": ""香蕉"", ""share"": 0.107, ""labels"": [196]}]"
2026_08_16/s4,s4,v8,,v1_cluster0,36.01,36.39,0.38,4.084,球M,192,0.892,,,,0.061,0.91,,,1,1,,,,3,"[{""name"": ""球M"", ""share"": 0.892, ""labels"": [192]}, {""name"": ""香蕉"", ""share"": 0.054, ""labels"": [196]}, {""name"": ""球L"", ""share"": 0.05, ""labels"": [191]}]"
2026_08_16/s4,s4,v8,,v1_cluster0,36.77,37.69,0.92,3.994,球M,192,0.778,,,,0.193,0.929,,,1,1,4,球R,0,3,"[{""name"": ""球M"", ""share"": 0.778, ""labels"": [192]}, {""name"": ""球L"", ""share"": 0.15, ""labels"": [191]}, {""name"": ""香蕉"", ""share"": 0.069, ""labels"": [196]}]"
2026_08_16/s4,s4,v8,,v1_cluster0,37.74,38.55,0.81,3.895,球M,192,0.872,,,,0.116,0.959,,,1,1,4,球R,0,3,"[{""name"": ""球M"", ""share"": 0.872, ""labels"": [192]}, {""name"": ""球L"", ""share"": 0.101, ""labels"": [191]}, {""name"": ""香蕉"", ""share"": 0.027, ""labels"": [196]}]"
2026_08_16/s4,s4,v8,,v1_cluster0,38.94,39.86,0.92,3.799,球R,193,0.842,,,,0.143,0.936,,,1,1,4,球R,1,3,"[{""name"": ""球R"", ""share"": 0.842, ""labels"": [193]}, {""name"": ""球M"", ""share"": 0.12, ""labels"": [192]}, {""name"": ""石榴"", ""share"": 0.038, ""labels"": [195]}]"
2026_08_16/s4,s4,v8,,v1_cluster0,40.1,46.81,6.72,3.854,球R,193,0.884,,,,0.074,0.92,,,1,1,5,球R,1,3,"[{""name"": ""球R"", ""share"": 0.884, ""labels"": [193]}, {""name"": ""球M"", ""share"": 0.065, ""labels"": [192]}, {""name"": ""石榴"", ""share"": 0.051, ""labels"": [195]}]"
2026_08_16/s4,s4,v8,,v1_cluster0,47.04,49.91,2.87,3.837,球R,193,0.786,,,,0.251,0.955,,,1,1,5,球R,1,3,"[{""name"": ""球R"", ""share"": 0.786, ""labels"": [193]}, {""name"": ""球M"", ""share"": 0.197, ""labels"": [192]}, {""name"": ""石榴"", ""share"": 0.017, ""labels"": [195]}]"
2026_08_16/s4,s4,v8,,v1_cluster0,50.89,51.48,0.6,3.924,球R,193,0.745,,,,0.188,0.814,,,1,1,6,球M,0,3,"[{""name"": ""球R"", ""share"": 0.745, ""labels"": [193]}, {""name"": ""石榴"", ""share"": 0.14, ""labels"": [195]}, {""name"": ""球M"", ""share"": 0.115, ""labels"": [192]}]"
2026_08_16/s4,s4,v8,,v1_cluster0,52.0,52.55,0.55,3.881,球M,192,0.63,,,,0.292,0.762,,,1,1,6,球M,1,3,"[{""name"": ""球M"", ""share"": 0.63, ""labels"": [192]}, {""name"": ""球L"", ""share"": 0.184, ""labels"": [191]}, {""name"": ""香蕉"", ""share"": 0.154, ""labels"": [196]}]"
2026_08_16/s4,s4,v8,,v1_cluster0,53.3,53.57,0.27,3.83,球M,192,0.705,,,,0.193,0.761,,,1,1,6,球M,1,3,"[{""name"": ""球M"", ""share"": 0.705, ""labels"": [192]}, {""name"": ""球L"", ""share"": 0.136, ""labels"": [191]}, {""name"": ""香蕉"", ""share"": 0.133, ""labels"": [196]}]"
2026_08_16/s4,s4,v8,,v1_cluster0,54.28,54.66,0.38,3.853,球M,192,0.78,,,,0.136,0.816,,,1,1,6,球M,1,3,"[{""name"": ""球M"", ""share"": 0.78, ""labels"": [192]}, {""name"": ""香蕉"", ""share"": 0.106, ""labels"": [196]}, {""name"": ""球L"", ""share"": 0.095, ""labels"": [191]}]"
2026_08_16/s4,s4,v8,,v1_cluster0,55.69,56.12,0.43,3.875,球M,192,0.91,,,,0.087,0.96,,,1,1,,,,3,"[{""name"": ""球M"", ""share"": 0.91, ""labels"": [192]}, {""name"": ""球L"", ""share"": 0.079, ""labels"": [191]}, {""name"": ""香蕉"", ""share"": 0.011, ""labels"": [196]}]"
2026_08_16/s4,s4,v8,,v1_cluster0,58.34,58.88,0.54,3.856,球M,192,0.815,,,,0.125,0.768,,,1,1,7,球M,1,3,"[{""name"": ""球M"", ""share"": 0.815, ""labels"": [192]}, {""name"": ""香蕉"", ""share"": 0.102, ""labels"": [196]}, {""name"": ""球L"", ""share"": 0.064, ""labels"": [191]}]"
2026_08_16/s4,s4,v8,,v1_cluster0,60.41,61.06,0.65,3.939,球M,192,0.893,,,,0.049,0.78,,,1,1,7,球M,1,3,"[{""name"": ""球M"", ""share"": 0.893, ""labels"": [192]}, {""name"": ""香蕉"", ""share"": 0.044, ""labels"": [196]}, {""name"": ""球R"", ""share"": 0.032, ""labels"": [193]}]"
2026_08_16/s4,s4,v8,,v1_cluster0,61.6,61.98,0.38,3.862,球M,192,0.893,,,,0.064,0.792,,,1,1,7,球M,1,3,"[{""name"": ""球M"", ""share"": 0.893, ""labels"": [192]}, {""name"": ""香蕉"", ""share"": 0.057, ""labels"": [196]}, {""name"": ""球L"", ""share"": 0.029, ""labels"": [191]}]"
2026_08_16/s4,s4,v8,,v1_cluster0,62.47,62.79,0.32,4.153,球M,192,0.72,,,,0.232,0.888,,,1,1,7,球M,1,3,"[{""name"": ""球M"", ""share"": 0.72, ""labels"": [192]}, {""name"": ""球L"", ""share"": 0.167, ""labels"": [191]}, {""name"": ""香蕉"", ""share"": 0.103, ""labels"": [196]}]"
2026_08_16/s4,s4,v8,,v1_cluster0,65.23,65.5,0.27,3.912,球M,192,0.85,,,,0.089,0.818,,,1,1,,,,3,"[{""name"": ""球M"", ""share"": 0.85, ""labels"": [192]}, {""name"": ""香蕉"", ""share"": 0.076, ""labels"": [196]}, {""name"": ""球L"", ""share"": 0.057, ""labels"": [191]}]"
2026_08_16/s4,s4,v8,,v1_cluster0,65.81,66.57,0.76,3.86,球R,193,0.781,,,,0.15,0.837,,,1,1,,,,3,"[{""name"": ""球R"", ""share"": 0.781, ""labels"": [193]}, {""name"": ""石榴"", ""share"": 0.117, ""labels"": [195]}, {""name"": ""球M"", ""share"": 0.101, ""labels"": [192]}]"
2026_08_16/s4,s4,v8,,v1_cluster0,66.62,66.89,0.27,3.915,球R,193,0.498,,,,0.584,0.759,,,1,0,,,,3,"[{""name"": ""球R"", ""share"": 0.498, ""labels"": [193]}, {""name"": ""球M"", ""share"": 0.291, ""labels"": [192]}, {""name"": ""石榴"", ""share"": 0.21, ""labels"": [195]}]"
2026_08_16/s4,s4,v8,,v1_cluster0,66.95,67.82,0.87,3.93,球M,192,0.888,,,,0.05,0.782,,,1,1,,,,3,"[{""name"": ""球M"", ""share"": 0.888, ""labels"": [192]}, {""name"": ""球R"", ""share"": 0.044, ""labels"": [193]}, {""name"": ""香蕉"", ""share"": 0.037, ""labels"": [196]}]"
2026_08_16/s4,s4,v8,,v1_cluster0,68.68,69.77,1.08,3.861,球M,192,0.92,,,,0.037,0.846,,,1,1,,,,3,"[{""name"": ""球M"", ""share"": 0.92, ""labels"": [192]}, {""name"": ""香蕉"", ""share"": 0.034, ""labels"": [196]}, {""name"": ""球R"", ""share"": 0.024, ""labels"": [193]}]"
2026_08_16/s4,s4,v8,,v1_cluster0,72.68,73.09,0.41,3.827,球M,192,0.866,,,,0.083,0.761,,,1,1,8,球L,0,3,"[{""name"": ""球M"", ""share"": 0.866, ""labels"": [192]}, {""name"": ""球R"", ""share"": 0.072, ""labels"": [193]}, {""name"": ""香蕉"", ""share"": 0.031, ""labels"": [196]}]"
2026_08_16/s4,s4,v8,,v1_cluster0,75.47,76.52,1.05,3.784,球L,191,0.844,,,,0.101,0.78,,,1,1,8,球L,1,3,"[{""name"": ""球L"", ""share"": 0.844, ""labels"": [191]}, {""name"": ""香蕉"", ""share"": 0.085, ""labels"": [196]}, {""name"": ""苹果"", ""share"": 0.066, ""labels"": [194]}]"
2026_08_16/s4,s4,v8,,v1_cluster0,76.63,77.62,0.99,3.793,球L,191,0.765,,,,0.159,0.711,,,1,1,8,球L,1,3,"[{""name"": ""球L"", ""share"": 0.765, ""labels"": [191]}, {""name"": ""苹果"", ""share"": 0.122, ""labels"": [194]}, {""name"": ""香蕉"", ""share"": 0.11, ""labels"": [196]}]"
2026_08_16/s4,s4,v8,,v1_cluster0,78.1,78.86,0.76,3.781,球L,191,0.763,,,,0.16,0.723,,,1,1,,,,3,"[{""name"": ""球L"", ""share"": 0.763, ""labels"": [191]}, {""name"": ""香蕉"", ""share"": 0.122, ""labels"": [196]}, {""name"": ""苹果"", ""share"": 0.085, ""labels"": [194]}]"
2026_08_16/s4,s4,v8,,v1_cluster0,79.64,80.11,0.47,3.772,球L,191,0.873,,,,0.086,0.903,,,1,1,9,球R,0,3,"[{""name"": ""球L"", ""share"": 0.873, ""labels"": [191]}, {""name"": ""香蕉"", ""share"": 0.075, ""labels"": [196]}, {""name"": ""球M"", ""share"": 0.044, ""labels"": [192]}]"
2026_08_16/s4,s4,v8,,v1_cluster0,80.32,81.26,0.94,3.78,球L,191,0.736,,,,0.196,0.805,,,1,1,9,球R,0,3,"[{""name"": ""球L"", ""share"": 0.736, ""labels"": [191]}, {""name"": ""香蕉"", ""share"": 0.144, ""labels"": [196]}, {""name"": ""球M"", ""share"": 0.061, ""labels"": [192]}]"
2026_08_16/s4,s4,v8,,v1_cluster0,82.19,84.34,2.16,3.842,球R,193,0.855,,,,0.132,0.841,,,1,1,9,球R,1,3,"[{""name"": ""球R"", ""share"": 0.855, ""labels"": [193]}, {""name"": ""石榴"", ""share"": 0.113, ""labels"": [195]}, {""name"": ""球M"", ""share"": 0.032, ""labels"": [192]}]"
2026_08_16/s4,s4,v8,,v1_cluster0,84.45,84.74,0.29,3.81,球R,193,0.856,,,,0.141,0.804,,,1,1,9,球R,1,3,"[{""name"": ""球R"", ""share"": 0.856, ""labels"": [193]}, {""name"": ""石榴"", ""share"": 0.121, ""labels"": [195]}, {""name"": ""球M"", ""share"": 0.023, ""labels"": [192]}]"
2026_08_16/s4,s4,v8,,v1_cluster0,85.05,85.58,0.52,3.801,球R,193,0.894,,,,0.102,0.843,,,1,1,,,,3,"[{""name"": ""球R"", ""share"": 0.894, ""labels"": [193]}, {""name"": ""石榴"", ""share"": 0.091, ""labels"": [195]}, {""name"": ""球M"", ""share"": 0.015, ""labels"": [192]}]"
2026_08_16/s4,s4,v8,,v1_cluster0,86.15,86.85,0.7,3.823,球R,193,0.977,,,,0.012,0.938,,,1,1,,,,3,"[{""name"": ""球R"", ""share"": 0.977, ""labels"": [193]}, {""name"": ""石榴"", ""share"": 0.012, ""labels"": [195]}, {""name"": ""球M"", ""share"": 0.011, ""labels"": [192]}]"
2026_08_16/s4,s4,v8,,v1_cluster0,86.97,87.49,0.52,3.805,球R,193,0.966,,,,0.025,0.942,,,1,1,10,球M,0,3,"[{""name"": ""球R"", ""share"": 0.966, ""labels"": [193]}, {""name"": ""球M"", ""share"": 0.024, ""labels"": [192]}, {""name"": ""石榴"", ""share"": 0.011, ""labels"": [195]}]"
2026_08_16/s4,s4,v8,,v1_cluster0,87.74,88.09,0.35,3.816,球R,193,0.902,,,,0.055,0.907,,,1,1,10,球M,0,3,"[{""name"": ""球R"", ""share"": 0.902, ""labels"": [193]}, {""name"": ""石榴"", ""share"": 0.05, ""labels"": [195]}, {""name"": ""球M"", ""share"": 0.048, ""labels"": [192]}]"
2026_08_16/s4,s4,v8,,v1_cluster0,88.2,88.55,0.35,3.794,球R,193,0.843,,,,0.16,0.771,,,1,1,10,球M,0,3,"[{""name"": ""球R"", ""share"": 0.843, ""labels"": [193]}, {""name"": ""石榴"", ""share"": 0.135, ""labels"": [195]}, {""name"": ""球M"", ""share"": 0.022, ""labels"": [192]}]"
2026_08_16/s4,s4,v8,,v1_cluster0,95.13,95.51,0.39,3.801,球M,192,0.589,,,,0.355,0.677,,,1,1,11,球R,0,3,"[{""name"": ""球M"", ""share"": 0.589, ""labels"": [192]}, {""name"": ""香蕉"", ""share"": 0.209, ""labels"": [196]}, {""name"": ""球L"", ""share"": 0.141, ""labels"": [191]}]"
2026_08_16/s4,s4,v8,,v1_cluster0,95.9,97.47,1.57,3.833,球R,193,0.757,,,,0.178,0.844,,,1,1,11,球R,1,3,"[{""name"": ""球R"", ""share"": 0.757, ""labels"": [193]}, {""name"": ""球M"", ""share"": 0.135, ""labels"": [192]}, {""name"": ""石榴"", ""share"": 0.109, ""labels"": [195]}]"
2026_08_16/s4,s4,v8,,v1_cluster0,97.71,102.7,4.98,3.796,球R,193,0.825,,,,0.121,0.838,,,1,1,11,球R,1,3,"[{""name"": ""球R"", ""share"": 0.825, ""labels"": [193]}, {""name"": ""石榴"", ""share"": 0.1, ""labels"": [195]}, {""name"": ""球M"", ""share"": 0.075, ""labels"": [192]}]"
2026_08_16/s4,s4,v8,,v1_cluster0,103.06,109.72,6.66,3.809,球R,193,0.828,,,,0.124,0.836,,,1,1,12,球R,1,3,"[{""name"": ""球R"", ""share"": 0.828, ""labels"": [193]}, {""name"": ""石榴"", ""share"": 0.103, ""labels"": [195]}, {""name"": ""球M"", ""share"": 0.069, ""labels"": [192]}]"
2026_08_16/s4,s4,v8,,v1_cluster0,110.28,112.5,2.22,3.812,球M,192,0.88,,,,0.08,0.77,,,1,1,13,球M,1,3,"[{""name"": ""球M"", ""share"": 0.88, ""labels"": [192]}, {""name"": ""香蕉"", ""share"": 0.07, ""labels"": [196]}, {""name"": ""球L"", ""share"": 0.027, ""labels"": [191]}]"
2026_08_16/s4,s4,v8,,v1_cluster0,113.05,115.11,2.06,3.818,球M,192,0.88,,,,0.077,0.772,,,1,1,,,,3,"[{""name"": ""球M"", ""share"": 0.88, ""labels"": [192]}, {""name"": ""香蕉"", ""share"": 0.068, ""labels"": [196]}, {""name"": ""球L"", ""share"": 0.027, ""labels"": [191]}]"
2026_08_16/s4,s4,v8,,v1_cluster0,117.39,121.89,4.5,3.765,球L,191,0.793,,,,0.14,0.743,,,1,1,14,球L,1,3,"[{""name"": ""球L"", ""share"": 0.793, ""labels"": [191]}, {""name"": ""香蕉"", ""share"": 0.111, ""labels"": [196]}, {""name"": ""苹果"", ""share"": 0.077, ""labels"": [194]}]"
2026_08_16/s4,s4,v8,,v1_cluster0,122.08,123.17,1.08,3.782,球L,191,0.732,,,,0.178,0.754,,,1,1,15,球L,1,3,"[{""name"": ""球L"", ""share"": 0.732, ""labels"": [191]}, {""name"": ""香蕉"", ""share"": 0.13, ""labels"": [196]}, {""name"": ""苹果"", ""share"": 0.072, ""labels"": [194]}]"
2026_08_16/s4,s4,v8,,v1_cluster0,123.44,124.14,0.7,3.745,球L,191,0.79,,,,0.143,0.728,,,1,1,15,球L,1,3,"[{""name"": ""球L"", ""share"": 0.79, ""labels"": [191]}, {""name"": ""香蕉"", ""share"": 0.113, ""labels"": [196]}, {""name"": ""苹果"", ""share"": 0.085, ""labels"": [194]}]"
2026_08_16/s4,s4,v8,,v1_cluster0,124.62,128.68,4.06,3.767,球L,191,0.855,,,,0.091,0.794,,,1,1,15,球L,1,3,"[{""name"": ""球L"", ""share"": 0.855, ""labels"": [191]}, {""name"": ""香蕉"", ""share"": 0.078, ""labels"": [196]}, {""name"": ""苹果"", ""share"": 0.062, ""labels"": [194]}]"
2026_08_16/s4,s4,v8,,v1_cluster0,128.73,131.55,2.82,3.782,球L,191,0.776,,,,0.151,0.776,,,1,1,,,,3,"[{""name"": ""球L"", ""share"": 0.776, ""labels"": [191]}, {""name"": ""香蕉"", ""share"": 0.117, ""labels"": [196]}, {""name"": ""苹果"", ""share"": 0.066, ""labels"": [194]}]"
2026_08_16/s6,s6,v8,,v1_cluster0,6.96,7.45,0.49,2.701,球M,192,0.906,,,,0.098,0.828,,,1,1,,,,3,"[{""name"": ""球M"", ""share"": 0.906, ""labels"": [192]}, {""name"": ""球R"", ""share"": 0.089, ""labels"": [193]}, {""name"": ""石榴"", ""share"": 0.005, ""labels"": [195]}]"
2026_08_16/s6,s6,v8,,v1_cluster0,10.89,11.38,0.49,3.799,球R,193,0.527,,,,0.657,0.866,,,1,1,,,,3,"[{""name"": ""球R"", ""share"": 0.527, ""labels"": [193]}, {""name"": ""球M"", ""share"": 0.346, ""labels"": [192]}, {""name"": ""石榴"", ""share"": 0.127, ""labels"": [195]}]"
2026_08_16/s6,s6,v8,,v1_cluster0,13.55,13.98,0.43,4.287,球M,192,0.47,,,,0.689,0.796,,,1,0,,,,3,"[{""name"": ""球M"", ""share"": 0.47, ""labels"": [192]}, {""name"": ""球R"", ""share"": 0.324, ""labels"": [193]}, {""name"": ""石榴"", ""share"": 0.206, ""labels"": [195]}]"
2026_08_16/s6,s6,v8,,v1_cluster0,14.04,14.42,0.38,4.35,球R,193,0.827,,,,0.122,0.873,,,1,1,,,,3,"[{""name"": ""球R"", ""share"": 0.827, ""labels"": [193]}, {""name"": ""石榴"", ""share"": 0.101, ""labels"": [195]}, {""name"": ""球M"", ""share"": 0.073, ""labels"": [192]}]"
2026_08_16/s6,s6,v8,,v1_cluster0,14.63,15.01,0.38,4.398,球M,192,0.776,,,,0.103,0.89,,,1,1,,,,3,"[{""name"": ""球M"", ""share"": 0.776, ""labels"": [192]}, {""name"": ""球R"", ""share"": 0.08, ""labels"": [193]}, {""name"": ""石榴"", ""share"": 0.071, ""labels"": [195]}]"
2026_08_16/s6,s6,v8,,v1_cluster0,15.06,15.77,0.7,4.529,球R,193,0.561,,,,0.553,0.882,,,1,1,,,,3,"[{""name"": ""球R"", ""share"": 0.561, ""labels"": [193]}, {""name"": ""球M"", ""share"": 0.31, ""labels"": [192]}, {""name"": ""石榴"", ""share"": 0.129, ""labels"": [195]}]"
2026_08_16/s6,s6,v8,,v1_cluster0,15.82,16.25,0.43,4.41,球L,191,0.735,,,,0.199,0.831,,,1,1,,,,3,"[{""name"": ""球L"", ""share"": 0.735, ""labels"": [191]}, {""name"": ""球M"", ""share"": 0.146, ""labels"": [192]}, {""name"": ""香蕉"", ""share"": 0.08, ""labels"": [196]}]"
2026_08_16/s6,s6,v8,,v1_cluster0,16.58,17.55,0.97,4.498,球M,192,0.67,,,,0.227,0.772,,,1,1,,,,3,"[{""name"": ""球M"", ""share"": 0.67, ""labels"": [192]}, {""name"": ""石榴"", ""share"": 0.152, ""labels"": [195]}, {""name"": ""球R"", ""share"": 0.112, ""labels"": [193]}]"
2026_08_16/s6,s6,v8,,v1_cluster0,17.79,20.07,2.28,4.497,球M,192,0.67,,,,0.199,0.764,,,1,1,,,,3,"[{""name"": ""球M"", ""share"": 0.67, ""labels"": [192]}, {""name"": ""球L"", ""share"": 0.133, ""labels"": [191]}, {""name"": ""石榴"", ""share"": 0.125, ""labels"": [195]}]"
2026_08_16/s6,s6,v8,,v1_cluster0,20.34,21.37,1.03,4.446,球L,191,0.713,,,,0.237,0.798,,,1,1,,,,3,"[{""name"": ""球L"", ""share"": 0.713, ""labels"": [191]}, {""name"": ""球M"", ""share"": 0.169, ""labels"": [192]}, {""name"": ""香蕉"", ""share"": 0.078, ""labels"": [196]}]"
2026_08_16/s6,s6,v8,,v1_cluster0,21.66,26.0,4.35,4.39,球L,191,0.74,,,,0.22,0.825,,,1,1,1,球L,1,3,"[{""name"": ""球L"", ""share"": 0.74, ""labels"": [191]}, {""name"": ""球M"", ""share"": 0.163, ""labels"": [192]}, {""name"": ""香蕉"", ""share"": 0.058, ""labels"": [196]}]"
2026_08_16/s6,s6,v8,,v1_cluster0,27.27,29.6,2.33,4.492,球M,192,0.71,,,,0.163,0.843,,,1,1,,,,3,"[{""name"": ""球M"", ""share"": 0.71, ""labels"": [192]}, {""name"": ""石榴"", ""share"": 0.116, ""labels"": [195]}, {""name"": ""球R"", ""share"": 0.091, ""labels"": [193]}]"
2026_08_16/s6,s6,v8,,v1_cluster0,29.84,32.87,3.03,4.563,球M,192,0.705,,,,0.182,0.871,,,1,1,2,球M,1,3,"[{""name"": ""球M"", ""share"": 0.705, ""labels"": [192]}, {""name"": ""球R"", ""share"": 0.128, ""labels"": [193]}, {""name"": ""石榴"", ""share"": 0.117, ""labels"": [195]}]"
2026_08_16/s6,s6,v8,,v1_cluster0,32.92,33.68,0.76,4.58,球M,192,0.566,,,,0.558,0.91,,,1,1,2,球M,1,3,"[{""name"": ""球M"", ""share"": 0.566, ""labels"": [192]}, {""name"": ""球R"", ""share"": 0.316, ""labels"": [193]}, {""name"": ""石榴"", ""share"": 0.114, ""labels"": [195]}]"
2026_08_16/s6,s6,v8,,v1_cluster0,34.09,36.37,2.27,4.668,球R,193,0.675,,,,0.313,0.885,,,1,1,,,,3,"[{""name"": ""球R"", ""share"": 0.675, ""labels"": [193]}, {""name"": ""球M"", ""share"": 0.211, ""labels"": [192]}, {""name"": ""石榴"", ""share"": 0.114, ""labels"": [195]}]"
2026_08_16/s6,s6,v8,,v1_cluster0,36.64,42.76,6.12,4.663,球R,193,0.761,,,,0.213,0.949,,,1,1,3,球R,1,3,"[{""name"": ""球R"", ""share"": 0.761, ""labels"": [193]}, {""name"": ""球M"", ""share"": 0.162, ""labels"": [192]}, {""name"": ""石榴"", ""share"": 0.078, ""labels"": [195]}]"
2026_08_16/s6,s6,v8,,v1_cluster0,42.81,43.35,0.54,4.545,球R,193,0.812,,,,0.126,0.885,,,1,1,4,球R,1,3,"[{""name"": ""球R"", ""share"": 0.812, ""labels"": [193]}, {""name"": ""石榴"", ""share"": 0.102, ""labels"": [195]}, {""name"": ""球M"", ""share"": 0.087, ""labels"": [192]}]"
2026_08_16/s6,s6,v8,,v1_cluster0,43.79,45.41,1.62,4.556,球R,193,0.769,,,,0.168,0.903,,,1,1,4,球R,1,3,"[{""name"": ""球R"", ""share"": 0.769, ""labels"": [193]}, {""name"": ""球M"", ""share"": 0.129, ""labels"": [192]}, {""name"": ""石榴"", ""share"": 0.102, ""labels"": [195]}]"
2026_08_16/s6,s6,v8,,v1_cluster0,45.92,47.54,1.62,4.517,球R,193,0.725,,,,0.223,0.884,,,1,1,4,球R,1,3,"[{""name"": ""球R"", ""share"": 0.725, ""labels"": [193]}, {""name"": ""球M"", ""share"": 0.162, ""labels"": [192]}, {""name"": ""石榴"", ""share"": 0.112, ""labels"": [195]}]"
2026_08_16/s6,s6,v8,,v1_cluster0,47.99,54.66,6.67,4.493,球M,192,0.692,,,,0.169,0.807,,,1,1,5,球M,1,3,"[{""name"": ""球M"", ""share"": 0.692, ""labels"": [192]}, {""name"": ""石榴"", ""share"": 0.117, ""labels"": [195]}, {""name"": ""球L"", ""share"": 0.106, ""labels"": [191]}]"
2026_08_16/s6,s6,v8,,v1_cluster0,54.72,55.64,0.92,4.584,球R,193,0.61,,,,0.454,0.917,,,1,1,,,,3,"[{""name"": ""球R"", ""share"": 0.61, ""labels"": [193]}, {""name"": ""球M"", ""share"": 0.277, ""labels"": [192]}, {""name"": ""石榴"", ""share"": 0.113, ""labels"": [195]}]"
2026_08_16/s6,s6,v8,,v1_cluster0,55.86,60.41,4.55,4.564,球R,193,0.622,,,,0.432,0.899,,,1,1,6,球R,1,3,"[{""name"": ""球R"", ""share"": 0.622, ""labels"": [193]}, {""name"": ""球M"", ""share"": 0.269, ""labels"": [192]}, {""name"": ""石榴"", ""share"": 0.109, ""labels"": [195]}]"
2026_08_16/s6,s6,v8,,v1_cluster0,60.46,60.95,0.49,4.568,球M,192,0.674,,,,0.224,0.801,,,1,1,6,球R,0,3,"[{""name"": ""球M"", ""share"": 0.674, ""labels"": [192]}, {""name"": ""石榴"", ""share"": 0.151, ""labels"": [195]}, {""name"": ""球R"", ""share"": 0.113, ""labels"": [193]}]"
2026_08_16/s6,s6,v8,,v1_cluster0,61.01,62.2,1.19,4.538,球R,193,0.567,,,,0.427,0.815,,,1,1,,,,3,"[{""name"": ""球R"", ""share"": 0.567, ""labels"": [193]}, {""name"": ""球M"", ""share"": 0.242, ""labels"": [192]}, {""name"": ""石榴"", ""share"": 0.19, ""labels"": [195]}]"
2026_08_16/s6,s6,v8,,v1_cluster0,62.25,64.2,1.95,4.534,球R,193,0.563,,,,0.474,0.842,,,1,1,,,,3,"[{""name"": ""球R"", ""share"": 0.563, ""labels"": [193]}, {""name"": ""球M"", ""share"": 0.267, ""labels"": [192]}, {""name"": ""石榴"", ""share"": 0.171, ""labels"": [195]}]"
2026_08_16/s6,s6,v8,,v1_cluster0,65.04,66.23,1.19,4.636,球R,193,0.659,,,,0.328,0.869,,,1,1,7,球R,1,3,"[{""name"": ""球R"", ""share"": 0.659, ""labels"": [193]}, {""name"": ""球M"", ""share"": 0.216, ""labels"": [192]}, {""name"": ""石榴"", ""share"": 0.125, ""labels"": [195]}]"
2026_08_16/s6,s6,v8,,v1_cluster0,66.29,67.97,1.68,4.555,球R,193,0.736,,,,0.208,0.885,,,1,1,7,球R,1,3,"[{""name"": ""球R"", ""share"": 0.736, ""labels"": [193]}, {""name"": ""球M"", ""share"": 0.153, ""labels"": [192]}, {""name"": ""石榴"", ""share"": 0.111, ""labels"": [195]}]"
2026_08_16/s6,s6,v8,,v1_cluster0,68.02,68.67,0.65,4.466,球M,192,0.729,,,,0.136,0.88,,,1,1,,,,3,"[{""name"": ""球M"", ""share"": 0.729, ""labels"": [192]}, {""name"": ""球L"", ""share"": 0.099, ""labels"": [191]}, {""name"": ""石榴"", ""share"": 0.09, ""labels"": [195]}]"
2026_08_16/s6,s6,v8,,v1_cluster0,73.49,73.76,0.27,7.077,石榴,195,0.397,,,,0.788,0.97,,,0,0,,,,3,"[{""name"": ""石榴"", ""share"": 0.397, ""labels"": [195]}, {""name"": ""球M"", ""share"": 0.313, ""labels"": [192]}, {""name"": ""香蕉"", ""share"": 0.117, ""labels"": [196]}]"
2026_08_16/s6,s6,v8,,v1_cluster0,74.61,75.47,0.87,4.37,球L,191,0.808,,,,0.142,0.845,,,1,1,,,,3,"[{""name"": ""球L"", ""share"": 0.808, ""labels"": [191]}, {""name"": ""球M"", ""share"": 0.115, ""labels"": [192]}, {""name"": ""香蕉"", ""share"": 0.038, ""labels"": [196]}]"
2026_08_16/s6,s6,v8,,v1_cluster0,75.74,76.18,0.43,4.481,球M,192,0.717,,,,0.148,0.873,,,1,1,,,,3,"[{""name"": ""球M"", ""share"": 0.717, ""labels"": [192]}, {""name"": ""球R"", ""share"": 0.106, ""labels"": [193]}, {""name"": ""石榴"", ""share"": 0.103, ""labels"": [195]}]"
2026_08_16/s6,s6,v8,,v1_cluster0,76.23,76.72,0.49,4.512,球L,191,0.809,,,,0.119,0.853,,,1,1,,,,3,"[{""name"": ""球L"", ""share"": 0.809, ""labels"": [191]}, {""name"": ""球M"", ""share"": 0.096, ""labels"": [192]}, {""name"": ""香蕉"", ""share"": 0.054, ""labels"": [196]}]"
2026_08_16/s6,s6,v8,,v1_cluster0,77.16,82.96,5.8,4.567,球M,192,0.728,,,,0.161,0.859,,,1,1,8,球M,1,3,"[{""name"": ""球M"", ""share"": 0.728, ""labels"": [192]}, {""name"": ""球R"", ""share"": 0.117, ""labels"": [193]}, {""name"": ""石榴"", ""share"": 0.101, ""labels"": [195]}]"
2026_08_16/s6,s6,v8,,v1_cluster0,83.19,83.73,0.54,4.509,球M,192,0.654,,,,0.268,0.846,,,1,1,,,,3,"[{""name"": ""球M"", ""share"": 0.654, ""labels"": [192]}, {""name"": ""球R"", ""share"": 0.175, ""labels"": [193]}, {""name"": ""石榴"", ""share"": 0.143, ""labels"": [195]}]"
2026_08_16/s6,s6,v8,,v1_cluster0,84.06,85.58,1.52,4.387,球L,191,0.66,,,,0.382,0.812,,,1,1,,,,3,"[{""name"": ""球L"", ""share"": 0.66, ""labels"": [191]}, {""name"": ""球M"", ""share"": 0.252, ""labels"": [192]}, {""name"": ""香蕉"", ""share"": 0.051, ""labels"": [196]}]"
2026_08_16/s6,s6,v8,,v1_cluster0,85.79,88.61,2.82,4.486,球L,191,0.687,,,,0.217,0.748,,,1,1,9,球L,1,3,"[{""name"": ""球L"", ""share"": 0.687, ""labels"": [191]}, {""name"": ""球M"", ""share"": 0.149, ""labels"": [192]}, {""name"": ""香蕉"", ""share"": 0.108, ""labels"": [196]}]"
2026_08_16/s6,s6,v8,,v1_cluster0,88.93,90.5,1.57,4.405,球L,191,0.541,,,,0.669,0.815,,,1,1,9,球L,1,3,"[{""name"": ""球L"", ""share"": 0.541, ""labels"": [191]}, {""name"": ""球M"", ""share"": 0.362, ""labels"": [192]}, {""name"": ""香蕉"", ""share"": 0.055, ""labels"": [196]}]"
2026_08_16/s6,s6,v8,,v1_cluster0,90.89,94.9,4.01,4.545,球M,192,0.624,,,,0.282,0.8,,,1,1,10,球M,1,3,"[{""name"": ""球M"", ""share"": 0.624, ""labels"": [192]}, {""name"": ""球R"", ""share"": 0.176, ""labels"": [193]}, {""name"": ""石榴"", ""share"": 0.171, ""labels"": [195]}]"
2026_08_16/s6,s6,v8,,v1_cluster0,94.95,97.98,3.03,4.516,球M,192,0.576,,,,0.365,0.768,,,1,1,10,球M,1,3,"[{""name"": ""球M"", ""share"": 0.576, ""labels"": [192]}, {""name"": ""石榴"", ""share"": 0.21, ""labels"": [195]}, {""name"": ""球R"", ""share"": 0.201, ""labels"": [193]}]"
2026_08_16/s6,s6,v8,,v1_cluster0,98.25,98.9,0.65,4.411,球L,191,0.731,,,,0.172,0.71,,,1,1,,,,3,"[{""name"": ""球L"", ""share"": 0.731, ""labels"": [191]}, {""name"": ""香蕉"", ""share"": 0.126, ""labels"": [196]}, {""name"": ""苹果"", ""share"": 0.078, ""labels"": [194]}]"
2026_08_16/s6,s6,v8,,v1_cluster0,98.95,101.66,2.71,4.419,球L,191,0.674,,,,0.215,0.698,,,1,1,11,球L,1,3,"[{""name"": ""球L"", ""share"": 0.674, ""labels"": [191]}, {""name"": ""香蕉"", ""share"": 0.145, ""labels"": [196]}, {""name"": ""球M"", ""share"": 0.102, ""labels"": [192]}]"
2026_08_16/s6,s6,v8,,v1_cluster0,101.77,103.01,1.25,4.475,球L,191,0.672,,,,0.198,0.706,,,1,1,11,球L,1,3,"[{""name"": ""球L"", ""share"": 0.672, ""labels"": [191]}, {""name"": ""香蕉"", ""share"": 0.133, ""labels"": [196]}, {""name"": ""球M"", ""share"": 0.114, ""labels"": [192]}]"
2026_08_16/s6,s6,v8,,v1_cluster0,103.07,103.39,0.32,4.45,球M,192,0.697,,,,0.197,0.783,,,1,1,11,球L,0,3,"[{""name"": ""球M"", ""share"": 0.697, ""labels"": [192]}, {""name"": ""球L"", ""share"": 0.137, ""labels"": [191]}, {""name"": ""石榴"", ""share"": 0.107, ""labels"": [195]}]"
2026_08_16/s6,s6,v8,,v1_cluster0,103.45,104.48,1.03,4.423,球L,191,0.53,,,,0.619,0.744,,,1,1,11,球L,1,3,"[{""name"": ""球L"", ""share"": 0.53, ""labels"": [191]}, {""name"": ""球M"", ""share"": 0.328, ""labels"": [192]}, {""name"": ""香蕉"", ""share"": 0.087, ""labels"": [196]}]"
2026_08_16/s6,s6,v8,,v1_cluster0,104.54,104.92,0.38,4.479,球M,192,0.659,,,,0.258,0.749,,,1,1,,,,3,"[{""name"": ""球M"", ""share"": 0.659, ""labels"": [192]}, {""name"": ""石榴"", ""share"": 0.17, ""labels"": [195]}, {""name"": ""球R"", ""share"": 0.098, ""labels"": [193]}]"
2026_08_16/s6,s6,v8,,v1_cluster0,105.1,109.27,4.17,4.446,球M,192,0.678,,,,0.224,0.765,,,1,1,12,球M,1,3,"[{""name"": ""球M"", ""share"": 0.678, ""labels"": [192]}, {""name"": ""石榴"", ""share"": 0.152, ""labels"": [195]}, {""name"": ""球R"", ""share"": 0.089, ""labels"": [193]}]"
2026_08_16/s6,s6,v8,,v1_cluster0,109.32,111.38,2.06,4.532,球M,192,0.498,,,,0.566,0.782,,,1,0,12,球M,1,3,"[{""name"": ""球M"", ""share"": 0.498, ""labels"": [192]}, {""name"": ""球R"", ""share"": 0.282, ""labels"": [193]}, {""name"": ""石榴"", ""share"": 0.215, ""labels"": [195]}]"
2026_08_16/s6,s6,v8,,v1_cluster0,111.59,112.14,0.54,4.559,球M,192,0.549,,,,0.444,0.754,,,1,1,,,,3,"[{""name"": ""球M"", ""share"": 0.549, ""labels"": [192]}, {""name"": ""球R"", ""share"": 0.244, ""labels"": [193]}, {""name"": ""石榴"", ""share"": 0.2, ""labels"": [195]}]"
2026_08_16/s6,s6,v8,,v1_cluster0,112.19,112.57,0.38,4.385,球L,191,0.685,,,,0.22,0.721,,,1,1,,,,3,"[{""name"": ""球L"", ""share"": 0.685, ""labels"": [191]}, {""name"": ""球M"", ""share"": 0.151, ""labels"": [192]}, {""name"": ""香蕉"", ""share"": 0.095, ""labels"": [196]}]"
2026_08_16/s6,s6,v8,,v1_cluster0,112.68,115.38,2.7,4.406,球L,191,0.719,,,,0.164,0.711,,,1,1,,,,3,"[{""name"": ""球L"", ""share"": 0.719, ""labels"": [191]}, {""name"": ""香蕉"", ""share"": 0.118, ""labels"": [196]}, {""name"": ""苹果"", ""share"": 0.082, ""labels"": [194]}]"
2026_08_16/s6,s6,v8,,v1_cluster0,115.44,116.36,0.92,4.415,球L,191,0.502,,,,0.795,0.772,,,1,1,13,球L,1,3,"[{""name"": ""球L"", ""share"": 0.502, ""labels"": [191]}, {""name"": ""球M"", ""share"": 0.399, ""labels"": [192]}, {""name"": ""香蕉"", ""share"": 0.043, ""labels"": [196]}]"
2026_08_16/s6,s6,v8,,v1_cluster0,116.41,117.12,0.7,4.546,球L,191,0.681,,,,0.197,0.709,,,1,1,13,球L,1,3,"[{""name"": ""球L"", ""share"": 0.681, ""labels"": [191]}, {""name"": ""香蕉"", ""share"": 0.134, ""labels"": [196]}, {""name"": ""球M"", ""share"": 0.111, ""labels"": [192]}]"
2026_08_16/s6,s6,v8,,v1_cluster0,117.44,117.98,0.54,4.426,球L,191,0.56,,,,0.562,0.75,,,1,1,13,球L,1,3,"[{""name"": ""球L"", ""share"": 0.56, ""labels"": [191]}, {""name"": ""球M"", ""share"": 0.315, ""labels"": [192]}, {""name"": ""香蕉"", ""share"": 0.067, ""labels"": [196]}]"
2026_08_16/s6,s6,v8,,v1_cluster0,118.2,119.01,0.81,4.459,球L,191,0.642,,,,0.227,0.704,,,1,1,13,球L,1,3,"[{""name"": ""球L"", ""share"": 0.642, ""labels"": [191]}, {""name"": ""球M"", ""share"": 0.146, ""labels"": [192]}, {""name"": ""香蕉"", ""share"": 0.12, ""labels"": [196]}]"
2026_08_16/s6,s6,v8,,v1_cluster0,119.37,124.31,4.94,4.565,球R,193,0.617,,,,0.342,0.818,,,1,1,14,球R,1,3,"[{""name"": ""球R"", ""share"": 0.617, ""labels"": [193]}, {""name"": ""球M"", ""share"": 0.211, ""labels"": [192]}, {""name"": ""石榴"", ""share"": 0.172, ""labels"": [195]}]"
2026_08_16/s6,s6,v8,,v1_cluster0,124.36,124.69,0.32,4.496,球M,192,0.68,,,,0.182,0.793,,,1,1,14,球R,0,3,"[{""name"": ""球M"", ""share"": 0.68, ""labels"": [192]}, {""name"": ""石榴"", ""share"": 0.124, ""labels"": [195]}, {""name"": ""球L"", ""share"": 0.103, ""labels"": [191]}]"
2026_08_16/s6,s6,v8,,v1_cluster0,125.14,125.46,0.32,4.526,球M,192,0.616,,,,0.299,0.735,,,1,1,14,球R,0,3,"[{""name"": ""球M"", ""share"": 0.616, ""labels"": [192]}, {""name"": ""石榴"", ""share"": 0.184, ""labels"": [195]}, {""name"": ""球L"", ""share"": 0.114, ""labels"": [191]}]"
2026_08_16/s6,s6,v8,,v1_cluster0,125.52,125.79,0.27,4.624,球R,193,0.585,,,,0.357,0.782,,,1,1,14,球R,1,3,"[{""name"": ""球R"", ""share"": 0.585, ""labels"": [193]}, {""name"": ""球M"", ""share"": 0.209, ""labels"": [192]}, {""name"": ""石榴"", ""share"": 0.206, ""labels"": [195]}]"
2026_08_16/s6,s6,v8,,v1_cluster0,125.84,126.5,0.65,4.482,球M,192,0.667,,,,0.253,0.757,,,1,1,,,,3,"[{""name"": ""球M"", ""share"": 0.667, ""labels"": [192]}, {""name"": ""石榴"", ""share"": 0.169, ""labels"": [195]}, {""name"": ""球L"", ""share"": 0.079, ""labels"": [191]}]"
2026_08_16/s6,s6,v8,,v1_cluster0,126.61,132.02,5.42,4.407,球L,191,0.75,,,,0.127,0.718,,,1,1,15,球L,1,3,"[{""name"": ""球L"", ""share"": 0.75, ""labels"": [191]}, {""name"": ""香蕉"", ""share"": 0.095, ""labels"": [196]}, {""name"": ""苹果"", ""share"": 0.092, ""labels"": [194]}]"
2026_08_18/000,s7,v8,,v1_cluster0,2.52,2.96,0.44,1.778,floor,0,1.0,,,,0.0,0.31,,,0,0,,,,1,"[{""name"": ""floor"", ""share"": 1.0, ""labels"": [0]}]"
2026_08_18/000,s7,v8,,v1_cluster0,3.52,3.79,0.27,1.862,球L,191,0.775,,,,0.194,0.38,,,1,1,,,,3,"[{""name"": ""球L"", ""share"": 0.775, ""labels"": [191]}, {""name"": ""球M"", ""share"": 0.15, ""labels"": [192]}, {""name"": ""香蕉"", ""share"": 0.075, ""labels"": [196]}]"
2026_08_18/000,s7,v8,,v1_cluster0,8.88,9.8,0.92,3.198,球M,192,0.669,,,,0.414,0.86,,,1,1,,,,3,"[{""name"": ""球M"", ""share"": 0.669, ""labels"": [192]}, {""name"": ""球R"", ""share"": 0.277, ""labels"": [193]}, {""name"": ""球L"", ""share"": 0.044, ""labels"": [191]}]"
2026_08_18/000,s7,v8,,v1_cluster0,9.85,10.72,0.87,2.959,球M,192,0.58,,,,0.484,0.75,,,1,1,,,,3,"[{""name"": ""球M"", ""share"": 0.58, ""labels"": [192]}, {""name"": ""球L"", ""share"": 0.281, ""labels"": [191]}, {""name"": ""球R"", ""share"": 0.124, ""labels"": [193]}]"
2026_08_18/000,s7,v8,,v1_cluster0,10.77,11.05,0.27,3.187,球M,192,0.619,,,,0.394,0.795,,,1,1,,,,3,"[{""name"": ""球M"", ""share"": 0.619, ""labels"": [192]}, {""name"": ""球R"", ""share"": 0.244, ""labels"": [193]}, {""name"": ""球L"", ""share"": 0.126, ""labels"": [191]}]"
2026_08_18/000,s7,v8,,v1_cluster0,11.1,12.13,1.03,2.934,球M,192,0.569,,,,0.522,0.716,,,1,1,,,,3,"[{""name"": ""球M"", ""share"": 0.569, ""labels"": [192]}, {""name"": ""球L"", ""share"": 0.297, ""labels"": [191]}, {""name"": ""球R"", ""share"": 0.127, ""labels"": [193]}]"
2026_08_18/000,s7,v8,,v1_cluster0,12.18,12.72,0.54,3.18,球M,192,0.546,,,,0.647,0.766,,,1,1,,,,3,"[{""name"": ""球M"", ""share"": 0.546, ""labels"": [192]}, {""name"": ""球R"", ""share"": 0.353, ""labels"": [193]}, {""name"": ""球L"", ""share"": 0.091, ""labels"": [191]}]"
2026_08_18/000,s7,v8,,v1_cluster0,15.27,15.92,0.65,2.967,球M,192,0.496,,,,0.839,0.717,,,1,0,,,,3,"[{""name"": ""球M"", ""share"": 0.496, ""labels"": [192]}, {""name"": ""球L"", ""share"": 0.416, ""labels"": [191]}, {""name"": ""球R"", ""share"": 0.078, ""labels"": [193]}]"
2026_08_18/000,s7,v8,,v1_cluster0,16.14,21.01,4.87,3.01,球L,191,0.834,,,,0.137,0.676,,,1,1,1,球L,1,3,"[{""name"": ""球L"", ""share"": 0.834, ""labels"": [191]}, {""name"": ""球M"", ""share"": 0.114, ""labels"": [192]}, {""name"": ""香蕉"", ""share"": 0.05, ""labels"": [196]}]"
2026_08_18/000,s7,v8,,v1_cluster0,21.17,21.61,0.43,3.464,球L,191,0.603,,,,0.635,0.904,,,1,1,1,球L,1,3,"[{""name"": ""球L"", ""share"": 0.603, ""labels"": [191]}, {""name"": ""球M"", ""share"": 0.383, ""labels"": [192]}, {""name"": ""球R"", ""share"": 0.015, ""labels"": [193]}]"
2026_08_18/000,s7,v8,,v1_cluster0,21.96,22.67,0.7,3.288,球M,192,0.505,,,,0.871,0.822,,,1,1,,,,3,"[{""name"": ""球M"", ""share"": 0.505, ""labels"": [192]}, {""name"": ""球R"", ""share"": 0.44, ""labels"": [193]}, {""name"": ""球L"", ""share"": 0.049, ""labels"": [191]}]"
2026_08_18/000,s7,v8,,v1_cluster0,22.99,29.82,6.82,2.996,球L,191,0.861,,,,0.114,0.704,,,1,1,2,球L,1,3,"[{""name"": ""球L"", ""share"": 0.861, ""labels"": [191]}, {""name"": ""球M"", ""share"": 0.098, ""labels"": [192]}, {""name"": ""香蕉"", ""share"": 0.04, ""labels"": [196]}]"
2026_08_18/000,s7,v8,,v1_cluster0,30.08,33.49,3.41,3.392,球R,193,0.573,,,,0.714,0.835,,,1,1,3,球R,1,3,"[{""name"": ""球R"", ""share"": 0.573, ""labels"": [193]}, {""name"": ""球M"", ""share"": 0.409, ""labels"": [192]}, {""name"": ""球L"", ""share"": 0.011, ""labels"": [191]}]"
2026_08_18/000,s7,v8,,v1_cluster0,33.54,34.3,0.76,3.233,球M,192,0.584,,,,0.485,0.737,,,1,1,3,球R,0,3,"[{""name"": ""球M"", ""share"": 0.584, ""labels"": [192]}, {""name"": ""球R"", ""share"": 0.283, ""labels"": [193]}, {""name"": ""球L"", ""share"": 0.104, ""labels"": [191]}]"
2026_08_18/000,s7,v8,,v1_cluster0,34.36,34.74,0.38,3.024,球M,192,0.598,,,,0.336,0.686,,,1,1,3,球R,0,3,"[{""name"": ""球M"", ""share"": 0.598, ""labels"": [192]}, {""name"": ""球L"", ""share"": 0.201, ""labels"": [191]}, {""name"": ""球R"", ""share"": 0.189, ""labels"": [193]}]"
2026_08_18/000,s7,v8,,v1_cluster0,34.79,35.06,0.27,3.295,球M,192,0.577,,,,0.515,0.761,,,1,1,3,球R,0,3,"[{""name"": ""球M"", ""share"": 0.577, ""labels"": [192]}, {""name"": ""球R"", ""share"": 0.297, ""labels"": [193]}, {""name"": ""球L"", ""share"": 0.099, ""labels"": [191]}]"
2026_08_18/000,s7,v8,,v1_cluster0,35.29,35.84,0.54,3.327,球M,192,0.565,,,,0.612,0.81,,,1,1,3,球R,0,3,"[{""name"": ""球M"", ""share"": 0.565, ""labels"": [192]}, {""name"": ""球R"", ""share"": 0.346, ""labels"": [193]}, {""name"": ""球L"", ""share"": 0.072, ""labels"": [191]}]"
2026_08_18/000,s7,v8,,v1_cluster0,35.89,36.65,0.76,3.181,球M,192,0.594,,,,0.428,0.714,,,1,1,,,,3,"[{""name"": ""球M"", ""share"": 0.594, ""labels"": [192]}, {""name"": ""球R"", ""share"": 0.254, ""labels"": [193]}, {""name"": ""球L"", ""share"": 0.114, ""labels"": [191]}]"
2026_08_18/000,s7,v8,,v1_cluster0,36.97,42.71,5.74,3.347,球R,193,0.52,,,,0.871,0.839,,,1,1,4,球R,1,3,"[{""name"": ""球R"", ""share"": 0.52, ""labels"": [193]}, {""name"": ""球M"", ""share"": 0.453, ""labels"": [192]}, {""name"": ""球L"", ""share"": 0.022, ""labels"": [191]}]"
2026_08_18/000,s7,v8,,v1_cluster0,42.87,43.14,0.27,3.41,球R,193,0.662,,,,0.505,0.883,,,1,1,4,球R,1,3,"[{""name"": ""球R"", ""share"": 0.662, ""labels"": [193]}, {""name"": ""球M"", ""share"": 0.334, ""labels"": [192]}, {""name"": ""球L"", ""share"": 0.003, ""labels"": [191]}]"
2026_08_18/000,s7,v8,,v1_cluster0,43.19,43.52,0.32,3.259,球M,192,0.548,,,,0.65,0.753,,,1,1,,,,3,"[{""name"": ""球M"", ""share"": 0.548, ""labels"": [192]}, {""name"": ""球R"", ""share"": 0.356, ""labels"": [193]}, {""name"": ""球L"", ""share"": 0.076, ""labels"": [191]}]"
2026_08_18/000,s7,v8,,v1_cluster0,44.11,44.44,0.32,3.207,球M,192,0.574,,,,0.517,0.744,,,1,1,,,,3,"[{""name"": ""球M"", ""share"": 0.574, ""labels"": [192]}, {""name"": ""球R"", ""share"": 0.297, ""labels"": [193]}, {""name"": ""球L"", ""share"": 0.107, ""labels"": [191]}]"
2026_08_18/000,s7,v8,,v1_cluster0,44.49,46.06,1.57,3.062,球M,192,0.597,,,,0.32,0.725,,,1,1,5,球M,1,3,"[{""name"": ""球M"", ""share"": 0.597, ""labels"": [192]}, {""name"": ""球R"", ""share"": 0.191, ""labels"": [193]}, {""name"": ""球L"", ""share"": 0.188, ""labels"": [191]}]"
2026_08_18/000,s7,v8,,v1_cluster0,46.28,47.69,1.41,3.016,球M,192,0.592,,,,0.407,0.719,,,1,1,5,球M,1,3,"[{""name"": ""球M"", ""share"": 0.592, ""labels"": [192]}, {""name"": ""球L"", ""share"": 0.241, ""labels"": [191]}, {""name"": ""球R"", ""share"": 0.156, ""labels"": [193]}]"
2026_08_18/000,s7,v8,,v1_cluster0,47.85,49.64,1.79,2.988,球M,192,0.507,,,,0.787,0.729,,,1,1,5,球M,1,3,"[{""name"": ""球M"", ""share"": 0.507, ""labels"": [192]}, {""name"": ""球L"", ""share"": 0.399, ""labels"": [191]}, {""name"": ""球R"", ""share"": 0.087, ""labels"": [193]}]"
2026_08_18/000,s7,v8,,v1_cluster0,50.89,51.27,0.38,3.013,球L,191,0.775,,,,0.262,0.771,,,1,1,,,,3,"[{""name"": ""球L"", ""share"": 0.775, ""labels"": [191]}, {""name"": ""球M"", ""share"": 0.203, ""labels"": [192]}, {""name"": ""香蕉"", ""share"": 0.018, ""labels"": [196]}]"
2026_08_18/000,s7,v8,,v1_cluster0,51.4,52.11,0.7,2.994,球L,191,0.707,,,,0.192,0.513,,,1,1,6,球L,1,3,"[{""name"": ""球L"", ""share"": 0.707, ""labels"": [191]}, {""name"": ""球M"", ""share"": 0.136, ""labels"": [192]}, {""name"": ""香蕉"", ""share"": 0.134, ""labels"": [196]}]"
2026_08_18/000,s7,v8,,v1_cluster0,52.77,57.37,4.6,3.022,球L,191,0.751,,,,0.202,0.568,,,1,1,6,球L,1,3,"[{""name"": ""球L"", ""share"": 0.751, ""labels"": [191]}, {""name"": ""球M"", ""share"": 0.152, ""labels"": [192]}, {""name"": ""香蕉"", ""share"": 0.079, ""labels"": [196]}]"
2026_08_18/000,s7,v8,,v1_cluster0,57.91,58.24,0.32,2.985,球M,192,0.574,,,,0.517,0.667,,,1,1,,,,3,"[{""name"": ""球M"", ""share"": 0.574, ""labels"": [192]}, {""name"": ""球L"", ""share"": 0.297, ""labels"": [191]}, {""name"": ""球R"", ""share"": 0.125, ""labels"": [193]}]"
2026_08_18/000,s7,v8,,v1_cluster0,58.29,60.96,2.66,2.988,球M,192,0.568,,,,0.484,0.652,,,1,1,7,球M,1,3,"[{""name"": ""球M"", ""share"": 0.568, ""labels"": [192]}, {""name"": ""球L"", ""share"": 0.275, ""labels"": [191]}, {""name"": ""球R"", ""share"": 0.15, ""labels"": [193]}]"
2026_08_18/000,s7,v8,,v1_cluster0,61.01,62.31,1.3,3.312,球M,192,0.539,,,,0.733,0.81,,,1,1,7,球M,1,3,"[{""name"": ""球M"", ""share"": 0.539, ""labels"": [192]}, {""name"": ""球R"", ""share"": 0.395, ""labels"": [193]}, {""name"": ""球L"", ""share"": 0.053, ""labels"": [191]}]"
2026_08_18/000,s7,v8,,v1_cluster0,62.36,62.63,0.27,3.071,球M,192,0.585,,,,0.364,0.743,,,1,1,7,球M,1,3,"[{""name"": ""球M"", ""share"": 0.585, ""labels"": [192]}, {""name"": ""球R"", ""share"": 0.213, ""labels"": [193]}, {""name"": ""球L"", ""share"": 0.183, ""labels"": [191]}]"
2026_08_18/000,s7,v8,,v1_cluster0,62.8,64.15,1.35,3.013,球M,192,0.583,,,,0.439,0.735,,,1,1,7,球M,1,3,"[{""name"": ""球M"", ""share"": 0.583, ""labels"": [192]}, {""name"": ""球L"", ""share"": 0.256, ""labels"": [191]}, {""name"": ""球R"", ""share"": 0.142, ""labels"": [193]}]"
2026_08_18/000,s7,v8,,v1_cluster0,66.93,67.26,0.32,2.823,floor,0,1.0,,,,0.0,0.084,,,0,0,,,,1,"[{""name"": ""floor"", ""share"": 1.0, ""labels"": [0]}]"
2026_08_18/000,s7,v8,,v1_cluster0,67.58,67.85,0.27,3.192,floor,0,1.0,,,,0.0,0.145,,,0,0,,,,1,"[{""name"": ""floor"", ""share"": 1.0, ""labels"": [0]}]"
2026_08_18/000,s7,v8,,v1_cluster0,69.77,70.04,0.27,2.868,纸箱子,12,1.0,,,,0.0,1.0,,,1,1,,,,1,"[{""name"": ""纸箱子"", ""share"": 1.0, ""labels"": [12]}]"
2026_08_18/000,s7,v8,,v1_cluster0,70.44,71.9,1.46,2.973,球M,192,0.516,,,,0.744,0.631,,,1,1,,,,3,"[{""name"": ""球M"", ""share"": 0.516, ""labels"": [192]}, {""name"": ""球L"", ""share"": 0.384, ""labels"": [191]}, {""name"": ""球R"", ""share"": 0.075, ""labels"": [193]}]"
2026_08_18/000,s7,v8,,v1_cluster0,72.06,73.42,1.36,2.946,球M,192,0.566,,,,0.546,0.663,,,1,1,,,,3,"[{""name"": ""球M"", ""share"": 0.566, ""labels"": [192]}, {""name"": ""球L"", ""share"": 0.309, ""labels"": [191]}, {""name"": ""球R"", ""share"": 0.11, ""labels"": [193]}]"
2026_08_18/000,s7,v8,,v1_cluster0,73.48,75.37,1.9,3.054,球M,192,0.556,,,,0.534,0.653,,,1,1,8,球R,0,3,"[{""name"": ""球M"", ""share"": 0.556, ""labels"": [192]}, {""name"": ""球R"", ""share"": 0.297, ""labels"": [193]}, {""name"": ""球L"", ""share"": 0.103, ""labels"": [191]}]"
2026_08_18/000,s7,v8,,v1_cluster0,75.65,76.73,1.08,3.112,球M,192,0.554,,,,0.583,0.675,,,1,1,8,球R,0,3,"[{""name"": ""球M"", ""share"": 0.554, ""labels"": [192]}, {""name"": ""球R"", ""share"": 0.323, ""labels"": [193]}, {""name"": ""球L"", ""share"": 0.088, ""labels"": [191]}]"
2026_08_18/000,s7,v8,,v1_cluster0,76.79,79.66,2.87,2.943,球M,192,0.588,,,,0.432,0.653,,,1,1,8,球R,0,3,"[{""name"": ""球M"", ""share"": 0.588, ""labels"": [192]}, {""name"": ""球L"", ""share"": 0.254, ""labels"": [191]}, {""name"": ""球R"", ""share"": 0.154, ""labels"": [193]}]"
2026_08_18/000,s7,v8,,v1_cluster0,80.27,85.36,5.09,3.259,球R,193,0.499,,,,0.92,0.763,,,1,0,9,球R,1,3,"[{""name"": ""球R"", ""share"": 0.499, ""labels"": [193]}, {""name"": ""球M"", ""share"": 0.459, ""labels"": [192]}, {""name"": ""球L"", ""share"": 0.028, ""labels"": [191]}]"
2026_08_18/000,s7,v8,,v1_cluster0,85.42,85.9,0.49,2.988,球M,192,0.587,,,,0.387,0.7,,,1,1,,,,3,"[{""name"": ""球M"", ""share"": 0.587, ""labels"": [192]}, {""name"": ""球L"", ""share"": 0.227, ""labels"": [191]}, {""name"": ""球R"", ""share"": 0.181, ""labels"": [193]}]"
2026_08_18/000,s7,v8,,v1_cluster0,85.96,86.55,0.6,3.271,球R,193,0.513,,,,0.838,0.727,,,1,1,,,,3,"[{""name"": ""球R"", ""share"": 0.513, ""labels"": [193]}, {""name"": ""球M"", ""share"": 0.43, ""labels"": [192]}, {""name"": ""石榴"", ""share"": 0.034, ""labels"": [195]}]"
2026_08_18/000,s7,v8,,v1_cluster0,86.8,87.55,0.76,2.99,球M,192,0.572,,,,0.535,0.681,,,1,1,10,球M,1,3,"[{""name"": ""球M"", ""share"": 0.572, ""labels"": [192]}, {""name"": ""球L"", ""share"": 0.306, ""labels"": [191]}, {""name"": ""球R"", ""share"": 0.116, ""labels"": [193]}]"
2026_08_18/000,s7,v8,,v1_cluster0,87.61,88.04,0.43,3.14,球M,192,0.543,,,,0.536,0.646,,,1,1,10,球M,1,3,"[{""name"": ""球M"", ""share"": 0.543, ""labels"": [192]}, {""name"": ""球R"", ""share"": 0.291, ""labels"": [193]}, {""name"": ""球L"", ""share"": 0.091, ""labels"": [191]}]"
2026_08_18/000,s7,v8,,v1_cluster0,88.1,92.65,4.55,2.979,球M,192,0.542,,,,0.655,0.662,,,1,1,10,球M,1,3,"[{""name"": ""球M"", ""share"": 0.542, ""labels"": [192]}, {""name"": ""球L"", ""share"": 0.355, ""labels"": [191]}, {""name"": ""球R"", ""share"": 0.093, ""labels"": [193]}]"
2026_08_18/000,s7,v8,,v1_cluster0,92.81,93.95,1.14,2.976,球M,192,0.517,,,,0.754,0.628,,,1,1,,,,3,"[{""name"": ""球M"", ""share"": 0.517, ""labels"": [192]}, {""name"": ""球L"", ""share"": 0.39, ""labels"": [191]}, {""name"": ""球R"", ""share"": 0.077, ""labels"": [193]}]"
2026_08_18/000,s7,v8,,v1_cluster0,94.3,100.22,5.91,3.01,球L,191,0.766,,,,0.15,0.54,,,1,1,11,球L,1,3,"[{""name"": ""球L"", ""share"": 0.766, ""labels"": [191]}, {""name"": ""香蕉"", ""share"": 0.115, ""labels"": [196]}, {""name"": ""球M"", ""share"": 0.105, ""labels"": [192]}]"
2026_08_18/000,s7,v8,,v1_cluster0,100.27,101.9,1.62,3.029,球M,192,0.558,,,,0.529,0.664,,,1,1,,,,3,"[{""name"": ""球M"", ""share"": 0.558, ""labels"": [192]}, {""name"": ""球L"", ""share"": 0.295, ""labels"": [191]}, {""name"": ""球R"", ""share"": 0.138, ""labels"": [193]}]"
2026_08_18/000,s7,v8,,v1_cluster0,102.18,103.48,1.3,3.055,球M,192,0.578,,,,0.417,0.654,,,1,1,12,球M,1,3,"[{""name"": ""球M"", ""share"": 0.578, ""labels"": [192]}, {""name"": ""球L"", ""share"": 0.241, ""labels"": [191]}, {""name"": ""球R"", ""share"": 0.177, ""labels"": [193]}]"
2026_08_18/000,s7,v8,,v1_cluster0,103.53,105.0,1.47,3.123,球M,192,0.519,,,,0.476,0.642,,,1,1,12,球M,1,3,"[{""name"": ""球M"", ""share"": 0.519, ""labels"": [192]}, {""name"": ""球R"", ""share"": 0.247, ""labels"": [193]}, {""name"": ""球L"", ""share"": 0.147, ""labels"": [191]}]"
2026_08_18/000,s7,v8,,v1_cluster0,105.05,105.6,0.54,3.259,球M,192,0.455,,,,0.895,0.688,,,1,0,12,球M,1,3,"[{""name"": ""球M"", ""share"": 0.455, ""labels"": [192]}, {""name"": ""球R"", ""share"": 0.407, ""labels"": [193]}, {""name"": ""石榴"", ""share"": 0.077, ""labels"": [195]}]"
2026_08_18/000,s7,v8,,v1_cluster0,105.65,107.81,2.16,3.033,球M,192,0.542,,,,0.559,0.641,,,1,1,12,球M,1,3,"[{""name"": ""球M"", ""share"": 0.542, ""labels"": [192]}, {""name"": ""球L"", ""share"": 0.303, ""labels"": [191]}, {""name"": ""球R"", ""share"": 0.14, ""labels"": [193]}]"
2026_08_18/000,s7,v8,,v1_cluster0,108.19,108.78,0.6,3.34,球R,193,0.674,,,,0.407,0.8,,,1,1,13,球R,1,3,"[{""name"": ""球R"", ""share"": 0.674, ""labels"": [193]}, {""name"": ""球M"", ""share"": 0.274, ""labels"": [192]}, {""name"": ""石榴"", ""share"": 0.046, ""labels"": [195]}]"
2026_08_18/000,s7,v8,,v1_cluster0,108.89,109.98,1.09,3.317,球R,193,0.581,,,,0.599,0.772,,,1,1,13,球R,1,3,"[{""name"": ""球R"", ""share"": 0.581, ""labels"": [193]}, {""name"": ""球M"", ""share"": 0.348, ""labels"": [192]}, {""name"": ""石榴"", ""share"": 0.059, ""labels"": [195]}]"
2026_08_18/000,s7,v8,,v1_cluster0,110.03,112.14,2.11,3.336,球R,193,0.524,,,,0.771,0.751,,,1,1,13,球R,1,3,"[{""name"": ""球R"", ""share"": 0.524, ""labels"": [193]}, {""name"": ""球M"", ""share"": 0.404, ""labels"": [192]}, {""name"": ""石榴"", ""share"": 0.052, ""labels"": [195]}]"
2026_08_18/000,s7,v8,,v1_cluster0,112.21,112.75,0.54,3.154,球M,192,0.457,,,,0.521,0.634,,,1,0,13,球R,0,3,"[{""name"": ""球M"", ""share"": 0.457, ""labels"": [192]}, {""name"": ""球R"", ""share"": 0.238, ""labels"": [193]}, {""name"": ""石榴"", ""share"": 0.211, ""labels"": [195]}]"
2026_08_18/000,s7,v8,,v1_cluster0,112.8,113.24,0.43,3.335,球R,193,0.557,,,,0.679,0.773,,,1,1,13,球R,1,3,"[{""name"": ""球R"", ""share"": 0.557, ""labels"": [193]}, {""name"": ""球M"", ""share"": 0.378, ""labels"": [192]}, {""name"": ""石榴"", ""share"": 0.054, ""labels"": [195]}]"
2026_08_18/000,s7,v8,,v1_cluster0,113.51,115.08,1.57,3.39,球R,193,0.619,,,,0.551,0.775,,,1,1,,,,3,"[{""name"": ""球R"", ""share"": 0.619, ""labels"": [193]}, {""name"": ""球M"", ""share"": 0.341, ""labels"": [192]}, {""name"": ""石榴"", ""share"": 0.031, ""labels"": [195]}]"
2026_08_18/000,s7,v8,,v1_cluster0,115.4,116.27,0.87,3.053,球M,192,0.606,,,,0.343,0.67,,,1,1,14,球M,1,3,"[{""name"": ""球M"", ""share"": 0.606, ""labels"": [192]}, {""name"": ""球L"", ""share"": 0.208, ""labels"": [191]}, {""name"": ""球R"", ""share"": 0.185, ""labels"": [193]}]"
2026_08_18/000,s7,v8,,v1_cluster0,116.32,121.2,4.87,3.109,球M,192,0.564,,,,0.376,0.673,,,1,1,14,球M,1,3,"[{""name"": ""球M"", ""share"": 0.564, ""labels"": [192]}, {""name"": ""球R"", ""share"": 0.212, ""labels"": [193]}, {""name"": ""球L"", ""share"": 0.167, ""labels"": [191]}]"
2026_08_18/000,s7,v8,,v1_cluster0,121.25,121.69,0.43,3.364,球M,192,0.494,,,,0.939,0.797,,,1,0,,,,3,"[{""name"": ""球M"", ""share"": 0.494, ""labels"": [192]}, {""name"": ""球R"", ""share"": 0.464, ""labels"": [193]}, {""name"": ""球L"", ""share"": 0.031, ""labels"": [191]}]"
2026_08_18/000,s7,v8,,v1_cluster0,121.74,124.56,2.82,3.013,球L,191,0.676,,,,0.278,0.533,,,1,1,,,,3,"[{""name"": ""球L"", ""share"": 0.676, ""labels"": [191]}, {""name"": ""球M"", ""share"": 0.188, ""labels"": [192]}, {""name"": ""香蕉"", ""share"": 0.124, ""labels"": [196]}]"
2026_08_18/000,s7,v8,,v1_cluster0,124.73,128.59,3.86,3.034,球L,191,0.681,,,,0.266,0.54,,,1,1,15,球L,1,3,"[{""name"": ""球L"", ""share"": 0.681, ""labels"": [191]}, {""name"": ""球M"", ""share"": 0.181, ""labels"": [192]}, {""name"": ""香蕉"", ""share"": 0.129, ""labels"": [196]}]"
2026_08_18/000,s7,v8,,v1_cluster0,130.75,131.07,0.32,2.104,floor,0,1.0,,,,0.0,0.862,,,0,0,,,,1,"[{""name"": ""floor"", ""share"": 1.0, ""labels"": [0]}]"
2026_08_18/000,s7,v8,,v1_cluster0,131.13,131.4,0.27,1.794,floor,0,1.0,,,,0.0,0.993,,,0,0,,,,1,"[{""name"": ""floor"", ""share"": 1.0, ""labels"": [0]}]"
2026_08_18/000,s7,v8,,v1_cluster0,131.45,131.95,0.5,1.583,floor,0,1.0,,,,0.0,0.955,,,0,0,,,,1,"[{""name"": ""floor"", ""share"": 1.0, ""labels"": [0]}]"
2026_08_20/000,c1,v9,,v1_cluster0,1.79,2.06,0.27,2.63,floor,0,1.0,,,,0.0,0.183,,,0,0,,,,1,"[{""name"": ""floor"", ""share"": 1.0, ""labels"": [0]}]"
2026_08_20/000,c1,v9,,v1_cluster0,4.23,4.55,0.32,2.275,floor,0,1.0,,,,0.0,0.221,,,0,0,,,,1,"[{""name"": ""floor"", ""share"": 1.0, ""labels"": [0]}]"
2026_08_20/000,c1,v9,,v1_cluster0,5.09,5.69,0.6,1.918,白杯1,266,0.543,,,,0.274,0.027,,,1,1,,,,3,"[{""name"": ""白杯1"", ""share"": 0.543, ""labels"": [266]}, {""name"": ""红杯"", ""share"": 0.149, ""labels"": [49]}, {""name"": ""球R"", ""share"": 0.117, ""labels"": [263]}]"
2026_08_20/000,c1,v9,,v1_cluster0,6.59,7.89,1.3,2.294,水瓶,30,0.633,,,,0.218,0.372,,,1,1,,,,3,"[{""name"": ""水瓶"", ""share"": 0.633, ""labels"": [30]}, {""name"": ""香蕉"", ""share"": 0.138, ""labels"": [264]}, {""name"": ""苹果红"", ""share"": 0.119, ""labels"": [260]}]"
2026_08_20/000,c1,v9,,v1_cluster0,10.31,11.12,0.81,2.642,floor,0,1.0,,,,0.0,0.007,,,0,0,,,,1,"[{""name"": ""floor"", ""share"": 1.0, ""labels"": [0]}]"
2026_08_20/000,c1,v9,,v1_cluster0,11.38,11.87,0.49,2.456,floor,0,1.0,,,,0.0,0.0,,,0,0,,,,1,"[{""name"": ""floor"", ""share"": 1.0, ""labels"": [0]}]"
2026_08_20/000,c1,v9,,v1_cluster0,11.92,12.2,0.27,2.321,floor,0,1.0,,,,0.0,0.007,,,0,0,,,,1,"[{""name"": ""floor"", ""share"": 1.0, ""labels"": [0]}]"
2026_08_20/000,c1,v9,,v1_cluster0,12.25,12.52,0.27,2.326,floor,0,1.0,,,,0.0,0.001,,,0,0,,,,1,"[{""name"": ""floor"", ""share"": 1.0, ""labels"": [0]}]"
2026_08_20/000,c1,v9,,v1_cluster0,12.69,13.17,0.48,2.6,floor,0,1.0,,,,0.0,0.026,,,0,0,,,,1,"[{""name"": ""floor"", ""share"": 1.0, ""labels"": [0]}]"
2026_08_20/000,c1,v9,,v1_cluster0,13.86,16.48,2.62,2.217,球L,259,0.555,,,,0.333,0.054,,,1,1,,,,3,"[{""name"": ""球L"", ""share"": 0.555, ""labels"": [259]}, {""name"": ""苹果红"", ""share"": 0.185, ""labels"": [260]}, {""name"": ""苹果粉"", ""share"": 0.125, ""labels"": [64, 250]}]"
2026_08_20/000,c1,v9,,v1_cluster0,16.53,17.08,0.54,2.107,球M,261,0.596,,,,0.342,0.295,,,1,1,,,,3,"[{""name"": ""球M"", ""share"": 0.596, ""labels"": [261]}, {""name"": ""球L"", ""share"": 0.204, ""labels"": [259]}, {""name"": ""水瓶"", ""share"": 0.15, ""labels"": [30]}]"
2026_08_20/000,c1,v9,,v1_cluster0,17.13,20.81,3.68,2.154,球R,263,0.574,,,,0.267,0.212,,,1,1,1,球R,1,3,"[{""name"": ""球R"", ""share"": 0.574, ""labels"": [263]}, {""name"": ""水瓶"", ""share"": 0.153, ""labels"": [30]}, {""name"": ""白杯1"", ""share"": 0.144, ""labels"": [266]}]"
2026_08_20/000,c1,v9,,v1_cluster0,21.03,23.09,2.06,2.168,球R,263,0.551,,,,0.365,0.166,,,1,1,1,球R,1,3,"[{""name"": ""球R"", ""share"": 0.551, ""labels"": [263]}, {""name"": ""白杯1"", ""share"": 0.201, ""labels"": [266]}, {""name"": ""水瓶"", ""share"": 0.09, ""labels"": [30]}]"
2026_08_20/000,c1,v9,,v1_cluster0,23.15,27.79,4.64,2.228,球M,261,0.432,,,,0.794,0.034,,,0,0,2,香蕉,0,3,"[{""name"": ""球M"", ""share"": 0.432, ""labels"": [261]}, {""name"": ""水瓶"", ""share"": 0.343, ""labels"": [30]}, {""name"": ""香蕉"", ""share"": 0.115, ""labels"": [264]}]"
2026_08_20/000,c1,v9,,v1_cluster0,27.96,30.34,2.38,2.246,水瓶,30,0.405,,,,0.63,0.044,,,1,0,2,香蕉,0,3,"[{""name"": ""水瓶"", ""share"": 0.405, ""labels"": [30]}, {""name"": ""球M"", ""share"": 0.255, ""labels"": [261]}, {""name"": ""苹果红"", ""share"": 0.136, ""labels"": [260]}]"
2026_08_20/000,c1,v9,,v1_cluster0,30.9,36.8,5.9,3.052,纸箱子,33,1.0,,,,0.0,0.26,,,1,1,3,纸箱子,1,1,"[{""name"": ""纸箱子"", ""share"": 1.0, ""labels"": [33, 73]}]"
2026_08_20/000,c1,v9,,v1_cluster0,36.98,39.9,2.92,2.25,苹果粉,64,0.721,,,,0.262,0.148,,,1,1,,,,3,"[{""name"": ""苹果粉"", ""share"": 0.721, ""labels"": [64, 250]}, {""name"": ""球L"", ""share"": 0.189, ""labels"": [259]}, {""name"": ""苹果红"", ""share"": 0.054, ""labels"": [260]}]"
2026_08_20/000,c1,v9,,v1_cluster0,40.02,43.97,3.95,2.237,苹果粉,64,0.542,,,,0.64,0.112,,,1,1,4,苹果粉,1,3,"[{""name"": ""苹果粉"", ""share"": 0.542, ""labels"": [64]}, {""name"": ""球L"", ""share"": 0.347, ""labels"": [259]}, {""name"": ""苹果红"", ""share"": 0.068, ""labels"": [260]}]"
2026_08_20/000,c1,v9,,v1_cluster0,44.21,49.73,5.52,2.342,白杯1,266,0.352,,,,0.659,0.046,,,1,0,5,白杯1,1,3,"[{""name"": ""白杯1"", ""share"": 0.352, ""labels"": [266]}, {""name"": ""球R"", ""share"": 0.232, ""labels"": [263]}, {""name"": ""水瓶"", ""share"": 0.117, ""labels"": [30]}]"
2026_08_20/000,c1,v9,,v1_cluster0,49.92,55.5,5.58,2.29,水瓶,30,0.471,,,,0.582,0.061,,,1,0,6,水瓶,1,3,"[{""name"": ""水瓶"", ""share"": 0.471, ""labels"": [30]}, {""name"": ""球M"", ""share"": 0.274, ""labels"": [261]}, {""name"": ""香蕉"", ""share"": 0.14, ""labels"": [264]}]"
2026_08_20/000,c1,v9,,v1_cluster0,55.56,56.04,0.49,2.205,球M,261,0.584,,,,0.432,0.118,,,1,1,6,水瓶,0,3,"[{""name"": ""球M"", ""share"": 0.584, ""labels"": [261]}, {""name"": ""水瓶"", ""share"": 0.252, ""labels"": [30]}, {""name"": ""香蕉"", ""share"": 0.066, ""labels"": [264]}]"
2026_08_20/000,c1,v9,,v1_cluster0,56.15,57.61,1.46,2.257,球M,261,0.471,,,,0.633,0.095,,,1,0,6,水瓶,0,3,"[{""name"": ""球M"", ""share"": 0.471, ""labels"": [261]}, {""name"": ""水瓶"", ""share"": 0.298, ""labels"": [30]}, {""name"": ""球L"", ""share"": 0.084, ""labels"": [259]}]"
2026_08_20/000,c1,v9,,v1_cluster0,57.82,60.63,2.82,2.305,水瓶,30,0.485,,,,0.464,0.082,,,1,0,,,,3,"[{""name"": ""水瓶"", ""share"": 0.485, ""labels"": [30]}, {""name"": ""球M"", ""share"": 0.225, ""labels"": [261]}, {""name"": ""香蕉"", ""share"": 0.136, ""labels"": [264]}]"
2026_08_20/000,c1,v9,,v1_cluster0,64.01,64.28,0.27,2.238,球L,259,0.602,,,,0.257,0.157,,,1,1,,,,3,"[{""name"": ""球L"", ""share"": 0.602, ""labels"": [259]}, {""name"": ""苹果红"", ""share"": 0.155, ""labels"": [260]}, {""name"": ""水瓶"", ""share"": 0.105, ""labels"": [30]}]"
2026_08_20/000,c1,v9,,v1_cluster0,64.33,64.93,0.6,2.254,球M,261,0.491,,,,0.603,0.078,,,1,0,,,,3,"[{""name"": ""球M"", ""share"": 0.491, ""labels"": [261]}, {""name"": ""水瓶"", ""share"": 0.296, ""labels"": [30]}, {""name"": ""香蕉"", ""share"": 0.084, ""labels"": [264]}]"
2026_08_20/000,c1,v9,,v1_cluster0,64.98,65.36,0.38,2.249,球M,261,0.32,,,,0.703,0.095,,,0,0,,,,3,"[{""name"": ""球M"", ""share"": 0.32, ""labels"": [261]}, {""name"": ""白杯1"", ""share"": 0.225, ""labels"": [266]}, {""name"": ""球R"", ""share"": 0.186, ""labels"": [263]}]"
2026_08_20/000,c1,v9,,v1_cluster0,65.58,66.07,0.49,2.202,球L,259,0.448,,,,0.413,0.154,,,1,0,,,,3,"[{""name"": ""球L"", ""share"": 0.448, ""labels"": [259]}, {""name"": ""球M"", ""share"": 0.185, ""labels"": [261]}, {""name"": ""水瓶"", ""share"": 0.18, ""labels"": [30]}]"
2026_08_20/000,c1,v9,,v1_cluster0,66.18,72.53,6.35,2.304,球R,263,0.285,,,,0.954,0.07,,,0,0,7,红杯,0,3,"[{""name"": ""球R"", ""share"": 0.285, ""labels"": [263]}, {""name"": ""白杯1"", ""share"": 0.272, ""labels"": [266]}, {""name"": ""红杯"", ""share"": 0.207, ""labels"": [49]}]"
2026_08_20/000,c1,v9,,v1_cluster0,72.86,73.29,0.44,2.242,球L,259,0.556,,,,0.439,0.111,,,1,1,,,,3,"[{""name"": ""球L"", ""share"": 0.556, ""labels"": [259]}, {""name"": ""苹果粉"", ""share"": 0.244, ""labels"": [64, 250]}, {""name"": ""苹果红"", ""share"": 0.116, ""labels"": [260]}]"
2026_08_20/000,c1,v9,,v1_cluster0,73.51,76.76,3.25,2.25,球L,259,0.405,,,,0.677,0.048,,,1,0,8,苹果红,0,3,"[{""name"": ""球L"", ""share"": 0.405, ""labels"": [259]}, {""name"": ""苹果红"", ""share"": 0.274, ""labels"": [260]}, {""name"": ""水瓶"", ""share"": 0.137, ""labels"": [30]}]"
2026_08_20/000,c1,v9,,v1_cluster0,76.81,77.08,0.27,2.294,球M,261,0.382,,,,0.77,0.041,,,0,0,8,苹果红,0,3,"[{""name"": ""球M"", ""share"": 0.382, ""labels"": [261]}, {""name"": ""水瓶"", ""share"": 0.294, ""labels"": [30]}, {""name"": ""香蕉"", ""share"": 0.141, ""labels"": [264]}]"
2026_08_20/000,c1,v9,,v1_cluster0,77.14,79.85,2.71,2.246,球L,259,0.268,,,,0.955,0.045,,,0,0,8,苹果红,0,3,"[{""name"": ""球L"", ""share"": 0.268, ""labels"": [259]}, {""name"": ""苹果红"", ""share"": 0.256, ""labels"": [260]}, {""name"": ""水瓶"", ""share"": 0.24, ""labels"": [30]}]"
2026_08_20/000,c1,v9,,v1_cluster0,80.36,83.24,2.88,2.215,球M,261,0.538,,,,0.468,0.158,,,1,1,9,球M,1,3,"[{""name"": ""球M"", ""share"": 0.538, ""labels"": [261]}, {""name"": ""水瓶"", ""share"": 0.252, ""labels"": [30]}, {""name"": ""球L"", ""share"": 0.111, ""labels"": [259]}]"
2026_08_20/000,c1,v9,,v1_cluster0,83.35,86.45,3.1,2.248,球M,261,0.561,,,,0.449,0.124,,,1,1,9,球M,1,3,"[{""name"": ""球M"", ""share"": 0.561, ""labels"": [261]}, {""name"": ""水瓶"", ""share"": 0.252, ""labels"": [30]}, {""name"": ""香蕉"", ""share"": 0.073, ""labels"": [264]}]"
2026_08_20/000,c1,v9,,v1_cluster0,86.56,92.36,5.8,2.342,苹果红,260,0.379,,,,0.541,0.393,,,1,0,10,橘子,0,3,"[{""name"": ""苹果红"", ""share"": 0.379, ""labels"": [260]}, {""name"": ""苹果粉"", ""share"": 0.205, ""labels"": [64, 250]}, {""name"": ""球L"", ""share"": 0.16, ""labels"": [259]}]"
2026_08_20/000,c1,v9,,v1_cluster0,92.6,93.35,0.76,2.304,苹果红,260,0.324,,,,0.722,0.112,,,0,0,,,,3,"[{""name"": ""苹果红"", ""share"": 0.324, ""labels"": [260]}, {""name"": ""球L"", ""share"": 0.234, ""labels"": [259]}, {""name"": ""水瓶"", ""share"": 0.219, ""labels"": [30]}]"
2026_08_20/000,c1,v9,,v1_cluster0,93.57,96.55,2.98,2.281,球L,259,0.523,,,,0.402,0.062,,,1,1,11,球L,1,3,"[{""name"": ""球L"", ""share"": 0.523, ""labels"": [259]}, {""name"": ""苹果粉"", ""share"": 0.21, ""labels"": [64, 250]}, {""name"": ""苹果红"", ""share"": 0.165, ""labels"": [260]}]"
2026_08_20/000,c1,v9,,v1_cluster0,96.79,97.65,0.87,2.301,球L,259,0.469,,,,0.486,0.054,,,1,0,11,球L,1,3,"[{""name"": ""球L"", ""share"": 0.469, ""labels"": [259]}, {""name"": ""苹果红"", ""share"": 0.228, ""labels"": [260]}, {""name"": ""水瓶"", ""share"": 0.107, ""labels"": [30]}]"
2026_08_20/000,c1,v9,,v1_cluster0,97.92,99.34,1.41,2.257,球L,259,0.474,,,,0.451,0.067,,,1,0,11,球L,1,3,"[{""name"": ""球L"", ""share"": 0.474, ""labels"": [259]}, {""name"": ""苹果红"", ""share"": 0.214, ""labels"": [260]}, {""name"": ""水瓶"", ""share"": 0.133, ""labels"": [30]}]"
2026_08_20/000,c1,v9,,v1_cluster0,99.39,99.94,0.55,2.279,白杯1,266,0.326,,,,0.62,0.037,,,0,0,,,,3,"[{""name"": ""白杯1"", ""share"": 0.326, ""labels"": [266]}, {""name"": ""球R"", ""share"": 0.202, ""labels"": [263]}, {""name"": ""球M"", ""share"": 0.145, ""labels"": [261]}]"
2026_08_20/000,c1,v9,,v1_cluster0,100.15,100.53,0.38,2.31,白杯1,266,0.333,,,,0.97,0.038,,,0,0,,,,3,"[{""name"": ""白杯1"", ""share"": 0.333, ""labels"": [266]}, {""name"": ""球R"", ""share"": 0.323, ""labels"": [263]}, {""name"": ""红杯"", ""share"": 0.13, ""labels"": [49]}]"
2026_08_20/000,c1,v9,,v1_cluster0,100.7,105.52,4.82,2.31,白杯2,267,0.38,,,,0.671,0.147,,,1,0,12,白杯2,1,3,"[{""name"": ""白杯2"", ""share"": 0.38, ""labels"": [267]}, {""name"": ""红杯"", ""share"": 0.255, ""labels"": [49]}, {""name"": ""球R"", ""share"": 0.226, ""labels"": [263]}]"
2026_08_20/000,c1,v9,,v1_cluster0,105.57,106.98,1.41,2.297,白杯1,266,0.337,,,,0.926,0.045,,,0,0,12,白杯2,0,3,"[{""name"": ""白杯1"", ""share"": 0.337, ""labels"": [266]}, {""name"": ""球R"", ""share"": 0.312, ""labels"": [263]}, {""name"": ""红杯"", ""share"": 0.122, ""labels"": [49]}]"
2026_08_20/000,c1,v9,,v1_cluster0,107.04,107.9,0.87,2.282,白杯1,266,0.317,,,,0.634,0.058,,,0,0,,,,3,"[{""name"": ""白杯1"", ""share"": 0.317, ""labels"": [266]}, {""name"": ""水瓶"", ""share"": 0.201, ""labels"": [30]}, {""name"": ""香蕉"", ""share"": 0.156, ""labels"": [264]}]"
2026_08_20/000,c1,v9,,v1_cluster0,109.2,109.52,0.32,2.674,floor,0,1.0,,,,0.0,0.073,,,0,0,,,,1,"[{""name"": ""floor"", ""share"": 1.0, ""labels"": [0]}]"
2026_08_20/001,c2,v9,,v1_cluster0,2.06,2.33,0.27,2.216,floor,0,1.0,,,,0.0,0.144,,,0,0,,,,1,"[{""name"": ""floor"", ""share"": 1.0, ""labels"": [0]}]"
2026_08_20/001,c2,v9,,v1_cluster0,3.28,3.67,0.38,3.041,floor,0,1.0,,,,0.0,0.844,,,0,0,,,,1,"[{""name"": ""floor"", ""share"": 1.0, ""labels"": [0]}]"
2026_08_20/001,c2,v9,,v1_cluster0,4.1,4.48,0.38,2.71,floor,0,1.0,,,,0.0,0.801,,,0,0,,,,1,"[{""name"": ""floor"", ""share"": 1.0, ""labels"": [0]}]"
2026_08_20/001,c2,v9,,v1_cluster0,6.68,7.07,0.38,1.964,floor,0,1.0,,,,0.0,0.988,,,0,0,,,,1,"[{""name"": ""floor"", ""share"": 1.0, ""labels"": [0]}]"
2026_08_20/001,c2,v9,,v1_cluster0,10.0,10.43,0.43,2.741,水瓶,30,0.304,,,,0.882,0.121,,,0,0,,,,3,"[{""name"": ""水瓶"", ""share"": 0.304, ""labels"": [30]}, {""name"": ""球L"", ""share"": 0.268, ""labels"": [259]}, {""name"": ""苹果红"", ""share"": 0.173, ""labels"": [260]}]"
2026_08_20/001,c2,v9,,v1_cluster0,14.12,14.66,0.54,2.579,球M,261,0.388,,,,0.758,0.188,,,0,0,,,,3,"[{""name"": ""球M"", ""share"": 0.388, ""labels"": [261]}, {""name"": ""水瓶"", ""share"": 0.294, ""labels"": [30]}, {""name"": ""球L"", ""share"": 0.115, ""labels"": [259]}]"
2026_08_20/001,c2,v9,,v1_cluster0,14.71,15.47,0.76,2.704,球R,263,0.504,,,,0.339,0.328,,,1,1,,,,3,"[{""name"": ""球R"", ""share"": 0.504, ""labels"": [263]}, {""name"": ""白杯1"", ""share"": 0.171, ""labels"": [266]}, {""name"": ""白杯2"", ""share"": 0.117, ""labels"": [267]}]"
2026_08_20/001,c2,v9,,v1_cluster0,15.53,15.9,0.38,2.514,球M,261,0.393,,,,0.628,0.285,,,1,0,,,,3,"[{""name"": ""球M"", ""share"": 0.393, ""labels"": [261]}, {""name"": ""水瓶"", ""share"": 0.247, ""labels"": [30]}, {""name"": ""球L"", ""share"": 0.237, ""labels"": [259]}]"
2026_08_20/001,c2,v9,,v1_cluster0,16.39,18.17,1.78,2.713,球R,263,0.47,,,,0.409,0.208,,,1,0,1,球R,1,3,"[{""name"": ""球R"", ""share"": 0.47, ""labels"": [263]}, {""name"": ""白杯1"", ""share"": 0.192, ""labels"": [266]}, {""name"": ""白杯2"", ""share"": 0.149, ""labels"": [267]}]"
2026_08_20/001,c2,v9,,v1_cluster0,18.5,19.42,0.92,2.799,球R,263,0.475,,,,0.356,0.353,,,1,0,1,球R,1,3,"[{""name"": ""球R"", ""share"": 0.475, ""labels"": [263]}, {""name"": ""白杯2"", ""share"": 0.169, ""labels"": [267]}, {""name"": ""水瓶"", ""share"": 0.145, ""labels"": [30]}]"
2026_08_20/001,c2,v9,,v1_cluster0,20.53,20.91,0.38,3.006,球R,263,0.292,,,,0.747,0.177,,,0,0,,,,3,"[{""name"": ""球R"", ""share"": 0.292, ""labels"": [263]}, {""name"": ""白杯1"", ""share"": 0.218, ""labels"": [266]}, {""name"": ""白杯2"", ""share"": 0.213, ""labels"": [267]}]"
2026_08_20/001,c2,v9,,v1_cluster0,21.18,21.67,0.49,3.097,球M,261,0.341,,,,0.663,0.416,,,0,0,,,,3,"[{""name"": ""球M"", ""share"": 0.341, ""labels"": [261]}, {""name"": ""球L"", ""share"": 0.226, ""labels"": [259]}, {""name"": ""水瓶"", ""share"": 0.202, ""labels"": [30]}]"
2026_08_20/001,c2,v9,,v1_cluster0,22.21,22.86,0.65,3.163,水瓶,30,0.274,,,,0.927,0.276,,,0,0,,,,3,"[{""name"": ""水瓶"", ""share"": 0.274, ""labels"": [30]}, {""name"": ""球M"", ""share"": 0.254, ""labels"": [261]}, {""name"": ""球L"", ""share"": 0.208, ""labels"": [259]}]"
2026_08_20/001,c2,v9,,v1_cluster0,22.91,26.92,4.01,3.153,球R,263,0.266,,,,0.835,0.262,,,0,0,2,球R,1,3,"[{""name"": ""球R"", ""share"": 0.266, ""labels"": [263]}, {""name"": ""白杯1"", ""share"": 0.222, ""labels"": [266]}, {""name"": ""水瓶"", ""share"": 0.166, ""labels"": [30]}]"
2026_08_20/001,c2,v9,,v1_cluster0,27.04,29.32,2.27,3.163,球R,263,0.282,,,,0.865,0.317,,,0,0,,,,3,"[{""name"": ""球R"", ""share"": 0.282, ""labels"": [263]}, {""name"": ""白杯1"", ""share"": 0.244, ""labels"": [266]}, {""name"": ""球M"", ""share"": 0.146, ""labels"": [261]}]"
2026_08_20/001,c2,v9,,v1_cluster0,29.37,30.56,1.19,3.15,苹果粉,64,0.366,,,,0.975,0.266,,,0,0,4,球L,0,3,"[{""name"": ""苹果粉"", ""share"": 0.366, ""labels"": [64]}, {""name"": ""球L"", ""share"": 0.357, ""labels"": [259]}, {""name"": ""苹果红"", ""share"": 0.143, ""labels"": [260]}]"
2026_08_20/001,c2,v9,,v1_cluster0,30.8,36.28,5.48,3.253,球L,259,0.278,,,,0.871,0.23,,,0,0,4,球L,1,3,"[{""name"": ""球L"", ""share"": 0.278, ""labels"": [259]}, {""name"": ""水瓶"", ""share"": 0.242, ""labels"": [30]}, {""name"": ""苹果红"", ""share"": 0.192, ""labels"": [260]}]"
2026_08_20/001,c2,v9,,v1_cluster0,36.77,39.8,3.03,3.262,球L,259,0.445,,,,0.503,0.405,,,1,0,,,,3,"[{""name"": ""球L"", ""share"": 0.445, ""labels"": [259]}, {""name"": ""苹果粉"", ""share"": 0.224, ""labels"": [64]}, {""name"": ""苹果红"", ""share"": 0.13, ""labels"": [260]}]"
2026_08_20/001,c2,v9,,v1_cluster0,39.96,40.34,0.38,3.256,球L,259,0.387,,,,0.499,0.512,,,1,0,,,,3,"[{""name"": ""球L"", ""share"": 0.387, ""labels"": [259]}, {""name"": ""水瓶"", ""share"": 0.193, ""labels"": [30]}, {""name"": ""苹果红"", ""share"": 0.157, ""labels"": [260]}]"
2026_08_20/001,c2,v9,,v1_cluster0,40.61,42.94,2.33,3.264,球L,259,0.412,,,,0.398,0.408,,,1,0,,,,3,"[{""name"": ""球L"", ""share"": 0.412, ""labels"": [259]}, {""name"": ""苹果红"", ""share"": 0.164, ""labels"": [260]}, {""name"": ""球M"", ""share"": 0.138, ""labels"": [261]}]"
2026_08_20/001,c2,v9,,v1_cluster0,43.18,46.6,3.42,3.223,苹果粉,64,0.61,,,,0.392,0.357,,,1,1,5,苹果粉,1,3,"[{""name"": ""苹果粉"", ""share"": 0.61, ""labels"": [64]}, {""name"": ""球L"", ""share"": 0.239, ""labels"": [259]}, {""name"": ""苹果红"", ""share"": 0.087, ""labels"": [260]}]"
2026_08_20/001,c2,v9,,v1_cluster0,46.84,49.82,2.97,3.227,苹果粉,64,0.577,,,,0.468,0.332,,,1,1,5,苹果粉,1,3,"[{""name"": ""苹果粉"", ""share"": 0.577, ""labels"": [64]}, {""name"": ""球L"", ""share"": 0.27, ""labels"": [259]}, {""name"": ""苹果红"", ""share"": 0.095, ""labels"": [260]}]"
2026_08_20/001,c2,v9,,v1_cluster0,50.09,52.86,2.76,3.274,球R,263,0.295,,,,0.753,0.202,,,0,0,,,,3,"[{""name"": ""球R"", ""share"": 0.295, ""labels"": [263]}, {""name"": ""白杯1"", ""share"": 0.222, ""labels"": [266]}, {""name"": ""白杯2"", ""share"": 0.161, ""labels"": [267]}]"
2026_08_20/001,c2,v9,,v1_cluster0,53.29,53.67,0.38,3.252,球R,263,0.339,,,,0.64,0.395,,,0,0,,,,3,"[{""name"": ""球R"", ""share"": 0.339, ""labels"": [263]}, {""name"": ""水瓶"", ""share"": 0.217, ""labels"": [30]}, {""name"": ""白杯1"", ""share"": 0.155, ""labels"": [266]}]"
2026_08_20/001,c2,v9,,v1_cluster0,53.89,54.21,0.32,3.264,白杯2,267,0.548,,,,0.339,0.503,,,1,1,,,,3,"[{""name"": ""白杯2"", ""share"": 0.548, ""labels"": [267]}, {""name"": ""球R"", ""share"": 0.186, ""labels"": [263]}, {""name"": ""红杯"", ""share"": 0.123, ""labels"": [49]}]"
2026_08_20/001,c2,v9,,v1_cluster0,54.75,56.86,2.11,3.266,水瓶,30,0.246,,,,0.809,0.219,,,0,0,,,,3,"[{""name"": ""水瓶"", ""share"": 0.246, ""labels"": [30]}, {""name"": ""白杯1"", ""share"": 0.199, ""labels"": [266]}, {""name"": ""球R"", ""share"": 0.194, ""labels"": [263]}]"
2026_08_20/001,c2,v9,,v1_cluster0,57.94,58.22,0.27,4.504,球M,261,0.396,,,,0.492,0.591,,,1,0,,,,3,"[{""name"": ""球M"", ""share"": 0.396, ""labels"": [261]}, {""name"": ""水瓶"", ""share"": 0.195, ""labels"": [30]}, {""name"": ""球L"", ""share"": 0.195, ""labels"": [259]}]"
2026_08_20/001,c2,v9,,v1_cluster0,58.49,59.35,0.87,3.268,球M,261,0.338,,,,0.784,0.271,,,0,0,7,球M,1,3,"[{""name"": ""球M"", ""share"": 0.338, ""labels"": [261]}, {""name"": ""水瓶"", ""share"": 0.265, ""labels"": [30]}, {""name"": ""香蕉"", ""share"": 0.105, ""labels"": [264]}]"
2026_08_20/001,c2,v9,,v1_cluster0,59.46,59.95,0.49,3.262,球M,261,0.289,,,,0.945,0.245,,,0,0,7,球M,1,3,"[{""name"": ""球M"", ""share"": 0.289, ""labels"": [261]}, {""name"": ""水瓶"", ""share"": 0.273, ""labels"": [30]}, {""name"": ""白杯1"", ""share"": 0.123, ""labels"": [266]}]"
2026_08_20/001,c2,v9,,v1_cluster0,60.19,62.73,2.54,3.283,水瓶,30,0.314,,,,0.965,0.249,,,0,0,7,球M,0,3,"[{""name"": ""水瓶"", ""share"": 0.314, ""labels"": [30]}, {""name"": ""球M"", ""share"": 0.303, ""labels"": [261]}, {""name"": ""香蕉"", ""share"": 0.102, ""labels"": [264]}]"
2026_08_20/001,c2,v9,,v1_cluster0,66.15,66.53,0.38,3.236,水瓶,30,0.4,,,,0.487,0.315,,,1,0,,,,3,"[{""name"": ""水瓶"", ""share"": 0.4, ""labels"": [30]}, {""name"": ""苹果红"", ""share"": 0.195, ""labels"": [260]}, {""name"": ""球L"", ""share"": 0.145, ""labels"": [259]}]"
2026_08_20/001,c2,v9,,v1_cluster0,67.66,68.41,0.76,3.289,球L,259,0.306,,,,0.735,0.275,,,0,0,,,,3,"[{""name"": ""球L"", ""share"": 0.306, ""labels"": [259]}, {""name"": ""水瓶"", ""share"": 0.225, ""labels"": [30]}, {""name"": ""苹果红"", ""share"": 0.185, ""labels"": [260]}]"
2026_08_20/001,c2,v9,,v1_cluster0,68.74,69.12,0.38,3.304,水瓶,30,0.299,,,,0.699,0.24,,,0,0,,,,3,"[{""name"": ""水瓶"", ""share"": 0.299, ""labels"": [30]}, {""name"": ""球L"", ""share"": 0.209, ""labels"": [259]}, {""name"": ""球M"", ""share"": 0.188, ""labels"": [261]}]"
2026_08_20/001,c2,v9,,v1_cluster0,69.39,70.7,1.31,3.298,球M,261,0.26,,,,0.862,0.441,,,0,0,,,,3,"[{""name"": ""球M"", ""share"": 0.26, ""labels"": [261]}, {""name"": ""水瓶"", ""share"": 0.224, ""labels"": [30]}, {""name"": ""球R"", ""share"": 0.169, ""labels"": [263]}]"
2026_08_20/001,c2,v9,,v1_cluster0,71.26,71.69,0.43,3.32,球R,263,0.315,,,,0.581,0.483,,,0,0,,,,3,"[{""name"": ""球R"", ""share"": 0.315, ""labels"": [263]}, {""name"": ""白杯1"", ""share"": 0.183, ""labels"": [266]}, {""name"": ""水瓶"", ""share"": 0.166, ""labels"": [30]}]"
2026_08_20/001,c2,v9,,v1_cluster0,71.96,74.34,2.38,3.315,球R,263,0.257,,,,0.813,0.271,,,0,0,,,,3,"[{""name"": ""球R"", ""share"": 0.257, ""labels"": [263]}, {""name"": ""白杯1"", ""share"": 0.209, ""labels"": [266]}, {""name"": ""水瓶"", ""share"": 0.164, ""labels"": [30]}]"
2026_08_20/001,c2,v9,,v1_cluster0,75.39,77.36,1.97,3.32,球R,263,0.262,,,,0.779,0.317,,,0,0,,,,3,"[{""name"": ""球R"", ""share"": 0.262, ""labels"": [263]}, {""name"": ""水瓶"", ""share"": 0.204, ""labels"": [30]}, {""name"": ""白杯1"", ""share"": 0.2, ""labels"": [266]}]"
2026_08_20/001,c2,v9,,v1_cluster0,77.48,78.9,1.42,3.306,球R,263,0.317,,,,0.571,0.31,,,0,0,,,,3,"[{""name"": ""球R"", ""share"": 0.317, ""labels"": [263]}, {""name"": ""白杯1"", ""share"": 0.181, ""labels"": [266]}, {""name"": ""水瓶"", ""share"": 0.155, ""labels"": [30]}]"
2026_08_20/001,c2,v9,,v1_cluster0,79.4,82.86,3.46,3.3,苹果粉,64,0.519,,,,0.603,0.385,,,1,1,9,苹果粉,1,3,"[{""name"": ""苹果粉"", ""share"": 0.519, ""labels"": [64]}, {""name"": ""球L"", ""share"": 0.313, ""labels"": [259]}, {""name"": ""苹果红"", ""share"": 0.097, ""labels"": [260]}]"
2026_08_20/001,c2,v9,,v1_cluster0,82.91,83.18,0.27,3.316,白杯1,266,0.249,,,,0.968,0.211,,,0,0,,,,3,"[{""name"": ""白杯1"", ""share"": 0.249, ""labels"": [266]}, {""name"": ""球R"", ""share"": 0.241, ""labels"": [263]}, {""name"": ""水瓶"", ""share"": 0.15, ""labels"": [30]}]"
2026_08_20/001,c2,v9,,v1_cluster0,83.24,84.16,0.92,3.272,苹果粉,64,0.415,,,,0.831,0.285,,,0,0,,,,3,"[{""name"": ""苹果粉"", ""share"": 0.415, ""labels"": [64]}, {""name"": ""球L"", ""share"": 0.345, ""labels"": [259]}, {""name"": ""苹果红"", ""share"": 0.138, ""labels"": [260]}]"
2026_08_20/001,c2,v9,,v1_cluster0,84.21,84.48,0.27,3.294,白杯1,266,0.235,,,,0.915,0.2,,,0,0,,,,3,"[{""name"": ""白杯1"", ""share"": 0.235, ""labels"": [266]}, {""name"": ""水瓶"", ""share"": 0.215, ""labels"": [30]}, {""name"": ""球R"", ""share"": 0.176, ""labels"": [263]}]"
2026_08_20/001,c2,v9,,v1_cluster0,84.54,85.29,0.76,3.283,球L,259,0.358,,,,0.899,0.268,,,0,0,,,,3,"[{""name"": ""球L"", ""share"": 0.358, ""labels"": [259]}, {""name"": ""苹果粉"", ""share"": 0.322, ""labels"": [64, 250]}, {""name"": ""苹果红"", ""share"": 0.16, ""labels"": [260]}]"
2026_08_20/001,c2,v9,,v1_cluster0,85.35,85.67,0.32,3.275,球R,263,0.286,,,,0.818,0.205,,,0,0,10,球R,1,3,"[{""name"": ""球R"", ""share"": 0.286, ""labels"": [263]}, {""name"": ""白杯1"", ""share"": 0.234, ""labels"": [266]}, {""name"": ""白杯2"", ""share"": 0.136, ""labels"": [267]}]"
2026_08_20/001,c2,v9,,v1_cluster0,86.28,87.85,1.57,3.218,球R,263,0.322,,,,0.624,0.247,,,0,0,10,球R,1,3,"[{""name"": ""球R"", ""share"": 0.322, ""labels"": [263]}, {""name"": ""白杯2"", ""share"": 0.201, ""labels"": [267]}, {""name"": ""白杯1"", ""share"": 0.19, ""labels"": [266]}]"
2026_08_20/001,c2,v9,,v1_cluster0,87.9,90.39,2.49,3.247,球R,263,0.264,,,,0.845,0.297,,,0,0,,,,3,"[{""name"": ""球R"", ""share"": 0.264, ""labels"": [263]}, {""name"": ""水瓶"", ""share"": 0.223, ""labels"": [30]}, {""name"": ""白杯1"", ""share"": 0.209, ""labels"": [266]}]"
2026_08_20/001,c2,v9,,v1_cluster0,90.5,91.04,0.54,3.261,球M,261,0.317,,,,0.842,0.428,,,0,0,11,球M,1,3,"[{""name"": ""球M"", ""share"": 0.317, ""labels"": [261]}, {""name"": ""水瓶"", ""share"": 0.267, ""labels"": [30]}, {""name"": ""球L"", ""share"": 0.163, ""labels"": [259]}]"
2026_08_20/001,c2,v9,,v1_cluster0,91.15,91.53,0.38,3.259,球R,263,0.292,,,,0.682,0.411,,,0,0,11,球M,0,3,"[{""name"": ""球R"", ""share"": 0.292, ""labels"": [263]}, {""name"": ""水瓶"", ""share"": 0.199, ""labels"": [30]}, {""name"": ""白杯1"", ""share"": 0.173, ""labels"": [266]}]"
2026_08_20/001,c2,v9,,v1_cluster0,92.23,92.99,0.76,3.275,球M,261,0.284,,,,0.937,0.278,,,0,0,11,球M,1,3,"[{""name"": ""球M"", ""share"": 0.284, ""labels"": [261]}, {""name"": ""水瓶"", ""share"": 0.266, ""labels"": [30]}, {""name"": ""白杯1"", ""share"": 0.127, ""labels"": [266]}]"
2026_08_20/001,c2,v9,,v1_cluster0,93.04,95.11,2.07,3.198,球M,261,0.306,,,,0.833,0.272,,,0,0,11,球M,1,3,"[{""name"": ""球M"", ""share"": 0.306, ""labels"": [261]}, {""name"": ""水瓶"", ""share"": 0.255, ""labels"": [30]}, {""name"": ""球L"", ""share"": 0.163, ""labels"": [259]}]"
2026_08_20/001,c2,v9,,v1_cluster0,95.34,97.35,2.0,3.236,球M,261,0.273,,,,0.956,0.315,,,0,0,11,球M,1,3,"[{""name"": ""球M"", ""share"": 0.273, ""labels"": [261]}, {""name"": ""水瓶"", ""share"": 0.261, ""labels"": [30]}, {""name"": ""球L"", ""share"": 0.209, ""labels"": [259]}]"
2026_08_20/001,c2,v9,,v1_cluster0,97.46,97.79,0.32,3.244,水瓶,30,0.277,,,,0.964,0.461,,,0,0,,,,3,"[{""name"": ""水瓶"", ""share"": 0.277, ""labels"": [30]}, {""name"": ""球M"", ""share"": 0.267, ""labels"": [261]}, {""name"": ""球L"", ""share"": 0.227, ""labels"": [259]}]"
2026_08_20/001,c2,v9,,v1_cluster0,98.91,99.45,0.54,3.22,球M,261,0.265,,,,0.77,0.279,,,0,0,,,,3,"[{""name"": ""球M"", ""share"": 0.265, ""labels"": [261]}, {""name"": ""水瓶"", ""share"": 0.204, ""labels"": [30]}, {""name"": ""白杯1"", ""share"": 0.176, ""labels"": [266]}]"
2026_08_20/001,c2,v9,,v1_cluster0,99.99,104.16,4.17,3.275,白杯2,267,0.408,,,,0.6,0.324,,,1,0,12,白杯2,1,3,"[{""name"": ""白杯2"", ""share"": 0.408, ""labels"": [267]}, {""name"": ""球R"", ""share"": 0.245, ""labels"": [263]}, {""name"": ""红杯"", ""share"": 0.139, ""labels"": [49]}]"
2026_08_20/001,c2,v9,,v1_cluster0,104.27,104.98,0.7,3.266,白杯2,267,0.441,,,,0.605,0.36,,,1,0,12,白杯2,1,3,"[{""name"": ""白杯2"", ""share"": 0.441, ""labels"": [267]}, {""name"": ""球R"", ""share"": 0.267, ""labels"": [263]}, {""name"": ""红杯"", ""share"": 0.119, ""labels"": [49]}]"
2026_08_20/001,c2,v9,,v1_cluster0,105.03,105.68,0.65,3.243,白杯1,266,0.246,,,,1.0,0.199,,,0,0,,,,3,"[{""name"": ""白杯1"", ""share"": 0.246, ""labels"": [266]}, {""name"": ""球R"", ""share"": 0.246, ""labels"": [263]}, {""name"": ""水瓶"", ""share"": 0.136, ""labels"": [30]}]"
2026_08_20/001,c2,v9,,v1_cluster0,105.98,106.36,0.38,3.24,水瓶,30,0.314,,,,0.831,0.251,,,0,0,,,,3,"[{""name"": ""水瓶"", ""share"": 0.314, ""labels"": [30]}, {""name"": ""球M"", ""share"": 0.261, ""labels"": [261]}, {""name"": ""球L"", ""share"": 0.168, ""labels"": [259]}]"
2026_08_20/001,c2,v9,,v1_cluster0,106.41,114.03,7.62,3.231,白杯2,267,0.378,,,,0.693,0.311,,,1,0,,,,3,"[{""name"": ""白杯2"", ""share"": 0.378, ""labels"": [267]}, {""name"": ""球R"", ""share"": 0.262, ""labels"": [263]}, {""name"": ""红杯"", ""share"": 0.126, ""labels"": [49]}]"
2026_08_20/001,c2,v9,,v1_cluster0,114.86,116.16,1.3,3.226,球L,259,0.343,,,,0.563,0.246,,,0,0,,,,3,"[{""name"": ""球L"", ""share"": 0.343, ""labels"": [259]}, {""name"": ""苹果红"", ""share"": 0.193, ""labels"": [260]}, {""name"": ""苹果粉"", ""share"": 0.166, ""labels"": [64, 250]}]"
2026_08_20/001,c2,v9,,v1_cluster0,116.29,119.17,2.88,3.228,球L,259,0.328,,,,0.634,0.226,,,0,0,14,球L,1,3,"[{""name"": ""球L"", ""share"": 0.328, ""labels"": [259]}, {""name"": ""苹果红"", ""share"": 0.208, ""labels"": [260]}, {""name"": ""水瓶"", ""share"": 0.172, ""labels"": [30]}]"
2026_08_20/001,c2,v9,,v1_cluster0,119.92,121.0,1.08,3.273,水瓶,30,0.295,,,,0.925,0.214,,,0,0,14,球L,0,3,"[{""name"": ""水瓶"", ""share"": 0.295, ""labels"": [30]}, {""name"": ""球M"", ""share"": 0.273, ""labels"": [261]}, {""name"": ""球L"", ""share"": 0.143, ""labels"": [259]}]"
2026_08_20/001,c2,v9,,v1_cluster0,121.06,127.45,6.4,3.266,球L,259,0.249,,,,0.924,0.266,,,0,0,15,苹果红,0,3,"[{""name"": ""球L"", ""share"": 0.249, ""labels"": [259]}, {""name"": ""水瓶"", ""share"": 0.23, ""labels"": [30]}, {""name"": ""苹果红"", ""share"": 0.222, ""labels"": [260]}]"
2026_08_20/001,c2,v9,,v1_cluster0,128.3,128.57,0.27,3.701,纸箱子,33,1.0,,,,0.0,0.998,,,1,1,,,,1,"[{""name"": ""纸箱子"", ""share"": 1.0, ""labels"": [33]}]"
2026_08_20/001,c2,v9,,v1_cluster0,128.95,129.22,0.27,3.149,floor,0,1.0,,,,0.0,0.798,,,0,0,,,,1,"[{""name"": ""floor"", ""share"": 1.0, ""labels"": [0]}]"
2026_08_20/001,c2,v9,,v1_cluster0,129.49,129.76,0.27,2.412,floor,0,1.0,,,,0.0,0.133,,,0,0,,,,1,"[{""name"": ""floor"", ""share"": 1.0, ""labels"": [0]}]"
2026_08_20/002,c4,v9,beyond_occ,v1_cluster0,1.25,1.52,0.27,1.269,floor,0,1.0,,,,0.0,0.095,,,0,0,,,,1,"[{""name"": ""floor"", ""share"": 1.0, ""labels"": [0]}]"
2026_08_20/002,c4,v9,beyond_occ,v1_cluster0,3.12,3.56,0.43,1.913,floor,0,1.0,,,,0.0,0.098,,,0,0,,,,1,"[{""name"": ""floor"", ""share"": 1.0, ""labels"": [0]}]"
2026_08_20/002,c4,v9,beyond_occ,v1_cluster0,7.04,7.41,0.38,4.021,球R,263,0.396,,,,0.568,0.614,,,1,0,,,,3,"[{""name"": ""球R"", ""share"": 0.396, ""labels"": [263]}, {""name"": ""水瓶"", ""share"": 0.225, ""labels"": [30]}, {""name"": ""球M"", ""share"": 0.161, ""labels"": [261]}]"
2026_08_20/002,c4,v9,beyond_occ,v1_cluster0,8.68,9.44,0.76,4.093,球M,261,0.214,,,,0.893,0.349,,,0,0,,,,3,"[{""name"": ""球M"", ""share"": 0.214, ""labels"": [261]}, {""name"": ""水瓶"", ""share"": 0.191, ""labels"": [30]}, {""name"": ""球R"", ""share"": 0.184, ""labels"": [263]}]"
2026_08_20/002,c4,v9,beyond_occ,v1_cluster0,9.71,9.98,0.27,3.306,floor,0,1.0,,,,0.0,0.083,,,0,0,,,,1,"[{""name"": ""floor"", ""share"": 1.0, ""labels"": [0]}]"
2026_08_20/002,c4,v9,beyond_occ,v1_cluster0,10.31,11.06,0.76,2.914,floor,0,1.0,,,,0.0,0.013,,,0,0,,,,1,"[{""name"": ""floor"", ""share"": 1.0, ""labels"": [0]}]"
2026_08_20/002,c4,v9,beyond_occ,v1_cluster0,11.17,11.77,0.6,3.253,floor,0,1.0,,,,0.0,0.083,,,0,0,,,,1,"[{""name"": ""floor"", ""share"": 1.0, ""labels"": [0]}]"
2026_08_20/002,c4,v9,beyond_occ,v1_cluster0,11.88,12.42,0.54,3.001,floor,0,1.0,,,,0.0,0.011,,,0,0,,,,1,"[{""name"": ""floor"", ""share"": 1.0, ""labels"": [0]}]"
2026_08_20/002,c4,v9,beyond_occ,v1_cluster0,12.93,15.1,2.17,4.184,球L,259,0.218,,,,0.853,0.336,,,0,0,4,球M,0,3,"[{""name"": ""球L"", ""share"": 0.218, ""labels"": [259]}, {""name"": ""水瓶"", ""share"": 0.186, ""labels"": [30]}, {""name"": ""球M"", ""share"": 0.174, ""labels"": [261]}]"
2026_08_20/002,c4,v9,beyond_occ,v1_cluster0,15.16,15.59,0.43,4.12,球L,259,0.305,,,,0.564,0.652,,,0,0,6,球L,1,3,"[{""name"": ""球L"", ""share"": 0.305, ""labels"": [259]}, {""name"": ""苹果粉"", ""share"": 0.172, ""labels"": [64]}, {""name"": ""球M"", ""share"": 0.165, ""labels"": [261]}]"
2026_08_20/002,c4,v9,beyond_occ,v1_cluster0,15.64,17.76,2.11,4.201,球L,259,0.315,,,,0.444,0.581,,,0,0,6,球L,1,3,"[{""name"": ""球L"", ""share"": 0.315, ""labels"": [259]}, {""name"": ""苹果粉"", ""share"": 0.14, ""labels"": [64]}, {""name"": ""球M"", ""share"": 0.134, ""labels"": [261]}]"
2026_08_20/002,c4,v9,beyond_occ,v1_cluster0,17.88,22.86,4.98,4.229,球L,259,0.273,,,,0.571,0.483,,,0,0,6,球L,1,3,"[{""name"": ""球L"", ""share"": 0.273, ""labels"": [259]}, {""name"": ""水瓶"", ""share"": 0.156, ""labels"": [30]}, {""name"": ""苹果粉"", ""share"": 0.153, ""labels"": [64]}]"
2026_08_20/002,c4,v9,beyond_occ,v1_cluster0,22.92,23.78,0.87,4.24,球L,259,0.314,,,,0.557,0.572,,,0,0,,,,3,"[{""name"": ""球L"", ""share"": 0.314, ""labels"": [259]}, {""name"": ""球M"", ""share"": 0.175, ""labels"": [261]}, {""name"": ""球R"", ""share"": 0.126, ""labels"": [263]}]"
2026_08_20/002,c4,v9,beyond_occ,v1_cluster0,24.01,24.66,0.65,4.252,球L,259,0.21,,,,0.995,0.422,,,0,0,,,,3,"[{""name"": ""球L"", ""share"": 0.21, ""labels"": [259]}, {""name"": ""球M"", ""share"": 0.209, ""labels"": [261]}, {""name"": ""球R"", ""share"": 0.166, ""labels"": [263]}]"
2026_08_20/002,c4,v9,beyond_occ,v1_cluster0,24.93,33.43,8.5,4.25,球L,259,0.233,,,,0.76,0.365,,,0,0,11,球L,1,3,"[{""name"": ""球L"", ""share"": 0.233, ""labels"": [259]}, {""name"": ""球M"", ""share"": 0.177, ""labels"": [261]}, {""name"": ""水瓶"", ""share"": 0.166, ""labels"": [30]}]"
2026_08_20/002,c4,v9,beyond_occ,v1_cluster0,33.59,37.22,3.63,4.282,球L,259,0.226,,,,0.735,0.349,,,0,0,11,球L,1,3,"[{""name"": ""球L"", ""share"": 0.226, ""labels"": [259]}, {""name"": ""水瓶"", ""share"": 0.166, ""labels"": [30]}, {""name"": ""球M"", ""share"": 0.15, ""labels"": [261]}]"
2026_08_20/002,c4,v9,beyond_occ,v1_cluster0,37.37,42.4,5.04,4.302,球L,259,0.216,,,,0.764,0.426,,,0,0,11,球L,1,3,"[{""name"": ""球L"", ""share"": 0.216, ""labels"": [259]}, {""name"": ""苹果红"", ""share"": 0.165, ""labels"": [260]}, {""name"": ""水瓶"", ""share"": 0.163, ""labels"": [30]}]"
2026_08_20/002,c4,v9,beyond_occ,v1_cluster0,42.54,47.47,4.93,4.279,苹果粉,64,0.21,,,,0.886,0.385,,,0,0,11,球L,0,3,"[{""name"": ""苹果粉"", ""share"": 0.21, ""labels"": [64]}, {""name"": ""球L"", ""share"": 0.186, ""labels"": [259]}, {""name"": ""苹果红"", ""share"": 0.184, ""labels"": [260]}]"
2026_08_20/002,c4,v9,beyond_occ,v1_cluster0,47.69,52.4,4.71,4.302,球L,259,0.228,,,,0.689,0.422,,,0,0,11,球L,1,3,"[{""name"": ""球L"", ""share"": 0.228, ""labels"": [259]}, {""name"": ""苹果红"", ""share"": 0.157, ""labels"": [260]}, {""name"": ""水瓶"", ""share"": 0.156, ""labels"": [30]}]"
2026_08_20/002,c4,v9,beyond_occ,v1_cluster0,53.04,55.83,2.79,4.294,球L,259,0.241,,,,0.867,0.44,,,0,0,11,球L,1,3,"[{""name"": ""球L"", ""share"": 0.241, ""labels"": [259]}, {""name"": ""苹果粉"", ""share"": 0.209, ""labels"": [64, 250]}, {""name"": ""苹果红"", ""share"": 0.17, ""labels"": [260]}]"
2026_08_20/002,c4,v9,beyond_occ,v1_cluster0,55.88,64.33,8.45,4.29,球L,259,0.229,,,,0.873,0.334,,,0,0,11,球L,1,3,"[{""name"": ""球L"", ""share"": 0.229, ""labels"": [259]}, {""name"": ""水瓶"", ""share"": 0.2, ""labels"": [30]}, {""name"": ""球M"", ""share"": 0.14, ""labels"": [261]}]"
2026_08_20/002,c4,v9,beyond_occ,v1_cluster0,67.81,68.24,0.43,3.545,floor,0,1.0,,,,0.0,0.258,,,0,0,,,,1,"[{""name"": ""floor"", ""share"": 1.0, ""labels"": [0]}]"
2026_08_20/002,c4,v9,beyond_occ,v1_cluster0,68.77,69.05,0.27,3.119,floor,0,1.0,,,,0.0,0.103,,,0,0,,,,1,"[{""name"": ""floor"", ""share"": 1.0, ""labels"": [0]}]"
2026_08_20/002,c4,v9,beyond_occ,v1_cluster0,69.14,69.5,0.36,3.383,floor,0,1.0,,,,0.0,0.073,,,0,0,,,,1,"[{""name"": ""floor"", ""share"": 1.0, ""labels"": [0]}]"
2026_08_20/002,c4,v9,beyond_occ,v1_cluster0,69.56,70.16,0.6,3.595,floor,0,1.0,,,,0.0,0.358,,,0,0,,,,1,"[{""name"": ""floor"", ""share"": 1.0, ""labels"": [0]}]"
2026_08_20/002,c4,v9,beyond_occ,v1_cluster0,70.69,80.6,9.91,4.281,球L,259,0.236,,,,0.674,0.382,,,0,0,,,,3,"[{""name"": ""球L"", ""share"": 0.236, ""labels"": [259]}, {""name"": ""水瓶"", ""share"": 0.159, ""labels"": [30]}, {""name"": ""苹果粉"", ""share"": 0.153, ""labels"": [64]}]"
2026_08_20/002,c4,v9,beyond_occ,v1_cluster0,80.72,81.47,0.76,4.251,球L,259,0.219,,,,0.79,0.364,,,0,0,,,,3,"[{""name"": ""球L"", ""share"": 0.219, ""labels"": [259]}, {""name"": ""水瓶"", ""share"": 0.173, ""labels"": [30]}, {""name"": ""球M"", ""share"": 0.159, ""labels"": [261]}]"
2026_08_20/002,c4,v9,beyond_occ,v1_cluster0,81.74,82.61,0.87,4.274,球L,259,0.23,,,,0.839,0.398,,,0,0,,,,3,"[{""name"": ""球L"", ""share"": 0.23, ""labels"": [259]}, {""name"": ""球M"", ""share"": 0.193, ""labels"": [261]}, {""name"": ""水瓶"", ""share"": 0.167, ""labels"": [30]}]"
2026_08_20/002,c4,v9,beyond_occ,v1_cluster0,82.98,86.31,3.33,4.249,球L,259,0.236,,,,0.767,0.378,,,0,0,,,,3,"[{""name"": ""球L"", ""share"": 0.236, ""labels"": [259]}, {""name"": ""水瓶"", ""share"": 0.181, ""labels"": [30]}, {""name"": ""球M"", ""share"": 0.155, ""labels"": [261]}]"
2026_08_20/002,c4,v9,beyond_occ,v1_cluster0,86.54,87.03,0.49,4.263,球L,259,0.209,,,,0.923,0.331,,,0,0,,,,3,"[{""name"": ""球L"", ""share"": 0.209, ""labels"": [259]}, {""name"": ""水瓶"", ""share"": 0.193, ""labels"": [30]}, {""name"": ""苹果红"", ""share"": 0.16, ""labels"": [260]}]"
2026_08_20/002,c4,v9,beyond_occ,v1_cluster0,87.08,94.5,7.42,4.268,球L,259,0.238,,,,0.777,0.353,,,0,0,,,,3,"[{""name"": ""球L"", ""share"": 0.238, ""labels"": [259]}, {""name"": ""水瓶"", ""share"": 0.185, ""labels"": [30]}, {""name"": ""球M"", ""share"": 0.15, ""labels"": [261]}]"
2026_08_20/002,c4,v9,beyond_occ,v1_cluster0,94.64,96.11,1.46,4.269,球L,259,0.239,,,,0.812,0.435,,,0,0,,,,3,"[{""name"": ""球L"", ""share"": 0.239, ""labels"": [259]}, {""name"": ""苹果粉"", ""share"": 0.194, ""labels"": [64]}, {""name"": ""苹果红"", ""share"": 0.163, ""labels"": [260]}]"
2026_08_20/002,c4,v9,beyond_occ,v1_cluster0,96.16,98.11,1.95,4.305,球L,259,0.291,,,,0.646,0.521,,,0,0,,,,3,"[{""name"": ""球L"", ""share"": 0.291, ""labels"": [259]}, {""name"": ""球M"", ""share"": 0.188, ""labels"": [261]}, {""name"": ""水瓶"", ""share"": 0.157, ""labels"": [30]}]"
2026_08_20/002,c4,v9,beyond_occ,v1_cluster0,98.22,107.25,9.03,4.285,球L,259,0.242,,,,0.707,0.378,,,0,0,12,球M,0,3,"[{""name"": ""球L"", ""share"": 0.242, ""labels"": [259]}, {""name"": ""水瓶"", ""share"": 0.171, ""labels"": [30]}, {""name"": ""球M"", ""share"": 0.158, ""labels"": [261]}]"
2026_08_20/002,c4,v9,beyond_occ,v1_cluster0,107.48,109.22,1.74,4.329,水瓶,30,0.218,,,,0.922,0.406,,,0,0,13,球R,0,3,"[{""name"": ""水瓶"", ""share"": 0.218, ""labels"": [30]}, {""name"": ""球R"", ""share"": 0.201, ""labels"": [263]}, {""name"": ""球M"", ""share"": 0.168, ""labels"": [261]}]"
2026_08_20/002,c4,v9,beyond_occ,v1_cluster0,109.39,113.19,3.8,4.328,球L,259,0.232,,,,0.797,0.371,,,0,0,,,,3,"[{""name"": ""球L"", ""share"": 0.232, ""labels"": [259]}, {""name"": ""水瓶"", ""share"": 0.185, ""labels"": [30]}, {""name"": ""球M"", ""share"": 0.149, ""labels"": [261]}]"
2026_08_20/002,c4,v9,beyond_occ,v1_cluster0,113.27,114.31,1.05,4.328,苹果粉,64,0.336,,,,0.56,0.5,,,0,0,,,,3,"[{""name"": ""苹果粉"", ""share"": 0.336, ""labels"": [64, 250]}, {""name"": ""球L"", ""share"": 0.188, ""labels"": [259]}, {""name"": ""苹果红"", ""share"": 0.167, ""labels"": [260]}]"
2026_08_20/002,c4,v9,beyond_occ,v1_cluster0,114.54,121.14,6.61,4.299,球L,259,0.251,,,,0.753,0.391,,,0,0,,,,3,"[{""name"": ""球L"", ""share"": 0.251, ""labels"": [259]}, {""name"": ""水瓶"", ""share"": 0.189, ""labels"": [30]}, {""name"": ""球M"", ""share"": 0.148, ""labels"": [261]}]"
2026_08_20/002,c4,v9,beyond_occ,v1_cluster0,121.49,126.58,5.1,4.245,球L,259,0.25,,,,0.792,0.461,,,0,0,15,球R,0,3,"[{""name"": ""球L"", ""share"": 0.25, ""labels"": [259]}, {""name"": ""球M"", ""share"": 0.198, ""labels"": [261]}, {""name"": ""球R"", ""share"": 0.169, ""labels"": [263]}]"
2026_08_20/002,c4,v9,beyond_occ,v1_cluster0,127.96,128.29,0.32,2.573,floor,0,1.0,,,,0.0,0.125,,,0,0,,,,1,"[{""name"": ""floor"", ""share"": 1.0, ""labels"": [0]}]"
2026_08_20/002,c4,v9,beyond_occ,v1_cluster0,128.64,129.01,0.37,2.619,floor,0,1.0,,,,0.0,0.016,,,0,0,,,,1,"[{""name"": ""floor"", ""share"": 1.0, ""labels"": [0]}]"
2026_08_20/003,c4,v9,beyond_occ,v1_cluster0,5.74,7.53,1.79,4.254,水瓶,30,0.301,,,,0.731,0.756,,,0,0,1,球L,0,3,"[{""name"": ""水瓶"", ""share"": 0.301, ""labels"": [30]}, {""name"": ""球L"", ""share"": 0.22, ""labels"": [259]}, {""name"": ""苹果粉"", ""share"": 0.135, ""labels"": [64]}]"
2026_08_20/003,c4,v9,beyond_occ,v1_cluster0,7.75,8.03,0.27,4.271,水瓶,30,0.231,,,,0.831,0.742,,,0,0,1,球L,0,3,"[{""name"": ""水瓶"", ""share"": 0.231, ""labels"": [30]}, {""name"": ""球L"", ""share"": 0.192, ""labels"": [259]}, {""name"": ""苹果粉"", ""share"": 0.161, ""labels"": [64]}]"
2026_08_20/003,c4,v9,beyond_occ,v1_cluster0,10.06,11.25,1.19,4.363,球L,259,0.274,,,,0.821,0.754,,,0,0,6,球L,1,3,"[{""name"": ""球L"", ""share"": 0.274, ""labels"": [259]}, {""name"": ""水瓶"", ""share"": 0.225, ""labels"": [30]}, {""name"": ""球R"", ""share"": 0.196, ""labels"": [263]}]"
2026_08_20/003,c4,v9,beyond_occ,v1_cluster0,13.42,13.69,0.27,2.971,纸箱子,33,1.0,,,,0.0,0.997,,,1,1,,,,1,"[{""name"": ""纸箱子"", ""share"": 1.0, ""labels"": [33]}]"
2026_08_20/003,c4,v9,beyond_occ,v1_cluster0,15.46,18.38,2.92,4.344,球L,259,0.206,,,,0.893,0.816,,,0,0,8,球L,1,3,"[{""name"": ""球L"", ""share"": 0.206, ""labels"": [259]}, {""name"": ""苹果粉"", ""share"": 0.184, ""labels"": [64]}, {""name"": ""水瓶"", ""share"": 0.176, ""labels"": [30]}]"
2026_08_20/003,c4,v9,beyond_occ,v1_cluster0,18.51,21.92,3.41,4.364,球L,259,0.276,,,,0.815,0.764,,,0,0,11,球L,1,3,"[{""name"": ""球L"", ""share"": 0.276, ""labels"": [259]}, {""name"": ""水瓶"", ""share"": 0.225, ""labels"": [30]}, {""name"": ""苹果粉"", ""share"": 0.117, ""labels"": [64]}]"
2026_08_20/003,c4,v9,beyond_occ,v1_cluster0,21.97,24.09,2.11,4.35,球L,259,0.29,,,,0.845,0.797,,,0,0,11,球L,1,3,"[{""name"": ""球L"", ""share"": 0.29, ""labels"": [259]}, {""name"": ""水瓶"", ""share"": 0.245, ""labels"": [30]}, {""name"": ""球M"", ""share"": 0.148, ""labels"": [261]}]"
2026_08_20/003,c4,v9,beyond_occ,v1_cluster0,24.32,28.76,4.44,4.372,球L,259,0.291,,,,0.718,0.708,,,0,0,11,球L,1,3,"[{""name"": ""球L"", ""share"": 0.291, ""labels"": [259]}, {""name"": ""水瓶"", ""share"": 0.209, ""labels"": [30]}, {""name"": ""球R"", ""share"": 0.136, ""labels"": [263]}]"
2026_08_20/003,c4,v9,beyond_occ,v1_cluster0,28.82,29.09,0.27,4.754,水瓶,30,0.313,,,,0.617,0.741,,,0,0,13,球R,0,3,"[{""name"": ""水瓶"", ""share"": 0.313, ""labels"": [30]}, {""name"": ""球R"", ""share"": 0.193, ""labels"": [263]}, {""name"": ""球L"", ""share"": 0.175, ""labels"": [259]}]"
2026_08_20/003,c4,v9,beyond_occ,v1_cluster0,29.14,30.93,1.79,4.388,水瓶,30,0.309,,,,0.65,0.691,,,0,0,13,球R,0,3,"[{""name"": ""水瓶"", ""share"": 0.309, ""labels"": [30]}, {""name"": ""球R"", ""share"": 0.201, ""labels"": [263]}, {""name"": ""球L"", ""share"": 0.189, ""labels"": [259]}]"
2026_08_20/003,c4,v9,beyond_occ,v1_cluster0,31.21,33.76,2.54,4.37,水瓶,30,0.251,,,,0.833,0.685,,,0,0,,,,3,"[{""name"": ""水瓶"", ""share"": 0.251, ""labels"": [30]}, {""name"": ""球L"", ""share"": 0.209, ""labels"": [259]}, {""name"": ""球R"", ""share"": 0.157, ""labels"": [263]}]"
2026_08_20/003,c4,v9,beyond_occ,v1_cluster0,33.86,35.89,2.02,4.347,水瓶,30,0.261,,,,0.789,0.669,,,0,0,15,球R,0,3,"[{""name"": ""水瓶"", ""share"": 0.261, ""labels"": [30]}, {""name"": ""球L"", ""share"": 0.206, ""labels"": [259]}, {""name"": ""球R"", ""share"": 0.199, ""labels"": [263]}]"
2026_08_20/003,c4,v9,beyond_occ,v1_cluster0,36.0,37.62,1.62,4.367,水瓶,30,0.323,,,,0.616,0.723,,,0,0,,,,3,"[{""name"": ""水瓶"", ""share"": 0.323, ""labels"": [30]}, {""name"": ""球L"", ""share"": 0.199, ""labels"": [259]}, {""name"": ""球R"", ""share"": 0.17, ""labels"": [263]}]"
2026_08_20/003,c4,v9,beyond_occ,v1_cluster0,37.9,45.1,7.2,4.34,球L,259,0.265,,,,0.736,0.775,,,0,0,,,,3,"[{""name"": ""球L"", ""share"": 0.265, ""labels"": [259]}, {""name"": ""水瓶"", ""share"": 0.195, ""labels"": [30]}, {""name"": ""苹果红"", ""share"": 0.136, ""labels"": [260]}]"
2026_08_20/003,c4,v9,beyond_occ,v1_cluster0,45.35,45.9,0.54,4.36,球L,259,0.239,,,,0.887,0.73,,,0,0,,,,3,"[{""name"": ""球L"", ""share"": 0.239, ""labels"": [259]}, {""name"": ""水瓶"", ""share"": 0.212, ""labels"": [30]}, {""name"": ""球M"", ""share"": 0.152, ""labels"": [261]}]"
2026_08_20/003,c4,v9,beyond_occ,v1_cluster0,46.09,47.39,1.3,4.334,水瓶,30,0.251,,,,0.661,0.675,,,0,0,,,,3,"[{""name"": ""水瓶"", ""share"": 0.251, ""labels"": [30]}, {""name"": ""球L"", ""share"": 0.166, ""labels"": [259]}, {""name"": ""苹果红"", ""share"": 0.135, ""labels"": [260]}]"
2026_08_20/003,c4,v9,beyond_occ,v1_cluster0,47.62,52.68,5.06,4.343,水瓶,30,0.269,,,,0.61,0.753,,,0,0,,,,3,"[{""name"": ""水瓶"", ""share"": 0.269, ""labels"": [30]}, {""name"": ""苹果粉"", ""share"": 0.164, ""labels"": [64]}, {""name"": ""苹果红"", ""share"": 0.158, ""labels"": [260]}]"
2026_08_20/003,c4,v9,beyond_occ,v1_cluster0,53.16,53.7,0.54,4.348,苹果粉,64,0.234,,,,0.885,0.864,,,0,0,,,,3,"[{""name"": ""苹果粉"", ""share"": 0.234, ""labels"": [64]}, {""name"": ""水瓶"", ""share"": 0.207, ""labels"": [30]}, {""name"": ""球L"", ""share"": 0.194, ""labels"": [259]}]"
2026_08_20/003,c4,v9,beyond_occ,v1_cluster0,54.02,54.29,0.27,4.327,苹果粉,64,0.424,,,,0.377,0.885,,,1,0,,,,3,"[{""name"": ""苹果粉"", ""share"": 0.424, ""labels"": [64]}, {""name"": ""水瓶"", ""share"": 0.16, ""labels"": [30]}, {""name"": ""苹果红"", ""share"": 0.141, ""labels"": [260]}]"
2026_08_20/003,c4,v9,beyond_occ,v1_cluster0,54.35,55.32,0.97,4.345,球L,259,0.267,,,,0.712,0.798,,,0,0,,,,3,"[{""name"": ""球L"", ""share"": 0.267, ""labels"": [259]}, {""name"": ""水瓶"", ""share"": 0.19, ""labels"": [30]}, {""name"": ""苹果粉"", ""share"": 0.132, ""labels"": [64]}]"
2026_08_20/003,c4,v9,beyond_occ,v1_cluster0,55.44,58.04,2.6,4.344,球L,259,0.24,,,,0.763,0.872,,,0,0,,,,3,"[{""name"": ""球L"", ""share"": 0.24, ""labels"": [259]}, {""name"": ""苹果粉"", ""share"": 0.183, ""labels"": [64]}, {""name"": ""苹果红"", ""share"": 0.146, ""labels"": [260]}]"
2026_08_20/003,c4,v9,beyond_occ,v1_cluster0,58.27,58.92,0.65,4.377,水瓶,30,0.267,,,,0.745,0.683,,,0,0,,,,3,"[{""name"": ""水瓶"", ""share"": 0.267, ""labels"": [30]}, {""name"": ""球L"", ""share"": 0.199, ""labels"": [259]}, {""name"": ""球R"", ""share"": 0.159, ""labels"": [263]}]"
2026_08_20/003,c4,v9,beyond_occ,v1_cluster0,59.03,59.36,0.32,4.368,水瓶,30,0.237,,,,0.97,0.692,,,0,0,,,,3,"[{""name"": ""水瓶"", ""share"": 0.237, ""labels"": [30]}, {""name"": ""球L"", ""share"": 0.23, ""labels"": [259]}, {""name"": ""球R"", ""share"": 0.136, ""labels"": [263]}]"
2026_08_20/003,c4,v9,beyond_occ,v1_cluster0,59.41,60.11,0.7,4.372,水瓶,30,0.242,,,,0.872,0.745,,,0,0,,,,3,"[{""name"": ""水瓶"", ""share"": 0.242, ""labels"": [30]}, {""name"": ""球L"", ""share"": 0.211, ""labels"": [259]}, {""name"": ""球M"", ""share"": 0.122, ""labels"": [261]}]"
2026_08_20/003,c4,v9,beyond_occ,v1_cluster0,60.44,64.18,3.74,4.368,水瓶,30,0.239,,,,0.787,0.727,,,0,0,,,,3,"[{""name"": ""水瓶"", ""share"": 0.239, ""labels"": [30]}, {""name"": ""球L"", ""share"": 0.188, ""labels"": [259]}, {""name"": ""球M"", ""share"": 0.164, ""labels"": [261]}]"
2026_08_20/003,c4,v9,beyond_occ,v1_cluster0,66.06,66.5,0.43,2.766,floor,0,1.0,,,,0.0,0.146,,,0,0,,,,1,"[{""name"": ""floor"", ""share"": 1.0, ""labels"": [0]}]"
2026_08_20/003,c4,v9,beyond_occ,v1_cluster0,67.31,70.23,2.92,3.047,floor,0,1.0,,,,0.0,0.031,,,0,0,,,,1,"[{""name"": ""floor"", ""share"": 1.0, ""labels"": [0]}]"
2026_08_20/003,c4,v9,beyond_occ,v1_cluster0,70.9,72.63,1.73,4.284,球L,259,0.253,,,,0.834,0.756,,,0,0,,,,3,"[{""name"": ""球L"", ""share"": 0.253, ""labels"": [259]}, {""name"": ""苹果粉"", ""share"": 0.211, ""labels"": [64]}, {""name"": ""水瓶"", ""share"": 0.172, ""labels"": [30]}]"
2026_08_20/003,c4,v9,beyond_occ,v1_cluster0,72.86,77.52,4.66,4.291,球L,259,0.247,,,,0.943,0.841,,,0,0,,,,3,"[{""name"": ""球L"", ""share"": 0.247, ""labels"": [259]}, {""name"": ""苹果粉"", ""share"": 0.233, ""labels"": [64]}, {""name"": ""苹果红"", ""share"": 0.178, ""labels"": [260]}]"
2026_08_20/003,c4,v9,beyond_occ,v1_cluster0,77.57,81.05,3.47,4.297,球L,259,0.276,,,,0.844,0.912,,,0,0,,,,3,"[{""name"": ""球L"", ""share"": 0.276, ""labels"": [259]}, {""name"": ""苹果粉"", ""share"": 0.233, ""labels"": [64]}, {""name"": ""水瓶"", ""share"": 0.157, ""labels"": [30]}]"
2026_08_20/003,c4,v9,beyond_occ,v1_cluster0,81.49,83.0,1.52,4.297,苹果粉,64,0.362,,,,0.657,0.853,,,1,0,,,,3,"[{""name"": ""苹果粉"", ""share"": 0.362, ""labels"": [64]}, {""name"": ""球L"", ""share"": 0.238, ""labels"": [259]}, {""name"": ""苹果红"", ""share"": 0.149, ""labels"": [260]}]"
2026_08_20/003,c4,v9,beyond_occ,v1_cluster0,83.06,84.85,1.79,4.311,球L,259,0.373,,,,0.367,0.791,,,1,0,,,,3,"[{""name"": ""球L"", ""share"": 0.373, ""labels"": [259]}, {""name"": ""苹果粉"", ""share"": 0.137, ""labels"": [64]}, {""name"": ""球M"", ""share"": 0.111, ""labels"": [261]}]"
2026_08_20/003,c4,v9,beyond_occ,v1_cluster0,84.9,85.33,0.43,4.299,苹果粉,64,0.369,,,,0.564,0.889,,,1,0,,,,3,"[{""name"": ""苹果粉"", ""share"": 0.369, ""labels"": [64]}, {""name"": ""球L"", ""share"": 0.208, ""labels"": [259]}, {""name"": ""水瓶"", ""share"": 0.146, ""labels"": [30]}]"
2026_08_20/003,c4,v9,beyond_occ,v1_cluster0,85.39,86.9,1.52,4.304,苹果粉,64,0.285,,,,0.807,0.91,,,0,0,,,,3,"[{""name"": ""苹果粉"", ""share"": 0.285, ""labels"": [64, 250]}, {""name"": ""球L"", ""share"": 0.23, ""labels"": [259]}, {""name"": ""苹果红"", ""share"": 0.151, ""labels"": [260]}]"
2026_08_20/003,c4,v9,beyond_occ,v1_cluster0,87.15,92.67,5.52,4.325,球L,259,0.279,,,,0.731,0.813,,,0,0,,,,3,"[{""name"": ""球L"", ""share"": 0.279, ""labels"": [259]}, {""name"": ""水瓶"", ""share"": 0.204, ""labels"": [30]}, {""name"": ""苹果粉"", ""share"": 0.129, ""labels"": [64]}]"
2026_08_20/003,c4,v9,beyond_occ,v1_cluster0,93.06,95.34,2.27,4.278,球L,259,0.256,,,,0.961,0.847,,,0,0,,,,3,"[{""name"": ""球L"", ""share"": 0.256, ""labels"": [259]}, {""name"": ""苹果粉"", ""share"": 0.246, ""labels"": [64]}, {""name"": ""水瓶"", ""share"": 0.183, ""labels"": [30]}]"
2026_08_20/003,c4,v9,beyond_occ,v1_cluster0,95.75,100.87,5.12,4.29,球L,259,0.294,,,,0.677,0.811,,,0,0,,,,3,"[{""name"": ""球L"", ""share"": 0.294, ""labels"": [259]}, {""name"": ""苹果粉"", ""share"": 0.199, ""labels"": [64]}, {""name"": ""苹果红"", ""share"": 0.134, ""labels"": [260]}]"
2026_08_20/003,c4,v9,beyond_occ,v1_cluster0,101.1,101.64,0.54,4.295,苹果粉,64,0.302,,,,0.705,0.854,,,0,0,,,,3,"[{""name"": ""苹果粉"", ""share"": 0.302, ""labels"": [64]}, {""name"": ""球L"", ""share"": 0.213, ""labels"": [259]}, {""name"": ""苹果红"", ""share"": 0.177, ""labels"": [260]}]"
2026_08_20/003,c4,v9,beyond_occ,v1_cluster0,101.7,106.68,4.98,4.323,球L,259,0.311,,,,0.582,0.809,,,0,0,,,,3,"[{""name"": ""球L"", ""share"": 0.311, ""labels"": [259]}, {""name"": ""苹果粉"", ""share"": 0.181, ""labels"": [64]}, {""name"": ""水瓶"", ""share"": 0.165, ""labels"": [30]}]"
2026_08_20/003,c4,v9,beyond_occ,v1_cluster0,106.83,114.76,7.93,4.314,球L,259,0.341,,,,0.372,0.768,,,0,0,,,,3,"[{""name"": ""球L"", ""share"": 0.341, ""labels"": [259]}, {""name"": ""球R"", ""share"": 0.127, ""labels"": [263]}, {""name"": ""苹果粉"", ""share"": 0.116, ""labels"": [64]}]"
2026_08_20/003,c4,v9,beyond_occ,v1_cluster0,114.9,122.65,7.75,4.322,球L,259,0.251,,,,0.749,0.801,,,0,0,,,,3,"[{""name"": ""球L"", ""share"": 0.251, ""labels"": [259]}, {""name"": ""苹果粉"", ""share"": 0.188, ""labels"": [64]}, {""name"": ""苹果红"", ""share"": 0.172, ""labels"": [260]}]"
2026_08_20/003,c4,v9,beyond_occ,v1_cluster0,122.95,125.46,2.51,4.305,球L,259,0.278,,,,0.777,0.689,,,0,0,,,,3,"[{""name"": ""球L"", ""share"": 0.278, ""labels"": [259]}, {""name"": ""水瓶"", ""share"": 0.216, ""labels"": [30]}, {""name"": ""球R"", ""share"": 0.129, ""labels"": [263]}]"
2026_08_20/003,c4,v9,beyond_occ,v1_cluster0,125.74,128.34,2.6,4.324,球L,259,0.335,,,,0.433,0.7,,,0,0,,,,3,"[{""name"": ""球L"", ""share"": 0.335, ""labels"": [259]}, {""name"": ""球R"", ""share"": 0.145, ""labels"": [263]}, {""name"": ""水瓶"", ""share"": 0.142, ""labels"": [30]}]"
2026_08_20/003,c4,v9,beyond_occ,v1_cluster0,129.44,129.71,0.27,3.016,floor,0,1.0,,,,0.0,0.471,,,0,0,,,,1,"[{""name"": ""floor"", ""share"": 1.0, ""labels"": [0]}]"
2026_08_20/003,c4,v9,beyond_occ,v1_cluster0,130.42,130.69,0.27,2.817,floor,0,1.0,,,,0.0,0.044,,,0,0,,,,1,"[{""name"": ""floor"", ""share"": 1.0, ""labels"": [0]}]"
2026_08_20/003,c4,v9,beyond_occ,v1_cluster0,130.75,131.23,0.49,2.636,floor,0,1.0,,,,0.0,0.047,,,0,0,,,,1,"[{""name"": ""floor"", ""share"": 1.0, ""labels"": [0]}]"
2026_08_25/c1_1,c4,v9,beyond_occ,v1_cluster0,2.99,3.28,0.28,2.442,floor,0,1.0,,,,0.0,0.583,,,0,0,,,,1,"[{""name"": ""floor"", ""share"": 1.0, ""labels"": [0]}]"
2026_08_25/c1_1,c4,v9,beyond_occ,v1_cluster0,3.33,3.77,0.44,2.081,floor,0,1.0,,,,0.0,0.267,,,0,0,,,,1,"[{""name"": ""floor"", ""share"": 1.0, ""labels"": [0]}]"
2026_08_25/c1_1,c4,v9,beyond_occ,v1_cluster0,3.99,4.53,0.54,2.005,floor,0,1.0,,,,0.0,0.384,,,0,0,,,,1,"[{""name"": ""floor"", ""share"": 1.0, ""labels"": [0]}]"
2026_08_25/c1_1,c4,v9,beyond_occ,v1_cluster0,7.22,7.49,0.27,3.4,苹果粉,250,1.0,,,,0.0,0.996,,,1,1,,,,2,"[{""name"": ""苹果粉"", ""share"": 1.0, ""labels"": [64, 250]}, {""name"": ""物品台"", ""share"": 0.0, ""labels"": [40]}]"
2026_08_25/c1_1,c4,v9,beyond_occ,v1_cluster0,11.33,14.53,3.2,4.038,球L,259,0.374,,,,0.602,0.695,,,1,0,1,球L,1,3,"[{""name"": ""球L"", ""share"": 0.374, ""labels"": [259]}, {""name"": ""球M"", ""share"": 0.225, ""labels"": [261]}, {""name"": ""苹果红"", ""share"": 0.122, ""labels"": [260]}]"
2026_08_25/c1_1,c4,v9,beyond_occ,v1_cluster0,15.81,18.41,2.6,4.121,苹果粉,64,0.481,,,,0.64,0.827,,,1,0,,,,3,"[{""name"": ""苹果粉"", ""share"": 0.481, ""labels"": [64]}, {""name"": ""球L"", ""share"": 0.308, ""labels"": [259]}, {""name"": ""苹果红"", ""share"": 0.138, ""labels"": [260]}]"
2026_08_25/c1_1,c4,v9,beyond_occ,v1_cluster0,18.58,23.78,5.2,4.114,球L,259,0.393,,,,0.514,0.793,,,1,0,,,,3,"[{""name"": ""球L"", ""share"": 0.393, ""labels"": [259]}, {""name"": ""苹果粉"", ""share"": 0.202, ""labels"": [64]}, {""name"": ""球M"", ""share"": 0.192, ""labels"": [261]}]"
2026_08_25/c1_1,c4,v9,beyond_occ,v1_cluster0,24.01,29.97,5.96,4.119,球L,259,0.34,,,,0.735,0.749,,,0,0,6,球L,1,3,"[{""name"": ""球L"", ""share"": 0.34, ""labels"": [259]}, {""name"": ""球M"", ""share"": 0.25, ""labels"": [261]}, {""name"": ""球R"", ""share"": 0.213, ""labels"": [263]}]"
2026_08_25/c1_1,c4,v9,beyond_occ,v1_cluster0,30.22,32.38,2.17,4.093,球L,259,0.347,,,,0.68,0.79,,,0,0,,,,3,"[{""name"": ""球L"", ""share"": 0.347, ""labels"": [259]}, {""name"": ""球M"", ""share"": 0.236, ""labels"": [261]}, {""name"": ""球R"", ""share"": 0.174, ""labels"": [263]}]"
2026_08_25/c1_1,c4,v9,beyond_occ,v1_cluster0,32.65,36.28,3.63,4.133,球L,259,0.268,,,,0.847,0.667,,,0,0,8,球L,1,3,"[{""name"": ""球L"", ""share"": 0.268, ""labels"": [259]}, {""name"": ""球M"", ""share"": 0.227, ""labels"": [261]}, {""name"": ""球R"", ""share"": 0.215, ""labels"": [263]}]"
2026_08_25/c1_1,c4,v9,beyond_occ,v1_cluster0,36.55,43.15,6.61,4.134,球L,259,0.361,,,,0.77,0.725,,,0,0,8,球L,1,3,"[{""name"": ""球L"", ""share"": 0.361, ""labels"": [259]}, {""name"": ""球M"", ""share"": 0.278, ""labels"": [261]}, {""name"": ""球R"", ""share"": 0.114, ""labels"": [263]}]"
2026_08_25/c1_1,c4,v9,beyond_occ,v1_cluster0,43.4,51.57,8.18,4.162,球L,259,0.345,,,,0.467,0.642,,,0,0,9,球L,1,3,"[{""name"": ""球L"", ""share"": 0.345, ""labels"": [259]}, {""name"": ""球M"", ""share"": 0.161, ""labels"": [261]}, {""name"": ""苹果红"", ""share"": 0.148, ""labels"": [260]}]"
2026_08_25/c1_1,c4,v9,beyond_occ,v1_cluster0,51.63,56.99,5.36,4.191,球L,259,0.32,,,,0.731,0.736,,,0,0,,,,3,"[{""name"": ""球L"", ""share"": 0.32, ""labels"": [259]}, {""name"": ""苹果粉"", ""share"": 0.234, ""labels"": [64]}, {""name"": ""苹果红"", ""share"": 0.154, ""labels"": [260]}]"
2026_08_25/c1_1,c4,v9,beyond_occ,v1_cluster0,57.24,57.89,0.65,4.191,球L,259,0.342,,,,0.494,0.68,,,0,0,,,,3,"[{""name"": ""球L"", ""share"": 0.342, ""labels"": [259]}, {""name"": ""球M"", ""share"": 0.169, ""labels"": [261]}, {""name"": ""苹果红"", ""share"": 0.141, ""labels"": [260]}]"
2026_08_25/c1_1,c4,v9,beyond_occ,v1_cluster0,57.94,60.27,2.33,4.202,球L,259,0.245,,,,0.763,0.355,,,0,0,,,,3,"[{""name"": ""球L"", ""share"": 0.245, ""labels"": [259]}, {""name"": ""水瓶"", ""share"": 0.187, ""labels"": [30]}, {""name"": ""球M"", ""share"": 0.162, ""labels"": [261]}]"
2026_08_25/c1_1,c4,v9,beyond_occ,v1_cluster0,60.49,64.99,4.5,4.168,球L,259,0.267,,,,0.764,0.513,,,0,0,,,,3,"[{""name"": ""球L"", ""share"": 0.267, ""labels"": [259]}, {""name"": ""球M"", ""share"": 0.204, ""labels"": [261]}, {""name"": ""水瓶"", ""share"": 0.131, ""labels"": [30]}]"
2026_08_25/c1_1,c4,v9,beyond_occ,v1_cluster0,66.46,66.95,0.49,4.162,球M,261,0.205,,,,0.976,0.398,,,0,0,,,,3,"[{""name"": ""球M"", ""share"": 0.205, ""labels"": [261]}, {""name"": ""球R"", ""share"": 0.2, ""labels"": [263]}, {""name"": ""水瓶"", ""share"": 0.186, ""labels"": [30]}]"
2026_08_25/c1_1,c4,v9,beyond_occ,v1_cluster0,68.94,69.43,0.49,4.165,球L,259,0.424,,,,0.564,0.812,,,1,0,,,,3,"[{""name"": ""球L"", ""share"": 0.424, ""labels"": [259]}, {""name"": ""球M"", ""share"": 0.239, ""labels"": [261]}, {""name"": ""水瓶"", ""share"": 0.129, ""labels"": [30]}]"
2026_08_25/c1_1,c4,v9,beyond_occ,v1_cluster0,69.49,77.56,8.07,4.172,球L,259,0.322,,,,0.587,0.632,,,0,0,,,,3,"[{""name"": ""球L"", ""share"": 0.322, ""labels"": [259]}, {""name"": ""苹果粉"", ""share"": 0.189, ""labels"": [64]}, {""name"": ""苹果红"", ""share"": 0.163, ""labels"": [260]}]"
2026_08_25/c1_1,c4,v9,beyond_occ,v1_cluster0,77.61,80.11,2.49,4.169,球L,259,0.4,,,,0.515,0.754,,,1,0,,,,3,"[{""name"": ""球L"", ""share"": 0.4, ""labels"": [259]}, {""name"": ""球M"", ""share"": 0.206, ""labels"": [261]}, {""name"": ""苹果红"", ""share"": 0.121, ""labels"": [260]}]"
2026_08_25/c1_1,c4,v9,beyond_occ,v1_cluster0,80.33,86.5,6.17,4.184,球L,259,0.356,,,,0.419,0.684,,,1,0,,,,3,"[{""name"": ""球L"", ""share"": 0.356, ""labels"": [259]}, {""name"": ""苹果粉"", ""share"": 0.149, ""labels"": [64]}, {""name"": ""苹果红"", ""share"": 0.147, ""labels"": [260]}]"
2026_08_25/c1_1,c4,v9,beyond_occ,v1_cluster0,86.74,93.51,6.77,4.177,球L,259,0.281,,,,0.811,0.634,,,0,0,10,球M,0,3,"[{""name"": ""球L"", ""share"": 0.281, ""labels"": [259]}, {""name"": ""球M"", ""share"": 0.228, ""labels"": [261]}, {""name"": ""球R"", ""share"": 0.172, ""labels"": [263]}]"
2026_08_25/c1_1,c4,v9,beyond_occ,v1_cluster0,93.61,97.89,4.28,4.179,球L,259,0.301,,,,0.561,0.634,,,0,0,11,球L,1,3,"[{""name"": ""球L"", ""share"": 0.301, ""labels"": [259]}, {""name"": ""苹果粉"", ""share"": 0.169, ""labels"": [64]}, {""name"": ""苹果红"", ""share"": 0.16, ""labels"": [260]}]"
2026_08_25/c1_1,c4,v9,beyond_occ,v1_cluster0,98.18,100.51,2.33,4.178,球L,259,0.306,,,,0.618,0.609,,,0,0,11,球L,1,3,"[{""name"": ""球L"", ""share"": 0.306, ""labels"": [259]}, {""name"": ""苹果粉"", ""share"": 0.189, ""labels"": [64]}, {""name"": ""球M"", ""share"": 0.141, ""labels"": [261]}]"
2026_08_25/c1_1,c4,v9,beyond_occ,v1_cluster0,100.73,105.98,5.25,4.178,球L,259,0.326,,,,0.534,0.583,,,0,0,11,球L,1,3,"[{""name"": ""球L"", ""share"": 0.326, ""labels"": [259]}, {""name"": ""球M"", ""share"": 0.174, ""labels"": [261]}, {""name"": ""水瓶"", ""share"": 0.125, ""labels"": [30]}]"
2026_08_25/c1_1,c4,v9,beyond_occ,v1_cluster0,106.29,107.32,1.03,4.177,球L,259,0.28,,,,0.564,0.47,,,0,0,11,球L,1,3,"[{""name"": ""球L"", ""share"": 0.28, ""labels"": [259]}, {""name"": ""球M"", ""share"": 0.158, ""labels"": [261]}, {""name"": ""水瓶"", ""share"": 0.145, ""labels"": [30]}]"
2026_08_25/c1_1,c4,v9,beyond_occ,v1_cluster0,107.62,112.55,4.93,4.191,球L,259,0.232,,,,0.845,0.381,,,0,0,12,球M,0,3,"[{""name"": ""球L"", ""share"": 0.232, ""labels"": [259]}, {""name"": ""球M"", ""share"": 0.196, ""labels"": [261]}, {""name"": ""水瓶"", ""share"": 0.183, ""labels"": [30]}]"
2026_08_25/c1_1,c4,v9,beyond_occ,v1_cluster0,112.72,114.78,2.06,4.198,球L,259,0.227,,,,0.837,0.371,,,0,0,12,球M,0,3,"[{""name"": ""球L"", ""share"": 0.227, ""labels"": [259]}, {""name"": ""球M"", ""share"": 0.19, ""labels"": [261]}, {""name"": ""水瓶"", ""share"": 0.174, ""labels"": [30]}]"
2026_08_25/c1_1,c4,v9,beyond_occ,v1_cluster0,115.07,121.35,6.28,4.157,球L,259,0.293,,,,0.59,0.551,,,0,0,,,,3,"[{""name"": ""球L"", ""share"": 0.293, ""labels"": [259]}, {""name"": ""球M"", ""share"": 0.173, ""labels"": [261]}, {""name"": ""水瓶"", ""share"": 0.127, ""labels"": [30]}]"
2026_08_25/c1_1,c4,v9,beyond_occ,v1_cluster0,121.63,127.21,5.58,4.186,球L,259,0.23,,,,0.822,0.343,,,0,0,14,球M,0,3,"[{""name"": ""球L"", ""share"": 0.23, ""labels"": [259]}, {""name"": ""水瓶"", ""share"": 0.189, ""labels"": [30]}, {""name"": ""球M"", ""share"": 0.174, ""labels"": [261]}]"
2026_08_25/c1_1,c4,v9,beyond_occ,v1_cluster0,129.11,129.43,0.32,1.8,纸箱子,73,1.0,,,,0.0,0.974,,,1,1,,,,1,"[{""name"": ""纸箱子"", ""share"": 1.0, ""labels"": [73]}]"
2026_08_25/c1_2,c4,v9,,v1_cluster0,4.48,4.76,0.27,5.705,球R,263,0.491,,,,0.792,0.892,,,1,0,,,,3,"[{""name"": ""球R"", ""share"": 0.491, ""labels"": [263]}, {""name"": ""水瓶"", ""share"": 0.389, ""labels"": [30]}, {""name"": ""floor"", ""share"": 0.057, ""labels"": [0]}]"
2026_08_25/c1_2,c4,v9,,v1_cluster0,5.92,8.68,2.76,4.222,球L,259,0.271,,,,0.679,0.422,,,0,0,,,,3,"[{""name"": ""球L"", ""share"": 0.271, ""labels"": [259]}, {""name"": ""水瓶"", ""share"": 0.184, ""labels"": [30]}, {""name"": ""球M"", ""share"": 0.164, ""labels"": [261]}]"
2026_08_25/c1_2,c4,v9,,v1_cluster0,11.17,12.31,1.14,4.244,球L,259,0.312,,,,0.718,0.601,,,0,0,,,,3,"[{""name"": ""球L"", ""share"": 0.312, ""labels"": [259]}, {""name"": ""球M"", ""share"": 0.224, ""labels"": [261]}, {""name"": ""水瓶"", ""share"": 0.126, ""labels"": [30]}]"
2026_08_25/c1_2,c4,v9,,v1_cluster0,12.68,14.91,2.22,4.246,球L,259,0.281,,,,0.669,0.557,,,0,0,,,,3,"[{""name"": ""球L"", ""share"": 0.281, ""labels"": [259]}, {""name"": ""球M"", ""share"": 0.188, ""labels"": [261]}, {""name"": ""苹果红"", ""share"": 0.129, ""labels"": [260]}]"
2026_08_25/c1_2,c4,v9,,v1_cluster0,15.2,22.78,7.58,4.229,球L,259,0.336,,,,0.601,0.64,,,0,0,1,球L,1,3,"[{""name"": ""球L"", ""share"": 0.336, ""labels"": [259]}, {""name"": ""球M"", ""share"": 0.202, ""labels"": [261]}, {""name"": ""水瓶"", ""share"": 0.127, ""labels"": [30]}]"
2026_08_25/c1_2,c4,v9,,v1_cluster0,23.16,29.61,6.45,4.271,球R,263,0.318,,,,0.717,0.625,,,0,0,2,球R,1,3,"[{""name"": ""球R"", ""share"": 0.318, ""labels"": [263]}, {""name"": ""球M"", ""share"": 0.228, ""labels"": [261]}, {""name"": ""水瓶"", ""share"": 0.177, ""labels"": [30]}]"
2026_08_25/c1_2,c4,v9,,v1_cluster0,30.04,36.43,6.39,4.287,球R,263,0.306,,,,0.752,0.521,,,0,0,3,球R,1,3,"[{""name"": ""球R"", ""share"": 0.306, ""labels"": [263]}, {""name"": ""球M"", ""share"": 0.23, ""labels"": [261]}, {""name"": ""水瓶"", ""share"": 0.134, ""labels"": [30]}]"
2026_08_25/c1_2,c4,v9,,v1_cluster0,36.72,43.32,6.61,4.251,球L,259,0.235,,,,0.974,0.449,,,0,0,4,球M,0,3,"[{""name"": ""球L"", ""share"": 0.235, ""labels"": [259]}, {""name"": ""球M"", ""share"": 0.229, ""labels"": [261]}, {""name"": ""球R"", ""share"": 0.165, ""labels"": [263]}]"
2026_08_25/c1_2,c4,v9,,v1_cluster0,43.87,49.99,6.12,4.25,球L,259,0.215,,,,0.916,0.354,,,0,0,5,球M,0,3,"[{""name"": ""球L"", ""share"": 0.215, ""labels"": [259]}, {""name"": ""球M"", ""share"": 0.197, ""labels"": [261]}, {""name"": ""水瓶"", ""share"": 0.175, ""labels"": [30]}]"
2026_08_25/c1_2,c4,v9,,v1_cluster0,50.25,56.64,6.39,4.242,球L,259,0.244,,,,0.742,0.419,,,0,0,6,球L,1,3,"[{""name"": ""球L"", ""share"": 0.244, ""labels"": [259]}, {""name"": ""水瓶"", ""share"": 0.181, ""labels"": [30]}, {""name"": ""苹果红"", ""share"": 0.171, ""labels"": [260]}]"
2026_08_25/c1_2,c4,v9,,v1_cluster0,56.88,62.78,5.9,4.263,球R,263,0.249,,,,0.896,0.407,,,0,0,7,球R,1,3,"[{""name"": ""球R"", ""share"": 0.249, ""labels"": [263]}, {""name"": ""球M"", ""share"": 0.223, ""labels"": [261]}, {""name"": ""球L"", ""share"": 0.163, ""labels"": [259]}]"
2026_08_25/c1_2,c4,v9,,v1_cluster0,69.73,71.19,1.46,4.261,球L,259,0.261,,,,0.87,0.533,,,0,0,,,,3,"[{""name"": ""球L"", ""share"": 0.261, ""labels"": [259]}, {""name"": ""球M"", ""share"": 0.227, ""labels"": [261]}, {""name"": ""球R"", ""share"": 0.133, ""labels"": [263]}]"
2026_08_25/c1_2,c4,v9,,v1_cluster0,71.48,71.86,0.38,4.257,球L,259,0.288,,,,0.993,0.732,,,0,0,,,,3,"[{""name"": ""球L"", ""share"": 0.288, ""labels"": [259]}, {""name"": ""球M"", ""share"": 0.286, ""labels"": [261]}, {""name"": ""球R"", ""share"": 0.203, ""labels"": [263]}]"
2026_08_25/c1_2,c4,v9,,v1_cluster0,71.91,78.79,6.88,4.256,球L,259,0.31,,,,0.652,0.615,,,0,0,8,球L,1,3,"[{""name"": ""球L"", ""share"": 0.31, ""labels"": [259]}, {""name"": ""球M"", ""share"": 0.202, ""labels"": [261]}, {""name"": ""球R"", ""share"": 0.121, ""labels"": [263]}]"
2026_08_25/c1_2,c4,v9,,v1_cluster0,79.06,85.61,6.55,4.265,球M,261,0.254,,,,0.992,0.557,,,0,0,9,球L,0,3,"[{""name"": ""球M"", ""share"": 0.254, ""labels"": [261]}, {""name"": ""球L"", ""share"": 0.252, ""labels"": [259]}, {""name"": ""球R"", ""share"": 0.144, ""labels"": [263]}]"
2026_08_25/c1_2,c4,v9,,v1_cluster0,85.89,94.18,8.29,4.261,球L,259,0.243,,,,0.963,0.555,,,0,0,10,球M,0,3,"[{""name"": ""球L"", ""share"": 0.243, ""labels"": [259]}, {""name"": ""球M"", ""share"": 0.234, ""labels"": [261]}, {""name"": ""球R"", ""share"": 0.193, ""labels"": [263]}]"
2026_08_25/c1_2,c4,v9,,v1_cluster0,94.4,99.87,5.47,4.223,球L,259,0.277,,,,0.628,0.385,,,0,0,11,球L,1,3,"[{""name"": ""球L"", ""share"": 0.277, ""labels"": [259]}, {""name"": ""水瓶"", ""share"": 0.174, ""labels"": [30]}, {""name"": ""球M"", ""share"": 0.154, ""labels"": [261]}]"
2026_08_25/c1_2,c4,v9,,v1_cluster0,100.18,106.41,6.23,4.255,球L,259,0.243,,,,0.765,0.366,,,0,0,12,球M,0,3,"[{""name"": ""球L"", ""share"": 0.243, ""labels"": [259]}, {""name"": ""水瓶"", ""share"": 0.186, ""labels"": [30]}, {""name"": ""球M"", ""share"": 0.179, ""labels"": [261]}]"
2026_08_25/c1_2,c4,v9,,v1_cluster0,106.59,113.04,6.45,4.261,球R,263,0.295,,,,0.783,0.505,,,0,0,13,球R,1,3,"[{""name"": ""球R"", ""share"": 0.295, ""labels"": [263]}, {""name"": ""球M"", ""share"": 0.231, ""labels"": [261]}, {""name"": ""球L"", ""share"": 0.14, ""labels"": [259]}]"
2026_08_25/c1_2,c4,v9,,v1_cluster0,113.25,115.26,2.0,4.245,球M,261,0.227,,,,0.859,0.369,,,0,0,,,,3,"[{""name"": ""球M"", ""share"": 0.227, ""labels"": [261]}, {""name"": ""球L"", ""share"": 0.195, ""labels"": [259]}, {""name"": ""水瓶"", ""share"": 0.171, ""labels"": [30]}]"
2026_08_25/c1_2,c4,v9,,v1_cluster0,115.45,116.7,1.25,4.258,球M,261,0.225,,,,0.929,0.415,,,0,0,14,球M,1,3,"[{""name"": ""球M"", ""share"": 0.225, ""labels"": [261]}, {""name"": ""球L"", ""share"": 0.209, ""labels"": [259]}, {""name"": ""球R"", ""share"": 0.179, ""labels"": [263]}]"
2026_08_25/c1_2,c4,v9,,v1_cluster0,116.87,120.66,3.79,4.259,球M,261,0.215,,,,0.949,0.405,,,0,0,14,球M,1,3,"[{""name"": ""球M"", ""share"": 0.215, ""labels"": [261]}, {""name"": ""球L"", ""share"": 0.204, ""labels"": [259]}, {""name"": ""水瓶"", ""share"": 0.157, ""labels"": [30]}]"
2026_08_25/c1_2,c4,v9,,v1_cluster0,120.85,126.21,5.36,4.265,球R,263,0.217,,,,0.972,0.427,,,0,0,15,球R,1,3,"[{""name"": ""球R"", ""share"": 0.217, ""labels"": [263]}, {""name"": ""球M"", ""share"": 0.211, ""labels"": [261]}, {""name"": ""球L"", ""share"": 0.169, ""labels"": [259]}]"
2026_08_25/c1_3,c4,v9,,v1_cluster0,3.59,3.99,0.41,1.565,floor,0,1.0,,,,0.0,0.997,,,0,0,,,,1,"[{""name"": ""floor"", ""share"": 1.0, ""labels"": [0]}]"
2026_08_25/c1_3,c4,v9,,v1_cluster0,5.93,7.06,1.14,3.7,球M,261,0.238,,,,0.895,0.267,,,0,0,,,,3,"[{""name"": ""球M"", ""share"": 0.238, ""labels"": [261]}, {""name"": ""球L"", ""share"": 0.213, ""labels"": [259]}, {""name"": ""水瓶"", ""share"": 0.162, ""labels"": [30]}]"
2026_08_25/c1_3,c4,v9,,v1_cluster0,14.54,14.79,0.25,3.83,球R,263,0.368,,,,0.56,0.458,,,1,0,1,球L,0,3,"[{""name"": ""球R"", ""share"": 0.368, ""labels"": [263]}, {""name"": ""球M"", ""share"": 0.206, ""labels"": [261]}, {""name"": ""水瓶"", ""share"": 0.148, ""labels"": [30]}]"
2026_08_25/c1_3,c4,v9,,v1_cluster0,14.84,15.84,1.0,3.732,球L,259,0.319,,,,0.505,0.375,,,0,0,1,球L,1,3,"[{""name"": ""球L"", ""share"": 0.319, ""labels"": [259]}, {""name"": ""苹果红"", ""share"": 0.161, ""labels"": [260]}, {""name"": ""水瓶"", ""share"": 0.145, ""labels"": [30]}]"
2026_08_25/c1_3,c4,v9,,v1_cluster0,16.0,17.45,1.45,3.725,球L,259,0.338,,,,0.509,0.497,,,0,0,1,球L,1,3,"[{""name"": ""球L"", ""share"": 0.338, ""labels"": [259]}, {""name"": ""球M"", ""share"": 0.172, ""labels"": [261]}, {""name"": ""水瓶"", ""share"": 0.153, ""labels"": [30]}]"
2026_08_25/c1_3,c4,v9,,v1_cluster0,17.5,17.75,0.25,3.544,球L,259,0.395,,,,0.456,0.636,,,1,0,1,球L,1,3,"[{""name"": ""球L"", ""share"": 0.395, ""labels"": [259]}, {""name"": ""苹果粉"", ""share"": 0.18, ""labels"": [64]}, {""name"": ""球M"", ""share"": 0.159, ""labels"": [261]}]"
2026_08_25/c1_3,c4,v9,,v1_cluster0,18.05,18.35,0.3,3.519,球L,259,0.339,,,,0.661,0.608,,,0,0,1,球L,1,3,"[{""name"": ""球L"", ""share"": 0.339, ""labels"": [259]}, {""name"": ""苹果粉"", ""share"": 0.224, ""labels"": [64]}, {""name"": ""苹果红"", ""share"": 0.192, ""labels"": [260]}]"
2026_08_25/c1_3,c4,v9,,v1_cluster0,18.4,18.8,0.4,3.726,球L,259,0.343,,,,0.749,0.502,,,0,0,1,球L,1,3,"[{""name"": ""球L"", ""share"": 0.343, ""labels"": [259]}, {""name"": ""球M"", ""share"": 0.257, ""labels"": [261]}, {""name"": ""水瓶"", ""share"": 0.115, ""labels"": [30]}]"
2026_08_25/c1_3,c4,v9,,v1_cluster0,19.1,23.2,4.1,3.732,球L,259,0.328,,,,0.506,0.424,,,0,0,1,球L,1,3,"[{""name"": ""球L"", ""share"": 0.328, ""labels"": [259]}, {""name"": ""球M"", ""share"": 0.166, ""labels"": [261]}, {""name"": ""苹果红"", ""share"": 0.147, ""labels"": [260]}]"
2026_08_25/c1_3,c4,v9,,v1_cluster0,23.3,23.8,0.5,3.717,球L,259,0.381,,,,0.423,0.589,,,1,0,1,球L,1,3,"[{""name"": ""球L"", ""share"": 0.381, ""labels"": [259]}, {""name"": ""球M"", ""share"": 0.161, ""labels"": [261]}, {""name"": ""苹果红"", ""share"": 0.144, ""labels"": [260]}]"
2026_08_25/c1_3,c4,v9,,v1_cluster0,24.06,31.01,6.95,3.751,球M,261,0.272,,,,0.824,0.37,,,0,0,4,球M,1,3,"[{""name"": ""球M"", ""share"": 0.272, ""labels"": [261]}, {""name"": ""球R"", ""share"": 0.224, ""labels"": [263]}, {""name"": ""球L"", ""share"": 0.181, ""labels"": [259]}]"
2026_08_25/c1_3,c4,v9,,v1_cluster0,31.27,32.77,1.5,3.739,球R,263,0.252,,,,0.937,0.33,,,0,0,4,球M,0,3,"[{""name"": ""球R"", ""share"": 0.252, ""labels"": [263]}, {""name"": ""球M"", ""share"": 0.236, ""labels"": [261]}, {""name"": ""球L"", ""share"": 0.153, ""labels"": [259]}]"
2026_08_25/c1_3,c4,v9,,v1_cluster0,32.95,37.45,4.5,3.731,球L,259,0.224,,,,0.844,0.256,,,0,0,4,球M,0,3,"[{""name"": ""球L"", ""share"": 0.224, ""labels"": [259]}, {""name"": ""球M"", ""share"": 0.189, ""labels"": [261]}, {""name"": ""水瓶"", ""share"": 0.176, ""labels"": [30]}]"
2026_08_25/c1_3,c4,v9,,v1_cluster0,37.62,51.03,13.4,3.728,球L,259,0.229,,,,0.952,0.316,,,0,0,10,球M,0,3,"[{""name"": ""球L"", ""share"": 0.229, ""labels"": [259]}, {""name"": ""球M"", ""share"": 0.218, ""labels"": [261]}, {""name"": ""球R"", ""share"": 0.167, ""labels"": [263]}]"
2026_08_25/c1_3,c4,v9,,v1_cluster0,51.28,57.63,6.35,3.709,球L,259,0.277,,,,0.599,0.285,,,0,0,11,球L,1,3,"[{""name"": ""球L"", ""share"": 0.277, ""labels"": [259]}, {""name"": ""苹果红"", ""share"": 0.166, ""labels"": [260]}, {""name"": ""水瓶"", ""share"": 0.157, ""labels"": [30]}]"
2026_08_25/c1_3,c4,v9,,v1_cluster0,57.87,63.57,5.7,3.735,球R,263,0.285,,,,0.835,0.344,,,0,0,13,球R,1,3,"[{""name"": ""球R"", ""share"": 0.285, ""labels"": [263]}, {""name"": ""球M"", ""share"": 0.238, ""labels"": [261]}, {""name"": ""白杯2"", ""share"": 0.137, ""labels"": [267]}]"
2026_08_25/c1_3,c4,v9,,v1_cluster0,71.03,72.08,1.05,3.708,球L,259,0.264,,,,0.705,0.267,,,0,0,,,,3,"[{""name"": ""球L"", ""share"": 0.264, ""labels"": [259]}, {""name"": ""水瓶"", ""share"": 0.186, ""labels"": [30]}, {""name"": ""球M"", ""share"": 0.171, ""labels"": [261]}]"
2026_08_25/c1_3,c4,v9,,v1_cluster0,72.13,72.38,0.25,3.505,苹果粉,64,0.341,,,,0.771,0.56,,,0,0,,,,3,"[{""name"": ""苹果粉"", ""share"": 0.341, ""labels"": [64]}, {""name"": ""球L"", ""share"": 0.263, ""labels"": [259]}, {""name"": ""苹果红"", ""share"": 0.217, ""labels"": [260]}]"
2026_08_25/c1_3,c4,v9,,v1_cluster0,72.43,72.88,0.45,3.728,球L,259,0.296,,,,0.73,0.415,,,0,0,,,,3,"[{""name"": ""球L"", ""share"": 0.296, ""labels"": [259]}, {""name"": ""球M"", ""share"": 0.216, ""labels"": [261]}, {""name"": ""水瓶"", ""share"": 0.147, ""labels"": [30]}]"
2026_08_25/c1_3,c4,v9,,v1_cluster0,73.03,73.28,0.25,3.508,苹果粉,64,0.372,,,,0.626,0.565,,,1,0,,,,3,"[{""name"": ""苹果粉"", ""share"": 0.372, ""labels"": [64]}, {""name"": ""球L"", ""share"": 0.233, ""labels"": [259]}, {""name"": ""苹果红"", ""share"": 0.22, ""labels"": [260]}]"
2026_08_25/c1_3,c4,v9,,v1_cluster0,73.33,75.23,1.9,3.729,球L,259,0.318,,,,0.642,0.461,,,0,0,,,,3,"[{""name"": ""球L"", ""share"": 0.318, ""labels"": [259]}, {""name"": ""苹果粉"", ""share"": 0.204, ""labels"": [64]}, {""name"": ""苹果红"", ""share"": 0.164, ""labels"": [260]}]"
2026_08_25/c1_3,c4,v9,,v1_cluster0,75.43,79.53,4.1,3.739,球L,259,0.285,,,,0.653,0.355,,,0,0,,,,3,"[{""name"": ""球L"", ""share"": 0.285, ""labels"": [259]}, {""name"": ""苹果粉"", ""share"": 0.186, ""labels"": [64]}, {""name"": ""苹果红"", ""share"": 0.183, ""labels"": [260]}]"
2026_08_25/c1_3,c4,v9,,v1_cluster0,79.8,86.45,6.65,3.751,球L,259,0.268,,,,0.694,0.307,,,0,0,,,,3,"[{""name"": ""球L"", ""share"": 0.268, ""labels"": [259]}, {""name"": ""苹果粉"", ""share"": 0.186, ""labels"": [64]}, {""name"": ""苹果红"", ""share"": 0.181, ""labels"": [260]}]"
2026_08_25/c1_3,c4,v9,,v1_cluster0,86.68,93.48,6.8,3.738,球L,259,0.229,,,,0.93,0.216,,,0,0,,,,3,"[{""name"": ""球L"", ""share"": 0.229, ""labels"": [259]}, {""name"": ""水瓶"", ""share"": 0.213, ""labels"": [30]}, {""name"": ""球M"", ""share"": 0.16, ""labels"": [261]}]"
2026_08_25/c1_3,c4,v9,,v1_cluster0,93.76,100.46,6.7,3.734,球L,259,0.236,,,,0.814,0.253,,,0,0,,,,3,"[{""name"": ""球L"", ""share"": 0.236, ""labels"": [259]}, {""name"": ""苹果粉"", ""share"": 0.192, ""labels"": [64, 250]}, {""name"": ""苹果红"", ""share"": 0.191, ""labels"": [260]}]"
2026_08_25/c1_3,c4,v9,,v1_cluster0,100.73,107.53,6.8,3.738,球L,259,0.228,,,,0.89,0.217,,,0,0,,,,3,"[{""name"": ""球L"", ""share"": 0.228, ""labels"": [259]}, {""name"": ""水瓶"", ""share"": 0.203, ""labels"": [30]}, {""name"": ""球M"", ""share"": 0.15, ""labels"": [261]}]"
2026_08_25/c1_3,c4,v9,,v1_cluster0,107.82,113.78,5.96,3.718,水瓶,30,0.251,,,,0.661,0.242,,,0,0,14,球M,0,3,"[{""name"": ""水瓶"", ""share"": 0.251, ""labels"": [30]}, {""name"": ""球M"", ""share"": 0.166, ""labels"": [261]}, {""name"": ""球L"", ""share"": 0.153, ""labels"": [259]}]"
2026_08_25/c1_3,c4,v9,,v1_cluster0,114.0,125.25,11.25,3.707,水瓶,30,0.216,,,,0.917,0.214,,,0,0,15,球R,0,3,"[{""name"": ""水瓶"", ""share"": 0.216, ""labels"": [30]}, {""name"": ""球M"", ""share"": 0.198, ""labels"": [261]}, {""name"": ""球L"", ""share"": 0.196, ""labels"": [259]}]"
2026_08_25/c1_3,c4,v9,,v1_cluster0,125.68,126.48,0.8,3.617,球M,261,0.284,,,,0.729,0.338,,,0,0,,,,3,"[{""name"": ""球M"", ""share"": 0.284, ""labels"": [261]}, {""name"": ""球L"", ""share"": 0.207, ""labels"": [259]}, {""name"": ""球R"", ""share"": 0.189, ""labels"": [263]}]"
2026_08_25/u3,u3,v9,walking,v1_cluster0,3.28,3.58,0.3,1.999,floor,0,1.0,,,,0.0,0.01,,,0,0,,,,1,"[{""name"": ""floor"", ""share"": 1.0, ""labels"": [0]}]"
2026_08_25/u3,u3,v9,walking,v1_cluster0,5.68,5.98,0.3,2.052,球M,261,0.457,,,,0.466,0.192,,,1,0,,,,3,"[{""name"": ""球M"", ""share"": 0.457, ""labels"": [261]}, {""name"": ""球R"", ""share"": 0.213, ""labels"": [263]}, {""name"": ""水瓶"", ""share"": 0.148, ""labels"": [30]}]"
2026_08_25/u3,u3,v9,walking,v1_cluster0,6.03,6.48,0.45,2.161,球M,261,0.431,,,,0.784,0.351,,,0,0,,,,3,"[{""name"": ""球M"", ""share"": 0.431, ""labels"": [261]}, {""name"": ""球L"", ""share"": 0.338, ""labels"": [259]}, {""name"": ""水瓶"", ""share"": 0.162, ""labels"": [30]}]"
2026_08_25/u3,u3,v9,walking,v1_cluster0,6.58,6.98,0.4,2.614,floor,0,1.0,,,,0.0,0.076,,,0,0,,,,1,"[{""name"": ""floor"", ""share"": 1.0, ""labels"": [0]}]"
2026_08_25/u3,u3,v9,walking,v1_cluster0,7.55,7.9,0.35,2.654,球L,259,0.355,,,,0.662,0.12,,,1,0,,,,3,"[{""name"": ""球L"", ""share"": 0.355, ""labels"": [259]}, {""name"": ""苹果红"", ""share"": 0.235, ""labels"": [260]}, {""name"": ""水瓶"", ""share"": 0.151, ""labels"": [30]}]"
2026_08_25/u3,u3,v9,walking,v1_cluster0,16.35,16.65,0.3,3.005,球L,259,0.651,,,,0.47,0.837,,,1,1,,,,3,"[{""name"": ""球L"", ""share"": 0.651, ""labels"": [259]}, {""name"": ""球M"", ""share"": 0.306, ""labels"": [261]}, {""name"": ""水瓶"", ""share"": 0.037, ""labels"": [30]}]"
2026_08_25/u3,u3,v9,walking,v1_cluster0,17.8,19.9,2.1,2.852,球L,259,0.501,,,,0.533,0.38,,,1,1,,,,3,"[{""name"": ""球L"", ""share"": 0.501, ""labels"": [259]}, {""name"": ""苹果粉"", ""share"": 0.267, ""labels"": [64, 250]}, {""name"": ""苹果红"", ""share"": 0.127, ""labels"": [260]}]"
2026_08_25/u3,u3,v9,walking,v1_cluster0,20.45,22.1,1.65,2.738,球L,259,0.495,,,,0.352,0.294,,,1,0,1,球L,1,3,"[{""name"": ""球L"", ""share"": 0.495, ""labels"": [259]}, {""name"": ""苹果粉"", ""share"": 0.174, ""labels"": [64, 250]}, {""name"": ""苹果红"", ""share"": 0.153, ""labels"": [260]}]"
2026_08_25/u3,u3,v9,walking,v1_cluster0,22.6,23.1,0.5,2.838,球L,259,0.51,,,,0.347,0.405,,,1,1,1,球L,1,3,"[{""name"": ""球L"", ""share"": 0.51, ""labels"": [259]}, {""name"": ""苹果粉"", ""share"": 0.177, ""labels"": [64, 250]}, {""name"": ""苹果红"", ""share"": 0.12, ""labels"": [260]}]"
2026_08_25/u3,u3,v9,walking,v1_cluster0,23.95,24.25,0.3,2.821,球L,259,0.509,,,,0.493,0.435,,,1,1,,,,3,"[{""name"": ""球L"", ""share"": 0.509, ""labels"": [259]}, {""name"": ""苹果粉"", ""share"": 0.251, ""labels"": [64, 250]}, {""name"": ""苹果红"", ""share"": 0.106, ""labels"": [260]}]"
2026_08_25/u3,u3,v9,walking,v1_cluster0,25.18,27.23,2.05,2.775,球L,259,0.502,,,,0.275,0.306,,,1,1,2,球M,0,3,"[{""name"": ""球L"", ""share"": 0.502, ""labels"": [259]}, {""name"": ""水瓶"", ""share"": 0.138, ""labels"": [30]}, {""name"": ""苹果红"", ""share"": 0.132, ""labels"": [260]}]"
2026_08_25/u3,u3,v9,walking,v1_cluster0,28.08,28.78,0.7,4.103,水瓶,30,0.353,,,,0.867,0.615,,,0,0,2,球M,0,3,"[{""name"": ""水瓶"", ""share"": 0.353, ""labels"": [30]}, {""name"": ""球M"", ""share"": 0.306, ""labels"": [261]}, {""name"": ""球L"", ""share"": 0.265, ""labels"": [259]}]"
2026_08_25/u3,u3,v9,walking,v1_cluster0,28.83,30.99,2.16,2.818,球M,261,0.369,,,,0.612,0.318,,,1,0,2,球M,1,3,"[{""name"": ""球M"", ""share"": 0.369, ""labels"": [261]}, {""name"": ""水瓶"", ""share"": 0.226, ""labels"": [30]}, {""name"": ""球L"", ""share"": 0.183, ""labels"": [259]}]"
2026_08_25/u3,u3,v9,walking,v1_cluster0,31.26,36.86,5.6,2.12,球R,263,0.413,,,,0.603,0.239,,,1,0,3,球R,1,3,"[{""name"": ""球R"", ""share"": 0.413, ""labels"": [263]}, {""name"": ""球M"", ""share"": 0.249, ""labels"": [261]}, {""name"": ""白杯1"", ""share"": 0.172, ""labels"": [266]}]"
2026_08_25/u3,u3,v9,walking,v1_cluster0,37.21,37.81,0.6,2.354,球R,263,0.421,,,,0.565,0.413,,,1,0,,,,3,"[{""name"": ""球R"", ""share"": 0.421, ""labels"": [263]}, {""name"": ""球M"", ""share"": 0.238, ""labels"": [261]}, {""name"": ""白杯1"", ""share"": 0.149, ""labels"": [266]}]"
2026_08_25/u3,u3,v9,walking,v1_cluster0,38.16,38.66,0.5,2.871,球M,261,0.64,,,,0.384,0.704,,,1,1,4,球M,1,3,"[{""name"": ""球M"", ""share"": 0.64, ""labels"": [261]}, {""name"": ""球L"", ""share"": 0.246, ""labels"": [259]}, {""name"": ""水瓶"", ""share"": 0.108, ""labels"": [30]}]"
2026_08_25/u3,u3,v9,walking,v1_cluster0,38.86,39.11,0.25,2.432,球M,261,0.565,,,,0.396,0.456,,,1,1,4,球M,1,3,"[{""name"": ""球M"", ""share"": 0.565, ""labels"": [261]}, {""name"": ""水瓶"", ""share"": 0.224, ""labels"": [30]}, {""name"": ""球L"", ""share"": 0.136, ""labels"": [259]}]"
2026_08_25/u3,u3,v9,walking,v1_cluster0,39.76,40.01,0.25,3.764,球M,261,0.592,,,,0.333,0.591,,,1,1,4,球M,1,3,"[{""name"": ""球M"", ""share"": 0.592, ""labels"": [261]}, {""name"": ""球L"", ""share"": 0.197, ""labels"": [259]}, {""name"": ""水瓶"", ""share"": 0.118, ""labels"": [30]}]"
2026_08_25/u3,u3,v9,walking,v1_cluster0,40.36,40.81,0.45,2.824,球M,261,0.422,,,,0.521,0.455,,,1,0,4,球M,1,3,"[{""name"": ""球M"", ""share"": 0.422, ""labels"": [261]}, {""name"": ""水瓶"", ""share"": 0.22, ""labels"": [30]}, {""name"": ""球L"", ""share"": 0.193, ""labels"": [259]}]"
2026_08_25/u3,u3,v9,walking,v1_cluster0,40.91,41.21,0.3,2.81,球M,261,0.371,,,,0.66,0.424,,,1,0,4,球M,1,3,"[{""name"": ""球M"", ""share"": 0.371, ""labels"": [261]}, {""name"": ""球L"", ""share"": 0.245, ""labels"": [259]}, {""name"": ""水瓶"", ""share"": 0.216, ""labels"": [30]}]"
2026_08_25/u3,u3,v9,walking,v1_cluster0,41.91,42.36,0.45,3.963,球M,261,0.43,,,,0.621,0.587,,,1,0,4,球M,1,3,"[{""name"": ""球M"", ""share"": 0.43, ""labels"": [261]}, {""name"": ""球L"", ""share"": 0.267, ""labels"": [259]}, {""name"": ""水瓶"", ""share"": 0.208, ""labels"": [30]}]"
2026_08_25/u3,u3,v9,walking,v1_cluster0,43.66,44.51,0.85,2.791,球L,259,0.362,,,,0.657,0.398,,,1,0,,,,3,"[{""name"": ""球L"", ""share"": 0.362, ""labels"": [259]}, {""name"": ""水瓶"", ""share"": 0.238, ""labels"": [30]}, {""name"": ""球M"", ""share"": 0.227, ""labels"": [261]}]"
2026_08_25/u3,u3,v9,walking,v1_cluster0,45.04,45.74,0.7,2.879,球M,261,0.261,,,,0.943,0.265,,,0,0,5,球R,0,3,"[{""name"": ""球M"", ""share"": 0.261, ""labels"": [261]}, {""name"": ""白杯1"", ""share"": 0.246, ""labels"": [266]}, {""name"": ""球R"", ""share"": 0.219, ""labels"": [263]}]"
2026_08_25/u3,u3,v9,walking,v1_cluster0,45.84,46.29,0.45,2.765,球M,261,0.28,,,,0.832,0.294,,,0,0,5,球R,0,3,"[{""name"": ""球M"", ""share"": 0.28, ""labels"": [261]}, {""name"": ""球R"", ""share"": 0.233, ""labels"": [263]}, {""name"": ""白杯1"", ""share"": 0.228, ""labels"": [266]}]"
2026_08_25/u3,u3,v9,walking,v1_cluster0,46.69,47.54,0.85,2.566,球R,263,0.391,,,,0.501,0.412,,,1,0,5,球R,1,3,"[{""name"": ""球R"", ""share"": 0.391, ""labels"": [263]}, {""name"": ""白杯1"", ""share"": 0.196, ""labels"": [266]}, {""name"": ""球M"", ""share"": 0.161, ""labels"": [261]}]"
2026_08_25/u3,u3,v9,walking,v1_cluster0,47.99,48.89,0.9,2.481,球R,263,0.425,,,,0.553,0.351,,,1,0,5,球R,1,3,"[{""name"": ""球R"", ""share"": 0.425, ""labels"": [263]}, {""name"": ""水瓶"", ""share"": 0.235, ""labels"": [30]}, {""name"": ""白杯1"", ""share"": 0.136, ""labels"": [266]}]"
2026_08_25/u3,u3,v9,walking,v1_cluster0,48.94,50.89,1.95,2.488,球R,263,0.459,,,,0.503,0.409,,,1,0,5,球R,1,3,"[{""name"": ""球R"", ""share"": 0.459, ""labels"": [263]}, {""name"": ""水瓶"", ""share"": 0.231, ""labels"": [30]}, {""name"": ""白杯1"", ""share"": 0.119, ""labels"": [266]}]"
2026_08_25/u3,u3,v9,walking,v1_cluster0,51.04,51.29,0.25,2.517,球R,263,0.546,,,,0.418,0.458,,,1,1,,,,3,"[{""name"": ""球R"", ""share"": 0.546, ""labels"": [263]}, {""name"": ""水瓶"", ""share"": 0.228, ""labels"": [30]}, {""name"": ""白杯2"", ""share"": 0.092, ""labels"": [267]}]"
2026_08_25/u3,u3,v9,walking,v1_cluster0,52.81,54.36,1.55,2.677,球L,259,0.673,,,,0.366,0.54,,,1,1,6,球L,1,3,"[{""name"": ""球L"", ""share"": 0.673, ""labels"": [259]}, {""name"": ""苹果粉"", ""share"": 0.246, ""labels"": [64, 250]}, {""name"": ""水瓶"", ""share"": 0.05, ""labels"": [30]}]"
2026_08_25/u3,u3,v9,walking,v1_cluster0,55.21,56.36,1.15,2.95,球L,259,0.37,,,,0.932,0.301,,,0,0,6,球L,1,3,"[{""name"": ""球L"", ""share"": 0.37, ""labels"": [259]}, {""name"": ""苹果粉"", ""share"": 0.345, ""labels"": [64, 250]}, {""name"": ""苹果红"", ""share"": 0.129, ""labels"": [260]}]"
2026_08_25/u3,u3,v9,walking,v1_cluster0,56.66,57.01,0.35,2.863,球L,259,0.519,,,,0.247,0.425,,,1,1,6,球L,1,3,"[{""name"": ""球L"", ""share"": 0.519, ""labels"": [259]}, {""name"": ""苹果红"", ""share"": 0.128, ""labels"": [260]}, {""name"": ""水瓶"", ""share"": 0.122, ""labels"": [30]}]"
2026_08_25/u3,u3,v9,walking,v1_cluster0,58.56,59.12,0.55,2.965,水瓶,30,0.358,,,,0.732,0.137,,,0,0,7,球M,0,3,"[{""name"": ""水瓶"", ""share"": 0.358, ""labels"": [30]}, {""name"": ""球M"", ""share"": 0.262, ""labels"": [261]}, {""name"": ""球L"", ""share"": 0.133, ""labels"": [259]}]"
2026_08_25/u3,u3,v9,walking,v1_cluster0,59.99,64.19,4.2,2.523,球M,261,0.305,,,,0.879,0.217,,,0,0,7,球M,1,3,"[{""name"": ""球M"", ""share"": 0.305, ""labels"": [261]}, {""name"": ""球L"", ""share"": 0.268, ""labels"": [259]}, {""name"": ""水瓶"", ""share"": 0.229, ""labels"": [30]}]"
2026_08_25/u3,u3,v9,walking,v1_cluster0,72.81,73.41,0.6,2.269,球M,261,0.469,,,,0.418,0.199,,,1,0,8,球R,0,3,"[{""name"": ""球M"", ""share"": 0.469, ""labels"": [261]}, {""name"": ""水瓶"", ""share"": 0.196, ""labels"": [30]}, {""name"": ""球R"", ""share"": 0.133, ""labels"": [263]}]"
2026_08_25/u3,u3,v9,walking,v1_cluster0,73.61,76.01,2.4,2.4,球R,263,0.443,,,,0.429,0.223,,,1,0,8,球R,1,3,"[{""name"": ""球R"", ""share"": 0.443, ""labels"": [263]}, {""name"": ""白杯1"", ""share"": 0.19, ""labels"": [266]}, {""name"": ""水瓶"", ""share"": 0.148, ""labels"": [30]}]"
2026_08_25/u3,u3,v9,walking,v1_cluster0,76.11,78.36,2.25,2.885,球R,263,0.415,,,,0.511,0.423,,,1,0,8,球R,1,3,"[{""name"": ""球R"", ""share"": 0.415, ""labels"": [263]}, {""name"": ""白杯1"", ""share"": 0.212, ""labels"": [266]}, {""name"": ""水瓶"", ""share"": 0.117, ""labels"": [30]}]"
2026_08_25/u3,u3,v9,walking,v1_cluster0,78.61,79.01,0.4,2.881,球R,263,0.453,,,,0.375,0.548,,,1,0,,,,3,"[{""name"": ""球R"", ""share"": 0.453, ""labels"": [263]}, {""name"": ""白杯1"", ""share"": 0.17, ""labels"": [266]}, {""name"": ""水瓶"", ""share"": 0.148, ""labels"": [30]}]"
2026_08_25/u3,u3,v9,walking,v1_cluster0,79.11,79.36,0.25,2.872,球R,263,0.478,,,,0.316,0.562,,,1,0,9,球L,0,3,"[{""name"": ""球R"", ""share"": 0.478, ""labels"": [263]}, {""name"": ""白杯1"", ""share"": 0.151, ""labels"": [266]}, {""name"": ""球M"", ""share"": 0.147, ""labels"": [261]}]"
2026_08_25/u3,u3,v9,walking,v1_cluster0,79.41,79.71,0.3,2.729,球R,263,0.326,,,,0.727,0.418,,,0,0,9,球L,0,3,"[{""name"": ""球R"", ""share"": 0.326, ""labels"": [263]}, {""name"": ""球M"", ""share"": 0.237, ""labels"": [261]}, {""name"": ""白杯1"", ""share"": 0.21, ""labels"": [266]}]"
2026_08_25/u3,u3,v9,walking,v1_cluster0,79.76,80.11,0.35,2.674,球M,261,0.391,,,,0.714,0.25,,,1,0,9,球L,0,3,"[{""name"": ""球M"", ""share"": 0.391, ""labels"": [261]}, {""name"": ""水瓶"", ""share"": 0.279, ""labels"": [30]}, {""name"": ""球L"", ""share"": 0.159, ""labels"": [259]}]"
2026_08_25/u3,u3,v9,walking,v1_cluster0,80.16,81.16,1.0,2.663,球L,259,0.409,,,,0.795,0.222,,,0,0,9,球L,1,3,"[{""name"": ""球L"", ""share"": 0.409, ""labels"": [259]}, {""name"": ""苹果粉"", ""share"": 0.325, ""labels"": [64, 250]}, {""name"": ""苹果红"", ""share"": 0.147, ""labels"": [260]}]"
2026_08_25/u3,u3,v9,walking,v1_cluster0,81.26,85.21,3.95,2.683,球L,259,0.523,,,,0.499,0.286,,,1,1,9,球L,1,3,"[{""name"": ""球L"", ""share"": 0.523, ""labels"": [259]}, {""name"": ""苹果粉"", ""share"": 0.261, ""labels"": [64]}, {""name"": ""苹果红"", ""share"": 0.131, ""labels"": [260]}]"
2026_08_25/u3,u3,v9,walking,v1_cluster0,85.31,86.96,1.65,2.59,球L,259,0.422,,,,0.436,0.291,,,1,0,,,,3,"[{""name"": ""球L"", ""share"": 0.422, ""labels"": [259]}, {""name"": ""苹果红"", ""share"": 0.184, ""labels"": [260]}, {""name"": ""球M"", ""share"": 0.16, ""labels"": [261]}]"
2026_08_25/u3,u3,v9,walking,v1_cluster0,87.37,88.97,1.6,2.611,球R,263,0.454,,,,0.352,0.294,,,1,0,10,球R,1,3,"[{""name"": ""球R"", ""share"": 0.454, ""labels"": [263]}, {""name"": ""白杯1"", ""share"": 0.16, ""labels"": [266]}, {""name"": ""水瓶"", ""share"": 0.155, ""labels"": [30]}]"
2026_08_25/u3,u3,v9,walking,v1_cluster0,89.17,89.47,0.3,2.672,球M,261,0.474,,,,0.658,0.663,,,1,0,10,球R,0,3,"[{""name"": ""球M"", ""share"": 0.474, ""labels"": [261]}, {""name"": ""球R"", ""share"": 0.312, ""labels"": [263]}, {""name"": ""水瓶"", ""share"": 0.183, ""labels"": [30]}]"
2026_08_25/u3,u3,v9,walking,v1_cluster0,89.68,90.27,0.59,2.501,球R,263,0.592,,,,0.574,0.717,,,1,1,10,球R,1,3,"[{""name"": ""球R"", ""share"": 0.592, ""labels"": [263]}, {""name"": ""水瓶"", ""share"": 0.34, ""labels"": [30]}, {""name"": ""球M"", ""share"": 0.063, ""labels"": [261]}]"
2026_08_25/u3,u3,v9,walking,v1_cluster0,90.33,92.44,2.11,1.88,球R,263,0.685,,,,0.204,0.081,,,1,1,10,球R,1,3,"[{""name"": ""球R"", ""share"": 0.685, ""labels"": [263]}, {""name"": ""白杯1"", ""share"": 0.14, ""labels"": [266]}, {""name"": ""水瓶"", ""share"": 0.105, ""labels"": [30]}]"
2026_08_25/u3,u3,v9,walking,v1_cluster0,92.76,95.41,2.65,2.114,球L,259,0.713,,,,0.174,0.153,,,1,1,11,球L,1,3,"[{""name"": ""球L"", ""share"": 0.713, ""labels"": [259]}, {""name"": ""苹果粉"", ""share"": 0.124, ""labels"": [64]}, {""name"": ""苹果红"", ""share"": 0.106, ""labels"": [260]}]"
2026_08_25/u3,u3,v9,walking,v1_cluster0,95.52,97.74,2.22,2.917,球L,259,0.474,,,,0.392,0.333,,,1,0,11,球L,1,3,"[{""name"": ""球L"", ""share"": 0.474, ""labels"": [259]}, {""name"": ""苹果粉"", ""share"": 0.186, ""labels"": [64, 250]}, {""name"": ""苹果红"", ""share"": 0.132, ""labels"": [260]}]"
2026_08_25/u3,u3,v9,walking,v1_cluster0,100.09,106.3,6.22,2.504,球M,261,0.41,,,,0.69,0.139,,,1,0,12,球M,1,3,"[{""name"": ""球M"", ""share"": 0.41, ""labels"": [261]}, {""name"": ""水瓶"", ""share"": 0.283, ""labels"": [30]}, {""name"": ""球L"", ""share"": 0.124, ""labels"": [259]}]"
2026_08_25/u3,u3,v9,walking,v1_cluster0,106.63,111.01,4.38,2.622,白杯1,266,0.285,,,,0.789,0.128,,,0,0,13,球R,0,3,"[{""name"": ""白杯1"", ""share"": 0.285, ""labels"": [266]}, {""name"": ""球M"", ""share"": 0.225, ""labels"": [261]}, {""name"": ""球R"", ""share"": 0.2, ""labels"": [263]}]"
2026_08_25/u3,u3,v9,walking,v1_cluster0,111.44,113.28,1.84,3.289,球M,261,0.299,,,,0.716,0.289,,,0,0,13,球R,0,3,"[{""name"": ""球M"", ""share"": 0.299, ""labels"": [261]}, {""name"": ""白杯1"", ""share"": 0.214, ""labels"": [266]}, {""name"": ""水瓶"", ""share"": 0.197, ""labels"": [30]}]"
2026_08_25/u3,u3,v9,walking,v1_cluster0,113.72,119.12,5.41,3.033,球L,259,0.412,,,,0.976,0.407,,,0,0,14,球L,1,3,"[{""name"": ""球L"", ""share"": 0.412, ""labels"": [259]}, {""name"": ""苹果粉"", ""share"": 0.402, ""labels"": [64]}, {""name"": ""苹果红"", ""share"": 0.104, ""labels"": [260]}]"
2026_08_25/u3,u3,v9,walking,v1_cluster0,119.99,120.36,0.38,2.828,球M,261,0.398,,,,0.553,0.354,,,1,0,,,,3,"[{""name"": ""球M"", ""share"": 0.398, ""labels"": [261]}, {""name"": ""水瓶"", ""share"": 0.22, ""labels"": [30]}, {""name"": ""球L"", ""share"": 0.17, ""labels"": [259]}]"
2026_08_25/u3,u3,v9,walking,v1_cluster0,120.65,125.9,5.24,1.937,球M,261,0.638,,,,0.406,0.05,,,1,1,15,球M,1,3,"[{""name"": ""球M"", ""share"": 0.638, ""labels"": [261]}, {""name"": ""水瓶"", ""share"": 0.259, ""labels"": [30]}, {""name"": ""球L"", ""share"": 0.036, ""labels"": [259]}]"
