rec,card,era,flags,cfg,t_start_rel,t_end_rel,dur_s,dist_m,object,object_label,share,q,capture,A_cap,A_share,p_none,surface,W,acc_live,acc_e2,window_k,target,correct,n_cands,candidates
2026_08_16/000,e1,v7,,mass10,2.64,3.09,0.46,0.901,,-1,0.0,0.0,,,,1.0,object#20,389.6407,0,0,,,,0,[]
2026_08_16/000,e1,v7,,mass10,15.38,15.7,0.32,1.034,,-1,0.0,0.0,,,,1.0,object#35,389.6407,0,0,,,,0,[]
2026_08_16/000,e1,v7,,mass10,15.98,16.38,0.4,0.667,,-1,0.0,0.0,,,,1.0,object#94,389.6407,0,0,,,,0,[]
2026_08_16/000,e1,v7,,mass10,18.3,18.6,0.3,0.462,,-1,0.0,0.0,,,,1.0,object#67,389.6407,0,0,,,,0,[]
2026_08_16/000,e1,v7,,mass10,24.82,25.15,0.33,0.962,,-1,0.0,0.0,,,,1.0,object#20,389.6407,0,0,,,,0,[]
2026_08_16/000,e1,v7,,mass10,25.48,26.56,1.07,0.962,,-1,0.0,0.0,,,,1.0,object#20,389.6407,0,0,,,,0,[]
2026_08_16/000,e1,v7,,mass10,27.5,27.81,0.31,1.01,,-1,0.0,0.0,,,,1.0,object#67,389.6407,0,0,,,,0,[]
2026_08_16/000,e1,v7,,mass10,29.64,29.98,0.34,0.748,,-1,0.0,0.0,,,,1.0,object#187,389.6407,0,0,,,,0,[]
2026_08_16/000,e1,v7,,mass10,31.09,31.45,0.36,1.171,,-1,0.0,0.0,,,,1.0,object#187,389.6407,0,0,,,,0,[]
2026_08_16/000,e1,v7,,mass10,32.16,32.71,0.55,1.208,,-1,0.0,0.0,,,,1.0,object#20,389.6407,0,0,,,,0,[]
2026_08_16/000,e1,v7,,mass10,35.34,35.62,0.27,1.359,,-1,0.0,0.0,,,,1.0,object#34,389.6407,0,0,,,,0,[]
2026_08_16/000,e1,v7,,mass10,35.68,36.01,0.32,1.335,香蕉,323,0.891,0.1542,0.154,0.143,0.122,0.827,object#316,389.6407,0,0,,,,2,"[{""name"": ""香蕉"", ""m"": 60.08599, ""q"": 0.1542, ""c"": 1.0, ""capture"": 0.154, ""share"": 0.891, ""miss_deg"": 1.93, ""labels"": [323]}, {""name"": ""苹果"", ""m"": 7.34067, ""q"": 0.0188, ""c"": 0.87, ""capture"": 0.022, ""share"": 0.109, ""miss_deg"": 2.77, ""labels"": [300]}]"
2026_08_16/000,e1,v7,,mass10,39.06,39.33,0.27,1.667,石榴,78,1.0,0.5497,0.861,0.0,0.0,0.45,object#17,389.6407,1,1,,,,1,"[{""name"": ""石榴"", ""m"": 214.1721, ""q"": 0.5497, ""c"": 0.6386, ""capture"": 0.861, ""share"": 1.0, ""miss_deg"": 0.55, ""labels"": [78]}]"
2026_08_16/000,e1,v7,,mass10,39.67,40.14,0.47,1.663,苹果,300,0.99,0.694,0.988,0.007,0.01,0.299,object#316,389.6407,1,1,,,,2,"[{""name"": ""苹果"", ""m"": 270.42366, ""q"": 0.694, ""c"": 0.7025, ""capture"": 0.988, ""share"": 0.99, ""miss_deg"": 0.16, ""labels"": [300]}, {""name"": ""香蕉"", ""m"": 2.5962, ""q"": 0.0067, ""c"": 1.0, ""capture"": 0.007, ""share"": 0.01, ""miss_deg"": 3.17, ""labels"": [323]}]"
2026_08_16/000,e1,v7,,mass10,40.26,41.14,0.88,1.65,苹果,300,0.991,0.6896,0.982,0.006,0.009,0.304,object#316,389.6407,1,1,,,,2,"[{""name"": ""苹果"", ""m"": 268.6804, ""q"": 0.6896, ""c"": 0.7025, ""capture"": 0.982, ""share"": 0.991, ""miss_deg"": 0.19, ""labels"": [300]}, {""name"": ""香蕉"", ""m"": 2.33621, ""q"": 0.006, ""c"": 1.0, ""capture"": 0.006, ""share"": 0.009, ""miss_deg"": 3.2, ""labels"": [323]}]"
2026_08_16/000,e1,v7,,mass10,41.26,44.47,3.22,1.662,苹果,300,0.999,0.7059,1.005,0.001,0.001,0.293,object#316,389.6407,1,1,1,苹果,1,2,"[{""name"": ""苹果"", ""m"": 275.06143, ""q"": 0.7059, ""c"": 0.7025, ""capture"": 1.005, ""share"": 0.999, ""miss_deg"": 0.0, ""labels"": [300]}, {""name"": ""香蕉"", ""m"": 0.23508, ""q"": 0.0006, ""c"": 1.0, ""capture"": 0.001, ""share"": 0.001, ""miss_deg"": 3.85, ""labels"": [323]}]"
2026_08_16/000,e1,v7,,mass10,44.58,45.97,1.39,1.657,苹果,300,0.94,0.5838,0.831,0.045,0.064,0.379,object#316,389.6407,1,1,1,苹果,1,2,"[{""name"": ""苹果"", ""m"": 227.4686, ""q"": 0.5838, ""c"": 0.7025, ""capture"": 0.831, ""share"": 0.94, ""miss_deg"": 0.61, ""labels"": [300]}, {""name"": ""香蕉"", ""m"": 14.58604, ""q"": 0.0374, ""c"": 1.0, ""capture"": 0.037, ""share"": 0.06, ""miss_deg"": 2.56, ""labels"": [323]}]"
2026_08_16/000,e1,v7,,mass10,46.03,46.46,0.44,1.615,香蕉,323,0.961,0.4044,0.404,0.057,0.041,0.579,object#10,389.6407,1,1,1,苹果,0,2,"[{""name"": ""香蕉"", ""m"": 157.56724, ""q"": 0.4044, ""c"": 1.0, ""capture"": 0.404, ""share"": 0.961, ""miss_deg"": 1.35, ""labels"": [323]}, {""name"": ""苹果"", ""m"": 6.45847, ""q"": 0.0166, ""c"": 0.7341, ""capture"": 0.023, ""share"": 0.039, ""miss_deg"": 2.75, ""labels"": [300]}]"
2026_08_16/000,e1,v7,,mass10,46.52,47.29,0.77,1.649,苹果,300,0.915,0.5148,0.733,0.065,0.093,0.437,object#316,389.6407,1,1,,,,2,"[{""name"": ""苹果"", ""m"": 200.5692, ""q"": 0.5148, ""c"": 0.7025, ""capture"": 0.733, ""share"": 0.915, ""miss_deg"": 0.79, ""labels"": [300]}, {""name"": ""香蕉"", ""m"": 18.62235, ""q"": 0.0478, ""c"": 1.0, ""capture"": 0.048, ""share"": 0.085, ""miss_deg"": 2.47, ""labels"": [323]}]"
2026_08_16/000,e1,v7,,mass10,47.81,50.73,2.92,1.413,球M,321,1.0,0.697,0.924,0.0,0.0,0.303,object#317,389.6407,1,1,,,,1,"[{""name"": ""球M"", ""m"": 271.5914, ""q"": 0.697, ""c"": 0.7541, ""capture"": 0.924, ""share"": 1.0, ""miss_deg"": 0.4, ""labels"": [321]}]"
2026_08_16/000,e1,v7,,mass10,50.89,51.23,0.34,1.456,球M,321,1.0,0.2694,0.367,0.0,0.0,0.731,object#10,389.6407,1,1,2,球M,1,1,"[{""name"": ""球M"", ""m"": 104.97068, ""q"": 0.2694, ""c"": 0.7341, ""capture"": 0.367, ""share"": 1.0, ""miss_deg"": 1.42, ""labels"": [321]}]"
2026_08_16/000,e1,v7,,mass10,51.28,54.3,3.02,1.385,球M,321,1.0,0.6854,0.898,0.0,0.0,0.315,object#10,389.6407,1,1,2,球M,1,1,"[{""name"": ""球M"", ""m"": 267.07801, ""q"": 0.6854, ""c"": 0.7636, ""capture"": 0.898, ""share"": 1.0, ""miss_deg"": 0.46, ""labels"": [321]}]"
2026_08_16/000,e1,v7,,mass10,54.5,54.95,0.45,1.59,石榴,78,1.0,0.2092,0.304,0.0,0.0,0.791,object#17,389.6407,1,1,,,,1,"[{""name"": ""石榴"", ""m"": 81.52389, ""q"": 0.2092, ""c"": 0.6874, ""capture"": 0.304, ""share"": 1.0, ""miss_deg"": 1.54, ""labels"": [78]}]"
2026_08_16/000,e1,v7,,mass10,55.08,57.54,2.46,1.63,石榴,78,1.0,0.3426,0.513,0.0,0.0,0.657,object#17,389.6407,1,1,3,石榴,1,1,"[{""name"": ""石榴"", ""m"": 133.47572, ""q"": 0.3426, ""c"": 0.6676, ""capture"": 0.513, ""share"": 1.0, ""miss_deg"": 1.16, ""labels"": [78]}]"
2026_08_16/000,e1,v7,,mass10,57.64,60.9,3.26,1.649,石榴,78,1.0,0.3331,0.511,0.0,0.0,0.667,object#17,389.6407,1,1,3,石榴,1,1,"[{""name"": ""石榴"", ""m"": 129.77442, ""q"": 0.3331, ""c"": 0.6512, ""capture"": 0.511, ""share"": 1.0, ""miss_deg"": 1.16, ""labels"": [78]}]"
2026_08_16/000,e1,v7,,mass10,61.48,64.42,2.94,1.51,香蕉,323,1.0,0.5293,0.529,0.0,0.0,0.471,object#316,389.6407,1,1,4,香蕉,1,1,"[{""name"": ""香蕉"", ""m"": 206.24158, ""q"": 0.5293, ""c"": 1.0, ""capture"": 0.529, ""share"": 1.0, ""miss_deg"": 1.13, ""labels"": [323]}]"
2026_08_16/000,e1,v7,,mass10,64.47,65.15,0.68,1.535,香蕉,323,1.0,0.5567,0.557,0.0,0.0,0.443,object#316,389.6407,1,1,4,香蕉,1,1,"[{""name"": ""香蕉"", ""m"": 216.89564, ""q"": 0.5567, ""c"": 1.0, ""capture"": 0.557, ""share"": 1.0, ""miss_deg"": 1.08, ""labels"": [323]}]"
2026_08_16/000,e1,v7,,mass10,65.88,66.82,0.94,1.491,香蕉,323,1.0,0.6017,0.602,0.0,0.0,0.398,object#316,389.6407,1,1,4,香蕉,1,1,"[{""name"": ""香蕉"", ""m"": 234.44799, ""q"": 0.6017, ""c"": 1.0, ""capture"": 0.602, ""share"": 1.0, ""miss_deg"": 1.01, ""labels"": [323]}]"
2026_08_16/000,e1,v7,,mass10,66.87,67.15,0.27,1.54,香蕉,323,1.0,0.0018,0.002,0.0,0.0,0.998,object#17,389.6407,0,0,4,香蕉,1,1,"[{""name"": ""香蕉"", ""m"": 0.7191, ""q"": 0.0018, ""c"": 1.0, ""capture"": 0.002, ""share"": 1.0, ""miss_deg"": 3.55, ""labels"": [323]}]"
2026_08_16/000,e1,v7,,mass10,67.2,68.03,0.83,1.577,香蕉,323,1.0,0.3682,0.368,0.0,0.0,0.632,object#316,389.6407,1,1,,,,1,"[{""name"": ""香蕉"", ""m"": 143.44785, ""q"": 0.3682, ""c"": 1.0, ""capture"": 0.368, ""share"": 1.0, ""miss_deg"": 1.41, ""labels"": [323]}]"
2026_08_16/000,e1,v7,,mass10,68.59,69.54,0.95,1.423,球L,320,0.997,0.5336,0.675,0.003,0.003,0.465,object#316,389.6407,1,1,,,,2,"[{""name"": ""球L"", ""m"": 207.92108, ""q"": 0.5336, ""c"": 0.7904, ""capture"": 0.675, ""share"": 0.997, ""miss_deg"": 0.89, ""labels"": [320]}, {""name"": ""香蕉"", ""m"": 0.6475, ""q"": 0.0017, ""c"": 1.0, ""capture"": 0.002, ""share"": 0.003, ""miss_deg"": 3.58, ""labels"": [323]}]"
2026_08_16/000,e1,v7,,mass10,70.45,70.95,0.5,2.689,,-1,0.0,0.0,,,,1.0,floor,389.6407,0,0,5,球R,,0,[]
2026_08_16/000,e1,v7,,mass10,71.0,73.51,2.51,1.48,球R,322,1.0,0.1104,0.183,0.0,0.0,0.89,object#318,389.6407,0,0,5,球R,1,1,"[{""name"": ""球R"", ""m"": 43.00079, ""q"": 0.1104, ""c"": 0.603, ""capture"": 0.183, ""share"": 1.0, ""miss_deg"": 1.84, ""labels"": [322]}]"
2026_08_16/000,e1,v7,,mass10,74.33,74.83,0.5,1.626,石榴,78,1.0,0.0324,0.049,0.0,0.0,0.968,object#201,389.6407,0,0,,,,1,"[{""name"": ""石榴"", ""m"": 12.63816, ""q"": 0.0324, ""c"": 0.6676, ""capture"": 0.049, ""share"": 1.0, ""miss_deg"": 2.46, ""labels"": [78]}]"
2026_08_16/000,e1,v7,,mass10,75.26,77.05,1.79,1.418,球L,320,0.989,0.4733,0.594,0.008,0.011,0.521,object#316,389.6407,1,1,,,,2,"[{""name"": ""球L"", ""m"": 184.41945, ""q"": 0.4733, ""c"": 0.7962, ""capture"": 0.594, ""share"": 0.989, ""miss_deg"": 1.02, ""labels"": [320]}, {""name"": ""香蕉"", ""m"": 2.06172, ""q"": 0.0053, ""c"": 1.0, ""capture"": 0.005, ""share"": 0.011, ""miss_deg"": 3.24, ""labels"": [323]}]"
2026_08_16/000,e1,v7,,mass10,77.16,78.55,1.4,1.418,球L,320,0.985,0.4242,0.533,0.011,0.015,0.569,object#316,389.6407,1,1,6,球L,1,2,"[{""name"": ""球L"", ""m"": 165.29314, ""q"": 0.4242, ""c"": 0.7962, ""capture"": 0.533, ""share"": 0.985, ""miss_deg"": 1.12, ""labels"": [320]}, {""name"": ""香蕉"", ""m"": 2.51269, ""q"": 0.0064, ""c"": 1.0, ""capture"": 0.006, ""share"": 0.015, ""miss_deg"": 3.18, ""labels"": [323]}]"
2026_08_16/000,e1,v7,,mass10,78.84,79.52,0.69,1.415,球L,320,0.962,0.4471,0.562,0.032,0.04,0.535,object#316,389.6407,1,1,6,球L,1,2,"[{""name"": ""球L"", ""m"": 174.19281, ""q"": 0.4471, ""c"": 0.7962, ""capture"": 0.562, ""share"": 0.962, ""miss_deg"": 1.07, ""labels"": [320]}, {""name"": ""香蕉"", ""m"": 6.88744, ""q"": 0.0177, ""c"": 1.0, ""capture"": 0.018, ""share"": 0.038, ""miss_deg"": 2.84, ""labels"": [323]}]"
2026_08_16/000,e1,v7,,mass10,79.58,79.85,0.27,1.492,香蕉,323,0.95,0.241,0.241,0.071,0.053,0.746,object#316,389.6407,1,1,6,球L,0,2,"[{""name"": ""香蕉"", ""m"": 93.8989, ""q"": 0.241, ""c"": 1.0, ""capture"": 0.241, ""share"": 0.95, ""miss_deg"": 1.69, ""labels"": [323]}, {""name"": ""球L"", ""m"": 4.89434, ""q"": 0.0126, ""c"": 0.7477, ""capture"": 0.017, ""share"": 0.05, ""miss_deg"": 2.86, ""labels"": [320]}]"
2026_08_16/000,e1,v7,,mass10,79.96,80.67,0.71,1.492,香蕉,323,0.957,0.3457,0.346,0.061,0.045,0.639,object#316,389.6407,1,1,6,球L,0,2,"[{""name"": ""香蕉"", ""m"": 134.68966, ""q"": 0.3457, ""c"": 1.0, ""capture"": 0.346, ""share"": 0.957, ""miss_deg"": 1.46, ""labels"": [323]}, {""name"": ""球L"", ""m"": 6.07987, ""q"": 0.0156, ""c"": 0.7477, ""capture"": 0.021, ""share"": 0.043, ""miss_deg"": 2.78, ""labels"": [320]}]"
2026_08_16/000,e1,v7,,mass10,80.73,81.25,0.52,1.436,球L,320,0.919,0.3906,0.502,0.07,0.088,0.575,object#316,389.6407,1,1,,,,2,"[{""name"": ""球L"", ""m"": 152.18569, ""q"": 0.3906, ""c"": 0.7786, ""capture"": 0.502, ""share"": 0.919, ""miss_deg"": 1.17, ""labels"": [320]}, {""name"": ""香蕉"", ""m"": 13.48515, ""q"": 0.0346, ""c"": 1.0, ""capture"": 0.035, ""share"": 0.081, ""miss_deg"": 2.59, ""labels"": [323]}]"
2026_08_16/000,e1,v7,,mass10,81.3,81.8,0.5,1.483,香蕉,323,1.0,0.5784,0.578,0.0,0.0,0.422,object#316,389.6407,1,1,,,,1,"[{""name"": ""香蕉"", ""m"": 225.36292, ""q"": 0.5784, ""c"": 1.0, ""capture"": 0.578, ""share"": 1.0, ""miss_deg"": 1.05, ""labels"": [323]}]"
2026_08_16/000,e1,v7,,mass10,82.49,82.87,0.38,1.386,球M,321,1.0,0.8223,1.077,0.0,0.0,0.178,object#10,389.6407,1,1,,,,1,"[{""name"": ""球M"", ""m"": 320.40242, ""q"": 0.8223, ""c"": 0.7636, ""capture"": 1.077, ""share"": 1.0, ""miss_deg"": 0.0, ""labels"": [321]}]"
2026_08_16/000,e1,v7,,mass10,82.92,83.52,0.6,1.458,球M,321,1.0,0.2966,0.408,0.0,0.0,0.703,object#10,389.6407,1,1,7,球M,1,1,"[{""name"": ""球M"", ""m"": 115.56909, ""q"": 0.2966, ""c"": 0.7272, ""capture"": 0.408, ""share"": 1.0, ""miss_deg"": 1.34, ""labels"": [321]}]"
2026_08_16/000,e1,v7,,mass10,83.58,84.54,0.96,1.431,球M,321,1.0,0.4482,0.599,0.0,0.0,0.552,object#10,389.6407,1,1,7,球M,1,1,"[{""name"": ""球M"", ""m"": 174.63349, ""q"": 0.4482, ""c"": 0.7477, ""capture"": 0.599, ""share"": 1.0, ""miss_deg"": 1.01, ""labels"": [321]}]"
2026_08_16/000,e1,v7,,mass10,84.6,85.03,0.44,1.481,球M,321,1.0,0.386,0.549,0.0,0.0,0.614,object#10,389.6407,1,1,7,球M,1,1,"[{""name"": ""球M"", ""m"": 150.39388, ""q"": 0.386, ""c"": 0.7025, ""capture"": 0.549, ""share"": 1.0, ""miss_deg"": 1.09, ""labels"": [321]}]"
2026_08_16/000,e1,v7,,mass10,85.09,85.81,0.72,1.422,球M,321,1.0,0.4388,0.587,0.0,0.0,0.561,object#17,389.6407,1,1,7,球M,1,1,"[{""name"": ""球M"", ""m"": 170.96777, ""q"": 0.4388, ""c"": 0.7477, ""capture"": 0.587, ""share"": 1.0, ""miss_deg"": 1.03, ""labels"": [321]}]"
2026_08_16/000,e1,v7,,mass10,85.86,87.23,1.37,1.488,球M,321,1.0,0.222,0.316,0.0,0.0,0.778,object#10,389.6407,1,1,7,球M,1,1,"[{""name"": ""球M"", ""m"": 86.48876, ""q"": 0.222, ""c"": 0.7025, ""capture"": 0.316, ""share"": 1.0, ""miss_deg"": 1.52, ""labels"": [321]}]"
2026_08_16/000,e1,v7,,mass10,87.29,87.79,0.5,1.42,球M,321,1.0,0.4445,0.595,0.0,0.0,0.555,object#17,389.6407,1,1,7,球M,1,1,"[{""name"": ""球M"", ""m"": 173.21357, ""q"": 0.4445, ""c"": 0.7477, ""capture"": 0.595, ""share"": 1.0, ""miss_deg"": 1.02, ""labels"": [321]}]"
2026_08_16/000,e1,v7,,mass10,87.84,88.28,0.44,1.472,球M,321,1.0,0.3357,0.466,0.0,0.0,0.664,object#17,389.6407,1,1,7,球M,1,1,"[{""name"": ""球M"", ""m"": 130.78675, ""q"": 0.3357, ""c"": 0.7202, ""capture"": 0.466, ""share"": 1.0, ""miss_deg"": 1.24, ""labels"": [321]}]"
2026_08_16/000,e1,v7,,mass10,89.27,91.31,2.04,1.664,石榴,78,1.0,0.3242,0.504,0.0,0.0,0.676,object#17,389.6407,1,1,,,,1,"[{""name"": ""石榴"", ""m"": 126.34076, ""q"": 0.3242, ""c"": 0.6428, ""capture"": 0.504, ""share"": 1.0, ""miss_deg"": 1.17, ""labels"": [78]}]"
2026_08_16/000,e1,v7,,mass10,91.43,94.96,3.53,1.652,石榴,78,1.0,0.1938,0.298,0.0,0.0,0.806,object#17,389.6407,1,1,8,石榴,1,1,"[{""name"": ""石榴"", ""m"": 75.52187, ""q"": 0.1938, ""c"": 0.6512, ""capture"": 0.298, ""share"": 1.0, ""miss_deg"": 1.56, ""labels"": [78]}]"
2026_08_16/000,e1,v7,,mass10,95.48,96.04,0.56,1.494,香蕉,323,1.0,0.5744,0.574,0.0,0.0,0.426,object#316,389.6407,1,1,,,,2,"[{""name"": ""香蕉"", ""m"": 223.81848, ""q"": 0.5744, ""c"": 1.0, ""capture"": 0.574, ""share"": 1.0, ""miss_deg"": 1.05, ""labels"": [323]}, {""name"": ""球L"", ""m"": 0.02331, ""q"": 0.0001, ""c"": 0.7477, ""capture"": 0.0, ""share"": 0.0, ""miss_deg"": 4.34, ""labels"": [320]}]"
2026_08_16/000,e1,v7,,mass10,96.09,96.77,0.68,1.574,香蕉,323,1.0,0.4949,0.495,0.0,0.0,0.505,object#316,389.6407,1,1,,,,1,"[{""name"": ""香蕉"", ""m"": 192.81901, ""q"": 0.4949, ""c"": 1.0, ""capture"": 0.495, ""share"": 1.0, ""miss_deg"": 1.19, ""labels"": [323]}]"
2026_08_16/000,e1,v7,,mass10,96.92,98.03,1.1,1.572,香蕉,323,1.0,0.5122,0.512,0.0,0.0,0.488,object#316,389.6407,1,1,9,香蕉,1,2,"[{""name"": ""香蕉"", ""m"": 199.58575, ""q"": 0.5122, ""c"": 1.0, ""capture"": 0.512, ""share"": 1.0, ""miss_deg"": 1.16, ""labels"": [323]}, {""name"": ""苹果"", ""m"": 0.08875, ""q"": 0.0002, ""c"": 0.7477, ""capture"": 0.0, ""share"": 0.0, ""miss_deg"": 4.02, ""labels"": [300]}]"
2026_08_16/000,e1,v7,,mass10,98.42,99.43,1.01,1.597,香蕉,323,0.996,0.5218,0.522,0.006,0.004,0.476,object#316,389.6407,1,1,9,香蕉,1,2,"[{""name"": ""香蕉"", ""m"": 203.31693, ""q"": 0.5218, ""c"": 1.0, ""capture"": 0.522, ""share"": 0.996, ""miss_deg"": 1.14, ""labels"": [323]}, {""name"": ""苹果"", ""m"": 0.79497, ""q"": 0.002, ""c"": 0.741, ""capture"": 0.003, ""share"": 0.004, ""miss_deg"": 3.43, ""labels"": [300]}]"
2026_08_16/000,e1,v7,,mass10,99.79,100.65,0.87,1.608,香蕉,323,0.993,0.5441,0.544,0.009,0.007,0.452,object#316,389.6407,1,1,9,香蕉,1,2,"[{""name"": ""香蕉"", ""m"": 212.0129, ""q"": 0.5441, ""c"": 1.0, ""capture"": 0.544, ""share"": 0.993, ""miss_deg"": 1.1, ""labels"": [323]}, {""name"": ""苹果"", ""m"": 1.46567, ""q"": 0.0038, ""c"": 0.741, ""capture"": 0.005, ""share"": 0.007, ""miss_deg"": 3.25, ""labels"": [300]}]"
2026_08_16/000,e1,v7,,mass10,101.26,101.76,0.5,1.649,香蕉,323,0.713,0.207,0.207,0.575,0.403,0.71,object#10,389.6407,1,1,9,香蕉,1,2,"[{""name"": ""香蕉"", ""m"": 80.64969, ""q"": 0.207, ""c"": 1.0, ""capture"": 0.207, ""share"": 0.713, ""miss_deg"": 1.77, ""labels"": [323]}, {""name"": ""苹果"", ""m"": 32.49504, ""q"": 0.0834, ""c"": 0.7025, ""capture"": 0.119, ""share"": 0.287, ""miss_deg"": 2.06, ""labels"": [300]}]"
2026_08_16/000,e1,v7,,mass10,102.44,105.28,2.83,1.453,球L,320,0.926,0.3463,0.45,0.062,0.08,0.626,object#316,389.6407,1,1,,,,2,"[{""name"": ""球L"", ""m"": 134.92985, ""q"": 0.3463, ""c"": 0.7697, ""capture"": 0.45, ""share"": 0.926, ""miss_deg"": 1.26, ""labels"": [320]}, {""name"": ""香蕉"", ""m"": 10.83858, ""q"": 0.0278, ""c"": 1.0, ""capture"": 0.028, ""share"": 0.074, ""miss_deg"": 2.68, ""labels"": [323]}]"
2026_08_16/000,e1,v7,,mass10,105.38,108.98,3.6,1.487,球L,320,0.514,0.1425,0.189,0.714,0.946,0.723,object#316,389.6407,0,0,10,球L,1,2,"[{""name"": ""球L"", ""m"": 55.51012, ""q"": 0.1425, ""c"": 0.7541, ""capture"": 0.189, ""share"": 0.514, ""miss_deg"": 1.83, ""labels"": [320]}, {""name"": ""香蕉"", ""m"": 52.58501, ""q"": 0.135, ""c"": 1.0, ""capture"": 0.135, ""share"": 0.486, ""miss_deg"": 2.0, ""labels"": [323]}]"
2026_08_16/000,e1,v7,,mass10,109.36,111.89,2.53,1.65,苹果,300,0.941,0.2337,0.333,0.045,0.063,0.752,object#10,389.6407,1,1,,,,2,"[{""name"": ""苹果"", ""m"": 91.05604, ""q"": 0.2337, ""c"": 0.7025, ""capture"": 0.333, ""share"": 0.941, ""miss_deg"": 1.48, ""labels"": [300]}, {""name"": ""香蕉"", ""m"": 5.75269, ""q"": 0.0148, ""c"": 1.0, ""capture"": 0.015, ""share"": 0.059, ""miss_deg"": 2.9, ""labels"": [323]}]"
2026_08_16/000,e1,v7,,mass10,112.0,112.83,0.83,1.654,苹果,300,0.99,0.2395,0.341,0.006,0.01,0.758,object#10,389.6407,1,1,11,苹果,1,2,"[{""name"": ""苹果"", ""m"": 93.3359, ""q"": 0.2395, ""c"": 0.7025, ""capture"": 0.341, ""share"": 0.99, ""miss_deg"": 1.47, ""labels"": [300]}, {""name"": ""香蕉"", ""m"": 0.95585, ""q"": 0.0025, ""c"": 1.0, ""capture"": 0.002, ""share"": 0.01, ""miss_deg"": 3.47, ""labels"": [323]}]"
2026_08_16/000,e1,v7,,mass10,113.15,114.45,1.3,1.663,苹果,300,1.0,0.1535,0.219,0.0,0.0,0.846,object#10,389.6407,1,1,11,苹果,1,1,"[{""name"": ""苹果"", ""m"": 59.8283, ""q"": 0.1535, ""c"": 0.7025, ""capture"": 0.219, ""share"": 1.0, ""miss_deg"": 1.74, ""labels"": [300]}]"
2026_08_16/000,e1,v7,,mass10,114.56,114.84,0.28,1.664,苹果,300,0.962,0.1578,0.225,0.027,0.04,0.836,object#10,389.6407,1,1,11,苹果,1,2,"[{""name"": ""苹果"", ""m"": 61.46689, ""q"": 0.1578, ""c"": 0.7025, ""capture"": 0.225, ""share"": 0.962, ""miss_deg"": 1.73, ""labels"": [300]}, {""name"": ""香蕉"", ""m"": 2.44327, ""q"": 0.0063, ""c"": 1.0, ""capture"": 0.006, ""share"": 0.038, ""miss_deg"": 3.18, ""labels"": [323]}]"
2026_08_16/000,e1,v7,,mass10,114.94,116.34,1.4,1.666,苹果,300,0.924,0.1318,0.188,0.059,0.082,0.857,object#10,389.6407,0,0,11,苹果,1,2,"[{""name"": ""苹果"", ""m"": 51.34545, ""q"": 0.1318, ""c"": 0.7025, ""capture"": 0.188, ""share"": 0.924, ""miss_deg"": 1.83, ""labels"": [300]}, {""name"": ""香蕉"", ""m"": 4.24862, ""q"": 0.0109, ""c"": 1.0, ""capture"": 0.011, ""share"": 0.076, ""miss_deg"": 3.01, ""labels"": [323]}]"
2026_08_16/000,e1,v7,,mass10,116.39,116.71,0.32,1.557,球M,321,1.0,0.0139,0.021,0.0,0.0,0.986,object#17,389.6407,0,0,,,,1,"[{""name"": ""球M"", ""m"": 5.39847, ""q"": 0.0139, ""c"": 0.6716, ""capture"": 0.021, ""share"": 1.0, ""miss_deg"": 2.79, ""labels"": [321]}]"
2026_08_16/000,e1,v7,,mass10,117.61,123.36,5.75,1.473,球R,322,1.0,0.0811,0.135,0.0,0.0,0.919,object#318,389.6407,0,0,12,球R,1,1,"[{""name"": ""球R"", ""m"": 31.61757, ""q"": 0.0811, ""c"": 0.603, ""capture"": 0.135, ""share"": 1.0, ""miss_deg"": 2.0, ""labels"": [322]}]"
2026_08_16/000,e1,v7,,mass10,125.44,125.75,0.3,1.305,,-1,0.0,0.0,,,,1.0,object#20,389.6407,0,0,,,,0,[]
2026_08_16/000,e1,v7,,mass10,127.5,127.78,0.27,1.096,,-1,0.0,0.0,,,,1.0,object#59,389.6407,0,0,,,,0,[]
2026_08_16/000,e1,v7,,mass10,128.06,128.34,0.28,1.205,,-1,0.0,0.0,,,,1.0,object#67,389.6407,0,0,,,,0,[]
2026_08_16/001,e2,v7,stress,mass10,8.06,8.71,0.65,2.539,,-1,0.0,0.0,,,,1.0,floor,389.6407,0,0,,,,0,[]
2026_08_16/001,e2,v7,stress,mass10,8.88,9.2,0.32,2.76,,-1,0.0,0.0,,,,1.0,floor,389.6407,0,0,,,,0,[]
2026_08_16/001,e2,v7,stress,mass10,9.25,9.69,0.43,3.059,,-1,0.0,0.0,,,,1.0,floor,389.6407,0,0,,,,0,[]
2026_08_16/001,e2,v7,stress,mass10,10.59,10.86,0.27,2.847,,-1,0.0,0.0,,,,1.0,object#179,389.6407,0,0,,,,0,[]
2026_08_16/001,e2,v7,stress,mass10,10.91,11.29,0.38,3.104,球M,321,1.0,0.0314,0.136,0.0,0.0,0.969,object#179,389.6407,0,0,,,,1,"[{""name"": ""球M"", ""m"": 12.23991, ""q"": 0.0314, ""c"": 0.2309, ""capture"": 0.136, ""share"": 1.0, ""miss_deg"": 2.0, ""labels"": [321]}]"
2026_08_16/001,e2,v7,stress,mass10,11.4,11.94,0.54,3.057,,-1,0.0,0.0,,,,1.0,object#46,389.6407,0,0,,,,0,[]
2026_08_16/001,e2,v7,stress,mass10,12.59,15.9,3.3,3.175,,-1,0.0,0.0,,,,1.0,object#10,389.6407,0,0,,,,0,[]
2026_08_16/001,e2,v7,stress,mass10,16.18,18.34,2.17,3.164,球L,320,1.0,0.0011,0.005,0.0,0.0,0.999,object#10,389.6407,0,0,1,球L,1,1,"[{""name"": ""球L"", ""m"": 0.44567, ""q"": 0.0011, ""c"": 0.2469, ""capture"": 0.005, ""share"": 1.0, ""miss_deg"": 3.28, ""labels"": [320]}]"
2026_08_16/001,e2,v7,stress,mass10,18.72,19.1,0.38,3.171,球L,320,1.0,0.001,0.004,0.0,0.0,0.999,object#46,389.6407,0,0,1,球L,1,1,"[{""name"": ""球L"", ""m"": 0.39621, ""q"": 0.001, ""c"": 0.2469, ""capture"": 0.004, ""share"": 1.0, ""miss_deg"": 3.31, ""labels"": [320]}]"
2026_08_16/001,e2,v7,stress,mass10,19.64,20.4,0.76,3.193,,-1,0.0,0.0,,,,1.0,object#305,389.6407,0,0,,,,0,[]
2026_08_16/001,e2,v7,stress,mass10,20.85,21.83,0.97,3.2,,-1,0.0,0.0,,,,1.0,object#130,389.6407,0,0,,,,0,[]
2026_08_16/001,e2,v7,stress,mass10,21.88,22.48,0.6,3.21,球R,322,1.0,0.0118,0.072,0.0,0.0,0.988,object#130,389.6407,0,0,,,,1,"[{""name"": ""球R"", ""m"": 4.58283, ""q"": 0.0118, ""c"": 0.1636, ""capture"": 0.072, ""share"": 1.0, ""miss_deg"": 2.29, ""labels"": [322]}]"
2026_08_16/001,e2,v7,stress,mass10,22.91,24.97,2.06,3.183,,-1,0.0,0.0,,,,1.0,object#130,389.6407,0,0,,,,0,[]
2026_08_16/001,e2,v7,stress,mass10,25.14,26.0,0.87,3.189,,-1,0.0,0.0,,,,1.0,object#130,389.6407,0,0,,,,0,[]
2026_08_16/001,e2,v7,stress,mass10,26.62,27.75,1.14,3.165,球L,320,0.869,0.1054,0.427,0.049,0.151,0.879,object#316,389.6407,1,1,,,,2,"[{""name"": ""球L"", ""m"": 41.05673, ""q"": 0.1054, ""c"": 0.2469, ""capture"": 0.427, ""share"": 0.869, ""miss_deg"": 1.3, ""labels"": [320]}, {""name"": ""香蕉"", ""m"": 6.1926, ""q"": 0.0159, ""c"": 0.7477, ""capture"": 0.021, ""share"": 0.131, ""miss_deg"": 2.78, ""labels"": [323]}]"
2026_08_16/001,e2,v7,stress,mass10,27.92,28.57,0.65,3.268,球L,320,0.845,0.0668,0.289,0.059,0.183,0.921,object#316,389.6407,1,1,,,,2,"[{""name"": ""球L"", ""m"": 26.04432, ""q"": 0.0668, ""c"": 0.2309, ""capture"": 0.289, ""share"": 0.845, ""miss_deg"": 1.57, ""labels"": [320]}, {""name"": ""香蕉"", ""m"": 4.79024, ""q"": 0.0123, ""c"": 0.7202, ""capture"": 0.017, ""share"": 0.155, ""miss_deg"": 2.85, ""labels"": [323]}]"
2026_08_16/001,e2,v7,stress,mass10,28.82,31.52,2.71,3.284,球L,320,0.867,0.0929,0.402,0.05,0.153,0.893,object#316,389.6407,1,1,,,,2,"[{""name"": ""球L"", ""m"": 36.1884, ""q"": 0.0929, ""c"": 0.2309, ""capture"": 0.402, ""share"": 0.867, ""miss_deg"": 1.35, ""labels"": [320]}, {""name"": ""香蕉"", ""m"": 5.53055, ""q"": 0.0142, ""c"": 0.706, ""capture"": 0.02, ""share"": 0.133, ""miss_deg"": 2.8, ""labels"": [323]}]"
2026_08_16/001,e2,v7,stress,mass10,31.58,31.85,0.27,3.283,香蕉,323,0.513,0.0072,0.01,3.0,0.949,0.986,object#46,389.6407,0,0,,,,2,"[{""name"": ""香蕉"", ""m"": 2.82235, ""q"": 0.0072, ""c"": 0.706, ""capture"": 0.01, ""share"": 0.513, ""miss_deg"": 3.03, ""labels"": [323]}, {""name"": ""球L"", ""m"": 2.67921, ""q"": 0.0069, ""c"": 0.2309, ""capture"": 0.03, ""share"": 0.487, ""miss_deg"": 2.65, ""labels"": [320]}]"
2026_08_16/001,e2,v7,stress,mass10,32.18,32.5,0.32,3.286,球L,320,0.714,0.1218,0.528,0.119,0.367,0.829,object#316,389.6407,1,1,2,球R,0,3,"[{""name"": ""球L"", ""m"": 47.47059, ""q"": 0.1218, ""c"": 0.2309, ""capture"": 0.528, ""share"": 0.714, ""miss_deg"": 1.13, ""labels"": [320]}, {""name"": ""香蕉"", ""m"": 17.42035, ""q"": 0.0447, ""c"": 0.706, ""capture"": 0.063, ""share"": 0.262, ""miss_deg"": 2.35, ""labels"": [323]}, {""name"": ""苹果"", ""m"": 1.56571, ""q"": 0.004, ""c"": 0.2469, ""capture"": 0.016, ""share"": 0.024, ""miss_deg"": 2.87, ""labels"": [300]}]"
2026_08_16/001,e2,v7,stress,mass10,32.56,33.64,1.08,3.305,球R,322,0.887,0.1022,0.624,0.093,0.127,0.885,object#318,389.6407,1,1,2,球R,1,2,"[{""name"": ""球R"", ""m"": 39.80758, ""q"": 0.1022, ""c"": 0.1636, ""capture"": 0.624, ""share"": 0.887, ""miss_deg"": 0.97, ""labels"": [322]}, {""name"": ""石榴"", ""m"": 5.06141, ""q"": 0.013, ""c"": 0.2228, ""capture"": 0.058, ""share"": 0.113, ""miss_deg"": 2.38, ""labels"": [78]}]"
2026_08_16/001,e2,v7,stress,mass10,33.8,34.24,0.43,3.327,球R,322,0.983,0.0302,0.184,0.011,0.017,0.969,object#318,389.6407,0,0,2,球R,1,2,"[{""name"": ""球R"", ""m"": 11.75051, ""q"": 0.0302, ""c"": 0.1636, ""capture"": 0.184, ""share"": 0.983, ""miss_deg"": 1.84, ""labels"": [322]}, {""name"": ""石榴"", ""m"": 0.20172, ""q"": 0.0005, ""c"": 0.2228, ""capture"": 0.002, ""share"": 0.017, ""miss_deg"": 3.48, ""labels"": [78]}]"
2026_08_16/001,e2,v7,stress,mass10,34.47,37.77,3.3,3.316,球R,322,0.885,0.0553,0.338,0.095,0.13,0.938,object#318,389.6407,1,1,2,球R,1,2,"[{""name"": ""球R"", ""m"": 21.54765, ""q"": 0.0553, ""c"": 0.1636, ""capture"": 0.338, ""share"": 0.885, ""miss_deg"": 1.47, ""labels"": [322]}, {""name"": ""石榴"", ""m"": 2.78844, ""q"": 0.0072, ""c"": 0.2228, ""capture"": 0.032, ""share"": 0.115, ""miss_deg"": 2.62, ""labels"": [78]}]"
2026_08_16/001,e2,v7,stress,mass10,38.0,38.71,0.7,3.326,球R,322,1.0,0.0558,0.341,0.0,0.0,0.944,object#318,389.6407,1,1,2,球R,1,1,"[{""name"": ""球R"", ""m"": 21.75873, ""q"": 0.0558, ""c"": 0.1636, ""capture"": 0.341, ""share"": 1.0, ""miss_deg"": 1.47, ""labels"": [322]}]"
2026_08_16/001,e2,v7,stress,mass10,38.98,39.9,0.92,3.31,球R,322,0.84,0.0733,0.448,0.141,0.19,0.913,object#318,389.6407,1,1,2,球R,1,2,"[{""name"": ""球R"", ""m"": 28.54268, ""q"": 0.0733, ""c"": 0.1636, ""capture"": 0.448, ""share"": 0.84, ""miss_deg"": 1.27, ""labels"": [322]}, {""name"": ""石榴"", ""m"": 5.45395, ""q"": 0.014, ""c"": 0.2228, ""capture"": 0.063, ""share"": 0.16, ""miss_deg"": 2.35, ""labels"": [78]}]"
2026_08_16/001,e2,v7,stress,mass10,40.15,40.42,0.27,3.515,球M,321,1.0,0.0052,0.027,0.0,0.0,0.995,object#46,389.6407,0,0,,,,1,"[{""name"": ""球M"", ""m"": 2.01667, ""q"": 0.0052, ""c"": 0.1892, ""capture"": 0.027, ""share"": 1.0, ""miss_deg"": 2.68, ""labels"": [321]}]"
2026_08_16/001,e2,v7,stress,mass10,40.53,40.91,0.38,3.452,,-1,0.0,0.0,,,,1.0,object#46,389.6407,0,0,,,,0,[]
2026_08_16/001,e2,v7,stress,mass10,43.74,45.42,1.68,3.61,球M,321,1.0,0.0152,0.093,0.0,0.0,0.985,object#46,389.6407,0,0,5,球M,1,1,"[{""name"": ""球M"", ""m"": 5.92537, ""q"": 0.0152, ""c"": 0.1636, ""capture"": 0.093, ""share"": 1.0, ""miss_deg"": 2.18, ""labels"": [321]}]"
2026_08_16/001,e2,v7,stress,mass10,46.8,49.4,2.6,3.275,球L,320,0.741,0.0423,0.183,0.115,0.35,0.943,object#316,389.6407,0,0,,,,2,"[{""name"": ""球L"", ""m"": 16.49197, ""q"": 0.0423, ""c"": 0.2309, ""capture"": 0.183, ""share"": 0.741, ""miss_deg"": 1.84, ""labels"": [320]}, {""name"": ""香蕉"", ""m"": 5.75328, ""q"": 0.0148, ""c"": 0.7202, ""capture"": 0.021, ""share"": 0.259, ""miss_deg"": 2.79, ""labels"": [323]}]"
2026_08_16/001,e2,v7,stress,mass10,49.66,51.12,1.46,3.274,球L,320,0.565,0.0501,0.217,0.244,0.77,0.911,object#316,389.6407,1,1,,,,2,"[{""name"": ""球L"", ""m"": 19.50889, ""q"": 0.0501, ""c"": 0.2309, ""capture"": 0.217, ""share"": 0.565, ""miss_deg"": 1.75, ""labels"": [320]}, {""name"": ""香蕉"", ""m"": 15.01027, ""q"": 0.0385, ""c"": 0.7202, ""capture"": 0.053, ""share"": 0.435, ""miss_deg"": 2.42, ""labels"": [323]}]"
2026_08_16/001,e2,v7,stress,mass10,51.44,53.07,1.62,3.277,球L,320,1.0,0.0003,0.001,0.0,0.0,1.0,object#46,389.6407,0,0,,,,1,"[{""name"": ""球L"", ""m"": 0.11143, ""q"": 0.0003, ""c"": 0.2309, ""capture"": 0.001, ""share"": 1.0, ""miss_deg"": 3.66, ""labels"": [320]}]"
2026_08_16/001,e2,v7,stress,mass10,53.44,54.14,0.7,3.298,球L,320,0.814,0.1076,0.466,0.071,0.217,0.868,object#316,389.6407,1,1,,,,3,"[{""name"": ""球L"", ""m"": 41.92714, ""q"": 0.1076, ""c"": 0.2309, ""capture"": 0.466, ""share"": 0.814, ""miss_deg"": 1.24, ""labels"": [320]}, {""name"": ""香蕉"", ""m"": 9.09333, ""q"": 0.0233, ""c"": 0.7025, ""capture"": 0.033, ""share"": 0.177, ""miss_deg"": 2.61, ""labels"": [323]}, {""name"": ""苹果"", ""m"": 0.47586, ""q"": 0.0012, ""c"": 0.2469, ""capture"": 0.005, ""share"": 0.009, ""miss_deg"": 3.26, ""labels"": [300]}]"
2026_08_16/001,e2,v7,stress,mass10,54.2,56.53,2.33,3.274,球L,320,0.655,0.1127,0.488,0.152,0.47,0.828,object#316,389.6407,1,1,,,,3,"[{""name"": ""球L"", ""m"": 43.89755, ""q"": 0.1127, ""c"": 0.2309, ""capture"": 0.488, ""share"": 0.655, ""miss_deg"": 1.2, ""labels"": [320]}, {""name"": ""香蕉"", ""m"": 20.64961, ""q"": 0.053, ""c"": 0.7202, ""capture"": 0.074, ""share"": 0.308, ""miss_deg"": 2.28, ""labels"": [323]}, {""name"": ""苹果"", ""m"": 2.48207, ""q"": 0.0064, ""c"": 0.2548, ""capture"": 0.025, ""share"": 0.037, ""miss_deg"": 2.72, ""labels"": [300]}]"
2026_08_16/001,e2,v7,stress,mass10,56.74,59.83,3.09,3.27,球L,320,0.636,0.1169,0.506,0.152,0.475,0.816,object#316,389.6407,1,1,,,,3,"[{""name"": ""球L"", ""m"": 45.54092, ""q"": 0.1169, ""c"": 0.2309, ""capture"": 0.506, ""share"": 0.636, ""miss_deg"": 1.17, ""labels"": [320]}, {""name"": ""香蕉"", ""m"": 21.64123, ""q"": 0.0555, ""c"": 0.7202, ""capture"": 0.077, ""share"": 0.302, ""miss_deg"": 2.26, ""labels"": [323]}, {""name"": ""苹果"", ""m"": 4.47102, ""q"": 0.0115, ""c"": 0.2548, ""capture"": 0.045, ""share"": 0.062, ""miss_deg"": 2.49, ""labels"": [300]}]"
2026_08_16/001,e2,v7,stress,mass10,60.49,62.76,2.27,3.338,球R,322,0.719,0.064,0.391,0.286,0.391,0.911,object#318,389.6407,1,1,10,球R,1,2,"[{""name"": ""球R"", ""m"": 24.92853, ""q"": 0.064, ""c"": 0.1636, ""capture"": 0.391, ""share"": 0.719, ""miss_deg"": 1.37, ""labels"": [322]}, {""name"": ""石榴"", ""m"": 9.72331, ""q"": 0.025, ""c"": 0.2228, ""capture"": 0.112, ""share"": 0.281, ""miss_deg"": 2.09, ""labels"": [78]}]"
2026_08_16/001,e2,v7,stress,mass10,62.99,66.51,3.52,3.328,球R,322,1.0,0.0221,0.135,0.0,0.0,0.978,object#318,389.6407,0,0,10,球R,1,1,"[{""name"": ""球R"", ""m"": 8.60827, ""q"": 0.0221, ""c"": 0.1636, ""capture"": 0.135, ""share"": 1.0, ""miss_deg"": 2.0, ""labels"": [322]}]"
2026_08_16/001,e2,v7,stress,mass10,67.2,69.42,2.22,3.275,球L,320,0.798,0.0105,0.045,0.089,0.253,0.987,object#46,389.6407,0,0,11,球L,1,2,"[{""name"": ""球L"", ""m"": 4.0783, ""q"": 0.0105, ""c"": 0.2309, ""capture"": 0.045, ""share"": 0.798, ""miss_deg"": 2.49, ""labels"": [320]}, {""name"": ""香蕉"", ""m"": 1.02931, ""q"": 0.0026, ""c"": 0.7202, ""capture"": 0.004, ""share"": 0.202, ""miss_deg"": 3.35, ""labels"": [323]}]"
2026_08_16/001,e2,v7,stress,mass10,69.64,71.37,1.73,3.283,球L,320,1.0,0.004,0.018,0.0,0.0,0.996,object#46,389.6407,0,0,11,球L,1,1,"[{""name"": ""球L"", ""m"": 1.57632, ""q"": 0.004, ""c"": 0.2309, ""capture"": 0.018, ""share"": 1.0, ""miss_deg"": 2.84, ""labels"": [320]}]"
2026_08_16/001,e2,v7,stress,mass10,71.61,73.88,2.27,3.287,球L,320,0.642,0.0435,0.188,0.181,0.558,0.932,object#316,389.6407,0,0,11,球L,1,2,"[{""name"": ""球L"", ""m"": 16.93865, ""q"": 0.0435, ""c"": 0.2309, ""capture"": 0.188, ""share"": 0.642, ""miss_deg"": 1.83, ""labels"": [320]}, {""name"": ""香蕉"", ""m"": 9.45458, ""q"": 0.0243, ""c"": 0.706, ""capture"": 0.034, ""share"": 0.358, ""miss_deg"": 2.6, ""labels"": [323]}]"
2026_08_16/001,e2,v7,stress,mass10,74.13,80.95,6.82,3.305,,-1,0.0,0.0,,,,1.0,object#130,389.6407,0,0,,,,0,[]
2026_08_16/001,e2,v7,stress,mass10,81.41,81.68,0.27,3.522,球M,321,1.0,0.0055,0.029,0.0,0.0,0.994,object#135,389.6407,0,0,,,,1,"[{""name"": ""球M"", ""m"": 2.1515, ""q"": 0.0055, ""c"": 0.1892, ""capture"": 0.029, ""share"": 1.0, ""miss_deg"": 2.66, ""labels"": [321]}]"
2026_08_16/001,e2,v7,stress,mass10,81.85,86.29,4.44,3.285,,-1,0.0,0.0,,,,1.0,object#10,389.6407,0,0,,,,0,[]
2026_08_16/001,e2,v7,stress,mass10,86.34,87.86,1.52,3.295,球L,320,0.848,0.0154,0.066,0.061,0.179,0.982,object#10,389.6407,0,0,,,,2,"[{""name"": ""球L"", ""m"": 5.98207, ""q"": 0.0154, ""c"": 0.2309, ""capture"": 0.066, ""share"": 0.848, ""miss_deg"": 2.33, ""labels"": [320]}, {""name"": ""香蕉"", ""m"": 1.07091, ""q"": 0.0027, ""c"": 0.7025, ""capture"": 0.004, ""share"": 0.152, ""miss_deg"": 3.33, ""labels"": [323]}]"
2026_08_16/001,e2,v7,stress,mass10,89.87,90.14,0.27,3.453,球M,321,1.0,0.0045,0.022,0.0,0.0,0.995,object#46,389.6407,0,0,,,,1,"[{""name"": ""球M"", ""m"": 1.76988, ""q"": 0.0045, ""c"": 0.2062, ""capture"": 0.022, ""share"": 1.0, ""miss_deg"": 2.76, ""labels"": [321]}]"
2026_08_16/001,e2,v7,stress,mass10,90.47,90.74,0.27,4.61,球M,321,0.996,0.0892,0.814,0.001,0.004,0.91,object#250,389.6407,1,1,,,,2,"[{""name"": ""球M"", ""m"": 34.76943, ""q"": 0.0892, ""c"": 0.1097, ""capture"": 0.814, ""share"": 0.996, ""miss_deg"": 0.64, ""labels"": [321]}, {""name"": ""香蕉"", ""m"": 0.1553, ""q"": 0.0004, ""c"": 0.461, ""capture"": 0.001, ""share"": 0.004, ""miss_deg"": 3.76, ""labels"": [323]}]"
2026_08_16/001,e2,v7,stress,mass10,91.28,91.61,0.32,3.661,球M,321,1.0,0.0288,0.176,0.0,0.0,0.971,object#46,389.6407,0,0,,,,1,"[{""name"": ""球M"", ""m"": 11.22086, ""q"": 0.0288, ""c"": 0.1636, ""capture"": 0.176, ""share"": 1.0, ""miss_deg"": 1.86, ""labels"": [321]}]"
2026_08_16/001,e2,v7,stress,mass10,93.23,93.5,0.27,3.709,球M,321,1.0,0.0347,0.212,0.0,0.0,0.965,object#179,389.6407,1,1,12,球M,1,1,"[{""name"": ""球M"", ""m"": 13.53278, ""q"": 0.0347, ""c"": 0.1636, ""capture"": 0.212, ""share"": 1.0, ""miss_deg"": 1.76, ""labels"": [321]}]"
2026_08_16/001,e2,v7,stress,mass10,93.93,94.91,0.97,3.438,球M,321,1.0,0.0014,0.007,0.0,0.0,0.999,object#46,389.6407,0,0,12,球M,1,1,"[{""name"": ""球M"", ""m"": 0.55124, ""q"": 0.0014, ""c"": 0.2062, ""capture"": 0.007, ""share"": 1.0, ""miss_deg"": 3.16, ""labels"": [321]}]"
2026_08_16/001,e2,v7,stress,mass10,95.12,95.56,0.43,4.571,球M,321,1.0,0.0562,0.513,0.0,0.0,0.944,object#46,389.6407,1,1,12,球M,1,1,"[{""name"": ""球M"", ""m"": 21.9041, ""q"": 0.0562, ""c"": 0.1097, ""capture"": 0.513, ""share"": 1.0, ""miss_deg"": 1.16, ""labels"": [321]}]"
2026_08_16/001,e2,v7,stress,mass10,96.63,96.9,0.27,4.012,,-1,0.0,0.0,,,,1.0,object#187,389.6407,0,0,,,,0,[]
2026_08_16/001,e2,v7,stress,mass10,99.92,100.19,0.27,2.123,,-1,0.0,0.0,,,,1.0,floor,389.6407,0,0,,,,0,[]
2026_08_16/s1,s1,v7,,mass10,2.85,3.39,0.54,1.11,,-1,0.0,0.0,,,,1.0,object#187,389.6407,0,0,,,,0,[]
2026_08_16/s1,s1,v7,,mass10,3.45,3.83,0.38,1.152,,-1,0.0,0.0,,,,1.0,object#187,389.6407,0,0,,,,0,[]
2026_08_16/s1,s1,v7,,mass10,6.42,6.69,0.27,2.254,,-1,0.0,0.0,,,,1.0,object#187,389.6407,0,0,,,,0,[]
2026_08_16/s1,s1,v7,,mass10,9.53,9.8,0.27,2.217,,-1,0.0,0.0,,,,1.0,object#20,389.6407,0,0,,,,0,[]
2026_08_16/s1,s1,v7,,mass10,10.44,10.71,0.27,2.258,,-1,0.0,0.0,,,,1.0,object#20,389.6407,0,0,,,,0,[]
2026_08_16/s1,s1,v7,,mass10,10.77,11.26,0.49,2.178,,-1,0.0,0.0,,,,1.0,object#20,389.6407,0,0,,,,0,[]
2026_08_16/s1,s1,v7,,mass10,11.55,12.74,1.19,2.526,,-1,0.0,0.0,,,,1.0,object#32,389.6407,0,0,,,,0,[]
2026_08_16/s1,s1,v7,,mass10,13.86,14.24,0.38,1.613,球M,321,1.0,0.2102,0.329,0.0,0.0,0.79,object#17,389.6407,1,1,,,,1,"[{""name"": ""球M"", ""m"": 81.91695, ""q"": 0.2102, ""c"": 0.6386, ""capture"": 0.329, ""share"": 1.0, ""miss_deg"": 1.49, ""labels"": [321]}]"
2026_08_16/s1,s1,v7,,mass10,14.51,15.0,0.49,1.756,,-1,0.0,0.0,,,,1.0,object#34,389.6407,0,0,,,,0,[]
2026_08_16/s1,s1,v7,,mass10,16.01,19.69,3.68,1.615,球R,322,1.0,0.4569,0.839,0.0,0.0,0.543,object#318,389.6407,1,1,1,球R,1,1,"[{""name"": ""球R"", ""m"": 178.04364, ""q"": 0.4569, ""c"": 0.5444, ""capture"": 0.839, ""share"": 1.0, ""miss_deg"": 0.59, ""labels"": [322]}]"
2026_08_16/s1,s1,v7,,mass10,19.96,20.23,0.27,1.603,球R,322,1.0,0.5442,0.999,0.0,0.0,0.456,object#318,389.6407,1,1,1,球R,1,1,"[{""name"": ""球R"", ""m"": 212.02495, ""q"": 0.5442, ""c"": 0.5444, ""capture"": 0.999, ""share"": 1.0, ""miss_deg"": 0.03, ""labels"": [322]}]"
2026_08_16/s1,s1,v7,,mass10,20.53,22.37,1.84,1.606,球R,322,1.0,0.5543,1.018,0.0,0.0,0.446,object#318,389.6407,1,1,1,球R,1,1,"[{""name"": ""球R"", ""m"": 215.98349, ""q"": 0.5543, ""c"": 0.5444, ""capture"": 1.018, ""share"": 1.0, ""miss_deg"": 0.0, ""labels"": [322]}]"
2026_08_16/s1,s1,v7,,mass10,22.76,29.26,6.5,1.53,球L,320,1.0,0.6779,0.915,0.0,0.0,0.322,object#316,389.6407,1,1,2,球L,1,1,"[{""name"": ""球L"", ""m"": 264.15567, ""q"": 0.6779, ""c"": 0.741, ""capture"": 0.915, ""share"": 1.0, ""miss_deg"": 0.42, ""labels"": [320]}]"
2026_08_16/s1,s1,v7,,mass10,29.8,31.31,1.52,1.488,球M,321,1.0,0.7908,1.126,0.0,0.0,0.209,object#17,389.6407,1,1,,,,1,"[{""name"": ""球M"", ""m"": 308.12389, ""q"": 0.7908, ""c"": 0.7025, ""capture"": 1.126, ""share"": 1.0, ""miss_deg"": 0.0, ""labels"": [321]}]"
2026_08_16/s1,s1,v7,,mass10,31.58,32.4,0.81,1.485,球M,321,1.0,0.7233,1.03,0.0,0.0,0.277,object#17,389.6407,1,1,3,球M,1,1,"[{""name"": ""球M"", ""m"": 281.82114, ""q"": 0.7233, ""c"": 0.7025, ""capture"": 1.03, ""share"": 1.0, ""miss_deg"": 0.0, ""labels"": [321]}]"
2026_08_16/s1,s1,v7,,mass10,32.75,36.27,3.52,1.485,球M,321,1.0,0.6275,0.893,0.0,0.0,0.372,object#17,389.6407,1,1,3,球M,1,1,"[{""name"": ""球M"", ""m"": 244.51671, ""q"": 0.6275, ""c"": 0.7025, ""capture"": 0.893, ""share"": 1.0, ""miss_deg"": 0.47, ""labels"": [321]}]"
2026_08_16/s1,s1,v7,,mass10,36.45,36.94,0.49,1.526,球L,320,1.0,0.4355,0.588,0.0,0.0,0.564,object#316,389.6407,1,1,,,,1,"[{""name"": ""球L"", ""m"": 169.70279, ""q"": 0.4355, ""c"": 0.741, ""capture"": 0.588, ""share"": 1.0, ""miss_deg"": 1.03, ""labels"": [320]}]"
2026_08_16/s1,s1,v7,,mass10,37.0,38.3,1.3,1.514,球L,320,1.0,0.6926,0.935,0.0,0.0,0.307,object#316,389.6407,1,1,,,,1,"[{""name"": ""球L"", ""m"": 269.85991, ""q"": 0.6926, ""c"": 0.741, ""capture"": 0.935, ""share"": 1.0, ""miss_deg"": 0.37, ""labels"": [320]}]"
2026_08_16/s1,s1,v7,,mass10,38.62,39.32,0.7,1.525,球L,320,1.0,0.5465,0.738,0.0,0.0,0.454,object#316,389.6407,1,1,4,球L,1,1,"[{""name"": ""球L"", ""m"": 212.93298, ""q"": 0.5465, ""c"": 0.741, ""capture"": 0.738, ""share"": 1.0, ""miss_deg"": 0.78, ""labels"": [320]}]"
2026_08_16/s1,s1,v7,,mass10,39.38,39.76,0.38,1.56,香蕉,323,0.643,0.1412,0.141,0.794,0.555,0.78,object#316,389.6407,0,0,4,球L,0,2,"[{""name"": ""香蕉"", ""m"": 55.00844, ""q"": 0.1412, ""c"": 1.0, ""capture"": 0.141, ""share"": 0.643, ""miss_deg"": 1.98, ""labels"": [323]}, {""name"": ""球L"", ""m"": 30.57953, ""q"": 0.0785, ""c"": 0.7025, ""capture"": 0.112, ""share"": 0.357, ""miss_deg"": 2.09, ""labels"": [320]}]"
2026_08_16/s1,s1,v7,,mass10,39.81,42.95,3.14,1.539,球L,320,0.999,0.6478,0.891,0.0,0.001,0.352,object#316,389.6407,1,1,4,球L,1,2,"[{""name"": ""球L"", ""m"": 252.40779, ""q"": 0.6478, ""c"": 0.7272, ""capture"": 0.891, ""share"": 0.999, ""miss_deg"": 0.48, ""labels"": [320]}, {""name"": ""香蕉"", ""m"": 0.13288, ""q"": 0.0003, ""c"": 1.0, ""capture"": 0.0, ""share"": 0.001, ""miss_deg"": 4.0, ""labels"": [323]}]"
2026_08_16/s1,s1,v7,,mass10,43.84,49.85,6.01,1.498,球M,321,1.0,0.742,1.056,0.0,0.0,0.258,object#17,389.6407,1,1,5,球M,1,1,"[{""name"": ""球M"", ""m"": 289.11573, ""q"": 0.742, ""c"": 0.7025, ""capture"": 1.056, ""share"": 1.0, ""miss_deg"": 0.0, ""labels"": [321]}]"
2026_08_16/s1,s1,v7,,mass10,50.63,54.15,3.52,1.499,球M,321,1.0,0.7528,1.072,0.0,0.0,0.247,object#17,389.6407,1,1,6,球M,1,1,"[{""name"": ""球M"", ""m"": 293.30393, ""q"": 0.7528, ""c"": 0.7025, ""capture"": 1.072, ""share"": 1.0, ""miss_deg"": 0.0, ""labels"": [321]}]"
2026_08_16/s1,s1,v7,,mass10,54.2,54.69,0.49,1.566,球M,321,1.0,0.3425,0.51,0.0,0.0,0.658,object#10,389.6407,1,1,6,球M,1,1,"[{""name"": ""球M"", ""m"": 133.43656, ""q"": 0.3425, ""c"": 0.6716, ""capture"": 0.51, ""share"": 1.0, ""miss_deg"": 1.16, ""labels"": [321]}]"
2026_08_16/s1,s1,v7,,mass10,54.75,55.4,0.65,1.485,球M,321,1.0,0.7229,1.029,0.0,0.0,0.277,object#17,389.6407,1,1,6,球M,1,1,"[{""name"": ""球M"", ""m"": 281.65679, ""q"": 0.7229, ""c"": 0.7025, ""capture"": 1.029, ""share"": 1.0, ""miss_deg"": 0.0, ""labels"": [321]}]"
2026_08_16/s1,s1,v7,,mass10,55.67,56.69,1.03,1.48,球M,321,1.0,0.7915,1.127,0.0,0.0,0.208,object#17,389.6407,1,1,6,球M,1,1,"[{""name"": ""球M"", ""m"": 308.40237, ""q"": 0.7915, ""c"": 0.7025, ""capture"": 1.127, ""share"": 1.0, ""miss_deg"": 0.0, ""labels"": [321]}]"
2026_08_16/s1,s1,v7,,mass10,56.99,60.95,3.95,1.587,球R,322,1.0,0.5779,1.061,0.0,0.0,0.422,object#318,389.6407,1,1,7,球R,1,1,"[{""name"": ""球R"", ""m"": 225.17573, ""q"": 0.5779, ""c"": 0.5444, ""capture"": 1.061, ""share"": 1.0, ""miss_deg"": 0.0, ""labels"": [322]}]"
2026_08_16/s1,s1,v7,,mass10,61.0,63.44,2.44,1.586,球R,322,1.0,0.592,1.087,0.0,0.0,0.408,object#318,389.6407,1,1,7,球R,1,1,"[{""name"": ""球R"", ""m"": 230.66069, ""q"": 0.592, ""c"": 0.5444, ""capture"": 1.087, ""share"": 1.0, ""miss_deg"": 0.0, ""labels"": [322]}]"
2026_08_16/s1,s1,v7,,mass10,63.94,64.86,0.92,1.57,球L,320,1.0,0.3811,0.542,0.0,0.0,0.619,object#316,389.6407,1,1,,,,1,"[{""name"": ""球L"", ""m"": 148.47324, ""q"": 0.3811, ""c"": 0.7025, ""capture"": 0.542, ""share"": 1.0, ""miss_deg"": 1.11, ""labels"": [320]}]"
2026_08_16/s1,s1,v7,,mass10,65.19,68.98,3.79,1.558,球L,320,1.0,0.4664,0.664,0.0,0.0,0.534,object#316,389.6407,1,1,8,球L,1,1,"[{""name"": ""球L"", ""m"": 181.74329, ""q"": 0.4664, ""c"": 0.7025, ""capture"": 0.664, ""share"": 1.0, ""miss_deg"": 0.9, ""labels"": [320]}]"
2026_08_16/s1,s1,v7,,mass10,69.2,70.61,1.41,1.553,球L,320,1.0,0.6268,0.888,0.0,0.0,0.373,object#316,389.6407,1,1,8,球L,1,1,"[{""name"": ""球L"", ""m"": 244.21423, ""q"": 0.6268, ""c"": 0.706, ""capture"": 0.888, ""share"": 1.0, ""miss_deg"": 0.49, ""labels"": [320]}]"
2026_08_16/s1,s1,v7,,mass10,71.26,77.49,6.23,1.577,球L,320,1.0,0.4073,0.58,0.0,0.0,0.593,object#316,389.6407,1,1,9,球L,1,1,"[{""name"": ""球L"", ""m"": 158.6905, ""q"": 0.4073, ""c"": 0.7025, ""capture"": 0.58, ""share"": 1.0, ""miss_deg"": 1.04, ""labels"": [320]}]"
2026_08_16/s1,s1,v7,,mass10,77.87,79.76,1.9,1.518,球M,321,1.0,0.5671,0.816,0.0,0.0,0.433,object#17,389.6407,1,1,,,,1,"[{""name"": ""球M"", ""m"": 220.96267, ""q"": 0.5671, ""c"": 0.695, ""capture"": 0.816, ""share"": 1.0, ""miss_deg"": 0.64, ""labels"": [321]}]"
2026_08_16/s1,s1,v7,,mass10,79.82,80.41,0.6,1.549,球M,321,1.0,0.449,0.653,0.0,0.0,0.551,object#17,389.6407,1,1,10,球M,1,1,"[{""name"": ""球M"", ""m"": 174.95919, ""q"": 0.449, ""c"": 0.6874, ""capture"": 0.653, ""share"": 1.0, ""miss_deg"": 0.92, ""labels"": [321]}]"
2026_08_16/s1,s1,v7,,mass10,80.47,80.9,0.43,1.506,球M,321,1.0,0.7905,1.125,0.0,0.0,0.21,object#17,389.6407,1,1,10,球M,1,1,"[{""name"": ""球M"", ""m"": 307.99503, ""q"": 0.7905, ""c"": 0.7025, ""capture"": 1.125, ""share"": 1.0, ""miss_deg"": 0.0, ""labels"": [321]}]"
2026_08_16/s1,s1,v7,,mass10,81.19,81.79,0.6,1.519,球M,321,1.0,0.6043,0.87,0.0,0.0,0.396,object#17,389.6407,1,1,10,球M,1,1,"[{""name"": ""球M"", ""m"": 235.45696, ""q"": 0.6043, ""c"": 0.695, ""capture"": 0.87, ""share"": 1.0, ""miss_deg"": 0.53, ""labels"": [321]}]"
2026_08_16/s1,s1,v7,,mass10,81.84,82.11,0.27,1.573,球M,321,1.0,0.0757,0.113,0.0,0.0,0.924,object#10,389.6407,0,0,10,球M,1,1,"[{""name"": ""球M"", ""m"": 29.51084, ""q"": 0.0757, ""c"": 0.6676, ""capture"": 0.113, ""share"": 1.0, ""miss_deg"": 2.09, ""labels"": [321]}]"
2026_08_16/s1,s1,v7,,mass10,82.22,82.98,0.76,1.576,球M,321,1.0,0.3356,0.503,0.0,0.0,0.664,object#17,389.6407,1,1,10,球M,1,1,"[{""name"": ""球M"", ""m"": 130.77167, ""q"": 0.3356, ""c"": 0.6676, ""capture"": 0.503, ""share"": 1.0, ""miss_deg"": 1.17, ""labels"": [321]}]"
2026_08_16/s1,s1,v7,,mass10,83.56,84.75,1.19,1.578,球M,321,1.0,0.2478,0.371,0.0,0.0,0.752,object#17,389.6407,1,1,10,球M,1,1,"[{""name"": ""球M"", ""m"": 96.55614, ""q"": 0.2478, ""c"": 0.6676, ""capture"": 0.371, ""share"": 1.0, ""miss_deg"": 1.41, ""labels"": [321]}]"
2026_08_16/s1,s1,v7,,mass10,85.1,87.38,2.28,1.615,球R,322,1.0,0.3467,0.637,0.0,0.0,0.653,object#318,389.6407,1,1,,,,1,"[{""name"": ""球R"", ""m"": 135.09225, ""q"": 0.3467, ""c"": 0.5444, ""capture"": 0.637, ""share"": 1.0, ""miss_deg"": 0.95, ""labels"": [322]}]"
2026_08_16/s1,s1,v7,,mass10,87.65,91.55,3.9,1.596,球R,322,1.0,0.2568,0.472,0.0,0.0,0.743,object#318,389.6407,1,1,11,球R,1,1,"[{""name"": ""球R"", ""m"": 100.05935, ""q"": 0.2568, ""c"": 0.5444, ""capture"": 0.472, ""share"": 1.0, ""miss_deg"": 1.23, ""labels"": [322]}]"
2026_08_16/s1,s1,v7,,mass10,92.03,97.66,5.63,1.51,球M,321,1.0,0.5789,0.824,0.0,0.0,0.421,object#317,389.6407,1,1,12,球M,1,1,"[{""name"": ""球M"", ""m"": 225.55675, ""q"": 0.5789, ""c"": 0.7025, ""capture"": 0.824, ""share"": 1.0, ""miss_deg"": 0.62, ""labels"": [321]}]"
2026_08_16/s1,s1,v7,,mass10,97.82,98.96,1.14,1.49,球M,321,1.0,0.8367,1.191,0.0,0.0,0.163,object#317,389.6407,1,1,12,球M,1,1,"[{""name"": ""球M"", ""m"": 326.0252, ""q"": 0.8367, ""c"": 0.7025, ""capture"": 1.191, ""share"": 1.0, ""miss_deg"": 0.0, ""labels"": [321]}]"
2026_08_16/s1,s1,v7,,mass10,99.26,105.98,6.72,1.609,球R,322,1.0,0.5427,0.997,0.0,0.0,0.457,object#318,389.6407,1,1,13,球R,1,1,"[{""name"": ""球R"", ""m"": 211.44386, ""q"": 0.5427, ""c"": 0.5444, ""capture"": 0.997, ""share"": 1.0, ""miss_deg"": 0.08, ""labels"": [322]}]"
2026_08_16/s1,s1,v7,,mass10,106.49,111.37,4.87,1.617,球R,322,1.0,0.4623,0.849,0.0,0.0,0.538,object#318,389.6407,1,1,14,球R,1,1,"[{""name"": ""球R"", ""m"": 180.13091, ""q"": 0.4623, ""c"": 0.5444, ""capture"": 0.849, ""share"": 1.0, ""miss_deg"": 0.57, ""labels"": [322]}]"
2026_08_16/s1,s1,v7,,mass10,111.42,111.69,0.27,1.665,球R,322,1.0,0.0116,0.022,0.0,0.0,0.988,object#17,389.6407,0,0,14,球R,1,1,"[{""name"": ""球R"", ""m"": 4.52873, ""q"": 0.0116, ""c"": 0.5232, ""capture"": 0.022, ""share"": 1.0, ""miss_deg"": 2.76, ""labels"": [322]}]"
2026_08_16/s1,s1,v7,,mass10,111.75,113.21,1.46,1.615,球R,322,1.0,0.3354,0.616,0.0,0.0,0.665,object#318,389.6407,1,1,14,球R,1,1,"[{""name"": ""球R"", ""m"": 130.6964, ""q"": 0.3354, ""c"": 0.5444, ""capture"": 0.616, ""share"": 1.0, ""miss_deg"": 0.98, ""labels"": [322]}]"
2026_08_16/s1,s1,v7,,mass10,113.26,113.53,0.27,1.585,香蕉,323,1.0,0.0163,0.016,0.0,0.0,0.984,object#17,389.6407,0,0,,,,1,"[{""name"": ""香蕉"", ""m"": 6.34282, ""q"": 0.0163, ""c"": 1.0, ""capture"": 0.016, ""share"": 1.0, ""miss_deg"": 2.87, ""labels"": [323]}]"
2026_08_16/s1,s1,v7,,mass10,113.59,120.3,6.72,1.587,球L,320,1.0,0.3657,0.521,0.0,0.0,0.634,object#316,389.6407,1,1,15,球L,1,1,"[{""name"": ""球L"", ""m"": 142.48701, ""q"": 0.3657, ""c"": 0.7025, ""capture"": 0.521, ""share"": 1.0, ""miss_deg"": 1.14, ""labels"": [320]}]"
2026_08_16/s1,s1,v7,,mass10,121.21,121.48,0.27,2.891,,-1,0.0,0.0,,,,1.0,object#187,389.6407,0,0,,,,0,[]
2026_08_16/s1,s1,v7,,mass10,121.65,122.19,0.54,2.226,,-1,0.0,0.0,,,,1.0,object#187,389.6407,0,0,,,,0,[]
2026_08_16/s1,s1,v7,,mass10,124.38,124.7,0.32,1.534,,-1,0.0,0.0,,,,1.0,object#59,389.6407,0,0,,,,0,[]
2026_08_16/s2,s2,v7,,mass10,3.36,3.63,0.27,2.088,,-1,0.0,0.0,,,,1.0,object#32,389.6407,0,0,,,,0,[]
2026_08_16/s2,s2,v7,,mass10,7.12,7.39,0.27,2.554,球M,321,1.0,0.3317,1.051,0.0,0.0,0.668,object#17,389.6407,1,1,,,,1,"[{""name"": ""球M"", ""m"": 129.22897, ""q"": 0.3317, ""c"": 0.3157, ""capture"": 1.051, ""share"": 1.0, ""miss_deg"": 0.0, ""labels"": [321]}]"
2026_08_16/s2,s2,v7,,mass10,7.87,8.2,0.32,3.134,,-1,0.0,0.0,,,,1.0,object#20,389.6407,0,0,,,,0,[]
2026_08_16/s2,s2,v7,,mass10,8.74,9.12,0.38,3.22,,-1,0.0,0.0,,,,1.0,object#20,389.6407,0,0,,,,0,[]
2026_08_16/s2,s2,v7,,mass10,9.55,9.82,0.27,3.271,,-1,0.0,0.0,,,,1.0,object#20,389.6407,0,0,,,,0,[]
2026_08_16/s2,s2,v7,,mass10,9.88,10.53,0.65,3.2,,-1,0.0,0.0,,,,1.0,object#187,389.6407,0,0,,,,0,[]
2026_08_16/s2,s2,v7,,mass10,12.96,14.15,1.19,3.417,,-1,0.0,0.0,,,,1.0,object#32,389.6407,0,0,,,,0,[]
2026_08_16/s2,s2,v7,,mass10,14.48,15.02,0.54,2.431,球M,321,0.995,0.212,0.57,0.002,0.005,0.787,object#17,389.6407,1,1,,,,2,"[{""name"": ""球M"", ""m"": 82.59061, ""q"": 0.212, ""c"": 0.3721, ""capture"": 0.57, ""share"": 0.995, ""miss_deg"": 1.06, ""labels"": [321]}, {""name"": ""香蕉"", ""m"": 0.39091, ""q"": 0.001, ""c"": 0.9393, ""capture"": 0.001, ""share"": 0.005, ""miss_deg"": 3.7, ""labels"": [323]}]"
2026_08_16/s2,s2,v7,,mass10,15.4,15.73,0.32,2.405,香蕉,323,0.929,0.2931,0.309,0.168,0.076,0.685,object#17,389.6407,1,1,,,,2,"[{""name"": ""香蕉"", ""m"": 114.20001, ""q"": 0.2931, ""c"": 0.948, ""capture"": 0.309, ""share"": 0.929, ""miss_deg"": 1.53, ""labels"": [323]}, {""name"": ""苹果"", ""m"": 8.68993, ""q"": 0.0223, ""c"": 0.4305, ""capture"": 0.052, ""share"": 0.071, ""miss_deg"": 2.43, ""labels"": [300]}]"
2026_08_16/s2,s2,v7,,mass10,15.78,16.05,0.27,2.427,香蕉,323,0.573,0.3154,0.336,1.577,0.724,0.449,object#316,389.6407,1,1,,,,3,"[{""name"": ""香蕉"", ""m"": 122.90449, ""q"": 0.3154, ""c"": 0.9393, ""capture"": 0.336, ""share"": 0.573, ""miss_deg"": 1.48, ""labels"": [323]}, {""name"": ""苹果"", ""m"": 88.97764, ""q"": 0.2284, ""c"": 0.4305, ""capture"": 0.53, ""share"": 0.415, ""miss_deg"": 1.13, ""labels"": [300]}, {""name"": ""球L"", ""m"": 2.66637, ""q"": 0.0068, ""c"": 0.3855, ""capture"": 0.018, ""share"": 0.012, ""miss_deg"": 2.84, ""labels"": [320]}]"
2026_08_16/s2,s2,v7,,mass10,16.38,16.81,0.43,2.449,球L,320,0.531,0.1075,0.279,0.366,0.883,0.797,object#316,389.6407,1,1,,,,2,"[{""name"": ""球L"", ""m"": 41.88068, ""q"": 0.1075, ""c"": 0.3855, ""capture"": 0.279, ""share"": 0.531, ""miss_deg"": 1.6, ""labels"": [320]}, {""name"": ""香蕉"", ""m"": 37.04211, ""q"": 0.0951, ""c"": 0.9302, ""capture"": 0.102, ""share"": 0.469, ""miss_deg"": 2.14, ""labels"": [323]}]"
2026_08_16/s2,s2,v7,,mass10,17.54,20.24,2.7,2.349,球M,321,1.0,0.4004,1.076,0.0,0.0,0.6,object#317,389.6407,1,1,,,,1,"[{""name"": ""球M"", ""m"": 156.01159, ""q"": 0.4004, ""c"": 0.3721, ""capture"": 1.076, ""share"": 1.0, ""miss_deg"": 0.0, ""labels"": [321]}]"
2026_08_16/s2,s2,v7,,mass10,20.3,23.92,3.63,2.351,球M,321,1.0,0.3365,0.904,0.0,0.0,0.663,object#317,389.6407,1,1,1,球M,1,1,"[{""name"": ""球M"", ""m"": 131.11936, ""q"": 0.3365, ""c"": 0.3721, ""capture"": 0.904, ""share"": 1.0, ""miss_deg"": 0.45, ""labels"": [321]}]"
2026_08_16/s2,s2,v7,,mass10,24.23,28.02,3.79,2.483,球R,322,0.995,0.1518,0.561,0.004,0.005,0.847,object#318,389.6407,1,1,2,球R,1,2,"[{""name"": ""球R"", ""m"": 59.12908, ""q"": 0.1518, ""c"": 0.2704, ""capture"": 0.561, ""share"": 0.995, ""miss_deg"": 1.07, ""labels"": [322]}, {""name"": ""石榴"", ""m"": 0.29966, ""q"": 0.0008, ""c"": 0.3721, ""capture"": 0.002, ""share"": 0.005, ""miss_deg"": 3.52, ""labels"": [78]}]"
2026_08_16/s2,s2,v7,,mass10,28.07,30.51,2.44,2.483,球R,322,0.996,0.1282,0.474,0.002,0.004,0.871,object#318,389.6407,1,1,2,球R,1,2,"[{""name"": ""球R"", ""m"": 49.96429, ""q"": 0.1282, ""c"": 0.2704, ""capture"": 0.474, ""share"": 0.996, ""miss_deg"": 1.22, ""labels"": [322]}, {""name"": ""石榴"", ""m"": 0.19887, ""q"": 0.0005, ""c"": 0.3721, ""capture"": 0.001, ""share"": 0.004, ""miss_deg"": 3.63, ""labels"": [78]}]"
2026_08_16/s2,s2,v7,,mass10,30.84,31.54,0.7,2.367,球M,321,1.0,0.2852,0.767,0.0,0.0,0.715,object#317,389.6407,1,1,,,,1,"[{""name"": ""球M"", ""m"": 111.13727, ""q"": 0.2852, ""c"": 0.3721, ""capture"": 0.767, ""share"": 1.0, ""miss_deg"": 0.73, ""labels"": [321]}]"
2026_08_16/s2,s2,v7,,mass10,31.87,32.24,0.38,2.361,球M,321,1.0,0.4845,1.302,0.0,0.0,0.515,object#317,389.6407,1,1,,,,1,"[{""name"": ""球M"", ""m"": 188.7996, ""q"": 0.4845, ""c"": 0.3721, ""capture"": 1.302, ""share"": 1.0, ""miss_deg"": 0.0, ""labels"": [321]}]"
2026_08_16/s2,s2,v7,,mass10,32.62,33.44,0.81,2.379,球M,321,1.0,0.4262,1.145,0.0,0.0,0.574,object#317,389.6407,1,1,3,球M,1,1,"[{""name"": ""球M"", ""m"": 166.05884, ""q"": 0.4262, ""c"": 0.3721, ""capture"": 1.145, ""share"": 1.0, ""miss_deg"": 0.0, ""labels"": [321]}]"
2026_08_16/s2,s2,v7,,mass10,33.7,34.08,0.38,2.461,球M,321,1.0,0.1434,0.417,0.0,0.0,0.857,object#34,389.6407,1,1,3,球M,1,1,"[{""name"": ""球M"", ""m"": 55.86069, ""q"": 0.1434, ""c"": 0.3441, ""capture"": 0.417, ""share"": 1.0, ""miss_deg"": 1.32, ""labels"": [321]}]"
2026_08_16/s2,s2,v7,,mass10,34.41,35.11,0.7,2.452,球M,321,1.0,0.3421,0.955,0.0,0.0,0.658,object#17,389.6407,1,1,3,球M,1,1,"[{""name"": ""球M"", ""m"": 133.29601, ""q"": 0.3421, ""c"": 0.3582, ""capture"": 0.955, ""share"": 1.0, ""miss_deg"": 0.3, ""labels"": [321]}]"
2026_08_16/s2,s2,v7,,mass10,35.22,35.65,0.43,2.465,球M,321,1.0,0.4239,1.232,0.0,0.0,0.576,object#17,389.6407,1,1,3,球M,1,1,"[{""name"": ""球M"", ""m"": 165.1597, ""q"": 0.4239, ""c"": 0.3441, ""capture"": 1.232, ""share"": 1.0, ""miss_deg"": 0.0, ""labels"": [321]}]"
2026_08_16/s2,s2,v7,,mass10,35.71,37.66,1.95,2.359,球M,321,1.0,0.4666,1.254,0.0,0.0,0.533,object#317,389.6407,1,1,3,球M,1,1,"[{""name"": ""球M"", ""m"": 181.8202, ""q"": 0.4666, ""c"": 0.3721, ""capture"": 1.254, ""share"": 1.0, ""miss_deg"": 0.0, ""labels"": [321]}]"
2026_08_16/s2,s2,v7,,mass10,37.96,42.29,4.33,2.488,球R,322,0.962,0.2722,1.007,0.029,0.04,0.717,object#318,389.6407,1,1,4,球R,1,2,"[{""name"": ""球R"", ""m"": 106.06982, ""q"": 0.2722, ""c"": 0.2704, ""capture"": 1.007, ""share"": 0.962, ""miss_deg"": 0.0, ""labels"": [322]}, {""name"": ""石榴"", ""m"": 4.21908, ""q"": 0.0108, ""c"": 0.3721, ""capture"": 0.029, ""share"": 0.038, ""miss_deg"": 2.66, ""labels"": [78]}]"
2026_08_16/s2,s2,v7,,mass10,42.45,43.86,1.41,2.495,球R,322,0.961,0.2914,1.078,0.029,0.041,0.697,object#318,389.6407,1,1,4,球R,1,2,"[{""name"": ""球R"", ""m"": 113.55546, ""q"": 0.2914, ""c"": 0.2704, ""capture"": 1.078, ""share"": 0.961, ""miss_deg"": 0.0, ""labels"": [322]}, {""name"": ""石榴"", ""m"": 4.56395, ""q"": 0.0117, ""c"": 0.3721, ""capture"": 0.031, ""share"": 0.039, ""miss_deg"": 2.63, ""labels"": [78]}]"
2026_08_16/s2,s2,v7,,mass10,43.92,44.4,0.49,2.45,球R,322,0.976,0.0997,0.369,0.016,0.025,0.898,object#318,389.6407,1,1,4,球R,1,2,"[{""name"": ""球R"", ""m"": 38.84743, ""q"": 0.0997, ""c"": 0.2704, ""capture"": 0.369, ""share"": 0.976, ""miss_deg"": 1.41, ""labels"": [322]}, {""name"": ""石榴"", ""m"": 0.93702, ""q"": 0.0024, ""c"": 0.3721, ""capture"": 0.006, ""share"": 0.024, ""miss_deg"": 3.18, ""labels"": [78]}]"
2026_08_16/s2,s2,v7,,mass10,44.92,49.25,4.33,2.426,球L,320,0.746,0.2699,0.7,0.116,0.28,0.638,object#316,389.6407,1,1,5,球L,1,3,"[{""name"": ""球L"", ""m"": 105.1819, ""q"": 0.2699, ""c"": 0.3855, ""capture"": 0.7, ""share"": 0.746, ""miss_deg"": 0.84, ""labels"": [320]}, {""name"": ""香蕉"", ""m"": 29.48627, ""q"": 0.0757, ""c"": 0.9393, ""capture"": 0.081, ""share"": 0.209, ""miss_deg"": 2.24, ""labels"": [323]}, {""name"": ""苹果"", ""m"": 6.37979, ""q"": 0.0164, ""c"": 0.4305, ""capture"": 0.038, ""share"": 0.045, ""miss_deg"": 2.56, ""labels"": [300]}]"
2026_08_16/s2,s2,v7,,mass10,49.31,49.79,0.49,2.433,香蕉,323,0.927,0.1958,0.208,0.192,0.079,0.789,object#316,389.6407,1,1,5,球L,0,2,"[{""name"": ""香蕉"", ""m"": 76.29361, ""q"": 0.1958, ""c"": 0.9393, ""capture"": 0.208, ""share"": 0.927, ""miss_deg"": 1.77, ""labels"": [323]}, {""name"": ""球L"", ""m"": 6.04056, ""q"": 0.0155, ""c"": 0.3855, ""capture"": 0.04, ""share"": 0.073, ""miss_deg"": 2.54, ""labels"": [320]}]"
2026_08_16/s2,s2,v7,,mass10,49.85,51.31,1.46,2.428,球L,320,0.749,0.2472,0.641,0.137,0.335,0.67,object#316,389.6407,1,1,5,球L,1,2,"[{""name"": ""球L"", ""m"": 96.33101, ""q"": 0.2472, ""c"": 0.3855, ""capture"": 0.641, ""share"": 0.749, ""miss_deg"": 0.94, ""labels"": [320]}, {""name"": ""香蕉"", ""m"": 32.22811, ""q"": 0.0827, ""c"": 0.9393, ""capture"": 0.088, ""share"": 0.251, ""miss_deg"": 2.2, ""labels"": [323]}]"
2026_08_16/s2,s2,v7,,mass10,51.88,57.08,5.2,2.471,球R,322,0.955,0.2534,0.937,0.034,0.047,0.735,object#318,389.6407,1,1,6,球R,1,2,"[{""name"": ""球R"", ""m"": 98.73167, ""q"": 0.2534, ""c"": 0.2704, ""capture"": 0.937, ""share"": 0.955, ""miss_deg"": 0.36, ""labels"": [322]}, {""name"": ""石榴"", ""m"": 4.67867, ""q"": 0.012, ""c"": 0.3721, ""capture"": 0.032, ""share"": 0.045, ""miss_deg"": 2.62, ""labels"": [78]}]"
2026_08_16/s2,s2,v7,,mass10,57.41,58.22,0.81,2.444,球R,322,0.929,0.2007,0.742,0.055,0.076,0.784,object#318,389.6407,1,1,6,球R,1,2,"[{""name"": ""球R"", ""m"": 78.20533, ""q"": 0.2007, ""c"": 0.2704, ""capture"": 0.742, ""share"": 0.929, ""miss_deg"": 0.77, ""labels"": [322]}, {""name"": ""石榴"", ""m"": 6.01402, ""q"": 0.0154, ""c"": 0.3721, ""capture"": 0.041, ""share"": 0.071, ""miss_deg"": 2.52, ""labels"": [78]}]"
2026_08_16/s2,s2,v7,,mass10,58.5,59.15,0.65,2.361,球M,321,1.0,0.4848,1.303,0.0,0.0,0.515,object#317,389.6407,1,1,,,,1,"[{""name"": ""球M"", ""m"": 188.9158, ""q"": 0.4848, ""c"": 0.3721, ""capture"": 1.303, ""share"": 1.0, ""miss_deg"": 0.0, ""labels"": [321]}]"
2026_08_16/s2,s2,v7,,mass10,59.21,60.45,1.25,2.465,球M,321,1.0,0.3761,1.093,0.0,0.0,0.624,object#17,389.6407,1,1,,,,1,"[{""name"": ""球M"", ""m"": 146.53041, ""q"": 0.3761, ""c"": 0.3441, ""capture"": 1.093, ""share"": 1.0, ""miss_deg"": 0.0, ""labels"": [321]}]"
2026_08_16/s2,s2,v7,,mass10,60.83,61.81,0.97,2.346,球M,321,1.0,0.5104,1.372,0.0,0.0,0.49,object#317,389.6407,1,1,7,球M,1,1,"[{""name"": ""球M"", ""m"": 198.86651, ""q"": 0.5104, ""c"": 0.3721, ""capture"": 1.372, ""share"": 1.0, ""miss_deg"": 0.0, ""labels"": [321]}]"
2026_08_16/s2,s2,v7,,mass10,62.46,63.05,0.6,2.455,球M,321,1.0,0.3423,0.956,0.0,0.0,0.658,object#17,389.6407,1,1,7,球M,1,1,"[{""name"": ""球M"", ""m"": 133.38831, ""q"": 0.3423, ""c"": 0.3582, ""capture"": 0.956, ""share"": 1.0, ""miss_deg"": 0.3, ""labels"": [321]}]"
2026_08_16/s2,s2,v7,,mass10,63.43,63.81,0.38,2.449,香蕉,323,0.715,0.344,0.37,0.903,0.393,0.519,object#316,389.6407,1,1,7,球M,0,3,"[{""name"": ""香蕉"", ""m"": 134.05003, ""q"": 0.344, ""c"": 0.9302, ""capture"": 0.37, ""share"": 0.715, ""miss_deg"": 1.41, ""labels"": [323]}, {""name"": ""苹果"", ""m"": 52.70455, ""q"": 0.1353, ""c"": 0.405, ""capture"": 0.334, ""share"": 0.281, ""miss_deg"": 1.48, ""labels"": [300]}, {""name"": ""球L"", ""m"": 0.80989, ""q"": 0.0021, ""c"": 0.3855, ""capture"": 0.005, ""share"": 0.004, ""miss_deg"": 3.23, ""labels"": [320]}]"
2026_08_16/s2,s2,v7,,mass10,63.86,65.16,1.3,2.479,球M,321,1.0,0.1962,0.57,0.0,0.0,0.804,object#17,389.6407,1,1,7,球M,1,1,"[{""name"": ""球M"", ""m"": 76.43772, ""q"": 0.1962, ""c"": 0.3441, ""capture"": 0.57, ""share"": 1.0, ""miss_deg"": 1.06, ""labels"": [321]}]"
2026_08_16/s2,s2,v7,,mass10,65.22,66.25,1.03,2.455,球L,320,0.771,0.2919,0.785,0.088,0.219,0.621,object#316,389.6407,1,1,,,,3,"[{""name"": ""球L"", ""m"": 113.73849, ""q"": 0.2919, ""c"": 0.3721, ""capture"": 0.785, ""share"": 0.771, ""miss_deg"": 0.7, ""labels"": [320]}, {""name"": ""香蕉"", ""m"": 24.96233, ""q"": 0.0641, ""c"": 0.9302, ""capture"": 0.069, ""share"": 0.169, ""miss_deg"": 2.31, ""labels"": [323]}, {""name"": ""苹果"", ""m"": 8.91487, ""q"": 0.0229, ""c"": 0.405, ""capture"": 0.056, ""share"": 0.06, ""miss_deg"": 2.4, ""labels"": [300]}]"
2026_08_16/s2,s2,v7,,mass10,66.3,72.15,5.85,2.467,球L,320,0.807,0.2881,0.774,0.071,0.176,0.643,object#316,389.6407,1,1,8,球L,1,3,"[{""name"": ""球L"", ""m"": 112.27424, ""q"": 0.2881, ""c"": 0.3721, ""capture"": 0.774, ""share"": 0.807, ""miss_deg"": 0.71, ""labels"": [320]}, {""name"": ""香蕉"", ""m"": 19.78152, ""q"": 0.0508, ""c"": 0.9255, ""capture"": 0.055, ""share"": 0.142, ""miss_deg"": 2.41, ""labels"": [323]}, {""name"": ""苹果"", ""m"": 7.09469, ""q"": 0.0182, ""c"": 0.3986, ""capture"": 0.046, ""share"": 0.051, ""miss_deg"": 2.48, ""labels"": [300]}]"
2026_08_16/s2,s2,v7,,mass10,72.76,76.11,3.36,2.547,球R,322,0.989,0.2192,0.86,0.008,0.011,0.778,object#318,389.6407,1,1,,,,2,"[{""name"": ""球R"", ""m"": 85.40169, ""q"": 0.2192, ""c"": 0.2548, ""capture"": 0.86, ""share"": 0.989, ""miss_deg"": 0.55, ""labels"": [322]}, {""name"": ""石榴"", ""m"": 0.98343, ""q"": 0.0025, ""c"": 0.3441, ""capture"": 0.007, ""share"": 0.011, ""miss_deg"": 3.14, ""labels"": [78]}]"
2026_08_16/s2,s2,v7,,mass10,76.49,79.09,2.6,2.551,球R,322,0.993,0.2052,0.806,0.005,0.007,0.793,object#318,389.6407,1,1,9,球R,1,2,"[{""name"": ""球R"", ""m"": 79.96715, ""q"": 0.2052, ""c"": 0.2548, ""capture"": 0.806, ""share"": 0.993, ""miss_deg"": 0.66, ""labels"": [322]}, {""name"": ""石榴"", ""m"": 0.53403, ""q"": 0.0014, ""c"": 0.3441, ""capture"": 0.004, ""share"": 0.007, ""miss_deg"": 3.32, ""labels"": [78]}]"
2026_08_16/s2,s2,v7,,mass10,79.15,79.47,0.32,2.484,球R,322,1.0,0.0587,0.217,0.0,0.0,0.941,object#318,389.6407,1,1,,,,1,"[{""name"": ""球R"", ""m"": 22.8637, ""q"": 0.0587, ""c"": 0.2704, ""capture"": 0.217, ""share"": 1.0, ""miss_deg"": 1.75, ""labels"": [322]}]"
2026_08_16/s2,s2,v7,,mass10,79.53,80.01,0.49,2.522,球R,322,0.997,0.163,0.603,0.002,0.003,0.836,object#318,389.6407,1,1,,,,2,"[{""name"": ""球R"", ""m"": 63.52281, ""q"": 0.163, ""c"": 0.2704, ""capture"": 0.603, ""share"": 0.997, ""miss_deg"": 1.01, ""labels"": [322]}, {""name"": ""石榴"", ""m"": 0.19887, ""q"": 0.0005, ""c"": 0.3582, ""capture"": 0.001, ""share"": 0.003, ""miss_deg"": 3.62, ""labels"": [78]}]"
2026_08_16/s2,s2,v7,,mass10,80.07,83.21,3.14,2.517,球R,322,0.907,0.293,1.083,0.078,0.103,0.677,object#318,389.6407,1,1,10,球R,1,2,"[{""name"": ""球R"", ""m"": 114.1581, ""q"": 0.293, ""c"": 0.2704, ""capture"": 1.083, ""share"": 0.907, ""miss_deg"": 0.0, ""labels"": [322]}, {""name"": ""石榴"", ""m"": 11.6659, ""q"": 0.0299, ""c"": 0.3582, ""capture"": 0.084, ""share"": 0.093, ""miss_deg"": 2.23, ""labels"": [78]}]"
2026_08_16/s2,s2,v7,,mass10,83.42,84.07,0.65,2.52,球R,322,0.957,0.167,0.618,0.034,0.045,0.825,object#318,389.6407,1,1,10,球R,1,2,"[{""name"": ""球R"", ""m"": 65.08823, ""q"": 0.167, ""c"": 0.2704, ""capture"": 0.618, ""share"": 0.957, ""miss_deg"": 0.98, ""labels"": [322]}, {""name"": ""石榴"", ""m"": 2.94845, ""q"": 0.0076, ""c"": 0.3582, ""capture"": 0.021, ""share"": 0.043, ""miss_deg"": 2.78, ""labels"": [78]}]"
2026_08_16/s2,s2,v7,,mass10,84.66,86.02,1.35,2.529,球R,322,0.903,0.2835,1.113,0.076,0.107,0.686,object#318,389.6407,1,1,10,球R,1,2,"[{""name"": ""球R"", ""m"": 110.4801, ""q"": 0.2835, ""c"": 0.2548, ""capture"": 1.113, ""share"": 0.903, ""miss_deg"": 0.0, ""labels"": [322]}, {""name"": ""石榴"", ""m"": 11.86857, ""q"": 0.0305, ""c"": 0.3582, ""capture"": 0.085, ""share"": 0.097, ""miss_deg"": 2.22, ""labels"": [78]}]"
2026_08_16/s2,s2,v7,,mass10,86.52,87.77,1.25,2.396,球M,321,1.0,0.5062,1.361,0.0,0.0,0.494,object#317,389.6407,1,1,,,,1,"[{""name"": ""球M"", ""m"": 197.24784, ""q"": 0.5062, ""c"": 0.3721, ""capture"": 1.361, ""share"": 1.0, ""miss_deg"": 0.0, ""labels"": [321]}]"
2026_08_16/s2,s2,v7,,mass10,88.69,89.12,0.43,2.494,球M,321,1.0,0.4426,1.286,0.0,0.0,0.557,object#17,389.6407,1,1,11,球M,1,1,"[{""name"": ""球M"", ""m"": 172.44179, ""q"": 0.4426, ""c"": 0.3441, ""capture"": 1.286, ""share"": 1.0, ""miss_deg"": 0.0, ""labels"": [321]}]"
2026_08_16/s2,s2,v7,,mass10,89.17,90.1,0.92,2.386,球M,321,1.0,0.5138,1.381,0.0,0.0,0.486,object#317,389.6407,1,1,11,球M,1,1,"[{""name"": ""球M"", ""m"": 200.18262, ""q"": 0.5138, ""c"": 0.3721, ""capture"": 1.381, ""share"": 1.0, ""miss_deg"": 0.0, ""labels"": [321]}]"
2026_08_16/s2,s2,v7,,mass10,90.15,90.64,0.49,2.507,球M,321,1.0,0.1657,0.481,0.0,0.0,0.834,object#17,389.6407,1,1,11,球M,1,1,"[{""name"": ""球M"", ""m"": 64.54653, ""q"": 0.1657, ""c"": 0.3441, ""capture"": 0.481, ""share"": 1.0, ""miss_deg"": 1.21, ""labels"": [321]}]"
2026_08_16/s2,s2,v7,,mass10,91.18,91.5,0.32,2.393,球M,321,1.0,0.4484,1.205,0.0,0.0,0.552,object#317,389.6407,1,1,11,球M,1,1,"[{""name"": ""球M"", ""m"": 174.704, ""q"": 0.4484, ""c"": 0.3721, ""capture"": 1.205, ""share"": 1.0, ""miss_deg"": 0.0, ""labels"": [321]}]"
2026_08_16/s2,s2,v7,,mass10,91.94,93.29,1.35,2.391,球M,321,1.0,0.4542,1.221,0.0,0.0,0.546,object#317,389.6407,1,1,11,球M,1,1,"[{""name"": ""球M"", ""m"": 176.97519, ""q"": 0.4542, ""c"": 0.3721, ""capture"": 1.221, ""share"": 1.0, ""miss_deg"": 0.0, ""labels"": [321]}]"
2026_08_16/s2,s2,v7,,mass10,93.7,98.26,4.56,2.467,球L,320,0.861,0.2506,0.673,0.065,0.161,0.709,object#316,389.6407,1,1,12,球L,1,2,"[{""name"": ""球L"", ""m"": 97.62604, ""q"": 0.2506, ""c"": 0.3721, ""capture"": 0.673, ""share"": 0.861, ""miss_deg"": 0.89, ""labels"": [320]}, {""name"": ""香蕉"", ""m"": 15.78826, ""q"": 0.0405, ""c"": 0.9255, ""capture"": 0.044, ""share"": 0.139, ""miss_deg"": 2.5, ""labels"": [323]}]"
2026_08_16/s2,s2,v7,,mass10,98.58,99.5,0.92,2.463,球L,320,0.673,0.2445,0.657,0.17,0.426,0.636,object#316,389.6407,1,1,12,球L,1,3,"[{""name"": ""球L"", ""m"": 95.26053, ""q"": 0.2445, ""c"": 0.3721, ""capture"": 0.657, ""share"": 0.673, ""miss_deg"": 0.92, ""labels"": [320]}, {""name"": ""香蕉"", ""m"": 40.59435, ""q"": 0.1042, ""c"": 0.9271, ""capture"": 0.112, ""share"": 0.287, ""miss_deg"": 2.09, ""labels"": [323]}, {""name"": ""苹果"", ""m"": 5.78342, ""q"": 0.0148, ""c"": 0.3986, ""capture"": 0.037, ""share"": 0.041, ""miss_deg"": 2.57, ""labels"": [300]}]"
2026_08_16/s2,s2,v7,,mass10,99.77,100.26,0.49,2.475,球L,320,0.783,0.2456,0.66,0.111,0.277,0.686,object#316,389.6407,1,1,12,球L,1,2,"[{""name"": ""球L"", ""m"": 95.69988, ""q"": 0.2456, ""c"": 0.3721, ""capture"": 0.66, ""share"": 0.783, ""miss_deg"": 0.91, ""labels"": [320]}, {""name"": ""香蕉"", ""m"": 26.50053, ""q"": 0.068, ""c"": 0.9255, ""capture"": 0.073, ""share"": 0.217, ""miss_deg"": 2.29, ""labels"": [323]}]"
2026_08_16/s2,s2,v7,,mass10,100.68,100.95,0.27,2.399,球M,321,1.0,0.422,1.134,0.0,0.0,0.578,object#317,389.6407,1,1,,,,1,"[{""name"": ""球M"", ""m"": 164.43544, ""q"": 0.422, ""c"": 0.3721, ""capture"": 1.134, ""share"": 1.0, ""miss_deg"": 0.0, ""labels"": [321]}]"
2026_08_16/s2,s2,v7,,mass10,101.0,101.55,0.54,2.506,球M,321,1.0,0.418,1.214,0.0,0.0,0.582,object#17,389.6407,1,1,,,,1,"[{""name"": ""球M"", ""m"": 162.85633, ""q"": 0.418, ""c"": 0.3441, ""capture"": 1.214, ""share"": 1.0, ""miss_deg"": 0.0, ""labels"": [321]}]"
2026_08_16/s2,s2,v7,,mass10,101.6,104.42,2.82,2.409,球M,321,1.0,0.4921,1.323,0.0,0.0,0.508,object#317,389.6407,1,1,,,,1,"[{""name"": ""球M"", ""m"": 191.73953, ""q"": 0.4921, ""c"": 0.3721, ""capture"": 1.323, ""share"": 1.0, ""miss_deg"": 0.0, ""labels"": [321]}]"
2026_08_16/s2,s2,v7,,mass10,104.69,105.12,0.43,2.412,球M,321,1.0,0.3615,0.972,0.0,0.0,0.639,object#317,389.6407,1,1,13,球M,1,1,"[{""name"": ""球M"", ""m"": 140.84442, ""q"": 0.3615, ""c"": 0.3721, ""capture"": 0.972, ""share"": 1.0, ""miss_deg"": 0.24, ""labels"": [321]}]"
2026_08_16/s2,s2,v7,,mass10,105.23,106.96,1.73,2.378,球M,321,1.0,0.5247,1.41,0.0,0.0,0.475,object#317,389.6407,1,1,13,球M,1,1,"[{""name"": ""球M"", ""m"": 204.42752, ""q"": 0.5247, ""c"": 0.3721, ""capture"": 1.41, ""share"": 1.0, ""miss_deg"": 0.0, ""labels"": [321]}]"
2026_08_16/s2,s2,v7,,mass10,107.02,107.5,0.49,2.405,球M,321,1.0,0.1188,0.319,0.0,0.0,0.881,object#10,389.6407,1,1,13,球M,1,1,"[{""name"": ""球M"", ""m"": 46.29601, ""q"": 0.1188, ""c"": 0.3721, ""capture"": 0.319, ""share"": 1.0, ""miss_deg"": 1.51, ""labels"": [321]}]"
2026_08_16/s2,s2,v7,,mass10,107.84,108.33,0.49,2.47,球L,320,0.877,0.2776,0.746,0.056,0.14,0.683,object#316,389.6407,1,1,,,,2,"[{""name"": ""球L"", ""m"": 108.16504, ""q"": 0.2776, ""c"": 0.3721, ""capture"": 0.746, ""share"": 0.877, ""miss_deg"": 0.77, ""labels"": [320]}, {""name"": ""香蕉"", ""m"": 15.17638, ""q"": 0.0389, ""c"": 0.9255, ""capture"": 0.042, ""share"": 0.123, ""miss_deg"": 2.52, ""labels"": [323]}]"
2026_08_16/s2,s2,v7,,mass10,108.38,109.25,0.87,2.442,香蕉,323,0.485,0.1836,0.195,2.174,0.891,0.622,object#316,389.6407,0,0,,,,3,"[{""name"": ""香蕉"", ""m"": 71.53522, ""q"": 0.1836, ""c"": 0.9393, ""capture"": 0.195, ""share"": 0.485, ""miss_deg"": 1.81, ""labels"": [323]}, {""name"": ""球L"", ""m"": 63.72985, ""q"": 0.1636, ""c"": 0.3855, ""capture"": 0.424, ""share"": 0.432, ""miss_deg"": 1.31, ""labels"": [320]}, {""name"": ""苹果"", ""m"": 12.17573, ""q"": 0.0312, ""c"": 0.405, ""capture"": 0.077, ""share"": 0.083, ""miss_deg"": 2.26, ""labels"": [300]}]"
2026_08_16/s2,s2,v7,,mass10,109.57,113.26,3.68,2.47,球L,320,0.656,0.2419,0.65,0.182,0.451,0.631,object#316,389.6407,1,1,14,球L,1,3,"[{""name"": ""球L"", ""m"": 94.25162, ""q"": 0.2419, ""c"": 0.3721, ""capture"": 0.65, ""share"": 0.656, ""miss_deg"": 0.93, ""labels"": [320]}, {""name"": ""香蕉"", ""m"": 42.556, ""q"": 0.1092, ""c"": 0.9255, ""capture"": 0.118, ""share"": 0.296, ""miss_deg"": 2.07, ""labels"": [323]}, {""name"": ""苹果"", ""m"": 6.89283, ""q"": 0.0177, ""c"": 0.3986, ""capture"": 0.044, ""share"": 0.048, ""miss_deg"": 2.5, ""labels"": [300]}]"
2026_08_16/s2,s2,v7,,mass10,113.31,113.74,0.43,2.463,香蕉,323,0.968,0.1641,0.177,0.056,0.025,0.831,object#17,389.6407,0,0,14,球L,0,3,"[{""name"": ""香蕉"", ""m"": 63.94649, ""q"": 0.1641, ""c"": 0.9271, ""capture"": 0.177, ""share"": 0.968, ""miss_deg"": 1.86, ""labels"": [323]}, {""name"": ""苹果"", ""m"": 1.58611, ""q"": 0.0041, ""c"": 0.3986, ""capture"": 0.01, ""share"": 0.024, ""miss_deg"": 3.03, ""labels"": [300]}, {""name"": ""球M"", ""m"": 0.50293, ""q"": 0.0013, ""c"": 0.3441, ""capture"": 0.004, ""share"": 0.008, ""miss_deg"": 3.34, ""labels"": [321]}]"
2026_08_16/s2,s2,v7,,mass10,113.8,114.67,0.87,2.475,球L,320,0.823,0.2722,0.732,0.083,0.205,0.669,object#316,389.6407,1,1,14,球L,1,3,"[{""name"": ""球L"", ""m"": 106.05408, ""q"": 0.2722, ""c"": 0.3721, ""capture"": 0.732, ""share"": 0.823, ""miss_deg"": 0.79, ""labels"": [320]}, {""name"": ""香蕉"", ""m"": 21.82312, ""q"": 0.056, ""c"": 0.9255, ""capture"": 0.061, ""share"": 0.169, ""miss_deg"": 2.37, ""labels"": [323]}, {""name"": ""苹果"", ""m"": 0.9533, ""q"": 0.0024, ""c"": 0.3986, ""capture"": 0.006, ""share"": 0.007, ""miss_deg"": 3.19, ""labels"": [300]}]"
2026_08_16/s2,s2,v7,,mass10,115.19,117.2,2.0,2.476,球L,320,0.95,0.2929,0.787,0.017,0.041,0.691,object#316,389.6407,1,1,,,,3,"[{""name"": ""球L"", ""m"": 114.13898, ""q"": 0.2929, ""c"": 0.3721, ""capture"": 0.787, ""share"": 0.95, ""miss_deg"": 0.69, ""labels"": [320]}, {""name"": ""香蕉"", ""m"": 4.6407, ""q"": 0.0119, ""c"": 0.9255, ""capture"": 0.013, ""share"": 0.039, ""miss_deg"": 2.95, ""labels"": [323]}, {""name"": ""苹果"", ""m"": 1.42649, ""q"": 0.0037, ""c"": 0.3986, ""capture"": 0.009, ""share"": 0.012, ""miss_deg"": 3.06, ""labels"": [300]}]"
2026_08_16/s2,s2,v7,,mass10,117.47,118.72,1.25,2.457,球L,320,0.753,0.2945,0.791,0.096,0.239,0.609,object#316,389.6407,1,1,15,球L,1,3,"[{""name"": ""球L"", ""m"": 114.74089, ""q"": 0.2945, ""c"": 0.3721, ""capture"": 0.791, ""share"": 0.753, ""miss_deg"": 0.68, ""labels"": [320]}, {""name"": ""香蕉"", ""m"": 27.44313, ""q"": 0.0704, ""c"": 0.9302, ""capture"": 0.076, ""share"": 0.18, ""miss_deg"": 2.27, ""labels"": [323]}, {""name"": ""苹果"", ""m"": 10.17134, ""q"": 0.0261, ""c"": 0.3986, ""capture"": 0.065, ""share"": 0.067, ""miss_deg"": 2.33, ""labels"": [300]}]"
2026_08_16/s2,s2,v7,,mass10,118.99,120.29,1.3,2.483,球L,320,0.748,0.2774,0.746,0.125,0.31,0.629,object#316,389.6407,1,1,15,球L,1,3,"[{""name"": ""球L"", ""m"": 108.09082, ""q"": 0.2774, ""c"": 0.3721, ""capture"": 0.746, ""share"": 0.748, ""miss_deg"": 0.77, ""labels"": [320]}, {""name"": ""香蕉"", ""m"": 33.54982, ""q"": 0.0861, ""c"": 0.9255, ""capture"": 0.093, ""share"": 0.232, ""miss_deg"": 2.18, ""labels"": [323]}, {""name"": ""苹果"", ""m"": 2.86421, ""q"": 0.0074, ""c"": 0.3986, ""capture"": 0.018, ""share"": 0.02, ""miss_deg"": 2.83, ""labels"": [300]}]"
2026_08_16/s2,s2,v7,,mass10,120.39,120.88,0.49,2.366,球M,321,0.791,0.0414,0.111,0.099,0.264,0.948,object#10,389.6407,0,0,15,球L,0,2,"[{""name"": ""球M"", ""m"": 16.12515, ""q"": 0.0414, ""c"": 0.3721, ""capture"": 0.111, ""share"": 0.791, ""miss_deg"": 2.1, ""labels"": [321]}, {""name"": ""香蕉"", ""m"": 4.26145, ""q"": 0.0109, ""c"": 0.9562, ""capture"": 0.011, ""share"": 0.209, ""miss_deg"": 2.99, ""labels"": [323]}]"
2026_08_16/s2,s2,v7,,mass10,122.54,122.92,0.38,2.943,,-1,0.0,0.0,,,,1.0,floor,389.6407,0,0,,,,0,[]
2026_08_16/s2,s2,v7,,mass10,123.48,123.75,0.27,2.473,,-1,0.0,0.0,,,,1.0,object#32,389.6407,0,0,,,,0,[]
2026_08_16/s2,s2,v7,,mass10,124.34,124.62,0.27,1.785,,-1,0.0,0.0,,,,1.0,object#111,389.6407,0,0,,,,0,[]
2026_08_16/s2,s2,v7,,mass10,125.22,125.49,0.27,1.516,,-1,0.0,0.0,,,,1.0,object#23,389.6407,0,0,,,,0,[]
2026_08_16/s3,s3,v7,,mass10,1.77,2.04,0.27,0.687,,-1,0.0,0.0,,,,1.0,object#20,389.6407,0,0,,,,0,[]
2026_08_16/s3,s3,v7,,mass10,2.37,2.75,0.38,0.837,,-1,0.0,0.0,,,,1.0,object#20,389.6407,0,0,,,,0,[]
2026_08_16/s3,s3,v7,,mass10,2.97,3.62,0.65,1.127,,-1,0.0,0.0,,,,1.0,object#20,389.6407,0,0,,,,0,[]
2026_08_16/s3,s3,v7,,mass10,4.36,4.74,0.38,1.794,,-1,0.0,0.0,,,,1.0,object#32,389.6407,0,0,,,,0,[]
2026_08_16/s3,s3,v7,,mass10,11.27,12.57,1.3,4.017,,-1,0.0,0.0,,,,1.0,object#187,389.6407,0,0,,,,0,[]
2026_08_16/s3,s3,v7,,mass10,12.63,14.74,2.11,4.068,,-1,0.0,0.0,,,,1.0,object#187,389.6407,0,0,,,,0,[]
2026_08_16/s3,s3,v7,,mass10,15.9,16.23,0.32,4.333,球M,321,1.0,0.0828,0.697,0.0,0.0,0.917,object#250,389.6407,1,1,,,,1,"[{""name"": ""球M"", ""m"": 32.25159, ""q"": 0.0828, ""c"": 0.1188, ""capture"": 0.697, ""share"": 1.0, ""miss_deg"": 0.85, ""labels"": [321]}]"
2026_08_16/s3,s3,v7,,mass10,17.31,18.39,1.08,3.243,球M,321,0.999,0.3102,1.392,0.0,0.001,0.69,object#317,389.6407,1,1,,,,2,"[{""name"": ""球M"", ""m"": 120.85883, ""q"": 0.3102, ""c"": 0.2228, ""capture"": 1.392, ""share"": 0.999, ""miss_deg"": 0.0, ""labels"": [321]}, {""name"": ""香蕉"", ""m"": 0.11802, ""q"": 0.0003, ""c"": 0.7341, ""capture"": 0.0, ""share"": 0.001, ""miss_deg"": 3.95, ""labels"": [323]}]"
2026_08_16/s3,s3,v7,,mass10,20.07,20.67,0.6,3.372,球M,321,1.0,0.0019,0.009,0.0,0.0,0.998,object#179,389.6407,0,0,1,球M,1,1,"[{""name"": ""球M"", ""m"": 0.75434, ""q"": 0.0019, ""c"": 0.2062, ""capture"": 0.009, ""share"": 1.0, ""miss_deg"": 3.06, ""labels"": [321]}]"
2026_08_16/s3,s3,v7,,mass10,20.72,21.54,0.81,3.404,球M,321,1.0,0.0016,0.008,0.0,0.0,0.998,object#179,389.6407,0,0,1,球M,1,1,"[{""name"": ""球M"", ""m"": 0.61431, ""q"": 0.0016, ""c"": 0.2062, ""capture"": 0.008, ""share"": 1.0, ""miss_deg"": 3.12, ""labels"": [321]}]"
2026_08_16/s3,s3,v7,,mass10,21.59,22.4,0.81,3.504,球M,321,1.0,0.0237,0.125,0.0,0.0,0.976,object#179,389.6407,0,0,1,球M,1,1,"[{""name"": ""球M"", ""m"": 9.22655, ""q"": 0.0237, ""c"": 0.1892, ""capture"": 0.125, ""share"": 1.0, ""miss_deg"": 2.04, ""labels"": [321]}]"
2026_08_16/s3,s3,v7,,mass10,23.43,23.76,0.32,3.509,球M,321,1.0,0.0284,0.15,0.0,0.0,0.972,object#179,389.6407,0,0,1,球M,1,1,"[{""name"": ""球M"", ""m"": 11.07459, ""q"": 0.0284, ""c"": 0.1892, ""capture"": 0.15, ""share"": 1.0, ""miss_deg"": 1.95, ""labels"": [321]}]"
2026_08_16/s3,s3,v7,,mass10,24.26,27.79,3.52,3.351,球L,320,0.909,0.0328,0.147,0.034,0.1,0.964,object#10,389.6407,0,0,2,球L,1,2,"[{""name"": ""球L"", ""m"": 12.76099, ""q"": 0.0328, ""c"": 0.2228, ""capture"": 0.147, ""share"": 0.909, ""miss_deg"": 1.96, ""labels"": [320]}, {""name"": ""香蕉"", ""m"": 1.27438, ""q"": 0.0033, ""c"": 0.7025, ""capture"": 0.005, ""share"": 0.091, ""miss_deg"": 3.28, ""labels"": [323]}]"
2026_08_16/s3,s3,v7,,mass10,28.06,30.23,2.17,3.341,球L,320,1.0,0.0114,0.051,0.0,0.0,0.989,object#10,389.6407,0,0,2,球L,1,1,"[{""name"": ""球L"", ""m"": 4.436, ""q"": 0.0114, ""c"": 0.2228, ""capture"": 0.051, ""share"": 1.0, ""miss_deg"": 2.44, ""labels"": [320]}]"
2026_08_16/s3,s3,v7,,mass10,31.27,31.54,0.27,3.348,球L,320,0.821,0.0264,0.119,0.067,0.218,0.968,object#316,389.6407,0,0,,,,2,"[{""name"": ""球L"", ""m"": 10.3015, ""q"": 0.0264, ""c"": 0.2228, ""capture"": 0.119, ""share"": 0.821, ""miss_deg"": 2.06, ""labels"": [320]}, {""name"": ""香蕉"", ""m"": 2.24206, ""q"": 0.0058, ""c"": 0.7025, ""capture"": 0.008, ""share"": 0.179, ""miss_deg"": 3.1, ""labels"": [323]}]"
2026_08_16/s3,s3,v7,,mass10,31.6,33.11,1.52,3.352,球L,320,0.981,0.0394,0.177,0.006,0.019,0.96,object#10,389.6407,0,0,,,,2,"[{""name"": ""球L"", ""m"": 15.35239, ""q"": 0.0394, ""c"": 0.2228, ""capture"": 0.177, ""share"": 0.981, ""miss_deg"": 1.86, ""labels"": [320]}, {""name"": ""香蕉"", ""m"": 0.29729, ""q"": 0.0008, ""c"": 0.7025, ""capture"": 0.001, ""share"": 0.019, ""miss_deg"": 3.69, ""labels"": [323]}]"
2026_08_16/s3,s3,v7,,mass10,33.17,37.18,4.01,3.345,球L,320,1.0,0.0424,0.19,0.0,0.0,0.958,object#10,389.6407,0,0,3,球L,1,1,"[{""name"": ""球L"", ""m"": 16.50724, ""q"": 0.0424, ""c"": 0.2228, ""capture"": 0.19, ""share"": 1.0, ""miss_deg"": 1.82, ""labels"": [320]}]"
2026_08_16/s3,s3,v7,,mass10,37.23,37.77,0.54,3.345,球L,320,1.0,0.001,0.005,0.0,0.0,0.999,object#10,389.6407,0,0,3,球L,1,1,"[{""name"": ""球L"", ""m"": 0.40786, ""q"": 0.001, ""c"": 0.2228, ""capture"": 0.005, ""share"": 1.0, ""miss_deg"": 3.27, ""labels"": [320]}]"
2026_08_16/s3,s3,v7,,mass10,38.15,38.58,0.43,3.638,球M,321,1.0,0.0149,0.091,0.0,0.0,0.985,object#46,389.6407,0,0,,,,1,"[{""name"": ""球M"", ""m"": 5.80024, ""q"": 0.0149, ""c"": 0.1636, ""capture"": 0.091, ""share"": 1.0, ""miss_deg"": 2.19, ""labels"": [321]}]"
2026_08_16/s3,s3,v7,,mass10,40.31,40.64,0.32,3.369,球M,321,0.99,0.1906,0.924,0.003,0.01,0.808,object#317,389.6407,1,1,4,球M,1,2,"[{""name"": ""球M"", ""m"": 74.24904, ""q"": 0.1906, ""c"": 0.2062, ""capture"": 0.924, ""share"": 0.99, ""miss_deg"": 0.4, ""labels"": [321]}, {""name"": ""香蕉"", ""m"": 0.75064, ""q"": 0.0019, ""c"": 0.7025, ""capture"": 0.003, ""share"": 0.01, ""miss_deg"": 3.43, ""labels"": [323]}]"
2026_08_16/s3,s3,v7,,mass10,42.48,43.56,1.08,3.376,球M,321,1.0,0.242,1.174,0.0,0.0,0.758,object#317,389.6407,1,1,4,球M,1,1,"[{""name"": ""球M"", ""m"": 94.30931, ""q"": 0.242, ""c"": 0.2062, ""capture"": 1.174, ""share"": 1.0, ""miss_deg"": 0.0, ""labels"": [321]}]"
2026_08_16/s3,s3,v7,,mass10,43.72,43.99,0.27,4.436,球M,321,1.0,0.1219,1.111,0.0,0.0,0.878,object#250,389.6407,1,1,4,球M,1,1,"[{""name"": ""球M"", ""m"": 47.4796, ""q"": 0.1219, ""c"": 0.1097, ""capture"": 1.111, ""share"": 1.0, ""miss_deg"": 0.0, ""labels"": [321]}]"
2026_08_16/s3,s3,v7,,mass10,44.1,44.59,0.49,4.489,球M,321,1.0,0.1272,1.16,0.0,0.0,0.873,object#250,389.6407,1,1,4,球M,1,1,"[{""name"": ""球M"", ""m"": 49.57088, ""q"": 0.1272, ""c"": 0.1097, ""capture"": 1.16, ""share"": 1.0, ""miss_deg"": 0.0, ""labels"": [321]}]"
2026_08_16/s3,s3,v7,,mass10,45.15,51.49,6.34,3.399,球R,322,1.0,0.0344,0.21,0.0,0.0,0.966,object#318,389.6407,1,1,5,球R,1,1,"[{""name"": ""球R"", ""m"": 13.4171, ""q"": 0.0344, ""c"": 0.1636, ""capture"": 0.21, ""share"": 1.0, ""miss_deg"": 1.77, ""labels"": [322]}]"
2026_08_16/s3,s3,v7,,mass10,52.01,58.46,6.45,3.387,球R,322,1.0,0.0414,0.253,0.0,0.0,0.959,object#318,389.6407,1,1,6,球R,1,1,"[{""name"": ""球R"", ""m"": 16.14025, ""q"": 0.0414, ""c"": 0.1636, ""capture"": 0.253, ""share"": 1.0, ""miss_deg"": 1.66, ""labels"": [322]}]"
2026_08_16/s3,s3,v7,,mass10,59.13,62.0,2.87,3.336,球L,320,0.87,0.0752,0.337,0.047,0.149,0.914,object#316,389.6407,1,1,,,,2,"[{""name"": ""球L"", ""m"": 29.29712, ""q"": 0.0752, ""c"": 0.2228, ""capture"": 0.337, ""share"": 0.87, ""miss_deg"": 1.47, ""labels"": [320]}, {""name"": ""香蕉"", ""m"": 4.37335, ""q"": 0.0112, ""c"": 0.7025, ""capture"": 0.016, ""share"": 0.13, ""miss_deg"": 2.88, ""labels"": [323]}]"
2026_08_16/s3,s3,v7,,mass10,62.28,63.63,1.35,3.35,球L,320,0.866,0.0433,0.195,0.051,0.155,0.95,object#316,389.6407,0,0,7,球L,1,2,"[{""name"": ""球L"", ""m"": 16.88856, ""q"": 0.0433, ""c"": 0.2228, ""capture"": 0.195, ""share"": 0.866, ""miss_deg"": 1.81, ""labels"": [320]}, {""name"": ""香蕉"", ""m"": 2.62023, ""q"": 0.0067, ""c"": 0.7025, ""capture"": 0.01, ""share"": 0.134, ""miss_deg"": 3.05, ""labels"": [323]}]"
2026_08_16/s3,s3,v7,,mass10,63.68,64.01,0.32,3.343,香蕉,323,0.756,0.0676,0.096,0.865,0.253,0.91,object#10,389.6407,0,0,7,球L,0,4,"[{""name"": ""香蕉"", ""m"": 26.35234, ""q"": 0.0676, ""c"": 0.7025, ""capture"": 0.096, ""share"": 0.756, ""miss_deg"": 2.16, ""labels"": [323]}, {""name"": ""球M"", ""m"": 6.67837, ""q"": 0.0171, ""c"": 0.2062, ""capture"": 0.083, ""share"": 0.191, ""miss_deg"": 2.23, ""labels"": [321]}, {""name"": ""球L"", ""m"": 1.52775, ""q"": 0.0039, ""c"": 0.2228, ""capture"": 0.018, ""share"": 0.044, ""miss_deg"": 2.84, ""labels"": [320]}, {""name"": ""苹果"", ""m"": 0.32176, ""q"": 0.0008, ""c"": 0.2469, ""capture"": 0.003, ""share"": 0.009, ""miss_deg"": 3.38, ""labels"": [300]}]"
2026_08_16/s3,s3,v7,,mass10,64.06,64.6,0.54,3.343,球L,320,0.825,0.1121,0.503,0.056,0.178,0.864,object#316,389.6407,1,1,7,球L,1,3,"[{""name"": ""球L"", ""m"": 43.6792, ""q"": 0.1121, ""c"": 0.2228, ""capture"": 0.503, ""share"": 0.825, ""miss_deg"": 1.17, ""labels"": [320]}, {""name"": ""香蕉"", ""m"": 7.77274, ""q"": 0.0199, ""c"": 0.7025, ""capture"": 0.028, ""share"": 0.147, ""miss_deg"": 2.67, ""labels"": [323]}, {""name"": ""苹果"", ""m"": 1.48692, ""q"": 0.0038, ""c"": 0.2469, ""capture"": 0.015, ""share"": 0.028, ""miss_deg"": 2.89, ""labels"": [300]}]"
2026_08_16/s3,s3,v7,,mass10,64.82,65.47,0.65,3.337,球L,320,0.85,0.1166,0.523,0.038,0.12,0.863,object#316,389.6407,1,1,7,球L,1,3,"[{""name"": ""球L"", ""m"": 45.42519, ""q"": 0.1166, ""c"": 0.2228, ""capture"": 0.523, ""share"": 0.85, ""miss_deg"": 1.14, ""labels"": [320]}, {""name"": ""香蕉"", ""m"": 5.44705, ""q"": 0.014, ""c"": 0.7025, ""capture"": 0.02, ""share"": 0.102, ""miss_deg"": 2.8, ""labels"": [323]}, {""name"": ""苹果"", ""m"": 2.57845, ""q"": 0.0066, ""c"": 0.2469, ""capture"": 0.027, ""share"": 0.048, ""miss_deg"": 2.69, ""labels"": [300]}]"
2026_08_16/s3,s3,v7,,mass10,65.68,66.06,0.38,3.36,球L,320,0.916,0.058,0.26,0.031,0.092,0.937,object#316,389.6407,1,1,,,,2,"[{""name"": ""球L"", ""m"": 22.60403, ""q"": 0.058, ""c"": 0.2228, ""capture"": 0.26, ""share"": 0.916, ""miss_deg"": 1.64, ""labels"": [320]}, {""name"": ""香蕉"", ""m"": 2.07569, ""q"": 0.0053, ""c"": 0.7025, ""capture"": 0.008, ""share"": 0.084, ""miss_deg"": 3.12, ""labels"": [323]}]"
2026_08_16/s3,s3,v7,,mass10,66.29,72.25,5.96,3.345,球L,320,1.0,0.0473,0.212,0.0,0.0,0.953,object#10,389.6407,1,1,8,球L,1,1,"[{""name"": ""球L"", ""m"": 18.43276, ""q"": 0.0473, ""c"": 0.2228, ""capture"": 0.212, ""share"": 1.0, ""miss_deg"": 1.76, ""labels"": [320]}]"
2026_08_16/s3,s3,v7,,mass10,72.59,76.22,3.63,3.395,球M,321,0.99,0.3133,1.519,0.003,0.01,0.684,object#317,389.6407,1,1,9,球M,1,2,"[{""name"": ""球M"", ""m"": 122.05944, ""q"": 0.3133, ""c"": 0.2062, ""capture"": 1.519, ""share"": 0.99, ""miss_deg"": 0.0, ""labels"": [321]}, {""name"": ""香蕉"", ""m"": 1.18813, ""q"": 0.003, ""c"": 0.6874, ""capture"": 0.004, ""share"": 0.01, ""miss_deg"": 3.29, ""labels"": [323]}]"
2026_08_16/s3,s3,v7,,mass10,76.27,78.55,2.27,3.402,球M,321,1.0,0.2962,1.437,0.0,0.0,0.704,object#317,389.6407,1,1,9,球M,1,1,"[{""name"": ""球M"", ""m"": 115.42872, ""q"": 0.2962, ""c"": 0.2062, ""capture"": 1.437, ""share"": 1.0, ""miss_deg"": 0.0, ""labels"": [321]}]"
2026_08_16/s3,s3,v7,,mass10,78.77,79.25,0.49,3.404,球M,321,1.0,0.2651,1.286,0.0,0.0,0.735,object#317,389.6407,1,1,9,球M,1,2,"[{""name"": ""球M"", ""m"": 103.28681, ""q"": 0.2651, ""c"": 0.2062, ""capture"": 1.286, ""share"": 1.0, ""miss_deg"": 0.0, ""labels"": [321]}, {""name"": ""香蕉"", ""m"": 0.02331, ""q"": 0.0001, ""c"": 0.6874, ""capture"": 0.0, ""share"": 0.0, ""miss_deg"": 4.32, ""labels"": [323]}]"
2026_08_16/s3,s3,v7,,mass10,79.6,82.91,3.3,3.375,球R,322,0.898,0.088,0.538,0.084,0.114,0.902,object#318,389.6407,1,1,,,,2,"[{""name"": ""球R"", ""m"": 34.2986, ""q"": 0.088, ""c"": 0.1636, ""capture"": 0.538, ""share"": 0.898, ""miss_deg"": 1.11, ""labels"": [322]}, {""name"": ""石榴"", ""m"": 3.9138, ""q"": 0.01, ""c"": 0.2228, ""capture"": 0.045, ""share"": 0.102, ""miss_deg"": 2.49, ""labels"": [78]}]"
2026_08_16/s3,s3,v7,,mass10,82.96,83.94,0.97,3.404,球M,321,1.0,0.0509,0.247,0.0,0.0,0.949,object#10,389.6407,1,1,10,球R,0,1,"[{""name"": ""球M"", ""m"": 19.84726, ""q"": 0.0509, ""c"": 0.2062, ""capture"": 0.247, ""share"": 1.0, ""miss_deg"": 1.67, ""labels"": [321]}]"
2026_08_16/s3,s3,v7,,mass10,83.99,84.91,0.92,3.398,球R,322,0.772,0.1213,0.741,0.217,0.295,0.843,object#318,389.6407,1,1,10,球R,1,2,"[{""name"": ""球R"", ""m"": 47.26649, ""q"": 0.1213, ""c"": 0.1636, ""capture"": 0.741, ""share"": 0.772, ""miss_deg"": 0.77, ""labels"": [322]}, {""name"": ""石榴"", ""m"": 13.93843, ""q"": 0.0358, ""c"": 0.2228, ""capture"": 0.161, ""share"": 0.228, ""miss_deg"": 1.91, ""labels"": [78]}]"
2026_08_16/s3,s3,v7,,mass10,85.52,86.0,0.49,3.326,香蕉,323,0.677,0.1529,0.218,0.95,0.301,0.774,object#316,389.6407,1,1,10,球R,0,3,"[{""name"": ""香蕉"", ""m"": 59.58186, ""q"": 0.1529, ""c"": 0.7025, ""capture"": 0.218, ""share"": 0.677, ""miss_deg"": 1.75, ""labels"": [323]}, {""name"": ""球L"", ""m"": 17.94544, ""q"": 0.0461, ""c"": 0.2228, ""capture"": 0.207, ""share"": 0.204, ""miss_deg"": 1.78, ""labels"": [320]}, {""name"": ""苹果"", ""m"": 10.43034, ""q"": 0.0268, ""c"": 0.2469, ""capture"": 0.108, ""share"": 0.119, ""miss_deg"": 2.11, ""labels"": [300]}]"
2026_08_16/s3,s3,v7,,mass10,86.06,86.65,0.6,3.398,球M,321,0.923,0.2316,1.123,0.025,0.083,0.749,object#17,389.6407,1,1,,,,2,"[{""name"": ""球M"", ""m"": 90.22426, ""q"": 0.2316, ""c"": 0.2062, ""capture"": 1.123, ""share"": 0.923, ""miss_deg"": 0.0, ""labels"": [321]}, {""name"": ""香蕉"", ""m"": 7.52143, ""q"": 0.0193, ""c"": 0.6874, ""capture"": 0.028, ""share"": 0.077, ""miss_deg"": 2.67, ""labels"": [323]}]"
2026_08_16/s3,s3,v7,,mass10,86.71,88.06,1.35,3.356,球L,320,0.767,0.1235,0.554,0.074,0.231,0.839,object#316,389.6407,1,1,,,,3,"[{""name"": ""球L"", ""m"": 48.10121, ""q"": 0.1235, ""c"": 0.2228, ""capture"": 0.554, ""share"": 0.767, ""miss_deg"": 1.09, ""labels"": [320]}, {""name"": ""香蕉"", ""m"": 11.10576, ""q"": 0.0285, ""c"": 0.7025, ""capture"": 0.041, ""share"": 0.177, ""miss_deg"": 2.53, ""labels"": [323]}, {""name"": ""苹果"", ""m"": 3.49394, ""q"": 0.009, ""c"": 0.2469, ""capture"": 0.036, ""share"": 0.056, ""miss_deg"": 2.58, ""labels"": [300]}]"
2026_08_16/s3,s3,v7,,mass10,88.12,91.85,3.74,3.359,球L,320,0.809,0.0868,0.39,0.074,0.236,0.893,object#316,389.6407,1,1,11,球L,1,2,"[{""name"": ""球L"", ""m"": 33.83872, ""q"": 0.0868, ""c"": 0.2228, ""capture"": 0.39, ""share"": 0.809, ""miss_deg"": 1.37, ""labels"": [320]}, {""name"": ""香蕉"", ""m"": 7.97795, ""q"": 0.0205, ""c"": 0.7025, ""capture"": 0.029, ""share"": 0.191, ""miss_deg"": 2.66, ""labels"": [323]}]"
2026_08_16/s3,s3,v7,,mass10,92.12,93.42,1.3,3.341,球L,320,0.808,0.0502,0.225,0.076,0.238,0.938,object#316,389.6407,1,1,11,球L,1,2,"[{""name"": ""球L"", ""m"": 19.56671, ""q"": 0.0502, ""c"": 0.2228, ""capture"": 0.225, ""share"": 0.808, ""miss_deg"": 1.73, ""labels"": [320]}, {""name"": ""香蕉"", ""m"": 4.64035, ""q"": 0.0119, ""c"": 0.7025, ""capture"": 0.017, ""share"": 0.192, ""miss_deg"": 2.86, ""labels"": [323]}]"
2026_08_16/s3,s3,v7,,mass10,94.37,96.1,1.73,3.392,球M,321,0.994,0.2728,1.323,0.002,0.006,0.725,object#317,389.6407,1,1,,,,2,"[{""name"": ""球M"", ""m"": 106.28794, ""q"": 0.2728, ""c"": 0.2062, ""capture"": 1.323, ""share"": 0.994, ""miss_deg"": 0.0, ""labels"": [321]}, {""name"": ""香蕉"", ""m"": 0.68823, ""q"": 0.0018, ""c"": 0.6874, ""capture"": 0.003, ""share"": 0.006, ""miss_deg"": 3.45, ""labels"": [323]}]"
2026_08_16/s3,s3,v7,,mass10,96.37,97.24,0.87,4.456,球M,321,1.0,0.1131,1.031,0.0,0.0,0.887,object#250,389.6407,1,1,12,球M,1,1,"[{""name"": ""球M"", ""m"": 44.06255, ""q"": 0.1131, ""c"": 0.1097, ""capture"": 1.031, ""share"": 1.0, ""miss_deg"": 0.0, ""labels"": [321]}]"
2026_08_16/s3,s3,v7,,mass10,97.72,98.81,1.08,3.535,球M,321,1.0,0.0465,0.246,0.0,0.0,0.953,object#179,389.6407,1,1,12,球M,1,1,"[{""name"": ""球M"", ""m"": 18.13052, ""q"": 0.0465, ""c"": 0.1892, ""capture"": 0.246, ""share"": 1.0, ""miss_deg"": 1.68, ""labels"": [321]}]"
2026_08_16/s3,s3,v7,,mass10,100.9,106.7,5.8,3.386,球R,322,1.0,0.0221,0.135,0.0,0.0,0.978,object#318,389.6407,0,0,13,球R,1,1,"[{""name"": ""球R"", ""m"": 8.61309, ""q"": 0.0221, ""c"": 0.1636, ""capture"": 0.135, ""share"": 1.0, ""miss_deg"": 2.0, ""labels"": [322]}]"
2026_08_16/s3,s3,v7,,mass10,106.75,107.29,0.54,3.375,球R,322,1.0,0.0026,0.016,0.0,0.0,0.997,object#305,389.6407,0,0,13,球R,1,1,"[{""name"": ""球R"", ""m"": 1.01081, ""q"": 0.0026, ""c"": 0.1636, ""capture"": 0.016, ""share"": 1.0, ""miss_deg"": 2.88, ""labels"": [322]}]"
2026_08_16/s3,s3,v7,,mass10,108.35,108.9,0.54,3.379,球M,321,0.974,0.1404,0.681,0.007,0.027,0.856,object#10,389.6407,1,1,,,,2,"[{""name"": ""球M"", ""m"": 54.72231, ""q"": 0.1404, ""c"": 0.2062, ""capture"": 0.681, ""share"": 0.974, ""miss_deg"": 0.88, ""labels"": [321]}, {""name"": ""香蕉"", ""m"": 1.47332, ""q"": 0.0038, ""c"": 0.695, ""capture"": 0.005, ""share"": 0.026, ""miss_deg"": 3.23, ""labels"": [323]}]"
2026_08_16/s3,s3,v7,,mass10,109.92,110.63,0.7,3.5,球M,321,1.0,0.0578,0.306,0.0,0.0,0.942,object#179,389.6407,1,1,14,球M,1,1,"[{""name"": ""球M"", ""m"": 22.5327, ""q"": 0.0578, ""c"": 0.1892, ""capture"": 0.306, ""share"": 1.0, ""miss_deg"": 1.54, ""labels"": [321]}]"
2026_08_16/s3,s3,v7,,mass10,113.44,113.77,0.32,3.349,球L,320,0.657,0.036,0.162,0.167,0.522,0.945,object#316,389.6407,0,0,14,球M,0,2,"[{""name"": ""球L"", ""m"": 14.0286, ""q"": 0.036, ""c"": 0.2228, ""capture"": 0.162, ""share"": 0.657, ""miss_deg"": 1.91, ""labels"": [320]}, {""name"": ""香蕉"", ""m"": 7.31024, ""q"": 0.0188, ""c"": 0.7025, ""capture"": 0.027, ""share"": 0.343, ""miss_deg"": 2.69, ""labels"": [323]}]"
2026_08_16/s3,s3,v7,,mass10,114.04,115.07,1.03,3.388,球M,321,1.0,0.2725,1.321,0.0,0.0,0.728,object#317,389.6407,1,1,14,球M,1,1,"[{""name"": ""球M"", ""m"": 106.16163, ""q"": 0.2725, ""c"": 0.2062, ""capture"": 1.321, ""share"": 1.0, ""miss_deg"": 0.0, ""labels"": [321]}]"
2026_08_16/s3,s3,v7,,mass10,115.32,122.42,7.1,3.378,球R,322,0.938,0.0846,0.517,0.048,0.066,0.91,object#318,389.6407,1,1,15,球R,1,2,"[{""name"": ""球R"", ""m"": 32.96093, ""q"": 0.0846, ""c"": 0.1636, ""capture"": 0.517, ""share"": 0.938, ""miss_deg"": 1.15, ""labels"": [322]}, {""name"": ""石榴"", ""m"": 2.16883, ""q"": 0.0056, ""c"": 0.2228, ""capture"": 0.025, ""share"": 0.062, ""miss_deg"": 2.72, ""labels"": [78]}]"
2026_08_16/s3,s3,v7,,mass10,123.2,123.52,0.32,4.0,,-1,0.0,0.0,,,,1.0,object#187,389.6407,0,0,,,,0,[]
2026_08_16/s3,s3,v7,,mass10,123.58,123.85,0.27,3.808,,-1,0.0,0.0,,,,1.0,object#187,389.6407,0,0,,,,0,[]
2026_08_16/s3,s3,v7,,mass10,125.95,126.27,0.32,2.201,,-1,0.0,0.0,,,,1.0,object#59,389.6407,0,0,,,,0,[]
2026_08_16/s3,s3,v7,,mass10,126.38,126.76,0.38,2.119,,-1,0.0,0.0,,,,1.0,object#25,389.6407,0,0,,,,0,[]
2026_08_16/s4,s4,v8,,mass10,13.61,14.42,0.81,4.797,,-1,0.0,0.0,,,,1.0,object#11,389.6407,0,0,,,,0,[]
2026_08_16/s4,s4,v8,,mass10,15.45,16.1,0.65,3.851,,-1,0.0,0.0,,,,1.0,object#17,389.6407,0,0,,,,0,[]
2026_08_16/s4,s4,v8,,mass10,18.11,19.63,1.52,3.81,球L,191,1.0,0.0112,0.054,0.0,0.0,0.989,object#36,389.6407,0,0,1,球L,1,1,"[{""name"": ""球L"", ""m"": 4.36929, ""q"": 0.0112, ""c"": 0.2062, ""capture"": 0.054, ""share"": 1.0, ""miss_deg"": 2.41, ""labels"": [191]}]"
2026_08_16/s4,s4,v8,,mass10,19.91,22.57,2.65,3.805,球L,191,1.0,0.0146,0.071,0.0,0.0,0.985,object#36,389.6407,0,0,1,球L,1,1,"[{""name"": ""球L"", ""m"": 5.67909, ""q"": 0.0146, ""c"": 0.2062, ""capture"": 0.071, ""share"": 1.0, ""miss_deg"": 2.3, ""labels"": [191]}]"
2026_08_16/s4,s4,v8,,mass10,22.62,24.68,2.06,3.852,,-1,0.0,0.0,,,,1.0,object#90,389.6407,0,0,2,球L,,0,[]
2026_08_16/s4,s4,v8,,mass10,24.84,28.91,4.06,3.802,球L,191,1.0,0.0128,0.062,0.0,0.0,0.987,object#36,389.6407,0,0,2,球L,1,1,"[{""name"": ""球L"", ""m"": 5.00559, ""q"": 0.0128, ""c"": 0.2062, ""capture"": 0.062, ""share"": 1.0, ""miss_deg"": 2.36, ""labels"": [191]}]"
2026_08_16/s4,s4,v8,,mass10,29.15,29.7,0.54,3.88,球L,191,1.0,0.0172,0.083,0.0,0.0,0.983,object#36,389.6407,0,0,,,,1,"[{""name"": ""球L"", ""m"": 6.68858, ""q"": 0.0172, ""c"": 0.2062, ""capture"": 0.083, ""share"": 1.0, ""miss_deg"": 2.23, ""labels"": [191]}]"
2026_08_16/s4,s4,v8,,mass10,29.75,30.35,0.6,3.786,球L,191,0.929,0.1261,0.611,0.026,0.076,0.864,object#36,389.6407,1,1,3,球M,0,2,"[{""name"": ""球L"", ""m"": 49.12635, ""q"": 0.1261, ""c"": 0.2062, ""capture"": 0.611, ""share"": 0.929, ""miss_deg"": 0.99, ""labels"": [191]}, {""name"": ""香蕉"", ""m"": 3.74779, ""q"": 0.0096, ""c"": 0.603, ""capture"": 0.016, ""share"": 0.071, ""miss_deg"": 2.88, ""labels"": [196]}]"
2026_08_16/s4,s4,v8,,mass10,30.62,31.05,0.43,3.792,球L,191,0.992,0.0608,0.295,0.003,0.008,0.939,object#36,389.6407,1,1,3,球M,0,2,"[{""name"": ""球L"", ""m"": 23.7033, ""q"": 0.0608, ""c"": 0.2062, ""capture"": 0.295, ""share"": 0.992, ""miss_deg"": 1.56, ""labels"": [191]}, {""name"": ""香蕉"", ""m"": 0.19887, ""q"": 0.0005, ""c"": 0.603, ""capture"": 0.001, ""share"": 0.008, ""miss_deg"": 3.76, ""labels"": [196]}]"
2026_08_16/s4,s4,v8,,mass10,31.16,31.75,0.6,3.798,球L,191,1.0,0.0165,0.08,0.0,0.0,0.984,object#36,389.6407,0,0,3,球M,0,1,"[{""name"": ""球L"", ""m"": 6.41651, ""q"": 0.0165, ""c"": 0.2062, ""capture"": 0.08, ""share"": 1.0, ""miss_deg"": 2.25, ""labels"": [191]}]"
2026_08_16/s4,s4,v8,,mass10,32.16,32.43,0.27,3.836,,-1,0.0,0.0,,,,1.0,object#27,389.6407,0,0,3,球M,,0,[]
2026_08_16/s4,s4,v8,,mass10,32.6,33.46,0.87,3.819,球M,192,0.998,0.0852,0.413,0.0,0.002,0.915,object#27,389.6407,1,1,3,球M,1,2,"[{""name"": ""球M"", ""m"": 33.21038, ""q"": 0.0852, ""c"": 0.2062, ""capture"": 0.413, ""share"": 0.998, ""miss_deg"": 1.33, ""labels"": [192]}, {""name"": ""香蕉"", ""m"": 0.05258, ""q"": 0.0001, ""c"": 0.5936, ""capture"": 0.0, ""share"": 0.002, ""miss_deg"": 4.1, ""labels"": [196]}]"
2026_08_16/s4,s4,v8,,mass10,34.87,35.2,0.32,3.813,球M,192,1.0,0.0401,0.194,0.0,0.0,0.96,object#27,389.6407,0,0,3,球M,1,1,"[{""name"": ""球M"", ""m"": 15.60891, ""q"": 0.0401, ""c"": 0.2062, ""capture"": 0.194, ""share"": 1.0, ""miss_deg"": 1.81, ""labels"": [192]}]"
2026_08_16/s4,s4,v8,,mass10,36.98,37.69,0.7,4.02,球M,192,1.0,0.0013,0.008,0.0,0.0,0.999,object#27,389.6407,0,0,4,球R,0,1,"[{""name"": ""球M"", ""m"": 0.49034, ""q"": 0.0013, ""c"": 0.1636, ""capture"": 0.008, ""share"": 1.0, ""miss_deg"": 3.12, ""labels"": [192]}]"
2026_08_16/s4,s4,v8,,mass10,37.9,38.55,0.65,4.013,,-1,0.0,0.0,,,,1.0,object#85,389.6407,0,0,4,球R,,0,[]
2026_08_16/s4,s4,v8,,mass10,38.94,39.86,0.92,3.799,,-1,0.0,0.0,,,,1.0,object#17,389.6407,0,0,4,球R,,0,[]
2026_08_16/s4,s4,v8,,mass10,40.15,41.56,1.41,3.889,球R,193,1.0,0.0025,0.015,0.0,0.0,0.997,object#17,389.6407,0,0,4,球R,1,1,"[{""name"": ""球R"", ""m"": 0.98134, ""q"": 0.0025, ""c"": 0.1636, ""capture"": 0.015, ""share"": 1.0, ""miss_deg"": 2.89, ""labels"": [193]}]"
2026_08_16/s4,s4,v8,,mass10,41.61,46.81,5.2,3.815,,-1,0.0,0.0,,,,1.0,object#17,389.6407,0,0,5,球R,,0,[]
2026_08_16/s4,s4,v8,,mass10,47.1,47.47,0.38,3.827,,-1,0.0,0.0,,,,1.0,object#17,389.6407,0,0,5,球R,,0,[]
2026_08_16/s4,s4,v8,,mass10,47.53,48.67,1.14,3.874,球R,193,1.0,0.0003,0.002,0.0,0.0,1.0,object#17,389.6407,0,0,5,球R,1,1,"[{""name"": ""球R"", ""m"": 0.13557, ""q"": 0.0003, ""c"": 0.1636, ""capture"": 0.002, ""share"": 1.0, ""miss_deg"": 3.51, ""labels"": [193]}]"
2026_08_16/s4,s4,v8,,mass10,48.72,49.64,0.92,3.849,,-1,0.0,0.0,,,,1.0,object#17,389.6407,0,0,,,,0,[]
2026_08_16/s4,s4,v8,,mass10,50.89,51.48,0.6,3.924,球R,193,0.985,0.0495,0.303,0.017,0.015,0.95,object#17,389.6407,1,1,6,球M,0,2,"[{""name"": ""球R"", ""m"": 19.29836, ""q"": 0.0495, ""c"": 0.1636, ""capture"": 0.303, ""share"": 0.985, ""miss_deg"": 1.55, ""labels"": [193]}, {""name"": ""石榴"", ""m"": 0.29938, ""q"": 0.0008, ""c"": 0.1459, ""capture"": 0.005, ""share"": 0.015, ""miss_deg"": 3.24, ""labels"": [195]}]"
2026_08_16/s4,s4,v8,,mass10,52.0,52.49,0.49,3.879,球M,192,0.914,0.0541,0.262,0.034,0.094,0.941,object#27,389.6407,1,1,6,球M,1,2,"[{""name"": ""球M"", ""m"": 21.06166, ""q"": 0.0541, ""c"": 0.2062, ""capture"": 0.262, ""share"": 0.914, ""miss_deg"": 1.64, ""labels"": [192]}, {""name"": ""香蕉"", ""m"": 1.97741, ""q"": 0.0051, ""c"": 0.584, ""capture"": 0.009, ""share"": 0.086, ""miss_deg"": 3.08, ""labels"": [196]}]"
2026_08_16/s4,s4,v8,,mass10,53.3,53.57,0.27,3.83,球M,192,0.941,0.0896,0.435,0.021,0.063,0.905,object#17,389.6407,1,1,6,球M,1,2,"[{""name"": ""球M"", ""m"": 34.92502, ""q"": 0.0896, ""c"": 0.2062, ""capture"": 0.435, ""share"": 0.941, ""miss_deg"": 1.29, ""labels"": [192]}, {""name"": ""香蕉"", ""m"": 2.18268, ""q"": 0.0056, ""c"": 0.5936, ""capture"": 0.009, ""share"": 0.059, ""miss_deg"": 3.05, ""labels"": [196]}]"
2026_08_16/s4,s4,v8,,mass10,54.28,54.66,0.38,3.853,球M,192,0.995,0.0732,0.355,0.003,0.005,0.926,object#27,389.6407,1,1,6,球M,1,2,"[{""name"": ""球M"", ""m"": 28.51159, ""q"": 0.0732, ""c"": 0.2062, ""capture"": 0.355, ""share"": 0.995, ""miss_deg"": 1.44, ""labels"": [192]}, {""name"": ""香蕉"", ""m"": 0.13289, ""q"": 0.0003, ""c"": 0.584, ""capture"": 0.001, ""share"": 0.005, ""miss_deg"": 3.86, ""labels"": [196]}]"
2026_08_16/s4,s4,v8,,mass10,55.69,55.96,0.27,3.868,,-1,0.0,0.0,,,,1.0,object#85,389.6407,0,0,6,球M,,0,[]
2026_08_16/s4,s4,v8,,mass10,58.61,58.88,0.27,3.834,球M,192,0.99,0.1342,0.651,0.003,0.01,0.864,object#70,389.6407,1,1,7,球M,1,2,"[{""name"": ""球M"", ""m"": 52.28632, ""q"": 0.1342, ""c"": 0.2062, ""capture"": 0.651, ""share"": 0.99, ""miss_deg"": 0.93, ""labels"": [192]}, {""name"": ""香蕉"", ""m"": 0.537, ""q"": 0.0014, ""c"": 0.5936, ""capture"": 0.002, ""share"": 0.01, ""miss_deg"": 3.48, ""labels"": [196]}]"
2026_08_16/s4,s4,v8,,mass10,60.41,61.06,0.65,3.939,球M,192,1.0,0.143,0.755,0.0,0.0,0.857,object#162,389.6407,1,1,7,球M,1,1,"[{""name"": ""球M"", ""m"": 55.7062, ""q"": 0.143, ""c"": 0.1892, ""capture"": 0.755, ""share"": 1.0, ""miss_deg"": 0.75, ""labels"": [192]}]"
2026_08_16/s4,s4,v8,,mass10,61.6,61.98,0.38,3.862,球M,192,0.999,0.1119,0.543,0.0,0.001,0.888,object#70,389.6407,1,1,7,球M,1,2,"[{""name"": ""球M"", ""m"": 43.60023, ""q"": 0.1119, ""c"": 0.2062, ""capture"": 0.543, ""share"": 0.999, ""miss_deg"": 1.11, ""labels"": [192]}, {""name"": ""香蕉"", ""m"": 0.02331, ""q"": 0.0001, ""c"": 0.584, ""capture"": 0.0, ""share"": 0.001, ""miss_deg"": 4.29, ""labels"": [196]}]"
2026_08_16/s4,s4,v8,,mass10,62.52,62.79,0.27,4.063,球M,192,1.0,0.011,0.067,0.0,0.0,0.989,object#27,389.6407,0,0,7,球M,1,1,"[{""name"": ""球M"", ""m"": 4.28594, ""q"": 0.011, ""c"": 0.1636, ""capture"": 0.067, ""share"": 1.0, ""miss_deg"": 2.32, ""labels"": [192]}]"
2026_08_16/s4,s4,v8,,mass10,65.23,65.5,0.27,3.912,球M,192,0.999,0.0895,0.473,0.0,0.001,0.91,object#27,389.6407,1,1,,,,2,"[{""name"": ""球M"", ""m"": 34.85746, ""q"": 0.0895, ""c"": 0.1892, ""capture"": 0.473, ""share"": 0.999, ""miss_deg"": 1.22, ""labels"": [192]}, {""name"": ""香蕉"", ""m"": 0.02331, ""q"": 0.0001, ""c"": 0.5743, ""capture"": 0.0, ""share"": 0.001, ""miss_deg"": 4.28, ""labels"": [196]}]"
2026_08_16/s4,s4,v8,,mass10,65.97,66.57,0.6,3.843,球R,193,1.0,0.0319,0.195,0.0,0.0,0.968,object#17,389.6407,0,0,,,,1,"[{""name"": ""球R"", ""m"": 12.43489, ""q"": 0.0319, ""c"": 0.1636, ""capture"": 0.195, ""share"": 1.0, ""miss_deg"": 1.81, ""labels"": [193]}]"
2026_08_16/s4,s4,v8,,mass10,66.62,66.89,0.27,3.915,球R,193,0.484,0.0398,0.243,1.095,0.977,0.918,object#10,389.6407,1,0,,,,3,"[{""name"": ""球R"", ""m"": 15.50138, ""q"": 0.0398, ""c"": 0.1636, ""capture"": 0.243, ""share"": 0.484, ""miss_deg"": 1.68, ""labels"": [193]}, {""name"": ""石榴"", ""m"": 15.13818, ""q"": 0.0389, ""c"": 0.1459, ""capture"": 0.266, ""share"": 0.473, ""miss_deg"": 1.63, ""labels"": [195]}, {""name"": ""球M"", ""m"": 1.36444, ""q"": 0.0035, ""c"": 0.1892, ""capture"": 0.019, ""share"": 0.043, ""miss_deg"": 2.82, ""labels"": [192]}]"
2026_08_16/s4,s4,v8,,mass10,67.17,67.82,0.65,3.863,球M,192,1.0,0.1543,0.748,0.0,0.0,0.846,object#162,389.6407,1,1,,,,1,"[{""name"": ""球M"", ""m"": 60.12172, ""q"": 0.1543, ""c"": 0.2062, ""capture"": 0.748, ""share"": 1.0, ""miss_deg"": 0.76, ""labels"": [192]}]"
2026_08_16/s4,s4,v8,,mass10,68.68,69.06,0.38,3.916,球M,192,1.0,0.0343,0.181,0.0,0.0,0.966,object#118,389.6407,0,0,,,,1,"[{""name"": ""球M"", ""m"": 13.37338, ""q"": 0.0343, ""c"": 0.1892, ""capture"": 0.181, ""share"": 1.0, ""miss_deg"": 1.85, ""labels"": [192]}]"
2026_08_16/s4,s4,v8,,mass10,69.17,69.55,0.38,3.872,球M,192,1.0,0.0808,0.392,0.0,0.0,0.919,object#162,389.6407,1,1,,,,1,"[{""name"": ""球M"", ""m"": 31.49215, ""q"": 0.0808, ""c"": 0.2062, ""capture"": 0.392, ""share"": 1.0, ""miss_deg"": 1.37, ""labels"": [192]}]"
2026_08_16/s4,s4,v8,,mass10,72.68,73.09,0.41,3.827,球M,192,1.0,0.1762,0.854,0.0,0.0,0.824,object#70,389.6407,1,1,8,球L,0,1,"[{""name"": ""球M"", ""m"": 68.65244, ""q"": 0.1762, ""c"": 0.2062, ""capture"": 0.854, ""share"": 1.0, ""miss_deg"": 0.56, ""labels"": [192]}]"
2026_08_16/s4,s4,v8,,mass10,75.47,76.52,1.05,3.784,球L,191,0.975,0.0865,0.42,0.01,0.026,0.911,object#36,389.6407,1,1,8,球L,1,2,"[{""name"": ""球L"", ""m"": 33.70996, ""q"": 0.0865, ""c"": 0.2062, ""capture"": 0.42, ""share"": 0.975, ""miss_deg"": 1.32, ""labels"": [191]}, {""name"": ""香蕉"", ""m"": 0.85524, ""q"": 0.0022, ""c"": 0.603, ""capture"": 0.004, ""share"": 0.025, ""miss_deg"": 3.35, ""labels"": [196]}]"
2026_08_16/s4,s4,v8,,mass10,76.63,77.62,0.99,3.793,球L,191,0.895,0.1715,0.832,0.023,0.067,0.808,object#36,389.6407,1,1,8,球L,1,3,"[{""name"": ""球L"", ""m"": 66.81587, ""q"": 0.1715, ""c"": 0.2062, ""capture"": 0.832, ""share"": 0.895, ""miss_deg"": 0.61, ""labels"": [191]}, {""name"": ""香蕉"", ""m"": 4.47884, ""q"": 0.0115, ""c"": 0.603, ""capture"": 0.019, ""share"": 0.06, ""miss_deg"": 2.81, ""labels"": [196]}, {""name"": ""苹果"", ""m"": 3.33576, ""q"": 0.0086, ""c"": 0.1636, ""capture"": 0.052, ""share"": 0.045, ""miss_deg"": 2.43, ""labels"": [194]}]"
2026_08_16/s4,s4,v8,,mass10,78.1,78.86,0.76,3.781,球L,191,0.891,0.1313,0.637,0.042,0.122,0.853,object#36,389.6407,1,1,,,,2,"[{""name"": ""球L"", ""m"": 51.16153, ""q"": 0.1313, ""c"": 0.2062, ""capture"": 0.637, ""share"": 0.891, ""miss_deg"": 0.95, ""labels"": [191]}, {""name"": ""香蕉"", ""m"": 6.26102, ""q"": 0.0161, ""c"": 0.603, ""capture"": 0.027, ""share"": 0.109, ""miss_deg"": 2.69, ""labels"": [196]}]"
2026_08_16/s4,s4,v8,,mass10,79.64,80.11,0.47,3.772,球L,191,1.0,0.0053,0.024,0.0,0.0,0.995,object#27,389.6407,0,0,9,球R,0,1,"[{""name"": ""球L"", ""m"": 2.05114, ""q"": 0.0053, ""c"": 0.2228, ""capture"": 0.024, ""share"": 1.0, ""miss_deg"": 2.74, ""labels"": [191]}]"
2026_08_16/s4,s4,v8,,mass10,80.32,81.26,0.94,3.78,球L,191,1.0,0.0474,0.23,0.0,0.0,0.953,object#27,389.6407,1,1,9,球R,0,1,"[{""name"": ""球L"", ""m"": 18.45009, ""q"": 0.0474, ""c"": 0.2062, ""capture"": 0.23, ""share"": 1.0, ""miss_deg"": 1.72, ""labels"": [191]}]"
2026_08_16/s4,s4,v8,,mass10,82.19,84.34,2.16,3.842,球R,193,1.0,0.0435,0.266,0.0,0.0,0.957,object#17,389.6407,1,1,9,球R,1,1,"[{""name"": ""球R"", ""m"": 16.9393, ""q"": 0.0435, ""c"": 0.1636, ""capture"": 0.266, ""share"": 1.0, ""miss_deg"": 1.63, ""labels"": [193]}]"
2026_08_16/s4,s4,v8,,mass10,84.45,84.74,0.29,3.81,球R,193,1.0,0.0637,0.389,0.0,0.0,0.936,object#17,389.6407,1,1,9,球R,1,1,"[{""name"": ""球R"", ""m"": 24.83009, ""q"": 0.0637, ""c"": 0.1636, ""capture"": 0.389, ""share"": 1.0, ""miss_deg"": 1.37, ""labels"": [193]}]"
2026_08_16/s4,s4,v8,,mass10,85.05,85.58,0.52,3.801,球R,193,1.0,0.0352,0.215,0.0,0.0,0.965,object#17,389.6407,1,1,,,,1,"[{""name"": ""球R"", ""m"": 13.71402, ""q"": 0.0352, ""c"": 0.1636, ""capture"": 0.215, ""share"": 1.0, ""miss_deg"": 1.75, ""labels"": [193]}]"
2026_08_16/s4,s4,v8,,mass10,86.15,86.85,0.7,3.823,,-1,0.0,0.0,,,,1.0,object#17,389.6407,0,0,,,,0,[]
2026_08_16/s4,s4,v8,,mass10,86.97,87.49,0.52,3.805,,-1,0.0,0.0,,,,1.0,object#17,389.6407,0,0,10,球M,,0,[]
2026_08_16/s4,s4,v8,,mass10,87.74,88.09,0.35,3.816,球R,193,1.0,0.0017,0.011,0.0,0.0,0.998,object#17,389.6407,0,0,10,球M,0,1,"[{""name"": ""球R"", ""m"": 0.67027, ""q"": 0.0017, ""c"": 0.1636, ""capture"": 0.011, ""share"": 1.0, ""miss_deg"": 3.02, ""labels"": [193]}]"
2026_08_16/s4,s4,v8,,mass10,88.2,88.55,0.35,3.794,球R,193,0.939,0.1004,0.613,0.064,0.065,0.893,object#17,389.6407,1,1,10,球M,0,2,"[{""name"": ""球R"", ""m"": 39.10067, ""q"": 0.1004, ""c"": 0.1636, ""capture"": 0.613, ""share"": 0.939, ""miss_deg"": 0.99, ""labels"": [193]}, {""name"": ""石榴"", ""m"": 2.51805, ""q"": 0.0065, ""c"": 0.1636, ""capture"": 0.039, ""share"": 0.061, ""miss_deg"": 2.54, ""labels"": [195]}]"
2026_08_16/s4,s4,v8,,mass10,95.13,95.51,0.39,3.801,球M,192,0.744,0.1324,0.642,0.104,0.302,0.822,object#10,389.6407,1,1,11,球R,0,3,"[{""name"": ""球M"", ""m"": 51.60047, ""q"": 0.1324, ""c"": 0.2062, ""capture"": 0.642, ""share"": 0.744, ""miss_deg"": 0.94, ""labels"": [192]}, {""name"": ""香蕉"", ""m"": 15.64079, ""q"": 0.0401, ""c"": 0.603, ""capture"": 0.067, ""share"": 0.225, ""miss_deg"": 2.33, ""labels"": [196]}, {""name"": ""苹果"", ""m"": 2.12462, ""q"": 0.0055, ""c"": 0.1636, ""capture"": 0.033, ""share"": 0.031, ""miss_deg"": 2.61, ""labels"": [194]}]"
2026_08_16/s4,s4,v8,,mass10,95.9,97.47,1.57,3.833,球R,193,1.0,0.0196,0.12,0.0,0.0,0.98,object#17,389.6407,0,0,11,球R,1,1,"[{""name"": ""球R"", ""m"": 7.63166, ""q"": 0.0196, ""c"": 0.1636, ""capture"": 0.12, ""share"": 1.0, ""miss_deg"": 2.06, ""labels"": [193]}]"
2026_08_16/s4,s4,v8,,mass10,97.71,102.7,4.98,3.796,球R,193,1.0,0.0275,0.168,0.0,0.0,0.972,object#17,389.6407,0,0,11,球R,1,1,"[{""name"": ""球R"", ""m"": 10.72274, ""q"": 0.0275, ""c"": 0.1636, ""capture"": 0.168, ""share"": 1.0, ""miss_deg"": 1.89, ""labels"": [193]}]"
2026_08_16/s4,s4,v8,,mass10,103.11,106.74,3.63,3.913,球R,193,1.0,0.0331,0.202,0.0,0.0,0.967,object#17,389.6407,1,1,12,球R,1,1,"[{""name"": ""球R"", ""m"": 12.88617, ""q"": 0.0331, ""c"": 0.1636, ""capture"": 0.202, ""share"": 1.0, ""miss_deg"": 1.79, ""labels"": [193]}]"
2026_08_16/s4,s4,v8,,mass10,106.8,107.17,0.38,3.807,球M,192,0.931,0.0097,0.047,0.085,0.074,0.99,object#17,389.6407,0,0,,,,2,"[{""name"": ""球M"", ""m"": 3.77744, ""q"": 0.0097, ""c"": 0.2062, ""capture"": 0.047, ""share"": 0.931, ""miss_deg"": 2.47, ""labels"": [192]}, {""name"": ""球R"", ""m"": 0.28031, ""q"": 0.0007, ""c"": 0.1636, ""capture"": 0.004, ""share"": 0.069, ""miss_deg"": 3.29, ""labels"": [193]}]"
2026_08_16/s4,s4,v8,,mass10,107.23,109.72,2.49,3.819,球R,193,1.0,0.0363,0.222,0.0,0.0,0.964,object#17,389.6407,1,1,,,,1,"[{""name"": ""球R"", ""m"": 14.13723, ""q"": 0.0363, ""c"": 0.1636, ""capture"": 0.222, ""share"": 1.0, ""miss_deg"": 1.74, ""labels"": [193]}]"
2026_08_16/s4,s4,v8,,mass10,110.28,112.5,2.22,3.812,球M,192,1.0,0.1734,0.841,0.0,0.0,0.827,object#70,389.6407,1,1,13,球M,1,1,"[{""name"": ""球M"", ""m"": 67.56044, ""q"": 0.1734, ""c"": 0.2062, ""capture"": 0.841, ""share"": 1.0, ""miss_deg"": 0.59, ""labels"": [192]}]"
2026_08_16/s4,s4,v8,,mass10,113.05,115.11,2.06,3.818,球M,192,1.0,0.1695,0.822,0.0,0.0,0.83,object#70,389.6407,1,1,,,,1,"[{""name"": ""球M"", ""m"": 66.05377, ""q"": 0.1695, ""c"": 0.2062, ""capture"": 0.822, ""share"": 1.0, ""miss_deg"": 0.63, ""labels"": [192]}]"
2026_08_16/s4,s4,v8,,mass10,117.45,121.02,3.57,3.775,球L,191,0.936,0.1214,0.545,0.026,0.068,0.87,object#36,389.6407,1,1,14,球L,1,2,"[{""name"": ""球L"", ""m"": 47.29162, ""q"": 0.1214, ""c"": 0.2228, ""capture"": 0.545, ""share"": 0.936, ""miss_deg"": 1.1, ""labels"": [191]}, {""name"": ""香蕉"", ""m"": 3.25176, ""q"": 0.0083, ""c"": 0.603, ""capture"": 0.014, ""share"": 0.064, ""miss_deg"": 2.93, ""labels"": [196]}]"
2026_08_16/s4,s4,v8,,mass10,121.08,121.89,0.81,3.79,球L,191,0.994,0.0541,0.262,0.004,0.006,0.946,object#27,389.6407,1,1,,,,2,"[{""name"": ""球L"", ""m"": 21.08143, ""q"": 0.0541, ""c"": 0.2062, ""capture"": 0.262, ""share"": 0.994, ""miss_deg"": 1.64, ""labels"": [191]}, {""name"": ""香蕉"", ""m"": 0.12689, ""q"": 0.0003, ""c"": 0.603, ""capture"": 0.001, ""share"": 0.006, ""miss_deg"": 3.88, ""labels"": [196]}]"
2026_08_16/s4,s4,v8,,mass10,122.08,122.68,0.6,3.803,球L,191,0.829,0.0644,0.312,0.071,0.206,0.922,object#27,389.6407,1,1,15,球L,1,2,"[{""name"": ""球L"", ""m"": 25.10675, ""q"": 0.0644, ""c"": 0.2062, ""capture"": 0.312, ""share"": 0.829, ""miss_deg"": 1.53, ""labels"": [191]}, {""name"": ""香蕉"", ""m"": 5.17917, ""q"": 0.0133, ""c"": 0.5936, ""capture"": 0.022, ""share"": 0.171, ""miss_deg"": 2.76, ""labels"": [196]}]"
2026_08_16/s4,s4,v8,,mass10,122.73,123.11,0.38,3.778,球L,191,0.965,0.0835,0.405,0.012,0.036,0.914,object#36,389.6407,1,1,15,球L,1,2,"[{""name"": ""球L"", ""m"": 32.52098, ""q"": 0.0835, ""c"": 0.2062, ""capture"": 0.405, ""share"": 0.965, ""miss_deg"": 1.34, ""labels"": [191]}, {""name"": ""香蕉"", ""m"": 1.17082, ""q"": 0.003, ""c"": 0.603, ""capture"": 0.005, ""share"": 0.035, ""miss_deg"": 3.26, ""labels"": [196]}]"
2026_08_16/s4,s4,v8,,mass10,123.44,124.14,0.7,3.745,球L,191,0.925,0.141,0.633,0.028,0.076,0.848,object#36,389.6407,1,1,15,球L,1,3,"[{""name"": ""球L"", ""m"": 54.9374, ""q"": 0.141, ""c"": 0.2228, ""capture"": 0.633, ""share"": 0.925, ""miss_deg"": 0.96, ""labels"": [191]}, {""name"": ""香蕉"", ""m"": 4.18476, ""q"": 0.0107, ""c"": 0.6122, ""capture"": 0.018, ""share"": 0.07, ""miss_deg"": 2.84, ""labels"": [196]}, {""name"": ""苹果"", ""m"": 0.2748, ""q"": 0.0007, ""c"": 0.1636, ""capture"": 0.004, ""share"": 0.005, ""miss_deg"": 3.3, ""labels"": [194]}]"
2026_08_16/s4,s4,v8,,mass10,124.62,128.68,4.06,3.767,球L,191,0.978,0.0825,0.37,0.008,0.022,0.916,object#36,389.6407,1,1,15,球L,1,2,"[{""name"": ""球L"", ""m"": 32.14454, ""q"": 0.0825, ""c"": 0.2228, ""capture"": 0.37, ""share"": 0.978, ""miss_deg"": 1.41, ""labels"": [191]}, {""name"": ""香蕉"", ""m"": 0.72615, ""q"": 0.0019, ""c"": 0.603, ""capture"": 0.003, ""share"": 0.022, ""miss_deg"": 3.4, ""labels"": [196]}]"
2026_08_16/s4,s4,v8,,mass10,128.73,129.0,0.27,3.794,球L,191,0.778,0.0284,0.138,0.094,0.275,0.963,object#27,389.6407,0,0,,,,3,"[{""name"": ""球L"", ""m"": 11.08268, ""q"": 0.0284, ""c"": 0.2062, ""capture"": 0.138, ""share"": 0.778, ""miss_deg"": 1.99, ""labels"": [191]}, {""name"": ""香蕉"", ""m"": 3.05331, ""q"": 0.0078, ""c"": 0.603, ""capture"": 0.013, ""share"": 0.214, ""miss_deg"": 2.95, ""labels"": [196]}, {""name"": ""球M"", ""m"": 0.11574, ""q"": 0.0003, ""c"": 0.2062, ""capture"": 0.001, ""share"": 0.008, ""miss_deg"": 3.62, ""labels"": [192]}]"
2026_08_16/s4,s4,v8,,mass10,129.06,131.55,2.49,3.77,球L,191,0.979,0.0704,0.316,0.009,0.021,0.928,object#36,389.6407,1,1,,,,2,"[{""name"": ""球L"", ""m"": 27.42831, ""q"": 0.0704, ""c"": 0.2228, ""capture"": 0.316, ""share"": 0.979, ""miss_deg"": 1.52, ""labels"": [191]}, {""name"": ""香蕉"", ""m"": 0.5918, ""q"": 0.0015, ""c"": 0.603, ""capture"": 0.003, ""share"": 0.021, ""miss_deg"": 3.46, ""labels"": [196]}]"
2026_08_16/s4,s4,v8,,mass10,132.41,132.73,0.32,4.079,,-1,0.0,0.0,,,,1.0,object#25,389.6407,0,0,,,,0,[]
2026_08_16/s6,s6,v8,,mass10,10.95,11.22,0.27,3.796,球M,192,0.818,0.016,0.077,0.286,0.222,0.98,object#17,389.6407,0,0,,,,2,"[{""name"": ""球M"", ""m"": 6.22094, ""q"": 0.016, ""c"": 0.2062, ""capture"": 0.077, ""share"": 0.818, ""miss_deg"": 2.26, ""labels"": [192]}, {""name"": ""球R"", ""m"": 1.38376, ""q"": 0.0036, ""c"": 0.1636, ""capture"": 0.022, ""share"": 0.182, ""miss_deg"": 2.77, ""labels"": [193]}]"
2026_08_16/s6,s6,v8,,mass10,13.6,13.98,0.38,4.308,球M,192,0.47,0.039,0.239,0.812,0.723,0.917,object#17,389.6407,1,0,,,,3,"[{""name"": ""球M"", ""m"": 15.21317, ""q"": 0.039, ""c"": 0.1636, ""capture"": 0.239, ""share"": 0.47, ""miss_deg"": 1.69, ""labels"": [192]}, {""name"": ""球R"", ""m"": 11.02462, ""q"": 0.0283, ""c"": 0.1459, ""capture"": 0.194, ""share"": 0.34, ""miss_deg"": 1.81, ""labels"": [193]}, {""name"": ""石榴"", ""m"": 6.143, ""q"": 0.0158, ""c"": 0.1097, ""capture"": 0.144, ""share"": 0.19, ""miss_deg"": 1.97, ""labels"": [195]}]"
2026_08_16/s6,s6,v8,,mass10,14.04,14.42,0.38,4.35,球R,193,0.995,0.0503,0.345,0.006,0.005,0.949,object#17,389.6407,1,1,,,,2,"[{""name"": ""球R"", ""m"": 19.58901, ""q"": 0.0503, ""c"": 0.1459, ""capture"": 0.345, ""share"": 0.995, ""miss_deg"": 1.46, ""labels"": [193]}, {""name"": ""石榴"", ""m"": 0.08877, ""q"": 0.0002, ""c"": 0.1097, ""capture"": 0.002, ""share"": 0.005, ""miss_deg"": 3.51, ""labels"": [195]}]"
2026_08_16/s6,s6,v8,,mass10,14.63,15.01,0.38,4.398,球M,192,1.0,0.0261,0.159,0.0,0.0,0.974,object#17,389.6407,0,0,,,,1,"[{""name"": ""球M"", ""m"": 10.15184, ""q"": 0.0261, ""c"": 0.1636, ""capture"": 0.159, ""share"": 1.0, ""miss_deg"": 1.92, ""labels"": [192]}]"
2026_08_16/s6,s6,v8,,mass10,15.06,15.44,0.38,4.498,球R,193,1.0,0.0133,0.097,0.0,0.0,0.987,object#17,389.6407,0,0,,,,1,"[{""name"": ""球R"", ""m"": 5.19745, ""q"": 0.0133, ""c"": 0.1369, ""capture"": 0.097, ""share"": 1.0, ""miss_deg"": 2.16, ""labels"": [193]}]"
2026_08_16/s6,s6,v8,,mass10,15.5,15.77,0.27,4.516,球M,192,0.931,0.0256,0.176,0.08,0.074,0.972,object#17,389.6407,0,0,,,,2,"[{""name"": ""球M"", ""m"": 9.98487, ""q"": 0.0256, ""c"": 0.1459, ""capture"": 0.176, ""share"": 0.931, ""miss_deg"": 1.87, ""labels"": [192]}, {""name"": ""球R"", ""m"": 0.73462, ""q"": 0.0019, ""c"": 0.1369, ""capture"": 0.014, ""share"": 0.069, ""miss_deg"": 2.93, ""labels"": [193]}]"
2026_08_16/s6,s6,v8,,mass10,15.82,16.25,0.43,4.41,球L,191,0.996,0.0521,0.318,0.0,0.003,0.948,object#27,389.6407,1,1,,,,3,"[{""name"": ""球L"", ""m"": 20.29918, ""q"": 0.0521, ""c"": 0.1636, ""capture"": 0.318, ""share"": 0.996, ""miss_deg"": 1.51, ""labels"": [191]}, {""name"": ""香蕉"", ""m"": 0.06274, ""q"": 0.0002, ""c"": 0.4729, ""capture"": 0.0, ""share"": 0.003, ""miss_deg"": 4.0, ""labels"": [196]}, {""name"": ""球M"", ""m"": 0.02331, ""q"": 0.0001, ""c"": 0.1636, ""capture"": 0.0, ""share"": 0.001, ""miss_deg"": 3.98, ""labels"": [192]}]"
2026_08_16/s6,s6,v8,,mass10,16.58,17.55,0.97,4.498,球M,192,0.929,0.1466,1.005,0.097,0.072,0.842,object#17,389.6407,1,1,,,,3,"[{""name"": ""球M"", ""m"": 57.11719, ""q"": 0.1466, ""c"": 0.1459, ""capture"": 1.005, ""share"": 0.929, ""miss_deg"": 0.0, ""labels"": [192]}, {""name"": ""石榴"", ""m"": 4.14142, ""q"": 0.0106, ""c"": 0.1097, ""capture"": 0.097, ""share"": 0.067, ""miss_deg"": 2.16, ""labels"": [195]}, {""name"": ""球R"", ""m"": 0.23305, ""q"": 0.0006, ""c"": 0.1369, ""capture"": 0.004, ""share"": 0.004, ""miss_deg"": 3.3, ""labels"": [193]}]"
2026_08_16/s6,s6,v8,,mass10,17.79,18.06,0.27,4.449,球M,192,0.666,0.0679,0.465,0.413,0.464,0.898,object#162,389.6407,1,1,,,,4,"[{""name"": ""球M"", ""m"": 26.45412, ""q"": 0.0679, ""c"": 0.1459, ""capture"": 0.465, ""share"": 0.666, ""miss_deg"": 1.24, ""labels"": [192]}, {""name"": ""球L"", ""m"": 12.25168, ""q"": 0.0314, ""c"": 0.1636, ""capture"": 0.192, ""share"": 0.309, ""miss_deg"": 1.82, ""labels"": [191]}, {""name"": ""香蕉"", ""m"": 0.79642, ""q"": 0.002, ""c"": 0.4729, ""capture"": 0.004, ""share"": 0.02, ""miss_deg"": 3.3, ""labels"": [196]}, {""name"": ""石榴"", ""m"": 0.19889, ""q"": 0.0005, ""c"": 0.1097, ""capture"": 0.005, ""share"": 0.005, ""miss_deg"": 3.28, ""labels"": [195]}]"
2026_08_16/s6,s6,v8,,mass10,18.11,18.71,0.6,4.441,球M,192,0.935,0.1553,1.065,0.091,0.068,0.834,object#162,389.6407,1,1,,,,3,"[{""name"": ""球M"", ""m"": 60.52392, ""q"": 0.1553, ""c"": 0.1459, ""capture"": 1.065, ""share"": 0.935, ""miss_deg"": 0.0, ""labels"": [192]}, {""name"": ""石榴"", ""m"": 4.13315, ""q"": 0.0106, ""c"": 0.1097, ""capture"": 0.097, ""share"": 0.064, ""miss_deg"": 2.16, ""labels"": [195]}, {""name"": ""球R"", ""m"": 0.10563, ""q"": 0.0003, ""c"": 0.1369, ""capture"": 0.002, ""share"": 0.002, ""miss_deg"": 3.53, ""labels"": [193]}]"
2026_08_16/s6,s6,v8,,mass10,18.76,19.09,0.33,4.461,球M,192,0.892,0.1054,0.723,0.083,0.094,0.882,object#162,389.6407,1,1,,,,4,"[{""name"": ""球M"", ""m"": 41.08476, ""q"": 0.1054, ""c"": 0.1459, ""capture"": 0.723, ""share"": 0.892, ""miss_deg"": 0.81, ""labels"": [192]}, {""name"": ""球L"", ""m"": 3.85498, ""q"": 0.0099, ""c"": 0.1636, ""capture"": 0.06, ""share"": 0.084, ""miss_deg"": 2.37, ""labels"": [191]}, {""name"": ""香蕉"", ""m"": 0.57584, ""q"": 0.0015, ""c"": 0.4729, ""capture"": 0.003, ""share"": 0.013, ""miss_deg"": 3.4, ""labels"": [196]}, {""name"": ""石榴"", ""m"": 0.55009, ""q"": 0.0014, ""c"": 0.1097, ""capture"": 0.013, ""share"": 0.012, ""miss_deg"": 2.95, ""labels"": [195]}]"
2026_08_16/s6,s6,v8,,mass10,19.15,20.07,0.92,4.55,球M,192,0.912,0.1744,1.195,0.123,0.092,0.809,object#17,389.6407,1,1,,,,3,"[{""name"": ""球M"", ""m"": 67.9475, ""q"": 0.1744, ""c"": 0.1459, ""capture"": 1.195, ""share"": 0.912, ""miss_deg"": 0.0, ""labels"": [192]}, {""name"": ""石榴"", ""m"": 6.26202, ""q"": 0.0161, ""c"": 0.1097, ""capture"": 0.147, ""share"": 0.084, ""miss_deg"": 1.96, ""labels"": [195]}, {""name"": ""球R"", ""m"": 0.31538, ""q"": 0.0008, ""c"": 0.1369, ""capture"": 0.006, ""share"": 0.004, ""miss_deg"": 3.2, ""labels"": [193]}]"
2026_08_16/s6,s6,v8,,mass10,20.34,21.37,1.03,4.446,球L,191,0.951,0.0744,0.455,0.013,0.036,0.922,object#27,389.6407,1,1,,,,3,"[{""name"": ""球L"", ""m"": 28.98623, ""q"": 0.0744, ""c"": 0.1636, ""capture"": 0.455, ""share"": 0.951, ""miss_deg"": 1.26, ""labels"": [191]}, {""name"": ""香蕉"", ""m"": 1.04314, ""q"": 0.0027, ""c"": 0.4729, ""capture"": 0.006, ""share"": 0.034, ""miss_deg"": 3.22, ""labels"": [196]}, {""name"": ""球M"", ""m"": 0.43511, ""q"": 0.0011, ""c"": 0.1459, ""capture"": 0.008, ""share"": 0.014, ""miss_deg"": 3.12, ""labels"": [192]}]"
2026_08_16/s6,s6,v8,,mass10,21.66,25.12,3.47,4.429,球L,191,0.992,0.048,0.294,0.003,0.005,0.952,object#27,389.6407,1,1,1,球L,1,3,"[{""name"": ""球L"", ""m"": 18.71539, ""q"": 0.048, ""c"": 0.1636, ""capture"": 0.294, ""share"": 0.992, ""miss_deg"": 1.57, ""labels"": [191]}, {""name"": ""球M"", ""m"": 0.08877, ""q"": 0.0002, ""c"": 0.1636, ""capture"": 0.001, ""share"": 0.005, ""miss_deg"": 3.63, ""labels"": [192]}, {""name"": ""香蕉"", ""m"": 0.05299, ""q"": 0.0001, ""c"": 0.4729, ""capture"": 0.0, ""share"": 0.003, ""miss_deg"": 4.04, ""labels"": [196]}]"
2026_08_16/s6,s6,v8,,mass10,25.18,26.22,1.04,4.436,球L,191,0.842,0.1129,0.69,0.039,0.114,0.866,object#10,389.6407,1,1,1,球L,1,3,"[{""name"": ""球L"", ""m"": 43.97501, ""q"": 0.1129, ""c"": 0.1636, ""capture"": 0.69, ""share"": 0.842, ""miss_deg"": 0.86, ""labels"": [191]}, {""name"": ""香蕉"", ""m"": 5.00253, ""q"": 0.0128, ""c"": 0.4729, ""capture"": 0.027, ""share"": 0.096, ""miss_deg"": 2.69, ""labels"": [196]}, {""name"": ""球M"", ""m"": 3.27131, ""q"": 0.0084, ""c"": 0.1459, ""capture"": 0.058, ""share"": 0.063, ""miss_deg"": 2.39, ""labels"": [192]}]"
2026_08_16/s6,s6,v8,,mass10,27.27,29.6,2.33,4.492,球M,192,1.0,0.0781,0.535,0.0,0.0,0.922,object#162,389.6407,1,1,,,,1,"[{""name"": ""球M"", ""m"": 30.42541, ""q"": 0.0781, ""c"": 0.1459, ""capture"": 0.535, ""share"": 1.0, ""miss_deg"": 1.12, ""labels"": [192]}]"
2026_08_16/s6,s6,v8,,mass10,29.84,30.92,1.08,4.569,球M,192,0.999,0.0594,0.407,0.002,0.001,0.941,object#17,389.6407,1,1,2,球M,1,2,"[{""name"": ""球M"", ""m"": 23.15977, ""q"": 0.0594, ""c"": 0.1459, ""capture"": 0.407, ""share"": 0.999, ""miss_deg"": 1.34, ""labels"": [192]}, {""name"": ""球R"", ""m"": 0.02331, ""q"": 0.0001, ""c"": 0.1188, ""capture"": 0.001, ""share"": 0.001, ""miss_deg"": 3.9, ""labels"": [193]}]"
2026_08_16/s6,s6,v8,,mass10,30.97,32.11,1.14,4.531,球M,192,1.0,0.023,0.158,0.0,0.0,0.977,object#17,389.6407,0,0,2,球M,1,1,"[{""name"": ""球M"", ""m"": 8.95532, ""q"": 0.023, ""c"": 0.1459, ""capture"": 0.158, ""share"": 1.0, ""miss_deg"": 1.92, ""labels"": [192]}]"
2026_08_16/s6,s6,v8,,mass10,32.17,32.65,0.49,4.456,球M,192,1.0,0.0466,0.319,0.0,0.0,0.953,object#162,389.6407,1,1,2,球M,1,1,"[{""name"": ""球M"", ""m"": 18.15807, ""q"": 0.0466, ""c"": 0.1459, ""capture"": 0.319, ""share"": 1.0, ""miss_deg"": 1.51, ""labels"": [192]}]"
2026_08_16/s6,s6,v8,,mass10,32.71,33.36,0.65,4.591,球M,192,0.733,0.0058,0.04,0.45,0.364,0.992,object#17,389.6407,0,0,2,球M,1,2,"[{""name"": ""球M"", ""m"": 2.26542, ""q"": 0.0058, ""c"": 0.1459, ""capture"": 0.04, ""share"": 0.733, ""miss_deg"": 2.54, ""labels"": [192]}, {""name"": ""球R"", ""m"": 0.82398, ""q"": 0.0021, ""c"": 0.1188, ""capture"": 0.018, ""share"": 0.267, ""miss_deg"": 2.84, ""labels"": [193]}]"
2026_08_16/s6,s6,v8,,mass10,33.41,33.68,0.27,4.529,球M,192,1.0,0.0112,0.077,0.0,0.0,0.989,object#17,389.6407,0,0,2,球M,1,1,"[{""name"": ""球M"", ""m"": 4.38056, ""q"": 0.0112, ""c"": 0.1459, ""capture"": 0.077, ""share"": 1.0, ""miss_deg"": 2.26, ""labels"": [192]}]"
2026_08_16/s6,s6,v8,,mass10,34.15,34.42,0.27,4.58,球R,193,1.0,0.0004,0.003,0.0,0.0,1.0,object#17,389.6407,0,0,,,,1,"[{""name"": ""球R"", ""m"": 0.14271, ""q"": 0.0004, ""c"": 0.1188, ""capture"": 0.003, ""share"": 1.0, ""miss_deg"": 3.4, ""labels"": [193]}]"
2026_08_16/s6,s6,v8,,mass10,34.47,36.37,1.9,4.567,球R,193,0.968,0.0343,0.289,0.035,0.033,0.965,object#17,389.6407,1,1,,,,2,"[{""name"": ""球R"", ""m"": 13.36444, ""q"": 0.0343, ""c"": 0.1188, ""capture"": 0.289, ""share"": 0.968, ""miss_deg"": 1.58, ""labels"": [193]}, {""name"": ""石榴"", ""m"": 0.43745, ""q"": 0.0011, ""c"": 0.1097, ""capture"": 0.01, ""share"": 0.032, ""miss_deg"": 3.03, ""labels"": [195]}]"
2026_08_16/s6,s6,v8,,mass10,36.64,39.34,2.71,4.561,球R,193,1.0,0.0084,0.062,0.0,0.0,0.992,object#17,389.6407,0,0,3,球R,1,1,"[{""name"": ""球R"", ""m"": 3.28599, ""q"": 0.0084, ""c"": 0.1369, ""capture"": 0.062, ""share"": 1.0, ""miss_deg"": 2.36, ""labels"": [193]}]"
2026_08_16/s6,s6,v8,,mass10,39.62,42.76,3.14,4.598,,-1,0.0,0.0,,,,1.0,object#17,389.6407,0,0,3,球R,,0,[]
2026_08_16/s6,s6,v8,,mass10,42.81,43.35,0.54,4.545,球R,193,1.0,0.0379,0.277,0.0,0.0,0.962,object#17,389.6407,1,1,4,球R,1,1,"[{""name"": ""球R"", ""m"": 14.76685, ""q"": 0.0379, ""c"": 0.1369, ""capture"": 0.277, ""share"": 1.0, ""miss_deg"": 1.6, ""labels"": [193]}]"
2026_08_16/s6,s6,v8,,mass10,43.79,45.41,1.62,4.556,球R,193,0.997,0.0235,0.172,0.006,0.003,0.976,object#17,389.6407,0,0,4,球R,1,2,"[{""name"": ""球R"", ""m"": 9.15886, ""q"": 0.0235, ""c"": 0.1369, ""capture"": 0.172, ""share"": 0.997, ""miss_deg"": 1.88, ""labels"": [193]}, {""name"": ""石榴"", ""m"": 0.02331, ""q"": 0.0001, ""c"": 0.1097, ""capture"": 0.001, ""share"": 0.003, ""miss_deg"": 3.88, ""labels"": [195]}]"
2026_08_16/s6,s6,v8,,mass10,45.92,47.54,1.62,4.517,球R,193,0.979,0.0297,0.217,0.028,0.021,0.97,object#17,389.6407,1,1,4,球R,1,2,"[{""name"": ""球R"", ""m"": 11.57359, ""q"": 0.0297, ""c"": 0.1369, ""capture"": 0.217, ""share"": 0.979, ""miss_deg"": 1.75, ""labels"": [193]}, {""name"": ""石榴"", ""m"": 0.24419, ""q"": 0.0006, ""c"": 0.1097, ""capture"": 0.006, ""share"": 0.021, ""miss_deg"": 3.21, ""labels"": [195]}]"
2026_08_16/s6,s6,v8,,mass10,47.99,52.01,4.01,4.46,球M,192,0.986,0.1062,0.728,0.019,0.014,0.892,object#162,389.6407,1,1,5,球M,1,2,"[{""name"": ""球M"", ""m"": 41.36499, ""q"": 0.1062, ""c"": 0.1459, ""capture"": 0.728, ""share"": 0.986, ""miss_deg"": 0.8, ""labels"": [192]}, {""name"": ""石榴"", ""m"": 0.59184, ""q"": 0.0015, ""c"": 0.1097, ""capture"": 0.014, ""share"": 0.014, ""miss_deg"": 2.93, ""labels"": [195]}]"
2026_08_16/s6,s6,v8,,mass10,52.06,54.66,2.6,4.464,球M,192,0.978,0.1079,0.74,0.028,0.02,0.89,object#162,389.6407,1,1,5,球M,1,3,"[{""name"": ""球M"", ""m"": 42.05315, ""q"": 0.1079, ""c"": 0.1459, ""capture"": 0.74, ""share"": 0.978, ""miss_deg"": 0.78, ""labels"": [192]}, {""name"": ""石榴"", ""m"": 0.88124, ""q"": 0.0023, ""c"": 0.1097, ""capture"": 0.021, ""share"": 0.02, ""miss_deg"": 2.79, ""labels"": [195]}, {""name"": ""球R"", ""m"": 0.06546, ""q"": 0.0002, ""c"": 0.1369, ""capture"": 0.001, ""share"": 0.002, ""miss_deg"": 3.66, ""labels"": [193]}]"
2026_08_16/s6,s6,v8,,mass10,54.94,55.59,0.65,4.643,球M,192,0.591,0.0005,0.003,1.0,0.692,0.999,object#17,389.6407,0,0,,,,2,"[{""name"": ""球M"", ""m"": 0.19605, ""q"": 0.0005, ""c"": 0.1459, ""capture"": 0.003, ""share"": 0.591, ""miss_deg"": 3.37, ""labels"": [192]}, {""name"": ""球R"", ""m"": 0.13557, ""q"": 0.0003, ""c"": 0.1188, ""capture"": 0.003, ""share"": 0.409, ""miss_deg"": 3.42, ""labels"": [193]}]"
2026_08_16/s6,s6,v8,,mass10,55.86,60.19,4.33,4.562,球R,193,1.0,0.0112,0.095,0.0,0.0,0.989,object#17,389.6407,0,0,6,球R,1,1,"[{""name"": ""球R"", ""m"": 4.38319, ""q"": 0.0112, ""c"": 0.1188, ""capture"": 0.095, ""share"": 1.0, ""miss_deg"": 2.17, ""labels"": [193]}]"
2026_08_16/s6,s6,v8,,mass10,60.25,60.95,0.7,4.519,球M,192,0.891,0.0999,0.685,0.105,0.079,0.888,object#17,389.6407,1,1,6,球R,0,3,"[{""name"": ""球M"", ""m"": 38.94136, ""q"": 0.0999, ""c"": 0.1459, ""capture"": 0.685, ""share"": 0.891, ""miss_deg"": 0.87, ""labels"": [192]}, {""name"": ""石榴"", ""m"": 3.05532, ""q"": 0.0078, ""c"": 0.1097, ""capture"": 0.072, ""share"": 0.07, ""miss_deg"": 2.3, ""labels"": [195]}, {""name"": ""球R"", ""m"": 1.7043, ""q"": 0.0044, ""c"": 0.1369, ""capture"": 0.032, ""share"": 0.039, ""miss_deg"": 2.62, ""labels"": [193]}]"
2026_08_16/s6,s6,v8,,mass10,61.01,62.09,1.08,4.523,球R,193,0.702,0.0517,0.378,0.365,0.293,0.926,object#17,389.6407,1,1,,,,3,"[{""name"": ""球R"", ""m"": 20.14439, ""q"": 0.0517, ""c"": 0.1369, ""capture"": 0.378, ""share"": 0.702, ""miss_deg"": 1.4, ""labels"": [193]}, {""name"": ""石榴"", ""m"": 5.9009, ""q"": 0.0151, ""c"": 0.1097, ""capture"": 0.138, ""share"": 0.206, ""miss_deg"": 1.99, ""labels"": [195]}, {""name"": ""球M"", ""m"": 2.63889, ""q"": 0.0068, ""c"": 0.1459, ""capture"": 0.046, ""share"": 0.092, ""miss_deg"": 2.48, ""labels"": [192]}]"
2026_08_16/s6,s6,v8,,mass10,62.14,64.2,2.06,4.616,球R,193,0.873,0.0406,0.342,0.123,0.113,0.953,object#17,389.6407,1,1,,,,3,"[{""name"": ""球R"", ""m"": 15.81654, ""q"": 0.0406, ""c"": 0.1188, ""capture"": 0.342, ""share"": 0.873, ""miss_deg"": 1.47, ""labels"": [193]}, {""name"": ""石榴"", ""m"": 1.78644, ""q"": 0.0046, ""c"": 0.1097, ""capture"": 0.042, ""share"": 0.099, ""miss_deg"": 2.52, ""labels"": [195]}, {""name"": ""球M"", ""m"": 0.52219, ""q"": 0.0013, ""c"": 0.1459, ""capture"": 0.009, ""share"": 0.029, ""miss_deg"": 3.06, ""labels"": [192]}]"
2026_08_16/s6,s6,v8,,mass10,65.04,66.23,1.19,4.636,球R,193,0.962,0.0348,0.293,0.044,0.04,0.964,object#17,389.6407,1,1,7,球R,1,2,"[{""name"": ""球R"", ""m"": 13.5427, ""q"": 0.0348, ""c"": 0.1188, ""capture"": 0.293, ""share"": 0.962, ""miss_deg"": 1.57, ""labels"": [193]}, {""name"": ""石榴"", ""m"": 0.53815, ""q"": 0.0014, ""c"": 0.1097, ""capture"": 0.013, ""share"": 0.038, ""miss_deg"": 2.96, ""labels"": [195]}]"
2026_08_16/s6,s6,v8,,mass10,66.34,67.97,1.62,4.554,球R,193,0.985,0.0267,0.195,0.021,0.015,0.973,object#17,389.6407,0,0,7,球R,1,2,"[{""name"": ""球R"", ""m"": 10.41161, ""q"": 0.0267, ""c"": 0.1369, ""capture"": 0.195, ""share"": 0.985, ""miss_deg"": 1.81, ""labels"": [193]}, {""name"": ""石榴"", ""m"": 0.15474, ""q"": 0.0004, ""c"": 0.1097, ""capture"": 0.004, ""share"": 0.015, ""miss_deg"": 3.35, ""labels"": [195]}]"
2026_08_16/s6,s6,v8,,mass10,68.29,68.67,0.38,4.562,球M,192,1.0,0.0357,0.245,0.0,0.0,0.964,object#17,389.6407,1,1,,,,1,"[{""name"": ""球M"", ""m"": 13.91768, ""q"": 0.0357, ""c"": 0.1459, ""capture"": 0.245, ""share"": 1.0, ""miss_deg"": 1.68, ""labels"": [192]}]"
2026_08_16/s6,s6,v8,,mass10,73.49,73.76,0.27,7.077,石榴,195,1.0,0.0001,0.001,0.0,0.0,1.0,object#40,389.6407,0,0,,,,1,"[{""name"": ""石榴"", ""m"": 0.02331, ""q"": 0.0001, ""c"": 0.0526, ""capture"": 0.001, ""share"": 1.0, ""miss_deg"": 3.68, ""labels"": [195]}]"
2026_08_16/s6,s6,v8,,mass10,74.61,75.09,0.49,4.461,球L,191,1.0,0.0162,0.099,0.0,0.0,0.984,object#27,389.6407,0,0,,,,1,"[{""name"": ""球L"", ""m"": 6.31728, ""q"": 0.0162, ""c"": 0.1636, ""capture"": 0.099, ""share"": 1.0, ""miss_deg"": 2.15, ""labels"": [191]}]"
2026_08_16/s6,s6,v8,,mass10,75.15,75.47,0.32,4.417,球L,191,0.897,0.1217,0.744,0.035,0.1,0.864,object#36,389.6407,1,1,,,,4,"[{""name"": ""球L"", ""m"": 47.42711, ""q"": 0.1217, ""c"": 0.1636, ""capture"": 0.744, ""share"": 0.897, ""miss_deg"": 0.77, ""labels"": [191]}, {""name"": ""香蕉"", ""m"": 4.73466, ""q"": 0.0122, ""c"": 0.4729, ""capture"": 0.026, ""share"": 0.09, ""miss_deg"": 2.71, ""labels"": [196]}, {""name"": ""苹果"", ""m"": 0.3813, ""q"": 0.001, ""c"": 0.1369, ""capture"": 0.007, ""share"": 0.007, ""miss_deg"": 3.14, ""labels"": [194]}, {""name"": ""球M"", ""m"": 0.32491, ""q"": 0.0008, ""c"": 0.1636, ""capture"": 0.005, ""share"": 0.006, ""miss_deg"": 3.25, ""labels"": [192]}]"
2026_08_16/s6,s6,v8,,mass10,75.74,76.18,0.43,4.481,球M,192,1.0,0.0429,0.294,0.0,0.0,0.957,object#17,389.6407,1,1,,,,1,"[{""name"": ""球M"", ""m"": 16.70197, ""q"": 0.0429, ""c"": 0.1459, ""capture"": 0.294, ""share"": 1.0, ""miss_deg"": 1.57, ""labels"": [192]}]"
2026_08_16/s6,s6,v8,,mass10,76.23,76.72,0.49,4.512,球L,191,1.0,0.0415,0.254,0.0,0.0,0.958,object#27,389.6407,1,1,,,,1,"[{""name"": ""球L"", ""m"": 16.18909, ""q"": 0.0415, ""c"": 0.1636, ""capture"": 0.254, ""share"": 1.0, ""miss_deg"": 1.66, ""labels"": [191]}]"
2026_08_16/s6,s6,v8,,mass10,77.16,77.7,0.54,4.566,球M,192,1.0,0.0134,0.092,0.0,0.0,0.987,object#118,389.6407,0,0,,,,1,"[{""name"": ""球M"", ""m"": 5.20594, ""q"": 0.0134, ""c"": 0.1459, ""capture"": 0.092, ""share"": 1.0, ""miss_deg"": 2.19, ""labels"": [192]}]"
2026_08_16/s6,s6,v8,,mass10,77.76,80.03,2.27,4.485,球M,192,1.0,0.0593,0.406,0.0,0.0,0.941,object#17,389.6407,1,1,,,,1,"[{""name"": ""球M"", ""m"": 23.09376, ""q"": 0.0593, ""c"": 0.1459, ""capture"": 0.406, ""share"": 1.0, ""miss_deg"": 1.34, ""labels"": [192]}]"
2026_08_16/s6,s6,v8,,mass10,80.09,82.96,2.87,4.552,球M,192,1.0,0.0522,0.358,0.0,0.0,0.948,object#17,389.6407,1,1,8,球M,1,1,"[{""name"": ""球M"", ""m"": 20.34115, ""q"": 0.0522, ""c"": 0.1459, ""capture"": 0.358, ""share"": 1.0, ""miss_deg"": 1.43, ""labels"": [192]}]"
2026_08_16/s6,s6,v8,,mass10,83.19,83.73,0.54,4.509,球M,192,0.982,0.0597,0.409,0.02,0.018,0.939,object#17,389.6407,1,1,,,,2,"[{""name"": ""球M"", ""m"": 23.27847, ""q"": 0.0597, ""c"": 0.1459, ""capture"": 0.409, ""share"": 0.982, ""miss_deg"": 1.34, ""labels"": [192]}, {""name"": ""球R"", ""m"": 0.41921, ""q"": 0.0011, ""c"": 0.1369, ""capture"": 0.008, ""share"": 0.018, ""miss_deg"": 3.11, ""labels"": [193]}]"
2026_08_16/s6,s6,v8,,mass10,84.17,85.58,1.41,4.401,球L,191,0.937,0.0559,0.342,0.041,0.042,0.94,object#27,389.6407,1,1,,,,3,"[{""name"": ""球L"", ""m"": 21.79458, ""q"": 0.0559, ""c"": 0.1636, ""capture"": 0.342, ""share"": 0.937, ""miss_deg"": 1.47, ""labels"": [191]}, {""name"": ""球M"", ""m"": 0.91399, ""q"": 0.0023, ""c"": 0.1636, ""capture"": 0.014, ""share"": 0.039, ""miss_deg"": 2.91, ""labels"": [192]}, {""name"": ""香蕉"", ""m"": 0.56273, ""q"": 0.0014, ""c"": 0.4729, ""capture"": 0.003, ""share"": 0.024, ""miss_deg"": 3.4, ""labels"": [196]}]"
2026_08_16/s6,s6,v8,,mass10,85.79,88.61,2.82,4.486,球L,191,0.872,0.1158,0.707,0.044,0.127,0.867,object#36,389.6407,1,1,9,球L,1,4,"[{""name"": ""球L"", ""m"": 45.10119, ""q"": 0.1158, ""c"": 0.1636, ""capture"": 0.707, ""share"": 0.872, ""miss_deg"": 0.83, ""labels"": [191]}, {""name"": ""香蕉"", ""m"": 5.75987, ""q"": 0.0148, ""c"": 0.4729, ""capture"": 0.031, ""share"": 0.111, ""miss_deg"": 2.63, ""labels"": [196]}, {""name"": ""球M"", ""m"": 0.60227, ""q"": 0.0015, ""c"": 0.1459, ""capture"": 0.011, ""share"": 0.012, ""miss_deg"": 3.02, ""labels"": [192]}, {""name"": ""苹果"", ""m"": 0.23638, ""q"": 0.0006, ""c"": 0.1369, ""capture"": 0.004, ""share"": 0.005, ""miss_deg"": 3.29, ""labels"": [194]}]"
2026_08_16/s6,s6,v8,,mass10,88.93,90.5,1.57,4.405,球L,191,0.618,0.0341,0.208,0.567,0.566,0.945,object#162,389.6407,1,1,9,球L,1,3,"[{""name"": ""球L"", ""m"": 13.27546, ""q"": 0.0341, ""c"": 0.1636, ""capture"": 0.208, ""share"": 0.618, ""miss_deg"": 1.77, ""labels"": [191]}, {""name"": ""球M"", ""m"": 7.51072, ""q"": 0.0193, ""c"": 0.1636, ""capture"": 0.118, ""share"": 0.35, ""miss_deg"": 2.07, ""labels"": [192]}, {""name"": ""香蕉"", ""m"": 0.69224, ""q"": 0.0018, ""c"": 0.4729, ""capture"": 0.004, ""share"": 0.032, ""miss_deg"": 3.34, ""labels"": [196]}]"
2026_08_16/s6,s6,v8,,mass10,90.89,91.65,0.76,4.471,球M,192,0.975,0.0594,0.407,0.027,0.026,0.939,object#17,389.6407,1,1,,,,2,"[{""name"": ""球M"", ""m"": 23.12698, ""q"": 0.0594, ""c"": 0.1459, ""capture"": 0.407, ""share"": 0.975, ""miss_deg"": 1.34, ""labels"": [192]}, {""name"": ""球R"", ""m"": 0.59682, ""q"": 0.0015, ""c"": 0.1369, ""capture"": 0.011, ""share"": 0.025, ""miss_deg"": 3.0, ""labels"": [193]}]"
2026_08_16/s6,s6,v8,,mass10,91.76,94.9,3.14,4.501,球M,192,0.886,0.1154,0.791,0.109,0.081,0.87,object#17,389.6407,1,1,10,球M,1,3,"[{""name"": ""球M"", ""m"": 44.95107, ""q"": 0.1154, ""c"": 0.1459, ""capture"": 0.791, ""share"": 0.886, ""miss_deg"": 0.69, ""labels"": [192]}, {""name"": ""石榴"", ""m"": 3.67917, ""q"": 0.0094, ""c"": 0.1097, ""capture"": 0.086, ""share"": 0.072, ""miss_deg"": 2.21, ""labels"": [195]}, {""name"": ""球R"", ""m"": 2.13101, ""q"": 0.0055, ""c"": 0.1369, ""capture"": 0.04, ""share"": 0.042, ""miss_deg"": 2.54, ""labels"": [193]}]"
2026_08_16/s6,s6,v8,,mass10,95.0,97.93,2.92,4.514,球M,192,0.724,0.1215,0.833,0.397,0.298,0.832,object#17,389.6407,1,1,10,球M,1,3,"[{""name"": ""球M"", ""m"": 47.35632, ""q"": 0.1215, ""c"": 0.1459, ""capture"": 0.833, ""share"": 0.724, ""miss_deg"": 0.6, ""labels"": [192]}, {""name"": ""石榴"", ""m"": 14.15781, ""q"": 0.0363, ""c"": 0.1097, ""capture"": 0.331, ""share"": 0.216, ""miss_deg"": 1.49, ""labels"": [195]}, {""name"": ""球R"", ""m"": 3.93636, ""q"": 0.0101, ""c"": 0.1369, ""capture"": 0.074, ""share"": 0.06, ""miss_deg"": 2.28, ""labels"": [193]}]"
2026_08_16/s6,s6,v8,,mass10,98.25,98.57,0.32,4.49,球L,191,0.919,0.1337,0.817,0.031,0.088,0.855,object#36,389.6407,1,1,,,,2,"[{""name"": ""球L"", ""m"": 52.10005, ""q"": 0.1337, ""c"": 0.1636, ""capture"": 0.817, ""share"": 0.919, ""miss_deg"": 0.64, ""labels"": [191]}, {""name"": ""香蕉"", ""m"": 4.56163, ""q"": 0.0117, ""c"": 0.4729, ""capture"": 0.025, ""share"": 0.081, ""miss_deg"": 2.72, ""labels"": [196]}]"
2026_08_16/s6,s6,v8,,mass10,98.63,101.66,3.03,4.405,球L,191,0.806,0.1805,1.103,0.065,0.19,0.776,object#36,389.6407,1,1,11,球L,1,3,"[{""name"": ""球L"", ""m"": 70.34602, ""q"": 0.1805, ""c"": 0.1636, ""capture"": 1.103, ""share"": 0.806, ""miss_deg"": 0.0, ""labels"": [191]}, {""name"": ""香蕉"", ""m"": 13.31169, ""q"": 0.0342, ""c"": 0.4729, ""capture"": 0.072, ""share"": 0.153, ""miss_deg"": 2.29, ""labels"": [196]}, {""name"": ""苹果"", ""m"": 3.57029, ""q"": 0.0092, ""c"": 0.1369, ""capture"": 0.067, ""share"": 0.041, ""miss_deg"": 2.33, ""labels"": [194]}]"
2026_08_16/s6,s6,v8,,mass10,101.77,102.96,1.19,4.403,球L,191,0.865,0.1675,1.023,0.038,0.109,0.806,object#36,389.6407,1,1,11,球L,1,3,"[{""name"": ""球L"", ""m"": 65.25018, ""q"": 0.1675, ""c"": 0.1636, ""capture"": 1.023, ""share"": 0.865, ""miss_deg"": 0.0, ""labels"": [191]}, {""name"": ""香蕉"", ""m"": 7.12681, ""q"": 0.0183, ""c"": 0.4729, ""capture"": 0.039, ""share"": 0.094, ""miss_deg"": 2.55, ""labels"": [196]}, {""name"": ""苹果"", ""m"": 3.09979, ""q"": 0.008, ""c"": 0.1459, ""capture"": 0.055, ""share"": 0.041, ""miss_deg"": 2.41, ""labels"": [194]}]"
2026_08_16/s6,s6,v8,,mass10,103.01,103.39,0.38,4.445,球M,192,0.967,0.1238,0.849,0.042,0.031,0.872,object#162,389.6407,1,1,11,球L,0,3,"[{""name"": ""球M"", ""m"": 48.24035, ""q"": 0.1238, ""c"": 0.1459, ""capture"": 0.849, ""share"": 0.967, ""miss_deg"": 0.57, ""labels"": [192]}, {""name"": ""石榴"", ""m"": 1.51695, ""q"": 0.0039, ""c"": 0.1097, ""capture"": 0.036, ""share"": 0.03, ""miss_deg"": 2.58, ""labels"": [195]}, {""name"": ""球L"", ""m"": 0.13556, ""q"": 0.0003, ""c"": 0.1636, ""capture"": 0.002, ""share"": 0.003, ""miss_deg"": 3.51, ""labels"": [191]}]"
2026_08_16/s6,s6,v8,,mass10,103.45,104.0,0.54,4.401,球L,191,0.887,0.1579,0.965,0.036,0.105,0.822,object#10,389.6407,1,1,11,球L,1,4,"[{""name"": ""球L"", ""m"": 61.53728, ""q"": 0.1579, ""c"": 0.1636, ""capture"": 0.965, ""share"": 0.887, ""miss_deg"": 0.27, ""labels"": [191]}, {""name"": ""香蕉"", ""m"": 6.42095, ""q"": 0.0165, ""c"": 0.4729, ""capture"": 0.035, ""share"": 0.093, ""miss_deg"": 2.59, ""labels"": [196]}, {""name"": ""球M"", ""m"": 0.80314, ""q"": 0.0021, ""c"": 0.1636, ""capture"": 0.013, ""share"": 0.012, ""miss_deg"": 2.96, ""labels"": [192]}, {""name"": ""苹果"", ""m"": 0.58312, ""q"": 0.0015, ""c"": 0.1459, ""capture"": 0.01, ""share"": 0.008, ""miss_deg"": 3.03, ""labels"": [194]}]"
2026_08_16/s6,s6,v8,,mass10,104.05,104.48,0.43,4.409,球M,192,0.855,0.0974,0.595,0.145,0.145,0.886,object#162,389.6407,1,1,11,球L,0,4,"[{""name"": ""球M"", ""m"": 37.93638, ""q"": 0.0974, ""c"": 0.1636, ""capture"": 0.595, ""share"": 0.855, ""miss_deg"": 1.02, ""labels"": [192]}, {""name"": ""球L"", ""m"": 5.50657, ""q"": 0.0141, ""c"": 0.1636, ""capture"": 0.086, ""share"": 0.124, ""miss_deg"": 2.21, ""labels"": [191]}, {""name"": ""石榴"", ""m"": 0.557, ""q"": 0.0014, ""c"": 0.1097, ""capture"": 0.013, ""share"": 0.013, ""miss_deg"": 2.95, ""labels"": [195]}, {""name"": ""香蕉"", ""m"": 0.36905, ""q"": 0.0009, ""c"": 0.4729, ""capture"": 0.002, ""share"": 0.008, ""miss_deg"": 3.53, ""labels"": [196]}]"
2026_08_16/s6,s6,v8,,mass10,104.54,104.92,0.38,4.479,球M,192,0.888,0.1644,1.127,0.169,0.126,0.815,object#162,389.6407,1,1,,,,2,"[{""name"": ""球M"", ""m"": 64.04408, ""q"": 0.1644, ""c"": 0.1459, ""capture"": 1.127, ""share"": 0.888, ""miss_deg"": 0.0, ""labels"": [192]}, {""name"": ""石榴"", ""m"": 8.1015, ""q"": 0.0208, ""c"": 0.1097, ""capture"": 0.19, ""share"": 0.112, ""miss_deg"": 1.82, ""labels"": [195]}]"
2026_08_16/s6,s6,v8,,mass10,105.1,105.47,0.38,4.437,球M,192,0.93,0.1602,1.098,0.101,0.075,0.828,object#162,389.6407,1,1,,,,2,"[{""name"": ""球M"", ""m"": 62.42248, ""q"": 0.1602, ""c"": 0.1459, ""capture"": 1.098, ""share"": 0.93, ""miss_deg"": 0.0, ""labels"": [192]}, {""name"": ""石榴"", ""m"": 4.72231, ""q"": 0.0121, ""c"": 0.1097, ""capture"": 0.111, ""share"": 0.07, ""miss_deg"": 2.1, ""labels"": [195]}]"
2026_08_16/s6,s6,v8,,mass10,105.53,109.27,3.74,4.494,球M,192,0.901,0.168,1.151,0.146,0.11,0.814,object#162,389.6407,1,1,12,球M,1,2,"[{""name"": ""球M"", ""m"": 65.45325, ""q"": 0.168, ""c"": 0.1459, ""capture"": 1.151, ""share"": 0.901, ""miss_deg"": 0.0, ""labels"": [192]}, {""name"": ""石榴"", ""m"": 7.15787, ""q"": 0.0184, ""c"": 0.1097, ""capture"": 0.168, ""share"": 0.099, ""miss_deg"": 1.89, ""labels"": [195]}]"
2026_08_16/s6,s6,v8,,mass10,109.32,110.62,1.3,4.563,球M,192,0.791,0.1212,0.831,0.224,0.168,0.847,object#17,389.6407,1,1,12,球M,1,3,"[{""name"": ""球M"", ""m"": 47.23191, ""q"": 0.1212, ""c"": 0.1459, ""capture"": 0.831, ""share"": 0.791, ""miss_deg"": 0.61, ""labels"": [192]}, {""name"": ""石榴"", ""m"": 7.93688, ""q"": 0.0204, ""c"": 0.1097, ""capture"": 0.186, ""share"": 0.133, ""miss_deg"": 1.83, ""labels"": [195]}, {""name"": ""球R"", ""m"": 4.53531, ""q"": 0.0116, ""c"": 0.1188, ""capture"": 0.098, ""share"": 0.076, ""miss_deg"": 2.16, ""labels"": [193]}]"
2026_08_16/s6,s6,v8,,mass10,110.67,111.22,0.54,4.546,球R,193,0.77,0.057,0.417,0.29,0.232,0.926,object#17,389.6407,1,1,12,球M,0,3,"[{""name"": ""球R"", ""m"": 22.22387, ""q"": 0.057, ""c"": 0.1369, ""capture"": 0.417, ""share"": 0.77, ""miss_deg"": 1.32, ""labels"": [193]}, {""name"": ""石榴"", ""m"": 5.16214, ""q"": 0.0132, ""c"": 0.1097, ""capture"": 0.121, ""share"": 0.179, ""miss_deg"": 2.06, ""labels"": [195]}, {""name"": ""球M"", ""m"": 1.47647, ""q"": 0.0038, ""c"": 0.1459, ""capture"": 0.026, ""share"": 0.051, ""miss_deg"": 2.7, ""labels"": [192]}]"
2026_08_16/s6,s6,v8,,mass10,111.59,112.14,0.54,4.559,球M,192,0.71,0.1024,0.702,0.336,0.252,0.856,object#17,389.6407,1,1,,,,3,"[{""name"": ""球M"", ""m"": 39.90301, ""q"": 0.1024, ""c"": 0.1459, ""capture"": 0.702, ""share"": 0.71, ""miss_deg"": 0.84, ""labels"": [192]}, {""name"": ""石榴"", ""m"": 10.06667, ""q"": 0.0258, ""c"": 0.1097, ""capture"": 0.236, ""share"": 0.179, ""miss_deg"": 1.7, ""labels"": [195]}, {""name"": ""球R"", ""m"": 6.24097, ""q"": 0.016, ""c"": 0.1369, ""capture"": 0.117, ""share"": 0.111, ""miss_deg"": 2.07, ""labels"": [193]}]"
2026_08_16/s6,s6,v8,,mass10,112.19,112.57,0.38,4.385,球L,191,0.878,0.1447,0.884,0.04,0.116,0.835,object#149,389.6407,1,1,,,,4,"[{""name"": ""球L"", ""m"": 56.36258, ""q"": 0.1447, ""c"": 0.1636, ""capture"": 0.884, ""share"": 0.878, ""miss_deg"": 0.5, ""labels"": [191]}, {""name"": ""香蕉"", ""m"": 6.52287, ""q"": 0.0167, ""c"": 0.4729, ""capture"": 0.035, ""share"": 0.102, ""miss_deg"": 2.58, ""labels"": [196]}, {""name"": ""球M"", ""m"": 0.71793, ""q"": 0.0018, ""c"": 0.1636, ""capture"": 0.011, ""share"": 0.011, ""miss_deg"": 3.0, ""labels"": [192]}, {""name"": ""苹果"", ""m"": 0.5833, ""q"": 0.0015, ""c"": 0.1459, ""capture"": 0.01, ""share"": 0.009, ""miss_deg"": 3.03, ""labels"": [194]}]"
2026_08_16/s6,s6,v8,,mass10,112.68,115.38,2.7,4.406,球L,191,0.827,0.1789,1.093,0.053,0.155,0.784,object#36,389.6407,1,1,,,,3,"[{""name"": ""球L"", ""m"": 69.6883, ""q"": 0.1789, ""c"": 0.1636, ""capture"": 1.093, ""share"": 0.827, ""miss_deg"": 0.0, ""labels"": [191]}, {""name"": ""香蕉"", ""m"": 10.76506, ""q"": 0.0276, ""c"": 0.4729, ""capture"": 0.058, ""share"": 0.128, ""miss_deg"": 2.38, ""labels"": [196]}, {""name"": ""苹果"", ""m"": 3.85141, ""q"": 0.0099, ""c"": 0.1369, ""capture"": 0.072, ""share"": 0.046, ""miss_deg"": 2.29, ""labels"": [194]}]"
2026_08_16/s6,s6,v8,,mass10,115.44,116.03,0.6,4.482,球M,192,0.867,0.0792,0.543,0.122,0.136,0.909,object#162,389.6407,1,1,13,球L,0,4,"[{""name"": ""球M"", ""m"": 30.85783, ""q"": 0.0792, ""c"": 0.1459, ""capture"": 0.543, ""share"": 0.867, ""miss_deg"": 1.11, ""labels"": [192]}, {""name"": ""球L"", ""m"": 4.18904, ""q"": 0.0108, ""c"": 0.1636, ""capture"": 0.066, ""share"": 0.118, ""miss_deg"": 2.33, ""labels"": [191]}, {""name"": ""香蕉"", ""m"": 0.33825, ""q"": 0.0009, ""c"": 0.4729, ""capture"": 0.002, ""share"": 0.01, ""miss_deg"": 3.55, ""labels"": [196]}, {""name"": ""石榴"", ""m"": 0.20016, ""q"": 0.0005, ""c"": 0.1097, ""capture"": 0.005, ""share"": 0.006, ""miss_deg"": 3.28, ""labels"": [195]}]"
2026_08_16/s6,s6,v8,,mass10,116.09,117.12,1.03,4.48,球L,191,0.812,0.177,1.082,0.069,0.201,0.782,object#36,389.6407,1,1,13,球L,1,3,"[{""name"": ""球L"", ""m"": 68.96234, ""q"": 0.177, ""c"": 0.1636, ""capture"": 1.082, ""share"": 0.812, ""miss_deg"": 0.0, ""labels"": [191]}, {""name"": ""香蕉"", ""m"": 13.79814, ""q"": 0.0354, ""c"": 0.4729, ""capture"": 0.075, ""share"": 0.163, ""miss_deg"": 2.28, ""labels"": [196]}, {""name"": ""苹果"", ""m"": 2.13778, ""q"": 0.0055, ""c"": 0.1369, ""capture"": 0.04, ""share"": 0.025, ""miss_deg"": 2.54, ""labels"": [194]}]"
2026_08_16/s6,s6,v8,,mass10,117.44,117.82,0.38,4.504,球L,191,0.848,0.1418,0.866,0.046,0.134,0.833,object#10,389.6407,1,1,13,球L,1,3,"[{""name"": ""球L"", ""m"": 55.23773, ""q"": 0.1418, ""c"": 0.1636, ""capture"": 0.866, ""share"": 0.848, ""miss_deg"": 0.54, ""labels"": [191]}, {""name"": ""香蕉"", ""m"": 7.43344, ""q"": 0.0191, ""c"": 0.4729, ""capture"": 0.04, ""share"": 0.114, ""miss_deg"": 2.53, ""labels"": [196]}, {""name"": ""球M"", ""m"": 2.44118, ""q"": 0.0063, ""c"": 0.1459, ""capture"": 0.043, ""share"": 0.037, ""miss_deg"": 2.51, ""labels"": [192]}]"
2026_08_16/s6,s6,v8,,mass10,117.87,118.14,0.27,4.517,球M,192,0.946,0.188,1.289,0.071,0.054,0.801,object#10,389.6407,1,1,13,球L,0,3,"[{""name"": ""球M"", ""m"": 73.27055, ""q"": 0.188, ""c"": 0.1459, ""capture"": 1.289, ""share"": 0.946, ""miss_deg"": 0.0, ""labels"": [192]}, {""name"": ""石榴"", ""m"": 3.92149, ""q"": 0.0101, ""c"": 0.1097, ""capture"": 0.092, ""share"": 0.051, ""miss_deg"": 2.19, ""labels"": [195]}, {""name"": ""球L"", ""m"": 0.29076, ""q"": 0.0007, ""c"": 0.1636, ""capture"": 0.005, ""share"": 0.004, ""miss_deg"": 3.28, ""labels"": [191]}]"
2026_08_16/s6,s6,v8,,mass10,118.2,119.01,0.81,4.459,球L,191,0.785,0.172,1.052,0.081,0.234,0.781,object#10,389.6407,1,1,13,球L,1,4,"[{""name"": ""球L"", ""m"": 67.03685, ""q"": 0.172, ""c"": 0.1636, ""capture"": 1.052, ""share"": 0.785, ""miss_deg"": 0.0, ""labels"": [191]}, {""name"": ""香蕉"", ""m"": 15.74379, ""q"": 0.0404, ""c"": 0.4729, ""capture"": 0.085, ""share"": 0.184, ""miss_deg"": 2.22, ""labels"": [196]}, {""name"": ""苹果"", ""m"": 1.7361, ""q"": 0.0045, ""c"": 0.1369, ""capture"": 0.033, ""share"": 0.02, ""miss_deg"": 2.62, ""labels"": [194]}, {""name"": ""球M"", ""m"": 0.85617, ""q"": 0.0022, ""c"": 0.1459, ""capture"": 0.015, ""share"": 0.01, ""miss_deg"": 2.9, ""labels"": [192]}]"
2026_08_16/s6,s6,v8,,mass10,119.37,122.25,2.88,4.548,球R,193,0.792,0.0687,0.502,0.293,0.235,0.913,object#17,389.6407,1,1,,,,3,"[{""name"": ""球R"", ""m"": 26.76796, ""q"": 0.0687, ""c"": 0.1369, ""capture"": 0.502, ""share"": 0.792, ""miss_deg"": 1.17, ""labels"": [193]}, {""name"": ""石榴"", ""m"": 6.26622, ""q"": 0.0161, ""c"": 0.1097, ""capture"": 0.147, ""share"": 0.186, ""miss_deg"": 1.96, ""labels"": [195]}, {""name"": ""球M"", ""m"": 0.74585, ""q"": 0.0019, ""c"": 0.1459, ""capture"": 0.013, ""share"": 0.022, ""miss_deg"": 2.94, ""labels"": [192]}]"
2026_08_16/s6,s6,v8,,mass10,122.3,124.31,2.0,4.54,球R,193,0.865,0.0751,0.548,0.195,0.156,0.913,object#17,389.6407,1,1,14,球R,1,2,"[{""name"": ""球R"", ""m"": 29.25555, ""q"": 0.0751, ""c"": 0.1369, ""capture"": 0.548, ""share"": 0.865, ""miss_deg"": 1.1, ""labels"": [193]}, {""name"": ""石榴"", ""m"": 4.57307, ""q"": 0.0117, ""c"": 0.1097, ""capture"": 0.107, ""share"": 0.135, ""miss_deg"": 2.11, ""labels"": [195]}]"
2026_08_16/s6,s6,v8,,mass10,124.36,124.69,0.32,4.496,球M,192,0.964,0.1231,0.844,0.05,0.037,0.872,object#162,389.6407,1,1,14,球R,0,2,"[{""name"": ""球M"", ""m"": 47.95379, ""q"": 0.1231, ""c"": 0.1459, ""capture"": 0.844, ""share"": 0.964, ""miss_deg"": 0.58, ""labels"": [192]}, {""name"": ""石榴"", ""m"": 1.80699, ""q"": 0.0046, ""c"": 0.1097, ""capture"": 0.042, ""share"": 0.036, ""miss_deg"": 2.52, ""labels"": [195]}]"
2026_08_16/s6,s6,v8,,mass10,125.14,125.46,0.32,4.526,球M,192,0.865,0.1895,1.299,0.208,0.156,0.781,object#10,389.6407,1,1,14,球R,0,2,"[{""name"": ""球M"", ""m"": 73.84467, ""q"": 0.1895, ""c"": 0.1459, ""capture"": 1.299, ""share"": 0.865, ""miss_deg"": 0.0, ""labels"": [192]}, {""name"": ""石榴"", ""m"": 11.5357, ""q"": 0.0296, ""c"": 0.1097, ""capture"": 0.27, ""share"": 0.135, ""miss_deg"": 1.62, ""labels"": [195]}]"
2026_08_16/s6,s6,v8,,mass10,125.52,125.79,0.27,4.624,球R,193,0.785,0.1035,0.872,0.282,0.261,0.868,object#17,389.6407,1,1,14,球R,1,3,"[{""name"": ""球R"", ""m"": 40.33835, ""q"": 0.1035, ""c"": 0.1188, ""capture"": 0.872, ""share"": 0.785, ""miss_deg"": 0.52, ""labels"": [193]}, {""name"": ""石榴"", ""m"": 10.50945, ""q"": 0.027, ""c"": 0.1097, ""capture"": 0.246, ""share"": 0.205, ""miss_deg"": 1.67, ""labels"": [195]}, {""name"": ""球M"", ""m"": 0.52212, ""q"": 0.0013, ""c"": 0.1459, ""capture"": 0.009, ""share"": 0.01, ""miss_deg"": 3.06, ""labels"": [192]}]"
2026_08_16/s6,s6,v8,,mass10,125.84,126.39,0.54,4.494,球M,192,0.844,0.177,1.213,0.243,0.182,0.79,object#162,389.6407,1,1,,,,3,"[{""name"": ""球M"", ""m"": 68.98039, ""q"": 0.177, ""c"": 0.1459, ""capture"": 1.213, ""share"": 0.844, ""miss_deg"": 0.0, ""labels"": [192]}, {""name"": ""石榴"", ""m"": 12.60856, ""q"": 0.0324, ""c"": 0.1097, ""capture"": 0.295, ""share"": 0.154, ""miss_deg"": 1.56, ""labels"": [195]}, {""name"": ""球R"", ""m"": 0.17945, ""q"": 0.0005, ""c"": 0.1369, ""capture"": 0.003, ""share"": 0.002, ""miss_deg"": 3.37, ""labels"": [193]}]"
2026_08_16/s6,s6,v8,,mass10,126.61,130.13,3.52,4.398,球L,191,0.811,0.201,1.228,0.055,0.16,0.752,object#36,389.6407,1,1,,,,3,"[{""name"": ""球L"", ""m"": 78.30511, ""q"": 0.201, ""c"": 0.1636, ""capture"": 1.228, ""share"": 0.811, ""miss_deg"": 0.0, ""labels"": [191]}, {""name"": ""香蕉"", ""m"": 12.54301, ""q"": 0.0322, ""c"": 0.4729, ""capture"": 0.068, ""share"": 0.13, ""miss_deg"": 2.32, ""labels"": [196]}, {""name"": ""苹果"", ""m"": 5.7017, ""q"": 0.0146, ""c"": 0.1459, ""capture"": 0.1, ""share"": 0.059, ""miss_deg"": 2.14, ""labels"": [194]}]"
2026_08_16/s6,s6,v8,,mass10,130.18,131.91,1.73,4.438,球L,191,0.775,0.1941,1.186,0.085,0.246,0.75,object#36,389.6407,1,1,15,球L,1,3,"[{""name"": ""球L"", ""m"": 75.63206, ""q"": 0.1941, ""c"": 0.1636, ""capture"": 1.186, ""share"": 0.775, ""miss_deg"": 0.0, ""labels"": [191]}, {""name"": ""香蕉"", ""m"": 18.64722, ""q"": 0.0479, ""c"": 0.4729, ""capture"": 0.101, ""share"": 0.191, ""miss_deg"": 2.14, ""labels"": [196]}, {""name"": ""苹果"", ""m"": 3.27965, ""q"": 0.0084, ""c"": 0.1369, ""capture"": 0.061, ""share"": 0.034, ""miss_deg"": 2.36, ""labels"": [194]}]"
2026_08_16/s6,s6,v8,,mass10,131.97,132.24,0.27,4.346,球L,191,0.878,0.0419,0.256,0.023,0.075,0.952,object#36,389.6407,1,1,15,球L,1,3,"[{""name"": ""球L"", ""m"": 16.32129, ""q"": 0.0419, ""c"": 0.1636, ""capture"": 0.256, ""share"": 0.878, ""miss_deg"": 1.65, ""labels"": [191]}, {""name"": ""香蕉"", ""m"": 1.22905, ""q"": 0.0032, ""c"": 0.4899, ""capture"": 0.006, ""share"": 0.066, ""miss_deg"": 3.18, ""labels"": [196]}, {""name"": ""苹果"", ""m"": 1.02944, ""q"": 0.0026, ""c"": 0.1459, ""capture"": 0.018, ""share"": 0.055, ""miss_deg"": 2.83, ""labels"": [194]}]"
2026_08_16/s6,s6,v8,,mass10,135.56,135.94,0.38,1.777,,-1,0.0,0.0,,,,1.0,object#82,389.6407,0,0,,,,0,[]
2026_08_18/000,s7,v8,,mass10,8.99,9.75,0.76,3.208,球M,192,1.0,0.0316,0.117,0.0,0.0,0.968,object#17,389.6407,0,0,,,,1,"[{""name"": ""球M"", ""m"": 12.32952, ""q"": 0.0316, ""c"": 0.2704, ""capture"": 0.117, ""share"": 1.0, ""miss_deg"": 2.07, ""labels"": [192]}]"
2026_08_18/000,s7,v8,,mass10,10.07,10.61,0.54,2.904,球M,192,0.937,0.1427,0.452,0.066,0.067,0.848,object#17,389.6407,1,1,,,,2,"[{""name"": ""球M"", ""m"": 55.606, ""q"": 0.1427, ""c"": 0.3157, ""capture"": 0.452, ""share"": 0.937, ""miss_deg"": 1.26, ""labels"": [192]}, {""name"": ""球L"", ""m"": 3.72772, ""q"": 0.0096, ""c"": 0.3228, ""capture"": 0.03, ""share"": 0.063, ""miss_deg"": 2.65, ""labels"": [191]}]"
2026_08_18/000,s7,v8,,mass10,11.1,12.13,1.03,2.934,球M,192,0.956,0.1417,0.449,0.047,0.046,0.852,object#17,389.6407,1,1,,,,2,"[{""name"": ""球M"", ""m"": 55.19503, ""q"": 0.1417, ""c"": 0.3157, ""capture"": 0.449, ""share"": 0.956, ""miss_deg"": 1.27, ""labels"": [192]}, {""name"": ""球L"", ""m"": 2.56004, ""q"": 0.0066, ""c"": 0.3157, ""capture"": 0.021, ""share"": 0.044, ""miss_deg"": 2.78, ""labels"": [191]}]"
2026_08_18/000,s7,v8,,mass10,12.18,12.72,0.54,3.18,球M,192,0.599,0.0855,0.316,0.734,0.669,0.857,object#17,389.6407,1,1,,,,2,"[{""name"": ""球M"", ""m"": 33.29881, ""q"": 0.0855, ""c"": 0.2704, ""capture"": 0.316, ""share"": 0.599, ""miss_deg"": 1.52, ""labels"": [192]}, {""name"": ""球R"", ""m"": 22.30734, ""q"": 0.0573, ""c"": 0.2469, ""capture"": 0.232, ""share"": 0.401, ""miss_deg"": 1.71, ""labels"": [193]}]"
2026_08_18/000,s7,v8,,mass10,15.27,15.92,0.65,2.967,球M,192,0.79,0.1011,0.336,0.253,0.266,0.872,object#17,389.6407,1,1,,,,2,"[{""name"": ""球M"", ""m"": 39.39104, ""q"": 0.1011, ""c"": 0.3009, ""capture"": 0.336, ""share"": 0.79, ""miss_deg"": 1.48, ""labels"": [192]}, {""name"": ""球L"", ""m"": 10.44955, ""q"": 0.0268, ""c"": 0.3157, ""capture"": 0.085, ""share"": 0.21, ""miss_deg"": 2.22, ""labels"": [191]}]"
2026_08_18/000,s7,v8,,mass10,16.14,21.01,4.87,3.01,球L,191,0.996,0.186,0.589,0.003,0.004,0.813,object#118,389.6407,1,1,1,球L,1,2,"[{""name"": ""球L"", ""m"": 72.46396, ""q"": 0.186, ""c"": 0.3157, ""capture"": 0.589, ""share"": 0.996, ""miss_deg"": 1.03, ""labels"": [191]}, {""name"": ""球M"", ""m"": 0.2704, ""q"": 0.0007, ""c"": 0.3009, ""capture"": 0.002, ""share"": 0.004, ""miss_deg"": 3.48, ""labels"": [192]}]"
2026_08_18/000,s7,v8,,mass10,21.17,21.61,0.43,3.464,球L,191,1.0,0.0026,0.011,0.0,0.0,0.997,object#17,389.6407,0,0,1,球L,1,1,"[{""name"": ""球L"", ""m"": 1.02291, ""q"": 0.0026, ""c"": 0.2469, ""capture"": 0.011, ""share"": 1.0, ""miss_deg"": 3.01, ""labels"": [191]}]"
2026_08_18/000,s7,v8,,mass10,21.96,22.39,0.43,3.321,球R,193,0.667,0.0357,0.155,0.465,0.499,0.946,object#17,389.6407,0,0,,,,2,"[{""name"": ""球R"", ""m"": 13.91569, ""q"": 0.0357, ""c"": 0.2309, ""capture"": 0.155, ""share"": 0.667, ""miss_deg"": 1.93, ""labels"": [193]}, {""name"": ""球M"", ""m"": 6.93712, ""q"": 0.0178, ""c"": 0.2469, ""capture"": 0.072, ""share"": 0.333, ""miss_deg"": 2.29, ""labels"": [192]}]"
2026_08_18/000,s7,v8,,mass10,23.04,26.46,3.41,3.005,球L,191,1.0,0.1277,0.405,0.0,0.0,0.872,object#118,389.6407,1,1,2,球L,1,1,"[{""name"": ""球L"", ""m"": 49.75815, ""q"": 0.1277, ""c"": 0.3157, ""capture"": 0.405, ""share"": 1.0, ""miss_deg"": 1.35, ""labels"": [191]}]"
2026_08_18/000,s7,v8,,mass10,26.57,29.82,3.25,3.014,球L,191,0.997,0.1663,0.527,0.004,0.003,0.833,object#118,389.6407,1,1,2,球L,1,2,"[{""name"": ""球L"", ""m"": 64.80855, ""q"": 0.1663, ""c"": 0.3157, ""capture"": 0.527, ""share"": 0.997, ""miss_deg"": 1.13, ""labels"": [191]}, {""name"": ""球M"", ""m"": 0.20017, ""q"": 0.0005, ""c"": 0.3009, ""capture"": 0.002, ""share"": 0.003, ""miss_deg"": 3.57, ""labels"": [192]}]"
2026_08_18/000,s7,v8,,mass10,30.35,30.73,0.38,3.357,球R,193,0.772,0.1167,0.524,0.267,0.295,0.849,object#17,389.6407,1,1,,,,2,"[{""name"": ""球R"", ""m"": 45.45974, ""q"": 0.1167, ""c"": 0.2228, ""capture"": 0.524, ""share"": 0.772, ""miss_deg"": 1.14, ""labels"": [193]}, {""name"": ""球M"", ""m"": 13.44998, ""q"": 0.0345, ""c"": 0.2469, ""capture"": 0.14, ""share"": 0.228, ""miss_deg"": 1.98, ""labels"": [192]}]"
2026_08_18/000,s7,v8,,mass10,30.78,33.38,2.6,3.399,球R,193,0.86,0.0593,0.266,0.147,0.163,0.931,object#17,389.6407,1,1,3,球R,1,2,"[{""name"": ""球R"", ""m"": 23.08863, ""q"": 0.0593, ""c"": 0.2228, ""capture"": 0.266, ""share"": 0.86, ""miss_deg"": 1.63, ""labels"": [193]}, {""name"": ""球M"", ""m"": 3.75971, ""q"": 0.0096, ""c"": 0.2469, ""capture"": 0.039, ""share"": 0.14, ""miss_deg"": 2.55, ""labels"": [192]}]"
2026_08_18/000,s7,v8,,mass10,33.44,33.71,0.27,3.294,球M,192,0.84,0.1004,0.394,0.211,0.19,0.88,object#17,389.6407,1,1,3,球R,0,2,"[{""name"": ""球M"", ""m"": 39.10726, ""q"": 0.1004, ""c"": 0.2548, ""capture"": 0.394, ""share"": 0.84, ""miss_deg"": 1.36, ""labels"": [192]}, {""name"": ""球R"", ""m"": 7.46733, ""q"": 0.0192, ""c"": 0.2309, ""capture"": 0.083, ""share"": 0.16, ""miss_deg"": 2.23, ""labels"": [193]}]"
2026_08_18/000,s7,v8,,mass10,33.76,34.3,0.54,3.208,球M,192,0.794,0.1642,0.607,0.28,0.256,0.793,object#17,389.6407,1,1,3,球R,0,3,"[{""name"": ""球M"", ""m"": 63.98603, ""q"": 0.1642, ""c"": 0.2704, ""capture"": 0.607, ""share"": 0.794, ""miss_deg"": 1.0, ""labels"": [192]}, {""name"": ""球R"", ""m"": 16.37448, ""q"": 0.042, ""c"": 0.2469, ""capture"": 0.17, ""share"": 0.203, ""miss_deg"": 1.88, ""labels"": [193]}, {""name"": ""球L"", ""m"": 0.26295, ""q"": 0.0007, ""c"": 0.2857, ""capture"": 0.002, ""share"": 0.003, ""miss_deg"": 3.48, ""labels"": [191]}]"
2026_08_18/000,s7,v8,,mass10,34.36,34.74,0.38,3.024,球M,192,0.915,0.2173,0.722,0.087,0.079,0.762,object#17,389.6407,1,1,3,球R,0,3,"[{""name"": ""球M"", ""m"": 84.65116, ""q"": 0.2173, ""c"": 0.3009, ""capture"": 0.722, ""share"": 0.915, ""miss_deg"": 0.81, ""labels"": [192]}, {""name"": ""球R"", ""m"": 6.6463, ""q"": 0.0171, ""c"": 0.2704, ""capture"": 0.063, ""share"": 0.072, ""miss_deg"": 2.35, ""labels"": [193]}, {""name"": ""球L"", ""m"": 1.24536, ""q"": 0.0032, ""c"": 0.3157, ""capture"": 0.01, ""share"": 0.013, ""miss_deg"": 3.03, ""labels"": [191]}]"
2026_08_18/000,s7,v8,,mass10,35.4,35.78,0.38,3.332,球M,192,0.993,0.0459,0.186,0.005,0.007,0.954,object#17,389.6407,0,0,3,球R,0,2,"[{""name"": ""球M"", ""m"": 17.88171, ""q"": 0.0459, ""c"": 0.2469, ""capture"": 0.186, ""share"": 0.993, ""miss_deg"": 1.83, ""labels"": [192]}, {""name"": ""球R"", ""m"": 0.12682, ""q"": 0.0003, ""c"": 0.2228, ""capture"": 0.001, ""share"": 0.007, ""miss_deg"": 3.61, ""labels"": [193]}]"
2026_08_18/000,s7,v8,,mass10,35.94,36.27,0.32,3.177,球M,192,0.747,0.1878,0.694,0.367,0.335,0.749,object#17,389.6407,1,1,,,,3,"[{""name"": ""球M"", ""m"": 73.15704, ""q"": 0.1878, ""c"": 0.2704, ""capture"": 0.694, ""share"": 0.747, ""miss_deg"": 0.85, ""labels"": [192]}, {""name"": ""球R"", ""m"": 24.51969, ""q"": 0.0629, ""c"": 0.2469, ""capture"": 0.255, ""share"": 0.25, ""miss_deg"": 1.65, ""labels"": [193]}, {""name"": ""球L"", ""m"": 0.23661, ""q"": 0.0006, ""c"": 0.2857, ""capture"": 0.002, ""share"": 0.002, ""miss_deg"": 3.51, ""labels"": [191]}]"
2026_08_18/000,s7,v8,,mass10,36.38,36.65,0.27,3.204,球M,192,0.909,0.1242,0.459,0.105,0.095,0.863,object#17,389.6407,1,1,,,,3,"[{""name"": ""球M"", ""m"": 48.39456, ""q"": 0.1242, ""c"": 0.2704, ""capture"": 0.459, ""share"": 0.909, ""miss_deg"": 1.25, ""labels"": [192]}, {""name"": ""球R"", ""m"": 4.59446, ""q"": 0.0118, ""c"": 0.2469, ""capture"": 0.048, ""share"": 0.086, ""miss_deg"": 2.47, ""labels"": [193]}, {""name"": ""球L"", ""m"": 0.24396, ""q"": 0.0006, ""c"": 0.2857, ""capture"": 0.002, ""share"": 0.005, ""miss_deg"": 3.5, ""labels"": [191]}]"
2026_08_18/000,s7,v8,,mass10,36.97,37.41,0.43,3.329,球M,192,0.548,0.0662,0.268,0.914,0.825,0.879,object#17,389.6407,1,1,,,,2,"[{""name"": ""球M"", ""m"": 25.78361, ""q"": 0.0662, ""c"": 0.2469, ""capture"": 0.268, ""share"": 0.548, ""miss_deg"": 1.62, ""labels"": [192]}, {""name"": ""球R"", ""m"": 21.28543, ""q"": 0.0546, ""c"": 0.2228, ""capture"": 0.245, ""share"": 0.452, ""miss_deg"": 1.68, ""labels"": [193]}]"
2026_08_18/000,s7,v8,,mass10,37.73,40.11,2.38,3.376,球R,193,0.857,0.0405,0.182,0.148,0.167,0.953,object#17,389.6407,0,0,4,球R,1,2,"[{""name"": ""球R"", ""m"": 15.77079, ""q"": 0.0405, ""c"": 0.2228, ""capture"": 0.182, ""share"": 0.857, ""miss_deg"": 1.85, ""labels"": [193]}, {""name"": ""球M"", ""m"": 2.62334, ""q"": 0.0067, ""c"": 0.2469, ""capture"": 0.027, ""share"": 0.143, ""miss_deg"": 2.68, ""labels"": [192]}]"
2026_08_18/000,s7,v8,,mass10,40.17,42.39,2.22,3.354,球R,193,0.553,0.0264,0.118,0.729,0.808,0.952,object#17,389.6407,0,0,4,球R,1,2,"[{""name"": ""球R"", ""m"": 10.28129, ""q"": 0.0264, ""c"": 0.2228, ""capture"": 0.118, ""share"": 0.553, ""miss_deg"": 2.07, ""labels"": [193]}, {""name"": ""球M"", ""m"": 8.31741, ""q"": 0.0213, ""c"": 0.2469, ""capture"": 0.086, ""share"": 0.447, ""miss_deg"": 2.21, ""labels"": [192]}]"
2026_08_18/000,s7,v8,,mass10,42.44,42.71,0.27,3.27,球M,192,0.736,0.0962,0.377,0.395,0.359,0.869,object#17,389.6407,1,1,4,球R,0,2,"[{""name"": ""球M"", ""m"": 37.47198, ""q"": 0.0962, ""c"": 0.2548, ""capture"": 0.377, ""share"": 0.736, ""miss_deg"": 1.4, ""labels"": [192]}, {""name"": ""球R"", ""m"": 13.44859, ""q"": 0.0345, ""c"": 0.2309, ""capture"": 0.149, ""share"": 0.264, ""miss_deg"": 1.95, ""labels"": [193]}]"
2026_08_18/000,s7,v8,,mass10,42.87,43.14,0.27,3.41,球R,193,1.0,0.0288,0.129,0.0,0.0,0.971,object#17,389.6407,0,0,4,球R,1,1,"[{""name"": ""球R"", ""m"": 11.20706, ""q"": 0.0288, ""c"": 0.2228, ""capture"": 0.129, ""share"": 1.0, ""miss_deg"": 2.02, ""labels"": [193]}]"
2026_08_18/000,s7,v8,,mass10,43.19,43.52,0.32,3.259,球M,192,0.678,0.0997,0.369,0.556,0.475,0.853,object#17,389.6407,1,1,,,,2,"[{""name"": ""球M"", ""m"": 38.82961, ""q"": 0.0997, ""c"": 0.2704, ""capture"": 0.369, ""share"": 0.678, ""miss_deg"": 1.41, ""labels"": [192]}, {""name"": ""球R"", ""m"": 18.42278, ""q"": 0.0473, ""c"": 0.2309, ""capture"": 0.205, ""share"": 0.322, ""miss_deg"": 1.78, ""labels"": [193]}]"
2026_08_18/000,s7,v8,,mass10,44.11,44.44,0.32,3.207,球M,192,0.782,0.1307,0.483,0.304,0.277,0.833,object#17,389.6407,1,1,,,,3,"[{""name"": ""球M"", ""m"": 50.91598, ""q"": 0.1307, ""c"": 0.2704, ""capture"": 0.483, ""share"": 0.782, ""miss_deg"": 1.21, ""labels"": [192]}, {""name"": ""球R"", ""m"": 14.1135, ""q"": 0.0362, ""c"": 0.2469, ""capture"": 0.147, ""share"": 0.217, ""miss_deg"": 1.96, ""labels"": [193]}, {""name"": ""球L"", ""m"": 0.08414, ""q"": 0.0002, ""c"": 0.2857, ""capture"": 0.001, ""share"": 0.001, ""miss_deg"": 3.79, ""labels"": [191]}]"
2026_08_18/000,s7,v8,,mass10,44.49,44.98,0.49,3.05,球M,192,0.865,0.19,0.631,0.163,0.146,0.78,object#17,389.6407,1,1,5,球M,1,3,"[{""name"": ""球M"", ""m"": 74.01457, ""q"": 0.19, ""c"": 0.3009, ""capture"": 0.631, ""share"": 0.865, ""miss_deg"": 0.96, ""labels"": [192]}, {""name"": ""球R"", ""m"": 10.8228, ""q"": 0.0278, ""c"": 0.2704, ""capture"": 0.103, ""share"": 0.126, ""miss_deg"": 2.13, ""labels"": [193]}, {""name"": ""球L"", ""m"": 0.76762, ""q"": 0.002, ""c"": 0.3009, ""capture"": 0.007, ""share"": 0.009, ""miss_deg"": 3.17, ""labels"": [191]}]"
2026_08_18/000,s7,v8,,mass10,45.25,45.9,0.65,3.018,球M,192,0.963,0.1392,0.463,0.019,0.021,0.855,object#17,389.6407,1,1,5,球M,1,3,"[{""name"": ""球M"", ""m"": 54.24095, ""q"": 0.1392, ""c"": 0.3009, ""capture"": 0.463, ""share"": 0.963, ""miss_deg"": 1.24, ""labels"": [192]}, {""name"": ""球L"", ""m"": 1.11338, ""q"": 0.0029, ""c"": 0.3157, ""capture"": 0.009, ""share"": 0.02, ""miss_deg"": 3.07, ""labels"": [191]}, {""name"": ""球R"", ""m"": 0.97831, ""q"": 0.0025, ""c"": 0.2704, ""capture"": 0.009, ""share"": 0.017, ""miss_deg"": 3.06, ""labels"": [193]}]"
2026_08_18/000,s7,v8,,mass10,46.49,47.69,1.19,3.007,球M,192,0.938,0.1758,0.584,0.039,0.042,0.813,object#17,389.6407,1,1,5,球M,1,3,"[{""name"": ""球M"", ""m"": 68.48869, ""q"": 0.1758, ""c"": 0.3009, ""capture"": 0.584, ""share"": 0.938, ""miss_deg"": 1.04, ""labels"": [192]}, {""name"": ""球L"", ""m"": 2.83912, ""q"": 0.0073, ""c"": 0.3157, ""capture"": 0.023, ""share"": 0.039, ""miss_deg"": 2.75, ""labels"": [191]}, {""name"": ""球R"", ""m"": 1.67439, ""q"": 0.0043, ""c"": 0.2704, ""capture"": 0.016, ""share"": 0.023, ""miss_deg"": 2.88, ""labels"": [193]}]"
2026_08_18/000,s7,v8,,mass10,47.85,49.64,1.79,2.988,球M,192,0.886,0.1152,0.383,0.123,0.129,0.87,object#17,389.6407,1,1,5,球M,1,2,"[{""name"": ""球M"", ""m"": 44.89662, ""q"": 0.1152, ""c"": 0.3009, ""capture"": 0.383, ""share"": 0.886, ""miss_deg"": 1.39, ""labels"": [192]}, {""name"": ""球L"", ""m"": 5.76935, ""q"": 0.0148, ""c"": 0.3157, ""capture"": 0.047, ""share"": 0.114, ""miss_deg"": 2.47, ""labels"": [191]}]"
2026_08_18/000,s7,v8,,mass10,50.89,51.27,0.38,3.013,球L,191,0.985,0.0698,0.221,0.014,0.015,0.929,object#17,389.6407,1,1,,,,2,"[{""name"": ""球L"", ""m"": 27.20297, ""q"": 0.0698, ""c"": 0.3157, ""capture"": 0.221, ""share"": 0.985, ""miss_deg"": 1.74, ""labels"": [191]}, {""name"": ""球M"", ""m"": 0.4054, ""q"": 0.001, ""c"": 0.3009, ""capture"": 0.003, ""share"": 0.015, ""miss_deg"": 3.37, ""labels"": [192]}]"
2026_08_18/000,s7,v8,,mass10,51.51,52.11,0.6,2.996,球L,191,0.937,0.3806,1.206,0.041,0.038,0.594,object#10,389.6407,1,1,6,球L,1,3,"[{""name"": ""球L"", ""m"": 148.29587, ""q"": 0.3806, ""c"": 0.3157, ""capture"": 1.206, ""share"": 0.937, ""miss_deg"": 0.0, ""labels"": [191]}, {""name"": ""球M"", ""m"": 5.76443, ""q"": 0.0148, ""c"": 0.3009, ""capture"": 0.049, ""share"": 0.036, ""miss_deg"": 2.45, ""labels"": [192]}, {""name"": ""香蕉"", ""m"": 4.27706, ""q"": 0.011, ""c"": 0.7904, ""capture"": 0.014, ""share"": 0.027, ""miss_deg"": 2.92, ""labels"": [196]}]"
2026_08_18/000,s7,v8,,mass10,52.77,53.15,0.38,3.016,球L,191,0.922,0.3137,0.994,0.089,0.085,0.66,object#17,389.6407,1,1,6,球L,1,2,"[{""name"": ""球L"", ""m"": 122.2368, ""q"": 0.3137, ""c"": 0.3157, ""capture"": 0.994, ""share"": 0.922, ""miss_deg"": 0.11, ""labels"": [191]}, {""name"": ""球M"", ""m"": 10.28872, ""q"": 0.0264, ""c"": 0.3009, ""capture"": 0.088, ""share"": 0.078, ""miss_deg"": 2.21, ""labels"": [192]}]"
2026_08_18/000,s7,v8,,mass10,53.2,56.18,2.98,3.018,球L,191,0.954,0.3808,1.207,0.013,0.032,0.601,object#36,389.6407,1,1,6,球L,1,3,"[{""name"": ""球L"", ""m"": 148.39344, ""q"": 0.3808, ""c"": 0.3157, ""capture"": 1.207, ""share"": 0.954, ""miss_deg"": 0.0, ""labels"": [191]}, {""name"": ""香蕉"", ""m"": 4.88844, ""q"": 0.0125, ""c"": 0.7697, ""capture"": 0.016, ""share"": 0.031, ""miss_deg"": 2.87, ""labels"": [196]}, {""name"": ""球M"", ""m"": 2.24922, ""q"": 0.0058, ""c"": 0.3009, ""capture"": 0.019, ""share"": 0.014, ""miss_deg"": 2.81, ""labels"": [192]}]"
2026_08_18/000,s7,v8,,mass10,56.34,57.37,1.03,3.017,球L,191,0.712,0.0774,0.245,0.424,0.404,0.891,object#17,389.6407,1,1,6,球L,1,2,"[{""name"": ""球L"", ""m"": 30.17117, ""q"": 0.0774, ""c"": 0.3157, ""capture"": 0.245, ""share"": 0.712, ""miss_deg"": 1.68, ""labels"": [191]}, {""name"": ""球M"", ""m"": 12.17553, ""q"": 0.0312, ""c"": 0.3009, ""capture"": 0.104, ""share"": 0.288, ""miss_deg"": 2.13, ""labels"": [192]}]"
2026_08_18/000,s7,v8,,mass10,57.91,58.24,0.32,2.985,球M,192,0.885,0.2141,0.711,0.089,0.093,0.758,object#17,389.6407,1,1,,,,3,"[{""name"": ""球M"", ""m"": 83.40849, ""q"": 0.2141, ""c"": 0.3009, ""capture"": 0.711, ""share"": 0.885, ""miss_deg"": 0.83, ""labels"": [192]}, {""name"": ""球L"", ""m"": 7.76602, ""q"": 0.0199, ""c"": 0.3157, ""capture"": 0.063, ""share"": 0.082, ""miss_deg"": 2.35, ""labels"": [191]}, {""name"": ""球R"", ""m"": 3.09184, ""q"": 0.0079, ""c"": 0.2704, ""capture"": 0.029, ""share"": 0.033, ""miss_deg"": 2.66, ""labels"": [193]}]"
2026_08_18/000,s7,v8,,mass10,58.35,60.96,2.61,2.985,球M,192,0.889,0.2521,0.838,0.064,0.069,0.717,object#70,389.6407,1,1,7,球M,1,3,"[{""name"": ""球M"", ""m"": 98.21048, ""q"": 0.2521, ""c"": 0.3009, ""capture"": 0.838, ""share"": 0.889, ""miss_deg"": 0.6, ""labels"": [192]}, {""name"": ""球L"", ""m"": 6.69419, ""q"": 0.0172, ""c"": 0.3157, ""capture"": 0.054, ""share"": 0.061, ""miss_deg"": 2.41, ""labels"": [191]}, {""name"": ""球R"", ""m"": 5.55667, ""q"": 0.0143, ""c"": 0.2704, ""capture"": 0.053, ""share"": 0.05, ""miss_deg"": 2.43, ""labels"": [193]}]"
2026_08_18/000,s7,v8,,mass10,61.01,62.2,1.19,3.326,球M,192,0.586,0.0501,0.203,0.783,0.706,0.914,object#17,389.6407,1,1,7,球M,1,2,"[{""name"": ""球M"", ""m"": 19.5304, ""q"": 0.0501, ""c"": 0.2469, ""capture"": 0.203, ""share"": 0.586, ""miss_deg"": 1.79, ""labels"": [192]}, {""name"": ""球R"", ""m"": 13.80424, ""q"": 0.0354, ""c"": 0.2228, ""capture"": 0.159, ""share"": 0.414, ""miss_deg"": 1.92, ""labels"": [193]}]"
2026_08_18/000,s7,v8,,mass10,63.12,63.5,0.38,2.969,球M,192,0.906,0.1306,0.434,0.099,0.103,0.856,object#17,389.6407,1,1,7,球M,1,3,"[{""name"": ""球M"", ""m"": 50.89167, ""q"": 0.1306, ""c"": 0.3009, ""capture"": 0.434, ""share"": 0.906, ""miss_deg"": 1.29, ""labels"": [192]}, {""name"": ""球L"", ""m"": 5.22912, ""q"": 0.0134, ""c"": 0.3157, ""capture"": 0.043, ""share"": 0.093, ""miss_deg"": 2.51, ""labels"": [191]}, {""name"": ""球R"", ""m"": 0.02331, ""q"": 0.0001, ""c"": 0.2857, ""capture"": 0.0, ""share"": 0.0, ""miss_deg"": 4.12, ""labels"": [193]}]"
2026_08_18/000,s7,v8,,mass10,63.72,64.15,0.43,2.985,球M,192,0.935,0.1711,0.569,0.049,0.052,0.817,object#17,389.6407,1,1,,,,3,"[{""name"": ""球M"", ""m"": 66.66661, ""q"": 0.1711, ""c"": 0.3009, ""capture"": 0.569, ""share"": 0.935, ""miss_deg"": 1.06, ""labels"": [192]}, {""name"": ""球L"", ""m"": 3.47891, ""q"": 0.0089, ""c"": 0.3157, ""capture"": 0.028, ""share"": 0.049, ""miss_deg"": 2.67, ""labels"": [191]}, {""name"": ""球R"", ""m"": 1.12698, ""q"": 0.0029, ""c"": 0.2704, ""capture"": 0.011, ""share"": 0.016, ""miss_deg"": 3.01, ""labels"": [193]}]"
2026_08_18/000,s7,v8,,mass10,66.98,67.26,0.27,2.818,,-1,0.0,0.0,,,,1.0,floor,389.6407,0,0,,,,0,[]
2026_08_18/000,s7,v8,,mass10,68.14,69.28,1.14,2.951,,-1,0.0,0.0,,,,1.0,object#11,389.6407,0,0,,,,0,[]
2026_08_18/000,s7,v8,,mass10,69.33,69.71,0.38,2.966,,-1,0.0,0.0,,,,1.0,object#11,389.6407,0,0,,,,0,[]
2026_08_18/000,s7,v8,,mass10,69.77,70.04,0.27,2.868,,-1,0.0,0.0,,,,1.0,object#11,389.6407,0,0,,,,0,[]
2026_08_18/000,s7,v8,,mass10,70.44,71.9,1.46,2.973,球M,192,0.792,0.2318,0.77,0.242,0.254,0.707,object#10,389.6407,1,1,,,,3,"[{""name"": ""球M"", ""m"": 90.31096, ""q"": 0.2318, ""c"": 0.3009, ""capture"": 0.77, ""share"": 0.792, ""miss_deg"": 0.72, ""labels"": [192]}, {""name"": ""球L"", ""m"": 22.93659, ""q"": 0.0589, ""c"": 0.3157, ""capture"": 0.186, ""share"": 0.201, ""miss_deg"": 1.83, ""labels"": [191]}, {""name"": ""球R"", ""m"": 0.79937, ""q"": 0.0021, ""c"": 0.2857, ""capture"": 0.007, ""share"": 0.007, ""miss_deg"": 3.14, ""labels"": [193]}]"
2026_08_18/000,s7,v8,,mass10,72.06,72.77,0.71,2.932,球M,192,0.901,0.1743,0.552,0.101,0.101,0.806,object#17,389.6407,1,1,,,,3,"[{""name"": ""球M"", ""m"": 67.91989, ""q"": 0.1743, ""c"": 0.3157, ""capture"": 0.552, ""share"": 0.901, ""miss_deg"": 1.09, ""labels"": [192]}, {""name"": ""球L"", ""m"": 6.83796, ""q"": 0.0175, ""c"": 0.3157, ""capture"": 0.056, ""share"": 0.091, ""miss_deg"": 2.4, ""labels"": [191]}, {""name"": ""球R"", ""m"": 0.64447, ""q"": 0.0017, ""c"": 0.3009, ""capture"": 0.005, ""share"": 0.009, ""miss_deg"": 3.23, ""labels"": [193]}]"
2026_08_18/000,s7,v8,,mass10,73.42,73.8,0.38,3.077,球M,192,0.768,0.1792,0.595,0.333,0.299,0.767,object#17,389.6407,1,1,8,球R,0,3,"[{""name"": ""球M"", ""m"": 69.81494, ""q"": 0.1792, ""c"": 0.3009, ""capture"": 0.595, ""share"": 0.768, ""miss_deg"": 1.02, ""labels"": [192]}, {""name"": ""球R"", ""m"": 20.89712, ""q"": 0.0536, ""c"": 0.2704, ""capture"": 0.198, ""share"": 0.23, ""miss_deg"": 1.8, ""labels"": [193]}, {""name"": ""球L"", ""m"": 0.21287, ""q"": 0.0005, ""c"": 0.3009, ""capture"": 0.002, ""share"": 0.002, ""miss_deg"": 3.55, ""labels"": [191]}]"
2026_08_18/000,s7,v8,,mass10,73.85,74.18,0.32,3.14,球M,192,0.648,0.1315,0.486,0.595,0.542,0.797,object#17,389.6407,1,1,8,球R,0,3,"[{""name"": ""球M"", ""m"": 51.23793, ""q"": 0.1315, ""c"": 0.2704, ""capture"": 0.486, ""share"": 0.648, ""miss_deg"": 1.2, ""labels"": [192]}, {""name"": ""球R"", ""m"": 27.7836, ""q"": 0.0713, ""c"": 0.2469, ""capture"": 0.289, ""share"": 0.351, ""miss_deg"": 1.58, ""labels"": [193]}, {""name"": ""球L"", ""m"": 0.04412, ""q"": 0.0001, ""c"": 0.3009, ""capture"": 0.0, ""share"": 0.001, ""miss_deg"": 3.97, ""labels"": [191]}]"
2026_08_18/000,s7,v8,,mass10,74.23,74.83,0.6,3.04,球M,192,0.718,0.2224,0.739,0.436,0.391,0.69,object#70,389.6407,1,1,8,球R,0,3,"[{""name"": ""球M"", ""m"": 86.66391, ""q"": 0.2224, ""c"": 0.3009, ""capture"": 0.739, ""share"": 0.718, ""miss_deg"": 0.78, ""labels"": [192]}, {""name"": ""球R"", ""m"": 33.91192, ""q"": 0.087, ""c"": 0.2704, ""capture"": 0.322, ""share"": 0.281, ""miss_deg"": 1.51, ""labels"": [193]}, {""name"": ""球L"", ""m"": 0.15204, ""q"": 0.0004, ""c"": 0.3009, ""capture"": 0.001, ""share"": 0.001, ""miss_deg"": 3.65, ""labels"": [191]}]"
2026_08_18/000,s7,v8,,mass10,74.88,75.26,0.38,2.976,球M,192,0.797,0.2474,0.822,0.279,0.251,0.689,object#70,389.6407,1,1,8,球R,0,3,"[{""name"": ""球M"", ""m"": 96.37786, ""q"": 0.2474, ""c"": 0.3009, ""capture"": 0.822, ""share"": 0.797, ""miss_deg"": 0.63, ""labels"": [192]}, {""name"": ""球R"", ""m"": 24.17178, ""q"": 0.062, ""c"": 0.2704, ""capture"": 0.229, ""share"": 0.2, ""miss_deg"": 1.72, ""labels"": [193]}, {""name"": ""球L"", ""m"": 0.4351, ""q"": 0.0011, ""c"": 0.3157, ""capture"": 0.004, ""share"": 0.004, ""miss_deg"": 3.36, ""labels"": [191]}]"
2026_08_18/000,s7,v8,,mass10,75.65,75.92,0.27,3.108,球M,192,0.774,0.1557,0.545,0.325,0.289,0.799,object#17,389.6407,1,1,8,球R,0,3,"[{""name"": ""球M"", ""m"": 60.67914, ""q"": 0.1557, ""c"": 0.2857, ""capture"": 0.545, ""share"": 0.774, ""miss_deg"": 1.1, ""labels"": [192]}, {""name"": ""球R"", ""m"": 17.57117, ""q"": 0.0451, ""c"": 0.2548, ""capture"": 0.177, ""share"": 0.224, ""miss_deg"": 1.86, ""labels"": [193]}, {""name"": ""球L"", ""m"": 0.18941, ""q"": 0.0005, ""c"": 0.3009, ""capture"": 0.002, ""share"": 0.002, ""miss_deg"": 3.59, ""labels"": [191]}]"
2026_08_18/000,s7,v8,,mass10,75.98,76.3,0.32,3.163,球M,192,0.669,0.1295,0.479,0.541,0.495,0.806,object#17,389.6407,1,1,8,球R,0,2,"[{""name"": ""球M"", ""m"": 50.45836, ""q"": 0.1295, ""c"": 0.2704, ""capture"": 0.479, ""share"": 0.669, ""miss_deg"": 1.21, ""labels"": [192]}, {""name"": ""球R"", ""m"": 24.94993, ""q"": 0.064, ""c"": 0.2469, ""capture"": 0.259, ""share"": 0.331, ""miss_deg"": 1.64, ""labels"": [193]}]"
2026_08_18/000,s7,v8,,mass10,76.35,76.68,0.32,3.084,球M,192,0.622,0.184,0.611,0.676,0.608,0.704,object#70,389.6407,1,1,8,球R,0,2,"[{""name"": ""球M"", ""m"": 71.69704, ""q"": 0.184, ""c"": 0.3009, ""capture"": 0.611, ""share"": 0.622, ""miss_deg"": 0.99, ""labels"": [192]}, {""name"": ""球R"", ""m"": 43.50846, ""q"": 0.1117, ""c"": 0.2704, ""capture"": 0.413, ""share"": 0.378, ""miss_deg"": 1.33, ""labels"": [193]}]"
2026_08_18/000,s7,v8,,mass10,76.73,78.09,1.35,2.936,球M,192,0.889,0.2673,0.847,0.104,0.099,0.699,object#70,389.6407,1,1,8,球R,0,3,"[{""name"": ""球M"", ""m"": 104.14533, ""q"": 0.2673, ""c"": 0.3157, ""capture"": 0.847, ""share"": 0.889, ""miss_deg"": 0.58, ""labels"": [192]}, {""name"": ""球R"", ""m"": 10.29605, ""q"": 0.0264, ""c"": 0.3009, ""capture"": 0.088, ""share"": 0.088, ""miss_deg"": 2.21, ""labels"": [193]}, {""name"": ""球L"", ""m"": 2.73689, ""q"": 0.007, ""c"": 0.3157, ""capture"": 0.022, ""share"": 0.023, ""miss_deg"": 2.76, ""labels"": [191]}]"
2026_08_18/000,s7,v8,,mass10,78.14,78.52,0.38,3.006,球M,192,0.837,0.2018,0.671,0.21,0.189,0.759,object#17,389.6407,1,1,8,球R,0,3,"[{""name"": ""球M"", ""m"": 78.6155, ""q"": 0.2018, ""c"": 0.3009, ""capture"": 0.671, ""share"": 0.837, ""miss_deg"": 0.89, ""labels"": [192]}, {""name"": ""球R"", ""m"": 14.82233, ""q"": 0.038, ""c"": 0.2704, ""capture"": 0.141, ""share"": 0.158, ""miss_deg"": 1.98, ""labels"": [193]}, {""name"": ""球L"", ""m"": 0.43917, ""q"": 0.0011, ""c"": 0.3157, ""capture"": 0.004, ""share"": 0.005, ""miss_deg"": 3.36, ""labels"": [191]}]"
2026_08_18/000,s7,v8,,mass10,78.58,79.66,1.08,2.924,球M,192,0.873,0.2314,0.733,0.124,0.124,0.735,object#17,389.6407,1,1,,,,3,"[{""name"": ""球M"", ""m"": 90.14994, ""q"": 0.2314, ""c"": 0.3157, ""capture"": 0.733, ""share"": 0.873, ""miss_deg"": 0.79, ""labels"": [192]}, {""name"": ""球L"", ""m"": 11.17293, ""q"": 0.0287, ""c"": 0.3157, ""capture"": 0.091, ""share"": 0.108, ""miss_deg"": 2.19, ""labels"": [191]}, {""name"": ""球R"", ""m"": 1.96696, ""q"": 0.005, ""c"": 0.3009, ""capture"": 0.017, ""share"": 0.019, ""miss_deg"": 2.86, ""labels"": [193]}]"
2026_08_18/000,s7,v8,,mass10,80.27,82.87,2.6,3.2,球R,193,0.635,0.1297,0.525,0.524,0.575,0.796,object#17,389.6407,1,1,9,球R,1,2,"[{""name"": ""球R"", ""m"": 50.51719, ""q"": 0.1297, ""c"": 0.2469, ""capture"": 0.525, ""share"": 0.635, ""miss_deg"": 1.14, ""labels"": [193]}, {""name"": ""球M"", ""m"": 29.01393, ""q"": 0.0745, ""c"": 0.2704, ""capture"": 0.275, ""share"": 0.365, ""miss_deg"": 1.61, ""labels"": [192]}]"
2026_08_18/000,s7,v8,,mass10,82.93,85.36,2.44,3.321,球R,193,0.655,0.0494,0.214,0.491,0.527,0.925,object#17,389.6407,1,1,9,球R,1,2,"[{""name"": ""球R"", ""m"": 19.22911, ""q"": 0.0494, ""c"": 0.2309, ""capture"": 0.214, ""share"": 0.655, ""miss_deg"": 1.76, ""labels"": [193]}, {""name"": ""球M"", ""m"": 10.13629, ""q"": 0.026, ""c"": 0.2469, ""capture"": 0.105, ""share"": 0.345, ""miss_deg"": 2.12, ""labels"": [192]}]"
2026_08_18/000,s7,v8,,mass10,85.42,85.9,0.49,2.988,球M,192,0.93,0.2126,0.707,0.065,0.058,0.772,object#17,389.6407,1,1,,,,3,"[{""name"": ""球M"", ""m"": 82.83615, ""q"": 0.2126, ""c"": 0.3009, ""capture"": 0.707, ""share"": 0.93, ""miss_deg"": 0.83, ""labels"": [192]}, {""name"": ""球R"", ""m"": 4.80253, ""q"": 0.0123, ""c"": 0.2704, ""capture"": 0.046, ""share"": 0.054, ""miss_deg"": 2.49, ""labels"": [193]}, {""name"": ""球L"", ""m"": 1.39244, ""q"": 0.0036, ""c"": 0.3157, ""capture"": 0.011, ""share"": 0.016, ""miss_deg"": 2.99, ""labels"": [191]}]"
2026_08_18/000,s7,v8,,mass10,85.96,86.55,0.6,3.271,球R,193,0.697,0.1451,0.629,0.394,0.435,0.792,object#17,389.6407,1,1,,,,2,"[{""name"": ""球R"", ""m"": 56.55341, ""q"": 0.1451, ""c"": 0.2309, ""capture"": 0.629, ""share"": 0.697, ""miss_deg"": 0.96, ""labels"": [193]}, {""name"": ""球M"", ""m"": 24.59312, ""q"": 0.0631, ""c"": 0.2548, ""capture"": 0.248, ""share"": 0.303, ""miss_deg"": 1.67, ""labels"": [192]}]"
2026_08_18/000,s7,v8,,mass10,86.8,87.55,0.76,2.99,球M,192,0.929,0.1932,0.642,0.061,0.065,0.792,object#17,389.6407,1,1,10,球M,1,3,"[{""name"": ""球M"", ""m"": 75.28668, ""q"": 0.1932, ""c"": 0.3009, ""capture"": 0.642, ""share"": 0.929, ""miss_deg"": 0.94, ""labels"": [192]}, {""name"": ""球L"", ""m"": 4.83176, ""q"": 0.0124, ""c"": 0.3157, ""capture"": 0.039, ""share"": 0.06, ""miss_deg"": 2.54, ""labels"": [191]}, {""name"": ""球R"", ""m"": 0.91105, ""q"": 0.0023, ""c"": 0.2704, ""capture"": 0.009, ""share"": 0.011, ""miss_deg"": 3.08, ""labels"": [193]}]"
2026_08_18/000,s7,v8,,mass10,87.61,87.99,0.38,3.155,球M,192,0.737,0.2054,0.76,0.386,0.353,0.721,object#70,389.6407,1,1,10,球M,1,3,"[{""name"": ""球M"", ""m"": 80.0384, ""q"": 0.2054, ""c"": 0.2704, ""capture"": 0.76, ""share"": 0.737, ""miss_deg"": 0.74, ""labels"": [192]}, {""name"": ""球R"", ""m"": 28.17661, ""q"": 0.0723, ""c"": 0.2469, ""capture"": 0.293, ""share"": 0.26, ""miss_deg"": 1.57, ""labels"": [193]}, {""name"": ""球L"", ""m"": 0.33453, ""q"": 0.0009, ""c"": 0.3009, ""capture"": 0.003, ""share"": 0.003, ""miss_deg"": 3.42, ""labels"": [191]}]"
2026_08_18/000,s7,v8,,mass10,88.31,92.65,4.33,2.982,球M,192,0.865,0.2,0.665,0.138,0.146,0.769,object#17,389.6407,1,1,10,球M,1,3,"[{""name"": ""球M"", ""m"": 77.92584, ""q"": 0.2, ""c"": 0.3009, ""capture"": 0.665, ""share"": 0.865, ""miss_deg"": 0.9, ""labels"": [192]}, {""name"": ""球L"", ""m"": 11.35447, ""q"": 0.0291, ""c"": 0.3157, ""capture"": 0.092, ""share"": 0.126, ""miss_deg"": 2.18, ""labels"": [191]}, {""name"": ""球R"", ""m"": 0.84717, ""q"": 0.0022, ""c"": 0.2704, ""capture"": 0.008, ""share"": 0.009, ""miss_deg"": 3.11, ""labels"": [193]}]"
2026_08_18/000,s7,v8,,mass10,92.81,93.95,1.14,2.976,球M,192,0.818,0.2023,0.672,0.201,0.211,0.753,object#17,389.6407,1,1,,,,3,"[{""name"": ""球M"", ""m"": 78.84158, ""q"": 0.2023, ""c"": 0.3009, ""capture"": 0.672, ""share"": 0.818, ""miss_deg"": 0.89, ""labels"": [192]}, {""name"": ""球L"", ""m"": 16.66528, ""q"": 0.0428, ""c"": 0.3157, ""capture"": 0.135, ""share"": 0.173, ""miss_deg"": 2.0, ""labels"": [191]}, {""name"": ""球R"", ""m"": 0.91053, ""q"": 0.0023, ""c"": 0.2704, ""capture"": 0.009, ""share"": 0.009, ""miss_deg"": 3.08, ""labels"": [193]}]"
2026_08_18/000,s7,v8,,mass10,94.3,96.69,2.38,3.025,球L,191,0.959,0.346,1.096,0.009,0.021,0.639,object#36,389.6407,1,1,11,球L,1,3,"[{""name"": ""球L"", ""m"": 134.82292, ""q"": 0.346, ""c"": 0.3157, ""capture"": 1.096, ""share"": 0.959, ""miss_deg"": 0.0, ""labels"": [191]}, {""name"": ""香蕉"", ""m"": 2.85939, ""q"": 0.0073, ""c"": 0.7697, ""capture"": 0.01, ""share"": 0.02, ""miss_deg"": 3.05, ""labels"": [196]}, {""name"": ""球M"", ""m"": 2.83601, ""q"": 0.0073, ""c"": 0.3009, ""capture"": 0.024, ""share"": 0.02, ""miss_deg"": 2.73, ""labels"": [192]}]"
2026_08_18/000,s7,v8,,mass10,97.24,98.81,1.57,3.022,球L,191,0.915,0.3772,1.195,0.035,0.086,0.588,object#36,389.6407,1,1,11,球L,1,3,"[{""name"": ""球L"", ""m"": 146.98818, ""q"": 0.3772, ""c"": 0.3157, ""capture"": 1.195, ""share"": 0.915, ""miss_deg"": 0.0, ""labels"": [191]}, {""name"": ""香蕉"", ""m"": 12.67433, ""q"": 0.0325, ""c"": 0.7697, ""capture"": 0.042, ""share"": 0.079, ""miss_deg"": 2.52, ""labels"": [196]}, {""name"": ""球M"", ""m"": 0.89851, ""q"": 0.0023, ""c"": 0.3009, ""capture"": 0.008, ""share"": 0.006, ""miss_deg"": 3.12, ""labels"": [192]}]"
2026_08_18/000,s7,v8,,mass10,98.86,99.13,0.27,2.999,球M,192,0.68,0.1831,0.608,0.444,0.466,0.731,object#17,389.6407,1,1,11,球L,0,3,"[{""name"": ""球M"", ""m"": 71.33137, ""q"": 0.1831, ""c"": 0.3009, ""capture"": 0.608, ""share"": 0.68, ""miss_deg"": 1.0, ""labels"": [192]}, {""name"": ""球L"", ""m"": 33.22727, ""q"": 0.0853, ""c"": 0.3157, ""capture"": 0.27, ""share"": 0.317, ""miss_deg"": 1.62, ""labels"": [191]}, {""name"": ""球R"", ""m"": 0.38131, ""q"": 0.001, ""c"": 0.2704, ""capture"": 0.004, ""share"": 0.004, ""miss_deg"": 3.35, ""labels"": [193]}]"
2026_08_18/000,s7,v8,,mass10,99.19,100.22,1.03,3.037,球L,191,0.944,0.3743,1.244,0.037,0.037,0.604,object#36,389.6407,1,1,11,球L,1,3,"[{""name"": ""球L"", ""m"": 145.84352, ""q"": 0.3743, ""c"": 0.3009, ""capture"": 1.244, ""share"": 0.944, ""miss_deg"": 0.0, ""labels"": [191]}, {""name"": ""球M"", ""m"": 5.4394, ""q"": 0.014, ""c"": 0.3009, ""capture"": 0.046, ""share"": 0.035, ""miss_deg"": 2.48, ""labels"": [192]}, {""name"": ""香蕉"", ""m"": 3.17666, ""q"": 0.0082, ""c"": 0.7697, ""capture"": 0.011, ""share"": 0.021, ""miss_deg"": 3.02, ""labels"": [196]}]"
2026_08_18/000,s7,v8,,mass10,100.27,101.9,1.62,3.029,球M,192,0.881,0.2157,0.717,0.078,0.082,0.755,object#17,389.6407,1,1,,,,3,"[{""name"": ""球M"", ""m"": 84.04471, ""q"": 0.2157, ""c"": 0.3009, ""capture"": 0.717, ""share"": 0.881, ""miss_deg"": 0.82, ""labels"": [192]}, {""name"": ""球L"", ""m"": 6.84421, ""q"": 0.0176, ""c"": 0.3157, ""capture"": 0.056, ""share"": 0.072, ""miss_deg"": 2.4, ""labels"": [191]}, {""name"": ""球R"", ""m"": 4.52129, ""q"": 0.0116, ""c"": 0.2704, ""capture"": 0.043, ""share"": 0.047, ""miss_deg"": 2.51, ""labels"": [193]}]"
2026_08_18/000,s7,v8,,mass10,102.18,103.48,1.3,3.055,球M,192,0.872,0.2437,0.81,0.112,0.101,0.72,object#70,389.6407,1,1,12,球M,1,3,"[{""name"": ""球M"", ""m"": 94.96012, ""q"": 0.2437, ""c"": 0.3009, ""capture"": 0.81, ""share"": 0.872, ""miss_deg"": 0.65, ""labels"": [192]}, {""name"": ""球R"", ""m"": 9.63123, ""q"": 0.0247, ""c"": 0.2704, ""capture"": 0.091, ""share"": 0.088, ""miss_deg"": 2.19, ""labels"": [193]}, {""name"": ""球L"", ""m"": 4.32584, ""q"": 0.0111, ""c"": 0.3009, ""capture"": 0.037, ""share"": 0.04, ""miss_deg"": 2.57, ""labels"": [191]}]"
2026_08_18/000,s7,v8,,mass10,103.53,103.8,0.27,3.182,球M,192,0.67,0.1854,0.686,0.535,0.49,0.723,object#17,389.6407,1,1,12,球M,1,3,"[{""name"": ""球M"", ""m"": 72.25469, ""q"": 0.1854, ""c"": 0.2704, ""capture"": 0.686, ""share"": 0.67, ""miss_deg"": 0.87, ""labels"": [192]}, {""name"": ""球R"", ""m"": 35.30536, ""q"": 0.0906, ""c"": 0.2469, ""capture"": 0.367, ""share"": 0.328, ""miss_deg"": 1.42, ""labels"": [193]}, {""name"": ""球L"", ""m"": 0.22671, ""q"": 0.0006, ""c"": 0.2857, ""capture"": 0.002, ""share"": 0.002, ""miss_deg"": 3.52, ""labels"": [191]}]"
2026_08_18/000,s7,v8,,mass10,103.86,105.0,1.14,3.105,球M,192,0.798,0.2381,0.833,0.259,0.231,0.702,object#70,389.6407,1,1,12,球M,1,4,"[{""name"": ""球M"", ""m"": 92.76418, ""q"": 0.2381, ""c"": 0.2857, ""capture"": 0.833, ""share"": 0.798, ""miss_deg"": 0.6, ""labels"": [192]}, {""name"": ""球R"", ""m"": 21.43783, ""q"": 0.055, ""c"": 0.2548, ""capture"": 0.216, ""share"": 0.184, ""miss_deg"": 1.75, ""labels"": [193]}, {""name"": ""球L"", ""m"": 1.54622, ""q"": 0.004, ""c"": 0.3009, ""capture"": 0.013, ""share"": 0.013, ""miss_deg"": 2.94, ""labels"": [191]}, {""name"": ""石榴"", ""m"": 0.47134, ""q"": 0.0012, ""c"": 0.2228, ""capture"": 0.005, ""share"": 0.004, ""miss_deg"": 3.23, ""labels"": [195]}]"
2026_08_18/000,s7,v8,,mass10,105.05,105.6,0.54,3.259,球R,193,0.508,0.135,0.585,0.827,0.969,0.734,object#70,389.6407,1,1,12,球M,0,2,"[{""name"": ""球R"", ""m"": 52.59698, ""q"": 0.135, ""c"": 0.2309, ""capture"": 0.585, ""share"": 0.508, ""miss_deg"": 1.04, ""labels"": [193]}, {""name"": ""球M"", ""m"": 51.02875, ""q"": 0.131, ""c"": 0.2704, ""capture"": 0.484, ""share"": 0.492, ""miss_deg"": 1.2, ""labels"": [192]}]"
2026_08_18/000,s7,v8,,mass10,105.65,106.25,0.6,3.042,球M,192,0.834,0.2445,0.813,0.143,0.143,0.707,object#10,389.6407,1,1,12,球M,1,3,"[{""name"": ""球M"", ""m"": 95.26617, ""q"": 0.2445, ""c"": 0.3009, ""capture"": 0.813, ""share"": 0.834, ""miss_deg"": 0.64, ""labels"": [192]}, {""name"": ""球L"", ""m"": 13.57101, ""q"": 0.0348, ""c"": 0.3009, ""capture"": 0.116, ""share"": 0.119, ""miss_deg"": 2.08, ""labels"": [191]}, {""name"": ""球R"", ""m"": 5.39622, ""q"": 0.0138, ""c"": 0.2704, ""capture"": 0.051, ""share"": 0.047, ""miss_deg"": 2.44, ""labels"": [193]}]"
2026_08_18/000,s7,v8,,mass10,106.3,107.17,0.87,3.055,球M,192,0.831,0.2539,0.844,0.214,0.194,0.694,object#70,389.6407,1,1,12,球M,1,4,"[{""name"": ""球M"", ""m"": 98.93154, ""q"": 0.2539, ""c"": 0.3009, ""capture"": 0.844, ""share"": 0.831, ""miss_deg"": 0.58, ""labels"": [192]}, {""name"": ""球R"", ""m"": 19.11137, ""q"": 0.049, ""c"": 0.2704, ""capture"": 0.181, ""share"": 0.161, ""miss_deg"": 1.85, ""labels"": [193]}, {""name"": ""球L"", ""m"": 0.93232, ""q"": 0.0024, ""c"": 0.3009, ""capture"": 0.008, ""share"": 0.008, ""miss_deg"": 3.11, ""labels"": [191]}, {""name"": ""石榴"", ""m"": 0.08876, ""q"": 0.0002, ""c"": 0.2228, ""capture"": 0.001, ""share"": 0.001, ""miss_deg"": 3.71, ""labels"": [195]}]"
2026_08_18/000,s7,v8,,mass10,107.22,107.81,0.59,2.974,球M,192,0.565,0.1631,0.542,0.734,0.77,0.711,object#10,389.6407,1,1,,,,2,"[{""name"": ""球M"", ""m"": 63.56442, ""q"": 0.1631, ""c"": 0.3009, ""capture"": 0.542, ""share"": 0.565, ""miss_deg"": 1.11, ""labels"": [192]}, {""name"": ""球L"", ""m"": 48.91371, ""q"": 0.1255, ""c"": 0.3157, ""capture"": 0.398, ""share"": 0.435, ""miss_deg"": 1.36, ""labels"": [191]}]"
2026_08_18/000,s7,v8,,mass10,108.24,108.78,0.54,3.333,球R,193,0.948,0.1606,0.721,0.05,0.055,0.831,object#63,389.6407,1,1,13,球R,1,2,"[{""name"": ""球R"", ""m"": 62.58983, ""q"": 0.1606, ""c"": 0.2228, ""capture"": 0.721, ""share"": 0.948, ""miss_deg"": 0.81, ""labels"": [193]}, {""name"": ""球M"", ""m"": 3.43239, ""q"": 0.0088, ""c"": 0.2469, ""capture"": 0.036, ""share"": 0.052, ""miss_deg"": 2.58, ""labels"": [192]}]"
2026_08_18/000,s7,v8,,mass10,108.89,109.76,0.87,3.342,球R,193,0.909,0.1688,0.758,0.09,0.1,0.814,object#136,389.6407,1,1,13,球R,1,2,"[{""name"": ""球R"", ""m"": 65.7717, ""q"": 0.1688, ""c"": 0.2228, ""capture"": 0.758, ""share"": 0.909, ""miss_deg"": 0.75, ""labels"": [193]}, {""name"": ""球M"", ""m"": 6.55964, ""q"": 0.0168, ""c"": 0.2469, ""capture"": 0.068, ""share"": 0.091, ""miss_deg"": 2.32, ""labels"": [192]}]"
2026_08_18/000,s7,v8,,mass10,109.82,110.19,0.38,3.211,球M,192,0.599,0.1611,0.596,0.733,0.669,0.731,object#70,389.6407,1,1,13,球R,0,2,"[{""name"": ""球M"", ""m"": 62.78431, ""q"": 0.1611, ""c"": 0.2704, ""capture"": 0.596, ""share"": 0.599, ""miss_deg"": 1.02, ""labels"": [192]}, {""name"": ""球R"", ""m"": 42.01251, ""q"": 0.1078, ""c"": 0.2469, ""capture"": 0.437, ""share"": 0.401, ""miss_deg"": 1.29, ""labels"": [193]}]"
2026_08_18/000,s7,v8,,mass10,110.25,110.84,0.6,3.345,球R,193,0.77,0.1578,0.708,0.27,0.299,0.795,object#136,389.6407,1,1,13,球R,1,2,"[{""name"": ""球R"", ""m"": 61.49333, ""q"": 0.1578, ""c"": 0.2228, ""capture"": 0.708, ""share"": 0.77, ""miss_deg"": 0.83, ""labels"": [193]}, {""name"": ""球M"", ""m"": 18.33601, ""q"": 0.0471, ""c"": 0.2469, ""capture"": 0.191, ""share"": 0.23, ""miss_deg"": 1.82, ""labels"": [192]}]"
2026_08_18/000,s7,v8,,mass10,111.17,112.14,0.97,3.383,球R,193,0.867,0.1648,0.74,0.139,0.153,0.81,object#136,389.6407,1,1,13,球R,1,2,"[{""name"": ""球R"", ""m"": 64.22064, ""q"": 0.1648, ""c"": 0.2228, ""capture"": 0.74, ""share"": 0.867, ""miss_deg"": 0.78, ""labels"": [193]}, {""name"": ""球M"", ""m"": 9.87027, ""q"": 0.0253, ""c"": 0.2469, ""capture"": 0.103, ""share"": 0.133, ""miss_deg"": 2.13, ""labels"": [192]}]"
2026_08_18/000,s7,v8,,mass10,112.21,112.75,0.54,3.154,球M,192,0.706,0.1821,0.673,0.303,0.276,0.742,object#70,389.6407,1,1,13,球R,0,4,"[{""name"": ""球M"", ""m"": 70.94334, ""q"": 0.1821, ""c"": 0.2704, ""capture"": 0.673, ""share"": 0.706, ""miss_deg"": 0.89, ""labels"": [192]}, {""name"": ""球R"", ""m"": 19.64152, ""q"": 0.0504, ""c"": 0.2469, ""capture"": 0.204, ""share"": 0.195, ""miss_deg"": 1.78, ""labels"": [193]}, {""name"": ""石榴"", ""m"": 9.91017, ""q"": 0.0254, ""c"": 0.2228, ""capture"": 0.114, ""share"": 0.099, ""miss_deg"": 2.08, ""labels"": [195]}, {""name"": ""球L"", ""m"": 0.02331, ""q"": 0.0001, ""c"": 0.3009, ""capture"": 0.0, ""share"": 0.0, ""miss_deg"": 4.13, ""labels"": [191]}]"
2026_08_18/000,s7,v8,,mass10,112.8,113.24,0.43,3.335,球R,193,0.857,0.1741,0.781,0.151,0.167,0.797,object#136,389.6407,1,1,13,球R,1,2,"[{""name"": ""球R"", ""m"": 67.83364, ""q"": 0.1741, ""c"": 0.2228, ""capture"": 0.781, ""share"": 0.857, ""miss_deg"": 0.7, ""labels"": [193]}, {""name"": ""球M"", ""m"": 11.31824, ""q"": 0.029, ""c"": 0.2469, ""capture"": 0.118, ""share"": 0.143, ""miss_deg"": 2.07, ""labels"": [192]}]"
2026_08_18/000,s7,v8,,mass10,113.51,114.11,0.6,3.334,球R,193,0.763,0.1578,0.708,0.28,0.311,0.793,object#136,389.6407,1,1,,,,2,"[{""name"": ""球R"", ""m"": 61.49867, ""q"": 0.1578, ""c"": 0.2228, ""capture"": 0.708, ""share"": 0.763, ""miss_deg"": 0.83, ""labels"": [193]}, {""name"": ""球M"", ""m"": 19.07441, ""q"": 0.049, ""c"": 0.2469, ""capture"": 0.198, ""share"": 0.237, ""miss_deg"": 1.8, ""labels"": [192]}]"
2026_08_18/000,s7,v8,,mass10,114.16,115.08,0.92,3.432,球R,193,0.941,0.1419,0.637,0.06,0.063,0.849,object#136,389.6407,1,1,,,,2,"[{""name"": ""球R"", ""m"": 55.2764, ""q"": 0.1419, ""c"": 0.2228, ""capture"": 0.637, ""share"": 0.941, ""miss_deg"": 0.95, ""labels"": [193]}, {""name"": ""球M"", ""m"": 3.46167, ""q"": 0.0089, ""c"": 0.2309, ""capture"": 0.038, ""share"": 0.059, ""miss_deg"": 2.55, ""labels"": [192]}]"
2026_08_18/000,s7,v8,,mass10,115.4,116.27,0.87,3.053,球M,192,0.894,0.2574,0.856,0.112,0.101,0.712,object#70,389.6407,1,1,14,球M,1,3,"[{""name"": ""球M"", ""m"": 100.30889, ""q"": 0.2574, ""c"": 0.3009, ""capture"": 0.856, ""share"": 0.894, ""miss_deg"": 0.56, ""labels"": [192]}, {""name"": ""球R"", ""m"": 10.13589, ""q"": 0.026, ""c"": 0.2704, ""capture"": 0.096, ""share"": 0.09, ""miss_deg"": 2.16, ""labels"": [193]}, {""name"": ""球L"", ""m"": 1.79542, ""q"": 0.0046, ""c"": 0.3009, ""capture"": 0.015, ""share"": 0.016, ""miss_deg"": 2.89, ""labels"": [191]}]"
2026_08_18/000,s7,v8,,mass10,116.32,116.65,0.32,3.189,球M,192,0.729,0.2002,0.74,0.403,0.368,0.725,object#70,389.6407,1,1,14,球M,1,3,"[{""name"": ""球M"", ""m"": 78.00251, ""q"": 0.2002, ""c"": 0.2704, ""capture"": 0.74, ""share"": 0.729, ""miss_deg"": 0.78, ""labels"": [192]}, {""name"": ""球R"", ""m"": 28.67336, ""q"": 0.0736, ""c"": 0.2469, ""capture"": 0.298, ""share"": 0.268, ""miss_deg"": 1.56, ""labels"": [193]}, {""name"": ""球L"", ""m"": 0.31927, ""q"": 0.0008, ""c"": 0.2857, ""capture"": 0.003, ""share"": 0.003, ""miss_deg"": 3.42, ""labels"": [191]}]"
2026_08_18/000,s7,v8,,mass10,116.7,117.89,1.19,3.073,球M,192,0.882,0.2504,0.832,0.131,0.118,0.716,object#70,389.6407,1,1,14,球M,1,3,"[{""name"": ""球M"", ""m"": 97.54922, ""q"": 0.2504, ""c"": 0.3009, ""capture"": 0.832, ""share"": 0.882, ""miss_deg"": 0.61, ""labels"": [192]}, {""name"": ""球R"", ""m"": 11.52361, ""q"": 0.0296, ""c"": 0.2704, ""capture"": 0.109, ""share"": 0.104, ""miss_deg"": 2.1, ""labels"": [193]}, {""name"": ""球L"", ""m"": 1.48293, ""q"": 0.0038, ""c"": 0.3009, ""capture"": 0.013, ""share"": 0.013, ""miss_deg"": 2.96, ""labels"": [191]}]"
2026_08_18/000,s7,v8,,mass10,118.22,120.82,2.6,3.077,球M,192,0.87,0.236,0.784,0.154,0.139,0.729,object#17,389.6407,1,1,14,球M,1,3,"[{""name"": ""球M"", ""m"": 91.94661, ""q"": 0.236, ""c"": 0.3009, ""capture"": 0.784, ""share"": 0.87, ""miss_deg"": 0.7, ""labels"": [192]}, {""name"": ""球R"", ""m"": 12.79728, ""q"": 0.0328, ""c"": 0.2704, ""capture"": 0.121, ""share"": 0.121, ""miss_deg"": 2.05, ""labels"": [193]}, {""name"": ""球L"", ""m"": 0.99274, ""q"": 0.0025, ""c"": 0.3009, ""capture"": 0.008, ""share"": 0.009, ""miss_deg"": 3.09, ""labels"": [191]}]"
2026_08_18/000,s7,v8,,mass10,120.87,121.2,0.32,3.08,球M,192,0.879,0.1773,0.589,0.138,0.124,0.798,object#17,389.6407,1,1,,,,3,"[{""name"": ""球M"", ""m"": 69.08576, ""q"": 0.1773, ""c"": 0.3009, ""capture"": 0.589, ""share"": 0.879, ""miss_deg"": 1.03, ""labels"": [192]}, {""name"": ""球R"", ""m"": 8.52868, ""q"": 0.0219, ""c"": 0.2704, ""capture"": 0.081, ""share"": 0.109, ""miss_deg"": 2.24, ""labels"": [193]}, {""name"": ""球L"", ""m"": 0.94421, ""q"": 0.0024, ""c"": 0.3009, ""capture"": 0.008, ""share"": 0.012, ""miss_deg"": 3.11, ""labels"": [191]}]"
2026_08_18/000,s7,v8,,mass10,121.25,121.69,0.43,3.364,球R,193,0.576,0.059,0.265,0.664,0.736,0.898,object#17,389.6407,1,1,,,,2,"[{""name"": ""球R"", ""m"": 22.99127, ""q"": 0.059, ""c"": 0.2228, ""capture"": 0.265, ""share"": 0.576, ""miss_deg"": 1.63, ""labels"": [193]}, {""name"": ""球M"", ""m"": 16.94543, ""q"": 0.0435, ""c"": 0.2469, ""capture"": 0.176, ""share"": 0.424, ""miss_deg"": 1.86, ""labels"": [192]}]"
2026_08_18/000,s7,v8,,mass10,121.74,122.28,0.54,3.023,球M,192,0.877,0.2778,0.923,0.119,0.107,0.683,object#70,389.6407,1,1,,,,3,"[{""name"": ""球M"", ""m"": 108.23873, ""q"": 0.2778, ""c"": 0.3009, ""capture"": 0.923, ""share"": 0.877, ""miss_deg"": 0.4, ""labels"": [192]}, {""name"": ""球R"", ""m"": 11.53988, ""q"": 0.0296, ""c"": 0.2704, ""capture"": 0.11, ""share"": 0.094, ""miss_deg"": 2.1, ""labels"": [193]}, {""name"": ""球L"", ""m"": 3.57195, ""q"": 0.0092, ""c"": 0.3157, ""capture"": 0.029, ""share"": 0.029, ""miss_deg"": 2.66, ""labels"": [191]}]"
2026_08_18/000,s7,v8,,mass10,122.33,124.56,2.22,3.02,球L,191,0.884,0.3702,1.173,0.048,0.117,0.581,object#10,389.6407,1,1,15,球L,1,3,"[{""name"": ""球L"", ""m"": 144.23343, ""q"": 0.3702, ""c"": 0.3157, ""capture"": 1.173, ""share"": 0.884, ""miss_deg"": 0.0, ""labels"": [191]}, {""name"": ""香蕉"", ""m"": 16.83212, ""q"": 0.0432, ""c"": 0.7697, ""capture"": 0.056, ""share"": 0.103, ""miss_deg"": 2.4, ""labels"": [196]}, {""name"": ""球M"", ""m"": 2.05419, ""q"": 0.0053, ""c"": 0.3009, ""capture"": 0.018, ""share"": 0.013, ""miss_deg"": 2.84, ""labels"": [192]}]"
2026_08_18/000,s7,v8,,mass10,124.84,128.27,3.43,3.028,球L,191,0.863,0.3286,1.041,0.104,0.098,0.619,object#10,389.6407,1,1,15,球L,1,3,"[{""name"": ""球L"", ""m"": 128.0271, ""q"": 0.3286, ""c"": 0.3157, ""capture"": 1.041, ""share"": 0.863, ""miss_deg"": 0.0, ""labels"": [191]}, {""name"": ""球M"", ""m"": 12.61535, ""q"": 0.0324, ""c"": 0.3009, ""capture"": 0.108, ""share"": 0.085, ""miss_deg"": 2.11, ""labels"": [192]}, {""name"": ""香蕉"", ""m"": 7.7241, ""q"": 0.0198, ""c"": 0.7697, ""capture"": 0.026, ""share"": 0.052, ""miss_deg"": 2.71, ""labels"": [196]}]"
2026_08_18/000,s7,v8,,mass10,128.32,128.59,0.27,2.981,球L,191,0.962,0.2486,0.787,0.042,0.04,0.742,object#17,389.6407,1,1,,,,2,"[{""name"": ""球L"", ""m"": 96.8452, ""q"": 0.2486, ""c"": 0.3157, ""capture"": 0.787, ""share"": 0.962, ""miss_deg"": 0.69, ""labels"": [191]}, {""name"": ""球M"", ""m"": 3.84034, ""q"": 0.0099, ""c"": 0.3009, ""capture"": 0.033, ""share"": 0.038, ""miss_deg"": 2.61, ""labels"": [192]}]"
2026_08_20/000,c1,v9,,mass10,6.97,7.24,0.27,2.316,水瓶,30,0.919,0.4303,0.444,0.081,0.084,0.532,object#12,389.6407,1,1,,,,4,"[{""name"": ""水瓶"", ""m"": 167.65681, ""q"": 0.4303, ""c"": 0.9697, ""capture"": 0.444, ""share"": 0.919, ""miss_deg"": 1.27, ""labels"": [30]}, {""name"": ""香蕉"", ""m"": 14.04723, ""q"": 0.0361, ""c"": 0.9962, ""capture"": 0.036, ""share"": 0.077, ""miss_deg"": 2.58, ""labels"": [264]}, {""name"": ""苹果红"", ""m"": 0.53464, ""q"": 0.0014, ""c"": 0.3855, ""capture"": 0.004, ""share"": 0.003, ""miss_deg"": 3.36, ""labels"": [260]}, {""name"": ""橘子"", ""m"": 0.25316, ""q"": 0.0006, ""c"": 0.3721, ""capture"": 0.002, ""share"": 0.001, ""miss_deg"": 3.56, ""labels"": [262]}]"
2026_08_20/000,c1,v9,,mass10,7.37,7.67,0.3,2.268,水瓶,30,0.463,0.186,0.191,0.717,0.737,0.599,object#12,389.6407,0,0,,,,4,"[{""name"": ""水瓶"", ""m"": 72.47368, ""q"": 0.186, ""c"": 0.974, ""capture"": 0.191, ""share"": 0.463, ""miss_deg"": 1.82, ""labels"": [30]}, {""name"": ""香蕉"", ""m"": 53.27744, ""q"": 0.1367, ""c"": 0.998, ""capture"": 0.137, ""share"": 0.341, ""miss_deg"": 1.99, ""labels"": [264]}, {""name"": ""苹果红"", ""m"": 24.88265, ""q"": 0.0639, ""c"": 0.3986, ""capture"": 0.16, ""share"": 0.159, ""miss_deg"": 1.91, ""labels"": [260]}, {""name"": ""橘子"", ""m"": 5.80674, ""q"": 0.0149, ""c"": 0.3721, ""capture"": 0.04, ""share"": 0.037, ""miss_deg"": 2.54, ""labels"": [262]}]"
2026_08_20/000,c1,v9,,mass10,8.91,9.23,0.32,3.486,,-1,0.0,0.0,,,,1.0,object#26,389.6407,0,0,,,,0,[]
2026_08_20/000,c1,v9,,mass10,10.31,11.02,0.7,2.647,,-1,0.0,0.0,,,,1.0,floor,389.6407,0,0,,,,0,[]
2026_08_20/000,c1,v9,,mass10,11.44,11.87,0.43,2.443,,-1,0.0,0.0,,,,1.0,floor,389.6407,0,0,,,,0,[]
2026_08_20/000,c1,v9,,mass10,11.92,12.2,0.27,2.321,,-1,0.0,0.0,,,,1.0,floor,389.6407,0,0,,,,0,[]
2026_08_20/000,c1,v9,,mass10,12.69,13.12,0.43,2.595,,-1,0.0,0.0,,,,1.0,floor,389.6407,0,0,,,,0,[]
2026_08_20/000,c1,v9,,mass10,13.98,15.07,1.09,2.28,球L,259,0.826,0.3243,1.078,0.095,0.126,0.607,物品台,389.6407,1,1,,,,5,"[{""name"": ""球L"", ""m"": 126.37832, ""q"": 0.3243, ""c"": 0.3009, ""capture"": 1.078, ""share"": 0.826, ""miss_deg"": 0.0, ""labels"": [259]}, {""name"": ""苹果红"", ""m"": 15.89725, ""q"": 0.0408, ""c"": 0.3986, ""capture"": 0.102, ""share"": 0.104, ""miss_deg"": 2.14, ""labels"": [260]}, {""name"": ""苹果粉"", ""m"": 8.33035, ""q"": 0.0214, ""c"": 0.5232, ""capture"": 0.041, ""share"": 0.054, ""miss_deg"": 2.53, ""labels"": [64]}, {""name"": ""水瓶"", ""m"": 1.8829, ""q"": 0.0048, ""c"": 0.974, ""capture"": 0.005, ""share"": 0.012, ""miss_deg"": 3.26, ""labels"": [30]}, {""name"": ""橘子"", ""m"": 0.57635, ""q"": 0.0015, ""c"": 0.3721, ""capture"": 0.004, ""share"": 0.004, ""miss_deg"": 3.32, ""labels"": [262]}]"
2026_08_20/000,c1,v9,,mass10,15.12,15.61,0.49,2.206,球L,259,0.612,0.1421,0.45,0.302,0.523,0.768,物品台,389.6407,1,1,,,,5,"[{""name"": ""球L"", ""m"": 55.3859, ""q"": 0.1421, ""c"": 0.3157, ""capture"": 0.45, ""share"": 0.612, ""miss_deg"": 1.26, ""labels"": [259]}, {""name"": ""苹果粉"", ""m"": 28.93859, ""q"": 0.0743, ""c"": 0.5444, ""capture"": 0.136, ""share"": 0.32, ""miss_deg"": 2.0, ""labels"": [64]}, {""name"": ""水瓶"", ""m"": 3.6973, ""q"": 0.0095, ""c"": 0.9819, ""capture"": 0.01, ""share"": 0.041, ""miss_deg"": 3.05, ""labels"": [30]}, {""name"": ""苹果红"", ""m"": 2.40038, ""q"": 0.0062, ""c"": 0.4305, ""capture"": 0.014, ""share"": 0.027, ""miss_deg"": 2.91, ""labels"": [260]}, {""name"": ""橘子"", ""m"": 0.09531, ""q"": 0.0002, ""c"": 0.3855, ""capture"": 0.001, ""share"": 0.001, ""miss_deg"": 3.84, ""labels"": [262]}]"
2026_08_20/000,c1,v9,,mass10,15.67,16.1,0.43,2.256,水瓶,30,0.398,0.1379,0.141,2.475,0.761,0.654,物品台,389.6407,0,0,,,,5,"[{""name"": ""水瓶"", ""m"": 53.73559, ""q"": 0.1379, ""c"": 0.9761, ""capture"": 0.141, ""share"": 0.398, ""miss_deg"": 1.98, ""labels"": [30]}, {""name"": ""球M"", ""m"": 40.86692, ""q"": 0.1049, ""c"": 0.3009, ""capture"": 0.349, ""share"": 0.303, ""miss_deg"": 1.45, ""labels"": [261]}, {""name"": ""球L"", ""m"": 22.34339, ""q"": 0.0573, ""c"": 0.3157, ""capture"": 0.182, ""share"": 0.166, ""miss_deg"": 1.85, ""labels"": [259]}, {""name"": ""苹果红"", ""m"": 14.46966, ""q"": 0.0371, ""c"": 0.3986, ""capture"": 0.093, ""share"": 0.107, ""miss_deg"": 2.18, ""labels"": [260]}, {""name"": ""香蕉"", ""m"": 3.5856, ""q"": 0.0092, ""c"": 0.998, ""capture"": 0.009, ""share"": 0.027, ""miss_deg"": 3.06, ""labels"": [264]}]"
2026_08_20/000,c1,v9,,mass10,16.21,16.48,0.27,2.201,球L,259,0.799,0.2294,0.727,0.098,0.168,0.713,物品台,389.6407,1,1,,,,5,"[{""name"": ""球L"", ""m"": 89.40083, ""q"": 0.2294, ""c"": 0.3157, ""capture"": 0.727, ""share"": 0.799, ""miss_deg"": 0.8, ""labels"": [259]}, {""name"": ""苹果粉"", ""m"": 15.00672, ""q"": 0.0385, ""c"": 0.5444, ""capture"": 0.071, ""share"": 0.134, ""miss_deg"": 2.3, ""labels"": [64]}, {""name"": ""苹果红"", ""m"": 4.36541, ""q"": 0.0112, ""c"": 0.4305, ""capture"": 0.026, ""share"": 0.039, ""miss_deg"": 2.7, ""labels"": [260]}, {""name"": ""水瓶"", ""m"": 3.04239, ""q"": 0.0078, ""c"": 0.9819, ""capture"": 0.008, ""share"": 0.027, ""miss_deg"": 3.11, ""labels"": [30]}, {""name"": ""橘子"", ""m"": 0.13557, ""q"": 0.0003, ""c"": 0.3855, ""capture"": 0.001, ""share"": 0.001, ""miss_deg"": 3.74, ""labels"": [262]}]"
2026_08_20/000,c1,v9,,mass10,16.53,17.02,0.49,2.107,球M,261,0.506,0.0157,0.05,0.26,0.796,0.969,物品台,389.6407,0,0,,,,3,"[{""name"": ""球M"", ""m"": 6.12356, ""q"": 0.0157, ""c"": 0.3157, ""capture"": 0.05, ""share"": 0.506, ""miss_deg"": 2.45, ""labels"": [261]}, {""name"": ""水瓶"", ""m"": 4.87304, ""q"": 0.0125, ""c"": 0.9893, ""capture"": 0.013, ""share"": 0.403, ""miss_deg"": 2.96, ""labels"": [30]}, {""name"": ""球L"", ""m"": 1.09424, ""q"": 0.0028, ""c"": 0.3582, ""capture"": 0.008, ""share"": 0.091, ""miss_deg"": 3.11, ""labels"": [259]}]"
2026_08_20/000,c1,v9,,mass10,17.13,18.32,1.19,2.134,球R,263,0.61,0.0344,0.1,0.22,0.639,0.944,物品台,389.6407,0,0,,,,2,"[{""name"": ""球R"", ""m"": 13.41415, ""q"": 0.0344, ""c"": 0.3441, ""capture"": 0.1, ""share"": 0.61, ""miss_deg"": 2.15, ""labels"": [263]}, {""name"": ""水瓶"", ""m"": 8.57835, ""q"": 0.022, ""c"": 0.9878, ""capture"": 0.022, ""share"": 0.39, ""miss_deg"": 2.76, ""labels"": [30]}]"
2026_08_20/000,c1,v9,,mass10,18.37,19.46,1.08,2.158,球R,263,0.775,0.1154,0.358,0.081,0.252,0.851,物品台,389.6407,1,1,1,球R,1,4,"[{""name"": ""球R"", ""m"": 44.97231, ""q"": 0.1154, ""c"": 0.3228, ""capture"": 0.358, ""share"": 0.775, ""miss_deg"": 1.43, ""labels"": [263]}, {""name"": ""水瓶"", ""m"": 11.32273, ""q"": 0.0291, ""c"": 0.9862, ""capture"": 0.029, ""share"": 0.195, ""miss_deg"": 2.66, ""labels"": [30]}, {""name"": ""白杯1"", ""m"": 1.56344, ""q"": 0.004, ""c"": 0.6122, ""capture"": 0.007, ""share"": 0.027, ""miss_deg"": 3.17, ""labels"": [266]}, {""name"": ""白杯2"", ""m"": 0.19963, ""q"": 0.0005, ""c"": 0.5444, ""capture"": 0.001, ""share"": 0.003, ""miss_deg"": 3.73, ""labels"": [267]}]"
2026_08_20/000,c1,v9,,mass10,19.62,20.81,1.19,2.157,球R,263,0.745,0.0884,0.274,0.109,0.333,0.881,物品台,389.6407,1,1,1,球R,1,4,"[{""name"": ""球R"", ""m"": 34.44345, ""q"": 0.0884, ""c"": 0.3228, ""capture"": 0.274, ""share"": 0.745, ""miss_deg"": 1.61, ""labels"": [263]}, {""name"": ""水瓶"", ""m"": 11.4547, ""q"": 0.0294, ""c"": 0.9862, ""capture"": 0.03, ""share"": 0.248, ""miss_deg"": 2.65, ""labels"": [30]}, {""name"": ""白杯2"", ""m"": 0.25178, ""q"": 0.0006, ""c"": 0.5444, ""capture"": 0.001, ""share"": 0.005, ""miss_deg"": 3.67, ""labels"": [267]}, {""name"": ""白杯1"", ""m"": 0.06274, ""q"": 0.0002, ""c"": 0.6122, ""capture"": 0.0, ""share"": 0.001, ""miss_deg"": 4.06, ""labels"": [266]}]"
2026_08_20/000,c1,v9,,mass10,21.03,21.62,0.6,2.158,球R,263,0.667,0.0339,0.105,0.162,0.499,0.949,物品台,389.6407,0,0,1,球R,1,2,"[{""name"": ""球R"", ""m"": 13.22767, ""q"": 0.0339, ""c"": 0.3228, ""capture"": 0.105, ""share"": 0.667, ""miss_deg"": 2.12, ""labels"": [263]}, {""name"": ""水瓶"", ""m"": 6.60133, ""q"": 0.0169, ""c"": 0.9862, ""capture"": 0.017, ""share"": 0.333, ""miss_deg"": 2.85, ""labels"": [30]}]"
2026_08_20/000,c1,v9,,mass10,21.68,22.27,0.6,2.216,球R,263,0.752,0.1573,0.498,0.116,0.217,0.791,物品台,389.6407,1,1,1,球R,1,4,"[{""name"": ""球R"", ""m"": 61.27114, ""q"": 0.1573, ""c"": 0.3157, ""capture"": 0.498, ""share"": 0.752, ""miss_deg"": 1.18, ""labels"": [263]}, {""name"": ""白杯1"", ""m"": 13.303, ""q"": 0.0341, ""c"": 0.5936, ""capture"": 0.058, ""share"": 0.163, ""miss_deg"": 2.39, ""labels"": [266]}, {""name"": ""水瓶"", ""m"": 6.81492, ""q"": 0.0175, ""c"": 0.9819, ""capture"": 0.018, ""share"": 0.084, ""miss_deg"": 2.84, ""labels"": [30]}, {""name"": ""香蕉"", ""m"": 0.05258, ""q"": 0.0001, ""c"": 0.9992, ""capture"": 0.0, ""share"": 0.001, ""miss_deg"": 4.22, ""labels"": [264]}]"
2026_08_20/000,c1,v9,,mass10,22.44,23.09,0.65,2.159,球R,263,0.784,0.0981,0.304,0.082,0.254,0.875,物品台,389.6407,1,1,,,,4,"[{""name"": ""球R"", ""m"": 38.2144, ""q"": 0.0981, ""c"": 0.3228, ""capture"": 0.304, ""share"": 0.784, ""miss_deg"": 1.54, ""labels"": [263]}, {""name"": ""水瓶"", ""m"": 9.71434, ""q"": 0.0249, ""c"": 0.9862, ""capture"": 0.025, ""share"": 0.199, ""miss_deg"": 2.71, ""labels"": [30]}, {""name"": ""白杯1"", ""m"": 0.72802, ""q"": 0.0019, ""c"": 0.6122, ""capture"": 0.003, ""share"": 0.015, ""miss_deg"": 3.4, ""labels"": [266]}, {""name"": ""白杯2"", ""m"": 0.08931, ""q"": 0.0002, ""c"": 0.5444, ""capture"": 0.0, ""share"": 0.002, ""miss_deg"": 3.94, ""labels"": [267]}]"
2026_08_20/000,c1,v9,,mass10,23.48,23.81,0.33,2.215,球M,261,0.767,0.2829,0.94,0.09,0.295,0.631,物品台,389.6407,1,1,,,,3,"[{""name"": ""球M"", ""m"": 110.22395, ""q"": 0.2829, ""c"": 0.3009, ""capture"": 0.94, ""share"": 0.767, ""miss_deg"": 0.35, ""labels"": [261]}, {""name"": ""水瓶"", ""m"": 32.53815, ""q"": 0.0835, ""c"": 0.9819, ""capture"": 0.085, ""share"": 0.226, ""miss_deg"": 2.22, ""labels"": [30]}, {""name"": ""香蕉"", ""m"": 1.03463, ""q"": 0.0027, ""c"": 0.9992, ""capture"": 0.003, ""share"": 0.007, ""miss_deg"": 3.44, ""labels"": [264]}]"
2026_08_20/000,c1,v9,,mass10,23.92,27.08,3.17,2.228,球M,261,0.689,0.3919,1.302,0.109,0.356,0.431,物品台,389.6407,1,1,2,香蕉,0,3,"[{""name"": ""球M"", ""m"": 152.70877, ""q"": 0.3919, ""c"": 0.3009, ""capture"": 1.302, ""share"": 0.689, ""miss_deg"": 0.0, ""labels"": [261]}, {""name"": ""水瓶"", ""m"": 54.38432, ""q"": 0.1396, ""c"": 0.9801, ""capture"": 0.142, ""share"": 0.245, ""miss_deg"": 1.97, ""labels"": [30]}, {""name"": ""香蕉"", ""m"": 14.58437, ""q"": 0.0374, ""c"": 0.998, ""capture"": 0.038, ""share"": 0.066, ""miss_deg"": 2.56, ""labels"": [264]}]"
2026_08_20/000,c1,v9,,mass10,27.14,27.79,0.65,2.274,水瓶,30,0.422,0.3126,0.321,3.146,0.974,0.259,object#12,389.6407,0,0,2,香蕉,0,3,"[{""name"": ""水瓶"", ""m"": 121.804, ""q"": 0.3126, ""c"": 0.974, ""capture"": 0.321, ""share"": 0.422, ""miss_deg"": 1.51, ""labels"": [30]}, {""name"": ""球M"", ""m"": 118.45218, ""q"": 0.304, ""c"": 0.3009, ""capture"": 1.01, ""share"": 0.411, ""miss_deg"": 0.0, ""labels"": [261]}, {""name"": ""香蕉"", ""m"": 48.2942, ""q"": 0.1239, ""c"": 0.998, ""capture"": 0.124, ""share"": 0.167, ""miss_deg"": 2.04, ""labels"": [264]}]"
2026_08_20/000,c1,v9,,mass10,28.02,29.1,1.08,2.252,球M,261,0.53,0.3728,1.239,0.224,0.726,0.297,object#12,389.6407,1,1,2,香蕉,0,3,"[{""name"": ""球M"", ""m"": 145.25722, ""q"": 0.3728, ""c"": 0.3009, ""capture"": 1.239, ""share"": 0.53, ""miss_deg"": 0.0, ""labels"": [261]}, {""name"": ""水瓶"", ""m"": 105.45026, ""q"": 0.2706, ""c"": 0.9761, ""capture"": 0.277, ""share"": 0.385, ""miss_deg"": 1.6, ""labels"": [30]}, {""name"": ""香蕉"", ""m"": 23.23653, ""q"": 0.0596, ""c"": 0.998, ""capture"": 0.06, ""share"": 0.085, ""miss_deg"": 2.37, ""labels"": [264]}]"
2026_08_20/000,c1,v9,,mass10,29.15,30.34,1.19,2.238,苹果红,260,0.354,0.2034,0.51,0.331,0.816,0.425,object#12,389.6407,0,0,,,,6,"[{""name"": ""苹果红"", ""m"": 79.25364, ""q"": 0.2034, ""c"": 0.3986, ""capture"": 0.51, ""share"": 0.354, ""miss_deg"": 1.16, ""labels"": [260]}, {""name"": ""水瓶"", ""m"": 64.60813, ""q"": 0.1658, ""c"": 0.9801, ""capture"": 0.169, ""share"": 0.289, ""miss_deg"": 1.89, ""labels"": [30]}, {""name"": ""球L"", ""m"": 30.89341, ""q"": 0.0793, ""c"": 0.3157, ""capture"": 0.251, ""share"": 0.138, ""miss_deg"": 1.66, ""labels"": [259]}, {""name"": ""香蕉"", ""m"": 24.81481, ""q"": 0.0637, ""c"": 0.998, ""capture"": 0.064, ""share"": 0.111, ""miss_deg"": 2.35, ""labels"": [264]}, {""name"": ""球M"", ""m"": 20.19985, ""q"": 0.0518, ""c"": 0.3009, ""capture"": 0.172, ""share"": 0.09, ""miss_deg"": 1.88, ""labels"": [261]}, {""name"": ""橘子"", ""m"": 4.10271, ""q"": 0.0105, ""c"": 0.3721, ""capture"": 0.028, ""share"": 0.018, ""miss_deg"": 2.67, ""labels"": [262]}]"
2026_08_20/000,c1,v9,,mass10,31.01,31.82,0.81,3.093,纸箱子,33,1.0,0.8544,0.854,0.0,0.0,0.146,object#38,389.6407,1,1,3,纸箱子,1,1,"[{""name"": ""纸箱子"", ""m"": 332.91679, ""q"": 0.8544, ""c"": 1.0, ""capture"": 0.854, ""share"": 1.0, ""miss_deg"": 0.56, ""labels"": [33, 73]}]"
2026_08_20/000,c1,v9,,mass10,31.87,32.42,0.54,3.026,纸箱子,33,1.0,0.5633,0.563,0.0,0.0,0.437,object#38,389.6407,1,1,3,纸箱子,1,1,"[{""name"": ""纸箱子"", ""m"": 219.46708, ""q"": 0.5633, ""c"": 1.0, ""capture"": 0.563, ""share"": 1.0, ""miss_deg"": 1.07, ""labels"": [33, 73]}]"
2026_08_20/000,c1,v9,,mass10,32.47,36.8,4.33,3.06,纸箱子,33,1.0,0.7912,0.791,0.0,0.0,0.209,object#38,389.6407,1,1,3,纸箱子,1,1,"[{""name"": ""纸箱子"", ""m"": 308.29033, ""q"": 0.7912, ""c"": 1.0, ""capture"": 0.791, ""share"": 1.0, ""miss_deg"": 0.68, ""labels"": [33, 73]}]"
2026_08_20/000,c1,v9,,mass10,37.31,38.67,1.37,2.251,苹果粉,64,0.987,0.2073,0.381,0.008,0.013,0.79,物品台,389.6407,1,1,,,,2,"[{""name"": ""苹果粉"", ""m"": 80.79134, ""q"": 0.2073, ""c"": 0.5444, ""capture"": 0.381, ""share"": 0.987, ""miss_deg"": 1.39, ""labels"": [64]}, {""name"": ""水瓶"", ""m"": 1.09499, ""q"": 0.0028, ""c"": 0.9761, ""capture"": 0.003, ""share"": 0.013, ""miss_deg"": 3.42, ""labels"": [30]}]"
2026_08_20/000,c1,v9,,mass10,38.74,39.9,1.16,2.24,苹果粉,64,0.966,0.3236,0.594,0.015,0.026,0.665,物品台,389.6407,1,1,4,苹果粉,1,3,"[{""name"": ""苹果粉"", ""m"": 126.09587, ""q"": 0.3236, ""c"": 0.5444, ""capture"": 0.594, ""share"": 0.966, ""miss_deg"": 1.02, ""labels"": [64, 250]}, {""name"": ""水瓶"", ""m"": 3.31076, ""q"": 0.0085, ""c"": 0.9781, ""capture"": 0.009, ""share"": 0.025, ""miss_deg"": 3.08, ""labels"": [30]}, {""name"": ""球L"", ""m"": 1.16771, ""q"": 0.003, ""c"": 0.3157, ""capture"": 0.009, ""share"": 0.009, ""miss_deg"": 3.05, ""labels"": [259]}]"
2026_08_20/000,c1,v9,,mass10,40.13,42.46,2.33,2.233,苹果粉,64,0.842,0.0575,0.106,0.057,0.1,0.932,物品台,389.6407,0,0,4,苹果粉,1,3,"[{""name"": ""苹果粉"", ""m"": 22.42143, ""q"": 0.0575, ""c"": 0.5444, ""capture"": 0.106, ""share"": 0.842, ""miss_deg"": 2.12, ""labels"": [64]}, {""name"": ""水瓶"", ""m"": 2.24792, ""q"": 0.0058, ""c"": 0.9801, ""capture"": 0.006, ""share"": 0.084, ""miss_deg"": 3.2, ""labels"": [30]}, {""name"": ""球L"", ""m"": 1.96451, ""q"": 0.005, ""c"": 0.3157, ""capture"": 0.016, ""share"": 0.074, ""miss_deg"": 2.88, ""labels"": [259]}]"
2026_08_20/000,c1,v9,,mass10,42.51,42.89,0.38,2.242,球L,259,0.861,0.302,0.957,0.094,0.118,0.649,物品台,389.6407,1,1,4,苹果粉,0,6,"[{""name"": ""球L"", ""m"": 117.67531, ""q"": 0.302, ""c"": 0.3157, ""capture"": 0.957, ""share"": 0.861, ""miss_deg"": 0.3, ""labels"": [259]}, {""name"": ""苹果红"", ""m"": 13.97046, ""q"": 0.0359, ""c"": 0.3986, ""capture"": 0.09, ""share"": 0.102, ""miss_deg"": 2.19, ""labels"": [260]}, {""name"": ""水瓶"", ""m"": 3.90628, ""q"": 0.01, ""c"": 0.9781, ""capture"": 0.01, ""share"": 0.029, ""miss_deg"": 3.03, ""labels"": [30]}, {""name"": ""苹果粉"", ""m"": 0.91427, ""q"": 0.0023, ""c"": 0.5444, ""capture"": 0.004, ""share"": 0.007, ""miss_deg"": 3.3, ""labels"": [64]}, {""name"": ""橘子"", ""m"": 0.10641, ""q"": 0.0003, ""c"": 0.3721, ""capture"": 0.001, ""share"": 0.001, ""miss_deg"": 3.8, ""labels"": [262]}, {""name"": ""香蕉"", ""m"": 0.02926, ""q"": 0.0001, ""c"": 0.998, ""capture"": 0.0, ""share"": 0.0, ""miss_deg"": 4.36, ""labels"": [264]}]"
2026_08_20/000,c1,v9,,mass10,42.94,43.97,1.03,2.243,苹果粉,64,0.82,0.2199,0.404,0.23,0.133,0.732,物品台,389.6407,1,1,,,,4,"[{""name"": ""苹果粉"", ""m"": 85.69857, ""q"": 0.2199, ""c"": 0.5444, ""capture"": 0.404, ""share"": 0.82, ""miss_deg"": 1.35, ""labels"": [64]}, {""name"": ""球L"", ""m"": 11.41118, ""q"": 0.0293, ""c"": 0.3157, ""capture"": 0.093, ""share"": 0.109, ""miss_deg"": 2.18, ""labels"": [259]}, {""name"": ""水瓶"", ""m"": 7.27145, ""q"": 0.0187, ""c"": 0.9781, ""capture"": 0.019, ""share"": 0.07, ""miss_deg"": 2.81, ""labels"": [30]}, {""name"": ""苹果红"", ""m"": 0.11966, ""q"": 0.0003, ""c"": 0.3986, ""capture"": 0.001, ""share"": 0.001, ""miss_deg"": 3.79, ""labels"": [260]}]"
2026_08_20/000,c1,v9,,mass10,44.21,44.69,0.48,2.3,白杯1,266,0.596,0.2891,0.531,0.52,0.287,0.515,object#12,389.6407,1,1,,,,6,"[{""name"": ""白杯1"", ""m"": 112.64056, ""q"": 0.2891, ""c"": 0.5444, ""capture"": 0.531, ""share"": 0.596, ""miss_deg"": 1.13, ""labels"": [266]}, {""name"": ""球R"", ""m"": 32.35338, ""q"": 0.083, ""c"": 0.3009, ""capture"": 0.276, ""share"": 0.171, ""miss_deg"": 1.6, ""labels"": [263]}, {""name"": ""香蕉"", ""m"": 28.31629, ""q"": 0.0727, ""c"": 0.9962, ""capture"": 0.073, ""share"": 0.15, ""miss_deg"": 2.29, ""labels"": [264]}, {""name"": ""水瓶"", ""m"": 7.71777, ""q"": 0.0198, ""c"": 0.9697, ""capture"": 0.02, ""share"": 0.041, ""miss_deg"": 2.79, ""labels"": [30]}, {""name"": ""红杯"", ""m"": 5.14462, ""q"": 0.0132, ""c"": 0.7697, ""capture"": 0.017, ""share"": 0.027, ""miss_deg"": 2.85, ""labels"": [49]}, {""name"": ""球M"", ""m"": 2.72401, ""q"": 0.007, ""c"": 0.2857, ""capture"": 0.024, ""share"": 0.014, ""miss_deg"": 2.72, ""labels"": [261]}]"
2026_08_20/000,c1,v9,,mass10,45.51,45.83,0.32,2.274,白杯1,266,0.608,0.3426,0.612,0.657,0.354,0.437,object#12,389.6407,1,1,5,白杯1,1,6,"[{""name"": ""白杯1"", ""m"": 133.50044, ""q"": 0.3426, ""c"": 0.5595, ""capture"": 0.612, ""share"": 0.608, ""miss_deg"": 0.99, ""labels"": [266]}, {""name"": ""球R"", ""m"": 47.17383, ""q"": 0.1211, ""c"": 0.3009, ""capture"": 0.402, ""share"": 0.215, ""miss_deg"": 1.35, ""labels"": [263]}, {""name"": ""香蕉"", ""m"": 23.21822, ""q"": 0.0596, ""c"": 0.998, ""capture"": 0.06, ""share"": 0.106, ""miss_deg"": 2.37, ""labels"": [264]}, {""name"": ""红杯"", ""m"": 10.64161, ""q"": 0.0273, ""c"": 0.7697, ""capture"": 0.035, ""share"": 0.048, ""miss_deg"": 2.58, ""labels"": [49]}, {""name"": ""水瓶"", ""m"": 4.92591, ""q"": 0.0126, ""c"": 0.974, ""capture"": 0.013, ""share"": 0.022, ""miss_deg"": 2.95, ""labels"": [30]}, {""name"": ""球M"", ""m"": 0.04412, ""q"": 0.0001, ""c"": 0.3009, ""capture"": 0.0, ""share"": 0.0, ""miss_deg"": 3.97, ""labels"": [261]}]"
2026_08_20/000,c1,v9,,mass10,46.05,46.97,0.92,2.321,白杯1,266,0.58,0.2805,0.515,0.188,0.345,0.516,object#12,389.6407,1,1,5,白杯1,1,6,"[{""name"": ""白杯1"", ""m"": 109.30436, ""q"": 0.2805, ""c"": 0.5444, ""capture"": 0.515, ""share"": 0.58, ""miss_deg"": 1.15, ""labels"": [266]}, {""name"": ""香蕉"", ""m"": 37.68162, ""q"": 0.0967, ""c"": 0.9962, ""capture"": 0.097, ""share"": 0.2, ""miss_deg"": 2.16, ""labels"": [264]}, {""name"": ""球R"", ""m"": 19.14745, ""q"": 0.0491, ""c"": 0.3009, ""capture"": 0.163, ""share"": 0.102, ""miss_deg"": 1.9, ""labels"": [263]}, {""name"": ""水瓶"", ""m"": 10.32506, ""q"": 0.0265, ""c"": 0.9697, ""capture"": 0.027, ""share"": 0.055, ""miss_deg"": 2.68, ""labels"": [30]}, {""name"": ""球M"", ""m"": 8.60846, ""q"": 0.0221, ""c"": 0.2857, ""capture"": 0.077, ""share"": 0.046, ""miss_deg"": 2.26, ""labels"": [261]}, {""name"": ""红杯"", ""m"": 3.39569, ""q"": 0.0087, ""c"": 0.7605, ""capture"": 0.011, ""share"": 0.018, ""miss_deg"": 2.99, ""labels"": [49]}]"
2026_08_20/000,c1,v9,,mass10,47.13,49.35,2.22,2.375,白杯1,266,0.527,0.1715,0.315,1.21,0.636,0.675,物品台,389.6407,1,1,5,白杯1,1,6,"[{""name"": ""白杯1"", ""m"": 66.81985, ""q"": 0.1715, ""c"": 0.5444, ""capture"": 0.315, ""share"": 0.527, ""miss_deg"": 1.52, ""labels"": [266]}, {""name"": ""球R"", ""m"": 42.41333, ""q"": 0.1089, ""c"": 0.2857, ""capture"": 0.381, ""share"": 0.335, ""miss_deg"": 1.39, ""labels"": [263]}, {""name"": ""香蕉"", ""m"": 10.27513, ""q"": 0.0264, ""c"": 0.9951, ""capture"": 0.027, ""share"": 0.081, ""miss_deg"": 2.69, ""labels"": [264]}, {""name"": ""红杯"", ""m"": 3.36995, ""q"": 0.0086, ""c"": 0.7477, ""capture"": 0.012, ""share"": 0.027, ""miss_deg"": 2.99, ""labels"": [49]}, {""name"": ""水瓶"", ""m"": 2.30359, ""q"": 0.0059, ""c"": 0.9588, ""capture"": 0.006, ""share"": 0.018, ""miss_deg"": 3.19, ""labels"": [30]}, {""name"": ""球M"", ""m"": 1.54263, ""q"": 0.004, ""c"": 0.2704, ""capture"": 0.015, ""share"": 0.012, ""miss_deg"": 2.91, ""labels"": [261]}]"
2026_08_20/000,c1,v9,,mass10,49.41,49.73,0.32,2.266,球M,261,0.459,0.0516,0.172,0.337,0.632,0.888,物品台,389.6407,0,0,5,白杯1,0,5,"[{""name"": ""球M"", ""m"": 20.11698, ""q"": 0.0516, ""c"": 0.3009, ""capture"": 0.172, ""share"": 0.459, ""miss_deg"": 1.88, ""labels"": [261]}, {""name"": ""白杯1"", ""m"": 12.70504, ""q"": 0.0326, ""c"": 0.5595, ""capture"": 0.058, ""share"": 0.29, ""miss_deg"": 2.38, ""labels"": [266]}, {""name"": ""球R"", ""m"": 5.81165, ""q"": 0.0149, ""c"": 0.3009, ""capture"": 0.05, ""share"": 0.133, ""miss_deg"": 2.45, ""labels"": [263]}, {""name"": ""香蕉"", ""m"": 2.75519, ""q"": 0.0071, ""c"": 0.998, ""capture"": 0.007, ""share"": 0.063, ""miss_deg"": 3.15, ""labels"": [264]}, {""name"": ""水瓶"", ""m"": 2.40555, ""q"": 0.0062, ""c"": 0.974, ""capture"": 0.006, ""share"": 0.055, ""miss_deg"": 3.18, ""labels"": [30]}]"
2026_08_20/000,c1,v9,,mass10,49.97,50.68,0.7,2.306,白杯1,266,0.413,0.085,0.156,0.987,0.516,0.794,物品台,389.6407,0,0,,,,6,"[{""name"": ""白杯1"", ""m"": 33.10074, ""q"": 0.085, ""c"": 0.5444, ""capture"": 0.156, ""share"": 0.413, ""miss_deg"": 1.93, ""labels"": [266]}, {""name"": ""球M"", ""m"": 17.10631, ""q"": 0.0439, ""c"": 0.2857, ""capture"": 0.154, ""share"": 0.213, ""miss_deg"": 1.94, ""labels"": [261]}, {""name"": ""香蕉"", ""m"": 15.05894, ""q"": 0.0386, ""c"": 0.9962, ""capture"": 0.039, ""share"": 0.188, ""miss_deg"": 2.55, ""labels"": [264]}, {""name"": ""球R"", ""m"": 11.21674, ""q"": 0.0288, ""c"": 0.3009, ""capture"": 0.096, ""share"": 0.14, ""miss_deg"": 2.17, ""labels"": [263]}, {""name"": ""水瓶"", ""m"": 3.56123, ""q"": 0.0091, ""c"": 0.9697, ""capture"": 0.009, ""share"": 0.044, ""miss_deg"": 3.05, ""labels"": [30]}, {""name"": ""红杯"", ""m"": 0.13289, ""q"": 0.0003, ""c"": 0.7697, ""capture"": 0.0, ""share"": 0.002, ""miss_deg"": 3.93, ""labels"": [49]}]"
2026_08_20/000,c1,v9,,mass10,50.73,53.82,3.09,2.268,水瓶,30,0.609,0.4744,0.487,1.049,0.323,0.221,object#12,389.6407,1,1,,,,6,"[{""name"": ""水瓶"", ""m"": 184.86029, ""q"": 0.4744, ""c"": 0.974, ""capture"": 0.487, ""share"": 0.609, ""miss_deg"": 1.2, ""labels"": [30]}, {""name"": ""球M"", ""m"": 59.88658, ""q"": 0.1537, ""c"": 0.3009, ""capture"": 0.511, ""share"": 0.197, ""miss_deg"": 1.16, ""labels"": [261]}, {""name"": ""香蕉"", ""m"": 42.66419, ""q"": 0.1095, ""c"": 0.998, ""capture"": 0.11, ""share"": 0.141, ""miss_deg"": 2.1, ""labels"": [264]}, {""name"": ""苹果红"", ""m"": 15.20674, ""q"": 0.039, ""c"": 0.3986, ""capture"": 0.098, ""share"": 0.05, ""miss_deg"": 2.16, ""labels"": [260]}, {""name"": ""橘子"", ""m"": 0.62926, ""q"": 0.0016, ""c"": 0.3721, ""capture"": 0.004, ""share"": 0.002, ""miss_deg"": 3.3, ""labels"": [262]}, {""name"": ""球L"", ""m"": 0.28445, ""q"": 0.0007, ""c"": 0.3157, ""capture"": 0.002, ""share"": 0.001, ""miss_deg"": 3.48, ""labels"": [259]}]"
2026_08_20/000,c1,v9,,mass10,53.91,54.2,0.3,2.301,白杯1,266,0.611,0.4151,0.762,0.651,0.36,0.321,object#12,389.6407,1,1,6,水瓶,0,5,"[{""name"": ""白杯1"", ""m"": 161.72509, ""q"": 0.4151, ""c"": 0.5444, ""capture"": 0.762, ""share"": 0.611, ""miss_deg"": 0.74, ""labels"": [266]}, {""name"": ""球R"", ""m"": 58.17146, ""q"": 0.1493, ""c"": 0.3009, ""capture"": 0.496, ""share"": 0.22, ""miss_deg"": 1.18, ""labels"": [263]}, {""name"": ""红杯"", ""m"": 26.28133, ""q"": 0.0675, ""c"": 0.7697, ""capture"": 0.088, ""share"": 0.099, ""miss_deg"": 2.21, ""labels"": [49]}, {""name"": ""香蕉"", ""m"": 14.05804, ""q"": 0.0361, ""c"": 0.9962, ""capture"": 0.036, ""share"": 0.053, ""miss_deg"": 2.58, ""labels"": [264]}, {""name"": ""水瓶"", ""m"": 4.49009, ""q"": 0.0115, ""c"": 0.9697, ""capture"": 0.012, ""share"": 0.017, ""miss_deg"": 2.98, ""labels"": [30]}]"
2026_08_20/000,c1,v9,,mass10,54.26,55.23,0.97,2.326,水瓶,30,0.653,0.5506,0.568,0.914,0.27,0.157,object#12,389.6407,1,1,6,水瓶,1,3,"[{""name"": ""水瓶"", ""m"": 214.53709, ""q"": 0.5506, ""c"": 0.9697, ""capture"": 0.568, ""share"": 0.653, ""miss_deg"": 1.06, ""labels"": [30]}, {""name"": ""球M"", ""m"": 57.82363, ""q"": 0.1484, ""c"": 0.2857, ""capture"": 0.519, ""share"": 0.176, ""miss_deg"": 1.14, ""labels"": [261]}, {""name"": ""香蕉"", ""m"": 56.17374, ""q"": 0.1442, ""c"": 0.9962, ""capture"": 0.145, ""share"": 0.171, ""miss_deg"": 1.97, ""labels"": [264]}]"
2026_08_20/000,c1,v9,,mass10,56.21,56.48,0.27,2.212,球M,261,0.903,0.2668,0.887,0.033,0.105,0.704,物品台,389.6407,1,1,6,水瓶,0,3,"[{""name"": ""球M"", ""m"": 103.95649, ""q"": 0.2668, ""c"": 0.3009, ""capture"": 0.887, ""share"": 0.903, ""miss_deg"": 0.49, ""labels"": [261]}, {""name"": ""水瓶"", ""m"": 10.91568, ""q"": 0.028, ""c"": 0.9819, ""capture"": 0.029, ""share"": 0.095, ""miss_deg"": 2.67, ""labels"": [30]}, {""name"": ""香蕉"", ""m"": 0.3149, ""q"": 0.0008, ""c"": 0.9992, ""capture"": 0.001, ""share"": 0.003, ""miss_deg"": 3.77, ""labels"": [264]}]"
2026_08_20/000,c1,v9,,mass10,56.96,57.61,0.65,2.275,球M,261,0.618,0.275,0.914,0.172,0.555,0.555,物品台,389.6407,1,1,,,,5,"[{""name"": ""球M"", ""m"": 107.16183, ""q"": 0.275, ""c"": 0.3009, ""capture"": 0.914, ""share"": 0.618, ""miss_deg"": 0.42, ""labels"": [261]}, {""name"": ""水瓶"", ""m"": 59.52825, ""q"": 0.1528, ""c"": 0.974, ""capture"": 0.157, ""share"": 0.343, ""miss_deg"": 1.92, ""labels"": [30]}, {""name"": ""香蕉"", ""m"": 3.28468, ""q"": 0.0084, ""c"": 0.998, ""capture"": 0.008, ""share"": 0.019, ""miss_deg"": 3.09, ""labels"": [264]}, {""name"": ""苹果红"", ""m"": 2.45357, ""q"": 0.0063, ""c"": 0.3986, ""capture"": 0.016, ""share"": 0.014, ""miss_deg"": 2.88, ""labels"": [260]}, {""name"": ""球L"", ""m"": 0.9651, ""q"": 0.0025, ""c"": 0.3009, ""capture"": 0.008, ""share"": 0.006, ""miss_deg"": 3.1, ""labels"": [259]}]"
2026_08_20/000,c1,v9,,mass10,58.47,58.96,0.49,2.311,水瓶,30,0.685,0.5772,0.595,0.245,0.253,0.157,object#12,389.6407,1,1,,,,3,"[{""name"": ""水瓶"", ""m"": 224.90155, ""q"": 0.5772, ""c"": 0.9697, ""capture"": 0.595, ""share"": 0.685, ""miss_deg"": 1.02, ""labels"": [30]}, {""name"": ""香蕉"", ""m"": 56.77938, ""q"": 0.1457, ""c"": 0.9962, ""capture"": 0.146, ""share"": 0.173, ""miss_deg"": 1.96, ""labels"": [264]}, {""name"": ""球M"", ""m"": 46.59855, ""q"": 0.1196, ""c"": 0.2857, ""capture"": 0.419, ""share"": 0.142, ""miss_deg"": 1.32, ""labels"": [261]}]"
2026_08_20/000,c1,v9,,mass10,59.01,59.71,0.7,2.291,苹果红,260,0.325,0.2079,0.539,0.358,0.902,0.36,object#12,389.6407,0,0,,,,6,"[{""name"": ""苹果红"", ""m"": 81.02451, ""q"": 0.2079, ""c"": 0.3855, ""capture"": 0.539, ""share"": 0.325, ""miss_deg"": 1.11, ""labels"": [260]}, {""name"": ""水瓶"", ""m"": 73.12083, ""q"": 0.1877, ""c"": 0.9719, ""capture"": 0.193, ""share"": 0.293, ""miss_deg"": 1.81, ""labels"": [30]}, {""name"": ""香蕉"", ""m"": 44.47215, ""q"": 0.1141, ""c"": 0.9971, ""capture"": 0.114, ""share"": 0.178, ""miss_deg"": 2.08, ""labels"": [264]}, {""name"": ""球L"", ""m"": 34.35381, ""q"": 0.0882, ""c"": 0.3009, ""capture"": 0.293, ""share"": 0.138, ""miss_deg"": 1.57, ""labels"": [259]}, {""name"": ""球M"", ""m"": 14.33061, ""q"": 0.0368, ""c"": 0.3009, ""capture"": 0.122, ""share"": 0.057, ""miss_deg"": 2.05, ""labels"": [261]}, {""name"": ""橘子"", ""m"": 2.00315, ""q"": 0.0051, ""c"": 0.3721, ""capture"": 0.014, ""share"": 0.008, ""miss_deg"": 2.93, ""labels"": [262]}]"
2026_08_20/000,c1,v9,,mass10,59.77,60.63,0.87,2.339,水瓶,30,0.648,0.5323,0.55,0.255,0.262,0.178,object#12,389.6407,1,1,,,,6,"[{""name"": ""水瓶"", ""m"": 207.38814, ""q"": 0.5323, ""c"": 0.9673, ""capture"": 0.55, ""share"": 0.648, ""miss_deg"": 1.09, ""labels"": [30]}, {""name"": ""香蕉"", ""m"": 54.35137, ""q"": 0.1395, ""c"": 0.9962, ""capture"": 0.14, ""share"": 0.17, ""miss_deg"": 1.98, ""labels"": [264]}, {""name"": ""球M"", ""m"": 46.68261, ""q"": 0.1198, ""c"": 0.2704, ""capture"": 0.443, ""share"": 0.146, ""miss_deg"": 1.28, ""labels"": [261]}, {""name"": ""苹果红"", ""m"": 10.92674, ""q"": 0.028, ""c"": 0.3855, ""capture"": 0.073, ""share"": 0.034, ""miss_deg"": 2.29, ""labels"": [260]}, {""name"": ""橘子"", ""m"": 0.61306, ""q"": 0.0016, ""c"": 0.3582, ""capture"": 0.004, ""share"": 0.002, ""miss_deg"": 3.29, ""labels"": [262]}, {""name"": ""球L"", ""m"": 0.20203, ""q"": 0.0005, ""c"": 0.3009, ""capture"": 0.002, ""share"": 0.001, ""miss_deg"": 3.57, ""labels"": [259]}]"
2026_08_20/000,c1,v9,,mass10,61.2,61.68,0.49,3.343,,-1,0.0,0.0,,,,1.0,object#36,389.6407,0,0,,,,0,[]
2026_08_20/000,c1,v9,,mass10,61.74,62.44,0.7,3.426,,-1,0.0,0.0,,,,1.0,object#36,389.6407,0,0,,,,0,[]
2026_08_20/000,c1,v9,,mass10,62.5,62.77,0.27,3.423,,-1,0.0,0.0,,,,1.0,object#36,389.6407,0,0,,,,0,[]
2026_08_20/000,c1,v9,,mass10,64.98,65.31,0.32,2.232,球M,261,0.768,0.093,0.309,0.094,0.185,0.879,物品台,389.6407,1,1,,,,5,"[{""name"": ""球M"", ""m"": 36.23874, ""q"": 0.093, ""c"": 0.3009, ""capture"": 0.309, ""share"": 0.768, ""miss_deg"": 1.53, ""labels"": [261]}, {""name"": ""白杯1"", ""m"": 6.69391, ""q"": 0.0172, ""c"": 0.584, ""capture"": 0.029, ""share"": 0.142, ""miss_deg"": 2.66, ""labels"": [266]}, {""name"": ""水瓶"", ""m"": 1.94323, ""q"": 0.005, ""c"": 0.9801, ""capture"": 0.005, ""share"": 0.041, ""miss_deg"": 3.25, ""labels"": [30]}, {""name"": ""香蕉"", ""m"": 1.71607, ""q"": 0.0044, ""c"": 0.998, ""capture"": 0.004, ""share"": 0.036, ""miss_deg"": 3.29, ""labels"": [264]}, {""name"": ""球R"", ""m"": 0.59182, ""q"": 0.0015, ""c"": 0.3157, ""capture"": 0.005, ""share"": 0.013, ""miss_deg"": 3.27, ""labels"": [263]}]"
2026_08_20/000,c1,v9,,mass10,65.63,65.91,0.27,2.161,球L,259,0.652,0.0393,0.122,0.123,0.365,0.94,物品台,389.6407,0,0,,,,3,"[{""name"": ""球L"", ""m"": 15.3151, ""q"": 0.0393, ""c"": 0.3228, ""capture"": 0.122, ""share"": 0.652, ""miss_deg"": 2.05, ""labels"": [259]}, {""name"": ""水瓶"", ""m"": 5.57937, ""q"": 0.0143, ""c"": 0.9862, ""capture"": 0.015, ""share"": 0.238, ""miss_deg"": 2.91, ""labels"": [30]}, {""name"": ""球M"", ""m"": 2.58177, ""q"": 0.0066, ""c"": 0.3157, ""capture"": 0.021, ""share"": 0.11, ""miss_deg"": 2.78, ""labels"": [261]}]"
2026_08_20/000,c1,v9,,mass10,66.18,66.46,0.27,2.341,红杯,49,0.4,0.3443,0.457,0.989,0.715,0.139,object#12,389.6407,0,0,,,,5,"[{""name"": ""红杯"", ""m"": 134.1712, ""q"": 0.3443, ""c"": 0.7541, ""capture"": 0.457, ""share"": 0.4, ""miss_deg"": 1.25, ""labels"": [49]}, {""name"": ""白杯1"", ""m"": 95.8012, ""q"": 0.2459, ""c"": 0.5444, ""capture"": 0.452, ""share"": 0.286, ""miss_deg"": 1.26, ""labels"": [266]}, {""name"": ""球R"", ""m"": 72.17757, ""q"": 0.1852, ""c"": 0.3009, ""capture"": 0.616, ""share"": 0.215, ""miss_deg"": 0.99, ""labels"": [263]}, {""name"": ""白杯2"", ""m"": 33.11793, ""q"": 0.085, ""c"": 0.4729, ""capture"": 0.18, ""share"": 0.099, ""miss_deg"": 1.85, ""labels"": [267]}, {""name"": ""水瓶"", ""m"": 0.13066, ""q"": 0.0003, ""c"": 0.9673, ""capture"": 0.0, ""share"": 0.0, ""miss_deg"": 3.99, ""labels"": [30]}]"
2026_08_20/000,c1,v9,,mass10,66.51,67.54,1.03,2.311,白杯1,266,0.415,0.3271,0.601,1.451,0.802,0.213,object#12,389.6407,0,0,,,,6,"[{""name"": ""白杯1"", ""m"": 127.47041, ""q"": 0.3271, ""c"": 0.5444, ""capture"": 0.601, ""share"": 0.415, ""miss_deg"": 1.01, ""labels"": [266]}, {""name"": ""球R"", ""m"": 102.2932, ""q"": 0.2625, ""c"": 0.3009, ""capture"": 0.872, ""share"": 0.333, ""miss_deg"": 0.52, ""labels"": [263]}, {""name"": ""红杯"", ""m"": 66.87238, ""q"": 0.1716, ""c"": 0.7636, ""capture"": 0.225, ""share"": 0.218, ""miss_deg"": 1.73, ""labels"": [49]}, {""name"": ""白杯2"", ""m"": 8.4228, ""q"": 0.0216, ""c"": 0.4843, ""capture"": 0.045, ""share"": 0.027, ""miss_deg"": 2.49, ""labels"": [267]}, {""name"": ""香蕉"", ""m"": 1.31978, ""q"": 0.0034, ""c"": 0.9962, ""capture"": 0.003, ""share"": 0.004, ""miss_deg"": 3.37, ""labels"": [264]}, {""name"": ""水瓶"", ""m"": 0.41064, ""q"": 0.0011, ""c"": 0.9697, ""capture"": 0.001, ""share"": 0.001, ""miss_deg"": 3.69, ""labels"": [30]}]"
2026_08_20/000,c1,v9,,mass10,68.0,68.68,0.67,2.347,红杯,49,0.383,0.3237,0.429,1.14,0.822,0.154,object#12,389.6407,0,0,7,红杯,1,4,"[{""name"": ""红杯"", ""m"": 126.13656, ""q"": 0.3237, ""c"": 0.7541, ""capture"": 0.429, ""share"": 0.383, ""miss_deg"": 1.3, ""labels"": [49]}, {""name"": ""白杯1"", ""m"": 103.81127, ""q"": 0.2664, ""c"": 0.5444, ""capture"": 0.489, ""share"": 0.315, ""miss_deg"": 1.2, ""labels"": [266]}, {""name"": ""球R"", ""m"": 71.5449, ""q"": 0.1836, ""c"": 0.3009, ""capture"": 0.61, ""share"": 0.217, ""miss_deg"": 0.99, ""labels"": [263]}, {""name"": ""白杯2"", ""m"": 27.9597, ""q"": 0.0718, ""c"": 0.4729, ""capture"": 0.152, ""share"": 0.085, ""miss_deg"": 1.94, ""labels"": [267]}]"
2026_08_20/000,c1,v9,,mass10,68.74,69.17,0.43,2.311,白杯2,267,0.593,0.4274,0.882,0.247,0.39,0.279,object#12,389.6407,1,1,7,红杯,0,4,"[{""name"": ""白杯2"", ""m"": 166.51655, ""q"": 0.4274, ""c"": 0.4843, ""capture"": 0.882, ""share"": 0.593, ""miss_deg"": 0.5, ""labels"": [267]}, {""name"": ""红杯"", ""m"": 64.86358, ""q"": 0.1665, ""c"": 0.7636, ""capture"": 0.218, ""share"": 0.231, ""miss_deg"": 1.75, ""labels"": [49]}, {""name"": ""球R"", ""m"": 47.59631, ""q"": 0.1222, ""c"": 0.3009, ""capture"": 0.406, ""share"": 0.169, ""miss_deg"": 1.34, ""labels"": [263]}, {""name"": ""白杯1"", ""m"": 2.05338, ""q"": 0.0053, ""c"": 0.5444, ""capture"": 0.01, ""share"": 0.007, ""miss_deg"": 3.05, ""labels"": [266]}]"
2026_08_20/000,c1,v9,,mass10,69.23,69.82,0.6,2.301,球R,263,0.527,0.3138,1.043,0.382,0.691,0.405,object#12,389.6407,1,1,7,红杯,0,6,"[{""name"": ""球R"", ""m"": 122.26535, ""q"": 0.3138, ""c"": 0.3009, ""capture"": 1.043, ""share"": 0.527, ""miss_deg"": 0.0, ""labels"": [263]}, {""name"": ""白杯1"", ""m"": 84.49752, ""q"": 0.2169, ""c"": 0.5444, ""capture"": 0.398, ""share"": 0.364, ""miss_deg"": 1.36, ""labels"": [266]}, {""name"": ""红杯"", ""m"": 19.36835, ""q"": 0.0497, ""c"": 0.7697, ""capture"": 0.065, ""share"": 0.084, ""miss_deg"": 2.34, ""labels"": [49]}, {""name"": ""水瓶"", ""m"": 2.55042, ""q"": 0.0065, ""c"": 0.9697, ""capture"": 0.007, ""share"": 0.011, ""miss_deg"": 3.16, ""labels"": [30]}, {""name"": ""白杯2"", ""m"": 1.83385, ""q"": 0.0047, ""c"": 0.4899, ""capture"": 0.01, ""share"": 0.008, ""miss_deg"": 3.05, ""labels"": [267]}, {""name"": ""香蕉"", ""m"": 1.41276, ""q"": 0.0036, ""c"": 0.9962, ""capture"": 0.004, ""share"": 0.006, ""miss_deg"": 3.35, ""labels"": [264]}]"
2026_08_20/000,c1,v9,,mass10,69.88,70.36,0.49,2.303,球R,263,0.391,0.2918,0.97,0.388,0.632,0.254,object#12,389.6407,1,0,7,红杯,0,5,"[{""name"": ""球R"", ""m"": 113.71184, ""q"": 0.2918, ""c"": 0.3009, ""capture"": 0.97, ""share"": 0.391, ""miss_deg"": 0.25, ""labels"": [263]}, {""name"": ""白杯2"", ""m"": 71.82392, ""q"": 0.1843, ""c"": 0.4899, ""capture"": 0.376, ""share"": 0.247, ""miss_deg"": 1.4, ""labels"": [267]}, {""name"": ""红杯"", ""m"": 69.71843, ""q"": 0.1789, ""c"": 0.7697, ""capture"": 0.232, ""share"": 0.24, ""miss_deg"": 1.71, ""labels"": [49]}, {""name"": ""白杯1"", ""m"": 35.3117, ""q"": 0.0906, ""c"": 0.5444, ""capture"": 0.166, ""share"": 0.122, ""miss_deg"": 1.89, ""labels"": [266]}, {""name"": ""水瓶"", ""m"": 0.02925, ""q"": 0.0001, ""c"": 0.9697, ""capture"": 0.0, ""share"": 0.0, ""miss_deg"": 4.35, ""labels"": [30]}]"
2026_08_20/000,c1,v9,,mass10,70.42,71.07,0.65,2.297,白杯1,266,0.624,0.4506,0.813,0.498,0.271,0.278,object#12,389.6407,1,1,7,红杯,0,5,"[{""name"": ""白杯1"", ""m"": 175.58013, ""q"": 0.4506, ""c"": 0.5545, ""capture"": 0.813, ""share"": 0.624, ""miss_deg"": 0.64, ""labels"": [266]}, {""name"": ""球R"", ""m"": 47.44809, ""q"": 0.1218, ""c"": 0.3009, ""capture"": 0.405, ""share"": 0.169, ""miss_deg"": 1.35, ""labels"": [263]}, {""name"": ""红杯"", ""m"": 32.56417, ""q"": 0.0836, ""c"": 0.7697, ""capture"": 0.109, ""share"": 0.116, ""miss_deg"": 2.11, ""labels"": [49]}, {""name"": ""香蕉"", ""m"": 19.38305, ""q"": 0.0497, ""c"": 0.9971, ""capture"": 0.05, ""share"": 0.069, ""miss_deg"": 2.45, ""labels"": [264]}, {""name"": ""水瓶"", ""m"": 6.48689, ""q"": 0.0166, ""c"": 0.9697, ""capture"": 0.017, ""share"": 0.023, ""miss_deg"": 2.85, ""labels"": [30]}]"
2026_08_20/000,c1,v9,,mass10,71.12,71.99,0.87,2.338,白杯2,267,0.433,0.3375,0.714,0.493,0.785,0.22,object#12,389.6407,0,0,7,红杯,0,5,"[{""name"": ""白杯2"", ""m"": 131.48924, ""q"": 0.3375, ""c"": 0.4729, ""capture"": 0.714, ""share"": 0.433, ""miss_deg"": 0.82, ""labels"": [267]}, {""name"": ""红杯"", ""m"": 103.4207, ""q"": 0.2654, ""c"": 0.7541, ""capture"": 0.352, ""share"": 0.34, ""miss_deg"": 1.45, ""labels"": [49]}, {""name"": ""球R"", ""m"": 55.79443, ""q"": 0.1432, ""c"": 0.3009, ""capture"": 0.476, ""share"": 0.184, ""miss_deg"": 1.22, ""labels"": [263]}, {""name"": ""白杯1"", ""m"": 13.07695, ""q"": 0.0336, ""c"": 0.5444, ""capture"": 0.062, ""share"": 0.043, ""miss_deg"": 2.36, ""labels"": [266]}, {""name"": ""水瓶"", ""m"": 0.07874, ""q"": 0.0002, ""c"": 0.9673, ""capture"": 0.0, ""share"": 0.0, ""miss_deg"": 4.12, ""labels"": [30]}]"
2026_08_20/000,c1,v9,,mass10,72.04,72.53,0.49,2.311,白杯1,266,0.501,0.3005,0.552,1.397,0.772,0.4,object#12,389.6407,1,1,,,,5,"[{""name"": ""白杯1"", ""m"": 117.10223, ""q"": 0.3005, ""c"": 0.5444, ""capture"": 0.552, ""share"": 0.501, ""miss_deg"": 1.09, ""labels"": [266]}, {""name"": ""球R"", ""m"": 90.35685, ""q"": 0.2319, ""c"": 0.3009, ""capture"": 0.771, ""share"": 0.387, ""miss_deg"": 0.72, ""labels"": [263]}, {""name"": ""红杯"", ""m"": 18.84822, ""q"": 0.0484, ""c"": 0.7636, ""capture"": 0.063, ""share"": 0.081, ""miss_deg"": 2.35, ""labels"": [49]}, {""name"": ""香蕉"", ""m"": 5.62954, ""q"": 0.0144, ""c"": 0.9962, ""capture"": 0.015, ""share"": 0.024, ""miss_deg"": 2.91, ""labels"": [264]}, {""name"": ""水瓶"", ""m"": 1.76353, ""q"": 0.0045, ""c"": 0.9697, ""capture"": 0.005, ""share"": 0.008, ""miss_deg"": 3.28, ""labels"": [30]}]"
2026_08_20/000,c1,v9,,mass10,74.0,75.35,1.35,2.259,球L,259,0.503,0.3165,1.003,0.621,0.785,0.371,object#12,389.6407,1,1,8,苹果红,0,6,"[{""name"": ""球L"", ""m"": 123.32763, ""q"": 0.3165, ""c"": 0.3157, ""capture"": 1.003, ""share"": 0.503, ""miss_deg"": 0.0, ""labels"": [259]}, {""name"": ""苹果红"", ""m"": 96.80473, ""q"": 0.2484, ""c"": 0.3986, ""capture"": 0.623, ""share"": 0.395, ""miss_deg"": 0.97, ""labels"": [260]}, {""name"": ""香蕉"", ""m"": 11.05687, ""q"": 0.0284, ""c"": 0.998, ""capture"": 0.028, ""share"": 0.045, ""miss_deg"": 2.67, ""labels"": [264]}, {""name"": ""水瓶"", ""m"": 8.83938, ""q"": 0.0227, ""c"": 0.9761, ""capture"": 0.023, ""share"": 0.036, ""miss_deg"": 2.74, ""labels"": [30]}, {""name"": ""橘子"", ""m"": 3.42089, ""q"": 0.0088, ""c"": 0.3721, ""capture"": 0.024, ""share"": 0.014, ""miss_deg"": 2.74, ""labels"": [262]}, {""name"": ""苹果粉"", ""m"": 1.80915, ""q"": 0.0046, ""c"": 0.5444, ""capture"": 0.009, ""share"": 0.007, ""miss_deg"": 3.09, ""labels"": [64, 250]}]"
2026_08_20/000,c1,v9,,mass10,75.41,76.0,0.6,2.256,球L,259,0.474,0.2981,0.944,0.706,0.89,0.371,object#12,389.6407,1,0,8,苹果红,0,6,"[{""name"": ""球L"", ""m"": 116.137, ""q"": 0.2981, ""c"": 0.3157, ""capture"": 0.944, ""share"": 0.474, ""miss_deg"": 0.34, ""labels"": [259]}, {""name"": ""苹果红"", ""m"": 103.48588, ""q"": 0.2656, ""c"": 0.3986, ""capture"": 0.666, ""share"": 0.422, ""miss_deg"": 0.9, ""labels"": [260]}, {""name"": ""香蕉"", ""m"": 10.18575, ""q"": 0.0261, ""c"": 0.998, ""capture"": 0.026, ""share"": 0.042, ""miss_deg"": 2.7, ""labels"": [264]}, {""name"": ""水瓶"", ""m"": 10.07264, ""q"": 0.0259, ""c"": 0.9761, ""capture"": 0.026, ""share"": 0.041, ""miss_deg"": 2.69, ""labels"": [30]}, {""name"": ""橘子"", ""m"": 3.7548, ""q"": 0.0096, ""c"": 0.3721, ""capture"": 0.026, ""share"": 0.015, ""miss_deg"": 2.7, ""labels"": [262]}, {""name"": ""苹果粉"", ""m"": 1.51606, ""q"": 0.0039, ""c"": 0.5444, ""capture"": 0.007, ""share"": 0.006, ""miss_deg"": 3.14, ""labels"": [64, 250]}]"
2026_08_20/000,c1,v9,,mass10,76.06,76.76,0.7,2.266,球L,259,0.64,0.3946,1.25,0.345,0.434,0.383,物品台,389.6407,1,1,8,苹果红,0,6,"[{""name"": ""球L"", ""m"": 153.75698, ""q"": 0.3946, ""c"": 0.3157, ""capture"": 1.25, ""share"": 0.64, ""miss_deg"": 0.0, ""labels"": [259]}, {""name"": ""苹果红"", ""m"": 66.95922, ""q"": 0.1718, ""c"": 0.3986, ""capture"": 0.431, ""share"": 0.278, ""miss_deg"": 1.3, ""labels"": [260]}, {""name"": ""苹果粉"", ""m"": 12.84589, ""q"": 0.033, ""c"": 0.5338, ""capture"": 0.062, ""share"": 0.053, ""miss_deg"": 2.36, ""labels"": [64, 250]}, {""name"": ""橘子"", ""m"": 3.1022, ""q"": 0.008, ""c"": 0.3721, ""capture"": 0.021, ""share"": 0.013, ""miss_deg"": 2.77, ""labels"": [262]}, {""name"": ""香蕉"", ""m"": 2.01327, ""q"": 0.0052, ""c"": 0.998, ""capture"": 0.005, ""share"": 0.008, ""miss_deg"": 3.24, ""labels"": [264]}, {""name"": ""水瓶"", ""m"": 1.75355, ""q"": 0.0045, ""c"": 0.974, ""capture"": 0.005, ""share"": 0.007, ""miss_deg"": 3.28, ""labels"": [30]}]"
2026_08_20/000,c1,v9,,mass10,77.19,79.79,2.6,2.246,球L,259,0.371,0.1845,0.584,0.702,0.887,0.503,object#12,389.6407,0,0,8,苹果红,0,6,"[{""name"": ""球L"", ""m"": 71.88925, ""q"": 0.1845, ""c"": 0.3157, ""capture"": 0.584, ""share"": 0.371, ""miss_deg"": 1.04, ""labels"": [259]}, {""name"": ""苹果红"", ""m"": 63.61662, ""q"": 0.1633, ""c"": 0.3986, ""capture"": 0.41, ""share"": 0.329, ""miss_deg"": 1.34, ""labels"": [260]}, {""name"": ""水瓶"", ""m"": 36.72889, ""q"": 0.0943, ""c"": 0.9781, ""capture"": 0.096, ""share"": 0.19, ""miss_deg"": 2.16, ""labels"": [30]}, {""name"": ""香蕉"", ""m"": 12.55927, ""q"": 0.0322, ""c"": 0.998, ""capture"": 0.032, ""share"": 0.065, ""miss_deg"": 2.62, ""labels"": [264]}, {""name"": ""球M"", ""m"": 7.7166, ""q"": 0.0198, ""c"": 0.3009, ""capture"": 0.066, ""share"": 0.04, ""miss_deg"": 2.33, ""labels"": [261]}, {""name"": ""橘子"", ""m"": 1.13468, ""q"": 0.0029, ""c"": 0.3721, ""capture"": 0.008, ""share"": 0.006, ""miss_deg"": 3.11, ""labels"": [262]}]"
2026_08_20/000,c1,v9,,mass10,80.36,81.23,0.87,2.167,球M,261,0.802,0.0394,0.125,0.08,0.242,0.951,物品台,389.6407,0,0,9,球M,1,3,"[{""name"": ""球M"", ""m"": 15.36069, ""q"": 0.0394, ""c"": 0.3157, ""capture"": 0.125, ""share"": 0.802, ""miss_deg"": 2.04, ""labels"": [261]}, {""name"": ""水瓶"", ""m"": 3.71838, ""q"": 0.0095, ""c"": 0.9862, ""capture"": 0.01, ""share"": 0.194, ""miss_deg"": 3.05, ""labels"": [30]}, {""name"": ""球L"", ""m"": 0.08226, ""q"": 0.0002, ""c"": 0.3228, ""capture"": 0.001, ""share"": 0.004, ""miss_deg"": 3.83, ""labels"": [259]}]"
2026_08_20/000,c1,v9,,mass10,81.28,81.61,0.32,2.225,球M,261,0.745,0.1765,0.587,0.095,0.314,0.763,物品台,389.6407,1,1,9,球M,1,4,"[{""name"": ""球M"", ""m"": 68.7738, ""q"": 0.1765, ""c"": 0.3009, ""capture"": 0.587, ""share"": 0.745, ""miss_deg"": 1.03, ""labels"": [261]}, {""name"": ""水瓶"", ""m"": 21.56278, ""q"": 0.0553, ""c"": 0.9801, ""capture"": 0.056, ""share"": 0.234, ""miss_deg"": 2.4, ""labels"": [30]}, {""name"": ""球L"", ""m"": 1.35892, ""q"": 0.0035, ""c"": 0.3157, ""capture"": 0.011, ""share"": 0.015, ""miss_deg"": 3.0, ""labels"": [259]}, {""name"": ""苹果红"", ""m"": 0.59736, ""q"": 0.0015, ""c"": 0.405, ""capture"": 0.004, ""share"": 0.006, ""miss_deg"": 3.34, ""labels"": [260]}]"
2026_08_20/000,c1,v9,,mass10,82.37,82.69,0.32,2.233,球M,261,0.689,0.3846,1.278,0.11,0.356,0.442,物品台,389.6407,1,1,9,球M,1,3,"[{""name"": ""球M"", ""m"": 149.83916, ""q"": 0.3846, ""c"": 0.3009, ""capture"": 1.278, ""share"": 0.689, ""miss_deg"": 0.0, ""labels"": [261]}, {""name"": ""水瓶"", ""m"": 53.31583, ""q"": 0.1368, ""c"": 0.9801, ""capture"": 0.14, ""share"": 0.245, ""miss_deg"": 1.98, ""labels"": [30]}, {""name"": ""香蕉"", ""m"": 14.35661, ""q"": 0.0368, ""c"": 0.998, ""capture"": 0.037, ""share"": 0.066, ""miss_deg"": 2.57, ""labels"": [264]}]"
2026_08_20/000,c1,v9,,mass10,82.76,83.02,0.27,2.261,球M,261,0.491,0.1363,0.453,0.234,0.758,0.723,物品台,389.6407,1,0,9,球M,1,5,"[{""name"": ""球M"", ""m"": 53.10099, ""q"": 0.1363, ""c"": 0.3009, ""capture"": 0.453, ""share"": 0.491, ""miss_deg"": 1.26, ""labels"": [261]}, {""name"": ""水瓶"", ""m"": 40.18737, ""q"": 0.1031, ""c"": 0.9761, ""capture"": 0.106, ""share"": 0.372, ""miss_deg"": 2.12, ""labels"": [30]}, {""name"": ""球L"", ""m"": 9.91484, ""q"": 0.0254, ""c"": 0.3157, ""capture"": 0.081, ""share"": 0.092, ""miss_deg"": 2.24, ""labels"": [259]}, {""name"": ""苹果红"", ""m"": 4.36731, ""q"": 0.0112, ""c"": 0.3986, ""capture"": 0.028, ""share"": 0.04, ""miss_deg"": 2.67, ""labels"": [260]}, {""name"": ""香蕉"", ""m"": 0.49462, ""q"": 0.0013, ""c"": 0.998, ""capture"": 0.001, ""share"": 0.005, ""miss_deg"": 3.65, ""labels"": [264]}]"
2026_08_20/000,c1,v9,,mass10,83.8,84.07,0.27,2.272,球M,261,0.844,0.2912,0.968,0.043,0.14,0.655,物品台,389.6407,1,1,9,球M,1,4,"[{""name"": ""球M"", ""m"": 113.4766, ""q"": 0.2912, ""c"": 0.3009, ""capture"": 0.968, ""share"": 0.844, ""miss_deg"": 0.26, ""labels"": [261]}, {""name"": ""水瓶"", ""m"": 15.87431, ""q"": 0.0407, ""c"": 0.974, ""capture"": 0.042, ""share"": 0.118, ""miss_deg"": 2.52, ""labels"": [30]}, {""name"": ""香蕉"", ""m"": 4.49888, ""q"": 0.0115, ""c"": 0.998, ""capture"": 0.012, ""share"": 0.033, ""miss_deg"": 2.99, ""labels"": [264]}, {""name"": ""白杯1"", ""m"": 0.65801, ""q"": 0.0017, ""c"": 0.5595, ""capture"": 0.003, ""share"": 0.005, ""miss_deg"": 3.41, ""labels"": [266]}]"
2026_08_20/000,c1,v9,,mass10,84.13,84.4,0.27,2.291,球L,259,0.687,0.1982,0.659,0.07,0.227,0.712,物品台,389.6407,1,1,9,球M,0,6,"[{""name"": ""球L"", ""m"": 77.22153, ""q"": 0.1982, ""c"": 0.3009, ""capture"": 0.659, ""share"": 0.687, ""miss_deg"": 0.91, ""labels"": [259]}, {""name"": ""水瓶"", ""m"": 17.49121, ""q"": 0.0449, ""c"": 0.9719, ""capture"": 0.046, ""share"": 0.156, ""miss_deg"": 2.48, ""labels"": [30]}, {""name"": ""苹果红"", ""m"": 13.15027, ""q"": 0.0337, ""c"": 0.3855, ""capture"": 0.088, ""share"": 0.117, ""miss_deg"": 2.21, ""labels"": [260]}, {""name"": ""球M"", ""m"": 3.98007, ""q"": 0.0102, ""c"": 0.3009, ""capture"": 0.034, ""share"": 0.035, ""miss_deg"": 2.6, ""labels"": [261]}, {""name"": ""香蕉"", ""m"": 0.44563, ""q"": 0.0011, ""c"": 0.9971, ""capture"": 0.001, ""share"": 0.004, ""miss_deg"": 3.68, ""labels"": [264]}, {""name"": ""橘子"", ""m"": 0.03673, ""q"": 0.0001, ""c"": 0.3721, ""capture"": 0.0, ""share"": 0.0, ""miss_deg"": 4.07, ""labels"": [262]}]"
2026_08_20/000,c1,v9,,mass10,84.45,84.78,0.32,2.278,球M,261,0.805,0.3177,1.056,0.063,0.204,0.605,物品台,389.6407,1,1,9,球M,1,4,"[{""name"": ""球M"", ""m"": 123.80473, ""q"": 0.3177, ""c"": 0.3009, ""capture"": 1.056, ""share"": 0.805, ""miss_deg"": 0.0, ""labels"": [261]}, {""name"": ""水瓶"", ""m"": 25.26585, ""q"": 0.0648, ""c"": 0.974, ""capture"": 0.067, ""share"": 0.164, ""miss_deg"": 2.33, ""labels"": [30]}, {""name"": ""香蕉"", ""m"": 4.59757, ""q"": 0.0118, ""c"": 0.998, ""capture"": 0.012, ""share"": 0.03, ""miss_deg"": 2.98, ""labels"": [264]}, {""name"": ""白杯1"", ""m"": 0.07315, ""q"": 0.0002, ""c"": 0.5595, ""capture"": 0.0, ""share"": 0.0, ""miss_deg"": 4.0, ""labels"": [266]}]"
2026_08_20/000,c1,v9,,mass10,84.83,85.26,0.43,2.195,球M,261,0.91,0.1004,0.318,0.031,0.099,0.89,物品台,389.6407,1,1,9,球M,1,2,"[{""name"": ""球M"", ""m"": 39.12918, ""q"": 0.1004, ""c"": 0.3157, ""capture"": 0.318, ""share"": 0.91, ""miss_deg"": 1.51, ""labels"": [261]}, {""name"": ""水瓶"", ""m"": 3.88944, ""q"": 0.01, ""c"": 0.9819, ""capture"": 0.01, ""share"": 0.09, ""miss_deg"": 3.03, ""labels"": [30]}]"
2026_08_20/000,c1,v9,,mass10,85.32,86.02,0.7,2.224,球M,261,0.911,0.2349,0.78,0.028,0.093,0.742,物品台,389.6407,1,1,9,球M,1,4,"[{""name"": ""球M"", ""m"": 91.51088, ""q"": 0.2349, ""c"": 0.3009, ""capture"": 0.78, ""share"": 0.911, ""miss_deg"": 0.7, ""labels"": [261]}, {""name"": ""水瓶"", ""m"": 8.52341, ""q"": 0.0219, ""c"": 0.9801, ""capture"": 0.022, ""share"": 0.085, ""miss_deg"": 2.76, ""labels"": [30]}, {""name"": ""香蕉"", ""m"": 0.22334, ""q"": 0.0006, ""c"": 0.998, ""capture"": 0.001, ""share"": 0.002, ""miss_deg"": 3.86, ""labels"": [264]}, {""name"": ""白杯1"", ""m"": 0.21014, ""q"": 0.0005, ""c"": 0.584, ""capture"": 0.001, ""share"": 0.002, ""miss_deg"": 3.74, ""labels"": [266]}]"
2026_08_20/000,c1,v9,,mass10,86.67,87.27,0.6,2.312,苹果红,260,0.426,0.2822,0.732,0.895,0.697,0.337,物品台,389.6407,1,0,,,,6,"[{""name"": ""苹果红"", ""m"": 109.97053, ""q"": 0.2822, ""c"": 0.3855, ""capture"": 0.732, ""share"": 0.426, ""miss_deg"": 0.79, ""labels"": [260]}, {""name"": ""球L"", ""m"": 76.7841, ""q"": 0.1971, ""c"": 0.3009, ""capture"": 0.655, ""share"": 0.297, ""miss_deg"": 0.92, ""labels"": [259]}, {""name"": ""苹果粉"", ""m"": 38.21271, ""q"": 0.0981, ""c"": 0.5232, ""capture"": 0.187, ""share"": 0.148, ""miss_deg"": 1.83, ""labels"": [64, 250]}, {""name"": ""橘子"", ""m"": 23.52476, ""q"": 0.0604, ""c"": 0.3721, ""capture"": 0.162, ""share"": 0.091, ""miss_deg"": 1.91, ""labels"": [262]}, {""name"": ""水瓶"", ""m"": 6.55703, ""q"": 0.0168, ""c"": 0.9697, ""capture"": 0.017, ""share"": 0.025, ""miss_deg"": 2.85, ""labels"": [30]}, {""name"": ""香蕉"", ""m"": 3.19873, ""q"": 0.0082, ""c"": 0.9962, ""capture"": 0.008, ""share"": 0.012, ""miss_deg"": 3.1, ""labels"": [264]}]"
2026_08_20/000,c1,v9,,mass10,87.32,92.36,5.04,2.347,苹果红,260,0.561,0.2498,0.648,0.34,0.316,0.555,物品台,389.6407,1,1,10,橘子,0,6,"[{""name"": ""苹果红"", ""m"": 97.32528, ""q"": 0.2498, ""c"": 0.3855, ""capture"": 0.648, ""share"": 0.561, ""miss_deg"": 0.93, ""labels"": [260]}, {""name"": ""橘子"", ""m"": 30.68777, ""q"": 0.0788, ""c"": 0.3582, ""capture"": 0.22, ""share"": 0.177, ""miss_deg"": 1.74, ""labels"": [262]}, {""name"": ""苹果粉"", ""m"": 17.32776, ""q"": 0.0445, ""c"": 0.5012, ""capture"": 0.089, ""share"": 0.1, ""miss_deg"": 2.2, ""labels"": [64, 250]}, {""name"": ""香蕉"", ""m"": 12.70836, ""q"": 0.0326, ""c"": 0.9962, ""capture"": 0.033, ""share"": 0.073, ""miss_deg"": 2.62, ""labels"": [264]}, {""name"": ""水瓶"", ""m"": 8.74734, ""q"": 0.0224, ""c"": 0.9649, ""capture"": 0.023, ""share"": 0.05, ""miss_deg"": 2.74, ""labels"": [30]}, {""name"": ""球L"", ""m"": 6.71824, ""q"": 0.0172, ""c"": 0.3009, ""capture"": 0.057, ""share"": 0.039, ""miss_deg"": 2.39, ""labels"": [259]}]"
2026_08_20/000,c1,v9,,mass10,92.65,93.35,0.7,2.3,苹果红,260,0.495,0.3262,0.846,0.676,0.527,0.342,object#12,389.6407,1,0,,,,7,"[{""name"": ""苹果红"", ""m"": 127.10808, ""q"": 0.3262, ""c"": 0.3855, ""capture"": 0.846, ""share"": 0.495, ""miss_deg"": 0.58, ""labels"": [260]}, {""name"": ""球L"", ""m"": 67.05233, ""q"": 0.1721, ""c"": 0.3009, ""capture"": 0.572, ""share"": 0.261, ""miss_deg"": 1.06, ""labels"": [259]}, {""name"": ""香蕉"", ""m"": 26.39355, ""q"": 0.0677, ""c"": 0.9962, ""capture"": 0.068, ""share"": 0.103, ""miss_deg"": 2.32, ""labels"": [264]}, {""name"": ""水瓶"", ""m"": 25.34771, ""q"": 0.0651, ""c"": 0.9697, ""capture"": 0.067, ""share"": 0.099, ""miss_deg"": 2.32, ""labels"": [30]}, {""name"": ""橘子"", ""m"": 8.5255, ""q"": 0.0219, ""c"": 0.3721, ""capture"": 0.059, ""share"": 0.033, ""miss_deg"": 2.38, ""labels"": [262]}, {""name"": ""球M"", ""m"": 1.73412, ""q"": 0.0045, ""c"": 0.2857, ""capture"": 0.016, ""share"": 0.007, ""miss_deg"": 2.89, ""labels"": [261]}, {""name"": ""苹果粉"", ""m"": 0.38761, ""q"": 0.001, ""c"": 0.5232, ""capture"": 0.002, ""share"": 0.002, ""miss_deg"": 3.54, ""labels"": [64]}]"
2026_08_20/000,c1,v9,,mass10,93.73,95.36,1.62,2.27,球L,259,0.782,0.3184,1.058,0.096,0.128,0.593,物品台,389.6407,1,1,,,,5,"[{""name"": ""球L"", ""m"": 124.04425, ""q"": 0.3184, ""c"": 0.3009, ""capture"": 1.058, ""share"": 0.782, ""miss_deg"": 0.0, ""labels"": [259]}, {""name"": ""苹果红"", ""m"": 15.87223, ""q"": 0.0407, ""c"": 0.3986, ""capture"": 0.102, ""share"": 0.1, ""miss_deg"": 2.14, ""labels"": [260]}, {""name"": ""苹果粉"", ""m"": 14.23469, ""q"": 0.0365, ""c"": 0.5338, ""capture"": 0.068, ""share"": 0.09, ""miss_deg"": 2.32, ""labels"": [64]}, {""name"": ""水瓶"", ""m"": 3.4055, ""q"": 0.0087, ""c"": 0.974, ""capture"": 0.009, ""share"": 0.021, ""miss_deg"": 3.07, ""labels"": [30]}, {""name"": ""橘子"", ""m"": 1.0155, ""q"": 0.0026, ""c"": 0.3721, ""capture"": 0.007, ""share"": 0.006, ""miss_deg"": 3.15, ""labels"": [262]}]"
2026_08_20/000,c1,v9,,mass10,95.74,96.55,0.81,2.288,球L,259,0.749,0.1996,0.663,0.133,0.231,0.733,物品台,389.6407,1,1,11,球L,1,5,"[{""name"": ""球L"", ""m"": 77.76514, ""q"": 0.1996, ""c"": 0.3009, ""capture"": 0.663, ""share"": 0.749, ""miss_deg"": 0.91, ""labels"": [259]}, {""name"": ""苹果粉"", ""m"": 17.9684, ""q"": 0.0461, ""c"": 0.5232, ""capture"": 0.088, ""share"": 0.173, ""miss_deg"": 2.2, ""labels"": [64]}, {""name"": ""苹果红"", ""m"": 4.24283, ""q"": 0.0109, ""c"": 0.3986, ""capture"": 0.027, ""share"": 0.041, ""miss_deg"": 2.68, ""labels"": [260]}, {""name"": ""水瓶"", ""m"": 3.52971, ""q"": 0.0091, ""c"": 0.974, ""capture"": 0.009, ""share"": 0.034, ""miss_deg"": 3.06, ""labels"": [30]}, {""name"": ""橘子"", ""m"": 0.33749, ""q"": 0.0009, ""c"": 0.3721, ""capture"": 0.002, ""share"": 0.003, ""miss_deg"": 3.48, ""labels"": [262]}]"
2026_08_20/000,c1,v9,,mass10,96.79,97.33,0.54,2.298,球L,259,0.809,0.3071,1.02,0.087,0.112,0.621,物品台,389.6407,1,1,11,球L,1,5,"[{""name"": ""球L"", ""m"": 119.64521, ""q"": 0.3071, ""c"": 0.3009, ""capture"": 1.02, ""share"": 0.809, ""miss_deg"": 0.0, ""labels"": [259]}, {""name"": ""苹果红"", ""m"": 13.42828, ""q"": 0.0345, ""c"": 0.3855, ""capture"": 0.089, ""share"": 0.091, ""miss_deg"": 2.2, ""labels"": [260]}, {""name"": ""苹果粉"", ""m"": 12.02601, ""q"": 0.0309, ""c"": 0.5232, ""capture"": 0.059, ""share"": 0.081, ""miss_deg"": 2.38, ""labels"": [64]}, {""name"": ""水瓶"", ""m"": 2.30105, ""q"": 0.0059, ""c"": 0.9697, ""capture"": 0.006, ""share"": 0.016, ""miss_deg"": 3.19, ""labels"": [30]}, {""name"": ""橘子"", ""m"": 0.44127, ""q"": 0.0011, ""c"": 0.3721, ""capture"": 0.003, ""share"": 0.003, ""miss_deg"": 3.4, ""labels"": [262]}]"
2026_08_20/000,c1,v9,,mass10,97.38,97.65,0.27,2.293,水瓶,30,0.333,0.1749,0.18,1.722,0.682,0.474,物品台,389.6407,0,0,11,球L,0,6,"[{""name"": ""水瓶"", ""m"": 68.13135, ""q"": 0.1749, ""c"": 0.9697, ""capture"": 0.18, ""share"": 0.333, ""miss_deg"": 1.85, ""labels"": [30]}, {""name"": ""苹果红"", ""m"": 46.56034, ""q"": 0.1195, ""c"": 0.3855, ""capture"": 0.31, ""share"": 0.227, ""miss_deg"": 1.53, ""labels"": [260]}, {""name"": ""球L"", ""m"": 41.52166, ""q"": 0.1066, ""c"": 0.3009, ""capture"": 0.354, ""share"": 0.203, ""miss_deg"": 1.44, ""labels"": [259]}, {""name"": ""香蕉"", ""m"": 24.69353, ""q"": 0.0634, ""c"": 0.9971, ""capture"": 0.064, ""share"": 0.121, ""miss_deg"": 2.35, ""labels"": [264]}, {""name"": ""球M"", ""m"": 23.34256, ""q"": 0.0599, ""c"": 0.3009, ""capture"": 0.199, ""share"": 0.114, ""miss_deg"": 1.8, ""labels"": [261]}, {""name"": ""橘子"", ""m"": 0.6138, ""q"": 0.0016, ""c"": 0.3721, ""capture"": 0.004, ""share"": 0.003, ""miss_deg"": 3.31, ""labels"": [262]}]"
2026_08_20/000,c1,v9,,mass10,98.2,98.47,0.27,2.278,球L,259,0.828,0.158,0.525,0.084,0.146,0.809,物品台,389.6407,1,1,11,球L,1,4,"[{""name"": ""球L"", ""m"": 61.54598, ""q"": 0.158, ""c"": 0.3009, ""capture"": 0.525, ""share"": 0.828, ""miss_deg"": 1.14, ""labels"": [259]}, {""name"": ""苹果粉"", ""m"": 8.98839, ""q"": 0.0231, ""c"": 0.5232, ""capture"": 0.044, ""share"": 0.121, ""miss_deg"": 2.5, ""labels"": [64]}, {""name"": ""水瓶"", ""m"": 2.60485, ""q"": 0.0067, ""c"": 0.974, ""capture"": 0.007, ""share"": 0.035, ""miss_deg"": 3.16, ""labels"": [30]}, {""name"": ""苹果红"", ""m"": 1.21445, ""q"": 0.0031, ""c"": 0.3986, ""capture"": 0.008, ""share"": 0.016, ""miss_deg"": 3.11, ""labels"": [260]}]"
2026_08_20/000,c1,v9,,mass10,98.87,99.34,0.47,2.307,球M,261,0.521,0.1942,0.68,0.21,0.712,0.627,物品台,389.6407,1,1,11,球L,0,5,"[{""name"": ""球M"", ""m"": 75.65693, ""q"": 0.1942, ""c"": 0.2857, ""capture"": 0.68, ""share"": 0.521, ""miss_deg"": 0.88, ""labels"": [261]}, {""name"": ""水瓶"", ""m"": 53.94209, ""q"": 0.1384, ""c"": 0.9697, ""capture"": 0.143, ""share"": 0.371, ""miss_deg"": 1.97, ""labels"": [30]}, {""name"": ""球L"", ""m"": 6.85956, ""q"": 0.0176, ""c"": 0.3009, ""capture"": 0.059, ""share"": 0.047, ""miss_deg"": 2.38, ""labels"": [259]}, {""name"": ""苹果红"", ""m"": 5.15596, ""q"": 0.0132, ""c"": 0.3855, ""capture"": 0.034, ""share"": 0.036, ""miss_deg"": 2.6, ""labels"": [260]}, {""name"": ""香蕉"", ""m"": 3.60169, ""q"": 0.0092, ""c"": 0.9962, ""capture"": 0.009, ""share"": 0.025, ""miss_deg"": 3.06, ""labels"": [264]}]"
2026_08_20/000,c1,v9,,mass10,100.15,100.42,0.27,2.322,白杯1,266,0.578,0.2396,0.44,0.757,0.417,0.585,object#12,389.6407,1,1,,,,6,"[{""name"": ""白杯1"", ""m"": 93.35955, ""q"": 0.2396, ""c"": 0.5444, ""capture"": 0.44, ""share"": 0.578, ""miss_deg"": 1.28, ""labels"": [266]}, {""name"": ""球R"", ""m"": 38.99334, ""q"": 0.1001, ""c"": 0.3009, ""capture"": 0.333, ""share"": 0.241, ""miss_deg"": 1.48, ""labels"": [263]}, {""name"": ""香蕉"", ""m"": 19.27649, ""q"": 0.0495, ""c"": 0.9962, ""capture"": 0.05, ""share"": 0.119, ""miss_deg"": 2.45, ""labels"": [264]}, {""name"": ""红杯"", ""m"": 4.637, ""q"": 0.0119, ""c"": 0.7605, ""capture"": 0.016, ""share"": 0.029, ""miss_deg"": 2.88, ""labels"": [49]}, {""name"": ""水瓶"", ""m"": 3.00366, ""q"": 0.0077, ""c"": 0.9697, ""capture"": 0.008, ""share"": 0.019, ""miss_deg"": 3.11, ""labels"": [30]}, {""name"": ""球M"", ""m"": 2.34831, ""q"": 0.006, ""c"": 0.2857, ""capture"": 0.021, ""share"": 0.015, ""miss_deg"": 2.78, ""labels"": [261]}]"
2026_08_20/000,c1,v9,,mass10,100.86,101.24,0.38,2.317,球R,263,0.391,0.2791,0.928,0.503,0.811,0.286,object#12,389.6407,0,0,12,白杯2,0,5,"[{""name"": ""球R"", ""m"": 108.75541, ""q"": 0.2791, ""c"": 0.3009, ""capture"": 0.928, ""share"": 0.391, ""miss_deg"": 0.39, ""labels"": [263]}, {""name"": ""白杯2"", ""m"": 88.18628, ""q"": 0.2263, ""c"": 0.4843, ""capture"": 0.467, ""share"": 0.317, ""miss_deg"": 1.23, ""labels"": [267]}, {""name"": ""红杯"", ""m"": 57.94694, ""q"": 0.1487, ""c"": 0.7636, ""capture"": 0.195, ""share"": 0.208, ""miss_deg"": 1.81, ""labels"": [49]}, {""name"": ""白杯1"", ""m"": 23.14686, ""q"": 0.0594, ""c"": 0.5444, ""capture"": 0.109, ""share"": 0.083, ""miss_deg"": 2.1, ""labels"": [266]}, {""name"": ""水瓶"", ""m"": 0.12191, ""q"": 0.0003, ""c"": 0.9697, ""capture"": 0.0, ""share"": 0.0, ""miss_deg"": 4.01, ""labels"": [30]}]"
2026_08_20/000,c1,v9,,mass10,101.3,102.7,1.41,2.322,白杯2,267,0.681,0.4682,0.99,0.243,0.391,0.312,object#12,389.6407,1,1,12,白杯2,1,4,"[{""name"": ""白杯2"", ""m"": 182.43556, ""q"": 0.4682, ""c"": 0.4729, ""capture"": 0.99, ""share"": 0.681, ""miss_deg"": 0.14, ""labels"": [267]}, {""name"": ""红杯"", ""m"": 71.40037, ""q"": 0.1832, ""c"": 0.7605, ""capture"": 0.241, ""share"": 0.266, ""miss_deg"": 1.69, ""labels"": [49]}, {""name"": ""球R"", ""m"": 13.88493, ""q"": 0.0356, ""c"": 0.3009, ""capture"": 0.118, ""share"": 0.052, ""miss_deg"": 2.07, ""labels"": [263]}, {""name"": ""白杯1"", ""m"": 0.28622, ""q"": 0.0007, ""c"": 0.5444, ""capture"": 0.001, ""share"": 0.001, ""miss_deg"": 3.64, ""labels"": [266]}]"
2026_08_20/000,c1,v9,,mass10,102.76,103.9,1.14,2.298,白杯2,267,0.588,0.425,0.867,0.268,0.422,0.278,object#12,389.6407,1,1,12,白杯2,1,4,"[{""name"": ""白杯2"", ""m"": 165.59654, ""q"": 0.425, ""c"": 0.4899, ""capture"": 0.867, ""share"": 0.588, ""miss_deg"": 0.53, ""labels"": [267]}, {""name"": ""红杯"", ""m"": 69.699, ""q"": 0.1789, ""c"": 0.7697, ""capture"": 0.232, ""share"": 0.248, ""miss_deg"": 1.71, ""labels"": [49]}, {""name"": ""球R"", ""m"": 43.53436, ""q"": 0.1117, ""c"": 0.3009, ""capture"": 0.371, ""share"": 0.155, ""miss_deg"": 1.41, ""labels"": [263]}, {""name"": ""白杯1"", ""m"": 2.56918, ""q"": 0.0066, ""c"": 0.5444, ""capture"": 0.012, ""share"": 0.009, ""miss_deg"": 2.97, ""labels"": [266]}]"
2026_08_20/000,c1,v9,,mass10,104.06,105.47,1.41,2.31,球R,263,0.397,0.3052,1.014,0.258,0.655,0.232,object#12,389.6407,1,0,12,白杯2,0,4,"[{""name"": ""球R"", ""m"": 118.90933, ""q"": 0.3052, ""c"": 0.3009, ""capture"": 1.014, ""share"": 0.397, ""miss_deg"": 0.0, ""labels"": [263]}, {""name"": ""红杯"", ""m"": 77.81416, ""q"": 0.1997, ""c"": 0.7636, ""capture"": 0.262, ""share"": 0.26, ""miss_deg"": 1.64, ""labels"": [49]}, {""name"": ""白杯2"", ""m"": 54.19478, ""q"": 0.1391, ""c"": 0.4843, ""capture"": 0.287, ""share"": 0.181, ""miss_deg"": 1.58, ""labels"": [267]}, {""name"": ""白杯1"", ""m"": 48.41713, ""q"": 0.1243, ""c"": 0.5444, ""capture"": 0.228, ""share"": 0.162, ""miss_deg"": 1.72, ""labels"": [266]}]"
2026_08_20/000,c1,v9,,mass10,105.95,106.5,0.54,2.288,白杯1,266,0.6,0.2833,0.511,0.501,0.272,0.528,object#12,389.6407,1,1,12,白杯2,0,6,"[{""name"": ""白杯1"", ""m"": 110.36734, ""q"": 0.2833, ""c"": 0.5545, ""capture"": 0.511, ""share"": 0.6, ""miss_deg"": 1.16, ""labels"": [266]}, {""name"": ""球R"", ""m"": 30.06922, ""q"": 0.0772, ""c"": 0.3009, ""capture"": 0.256, ""share"": 0.163, ""miss_deg"": 1.65, ""labels"": [263]}, {""name"": ""香蕉"", ""m"": 29.3542, ""q"": 0.0753, ""c"": 0.9971, ""capture"": 0.076, ""share"": 0.16, ""miss_deg"": 2.27, ""labels"": [264]}, {""name"": ""水瓶"", ""m"": 7.29805, ""q"": 0.0187, ""c"": 0.974, ""capture"": 0.019, ""share"": 0.04, ""miss_deg"": 2.81, ""labels"": [30]}, {""name"": ""红杯"", ""m"": 4.13201, ""q"": 0.0106, ""c"": 0.7697, ""capture"": 0.014, ""share"": 0.022, ""miss_deg"": 2.93, ""labels"": [49]}, {""name"": ""球M"", ""m"": 2.72389, ""q"": 0.007, ""c"": 0.3009, ""capture"": 0.023, ""share"": 0.015, ""miss_deg"": 2.74, ""labels"": [261]}]"
2026_08_20/000,c1,v9,,mass10,106.55,106.98,0.43,2.282,球R,263,0.322,0.2476,0.823,0.357,0.913,0.231,object#12,389.6407,0,0,,,,4,"[{""name"": ""球R"", ""m"": 96.48609, ""q"": 0.2476, ""c"": 0.3009, ""capture"": 0.823, ""share"": 0.322, ""miss_deg"": 0.62, ""labels"": [263]}, {""name"": ""红杯"", ""m"": 88.08891, ""q"": 0.2261, ""c"": 0.7697, ""capture"": 0.294, ""share"": 0.294, ""miss_deg"": 1.57, ""labels"": [49]}, {""name"": ""白杯2"", ""m"": 82.92872, ""q"": 0.2128, ""c"": 0.5012, ""capture"": 0.425, ""share"": 0.277, ""miss_deg"": 1.31, ""labels"": [267]}, {""name"": ""白杯1"", ""m"": 32.24663, ""q"": 0.0828, ""c"": 0.5595, ""capture"": 0.148, ""share"": 0.108, ""miss_deg"": 1.96, ""labels"": [266]}]"
2026_08_20/000,c1,v9,,mass10,107.09,107.42,0.32,2.293,球M,261,0.416,0.2067,0.687,0.194,0.642,0.503,object#12,389.6407,1,0,,,,4,"[{""name"": ""球M"", ""m"": 80.54377, ""q"": 0.2067, ""c"": 0.3009, ""capture"": 0.687, ""share"": 0.416, ""miss_deg"": 0.87, ""labels"": [261]}, {""name"": ""香蕉"", ""m"": 51.84639, ""q"": 0.1331, ""c"": 0.9971, ""capture"": 0.133, ""share"": 0.267, ""miss_deg"": 2.01, ""labels"": [264]}, {""name"": ""水瓶"", ""m"": 47.3752, ""q"": 0.1216, ""c"": 0.9697, ""capture"": 0.125, ""share"": 0.244, ""miss_deg"": 2.04, ""labels"": [30]}, {""name"": ""白杯1"", ""m"": 14.06023, ""q"": 0.0361, ""c"": 0.5545, ""capture"": 0.065, ""share"": 0.073, ""miss_deg"": 2.34, ""labels"": [266]}]"
2026_08_20/000,c1,v9,,mass10,107.47,107.9,0.43,2.292,白杯1,266,0.547,0.3875,0.699,0.96,0.521,0.292,object#12,389.6407,1,1,,,,5,"[{""name"": ""白杯1"", ""m"": 151.00393, ""q"": 0.3875, ""c"": 0.5545, ""capture"": 0.699, ""share"": 0.547, ""miss_deg"": 0.85, ""labels"": [266]}, {""name"": ""球R"", ""m"": 78.67659, ""q"": 0.2019, ""c"": 0.3009, ""capture"": 0.671, ""share"": 0.285, ""miss_deg"": 0.89, ""labels"": [263]}, {""name"": ""红杯"", ""m"": 32.16245, ""q"": 0.0825, ""c"": 0.7697, ""capture"": 0.107, ""share"": 0.117, ""miss_deg"": 2.11, ""labels"": [49]}, {""name"": ""香蕉"", ""m"": 10.80654, ""q"": 0.0277, ""c"": 0.9971, ""capture"": 0.028, ""share"": 0.039, ""miss_deg"": 2.68, ""labels"": [264]}, {""name"": ""水瓶"", ""m"": 3.16397, ""q"": 0.0081, ""c"": 0.9719, ""capture"": 0.008, ""share"": 0.011, ""miss_deg"": 3.09, ""labels"": [30]}]"
2026_08_20/000,c1,v9,,mass10,112.37,112.94,0.57,1.094,,-1,0.0,0.0,,,,1.0,object#14,389.6407,0,0,,,,0,[]
2026_08_20/000,c1,v9,,mass10,113.87,114.19,0.32,0.638,,-1,0.0,0.0,,,,1.0,object#34,389.6407,0,0,,,,0,[]
2026_08_20/000,c1,v9,,mass10,114.46,114.9,0.44,0.856,,-1,0.0,0.0,,,,1.0,object#88,389.6407,0,0,,,,0,[]
2026_08_20/001,c2,v9,,mass10,3.28,3.67,0.38,3.041,,-1,0.0,0.0,,,,1.0,floor,389.6407,0,0,,,,0,[]
2026_08_20/001,c2,v9,,mass10,9.17,9.5,0.32,3.454,,-1,0.0,0.0,,,,1.0,object#36,389.6407,0,0,,,,0,[]
2026_08_20/001,c2,v9,,mass10,10.05,10.43,0.38,2.739,球L,259,0.415,0.2486,1.116,0.414,0.559,0.401,物品台,389.6407,1,0,,,,6,"[{""name"": ""球L"", ""m"": 96.85679, ""q"": 0.2486, ""c"": 0.2228, ""capture"": 1.116, ""share"": 0.415, ""miss_deg"": 0.0, ""labels"": [259]}, {""name"": ""苹果红"", ""m"": 54.19025, ""q"": 0.1391, ""c"": 0.3009, ""capture"": 0.462, ""share"": 0.232, ""miss_deg"": 1.24, ""labels"": [260]}, {""name"": ""水瓶"", ""m"": 47.57859, ""q"": 0.1221, ""c"": 0.87, ""capture"": 0.14, ""share"": 0.204, ""miss_deg"": 1.98, ""labels"": [30]}, {""name"": ""香蕉"", ""m"": 25.30808, ""q"": 0.065, ""c"": 0.9697, ""capture"": 0.067, ""share"": 0.108, ""miss_deg"": 2.33, ""labels"": [264]}, {""name"": ""橘子"", ""m"": 5.3238, ""q"": 0.0137, ""c"": 0.2704, ""capture"": 0.051, ""share"": 0.023, ""miss_deg"": 2.44, ""labels"": [262]}, {""name"": ""球M"", ""m"": 4.32747, ""q"": 0.0111, ""c"": 0.2062, ""capture"": 0.054, ""share"": 0.019, ""miss_deg"": 2.42, ""labels"": [261]}]"
2026_08_20/001,c2,v9,,mass10,11.31,11.64,0.32,3.431,,-1,0.0,0.0,,,,1.0,object#60,389.6407,0,0,,,,0,[]
2026_08_20/001,c2,v9,,mass10,11.75,12.02,0.27,3.534,,-1,0.0,0.0,,,,1.0,object#26,389.6407,0,0,,,,0,[]
2026_08_20/001,c2,v9,,mass10,12.41,13.06,0.65,3.364,,-1,0.0,0.0,,,,1.0,object#26,389.6407,0,0,,,,0,[]
2026_08_20/001,c2,v9,,mass10,14.23,14.5,0.27,2.572,球M,261,0.613,0.1581,0.684,0.133,0.524,0.742,物品台,389.6407,1,1,,,,6,"[{""name"": ""球M"", ""m"": 61.5833, ""q"": 0.1581, ""c"": 0.2309, ""capture"": 0.684, ""share"": 0.613, ""miss_deg"": 0.87, ""labels"": [261]}, {""name"": ""水瓶"", ""m"": 32.17859, ""q"": 0.0826, ""c"": 0.9122, ""capture"": 0.091, ""share"": 0.321, ""miss_deg"": 2.19, ""labels"": [30]}, {""name"": ""球L"", ""m"": 4.54301, ""q"": 0.0117, ""c"": 0.2469, ""capture"": 0.047, ""share"": 0.045, ""miss_deg"": 2.47, ""labels"": [259]}, {""name"": ""香蕉"", ""m"": 1.07794, ""q"": 0.0028, ""c"": 0.9819, ""capture"": 0.003, ""share"": 0.011, ""miss_deg"": 3.43, ""labels"": [264]}, {""name"": ""白杯1"", ""m"": 0.94885, ""q"": 0.0024, ""c"": 0.4729, ""capture"": 0.005, ""share"": 0.009, ""miss_deg"": 3.25, ""labels"": [266]}, {""name"": ""苹果红"", ""m"": 0.06274, ""q"": 0.0002, ""c"": 0.3157, ""capture"": 0.001, ""share"": 0.001, ""miss_deg"": 3.89, ""labels"": [260]}]"
2026_08_20/001,c2,v9,,mass10,14.71,15.36,0.65,2.723,球R,263,0.775,0.071,0.319,0.053,0.209,0.908,物品台,389.6407,1,1,,,,4,"[{""name"": ""球R"", ""m"": 27.66417, ""q"": 0.071, ""c"": 0.2228, ""capture"": 0.319, ""share"": 0.775, ""miss_deg"": 1.51, ""labels"": [263]}, {""name"": ""水瓶"", ""m"": 5.78549, ""q"": 0.0148, ""c"": 0.87, ""capture"": 0.017, ""share"": 0.162, ""miss_deg"": 2.85, ""labels"": [30]}, {""name"": ""白杯1"", ""m"": 1.62844, ""q"": 0.0042, ""c"": 0.4429, ""capture"": 0.009, ""share"": 0.046, ""miss_deg"": 3.05, ""labels"": [266]}, {""name"": ""白杯2"", ""m"": 0.63764, ""q"": 0.0016, ""c"": 0.3721, ""capture"": 0.004, ""share"": 0.018, ""miss_deg"": 3.29, ""labels"": [267]}]"
2026_08_20/001,c2,v9,,mass10,15.53,15.9,0.38,2.514,球M,261,0.547,0.0489,0.198,0.141,0.532,0.911,物品台,389.6407,0,0,,,,3,"[{""name"": ""球M"", ""m"": 19.04562, ""q"": 0.0489, ""c"": 0.2469, ""capture"": 0.198, ""share"": 0.547, ""miss_deg"": 1.8, ""labels"": [261]}, {""name"": ""水瓶"", ""m"": 10.11874, ""q"": 0.026, ""c"": 0.9255, ""capture"": 0.028, ""share"": 0.291, ""miss_deg"": 2.67, ""labels"": [30]}, {""name"": ""球L"", ""m"": 5.66103, ""q"": 0.0145, ""c"": 0.2548, ""capture"": 0.057, ""share"": 0.163, ""miss_deg"": 2.39, ""labels"": [259]}]"
2026_08_20/001,c2,v9,,mass10,16.39,17.74,1.35,2.71,球R,263,0.679,0.2251,1.01,0.103,0.178,0.668,物品台,389.6407,1,1,1,球R,1,5,"[{""name"": ""球R"", ""m"": 87.69352, ""q"": 0.2251, ""c"": 0.2228, ""capture"": 1.01, ""share"": 0.679, ""miss_deg"": 0.0, ""labels"": [263]}, {""name"": ""白杯2"", ""m"": 15.63318, ""q"": 0.0401, ""c"": 0.3855, ""capture"": 0.104, ""share"": 0.121, ""miss_deg"": 2.13, ""labels"": [267]}, {""name"": ""白杯1"", ""m"": 15.41765, ""q"": 0.0396, ""c"": 0.4429, ""capture"": 0.089, ""share"": 0.119, ""miss_deg"": 2.2, ""labels"": [266]}, {""name"": ""水瓶"", ""m"": 6.39482, ""q"": 0.0164, ""c"": 0.8741, ""capture"": 0.019, ""share"": 0.049, ""miss_deg"": 2.82, ""labels"": [30]}, {""name"": ""红杯"", ""m"": 4.1055, ""q"": 0.0105, ""c"": 0.6386, ""capture"": 0.016, ""share"": 0.032, ""miss_deg"": 2.87, ""labels"": [49]}]"
2026_08_20/001,c2,v9,,mass10,17.79,18.17,0.38,2.719,水瓶,30,0.73,0.0084,0.01,1.4,0.37,0.989,物品台,389.6407,0,0,1,球R,0,2,"[{""name"": ""水瓶"", ""m"": 3.2653, ""q"": 0.0084, ""c"": 0.87, ""capture"": 0.01, ""share"": 0.73, ""miss_deg"": 3.05, ""labels"": [30]}, {""name"": ""球R"", ""m"": 1.20986, ""q"": 0.0031, ""c"": 0.2228, ""capture"": 0.014, ""share"": 0.27, ""miss_deg"": 2.92, ""labels"": [263]}]"
2026_08_20/001,c2,v9,,mass10,18.5,19.42,0.92,2.799,球R,263,0.699,0.0667,0.299,0.084,0.316,0.905,物品台,389.6407,1,1,1,球R,1,4,"[{""name"": ""球R"", ""m"": 25.97234, ""q"": 0.0667, ""c"": 0.2228, ""capture"": 0.299, ""share"": 0.699, ""miss_deg"": 1.55, ""labels"": [263]}, {""name"": ""水瓶"", ""m"": 8.2123, ""q"": 0.0211, ""c"": 0.8521, ""capture"": 0.025, ""share"": 0.221, ""miss_deg"": 2.72, ""labels"": [30]}, {""name"": ""白杯2"", ""m"": 2.01997, ""q"": 0.0052, ""c"": 0.3721, ""capture"": 0.014, ""share"": 0.054, ""miss_deg"": 2.92, ""labels"": [267]}, {""name"": ""白杯1"", ""m"": 0.94281, ""q"": 0.0024, ""c"": 0.4305, ""capture"": 0.006, ""share"": 0.025, ""miss_deg"": 3.22, ""labels"": [266]}]"
2026_08_20/001,c2,v9,,mass10,20.64,20.91,0.27,3.017,球R,263,0.421,0.2284,1.207,0.392,0.77,0.457,物品台,389.6407,0,0,,,,6,"[{""name"": ""球R"", ""m"": 88.9826, ""q"": 0.2284, ""c"": 0.1892, ""capture"": 1.207, ""share"": 0.421, ""miss_deg"": 0.0, ""labels"": [263]}, {""name"": ""白杯1"", ""m"": 68.58929, ""q"": 0.176, ""c"": 0.3721, ""capture"": 0.473, ""share"": 0.324, ""miss_deg"": 1.22, ""labels"": [266]}, {""name"": ""红杯"", ""m"": 27.72105, ""q"": 0.0711, ""c"": 0.5444, ""capture"": 0.131, ""share"": 0.131, ""miss_deg"": 2.02, ""labels"": [49]}, {""name"": ""白杯2"", ""m"": 13.96782, ""q"": 0.0358, ""c"": 0.3157, ""capture"": 0.114, ""share"": 0.066, ""miss_deg"": 2.09, ""labels"": [267]}, {""name"": ""水瓶"", ""m"": 6.35201, ""q"": 0.0163, ""c"": 0.7962, ""capture"": 0.02, ""share"": 0.03, ""miss_deg"": 2.79, ""labels"": [30]}, {""name"": ""香蕉"", ""m"": 5.83913, ""q"": 0.015, ""c"": 0.9156, ""capture"": 0.016, ""share"": 0.028, ""miss_deg"": 2.87, ""labels"": [264]}]"
2026_08_20/001,c2,v9,,mass10,21.29,21.67,0.38,3.117,球M,261,0.511,0.0453,0.277,0.542,0.544,0.911,物品台,389.6407,1,1,,,,4,"[{""name"": ""球M"", ""m"": 17.6519, ""q"": 0.0453, ""c"": 0.1636, ""capture"": 0.277, ""share"": 0.511, ""miss_deg"": 1.6, ""labels"": [261]}, {""name"": ""球L"", ""m"": 9.59159, ""q"": 0.0246, ""c"": 0.1636, ""capture"": 0.15, ""share"": 0.278, ""miss_deg"": 1.95, ""labels"": [259]}, {""name"": ""水瓶"", ""m"": 6.06893, ""q"": 0.0156, ""c"": 0.7697, ""capture"": 0.02, ""share"": 0.176, ""miss_deg"": 2.79, ""labels"": [30]}, {""name"": ""苹果红"", ""m"": 1.23382, ""q"": 0.0032, ""c"": 0.2309, ""capture"": 0.014, ""share"": 0.036, ""miss_deg"": 2.93, ""labels"": [260]}]"
2026_08_20/001,c2,v9,,mass10,22.21,22.7,0.49,3.163,球M,261,0.498,0.0779,0.476,0.439,0.438,0.844,物品台,389.6407,1,0,,,,6,"[{""name"": ""球M"", ""m"": 30.35726, ""q"": 0.0779, ""c"": 0.1636, ""capture"": 0.476, ""share"": 0.498, ""miss_deg"": 1.22, ""labels"": [261]}, {""name"": ""球L"", ""m"": 13.30896, ""q"": 0.0342, ""c"": 0.1636, ""capture"": 0.209, ""share"": 0.218, ""miss_deg"": 1.77, ""labels"": [259]}, {""name"": ""水瓶"", ""m"": 10.90941, ""q"": 0.028, ""c"": 0.7605, ""capture"": 0.037, ""share"": 0.179, ""miss_deg"": 2.57, ""labels"": [30]}, {""name"": ""苹果红"", ""m"": 5.33285, ""q"": 0.0137, ""c"": 0.2228, ""capture"": 0.061, ""share"": 0.088, ""miss_deg"": 2.36, ""labels"": [260]}, {""name"": ""香蕉"", ""m"": 0.98775, ""q"": 0.0025, ""c"": 0.8822, ""capture"": 0.003, ""share"": 0.016, ""miss_deg"": 3.42, ""labels"": [264]}, {""name"": ""橘子"", ""m"": 0.02331, ""q"": 0.0001, ""c"": 0.2062, ""capture"": 0.0, ""share"": 0.0, ""miss_deg"": 4.04, ""labels"": [262]}]"
2026_08_20/001,c2,v9,,mass10,23.29,25.46,2.17,3.193,球R,263,0.388,0.0859,0.525,0.333,0.704,0.779,物品台,389.6407,1,0,2,球R,1,6,"[{""name"": ""球R"", ""m"": 33.45878, ""q"": 0.0859, ""c"": 0.1636, ""capture"": 0.525, ""share"": 0.388, ""miss_deg"": 1.14, ""labels"": [263]}, {""name"": ""白杯1"", ""m"": 23.48368, ""q"": 0.0603, ""c"": 0.3441, ""capture"": 0.175, ""share"": 0.273, ""miss_deg"": 1.87, ""labels"": [266]}, {""name"": ""香蕉"", ""m"": 11.55437, ""q"": 0.0297, ""c"": 0.8741, ""capture"": 0.034, ""share"": 0.134, ""miss_deg"": 2.6, ""labels"": [264]}, {""name"": ""球M"", ""m"": 8.47374, ""q"": 0.0217, ""c"": 0.1636, ""capture"": 0.133, ""share"": 0.098, ""miss_deg"": 2.01, ""labels"": [261]}, {""name"": ""水瓶"", ""m"": 7.1058, ""q"": 0.0182, ""c"": 0.7541, ""capture"": 0.024, ""share"": 0.082, ""miss_deg"": 2.73, ""labels"": [30]}, {""name"": ""红杯"", ""m"": 2.099, ""q"": 0.0054, ""c"": 0.5232, ""capture"": 0.01, ""share"": 0.024, ""miss_deg"": 3.03, ""labels"": [49]}]"
2026_08_20/001,c2,v9,,mass10,25.73,26.22,0.49,3.191,球M,261,0.297,0.0505,0.309,0.799,0.801,0.83,物品台,389.6407,0,0,,,,6,"[{""name"": ""球M"", ""m"": 19.66938, ""q"": 0.0505, ""c"": 0.1636, ""capture"": 0.309, ""share"": 0.297, ""miss_deg"": 1.53, ""labels"": [261]}, {""name"": ""球R"", ""m"": 15.74819, ""q"": 0.0404, ""c"": 0.1636, ""capture"": 0.247, ""share"": 0.238, ""miss_deg"": 1.67, ""labels"": [263]}, {""name"": ""白杯1"", ""m"": 13.51262, ""q"": 0.0347, ""c"": 0.3441, ""capture"": 0.101, ""share"": 0.204, ""miss_deg"": 2.14, ""labels"": [266]}, {""name"": ""香蕉"", ""m"": 9.59284, ""q"": 0.0246, ""c"": 0.8741, ""capture"": 0.028, ""share"": 0.145, ""miss_deg"": 2.67, ""labels"": [264]}, {""name"": ""水瓶"", ""m"": 7.42577, ""q"": 0.0191, ""c"": 0.7541, ""capture"": 0.025, ""share"": 0.112, ""miss_deg"": 2.71, ""labels"": [30]}, {""name"": ""红杯"", ""m"": 0.29968, ""q"": 0.0008, ""c"": 0.5232, ""capture"": 0.001, ""share"": 0.005, ""miss_deg"": 3.61, ""labels"": [49]}]"
2026_08_20/001,c2,v9,,mass10,26.54,26.92,0.38,3.156,球R,263,0.647,0.1361,0.832,0.1,0.184,0.79,物品台,389.6407,1,1,,,,6,"[{""name"": ""球R"", ""m"": 53.03807, ""q"": 0.1361, ""c"": 0.1636, ""capture"": 0.832, ""share"": 0.647, ""miss_deg"": 0.61, ""labels"": [263]}, {""name"": ""白杯2"", ""m"": 9.77352, ""q"": 0.0251, ""c"": 0.3009, ""capture"": 0.083, ""share"": 0.119, ""miss_deg"": 2.23, ""labels"": [267]}, {""name"": ""水瓶"", ""m"": 9.10212, ""q"": 0.0234, ""c"": 0.7605, ""capture"": 0.031, ""share"": 0.111, ""miss_deg"": 2.64, ""labels"": [30]}, {""name"": ""白杯1"", ""m"": 7.16823, ""q"": 0.0184, ""c"": 0.3441, ""capture"": 0.053, ""share"": 0.087, ""miss_deg"": 2.42, ""labels"": [266]}, {""name"": ""红杯"", ""m"": 2.52269, ""q"": 0.0065, ""c"": 0.5232, ""capture"": 0.012, ""share"": 0.031, ""miss_deg"": 2.96, ""labels"": [49]}, {""name"": ""香蕉"", ""m"": 0.34594, ""q"": 0.0009, ""c"": 0.8822, ""capture"": 0.001, ""share"": 0.004, ""miss_deg"": 3.72, ""labels"": [264]}]"
2026_08_20/001,c2,v9,,mass10,27.8,28.29,0.49,3.184,球M,261,0.357,0.0845,0.517,0.288,0.608,0.763,物品台,389.6407,1,0,,,,6,"[{""name"": ""球M"", ""m"": 32.93879, ""q"": 0.0845, ""c"": 0.1636, ""capture"": 0.517, ""share"": 0.357, ""miss_deg"": 1.15, ""labels"": [261]}, {""name"": ""白杯1"", ""m"": 20.01565, ""q"": 0.0514, ""c"": 0.3441, ""capture"": 0.149, ""share"": 0.217, ""miss_deg"": 1.95, ""labels"": [266]}, {""name"": ""香蕉"", ""m"": 18.13367, ""q"": 0.0465, ""c"": 0.8741, ""capture"": 0.053, ""share"": 0.196, ""miss_deg"": 2.42, ""labels"": [264]}, {""name"": ""球R"", ""m"": 11.34184, ""q"": 0.0291, ""c"": 0.1636, ""capture"": 0.178, ""share"": 0.123, ""miss_deg"": 1.86, ""labels"": [263]}, {""name"": ""水瓶"", ""m"": 9.66381, ""q"": 0.0248, ""c"": 0.7541, ""capture"": 0.033, ""share"": 0.105, ""miss_deg"": 2.61, ""labels"": [30]}, {""name"": ""红杯"", ""m"": 0.29966, ""q"": 0.0008, ""c"": 0.5232, ""capture"": 0.001, ""share"": 0.003, ""miss_deg"": 3.61, ""labels"": [49]}]"
2026_08_20/001,c2,v9,,mass10,28.77,29.05,0.27,3.118,球R,263,0.733,0.0716,0.438,0.037,0.169,0.902,物品台,389.6407,1,1,,,,5,"[{""name"": ""球R"", ""m"": 27.90741, ""q"": 0.0716, ""c"": 0.1636, ""capture"": 0.438, ""share"": 0.733, ""miss_deg"": 1.29, ""labels"": [263]}, {""name"": ""水瓶"", ""m"": 4.70258, ""q"": 0.0121, ""c"": 0.7697, ""capture"": 0.016, ""share"": 0.124, ""miss_deg"": 2.88, ""labels"": [30]}, {""name"": ""白杯1"", ""m"": 3.19308, ""q"": 0.0082, ""c"": 0.3582, ""capture"": 0.023, ""share"": 0.084, ""miss_deg"": 2.75, ""labels"": [266]}, {""name"": ""白杯2"", ""m"": 2.16531, ""q"": 0.0056, ""c"": 0.3009, ""capture"": 0.018, ""share"": 0.057, ""miss_deg"": 2.83, ""labels"": [267]}, {""name"": ""香蕉"", ""m"": 0.08877, ""q"": 0.0002, ""c"": 0.892, ""capture"": 0.0, ""share"": 0.002, ""miss_deg"": 4.07, ""labels"": [264]}]"
2026_08_20/001,c2,v9,,mass10,29.53,29.8,0.27,3.181,苹果粉,64,0.707,0.056,0.177,0.638,0.33,0.921,物品台,389.6407,0,0,4,球L,0,5,"[{""name"": ""苹果粉"", ""m"": 21.81265, ""q"": 0.056, ""c"": 0.3157, ""capture"": 0.177, ""share"": 0.707, ""miss_deg"": 1.86, ""labels"": [64]}, {""name"": ""球L"", ""m"": 7.18479, ""q"": 0.0184, ""c"": 0.1636, ""capture"": 0.113, ""share"": 0.233, ""miss_deg"": 2.09, ""labels"": [259]}, {""name"": ""水瓶"", ""m"": 1.61081, ""q"": 0.0041, ""c"": 0.7541, ""capture"": 0.005, ""share"": 0.052, ""miss_deg"": 3.23, ""labels"": [30]}, {""name"": ""苹果红"", ""m"": 0.17108, ""q"": 0.0004, ""c"": 0.2228, ""capture"": 0.002, ""share"": 0.006, ""miss_deg"": 3.53, ""labels"": [260]}, {""name"": ""橘子"", ""m"": 0.05538, ""q"": 0.0001, ""c"": 0.2062, ""capture"": 0.001, ""share"": 0.002, ""miss_deg"": 3.82, ""labels"": [262]}]"
2026_08_20/001,c2,v9,,mass10,29.86,30.56,0.7,3.134,球L,259,0.51,0.2068,1.264,0.289,0.559,0.595,物品台,389.6407,1,1,4,球L,1,6,"[{""name"": ""球L"", ""m"": 80.5662, ""q"": 0.2068, ""c"": 0.1636, ""capture"": 1.264, ""share"": 0.51, ""miss_deg"": 0.0, ""labels"": [259]}, {""name"": ""苹果粉"", ""m"": 44.92723, ""q"": 0.1153, ""c"": 0.3157, ""capture"": 0.365, ""share"": 0.285, ""miss_deg"": 1.42, ""labels"": [64, 250]}, {""name"": ""苹果红"", ""m"": 26.39074, ""q"": 0.0677, ""c"": 0.2309, ""capture"": 0.293, ""share"": 0.167, ""miss_deg"": 1.57, ""labels"": [260]}, {""name"": ""水瓶"", ""m"": 3.73455, ""q"": 0.0096, ""c"": 0.7636, ""capture"": 0.013, ""share"": 0.024, ""miss_deg"": 2.96, ""labels"": [30]}, {""name"": ""橘子"", ""m"": 1.41229, ""q"": 0.0036, ""c"": 0.2228, ""capture"": 0.016, ""share"": 0.009, ""miss_deg"": 2.87, ""labels"": [262]}, {""name"": ""香蕉"", ""m"": 0.80039, ""q"": 0.0021, ""c"": 0.892, ""capture"": 0.002, ""share"": 0.005, ""miss_deg"": 3.49, ""labels"": [264]}]"
2026_08_20/001,c2,v9,,mass10,30.8,31.78,0.97,3.132,球L,259,0.515,0.2361,1.443,0.358,0.505,0.541,物品台,389.6407,1,1,4,球L,1,7,"[{""name"": ""球L"", ""m"": 92.00328, ""q"": 0.2361, ""c"": 0.1636, ""capture"": 1.443, ""share"": 0.515, ""miss_deg"": 0.0, ""labels"": [259]}, {""name"": ""苹果红"", ""m"": 46.47289, ""q"": 0.1193, ""c"": 0.2309, ""capture"": 0.517, ""share"": 0.26, ""miss_deg"": 1.15, ""labels"": [260]}, {""name"": ""苹果粉"", ""m"": 17.9327, ""q"": 0.046, ""c"": 0.3157, ""capture"": 0.146, ""share"": 0.1, ""miss_deg"": 1.96, ""labels"": [64, 250]}, {""name"": ""水瓶"", ""m"": 13.55061, ""q"": 0.0348, ""c"": 0.7636, ""capture"": 0.046, ""share"": 0.076, ""miss_deg"": 2.49, ""labels"": [30]}, {""name"": ""香蕉"", ""m"": 6.06341, ""q"": 0.0156, ""c"": 0.892, ""capture"": 0.017, ""share"": 0.034, ""miss_deg"": 2.85, ""labels"": [264]}, {""name"": ""橘子"", ""m"": 1.51087, ""q"": 0.0039, ""c"": 0.2228, ""capture"": 0.017, ""share"": 0.008, ""miss_deg"": 2.85, ""labels"": [262]}, {""name"": ""球M"", ""m"": 1.17214, ""q"": 0.003, ""c"": 0.1636, ""capture"": 0.018, ""share"": 0.007, ""miss_deg"": 2.83, ""labels"": [261]}]"
2026_08_20/001,c2,v9,,mass10,31.83,32.21,0.38,3.164,水瓶,30,0.46,0.2856,0.376,3.279,0.707,0.379,物品台,389.6407,1,0,,,,6,"[{""name"": ""水瓶"", ""m"": 111.28084, ""q"": 0.2856, ""c"": 0.7605, ""capture"": 0.376, ""share"": 0.46, ""miss_deg"": 1.4, ""labels"": [30]}, {""name"": ""球M"", ""m"": 78.63661, ""q"": 0.2018, ""c"": 0.1636, ""capture"": 1.233, ""share"": 0.325, ""miss_deg"": 0.0, ""labels"": [261]}, {""name"": ""香蕉"", ""m"": 32.40688, ""q"": 0.0832, ""c"": 0.8822, ""capture"": 0.094, ""share"": 0.134, ""miss_deg"": 2.17, ""labels"": [264]}, {""name"": ""苹果红"", ""m"": 14.92475, ""q"": 0.0383, ""c"": 0.2228, ""capture"": 0.172, ""share"": 0.062, ""miss_deg"": 1.88, ""labels"": [260]}, {""name"": ""球L"", ""m"": 4.18844, ""q"": 0.0107, ""c"": 0.1636, ""capture"": 0.066, ""share"": 0.017, ""miss_deg"": 2.33, ""labels"": [259]}, {""name"": ""橘子"", ""m"": 0.59128, ""q"": 0.0015, ""c"": 0.2062, ""capture"": 0.007, ""share"": 0.002, ""miss_deg"": 3.13, ""labels"": [262]}]"
2026_08_20/001,c2,v9,,mass10,32.27,33.25,0.98,3.196,球L,259,0.617,0.1972,1.206,0.221,0.301,0.68,物品台,389.6407,1,1,,,,7,"[{""name"": ""球L"", ""m"": 76.85474, ""q"": 0.1972, ""c"": 0.1636, ""capture"": 1.206, ""share"": 0.617, ""miss_deg"": 0.0, ""labels"": [259]}, {""name"": ""苹果红"", ""m"": 23.2007, ""q"": 0.0595, ""c"": 0.2228, ""capture"": 0.267, ""share"": 0.186, ""miss_deg"": 1.62, ""labels"": [260]}, {""name"": ""水瓶"", ""m"": 9.813, ""q"": 0.0252, ""c"": 0.7477, ""capture"": 0.034, ""share"": 0.079, ""miss_deg"": 2.6, ""labels"": [30]}, {""name"": ""苹果粉"", ""m"": 9.36994, ""q"": 0.024, ""c"": 0.3157, ""capture"": 0.076, ""share"": 0.075, ""miss_deg"": 2.27, ""labels"": [64, 250]}, {""name"": ""香蕉"", ""m"": 3.14562, ""q"": 0.0081, ""c"": 0.87, ""capture"": 0.009, ""share"": 0.025, ""miss_deg"": 3.06, ""labels"": [264]}, {""name"": ""橘子"", ""m"": 1.20124, ""q"": 0.0031, ""c"": 0.2062, ""capture"": 0.015, ""share"": 0.01, ""miss_deg"": 2.9, ""labels"": [262]}, {""name"": ""球M"", ""m"": 1.02324, ""q"": 0.0026, ""c"": 0.1636, ""capture"": 0.016, ""share"": 0.008, ""miss_deg"": 2.87, ""labels"": [261]}]"
2026_08_20/001,c2,v9,,mass10,33.3,36.28,2.98,3.253,球L,259,0.34,0.1678,1.025,0.632,0.862,0.507,物品台,389.6407,0,0,,,,7,"[{""name"": ""球L"", ""m"": 65.37763, ""q"": 0.1678, ""c"": 0.1636, ""capture"": 1.025, ""share"": 0.34, ""miss_deg"": 0.0, ""labels"": [259]}, {""name"": ""苹果红"", ""m"": 56.2528, ""q"": 0.1444, ""c"": 0.2228, ""capture"": 0.648, ""share"": 0.293, ""miss_deg"": 0.93, ""labels"": [260]}, {""name"": ""水瓶"", ""m"": 32.39487, ""q"": 0.0831, ""c"": 0.741, ""capture"": 0.112, ""share"": 0.169, ""miss_deg"": 2.09, ""labels"": [30]}, {""name"": ""球M"", ""m"": 17.15223, ""q"": 0.044, ""c"": 0.1636, ""capture"": 0.269, ""share"": 0.089, ""miss_deg"": 1.62, ""labels"": [261]}, {""name"": ""香蕉"", ""m"": 12.30172, ""q"": 0.0316, ""c"": 0.8656, ""capture"": 0.036, ""share"": 0.064, ""miss_deg"": 2.57, ""labels"": [264]}, {""name"": ""苹果粉"", ""m"": 6.35717, ""q"": 0.0163, ""c"": 0.3009, ""capture"": 0.054, ""share"": 0.033, ""miss_deg"": 2.41, ""labels"": [64, 250]}, {""name"": ""橘子"", ""m"": 2.23862, ""q"": 0.0057, ""c"": 0.2062, ""capture"": 0.028, ""share"": 0.012, ""miss_deg"": 2.68, ""labels"": [262]}]"
2026_08_20/001,c2,v9,,mass10,37.15,37.85,0.7,3.256,球L,259,0.85,0.0097,0.059,0.017,0.104,0.989,物品台,389.6407,0,0,,,,3,"[{""name"": ""球L"", ""m"": 3.78013, ""q"": 0.0097, ""c"": 0.1636, ""capture"": 0.059, ""share"": 0.85, ""miss_deg"": 2.38, ""labels"": [259]}, {""name"": ""水瓶"", ""m"": 0.38937, ""q"": 0.001, ""c"": 0.741, ""capture"": 0.001, ""share"": 0.088, ""miss_deg"": 3.64, ""labels"": [30]}, {""name"": ""苹果粉"", ""m"": 0.27829, ""q"": 0.0007, ""c"": 0.3009, ""capture"": 0.002, ""share"": 0.063, ""miss_deg"": 3.48, ""labels"": [64]}]"
2026_08_20/001,c2,v9,,mass10,37.9,39.47,1.57,3.261,球L,259,0.804,0.0982,0.6,0.05,0.091,0.878,物品台,389.6407,1,1,,,,5,"[{""name"": ""球L"", ""m"": 38.26434, ""q"": 0.0982, ""c"": 0.1636, ""capture"": 0.6, ""share"": 0.804, ""miss_deg"": 1.01, ""labels"": [259]}, {""name"": ""苹果粉"", ""m"": 3.46179, ""q"": 0.0089, ""c"": 0.3009, ""capture"": 0.03, ""share"": 0.073, ""miss_deg"": 2.65, ""labels"": [64]}, {""name"": ""苹果红"", ""m"": 3.08042, ""q"": 0.0079, ""c"": 0.2228, ""capture"": 0.035, ""share"": 0.065, ""miss_deg"": 2.58, ""labels"": [260]}, {""name"": ""水瓶"", ""m"": 2.68943, ""q"": 0.0069, ""c"": 0.741, ""capture"": 0.009, ""share"": 0.057, ""miss_deg"": 3.06, ""labels"": [30]}, {""name"": ""香蕉"", ""m"": 0.08032, ""q"": 0.0002, ""c"": 0.8656, ""capture"": 0.0, ""share"": 0.002, ""miss_deg"": 4.08, ""labels"": [264]}]"
2026_08_20/001,c2,v9,,mass10,39.53,39.8,0.27,3.295,球L,259,0.484,0.0811,0.496,0.556,0.498,0.833,物品台,389.6407,1,0,,,,7,"[{""name"": ""球L"", ""m"": 31.59442, ""q"": 0.0811, ""c"": 0.1636, ""capture"": 0.496, ""share"": 0.484, ""miss_deg"": 1.18, ""labels"": [259]}, {""name"": ""球M"", ""m"": 15.69693, ""q"": 0.0403, ""c"": 0.1459, ""capture"": 0.276, ""share"": 0.241, ""miss_deg"": 1.6, ""labels"": [261]}, {""name"": ""水瓶"", ""m"": 8.4901, ""q"": 0.0218, ""c"": 0.7272, ""capture"": 0.03, ""share"": 0.13, ""miss_deg"": 2.65, ""labels"": [30]}, {""name"": ""苹果红"", ""m"": 7.82691, ""q"": 0.0201, ""c"": 0.2228, ""capture"": 0.09, ""share"": 0.12, ""miss_deg"": 2.19, ""labels"": [260]}, {""name"": ""香蕉"", ""m"": 1.30879, ""q"": 0.0034, ""c"": 0.8521, ""capture"": 0.004, ""share"": 0.02, ""miss_deg"": 3.33, ""labels"": [264]}, {""name"": ""苹果粉"", ""m"": 0.15208, ""q"": 0.0004, ""c"": 0.3009, ""capture"": 0.001, ""share"": 0.002, ""miss_deg"": 3.65, ""labels"": [64]}, {""name"": ""橘子"", ""m"": 0.15134, ""q"": 0.0004, ""c"": 0.2062, ""capture"": 0.002, ""share"": 0.002, ""miss_deg"": 3.54, ""labels"": [262]}]"
2026_08_20/001,c2,v9,,mass10,39.96,40.34,0.38,3.256,球L,259,0.788,0.0299,0.183,0.027,0.123,0.962,物品台,389.6407,0,0,,,,5,"[{""name"": ""球L"", ""m"": 11.65871, ""q"": 0.0299, ""c"": 0.1636, ""capture"": 0.183, ""share"": 0.788, ""miss_deg"": 1.84, ""labels"": [259]}, {""name"": ""水瓶"", ""m"": 1.43433, ""q"": 0.0037, ""c"": 0.741, ""capture"": 0.005, ""share"": 0.097, ""miss_deg"": 3.26, ""labels"": [30]}, {""name"": ""球M"", ""m"": 1.21433, ""q"": 0.0031, ""c"": 0.1636, ""capture"": 0.019, ""share"": 0.082, ""miss_deg"": 2.81, ""labels"": [261]}, {""name"": ""苹果红"", ""m"": 0.42626, ""q"": 0.0011, ""c"": 0.2228, ""capture"": 0.005, ""share"": 0.029, ""miss_deg"": 3.26, ""labels"": [260]}, {""name"": ""苹果粉"", ""m"": 0.06274, ""q"": 0.0002, ""c"": 0.3009, ""capture"": 0.001, ""share"": 0.004, ""miss_deg"": 3.88, ""labels"": [64]}]"
2026_08_20/001,c2,v9,,mass10,40.61,41.69,1.08,3.244,球L,259,0.882,0.0308,0.188,0.027,0.113,0.965,物品台,389.6407,0,0,,,,4,"[{""name"": ""球L"", ""m"": 11.98878, ""q"": 0.0308, ""c"": 0.1636, ""capture"": 0.188, ""share"": 0.882, ""miss_deg"": 1.83, ""labels"": [259]}, {""name"": ""水瓶"", ""m"": 1.35711, ""q"": 0.0035, ""c"": 0.741, ""capture"": 0.005, ""share"": 0.1, ""miss_deg"": 3.27, ""labels"": [30]}, {""name"": ""苹果红"", ""m"": 0.22343, ""q"": 0.0006, ""c"": 0.2228, ""capture"": 0.003, ""share"": 0.016, ""miss_deg"": 3.45, ""labels"": [260]}, {""name"": ""苹果粉"", ""m"": 0.0233, ""q"": 0.0001, ""c"": 0.3009, ""capture"": 0.0, ""share"": 0.002, ""miss_deg"": 4.13, ""labels"": [64]}]"
2026_08_20/001,c2,v9,,mass10,42.02,42.94,0.92,3.266,球L,259,0.765,0.1159,0.708,0.086,0.118,0.849,物品台,389.6407,1,1,,,,6,"[{""name"": ""球L"", ""m"": 45.16815, ""q"": 0.1159, ""c"": 0.1636, ""capture"": 0.708, ""share"": 0.765, ""miss_deg"": 0.83, ""labels"": [259]}, {""name"": ""苹果红"", ""m"": 5.29503, ""q"": 0.0136, ""c"": 0.2228, ""capture"": 0.061, ""share"": 0.09, ""miss_deg"": 2.37, ""labels"": [260]}, {""name"": ""水瓶"", ""m"": 4.16889, ""q"": 0.0107, ""c"": 0.741, ""capture"": 0.014, ""share"": 0.071, ""miss_deg"": 2.91, ""labels"": [30]}, {""name"": ""苹果粉"", ""m"": 2.70254, ""q"": 0.0069, ""c"": 0.3009, ""capture"": 0.023, ""share"": 0.046, ""miss_deg"": 2.75, ""labels"": [64]}, {""name"": ""球M"", ""m"": 1.47043, ""q"": 0.0038, ""c"": 0.1636, ""capture"": 0.023, ""share"": 0.025, ""miss_deg"": 2.75, ""labels"": [261]}, {""name"": ""香蕉"", ""m"": 0.21468, ""q"": 0.0006, ""c"": 0.8656, ""capture"": 0.001, ""share"": 0.004, ""miss_deg"": 3.84, ""labels"": [264]}]"
2026_08_20/001,c2,v9,,mass10,43.18,45.19,2.01,3.223,苹果粉,64,0.891,0.2469,0.82,0.123,0.067,0.723,物品台,389.6407,1,1,5,苹果粉,1,5,"[{""name"": ""苹果粉"", ""m"": 96.18397, ""q"": 0.2469, ""c"": 0.3009, ""capture"": 0.82, ""share"": 0.891, ""miss_deg"": 0.63, ""labels"": [64, 250]}, {""name"": ""球L"", ""m"": 6.46842, ""q"": 0.0166, ""c"": 0.1636, ""capture"": 0.101, ""share"": 0.06, ""miss_deg"": 2.14, ""labels"": [259]}, {""name"": ""水瓶"", ""m"": 4.77698, ""q"": 0.0123, ""c"": 0.7477, ""capture"": 0.016, ""share"": 0.044, ""miss_deg"": 2.87, ""labels"": [30]}, {""name"": ""苹果红"", ""m"": 0.31876, ""q"": 0.0008, ""c"": 0.2228, ""capture"": 0.004, ""share"": 0.003, ""miss_deg"": 3.35, ""labels"": [260]}, {""name"": ""橘子"", ""m"": 0.15733, ""q"": 0.0004, ""c"": 0.2062, ""capture"": 0.002, ""share"": 0.001, ""miss_deg"": 3.53, ""labels"": [262]}]"
2026_08_20/001,c2,v9,,mass10,45.4,46.6,1.2,3.234,苹果粉,64,0.67,0.1479,0.492,0.76,0.413,0.779,物品台,389.6407,1,1,5,苹果粉,1,5,"[{""name"": ""苹果粉"", ""m"": 57.64495, ""q"": 0.1479, ""c"": 0.3009, ""capture"": 0.492, ""share"": 0.67, ""miss_deg"": 1.19, ""labels"": [64, 250]}, {""name"": ""球L"", ""m"": 23.87085, ""q"": 0.0613, ""c"": 0.1636, ""capture"": 0.374, ""share"": 0.277, ""miss_deg"": 1.4, ""labels"": [259]}, {""name"": ""苹果红"", ""m"": 2.81373, ""q"": 0.0072, ""c"": 0.2228, ""capture"": 0.032, ""share"": 0.033, ""miss_deg"": 2.62, ""labels"": [260]}, {""name"": ""水瓶"", ""m"": 1.62852, ""q"": 0.0042, ""c"": 0.7477, ""capture"": 0.006, ""share"": 0.019, ""miss_deg"": 3.22, ""labels"": [30]}, {""name"": ""橘子"", ""m"": 0.07876, ""q"": 0.0002, ""c"": 0.2062, ""capture"": 0.001, ""share"": 0.001, ""miss_deg"": 3.72, ""labels"": [262]}]"
2026_08_20/001,c2,v9,,mass10,46.84,49.22,2.38,3.207,苹果粉,64,0.804,0.1695,0.563,0.336,0.183,0.789,物品台,389.6407,1,1,5,苹果粉,1,5,"[{""name"": ""苹果粉"", ""m"": 66.03965, ""q"": 0.1695, ""c"": 0.3009, ""capture"": 0.563, ""share"": 0.804, ""miss_deg"": 1.07, ""labels"": [64]}, {""name"": ""球L"", ""m"": 12.0548, ""q"": 0.0309, ""c"": 0.1636, ""capture"": 0.189, ""share"": 0.147, ""miss_deg"": 1.83, ""labels"": [259]}, {""name"": ""水瓶"", ""m"": 2.82235, ""q"": 0.0072, ""c"": 0.7477, ""capture"": 0.01, ""share"": 0.034, ""miss_deg"": 3.05, ""labels"": [30]}, {""name"": ""苹果红"", ""m"": 0.83629, ""q"": 0.0021, ""c"": 0.2228, ""capture"": 0.01, ""share"": 0.01, ""miss_deg"": 3.05, ""labels"": [260]}, {""name"": ""橘子"", ""m"": 0.36449, ""q"": 0.0009, ""c"": 0.2062, ""capture"": 0.005, ""share"": 0.004, ""miss_deg"": 3.28, ""labels"": [262]}]"
2026_08_20/001,c2,v9,,mass10,49.44,49.82,0.38,3.209,苹果粉,64,0.703,0.2,0.665,0.58,0.316,0.715,物品台,389.6407,1,1,5,苹果粉,1,5,"[{""name"": ""苹果粉"", ""m"": 77.93809, ""q"": 0.2, ""c"": 0.3009, ""capture"": 0.665, ""share"": 0.703, ""miss_deg"": 0.9, ""labels"": [64, 250]}, {""name"": ""球L"", ""m"": 24.61448, ""q"": 0.0632, ""c"": 0.1636, ""capture"": 0.386, ""share"": 0.222, ""miss_deg"": 1.38, ""labels"": [259]}, {""name"": ""水瓶"", ""m"": 4.30239, ""q"": 0.011, ""c"": 0.7477, ""capture"": 0.015, ""share"": 0.039, ""miss_deg"": 2.9, ""labels"": [30]}, {""name"": ""苹果红"", ""m"": 3.23175, ""q"": 0.0083, ""c"": 0.2228, ""capture"": 0.037, ""share"": 0.029, ""miss_deg"": 2.57, ""labels"": [260]}, {""name"": ""橘子"", ""m"": 0.81754, ""q"": 0.0021, ""c"": 0.2062, ""capture"": 0.01, ""share"": 0.007, ""miss_deg"": 3.03, ""labels"": [262]}]"
2026_08_20/001,c2,v9,,mass10,50.09,52.1,2.0,3.28,球R,263,0.372,0.1621,0.99,0.484,0.933,0.565,物品台,389.6407,0,0,,,,7,"[{""name"": ""球R"", ""m"": 63.14622, ""q"": 0.1621, ""c"": 0.1636, ""capture"": 0.99, ""share"": 0.372, ""miss_deg"": 0.14, ""labels"": [263]}, {""name"": ""白杯1"", ""m"": 58.86595, ""q"": 0.1511, ""c"": 0.3157, ""capture"": 0.479, ""share"": 0.347, ""miss_deg"": 1.21, ""labels"": [266]}, {""name"": ""红杯"", ""m"": 14.95001, ""q"": 0.0384, ""c"": 0.4899, ""capture"": 0.078, ""share"": 0.088, ""miss_deg"": 2.26, ""labels"": [49]}, {""name"": ""香蕉"", ""m"": 14.13862, ""q"": 0.0363, ""c"": 0.8612, ""capture"": 0.042, ""share"": 0.083, ""miss_deg"": 2.52, ""labels"": [264]}, {""name"": ""水瓶"", ""m"": 11.33602, ""q"": 0.0291, ""c"": 0.741, ""capture"": 0.039, ""share"": 0.067, ""miss_deg"": 2.54, ""labels"": [30]}, {""name"": ""白杯2"", ""m"": 3.91935, ""q"": 0.0101, ""c"": 0.2704, ""capture"": 0.037, ""share"": 0.023, ""miss_deg"": 2.57, ""labels"": [267]}, {""name"": ""球M"", ""m"": 3.19449, ""q"": 0.0082, ""c"": 0.1636, ""capture"": 0.05, ""share"": 0.019, ""miss_deg"": 2.45, ""labels"": [261]}]"
2026_08_20/001,c2,v9,,mass10,52.15,52.86,0.7,3.269,白杯2,267,0.376,0.1689,0.591,1.646,0.941,0.55,物品台,389.6407,0,0,,,,5,"[{""name"": ""白杯2"", ""m"": 65.82122, ""q"": 0.1689, ""c"": 0.2857, ""capture"": 0.591, ""share"": 0.376, ""miss_deg"": 1.03, ""labels"": [267]}, {""name"": ""球R"", ""m"": 62.02451, ""q"": 0.1592, ""c"": 0.1636, ""capture"": 0.973, ""share"": 0.354, ""miss_deg"": 0.23, ""labels"": [263]}, {""name"": ""红杯"", ""m"": 26.53139, ""q"": 0.0681, ""c"": 0.4899, ""capture"": 0.139, ""share"": 0.151, ""miss_deg"": 1.99, ""labels"": [49]}, {""name"": ""白杯1"", ""m"": 12.62259, ""q"": 0.0324, ""c"": 0.3157, ""capture"": 0.103, ""share"": 0.072, ""miss_deg"": 2.13, ""labels"": [266]}, {""name"": ""水瓶"", ""m"": 8.21364, ""q"": 0.0211, ""c"": 0.741, ""capture"": 0.028, ""share"": 0.047, ""miss_deg"": 2.67, ""labels"": [30]}]"
2026_08_20/001,c2,v9,,mass10,53.89,54.16,0.27,3.269,白杯2,267,0.783,0.1432,0.501,0.058,0.149,0.817,物品台,389.6407,1,1,,,,4,"[{""name"": ""白杯2"", ""m"": 55.77989, ""q"": 0.1432, ""c"": 0.2857, ""capture"": 0.501, ""share"": 0.783, ""miss_deg"": 1.18, ""labels"": [267]}, {""name"": ""水瓶"", ""m"": 8.32016, ""q"": 0.0214, ""c"": 0.741, ""capture"": 0.029, ""share"": 0.117, ""miss_deg"": 2.66, ""labels"": [30]}, {""name"": ""红杯"", ""m"": 4.09053, ""q"": 0.0105, ""c"": 0.4899, ""capture"": 0.021, ""share"": 0.057, ""miss_deg"": 2.77, ""labels"": [49]}, {""name"": ""球R"", ""m"": 3.06817, ""q"": 0.0079, ""c"": 0.1636, ""capture"": 0.048, ""share"": 0.043, ""miss_deg"": 2.46, ""labels"": [263]}]"
2026_08_20/001,c2,v9,,mass10,54.75,55.02,0.27,3.268,球M,261,0.625,0.1361,0.832,0.06,0.272,0.782,物品台,389.6407,1,1,,,,5,"[{""name"": ""球M"", ""m"": 53.04361, ""q"": 0.1361, ""c"": 0.1636, ""capture"": 0.832, ""share"": 0.625, ""miss_deg"": 0.61, ""labels"": [261]}, {""name"": ""水瓶"", ""m"": 14.41641, ""q"": 0.037, ""c"": 0.741, ""capture"": 0.05, ""share"": 0.17, ""miss_deg"": 2.45, ""labels"": [30]}, {""name"": ""香蕉"", ""m"": 12.6794, ""q"": 0.0325, ""c"": 0.8656, ""capture"": 0.038, ""share"": 0.149, ""miss_deg"": 2.56, ""labels"": [264]}, {""name"": ""白杯1"", ""m"": 4.73041, ""q"": 0.0121, ""c"": 0.3157, ""capture"": 0.038, ""share"": 0.056, ""miss_deg"": 2.55, ""labels"": [266]}, {""name"": ""橘子"", ""m"": 0.06545, ""q"": 0.0002, ""c"": 0.2062, ""capture"": 0.001, ""share"": 0.001, ""miss_deg"": 3.77, ""labels"": [262]}]"
2026_08_20/001,c2,v9,,mass10,55.13,55.99,0.87,3.28,白杯1,266,0.342,0.1529,0.484,1.527,0.792,0.553,物品台,389.6407,0,0,,,,6,"[{""name"": ""白杯1"", ""m"": 59.58493, ""q"": 0.1529, ""c"": 0.3157, ""capture"": 0.484, ""share"": 0.342, ""miss_deg"": 1.2, ""labels"": [266]}, {""name"": ""球R"", ""m"": 47.12707, ""q"": 0.121, ""c"": 0.1636, ""capture"": 0.739, ""share"": 0.271, ""miss_deg"": 0.78, ""labels"": [263]}, {""name"": ""香蕉"", ""m"": 26.77696, ""q"": 0.0687, ""c"": 0.8612, ""capture"": 0.08, ""share"": 0.154, ""miss_deg"": 2.25, ""labels"": [264]}, {""name"": ""水瓶"", ""m"": 17.38903, ""q"": 0.0446, ""c"": 0.741, ""capture"": 0.06, ""share"": 0.1, ""miss_deg"": 2.37, ""labels"": [30]}, {""name"": ""球M"", ""m"": 12.24537, ""q"": 0.0314, ""c"": 0.1636, ""capture"": 0.192, ""share"": 0.07, ""miss_deg"": 1.82, ""labels"": [261]}, {""name"": ""红杯"", ""m"": 10.85775, ""q"": 0.0279, ""c"": 0.4899, ""capture"": 0.057, ""share"": 0.062, ""miss_deg"": 2.39, ""labels"": [49]}]"
2026_08_20/001,c2,v9,,mass10,56.05,56.64,0.6,3.282,球M,261,0.312,0.0879,0.537,0.352,0.676,0.718,物品台,389.6407,0,0,,,,6,"[{""name"": ""球M"", ""m"": 34.26287, ""q"": 0.0879, ""c"": 0.1636, ""capture"": 0.537, ""share"": 0.312, ""miss_deg"": 1.11, ""labels"": [261]}, {""name"": ""白杯1"", ""m"": 23.24389, ""q"": 0.0597, ""c"": 0.3157, ""capture"": 0.189, ""share"": 0.211, ""miss_deg"": 1.83, ""labels"": [266]}, {""name"": ""香蕉"", ""m"": 20.31598, ""q"": 0.0521, ""c"": 0.8612, ""capture"": 0.061, ""share"": 0.185, ""miss_deg"": 2.37, ""labels"": [264]}, {""name"": ""水瓶"", ""m"": 17.36135, ""q"": 0.0446, ""c"": 0.7341, ""capture"": 0.061, ""share"": 0.158, ""miss_deg"": 2.37, ""labels"": [30]}, {""name"": ""球R"", ""m"": 14.3802, ""q"": 0.0369, ""c"": 0.1636, ""capture"": 0.226, ""share"": 0.131, ""miss_deg"": 1.73, ""labels"": [263]}, {""name"": ""红杯"", ""m"": 0.41913, ""q"": 0.0011, ""c"": 0.4843, ""capture"": 0.002, ""share"": 0.004, ""miss_deg"": 3.5, ""labels"": [49]}]"
2026_08_20/001,c2,v9,,mass10,58.49,59.14,0.65,3.261,球M,261,0.624,0.1492,0.912,0.082,0.375,0.761,物品台,389.6407,1,1,7,球M,1,6,"[{""name"": ""球M"", ""m"": 58.12395, ""q"": 0.1492, ""c"": 0.1636, ""capture"": 0.912, ""share"": 0.624, ""miss_deg"": 0.43, ""labels"": [261]}, {""name"": ""水瓶"", ""m"": 21.78407, ""q"": 0.0559, ""c"": 0.741, ""capture"": 0.075, ""share"": 0.234, ""miss_deg"": 2.27, ""labels"": [30]}, {""name"": ""香蕉"", ""m"": 10.33553, ""q"": 0.0265, ""c"": 0.8656, ""capture"": 0.031, ""share"": 0.111, ""miss_deg"": 2.64, ""labels"": [264]}, {""name"": ""白杯1"", ""m"": 1.57397, ""q"": 0.004, ""c"": 0.3157, ""capture"": 0.013, ""share"": 0.017, ""miss_deg"": 2.95, ""labels"": [266]}, {""name"": ""苹果红"", ""m"": 1.19387, ""q"": 0.0031, ""c"": 0.2228, ""capture"": 0.014, ""share"": 0.013, ""miss_deg"": 2.93, ""labels"": [260]}, {""name"": ""橘子"", ""m"": 0.16802, ""q"": 0.0004, ""c"": 0.2062, ""capture"": 0.002, ""share"": 0.002, ""miss_deg"": 3.51, ""labels"": [262]}]"
2026_08_20/001,c2,v9,,mass10,59.51,59.95,0.43,3.274,球M,261,0.462,0.1535,0.938,0.115,0.519,0.668,物品台,389.6407,1,0,7,球M,1,5,"[{""name"": ""球M"", ""m"": 59.79553, ""q"": 0.1535, ""c"": 0.1636, ""capture"": 0.938, ""share"": 0.462, ""miss_deg"": 0.36, ""labels"": [261]}, {""name"": ""水瓶"", ""m"": 31.11518, ""q"": 0.0799, ""c"": 0.741, ""capture"": 0.108, ""share"": 0.24, ""miss_deg"": 2.11, ""labels"": [30]}, {""name"": ""香蕉"", ""m"": 22.98002, ""q"": 0.059, ""c"": 0.8612, ""capture"": 0.068, ""share"": 0.177, ""miss_deg"": 2.32, ""labels"": [264]}, {""name"": ""白杯1"", ""m"": 13.49655, ""q"": 0.0346, ""c"": 0.3157, ""capture"": 0.11, ""share"": 0.104, ""miss_deg"": 2.1, ""labels"": [266]}, {""name"": ""球R"", ""m"": 2.15073, ""q"": 0.0055, ""c"": 0.1636, ""capture"": 0.034, ""share"": 0.017, ""miss_deg"": 2.6, ""labels"": [263]}]"
2026_08_20/001,c2,v9,,mass10,60.19,60.56,0.38,3.268,球M,261,0.705,0.0676,0.413,0.041,0.183,0.904,物品台,389.6407,1,1,7,球M,1,5,"[{""name"": ""球M"", ""m"": 26.33946, ""q"": 0.0676, ""c"": 0.1636, ""capture"": 0.413, ""share"": 0.705, ""miss_deg"": 1.33, ""labels"": [261]}, {""name"": ""水瓶"", ""m"": 4.82147, ""q"": 0.0124, ""c"": 0.741, ""capture"": 0.017, ""share"": 0.129, ""miss_deg"": 2.86, ""labels"": [30]}, {""name"": ""球L"", ""m"": 4.31504, ""q"": 0.0111, ""c"": 0.1636, ""capture"": 0.068, ""share"": 0.116, ""miss_deg"": 2.32, ""labels"": [259]}, {""name"": ""苹果红"", ""m"": 1.34607, ""q"": 0.0035, ""c"": 0.2228, ""capture"": 0.016, ""share"": 0.036, ""miss_deg"": 2.89, ""labels"": [260]}, {""name"": ""香蕉"", ""m"": 0.52564, ""q"": 0.0013, ""c"": 0.8656, ""capture"": 0.002, ""share"": 0.014, ""miss_deg"": 3.6, ""labels"": [264]}]"
2026_08_20/001,c2,v9,,mass10,60.62,61.05,0.43,3.289,球M,261,0.309,0.127,0.776,0.171,0.77,0.589,物品台,389.6407,0,0,7,球M,1,6,"[{""name"": ""球M"", ""m"": 49.4721, ""q"": 0.127, ""c"": 0.1636, ""capture"": 0.776, ""share"": 0.309, ""miss_deg"": 0.71, ""labels"": [261]}, {""name"": ""水瓶"", ""m"": 38.12468, ""q"": 0.0978, ""c"": 0.7341, ""capture"": 0.133, ""share"": 0.238, ""miss_deg"": 2.01, ""labels"": [30]}, {""name"": ""白杯1"", ""m"": 32.00539, ""q"": 0.0821, ""c"": 0.3157, ""capture"": 0.26, ""share"": 0.2, ""miss_deg"": 1.64, ""labels"": [266]}, {""name"": ""香蕉"", ""m"": 30.37876, ""q"": 0.078, ""c"": 0.8612, ""capture"": 0.091, ""share"": 0.19, ""miss_deg"": 2.19, ""labels"": [264]}, {""name"": ""球R"", ""m"": 9.96509, ""q"": 0.0256, ""c"": 0.1636, ""capture"": 0.156, ""share"": 0.062, ""miss_deg"": 1.93, ""labels"": [263]}, {""name"": ""红杯"", ""m"": 0.19095, ""q"": 0.0005, ""c"": 0.4843, ""capture"": 0.001, ""share"": 0.001, ""miss_deg"": 3.71, ""labels"": [49]}]"
2026_08_20/001,c2,v9,,mass10,61.11,61.92,0.81,3.282,球M,261,0.56,0.1549,0.947,0.106,0.473,0.723,物品台,389.6407,1,1,7,球M,1,6,"[{""name"": ""球M"", ""m"": 60.34867, ""q"": 0.1549, ""c"": 0.1636, ""capture"": 0.947, ""share"": 0.56, ""miss_deg"": 0.33, ""labels"": [261]}, {""name"": ""水瓶"", ""m"": 28.60015, ""q"": 0.0734, ""c"": 0.7341, ""capture"": 0.1, ""share"": 0.265, ""miss_deg"": 2.15, ""labels"": [30]}, {""name"": ""香蕉"", ""m"": 10.20322, ""q"": 0.0262, ""c"": 0.8612, ""capture"": 0.03, ""share"": 0.095, ""miss_deg"": 2.64, ""labels"": [264]}, {""name"": ""苹果红"", ""m"": 5.18627, ""q"": 0.0133, ""c"": 0.2228, ""capture"": 0.06, ""share"": 0.048, ""miss_deg"": 2.37, ""labels"": [260]}, {""name"": ""球L"", ""m"": 3.4193, ""q"": 0.0088, ""c"": 0.1636, ""capture"": 0.054, ""share"": 0.032, ""miss_deg"": 2.42, ""labels"": [259]}, {""name"": ""橘子"", ""m"": 0.07319, ""q"": 0.0002, ""c"": 0.2062, ""capture"": 0.001, ""share"": 0.001, ""miss_deg"": 3.74, ""labels"": [262]}]"
2026_08_20/001,c2,v9,,mass10,61.97,62.24,0.27,3.286,白杯1,266,0.318,0.1125,0.356,1.722,0.89,0.646,物品台,389.6407,0,0,,,,6,"[{""name"": ""白杯1"", ""m"": 43.82278, ""q"": 0.1125, ""c"": 0.3157, ""capture"": 0.356, ""share"": 0.318, ""miss_deg"": 1.44, ""labels"": [266]}, {""name"": ""球R"", ""m"": 39.06192, ""q"": 0.1003, ""c"": 0.1636, ""capture"": 0.613, ""share"": 0.283, ""miss_deg"": 0.99, ""labels"": [263]}, {""name"": ""香蕉"", ""m"": 20.48955, ""q"": 0.0526, ""c"": 0.8612, ""capture"": 0.061, ""share"": 0.149, ""miss_deg"": 2.36, ""labels"": [264]}, {""name"": ""球M"", ""m"": 15.2816, ""q"": 0.0392, ""c"": 0.1636, ""capture"": 0.24, ""share"": 0.111, ""miss_deg"": 1.69, ""labels"": [261]}, {""name"": ""水瓶"", ""m"": 14.19816, ""q"": 0.0364, ""c"": 0.7341, ""capture"": 0.05, ""share"": 0.103, ""miss_deg"": 2.45, ""labels"": [30]}, {""name"": ""红杯"", ""m"": 5.02425, ""q"": 0.0129, ""c"": 0.4843, ""capture"": 0.027, ""share"": 0.036, ""miss_deg"": 2.69, ""labels"": [49]}]"
2026_08_20/001,c2,v9,,mass10,62.3,62.68,0.38,3.274,球M,261,0.671,0.1365,0.834,0.064,0.286,0.797,物品台,389.6407,1,1,,,,6,"[{""name"": ""球M"", ""m"": 53.17933, ""q"": 0.1365, ""c"": 0.1636, ""capture"": 0.834, ""share"": 0.671, ""miss_deg"": 0.6, ""labels"": [261]}, {""name"": ""水瓶"", ""m"": 15.21478, ""q"": 0.039, ""c"": 0.741, ""capture"": 0.053, ""share"": 0.192, ""miss_deg"": 2.43, ""labels"": [30]}, {""name"": ""香蕉"", ""m"": 7.98208, ""q"": 0.0205, ""c"": 0.8612, ""capture"": 0.024, ""share"": 0.101, ""miss_deg"": 2.73, ""labels"": [264]}, {""name"": ""苹果红"", ""m"": 1.68887, ""q"": 0.0043, ""c"": 0.2228, ""capture"": 0.019, ""share"": 0.021, ""miss_deg"": 2.81, ""labels"": [260]}, {""name"": ""白杯1"", ""m"": 0.72578, ""q"": 0.0019, ""c"": 0.3157, ""capture"": 0.006, ""share"": 0.009, ""miss_deg"": 3.2, ""labels"": [266]}, {""name"": ""球L"", ""m"": 0.49729, ""q"": 0.0013, ""c"": 0.1636, ""capture"": 0.008, ""share"": 0.006, ""miss_deg"": 3.12, ""labels"": [259]}]"
2026_08_20/001,c2,v9,,mass10,64.79,65.22,0.43,4.238,,-1,0.0,0.0,,,,1.0,object#60,389.6407,0,0,,,,0,[]
2026_08_20/001,c2,v9,,mass10,65.76,66.09,0.32,4.126,,-1,0.0,0.0,,,,1.0,object#17,389.6407,0,0,,,,0,[]
2026_08_20/001,c2,v9,,mass10,66.2,66.53,0.32,3.232,水瓶,30,0.448,0.2835,0.379,1.459,0.435,0.368,object#12,389.6407,1,0,,,,6,"[{""name"": ""水瓶"", ""m"": 110.46955, ""q"": 0.2835, ""c"": 0.7477, ""capture"": 0.379, ""share"": 0.448, ""miss_deg"": 1.39, ""labels"": [30]}, {""name"": ""苹果红"", ""m"": 48.03402, ""q"": 0.1233, ""c"": 0.2228, ""capture"": 0.553, ""share"": 0.195, ""miss_deg"": 1.09, ""labels"": [260]}, {""name"": ""香蕉"", ""m"": 30.99513, ""q"": 0.0795, ""c"": 0.87, ""capture"": 0.091, ""share"": 0.126, ""miss_deg"": 2.19, ""labels"": [264]}, {""name"": ""球M"", ""m"": 29.46369, ""q"": 0.0756, ""c"": 0.1636, ""capture"": 0.462, ""share"": 0.12, ""miss_deg"": 1.24, ""labels"": [261]}, {""name"": ""球L"", ""m"": 25.2196, ""q"": 0.0647, ""c"": 0.1636, ""capture"": 0.396, ""share"": 0.102, ""miss_deg"": 1.36, ""labels"": [259]}, {""name"": ""橘子"", ""m"": 2.23523, ""q"": 0.0057, ""c"": 0.2062, ""capture"": 0.028, ""share"": 0.009, ""miss_deg"": 2.68, ""labels"": [262]}]"
2026_08_20/001,c2,v9,,mass10,66.76,67.24,0.49,4.174,,-1,0.0,0.0,,,,1.0,object#17,389.6407,0,0,,,,0,[]
2026_08_20/001,c2,v9,,mass10,67.66,68.41,0.76,3.289,球L,259,0.51,0.1458,0.891,0.3,0.408,0.714,物品台,389.6407,1,1,,,,7,"[{""name"": ""球L"", ""m"": 56.82842, ""q"": 0.1458, ""c"": 0.1636, ""capture"": 0.891, ""share"": 0.51, ""miss_deg"": 0.48, ""labels"": [259]}, {""name"": ""苹果红"", ""m"": 23.15814, ""q"": 0.0594, ""c"": 0.2228, ""capture"": 0.267, ""share"": 0.208, ""miss_deg"": 1.63, ""labels"": [260]}, {""name"": ""水瓶"", ""m"": 12.34002, ""q"": 0.0317, ""c"": 0.7341, ""capture"": 0.043, ""share"": 0.111, ""miss_deg"": 2.51, ""labels"": [30]}, {""name"": ""球M"", ""m"": 9.84842, ""q"": 0.0253, ""c"": 0.1636, ""capture"": 0.154, ""share"": 0.088, ""miss_deg"": 1.93, ""labels"": [261]}, {""name"": ""香蕉"", ""m"": 4.65244, ""q"": 0.0119, ""c"": 0.8612, ""capture"": 0.014, ""share"": 0.042, ""miss_deg"": 2.93, ""labels"": [264]}, {""name"": ""苹果粉"", ""m"": 4.18596, ""q"": 0.0107, ""c"": 0.3009, ""capture"": 0.036, ""share"": 0.038, ""miss_deg"": 2.58, ""labels"": [64, 250]}, {""name"": ""橘子"", ""m"": 0.43495, ""q"": 0.0011, ""c"": 0.2062, ""capture"": 0.005, ""share"": 0.004, ""miss_deg"": 3.23, ""labels"": [262]}]"
2026_08_20/001,c2,v9,,mass10,68.79,69.06,0.27,3.304,球L,259,0.447,0.1429,0.873,0.334,0.454,0.68,物品台,389.6407,1,0,,,,7,"[{""name"": ""球L"", ""m"": 55.67603, ""q"": 0.1429, ""c"": 0.1636, ""capture"": 0.873, ""share"": 0.447, ""miss_deg"": 0.52, ""labels"": [259]}, {""name"": ""苹果红"", ""m"": 25.35945, ""q"": 0.0651, ""c"": 0.2228, ""capture"": 0.292, ""share"": 0.203, ""miss_deg"": 1.57, ""labels"": [260]}, {""name"": ""水瓶"", ""m"": 18.29002, ""q"": 0.0469, ""c"": 0.7272, ""capture"": 0.065, ""share"": 0.147, ""miss_deg"": 2.34, ""labels"": [30]}, {""name"": ""球M"", ""m"": 16.64949, ""q"": 0.0427, ""c"": 0.1459, ""capture"": 0.293, ""share"": 0.134, ""miss_deg"": 1.57, ""labels"": [261]}, {""name"": ""香蕉"", ""m"": 5.54041, ""q"": 0.0142, ""c"": 0.8521, ""capture"": 0.017, ""share"": 0.044, ""miss_deg"": 2.86, ""labels"": [264]}, {""name"": ""苹果粉"", ""m"": 2.54073, ""q"": 0.0065, ""c"": 0.3009, ""capture"": 0.022, ""share"": 0.02, ""miss_deg"": 2.77, ""labels"": [64, 250]}, {""name"": ""橘子"", ""m"": 0.57355, ""q"": 0.0015, ""c"": 0.2062, ""capture"": 0.007, ""share"": 0.005, ""miss_deg"": 3.14, ""labels"": [262]}]"
2026_08_20/001,c2,v9,,mass10,70.32,70.7,0.38,3.304,球M,261,0.759,0.0531,0.364,0.036,0.182,0.93,物品台,389.6407,1,1,,,,5,"[{""name"": ""球M"", ""m"": 20.67144, ""q"": 0.0531, ""c"": 0.1459, ""capture"": 0.364, ""share"": 0.759, ""miss_deg"": 1.42, ""labels"": [261]}, {""name"": ""水瓶"", ""m"": 3.76016, ""q"": 0.0097, ""c"": 0.7272, ""capture"": 0.013, ""share"": 0.138, ""miss_deg"": 2.94, ""labels"": [30]}, {""name"": ""球L"", ""m"": 2.20564, ""q"": 0.0057, ""c"": 0.1636, ""capture"": 0.035, ""share"": 0.081, ""miss_deg"": 2.59, ""labels"": [259]}, {""name"": ""苹果红"", ""m"": 0.52352, ""q"": 0.0013, ""c"": 0.2228, ""capture"": 0.006, ""share"": 0.019, ""miss_deg"": 3.2, ""labels"": [260]}, {""name"": ""香蕉"", ""m"": 0.08031, ""q"": 0.0002, ""c"": 0.8521, ""capture"": 0.0, ""share"": 0.003, ""miss_deg"": 4.08, ""labels"": [264]}]"
2026_08_20/001,c2,v9,,mass10,71.96,72.77,0.81,3.295,球R,263,0.569,0.1329,0.812,0.192,0.369,0.766,物品台,389.6407,1,1,,,,7,"[{""name"": ""球R"", ""m"": 51.78996, ""q"": 0.1329, ""c"": 0.1636, ""capture"": 0.812, ""share"": 0.569, ""miss_deg"": 0.64, ""labels"": [263]}, {""name"": ""白杯1"", ""m"": 19.15312, ""q"": 0.0492, ""c"": 0.3157, ""capture"": 0.156, ""share"": 0.21, ""miss_deg"": 1.93, ""labels"": [266]}, {""name"": ""水瓶"", ""m"": 7.48049, ""q"": 0.0192, ""c"": 0.7272, ""capture"": 0.026, ""share"": 0.082, ""miss_deg"": 2.7, ""labels"": [30]}, {""name"": ""白杯2"", ""m"": 4.46558, ""q"": 0.0115, ""c"": 0.2704, ""capture"": 0.042, ""share"": 0.049, ""miss_deg"": 2.51, ""labels"": [267]}, {""name"": ""红杯"", ""m"": 3.99682, ""q"": 0.0103, ""c"": 0.4843, ""capture"": 0.021, ""share"": 0.044, ""miss_deg"": 2.78, ""labels"": [49]}, {""name"": ""香蕉"", ""m"": 3.89757, ""q"": 0.01, ""c"": 0.8521, ""capture"": 0.012, ""share"": 0.043, ""miss_deg"": 2.98, ""labels"": [264]}, {""name"": ""球M"", ""m"": 0.26245, ""q"": 0.0007, ""c"": 0.1459, ""capture"": 0.005, ""share"": 0.003, ""miss_deg"": 3.28, ""labels"": [261]}]"
2026_08_20/001,c2,v9,,mass10,72.88,74.29,1.41,3.322,球R,263,0.368,0.1037,0.634,0.401,0.774,0.718,物品台,389.6407,0,0,,,,6,"[{""name"": ""球R"", ""m"": 40.41852, ""q"": 0.1037, ""c"": 0.1636, ""capture"": 0.634, ""share"": 0.368, ""miss_deg"": 0.95, ""labels"": [263]}, {""name"": ""白杯1"", ""m"": 31.24592, ""q"": 0.0802, ""c"": 0.3157, ""capture"": 0.254, ""share"": 0.285, ""miss_deg"": 1.66, ""labels"": [266]}, {""name"": ""香蕉"", ""m"": 15.24338, ""q"": 0.0391, ""c"": 0.8474, ""capture"": 0.046, ""share"": 0.139, ""miss_deg"": 2.48, ""labels"": [264]}, {""name"": ""水瓶"", ""m"": 9.95003, ""q"": 0.0255, ""c"": 0.7202, ""capture"": 0.035, ""share"": 0.091, ""miss_deg"": 2.58, ""labels"": [30]}, {""name"": ""球M"", ""m"": 8.78071, ""q"": 0.0225, ""c"": 0.1459, ""capture"": 0.154, ""share"": 0.08, ""miss_deg"": 1.93, ""labels"": [261]}, {""name"": ""红杯"", ""m"": 4.15494, ""q"": 0.0107, ""c"": 0.4729, ""capture"": 0.023, ""share"": 0.038, ""miss_deg"": 2.75, ""labels"": [49]}]"
2026_08_20/001,c2,v9,,mass10,75.39,75.76,0.38,3.312,球R,263,0.54,0.0823,0.503,0.199,0.381,0.847,物品台,389.6407,1,1,,,,7,"[{""name"": ""球R"", ""m"": 32.08312, ""q"": 0.0823, ""c"": 0.1636, ""capture"": 0.503, ""share"": 0.54, ""miss_deg"": 1.17, ""labels"": [263]}, {""name"": ""白杯1"", ""m"": 12.26494, ""q"": 0.0315, ""c"": 0.3157, ""capture"": 0.1, ""share"": 0.206, ""miss_deg"": 2.15, ""labels"": [266]}, {""name"": ""水瓶"", ""m"": 5.79197, ""q"": 0.0149, ""c"": 0.7272, ""capture"": 0.02, ""share"": 0.097, ""miss_deg"": 2.79, ""labels"": [30]}, {""name"": ""香蕉"", ""m"": 4.61737, ""q"": 0.0119, ""c"": 0.8521, ""capture"": 0.014, ""share"": 0.078, ""miss_deg"": 2.92, ""labels"": [264]}, {""name"": ""球M"", ""m"": 2.87728, ""q"": 0.0074, ""c"": 0.1459, ""capture"": 0.051, ""share"": 0.048, ""miss_deg"": 2.44, ""labels"": [261]}, {""name"": ""红杯"", ""m"": 1.19713, ""q"": 0.0031, ""c"": 0.4729, ""capture"": 0.006, ""share"": 0.02, ""miss_deg"": 3.17, ""labels"": [49]}, {""name"": ""白杯2"", ""m"": 0.61958, ""q"": 0.0016, ""c"": 0.2704, ""capture"": 0.006, ""share"": 0.01, ""miss_deg"": 3.21, ""labels"": [267]}]"
2026_08_20/001,c2,v9,,mass10,75.87,76.19,0.32,3.327,球R,263,0.437,0.1472,0.9,0.339,0.654,0.663,物品台,389.6407,1,0,,,,7,"[{""name"": ""球R"", ""m"": 57.37325, ""q"": 0.1472, ""c"": 0.1636, ""capture"": 0.9, ""share"": 0.437, ""miss_deg"": 0.46, ""labels"": [263]}, {""name"": ""白杯1"", ""m"": 37.46814, ""q"": 0.0962, ""c"": 0.3157, ""capture"": 0.305, ""share"": 0.286, ""miss_deg"": 1.54, ""labels"": [266]}, {""name"": ""水瓶"", ""m"": 11.53321, ""q"": 0.0296, ""c"": 0.706, ""capture"": 0.042, ""share"": 0.088, ""miss_deg"": 2.52, ""labels"": [30]}, {""name"": ""香蕉"", ""m"": 11.05117, ""q"": 0.0284, ""c"": 0.8474, ""capture"": 0.033, ""share"": 0.084, ""miss_deg"": 2.61, ""labels"": [264]}, {""name"": ""红杯"", ""m"": 8.35595, ""q"": 0.0214, ""c"": 0.4729, ""capture"": 0.045, ""share"": 0.064, ""miss_deg"": 2.49, ""labels"": [49]}, {""name"": ""白杯2"", ""m"": 2.76933, ""q"": 0.0071, ""c"": 0.2704, ""capture"": 0.026, ""share"": 0.021, ""miss_deg"": 2.7, ""labels"": [267]}, {""name"": ""球M"", ""m"": 2.65262, ""q"": 0.0068, ""c"": 0.1459, ""capture"": 0.047, ""share"": 0.02, ""miss_deg"": 2.48, ""labels"": [261]}]"
2026_08_20/001,c2,v9,,mass10,76.25,76.52,0.27,3.336,球M,261,0.337,0.0804,0.551,0.102,0.591,0.762,物品台,389.6407,0,0,,,,6,"[{""name"": ""球M"", ""m"": 31.318, ""q"": 0.0804, ""c"": 0.1459, ""capture"": 0.551, ""share"": 0.337, ""miss_deg"": 1.09, ""labels"": [261]}, {""name"": ""香蕉"", ""m"": 18.49009, ""q"": 0.0475, ""c"": 0.8403, ""capture"": 0.056, ""share"": 0.199, ""miss_deg"": 2.4, ""labels"": [264]}, {""name"": ""白杯1"", ""m"": 16.10928, ""q"": 0.0413, ""c"": 0.3157, ""capture"": 0.131, ""share"": 0.173, ""miss_deg"": 2.02, ""labels"": [266]}, {""name"": ""水瓶"", ""m"": 15.17024, ""q"": 0.0389, ""c"": 0.706, ""capture"": 0.055, ""share"": 0.163, ""miss_deg"": 2.41, ""labels"": [30]}, {""name"": ""球R"", ""m"": 11.49229, ""q"": 0.0295, ""c"": 0.1636, ""capture"": 0.18, ""share"": 0.124, ""miss_deg"": 1.85, ""labels"": [263]}, {""name"": ""红杯"", ""m"": 0.29968, ""q"": 0.0008, ""c"": 0.4729, ""capture"": 0.002, ""share"": 0.003, ""miss_deg"": 3.58, ""labels"": [49]}]"
2026_08_20/001,c2,v9,,mass10,76.57,77.0,0.43,3.31,球R,263,0.553,0.1106,0.676,0.191,0.369,0.8,物品台,389.6407,1,1,,,,7,"[{""name"": ""球R"", ""m"": 43.11286, ""q"": 0.1106, ""c"": 0.1636, ""capture"": 0.676, ""share"": 0.553, ""miss_deg"": 0.88, ""labels"": [263]}, {""name"": ""白杯1"", ""m"": 15.90605, ""q"": 0.0408, ""c"": 0.3157, ""capture"": 0.129, ""share"": 0.204, ""miss_deg"": 2.02, ""labels"": [266]}, {""name"": ""水瓶"", ""m"": 6.60809, ""q"": 0.017, ""c"": 0.7272, ""capture"": 0.023, ""share"": 0.085, ""miss_deg"": 2.74, ""labels"": [30]}, {""name"": ""香蕉"", ""m"": 5.83069, ""q"": 0.015, ""c"": 0.8521, ""capture"": 0.018, ""share"": 0.075, ""miss_deg"": 2.84, ""labels"": [264]}, {""name"": ""红杯"", ""m"": 2.71003, ""q"": 0.007, ""c"": 0.4729, ""capture"": 0.015, ""share"": 0.035, ""miss_deg"": 2.9, ""labels"": [49]}, {""name"": ""白杯2"", ""m"": 2.4247, ""q"": 0.0062, ""c"": 0.2704, ""capture"": 0.023, ""share"": 0.031, ""miss_deg"": 2.75, ""labels"": [267]}, {""name"": ""球M"", ""m"": 1.4382, ""q"": 0.0037, ""c"": 0.1459, ""capture"": 0.025, ""share"": 0.018, ""miss_deg"": 2.71, ""labels"": [261]}]"
2026_08_20/001,c2,v9,,mass10,77.06,77.36,0.3,3.313,球M,261,0.743,0.062,0.425,0.026,0.125,0.916,物品台,389.6407,1,1,,,,5,"[{""name"": ""球M"", ""m"": 24.16749, ""q"": 0.062, ""c"": 0.1459, ""capture"": 0.425, ""share"": 0.743, ""miss_deg"": 1.31, ""labels"": [261]}, {""name"": ""水瓶"", ""m"": 3.02675, ""q"": 0.0078, ""c"": 0.7272, ""capture"": 0.011, ""share"": 0.093, ""miss_deg"": 3.01, ""labels"": [30]}, {""name"": ""香蕉"", ""m"": 2.63013, ""q"": 0.0068, ""c"": 0.8521, ""capture"": 0.008, ""share"": 0.081, ""miss_deg"": 3.11, ""labels"": [264]}, {""name"": ""白杯1"", ""m"": 1.72211, ""q"": 0.0044, ""c"": 0.3157, ""capture"": 0.014, ""share"": 0.053, ""miss_deg"": 2.92, ""labels"": [266]}, {""name"": ""球R"", ""m"": 0.99549, ""q"": 0.0026, ""c"": 0.1636, ""capture"": 0.016, ""share"": 0.031, ""miss_deg"": 2.88, ""labels"": [263]}]"
2026_08_20/001,c2,v9,,mass10,77.65,78.73,1.08,3.306,球R,263,0.529,0.1235,0.755,0.205,0.397,0.767,物品台,389.6407,1,1,,,,7,"[{""name"": ""球R"", ""m"": 48.10761, ""q"": 0.1235, ""c"": 0.1636, ""capture"": 0.755, ""share"": 0.529, ""miss_deg"": 0.75, ""labels"": [263]}, {""name"": ""白杯1"", ""m"": 19.10197, ""q"": 0.049, ""c"": 0.3157, ""capture"": 0.155, ""share"": 0.21, ""miss_deg"": 1.93, ""labels"": [266]}, {""name"": ""水瓶"", ""m"": 10.19359, ""q"": 0.0262, ""c"": 0.7272, ""capture"": 0.036, ""share"": 0.112, ""miss_deg"": 2.58, ""labels"": [30]}, {""name"": ""香蕉"", ""m"": 5.28508, ""q"": 0.0136, ""c"": 0.8521, ""capture"": 0.016, ""share"": 0.058, ""miss_deg"": 2.88, ""labels"": [264]}, {""name"": ""红杯"", ""m"": 4.05517, ""q"": 0.0104, ""c"": 0.4729, ""capture"": 0.022, ""share"": 0.045, ""miss_deg"": 2.76, ""labels"": [49]}, {""name"": ""白杯2"", ""m"": 3.2782, ""q"": 0.0084, ""c"": 0.2704, ""capture"": 0.031, ""share"": 0.036, ""miss_deg"": 2.63, ""labels"": [267]}, {""name"": ""球M"", ""m"": 0.83548, ""q"": 0.0021, ""c"": 0.1459, ""capture"": 0.015, ""share"": 0.009, ""miss_deg"": 2.91, ""labels"": [261]}]"
2026_08_20/001,c2,v9,,mass10,79.4,79.77,0.38,3.296,球L,259,0.673,0.0041,0.025,0.2,0.36,0.994,物品台,389.6407,0,0,,,,3,"[{""name"": ""球L"", ""m"": 1.6005, ""q"": 0.0041, ""c"": 0.1636, ""capture"": 0.025, ""share"": 0.673, ""miss_deg"": 2.71, ""labels"": [259]}, {""name"": ""苹果粉"", ""m"": 0.57482, ""q"": 0.0015, ""c"": 0.3009, ""capture"": 0.005, ""share"": 0.242, ""miss_deg"": 3.26, ""labels"": [64]}, {""name"": ""水瓶"", ""m"": 0.20172, ""q"": 0.0005, ""c"": 0.7272, ""capture"": 0.001, ""share"": 0.085, ""miss_deg"": 3.81, ""labels"": [30]}]"
2026_08_20/001,c2,v9,,mass10,80.05,82.0,1.95,3.303,苹果粉,64,0.829,0.0893,0.297,0.293,0.16,0.892,物品台,389.6407,1,1,9,苹果粉,1,4,"[{""name"": ""苹果粉"", ""m"": 34.79007, ""q"": 0.0893, ""c"": 0.3009, ""capture"": 0.297, ""share"": 0.829, ""miss_deg"": 1.56, ""labels"": [64]}, {""name"": ""球L"", ""m"": 5.57241, ""q"": 0.0143, ""c"": 0.1636, ""capture"": 0.087, ""share"": 0.133, ""miss_deg"": 2.21, ""labels"": [259]}, {""name"": ""水瓶"", ""m"": 1.4473, ""q"": 0.0037, ""c"": 0.7272, ""capture"": 0.005, ""share"": 0.034, ""miss_deg"": 3.25, ""labels"": [30]}, {""name"": ""苹果红"", ""m"": 0.14414, ""q"": 0.0004, ""c"": 0.2228, ""capture"": 0.002, ""share"": 0.003, ""miss_deg"": 3.58, ""labels"": [260]}]"
2026_08_20/001,c2,v9,,mass10,82.05,82.48,0.43,3.292,球L,259,0.575,0.17,1.039,0.25,0.341,0.704,物品台,389.6407,1,1,,,,7,"[{""name"": ""球L"", ""m"": 66.23603, ""q"": 0.17, ""c"": 0.1636, ""capture"": 1.039, ""share"": 0.575, ""miss_deg"": 0.0, ""labels"": [259]}, {""name"": ""苹果红"", ""m"": 22.5587, ""q"": 0.0579, ""c"": 0.2228, ""capture"": 0.26, ""share"": 0.196, ""miss_deg"": 1.64, ""labels"": [260]}, {""name"": ""苹果粉"", ""m"": 13.3357, ""q"": 0.0342, ""c"": 0.3009, ""capture"": 0.114, ""share"": 0.116, ""miss_deg"": 2.09, ""labels"": [64, 250]}, {""name"": ""水瓶"", ""m"": 8.17354, ""q"": 0.021, ""c"": 0.7272, ""capture"": 0.029, ""share"": 0.071, ""miss_deg"": 2.66, ""labels"": [30]}, {""name"": ""香蕉"", ""m"": 2.31087, ""q"": 0.0059, ""c"": 0.8612, ""capture"": 0.007, ""share"": 0.02, ""miss_deg"": 3.16, ""labels"": [264]}, {""name"": ""橘子"", ""m"": 1.61378, ""q"": 0.0041, ""c"": 0.2062, ""capture"": 0.02, ""share"": 0.014, ""miss_deg"": 2.8, ""labels"": [262]}, {""name"": ""球M"", ""m"": 1.01867, ""q"": 0.0026, ""c"": 0.1636, ""capture"": 0.016, ""share"": 0.009, ""miss_deg"": 2.88, ""labels"": [261]}]"
2026_08_20/001,c2,v9,,mass10,82.59,82.86,0.27,3.296,苹果粉,64,0.674,0.1676,0.557,0.7,0.381,0.751,物品台,389.6407,1,1,,,,5,"[{""name"": ""苹果粉"", ""m"": 65.30312, ""q"": 0.1676, ""c"": 0.3009, ""capture"": 0.557, ""share"": 0.674, ""miss_deg"": 1.08, ""labels"": [64, 250]}, {""name"": ""球L"", ""m"": 24.8902, ""q"": 0.0639, ""c"": 0.1636, ""capture"": 0.39, ""share"": 0.257, ""miss_deg"": 1.37, ""labels"": [259]}, {""name"": ""水瓶"", ""m"": 3.67927, ""q"": 0.0094, ""c"": 0.7272, ""capture"": 0.013, ""share"": 0.038, ""miss_deg"": 2.95, ""labels"": [30]}, {""name"": ""苹果红"", ""m"": 2.79594, ""q"": 0.0072, ""c"": 0.2228, ""capture"": 0.032, ""share"": 0.029, ""miss_deg"": 2.62, ""labels"": [260]}, {""name"": ""橘子"", ""m"": 0.27573, ""q"": 0.0007, ""c"": 0.2062, ""capture"": 0.003, ""share"": 0.003, ""miss_deg"": 3.37, ""labels"": [262]}]"
2026_08_20/001,c2,v9,,mass10,82.91,83.18,0.27,3.316,球R,263,0.343,0.1406,0.859,0.492,0.948,0.59,物品台,389.6407,0,0,,,,7,"[{""name"": ""球R"", ""m"": 54.78017, ""q"": 0.1406, ""c"": 0.1636, ""capture"": 0.859, ""share"": 0.343, ""miss_deg"": 0.55, ""labels"": [263]}, {""name"": ""白杯1"", ""m"": 51.98847, ""q"": 0.1334, ""c"": 0.3157, ""capture"": 0.423, ""share"": 0.325, ""miss_deg"": 1.31, ""labels"": [266]}, {""name"": ""香蕉"", ""m"": 20.75089, ""q"": 0.0533, ""c"": 0.8521, ""capture"": 0.063, ""share"": 0.13, ""miss_deg"": 2.35, ""labels"": [264]}, {""name"": ""水瓶"", ""m"": 12.74387, ""q"": 0.0327, ""c"": 0.7202, ""capture"": 0.045, ""share"": 0.08, ""miss_deg"": 2.49, ""labels"": [30]}, {""name"": ""红杯"", ""m"": 10.54786, ""q"": 0.0271, ""c"": 0.4729, ""capture"": 0.057, ""share"": 0.066, ""miss_deg"": 2.39, ""labels"": [49]}, {""name"": ""球M"", ""m"": 8.18417, ""q"": 0.021, ""c"": 0.1459, ""capture"": 0.144, ""share"": 0.051, ""miss_deg"": 1.97, ""labels"": [261]}, {""name"": ""白杯2"", ""m"": 0.75851, ""q"": 0.0019, ""c"": 0.2704, ""capture"": 0.007, ""share"": 0.005, ""miss_deg"": 3.14, ""labels"": [267]}]"
2026_08_20/001,c2,v9,,mass10,83.24,83.78,0.54,3.274,球L,259,0.413,0.1764,1.078,0.535,0.983,0.573,物品台,389.6407,0,0,,,,6,"[{""name"": ""球L"", ""m"": 68.75088, ""q"": 0.1764, ""c"": 0.1636, ""capture"": 1.078, ""share"": 0.413, ""miss_deg"": 0.0, ""labels"": [259]}, {""name"": ""苹果粉"", ""m"": 67.66, ""q"": 0.1736, ""c"": 0.3009, ""capture"": 0.577, ""share"": 0.406, ""miss_deg"": 1.05, ""labels"": [64, 250]}, {""name"": ""苹果红"", ""m"": 22.33264, ""q"": 0.0573, ""c"": 0.2228, ""capture"": 0.257, ""share"": 0.134, ""miss_deg"": 1.65, ""labels"": [260]}, {""name"": ""水瓶"", ""m"": 4.92244, ""q"": 0.0126, ""c"": 0.741, ""capture"": 0.017, ""share"": 0.03, ""miss_deg"": 2.85, ""labels"": [30]}, {""name"": ""橘子"", ""m"": 2.73963, ""q"": 0.007, ""c"": 0.2062, ""capture"": 0.034, ""share"": 0.016, ""miss_deg"": 2.6, ""labels"": [262]}, {""name"": ""香蕉"", ""m"": 0.06274, ""q"": 0.0002, ""c"": 0.8612, ""capture"": 0.0, ""share"": 0.0, ""miss_deg"": 4.14, ""labels"": [264]}]"
2026_08_20/001,c2,v9,,mass10,83.83,84.1,0.27,3.274,苹果粉,64,0.64,0.1195,0.397,0.859,0.467,0.813,物品台,389.6407,1,1,,,,5,"[{""name"": ""苹果粉"", ""m"": 46.57101, ""q"": 0.1195, ""c"": 0.3009, ""capture"": 0.397, ""share"": 0.64, ""miss_deg"": 1.36, ""labels"": [64, 250]}, {""name"": ""球L"", ""m"": 21.76611, ""q"": 0.0559, ""c"": 0.1636, ""capture"": 0.341, ""share"": 0.299, ""miss_deg"": 1.47, ""labels"": [259]}, {""name"": ""水瓶"", ""m"": 2.67437, ""q"": 0.0069, ""c"": 0.741, ""capture"": 0.009, ""share"": 0.037, ""miss_deg"": 3.06, ""labels"": [30]}, {""name"": ""苹果红"", ""m"": 1.67952, ""q"": 0.0043, ""c"": 0.2228, ""capture"": 0.019, ""share"": 0.023, ""miss_deg"": 2.81, ""labels"": [260]}, {""name"": ""橘子"", ""m"": 0.06274, ""q"": 0.0002, ""c"": 0.2062, ""capture"": 0.001, ""share"": 0.001, ""miss_deg"": 3.78, ""labels"": [262]}]"
2026_08_20/001,c2,v9,,mass10,84.54,84.92,0.38,3.277,球L,259,0.597,0.17,1.039,0.226,0.308,0.715,物品台,389.6407,1,1,,,,6,"[{""name"": ""球L"", ""m"": 66.22633, ""q"": 0.17, ""c"": 0.1636, ""capture"": 1.039, ""share"": 0.597, ""miss_deg"": 0.0, ""labels"": [259]}, {""name"": ""苹果红"", ""m"": 20.40975, ""q"": 0.0524, ""c"": 0.2228, ""capture"": 0.235, ""share"": 0.184, ""miss_deg"": 1.7, ""labels"": [260]}, {""name"": ""苹果粉"", ""m"": 17.64749, ""q"": 0.0453, ""c"": 0.3009, ""capture"": 0.151, ""share"": 0.159, ""miss_deg"": 1.95, ""labels"": [64, 250]}, {""name"": ""水瓶"", ""m"": 4.39214, ""q"": 0.0113, ""c"": 0.741, ""capture"": 0.015, ""share"": 0.04, ""miss_deg"": 2.89, ""labels"": [30]}, {""name"": ""香蕉"", ""m"": 1.85072, ""q"": 0.0047, ""c"": 0.8612, ""capture"": 0.006, ""share"": 0.017, ""miss_deg"": 3.22, ""labels"": [264]}, {""name"": ""橘子"", ""m"": 0.34136, ""q"": 0.0009, ""c"": 0.2062, ""capture"": 0.004, ""share"": 0.003, ""miss_deg"": 3.3, ""labels"": [262]}]"
2026_08_20/001,c2,v9,,mass10,84.97,85.29,0.32,3.286,苹果粉,64,0.48,0.1287,0.428,1.572,0.856,0.732,物品台,389.6407,1,0,10,球R,0,5,"[{""name"": ""苹果粉"", ""m"": 50.14808, ""q"": 0.1287, ""c"": 0.3009, ""capture"": 0.428, ""share"": 0.48, ""miss_deg"": 1.3, ""labels"": [64, 250]}, {""name"": ""球L"", ""m"": 42.91031, ""q"": 0.1101, ""c"": 0.1636, ""capture"": 0.673, ""share"": 0.411, ""miss_deg"": 0.89, ""labels"": [259]}, {""name"": ""苹果红"", ""m"": 8.56388, ""q"": 0.022, ""c"": 0.2228, ""capture"": 0.099, ""share"": 0.082, ""miss_deg"": 2.15, ""labels"": [260]}, {""name"": ""水瓶"", ""m"": 2.54589, ""q"": 0.0065, ""c"": 0.7341, ""capture"": 0.009, ""share"": 0.024, ""miss_deg"": 3.07, ""labels"": [30]}, {""name"": ""橘子"", ""m"": 0.29888, ""q"": 0.0008, ""c"": 0.2062, ""capture"": 0.004, ""share"": 0.003, ""miss_deg"": 3.34, ""labels"": [262]}]"
2026_08_20/001,c2,v9,,mass10,85.35,85.62,0.27,3.276,球R,263,0.471,0.2019,1.234,0.281,0.541,0.571,物品台,389.6407,1,0,10,球R,1,6,"[{""name"": ""球R"", ""m"": 78.66019, ""q"": 0.2019, ""c"": 0.1636, ""capture"": 1.234, ""share"": 0.471, ""miss_deg"": 0.0, ""labels"": [263]}, {""name"": ""白杯1"", ""m"": 42.61831, ""q"": 0.1094, ""c"": 0.3157, ""capture"": 0.347, ""share"": 0.255, ""miss_deg"": 1.46, ""labels"": [266]}, {""name"": ""红杯"", ""m"": 17.46473, ""q"": 0.0448, ""c"": 0.4899, ""capture"": 0.091, ""share"": 0.104, ""miss_deg"": 2.19, ""labels"": [49]}, {""name"": ""白杯2"", ""m"": 14.20131, ""q"": 0.0364, ""c"": 0.2857, ""capture"": 0.128, ""share"": 0.085, ""miss_deg"": 2.03, ""labels"": [267]}, {""name"": ""水瓶"", ""m"": 8.60279, ""q"": 0.0221, ""c"": 0.741, ""capture"": 0.03, ""share"": 0.051, ""miss_deg"": 2.65, ""labels"": [30]}, {""name"": ""香蕉"", ""m"": 5.60763, ""q"": 0.0144, ""c"": 0.8612, ""capture"": 0.017, ""share"": 0.034, ""miss_deg"": 2.86, ""labels"": [264]}]"
2026_08_20/001,c2,v9,,mass10,86.28,87.85,1.57,3.218,球R,263,0.542,0.1789,1.093,0.161,0.317,0.67,物品台,389.6407,1,1,10,球R,1,6,"[{""name"": ""球R"", ""m"": 69.70709, ""q"": 0.1789, ""c"": 0.1636, ""capture"": 1.093, ""share"": 0.542, ""miss_deg"": 0.0, ""labels"": [263]}, {""name"": ""白杯1"", ""m"": 22.16086, ""q"": 0.0569, ""c"": 0.3228, ""capture"": 0.176, ""share"": 0.172, ""miss_deg"": 1.86, ""labels"": [266]}, {""name"": ""白杯2"", ""m"": 16.69623, ""q"": 0.0429, ""c"": 0.3009, ""capture"": 0.142, ""share"": 0.13, ""miss_deg"": 1.97, ""labels"": [267]}, {""name"": ""红杯"", ""m"": 9.49149, ""q"": 0.0244, ""c"": 0.5012, ""capture"": 0.049, ""share"": 0.074, ""miss_deg"": 2.46, ""labels"": [49]}, {""name"": ""水瓶"", ""m"": 9.26146, ""q"": 0.0238, ""c"": 0.7477, ""capture"": 0.032, ""share"": 0.072, ""miss_deg"": 2.63, ""labels"": [30]}, {""name"": ""香蕉"", ""m"": 1.31104, ""q"": 0.0034, ""c"": 0.87, ""capture"": 0.004, ""share"": 0.01, ""miss_deg"": 3.33, ""labels"": [264]}]"
2026_08_20/001,c2,v9,,mass10,87.9,88.17,0.27,3.243,球M,261,0.475,0.133,0.813,0.087,0.398,0.72,物品台,389.6407,1,0,,,,5,"[{""name"": ""球M"", ""m"": 51.83787, ""q"": 0.133, ""c"": 0.1636, ""capture"": 0.813, ""share"": 0.475, ""miss_deg"": 0.64, ""labels"": [261]}, {""name"": ""水瓶"", ""m"": 20.61869, ""q"": 0.0529, ""c"": 0.741, ""capture"": 0.071, ""share"": 0.189, ""miss_deg"": 2.3, ""labels"": [30]}, {""name"": ""香蕉"", ""m"": 20.25108, ""q"": 0.052, ""c"": 0.8656, ""capture"": 0.06, ""share"": 0.186, ""miss_deg"": 2.37, ""labels"": [264]}, {""name"": ""白杯1"", ""m"": 13.33023, ""q"": 0.0342, ""c"": 0.3157, ""capture"": 0.108, ""share"": 0.122, ""miss_deg"": 2.11, ""labels"": [266]}, {""name"": ""球R"", ""m"": 3.1316, ""q"": 0.008, ""c"": 0.1636, ""capture"": 0.049, ""share"": 0.029, ""miss_deg"": 2.45, ""labels"": [263]}]"
2026_08_20/001,c2,v9,,mass10,88.23,89.47,1.25,3.257,球R,263,0.549,0.1704,1.042,0.198,0.381,0.69,物品台,389.6407,1,1,,,,6,"[{""name"": ""球R"", ""m"": 66.40406, ""q"": 0.1704, ""c"": 0.1636, ""capture"": 1.042, ""share"": 0.549, ""miss_deg"": 0.0, ""labels"": [263]}, {""name"": ""白杯1"", ""m"": 25.34132, ""q"": 0.065, ""c"": 0.3157, ""capture"": 0.206, ""share"": 0.209, ""miss_deg"": 1.78, ""labels"": [266]}, {""name"": ""水瓶"", ""m"": 9.6064, ""q"": 0.0247, ""c"": 0.741, ""capture"": 0.033, ""share"": 0.079, ""miss_deg"": 2.61, ""labels"": [30]}, {""name"": ""白杯2"", ""m"": 9.07692, ""q"": 0.0233, ""c"": 0.2857, ""capture"": 0.082, ""share"": 0.075, ""miss_deg"": 2.24, ""labels"": [267]}, {""name"": ""红杯"", ""m"": 7.20071, ""q"": 0.0185, ""c"": 0.5012, ""capture"": 0.037, ""share"": 0.06, ""miss_deg"": 2.57, ""labels"": [49]}, {""name"": ""香蕉"", ""m"": 3.34817, ""q"": 0.0086, ""c"": 0.8656, ""capture"": 0.01, ""share"": 0.028, ""miss_deg"": 3.04, ""labels"": [264]}]"
2026_08_20/001,c2,v9,,mass10,89.64,89.96,0.32,3.256,球M,261,0.632,0.0985,0.602,0.068,0.31,0.844,物品台,389.6407,1,1,,,,5,"[{""name"": ""球M"", ""m"": 38.39415, ""q"": 0.0985, ""c"": 0.1636, ""capture"": 0.602, ""share"": 0.632, ""miss_deg"": 1.01, ""labels"": [261]}, {""name"": ""水瓶"", ""m"": 11.91049, ""q"": 0.0306, ""c"": 0.741, ""capture"": 0.041, ""share"": 0.196, ""miss_deg"": 2.53, ""labels"": [30]}, {""name"": ""香蕉"", ""m"": 6.81398, ""q"": 0.0175, ""c"": 0.8656, ""capture"": 0.02, ""share"": 0.112, ""miss_deg"": 2.79, ""labels"": [264]}, {""name"": ""白杯1"", ""m"": 3.40924, ""q"": 0.0087, ""c"": 0.3157, ""capture"": 0.028, ""share"": 0.056, ""miss_deg"": 2.68, ""labels"": [266]}, {""name"": ""球R"", ""m"": 0.1797, ""q"": 0.0005, ""c"": 0.1636, ""capture"": 0.003, ""share"": 0.003, ""miss_deg"": 3.43, ""labels"": [263]}]"
2026_08_20/001,c2,v9,,mass10,90.12,90.39,0.27,3.331,球R,263,0.464,0.0061,0.038,0.816,0.744,0.987,object#106,389.6407,0,0,11,球M,0,3,"[{""name"": ""球R"", ""m"": 2.39334, ""q"": 0.0061, ""c"": 0.1636, ""capture"": 0.038, ""share"": 0.464, ""miss_deg"": 2.56, ""labels"": [263]}, {""name"": ""球M"", ""m"": 1.78061, ""q"": 0.0046, ""c"": 0.1459, ""capture"": 0.031, ""share"": 0.345, ""miss_deg"": 2.63, ""labels"": [261]}, {""name"": ""水瓶"", ""m"": 0.98967, ""q"": 0.0025, ""c"": 0.706, ""capture"": 0.004, ""share"": 0.192, ""miss_deg"": 3.35, ""labels"": [30]}]"
2026_08_20/001,c2,v9,,mass10,90.5,91.04,0.54,3.261,球M,261,0.647,0.0527,0.322,0.078,0.355,0.919,物品台,389.6407,1,1,11,球M,1,4,"[{""name"": ""球M"", ""m"": 20.53841, ""q"": 0.0527, ""c"": 0.1636, ""capture"": 0.322, ""share"": 0.647, ""miss_deg"": 1.51, ""labels"": [261]}, {""name"": ""水瓶"", ""m"": 7.30816, ""q"": 0.0188, ""c"": 0.741, ""capture"": 0.025, ""share"": 0.23, ""miss_deg"": 2.71, ""labels"": [30]}, {""name"": ""球L"", ""m"": 3.3853, ""q"": 0.0087, ""c"": 0.1636, ""capture"": 0.053, ""share"": 0.107, ""miss_deg"": 2.42, ""labels"": [259]}, {""name"": ""苹果红"", ""m"": 0.51759, ""q"": 0.0013, ""c"": 0.2228, ""capture"": 0.006, ""share"": 0.016, ""miss_deg"": 3.2, ""labels"": [260]}]"
2026_08_20/001,c2,v9,,mass10,92.23,92.66,0.43,3.274,球M,261,0.545,0.1021,0.624,0.059,0.308,0.813,物品台,389.6407,1,1,11,球M,1,5,"[{""name"": ""球M"", ""m"": 39.8001, ""q"": 0.1021, ""c"": 0.1636, ""capture"": 0.624, ""share"": 0.545, ""miss_deg"": 0.97, ""labels"": [261]}, {""name"": ""香蕉"", ""m"": 12.29855, ""q"": 0.0316, ""c"": 0.8612, ""capture"": 0.037, ""share"": 0.168, ""miss_deg"": 2.57, ""labels"": [264]}, {""name"": ""水瓶"", ""m"": 10.49532, ""q"": 0.0269, ""c"": 0.741, ""capture"": 0.036, ""share"": 0.144, ""miss_deg"": 2.57, ""labels"": [30]}, {""name"": ""白杯1"", ""m"": 7.22791, ""q"": 0.0186, ""c"": 0.3157, ""capture"": 0.059, ""share"": 0.099, ""miss_deg"": 2.38, ""labels"": [266]}, {""name"": ""球R"", ""m"": 3.21504, ""q"": 0.0083, ""c"": 0.1636, ""capture"": 0.05, ""share"": 0.044, ""miss_deg"": 2.44, ""labels"": [263]}]"
2026_08_20/001,c2,v9,,mass10,93.36,94.89,1.53,3.212,球M,261,0.64,0.1372,0.839,0.075,0.344,0.785,物品台,389.6407,1,1,11,球M,1,5,"[{""name"": ""球M"", ""m"": 53.47246, ""q"": 0.1372, ""c"": 0.1636, ""capture"": 0.839, ""share"": 0.64, ""miss_deg"": 0.59, ""labels"": [261]}, {""name"": ""水瓶"", ""m"": 18.40905, ""q"": 0.0472, ""c"": 0.7477, ""capture"": 0.063, ""share"": 0.22, ""miss_deg"": 2.35, ""labels"": [30]}, {""name"": ""香蕉"", ""m"": 7.31945, ""q"": 0.0188, ""c"": 0.87, ""capture"": 0.022, ""share"": 0.088, ""miss_deg"": 2.77, ""labels"": [264]}, {""name"": ""苹果红"", ""m"": 2.80839, ""q"": 0.0072, ""c"": 0.2228, ""capture"": 0.032, ""share"": 0.034, ""miss_deg"": 2.62, ""labels"": [260]}, {""name"": ""球L"", ""m"": 1.60455, ""q"": 0.0041, ""c"": 0.1636, ""capture"": 0.025, ""share"": 0.019, ""miss_deg"": 2.71, ""labels"": [259]}]"
2026_08_20/001,c2,v9,,mass10,95.34,96.05,0.7,3.239,球M,261,0.608,0.1252,0.765,0.089,0.405,0.794,物品台,389.6407,1,1,11,球M,1,7,"[{""name"": ""球M"", ""m"": 48.78952, ""q"": 0.1252, ""c"": 0.1636, ""capture"": 0.765, ""share"": 0.608, ""miss_deg"": 0.73, ""labels"": [261]}, {""name"": ""水瓶"", ""m"": 19.73466, ""q"": 0.0506, ""c"": 0.741, ""capture"": 0.068, ""share"": 0.246, ""miss_deg"": 2.32, ""labels"": [30]}, {""name"": ""香蕉"", ""m"": 6.22624, ""q"": 0.016, ""c"": 0.8656, ""capture"": 0.018, ""share"": 0.078, ""miss_deg"": 2.83, ""labels"": [264]}, {""name"": ""球L"", ""m"": 2.78571, ""q"": 0.0071, ""c"": 0.1636, ""capture"": 0.044, ""share"": 0.035, ""miss_deg"": 2.5, ""labels"": [259]}, {""name"": ""苹果红"", ""m"": 2.51337, ""q"": 0.0065, ""c"": 0.2228, ""capture"": 0.029, ""share"": 0.031, ""miss_deg"": 2.66, ""labels"": [260]}, {""name"": ""橘子"", ""m"": 0.16507, ""q"": 0.0004, ""c"": 0.2062, ""capture"": 0.002, ""share"": 0.002, ""miss_deg"": 3.52, ""labels"": [262]}, {""name"": ""白杯1"", ""m"": 0.07318, ""q"": 0.0002, ""c"": 0.3157, ""capture"": 0.001, ""share"": 0.001, ""miss_deg"": 3.85, ""labels"": [266]}]"
2026_08_20/001,c2,v9,,mass10,96.1,96.48,0.38,3.245,球M,261,0.392,0.0817,0.499,0.603,0.605,0.792,物品台,389.6407,1,0,11,球M,1,6,"[{""name"": ""球M"", ""m"": 31.82602, ""q"": 0.0817, ""c"": 0.1636, ""capture"": 0.499, ""share"": 0.392, ""miss_deg"": 1.18, ""labels"": [261]}, {""name"": ""球L"", ""m"": 19.20374, ""q"": 0.0493, ""c"": 0.1636, ""capture"": 0.301, ""share"": 0.237, ""miss_deg"": 1.55, ""labels"": [259]}, {""name"": ""水瓶"", ""m"": 18.22056, ""q"": 0.0468, ""c"": 0.741, ""capture"": 0.063, ""share"": 0.225, ""miss_deg"": 2.35, ""labels"": [30]}, {""name"": ""苹果红"", ""m"": 8.20794, ""q"": 0.0211, ""c"": 0.2228, ""capture"": 0.095, ""share"": 0.101, ""miss_deg"": 2.17, ""labels"": [260]}, {""name"": ""香蕉"", ""m"": 3.57752, ""q"": 0.0092, ""c"": 0.8656, ""capture"": 0.011, ""share"": 0.044, ""miss_deg"": 3.02, ""labels"": [264]}, {""name"": ""橘子"", ""m"": 0.08876, ""q"": 0.0002, ""c"": 0.2062, ""capture"": 0.001, ""share"": 0.001, ""miss_deg"": 3.69, ""labels"": [262]}]"
2026_08_20/001,c2,v9,,mass10,96.54,96.81,0.27,3.226,球M,261,0.575,0.1198,0.732,0.083,0.381,0.791,物品台,389.6407,1,1,11,球M,1,5,"[{""name"": ""球M"", ""m"": 46.69233, ""q"": 0.1198, ""c"": 0.1636, ""capture"": 0.732, ""share"": 0.575, ""miss_deg"": 0.79, ""labels"": [261]}, {""name"": ""水瓶"", ""m"": 17.78131, ""q"": 0.0456, ""c"": 0.7477, ""capture"": 0.061, ""share"": 0.219, ""miss_deg"": 2.36, ""labels"": [30]}, {""name"": ""球L"", ""m"": 7.47214, ""q"": 0.0192, ""c"": 0.1636, ""capture"": 0.117, ""share"": 0.092, ""miss_deg"": 2.07, ""labels"": [259]}, {""name"": ""香蕉"", ""m"": 5.06864, ""q"": 0.013, ""c"": 0.87, ""capture"": 0.015, ""share"": 0.062, ""miss_deg"": 2.9, ""labels"": [264]}, {""name"": ""苹果红"", ""m"": 4.25583, ""q"": 0.0109, ""c"": 0.2228, ""capture"": 0.049, ""share"": 0.052, ""miss_deg"": 2.46, ""labels"": [260]}]"
2026_08_20/001,c2,v9,,mass10,96.86,97.35,0.49,3.209,球L,259,0.778,0.0825,0.504,0.028,0.123,0.894,物品台,389.6407,1,1,,,,6,"[{""name"": ""球L"", ""m"": 32.14337, ""q"": 0.0825, ""c"": 0.1636, ""capture"": 0.504, ""share"": 0.778, ""miss_deg"": 1.17, ""labels"": [259]}, {""name"": ""水瓶"", ""m"": 3.97312, ""q"": 0.0102, ""c"": 0.7477, ""capture"": 0.014, ""share"": 0.096, ""miss_deg"": 2.93, ""labels"": [30]}, {""name"": ""苹果红"", ""m"": 2.64385, ""q"": 0.0068, ""c"": 0.2228, ""capture"": 0.03, ""share"": 0.064, ""miss_deg"": 2.64, ""labels"": [260]}, {""name"": ""球M"", ""m"": 1.22979, ""q"": 0.0032, ""c"": 0.1636, ""capture"": 0.019, ""share"": 0.03, ""miss_deg"": 2.81, ""labels"": [261]}, {""name"": ""苹果粉"", ""m"": 1.20667, ""q"": 0.0031, ""c"": 0.3009, ""capture"": 0.01, ""share"": 0.029, ""miss_deg"": 3.03, ""labels"": [64]}, {""name"": ""香蕉"", ""m"": 0.13593, ""q"": 0.0003, ""c"": 0.87, ""capture"": 0.0, ""share"": 0.003, ""miss_deg"": 3.96, ""labels"": [264]}]"
2026_08_20/001,c2,v9,,mass10,97.46,97.79,0.32,3.244,球M,261,0.533,0.0334,0.204,0.51,0.507,0.937,物品台,389.6407,1,1,,,,4,"[{""name"": ""球M"", ""m"": 13.0225, ""q"": 0.0334, ""c"": 0.1636, ""capture"": 0.204, ""share"": 0.533, ""miss_deg"": 1.78, ""labels"": [261]}, {""name"": ""球L"", ""m"": 6.60087, ""q"": 0.0169, ""c"": 0.1636, ""capture"": 0.104, ""share"": 0.27, ""miss_deg"": 2.13, ""labels"": [259]}, {""name"": ""水瓶"", ""m"": 4.13925, ""q"": 0.0106, ""c"": 0.741, ""capture"": 0.014, ""share"": 0.169, ""miss_deg"": 2.91, ""labels"": [30]}, {""name"": ""苹果红"", ""m"": 0.68568, ""q"": 0.0018, ""c"": 0.2228, ""capture"": 0.008, ""share"": 0.028, ""miss_deg"": 3.11, ""labels"": [260]}]"
2026_08_20/001,c2,v9,,mass10,99.07,99.4,0.32,3.255,球M,261,0.334,0.0859,0.525,0.333,0.644,0.743,物品台,389.6407,0,0,,,,6,"[{""name"": ""球M"", ""m"": 33.47812, ""q"": 0.0859, ""c"": 0.1636, ""capture"": 0.525, ""share"": 0.334, ""miss_deg"": 1.14, ""labels"": [261]}, {""name"": ""白杯1"", ""m"": 21.53429, ""q"": 0.0553, ""c"": 0.3157, ""capture"": 0.175, ""share"": 0.215, ""miss_deg"": 1.87, ""labels"": [266]}, {""name"": ""香蕉"", ""m"": 18.8308, ""q"": 0.0483, ""c"": 0.8656, ""capture"": 0.056, ""share"": 0.188, ""miss_deg"": 2.4, ""labels"": [264]}, {""name"": ""球R"", ""m"": 13.16835, ""q"": 0.0338, ""c"": 0.1636, ""capture"": 0.207, ""share"": 0.132, ""miss_deg"": 1.78, ""labels"": [263]}, {""name"": ""水瓶"", ""m"": 12.49783, ""q"": 0.0321, ""c"": 0.741, ""capture"": 0.043, ""share"": 0.125, ""miss_deg"": 2.51, ""labels"": [30]}, {""name"": ""红杯"", ""m"": 0.58932, ""q"": 0.0015, ""c"": 0.5012, ""capture"": 0.003, ""share"": 0.006, ""miss_deg"": 3.41, ""labels"": [49]}]"
2026_08_20/001,c2,v9,,mass10,100.1,102.38,2.27,3.249,白杯2,267,0.484,0.2334,0.817,0.864,0.496,0.517,物品台,389.6407,1,0,12,白杯2,1,5,"[{""name"": ""白杯2"", ""m"": 90.94594, ""q"": 0.2334, ""c"": 0.2857, ""capture"": 0.817, ""share"": 0.484, ""miss_deg"": 0.64, ""labels"": [267]}, {""name"": ""球R"", ""m"": 45.0294, ""q"": 0.1156, ""c"": 0.1636, ""capture"": 0.706, ""share"": 0.24, ""miss_deg"": 0.83, ""labels"": [263]}, {""name"": ""红杯"", ""m"": 38.1396, ""q"": 0.0979, ""c"": 0.5012, ""capture"": 0.195, ""share"": 0.203, ""miss_deg"": 1.81, ""labels"": [49]}, {""name"": ""白杯1"", ""m"": 8.01353, ""q"": 0.0206, ""c"": 0.3157, ""capture"": 0.065, ""share"": 0.043, ""miss_deg"": 2.34, ""labels"": [266]}, {""name"": ""水瓶"", ""m"": 5.87824, ""q"": 0.0151, ""c"": 0.741, ""capture"": 0.02, ""share"": 0.031, ""miss_deg"": 2.79, ""labels"": [30]}]"
2026_08_20/001,c2,v9,,mass10,102.49,104.16,1.68,3.266,白杯2,267,0.507,0.1879,0.658,0.965,0.552,0.629,物品台,389.6407,1,1,12,白杯2,1,5,"[{""name"": ""白杯2"", ""m"": 73.21099, ""q"": 0.1879, ""c"": 0.2857, ""capture"": 0.658, ""share"": 0.507, ""miss_deg"": 0.92, ""labels"": [267]}, {""name"": ""球R"", ""m"": 40.51345, ""q"": 0.104, ""c"": 0.1636, ""capture"": 0.635, ""share"": 0.28, ""miss_deg"": 0.95, ""labels"": [263]}, {""name"": ""红杯"", ""m"": 19.65397, ""q"": 0.0504, ""c"": 0.4899, ""capture"": 0.103, ""share"": 0.136, ""miss_deg"": 2.13, ""labels"": [49]}, {""name"": ""水瓶"", ""m"": 6.50063, ""q"": 0.0167, ""c"": 0.741, ""capture"": 0.023, ""share"": 0.045, ""miss_deg"": 2.75, ""labels"": [30]}, {""name"": ""白杯1"", ""m"": 4.61331, ""q"": 0.0118, ""c"": 0.3157, ""capture"": 0.038, ""share"": 0.032, ""miss_deg"": 2.56, ""labels"": [266]}]"
2026_08_20/001,c2,v9,,mass10,104.33,104.98,0.65,3.267,白杯2,267,0.539,0.1635,0.572,0.86,0.494,0.697,物品台,389.6407,1,1,12,白杯2,1,5,"[{""name"": ""白杯2"", ""m"": 63.69419, ""q"": 0.1635, ""c"": 0.2857, ""capture"": 0.572, ""share"": 0.539, ""miss_deg"": 1.06, ""labels"": [267]}, {""name"": ""球R"", ""m"": 31.36145, ""q"": 0.0805, ""c"": 0.1636, ""capture"": 0.492, ""share"": 0.266, ""miss_deg"": 1.19, ""labels"": [263]}, {""name"": ""红杯"", ""m"": 11.78022, ""q"": 0.0302, ""c"": 0.4899, ""capture"": 0.062, ""share"": 0.1, ""miss_deg"": 2.36, ""labels"": [49]}, {""name"": ""水瓶"", ""m"": 9.67441, ""q"": 0.0248, ""c"": 0.741, ""capture"": 0.034, ""share"": 0.082, ""miss_deg"": 2.61, ""labels"": [30]}, {""name"": ""白杯1"", ""m"": 1.60571, ""q"": 0.0041, ""c"": 0.3157, ""capture"": 0.013, ""share"": 0.014, ""miss_deg"": 2.95, ""labels"": [266]}]"
2026_08_20/001,c2,v9,,mass10,105.03,105.36,0.32,3.247,球M,261,0.29,0.1152,0.704,0.145,0.769,0.603,物品台,389.6407,0,0,,,,6,"[{""name"": ""球M"", ""m"": 44.87148, ""q"": 0.1152, ""c"": 0.1636, ""capture"": 0.704, ""share"": 0.29, ""miss_deg"": 0.84, ""labels"": [261]}, {""name"": ""香蕉"", ""m"": 34.48286, ""q"": 0.0885, ""c"": 0.8656, ""capture"": 0.102, ""share"": 0.223, ""miss_deg"": 2.14, ""labels"": [264]}, {""name"": ""白杯1"", ""m"": 34.33154, ""q"": 0.0881, ""c"": 0.3157, ""capture"": 0.279, ""share"": 0.222, ""miss_deg"": 1.6, ""labels"": [266]}, {""name"": ""水瓶"", ""m"": 26.67943, ""q"": 0.0685, ""c"": 0.741, ""capture"": 0.092, ""share"": 0.172, ""miss_deg"": 2.18, ""labels"": [30]}, {""name"": ""球R"", ""m"": 13.47356, ""q"": 0.0346, ""c"": 0.1636, ""capture"": 0.211, ""share"": 0.087, ""miss_deg"": 1.76, ""labels"": [263]}, {""name"": ""红杯"", ""m"": 0.92933, ""q"": 0.0024, ""c"": 0.5012, ""capture"": 0.005, ""share"": 0.006, ""miss_deg"": 3.27, ""labels"": [49]}]"
2026_08_20/001,c2,v9,,mass10,105.41,105.68,0.27,3.209,球R,263,0.442,0.2212,1.352,0.227,0.416,0.5,物品台,389.6407,1,0,,,,6,"[{""name"": ""球R"", ""m"": 86.2054, ""q"": 0.2212, ""c"": 0.1636, ""capture"": 1.352, ""share"": 0.442, ""miss_deg"": 0.0, ""labels"": [263]}, {""name"": ""白杯2"", ""m"": 35.96032, ""q"": 0.0923, ""c"": 0.3009, ""capture"": 0.307, ""share"": 0.184, ""miss_deg"": 1.54, ""labels"": [267]}, {""name"": ""白杯1"", ""m"": 33.68132, ""q"": 0.0864, ""c"": 0.3228, ""capture"": 0.268, ""share"": 0.173, ""miss_deg"": 1.62, ""labels"": [266]}, {""name"": ""红杯"", ""m"": 27.77495, ""q"": 0.0713, ""c"": 0.5012, ""capture"": 0.142, ""share"": 0.142, ""miss_deg"": 1.98, ""labels"": [49]}, {""name"": ""水瓶"", ""m"": 9.9307, ""q"": 0.0255, ""c"": 0.7477, ""capture"": 0.034, ""share"": 0.051, ""miss_deg"": 2.6, ""labels"": [30]}, {""name"": ""香蕉"", ""m"": 1.36059, ""q"": 0.0035, ""c"": 0.87, ""capture"": 0.004, ""share"": 0.007, ""miss_deg"": 3.32, ""labels"": [264]}]"
2026_08_20/001,c2,v9,,mass10,105.98,106.36,0.38,3.24,球M,261,0.393,0.1369,0.836,0.176,0.796,0.652,物品台,389.6407,0,0,,,,6,"[{""name"": ""球M"", ""m"": 53.32924, ""q"": 0.1369, ""c"": 0.1636, ""capture"": 0.836, ""share"": 0.393, ""miss_deg"": 0.6, ""labels"": [261]}, {""name"": ""水瓶"", ""m"": 42.53219, ""q"": 0.1092, ""c"": 0.741, ""capture"": 0.147, ""share"": 0.313, ""miss_deg"": 1.96, ""labels"": [30]}, {""name"": ""球L"", ""m"": 14.73222, ""q"": 0.0378, ""c"": 0.1636, ""capture"": 0.231, ""share"": 0.109, ""miss_deg"": 1.71, ""labels"": [259]}, {""name"": ""苹果红"", ""m"": 12.50176, ""q"": 0.0321, ""c"": 0.2228, ""capture"": 0.144, ""share"": 0.092, ""miss_deg"": 1.97, ""labels"": [260]}, {""name"": ""香蕉"", ""m"": 12.30216, ""q"": 0.0316, ""c"": 0.8656, ""capture"": 0.036, ""share"": 0.091, ""miss_deg"": 2.57, ""labels"": [264]}, {""name"": ""橘子"", ""m"": 0.35523, ""q"": 0.0009, ""c"": 0.2062, ""capture"": 0.004, ""share"": 0.003, ""miss_deg"": 3.29, ""labels"": [262]}]"
2026_08_20/001,c2,v9,,mass10,106.41,108.01,1.6,3.228,球R,263,0.432,0.2177,1.331,0.267,0.491,0.496,物品台,389.6407,1,0,,,,6,"[{""name"": ""球R"", ""m"": 84.83768, ""q"": 0.2177, ""c"": 0.1636, ""capture"": 1.331, ""share"": 0.432, ""miss_deg"": 0.0, ""labels"": [263]}, {""name"": ""白杯2"", ""m"": 41.74394, ""q"": 0.1071, ""c"": 0.3009, ""capture"": 0.356, ""share"": 0.212, ""miss_deg"": 1.44, ""labels"": [267]}, {""name"": ""白杯1"", ""m"": 32.27524, ""q"": 0.0828, ""c"": 0.3228, ""capture"": 0.257, ""share"": 0.164, ""miss_deg"": 1.65, ""labels"": [266]}, {""name"": ""红杯"", ""m"": 30.56135, ""q"": 0.0784, ""c"": 0.5012, ""capture"": 0.156, ""share"": 0.155, ""miss_deg"": 1.93, ""labels"": [49]}, {""name"": ""水瓶"", ""m"": 6.62597, ""q"": 0.017, ""c"": 0.7477, ""capture"": 0.023, ""share"": 0.034, ""miss_deg"": 2.75, ""labels"": [30]}, {""name"": ""香蕉"", ""m"": 0.50401, ""q"": 0.0013, ""c"": 0.87, ""capture"": 0.001, ""share"": 0.003, ""miss_deg"": 3.61, ""labels"": [264]}]"
2026_08_20/001,c2,v9,,mass10,108.07,114.03,5.96,3.237,白杯2,267,0.541,0.1833,0.609,0.921,0.501,0.661,物品台,389.6407,1,1,,,,5,"[{""name"": ""白杯2"", ""m"": 71.42473, ""q"": 0.1833, ""c"": 0.3009, ""capture"": 0.609, ""share"": 0.541, ""miss_deg"": 1.0, ""labels"": [267]}, {""name"": ""球R"", ""m"": 35.77655, ""q"": 0.0918, ""c"": 0.1636, ""capture"": 0.561, ""share"": 0.271, ""miss_deg"": 1.07, ""labels"": [263]}, {""name"": ""红杯"", ""m"": 14.06567, ""q"": 0.0361, ""c"": 0.5012, ""capture"": 0.072, ""share"": 0.107, ""miss_deg"": 2.29, ""labels"": [49]}, {""name"": ""水瓶"", ""m"": 9.10468, ""q"": 0.0234, ""c"": 0.7477, ""capture"": 0.031, ""share"": 0.069, ""miss_deg"": 2.63, ""labels"": [30]}, {""name"": ""白杯1"", ""m"": 1.62661, ""q"": 0.0042, ""c"": 0.3157, ""capture"": 0.013, ""share"": 0.012, ""miss_deg"": 2.94, ""labels"": [266]}]"
2026_08_20/001,c2,v9,,mass10,114.86,115.73,0.87,3.227,球L,259,0.459,0.1276,0.78,0.268,0.366,0.722,物品台,389.6407,1,0,,,,7,"[{""name"": ""球L"", ""m"": 49.70074, ""q"": 0.1276, ""c"": 0.1636, ""capture"": 0.78, ""share"": 0.459, ""miss_deg"": 0.71, ""labels"": [259]}, {""name"": ""苹果红"", ""m"": 18.16603, ""q"": 0.0466, ""c"": 0.2228, ""capture"": 0.209, ""share"": 0.168, ""miss_deg"": 1.77, ""labels"": [260]}, {""name"": ""水瓶"", ""m"": 16.85973, ""q"": 0.0433, ""c"": 0.7477, ""capture"": 0.058, ""share"": 0.156, ""miss_deg"": 2.39, ""labels"": [30]}, {""name"": ""球M"", ""m"": 16.76476, ""q"": 0.043, ""c"": 0.1636, ""capture"": 0.263, ""share"": 0.155, ""miss_deg"": 1.63, ""labels"": [261]}, {""name"": ""香蕉"", ""m"": 5.2299, ""q"": 0.0134, ""c"": 0.87, ""capture"": 0.015, ""share"": 0.048, ""miss_deg"": 2.89, ""labels"": [264]}, {""name"": ""苹果粉"", ""m"": 0.96441, ""q"": 0.0025, ""c"": 0.3009, ""capture"": 0.008, ""share"": 0.009, ""miss_deg"": 3.1, ""labels"": [64]}, {""name"": ""橘子"", ""m"": 0.64313, ""q"": 0.0017, ""c"": 0.2062, ""capture"": 0.008, ""share"": 0.006, ""miss_deg"": 3.11, ""labels"": [262]}]"
2026_08_20/001,c2,v9,,mass10,115.78,116.16,0.38,3.227,苹果粉,64,0.612,0.1571,0.522,0.923,0.503,0.743,物品台,389.6407,1,1,,,,5,"[{""name"": ""苹果粉"", ""m"": 61.20504, ""q"": 0.1571, ""c"": 0.3009, ""capture"": 0.522, ""share"": 0.612, ""miss_deg"": 1.14, ""labels"": [64, 250]}, {""name"": ""球L"", ""m"": 30.74524, ""q"": 0.0789, ""c"": 0.1636, ""capture"": 0.482, ""share"": 0.308, ""miss_deg"": 1.21, ""labels"": [259]}, {""name"": ""苹果红"", ""m"": 4.29709, ""q"": 0.011, ""c"": 0.2228, ""capture"": 0.049, ""share"": 0.043, ""miss_deg"": 2.45, ""labels"": [260]}, {""name"": ""水瓶"", ""m"": 2.73757, ""q"": 0.007, ""c"": 0.7477, ""capture"": 0.009, ""share"": 0.027, ""miss_deg"": 3.06, ""labels"": [30]}, {""name"": ""橘子"", ""m"": 0.97249, ""q"": 0.0025, ""c"": 0.2062, ""capture"": 0.012, ""share"": 0.01, ""miss_deg"": 2.97, ""labels"": [262]}]"
2026_08_20/001,c2,v9,,mass10,116.4,116.78,0.38,3.232,球L,259,0.481,0.1073,0.656,0.45,0.827,0.777,物品台,389.6407,1,0,14,球L,1,5,"[{""name"": ""球L"", ""m"": 41.79919, ""q"": 0.1073, ""c"": 0.1636, ""capture"": 0.656, ""share"": 0.481, ""miss_deg"": 0.92, ""labels"": [259]}, {""name"": ""苹果粉"", ""m"": 34.56307, ""q"": 0.0887, ""c"": 0.3009, ""capture"": 0.295, ""share"": 0.398, ""miss_deg"": 1.56, ""labels"": [64, 250]}, {""name"": ""苹果红"", ""m"": 6.47376, ""q"": 0.0166, ""c"": 0.2228, ""capture"": 0.075, ""share"": 0.074, ""miss_deg"": 2.28, ""labels"": [260]}, {""name"": ""水瓶"", ""m"": 3.09474, ""q"": 0.0079, ""c"": 0.7477, ""capture"": 0.011, ""share"": 0.036, ""miss_deg"": 3.01, ""labels"": [30]}, {""name"": ""橘子"", ""m"": 1.01249, ""q"": 0.0026, ""c"": 0.2062, ""capture"": 0.013, ""share"": 0.012, ""miss_deg"": 2.96, ""labels"": [262]}]"
2026_08_20/001,c2,v9,,mass10,116.83,117.7,0.87,3.233,球L,259,0.348,0.1637,1.001,0.556,0.759,0.529,物品台,389.6407,0,0,14,球L,1,7,"[{""name"": ""球L"", ""m"": 63.79839, ""q"": 0.1637, ""c"": 0.1636, ""capture"": 1.001, ""share"": 0.348, ""miss_deg"": 0.0, ""labels"": [259]}, {""name"": ""苹果红"", ""m"": 48.34845, ""q"": 0.1241, ""c"": 0.2228, ""capture"": 0.557, ""share"": 0.264, ""miss_deg"": 1.08, ""labels"": [260]}, {""name"": ""水瓶"", ""m"": 34.8673, ""q"": 0.0895, ""c"": 0.7477, ""capture"": 0.12, ""share"": 0.19, ""miss_deg"": 2.06, ""labels"": [30]}, {""name"": ""球M"", ""m"": 17.75924, ""q"": 0.0456, ""c"": 0.1636, ""capture"": 0.279, ""share"": 0.097, ""miss_deg"": 1.6, ""labels"": [261]}, {""name"": ""香蕉"", ""m"": 13.33008, ""q"": 0.0342, ""c"": 0.87, ""capture"": 0.039, ""share"": 0.073, ""miss_deg"": 2.54, ""labels"": [264]}, {""name"": ""橘子"", ""m"": 2.99757, ""q"": 0.0077, ""c"": 0.2062, ""capture"": 0.037, ""share"": 0.016, ""miss_deg"": 2.56, ""labels"": [262]}, {""name"": ""苹果粉"", ""m"": 2.37884, ""q"": 0.0061, ""c"": 0.3009, ""capture"": 0.02, ""share"": 0.013, ""miss_deg"": 2.79, ""labels"": [64]}]"
2026_08_20/001,c2,v9,,mass10,118.25,119.17,0.92,3.211,球L,259,0.405,0.1722,1.053,0.514,0.699,0.575,物品台,389.6407,1,0,14,球L,1,7,"[{""name"": ""球L"", ""m"": 67.11143, ""q"": 0.1722, ""c"": 0.1636, ""capture"": 1.053, ""share"": 0.405, ""miss_deg"": 0.0, ""labels"": [259]}, {""name"": ""苹果红"", ""m"": 46.93414, ""q"": 0.1205, ""c"": 0.2228, ""capture"": 0.541, ""share"": 0.283, ""miss_deg"": 1.11, ""labels"": [260]}, {""name"": ""水瓶"", ""m"": 22.49709, ""q"": 0.0577, ""c"": 0.7477, ""capture"": 0.077, ""share"": 0.136, ""miss_deg"": 2.26, ""labels"": [30]}, {""name"": ""球M"", ""m"": 13.66794, ""q"": 0.0351, ""c"": 0.1636, ""capture"": 0.214, ""share"": 0.083, ""miss_deg"": 1.75, ""labels"": [261]}, {""name"": ""香蕉"", ""m"": 7.8839, ""q"": 0.0202, ""c"": 0.87, ""capture"": 0.023, ""share"": 0.048, ""miss_deg"": 2.74, ""labels"": [264]}, {""name"": ""苹果粉"", ""m"": 5.79998, ""q"": 0.0149, ""c"": 0.3009, ""capture"": 0.049, ""share"": 0.035, ""miss_deg"": 2.45, ""labels"": [64, 250]}, {""name"": ""橘子"", ""m"": 1.77726, ""q"": 0.0046, ""c"": 0.2062, ""capture"": 0.022, ""share"": 0.011, ""miss_deg"": 2.76, ""labels"": [262]}]"
2026_08_20/001,c2,v9,,mass10,119.92,120.19,0.27,3.273,球L,259,0.549,0.1131,0.691,0.214,0.291,0.794,物品台,389.6407,1,1,14,球L,1,7,"[{""name"": ""球L"", ""m"": 44.04992, ""q"": 0.1131, ""c"": 0.1636, ""capture"": 0.691, ""share"": 0.549, ""miss_deg"": 0.86, ""labels"": [259]}, {""name"": ""苹果红"", ""m"": 12.81391, ""q"": 0.0329, ""c"": 0.2228, ""capture"": 0.148, ""share"": 0.16, ""miss_deg"": 1.96, ""labels"": [260]}, {""name"": ""球M"", ""m"": 11.85092, ""q"": 0.0304, ""c"": 0.1636, ""capture"": 0.186, ""share"": 0.148, ""miss_deg"": 1.83, ""labels"": [261]}, {""name"": ""水瓶"", ""m"": 8.15011, ""q"": 0.0209, ""c"": 0.741, ""capture"": 0.028, ""share"": 0.102, ""miss_deg"": 2.67, ""labels"": [30]}, {""name"": ""香蕉"", ""m"": 1.7736, ""q"": 0.0046, ""c"": 0.8612, ""capture"": 0.005, ""share"": 0.022, ""miss_deg"": 3.24, ""labels"": [264]}, {""name"": ""苹果粉"", ""m"": 1.24697, ""q"": 0.0032, ""c"": 0.3009, ""capture"": 0.011, ""share"": 0.016, ""miss_deg"": 3.01, ""labels"": [64, 250]}, {""name"": ""橘子"", ""m"": 0.32189, ""q"": 0.0008, ""c"": 0.2062, ""capture"": 0.004, ""share"": 0.004, ""miss_deg"": 3.32, ""labels"": [262]}]"
2026_08_20/001,c2,v9,,mass10,120.46,120.73,0.27,3.292,球M,261,0.501,0.191,1.168,0.143,0.637,0.618,物品台,389.6407,1,1,,,,7,"[{""name"": ""球M"", ""m"": 74.44001, ""q"": 0.191, ""c"": 0.1636, ""capture"": 1.168, ""share"": 0.501, ""miss_deg"": 0.0, ""labels"": [261]}, {""name"": ""水瓶"", ""m"": 47.35709, ""q"": 0.1215, ""c"": 0.7272, ""capture"": 0.167, ""share"": 0.319, ""miss_deg"": 1.89, ""labels"": [30]}, {""name"": ""香蕉"", ""m"": 18.34624, ""q"": 0.0471, ""c"": 0.8612, ""capture"": 0.055, ""share"": 0.123, ""miss_deg"": 2.41, ""labels"": [264]}, {""name"": ""苹果红"", ""m"": 5.57377, ""q"": 0.0143, ""c"": 0.2228, ""capture"": 0.064, ""share"": 0.037, ""miss_deg"": 2.34, ""labels"": [260]}, {""name"": ""白杯1"", ""m"": 1.29377, ""q"": 0.0033, ""c"": 0.3157, ""capture"": 0.011, ""share"": 0.009, ""miss_deg"": 3.02, ""labels"": [266]}, {""name"": ""球L"", ""m"": 1.23846, ""q"": 0.0032, ""c"": 0.1636, ""capture"": 0.019, ""share"": 0.008, ""miss_deg"": 2.81, ""labels"": [259]}, {""name"": ""橘子"", ""m"": 0.41148, ""q"": 0.0011, ""c"": 0.2062, ""capture"": 0.005, ""share"": 0.003, ""miss_deg"": 3.25, ""labels"": [262]}]"
2026_08_20/001,c2,v9,,mass10,121.06,121.38,0.32,3.256,苹果粉,64,0.571,0.2472,0.822,0.959,0.522,0.567,物品台,389.6407,1,1,,,,6,"[{""name"": ""苹果粉"", ""m"": 96.32766, ""q"": 0.2472, ""c"": 0.3009, ""capture"": 0.822, ""share"": 0.571, ""miss_deg"": 0.63, ""labels"": [64, 250]}, {""name"": ""球L"", ""m"": 50.23531, ""q"": 0.1289, ""c"": 0.1636, ""capture"": 0.788, ""share"": 0.298, ""miss_deg"": 0.69, ""labels"": [259]}, {""name"": ""苹果红"", ""m"": 14.2402, ""q"": 0.0365, ""c"": 0.2228, ""capture"": 0.164, ""share"": 0.084, ""miss_deg"": 1.9, ""labels"": [260]}, {""name"": ""水瓶"", ""m"": 5.00604, ""q"": 0.0128, ""c"": 0.741, ""capture"": 0.017, ""share"": 0.03, ""miss_deg"": 2.85, ""labels"": [30]}, {""name"": ""橘子"", ""m"": 2.48072, ""q"": 0.0064, ""c"": 0.2062, ""capture"": 0.031, ""share"": 0.015, ""miss_deg"": 2.64, ""labels"": [262]}, {""name"": ""香蕉"", ""m"": 0.2632, ""q"": 0.0007, ""c"": 0.8656, ""capture"": 0.001, ""share"": 0.002, ""miss_deg"": 3.78, ""labels"": [264]}]"
2026_08_20/001,c2,v9,,mass10,121.43,121.92,0.49,3.27,球L,259,0.437,0.2142,1.309,0.486,0.661,0.51,物品台,389.6407,1,0,,,,7,"[{""name"": ""球L"", ""m"": 83.45285, ""q"": 0.2142, ""c"": 0.1636, ""capture"": 1.309, ""share"": 0.437, ""miss_deg"": 0.0, ""labels"": [259]}, {""name"": ""苹果红"", ""m"": 55.2037, ""q"": 0.1417, ""c"": 0.2228, ""capture"": 0.636, ""share"": 0.289, ""miss_deg"": 0.95, ""labels"": [260]}, {""name"": ""水瓶"", ""m"": 19.3932, ""q"": 0.0498, ""c"": 0.741, ""capture"": 0.067, ""share"": 0.102, ""miss_deg"": 2.32, ""labels"": [30]}, {""name"": ""苹果粉"", ""m"": 14.75995, ""q"": 0.0379, ""c"": 0.3009, ""capture"": 0.126, ""share"": 0.077, ""miss_deg"": 2.04, ""labels"": [64, 250]}, {""name"": ""香蕉"", ""m"": 8.65078, ""q"": 0.0222, ""c"": 0.8612, ""capture"": 0.026, ""share"": 0.045, ""miss_deg"": 2.7, ""labels"": [264]}, {""name"": ""球M"", ""m"": 6.84631, ""q"": 0.0176, ""c"": 0.1636, ""capture"": 0.107, ""share"": 0.036, ""miss_deg"": 2.11, ""labels"": [261]}, {""name"": ""橘子"", ""m"": 2.44998, ""q"": 0.0063, ""c"": 0.2062, ""capture"": 0.03, ""share"": 0.013, ""miss_deg"": 2.64, ""labels"": [262]}]"
2026_08_20/001,c2,v9,,mass10,121.98,123.01,1.04,3.244,苹果红,260,0.331,0.1887,0.847,0.251,0.837,0.43,物品台,389.6407,0,0,15,苹果红,1,7,"[{""name"": ""苹果红"", ""m"": 73.5444, ""q"": 0.1887, ""c"": 0.2228, ""capture"": 0.847, ""share"": 0.331, ""miss_deg"": 0.58, ""labels"": [260]}, {""name"": ""水瓶"", ""m"": 61.44574, ""q"": 0.1577, ""c"": 0.741, ""capture"": 0.213, ""share"": 0.277, ""miss_deg"": 1.76, ""labels"": [30]}, {""name"": ""球L"", ""m"": 41.59323, ""q"": 0.1067, ""c"": 0.1636, ""capture"": 0.652, ""share"": 0.187, ""miss_deg"": 0.92, ""labels"": [259]}, {""name"": ""香蕉"", ""m"": 19.89076, ""q"": 0.051, ""c"": 0.8656, ""capture"": 0.059, ""share"": 0.09, ""miss_deg"": 2.38, ""labels"": [264]}, {""name"": ""球M"", ""m"": 16.25419, ""q"": 0.0417, ""c"": 0.1636, ""capture"": 0.255, ""share"": 0.073, ""miss_deg"": 1.65, ""labels"": [261]}, {""name"": ""橘子"", ""m"": 4.91945, ""q"": 0.0126, ""c"": 0.2062, ""capture"": 0.061, ""share"": 0.022, ""miss_deg"": 2.36, ""labels"": [262]}, {""name"": ""苹果粉"", ""m"": 4.5447, ""q"": 0.0117, ""c"": 0.3009, ""capture"": 0.039, ""share"": 0.02, ""miss_deg"": 2.55, ""labels"": [64, 250]}]"
2026_08_20/001,c2,v9,,mass10,123.07,125.78,2.71,3.247,球L,259,0.377,0.2063,1.261,0.649,0.886,0.453,物品台,389.6407,0,0,,,,7,"[{""name"": ""球L"", ""m"": 80.38273, ""q"": 0.2063, ""c"": 0.1636, ""capture"": 1.261, ""share"": 0.377, ""miss_deg"": 0.0, ""labels"": [259]}, {""name"": ""苹果红"", ""m"": 71.14137, ""q"": 0.1826, ""c"": 0.2228, ""capture"": 0.819, ""share"": 0.334, ""miss_deg"": 0.63, ""labels"": [260]}, {""name"": ""苹果粉"", ""m"": 31.10657, ""q"": 0.0798, ""c"": 0.3009, ""capture"": 0.265, ""share"": 0.146, ""miss_deg"": 1.63, ""labels"": [64, 250]}, {""name"": ""水瓶"", ""m"": 18.06818, ""q"": 0.0464, ""c"": 0.741, ""capture"": 0.063, ""share"": 0.085, ""miss_deg"": 2.35, ""labels"": [30]}, {""name"": ""香蕉"", ""m"": 7.94244, ""q"": 0.0204, ""c"": 0.8656, ""capture"": 0.024, ""share"": 0.037, ""miss_deg"": 2.74, ""labels"": [264]}, {""name"": ""橘子"", ""m"": 2.57739, ""q"": 0.0066, ""c"": 0.2062, ""capture"": 0.032, ""share"": 0.012, ""miss_deg"": 2.62, ""labels"": [262]}, {""name"": ""球M"", ""m"": 1.86466, ""q"": 0.0048, ""c"": 0.1636, ""capture"": 0.029, ""share"": 0.009, ""miss_deg"": 2.66, ""labels"": [261]}]"
2026_08_20/001,c2,v9,,mass10,125.83,126.86,1.03,3.254,苹果红,260,0.316,0.1777,0.798,1.268,0.93,0.438,物品台,389.6407,0,0,,,,7,"[{""name"": ""苹果红"", ""m"": 69.23664, ""q"": 0.1777, ""c"": 0.2228, ""capture"": 0.798, ""share"": 0.316, ""miss_deg"": 0.67, ""labels"": [260]}, {""name"": ""球L"", ""m"": 64.53897, ""q"": 0.1656, ""c"": 0.1636, ""capture"": 1.012, ""share"": 0.294, ""miss_deg"": 0.0, ""labels"": [259]}, {""name"": ""水瓶"", ""m"": 43.30949, ""q"": 0.1112, ""c"": 0.741, ""capture"": 0.15, ""share"": 0.198, ""miss_deg"": 1.95, ""labels"": [30]}, {""name"": ""香蕉"", ""m"": 15.82034, ""q"": 0.0406, ""c"": 0.8656, ""capture"": 0.047, ""share"": 0.072, ""miss_deg"": 2.47, ""labels"": [264]}, {""name"": ""球M"", ""m"": 15.75719, ""q"": 0.0404, ""c"": 0.1636, ""capture"": 0.247, ""share"": 0.072, ""miss_deg"": 1.67, ""labels"": [261]}, {""name"": ""苹果粉"", ""m"": 7.18399, ""q"": 0.0184, ""c"": 0.3009, ""capture"": 0.061, ""share"": 0.033, ""miss_deg"": 2.36, ""labels"": [64, 250]}, {""name"": ""橘子"", ""m"": 3.30399, ""q"": 0.0085, ""c"": 0.2062, ""capture"": 0.041, ""share"": 0.015, ""miss_deg"": 2.53, ""labels"": [262]}]"
2026_08_20/001,c2,v9,,mass10,127.18,127.45,0.27,3.24,球L,259,0.43,0.219,1.339,0.503,0.686,0.491,物品台,389.6407,1,0,,,,7,"[{""name"": ""球L"", ""m"": 85.33813, ""q"": 0.219, ""c"": 0.1636, ""capture"": 1.339, ""share"": 0.43, ""miss_deg"": 0.0, ""labels"": [259]}, {""name"": ""苹果红"", ""m"": 58.40681, ""q"": 0.1499, ""c"": 0.2228, ""capture"": 0.673, ""share"": 0.295, ""miss_deg"": 0.89, ""labels"": [260]}, {""name"": ""苹果粉"", ""m"": 29.40515, ""q"": 0.0755, ""c"": 0.3009, ""capture"": 0.251, ""share"": 0.148, ""miss_deg"": 1.66, ""labels"": [64, 250]}, {""name"": ""水瓶"", ""m"": 13.41767, ""q"": 0.0344, ""c"": 0.741, ""capture"": 0.046, ""share"": 0.068, ""miss_deg"": 2.48, ""labels"": [30]}, {""name"": ""香蕉"", ""m"": 6.60515, ""q"": 0.017, ""c"": 0.8656, ""capture"": 0.02, ""share"": 0.033, ""miss_deg"": 2.8, ""labels"": [264]}, {""name"": ""橘子"", ""m"": 3.8869, ""q"": 0.01, ""c"": 0.2062, ""capture"": 0.048, ""share"": 0.02, ""miss_deg"": 2.46, ""labels"": [262]}, {""name"": ""球M"", ""m"": 1.19837, ""q"": 0.0031, ""c"": 0.1636, ""capture"": 0.019, ""share"": 0.006, ""miss_deg"": 2.82, ""labels"": [261]}]"
2026_08_20/001,c2,v9,,mass10,128.3,128.57,0.27,3.701,,-1,0.0,0.0,,,,1.0,object#17,389.6407,0,0,,,,0,[]
2026_08_20/001,c2,v9,,mass10,129.49,129.76,0.27,2.412,,-1,0.0,0.0,,,,1.0,floor,389.6407,0,0,,,,0,[]
2026_08_20/001,c2,v9,,mass10,130.99,131.31,0.32,1.978,,-1,0.0,0.0,,,,1.0,object#14,389.6407,0,0,,,,0,[]
2026_08_20/001,c2,v9,,mass10,132.14,133.06,0.92,0.888,,-1,0.0,0.0,,,,1.0,object#34,389.6407,0,0,,,,0,[]
2026_08_20/001,c2,v9,,mass10,133.6,133.98,0.38,0.751,,-1,0.0,0.0,,,,1.0,object#14,389.6407,0,0,,,,0,[]
2026_08_20/001,c2,v9,,mass10,134.04,134.74,0.7,0.707,,-1,0.0,0.0,,,,1.0,object#88,389.6407,0,0,,,,0,[]
2026_08_20/002,c4,v9,beyond_occ,mass10,8.84,9.44,0.6,4.11,球R,263,0.321,0.0727,0.663,1.183,0.978,0.773,物品台,389.6407,0,0,,,,6,"[{""name"": ""球R"", ""m"": 28.34521, ""q"": 0.0727, ""c"": 0.1097, ""capture"": 0.663, ""share"": 0.321, ""miss_deg"": 0.91, ""labels"": [263]}, {""name"": ""球M"", ""m"": 27.78315, ""q"": 0.0713, ""c"": 0.091, ""capture"": 0.784, ""share"": 0.314, ""miss_deg"": 0.7, ""labels"": [261]}, {""name"": ""白杯2"", ""m"": 11.89653, ""q"": 0.0305, ""c"": 0.1892, ""capture"": 0.161, ""share"": 0.135, ""miss_deg"": 1.91, ""labels"": [267]}, {""name"": ""球L"", ""m"": 11.10645, ""q"": 0.0285, ""c"": 0.1097, ""capture"": 0.26, ""share"": 0.126, ""miss_deg"": 1.64, ""labels"": [259]}, {""name"": ""水瓶"", ""m"": 4.63566, ""q"": 0.0119, ""c"": 0.5444, ""capture"": 0.022, ""share"": 0.052, ""miss_deg"": 2.77, ""labels"": [30]}, {""name"": ""白杯1"", ""m"": 4.60602, ""q"": 0.0118, ""c"": 0.2228, ""capture"": 0.053, ""share"": 0.052, ""miss_deg"": 2.42, ""labels"": [266]}]"
2026_08_20/002,c4,v9,beyond_occ,mass10,9.71,9.98,0.27,3.306,,-1,0.0,0.0,,,,1.0,floor,389.6407,0,0,,,,0,[]
2026_08_20/002,c4,v9,beyond_occ,mass10,10.36,11.06,0.7,2.929,,-1,0.0,0.0,,,,1.0,floor,389.6407,0,0,,,,0,[]
2026_08_20/002,c4,v9,beyond_occ,mass10,11.17,11.77,0.6,3.253,,-1,0.0,0.0,,,,1.0,floor,389.6407,0,0,,,,0,[]
2026_08_20/002,c4,v9,beyond_occ,mass10,11.88,12.15,0.27,2.996,,-1,0.0,0.0,,,,1.0,floor,389.6407,0,0,,,,0,[]
2026_08_20/002,c4,v9,beyond_occ,mass10,12.88,15.05,2.17,4.182,球M,261,0.295,0.0904,0.994,0.726,0.878,0.694,物品台,389.6407,0,0,4,球M,1,7,"[{""name"": ""球M"", ""m"": 35.22966, ""q"": 0.0904, ""c"": 0.091, ""capture"": 0.994, ""share"": 0.295, ""miss_deg"": 0.11, ""labels"": [261]}, {""name"": ""球L"", ""m"": 30.85896, ""q"": 0.0792, ""c"": 0.1097, ""capture"": 0.722, ""share"": 0.259, ""miss_deg"": 0.81, ""labels"": [259]}, {""name"": ""球R"", ""m"": 19.79446, ""q"": 0.0508, ""c"": 0.1097, ""capture"": 0.463, ""share"": 0.166, ""miss_deg"": 1.24, ""labels"": [263]}, {""name"": ""水瓶"", ""m"": 13.86669, ""q"": 0.0356, ""c"": 0.5444, ""capture"": 0.065, ""share"": 0.116, ""miss_deg"": 2.34, ""labels"": [30]}, {""name"": ""白杯2"", ""m"": 9.94407, ""q"": 0.0255, ""c"": 0.1636, ""capture"": 0.156, ""share"": 0.083, ""miss_deg"": 1.93, ""labels"": [267]}, {""name"": ""白杯1"", ""m"": 7.96683, ""q"": 0.0204, ""c"": 0.2228, ""capture"": 0.092, ""share"": 0.067, ""miss_deg"": 2.19, ""labels"": [266]}, {""name"": ""苹果红"", ""m"": 1.68571, ""q"": 0.0043, ""c"": 0.1459, ""capture"": 0.03, ""share"": 0.014, ""miss_deg"": 2.65, ""labels"": [260]}]"
2026_08_20/002,c4,v9,beyond_occ,mass10,15.1,15.53,0.43,4.121,球L,259,0.853,0.005,0.046,0.065,0.138,0.994,object#35,389.6407,0,0,6,球L,1,3,"[{""name"": ""球L"", ""m"": 1.95081, ""q"": 0.005, ""c"": 0.1097, ""capture"": 0.046, ""share"": 0.853, ""miss_deg"": 2.48, ""labels"": [259]}, {""name"": ""苹果粉"", ""m"": 0.26924, ""q"": 0.0007, ""c"": 0.2062, ""capture"": 0.003, ""share"": 0.118, ""miss_deg"": 3.38, ""labels"": [64]}, {""name"": ""水瓶"", ""m"": 0.06653, ""q"": 0.0002, ""c"": 0.5444, ""capture"": 0.0, ""share"": 0.029, ""miss_deg"": 4.02, ""labels"": [30]}]"
2026_08_20/002,c4,v9,beyond_occ,mass10,15.59,17.0,1.41,4.185,球L,259,0.736,0.019,0.173,0.329,0.273,0.974,object#35,389.6407,0,0,6,球L,1,4,"[{""name"": ""球L"", ""m"": 7.39297, ""q"": 0.019, ""c"": 0.1097, ""capture"": 0.173, ""share"": 0.736, ""miss_deg"": 1.87, ""labels"": [259]}, {""name"": ""球M"", ""m"": 2.0153, ""q"": 0.0052, ""c"": 0.091, ""capture"": 0.057, ""share"": 0.201, ""miss_deg"": 2.39, ""labels"": [261]}, {""name"": ""苹果红"", ""m"": 0.45163, ""q"": 0.0012, ""c"": 0.1459, ""capture"": 0.008, ""share"": 0.045, ""miss_deg"": 3.11, ""labels"": [260]}, {""name"": ""水瓶"", ""m"": 0.18109, ""q"": 0.0005, ""c"": 0.5444, ""capture"": 0.001, ""share"": 0.018, ""miss_deg"": 3.76, ""labels"": [30]}]"
2026_08_20/002,c4,v9,beyond_occ,mass10,17.05,17.76,0.7,4.202,球L,259,0.664,0.0334,0.304,0.132,0.176,0.95,object#35,389.6407,1,1,6,球L,1,5,"[{""name"": ""球L"", ""m"": 12.99763, ""q"": 0.0334, ""c"": 0.1097, ""capture"": 0.304, ""share"": 0.664, ""miss_deg"": 1.54, ""labels"": [259]}, {""name"": ""苹果红"", ""m"": 2.29806, ""q"": 0.0059, ""c"": 0.1459, ""capture"": 0.04, ""share"": 0.117, ""miss_deg"": 2.53, ""labels"": [260]}, {""name"": ""球M"", ""m"": 2.19494, ""q"": 0.0056, ""c"": 0.091, ""capture"": 0.062, ""share"": 0.112, ""miss_deg"": 2.36, ""labels"": [261]}, {""name"": ""水瓶"", ""m"": 1.97343, ""q"": 0.0051, ""c"": 0.5444, ""capture"": 0.009, ""share"": 0.101, ""miss_deg"": 3.06, ""labels"": [30]}, {""name"": ""苹果粉"", ""m"": 0.09744, ""q"": 0.0003, ""c"": 0.2062, ""capture"": 0.001, ""share"": 0.005, ""miss_deg"": 3.66, ""labels"": [64]}]"
2026_08_20/002,c4,v9,beyond_occ,mass10,17.88,18.86,0.97,4.216,球L,259,0.476,0.0182,0.166,0.349,0.607,0.962,object#35,389.6407,0,0,6,球L,1,5,"[{""name"": ""球L"", ""m"": 7.07267, ""q"": 0.0182, ""c"": 0.1097, ""capture"": 0.166, ""share"": 0.476, ""miss_deg"": 1.9, ""labels"": [259]}, {""name"": ""苹果粉"", ""m"": 4.29378, ""q"": 0.011, ""c"": 0.1892, ""capture"": 0.058, ""share"": 0.289, ""miss_deg"": 2.38, ""labels"": [64]}, {""name"": ""苹果红"", ""m"": 2.03092, ""q"": 0.0052, ""c"": 0.1369, ""capture"": 0.038, ""share"": 0.137, ""miss_deg"": 2.56, ""labels"": [260]}, {""name"": ""水瓶"", ""m"": 1.19487, ""q"": 0.0031, ""c"": 0.5444, ""capture"": 0.006, ""share"": 0.08, ""miss_deg"": 3.22, ""labels"": [30]}, {""name"": ""球M"", ""m"": 0.25261, ""q"": 0.0006, ""c"": 0.091, ""capture"": 0.007, ""share"": 0.017, ""miss_deg"": 3.14, ""labels"": [261]}]"
2026_08_20/002,c4,v9,beyond_occ,mass10,18.91,22.75,3.85,4.233,球L,259,0.511,0.0631,0.693,0.452,0.452,0.877,object#35,389.6407,1,1,6,球L,1,7,"[{""name"": ""球L"", ""m"": 24.56923, ""q"": 0.0631, ""c"": 0.091, ""capture"": 0.693, ""share"": 0.511, ""miss_deg"": 0.86, ""labels"": [259]}, {""name"": ""球M"", ""m"": 11.08814, ""q"": 0.0285, ""c"": 0.091, ""capture"": 0.313, ""share"": 0.231, ""miss_deg"": 1.52, ""labels"": [261]}, {""name"": ""水瓶"", ""m"": 4.98297, ""q"": 0.0128, ""c"": 0.5338, ""capture"": 0.024, ""share"": 0.104, ""miss_deg"": 2.73, ""labels"": [30]}, {""name"": ""苹果红"", ""m"": 4.79464, ""q"": 0.0123, ""c"": 0.1369, ""capture"": 0.09, ""share"": 0.1, ""miss_deg"": 2.2, ""labels"": [260]}, {""name"": ""球R"", ""m"": 1.39757, ""q"": 0.0036, ""c"": 0.091, ""capture"": 0.039, ""share"": 0.029, ""miss_deg"": 2.54, ""labels"": [263]}, {""name"": ""白杯1"", ""m"": 0.80718, ""q"": 0.0021, ""c"": 0.2062, ""capture"": 0.01, ""share"": 0.017, ""miss_deg"": 3.03, ""labels"": [266]}, {""name"": ""苹果粉"", ""m"": 0.44778, ""q"": 0.0011, ""c"": 0.1892, ""capture"": 0.006, ""share"": 0.009, ""miss_deg"": 3.19, ""labels"": [64]}]"
2026_08_20/002,c4,v9,beyond_occ,mass10,22.81,23.08,0.27,4.259,球M,261,0.389,0.0228,0.251,0.952,0.954,0.941,物品台,389.6407,0,0,,,,6,"[{""name"": ""球M"", ""m"": 8.89518, ""q"": 0.0228, ""c"": 0.091, ""capture"": 0.251, ""share"": 0.389, ""miss_deg"": 1.66, ""labels"": [261]}, {""name"": ""球R"", ""m"": 8.49164, ""q"": 0.0218, ""c"": 0.091, ""capture"": 0.239, ""share"": 0.371, ""miss_deg"": 1.69, ""labels"": [263]}, {""name"": ""球L"", ""m"": 2.60725, ""q"": 0.0067, ""c"": 0.091, ""capture"": 0.074, ""share"": 0.114, ""miss_deg"": 2.28, ""labels"": [259]}, {""name"": ""水瓶"", ""m"": 1.81858, ""q"": 0.0047, ""c"": 0.5232, ""capture"": 0.009, ""share"": 0.08, ""miss_deg"": 3.07, ""labels"": [30]}, {""name"": ""白杯2"", ""m"": 0.63997, ""q"": 0.0016, ""c"": 0.1636, ""capture"": 0.01, ""share"": 0.028, ""miss_deg"": 3.03, ""labels"": [267]}, {""name"": ""白杯1"", ""m"": 0.42117, ""q"": 0.0011, ""c"": 0.2062, ""capture"": 0.005, ""share"": 0.018, ""miss_deg"": 3.24, ""labels"": [266]}]"
2026_08_20/002,c4,v9,beyond_occ,mass10,23.13,23.78,0.65,4.231,球L,259,0.837,0.0132,0.145,0.014,0.097,0.984,object#35,389.6407,0,0,,,,4,"[{""name"": ""球L"", ""m"": 5.15735, ""q"": 0.0132, ""c"": 0.091, ""capture"": 0.145, ""share"": 0.837, ""miss_deg"": 1.96, ""labels"": [259]}, {""name"": ""水瓶"", ""m"": 0.50188, ""q"": 0.0013, ""c"": 0.5338, ""capture"": 0.002, ""share"": 0.081, ""miss_deg"": 3.47, ""labels"": [30]}, {""name"": ""球M"", ""m"": 0.30373, ""q"": 0.0008, ""c"": 0.091, ""capture"": 0.009, ""share"": 0.049, ""miss_deg"": 3.09, ""labels"": [261]}, {""name"": ""苹果红"", ""m"": 0.20017, ""q"": 0.0005, ""c"": 0.1369, ""capture"": 0.004, ""share"": 0.032, ""miss_deg"": 3.34, ""labels"": [260]}]"
2026_08_20/002,c4,v9,beyond_occ,mass10,24.01,24.66,0.65,4.252,球M,261,0.34,0.0443,0.486,0.905,0.906,0.87,物品台,389.6407,0,0,,,,7,"[{""name"": ""球M"", ""m"": 17.24516, ""q"": 0.0443, ""c"": 0.091, ""capture"": 0.486, ""share"": 0.34, ""miss_deg"": 1.2, ""labels"": [261]}, {""name"": ""球L"", ""m"": 15.58753, ""q"": 0.04, ""c"": 0.091, ""capture"": 0.44, ""share"": 0.308, ""miss_deg"": 1.28, ""labels"": [259]}, {""name"": ""球R"", ""m"": 10.8012, ""q"": 0.0277, ""c"": 0.091, ""capture"": 0.305, ""share"": 0.213, ""miss_deg"": 1.54, ""labels"": [263]}, {""name"": ""水瓶"", ""m"": 3.86643, ""q"": 0.0099, ""c"": 0.5232, ""capture"": 0.019, ""share"": 0.076, ""miss_deg"": 2.82, ""labels"": [30]}, {""name"": ""白杯1"", ""m"": 1.93479, ""q"": 0.005, ""c"": 0.2062, ""capture"": 0.024, ""share"": 0.038, ""miss_deg"": 2.73, ""labels"": [266]}, {""name"": ""白杯2"", ""m"": 1.14068, ""q"": 0.0029, ""c"": 0.1636, ""capture"": 0.018, ""share"": 0.023, ""miss_deg"": 2.84, ""labels"": [267]}, {""name"": ""苹果红"", ""m"": 0.10362, ""q"": 0.0003, ""c"": 0.1369, ""capture"": 0.002, ""share"": 0.002, ""miss_deg"": 3.53, ""labels"": [260]}]"
2026_08_20/002,c4,v9,beyond_occ,mass10,24.93,28.4,3.47,4.256,球L,259,0.303,0.1056,1.161,0.794,0.795,0.652,物品台,389.6407,0,0,8,球L,1,10,"[{""name"": ""球L"", ""m"": 41.15045, ""q"": 0.1056, ""c"": 0.091, ""capture"": 1.161, ""share"": 0.303, ""miss_deg"": 0.0, ""labels"": [259]}, {""name"": ""球M"", ""m"": 32.69488, ""q"": 0.0839, ""c"": 0.091, ""capture"": 0.922, ""share"": 0.241, ""miss_deg"": 0.4, ""labels"": [261]}, {""name"": ""水瓶"", ""m"": 20.84414, ""q"": 0.0535, ""c"": 0.5232, ""capture"": 0.102, ""share"": 0.154, ""miss_deg"": 2.14, ""labels"": [30]}, {""name"": ""球R"", ""m"": 15.69908, ""q"": 0.0403, ""c"": 0.091, ""capture"": 0.443, ""share"": 0.116, ""miss_deg"": 1.28, ""labels"": [263]}, {""name"": ""白杯2"", ""m"": 9.81429, ""q"": 0.0252, ""c"": 0.1636, ""capture"": 0.154, ""share"": 0.072, ""miss_deg"": 1.93, ""labels"": [267]}, {""name"": ""白杯1"", ""m"": 7.60231, ""q"": 0.0195, ""c"": 0.2062, ""capture"": 0.095, ""share"": 0.056, ""miss_deg"": 2.17, ""labels"": [266]}, {""name"": ""苹果红"", ""m"": 7.33362, ""q"": 0.0188, ""c"": 0.1369, ""capture"": 0.137, ""share"": 0.054, ""miss_deg"": 1.99, ""labels"": [260]}, {""name"": ""红杯"", ""m"": 0.24852, ""q"": 0.0006, ""c"": 0.3157, ""capture"": 0.002, ""share"": 0.002, ""miss_deg"": 3.52, ""labels"": [49]}, {""name"": ""香蕉"", ""m"": 0.16503, ""q"": 0.0004, ""c"": 0.6512, ""capture"": 0.001, ""share"": 0.001, ""miss_deg"": 3.83, ""labels"": [264]}, {""name"": ""苹果粉"", ""m"": 0.08412, ""q"": 0.0002, ""c"": 0.1892, ""capture"": 0.001, ""share"": 0.001, ""miss_deg"": 3.68, ""labels"": [64]}]"
2026_08_20/002,c4,v9,beyond_occ,mass10,28.45,29.53,1.08,4.26,球M,261,0.356,0.0304,0.334,0.907,0.904,0.915,物品台,389.6407,0,0,10,球M,1,6,"[{""name"": ""球M"", ""m"": 11.85095, ""q"": 0.0304, ""c"": 0.091, ""capture"": 0.334, ""share"": 0.356, ""miss_deg"": 1.48, ""labels"": [261]}, {""name"": ""球R"", ""m"": 10.73061, ""q"": 0.0275, ""c"": 0.091, ""capture"": 0.303, ""share"": 0.322, ""miss_deg"": 1.55, ""labels"": [263]}, {""name"": ""球L"", ""m"": 5.82235, ""q"": 0.0149, ""c"": 0.091, ""capture"": 0.164, ""share"": 0.175, ""miss_deg"": 1.9, ""labels"": [259]}, {""name"": ""水瓶"", ""m"": 2.72263, ""q"": 0.007, ""c"": 0.5232, ""capture"": 0.013, ""share"": 0.082, ""miss_deg"": 2.94, ""labels"": [30]}, {""name"": ""白杯2"", ""m"": 1.11092, ""q"": 0.0029, ""c"": 0.1636, ""capture"": 0.017, ""share"": 0.033, ""miss_deg"": 2.85, ""labels"": [267]}, {""name"": ""白杯1"", ""m"": 1.05002, ""q"": 0.0027, ""c"": 0.2062, ""capture"": 0.013, ""share"": 0.032, ""miss_deg"": 2.95, ""labels"": [266]}]"
2026_08_20/002,c4,v9,beyond_occ,mass10,29.59,33.43,3.85,4.269,球L,259,0.343,0.0862,0.947,0.763,0.764,0.749,物品台,389.6407,0,0,11,球L,1,8,"[{""name"": ""球L"", ""m"": 33.57433, ""q"": 0.0862, ""c"": 0.091, ""capture"": 0.947, ""share"": 0.343, ""miss_deg"": 0.33, ""labels"": [259]}, {""name"": ""球M"", ""m"": 25.64348, ""q"": 0.0658, ""c"": 0.091, ""capture"": 0.723, ""share"": 0.262, ""miss_deg"": 0.8, ""labels"": [261]}, {""name"": ""球R"", ""m"": 12.75693, ""q"": 0.0327, ""c"": 0.091, ""capture"": 0.36, ""share"": 0.13, ""miss_deg"": 1.43, ""labels"": [263]}, {""name"": ""水瓶"", ""m"": 12.28415, ""q"": 0.0315, ""c"": 0.5232, ""capture"": 0.06, ""share"": 0.126, ""miss_deg"": 2.37, ""labels"": [30]}, {""name"": ""白杯1"", ""m"": 5.36446, ""q"": 0.0138, ""c"": 0.2062, ""capture"": 0.067, ""share"": 0.055, ""miss_deg"": 2.33, ""labels"": [266]}, {""name"": ""白杯2"", ""m"": 4.29941, ""q"": 0.011, ""c"": 0.1636, ""capture"": 0.067, ""share"": 0.044, ""miss_deg"": 2.32, ""labels"": [267]}, {""name"": ""苹果红"", ""m"": 3.82483, ""q"": 0.0098, ""c"": 0.1369, ""capture"": 0.072, ""share"": 0.039, ""miss_deg"": 2.3, ""labels"": [260]}, {""name"": ""红杯"", ""m"": 0.06542, ""q"": 0.0002, ""c"": 0.3157, ""capture"": 0.001, ""share"": 0.001, ""miss_deg"": 3.88, ""labels"": [49]}]"
2026_08_20/002,c4,v9,beyond_occ,mass10,33.65,37.22,3.57,4.283,球L,259,0.292,0.0792,0.87,0.911,0.911,0.729,物品台,389.6407,0,0,11,球L,1,7,"[{""name"": ""球L"", ""m"": 30.84221, ""q"": 0.0792, ""c"": 0.091, ""capture"": 0.87, ""share"": 0.292, ""miss_deg"": 0.53, ""labels"": [259]}, {""name"": ""球M"", ""m"": 28.11472, ""q"": 0.0722, ""c"": 0.091, ""capture"": 0.793, ""share"": 0.266, ""miss_deg"": 0.68, ""labels"": [261]}, {""name"": ""球R"", ""m"": 16.25988, ""q"": 0.0417, ""c"": 0.091, ""capture"": 0.459, ""share"": 0.154, ""miss_deg"": 1.25, ""labels"": [263]}, {""name"": ""水瓶"", ""m"": 12.37747, ""q"": 0.0318, ""c"": 0.5232, ""capture"": 0.061, ""share"": 0.117, ""miss_deg"": 2.37, ""labels"": [30]}, {""name"": ""白杯2"", ""m"": 8.112, ""q"": 0.0208, ""c"": 0.1636, ""capture"": 0.127, ""share"": 0.077, ""miss_deg"": 2.03, ""labels"": [267]}, {""name"": ""白杯1"", ""m"": 6.39324, ""q"": 0.0164, ""c"": 0.2062, ""capture"": 0.08, ""share"": 0.061, ""miss_deg"": 2.25, ""labels"": [266]}, {""name"": ""苹果红"", ""m"": 3.4323, ""q"": 0.0088, ""c"": 0.1369, ""capture"": 0.064, ""share"": 0.033, ""miss_deg"": 2.34, ""labels"": [260]}]"
2026_08_20/002,c4,v9,beyond_occ,mass10,37.37,38.29,0.92,4.288,球L,259,0.619,0.0427,0.469,0.26,0.26,0.931,object#35,389.6407,1,1,11,球L,1,6,"[{""name"": ""球L"", ""m"": 16.6186, ""q"": 0.0427, ""c"": 0.091, ""capture"": 0.469, ""share"": 0.619, ""miss_deg"": 1.23, ""labels"": [259]}, {""name"": ""球M"", ""m"": 4.31377, ""q"": 0.0111, ""c"": 0.091, ""capture"": 0.122, ""share"": 0.161, ""miss_deg"": 2.05, ""labels"": [261]}, {""name"": ""苹果红"", ""m"": 3.91638, ""q"": 0.0101, ""c"": 0.1369, ""capture"": 0.073, ""share"": 0.146, ""miss_deg"": 2.29, ""labels"": [260]}, {""name"": ""水瓶"", ""m"": 1.85603, ""q"": 0.0048, ""c"": 0.5232, ""capture"": 0.009, ""share"": 0.069, ""miss_deg"": 3.07, ""labels"": [30]}, {""name"": ""苹果粉"", ""m"": 0.08414, ""q"": 0.0002, ""c"": 0.1892, ""capture"": 0.001, ""share"": 0.003, ""miss_deg"": 3.68, ""labels"": [64]}, {""name"": ""球R"", ""m"": 0.07319, ""q"": 0.0002, ""c"": 0.091, ""capture"": 0.002, ""share"": 0.003, ""miss_deg"": 3.52, ""labels"": [263]}]"
2026_08_20/002,c4,v9,beyond_occ,mass10,38.34,42.4,4.06,4.308,球L,259,0.423,0.0986,1.083,0.418,0.418,0.767,物品台,389.6407,1,0,11,球L,1,10,"[{""name"": ""球L"", ""m"": 38.40824, ""q"": 0.0986, ""c"": 0.091, ""capture"": 1.083, ""share"": 0.423, ""miss_deg"": 0.0, ""labels"": [259]}, {""name"": ""球M"", ""m"": 16.07192, ""q"": 0.0412, ""c"": 0.091, ""capture"": 0.453, ""share"": 0.177, ""miss_deg"": 1.26, ""labels"": [261]}, {""name"": ""水瓶"", ""m"": 13.12881, ""q"": 0.0337, ""c"": 0.5232, ""capture"": 0.064, ""share"": 0.145, ""miss_deg"": 2.34, ""labels"": [30]}, {""name"": ""苹果红"", ""m"": 12.92429, ""q"": 0.0332, ""c"": 0.1369, ""capture"": 0.242, ""share"": 0.142, ""miss_deg"": 1.68, ""labels"": [260]}, {""name"": ""球R"", ""m"": 4.72745, ""q"": 0.0121, ""c"": 0.091, ""capture"": 0.133, ""share"": 0.052, ""miss_deg"": 2.01, ""labels"": [263]}, {""name"": ""白杯1"", ""m"": 3.49786, ""q"": 0.009, ""c"": 0.2062, ""capture"": 0.044, ""share"": 0.039, ""miss_deg"": 2.5, ""labels"": [266]}, {""name"": ""白杯2"", ""m"": 1.36477, ""q"": 0.0035, ""c"": 0.1636, ""capture"": 0.021, ""share"": 0.015, ""miss_deg"": 2.77, ""labels"": [267]}, {""name"": ""红杯"", ""m"": 0.5146, ""q"": 0.0013, ""c"": 0.3157, ""capture"": 0.004, ""share"": 0.006, ""miss_deg"": 3.31, ""labels"": [49]}, {""name"": ""苹果粉"", ""m"": 0.13557, ""q"": 0.0003, ""c"": 0.1636, ""capture"": 0.002, ""share"": 0.001, ""miss_deg"": 3.51, ""labels"": [64]}, {""name"": ""香蕉"", ""m"": 0.04543, ""q"": 0.0001, ""c"": 0.6386, ""capture"": 0.0, ""share"": 0.001, ""miss_deg"": 4.15, ""labels"": [264]}]"
2026_08_20/002,c4,v9,beyond_occ,mass10,42.54,47.25,4.71,4.278,球L,259,0.341,0.1014,1.115,0.449,0.677,0.703,object#35,389.6407,0,0,11,球L,1,11,"[{""name"": ""球L"", ""m"": 39.52274, ""q"": 0.1014, ""c"": 0.091, ""capture"": 1.115, ""share"": 0.341, ""miss_deg"": 0.0, ""labels"": [259]}, {""name"": ""苹果红"", ""m"": 26.71887, ""q"": 0.0686, ""c"": 0.1369, ""capture"": 0.501, ""share"": 0.231, ""miss_deg"": 1.18, ""labels"": [260]}, {""name"": ""水瓶"", ""m"": 18.35507, ""q"": 0.0471, ""c"": 0.5232, ""capture"": 0.09, ""share"": 0.158, ""miss_deg"": 2.19, ""labels"": [30]}, {""name"": ""球M"", ""m"": 11.91292, ""q"": 0.0306, ""c"": 0.091, ""capture"": 0.336, ""share"": 0.103, ""miss_deg"": 1.48, ""labels"": [261]}, {""name"": ""苹果粉"", ""m"": 10.83165, ""q"": 0.0278, ""c"": 0.1892, ""capture"": 0.147, ""share"": 0.093, ""miss_deg"": 1.96, ""labels"": [64]}, {""name"": ""白杯1"", ""m"": 2.89353, ""q"": 0.0074, ""c"": 0.2062, ""capture"": 0.036, ""share"": 0.025, ""miss_deg"": 2.58, ""labels"": [266]}, {""name"": ""球R"", ""m"": 2.32358, ""q"": 0.006, ""c"": 0.091, ""capture"": 0.066, ""share"": 0.02, ""miss_deg"": 2.33, ""labels"": [263]}, {""name"": ""白杯2"", ""m"": 1.47699, ""q"": 0.0038, ""c"": 0.1636, ""capture"": 0.023, ""share"": 0.013, ""miss_deg"": 2.74, ""labels"": [267]}, {""name"": ""红杯"", ""m"": 1.19922, ""q"": 0.0031, ""c"": 0.3157, ""capture"": 0.01, ""share"": 0.01, ""miss_deg"": 3.04, ""labels"": [49]}, {""name"": ""香蕉"", ""m"": 0.4549, ""q"": 0.0012, ""c"": 0.6428, ""capture"": 0.002, ""share"": 0.004, ""miss_deg"": 3.55, ""labels"": [264]}, {""name"": ""橘子"", ""m"": 0.17636, ""q"": 0.0005, ""c"": 0.1097, ""capture"": 0.004, ""share"": 0.002, ""miss_deg"": 3.31, ""labels"": [262]}]"
2026_08_20/002,c4,v9,beyond_occ,mass10,47.69,50.94,3.25,4.305,球L,259,0.402,0.0873,0.959,0.545,0.545,0.783,物品台,389.6407,1,0,11,球L,1,9,"[{""name"": ""球L"", ""m"": 34.00623, ""q"": 0.0873, ""c"": 0.091, ""capture"": 0.959, ""share"": 0.402, ""miss_deg"": 0.29, ""labels"": [259]}, {""name"": ""球M"", ""m"": 18.54136, ""q"": 0.0476, ""c"": 0.091, ""capture"": 0.523, ""share"": 0.219, ""miss_deg"": 1.14, ""labels"": [261]}, {""name"": ""水瓶"", ""m"": 10.9356, ""q"": 0.0281, ""c"": 0.5232, ""capture"": 0.054, ""share"": 0.129, ""miss_deg"": 2.42, ""labels"": [30]}, {""name"": ""苹果红"", ""m"": 9.57999, ""q"": 0.0246, ""c"": 0.1369, ""capture"": 0.18, ""share"": 0.113, ""miss_deg"": 1.85, ""labels"": [260]}, {""name"": ""球R"", ""m"": 5.9744, ""q"": 0.0153, ""c"": 0.091, ""capture"": 0.169, ""share"": 0.071, ""miss_deg"": 1.89, ""labels"": [263]}, {""name"": ""白杯1"", ""m"": 3.47179, ""q"": 0.0089, ""c"": 0.2062, ""capture"": 0.043, ""share"": 0.041, ""miss_deg"": 2.51, ""labels"": [266]}, {""name"": ""白杯2"", ""m"": 1.71339, ""q"": 0.0044, ""c"": 0.1636, ""capture"": 0.027, ""share"": 0.02, ""miss_deg"": 2.69, ""labels"": [267]}, {""name"": ""红杯"", ""m"": 0.29902, ""q"": 0.0008, ""c"": 0.3157, ""capture"": 0.002, ""share"": 0.004, ""miss_deg"": 3.47, ""labels"": [49]}, {""name"": ""香蕉"", ""m"": 0.10471, ""q"": 0.0003, ""c"": 0.6386, ""capture"": 0.0, ""share"": 0.001, ""miss_deg"": 3.94, ""labels"": [264]}]"
2026_08_20/002,c4,v9,beyond_occ,mass10,50.99,52.4,1.41,4.3,球L,259,0.423,0.063,0.692,0.309,0.466,0.851,object#35,389.6407,1,0,11,球L,1,9,"[{""name"": ""球L"", ""m"": 24.53278, ""q"": 0.063, ""c"": 0.091, ""capture"": 0.692, ""share"": 0.423, ""miss_deg"": 0.86, ""labels"": [259]}, {""name"": ""苹果红"", ""m"": 11.43486, ""q"": 0.0293, ""c"": 0.1369, ""capture"": 0.214, ""share"": 0.197, ""miss_deg"": 1.76, ""labels"": [260]}, {""name"": ""苹果粉"", ""m"": 9.00405, ""q"": 0.0231, ""c"": 0.1636, ""capture"": 0.141, ""share"": 0.155, ""miss_deg"": 1.98, ""labels"": [64]}, {""name"": ""水瓶"", ""m"": 6.46689, ""q"": 0.0166, ""c"": 0.5232, ""capture"": 0.032, ""share"": 0.112, ""miss_deg"": 2.63, ""labels"": [30]}, {""name"": ""球M"", ""m"": 5.61807, ""q"": 0.0144, ""c"": 0.091, ""capture"": 0.158, ""share"": 0.097, ""miss_deg"": 1.92, ""labels"": [261]}, {""name"": ""球R"", ""m"": 0.35257, ""q"": 0.0009, ""c"": 0.091, ""capture"": 0.01, ""share"": 0.006, ""miss_deg"": 3.04, ""labels"": [263]}, {""name"": ""白杯1"", ""m"": 0.27828, ""q"": 0.0007, ""c"": 0.2062, ""capture"": 0.003, ""share"": 0.005, ""miss_deg"": 3.37, ""labels"": [266]}, {""name"": ""橘子"", ""m"": 0.1309, ""q"": 0.0003, ""c"": 0.1097, ""capture"": 0.003, ""share"": 0.002, ""miss_deg"": 3.4, ""labels"": [262]}, {""name"": ""香蕉"", ""m"": 0.1255, ""q"": 0.0003, ""c"": 0.6386, ""capture"": 0.001, ""share"": 0.002, ""miss_deg"": 3.9, ""labels"": [264]}]"
2026_08_20/002,c4,v9,beyond_occ,mass10,53.04,54.85,1.81,4.295,球L,259,0.433,0.0876,0.963,0.436,0.436,0.798,物品台,389.6407,1,0,11,球L,1,10,"[{""name"": ""球L"", ""m"": 34.13822, ""q"": 0.0876, ""c"": 0.091, ""capture"": 0.963, ""share"": 0.433, ""miss_deg"": 0.28, ""labels"": [259]}, {""name"": ""球M"", ""m"": 14.90769, ""q"": 0.0383, ""c"": 0.091, ""capture"": 0.42, ""share"": 0.189, ""miss_deg"": 1.32, ""labels"": [261]}, {""name"": ""苹果红"", ""m"": 11.69782, ""q"": 0.03, ""c"": 0.1369, ""capture"": 0.219, ""share"": 0.148, ""miss_deg"": 1.74, ""labels"": [260]}, {""name"": ""水瓶"", ""m"": 10.48622, ""q"": 0.0269, ""c"": 0.5232, ""capture"": 0.051, ""share"": 0.133, ""miss_deg"": 2.44, ""labels"": [30]}, {""name"": ""球R"", ""m"": 3.83242, ""q"": 0.0098, ""c"": 0.091, ""capture"": 0.108, ""share"": 0.049, ""miss_deg"": 2.11, ""labels"": [263]}, {""name"": ""白杯1"", ""m"": 2.30165, ""q"": 0.0059, ""c"": 0.2062, ""capture"": 0.029, ""share"": 0.029, ""miss_deg"": 2.67, ""labels"": [266]}, {""name"": ""白杯2"", ""m"": 0.89042, ""q"": 0.0023, ""c"": 0.1636, ""capture"": 0.014, ""share"": 0.011, ""miss_deg"": 2.92, ""labels"": [267]}, {""name"": ""香蕉"", ""m"": 0.25343, ""q"": 0.0007, ""c"": 0.6386, ""capture"": 0.001, ""share"": 0.003, ""miss_deg"": 3.71, ""labels"": [264]}, {""name"": ""红杯"", ""m"": 0.19184, ""q"": 0.0005, ""c"": 0.3157, ""capture"": 0.002, ""share"": 0.002, ""miss_deg"": 3.6, ""labels"": [49]}, {""name"": ""苹果粉"", ""m"": 0.13556, ""q"": 0.0003, ""c"": 0.1636, ""capture"": 0.002, ""share"": 0.002, ""miss_deg"": 3.51, ""labels"": [64]}]"
2026_08_20/002,c4,v9,beyond_occ,mass10,54.9,56.1,1.19,4.288,苹果粉,64,0.397,0.06,0.317,1.385,0.665,0.849,object#35,389.6407,1,0,11,球L,0,7,"[{""name"": ""苹果粉"", ""m"": 23.38435, ""q"": 0.06, ""c"": 0.1892, ""capture"": 0.317, ""share"": 0.397, ""miss_deg"": 1.52, ""labels"": [64]}, {""name"": ""球L"", ""m"": 15.55378, ""q"": 0.0399, ""c"": 0.091, ""capture"": 0.439, ""share"": 0.264, ""miss_deg"": 1.28, ""labels"": [259]}, {""name"": ""苹果红"", ""m"": 13.35912, ""q"": 0.0343, ""c"": 0.1369, ""capture"": 0.25, ""share"": 0.227, ""miss_deg"": 1.66, ""labels"": [260]}, {""name"": ""水瓶"", ""m"": 4.27176, ""q"": 0.011, ""c"": 0.5232, ""capture"": 0.021, ""share"": 0.072, ""miss_deg"": 2.78, ""labels"": [30]}, {""name"": ""球M"", ""m"": 2.01122, ""q"": 0.0052, ""c"": 0.091, ""capture"": 0.057, ""share"": 0.034, ""miss_deg"": 2.4, ""labels"": [261]}, {""name"": ""橘子"", ""m"": 0.27579, ""q"": 0.0007, ""c"": 0.1097, ""capture"": 0.006, ""share"": 0.005, ""miss_deg"": 3.18, ""labels"": [262]}, {""name"": ""香蕉"", ""m"": 0.07317, ""q"": 0.0002, ""c"": 0.6386, ""capture"": 0.0, ""share"": 0.001, ""miss_deg"": 4.03, ""labels"": [264]}]"
2026_08_20/002,c4,v9,beyond_occ,mass10,56.31,56.96,0.65,4.292,球L,259,0.312,0.0904,0.994,0.549,0.827,0.71,object#35,389.6407,0,0,11,球L,1,11,"[{""name"": ""球L"", ""m"": 35.23827, ""q"": 0.0904, ""c"": 0.091, ""capture"": 0.994, ""share"": 0.312, ""miss_deg"": 0.11, ""labels"": [259]}, {""name"": ""苹果红"", ""m"": 29.10198, ""q"": 0.0747, ""c"": 0.1369, ""capture"": 0.546, ""share"": 0.258, ""miss_deg"": 1.1, ""labels"": [260]}, {""name"": ""苹果粉"", ""m"": 19.29664, ""q"": 0.0495, ""c"": 0.1636, ""capture"": 0.303, ""share"": 0.171, ""miss_deg"": 1.55, ""labels"": [64]}, {""name"": ""水瓶"", ""m"": 15.6817, ""q"": 0.0402, ""c"": 0.5232, ""capture"": 0.077, ""share"": 0.139, ""miss_deg"": 2.26, ""labels"": [30]}, {""name"": ""球M"", ""m"": 7.78352, ""q"": 0.02, ""c"": 0.091, ""capture"": 0.22, ""share"": 0.069, ""miss_deg"": 1.74, ""labels"": [261]}, {""name"": ""白杯1"", ""m"": 2.30535, ""q"": 0.0059, ""c"": 0.2062, ""capture"": 0.029, ""share"": 0.02, ""miss_deg"": 2.67, ""labels"": [266]}, {""name"": ""红杯"", ""m"": 0.98841, ""q"": 0.0025, ""c"": 0.3157, ""capture"": 0.008, ""share"": 0.009, ""miss_deg"": 3.11, ""labels"": [49]}, {""name"": ""香蕉"", ""m"": 0.87661, ""q"": 0.0022, ""c"": 0.6386, ""capture"": 0.004, ""share"": 0.008, ""miss_deg"": 3.36, ""labels"": [264]}, {""name"": ""球R"", ""m"": 0.8753, ""q"": 0.0022, ""c"": 0.091, ""capture"": 0.025, ""share"": 0.008, ""miss_deg"": 2.72, ""labels"": [263]}, {""name"": ""白杯2"", ""m"": 0.63256, ""q"": 0.0016, ""c"": 0.1636, ""capture"": 0.01, ""share"": 0.006, ""miss_deg"": 3.04, ""labels"": [267]}, {""name"": ""橘子"", ""m"": 0.14884, ""q"": 0.0004, ""c"": 0.1097, ""capture"": 0.003, ""share"": 0.001, ""miss_deg"": 3.36, ""labels"": [262]}]"
2026_08_20/002,c4,v9,beyond_occ,mass10,57.02,64.33,7.31,4.287,球L,259,0.305,0.1081,1.188,0.751,0.751,0.646,物品台,389.6407,0,0,11,球L,1,9,"[{""name"": ""球L"", ""m"": 42.12797, ""q"": 0.1081, ""c"": 0.091, ""capture"": 1.188, ""share"": 0.305, ""miss_deg"": 0.0, ""labels"": [259]}, {""name"": ""球M"", ""m"": 31.63859, ""q"": 0.0812, ""c"": 0.091, ""capture"": 0.892, ""share"": 0.229, ""miss_deg"": 0.48, ""labels"": [261]}, {""name"": ""水瓶"", ""m"": 19.81399, ""q"": 0.0509, ""c"": 0.5232, ""capture"": 0.097, ""share"": 0.144, ""miss_deg"": 2.16, ""labels"": [30]}, {""name"": ""球R"", ""m"": 16.02557, ""q"": 0.0411, ""c"": 0.091, ""capture"": 0.452, ""share"": 0.116, ""miss_deg"": 1.26, ""labels"": [263]}, {""name"": ""白杯2"", ""m"": 10.99576, ""q"": 0.0282, ""c"": 0.1636, ""capture"": 0.172, ""share"": 0.08, ""miss_deg"": 1.87, ""labels"": [267]}, {""name"": ""苹果红"", ""m"": 8.46317, ""q"": 0.0217, ""c"": 0.1369, ""capture"": 0.159, ""share"": 0.061, ""miss_deg"": 1.92, ""labels"": [260]}, {""name"": ""白杯1"", ""m"": 8.31977, ""q"": 0.0214, ""c"": 0.2062, ""capture"": 0.104, ""share"": 0.06, ""miss_deg"": 2.13, ""labels"": [266]}, {""name"": ""红杯"", ""m"": 0.57035, ""q"": 0.0015, ""c"": 0.3157, ""capture"": 0.005, ""share"": 0.004, ""miss_deg"": 3.28, ""labels"": [49]}, {""name"": ""苹果粉"", ""m"": 0.08413, ""q"": 0.0002, ""c"": 0.1892, ""capture"": 0.001, ""share"": 0.001, ""miss_deg"": 3.68, ""labels"": [64]}]"
2026_08_20/002,c4,v9,beyond_occ,mass10,67.86,68.24,0.38,3.531,,-1,0.0,0.0,,,,1.0,floor,389.6407,0,0,,,,0,[]
2026_08_20/002,c4,v9,beyond_occ,mass10,69.14,69.5,0.36,3.383,,-1,0.0,0.0,,,,1.0,floor,389.6407,0,0,,,,0,[]
2026_08_20/002,c4,v9,beyond_occ,mass10,69.72,70.16,0.43,3.608,,-1,0.0,0.0,,,,1.0,floor,389.6407,0,0,,,,0,[]
2026_08_20/002,c4,v9,beyond_occ,mass10,70.69,72.64,1.95,4.246,球L,259,0.359,0.1132,1.244,0.361,0.543,0.685,object#35,389.6407,1,0,,,,11,"[{""name"": ""球L"", ""m"": 44.09292, ""q"": 0.1132, ""c"": 0.091, ""capture"": 1.244, ""share"": 0.359, ""miss_deg"": 0.0, ""labels"": [259]}, {""name"": ""苹果红"", ""m"": 23.96422, ""q"": 0.0615, ""c"": 0.1369, ""capture"": 0.449, ""share"": 0.195, ""miss_deg"": 1.27, ""labels"": [260]}, {""name"": ""水瓶"", ""m"": 19.91557, ""q"": 0.0511, ""c"": 0.5232, ""capture"": 0.098, ""share"": 0.162, ""miss_deg"": 2.16, ""labels"": [30]}, {""name"": ""球M"", ""m"": 13.37321, ""q"": 0.0343, ""c"": 0.091, ""capture"": 0.377, ""share"": 0.109, ""miss_deg"": 1.4, ""labels"": [261]}, {""name"": ""苹果粉"", ""m"": 9.70341, ""q"": 0.0249, ""c"": 0.1892, ""capture"": 0.132, ""share"": 0.079, ""miss_deg"": 2.01, ""labels"": [64]}, {""name"": ""白杯1"", ""m"": 4.3116, ""q"": 0.0111, ""c"": 0.2062, ""capture"": 0.054, ""share"": 0.035, ""miss_deg"": 2.42, ""labels"": [266]}, {""name"": ""球R"", ""m"": 3.38661, ""q"": 0.0087, ""c"": 0.091, ""capture"": 0.096, ""share"": 0.028, ""miss_deg"": 2.17, ""labels"": [263]}, {""name"": ""白杯2"", ""m"": 1.89619, ""q"": 0.0049, ""c"": 0.1636, ""capture"": 0.03, ""share"": 0.015, ""miss_deg"": 2.65, ""labels"": [267]}, {""name"": ""红杯"", ""m"": 1.63895, ""q"": 0.0042, ""c"": 0.3157, ""capture"": 0.013, ""share"": 0.013, ""miss_deg"": 2.94, ""labels"": [49]}, {""name"": ""香蕉"", ""m"": 0.33372, ""q"": 0.0009, ""c"": 0.6512, ""capture"": 0.001, ""share"": 0.003, ""miss_deg"": 3.64, ""labels"": [264]}, {""name"": ""橘子"", ""m"": 0.07315, ""q"": 0.0002, ""c"": 0.1188, ""capture"": 0.002, ""share"": 0.001, ""miss_deg"": 3.59, ""labels"": [262]}]"
2026_08_20/002,c4,v9,beyond_occ,mass10,72.91,74.26,1.35,4.259,苹果红,260,0.258,0.1458,1.065,0.245,0.938,0.436,物品台,389.6407,0,0,,,,11,"[{""name"": ""苹果红"", ""m"": 56.79452, ""q"": 0.1458, ""c"": 0.1369, ""capture"": 1.065, ""share"": 0.258, ""miss_deg"": 0.0, ""labels"": [260]}, {""name"": ""水瓶"", ""m"": 53.23633, ""q"": 0.1366, ""c"": 0.5232, ""capture"": 0.261, ""share"": 0.242, ""miss_deg"": 1.64, ""labels"": [30]}, {""name"": ""球L"", ""m"": 42.11364, ""q"": 0.1081, ""c"": 0.091, ""capture"": 1.188, ""share"": 0.192, ""miss_deg"": 0.0, ""labels"": [259]}, {""name"": ""苹果粉"", ""m"": 27.32893, ""q"": 0.0701, ""c"": 0.1892, ""capture"": 0.371, ""share"": 0.124, ""miss_deg"": 1.41, ""labels"": [64]}, {""name"": ""球M"", ""m"": 12.39515, ""q"": 0.0318, ""c"": 0.091, ""capture"": 0.35, ""share"": 0.056, ""miss_deg"": 1.45, ""labels"": [261]}, {""name"": ""红杯"", ""m"": 9.14504, ""q"": 0.0235, ""c"": 0.3157, ""capture"": 0.074, ""share"": 0.042, ""miss_deg"": 2.28, ""labels"": [49]}, {""name"": ""白杯1"", ""m"": 8.10264, ""q"": 0.0208, ""c"": 0.2062, ""capture"": 0.101, ""share"": 0.037, ""miss_deg"": 2.14, ""labels"": [266]}, {""name"": ""白杯2"", ""m"": 4.70562, ""q"": 0.0121, ""c"": 0.1636, ""capture"": 0.074, ""share"": 0.021, ""miss_deg"": 2.28, ""labels"": [267]}, {""name"": ""香蕉"", ""m"": 3.69677, ""q"": 0.0095, ""c"": 0.6512, ""capture"": 0.015, ""share"": 0.017, ""miss_deg"": 2.91, ""labels"": [264]}, {""name"": ""橘子"", ""m"": 1.50128, ""q"": 0.0039, ""c"": 0.1097, ""capture"": 0.035, ""share"": 0.007, ""miss_deg"": 2.59, ""labels"": [262]}, {""name"": ""球R"", ""m"": 0.83411, ""q"": 0.0021, ""c"": 0.091, ""capture"": 0.024, ""share"": 0.004, ""miss_deg"": 2.74, ""labels"": [263]}]"
2026_08_20/002,c4,v9,beyond_occ,mass10,74.32,78.27,3.95,4.281,球L,259,0.444,0.0732,0.804,0.499,0.5,0.835,object#35,389.6407,1,0,,,,9,"[{""name"": ""球L"", ""m"": 28.50757, ""q"": 0.0732, ""c"": 0.091, ""capture"": 0.804, ""share"": 0.444, ""miss_deg"": 0.66, ""labels"": [259]}, {""name"": ""球M"", ""m"": 14.22301, ""q"": 0.0365, ""c"": 0.091, ""capture"": 0.401, ""share"": 0.222, ""miss_deg"": 1.35, ""labels"": [261]}, {""name"": ""苹果红"", ""m"": 8.62449, ""q"": 0.0221, ""c"": 0.1369, ""capture"": 0.162, ""share"": 0.134, ""miss_deg"": 1.91, ""labels"": [260]}, {""name"": ""水瓶"", ""m"": 7.48018, ""q"": 0.0192, ""c"": 0.5232, ""capture"": 0.037, ""share"": 0.117, ""miss_deg"": 2.57, ""labels"": [30]}, {""name"": ""球R"", ""m"": 2.85582, ""q"": 0.0073, ""c"": 0.091, ""capture"": 0.081, ""share"": 0.044, ""miss_deg"": 2.24, ""labels"": [263]}, {""name"": ""白杯1"", ""m"": 1.48425, ""q"": 0.0038, ""c"": 0.2062, ""capture"": 0.018, ""share"": 0.023, ""miss_deg"": 2.83, ""labels"": [266]}, {""name"": ""苹果粉"", ""m"": 0.77254, ""q"": 0.002, ""c"": 0.1892, ""capture"": 0.01, ""share"": 0.012, ""miss_deg"": 3.02, ""labels"": [64]}, {""name"": ""白杯2"", ""m"": 0.15134, ""q"": 0.0004, ""c"": 0.1636, ""capture"": 0.002, ""share"": 0.002, ""miss_deg"": 3.48, ""labels"": [267]}, {""name"": ""香蕉"", ""m"": 0.10557, ""q"": 0.0003, ""c"": 0.6428, ""capture"": 0.0, ""share"": 0.002, ""miss_deg"": 3.94, ""labels"": [264]}]"
2026_08_20/002,c4,v9,beyond_occ,mass10,78.32,78.87,0.54,4.267,球M,261,0.338,0.0403,0.443,0.939,0.938,0.881,物品台,389.6407,0,0,,,,7,"[{""name"": ""球M"", ""m"": 15.7205, ""q"": 0.0403, ""c"": 0.091, ""capture"": 0.443, ""share"": 0.338, ""miss_deg"": 1.28, ""labels"": [261]}, {""name"": ""球L"", ""m"": 14.7377, ""q"": 0.0378, ""c"": 0.091, ""capture"": 0.416, ""share"": 0.317, ""miss_deg"": 1.33, ""labels"": [259]}, {""name"": ""球R"", ""m"": 9.47105, ""q"": 0.0243, ""c"": 0.091, ""capture"": 0.267, ""share"": 0.203, ""miss_deg"": 1.62, ""labels"": [263]}, {""name"": ""水瓶"", ""m"": 3.80323, ""q"": 0.0098, ""c"": 0.5232, ""capture"": 0.019, ""share"": 0.082, ""miss_deg"": 2.82, ""labels"": [30]}, {""name"": ""白杯1"", ""m"": 1.72821, ""q"": 0.0044, ""c"": 0.2062, ""capture"": 0.022, ""share"": 0.037, ""miss_deg"": 2.77, ""labels"": [266]}, {""name"": ""白杯2"", ""m"": 1.00519, ""q"": 0.0026, ""c"": 0.1636, ""capture"": 0.016, ""share"": 0.022, ""miss_deg"": 2.88, ""labels"": [267]}, {""name"": ""苹果红"", ""m"": 0.09187, ""q"": 0.0002, ""c"": 0.1369, ""capture"": 0.002, ""share"": 0.002, ""miss_deg"": 3.57, ""labels"": [260]}]"
2026_08_20/002,c4,v9,beyond_occ,mass10,78.92,80.6,1.68,4.235,球L,259,0.422,0.1001,1.1,0.417,0.417,0.763,物品台,389.6407,1,0,,,,9,"[{""name"": ""球L"", ""m"": 39.01495, ""q"": 0.1001, ""c"": 0.091, ""capture"": 1.1, ""share"": 0.422, ""miss_deg"": 0.0, ""labels"": [259]}, {""name"": ""球M"", ""m"": 16.27565, ""q"": 0.0418, ""c"": 0.091, ""capture"": 0.459, ""share"": 0.176, ""miss_deg"": 1.25, ""labels"": [261]}, {""name"": ""苹果红"", ""m"": 13.48785, ""q"": 0.0346, ""c"": 0.1369, ""capture"": 0.253, ""share"": 0.146, ""miss_deg"": 1.66, ""labels"": [260]}, {""name"": ""水瓶"", ""m"": 13.26805, ""q"": 0.0341, ""c"": 0.5338, ""capture"": 0.064, ""share"": 0.144, ""miss_deg"": 2.35, ""labels"": [30]}, {""name"": ""球R"", ""m"": 4.80384, ""q"": 0.0123, ""c"": 0.091, ""capture"": 0.135, ""share"": 0.052, ""miss_deg"": 2.0, ""labels"": [263]}, {""name"": ""白杯1"", ""m"": 3.16256, ""q"": 0.0081, ""c"": 0.2062, ""capture"": 0.039, ""share"": 0.034, ""miss_deg"": 2.54, ""labels"": [266]}, {""name"": ""白杯2"", ""m"": 1.08844, ""q"": 0.0028, ""c"": 0.1636, ""capture"": 0.017, ""share"": 0.012, ""miss_deg"": 2.85, ""labels"": [267]}, {""name"": ""苹果粉"", ""m"": 0.91588, ""q"": 0.0024, ""c"": 0.1892, ""capture"": 0.012, ""share"": 0.01, ""miss_deg"": 2.96, ""labels"": [64]}, {""name"": ""红杯"", ""m"": 0.42925, ""q"": 0.0011, ""c"": 0.3157, ""capture"": 0.003, ""share"": 0.005, ""miss_deg"": 3.36, ""labels"": [49]}]"
2026_08_20/002,c4,v9,beyond_occ,mass10,80.72,81.47,0.76,4.251,球L,259,0.347,0.0925,1.017,0.691,0.692,0.733,物品台,389.6407,0,0,,,,9,"[{""name"": ""球L"", ""m"": 36.06101, ""q"": 0.0925, ""c"": 0.091, ""capture"": 1.017, ""share"": 0.347, ""miss_deg"": 0.0, ""labels"": [259]}, {""name"": ""球M"", ""m"": 24.93893, ""q"": 0.064, ""c"": 0.091, ""capture"": 0.703, ""share"": 0.24, ""miss_deg"": 0.84, ""labels"": [261]}, {""name"": ""水瓶"", ""m"": 14.17947, ""q"": 0.0364, ""c"": 0.5232, ""capture"": 0.07, ""share"": 0.136, ""miss_deg"": 2.31, ""labels"": [30]}, {""name"": ""球R"", ""m"": 11.22934, ""q"": 0.0288, ""c"": 0.091, ""capture"": 0.317, ""share"": 0.108, ""miss_deg"": 1.52, ""labels"": [263]}, {""name"": ""苹果红"", ""m"": 6.6684, ""q"": 0.0171, ""c"": 0.1369, ""capture"": 0.125, ""share"": 0.064, ""miss_deg"": 2.04, ""labels"": [260]}, {""name"": ""白杯2"", ""m"": 5.65985, ""q"": 0.0145, ""c"": 0.1636, ""capture"": 0.089, ""share"": 0.054, ""miss_deg"": 2.2, ""labels"": [267]}, {""name"": ""白杯1"", ""m"": 4.86875, ""q"": 0.0125, ""c"": 0.2062, ""capture"": 0.061, ""share"": 0.047, ""miss_deg"": 2.37, ""labels"": [266]}, {""name"": ""红杯"", ""m"": 0.27038, ""q"": 0.0007, ""c"": 0.3157, ""capture"": 0.002, ""share"": 0.003, ""miss_deg"": 3.5, ""labels"": [49]}, {""name"": ""香蕉"", ""m"": 0.06653, ""q"": 0.0002, ""c"": 0.6512, ""capture"": 0.0, ""share"": 0.001, ""miss_deg"": 4.06, ""labels"": [264]}]"
2026_08_20/002,c4,v9,beyond_occ,mass10,81.74,82.01,0.27,4.278,球R,263,0.376,0.0359,0.395,0.873,0.875,0.904,物品台,389.6407,0,0,,,,6,"[{""name"": ""球R"", ""m"": 14.00676, ""q"": 0.0359, ""c"": 0.091, ""capture"": 0.395, ""share"": 0.376, ""miss_deg"": 1.36, ""labels"": [263]}, {""name"": ""球M"", ""m"": 12.24191, ""q"": 0.0314, ""c"": 0.091, ""capture"": 0.345, ""share"": 0.329, ""miss_deg"": 1.46, ""labels"": [261]}, {""name"": ""球L"", ""m"": 4.61587, ""q"": 0.0118, ""c"": 0.091, ""capture"": 0.13, ""share"": 0.124, ""miss_deg"": 2.02, ""labels"": [259]}, {""name"": ""水瓶"", ""m"": 2.80426, ""q"": 0.0072, ""c"": 0.5232, ""capture"": 0.014, ""share"": 0.075, ""miss_deg"": 2.93, ""labels"": [30]}, {""name"": ""白杯2"", ""m"": 2.76709, ""q"": 0.0071, ""c"": 0.1636, ""capture"": 0.043, ""share"": 0.074, ""miss_deg"": 2.5, ""labels"": [267]}, {""name"": ""白杯1"", ""m"": 0.80603, ""q"": 0.0021, ""c"": 0.2062, ""capture"": 0.01, ""share"": 0.022, ""miss_deg"": 3.03, ""labels"": [266]}]"
2026_08_20/002,c4,v9,beyond_occ,mass10,82.07,82.61,0.54,4.279,球L,259,0.334,0.0847,0.931,0.738,0.74,0.747,物品台,389.6407,0,0,,,,8,"[{""name"": ""球L"", ""m"": 33.01949, ""q"": 0.0847, ""c"": 0.091, ""capture"": 0.931, ""share"": 0.334, ""miss_deg"": 0.38, ""labels"": [259]}, {""name"": ""球M"", ""m"": 24.34357, ""q"": 0.0625, ""c"": 0.091, ""capture"": 0.687, ""share"": 0.247, ""miss_deg"": 0.87, ""labels"": [261]}, {""name"": ""球R"", ""m"": 12.55083, ""q"": 0.0322, ""c"": 0.091, ""capture"": 0.354, ""share"": 0.127, ""miss_deg"": 1.44, ""labels"": [263]}, {""name"": ""水瓶"", ""m"": 11.98205, ""q"": 0.0308, ""c"": 0.5232, ""capture"": 0.059, ""share"": 0.121, ""miss_deg"": 2.38, ""labels"": [30]}, {""name"": ""白杯2"", ""m"": 5.8592, ""q"": 0.015, ""c"": 0.1636, ""capture"": 0.092, ""share"": 0.059, ""miss_deg"": 2.18, ""labels"": [267]}, {""name"": ""苹果红"", ""m"": 5.53496, ""q"": 0.0142, ""c"": 0.1369, ""capture"": 0.104, ""share"": 0.056, ""miss_deg"": 2.13, ""labels"": [260]}, {""name"": ""白杯1"", ""m"": 5.32031, ""q"": 0.0137, ""c"": 0.2062, ""capture"": 0.066, ""share"": 0.054, ""miss_deg"": 2.33, ""labels"": [266]}, {""name"": ""红杯"", ""m"": 0.10955, ""q"": 0.0003, ""c"": 0.3157, ""capture"": 0.001, ""share"": 0.001, ""miss_deg"": 3.75, ""labels"": [49]}]"
2026_08_20/002,c4,v9,beyond_occ,mass10,82.98,83.44,0.46,4.291,球M,261,0.369,0.0322,0.354,0.952,0.951,0.913,物品台,389.6407,0,0,,,,6,"[{""name"": ""球M"", ""m"": 12.55402, ""q"": 0.0322, ""c"": 0.091, ""capture"": 0.354, ""share"": 0.369, ""miss_deg"": 1.44, ""labels"": [261]}, {""name"": ""球R"", ""m"": 11.94463, ""q"": 0.0307, ""c"": 0.091, ""capture"": 0.337, ""share"": 0.351, ""miss_deg"": 1.48, ""labels"": [263]}, {""name"": ""球L"", ""m"": 4.44291, ""q"": 0.0114, ""c"": 0.091, ""capture"": 0.125, ""share"": 0.131, ""miss_deg"": 2.04, ""labels"": [259]}, {""name"": ""白杯2"", ""m"": 2.12109, ""q"": 0.0054, ""c"": 0.1636, ""capture"": 0.033, ""share"": 0.062, ""miss_deg"": 2.61, ""labels"": [267]}, {""name"": ""水瓶"", ""m"": 1.99305, ""q"": 0.0051, ""c"": 0.5232, ""capture"": 0.01, ""share"": 0.059, ""miss_deg"": 3.04, ""labels"": [30]}, {""name"": ""白杯1"", ""m"": 0.98231, ""q"": 0.0025, ""c"": 0.2062, ""capture"": 0.012, ""share"": 0.029, ""miss_deg"": 2.97, ""labels"": [266]}]"
2026_08_20/002,c4,v9,beyond_occ,mass10,83.5,86.31,2.82,4.246,球L,259,0.396,0.0966,1.061,0.56,0.561,0.756,物品台,389.6407,1,0,,,,10,"[{""name"": ""球L"", ""m"": 37.62651, ""q"": 0.0966, ""c"": 0.091, ""capture"": 1.061, ""share"": 0.396, ""miss_deg"": 0.0, ""labels"": [259]}, {""name"": ""球M"", ""m"": 21.06106, ""q"": 0.0541, ""c"": 0.091, ""capture"": 0.594, ""share"": 0.222, ""miss_deg"": 1.02, ""labels"": [261]}, {""name"": ""水瓶"", ""m"": 12.59135, ""q"": 0.0323, ""c"": 0.5232, ""capture"": 0.062, ""share"": 0.133, ""miss_deg"": 2.36, ""labels"": [30]}, {""name"": ""球R"", ""m"": 8.4209, ""q"": 0.0216, ""c"": 0.091, ""capture"": 0.238, ""share"": 0.089, ""miss_deg"": 1.7, ""labels"": [263]}, {""name"": ""苹果红"", ""m"": 7.80846, ""q"": 0.02, ""c"": 0.1369, ""capture"": 0.146, ""share"": 0.082, ""miss_deg"": 1.96, ""labels"": [260]}, {""name"": ""白杯1"", ""m"": 3.91528, ""q"": 0.01, ""c"": 0.2062, ""capture"": 0.049, ""share"": 0.041, ""miss_deg"": 2.46, ""labels"": [266]}, {""name"": ""白杯2"", ""m"": 2.81447, ""q"": 0.0072, ""c"": 0.1636, ""capture"": 0.044, ""share"": 0.03, ""miss_deg"": 2.5, ""labels"": [267]}, {""name"": ""红杯"", ""m"": 0.33798, ""q"": 0.0009, ""c"": 0.3157, ""capture"": 0.003, ""share"": 0.004, ""miss_deg"": 3.43, ""labels"": [49]}, {""name"": ""苹果粉"", ""m"": 0.26961, ""q"": 0.0007, ""c"": 0.1892, ""capture"": 0.004, ""share"": 0.003, ""miss_deg"": 3.35, ""labels"": [64]}, {""name"": ""香蕉"", ""m"": 0.12385, ""q"": 0.0003, ""c"": 0.6512, ""capture"": 0.0, ""share"": 0.001, ""miss_deg"": 3.91, ""labels"": [264]}]"
2026_08_20/002,c4,v9,beyond_occ,mass10,86.59,86.97,0.38,4.266,球L,259,0.367,0.1232,1.354,0.079,0.458,0.665,物品台,389.6407,1,0,,,,10,"[{""name"": ""球L"", ""m"": 48.02237, ""q"": 0.1232, ""c"": 0.091, ""capture"": 1.354, ""share"": 0.367, ""miss_deg"": 0.0, ""labels"": [259]}, {""name"": ""水瓶"", ""m"": 21.90969, ""q"": 0.0562, ""c"": 0.5232, ""capture"": 0.107, ""share"": 0.168, ""miss_deg"": 2.11, ""labels"": [30]}, {""name"": ""苹果红"", ""m"": 20.76543, ""q"": 0.0533, ""c"": 0.1369, ""capture"": 0.389, ""share"": 0.159, ""miss_deg"": 1.37, ""labels"": [260]}, {""name"": ""球M"", ""m"": 19.72485, ""q"": 0.0506, ""c"": 0.091, ""capture"": 0.556, ""share"": 0.151, ""miss_deg"": 1.08, ""labels"": [261]}, {""name"": ""白杯1"", ""m"": 6.30271, ""q"": 0.0162, ""c"": 0.2062, ""capture"": 0.078, ""share"": 0.048, ""miss_deg"": 2.26, ""labels"": [266]}, {""name"": ""球R"", ""m"": 6.12981, ""q"": 0.0157, ""c"": 0.091, ""capture"": 0.173, ""share"": 0.047, ""miss_deg"": 1.87, ""labels"": [263]}, {""name"": ""白杯2"", ""m"": 3.53834, ""q"": 0.0091, ""c"": 0.1636, ""capture"": 0.056, ""share"": 0.027, ""miss_deg"": 2.4, ""labels"": [267]}, {""name"": ""苹果粉"", ""m"": 2.65389, ""q"": 0.0068, ""c"": 0.1892, ""capture"": 0.036, ""share"": 0.02, ""miss_deg"": 2.58, ""labels"": [64]}, {""name"": ""红杯"", ""m"": 1.61415, ""q"": 0.0041, ""c"": 0.3157, ""capture"": 0.013, ""share"": 0.012, ""miss_deg"": 2.94, ""labels"": [49]}, {""name"": ""香蕉"", ""m"": 0.06274, ""q"": 0.0002, ""c"": 0.6512, ""capture"": 0.0, ""share"": 0.0, ""miss_deg"": 4.08, ""labels"": [264]}]"
2026_08_20/002,c4,v9,beyond_occ,mass10,87.03,87.57,0.54,4.266,球R,263,0.275,0.0852,0.937,0.972,0.971,0.69,物品台,389.6407,0,0,,,,7,"[{""name"": ""球R"", ""m"": 33.20721, ""q"": 0.0852, ""c"": 0.091, ""capture"": 0.937, ""share"": 0.275, ""miss_deg"": 0.36, ""labels"": [263]}, {""name"": ""球M"", ""m"": 32.30383, ""q"": 0.0829, ""c"": 0.091, ""capture"": 0.911, ""share"": 0.267, ""miss_deg"": 0.43, ""labels"": [261]}, {""name"": ""球L"", ""m"": 20.38884, ""q"": 0.0523, ""c"": 0.091, ""capture"": 0.575, ""share"": 0.169, ""miss_deg"": 1.05, ""labels"": [259]}, {""name"": ""白杯2"", ""m"": 18.17029, ""q"": 0.0466, ""c"": 0.1636, ""capture"": 0.285, ""share"": 0.15, ""miss_deg"": 1.58, ""labels"": [267]}, {""name"": ""水瓶"", ""m"": 9.43016, ""q"": 0.0242, ""c"": 0.5232, ""capture"": 0.046, ""share"": 0.078, ""miss_deg"": 2.48, ""labels"": [30]}, {""name"": ""白杯1"", ""m"": 7.29983, ""q"": 0.0187, ""c"": 0.2062, ""capture"": 0.091, ""share"": 0.06, ""miss_deg"": 2.19, ""labels"": [266]}, {""name"": ""苹果红"", ""m"": 0.15246, ""q"": 0.0004, ""c"": 0.1369, ""capture"": 0.003, ""share"": 0.001, ""miss_deg"": 3.42, ""labels"": [260]}]"
2026_08_20/002,c4,v9,beyond_occ,mass10,87.62,94.5,6.88,4.267,球L,259,0.326,0.102,1.121,0.736,0.736,0.687,物品台,389.6407,0,0,,,,8,"[{""name"": ""球L"", ""m"": 39.73473, ""q"": 0.102, ""c"": 0.091, ""capture"": 1.121, ""share"": 0.326, ""miss_deg"": 0.0, ""labels"": [259]}, {""name"": ""球M"", ""m"": 29.25768, ""q"": 0.0751, ""c"": 0.091, ""capture"": 0.825, ""share"": 0.24, ""miss_deg"": 0.62, ""labels"": [261]}, {""name"": ""水瓶"", ""m"": 18.39651, ""q"": 0.0472, ""c"": 0.5232, ""capture"": 0.09, ""share"": 0.151, ""miss_deg"": 2.19, ""labels"": [30]}, {""name"": ""球R"", ""m"": 13.33081, ""q"": 0.0342, ""c"": 0.091, ""capture"": 0.376, ""share"": 0.109, ""miss_deg"": 1.4, ""labels"": [263]}, {""name"": ""苹果红"", ""m"": 7.12905, ""q"": 0.0183, ""c"": 0.1369, ""capture"": 0.134, ""share"": 0.058, ""miss_deg"": 2.01, ""labels"": [260]}, {""name"": ""白杯2"", ""m"": 7.02022, ""q"": 0.018, ""c"": 0.1636, ""capture"": 0.11, ""share"": 0.058, ""miss_deg"": 2.1, ""labels"": [267]}, {""name"": ""白杯1"", ""m"": 6.76943, ""q"": 0.0174, ""c"": 0.2062, ""capture"": 0.084, ""share"": 0.055, ""miss_deg"": 2.22, ""labels"": [266]}, {""name"": ""红杯"", ""m"": 0.35313, ""q"": 0.0009, ""c"": 0.3157, ""capture"": 0.003, ""share"": 0.003, ""miss_deg"": 3.42, ""labels"": [49]}]"
2026_08_20/002,c4,v9,beyond_occ,mass10,94.64,95.18,0.54,4.247,球L,259,0.473,0.0423,0.465,0.265,0.397,0.91,object#35,389.6407,1,0,,,,6,"[{""name"": ""球L"", ""m"": 16.48952, ""q"": 0.0423, ""c"": 0.091, ""capture"": 0.465, ""share"": 0.473, ""miss_deg"": 1.24, ""labels"": [259]}, {""name"": ""苹果红"", ""m"": 6.5585, ""q"": 0.0168, ""c"": 0.1369, ""capture"": 0.123, ""share"": 0.188, ""miss_deg"": 2.05, ""labels"": [260]}, {""name"": ""苹果粉"", ""m"": 4.82367, ""q"": 0.0124, ""c"": 0.1892, ""capture"": 0.065, ""share"": 0.138, ""miss_deg"": 2.34, ""labels"": [64]}, {""name"": ""水瓶"", ""m"": 3.79511, ""q"": 0.0097, ""c"": 0.5232, ""capture"": 0.019, ""share"": 0.109, ""miss_deg"": 2.82, ""labels"": [30]}, {""name"": ""球M"", ""m"": 3.19641, ""q"": 0.0082, ""c"": 0.091, ""capture"": 0.09, ""share"": 0.092, ""miss_deg"": 2.19, ""labels"": [261]}, {""name"": ""橘子"", ""m"": 0.02926, ""q"": 0.0001, ""c"": 0.1097, ""capture"": 0.001, ""share"": 0.001, ""miss_deg"": 3.82, ""labels"": [262]}]"
2026_08_20/002,c4,v9,beyond_occ,mass10,95.24,96.11,0.87,4.28,球L,259,0.387,0.1011,1.111,0.301,0.452,0.739,物品台,389.6407,1,0,,,,10,"[{""name"": ""球L"", ""m"": 39.3745, ""q"": 0.1011, ""c"": 0.091, ""capture"": 1.111, ""share"": 0.387, ""miss_deg"": 0.0, ""labels"": [259]}, {""name"": ""苹果红"", ""m"": 17.81947, ""q"": 0.0457, ""c"": 0.1369, ""capture"": 0.334, ""share"": 0.175, ""miss_deg"": 1.48, ""labels"": [260]}, {""name"": ""水瓶"", ""m"": 16.26584, ""q"": 0.0417, ""c"": 0.5232, ""capture"": 0.08, ""share"": 0.16, ""miss_deg"": 2.25, ""labels"": [30]}, {""name"": ""球M"", ""m"": 15.84348, ""q"": 0.0407, ""c"": 0.091, ""capture"": 0.447, ""share"": 0.156, ""miss_deg"": 1.27, ""labels"": [261]}, {""name"": ""球R"", ""m"": 4.65957, ""q"": 0.012, ""c"": 0.091, ""capture"": 0.131, ""share"": 0.046, ""miss_deg"": 2.01, ""labels"": [263]}, {""name"": ""白杯1"", ""m"": 3.0074, ""q"": 0.0077, ""c"": 0.2062, ""capture"": 0.037, ""share"": 0.03, ""miss_deg"": 2.56, ""labels"": [266]}, {""name"": ""白杯2"", ""m"": 2.09942, ""q"": 0.0054, ""c"": 0.1636, ""capture"": 0.033, ""share"": 0.021, ""miss_deg"": 2.61, ""labels"": [267]}, {""name"": ""苹果粉"", ""m"": 1.87608, ""q"": 0.0048, ""c"": 0.1892, ""capture"": 0.025, ""share"": 0.018, ""miss_deg"": 2.71, ""labels"": [64]}, {""name"": ""红杯"", ""m"": 0.53444, ""q"": 0.0014, ""c"": 0.3157, ""capture"": 0.004, ""share"": 0.005, ""miss_deg"": 3.3, ""labels"": [49]}, {""name"": ""香蕉"", ""m"": 0.2934, ""q"": 0.0008, ""c"": 0.6428, ""capture"": 0.001, ""share"": 0.003, ""miss_deg"": 3.67, ""labels"": [264]}]"
2026_08_20/002,c4,v9,beyond_occ,mass10,96.16,96.54,0.38,4.3,球M,261,0.364,0.0375,0.412,0.731,0.731,0.897,物品台,389.6407,0,0,,,,6,"[{""name"": ""球M"", ""m"": 14.60633, ""q"": 0.0375, ""c"": 0.091, ""capture"": 0.412, ""share"": 0.364, ""miss_deg"": 1.33, ""labels"": [261]}, {""name"": ""球R"", ""m"": 10.68835, ""q"": 0.0274, ""c"": 0.091, ""capture"": 0.301, ""share"": 0.266, ""miss_deg"": 1.55, ""labels"": [263]}, {""name"": ""球L"", ""m"": 10.52968, ""q"": 0.027, ""c"": 0.091, ""capture"": 0.297, ""share"": 0.262, ""miss_deg"": 1.56, ""labels"": [259]}, {""name"": ""水瓶"", ""m"": 1.93078, ""q"": 0.005, ""c"": 0.5232, ""capture"": 0.009, ""share"": 0.048, ""miss_deg"": 3.05, ""labels"": [30]}, {""name"": ""白杯1"", ""m"": 1.22974, ""q"": 0.0032, ""c"": 0.2062, ""capture"": 0.015, ""share"": 0.031, ""miss_deg"": 2.89, ""labels"": [266]}, {""name"": ""白杯2"", ""m"": 1.18438, ""q"": 0.003, ""c"": 0.1636, ""capture"": 0.019, ""share"": 0.029, ""miss_deg"": 2.82, ""labels"": [267]}]"
2026_08_20/002,c4,v9,beyond_occ,mass10,96.59,98.11,1.52,4.306,球L,259,0.601,0.0287,0.316,0.494,0.494,0.952,object#35,389.6407,1,1,,,,5,"[{""name"": ""球L"", ""m"": 11.18882, ""q"": 0.0287, ""c"": 0.091, ""capture"": 0.316, ""share"": 0.601, ""miss_deg"": 1.52, ""labels"": [259]}, {""name"": ""球M"", ""m"": 5.53117, ""q"": 0.0142, ""c"": 0.091, ""capture"": 0.156, ""share"": 0.297, ""miss_deg"": 1.93, ""labels"": [261]}, {""name"": ""苹果红"", ""m"": 0.9408, ""q"": 0.0024, ""c"": 0.1369, ""capture"": 0.018, ""share"": 0.051, ""miss_deg"": 2.84, ""labels"": [260]}, {""name"": ""水瓶"", ""m"": 0.83742, ""q"": 0.0021, ""c"": 0.5232, ""capture"": 0.004, ""share"": 0.045, ""miss_deg"": 3.32, ""labels"": [30]}, {""name"": ""球R"", ""m"": 0.11704, ""q"": 0.0003, ""c"": 0.091, ""capture"": 0.003, ""share"": 0.006, ""miss_deg"": 3.38, ""labels"": [263]}]"
2026_08_20/002,c4,v9,beyond_occ,mass10,98.22,99.5,1.28,4.323,球L,259,0.478,0.0559,0.614,0.575,0.575,0.883,object#35,389.6407,1,0,,,,6,"[{""name"": ""球L"", ""m"": 21.76747, ""q"": 0.0559, ""c"": 0.091, ""capture"": 0.614, ""share"": 0.478, ""miss_deg"": 0.99, ""labels"": [259]}, {""name"": ""球M"", ""m"": 12.49826, ""q"": 0.0321, ""c"": 0.091, ""capture"": 0.353, ""share"": 0.275, ""miss_deg"": 1.44, ""labels"": [261]}, {""name"": ""水瓶"", ""m"": 4.25265, ""q"": 0.0109, ""c"": 0.5232, ""capture"": 0.021, ""share"": 0.093, ""miss_deg"": 2.78, ""labels"": [30]}, {""name"": ""苹果红"", ""m"": 3.19209, ""q"": 0.0082, ""c"": 0.1369, ""capture"": 0.06, ""share"": 0.07, ""miss_deg"": 2.37, ""labels"": [260]}, {""name"": ""球R"", ""m"": 2.9243, ""q"": 0.0075, ""c"": 0.091, ""capture"": 0.082, ""share"": 0.064, ""miss_deg"": 2.23, ""labels"": [263]}, {""name"": ""白杯1"", ""m"": 0.88266, ""q"": 0.0023, ""c"": 0.2062, ""capture"": 0.011, ""share"": 0.019, ""miss_deg"": 3.0, ""labels"": [266]}]"
2026_08_20/002,c4,v9,beyond_occ,mass10,99.56,102.21,2.65,4.348,球M,261,0.292,0.0642,0.706,0.953,0.955,0.78,物品台,389.6407,0,0,12,球M,1,7,"[{""name"": ""球M"", ""m"": 25.02755, ""q"": 0.0642, ""c"": 0.091, ""capture"": 0.706, ""share"": 0.292, ""miss_deg"": 0.83, ""labels"": [261]}, {""name"": ""球L"", ""m"": 23.8688, ""q"": 0.0613, ""c"": 0.091, ""capture"": 0.673, ""share"": 0.279, ""miss_deg"": 0.89, ""labels"": [259]}, {""name"": ""球R"", ""m"": 16.8138, ""q"": 0.0432, ""c"": 0.091, ""capture"": 0.474, ""share"": 0.196, ""miss_deg"": 1.22, ""labels"": [263]}, {""name"": ""水瓶"", ""m"": 7.42377, ""q"": 0.0191, ""c"": 0.5012, ""capture"": 0.038, ""share"": 0.087, ""miss_deg"": 2.56, ""labels"": [30]}, {""name"": ""白杯2"", ""m"": 6.44577, ""q"": 0.0165, ""c"": 0.1636, ""capture"": 0.101, ""share"": 0.075, ""miss_deg"": 2.14, ""labels"": [267]}, {""name"": ""白杯1"", ""m"": 5.2681, ""q"": 0.0135, ""c"": 0.2062, ""capture"": 0.066, ""share"": 0.062, ""miss_deg"": 2.33, ""labels"": [266]}, {""name"": ""苹果红"", ""m"": 0.74274, ""q"": 0.0019, ""c"": 0.1188, ""capture"": 0.016, ""share"": 0.009, ""miss_deg"": 2.87, ""labels"": [260]}]"
2026_08_20/002,c4,v9,beyond_occ,mass10,102.26,107.25,4.98,4.285,球L,259,0.373,0.1004,1.104,0.489,0.491,0.731,物品台,389.6407,1,0,,,,9,"[{""name"": ""球L"", ""m"": 39.12761, ""q"": 0.1004, ""c"": 0.091, ""capture"": 1.104, ""share"": 0.373, ""miss_deg"": 0.0, ""labels"": [259]}, {""name"": ""球M"", ""m"": 19.14391, ""q"": 0.0491, ""c"": 0.091, ""capture"": 0.54, ""share"": 0.183, ""miss_deg"": 1.11, ""labels"": [261]}, {""name"": ""水瓶"", ""m"": 15.80814, ""q"": 0.0406, ""c"": 0.5232, ""capture"": 0.078, ""share"": 0.151, ""miss_deg"": 2.26, ""labels"": [30]}, {""name"": ""苹果红"", ""m"": 14.90797, ""q"": 0.0383, ""c"": 0.1369, ""capture"": 0.279, ""share"": 0.142, ""miss_deg"": 1.6, ""labels"": [260]}, {""name"": ""球R"", ""m"": 5.94085, ""q"": 0.0152, ""c"": 0.091, ""capture"": 0.168, ""share"": 0.057, ""miss_deg"": 1.89, ""labels"": [263]}, {""name"": ""白杯1"", ""m"": 5.31869, ""q"": 0.0137, ""c"": 0.2062, ""capture"": 0.066, ""share"": 0.051, ""miss_deg"": 2.33, ""labels"": [266]}, {""name"": ""白杯2"", ""m"": 3.54304, ""q"": 0.0091, ""c"": 0.1636, ""capture"": 0.056, ""share"": 0.034, ""miss_deg"": 2.4, ""labels"": [267]}, {""name"": ""红杯"", ""m"": 0.72813, ""q"": 0.0019, ""c"": 0.3157, ""capture"": 0.006, ""share"": 0.007, ""miss_deg"": 3.2, ""labels"": [49]}, {""name"": ""香蕉"", ""m"": 0.26628, ""q"": 0.0007, ""c"": 0.6428, ""capture"": 0.001, ""share"": 0.003, ""miss_deg"": 3.7, ""labels"": [264]}]"
2026_08_20/002,c4,v9,beyond_occ,mass10,107.48,109.22,1.74,4.329,球R,263,0.298,0.0956,1.05,0.822,0.822,0.679,物品台,389.6407,0,0,13,球R,1,7,"[{""name"": ""球R"", ""m"": 37.24407, ""q"": 0.0956, ""c"": 0.091, ""capture"": 1.05, ""share"": 0.298, ""miss_deg"": 0.0, ""labels"": [263]}, {""name"": ""球M"", ""m"": 30.58204, ""q"": 0.0785, ""c"": 0.091, ""capture"": 0.863, ""share"": 0.245, ""miss_deg"": 0.54, ""labels"": [261]}, {""name"": ""白杯2"", ""m"": 23.73769, ""q"": 0.0609, ""c"": 0.1636, ""capture"": 0.372, ""share"": 0.19, ""miss_deg"": 1.41, ""labels"": [267]}, {""name"": ""球L"", ""m"": 15.00309, ""q"": 0.0385, ""c"": 0.091, ""capture"": 0.423, ""share"": 0.12, ""miss_deg"": 1.31, ""labels"": [259]}, {""name"": ""水瓶"", ""m"": 9.6811, ""q"": 0.0248, ""c"": 0.5232, ""capture"": 0.047, ""share"": 0.077, ""miss_deg"": 2.47, ""labels"": [30]}, {""name"": ""白杯1"", ""m"": 8.61123, ""q"": 0.0221, ""c"": 0.2062, ""capture"": 0.107, ""share"": 0.069, ""miss_deg"": 2.11, ""labels"": [266]}, {""name"": ""红杯"", ""m"": 0.13858, ""q"": 0.0004, ""c"": 0.3157, ""capture"": 0.001, ""share"": 0.001, ""miss_deg"": 3.68, ""labels"": [49]}]"
2026_08_20/002,c4,v9,beyond_occ,mass10,109.44,113.19,3.75,4.325,球L,259,0.378,0.0936,1.028,0.605,0.606,0.753,物品台,389.6407,1,0,,,,10,"[{""name"": ""球L"", ""m"": 36.46572, ""q"": 0.0936, ""c"": 0.091, ""capture"": 1.028, ""share"": 0.378, ""miss_deg"": 0.0, ""labels"": [259]}, {""name"": ""球M"", ""m"": 22.05463, ""q"": 0.0566, ""c"": 0.091, ""capture"": 0.622, ""share"": 0.229, ""miss_deg"": 0.97, ""labels"": [261]}, {""name"": ""水瓶"", ""m"": 13.58044, ""q"": 0.0349, ""c"": 0.5232, ""capture"": 0.067, ""share"": 0.141, ""miss_deg"": 2.33, ""labels"": [30]}, {""name"": ""苹果红"", ""m"": 8.35305, ""q"": 0.0214, ""c"": 0.1369, ""capture"": 0.157, ""share"": 0.087, ""miss_deg"": 1.93, ""labels"": [260]}, {""name"": ""球R"", ""m"": 7.97057, ""q"": 0.0205, ""c"": 0.091, ""capture"": 0.225, ""share"": 0.083, ""miss_deg"": 1.73, ""labels"": [263]}, {""name"": ""白杯1"", ""m"": 3.93744, ""q"": 0.0101, ""c"": 0.2062, ""capture"": 0.049, ""share"": 0.041, ""miss_deg"": 2.46, ""labels"": [266]}, {""name"": ""白杯2"", ""m"": 3.29286, ""q"": 0.0085, ""c"": 0.1636, ""capture"": 0.052, ""share"": 0.034, ""miss_deg"": 2.43, ""labels"": [267]}, {""name"": ""红杯"", ""m"": 0.33797, ""q"": 0.0009, ""c"": 0.3157, ""capture"": 0.003, ""share"": 0.004, ""miss_deg"": 3.43, ""labels"": [49]}, {""name"": ""苹果粉"", ""m"": 0.26962, ""q"": 0.0007, ""c"": 0.1636, ""capture"": 0.004, ""share"": 0.003, ""miss_deg"": 3.31, ""labels"": [64]}, {""name"": ""香蕉"", ""m"": 0.12759, ""q"": 0.0003, ""c"": 0.6386, ""capture"": 0.001, ""share"": 0.001, ""miss_deg"": 3.89, ""labels"": [264]}]"
2026_08_20/002,c4,v9,beyond_occ,mass10,113.27,114.31,1.05,4.328,苹果粉,64,0.291,0.0535,0.327,1.709,0.948,0.816,object#35,389.6407,0,0,,,,9,"[{""name"": ""苹果粉"", ""m"": 20.86207, ""q"": 0.0535, ""c"": 0.1636, ""capture"": 0.327, ""share"": 0.291, ""miss_deg"": 1.49, ""labels"": [64]}, {""name"": ""球L"", ""m"": 19.82131, ""q"": 0.0509, ""c"": 0.091, ""capture"": 0.559, ""share"": 0.276, ""miss_deg"": 1.08, ""labels"": [259]}, {""name"": ""苹果红"", ""m"": 19.74638, ""q"": 0.0507, ""c"": 0.1369, ""capture"": 0.37, ""share"": 0.275, ""miss_deg"": 1.41, ""labels"": [260]}, {""name"": ""水瓶"", ""m"": 6.84745, ""q"": 0.0176, ""c"": 0.5232, ""capture"": 0.034, ""share"": 0.095, ""miss_deg"": 2.61, ""labels"": [30]}, {""name"": ""球M"", ""m"": 3.50857, ""q"": 0.009, ""c"": 0.091, ""capture"": 0.099, ""share"": 0.049, ""miss_deg"": 2.15, ""labels"": [261]}, {""name"": ""橘子"", ""m"": 0.4243, ""q"": 0.0011, ""c"": 0.1097, ""capture"": 0.01, ""share"": 0.006, ""miss_deg"": 3.04, ""labels"": [262]}, {""name"": ""白杯1"", ""m"": 0.33531, ""q"": 0.0009, ""c"": 0.2062, ""capture"": 0.004, ""share"": 0.005, ""miss_deg"": 3.31, ""labels"": [266]}, {""name"": ""香蕉"", ""m"": 0.14529, ""q"": 0.0004, ""c"": 0.6386, ""capture"": 0.001, ""share"": 0.002, ""miss_deg"": 3.86, ""labels"": [264]}, {""name"": ""球R"", ""m"": 0.05258, ""q"": 0.0001, ""c"": 0.091, ""capture"": 0.001, ""share"": 0.001, ""miss_deg"": 3.61, ""labels"": [263]}]"
2026_08_20/002,c4,v9,beyond_occ,mass10,114.54,115.08,0.54,4.305,球L,259,0.347,0.104,1.143,0.58,0.579,0.7,物品台,389.6407,0,0,,,,9,"[{""name"": ""球L"", ""m"": 40.52534, ""q"": 0.104, ""c"": 0.091, ""capture"": 1.143, ""share"": 0.347, ""miss_deg"": 0.0, ""labels"": [259]}, {""name"": ""球M"", ""m"": 23.494, ""q"": 0.0603, ""c"": 0.091, ""capture"": 0.663, ""share"": 0.201, ""miss_deg"": 0.91, ""labels"": [261]}, {""name"": ""水瓶"", ""m"": 17.78064, ""q"": 0.0456, ""c"": 0.5232, ""capture"": 0.087, ""share"": 0.152, ""miss_deg"": 2.21, ""labels"": [30]}, {""name"": ""苹果红"", ""m"": 12.46718, ""q"": 0.032, ""c"": 0.1369, ""capture"": 0.234, ""share"": 0.107, ""miss_deg"": 1.71, ""labels"": [260]}, {""name"": ""球R"", ""m"": 9.07001, ""q"": 0.0233, ""c"": 0.091, ""capture"": 0.256, ""share"": 0.078, ""miss_deg"": 1.65, ""labels"": [263]}, {""name"": ""白杯1"", ""m"": 6.86387, ""q"": 0.0176, ""c"": 0.2062, ""capture"": 0.085, ""share"": 0.059, ""miss_deg"": 2.22, ""labels"": [266]}, {""name"": ""白杯2"", ""m"": 5.44545, ""q"": 0.014, ""c"": 0.1636, ""capture"": 0.085, ""share"": 0.047, ""miss_deg"": 2.22, ""labels"": [267]}, {""name"": ""红杯"", ""m"": 0.8103, ""q"": 0.0021, ""c"": 0.3157, ""capture"": 0.007, ""share"": 0.007, ""miss_deg"": 3.17, ""labels"": [49]}, {""name"": ""香蕉"", ""m"": 0.24917, ""q"": 0.0006, ""c"": 0.6386, ""capture"": 0.001, ""share"": 0.002, ""miss_deg"": 3.72, ""labels"": [264]}]"
2026_08_20/002,c4,v9,beyond_occ,mass10,115.13,115.78,0.65,4.282,球L,259,0.29,0.1052,1.156,0.76,0.759,0.637,物品台,389.6407,0,0,,,,8,"[{""name"": ""球L"", ""m"": 40.99516, ""q"": 0.1052, ""c"": 0.091, ""capture"": 1.156, ""share"": 0.29, ""miss_deg"": 0.0, ""labels"": [259]}, {""name"": ""球M"", ""m"": 31.12139, ""q"": 0.0799, ""c"": 0.091, ""capture"": 0.878, ""share"": 0.22, ""miss_deg"": 0.51, ""labels"": [261]}, {""name"": ""水瓶"", ""m"": 22.43075, ""q"": 0.0576, ""c"": 0.5232, ""capture"": 0.11, ""share"": 0.159, ""miss_deg"": 2.1, ""labels"": [30]}, {""name"": ""球R"", ""m"": 17.48, ""q"": 0.0449, ""c"": 0.091, ""capture"": 0.493, ""share"": 0.124, ""miss_deg"": 1.19, ""labels"": [263]}, {""name"": ""白杯2"", ""m"": 11.00905, ""q"": 0.0283, ""c"": 0.1636, ""capture"": 0.173, ""share"": 0.078, ""miss_deg"": 1.87, ""labels"": [267]}, {""name"": ""白杯1"", ""m"": 9.99272, ""q"": 0.0256, ""c"": 0.2062, ""capture"": 0.124, ""share"": 0.071, ""miss_deg"": 2.04, ""labels"": [266]}, {""name"": ""苹果红"", ""m"": 7.72031, ""q"": 0.0198, ""c"": 0.1369, ""capture"": 0.145, ""share"": 0.055, ""miss_deg"": 1.97, ""labels"": [260]}, {""name"": ""红杯"", ""m"": 0.57044, ""q"": 0.0015, ""c"": 0.3157, ""capture"": 0.005, ""share"": 0.004, ""miss_deg"": 3.28, ""labels"": [49]}]"
2026_08_20/002,c4,v9,beyond_occ,mass10,115.84,116.92,1.08,4.29,球L,259,0.342,0.1044,1.147,0.386,0.582,0.695,物品台,389.6407,0,0,,,,10,"[{""name"": ""球L"", ""m"": 40.66493, ""q"": 0.1044, ""c"": 0.091, ""capture"": 1.147, ""share"": 0.342, ""miss_deg"": 0.0, ""labels"": [259]}, {""name"": ""苹果红"", ""m"": 23.63095, ""q"": 0.0606, ""c"": 0.1369, ""capture"": 0.443, ""share"": 0.199, ""miss_deg"": 1.28, ""labels"": [260]}, {""name"": ""水瓶"", ""m"": 19.73074, ""q"": 0.0506, ""c"": 0.5232, ""capture"": 0.097, ""share"": 0.166, ""miss_deg"": 2.16, ""labels"": [30]}, {""name"": ""球M"", ""m"": 15.28615, ""q"": 0.0392, ""c"": 0.091, ""capture"": 0.431, ""share"": 0.129, ""miss_deg"": 1.3, ""labels"": [261]}, {""name"": ""苹果粉"", ""m"": 6.17326, ""q"": 0.0158, ""c"": 0.1636, ""capture"": 0.097, ""share"": 0.052, ""miss_deg"": 2.16, ""labels"": [64]}, {""name"": ""白杯1"", ""m"": 5.15936, ""q"": 0.0132, ""c"": 0.2062, ""capture"": 0.064, ""share"": 0.043, ""miss_deg"": 2.34, ""labels"": [266]}, {""name"": ""球R"", ""m"": 3.72194, ""q"": 0.0096, ""c"": 0.091, ""capture"": 0.105, ""share"": 0.031, ""miss_deg"": 2.12, ""labels"": [263]}, {""name"": ""白杯2"", ""m"": 2.34231, ""q"": 0.006, ""c"": 0.1636, ""capture"": 0.037, ""share"": 0.02, ""miss_deg"": 2.57, ""labels"": [267]}, {""name"": ""红杯"", ""m"": 1.45946, ""q"": 0.0037, ""c"": 0.3157, ""capture"": 0.012, ""share"": 0.012, ""miss_deg"": 2.98, ""labels"": [49]}, {""name"": ""香蕉"", ""m"": 0.72313, ""q"": 0.0019, ""c"": 0.6386, ""capture"": 0.003, ""share"": 0.006, ""miss_deg"": 3.42, ""labels"": [264]}]"
2026_08_20/002,c4,v9,beyond_occ,mass10,116.97,119.57,2.6,4.308,球L,259,0.276,0.0975,1.071,0.803,0.804,0.647,物品台,389.6407,0,0,,,,9,"[{""name"": ""球L"", ""m"": 37.98493, ""q"": 0.0975, ""c"": 0.091, ""capture"": 1.071, ""share"": 0.276, ""miss_deg"": 0.0, ""labels"": [259]}, {""name"": ""球M"", ""m"": 30.49101, ""q"": 0.0783, ""c"": 0.091, ""capture"": 0.86, ""share"": 0.222, ""miss_deg"": 0.55, ""labels"": [261]}, {""name"": ""球R"", ""m"": 21.35519, ""q"": 0.0548, ""c"": 0.091, ""capture"": 0.602, ""share"": 0.155, ""miss_deg"": 1.01, ""labels"": [263]}, {""name"": ""水瓶"", ""m"": 21.07978, ""q"": 0.0541, ""c"": 0.5232, ""capture"": 0.103, ""share"": 0.153, ""miss_deg"": 2.13, ""labels"": [30]}, {""name"": ""白杯2"", ""m"": 13.50335, ""q"": 0.0347, ""c"": 0.1636, ""capture"": 0.212, ""share"": 0.098, ""miss_deg"": 1.76, ""labels"": [267]}, {""name"": ""白杯1"", ""m"": 8.54818, ""q"": 0.0219, ""c"": 0.2062, ""capture"": 0.106, ""share"": 0.062, ""miss_deg"": 2.12, ""labels"": [266]}, {""name"": ""苹果红"", ""m"": 4.19237, ""q"": 0.0108, ""c"": 0.1369, ""capture"": 0.079, ""share"": 0.03, ""miss_deg"": 2.26, ""labels"": [260]}, {""name"": ""香蕉"", ""m"": 0.22004, ""q"": 0.0006, ""c"": 0.6386, ""capture"": 0.001, ""share"": 0.002, ""miss_deg"": 3.75, ""labels"": [264]}, {""name"": ""红杯"", ""m"": 0.09525, ""q"": 0.0002, ""c"": 0.3157, ""capture"": 0.001, ""share"": 0.001, ""miss_deg"": 3.79, ""labels"": [49]}]"
2026_08_20/002,c4,v9,beyond_occ,mass10,119.63,121.14,1.52,4.255,球L,259,0.697,0.0131,0.144,0.361,0.362,0.981,object#24,389.6407,0,0,,,,4,"[{""name"": ""球L"", ""m"": 5.11987, ""q"": 0.0131, ""c"": 0.091, ""capture"": 0.144, ""share"": 0.697, ""miss_deg"": 1.97, ""labels"": [259]}, {""name"": ""球M"", ""m"": 1.85317, ""q"": 0.0048, ""c"": 0.091, ""capture"": 0.052, ""share"": 0.252, ""miss_deg"": 2.43, ""labels"": [261]}, {""name"": ""水瓶"", ""m"": 0.33926, ""q"": 0.0009, ""c"": 0.5232, ""capture"": 0.002, ""share"": 0.046, ""miss_deg"": 3.58, ""labels"": [30]}, {""name"": ""苹果红"", ""m"": 0.02924, ""q"": 0.0001, ""c"": 0.1369, ""capture"": 0.001, ""share"": 0.004, ""miss_deg"": 3.88, ""labels"": [260]}]"
2026_08_20/002,c4,v9,beyond_occ,mass10,121.6,123.44,1.84,4.253,球L,259,0.379,0.033,0.362,0.953,0.95,0.913,物品台,389.6407,0,0,,,,7,"[{""name"": ""球L"", ""m"": 12.84797, ""q"": 0.033, ""c"": 0.091, ""capture"": 0.362, ""share"": 0.379, ""miss_deg"": 1.42, ""labels"": [259]}, {""name"": ""球M"", ""m"": 12.21561, ""q"": 0.0314, ""c"": 0.091, ""capture"": 0.345, ""share"": 0.36, ""miss_deg"": 1.46, ""labels"": [261]}, {""name"": ""球R"", ""m"": 5.75273, ""q"": 0.0148, ""c"": 0.091, ""capture"": 0.162, ""share"": 0.17, ""miss_deg"": 1.91, ""labels"": [263]}, {""name"": ""水瓶"", ""m"": 1.76933, ""q"": 0.0045, ""c"": 0.5232, ""capture"": 0.009, ""share"": 0.052, ""miss_deg"": 3.08, ""labels"": [30]}, {""name"": ""白杯1"", ""m"": 0.83741, ""q"": 0.0021, ""c"": 0.2062, ""capture"": 0.01, ""share"": 0.025, ""miss_deg"": 3.02, ""labels"": [266]}, {""name"": ""白杯2"", ""m"": 0.31877, ""q"": 0.0008, ""c"": 0.1636, ""capture"": 0.005, ""share"": 0.009, ""miss_deg"": 3.26, ""labels"": [267]}, {""name"": ""苹果红"", ""m"": 0.18517, ""q"": 0.0005, ""c"": 0.1369, ""capture"": 0.003, ""share"": 0.005, ""miss_deg"": 3.37, ""labels"": [260]}]"
2026_08_20/002,c4,v9,beyond_occ,mass10,123.49,123.82,0.33,4.27,球R,263,0.496,0.0231,0.253,0.609,0.609,0.954,物品台,389.6407,1,0,,,,6,"[{""name"": ""球R"", ""m"": 8.98172, ""q"": 0.0231, ""c"": 0.091, ""capture"": 0.253, ""share"": 0.496, ""miss_deg"": 1.66, ""labels"": [263]}, {""name"": ""球M"", ""m"": 5.46381, ""q"": 0.014, ""c"": 0.091, ""capture"": 0.154, ""share"": 0.302, ""miss_deg"": 1.93, ""labels"": [261]}, {""name"": ""水瓶"", ""m"": 2.67456, ""q"": 0.0069, ""c"": 0.5232, ""capture"": 0.013, ""share"": 0.148, ""miss_deg"": 2.94, ""labels"": [30]}, {""name"": ""白杯2"", ""m"": 0.78773, ""q"": 0.002, ""c"": 0.1636, ""capture"": 0.012, ""share"": 0.044, ""miss_deg"": 2.96, ""labels"": [267]}, {""name"": ""球L"", ""m"": 0.14272, ""q"": 0.0004, ""c"": 0.091, ""capture"": 0.004, ""share"": 0.008, ""miss_deg"": 3.32, ""labels"": [259]}, {""name"": ""白杯1"", ""m"": 0.053, ""q"": 0.0001, ""c"": 0.2062, ""capture"": 0.001, ""share"": 0.003, ""miss_deg"": 3.83, ""labels"": [266]}]"
2026_08_20/002,c4,v9,beyond_occ,mass10,123.88,125.56,1.68,4.206,球L,259,0.527,0.0578,0.527,0.62,0.514,0.89,object#35,389.6407,1,1,,,,6,"[{""name"": ""球L"", ""m"": 22.50864, ""q"": 0.0578, ""c"": 0.1097, ""capture"": 0.527, ""share"": 0.527, ""miss_deg"": 1.13, ""labels"": [259]}, {""name"": ""球M"", ""m"": 11.60255, ""q"": 0.0298, ""c"": 0.091, ""capture"": 0.327, ""share"": 0.271, ""miss_deg"": 1.49, ""labels"": [261]}, {""name"": ""水瓶"", ""m"": 3.91996, ""q"": 0.0101, ""c"": 0.5444, ""capture"": 0.018, ""share"": 0.092, ""miss_deg"": 2.83, ""labels"": [30]}, {""name"": ""苹果红"", ""m"": 2.23383, ""q"": 0.0057, ""c"": 0.1459, ""capture"": 0.039, ""share"": 0.052, ""miss_deg"": 2.54, ""labels"": [260]}, {""name"": ""球R"", ""m"": 2.05313, ""q"": 0.0053, ""c"": 0.091, ""capture"": 0.058, ""share"": 0.048, ""miss_deg"": 2.39, ""labels"": [263]}, {""name"": ""白杯1"", ""m"": 0.42179, ""q"": 0.0011, ""c"": 0.2062, ""capture"": 0.005, ""share"": 0.01, ""miss_deg"": 3.24, ""labels"": [266]}]"
2026_08_20/002,c4,v9,beyond_occ,mass10,125.61,126.64,1.03,4.224,球R,263,0.424,0.0287,0.315,0.876,0.875,0.932,物品台,389.6407,0,0,15,球R,1,6,"[{""name"": ""球R"", ""m"": 11.17086, ""q"": 0.0287, ""c"": 0.091, ""capture"": 0.315, ""share"": 0.424, ""miss_deg"": 1.52, ""labels"": [263]}, {""name"": ""球M"", ""m"": 9.7728, ""q"": 0.0251, ""c"": 0.091, ""capture"": 0.276, ""share"": 0.371, ""miss_deg"": 1.61, ""labels"": [261]}, {""name"": ""水瓶"", ""m"": 2.03233, ""q"": 0.0052, ""c"": 0.5338, ""capture"": 0.01, ""share"": 0.077, ""miss_deg"": 3.04, ""labels"": [30]}, {""name"": ""球L"", ""m"": 1.63288, ""q"": 0.0042, ""c"": 0.091, ""capture"": 0.046, ""share"": 0.062, ""miss_deg"": 2.48, ""labels"": [259]}, {""name"": ""白杯2"", ""m"": 1.33504, ""q"": 0.0034, ""c"": 0.1636, ""capture"": 0.021, ""share"": 0.051, ""miss_deg"": 2.78, ""labels"": [267]}, {""name"": ""白杯1"", ""m"": 0.41923, ""q"": 0.0011, ""c"": 0.2062, ""capture"": 0.005, ""share"": 0.016, ""miss_deg"": 3.24, ""labels"": [266]}]"
2026_08_20/002,c4,v9,beyond_occ,mass10,127.96,128.29,0.32,2.573,,-1,0.0,0.0,,,,1.0,floor,389.6407,0,0,,,,0,[]
2026_08_20/002,c4,v9,beyond_occ,mass10,130.1,130.64,0.55,1.671,,-1,0.0,0.0,,,,1.0,object#26,389.6407,0,0,,,,0,[]
2026_08_20/002,c4,v9,beyond_occ,mass10,130.7,131.56,0.87,1.308,,-1,0.0,0.0,,,,1.0,object#26,389.6407,0,0,,,,0,[]
2026_08_20/002,c4,v9,beyond_occ,mass10,131.62,132.48,0.87,1.141,,-1,0.0,0.0,,,,1.0,object#26,389.6407,0,0,,,,0,[]
2026_08_20/002,c4,v9,beyond_occ,mass10,133.08,133.35,0.27,0.584,,-1,0.0,0.0,,,,1.0,object#14,389.6407,0,0,,,,0,[]
2026_08_20/002,c4,v9,beyond_occ,mass10,133.62,134.0,0.38,0.485,,-1,0.0,0.0,,,,1.0,object#88,389.6407,0,0,,,,0,[]
2026_08_20/003,c4,v9,beyond_occ,mass10,5.85,6.45,0.6,4.301,球L,259,0.587,0.0366,0.402,0.376,0.376,0.938,object#35,389.6407,1,1,1,球L,1,6,"[{""name"": ""球L"", ""m"": 14.24501, ""q"": 0.0366, ""c"": 0.091, ""capture"": 0.402, ""share"": 0.587, ""miss_deg"": 1.35, ""labels"": [259]}, {""name"": ""球M"", ""m"": 5.35917, ""q"": 0.0138, ""c"": 0.091, ""capture"": 0.151, ""share"": 0.221, ""miss_deg"": 1.94, ""labels"": [261]}, {""name"": ""水瓶"", ""m"": 2.07335, ""q"": 0.0053, ""c"": 0.5232, ""capture"": 0.01, ""share"": 0.085, ""miss_deg"": 3.03, ""labels"": [30]}, {""name"": ""苹果红"", ""m"": 1.97026, ""q"": 0.0051, ""c"": 0.1369, ""capture"": 0.037, ""share"": 0.081, ""miss_deg"": 2.57, ""labels"": [260]}, {""name"": ""球R"", ""m"": 0.52973, ""q"": 0.0014, ""c"": 0.091, ""capture"": 0.015, ""share"": 0.022, ""miss_deg"": 2.9, ""labels"": [263]}, {""name"": ""苹果粉"", ""m"": 0.08414, ""q"": 0.0002, ""c"": 0.1636, ""capture"": 0.001, ""share"": 0.003, ""miss_deg"": 3.64, ""labels"": [64]}]"
2026_08_20/003,c4,v9,beyond_occ,mass10,6.5,7.53,1.03,4.215,球L,259,0.346,0.0413,0.376,0.479,0.636,0.881,物品台,389.6407,0,0,1,球L,1,7,"[{""name"": ""球L"", ""m"": 16.08586, ""q"": 0.0413, ""c"": 0.1097, ""capture"": 0.376, ""share"": 0.346, ""miss_deg"": 1.4, ""labels"": [259]}, {""name"": ""苹果红"", ""m"": 10.21971, ""q"": 0.0262, ""c"": 0.1459, ""capture"": 0.18, ""share"": 0.22, ""miss_deg"": 1.85, ""labels"": [260]}, {""name"": ""水瓶"", ""m"": 6.08603, ""q"": 0.0156, ""c"": 0.5444, ""capture"": 0.029, ""share"": 0.131, ""miss_deg"": 2.67, ""labels"": [30]}, {""name"": ""球M"", ""m"": 4.85814, ""q"": 0.0125, ""c"": 0.091, ""capture"": 0.137, ""share"": 0.104, ""miss_deg"": 1.99, ""labels"": [261]}, {""name"": ""白杯1"", ""m"": 3.76688, ""q"": 0.0097, ""c"": 0.2062, ""capture"": 0.047, ""share"": 0.081, ""miss_deg"": 2.47, ""labels"": [266]}, {""name"": ""球R"", ""m"": 3.13744, ""q"": 0.0081, ""c"": 0.091, ""capture"": 0.088, ""share"": 0.067, ""miss_deg"": 2.2, ""labels"": [263]}, {""name"": ""苹果粉"", ""m"": 2.36326, ""q"": 0.0061, ""c"": 0.1892, ""capture"": 0.032, ""share"": 0.051, ""miss_deg"": 2.62, ""labels"": [64]}]"
2026_08_20/003,c4,v9,beyond_occ,mass10,7.75,8.03,0.27,4.271,球L,259,0.249,0.0523,0.575,0.609,0.916,0.79,物品台,389.6407,0,0,1,球L,1,10,"[{""name"": ""球L"", ""m"": 20.3901, ""q"": 0.0523, ""c"": 0.091, ""capture"": 0.575, ""share"": 0.249, ""miss_deg"": 1.05, ""labels"": [259]}, {""name"": ""苹果红"", ""m"": 18.68944, ""q"": 0.048, ""c"": 0.1369, ""capture"": 0.35, ""share"": 0.228, ""miss_deg"": 1.45, ""labels"": [260]}, {""name"": ""水瓶"", ""m"": 13.47897, ""q"": 0.0346, ""c"": 0.5232, ""capture"": 0.066, ""share"": 0.165, ""miss_deg"": 2.33, ""labels"": [30]}, {""name"": ""白杯1"", ""m"": 8.9839, ""q"": 0.0231, ""c"": 0.2062, ""capture"": 0.112, ""share"": 0.11, ""miss_deg"": 2.09, ""labels"": [266]}, {""name"": ""苹果粉"", ""m"": 6.55951, ""q"": 0.0168, ""c"": 0.1892, ""capture"": 0.089, ""share"": 0.08, ""miss_deg"": 2.2, ""labels"": [64]}, {""name"": ""球R"", ""m"": 6.51373, ""q"": 0.0167, ""c"": 0.091, ""capture"": 0.184, ""share"": 0.08, ""miss_deg"": 1.84, ""labels"": [263]}, {""name"": ""球M"", ""m"": 6.42162, ""q"": 0.0165, ""c"": 0.091, ""capture"": 0.181, ""share"": 0.079, ""miss_deg"": 1.85, ""labels"": [261]}, {""name"": ""白杯2"", ""m"": 0.45186, ""q"": 0.0012, ""c"": 0.1636, ""capture"": 0.007, ""share"": 0.006, ""miss_deg"": 3.15, ""labels"": [267]}, {""name"": ""红杯"", ""m"": 0.22129, ""q"": 0.0006, ""c"": 0.3157, ""capture"": 0.002, ""share"": 0.003, ""miss_deg"": 3.56, ""labels"": [49]}, {""name"": ""香蕉"", ""m"": 0.09188, ""q"": 0.0002, ""c"": 0.6428, ""capture"": 0.0, ""share"": 0.001, ""miss_deg"": 3.98, ""labels"": [264]}]"
2026_08_20/003,c4,v9,beyond_occ,mass10,8.92,9.19,0.27,2.331,,-1,0.0,0.0,,,,1.0,object#26,389.6407,0,0,,,,0,[]
2026_08_20/003,c4,v9,beyond_occ,mass10,10.06,11.25,1.19,4.363,球L,259,0.358,0.0214,0.235,0.549,0.55,0.94,物品台,389.6407,1,0,6,球L,1,5,"[{""name"": ""球L"", ""m"": 8.33673, ""q"": 0.0214, ""c"": 0.091, ""capture"": 0.235, ""share"": 0.358, ""miss_deg"": 1.7, ""labels"": [259]}, {""name"": ""球R"", ""m"": 4.582, ""q"": 0.0118, ""c"": 0.091, ""capture"": 0.129, ""share"": 0.197, ""miss_deg"": 2.02, ""labels"": [263]}, {""name"": ""水瓶"", ""m"": 4.49465, ""q"": 0.0115, ""c"": 0.5012, ""capture"": 0.023, ""share"": 0.193, ""miss_deg"": 2.75, ""labels"": [30]}, {""name"": ""球M"", ""m"": 3.69105, ""q"": 0.0095, ""c"": 0.091, ""capture"": 0.104, ""share"": 0.158, ""miss_deg"": 2.13, ""labels"": [261]}, {""name"": ""白杯1"", ""m"": 2.19132, ""q"": 0.0056, ""c"": 0.2062, ""capture"": 0.027, ""share"": 0.094, ""miss_deg"": 2.68, ""labels"": [266]}]"
2026_08_20/003,c4,v9,beyond_occ,mass10,11.62,12.27,0.65,2.332,,-1,0.0,0.0,,,,1.0,object#26,389.6407,0,0,,,,0,[]
2026_08_20/003,c4,v9,beyond_occ,mass10,13.42,13.69,0.27,2.971,,-1,0.0,0.0,,,,1.0,object#79,389.6407,0,0,,,,0,[]
2026_08_20/003,c4,v9,beyond_occ,mass10,15.51,16.97,1.46,4.341,球L,259,0.4,0.0178,0.195,0.082,0.485,0.956,object#35,389.6407,0,0,8,球L,1,7,"[{""name"": ""球L"", ""m"": 6.92381, ""q"": 0.0178, ""c"": 0.091, ""capture"": 0.195, ""share"": 0.4, ""miss_deg"": 1.81, ""labels"": [259]}, {""name"": ""水瓶"", ""m"": 3.34703, ""q"": 0.0086, ""c"": 0.5232, ""capture"": 0.016, ""share"": 0.194, ""miss_deg"": 2.87, ""labels"": [30]}, {""name"": ""苹果红"", ""m"": 3.02527, ""q"": 0.0078, ""c"": 0.1188, ""capture"": 0.065, ""share"": 0.175, ""miss_deg"": 2.34, ""labels"": [260]}, {""name"": ""苹果粉"", ""m"": 2.48462, ""q"": 0.0064, ""c"": 0.1636, ""capture"": 0.039, ""share"": 0.144, ""miss_deg"": 2.55, ""labels"": [64]}, {""name"": ""球M"", ""m"": 1.23525, ""q"": 0.0032, ""c"": 0.091, ""capture"": 0.035, ""share"": 0.071, ""miss_deg"": 2.59, ""labels"": [261]}, {""name"": ""白杯1"", ""m"": 0.14272, ""q"": 0.0004, ""c"": 0.2062, ""capture"": 0.002, ""share"": 0.008, ""miss_deg"": 3.56, ""labels"": [266]}, {""name"": ""球R"", ""m"": 0.13593, ""q"": 0.0003, ""c"": 0.091, ""capture"": 0.004, ""share"": 0.008, ""miss_deg"": 3.34, ""labels"": [263]}]"
2026_08_20/003,c4,v9,beyond_occ,mass10,17.03,17.57,0.54,4.347,苹果粉,64,0.516,0.0186,0.114,0.491,0.357,0.964,object#35,389.6407,0,0,,,,5,"[{""name"": ""苹果粉"", ""m"": 7.24141, ""q"": 0.0186, ""c"": 0.1636, ""capture"": 0.114, ""share"": 0.516, ""miss_deg"": 2.09, ""labels"": [64]}, {""name"": ""苹果红"", ""m"": 2.57953, ""q"": 0.0066, ""c"": 0.1188, ""capture"": 0.056, ""share"": 0.184, ""miss_deg"": 2.4, ""labels"": [260]}, {""name"": ""球L"", ""m"": 2.44477, ""q"": 0.0063, ""c"": 0.091, ""capture"": 0.069, ""share"": 0.174, ""miss_deg"": 2.31, ""labels"": [259]}, {""name"": ""水瓶"", ""m"": 1.59273, ""q"": 0.0041, ""c"": 0.5012, ""capture"": 0.008, ""share"": 0.114, ""miss_deg"": 3.1, ""labels"": [30]}, {""name"": ""球M"", ""m"": 0.16245, ""q"": 0.0004, ""c"": 0.091, ""capture"": 0.005, ""share"": 0.012, ""miss_deg"": 3.28, ""labels"": [261]}]"
2026_08_20/003,c4,v9,beyond_occ,mass10,17.62,18.38,0.76,4.352,球L,259,0.349,0.0302,0.332,0.551,0.55,0.913,物品台,389.6407,0,0,11,球L,1,6,"[{""name"": ""球L"", ""m"": 11.75628, ""q"": 0.0302, ""c"": 0.091, ""capture"": 0.332, ""share"": 0.349, ""miss_deg"": 1.49, ""labels"": [259]}, {""name"": ""球M"", ""m"": 6.48339, ""q"": 0.0166, ""c"": 0.091, ""capture"": 0.183, ""share"": 0.192, ""miss_deg"": 1.84, ""labels"": [261]}, {""name"": ""苹果红"", ""m"": 4.77503, ""q"": 0.0123, ""c"": 0.1188, ""capture"": 0.103, ""share"": 0.142, ""miss_deg"": 2.13, ""labels"": [260]}, {""name"": ""水瓶"", ""m"": 4.2791, ""q"": 0.011, ""c"": 0.5012, ""capture"": 0.022, ""share"": 0.127, ""miss_deg"": 2.76, ""labels"": [30]}, {""name"": ""球R"", ""m"": 4.24411, ""q"": 0.0109, ""c"": 0.091, ""capture"": 0.12, ""share"": 0.126, ""miss_deg"": 2.06, ""labels"": [263]}, {""name"": ""白杯1"", ""m"": 2.18198, ""q"": 0.0056, ""c"": 0.2062, ""capture"": 0.027, ""share"": 0.065, ""miss_deg"": 2.69, ""labels"": [266]}]"
2026_08_20/003,c4,v9,beyond_occ,mass10,18.62,21.46,2.84,4.36,球L,259,0.345,0.0278,0.306,0.559,0.73,0.919,object#35,389.6407,0,0,11,球L,1,8,"[{""name"": ""球L"", ""m"": 10.84591, ""q"": 0.0278, ""c"": 0.091, ""capture"": 0.306, ""share"": 0.345, ""miss_deg"": 1.54, ""labels"": [259]}, {""name"": ""苹果红"", ""m"": 7.91224, ""q"": 0.0203, ""c"": 0.1188, ""capture"": 0.171, ""share"": 0.252, ""miss_deg"": 1.88, ""labels"": [260]}, {""name"": ""球M"", ""m"": 4.18585, ""q"": 0.0107, ""c"": 0.091, ""capture"": 0.118, ""share"": 0.133, ""miss_deg"": 2.07, ""labels"": [261]}, {""name"": ""水瓶"", ""m"": 3.3401, ""q"": 0.0086, ""c"": 0.5012, ""capture"": 0.017, ""share"": 0.106, ""miss_deg"": 2.85, ""labels"": [30]}, {""name"": ""苹果粉"", ""m"": 2.50568, ""q"": 0.0064, ""c"": 0.1636, ""capture"": 0.039, ""share"": 0.08, ""miss_deg"": 2.54, ""labels"": [64]}, {""name"": ""白杯1"", ""m"": 1.47811, ""q"": 0.0038, ""c"": 0.2062, ""capture"": 0.018, ""share"": 0.047, ""miss_deg"": 2.83, ""labels"": [266]}, {""name"": ""球R"", ""m"": 1.08319, ""q"": 0.0028, ""c"": 0.091, ""capture"": 0.031, ""share"": 0.034, ""miss_deg"": 2.64, ""labels"": [263]}, {""name"": ""香蕉"", ""m"": 0.08032, ""q"": 0.0002, ""c"": 0.6299, ""capture"": 0.0, ""share"": 0.003, ""miss_deg"": 4.01, ""labels"": [264]}]"
2026_08_20/003,c4,v9,beyond_occ,mass10,21.52,24.09,2.56,4.357,球L,259,0.478,0.0137,0.151,0.497,0.496,0.971,object#35,389.6407,0,0,11,球L,1,6,"[{""name"": ""球L"", ""m"": 5.34505, ""q"": 0.0137, ""c"": 0.091, ""capture"": 0.151, ""share"": 0.478, ""miss_deg"": 1.95, ""labels"": [259]}, {""name"": ""球M"", ""m"": 2.65407, ""q"": 0.0068, ""c"": 0.091, ""capture"": 0.075, ""share"": 0.237, ""miss_deg"": 2.28, ""labels"": [261]}, {""name"": ""水瓶"", ""m"": 1.96684, ""q"": 0.005, ""c"": 0.5012, ""capture"": 0.01, ""share"": 0.176, ""miss_deg"": 3.03, ""labels"": [30]}, {""name"": ""球R"", ""m"": 0.52722, ""q"": 0.0014, ""c"": 0.091, ""capture"": 0.015, ""share"": 0.047, ""miss_deg"": 2.9, ""labels"": [263]}, {""name"": ""苹果红"", ""m"": 0.41541, ""q"": 0.0011, ""c"": 0.1188, ""capture"": 0.009, ""share"": 0.037, ""miss_deg"": 3.07, ""labels"": [260]}, {""name"": ""白杯1"", ""m"": 0.26765, ""q"": 0.0007, ""c"": 0.2062, ""capture"": 0.003, ""share"": 0.024, ""miss_deg"": 3.38, ""labels"": [266]}]"
2026_08_20/003,c4,v9,beyond_occ,mass10,24.32,24.81,0.49,4.359,球L,259,0.612,0.008,0.087,0.046,0.263,0.987,object#35,389.6407,0,0,11,球L,1,5,"[{""name"": ""球L"", ""m"": 3.098, ""q"": 0.008, ""c"": 0.091, ""capture"": 0.087, ""share"": 0.612, ""miss_deg"": 2.21, ""labels"": [259]}, {""name"": ""水瓶"", ""m"": 0.81247, ""q"": 0.0021, ""c"": 0.5012, ""capture"": 0.004, ""share"": 0.161, ""miss_deg"": 3.31, ""labels"": [30]}, {""name"": ""苹果红"", ""m"": 0.52211, ""q"": 0.0013, ""c"": 0.1188, ""capture"": 0.011, ""share"": 0.103, ""miss_deg"": 2.99, ""labels"": [260]}, {""name"": ""球M"", ""m"": 0.48528, ""q"": 0.0012, ""c"": 0.091, ""capture"": 0.014, ""share"": 0.096, ""miss_deg"": 2.93, ""labels"": [261]}, {""name"": ""苹果粉"", ""m"": 0.14207, ""q"": 0.0004, ""c"": 0.1636, ""capture"": 0.002, ""share"": 0.028, ""miss_deg"": 3.49, ""labels"": [64]}]"
2026_08_20/003,c4,v9,beyond_occ,mass10,24.86,28.76,3.9,4.369,球L,259,0.264,0.0233,0.256,0.953,0.955,0.912,物品台,389.6407,0,0,11,球L,1,7,"[{""name"": ""球L"", ""m"": 9.07969, ""q"": 0.0233, ""c"": 0.091, ""capture"": 0.256, ""share"": 0.264, ""miss_deg"": 1.65, ""labels"": [259]}, {""name"": ""球M"", ""m"": 8.65743, ""q"": 0.0222, ""c"": 0.091, ""capture"": 0.244, ""share"": 0.252, ""miss_deg"": 1.68, ""labels"": [261]}, {""name"": ""球R"", ""m"": 7.77975, ""q"": 0.02, ""c"": 0.091, ""capture"": 0.219, ""share"": 0.226, ""miss_deg"": 1.74, ""labels"": [263]}, {""name"": ""水瓶"", ""m"": 4.16522, ""q"": 0.0107, ""c"": 0.5012, ""capture"": 0.021, ""share"": 0.121, ""miss_deg"": 2.77, ""labels"": [30]}, {""name"": ""白杯1"", ""m"": 2.48197, ""q"": 0.0064, ""c"": 0.2062, ""capture"": 0.031, ""share"": 0.072, ""miss_deg"": 2.64, ""labels"": [266]}, {""name"": ""苹果红"", ""m"": 2.08651, ""q"": 0.0054, ""c"": 0.1188, ""capture"": 0.045, ""share"": 0.061, ""miss_deg"": 2.49, ""labels"": [260]}, {""name"": ""白杯2"", ""m"": 0.11965, ""q"": 0.0003, ""c"": 0.1636, ""capture"": 0.002, ""share"": 0.003, ""miss_deg"": 3.54, ""labels"": [267]}]"
2026_08_20/003,c4,v9,beyond_occ,mass10,29.14,30.93,1.79,4.388,球R,263,0.298,0.0181,0.199,0.854,0.852,0.939,物品台,389.6407,0,0,13,球R,1,6,"[{""name"": ""球R"", ""m"": 7.06111, ""q"": 0.0181, ""c"": 0.091, ""capture"": 0.199, ""share"": 0.298, ""miss_deg"": 1.8, ""labels"": [263]}, {""name"": ""球M"", ""m"": 6.01486, ""q"": 0.0154, ""c"": 0.091, ""capture"": 0.17, ""share"": 0.254, ""miss_deg"": 1.88, ""labels"": [261]}, {""name"": ""球L"", ""m"": 5.17226, ""q"": 0.0133, ""c"": 0.091, ""capture"": 0.146, ""share"": 0.219, ""miss_deg"": 1.96, ""labels"": [259]}, {""name"": ""水瓶"", ""m"": 3.29495, ""q"": 0.0085, ""c"": 0.5012, ""capture"": 0.017, ""share"": 0.139, ""miss_deg"": 2.86, ""labels"": [30]}, {""name"": ""白杯1"", ""m"": 1.64323, ""q"": 0.0042, ""c"": 0.2062, ""capture"": 0.02, ""share"": 0.069, ""miss_deg"": 2.79, ""labels"": [266]}, {""name"": ""白杯2"", ""m"": 0.48304, ""q"": 0.0012, ""c"": 0.1636, ""capture"": 0.008, ""share"": 0.02, ""miss_deg"": 3.12, ""labels"": [267]}]"
2026_08_20/003,c4,v9,beyond_occ,mass10,31.21,33.76,2.54,4.37,球L,259,0.321,0.0338,0.371,0.636,0.636,0.895,物品台,389.6407,0,0,,,,7,"[{""name"": ""球L"", ""m"": 13.16531, ""q"": 0.0338, ""c"": 0.091, ""capture"": 0.371, ""share"": 0.321, ""miss_deg"": 1.41, ""labels"": [259]}, {""name"": ""球R"", ""m"": 8.36429, ""q"": 0.0215, ""c"": 0.091, ""capture"": 0.236, ""share"": 0.204, ""miss_deg"": 1.7, ""labels"": [263]}, {""name"": ""球M"", ""m"": 7.4679, ""q"": 0.0192, ""c"": 0.091, ""capture"": 0.211, ""share"": 0.182, ""miss_deg"": 1.77, ""labels"": [261]}, {""name"": ""水瓶"", ""m"": 5.69283, ""q"": 0.0146, ""c"": 0.5012, ""capture"": 0.029, ""share"": 0.139, ""miss_deg"": 2.66, ""labels"": [30]}, {""name"": ""白杯1"", ""m"": 3.62068, ""q"": 0.0093, ""c"": 0.2062, ""capture"": 0.045, ""share"": 0.088, ""miss_deg"": 2.49, ""labels"": [266]}, {""name"": ""苹果红"", ""m"": 2.45639, ""q"": 0.0063, ""c"": 0.1188, ""capture"": 0.053, ""share"": 0.06, ""miss_deg"": 2.42, ""labels"": [260]}, {""name"": ""白杯2"", ""m"": 0.23998, ""q"": 0.0006, ""c"": 0.1636, ""capture"": 0.004, ""share"": 0.006, ""miss_deg"": 3.34, ""labels"": [267]}]"
2026_08_20/003,c4,v9,beyond_occ,mass10,33.86,35.89,2.02,4.347,球R,263,0.291,0.0446,0.491,0.813,0.814,0.847,物品台,389.6407,0,0,15,球R,1,6,"[{""name"": ""球R"", ""m"": 17.39503, ""q"": 0.0446, ""c"": 0.091, ""capture"": 0.491, ""share"": 0.291, ""miss_deg"": 1.19, ""labels"": [263]}, {""name"": ""球M"", ""m"": 14.15379, ""q"": 0.0363, ""c"": 0.091, ""capture"": 0.399, ""share"": 0.237, ""miss_deg"": 1.36, ""labels"": [261]}, {""name"": ""水瓶"", ""m"": 9.60912, ""q"": 0.0247, ""c"": 0.5012, ""capture"": 0.049, ""share"": 0.161, ""miss_deg"": 2.45, ""labels"": [30]}, {""name"": ""球L"", ""m"": 9.27435, ""q"": 0.0238, ""c"": 0.091, ""capture"": 0.262, ""share"": 0.155, ""miss_deg"": 1.64, ""labels"": [259]}, {""name"": ""白杯1"", ""m"": 5.36726, ""q"": 0.0138, ""c"": 0.2062, ""capture"": 0.067, ""share"": 0.09, ""miss_deg"": 2.33, ""labels"": [266]}, {""name"": ""白杯2"", ""m"": 3.95777, ""q"": 0.0102, ""c"": 0.1636, ""capture"": 0.062, ""share"": 0.066, ""miss_deg"": 2.36, ""labels"": [267]}]"
2026_08_20/003,c4,v9,beyond_occ,mass10,36.27,37.62,1.35,4.363,球M,261,0.302,0.0142,0.156,0.917,0.917,0.953,物品台,389.6407,0,0,,,,5,"[{""name"": ""球M"", ""m"": 5.52563, ""q"": 0.0142, ""c"": 0.091, ""capture"": 0.156, ""share"": 0.302, ""miss_deg"": 1.93, ""labels"": [261]}, {""name"": ""球L"", ""m"": 5.07719, ""q"": 0.013, ""c"": 0.091, ""capture"": 0.143, ""share"": 0.277, ""miss_deg"": 1.97, ""labels"": [259]}, {""name"": ""球R"", ""m"": 4.36411, ""q"": 0.0112, ""c"": 0.091, ""capture"": 0.123, ""share"": 0.238, ""miss_deg"": 2.05, ""labels"": [263]}, {""name"": ""水瓶"", ""m"": 2.55505, ""q"": 0.0066, ""c"": 0.5012, ""capture"": 0.013, ""share"": 0.14, ""miss_deg"": 2.94, ""labels"": [30]}, {""name"": ""白杯1"", ""m"": 0.77682, ""q"": 0.002, ""c"": 0.2062, ""capture"": 0.01, ""share"": 0.042, ""miss_deg"": 3.05, ""labels"": [266]}]"
2026_08_20/003,c4,v9,beyond_occ,mass10,37.9,38.6,0.7,4.357,球L,259,0.356,0.0249,0.273,0.63,0.629,0.93,物品台,389.6407,1,0,,,,6,"[{""name"": ""球L"", ""m"": 9.68968, ""q"": 0.0249, ""c"": 0.091, ""capture"": 0.273, ""share"": 0.356, ""miss_deg"": 1.61, ""labels"": [259]}, {""name"": ""球M"", ""m"": 6.10495, ""q"": 0.0157, ""c"": 0.091, ""capture"": 0.172, ""share"": 0.224, ""miss_deg"": 1.88, ""labels"": [261]}, {""name"": ""球R"", ""m"": 4.74799, ""q"": 0.0122, ""c"": 0.091, ""capture"": 0.134, ""share"": 0.174, ""miss_deg"": 2.01, ""labels"": [263]}, {""name"": ""苹果红"", ""m"": 2.71978, ""q"": 0.007, ""c"": 0.1188, ""capture"": 0.059, ""share"": 0.1, ""miss_deg"": 2.38, ""labels"": [260]}, {""name"": ""水瓶"", ""m"": 2.36093, ""q"": 0.0061, ""c"": 0.5012, ""capture"": 0.012, ""share"": 0.087, ""miss_deg"": 2.97, ""labels"": [30]}, {""name"": ""白杯1"", ""m"": 1.61792, ""q"": 0.0042, ""c"": 0.2062, ""capture"": 0.02, ""share"": 0.059, ""miss_deg"": 2.79, ""labels"": [266]}]"
2026_08_20/003,c4,v9,beyond_occ,mass10,38.87,45.1,6.23,4.348,球L,259,0.445,0.0203,0.223,0.422,0.42,0.954,object#35,389.6407,1,0,,,,6,"[{""name"": ""球L"", ""m"": 7.91967, ""q"": 0.0203, ""c"": 0.091, ""capture"": 0.223, ""share"": 0.445, ""miss_deg"": 1.73, ""labels"": [259]}, {""name"": ""球M"", ""m"": 3.32363, ""q"": 0.0085, ""c"": 0.091, ""capture"": 0.094, ""share"": 0.187, ""miss_deg"": 2.18, ""labels"": [261]}, {""name"": ""苹果红"", ""m"": 2.82073, ""q"": 0.0072, ""c"": 0.1188, ""capture"": 0.061, ""share"": 0.159, ""miss_deg"": 2.37, ""labels"": [260]}, {""name"": ""水瓶"", ""m"": 2.68737, ""q"": 0.0069, ""c"": 0.5012, ""capture"": 0.014, ""share"": 0.151, ""miss_deg"": 2.93, ""labels"": [30]}, {""name"": ""白杯1"", ""m"": 0.63077, ""q"": 0.0016, ""c"": 0.2062, ""capture"": 0.008, ""share"": 0.035, ""miss_deg"": 3.11, ""labels"": [266]}, {""name"": ""球R"", ""m"": 0.39758, ""q"": 0.001, ""c"": 0.091, ""capture"": 0.011, ""share"": 0.022, ""miss_deg"": 3.0, ""labels"": [263]}]"
2026_08_20/003,c4,v9,beyond_occ,mass10,45.35,45.9,0.54,4.36,球L,259,0.288,0.0169,0.186,0.849,0.851,0.941,物品台,389.6407,0,0,,,,6,"[{""name"": ""球L"", ""m"": 6.58252, ""q"": 0.0169, ""c"": 0.091, ""capture"": 0.186, ""share"": 0.288, ""miss_deg"": 1.84, ""labels"": [259]}, {""name"": ""球M"", ""m"": 5.59127, ""q"": 0.0143, ""c"": 0.091, ""capture"": 0.158, ""share"": 0.245, ""miss_deg"": 1.92, ""labels"": [261]}, {""name"": ""球R"", ""m"": 4.65102, ""q"": 0.0119, ""c"": 0.091, ""capture"": 0.131, ""share"": 0.204, ""miss_deg"": 2.02, ""labels"": [263]}, {""name"": ""水瓶"", ""m"": 3.86035, ""q"": 0.0099, ""c"": 0.5012, ""capture"": 0.02, ""share"": 0.169, ""miss_deg"": 2.8, ""labels"": [30]}, {""name"": ""白杯1"", ""m"": 1.55135, ""q"": 0.004, ""c"": 0.2062, ""capture"": 0.019, ""share"": 0.068, ""miss_deg"": 2.81, ""labels"": [266]}, {""name"": ""苹果红"", ""m"": 0.58306, ""q"": 0.0015, ""c"": 0.1188, ""capture"": 0.013, ""share"": 0.026, ""miss_deg"": 2.96, ""labels"": [260]}]"
2026_08_20/003,c4,v9,beyond_occ,mass10,46.09,47.01,0.92,4.349,球R,263,0.256,0.0402,0.442,0.934,0.938,0.843,物品台,389.6407,0,0,,,,7,"[{""name"": ""球R"", ""m"": 15.6808, ""q"": 0.0402, ""c"": 0.091, ""capture"": 0.442, ""share"": 0.256, ""miss_deg"": 1.28, ""labels"": [263]}, {""name"": ""球L"", ""m"": 14.65794, ""q"": 0.0376, ""c"": 0.091, ""capture"": 0.413, ""share"": 0.24, ""miss_deg"": 1.33, ""labels"": [259]}, {""name"": ""球M"", ""m"": 11.31422, ""q"": 0.029, ""c"": 0.091, ""capture"": 0.319, ""share"": 0.185, ""miss_deg"": 1.51, ""labels"": [261]}, {""name"": ""水瓶"", ""m"": 8.53384, ""q"": 0.0219, ""c"": 0.5012, ""capture"": 0.044, ""share"": 0.14, ""miss_deg"": 2.5, ""labels"": [30]}, {""name"": ""白杯1"", ""m"": 6.93232, ""q"": 0.0178, ""c"": 0.2062, ""capture"": 0.086, ""share"": 0.113, ""miss_deg"": 2.21, ""labels"": [266]}, {""name"": ""苹果红"", ""m"": 2.87486, ""q"": 0.0074, ""c"": 0.1188, ""capture"": 0.062, ""share"": 0.047, ""miss_deg"": 2.36, ""labels"": [260]}, {""name"": ""白杯2"", ""m"": 1.15276, ""q"": 0.003, ""c"": 0.1636, ""capture"": 0.018, ""share"": 0.019, ""miss_deg"": 2.83, ""labels"": [267]}]"
2026_08_20/003,c4,v9,beyond_occ,mass10,47.06,47.39,0.32,4.322,水瓶,30,0.203,0.0728,0.139,3.806,0.995,0.642,物品台,389.6407,0,0,,,,10,"[{""name"": ""水瓶"", ""m"": 28.34912, ""q"": 0.0728, ""c"": 0.5232, ""capture"": 0.139, ""share"": 0.203, ""miss_deg"": 1.99, ""labels"": [30]}, {""name"": ""苹果红"", ""m"": 28.20889, ""q"": 0.0724, ""c"": 0.1369, ""capture"": 0.529, ""share"": 0.202, ""miss_deg"": 1.13, ""labels"": [260]}, {""name"": ""球L"", ""m"": 26.6896, ""q"": 0.0685, ""c"": 0.091, ""capture"": 0.753, ""share"": 0.191, ""miss_deg"": 0.75, ""labels"": [259]}, {""name"": ""白杯1"", ""m"": 16.05786, ""q"": 0.0412, ""c"": 0.2062, ""capture"": 0.2, ""share"": 0.115, ""miss_deg"": 1.79, ""labels"": [266]}, {""name"": ""球M"", ""m"": 13.6419, ""q"": 0.035, ""c"": 0.091, ""capture"": 0.385, ""share"": 0.098, ""miss_deg"": 1.38, ""labels"": [261]}, {""name"": ""球R"", ""m"": 12.85787, ""q"": 0.033, ""c"": 0.091, ""capture"": 0.363, ""share"": 0.092, ""miss_deg"": 1.42, ""labels"": [263]}, {""name"": ""苹果粉"", ""m"": 8.42398, ""q"": 0.0216, ""c"": 0.1636, ""capture"": 0.132, ""share"": 0.06, ""miss_deg"": 2.01, ""labels"": [64]}, {""name"": ""白杯2"", ""m"": 3.12647, ""q"": 0.008, ""c"": 0.1636, ""capture"": 0.049, ""share"": 0.022, ""miss_deg"": 2.46, ""labels"": [267]}, {""name"": ""红杯"", ""m"": 1.6257, ""q"": 0.0042, ""c"": 0.3157, ""capture"": 0.013, ""share"": 0.012, ""miss_deg"": 2.94, ""labels"": [49]}, {""name"": ""香蕉"", ""m"": 0.56056, ""q"": 0.0014, ""c"": 0.6386, ""capture"": 0.002, ""share"": 0.004, ""miss_deg"": 3.49, ""labels"": [264]}]"
2026_08_20/003,c4,v9,beyond_occ,mass10,47.62,48.11,0.49,4.329,苹果红,260,0.255,0.0589,0.43,1.377,0.914,0.769,物品台,389.6407,0,0,,,,11,"[{""name"": ""苹果红"", ""m"": 22.94277, ""q"": 0.0589, ""c"": 0.1369, ""capture"": 0.43, ""share"": 0.255, ""miss_deg"": 1.3, ""labels"": [260]}, {""name"": ""球L"", ""m"": 20.99516, ""q"": 0.0539, ""c"": 0.091, ""capture"": 0.592, ""share"": 0.233, ""miss_deg"": 1.02, ""labels"": [259]}, {""name"": ""水瓶"", ""m"": 14.97584, ""q"": 0.0384, ""c"": 0.5232, ""capture"": 0.073, ""share"": 0.166, ""miss_deg"": 2.29, ""labels"": [30]}, {""name"": ""苹果粉"", ""m"": 10.55457, ""q"": 0.0271, ""c"": 0.1636, ""capture"": 0.166, ""share"": 0.117, ""miss_deg"": 1.9, ""labels"": [64]}, {""name"": ""球M"", ""m"": 7.47758, ""q"": 0.0192, ""c"": 0.091, ""capture"": 0.211, ""share"": 0.083, ""miss_deg"": 1.76, ""labels"": [261]}, {""name"": ""白杯1"", ""m"": 5.69974, ""q"": 0.0146, ""c"": 0.2062, ""capture"": 0.071, ""share"": 0.063, ""miss_deg"": 2.3, ""labels"": [266]}, {""name"": ""球R"", ""m"": 5.54729, ""q"": 0.0142, ""c"": 0.091, ""capture"": 0.156, ""share"": 0.062, ""miss_deg"": 1.93, ""labels"": [263]}, {""name"": ""红杯"", ""m"": 0.99651, ""q"": 0.0026, ""c"": 0.3157, ""capture"": 0.008, ""share"": 0.011, ""miss_deg"": 3.1, ""labels"": [49]}, {""name"": ""香蕉"", ""m"": 0.4756, ""q"": 0.0012, ""c"": 0.6386, ""capture"": 0.002, ""share"": 0.005, ""miss_deg"": 3.54, ""labels"": [264]}, {""name"": ""白杯2"", ""m"": 0.31471, ""q"": 0.0008, ""c"": 0.1636, ""capture"": 0.005, ""share"": 0.003, ""miss_deg"": 3.26, ""labels"": [267]}, {""name"": ""橘子"", ""m"": 0.08414, ""q"": 0.0002, ""c"": 0.1097, ""capture"": 0.002, ""share"": 0.001, ""miss_deg"": 3.53, ""labels"": [262]}]"
2026_08_20/003,c4,v9,beyond_occ,mass10,48.16,48.49,0.32,4.329,球R,263,0.319,0.0526,0.578,0.709,0.708,0.835,物品台,389.6407,0,0,,,,7,"[{""name"": ""球R"", ""m"": 20.4843, ""q"": 0.0526, ""c"": 0.091, ""capture"": 0.578, ""share"": 0.319, ""miss_deg"": 1.05, ""labels"": [263]}, {""name"": ""球M"", ""m"": 14.53238, ""q"": 0.0373, ""c"": 0.091, ""capture"": 0.41, ""share"": 0.226, ""miss_deg"": 1.34, ""labels"": [261]}, {""name"": ""球L"", ""m"": 10.61589, ""q"": 0.0272, ""c"": 0.091, ""capture"": 0.299, ""share"": 0.165, ""miss_deg"": 1.55, ""labels"": [259]}, {""name"": ""水瓶"", ""m"": 8.48083, ""q"": 0.0218, ""c"": 0.5232, ""capture"": 0.042, ""share"": 0.132, ""miss_deg"": 2.52, ""labels"": [30]}, {""name"": ""白杯1"", ""m"": 4.99337, ""q"": 0.0128, ""c"": 0.2062, ""capture"": 0.062, ""share"": 0.078, ""miss_deg"": 2.36, ""labels"": [266]}, {""name"": ""白杯2"", ""m"": 4.85448, ""q"": 0.0125, ""c"": 0.1636, ""capture"": 0.076, ""share"": 0.076, ""miss_deg"": 2.27, ""labels"": [267]}, {""name"": ""苹果红"", ""m"": 0.30381, ""q"": 0.0008, ""c"": 0.1369, ""capture"": 0.006, ""share"": 0.005, ""miss_deg"": 3.21, ""labels"": [260]}]"
2026_08_20/003,c4,v9,beyond_occ,mass10,48.54,50.4,1.86,4.345,球L,259,0.262,0.0316,0.347,0.723,0.947,0.88,object#35,389.6407,0,0,,,,8,"[{""name"": ""球L"", ""m"": 12.30691, ""q"": 0.0316, ""c"": 0.091, ""capture"": 0.347, ""share"": 0.262, ""miss_deg"": 1.45, ""labels"": [259]}, {""name"": ""苹果红"", ""m"": 11.62472, ""q"": 0.0298, ""c"": 0.1188, ""capture"": 0.251, ""share"": 0.248, ""miss_deg"": 1.66, ""labels"": [260]}, {""name"": ""苹果粉"", ""m"": 8.75296, ""q"": 0.0225, ""c"": 0.1636, ""capture"": 0.137, ""share"": 0.186, ""miss_deg"": 1.99, ""labels"": [64]}, {""name"": ""水瓶"", ""m"": 5.94398, ""q"": 0.0153, ""c"": 0.5012, ""capture"": 0.03, ""share"": 0.127, ""miss_deg"": 2.64, ""labels"": [30]}, {""name"": ""球M"", ""m"": 4.37237, ""q"": 0.0112, ""c"": 0.091, ""capture"": 0.123, ""share"": 0.093, ""miss_deg"": 2.05, ""labels"": [261]}, {""name"": ""白杯1"", ""m"": 2.14015, ""q"": 0.0055, ""c"": 0.2062, ""capture"": 0.027, ""share"": 0.046, ""miss_deg"": 2.69, ""labels"": [266]}, {""name"": ""球R"", ""m"": 1.58653, ""q"": 0.0041, ""c"": 0.091, ""capture"": 0.045, ""share"": 0.034, ""miss_deg"": 2.49, ""labels"": [263]}, {""name"": ""香蕉"", ""m"": 0.21146, ""q"": 0.0005, ""c"": 0.6386, ""capture"": 0.001, ""share"": 0.005, ""miss_deg"": 3.76, ""labels"": [264]}]"
2026_08_20/003,c4,v9,beyond_occ,mass10,50.57,51.87,1.3,4.348,球L,259,0.312,0.0368,0.405,0.568,0.567,0.882,物品台,389.6407,0,0,,,,7,"[{""name"": ""球L"", ""m"": 14.34594, ""q"": 0.0368, ""c"": 0.091, ""capture"": 0.405, ""share"": 0.312, ""miss_deg"": 1.35, ""labels"": [259]}, {""name"": ""球M"", ""m"": 8.14682, ""q"": 0.0209, ""c"": 0.091, ""capture"": 0.23, ""share"": 0.177, ""miss_deg"": 1.72, ""labels"": [261]}, {""name"": ""苹果红"", ""m"": 7.33474, ""q"": 0.0188, ""c"": 0.1188, ""capture"": 0.158, ""share"": 0.16, ""miss_deg"": 1.92, ""labels"": [260]}, {""name"": ""球R"", ""m"": 6.72058, ""q"": 0.0172, ""c"": 0.091, ""capture"": 0.19, ""share"": 0.146, ""miss_deg"": 1.82, ""labels"": [263]}, {""name"": ""水瓶"", ""m"": 6.13011, ""q"": 0.0157, ""c"": 0.5012, ""capture"": 0.031, ""share"": 0.133, ""miss_deg"": 2.63, ""labels"": [30]}, {""name"": ""白杯1"", ""m"": 3.15832, ""q"": 0.0081, ""c"": 0.2062, ""capture"": 0.039, ""share"": 0.069, ""miss_deg"": 2.54, ""labels"": [266]}, {""name"": ""白杯2"", ""m"": 0.13556, ""q"": 0.0003, ""c"": 0.1636, ""capture"": 0.002, ""share"": 0.003, ""miss_deg"": 3.51, ""labels"": [267]}]"
2026_08_20/003,c4,v9,beyond_occ,mass10,51.92,52.68,0.76,4.34,苹果粉,64,0.531,0.0224,0.137,0.109,0.36,0.958,object#35,389.6407,0,0,,,,5,"[{""name"": ""苹果粉"", ""m"": 8.74122, ""q"": 0.0224, ""c"": 0.1636, ""capture"": 0.137, ""share"": 0.531, ""miss_deg"": 1.99, ""labels"": [64]}, {""name"": ""水瓶"", ""m"": 3.1508, ""q"": 0.0081, ""c"": 0.5232, ""capture"": 0.015, ""share"": 0.191, ""miss_deg"": 2.89, ""labels"": [30]}, {""name"": ""球L"", ""m"": 2.92029, ""q"": 0.0075, ""c"": 0.091, ""capture"": 0.082, ""share"": 0.177, ""miss_deg"": 2.23, ""labels"": [259]}, {""name"": ""苹果红"", ""m"": 1.54515, ""q"": 0.004, ""c"": 0.1188, ""capture"": 0.033, ""share"": 0.094, ""miss_deg"": 2.61, ""labels"": [260]}, {""name"": ""球M"", ""m"": 0.09712, ""q"": 0.0002, ""c"": 0.091, ""capture"": 0.003, ""share"": 0.006, ""miss_deg"": 3.44, ""labels"": [261]}]"
2026_08_20/003,c4,v9,beyond_occ,mass10,53.16,53.7,0.54,4.348,苹果粉,64,0.342,0.0105,0.064,1.422,0.787,0.969,object#35,389.6407,0,0,,,,5,"[{""name"": ""苹果粉"", ""m"": 4.10281, ""q"": 0.0105, ""c"": 0.1636, ""capture"": 0.064, ""share"": 0.342, ""miss_deg"": 2.34, ""labels"": [64]}, {""name"": ""球L"", ""m"": 3.22798, ""q"": 0.0083, ""c"": 0.091, ""capture"": 0.091, ""share"": 0.269, ""miss_deg"": 2.19, ""labels"": [259]}, {""name"": ""水瓶"", ""m"": 2.53705, ""q"": 0.0065, ""c"": 0.5012, ""capture"": 0.013, ""share"": 0.212, ""miss_deg"": 2.95, ""labels"": [30]}, {""name"": ""苹果红"", ""m"": 1.81832, ""q"": 0.0047, ""c"": 0.1188, ""capture"": 0.039, ""share"": 0.152, ""miss_deg"": 2.54, ""labels"": [260]}, {""name"": ""球M"", ""m"": 0.30654, ""q"": 0.0008, ""c"": 0.091, ""capture"": 0.009, ""share"": 0.026, ""miss_deg"": 3.08, ""labels"": [261]}]"
2026_08_20/003,c4,v9,beyond_occ,mass10,54.29,55.27,0.97,4.344,球L,259,0.334,0.0266,0.292,0.503,0.659,0.92,object#35,389.6407,0,0,,,,8,"[{""name"": ""球L"", ""m"": 10.34796, ""q"": 0.0266, ""c"": 0.091, ""capture"": 0.292, ""share"": 0.334, ""miss_deg"": 1.57, ""labels"": [259]}, {""name"": ""苹果红"", ""m"": 6.82192, ""q"": 0.0175, ""c"": 0.1188, ""capture"": 0.147, ""share"": 0.22, ""miss_deg"": 1.96, ""labels"": [260]}, {""name"": ""水瓶"", ""m"": 4.40035, ""q"": 0.0113, ""c"": 0.5012, ""capture"": 0.023, ""share"": 0.142, ""miss_deg"": 2.75, ""labels"": [30]}, {""name"": ""球M"", ""m"": 3.75725, ""q"": 0.0096, ""c"": 0.091, ""capture"": 0.106, ""share"": 0.121, ""miss_deg"": 2.12, ""labels"": [261]}, {""name"": ""苹果粉"", ""m"": 3.42792, ""q"": 0.0088, ""c"": 0.1636, ""capture"": 0.054, ""share"": 0.111, ""miss_deg"": 2.42, ""labels"": [64]}, {""name"": ""白杯1"", ""m"": 1.29745, ""q"": 0.0033, ""c"": 0.2062, ""capture"": 0.016, ""share"": 0.042, ""miss_deg"": 2.87, ""labels"": [266]}, {""name"": ""球R"", ""m"": 0.82801, ""q"": 0.0021, ""c"": 0.091, ""capture"": 0.023, ""share"": 0.027, ""miss_deg"": 2.74, ""labels"": [263]}, {""name"": ""香蕉"", ""m"": 0.10955, ""q"": 0.0003, ""c"": 0.6386, ""capture"": 0.0, ""share"": 0.004, ""miss_deg"": 3.93, ""labels"": [264]}]"
2026_08_20/003,c4,v9,beyond_occ,mass10,55.54,55.98,0.43,4.339,苹果粉,64,1.0,0.0012,0.007,0.0,0.0,0.999,object#35,389.6407,0,0,,,,1,"[{""name"": ""苹果粉"", ""m"": 0.45492, ""q"": 0.0012, ""c"": 0.1636, ""capture"": 0.007, ""share"": 1.0, ""miss_deg"": 3.14, ""labels"": [64]}]"
2026_08_20/003,c4,v9,beyond_occ,mass10,56.3,56.79,0.49,4.343,球L,259,0.568,0.0078,0.086,0.442,0.445,0.986,object#35,389.6407,0,0,,,,4,"[{""name"": ""球L"", ""m"": 3.03839, ""q"": 0.0078, ""c"": 0.091, ""capture"": 0.086, ""share"": 0.568, ""miss_deg"": 2.22, ""labels"": [259]}, {""name"": ""球M"", ""m"": 1.35185, ""q"": 0.0035, ""c"": 0.091, ""capture"": 0.038, ""share"": 0.253, ""miss_deg"": 2.56, ""labels"": [261]}, {""name"": ""水瓶"", ""m"": 0.56335, ""q"": 0.0014, ""c"": 0.5232, ""capture"": 0.003, ""share"": 0.105, ""miss_deg"": 3.43, ""labels"": [30]}, {""name"": ""苹果红"", ""m"": 0.39621, ""q"": 0.001, ""c"": 0.1188, ""capture"": 0.009, ""share"": 0.074, ""miss_deg"": 3.09, ""labels"": [260]}]"
2026_08_20/003,c4,v9,beyond_occ,mass10,56.84,57.98,1.14,4.348,球L,259,0.368,0.0123,0.135,0.415,0.745,0.967,object#35,389.6407,0,0,,,,5,"[{""name"": ""球L"", ""m"": 4.78588, ""q"": 0.0123, ""c"": 0.091, ""capture"": 0.135, ""share"": 0.368, ""miss_deg"": 2.0, ""labels"": [259]}, {""name"": ""苹果粉"", ""m"": 3.56333, ""q"": 0.0091, ""c"": 0.1636, ""capture"": 0.056, ""share"": 0.274, ""miss_deg"": 2.4, ""labels"": [64]}, {""name"": ""水瓶"", ""m"": 2.02795, ""q"": 0.0052, ""c"": 0.5012, ""capture"": 0.01, ""share"": 0.156, ""miss_deg"": 3.02, ""labels"": [30]}, {""name"": ""苹果红"", ""m"": 2.0087, ""q"": 0.0052, ""c"": 0.1188, ""capture"": 0.043, ""share"": 0.155, ""miss_deg"": 2.5, ""labels"": [260]}, {""name"": ""球M"", ""m"": 0.61332, ""q"": 0.0016, ""c"": 0.091, ""capture"": 0.017, ""share"": 0.047, ""miss_deg"": 2.85, ""labels"": [261]}]"
2026_08_20/003,c4,v9,beyond_occ,mass10,58.27,58.92,0.65,4.377,球R,263,0.287,0.0244,0.268,0.791,0.791,0.915,物品台,389.6407,0,0,,,,6,"[{""name"": ""球R"", ""m"": 9.49406, ""q"": 0.0244, ""c"": 0.091, ""capture"": 0.268, ""share"": 0.287, ""miss_deg"": 1.62, ""labels"": [263]}, {""name"": ""球M"", ""m"": 7.5005, ""q"": 0.0192, ""c"": 0.091, ""capture"": 0.212, ""share"": 0.227, ""miss_deg"": 1.76, ""labels"": [261]}, {""name"": ""球L"", ""m"": 6.8358, ""q"": 0.0175, ""c"": 0.091, ""capture"": 0.193, ""share"": 0.207, ""miss_deg"": 1.81, ""labels"": [259]}, {""name"": ""水瓶"", ""m"": 5.00623, ""q"": 0.0128, ""c"": 0.5012, ""capture"": 0.026, ""share"": 0.151, ""miss_deg"": 2.71, ""labels"": [30]}, {""name"": ""白杯1"", ""m"": 2.99671, ""q"": 0.0077, ""c"": 0.2062, ""capture"": 0.037, ""share"": 0.091, ""miss_deg"": 2.56, ""labels"": [266]}, {""name"": ""白杯2"", ""m"": 1.24468, ""q"": 0.0032, ""c"": 0.1636, ""capture"": 0.02, ""share"": 0.038, ""miss_deg"": 2.81, ""labels"": [267]}]"
2026_08_20/003,c4,v9,beyond_occ,mass10,59.03,59.36,0.32,4.368,球R,263,0.293,0.0235,0.258,0.143,0.795,0.92,物品台,389.6407,0,0,,,,6,"[{""name"": ""球R"", ""m"": 9.16275, ""q"": 0.0235, ""c"": 0.091, ""capture"": 0.258, ""share"": 0.293, ""miss_deg"": 1.65, ""labels"": [263]}, {""name"": ""水瓶"", ""m"": 7.29599, ""q"": 0.0187, ""c"": 0.5012, ""capture"": 0.037, ""share"": 0.233, ""miss_deg"": 2.56, ""labels"": [30]}, {""name"": ""球M"", ""m"": 7.06863, ""q"": 0.0181, ""c"": 0.091, ""capture"": 0.199, ""share"": 0.226, ""miss_deg"": 1.8, ""labels"": [261]}, {""name"": ""球L"", ""m"": 4.85529, ""q"": 0.0125, ""c"": 0.091, ""capture"": 0.137, ""share"": 0.155, ""miss_deg"": 1.99, ""labels"": [259]}, {""name"": ""白杯1"", ""m"": 1.50274, ""q"": 0.0039, ""c"": 0.2062, ""capture"": 0.019, ""share"": 0.048, ""miss_deg"": 2.82, ""labels"": [266]}, {""name"": ""白杯2"", ""m"": 1.38106, ""q"": 0.0035, ""c"": 0.1636, ""capture"": 0.022, ""share"": 0.044, ""miss_deg"": 2.77, ""labels"": [267]}]"
2026_08_20/003,c4,v9,beyond_occ,mass10,59.41,60.06,0.65,4.375,球L,259,0.297,0.0296,0.325,0.631,0.633,0.901,物品台,389.6407,0,0,,,,7,"[{""name"": ""球L"", ""m"": 11.52198, ""q"": 0.0296, ""c"": 0.091, ""capture"": 0.325, ""share"": 0.297, ""miss_deg"": 1.5, ""labels"": [259]}, {""name"": ""球M"", ""m"": 7.27526, ""q"": 0.0187, ""c"": 0.091, ""capture"": 0.205, ""share"": 0.188, ""miss_deg"": 1.78, ""labels"": [261]}, {""name"": ""苹果红"", ""m"": 6.88259, ""q"": 0.0177, ""c"": 0.1188, ""capture"": 0.149, ""share"": 0.178, ""miss_deg"": 1.95, ""labels"": [260]}, {""name"": ""水瓶"", ""m"": 4.94637, ""q"": 0.0127, ""c"": 0.5012, ""capture"": 0.025, ""share"": 0.128, ""miss_deg"": 2.71, ""labels"": [30]}, {""name"": ""球R"", ""m"": 4.84074, ""q"": 0.0124, ""c"": 0.091, ""capture"": 0.137, ""share"": 0.125, ""miss_deg"": 2.0, ""labels"": [263]}, {""name"": ""白杯1"", ""m"": 3.15812, ""q"": 0.0081, ""c"": 0.2062, ""capture"": 0.039, ""share"": 0.081, ""miss_deg"": 2.54, ""labels"": [266]}, {""name"": ""白杯2"", ""m"": 0.13556, ""q"": 0.0003, ""c"": 0.1636, ""capture"": 0.002, ""share"": 0.003, ""miss_deg"": 3.51, ""labels"": [267]}]"
2026_08_20/003,c4,v9,beyond_occ,mass10,60.39,64.18,3.79,4.369,球L,259,0.346,0.031,0.341,0.557,0.558,0.91,物品台,389.6407,0,0,,,,6,"[{""name"": ""球L"", ""m"": 12.09717, ""q"": 0.031, ""c"": 0.091, ""capture"": 0.341, ""share"": 0.346, ""miss_deg"": 1.47, ""labels"": [259]}, {""name"": ""球R"", ""m"": 6.73868, ""q"": 0.0173, ""c"": 0.091, ""capture"": 0.19, ""share"": 0.193, ""miss_deg"": 1.82, ""labels"": [263]}, {""name"": ""球M"", ""m"": 6.54865, ""q"": 0.0168, ""c"": 0.091, ""capture"": 0.185, ""share"": 0.187, ""miss_deg"": 1.84, ""labels"": [261]}, {""name"": ""苹果红"", ""m"": 3.63312, ""q"": 0.0093, ""c"": 0.1188, ""capture"": 0.078, ""share"": 0.104, ""miss_deg"": 2.26, ""labels"": [260]}, {""name"": ""水瓶"", ""m"": 3.49449, ""q"": 0.009, ""c"": 0.5012, ""capture"": 0.018, ""share"": 0.1, ""miss_deg"": 2.84, ""labels"": [30]}, {""name"": ""白杯1"", ""m"": 2.46208, ""q"": 0.0063, ""c"": 0.2062, ""capture"": 0.031, ""share"": 0.07, ""miss_deg"": 2.64, ""labels"": [266]}]"
2026_08_20/003,c4,v9,beyond_occ,mass10,66.06,66.5,0.43,2.766,,-1,0.0,0.0,,,,1.0,floor,389.6407,0,0,,,,0,[]
2026_08_20/003,c4,v9,beyond_occ,mass10,67.31,70.23,2.92,3.047,,-1,0.0,0.0,,,,1.0,floor,389.6407,0,0,,,,0,[]
2026_08_20/003,c4,v9,beyond_occ,mass10,70.9,71.98,1.08,4.278,苹果红,260,0.26,0.0826,0.603,0.64,0.885,0.682,物品台,389.6407,0,0,,,,9,"[{""name"": ""苹果红"", ""m"": 32.17588, ""q"": 0.0826, ""c"": 0.1369, ""capture"": 0.603, ""share"": 0.26, ""miss_deg"": 1.01, ""labels"": [260]}, {""name"": ""苹果粉"", ""m"": 28.43941, ""q"": 0.073, ""c"": 0.1892, ""capture"": 0.386, ""share"": 0.23, ""miss_deg"": 1.38, ""labels"": [64]}, {""name"": ""球L"", ""m"": 26.79279, ""q"": 0.0688, ""c"": 0.091, ""capture"": 0.756, ""share"": 0.216, ""miss_deg"": 0.75, ""labels"": [259]}, {""name"": ""水瓶"", ""m"": 12.73503, ""q"": 0.0327, ""c"": 0.5232, ""capture"": 0.062, ""share"": 0.103, ""miss_deg"": 2.36, ""labels"": [30]}, {""name"": ""白杯1"", ""m"": 11.09427, ""q"": 0.0285, ""c"": 0.2062, ""capture"": 0.138, ""share"": 0.09, ""miss_deg"": 1.99, ""labels"": [266]}, {""name"": ""球R"", ""m"": 4.65602, ""q"": 0.0119, ""c"": 0.091, ""capture"": 0.131, ""share"": 0.038, ""miss_deg"": 2.02, ""labels"": [263]}, {""name"": ""香蕉"", ""m"": 4.23458, ""q"": 0.0109, ""c"": 0.6428, ""capture"": 0.017, ""share"": 0.034, ""miss_deg"": 2.86, ""labels"": [264]}, {""name"": ""球M"", ""m"": 2.95546, ""q"": 0.0076, ""c"": 0.091, ""capture"": 0.083, ""share"": 0.024, ""miss_deg"": 2.23, ""labels"": [261]}, {""name"": ""橘子"", ""m"": 0.70728, ""q"": 0.0018, ""c"": 0.1097, ""capture"": 0.017, ""share"": 0.006, ""miss_deg"": 2.86, ""labels"": [262]}]"
2026_08_20/003,c4,v9,beyond_occ,mass10,72.04,72.63,0.6,4.28,球L,259,0.329,0.0805,0.884,0.467,0.702,0.756,物品台,389.6407,0,0,,,,10,"[{""name"": ""球L"", ""m"": 31.35899, ""q"": 0.0805, ""c"": 0.091, ""capture"": 0.884, ""share"": 0.329, ""miss_deg"": 0.5, ""labels"": [259]}, {""name"": ""苹果红"", ""m"": 22.02504, ""q"": 0.0565, ""c"": 0.1369, ""capture"": 0.413, ""share"": 0.231, ""miss_deg"": 1.33, ""labels"": [260]}, {""name"": ""苹果粉"", ""m"": 9.97606, ""q"": 0.0256, ""c"": 0.1892, ""capture"": 0.135, ""share"": 0.105, ""miss_deg"": 2.0, ""labels"": [64]}, {""name"": ""球M"", ""m"": 9.85516, ""q"": 0.0253, ""c"": 0.091, ""capture"": 0.278, ""share"": 0.104, ""miss_deg"": 1.6, ""labels"": [261]}, {""name"": ""水瓶"", ""m"": 9.32841, ""q"": 0.0239, ""c"": 0.5232, ""capture"": 0.046, ""share"": 0.098, ""miss_deg"": 2.48, ""labels"": [30]}, {""name"": ""球R"", ""m"": 6.08285, ""q"": 0.0156, ""c"": 0.091, ""capture"": 0.172, ""share"": 0.064, ""miss_deg"": 1.88, ""labels"": [263]}, {""name"": ""白杯1"", ""m"": 4.94955, ""q"": 0.0127, ""c"": 0.2062, ""capture"": 0.062, ""share"": 0.052, ""miss_deg"": 2.36, ""labels"": [266]}, {""name"": ""红杯"", ""m"": 0.84892, ""q"": 0.0022, ""c"": 0.3157, ""capture"": 0.007, ""share"": 0.009, ""miss_deg"": 3.15, ""labels"": [49]}, {""name"": ""白杯2"", ""m"": 0.60552, ""q"": 0.0016, ""c"": 0.1636, ""capture"": 0.009, ""share"": 0.006, ""miss_deg"": 3.05, ""labels"": [267]}, {""name"": ""香蕉"", ""m"": 0.18265, ""q"": 0.0005, ""c"": 0.6428, ""capture"": 0.001, ""share"": 0.002, ""miss_deg"": 3.8, ""labels"": [264]}]"
2026_08_20/003,c4,v9,beyond_occ,mass10,72.86,75.73,2.87,4.294,球L,259,0.309,0.0315,0.347,0.562,0.845,0.898,object#35,389.6407,0,0,,,,8,"[{""name"": ""球L"", ""m"": 12.29311, ""q"": 0.0315, ""c"": 0.091, ""capture"": 0.347, ""share"": 0.309, ""miss_deg"": 1.46, ""labels"": [259]}, {""name"": ""苹果红"", ""m"": 10.40208, ""q"": 0.0267, ""c"": 0.1369, ""capture"": 0.195, ""share"": 0.261, ""miss_deg"": 1.81, ""labels"": [260]}, {""name"": ""苹果粉"", ""m"": 6.57457, ""q"": 0.0169, ""c"": 0.1636, ""capture"": 0.103, ""share"": 0.165, ""miss_deg"": 2.13, ""labels"": [64]}, {""name"": ""水瓶"", ""m"": 5.47836, ""q"": 0.0141, ""c"": 0.5232, ""capture"": 0.027, ""share"": 0.138, ""miss_deg"": 2.69, ""labels"": [30]}, {""name"": ""球M"", ""m"": 2.36351, ""q"": 0.0061, ""c"": 0.091, ""capture"": 0.067, ""share"": 0.059, ""miss_deg"": 2.33, ""labels"": [261]}, {""name"": ""白杯1"", ""m"": 1.94811, ""q"": 0.005, ""c"": 0.2062, ""capture"": 0.024, ""share"": 0.049, ""miss_deg"": 2.73, ""labels"": [266]}, {""name"": ""球R"", ""m"": 0.6102, ""q"": 0.0016, ""c"": 0.091, ""capture"": 0.017, ""share"": 0.015, ""miss_deg"": 2.85, ""labels"": [263]}, {""name"": ""香蕉"", ""m"": 0.12573, ""q"": 0.0003, ""c"": 0.6386, ""capture"": 0.001, ""share"": 0.003, ""miss_deg"": 3.9, ""labels"": [264]}]"
2026_08_20/003,c4,v9,beyond_occ,mass10,76.0,76.6,0.6,4.302,球L,259,0.537,0.0227,0.25,0.056,0.318,0.958,object#35,389.6407,1,1,,,,7,"[{""name"": ""球L"", ""m"": 8.84764, ""q"": 0.0227, ""c"": 0.091, ""capture"": 0.25, ""share"": 0.537, ""miss_deg"": 1.67, ""labels"": [259]}, {""name"": ""水瓶"", ""m"": 2.82353, ""q"": 0.0072, ""c"": 0.5232, ""capture"": 0.014, ""share"": 0.171, ""miss_deg"": 2.93, ""labels"": [30]}, {""name"": ""球M"", ""m"": 2.00386, ""q"": 0.0051, ""c"": 0.091, ""capture"": 0.057, ""share"": 0.122, ""miss_deg"": 2.4, ""labels"": [261]}, {""name"": ""苹果红"", ""m"": 1.86262, ""q"": 0.0048, ""c"": 0.1369, ""capture"": 0.035, ""share"": 0.113, ""miss_deg"": 2.59, ""labels"": [260]}, {""name"": ""苹果粉"", ""m"": 0.40915, ""q"": 0.0011, ""c"": 0.1636, ""capture"": 0.006, ""share"": 0.025, ""miss_deg"": 3.18, ""labels"": [64]}, {""name"": ""球R"", ""m"": 0.28577, ""q"": 0.0007, ""c"": 0.091, ""capture"": 0.008, ""share"": 0.017, ""miss_deg"": 3.11, ""labels"": [263]}, {""name"": ""白杯1"", ""m"": 0.24394, ""q"": 0.0006, ""c"": 0.2062, ""capture"": 0.003, ""share"": 0.015, ""miss_deg"": 3.41, ""labels"": [266]}]"
2026_08_20/003,c4,v9,beyond_occ,mass10,76.65,81.05,4.4,4.295,苹果粉,64,0.552,0.0045,0.027,0.815,0.447,0.992,object#37,389.6407,0,0,,,,4,"[{""name"": ""苹果粉"", ""m"": 1.73883, ""q"": 0.0045, ""c"": 0.1636, ""capture"": 0.027, ""share"": 0.552, ""miss_deg"": 2.68, ""labels"": [64]}, {""name"": ""球L"", ""m"": 0.77686, ""q"": 0.002, ""c"": 0.091, ""capture"": 0.022, ""share"": 0.247, ""miss_deg"": 2.76, ""labels"": [259]}, {""name"": ""水瓶"", ""m"": 0.48487, ""q"": 0.0012, ""c"": 0.5232, ""capture"": 0.002, ""share"": 0.154, ""miss_deg"": 3.48, ""labels"": [30]}, {""name"": ""苹果红"", ""m"": 0.14805, ""q"": 0.0004, ""c"": 0.1369, ""capture"": 0.003, ""share"": 0.047, ""miss_deg"": 3.43, ""labels"": [260]}]"
2026_08_20/003,c4,v9,beyond_occ,mass10,81.49,83.0,1.52,4.297,苹果粉,64,0.398,0.0669,0.409,0.643,0.538,0.832,object#35,389.6407,1,0,,,,9,"[{""name"": ""苹果粉"", ""m"": 26.05861, ""q"": 0.0669, ""c"": 0.1636, ""capture"": 0.409, ""share"": 0.398, ""miss_deg"": 1.34, ""labels"": [64]}, {""name"": ""苹果红"", ""m"": 14.00466, ""q"": 0.0359, ""c"": 0.1369, ""capture"": 0.263, ""share"": 0.214, ""miss_deg"": 1.64, ""labels"": [260]}, {""name"": ""球L"", ""m"": 11.3031, ""q"": 0.029, ""c"": 0.091, ""capture"": 0.319, ""share"": 0.173, ""miss_deg"": 1.51, ""labels"": [259]}, {""name"": ""水瓶"", ""m"": 6.52756, ""q"": 0.0168, ""c"": 0.5232, ""capture"": 0.032, ""share"": 0.1, ""miss_deg"": 2.62, ""labels"": [30]}, {""name"": ""香蕉"", ""m"": 3.21542, ""q"": 0.0083, ""c"": 0.6386, ""capture"": 0.013, ""share"": 0.049, ""miss_deg"": 2.95, ""labels"": [264]}, {""name"": ""白杯1"", ""m"": 2.85133, ""q"": 0.0073, ""c"": 0.2062, ""capture"": 0.035, ""share"": 0.044, ""miss_deg"": 2.58, ""labels"": [266]}, {""name"": ""球R"", ""m"": 0.71019, ""q"": 0.0018, ""c"": 0.091, ""capture"": 0.02, ""share"": 0.011, ""miss_deg"": 2.8, ""labels"": [263]}, {""name"": ""橘子"", ""m"": 0.55662, ""q"": 0.0014, ""c"": 0.1097, ""capture"": 0.013, ""share"": 0.009, ""miss_deg"": 2.95, ""labels"": [262]}, {""name"": ""球M"", ""m"": 0.22098, ""q"": 0.0006, ""c"": 0.091, ""capture"": 0.006, ""share"": 0.003, ""miss_deg"": 3.19, ""labels"": [261]}]"
2026_08_20/003,c4,v9,beyond_occ,mass10,83.06,84.36,1.3,4.314,球L,259,0.351,0.0545,0.599,0.382,0.575,0.845,object#35,389.6407,1,0,,,,8,"[{""name"": ""球L"", ""m"": 21.25096, ""q"": 0.0545, ""c"": 0.091, ""capture"": 0.599, ""share"": 0.351, ""miss_deg"": 1.01, ""labels"": [259]}, {""name"": ""苹果红"", ""m"": 12.23863, ""q"": 0.0314, ""c"": 0.1369, ""capture"": 0.229, ""share"": 0.202, ""miss_deg"": 1.72, ""labels"": [260]}, {""name"": ""苹果粉"", ""m"": 9.33267, ""q"": 0.024, ""c"": 0.1636, ""capture"": 0.146, ""share"": 0.154, ""miss_deg"": 1.96, ""labels"": [64]}, {""name"": ""白杯1"", ""m"": 5.38628, ""q"": 0.0138, ""c"": 0.2062, ""capture"": 0.067, ""share"": 0.089, ""miss_deg"": 2.32, ""labels"": [266]}, {""name"": ""水瓶"", ""m"": 4.85924, ""q"": 0.0125, ""c"": 0.5232, ""capture"": 0.024, ""share"": 0.08, ""miss_deg"": 2.73, ""labels"": [30]}, {""name"": ""球R"", ""m"": 3.57301, ""q"": 0.0092, ""c"": 0.091, ""capture"": 0.101, ""share"": 0.059, ""miss_deg"": 2.14, ""labels"": [263]}, {""name"": ""球M"", ""m"": 3.15698, ""q"": 0.0081, ""c"": 0.091, ""capture"": 0.089, ""share"": 0.052, ""miss_deg"": 2.2, ""labels"": [261]}, {""name"": ""香蕉"", ""m"": 0.73491, ""q"": 0.0019, ""c"": 0.6386, ""capture"": 0.003, ""share"": 0.012, ""miss_deg"": 3.41, ""labels"": [264]}]"
2026_08_20/003,c4,v9,beyond_occ,mass10,84.41,84.85,0.43,4.31,球L,259,0.596,0.005,0.055,0.055,0.347,0.992,object#35,389.6407,0,0,,,,4,"[{""name"": ""球L"", ""m"": 1.93802, ""q"": 0.005, ""c"": 0.091, ""capture"": 0.055, ""share"": 0.596, ""miss_deg"": 2.41, ""labels"": [259]}, {""name"": ""水瓶"", ""m"": 0.67275, ""q"": 0.0017, ""c"": 0.5232, ""capture"": 0.003, ""share"": 0.207, ""miss_deg"": 3.38, ""labels"": [30]}, {""name"": ""苹果红"", ""m"": 0.35026, ""q"": 0.0009, ""c"": 0.1369, ""capture"": 0.007, ""share"": 0.108, ""miss_deg"": 3.17, ""labels"": [260]}, {""name"": ""球M"", ""m"": 0.29077, ""q"": 0.0007, ""c"": 0.091, ""capture"": 0.008, ""share"": 0.089, ""miss_deg"": 3.1, ""labels"": [261]}]"
2026_08_20/003,c4,v9,beyond_occ,mass10,84.9,85.33,0.43,4.299,苹果粉,64,0.584,0.0387,0.237,0.072,0.236,0.934,object#35,389.6407,1,1,,,,7,"[{""name"": ""苹果粉"", ""m"": 15.0921, ""q"": 0.0387, ""c"": 0.1636, ""capture"": 0.237, ""share"": 0.584, ""miss_deg"": 1.7, ""labels"": [64]}, {""name"": ""水瓶"", ""m"": 3.56066, ""q"": 0.0091, ""c"": 0.5232, ""capture"": 0.017, ""share"": 0.138, ""miss_deg"": 2.85, ""labels"": [30]}, {""name"": ""苹果红"", ""m"": 3.38164, ""q"": 0.0087, ""c"": 0.1369, ""capture"": 0.063, ""share"": 0.131, ""miss_deg"": 2.35, ""labels"": [260]}, {""name"": ""球L"", ""m"": 2.83797, ""q"": 0.0073, ""c"": 0.091, ""capture"": 0.08, ""share"": 0.11, ""miss_deg"": 2.25, ""labels"": [259]}, {""name"": ""橘子"", ""m"": 0.85512, ""q"": 0.0022, ""c"": 0.1097, ""capture"": 0.02, ""share"": 0.033, ""miss_deg"": 2.8, ""labels"": [262]}, {""name"": ""香蕉"", ""m"": 0.0803, ""q"": 0.0002, ""c"": 0.6386, ""capture"": 0.0, ""share"": 0.003, ""miss_deg"": 4.01, ""labels"": [264]}, {""name"": ""球M"", ""m"": 0.053, ""q"": 0.0001, ""c"": 0.091, ""capture"": 0.001, ""share"": 0.002, ""miss_deg"": 3.61, ""labels"": [261]}]"
2026_08_20/003,c4,v9,beyond_occ,mass10,85.39,86.9,1.52,4.304,水瓶,30,0.584,0.0111,0.021,1.429,0.447,0.981,object#35,389.6407,0,0,,,,4,"[{""name"": ""水瓶"", ""m"": 4.3185, ""q"": 0.0111, ""c"": 0.5232, ""capture"": 0.021, ""share"": 0.584, ""miss_deg"": 2.78, ""labels"": [30]}, {""name"": ""苹果粉"", ""m"": 1.9289, ""q"": 0.005, ""c"": 0.1636, ""capture"": 0.03, ""share"": 0.261, ""miss_deg"": 2.65, ""labels"": [64]}, {""name"": ""球L"", ""m"": 0.88972, ""q"": 0.0023, ""c"": 0.091, ""capture"": 0.025, ""share"": 0.12, ""miss_deg"": 2.71, ""labels"": [259]}, {""name"": ""苹果红"", ""m"": 0.26246, ""q"": 0.0007, ""c"": 0.1369, ""capture"": 0.005, ""share"": 0.035, ""miss_deg"": 3.26, ""labels"": [260]}]"
2026_08_20/003,c4,v9,beyond_occ,mass10,87.15,87.63,0.49,4.31,水瓶,30,0.459,0.0041,0.008,3.0,0.527,0.991,object#35,389.6407,0,0,,,,4,"[{""name"": ""水瓶"", ""m"": 1.61692, ""q"": 0.0041, ""c"": 0.5232, ""capture"": 0.008, ""share"": 0.459, ""miss_deg"": 3.11, ""labels"": [30]}, {""name"": ""球L"", ""m"": 0.85443, ""q"": 0.0022, ""c"": 0.091, ""capture"": 0.024, ""share"": 0.242, ""miss_deg"": 2.73, ""labels"": [259]}, {""name"": ""苹果粉"", ""m"": 0.82874, ""q"": 0.0021, ""c"": 0.1636, ""capture"": 0.013, ""share"": 0.235, ""miss_deg"": 2.95, ""labels"": [64]}, {""name"": ""苹果红"", ""m"": 0.22346, ""q"": 0.0006, ""c"": 0.1369, ""capture"": 0.004, ""share"": 0.063, ""miss_deg"": 3.31, ""labels"": [260]}]"
2026_08_20/003,c4,v9,beyond_occ,mass10,87.69,89.2,1.52,4.33,球L,259,0.387,0.0248,0.273,0.484,0.483,0.936,物品台,389.6407,1,0,,,,6,"[{""name"": ""球L"", ""m"": 9.67481, ""q"": 0.0248, ""c"": 0.091, ""capture"": 0.273, ""share"": 0.387, ""miss_deg"": 1.61, ""labels"": [259]}, {""name"": ""球M"", ""m"": 4.66646, ""q"": 0.012, ""c"": 0.091, ""capture"": 0.132, ""share"": 0.187, ""miss_deg"": 2.01, ""labels"": [261]}, {""name"": ""球R"", ""m"": 4.10362, ""q"": 0.0105, ""c"": 0.091, ""capture"": 0.116, ""share"": 0.164, ""miss_deg"": 2.08, ""labels"": [263]}, {""name"": ""水瓶"", ""m"": 2.46906, ""q"": 0.0063, ""c"": 0.5232, ""capture"": 0.012, ""share"": 0.099, ""miss_deg"": 2.97, ""labels"": [30]}, {""name"": ""白杯1"", ""m"": 2.33499, ""q"": 0.006, ""c"": 0.2062, ""capture"": 0.029, ""share"": 0.093, ""miss_deg"": 2.66, ""labels"": [266]}, {""name"": ""苹果红"", ""m"": 1.75593, ""q"": 0.0045, ""c"": 0.1369, ""capture"": 0.033, ""share"": 0.07, ""miss_deg"": 2.61, ""labels"": [260]}]"
2026_08_20/003,c4,v9,beyond_occ,mass10,89.42,91.97,2.55,4.336,球L,259,0.556,0.016,0.176,0.045,0.264,0.971,object#35,389.6407,0,0,,,,5,"[{""name"": ""球L"", ""m"": 6.23946, ""q"": 0.016, ""c"": 0.091, ""capture"": 0.176, ""share"": 0.556, ""miss_deg"": 1.86, ""labels"": [259]}, {""name"": ""水瓶"", ""m"": 1.65111, ""q"": 0.0042, ""c"": 0.5232, ""capture"": 0.008, ""share"": 0.147, ""miss_deg"": 3.1, ""labels"": [30]}, {""name"": ""苹果红"", ""m"": 1.49925, ""q"": 0.0038, ""c"": 0.1369, ""capture"": 0.028, ""share"": 0.134, ""miss_deg"": 2.67, ""labels"": [260]}, {""name"": ""球M"", ""m"": 1.22838, ""q"": 0.0032, ""c"": 0.091, ""capture"": 0.035, ""share"": 0.109, ""miss_deg"": 2.59, ""labels"": [261]}, {""name"": ""苹果粉"", ""m"": 0.60574, ""q"": 0.0016, ""c"": 0.1636, ""capture"": 0.01, ""share"": 0.054, ""miss_deg"": 3.05, ""labels"": [64]}]"
2026_08_20/003,c4,v9,beyond_occ,mass10,92.02,92.62,0.6,4.323,水瓶,30,0.472,0.0179,0.034,1.706,0.53,0.962,object#35,389.6407,0,0,,,,5,"[{""name"": ""水瓶"", ""m"": 6.98904, ""q"": 0.0179, ""c"": 0.5232, ""capture"": 0.034, ""share"": 0.472, ""miss_deg"": 2.6, ""labels"": [30]}, {""name"": ""苹果粉"", ""m"": 3.69459, ""q"": 0.0095, ""c"": 0.1636, ""capture"": 0.058, ""share"": 0.25, ""miss_deg"": 2.39, ""labels"": [64]}, {""name"": ""球L"", ""m"": 2.4948, ""q"": 0.0064, ""c"": 0.091, ""capture"": 0.07, ""share"": 0.169, ""miss_deg"": 2.3, ""labels"": [259]}, {""name"": ""苹果红"", ""m"": 1.54105, ""q"": 0.004, ""c"": 0.1369, ""capture"": 0.029, ""share"": 0.104, ""miss_deg"": 2.66, ""labels"": [260]}, {""name"": ""球M"", ""m"": 0.08032, ""q"": 0.0002, ""c"": 0.091, ""capture"": 0.002, ""share"": 0.005, ""miss_deg"": 3.49, ""labels"": [261]}]"
2026_08_20/003,c4,v9,beyond_occ,mass10,93.06,93.39,0.32,4.316,球L,259,0.568,0.0122,0.134,0.052,0.283,0.978,object#35,389.6407,0,0,,,,4,"[{""name"": ""球L"", ""m"": 4.76641, ""q"": 0.0122, ""c"": 0.091, ""capture"": 0.134, ""share"": 0.568, ""miss_deg"": 2.0, ""labels"": [259]}, {""name"": ""水瓶"", ""m"": 1.34755, ""q"": 0.0035, ""c"": 0.5232, ""capture"": 0.007, ""share"": 0.161, ""miss_deg"": 3.17, ""labels"": [30]}, {""name"": ""球M"", ""m"": 1.18844, ""q"": 0.0031, ""c"": 0.091, ""capture"": 0.034, ""share"": 0.142, ""miss_deg"": 2.61, ""labels"": [261]}, {""name"": ""苹果红"", ""m"": 1.08407, ""q"": 0.0028, ""c"": 0.1369, ""capture"": 0.02, ""share"": 0.129, ""miss_deg"": 2.79, ""labels"": [260]}]"
2026_08_20/003,c4,v9,beyond_occ,mass10,93.44,94.04,0.6,4.284,苹果红,260,0.25,0.0635,0.464,1.388,0.924,0.746,object#35,389.6407,0,0,,,,10,"[{""name"": ""苹果红"", ""m"": 24.73767, ""q"": 0.0635, ""c"": 0.1369, ""capture"": 0.464, ""share"": 0.25, ""miss_deg"": 1.24, ""labels"": [260]}, {""name"": ""球L"", ""m"": 22.83348, ""q"": 0.0586, ""c"": 0.091, ""capture"": 0.644, ""share"": 0.231, ""miss_deg"": 0.94, ""labels"": [259]}, {""name"": ""苹果粉"", ""m"": 16.9893, ""q"": 0.0436, ""c"": 0.1892, ""capture"": 0.23, ""share"": 0.172, ""miss_deg"": 1.71, ""labels"": [64]}, {""name"": ""水瓶"", ""m"": 15.94626, ""q"": 0.0409, ""c"": 0.5232, ""capture"": 0.078, ""share"": 0.161, ""miss_deg"": 2.26, ""labels"": [30]}, {""name"": ""白杯1"", ""m"": 7.15923, ""q"": 0.0184, ""c"": 0.2062, ""capture"": 0.089, ""share"": 0.072, ""miss_deg"": 2.2, ""labels"": [266]}, {""name"": ""球R"", ""m"": 4.96126, ""q"": 0.0127, ""c"": 0.091, ""capture"": 0.14, ""share"": 0.05, ""miss_deg"": 1.98, ""labels"": [263]}, {""name"": ""球M"", ""m"": 4.75108, ""q"": 0.0122, ""c"": 0.091, ""capture"": 0.134, ""share"": 0.048, ""miss_deg"": 2.0, ""labels"": [261]}, {""name"": ""香蕉"", ""m"": 0.89471, ""q"": 0.0023, ""c"": 0.6428, ""capture"": 0.004, ""share"": 0.009, ""miss_deg"": 3.36, ""labels"": [264]}, {""name"": ""红杯"", ""m"": 0.45289, ""q"": 0.0012, ""c"": 0.3157, ""capture"": 0.004, ""share"": 0.005, ""miss_deg"": 3.35, ""labels"": [49]}, {""name"": ""橘子"", ""m"": 0.25035, ""q"": 0.0006, ""c"": 0.1097, ""capture"": 0.006, ""share"": 0.003, ""miss_deg"": 3.21, ""labels"": [262]}]"
2026_08_20/003,c4,v9,beyond_occ,mass10,94.09,95.34,1.25,4.294,苹果粉,64,0.622,0.0169,0.103,0.117,0.365,0.973,object#37,389.6407,0,0,,,,4,"[{""name"": ""苹果粉"", ""m"": 6.59233, ""q"": 0.0169, ""c"": 0.1636, ""capture"": 0.103, ""share"": 0.622, ""miss_deg"": 2.13, ""labels"": [64]}, {""name"": ""水瓶"", ""m"": 2.4107, ""q"": 0.0062, ""c"": 0.5232, ""capture"": 0.012, ""share"": 0.227, ""miss_deg"": 2.98, ""labels"": [30]}, {""name"": ""球L"", ""m"": 1.14922, ""q"": 0.0029, ""c"": 0.091, ""capture"": 0.032, ""share"": 0.108, ""miss_deg"": 2.62, ""labels"": [259]}, {""name"": ""苹果红"", ""m"": 0.45255, ""q"": 0.0012, ""c"": 0.1369, ""capture"": 0.008, ""share"": 0.043, ""miss_deg"": 3.09, ""labels"": [260]}]"
2026_08_20/003,c4,v9,beyond_occ,mass10,95.8,100.87,5.07,4.29,球L,259,0.356,0.0287,0.316,0.361,0.545,0.919,object#35,389.6407,1,0,,,,8,"[{""name"": ""球L"", ""m"": 11.19374, ""q"": 0.0287, ""c"": 0.091, ""capture"": 0.316, ""share"": 0.356, ""miss_deg"": 1.52, ""labels"": [259]}, {""name"": ""苹果红"", ""m"": 6.0979, ""q"": 0.0157, ""c"": 0.1369, ""capture"": 0.114, ""share"": 0.194, ""miss_deg"": 2.08, ""labels"": [260]}, {""name"": ""水瓶"", ""m"": 5.14102, ""q"": 0.0132, ""c"": 0.5232, ""capture"": 0.025, ""share"": 0.164, ""miss_deg"": 2.71, ""labels"": [30]}, {""name"": ""苹果粉"", ""m"": 3.52625, ""q"": 0.009, ""c"": 0.1636, ""capture"": 0.055, ""share"": 0.112, ""miss_deg"": 2.41, ""labels"": [64]}, {""name"": ""球M"", ""m"": 2.9497, ""q"": 0.0076, ""c"": 0.091, ""capture"": 0.083, ""share"": 0.094, ""miss_deg"": 2.23, ""labels"": [261]}, {""name"": ""白杯1"", ""m"": 1.44889, ""q"": 0.0037, ""c"": 0.2062, ""capture"": 0.018, ""share"": 0.046, ""miss_deg"": 2.83, ""labels"": [266]}, {""name"": ""球R"", ""m"": 0.9103, ""q"": 0.0023, ""c"": 0.091, ""capture"": 0.026, ""share"": 0.029, ""miss_deg"": 2.71, ""labels"": [263]}, {""name"": ""香蕉"", ""m"": 0.13288, ""q"": 0.0003, ""c"": 0.6386, ""capture"": 0.001, ""share"": 0.004, ""miss_deg"": 3.88, ""labels"": [264]}]"
2026_08_20/003,c4,v9,beyond_occ,mass10,101.1,101.59,0.49,4.294,苹果粉,64,0.371,0.0419,0.256,0.703,0.588,0.887,object#35,389.6407,1,0,,,,9,"[{""name"": ""苹果粉"", ""m"": 16.34395, ""q"": 0.0419, ""c"": 0.1636, ""capture"": 0.256, ""share"": 0.371, ""miss_deg"": 1.65, ""labels"": [64]}, {""name"": ""苹果红"", ""m"": 9.58744, ""q"": 0.0246, ""c"": 0.1369, ""capture"": 0.18, ""share"": 0.218, ""miss_deg"": 1.85, ""labels"": [260]}, {""name"": ""球L"", ""m"": 9.24824, ""q"": 0.0237, ""c"": 0.091, ""capture"": 0.261, ""share"": 0.21, ""miss_deg"": 1.64, ""labels"": [259]}, {""name"": ""水瓶"", ""m"": 4.75016, ""q"": 0.0122, ""c"": 0.5232, ""capture"": 0.023, ""share"": 0.108, ""miss_deg"": 2.74, ""labels"": [30]}, {""name"": ""球M"", ""m"": 1.65962, ""q"": 0.0043, ""c"": 0.091, ""capture"": 0.047, ""share"": 0.038, ""miss_deg"": 2.47, ""labels"": [261]}, {""name"": ""白杯1"", ""m"": 1.16921, ""q"": 0.003, ""c"": 0.2062, ""capture"": 0.015, ""share"": 0.027, ""miss_deg"": 2.91, ""labels"": [266]}, {""name"": ""香蕉"", ""m"": 0.83571, ""q"": 0.0021, ""c"": 0.6386, ""capture"": 0.003, ""share"": 0.019, ""miss_deg"": 3.38, ""labels"": [264]}, {""name"": ""球R"", ""m"": 0.25264, ""q"": 0.0006, ""c"": 0.091, ""capture"": 0.007, ""share"": 0.006, ""miss_deg"": 3.14, ""labels"": [263]}, {""name"": ""橘子"", ""m"": 0.21913, ""q"": 0.0006, ""c"": 0.1097, ""capture"": 0.005, ""share"": 0.005, ""miss_deg"": 3.25, ""labels"": [262]}]"
2026_08_20/003,c4,v9,beyond_occ,mass10,101.64,102.29,0.65,4.312,球L,259,0.288,0.0563,0.619,0.423,0.635,0.804,物品台,389.6407,0,0,,,,9,"[{""name"": ""球L"", ""m"": 21.93441, ""q"": 0.0563, ""c"": 0.091, ""capture"": 0.619, ""share"": 0.288, ""miss_deg"": 0.98, ""labels"": [259]}, {""name"": ""苹果红"", ""m"": 13.97627, ""q"": 0.0359, ""c"": 0.1369, ""capture"": 0.262, ""share"": 0.183, ""miss_deg"": 1.64, ""labels"": [260]}, {""name"": ""白杯1"", ""m"": 9.6887, ""q"": 0.0249, ""c"": 0.2062, ""capture"": 0.121, ""share"": 0.127, ""miss_deg"": 2.06, ""labels"": [266]}, {""name"": ""水瓶"", ""m"": 9.45274, ""q"": 0.0243, ""c"": 0.5232, ""capture"": 0.046, ""share"": 0.124, ""miss_deg"": 2.48, ""labels"": [30]}, {""name"": ""球M"", ""m"": 8.94442, ""q"": 0.023, ""c"": 0.091, ""capture"": 0.252, ""share"": 0.117, ""miss_deg"": 1.66, ""labels"": [261]}, {""name"": ""球R"", ""m"": 7.98293, ""q"": 0.0205, ""c"": 0.091, ""capture"": 0.225, ""share"": 0.105, ""miss_deg"": 1.73, ""labels"": [263]}, {""name"": ""苹果粉"", ""m"": 3.80979, ""q"": 0.0098, ""c"": 0.1636, ""capture"": 0.06, ""share"": 0.05, ""miss_deg"": 2.37, ""labels"": [64]}, {""name"": ""香蕉"", ""m"": 0.34146, ""q"": 0.0009, ""c"": 0.6386, ""capture"": 0.001, ""share"": 0.004, ""miss_deg"": 3.63, ""labels"": [264]}, {""name"": ""红杯"", ""m"": 0.05257, ""q"": 0.0001, ""c"": 0.3157, ""capture"": 0.0, ""share"": 0.001, ""miss_deg"": 3.94, ""labels"": [49]}]"
2026_08_20/003,c4,v9,beyond_occ,mass10,102.35,104.95,2.6,4.311,苹果粉,64,0.269,0.036,0.22,1.736,0.967,0.866,object#35,389.6407,0,0,,,,10,"[{""name"": ""苹果粉"", ""m"": 14.01252, ""q"": 0.036, ""c"": 0.1636, ""capture"": 0.22, ""share"": 0.269, ""miss_deg"": 1.74, ""labels"": [64]}, {""name"": ""球L"", ""m"": 13.52914, ""q"": 0.0347, ""c"": 0.091, ""capture"": 0.382, ""share"": 0.26, ""miss_deg"": 1.39, ""labels"": [259]}, {""name"": ""苹果红"", ""m"": 12.96497, ""q"": 0.0333, ""c"": 0.1369, ""capture"": 0.243, ""share"": 0.249, ""miss_deg"": 1.68, ""labels"": [260]}, {""name"": ""水瓶"", ""m"": 6.4139, ""q"": 0.0165, ""c"": 0.5232, ""capture"": 0.031, ""share"": 0.123, ""miss_deg"": 2.63, ""labels"": [30]}, {""name"": ""白杯1"", ""m"": 2.02706, ""q"": 0.0052, ""c"": 0.2062, ""capture"": 0.025, ""share"": 0.039, ""miss_deg"": 2.71, ""labels"": [266]}, {""name"": ""球M"", ""m"": 1.35131, ""q"": 0.0035, ""c"": 0.091, ""capture"": 0.038, ""share"": 0.026, ""miss_deg"": 2.56, ""labels"": [261]}, {""name"": ""球R"", ""m"": 0.77676, ""q"": 0.002, ""c"": 0.091, ""capture"": 0.022, ""share"": 0.015, ""miss_deg"": 2.76, ""labels"": [263]}, {""name"": ""香蕉"", ""m"": 0.4775, ""q"": 0.0012, ""c"": 0.6386, ""capture"": 0.002, ""share"": 0.009, ""miss_deg"": 3.54, ""labels"": [264]}, {""name"": ""橘子"", ""m"": 0.42272, ""q"": 0.0011, ""c"": 0.1097, ""capture"": 0.01, ""share"": 0.008, ""miss_deg"": 3.04, ""labels"": [262]}, {""name"": ""红杯"", ""m"": 0.04412, ""q"": 0.0001, ""c"": 0.3157, ""capture"": 0.0, ""share"": 0.001, ""miss_deg"": 3.98, ""labels"": [49]}]"
2026_08_20/003,c4,v9,beyond_occ,mass10,105.0,105.54,0.54,4.318,球L,259,0.303,0.0621,0.682,0.421,0.634,0.795,物品台,389.6407,0,0,,,,8,"[{""name"": ""球L"", ""m"": 24.19453, ""q"": 0.0621, ""c"": 0.091, ""capture"": 0.682, ""share"": 0.303, ""miss_deg"": 0.87, ""labels"": [259]}, {""name"": ""苹果红"", ""m"": 15.32981, ""q"": 0.0393, ""c"": 0.1369, ""capture"": 0.287, ""share"": 0.192, ""miss_deg"": 1.58, ""labels"": [260]}, {""name"": ""白杯1"", ""m"": 10.94055, ""q"": 0.0281, ""c"": 0.2062, ""capture"": 0.136, ""share"": 0.137, ""miss_deg"": 2.0, ""labels"": [266]}, {""name"": ""球R"", ""m"": 8.36735, ""q"": 0.0215, ""c"": 0.091, ""capture"": 0.236, ""share"": 0.105, ""miss_deg"": 1.7, ""labels"": [263]}, {""name"": ""球M"", ""m"": 8.34258, ""q"": 0.0214, ""c"": 0.091, ""capture"": 0.235, ""share"": 0.104, ""miss_deg"": 1.7, ""labels"": [261]}, {""name"": ""水瓶"", ""m"": 8.23493, ""q"": 0.0211, ""c"": 0.5232, ""capture"": 0.04, ""share"": 0.103, ""miss_deg"": 2.53, ""labels"": [30]}, {""name"": ""苹果粉"", ""m"": 4.05793, ""q"": 0.0104, ""c"": 0.1636, ""capture"": 0.064, ""share"": 0.051, ""miss_deg"": 2.35, ""labels"": [64]}, {""name"": ""香蕉"", ""m"": 0.39359, ""q"": 0.001, ""c"": 0.6386, ""capture"": 0.002, ""share"": 0.005, ""miss_deg"": 3.59, ""labels"": [264]}]"
2026_08_20/003,c4,v9,beyond_occ,mass10,105.6,106.46,0.87,4.322,苹果粉,64,0.36,0.0233,0.143,1.699,0.95,0.935,object#35,389.6407,0,0,,,,9,"[{""name"": ""苹果粉"", ""m"": 9.08813, ""q"": 0.0233, ""c"": 0.1636, ""capture"": 0.143, ""share"": 0.36, ""miss_deg"": 1.97, ""labels"": [64]}, {""name"": ""球L"", ""m"": 8.62808, ""q"": 0.0221, ""c"": 0.091, ""capture"": 0.243, ""share"": 0.342, ""miss_deg"": 1.68, ""labels"": [259]}, {""name"": ""苹果红"", ""m"": 3.87092, ""q"": 0.0099, ""c"": 0.1369, ""capture"": 0.073, ""share"": 0.153, ""miss_deg"": 2.29, ""labels"": [260]}, {""name"": ""水瓶"", ""m"": 2.4205, ""q"": 0.0062, ""c"": 0.5232, ""capture"": 0.012, ""share"": 0.096, ""miss_deg"": 2.98, ""labels"": [30]}, {""name"": ""球M"", ""m"": 0.74542, ""q"": 0.0019, ""c"": 0.091, ""capture"": 0.021, ""share"": 0.03, ""miss_deg"": 2.78, ""labels"": [261]}, {""name"": ""白杯1"", ""m"": 0.27828, ""q"": 0.0007, ""c"": 0.2062, ""capture"": 0.003, ""share"": 0.011, ""miss_deg"": 3.37, ""labels"": [266]}, {""name"": ""香蕉"", ""m"": 0.13332, ""q"": 0.0003, ""c"": 0.6386, ""capture"": 0.001, ""share"": 0.005, ""miss_deg"": 3.88, ""labels"": [264]}, {""name"": ""橘子"", ""m"": 0.07469, ""q"": 0.0002, ""c"": 0.1097, ""capture"": 0.002, ""share"": 0.003, ""miss_deg"": 3.56, ""labels"": [262]}, {""name"": ""球R"", ""m"": 0.02331, ""q"": 0.0001, ""c"": 0.091, ""capture"": 0.001, ""share"": 0.001, ""miss_deg"": 3.83, ""labels"": [263]}]"
2026_08_20/003,c4,v9,beyond_occ,mass10,106.83,108.13,1.3,4.295,球L,259,0.319,0.0498,0.548,0.398,0.599,0.844,物品台,389.6407,0,0,,,,8,"[{""name"": ""球L"", ""m"": 19.41559, ""q"": 0.0498, ""c"": 0.091, ""capture"": 0.548, ""share"": 0.319, ""miss_deg"": 1.1, ""labels"": [259]}, {""name"": ""苹果红"", ""m"": 11.6534, ""q"": 0.0299, ""c"": 0.1369, ""capture"": 0.218, ""share"": 0.191, ""miss_deg"": 1.74, ""labels"": [260]}, {""name"": ""球M"", ""m"": 7.41195, ""q"": 0.019, ""c"": 0.091, ""capture"": 0.209, ""share"": 0.122, ""miss_deg"": 1.77, ""labels"": [261]}, {""name"": ""白杯1"", ""m"": 7.26202, ""q"": 0.0186, ""c"": 0.2062, ""capture"": 0.09, ""share"": 0.119, ""miss_deg"": 2.19, ""labels"": [266]}, {""name"": ""水瓶"", ""m"": 6.54447, ""q"": 0.0168, ""c"": 0.5232, ""capture"": 0.032, ""share"": 0.107, ""miss_deg"": 2.62, ""labels"": [30]}, {""name"": ""球R"", ""m"": 6.46472, ""q"": 0.0166, ""c"": 0.091, ""capture"": 0.182, ""share"": 0.106, ""miss_deg"": 1.84, ""labels"": [263]}, {""name"": ""苹果粉"", ""m"": 2.00236, ""q"": 0.0051, ""c"": 0.1636, ""capture"": 0.031, ""share"": 0.033, ""miss_deg"": 2.63, ""labels"": [64]}, {""name"": ""香蕉"", ""m"": 0.14148, ""q"": 0.0004, ""c"": 0.6386, ""capture"": 0.001, ""share"": 0.002, ""miss_deg"": 3.87, ""labels"": [264]}]"
2026_08_20/003,c4,v9,beyond_occ,mass10,108.23,110.91,2.68,4.328,球L,259,0.361,0.0289,0.318,0.487,0.488,0.92,物品台,389.6407,1,0,,,,6,"[{""name"": ""球L"", ""m"": 11.26556, ""q"": 0.0289, ""c"": 0.091, ""capture"": 0.318, ""share"": 0.361, ""miss_deg"": 1.51, ""labels"": [259]}, {""name"": ""球M"", ""m"": 5.48824, ""q"": 0.0141, ""c"": 0.091, ""capture"": 0.155, ""share"": 0.176, ""miss_deg"": 1.93, ""labels"": [261]}, {""name"": ""水瓶"", ""m"": 4.46857, ""q"": 0.0115, ""c"": 0.5232, ""capture"": 0.022, ""share"": 0.143, ""miss_deg"": 2.76, ""labels"": [30]}, {""name"": ""球R"", ""m"": 3.66976, ""q"": 0.0094, ""c"": 0.091, ""capture"": 0.104, ""share"": 0.118, ""miss_deg"": 2.13, ""labels"": [263]}, {""name"": ""苹果红"", ""m"": 3.48019, ""q"": 0.0089, ""c"": 0.1369, ""capture"": 0.065, ""share"": 0.112, ""miss_deg"": 2.34, ""labels"": [260]}, {""name"": ""白杯1"", ""m"": 2.79607, ""q"": 0.0072, ""c"": 0.2062, ""capture"": 0.035, ""share"": 0.09, ""miss_deg"": 2.59, ""labels"": [266]}]"
2026_08_20/003,c4,v9,beyond_occ,mass10,110.97,113.35,2.38,4.314,球L,259,0.412,0.0294,0.323,0.294,0.442,0.929,物品台,389.6407,1,0,,,,7,"[{""name"": ""球L"", ""m"": 11.43634, ""q"": 0.0294, ""c"": 0.091, ""capture"": 0.323, ""share"": 0.412, ""miss_deg"": 1.5, ""labels"": [259]}, {""name"": ""苹果红"", ""m"": 5.0514, ""q"": 0.013, ""c"": 0.1369, ""capture"": 0.095, ""share"": 0.182, ""miss_deg"": 2.17, ""labels"": [260]}, {""name"": ""球M"", ""m"": 4.20742, ""q"": 0.0108, ""c"": 0.091, ""capture"": 0.119, ""share"": 0.152, ""miss_deg"": 2.06, ""labels"": [261]}, {""name"": ""水瓶"", ""m"": 3.57794, ""q"": 0.0092, ""c"": 0.5232, ""capture"": 0.018, ""share"": 0.129, ""miss_deg"": 2.84, ""labels"": [30]}, {""name"": ""白杯1"", ""m"": 1.66677, ""q"": 0.0043, ""c"": 0.2062, ""capture"": 0.021, ""share"": 0.06, ""miss_deg"": 2.78, ""labels"": [266]}, {""name"": ""球R"", ""m"": 1.54443, ""q"": 0.004, ""c"": 0.091, ""capture"": 0.044, ""share"": 0.056, ""miss_deg"": 2.5, ""labels"": [263]}, {""name"": ""苹果粉"", ""m"": 0.25263, ""q"": 0.0006, ""c"": 0.1636, ""capture"": 0.004, ""share"": 0.009, ""miss_deg"": 3.33, ""labels"": [64]}]"
2026_08_20/003,c4,v9,beyond_occ,mass10,113.41,114.06,0.65,4.318,球L,259,0.702,0.0007,0.008,0.125,0.425,0.999,object#35,389.6407,0,0,,,,2,"[{""name"": ""球L"", ""m"": 0.27601, ""q"": 0.0007, ""c"": 0.091, ""capture"": 0.008, ""share"": 0.702, ""miss_deg"": 3.12, ""labels"": [259]}, {""name"": ""水瓶"", ""m"": 0.11705, ""q"": 0.0003, ""c"": 0.5232, ""capture"": 0.001, ""share"": 0.298, ""miss_deg"": 3.86, ""labels"": [30]}]"
2026_08_20/003,c4,v9,beyond_occ,mass10,114.11,114.49,0.38,4.318,水瓶,30,0.431,0.0053,0.01,3.4,0.582,0.988,物品台,389.6407,0,0,,,,4,"[{""name"": ""水瓶"", ""m"": 2.05764, ""q"": 0.0053, ""c"": 0.5232, ""capture"": 0.01, ""share"": 0.431, ""miss_deg"": 3.03, ""labels"": [30]}, {""name"": ""球L"", ""m"": 1.19895, ""q"": 0.0031, ""c"": 0.091, ""capture"": 0.034, ""share"": 0.251, ""miss_deg"": 2.6, ""labels"": [259]}, {""name"": ""球M"", ""m"": 1.04059, ""q"": 0.0027, ""c"": 0.091, ""capture"": 0.029, ""share"": 0.218, ""miss_deg"": 2.66, ""labels"": [261]}, {""name"": ""球R"", ""m"": 0.47434, ""q"": 0.0012, ""c"": 0.091, ""capture"": 0.013, ""share"": 0.099, ""miss_deg"": 2.94, ""labels"": [263]}]"
2026_08_20/003,c4,v9,beyond_occ,mass10,114.96,115.55,0.6,4.321,球L,259,0.399,0.0166,0.182,0.313,0.559,0.958,object#35,389.6407,0,0,,,,5,"[{""name"": ""球L"", ""m"": 6.46149, ""q"": 0.0166, ""c"": 0.091, ""capture"": 0.182, ""share"": 0.399, ""miss_deg"": 1.85, ""labels"": [259]}, {""name"": ""苹果粉"", ""m"": 3.6055, ""q"": 0.0093, ""c"": 0.1636, ""capture"": 0.057, ""share"": 0.223, ""miss_deg"": 2.4, ""labels"": [64]}, {""name"": ""苹果红"", ""m"": 3.09875, ""q"": 0.008, ""c"": 0.1369, ""capture"": 0.058, ""share"": 0.191, ""miss_deg"": 2.39, ""labels"": [260]}, {""name"": ""水瓶"", ""m"": 2.0492, ""q"": 0.0053, ""c"": 0.5232, ""capture"": 0.01, ""share"": 0.126, ""miss_deg"": 3.03, ""labels"": [30]}, {""name"": ""球M"", ""m"": 0.98584, ""q"": 0.0025, ""c"": 0.091, ""capture"": 0.028, ""share"": 0.061, ""miss_deg"": 2.68, ""labels"": [261]}]"
2026_08_20/003,c4,v9,beyond_occ,mass10,115.61,119.99,4.39,4.318,球L,259,0.334,0.0357,0.392,0.48,0.722,0.893,object#35,389.6407,0,0,,,,8,"[{""name"": ""球L"", ""m"": 13.89846, ""q"": 0.0357, ""c"": 0.091, ""capture"": 0.392, ""share"": 0.334, ""miss_deg"": 1.37, ""labels"": [259]}, {""name"": ""苹果红"", ""m"": 10.02651, ""q"": 0.0257, ""c"": 0.1369, ""capture"": 0.188, ""share"": 0.241, ""miss_deg"": 1.83, ""labels"": [260]}, {""name"": ""水瓶"", ""m"": 5.685, ""q"": 0.0146, ""c"": 0.5232, ""capture"": 0.028, ""share"": 0.137, ""miss_deg"": 2.68, ""labels"": [30]}, {""name"": ""苹果粉"", ""m"": 4.34768, ""q"": 0.0112, ""c"": 0.1636, ""capture"": 0.068, ""share"": 0.105, ""miss_deg"": 2.32, ""labels"": [64]}, {""name"": ""球M"", ""m"": 3.54878, ""q"": 0.0091, ""c"": 0.091, ""capture"": 0.1, ""share"": 0.085, ""miss_deg"": 2.15, ""labels"": [261]}, {""name"": ""白杯1"", ""m"": 2.42331, ""q"": 0.0062, ""c"": 0.2062, ""capture"": 0.03, ""share"": 0.058, ""miss_deg"": 2.65, ""labels"": [266]}, {""name"": ""球R"", ""m"": 1.57015, ""q"": 0.004, ""c"": 0.091, ""capture"": 0.044, ""share"": 0.038, ""miss_deg"": 2.5, ""labels"": [263]}, {""name"": ""香蕉"", ""m"": 0.08161, ""q"": 0.0002, ""c"": 0.6386, ""capture"": 0.0, ""share"": 0.002, ""miss_deg"": 4.01, ""labels"": [264]}]"
2026_08_20/003,c4,v9,beyond_occ,mass10,120.05,120.48,0.43,4.31,苹果粉,64,0.358,0.0667,0.408,0.909,0.763,0.814,object#35,389.6407,0,0,,,,9,"[{""name"": ""苹果粉"", ""m"": 26.00681, ""q"": 0.0667, ""c"": 0.1636, ""capture"": 0.408, ""share"": 0.358, ""miss_deg"": 1.34, ""labels"": [64]}, {""name"": ""苹果红"", ""m"": 19.80565, ""q"": 0.0508, ""c"": 0.1369, ""capture"": 0.371, ""share"": 0.273, ""miss_deg"": 1.41, ""labels"": [260]}, {""name"": ""球L"", ""m"": 10.42441, ""q"": 0.0268, ""c"": 0.091, ""capture"": 0.294, ""share"": 0.144, ""miss_deg"": 1.56, ""labels"": [259]}, {""name"": ""水瓶"", ""m"": 8.44554, ""q"": 0.0217, ""c"": 0.5232, ""capture"": 0.041, ""share"": 0.116, ""miss_deg"": 2.52, ""labels"": [30]}, {""name"": ""白杯1"", ""m"": 3.52557, ""q"": 0.009, ""c"": 0.2062, ""capture"": 0.044, ""share"": 0.049, ""miss_deg"": 2.5, ""labels"": [266]}, {""name"": ""球M"", ""m"": 1.28924, ""q"": 0.0033, ""c"": 0.091, ""capture"": 0.036, ""share"": 0.018, ""miss_deg"": 2.57, ""labels"": [261]}, {""name"": ""香蕉"", ""m"": 1.19451, ""q"": 0.0031, ""c"": 0.6386, ""capture"": 0.005, ""share"": 0.016, ""miss_deg"": 3.27, ""labels"": [264]}, {""name"": ""橘子"", ""m"": 1.00506, ""q"": 0.0026, ""c"": 0.1097, ""capture"": 0.024, ""share"": 0.014, ""miss_deg"": 2.74, ""labels"": [262]}, {""name"": ""球R"", ""m"": 0.87776, ""q"": 0.0023, ""c"": 0.091, ""capture"": 0.025, ""share"": 0.012, ""miss_deg"": 2.72, ""labels"": [263]}]"
2026_08_20/003,c4,v9,beyond_occ,mass10,120.53,122.11,1.57,4.322,球L,259,0.457,0.0191,0.21,0.09,0.53,0.958,object#35,389.6407,1,0,,,,6,"[{""name"": ""球L"", ""m"": 7.43888, ""q"": 0.0191, ""c"": 0.091, ""capture"": 0.21, ""share"": 0.457, ""miss_deg"": 1.77, ""labels"": [259]}, {""name"": ""水瓶"", ""m"": 3.93257, ""q"": 0.0101, ""c"": 0.5232, ""capture"": 0.019, ""share"": 0.242, ""miss_deg"": 2.81, ""labels"": [30]}, {""name"": ""苹果红"", ""m"": 2.52488, ""q"": 0.0065, ""c"": 0.1369, ""capture"": 0.047, ""share"": 0.155, ""miss_deg"": 2.47, ""labels"": [260]}, {""name"": ""苹果粉"", ""m"": 1.19048, ""q"": 0.0031, ""c"": 0.1636, ""capture"": 0.019, ""share"": 0.073, ""miss_deg"": 2.82, ""labels"": [64]}, {""name"": ""球M"", ""m"": 1.09666, ""q"": 0.0028, ""c"": 0.091, ""capture"": 0.031, ""share"": 0.067, ""miss_deg"": 2.64, ""labels"": [261]}, {""name"": ""球R"", ""m"": 0.08414, ""q"": 0.0002, ""c"": 0.091, ""capture"": 0.002, ""share"": 0.005, ""miss_deg"": 3.48, ""labels"": [263]}]"
2026_08_20/003,c4,v9,beyond_occ,mass10,122.16,122.65,0.49,4.339,球L,259,0.471,0.0129,0.142,0.472,0.473,0.973,object#35,389.6407,0,0,,,,6,"[{""name"": ""球L"", ""m"": 5.02968, ""q"": 0.0129, ""c"": 0.091, ""capture"": 0.142, ""share"": 0.471, ""miss_deg"": 1.98, ""labels"": [259]}, {""name"": ""球M"", ""m"": 2.38634, ""q"": 0.0061, ""c"": 0.091, ""capture"": 0.067, ""share"": 0.223, ""miss_deg"": 2.32, ""labels"": [261]}, {""name"": ""水瓶"", ""m"": 1.65869, ""q"": 0.0043, ""c"": 0.5232, ""capture"": 0.008, ""share"": 0.155, ""miss_deg"": 3.1, ""labels"": [30]}, {""name"": ""苹果红"", ""m"": 0.96407, ""q"": 0.0025, ""c"": 0.1188, ""capture"": 0.021, ""share"": 0.09, ""miss_deg"": 2.78, ""labels"": [260]}, {""name"": ""球R"", ""m"": 0.3272, ""q"": 0.0008, ""c"": 0.091, ""capture"": 0.009, ""share"": 0.031, ""miss_deg"": 3.06, ""labels"": [263]}, {""name"": ""白杯1"", ""m"": 0.31195, ""q"": 0.0008, ""c"": 0.2062, ""capture"": 0.004, ""share"": 0.029, ""miss_deg"": 3.33, ""labels"": [266]}]"
2026_08_20/003,c4,v9,beyond_occ,mass10,122.95,123.33,0.38,4.333,球L,259,0.335,0.0268,0.295,0.586,0.588,0.92,物品台,389.6407,0,0,,,,6,"[{""name"": ""球L"", ""m"": 10.44949, ""q"": 0.0268, ""c"": 0.091, ""capture"": 0.295, ""share"": 0.335, ""miss_deg"": 1.56, ""labels"": [259]}, {""name"": ""球M"", ""m"": 6.14683, ""q"": 0.0158, ""c"": 0.091, ""capture"": 0.173, ""share"": 0.197, ""miss_deg"": 1.87, ""labels"": [261]}, {""name"": ""水瓶"", ""m"": 4.88319, ""q"": 0.0125, ""c"": 0.5232, ""capture"": 0.024, ""share"": 0.156, ""miss_deg"": 2.73, ""labels"": [30]}, {""name"": ""球R"", ""m"": 4.6022, ""q"": 0.0118, ""c"": 0.091, ""capture"": 0.13, ""share"": 0.147, ""miss_deg"": 2.02, ""labels"": [263]}, {""name"": ""白杯1"", ""m"": 2.9113, ""q"": 0.0075, ""c"": 0.2062, ""capture"": 0.036, ""share"": 0.093, ""miss_deg"": 2.58, ""labels"": [266]}, {""name"": ""苹果红"", ""m"": 2.23703, ""q"": 0.0057, ""c"": 0.1369, ""capture"": 0.042, ""share"": 0.072, ""miss_deg"": 2.52, ""labels"": [260]}]"
2026_08_20/003,c4,v9,beyond_occ,mass10,123.38,123.93,0.54,4.271,球L,259,0.303,0.0609,0.669,0.123,0.703,0.799,物品台,389.6407,0,0,,,,7,"[{""name"": ""球L"", ""m"": 23.733, ""q"": 0.0609, ""c"": 0.091, ""capture"": 0.669, ""share"": 0.303, ""miss_deg"": 0.9, ""labels"": [259]}, {""name"": ""水瓶"", ""m"": 16.67378, ""q"": 0.0428, ""c"": 0.5232, ""capture"": 0.082, ""share"": 0.213, ""miss_deg"": 2.24, ""labels"": [30]}, {""name"": ""苹果红"", ""m"": 16.65743, ""q"": 0.0428, ""c"": 0.1369, ""capture"": 0.312, ""share"": 0.213, ""miss_deg"": 1.53, ""labels"": [260]}, {""name"": ""球M"", ""m"": 9.98283, ""q"": 0.0256, ""c"": 0.091, ""capture"": 0.282, ""share"": 0.127, ""miss_deg"": 1.59, ""labels"": [261]}, {""name"": ""白杯1"", ""m"": 6.00438, ""q"": 0.0154, ""c"": 0.2062, ""capture"": 0.075, ""share"": 0.077, ""miss_deg"": 2.28, ""labels"": [266]}, {""name"": ""球R"", ""m"": 4.65699, ""q"": 0.012, ""c"": 0.091, ""capture"": 0.131, ""share"": 0.059, ""miss_deg"": 2.01, ""labels"": [263]}, {""name"": ""苹果粉"", ""m"": 0.61273, ""q"": 0.0016, ""c"": 0.1892, ""capture"": 0.008, ""share"": 0.008, ""miss_deg"": 3.1, ""labels"": [64]}]"
2026_08_20/003,c4,v9,beyond_occ,mass10,123.98,125.46,1.48,4.312,球L,259,0.286,0.0589,0.648,0.468,0.706,0.794,物品台,389.6407,0,0,,,,8,"[{""name"": ""球L"", ""m"": 22.96461, ""q"": 0.0589, ""c"": 0.091, ""capture"": 0.648, ""share"": 0.286, ""miss_deg"": 0.93, ""labels"": [259]}, {""name"": ""苹果红"", ""m"": 16.18173, ""q"": 0.0415, ""c"": 0.1369, ""capture"": 0.303, ""share"": 0.202, ""miss_deg"": 1.54, ""labels"": [260]}, {""name"": ""白杯1"", ""m"": 11.90187, ""q"": 0.0305, ""c"": 0.2062, ""capture"": 0.148, ""share"": 0.148, ""miss_deg"": 1.95, ""labels"": [266]}, {""name"": ""水瓶"", ""m"": 10.13055, ""q"": 0.026, ""c"": 0.5232, ""capture"": 0.05, ""share"": 0.126, ""miss_deg"": 2.45, ""labels"": [30]}, {""name"": ""球R"", ""m"": 9.09995, ""q"": 0.0234, ""c"": 0.091, ""capture"": 0.257, ""share"": 0.113, ""miss_deg"": 1.65, ""labels"": [263]}, {""name"": ""球M"", ""m"": 7.81551, ""q"": 0.0201, ""c"": 0.091, ""capture"": 0.22, ""share"": 0.097, ""miss_deg"": 1.74, ""labels"": [261]}, {""name"": ""苹果粉"", ""m"": 2.00944, ""q"": 0.0052, ""c"": 0.1636, ""capture"": 0.032, ""share"": 0.025, ""miss_deg"": 2.63, ""labels"": [64]}, {""name"": ""白杯2"", ""m"": 0.17021, ""q"": 0.0004, ""c"": 0.1636, ""capture"": 0.003, ""share"": 0.002, ""miss_deg"": 3.44, ""labels"": [267]}]"
2026_08_20/003,c4,v9,beyond_occ,mass10,125.74,128.29,2.55,4.323,球L,259,0.308,0.0527,0.579,0.525,0.526,0.829,物品台,389.6407,0,0,,,,8,"[{""name"": ""球L"", ""m"": 20.53158, ""q"": 0.0527, ""c"": 0.091, ""capture"": 0.579, ""share"": 0.308, ""miss_deg"": 1.05, ""labels"": [259]}, {""name"": ""球R"", ""m"": 10.78206, ""q"": 0.0277, ""c"": 0.091, ""capture"": 0.304, ""share"": 0.162, ""miss_deg"": 1.54, ""labels"": [263]}, {""name"": ""水瓶"", ""m"": 9.58558, ""q"": 0.0246, ""c"": 0.5232, ""capture"": 0.047, ""share"": 0.144, ""miss_deg"": 2.47, ""labels"": [30]}, {""name"": ""白杯1"", ""m"": 8.90986, ""q"": 0.0229, ""c"": 0.2062, ""capture"": 0.111, ""share"": 0.134, ""miss_deg"": 2.1, ""labels"": [266]}, {""name"": ""苹果红"", ""m"": 8.86995, ""q"": 0.0228, ""c"": 0.1369, ""capture"": 0.166, ""share"": 0.133, ""miss_deg"": 1.89, ""labels"": [260]}, {""name"": ""球M"", ""m"": 7.8157, ""q"": 0.0201, ""c"": 0.091, ""capture"": 0.22, ""share"": 0.117, ""miss_deg"": 1.74, ""labels"": [261]}, {""name"": ""白杯2"", ""m"": 0.14805, ""q"": 0.0004, ""c"": 0.1636, ""capture"": 0.002, ""share"": 0.002, ""miss_deg"": 3.48, ""labels"": [267]}, {""name"": ""苹果粉"", ""m"": 0.07876, ""q"": 0.0002, ""c"": 0.1636, ""capture"": 0.001, ""share"": 0.001, ""miss_deg"": 3.66, ""labels"": [64]}]"
2026_08_20/003,c4,v9,beyond_occ,mass10,134.23,134.61,0.38,0.839,,-1,0.0,0.0,,,,1.0,object#14,389.6407,0,0,,,,0,[]
2026_08_25/c1_1,c4,v9,beyond_occ,mass10,4.15,4.53,0.38,1.959,,-1,0.0,0.0,,,,1.0,floor,389.6407,0,0,,,,0,[]
2026_08_25/c1_1,c4,v9,beyond_occ,mass10,7.82,8.2,0.38,3.256,,-1,0.0,0.0,,,,1.0,object#35,389.6407,0,0,,,,0,[]
2026_08_25/c1_1,c4,v9,beyond_occ,mass10,11.28,14.53,3.25,4.04,球L,259,1.0,0.0008,0.007,0.0,0.0,0.999,object#24,389.6407,0,0,1,球L,1,1,"[{""name"": ""球L"", ""m"": 0.31967, ""q"": 0.0008, ""c"": 0.1097, ""capture"": 0.007, ""share"": 1.0, ""miss_deg"": 3.13, ""labels"": [259]}]"
2026_08_25/c1_1,c4,v9,beyond_occ,mass10,15.91,18.41,2.5,4.123,水瓶,30,0.796,0.0011,0.002,0.5,0.256,0.999,object#37,389.6407,0,0,,,,2,"[{""name"": ""水瓶"", ""m"": 0.43435, ""q"": 0.0011, ""c"": 0.5444, ""capture"": 0.002, ""share"": 0.796, ""miss_deg"": 3.52, ""labels"": [30]}, {""name"": ""苹果粉"", ""m"": 0.11141, ""q"": 0.0003, ""c"": 0.2062, ""capture"": 0.001, ""share"": 0.204, ""miss_deg"": 3.63, ""labels"": [64]}]"
2026_08_25/c1_1,c4,v9,beyond_occ,mass10,18.58,21.61,3.03,4.11,苹果粉,64,1.0,0.0008,0.004,0.0,0.0,0.999,object#35,389.6407,0,0,,,,1,"[{""name"": ""苹果粉"", ""m"": 0.30202, ""q"": 0.0008, ""c"": 0.2062, ""capture"": 0.004, ""share"": 1.0, ""miss_deg"": 3.34, ""labels"": [64]}]"
2026_08_25/c1_1,c4,v9,beyond_occ,mass10,21.67,23.78,2.11,4.115,,-1,0.0,0.0,,,,1.0,object#24,389.6407,0,0,,,,0,[]
2026_08_25/c1_1,c4,v9,beyond_occ,mass10,24.01,29.97,5.96,4.119,球L,259,1.0,0.0001,0.001,0.0,0.0,1.0,object#24,389.6407,0,0,6,球L,1,1,"[{""name"": ""球L"", ""m"": 0.05258, ""q"": 0.0001, ""c"": 0.1097, ""capture"": 0.001, ""share"": 1.0, ""miss_deg"": 3.66, ""labels"": [259]}]"
2026_08_25/c1_1,c4,v9,beyond_occ,mass10,30.22,32.38,2.17,4.093,,-1,0.0,0.0,,,,1.0,object#24,389.6407,0,0,,,,0,[]
2026_08_25/c1_1,c4,v9,beyond_occ,mass10,32.71,36.28,3.57,4.132,球L,259,0.551,0.0013,0.012,1.0,0.815,0.998,object#24,389.6407,0,0,8,球L,1,2,"[{""name"": ""球L"", ""m"": 0.50597, ""q"": 0.0013, ""c"": 0.1097, ""capture"": 0.012, ""share"": 0.551, ""miss_deg"": 2.98, ""labels"": [259]}, {""name"": ""球M"", ""m"": 0.41245, ""q"": 0.0011, ""c"": 0.091, ""capture"": 0.012, ""share"": 0.449, ""miss_deg"": 2.98, ""labels"": [261]}]"
2026_08_25/c1_1,c4,v9,beyond_occ,mass10,36.55,37.68,1.14,4.138,球L,259,1.0,0.0014,0.013,0.0,0.0,0.999,object#24,389.6407,0,0,8,球L,1,1,"[{""name"": ""球L"", ""m"": 0.55016, ""q"": 0.0014, ""c"": 0.1097, ""capture"": 0.013, ""share"": 1.0, ""miss_deg"": 2.95, ""labels"": [259]}]"
2026_08_25/c1_1,c4,v9,beyond_occ,mass10,37.74,43.15,5.42,4.137,,-1,0.0,0.0,,,,1.0,object#24,389.6407,0,0,,,,0,[]
2026_08_25/c1_1,c4,v9,beyond_occ,mass10,43.4,51.57,8.18,4.162,球L,259,0.867,0.0078,0.071,0.042,0.083,0.991,object#35,389.6407,0,0,9,球L,1,3,"[{""name"": ""球L"", ""m"": 3.02652, ""q"": 0.0078, ""c"": 0.1097, ""capture"": 0.071, ""share"": 0.867, ""miss_deg"": 2.3, ""labels"": [259]}, {""name"": ""苹果粉"", ""m"": 0.25262, ""q"": 0.0006, ""c"": 0.2062, ""capture"": 0.003, ""share"": 0.072, ""miss_deg"": 3.39, ""labels"": [64]}, {""name"": ""苹果红"", ""m"": 0.21239, ""q"": 0.0005, ""c"": 0.1459, ""capture"": 0.004, ""share"": 0.061, ""miss_deg"": 3.34, ""labels"": [260]}]"
2026_08_25/c1_1,c4,v9,beyond_occ,mass10,51.85,56.99,5.15,4.19,水瓶,30,0.812,0.0021,0.004,0.5,0.232,0.997,object#35,389.6407,0,0,,,,2,"[{""name"": ""水瓶"", ""m"": 0.82545, ""q"": 0.0021, ""c"": 0.5444, ""capture"": 0.004, ""share"": 0.812, ""miss_deg"": 3.33, ""labels"": [30]}, {""name"": ""苹果粉"", ""m"": 0.19105, ""q"": 0.0005, ""c"": 0.2062, ""capture"": 0.002, ""share"": 0.188, ""miss_deg"": 3.48, ""labels"": [64]}]"
2026_08_25/c1_1,c4,v9,beyond_occ,mass10,57.24,57.67,0.43,4.19,水瓶,30,1.0,0.0002,0.0,0.0,0.0,1.0,object#35,389.6407,0,0,,,,1,"[{""name"": ""水瓶"", ""m"": 0.09185, ""q"": 0.0002, ""c"": 0.5444, ""capture"": 0.0, ""share"": 1.0, ""miss_deg"": 3.94, ""labels"": [30]}]"
2026_08_25/c1_1,c4,v9,beyond_occ,mass10,57.94,60.27,2.33,4.202,球L,259,0.354,0.0839,0.765,0.908,0.754,0.763,物品台,389.6407,0,0,,,,8,"[{""name"": ""球L"", ""m"": 32.68356, ""q"": 0.0839, ""c"": 0.1097, ""capture"": 0.765, ""share"": 0.354, ""miss_deg"": 0.73, ""labels"": [259]}, {""name"": ""球M"", ""m"": 24.64508, ""q"": 0.0633, ""c"": 0.091, ""capture"": 0.695, ""share"": 0.267, ""miss_deg"": 0.85, ""labels"": [261]}, {""name"": ""水瓶"", ""m"": 11.65972, ""q"": 0.0299, ""c"": 0.5444, ""capture"": 0.055, ""share"": 0.126, ""miss_deg"": 2.41, ""labels"": [30]}, {""name"": ""球R"", ""m"": 10.76491, ""q"": 0.0276, ""c"": 0.091, ""capture"": 0.304, ""share"": 0.117, ""miss_deg"": 1.54, ""labels"": [263]}, {""name"": ""白杯1"", ""m"": 4.73072, ""q"": 0.0121, ""c"": 0.2062, ""capture"": 0.059, ""share"": 0.051, ""miss_deg"": 2.38, ""labels"": [266]}, {""name"": ""苹果红"", ""m"": 3.97186, ""q"": 0.0102, ""c"": 0.1459, ""capture"": 0.07, ""share"": 0.043, ""miss_deg"": 2.31, ""labels"": [260]}, {""name"": ""白杯2"", ""m"": 3.76523, ""q"": 0.0097, ""c"": 0.1636, ""capture"": 0.059, ""share"": 0.041, ""miss_deg"": 2.38, ""labels"": [267]}, {""name"": ""红杯"", ""m"": 0.08873, ""q"": 0.0002, ""c"": 0.3228, ""capture"": 0.001, ""share"": 0.001, ""miss_deg"": 3.81, ""labels"": [49]}]"
2026_08_25/c1_1,c4,v9,beyond_occ,mass10,60.49,64.99,4.5,4.168,球L,259,0.615,0.0305,0.278,0.561,0.463,0.95,物品台,389.6407,1,1,,,,4,"[{""name"": ""球L"", ""m"": 11.87034, ""q"": 0.0305, ""c"": 0.1097, ""capture"": 0.278, ""share"": 0.615, ""miss_deg"": 1.6, ""labels"": [259]}, {""name"": ""球M"", ""m"": 5.51436, ""q"": 0.0142, ""c"": 0.091, ""capture"": 0.156, ""share"": 0.285, ""miss_deg"": 1.93, ""labels"": [261]}, {""name"": ""水瓶"", ""m"": 1.56917, ""q"": 0.004, ""c"": 0.5444, ""capture"": 0.007, ""share"": 0.081, ""miss_deg"": 3.13, ""labels"": [30]}, {""name"": ""苹果红"", ""m"": 0.36209, ""q"": 0.0009, ""c"": 0.1459, ""capture"": 0.006, ""share"": 0.019, ""miss_deg"": 3.18, ""labels"": [260]}]"
2026_08_25/c1_1,c4,v9,beyond_occ,mass10,66.57,66.95,0.38,4.167,球R,263,0.407,0.0989,0.902,0.803,0.666,0.757,物品台,389.6407,1,0,,,,6,"[{""name"": ""球R"", ""m"": 38.54482, ""q"": 0.0989, ""c"": 0.1097, ""capture"": 0.902, ""share"": 0.407, ""miss_deg"": 0.45, ""labels"": [263]}, {""name"": ""球M"", ""m"": 25.66845, ""q"": 0.0659, ""c"": 0.091, ""capture"": 0.724, ""share"": 0.271, ""miss_deg"": 0.8, ""labels"": [261]}, {""name"": ""白杯2"", ""m"": 15.88746, ""q"": 0.0408, ""c"": 0.1636, ""capture"": 0.249, ""share"": 0.168, ""miss_deg"": 1.67, ""labels"": [267]}, {""name"": ""白杯1"", ""m"": 5.70658, ""q"": 0.0146, ""c"": 0.2228, ""capture"": 0.066, ""share"": 0.06, ""miss_deg"": 2.33, ""labels"": [266]}, {""name"": ""球L"", ""m"": 5.3451, ""q"": 0.0137, ""c"": 0.1097, ""capture"": 0.125, ""share"": 0.056, ""miss_deg"": 2.04, ""labels"": [259]}, {""name"": ""水瓶"", ""m"": 3.52205, ""q"": 0.009, ""c"": 0.5444, ""capture"": 0.017, ""share"": 0.037, ""miss_deg"": 2.86, ""labels"": [30]}]"
2026_08_25/c1_1,c4,v9,beyond_occ,mass10,67.26,67.58,0.32,3.183,,-1,0.0,0.0,,,,1.0,object#26,389.6407,0,0,,,,0,[]
2026_08_25/c1_1,c4,v9,beyond_occ,mass10,67.91,68.5,0.6,3.134,,-1,0.0,0.0,,,,1.0,object#26,389.6407,0,0,,,,0,[]
2026_08_25/c1_1,c4,v9,beyond_occ,mass10,68.94,69.43,0.49,4.165,,-1,0.0,0.0,,,,1.0,object#24,389.6407,0,0,,,,0,[]
2026_08_25/c1_1,c4,v9,beyond_occ,mass10,69.49,69.97,0.49,4.157,球L,259,0.499,0.0546,0.498,0.313,0.417,0.89,object#35,389.6407,1,0,,,,7,"[{""name"": ""球L"", ""m"": 21.28507, ""q"": 0.0546, ""c"": 0.1097, ""capture"": 0.498, ""share"": 0.499, ""miss_deg"": 1.18, ""labels"": [259]}, {""name"": ""苹果红"", ""m"": 8.8929, ""q"": 0.0228, ""c"": 0.1459, ""capture"": 0.156, ""share"": 0.208, ""miss_deg"": 1.93, ""labels"": [260]}, {""name"": ""苹果粉"", ""m"": 6.06283, ""q"": 0.0156, ""c"": 0.2062, ""capture"": 0.075, ""share"": 0.142, ""miss_deg"": 2.27, ""labels"": [64]}, {""name"": ""球M"", ""m"": 3.63681, ""q"": 0.0093, ""c"": 0.091, ""capture"": 0.103, ""share"": 0.085, ""miss_deg"": 2.13, ""labels"": [261]}, {""name"": ""水瓶"", ""m"": 2.67789, ""q"": 0.0069, ""c"": 0.5444, ""capture"": 0.013, ""share"": 0.063, ""miss_deg"": 2.96, ""labels"": [30]}, {""name"": ""橘子"", ""m"": 0.09151, ""q"": 0.0002, ""c"": 0.1188, ""capture"": 0.002, ""share"": 0.002, ""miss_deg"": 3.53, ""labels"": [262]}, {""name"": ""球R"", ""m"": 0.02926, ""q"": 0.0001, ""c"": 0.1097, ""capture"": 0.001, ""share"": 0.001, ""miss_deg"": 3.82, ""labels"": [263]}]"
2026_08_25/c1_1,c4,v9,beyond_occ,mass10,70.03,70.41,0.38,4.157,球L,259,0.675,0.0116,0.106,0.547,0.452,0.983,object#24,389.6407,0,0,,,,4,"[{""name"": ""球L"", ""m"": 4.52701, ""q"": 0.0116, ""c"": 0.1097, ""capture"": 0.106, ""share"": 0.675, ""miss_deg"": 2.12, ""labels"": [259]}, {""name"": ""球M"", ""m"": 2.04925, ""q"": 0.0053, ""c"": 0.091, ""capture"": 0.058, ""share"": 0.305, ""miss_deg"": 2.39, ""labels"": [261]}, {""name"": ""苹果红"", ""m"": 0.08204, ""q"": 0.0002, ""c"": 0.1459, ""capture"": 0.001, ""share"": 0.012, ""miss_deg"": 3.62, ""labels"": [260]}, {""name"": ""水瓶"", ""m"": 0.05258, ""q"": 0.0001, ""c"": 0.5444, ""capture"": 0.0, ""share"": 0.008, ""miss_deg"": 4.07, ""labels"": [30]}]"
2026_08_25/c1_1,c4,v9,beyond_occ,mass10,70.46,70.79,0.32,4.167,苹果粉,64,0.607,0.0058,0.028,0.25,0.647,0.99,object#35,389.6407,0,0,,,,2,"[{""name"": ""苹果粉"", ""m"": 2.25688, ""q"": 0.0058, ""c"": 0.2062, ""capture"": 0.028, ""share"": 0.607, ""miss_deg"": 2.67, ""labels"": [64]}, {""name"": ""水瓶"", ""m"": 1.46119, ""q"": 0.0038, ""c"": 0.5444, ""capture"": 0.007, ""share"": 0.393, ""miss_deg"": 3.16, ""labels"": [30]}]"
2026_08_25/c1_1,c4,v9,beyond_occ,mass10,70.89,77.4,6.5,4.174,球L,259,0.837,0.0095,0.087,0.103,0.135,0.989,object#35,389.6407,0,0,,,,3,"[{""name"": ""球L"", ""m"": 3.6999, ""q"": 0.0095, ""c"": 0.1097, ""capture"": 0.087, ""share"": 0.837, ""miss_deg"": 2.21, ""labels"": [259]}, {""name"": ""苹果红"", ""m"": 0.50021, ""q"": 0.0013, ""c"": 0.1459, ""capture"": 0.009, ""share"": 0.113, ""miss_deg"": 3.08, ""labels"": [260]}, {""name"": ""苹果粉"", ""m"": 0.21796, ""q"": 0.0006, ""c"": 0.2062, ""capture"": 0.003, ""share"": 0.049, ""miss_deg"": 3.44, ""labels"": [64]}]"
2026_08_25/c1_1,c4,v9,beyond_occ,mass10,77.45,80.11,2.65,4.17,,-1,0.0,0.0,,,,1.0,object#35,389.6407,0,0,,,,0,[]
2026_08_25/c1_1,c4,v9,beyond_occ,mass10,80.33,84.06,3.74,4.177,球L,259,0.78,0.006,0.054,0.056,0.259,0.992,object#35,389.6407,0,0,,,,3,"[{""name"": ""球L"", ""m"": 2.32342, ""q"": 0.006, ""c"": 0.1097, ""capture"": 0.054, ""share"": 0.78, ""miss_deg"": 2.41, ""labels"": [259]}, {""name"": ""水瓶"", ""m"": 0.60266, ""q"": 0.0015, ""c"": 0.5444, ""capture"": 0.003, ""share"": 0.202, ""miss_deg"": 3.42, ""labels"": [30]}, {""name"": ""苹果红"", ""m"": 0.05258, ""q"": 0.0001, ""c"": 0.1459, ""capture"": 0.001, ""share"": 0.018, ""miss_deg"": 3.74, ""labels"": [260]}]"
2026_08_25/c1_1,c4,v9,beyond_occ,mass10,84.12,86.5,2.38,4.186,水瓶,30,1.0,0.0007,0.001,0.0,0.0,0.999,object#35,389.6407,0,0,,,,1,"[{""name"": ""水瓶"", ""m"": 0.26467, ""q"": 0.0007, ""c"": 0.5444, ""capture"": 0.001, ""share"": 1.0, ""miss_deg"": 3.66, ""labels"": [30]}]"
2026_08_25/c1_1,c4,v9,beyond_occ,mass10,86.74,93.45,6.72,4.177,球L,259,0.538,0.0043,0.039,1.026,0.859,0.992,object#24,389.6407,0,0,10,球M,0,2,"[{""name"": ""球L"", ""m"": 1.65863, ""q"": 0.0043, ""c"": 0.1097, ""capture"": 0.039, ""share"": 0.538, ""miss_deg"": 2.55, ""labels"": [259]}, {""name"": ""球M"", ""m"": 1.42268, ""q"": 0.0037, ""c"": 0.091, ""capture"": 0.04, ""share"": 0.462, ""miss_deg"": 2.54, ""labels"": [261]}]"
2026_08_25/c1_1,c4,v9,beyond_occ,mass10,93.61,97.46,3.85,4.18,球L,259,0.729,0.0113,0.103,0.146,0.192,0.984,object#35,389.6407,0,0,11,球L,1,4,"[{""name"": ""球L"", ""m"": 4.41926, ""q"": 0.0113, ""c"": 0.1097, ""capture"": 0.103, ""share"": 0.729, ""miss_deg"": 2.13, ""labels"": [259]}, {""name"": ""苹果红"", ""m"": 0.84977, ""q"": 0.0022, ""c"": 0.1459, ""capture"": 0.015, ""share"": 0.14, ""miss_deg"": 2.9, ""labels"": [260]}, {""name"": ""水瓶"", ""m"": 0.74075, ""q"": 0.0019, ""c"": 0.5444, ""capture"": 0.003, ""share"": 0.122, ""miss_deg"": 3.36, ""labels"": [30]}, {""name"": ""苹果粉"", ""m"": 0.0562, ""q"": 0.0001, ""c"": 0.2062, ""capture"": 0.001, ""share"": 0.009, ""miss_deg"": 3.81, ""labels"": [64]}]"
2026_08_25/c1_1,c4,v9,beyond_occ,mass10,97.51,97.89,0.38,4.174,球L,259,0.884,0.0027,0.024,0.042,0.131,0.997,object#24,389.6407,0,0,11,球L,1,2,"[{""name"": ""球L"", ""m"": 1.03559, ""q"": 0.0027, ""c"": 0.1097, ""capture"": 0.024, ""share"": 0.884, ""miss_deg"": 2.73, ""labels"": [259]}, {""name"": ""水瓶"", ""m"": 0.13557, ""q"": 0.0003, ""c"": 0.5444, ""capture"": 0.001, ""share"": 0.116, ""miss_deg"": 3.84, ""labels"": [30]}]"
2026_08_25/c1_1,c4,v9,beyond_occ,mass10,98.18,100.51,2.33,4.178,球L,259,0.814,0.0169,0.154,0.097,0.13,0.979,object#35,389.6407,0,0,11,球L,1,5,"[{""name"": ""球L"", ""m"": 6.58523, ""q"": 0.0169, ""c"": 0.1097, ""capture"": 0.154, ""share"": 0.814, ""miss_deg"": 1.93, ""labels"": [259]}, {""name"": ""苹果红"", ""m"": 0.85916, ""q"": 0.0022, ""c"": 0.1459, ""capture"": 0.015, ""share"": 0.106, ""miss_deg"": 2.9, ""labels"": [260]}, {""name"": ""水瓶"", ""m"": 0.35358, ""q"": 0.0009, ""c"": 0.5444, ""capture"": 0.002, ""share"": 0.044, ""miss_deg"": 3.58, ""labels"": [30]}, {""name"": ""苹果粉"", ""m"": 0.1593, ""q"": 0.0004, ""c"": 0.2062, ""capture"": 0.002, ""share"": 0.02, ""miss_deg"": 3.53, ""labels"": [64]}, {""name"": ""球M"", ""m"": 0.13556, ""q"": 0.0003, ""c"": 0.091, ""capture"": 0.004, ""share"": 0.017, ""miss_deg"": 3.34, ""labels"": [261]}]"
2026_08_25/c1_1,c4,v9,beyond_occ,mass10,100.73,105.98,5.25,4.178,球L,259,0.744,0.019,0.174,0.328,0.272,0.974,object#35,389.6407,0,0,11,球L,1,4,"[{""name"": ""球L"", ""m"": 7.42124, ""q"": 0.019, ""c"": 0.1097, ""capture"": 0.174, ""share"": 0.744, ""miss_deg"": 1.87, ""labels"": [259]}, {""name"": ""球M"", ""m"": 2.0155, ""q"": 0.0052, ""c"": 0.091, ""capture"": 0.057, ""share"": 0.202, ""miss_deg"": 2.39, ""labels"": [261]}, {""name"": ""苹果红"", ""m"": 0.40744, ""q"": 0.001, ""c"": 0.1459, ""capture"": 0.007, ""share"": 0.041, ""miss_deg"": 3.14, ""labels"": [260]}, {""name"": ""水瓶"", ""m"": 0.1357, ""q"": 0.0003, ""c"": 0.5444, ""capture"": 0.001, ""share"": 0.014, ""miss_deg"": 3.84, ""labels"": [30]}]"
2026_08_25/c1_1,c4,v9,beyond_occ,mass10,106.23,107.32,1.08,4.177,球L,259,0.574,0.0458,0.418,0.565,0.469,0.92,物品台,389.6407,1,1,11,球L,1,5,"[{""name"": ""球L"", ""m"": 17.85124, ""q"": 0.0458, ""c"": 0.1097, ""capture"": 0.418, ""share"": 0.574, ""miss_deg"": 1.32, ""labels"": [259]}, {""name"": ""球M"", ""m"": 8.36961, ""q"": 0.0215, ""c"": 0.091, ""capture"": 0.236, ""share"": 0.269, ""miss_deg"": 1.7, ""labels"": [261]}, {""name"": ""苹果红"", ""m"": 2.15962, ""q"": 0.0055, ""c"": 0.1459, ""capture"": 0.038, ""share"": 0.069, ""miss_deg"": 2.56, ""labels"": [260]}, {""name"": ""水瓶"", ""m"": 1.92346, ""q"": 0.0049, ""c"": 0.5444, ""capture"": 0.009, ""share"": 0.062, ""miss_deg"": 3.07, ""labels"": [30]}, {""name"": ""球R"", ""m"": 0.78509, ""q"": 0.002, ""c"": 0.1097, ""capture"": 0.018, ""share"": 0.025, ""miss_deg"": 2.83, ""labels"": [263]}]"
2026_08_25/c1_1,c4,v9,beyond_occ,mass10,107.62,112.55,4.93,4.191,球M,261,0.331,0.0611,0.671,0.788,0.949,0.815,物品台,389.6407,0,0,12,球M,1,7,"[{""name"": ""球M"", ""m"": 23.79118, ""q"": 0.0611, ""c"": 0.091, ""capture"": 0.671, ""share"": 0.331, ""miss_deg"": 0.89, ""labels"": [261]}, {""name"": ""球L"", ""m"": 22.60774, ""q"": 0.058, ""c"": 0.1097, ""capture"": 0.529, ""share"": 0.314, ""miss_deg"": 1.13, ""labels"": [259]}, {""name"": ""球R"", ""m"": 13.21683, ""q"": 0.0339, ""c"": 0.1097, ""capture"": 0.309, ""share"": 0.184, ""miss_deg"": 1.53, ""labels"": [263]}, {""name"": ""水瓶"", ""m"": 5.53926, ""q"": 0.0142, ""c"": 0.5444, ""capture"": 0.026, ""share"": 0.077, ""miss_deg"": 2.7, ""labels"": [30]}, {""name"": ""白杯1"", ""m"": 3.53636, ""q"": 0.0091, ""c"": 0.2228, ""capture"": 0.041, ""share"": 0.049, ""miss_deg"": 2.53, ""labels"": [266]}, {""name"": ""白杯2"", ""m"": 2.72772, ""q"": 0.007, ""c"": 0.1636, ""capture"": 0.043, ""share"": 0.038, ""miss_deg"": 2.51, ""labels"": [267]}, {""name"": ""苹果红"", ""m"": 0.55805, ""q"": 0.0014, ""c"": 0.1459, ""capture"": 0.01, ""share"": 0.008, ""miss_deg"": 3.04, ""labels"": [260]}]"
2026_08_25/c1_1,c4,v9,beyond_occ,mass10,112.72,114.45,1.73,4.2,球M,261,0.34,0.0614,0.675,0.613,0.738,0.819,物品台,389.6407,0,0,12,球M,1,7,"[{""name"": ""球M"", ""m"": 23.93973, ""q"": 0.0614, ""c"": 0.091, ""capture"": 0.675, ""share"": 0.34, ""miss_deg"": 0.89, ""labels"": [261]}, {""name"": ""球L"", ""m"": 17.68875, ""q"": 0.0454, ""c"": 0.1097, ""capture"": 0.414, ""share"": 0.251, ""miss_deg"": 1.33, ""labels"": [259]}, {""name"": ""球R"", ""m"": 17.48584, ""q"": 0.0449, ""c"": 0.1097, ""capture"": 0.409, ""share"": 0.248, ""miss_deg"": 1.34, ""labels"": [263]}, {""name"": ""水瓶"", ""m"": 4.07172, ""q"": 0.0104, ""c"": 0.5444, ""capture"": 0.019, ""share"": 0.058, ""miss_deg"": 2.81, ""labels"": [30]}, {""name"": ""白杯2"", ""m"": 3.94764, ""q"": 0.0101, ""c"": 0.1636, ""capture"": 0.062, ""share"": 0.056, ""miss_deg"": 2.36, ""labels"": [267]}, {""name"": ""白杯1"", ""m"": 3.25645, ""q"": 0.0084, ""c"": 0.2228, ""capture"": 0.038, ""share"": 0.046, ""miss_deg"": 2.56, ""labels"": [266]}, {""name"": ""苹果红"", ""m"": 0.11967, ""q"": 0.0003, ""c"": 0.1459, ""capture"": 0.002, ""share"": 0.002, ""miss_deg"": 3.51, ""labels"": [260]}]"
2026_08_25/c1_1,c4,v9,beyond_occ,mass10,114.51,114.94,0.43,4.175,球L,259,0.293,0.0912,0.831,0.72,0.959,0.689,物品台,389.6407,0,0,,,,11,"[{""name"": ""球L"", ""m"": 35.52163, ""q"": 0.0912, ""c"": 0.1097, ""capture"": 0.831, ""share"": 0.293, ""miss_deg"": 0.61, ""labels"": [259]}, {""name"": ""苹果红"", ""m"": 34.00865, ""q"": 0.0873, ""c"": 0.1459, ""capture"": 0.598, ""share"": 0.281, ""miss_deg"": 1.01, ""labels"": [260]}, {""name"": ""水瓶"", ""m"": 19.21744, ""q"": 0.0493, ""c"": 0.5444, ""capture"": 0.091, ""share"": 0.159, ""miss_deg"": 2.19, ""labels"": [30]}, {""name"": ""苹果粉"", ""m"": 17.83619, ""q"": 0.0458, ""c"": 0.2062, ""capture"": 0.222, ""share"": 0.147, ""miss_deg"": 1.74, ""labels"": [64]}, {""name"": ""球M"", ""m"": 8.13558, ""q"": 0.0209, ""c"": 0.091, ""capture"": 0.229, ""share"": 0.067, ""miss_deg"": 1.72, ""labels"": [261]}, {""name"": ""白杯1"", ""m"": 2.42311, ""q"": 0.0062, ""c"": 0.2228, ""capture"": 0.028, ""share"": 0.02, ""miss_deg"": 2.68, ""labels"": [266]}, {""name"": ""红杯"", ""m"": 1.57376, ""q"": 0.004, ""c"": 0.3441, ""capture"": 0.012, ""share"": 0.013, ""miss_deg"": 2.98, ""labels"": [49]}, {""name"": ""橘子"", ""m"": 0.67557, ""q"": 0.0017, ""c"": 0.1188, ""capture"": 0.015, ""share"": 0.006, ""miss_deg"": 2.91, ""labels"": [262]}, {""name"": ""香蕉"", ""m"": 0.57652, ""q"": 0.0015, ""c"": 0.6676, ""capture"": 0.002, ""share"": 0.005, ""miss_deg"": 3.5, ""labels"": [264]}, {""name"": ""白杯2"", ""m"": 0.56177, ""q"": 0.0014, ""c"": 0.1636, ""capture"": 0.009, ""share"": 0.005, ""miss_deg"": 3.08, ""labels"": [267]}, {""name"": ""球R"", ""m"": 0.55958, ""q"": 0.0014, ""c"": 0.1097, ""capture"": 0.013, ""share"": 0.005, ""miss_deg"": 2.94, ""labels"": [263]}]"
2026_08_25/c1_1,c4,v9,beyond_occ,mass10,115.07,121.35,6.28,4.157,球L,259,0.726,0.0248,0.226,0.265,0.222,0.966,object#35,389.6407,1,1,,,,4,"[{""name"": ""球L"", ""m"": 9.6515, ""q"": 0.0248, ""c"": 0.1097, ""capture"": 0.226, ""share"": 0.726, ""miss_deg"": 1.72, ""labels"": [259]}, {""name"": ""球M"", ""m"": 2.1361, ""q"": 0.0055, ""c"": 0.091, ""capture"": 0.06, ""share"": 0.161, ""miss_deg"": 2.37, ""labels"": [261]}, {""name"": ""水瓶"", ""m"": 0.85082, ""q"": 0.0022, ""c"": 0.5444, ""capture"": 0.004, ""share"": 0.064, ""miss_deg"": 3.32, ""labels"": [30]}, {""name"": ""苹果红"", ""m"": 0.64758, ""q"": 0.0017, ""c"": 0.1459, ""capture"": 0.011, ""share"": 0.049, ""miss_deg"": 2.99, ""labels"": [260]}]"
2026_08_25/c1_1,c4,v9,beyond_occ,mass10,121.63,127.21,5.58,4.186,球M,261,0.302,0.0814,0.894,0.784,0.944,0.731,物品台,389.6407,0,0,14,球M,1,7,"[{""name"": ""球M"", ""m"": 31.71507, ""q"": 0.0814, ""c"": 0.091, ""capture"": 0.894, ""share"": 0.302, ""miss_deg"": 0.47, ""labels"": [261]}, {""name"": ""球L"", ""m"": 29.94495, ""q"": 0.0769, ""c"": 0.1097, ""capture"": 0.701, ""share"": 0.285, ""miss_deg"": 0.84, ""labels"": [259]}, {""name"": ""球R"", ""m"": 16.537, ""q"": 0.0424, ""c"": 0.1097, ""capture"": 0.387, ""share"": 0.158, ""miss_deg"": 1.38, ""labels"": [263]}, {""name"": ""水瓶"", ""m"": 11.77907, ""q"": 0.0302, ""c"": 0.5444, ""capture"": 0.056, ""share"": 0.112, ""miss_deg"": 2.4, ""labels"": [30]}, {""name"": ""白杯1"", ""m"": 6.33905, ""q"": 0.0163, ""c"": 0.2228, ""capture"": 0.073, ""share"": 0.06, ""miss_deg"": 2.29, ""labels"": [266]}, {""name"": ""白杯2"", ""m"": 6.19272, ""q"": 0.0159, ""c"": 0.1636, ""capture"": 0.097, ""share"": 0.059, ""miss_deg"": 2.16, ""labels"": [267]}, {""name"": ""苹果红"", ""m"": 2.39834, ""q"": 0.0062, ""c"": 0.1459, ""capture"": 0.042, ""share"": 0.023, ""miss_deg"": 2.52, ""labels"": [260]}]"
2026_08_25/c1_1,c4,v9,beyond_occ,mass10,129.6,130.46,0.87,1.279,,-1,0.0,0.0,,,,1.0,object#14,389.6407,0,0,,,,0,[]
2026_08_25/c1_1,c4,v9,beyond_occ,mass10,130.52,130.79,0.27,0.892,,-1,0.0,0.0,,,,1.0,object#14,389.6407,0,0,,,,0,[]
2026_08_25/c1_1,c4,v9,beyond_occ,mass10,131.0,131.33,0.32,0.678,,-1,0.0,0.0,,,,1.0,object#14,389.6407,0,0,,,,0,[]
2026_08_25/c1_2,c4,v9,,mass10,4.48,4.76,0.27,5.705,水瓶,30,1.0,0.0011,0.003,0.0,0.0,0.999,object#23,389.6407,0,0,,,,1,"[{""name"": ""水瓶"", ""m"": 0.4222, ""q"": 0.0011, ""c"": 0.3228, ""capture"": 0.003, ""share"": 1.0, ""miss_deg"": 3.38, ""labels"": [30]}]"
2026_08_25/c1_2,c4,v9,,mass10,6.13,7.22,1.08,4.222,球L,259,0.465,0.071,0.648,0.685,0.568,0.847,物品台,389.6407,1,0,,,,6,"[{""name"": ""球L"", ""m"": 27.67929, ""q"": 0.071, ""c"": 0.1097, ""capture"": 0.648, ""share"": 0.465, ""miss_deg"": 0.93, ""labels"": [259]}, {""name"": ""球M"", ""m"": 15.73318, ""q"": 0.0404, ""c"": 0.091, ""capture"": 0.444, ""share"": 0.264, ""miss_deg"": 1.27, ""labels"": [261]}, {""name"": ""水瓶"", ""m"": 6.26584, ""q"": 0.0161, ""c"": 0.5338, ""capture"": 0.03, ""share"": 0.105, ""miss_deg"": 2.65, ""labels"": [30]}, {""name"": ""苹果红"", ""m"": 5.53121, ""q"": 0.0142, ""c"": 0.1369, ""capture"": 0.104, ""share"": 0.093, ""miss_deg"": 2.13, ""labels"": [260]}, {""name"": ""球R"", ""m"": 3.10978, ""q"": 0.008, ""c"": 0.091, ""capture"": 0.088, ""share"": 0.052, ""miss_deg"": 2.21, ""labels"": [263]}, {""name"": ""白杯1"", ""m"": 1.23685, ""q"": 0.0032, ""c"": 0.2062, ""capture"": 0.015, ""share"": 0.021, ""miss_deg"": 2.89, ""labels"": [266]}]"
2026_08_25/c1_2,c4,v9,,mass10,7.27,7.54,0.27,4.229,苹果红,260,0.31,0.0648,0.473,1.397,0.929,0.791,object#35,389.6407,0,0,,,,9,"[{""name"": ""苹果红"", ""m"": 25.23572, ""q"": 0.0648, ""c"": 0.1369, ""capture"": 0.473, ""share"": 0.31, ""miss_deg"": 1.22, ""labels"": [260]}, {""name"": ""球L"", ""m"": 23.45086, ""q"": 0.0602, ""c"": 0.091, ""capture"": 0.661, ""share"": 0.288, ""miss_deg"": 0.91, ""labels"": [259]}, {""name"": ""苹果粉"", ""m"": 19.35805, ""q"": 0.0497, ""c"": 0.1892, ""capture"": 0.263, ""share"": 0.238, ""miss_deg"": 1.64, ""labels"": [64]}, {""name"": ""水瓶"", ""m"": 7.50458, ""q"": 0.0193, ""c"": 0.5338, ""capture"": 0.036, ""share"": 0.092, ""miss_deg"": 2.58, ""labels"": [30]}, {""name"": ""球M"", ""m"": 3.93954, ""q"": 0.0101, ""c"": 0.091, ""capture"": 0.111, ""share"": 0.048, ""miss_deg"": 2.1, ""labels"": [261]}, {""name"": ""橘子"", ""m"": 0.92586, ""q"": 0.0024, ""c"": 0.1188, ""capture"": 0.02, ""share"": 0.011, ""miss_deg"": 2.8, ""labels"": [262]}, {""name"": ""白杯1"", ""m"": 0.71481, ""q"": 0.0018, ""c"": 0.2062, ""capture"": 0.009, ""share"": 0.009, ""miss_deg"": 3.07, ""labels"": [266]}, {""name"": ""香蕉"", ""m"": 0.27627, ""q"": 0.0007, ""c"": 0.6512, ""capture"": 0.001, ""share"": 0.003, ""miss_deg"": 3.69, ""labels"": [264]}, {""name"": ""球R"", ""m"": 0.02331, ""q"": 0.0001, ""c"": 0.091, ""capture"": 0.001, ""share"": 0.0, ""miss_deg"": 3.83, ""labels"": [263]}]"
2026_08_25/c1_2,c4,v9,,mass10,7.6,8.68,1.08,4.252,球M,261,0.385,0.0545,0.599,0.696,0.696,0.859,物品台,389.6407,1,0,,,,7,"[{""name"": ""球M"", ""m"": 21.22045, ""q"": 0.0545, ""c"": 0.091, ""capture"": 0.599, ""share"": 0.385, ""miss_deg"": 1.01, ""labels"": [261]}, {""name"": ""球L"", ""m"": 14.77547, ""q"": 0.0379, ""c"": 0.091, ""capture"": 0.417, ""share"": 0.268, ""miss_deg"": 1.32, ""labels"": [259]}, {""name"": ""球R"", ""m"": 10.26746, ""q"": 0.0264, ""c"": 0.091, ""capture"": 0.29, ""share"": 0.186, ""miss_deg"": 1.57, ""labels"": [263]}, {""name"": ""水瓶"", ""m"": 5.20639, ""q"": 0.0134, ""c"": 0.5232, ""capture"": 0.026, ""share"": 0.095, ""miss_deg"": 2.71, ""labels"": [30]}, {""name"": ""白杯1"", ""m"": 2.09747, ""q"": 0.0054, ""c"": 0.2062, ""capture"": 0.026, ""share"": 0.038, ""miss_deg"": 2.7, ""labels"": [266]}, {""name"": ""白杯2"", ""m"": 1.19815, ""q"": 0.0031, ""c"": 0.1636, ""capture"": 0.019, ""share"": 0.022, ""miss_deg"": 2.82, ""labels"": [267]}, {""name"": ""苹果红"", ""m"": 0.30632, ""q"": 0.0008, ""c"": 0.1369, ""capture"": 0.006, ""share"": 0.006, ""miss_deg"": 3.21, ""labels"": [260]}]"
2026_08_25/c1_2,c4,v9,,mass10,8.95,9.28,0.32,3.518,,-1,0.0,0.0,,,,1.0,object#36,389.6407,0,0,,,,0,[]
2026_08_25/c1_2,c4,v9,,mass10,9.33,9.82,0.49,3.381,,-1,0.0,0.0,,,,1.0,object#26,389.6407,0,0,,,,0,[]
2026_08_25/c1_2,c4,v9,,mass10,9.87,10.36,0.49,3.32,,-1,0.0,0.0,,,,1.0,object#26,389.6407,0,0,,,,0,[]
2026_08_25/c1_2,c4,v9,,mass10,10.41,10.68,0.27,3.433,,-1,0.0,0.0,,,,1.0,object#26,389.6407,0,0,,,,0,[]
2026_08_25/c1_2,c4,v9,,mass10,11.22,12.31,1.08,4.244,球L,259,0.785,0.0095,0.104,0.269,0.274,0.988,object#24,389.6407,0,0,,,,2,"[{""name"": ""球L"", ""m"": 3.6916, ""q"": 0.0095, ""c"": 0.091, ""capture"": 0.104, ""share"": 0.785, ""miss_deg"": 2.13, ""labels"": [259]}, {""name"": ""球M"", ""m"": 1.00815, ""q"": 0.0026, ""c"": 0.091, ""capture"": 0.028, ""share"": 0.215, ""miss_deg"": 2.67, ""labels"": [261]}]"
2026_08_25/c1_2,c4,v9,,mass10,12.74,14.91,2.17,4.246,球L,259,0.586,0.0231,0.254,0.362,0.363,0.961,object#35,389.6407,1,1,,,,4,"[{""name"": ""球L"", ""m"": 9.00108, ""q"": 0.0231, ""c"": 0.091, ""capture"": 0.254, ""share"": 0.586, ""miss_deg"": 1.66, ""labels"": [259]}, {""name"": ""球M"", ""m"": 3.272, ""q"": 0.0084, ""c"": 0.091, ""capture"": 0.092, ""share"": 0.213, ""miss_deg"": 2.18, ""labels"": [261]}, {""name"": ""水瓶"", ""m"": 1.84156, ""q"": 0.0047, ""c"": 0.5232, ""capture"": 0.009, ""share"": 0.12, ""miss_deg"": 3.07, ""labels"": [30]}, {""name"": ""苹果红"", ""m"": 1.23315, ""q"": 0.0032, ""c"": 0.1369, ""capture"": 0.023, ""share"": 0.08, ""miss_deg"": 2.74, ""labels"": [260]}]"
2026_08_25/c1_2,c4,v9,,mass10,15.2,20.78,5.58,4.229,球L,259,0.839,0.0064,0.07,0.029,0.16,0.992,object#35,389.6407,0,0,1,球L,1,3,"[{""name"": ""球L"", ""m"": 2.48492, ""q"": 0.0064, ""c"": 0.091, ""capture"": 0.07, ""share"": 0.839, ""miss_deg"": 2.31, ""labels"": [259]}, {""name"": ""水瓶"", ""m"": 0.39531, ""q"": 0.001, ""c"": 0.5338, ""capture"": 0.002, ""share"": 0.134, ""miss_deg"": 3.54, ""labels"": [30]}, {""name"": ""苹果红"", ""m"": 0.08031, ""q"": 0.0002, ""c"": 0.1369, ""capture"": 0.002, ""share"": 0.027, ""miss_deg"": 3.61, ""labels"": [260]}]"
2026_08_25/c1_2,c4,v9,,mass10,20.83,22.78,1.95,4.227,球L,259,0.989,0.0066,0.072,0.014,0.011,0.993,object#24,389.6407,0,0,1,球L,1,2,"[{""name"": ""球L"", ""m"": 2.55293, ""q"": 0.0066, ""c"": 0.091, ""capture"": 0.072, ""share"": 0.989, ""miss_deg"": 2.29, ""labels"": [259]}, {""name"": ""苹果红"", ""m"": 0.02923, ""q"": 0.0001, ""c"": 0.1369, ""capture"": 0.001, ""share"": 0.011, ""miss_deg"": 3.88, ""labels"": [260]}]"
2026_08_25/c1_2,c4,v9,,mass10,23.16,23.87,0.7,4.254,球R,263,0.456,0.0077,0.085,0.776,0.785,0.983,object#24,389.6407,0,0,,,,3,"[{""name"": ""球R"", ""m"": 2.99752, ""q"": 0.0077, ""c"": 0.091, ""capture"": 0.085, ""share"": 0.456, ""miss_deg"": 2.22, ""labels"": [263]}, {""name"": ""球M"", ""m"": 2.35624, ""q"": 0.006, ""c"": 0.091, ""capture"": 0.066, ""share"": 0.358, ""miss_deg"": 2.33, ""labels"": [261]}, {""name"": ""水瓶"", ""m"": 1.22105, ""q"": 0.0031, ""c"": 0.5232, ""capture"": 0.006, ""share"": 0.186, ""miss_deg"": 3.2, ""labels"": [30]}]"
2026_08_25/c1_2,c4,v9,,mass10,23.92,29.61,5.69,4.271,球R,263,0.509,0.0092,0.101,0.099,0.562,0.982,object#24,389.6407,0,0,2,球R,1,4,"[{""name"": ""球R"", ""m"": 3.58286, ""q"": 0.0092, ""c"": 0.091, ""capture"": 0.101, ""share"": 0.509, ""miss_deg"": 2.14, ""labels"": [263]}, {""name"": ""水瓶"", ""m"": 2.0116, ""q"": 0.0052, ""c"": 0.5232, ""capture"": 0.01, ""share"": 0.286, ""miss_deg"": 3.04, ""labels"": [30]}, {""name"": ""球M"", ""m"": 1.41124, ""q"": 0.0036, ""c"": 0.091, ""capture"": 0.04, ""share"": 0.2, ""miss_deg"": 2.54, ""labels"": [261]}, {""name"": ""白杯2"", ""m"": 0.0362, ""q"": 0.0001, ""c"": 0.1636, ""capture"": 0.001, ""share"": 0.005, ""miss_deg"": 3.87, ""labels"": [267]}]"
2026_08_25/c1_2,c4,v9,,mass10,30.04,36.43,6.39,4.287,球R,263,0.578,0.0355,0.39,0.451,0.452,0.939,物品台,389.6407,1,1,3,球R,1,5,"[{""name"": ""球R"", ""m"": 13.82516, ""q"": 0.0355, ""c"": 0.091, ""capture"": 0.39, ""share"": 0.578, ""miss_deg"": 1.37, ""labels"": [263]}, {""name"": ""球M"", ""m"": 6.25307, ""q"": 0.016, ""c"": 0.091, ""capture"": 0.176, ""share"": 0.261, ""miss_deg"": 1.86, ""labels"": [261]}, {""name"": ""水瓶"", ""m"": 2.0097, ""q"": 0.0052, ""c"": 0.5232, ""capture"": 0.01, ""share"": 0.084, ""miss_deg"": 3.04, ""labels"": [30]}, {""name"": ""白杯2"", ""m"": 1.58273, ""q"": 0.0041, ""c"": 0.1636, ""capture"": 0.025, ""share"": 0.066, ""miss_deg"": 2.72, ""labels"": [267]}, {""name"": ""白杯1"", ""m"": 0.25242, ""q"": 0.0006, ""c"": 0.2062, ""capture"": 0.003, ""share"": 0.011, ""miss_deg"": 3.4, ""labels"": [266]}]"
2026_08_25/c1_2,c4,v9,,mass10,36.72,43.32,6.61,4.251,球M,261,0.415,0.0446,0.49,0.631,0.631,0.892,物品台,389.6407,1,0,4,球M,1,6,"[{""name"": ""球M"", ""m"": 17.38328, ""q"": 0.0446, ""c"": 0.091, ""capture"": 0.49, ""share"": 0.415, ""miss_deg"": 1.19, ""labels"": [261]}, {""name"": ""球L"", ""m"": 10.96989, ""q"": 0.0282, ""c"": 0.091, ""capture"": 0.309, ""share"": 0.262, ""miss_deg"": 1.53, ""labels"": [259]}, {""name"": ""球R"", ""m"": 8.64591, ""q"": 0.0222, ""c"": 0.091, ""capture"": 0.244, ""share"": 0.206, ""miss_deg"": 1.68, ""labels"": [263]}, {""name"": ""水瓶"", ""m"": 3.40853, ""q"": 0.0087, ""c"": 0.5232, ""capture"": 0.017, ""share"": 0.081, ""miss_deg"": 2.86, ""labels"": [30]}, {""name"": ""白杯1"", ""m"": 1.05909, ""q"": 0.0027, ""c"": 0.2062, ""capture"": 0.013, ""share"": 0.025, ""miss_deg"": 2.94, ""labels"": [266]}, {""name"": ""白杯2"", ""m"": 0.42625, ""q"": 0.0011, ""c"": 0.1636, ""capture"": 0.007, ""share"": 0.01, ""miss_deg"": 3.16, ""labels"": [267]}]"
2026_08_25/c1_2,c4,v9,,mass10,43.87,49.99,6.12,4.25,球M,261,0.319,0.0842,0.926,0.79,0.79,0.736,物品台,389.6407,0,0,5,球M,1,7,"[{""name"": ""球M"", ""m"": 32.82247, ""q"": 0.0842, ""c"": 0.091, ""capture"": 0.926, ""share"": 0.319, ""miss_deg"": 0.39, ""labels"": [261]}, {""name"": ""球L"", ""m"": 25.94772, ""q"": 0.0666, ""c"": 0.091, ""capture"": 0.732, ""share"": 0.252, ""miss_deg"": 0.79, ""labels"": [259]}, {""name"": ""球R"", ""m"": 16.69428, ""q"": 0.0428, ""c"": 0.091, ""capture"": 0.471, ""share"": 0.162, ""miss_deg"": 1.23, ""labels"": [263]}, {""name"": ""水瓶"", ""m"": 10.48053, ""q"": 0.0269, ""c"": 0.5232, ""capture"": 0.051, ""share"": 0.102, ""miss_deg"": 2.44, ""labels"": [30]}, {""name"": ""白杯1"", ""m"": 9.42534, ""q"": 0.0242, ""c"": 0.2062, ""capture"": 0.117, ""share"": 0.092, ""miss_deg"": 2.07, ""labels"": [266]}, {""name"": ""白杯2"", ""m"": 6.06551, ""q"": 0.0156, ""c"": 0.1636, ""capture"": 0.095, ""share"": 0.059, ""miss_deg"": 2.17, ""labels"": [267]}, {""name"": ""苹果红"", ""m"": 1.52069, ""q"": 0.0039, ""c"": 0.1369, ""capture"": 0.029, ""share"": 0.015, ""miss_deg"": 2.67, ""labels"": [260]}]"
2026_08_25/c1_2,c4,v9,,mass10,50.25,56.64,6.39,4.242,球L,259,0.45,0.0796,0.874,0.311,0.469,0.823,object#35,389.6407,1,0,6,球L,1,9,"[{""name"": ""球L"", ""m"": 30.99812, ""q"": 0.0796, ""c"": 0.091, ""capture"": 0.874, ""share"": 0.45, ""miss_deg"": 0.52, ""labels"": [259]}, {""name"": ""苹果红"", ""m"": 14.53594, ""q"": 0.0373, ""c"": 0.1369, ""capture"": 0.272, ""share"": 0.211, ""miss_deg"": 1.61, ""labels"": [260]}, {""name"": ""球M"", ""m"": 11.73561, ""q"": 0.0301, ""c"": 0.091, ""capture"": 0.331, ""share"": 0.171, ""miss_deg"": 1.49, ""labels"": [261]}, {""name"": ""水瓶"", ""m"": 7.26817, ""q"": 0.0187, ""c"": 0.5338, ""capture"": 0.035, ""share"": 0.106, ""miss_deg"": 2.59, ""labels"": [30]}, {""name"": ""白杯1"", ""m"": 1.53975, ""q"": 0.004, ""c"": 0.2062, ""capture"": 0.019, ""share"": 0.022, ""miss_deg"": 2.81, ""labels"": [266]}, {""name"": ""苹果粉"", ""m"": 1.34607, ""q"": 0.0035, ""c"": 0.1892, ""capture"": 0.018, ""share"": 0.02, ""miss_deg"": 2.83, ""labels"": [64]}, {""name"": ""球R"", ""m"": 1.13825, ""q"": 0.0029, ""c"": 0.091, ""capture"": 0.032, ""share"": 0.017, ""miss_deg"": 2.62, ""labels"": [263]}, {""name"": ""橘子"", ""m"": 0.18895, ""q"": 0.0005, ""c"": 0.1188, ""capture"": 0.004, ""share"": 0.003, ""miss_deg"": 3.32, ""labels"": [262]}, {""name"": ""香蕉"", ""m"": 0.06544, ""q"": 0.0002, ""c"": 0.6512, ""capture"": 0.0, ""share"": 0.001, ""miss_deg"": 4.07, ""labels"": [264]}]"
2026_08_25/c1_2,c4,v9,,mass10,56.88,62.78,5.9,4.263,球R,263,0.371,0.0653,0.718,0.88,0.879,0.824,物品台,389.6407,0,0,7,球R,1,6,"[{""name"": ""球R"", ""m"": 25.45325, ""q"": 0.0653, ""c"": 0.091, ""capture"": 0.718, ""share"": 0.371, ""miss_deg"": 0.81, ""labels"": [263]}, {""name"": ""球M"", ""m"": 22.39389, ""q"": 0.0575, ""c"": 0.091, ""capture"": 0.632, ""share"": 0.326, ""miss_deg"": 0.96, ""labels"": [261]}, {""name"": ""白杯2"", ""m"": 7.21297, ""q"": 0.0185, ""c"": 0.1636, ""capture"": 0.113, ""share"": 0.105, ""miss_deg"": 2.09, ""labels"": [267]}, {""name"": ""球L"", ""m"": 5.68088, ""q"": 0.0146, ""c"": 0.091, ""capture"": 0.16, ""share"": 0.083, ""miss_deg"": 1.91, ""labels"": [259]}, {""name"": ""白杯1"", ""m"": 4.22511, ""q"": 0.0108, ""c"": 0.2062, ""capture"": 0.053, ""share"": 0.062, ""miss_deg"": 2.43, ""labels"": [266]}, {""name"": ""水瓶"", ""m"": 3.63119, ""q"": 0.0093, ""c"": 0.5232, ""capture"": 0.018, ""share"": 0.053, ""miss_deg"": 2.84, ""labels"": [30]}]"
2026_08_25/c1_2,c4,v9,,mass10,63.64,64.78,1.14,3.324,,-1,0.0,0.0,,,,1.0,object#26,389.6407,0,0,,,,0,[]
2026_08_25/c1_2,c4,v9,,mass10,64.83,65.21,0.38,3.279,,-1,0.0,0.0,,,,1.0,object#26,389.6407,0,0,,,,0,[]
2026_08_25/c1_2,c4,v9,,mass10,65.59,66.13,0.54,3.386,,-1,0.0,0.0,,,,1.0,object#26,389.6407,0,0,,,,0,[]
2026_08_25/c1_2,c4,v9,,mass10,66.19,67.54,1.35,3.354,,-1,0.0,0.0,,,,1.0,object#26,389.6407,0,0,,,,0,[]
2026_08_25/c1_2,c4,v9,,mass10,68.08,68.68,0.6,3.356,,-1,0.0,0.0,,,,1.0,object#26,389.6407,0,0,,,,0,[]
2026_08_25/c1_2,c4,v9,,mass10,68.79,69.33,0.54,3.356,,-1,0.0,0.0,,,,1.0,object#26,389.6407,0,0,,,,0,[]
2026_08_25/c1_2,c4,v9,,mass10,69.94,71.19,1.25,4.258,球L,259,0.45,0.0225,0.247,0.943,0.942,0.95,物品台,389.6407,1,0,,,,5,"[{""name"": ""球L"", ""m"": 8.76807, ""q"": 0.0225, ""c"": 0.091, ""capture"": 0.247, ""share"": 0.45, ""miss_deg"": 1.67, ""labels"": [259]}, {""name"": ""球M"", ""m"": 8.26596, ""q"": 0.0212, ""c"": 0.091, ""capture"": 0.233, ""share"": 0.424, ""miss_deg"": 1.71, ""labels"": [261]}, {""name"": ""水瓶"", ""m"": 1.44678, ""q"": 0.0037, ""c"": 0.5232, ""capture"": 0.007, ""share"": 0.074, ""miss_deg"": 3.15, ""labels"": [30]}, {""name"": ""球R"", ""m"": 0.87158, ""q"": 0.0022, ""c"": 0.091, ""capture"": 0.025, ""share"": 0.045, ""miss_deg"": 2.72, ""labels"": [263]}, {""name"": ""苹果红"", ""m"": 0.12412, ""q"": 0.0003, ""c"": 0.1369, ""capture"": 0.002, ""share"": 0.006, ""miss_deg"": 3.48, ""labels"": [260]}]"
2026_08_25/c1_2,c4,v9,,mass10,71.48,71.86,0.38,4.257,球L,259,1.0,0.0006,0.007,0.0,0.0,0.999,object#24,389.6407,0,0,,,,1,"[{""name"": ""球L"", ""m"": 0.25188, ""q"": 0.0006, ""c"": 0.091, ""capture"": 0.007, ""share"": 1.0, ""miss_deg"": 3.15, ""labels"": [259]}]"
2026_08_25/c1_2,c4,v9,,mass10,71.91,78.79,6.88,4.256,球L,259,0.749,0.0099,0.109,0.266,0.266,0.987,object#24,389.6407,0,0,8,球L,1,4,"[{""name"": ""球L"", ""m"": 3.87282, ""q"": 0.0099, ""c"": 0.091, ""capture"": 0.109, ""share"": 0.749, ""miss_deg"": 2.1, ""labels"": [259]}, {""name"": ""球M"", ""m"": 1.02925, ""q"": 0.0026, ""c"": 0.091, ""capture"": 0.029, ""share"": 0.199, ""miss_deg"": 2.66, ""labels"": [261]}, {""name"": ""水瓶"", ""m"": 0.13557, ""q"": 0.0003, ""c"": 0.5232, ""capture"": 0.001, ""share"": 0.026, ""miss_deg"": 3.83, ""labels"": [30]}, {""name"": ""苹果红"", ""m"": 0.1342, ""q"": 0.0003, ""c"": 0.1369, ""capture"": 0.003, ""share"": 0.026, ""miss_deg"": 3.46, ""labels"": [260]}]"
2026_08_25/c1_2,c4,v9,,mass10,79.06,85.56,6.5,4.264,球L,259,0.503,0.0165,0.181,0.923,0.922,0.967,object#24,389.6407,0,0,9,球L,1,4,"[{""name"": ""球L"", ""m"": 6.43269, ""q"": 0.0165, ""c"": 0.091, ""capture"": 0.181, ""share"": 0.503, ""miss_deg"": 1.85, ""labels"": [259]}, {""name"": ""球M"", ""m"": 5.935, ""q"": 0.0152, ""c"": 0.091, ""capture"": 0.167, ""share"": 0.464, ""miss_deg"": 1.89, ""labels"": [261]}, {""name"": ""球R"", ""m"": 0.27818, ""q"": 0.0007, ""c"": 0.091, ""capture"": 0.008, ""share"": 0.022, ""miss_deg"": 3.11, ""labels"": [263]}, {""name"": ""水瓶"", ""m"": 0.13441, ""q"": 0.0003, ""c"": 0.5232, ""capture"": 0.001, ""share"": 0.011, ""miss_deg"": 3.83, ""labels"": [30]}]"
2026_08_25/c1_2,c4,v9,,mass10,85.89,89.25,3.36,4.261,球M,261,0.489,0.0212,0.233,0.618,0.622,0.957,object#24,389.6407,1,0,,,,5,"[{""name"": ""球M"", ""m"": 8.24635, ""q"": 0.0212, ""c"": 0.091, ""capture"": 0.233, ""share"": 0.489, ""miss_deg"": 1.71, ""labels"": [261]}, {""name"": ""球L"", ""m"": 5.12052, ""q"": 0.0131, ""c"": 0.091, ""capture"": 0.144, ""share"": 0.304, ""miss_deg"": 1.97, ""labels"": [259]}, {""name"": ""球R"", ""m"": 2.60799, ""q"": 0.0067, ""c"": 0.091, ""capture"": 0.074, ""share"": 0.155, ""miss_deg"": 2.28, ""labels"": [263]}, {""name"": ""水瓶"", ""m"": 0.77094, ""q"": 0.002, ""c"": 0.5232, ""capture"": 0.004, ""share"": 0.046, ""miss_deg"": 3.34, ""labels"": [30]}, {""name"": ""白杯1"", ""m"": 0.11571, ""q"": 0.0003, ""c"": 0.2062, ""capture"": 0.001, ""share"": 0.007, ""miss_deg"": 3.62, ""labels"": [266]}]"
2026_08_25/c1_2,c4,v9,,mass10,89.3,92.66,3.36,4.273,球M,261,0.57,0.0126,0.139,0.511,0.514,0.978,object#24,389.6407,0,0,10,球M,1,5,"[{""name"": ""球M"", ""m"": 4.92435, ""q"": 0.0126, ""c"": 0.091, ""capture"": 0.139, ""share"": 0.57, ""miss_deg"": 1.99, ""labels"": [261]}, {""name"": ""球R"", ""m"": 2.53208, ""q"": 0.0065, ""c"": 0.091, ""capture"": 0.071, ""share"": 0.293, ""miss_deg"": 2.3, ""labels"": [263]}, {""name"": ""水瓶"", ""m"": 0.75336, ""q"": 0.0019, ""c"": 0.5232, ""capture"": 0.004, ""share"": 0.087, ""miss_deg"": 3.35, ""labels"": [30]}, {""name"": ""球L"", ""m"": 0.41247, ""q"": 0.0011, ""c"": 0.091, ""capture"": 0.012, ""share"": 0.048, ""miss_deg"": 2.98, ""labels"": [259]}, {""name"": ""白杯1"", ""m"": 0.02331, ""q"": 0.0001, ""c"": 0.2062, ""capture"": 0.0, ""share"": 0.003, ""miss_deg"": 4.04, ""labels"": [266]}]"
2026_08_25/c1_2,c4,v9,,mass10,92.71,94.18,1.46,4.244,球L,259,0.46,0.0235,0.258,0.996,0.993,0.949,物品台,389.6407,1,0,,,,5,"[{""name"": ""球L"", ""m"": 9.15294, ""q"": 0.0235, ""c"": 0.091, ""capture"": 0.258, ""share"": 0.46, ""miss_deg"": 1.65, ""labels"": [259]}, {""name"": ""球M"", ""m"": 9.11189, ""q"": 0.0234, ""c"": 0.091, ""capture"": 0.257, ""share"": 0.457, ""miss_deg"": 1.65, ""labels"": [261]}, {""name"": ""球R"", ""m"": 0.95602, ""q"": 0.0025, ""c"": 0.091, ""capture"": 0.027, ""share"": 0.048, ""miss_deg"": 2.69, ""labels"": [263]}, {""name"": ""水瓶"", ""m"": 0.54504, ""q"": 0.0014, ""c"": 0.5338, ""capture"": 0.003, ""share"": 0.027, ""miss_deg"": 3.45, ""labels"": [30]}, {""name"": ""苹果红"", ""m"": 0.15339, ""q"": 0.0004, ""c"": 0.1369, ""capture"": 0.003, ""share"": 0.008, ""miss_deg"": 3.42, ""labels"": [260]}]"
2026_08_25/c1_2,c4,v9,,mass10,94.4,99.87,5.47,4.223,球L,259,0.413,0.0771,0.847,0.643,0.644,0.813,物品台,389.6407,1,0,11,球L,1,9,"[{""name"": ""球L"", ""m"": 30.02467, ""q"": 0.0771, ""c"": 0.091, ""capture"": 0.847, ""share"": 0.413, ""miss_deg"": 0.58, ""labels"": [259]}, {""name"": ""球M"", ""m"": 19.30786, ""q"": 0.0496, ""c"": 0.091, ""capture"": 0.545, ""share"": 0.266, ""miss_deg"": 1.1, ""labels"": [261]}, {""name"": ""水瓶"", ""m"": 7.87315, ""q"": 0.0202, ""c"": 0.5338, ""capture"": 0.038, ""share"": 0.108, ""miss_deg"": 2.56, ""labels"": [30]}, {""name"": ""苹果红"", ""m"": 7.45352, ""q"": 0.0191, ""c"": 0.1369, ""capture"": 0.14, ""share"": 0.103, ""miss_deg"": 1.98, ""labels"": [260]}, {""name"": ""球R"", ""m"": 3.97693, ""q"": 0.0102, ""c"": 0.091, ""capture"": 0.112, ""share"": 0.055, ""miss_deg"": 2.09, ""labels"": [263]}, {""name"": ""白杯1"", ""m"": 3.14258, ""q"": 0.0081, ""c"": 0.2062, ""capture"": 0.039, ""share"": 0.043, ""miss_deg"": 2.55, ""labels"": [266]}, {""name"": ""白杯2"", ""m"": 0.76641, ""q"": 0.002, ""c"": 0.1636, ""capture"": 0.012, ""share"": 0.011, ""miss_deg"": 2.97, ""labels"": [267]}, {""name"": ""红杯"", ""m"": 0.09712, ""q"": 0.0002, ""c"": 0.3157, ""capture"": 0.001, ""share"": 0.001, ""miss_deg"": 3.78, ""labels"": [49]}, {""name"": ""香蕉"", ""m"": 0.06274, ""q"": 0.0002, ""c"": 0.6512, ""capture"": 0.0, ""share"": 0.001, ""miss_deg"": 4.08, ""labels"": [264]}]"
2026_08_25/c1_2,c4,v9,,mass10,100.18,106.41,6.23,4.255,球M,261,0.313,0.0711,0.781,0.927,0.927,0.773,物品台,389.6407,0,0,12,球M,1,9,"[{""name"": ""球M"", ""m"": 27.68451, ""q"": 0.0711, ""c"": 0.091, ""capture"": 0.781, ""share"": 0.313, ""miss_deg"": 0.7, ""labels"": [261]}, {""name"": ""球L"", ""m"": 25.67743, ""q"": 0.0659, ""c"": 0.091, ""capture"": 0.724, ""share"": 0.29, ""miss_deg"": 0.8, ""labels"": [259]}, {""name"": ""球R"", ""m"": 12.39958, ""q"": 0.0318, ""c"": 0.091, ""capture"": 0.35, ""share"": 0.14, ""miss_deg"": 1.45, ""labels"": [263]}, {""name"": ""水瓶"", ""m"": 10.31294, ""q"": 0.0265, ""c"": 0.5232, ""capture"": 0.051, ""share"": 0.117, ""miss_deg"": 2.44, ""labels"": [30]}, {""name"": ""白杯1"", ""m"": 5.71165, ""q"": 0.0147, ""c"": 0.2062, ""capture"": 0.071, ""share"": 0.065, ""miss_deg"": 2.3, ""labels"": [266]}, {""name"": ""白杯2"", ""m"": 3.89289, ""q"": 0.01, ""c"": 0.1636, ""capture"": 0.061, ""share"": 0.044, ""miss_deg"": 2.36, ""labels"": [267]}, {""name"": ""苹果红"", ""m"": 2.61087, ""q"": 0.0067, ""c"": 0.1369, ""capture"": 0.049, ""share"": 0.03, ""miss_deg"": 2.46, ""labels"": [260]}, {""name"": ""红杯"", ""m"": 0.08877, ""q"": 0.0002, ""c"": 0.3157, ""capture"": 0.001, ""share"": 0.001, ""miss_deg"": 3.8, ""labels"": [49]}, {""name"": ""香蕉"", ""m"": 0.04412, ""q"": 0.0001, ""c"": 0.6512, ""capture"": 0.0, ""share"": 0.0, ""miss_deg"": 4.16, ""labels"": [264]}]"
2026_08_25/c1_2,c4,v9,,mass10,106.59,113.04,6.45,4.261,球R,263,0.54,0.0412,0.452,0.549,0.548,0.924,物品台,389.6407,1,1,13,球R,1,5,"[{""name"": ""球R"", ""m"": 16.03458, ""q"": 0.0412, ""c"": 0.091, ""capture"": 0.452, ""share"": 0.54, ""miss_deg"": 1.26, ""labels"": [263]}, {""name"": ""球M"", ""m"": 8.79759, ""q"": 0.0226, ""c"": 0.091, ""capture"": 0.248, ""share"": 0.296, ""miss_deg"": 1.67, ""labels"": [261]}, {""name"": ""水瓶"", ""m"": 2.5374, ""q"": 0.0065, ""c"": 0.5232, ""capture"": 0.012, ""share"": 0.085, ""miss_deg"": 2.96, ""labels"": [30]}, {""name"": ""白杯2"", ""m"": 1.88079, ""q"": 0.0048, ""c"": 0.1636, ""capture"": 0.03, ""share"": 0.063, ""miss_deg"": 2.65, ""labels"": [267]}, {""name"": ""白杯1"", ""m"": 0.45527, ""q"": 0.0012, ""c"": 0.2062, ""capture"": 0.006, ""share"": 0.015, ""miss_deg"": 3.22, ""labels"": [266]}]"
2026_08_25/c1_2,c4,v9,,mass10,113.25,115.26,2.0,4.245,球M,261,0.362,0.0772,0.848,0.665,0.663,0.787,物品台,389.6407,1,0,,,,7,"[{""name"": ""球M"", ""m"": 30.06997, ""q"": 0.0772, ""c"": 0.091, ""capture"": 0.848, ""share"": 0.362, ""miss_deg"": 0.57, ""labels"": [261]}, {""name"": ""球L"", ""m"": 19.98847, ""q"": 0.0513, ""c"": 0.091, ""capture"": 0.564, ""share"": 0.24, ""miss_deg"": 1.07, ""labels"": [259]}, {""name"": ""球R"", ""m"": 16.50885, ""q"": 0.0424, ""c"": 0.091, ""capture"": 0.466, ""share"": 0.199, ""miss_deg"": 1.24, ""labels"": [263]}, {""name"": ""水瓶"", ""m"": 6.84719, ""q"": 0.0176, ""c"": 0.5232, ""capture"": 0.034, ""share"": 0.082, ""miss_deg"": 2.61, ""labels"": [30]}, {""name"": ""白杯1"", ""m"": 5.16701, ""q"": 0.0133, ""c"": 0.2062, ""capture"": 0.064, ""share"": 0.062, ""miss_deg"": 2.34, ""labels"": [266]}, {""name"": ""白杯2"", ""m"": 4.28272, ""q"": 0.011, ""c"": 0.1636, ""capture"": 0.067, ""share"": 0.052, ""miss_deg"": 2.32, ""labels"": [267]}, {""name"": ""苹果红"", ""m"": 0.29502, ""q"": 0.0008, ""c"": 0.1369, ""capture"": 0.006, ""share"": 0.004, ""miss_deg"": 3.22, ""labels"": [260]}]"
2026_08_25/c1_2,c4,v9,,mass10,115.56,116.7,1.14,4.259,球M,261,0.391,0.0493,0.541,0.704,0.703,0.874,物品台,389.6407,1,0,14,球M,1,6,"[{""name"": ""球M"", ""m"": 19.19625, ""q"": 0.0493, ""c"": 0.091, ""capture"": 0.541, ""share"": 0.391, ""miss_deg"": 1.11, ""labels"": [261]}, {""name"": ""球R"", ""m"": 13.51057, ""q"": 0.0347, ""c"": 0.091, ""capture"": 0.381, ""share"": 0.275, ""miss_deg"": 1.39, ""labels"": [263]}, {""name"": ""球L"", ""m"": 9.78128, ""q"": 0.0251, ""c"": 0.091, ""capture"": 0.276, ""share"": 0.199, ""miss_deg"": 1.6, ""labels"": [259]}, {""name"": ""水瓶"", ""m"": 2.6058, ""q"": 0.0067, ""c"": 0.5232, ""capture"": 0.013, ""share"": 0.053, ""miss_deg"": 2.95, ""labels"": [30]}, {""name"": ""白杯1"", ""m"": 2.36729, ""q"": 0.0061, ""c"": 0.2062, ""capture"": 0.029, ""share"": 0.048, ""miss_deg"": 2.66, ""labels"": [266]}, {""name"": ""白杯2"", ""m"": 1.69081, ""q"": 0.0043, ""c"": 0.1636, ""capture"": 0.027, ""share"": 0.034, ""miss_deg"": 2.69, ""labels"": [267]}]"
2026_08_25/c1_2,c4,v9,,mass10,116.87,120.66,3.79,4.259,球M,261,0.368,0.0564,0.62,0.715,0.715,0.847,物品台,389.6407,0,0,14,球M,1,7,"[{""name"": ""球M"", ""m"": 21.99397, ""q"": 0.0564, ""c"": 0.091, ""capture"": 0.62, ""share"": 0.368, ""miss_deg"": 0.98, ""labels"": [261]}, {""name"": ""球L"", ""m"": 15.70761, ""q"": 0.0403, ""c"": 0.091, ""capture"": 0.443, ""share"": 0.263, ""miss_deg"": 1.28, ""labels"": [259]}, {""name"": ""球R"", ""m"": 12.68133, ""q"": 0.0325, ""c"": 0.091, ""capture"": 0.358, ""share"": 0.212, ""miss_deg"": 1.43, ""labels"": [263]}, {""name"": ""水瓶"", ""m"": 3.91333, ""q"": 0.01, ""c"": 0.5232, ""capture"": 0.019, ""share"": 0.065, ""miss_deg"": 2.81, ""labels"": [30]}, {""name"": ""白杯1"", ""m"": 3.22415, ""q"": 0.0083, ""c"": 0.2062, ""capture"": 0.04, ""share"": 0.054, ""miss_deg"": 2.54, ""labels"": [266]}, {""name"": ""白杯2"", ""m"": 2.17874, ""q"": 0.0056, ""c"": 0.1636, ""capture"": 0.034, ""share"": 0.036, ""miss_deg"": 2.6, ""labels"": [267]}, {""name"": ""苹果红"", ""m"": 0.10563, ""q"": 0.0003, ""c"": 0.1369, ""capture"": 0.002, ""share"": 0.002, ""miss_deg"": 3.53, ""labels"": [260]}]"
2026_08_25/c1_2,c4,v9,,mass10,121.06,125.72,4.66,4.26,球R,263,0.355,0.0673,0.739,0.93,0.93,0.81,物品台,389.6407,0,0,15,球R,1,6,"[{""name"": ""球R"", ""m"": 26.21463, ""q"": 0.0673, ""c"": 0.091, ""capture"": 0.739, ""share"": 0.355, ""miss_deg"": 0.78, ""labels"": [263]}, {""name"": ""球M"", ""m"": 24.36367, ""q"": 0.0625, ""c"": 0.091, ""capture"": 0.687, ""share"": 0.33, ""miss_deg"": 0.87, ""labels"": [261]}, {""name"": ""白杯2"", ""m"": 7.61137, ""q"": 0.0195, ""c"": 0.1636, ""capture"": 0.119, ""share"": 0.103, ""miss_deg"": 2.06, ""labels"": [267]}, {""name"": ""球L"", ""m"": 7.56347, ""q"": 0.0194, ""c"": 0.091, ""capture"": 0.213, ""share"": 0.102, ""miss_deg"": 1.76, ""labels"": [259]}, {""name"": ""白杯1"", ""m"": 5.16185, ""q"": 0.0132, ""c"": 0.2062, ""capture"": 0.064, ""share"": 0.07, ""miss_deg"": 2.34, ""labels"": [266]}, {""name"": ""水瓶"", ""m"": 2.927, ""q"": 0.0075, ""c"": 0.5232, ""capture"": 0.014, ""share"": 0.04, ""miss_deg"": 2.91, ""labels"": [30]}]"
2026_08_25/c1_2,c4,v9,,mass10,125.78,126.21,0.43,4.256,球R,263,0.604,0.022,0.242,0.405,0.406,0.964,物品台,389.6407,1,1,15,球R,1,4,"[{""name"": ""球R"", ""m"": 8.56974, ""q"": 0.022, ""c"": 0.091, ""capture"": 0.242, ""share"": 0.604, ""miss_deg"": 1.69, ""labels"": [263]}, {""name"": ""球M"", ""m"": 3.47462, ""q"": 0.0089, ""c"": 0.091, ""capture"": 0.098, ""share"": 0.245, ""miss_deg"": 2.16, ""labels"": [261]}, {""name"": ""水瓶"", ""m"": 1.77915, ""q"": 0.0046, ""c"": 0.5232, ""capture"": 0.009, ""share"": 0.125, ""miss_deg"": 3.08, ""labels"": [30]}, {""name"": ""白杯2"", ""m"": 0.36664, ""q"": 0.0009, ""c"": 0.1636, ""capture"": 0.006, ""share"": 0.026, ""miss_deg"": 3.21, ""labels"": [267]}]"
2026_08_25/c1_2,c4,v9,,mass10,128.24,128.83,0.6,2.029,,-1,0.0,0.0,,,,1.0,object#14,389.6407,0,0,,,,0,[]
2026_08_25/c1_2,c4,v9,,mass10,129.1,129.75,0.65,1.662,,-1,0.0,0.0,,,,1.0,object#14,389.6407,0,0,,,,0,[]
2026_08_25/c1_2,c4,v9,,mass10,130.35,130.73,0.38,1.396,,-1,0.0,0.0,,,,1.0,object#26,389.6407,0,0,,,,0,[]
2026_08_25/c1_2,c4,v9,,mass10,131.69,132.45,0.76,0.77,,-1,0.0,0.0,,,,1.0,object#14,389.6407,0,0,,,,0,[]
2026_08_25/c1_3,c4,v9,,mass10,6.09,7.06,0.97,3.693,球M,261,0.391,0.0957,0.873,0.739,0.801,0.755,物品台,389.6407,0,0,,,,7,"[{""name"": ""球M"", ""m"": 37.29594, ""q"": 0.0957, ""c"": 0.1097, ""capture"": 0.873, ""share"": 0.391, ""miss_deg"": 0.52, ""labels"": [261]}, {""name"": ""球L"", ""m"": 29.87017, ""q"": 0.0767, ""c"": 0.1188, ""capture"": 0.645, ""share"": 0.313, ""miss_deg"": 0.94, ""labels"": [259]}, {""name"": ""球R"", ""m"": 13.34142, ""q"": 0.0342, ""c"": 0.1188, ""capture"": 0.288, ""share"": 0.14, ""miss_deg"": 1.58, ""labels"": [263]}, {""name"": ""水瓶"", ""m"": 6.78654, ""q"": 0.0174, ""c"": 0.6386, ""capture"": 0.027, ""share"": 0.071, ""miss_deg"": 2.68, ""labels"": [30]}, {""name"": ""白杯1"", ""m"": 5.21792, ""q"": 0.0134, ""c"": 0.2704, ""capture"": 0.05, ""share"": 0.055, ""miss_deg"": 2.45, ""labels"": [266]}, {""name"": ""白杯2"", ""m"": 2.28677, ""q"": 0.0059, ""c"": 0.2228, ""capture"": 0.026, ""share"": 0.024, ""miss_deg"": 2.7, ""labels"": [267]}, {""name"": ""苹果红"", ""m"": 0.59697, ""q"": 0.0015, ""c"": 0.1636, ""capture"": 0.009, ""share"": 0.006, ""miss_deg"": 3.06, ""labels"": [260]}]"
2026_08_25/c1_3,c4,v9,,mass10,7.65,8.14,0.49,2.9,,-1,0.0,0.0,,,,1.0,object#26,389.6407,0,0,,,,0,[]
2026_08_25/c1_3,c4,v9,,mass10,8.41,9.6,1.19,2.902,,-1,0.0,0.0,,,,1.0,object#26,389.6407,0,0,,,,0,[]
2026_08_25/c1_3,c4,v9,,mass10,9.96,10.45,0.49,5.226,,-1,0.0,0.0,,,,1.0,object#15,389.6407,0,0,,,,0,[]
2026_08_25/c1_3,c4,v9,,mass10,10.56,11.26,0.7,6.666,,-1,0.0,0.0,,,,1.0,object#161,389.6407,0,0,,,,0,[]
2026_08_25/c1_3,c4,v9,,mass10,11.42,11.92,0.5,5.276,,-1,0.0,0.0,,,,1.0,object#15,389.6407,0,0,,,,0,[]
2026_08_25/c1_3,c4,v9,,mass10,12.28,12.68,0.4,2.945,,-1,0.0,0.0,,,,1.0,object#26,389.6407,0,0,,,,0,[]
2026_08_25/c1_3,c4,v9,,mass10,12.73,14.23,1.5,2.905,,-1,0.0,0.0,,,,1.0,object#26,389.6407,0,0,,,,0,[]
2026_08_25/c1_3,c4,v9,,mass10,14.84,15.84,1.0,3.732,球L,259,0.606,0.0703,0.592,0.4,0.37,0.884,物品台,389.6407,1,1,1,球L,1,6,"[{""name"": ""球L"", ""m"": 27.39055, ""q"": 0.0703, ""c"": 0.1188, ""capture"": 0.592, ""share"": 0.606, ""miss_deg"": 1.02, ""labels"": [259]}, {""name"": ""球M"", ""m"": 10.14097, ""q"": 0.026, ""c"": 0.1097, ""capture"": 0.237, ""share"": 0.224, ""miss_deg"": 1.7, ""labels"": [261]}, {""name"": ""苹果红"", ""m"": 4.7619, ""q"": 0.0122, ""c"": 0.1636, ""capture"": 0.075, ""share"": 0.105, ""miss_deg"": 2.28, ""labels"": [260]}, {""name"": ""水瓶"", ""m"": 2.27613, ""q"": 0.0058, ""c"": 0.6212, ""capture"": 0.009, ""share"": 0.05, ""miss_deg"": 3.06, ""labels"": [30]}, {""name"": ""苹果粉"", ""m"": 0.45222, ""q"": 0.0012, ""c"": 0.2309, ""capture"": 0.005, ""share"": 0.01, ""miss_deg"": 3.25, ""labels"": [64]}, {""name"": ""球R"", ""m"": 0.18582, ""q"": 0.0005, ""c"": 0.1188, ""capture"": 0.004, ""share"": 0.004, ""miss_deg"": 3.32, ""labels"": [263]}]"
2026_08_25/c1_3,c4,v9,,mass10,16.0,16.8,0.8,3.728,球L,259,0.787,0.0203,0.171,0.263,0.244,0.974,物品台,389.6407,0,0,1,球L,1,3,"[{""name"": ""球L"", ""m"": 7.92356, ""q"": 0.0203, ""c"": 0.1188, ""capture"": 0.171, ""share"": 0.787, ""miss_deg"": 1.88, ""labels"": [259]}, {""name"": ""球M"", ""m"": 1.92938, ""q"": 0.005, ""c"": 0.1097, ""capture"": 0.045, ""share"": 0.192, ""miss_deg"": 2.49, ""labels"": [261]}, {""name"": ""苹果红"", ""m"": 0.21266, ""q"": 0.0005, ""c"": 0.1636, ""capture"": 0.003, ""share"": 0.021, ""miss_deg"": 3.38, ""labels"": [260]}]"
2026_08_25/c1_3,c4,v9,,mass10,16.85,17.45,0.6,3.719,球L,259,0.772,0.029,0.244,0.131,0.177,0.962,object#35,389.6407,1,1,1,球L,1,5,"[{""name"": ""球L"", ""m"": 11.30675, ""q"": 0.029, ""c"": 0.1188, ""capture"": 0.244, ""share"": 0.772, ""miss_deg"": 1.68, ""labels"": [259]}, {""name"": ""苹果红"", ""m"": 2.00905, ""q"": 0.0052, ""c"": 0.1636, ""capture"": 0.032, ""share"": 0.137, ""miss_deg"": 2.63, ""labels"": [260]}, {""name"": ""球M"", ""m"": 0.71867, ""q"": 0.0018, ""c"": 0.1097, ""capture"": 0.017, ""share"": 0.049, ""miss_deg"": 2.86, ""labels"": [261]}, {""name"": ""水瓶"", ""m"": 0.43552, ""q"": 0.0011, ""c"": 0.6212, ""capture"": 0.002, ""share"": 0.03, ""miss_deg"": 3.56, ""labels"": [30]}, {""name"": ""苹果粉"", ""m"": 0.17918, ""q"": 0.0005, ""c"": 0.2309, ""capture"": 0.002, ""share"": 0.012, ""miss_deg"": 3.53, ""labels"": [64]}]"
2026_08_25/c1_3,c4,v9,,mass10,17.5,17.75,0.25,3.544,球L,259,0.71,0.0013,0.009,0.222,0.408,0.998,object#35,389.6407,0,0,1,球L,1,2,"[{""name"": ""球L"", ""m"": 0.49239, ""q"": 0.0013, ""c"": 0.1459, ""capture"": 0.009, ""share"": 0.71, ""miss_deg"": 3.08, ""labels"": [259]}, {""name"": ""苹果粉"", ""m"": 0.20153, ""q"": 0.0005, ""c"": 0.2548, ""capture"": 0.002, ""share"": 0.29, ""miss_deg"": 3.52, ""labels"": [64]}]"
2026_08_25/c1_3,c4,v9,,mass10,18.05,18.35,0.3,3.519,球L,259,0.566,0.0038,0.026,0.154,0.654,0.993,object#35,389.6407,0,0,1,球L,1,3,"[{""name"": ""球L"", ""m"": 1.49758, ""q"": 0.0038, ""c"": 0.1459, ""capture"": 0.026, ""share"": 0.566, ""miss_deg"": 2.7, ""labels"": [259]}, {""name"": ""水瓶"", ""m"": 0.97764, ""q"": 0.0025, ""c"": 0.6716, ""capture"": 0.004, ""share"": 0.37, ""miss_deg"": 3.34, ""labels"": [30]}, {""name"": ""苹果粉"", ""m"": 0.16979, ""q"": 0.0004, ""c"": 0.2704, ""capture"": 0.002, ""share"": 0.064, ""miss_deg"": 3.59, ""labels"": [64]}]"
2026_08_25/c1_3,c4,v9,,mass10,18.4,18.8,0.4,3.726,球L,259,0.684,0.0197,0.166,0.367,0.339,0.971,物品台,389.6407,0,0,1,球L,1,4,"[{""name"": ""球L"", ""m"": 7.68273, ""q"": 0.0197, ""c"": 0.1188, ""capture"": 0.166, ""share"": 0.684, ""miss_deg"": 1.9, ""labels"": [259]}, {""name"": ""球M"", ""m"": 2.6076, ""q"": 0.0067, ""c"": 0.1097, ""capture"": 0.061, ""share"": 0.232, ""miss_deg"": 2.36, ""labels"": [261]}, {""name"": ""水瓶"", ""m"": 0.86068, ""q"": 0.0022, ""c"": 0.6212, ""capture"": 0.004, ""share"": 0.077, ""miss_deg"": 3.36, ""labels"": [30]}, {""name"": ""苹果红"", ""m"": 0.08084, ""q"": 0.0002, ""c"": 0.1636, ""capture"": 0.001, ""share"": 0.007, ""miss_deg"": 3.65, ""labels"": [260]}]"
2026_08_25/c1_3,c4,v9,,mass10,19.1,20.85,1.75,3.734,球L,259,0.601,0.0717,0.604,0.346,0.321,0.881,物品台,389.6407,1,1,1,球L,1,6,"[{""name"": ""球L"", ""m"": 27.9349, ""q"": 0.0717, ""c"": 0.1188, ""capture"": 0.604, ""share"": 0.601, ""miss_deg"": 1.0, ""labels"": [259]}, {""name"": ""球M"", ""m"": 8.95108, ""q"": 0.023, ""c"": 0.1097, ""capture"": 0.209, ""share"": 0.193, ""miss_deg"": 1.77, ""labels"": [261]}, {""name"": ""苹果红"", ""m"": 6.02441, ""q"": 0.0155, ""c"": 0.1636, ""capture"": 0.094, ""share"": 0.13, ""miss_deg"": 2.17, ""labels"": [260]}, {""name"": ""水瓶"", ""m"": 3.2695, ""q"": 0.0084, ""c"": 0.6212, ""capture"": 0.014, ""share"": 0.07, ""miss_deg"": 2.93, ""labels"": [30]}, {""name"": ""球R"", ""m"": 0.18586, ""q"": 0.0005, ""c"": 0.1188, ""capture"": 0.004, ""share"": 0.004, ""miss_deg"": 3.32, ""labels"": [263]}, {""name"": ""苹果粉"", ""m"": 0.09528, ""q"": 0.0002, ""c"": 0.2309, ""capture"": 0.001, ""share"": 0.002, ""miss_deg"": 3.7, ""labels"": [64]}]"
2026_08_25/c1_3,c4,v9,,mass10,20.9,23.2,2.3,3.718,球L,259,0.762,0.0394,0.332,0.247,0.228,0.948,object#35,389.6407,1,1,1,球L,1,4,"[{""name"": ""球L"", ""m"": 15.3589, ""q"": 0.0394, ""c"": 0.1188, ""capture"": 0.332, ""share"": 0.762, ""miss_deg"": 1.49, ""labels"": [259]}, {""name"": ""球M"", ""m"": 3.5015, ""q"": 0.009, ""c"": 0.1097, ""capture"": 0.082, ""share"": 0.174, ""miss_deg"": 2.24, ""labels"": [261]}, {""name"": ""苹果红"", ""m"": 1.0123, ""q"": 0.0026, ""c"": 0.1636, ""capture"": 0.016, ""share"": 0.05, ""miss_deg"": 2.88, ""labels"": [260]}, {""name"": ""水瓶"", ""m"": 0.28726, ""q"": 0.0007, ""c"": 0.6212, ""capture"": 0.001, ""share"": 0.014, ""miss_deg"": 3.67, ""labels"": [30]}]"
2026_08_25/c1_3,c4,v9,,mass10,23.3,23.8,0.5,3.717,球L,259,1.0,0.0075,0.063,0.0,0.0,0.993,object#35,389.6407,0,0,1,球L,1,1,"[{""name"": ""球L"", ""m"": 2.91719, ""q"": 0.0075, ""c"": 0.1188, ""capture"": 0.063, ""share"": 1.0, ""miss_deg"": 2.35, ""labels"": [259]}]"
2026_08_25/c1_3,c4,v9,,mass10,24.06,25.06,1.0,3.74,球M,261,0.541,0.0375,0.342,0.398,0.431,0.931,物品台,389.6407,1,1,4,球M,1,5,"[{""name"": ""球M"", ""m"": 14.60493, ""q"": 0.0375, ""c"": 0.1097, ""capture"": 0.342, ""share"": 0.541, ""miss_deg"": 1.47, ""labels"": [261]}, {""name"": ""球L"", ""m"": 6.28957, ""q"": 0.0161, ""c"": 0.1188, ""capture"": 0.136, ""share"": 0.233, ""miss_deg"": 2.0, ""labels"": [259]}, {""name"": ""球R"", ""m"": 5.27966, ""q"": 0.0136, ""c"": 0.1188, ""capture"": 0.114, ""share"": 0.195, ""miss_deg"": 2.08, ""labels"": [263]}, {""name"": ""水瓶"", ""m"": 0.55804, ""q"": 0.0014, ""c"": 0.6212, ""capture"": 0.002, ""share"": 0.021, ""miss_deg"": 3.48, ""labels"": [30]}, {""name"": ""白杯1"", ""m"": 0.28158, ""q"": 0.0007, ""c"": 0.2548, ""capture"": 0.003, ""share"": 0.01, ""miss_deg"": 3.42, ""labels"": [266]}]"
2026_08_25/c1_3,c4,v9,,mass10,25.11,28.56,3.45,3.751,球R,263,0.423,0.0572,0.482,1.023,0.943,0.865,物品台,389.6407,0,0,4,球M,0,6,"[{""name"": ""球R"", ""m"": 22.30366, ""q"": 0.0572, ""c"": 0.1188, ""capture"": 0.482, ""share"": 0.423, ""miss_deg"": 1.21, ""labels"": [263]}, {""name"": ""球M"", ""m"": 21.07071, ""q"": 0.0541, ""c"": 0.1097, ""capture"": 0.493, ""share"": 0.399, ""miss_deg"": 1.19, ""labels"": [261]}, {""name"": ""白杯2"", ""m"": 2.9992, ""q"": 0.0077, ""c"": 0.2228, ""capture"": 0.035, ""share"": 0.057, ""miss_deg"": 2.59, ""labels"": [267]}, {""name"": ""球L"", ""m"": 2.77929, ""q"": 0.0071, ""c"": 0.1188, ""capture"": 0.06, ""share"": 0.053, ""miss_deg"": 2.37, ""labels"": [259]}, {""name"": ""白杯1"", ""m"": 2.19525, ""q"": 0.0056, ""c"": 0.2548, ""capture"": 0.022, ""share"": 0.042, ""miss_deg"": 2.76, ""labels"": [266]}, {""name"": ""水瓶"", ""m"": 1.42126, ""q"": 0.0036, ""c"": 0.6212, ""capture"": 0.006, ""share"": 0.027, ""miss_deg"": 3.21, ""labels"": [30]}]"
2026_08_25/c1_3,c4,v9,,mass10,28.61,31.01,2.4,3.755,球M,261,0.44,0.0589,0.537,0.655,0.711,0.866,物品台,389.6407,1,0,4,球M,1,6,"[{""name"": ""球M"", ""m"": 22.9362, ""q"": 0.0589, ""c"": 0.1097, ""capture"": 0.537, ""share"": 0.44, ""miss_deg"": 1.12, ""labels"": [261]}, {""name"": ""球R"", ""m"": 16.29753, ""q"": 0.0418, ""c"": 0.1188, ""capture"": 0.352, ""share"": 0.313, ""miss_deg"": 1.44, ""labels"": [263]}, {""name"": ""球L"", ""m"": 6.63146, ""q"": 0.017, ""c"": 0.1188, ""capture"": 0.143, ""share"": 0.127, ""miss_deg"": 1.97, ""labels"": [259]}, {""name"": ""水瓶"", ""m"": 2.80432, ""q"": 0.0072, ""c"": 0.6212, ""capture"": 0.012, ""share"": 0.054, ""miss_deg"": 2.99, ""labels"": [30]}, {""name"": ""白杯1"", ""m"": 1.91581, ""q"": 0.0049, ""c"": 0.2548, ""capture"": 0.019, ""share"": 0.037, ""miss_deg"": 2.81, ""labels"": [266]}, {""name"": ""白杯2"", ""m"": 1.50356, ""q"": 0.0039, ""c"": 0.2228, ""capture"": 0.017, ""share"": 0.029, ""miss_deg"": 2.85, ""labels"": [267]}]"
2026_08_25/c1_3,c4,v9,,mass10,31.27,32.77,1.5,3.739,球R,263,0.371,0.0754,0.634,1.05,0.97,0.797,物品台,389.6407,0,0,4,球M,0,6,"[{""name"": ""球R"", ""m"": 29.3625, ""q"": 0.0754, ""c"": 0.1188, ""capture"": 0.634, ""share"": 0.371, ""miss_deg"": 0.95, ""labels"": [263]}, {""name"": ""球M"", ""m"": 28.45571, ""q"": 0.073, ""c"": 0.1097, ""capture"": 0.666, ""share"": 0.36, ""miss_deg"": 0.9, ""labels"": [261]}, {""name"": ""白杯2"", ""m"": 7.21002, ""q"": 0.0185, ""c"": 0.2228, ""capture"": 0.083, ""share"": 0.091, ""miss_deg"": 2.23, ""labels"": [267]}, {""name"": ""球L"", ""m"": 5.46677, ""q"": 0.014, ""c"": 0.1188, ""capture"": 0.118, ""share"": 0.069, ""miss_deg"": 2.07, ""labels"": [259]}, {""name"": ""白杯1"", ""m"": 4.5476, ""q"": 0.0117, ""c"": 0.2548, ""capture"": 0.046, ""share"": 0.057, ""miss_deg"": 2.48, ""labels"": [266]}, {""name"": ""水瓶"", ""m"": 4.05412, ""q"": 0.0104, ""c"": 0.6212, ""capture"": 0.017, ""share"": 0.051, ""miss_deg"": 2.86, ""labels"": [30]}]"
2026_08_25/c1_3,c4,v9,,mass10,32.95,33.2,0.25,3.746,球M,261,0.45,0.066,0.602,0.54,0.584,0.853,物品台,389.6407,1,0,4,球M,1,6,"[{""name"": ""球M"", ""m"": 25.7077, ""q"": 0.066, ""c"": 0.1097, ""capture"": 0.602, ""share"": 0.45, ""miss_deg"": 1.01, ""labels"": [261]}, {""name"": ""球L"", ""m"": 15.03908, ""q"": 0.0386, ""c"": 0.1188, ""capture"": 0.325, ""share"": 0.263, ""miss_deg"": 1.5, ""labels"": [259]}, {""name"": ""球R"", ""m"": 9.71437, ""q"": 0.0249, ""c"": 0.1188, ""capture"": 0.21, ""share"": 0.17, ""miss_deg"": 1.77, ""labels"": [263]}, {""name"": ""水瓶"", ""m"": 3.44541, ""q"": 0.0088, ""c"": 0.6212, ""capture"": 0.014, ""share"": 0.06, ""miss_deg"": 2.92, ""labels"": [30]}, {""name"": ""白杯1"", ""m"": 2.44934, ""q"": 0.0063, ""c"": 0.2548, ""capture"": 0.025, ""share"": 0.043, ""miss_deg"": 2.72, ""labels"": [266]}, {""name"": ""白杯2"", ""m"": 0.76768, ""q"": 0.002, ""c"": 0.2228, ""capture"": 0.009, ""share"": 0.013, ""miss_deg"": 3.08, ""labels"": [267]}]"
2026_08_25/c1_3,c4,v9,,mass10,33.25,37.45,4.2,3.729,球M,261,0.362,0.1257,1.146,0.541,0.586,0.652,物品台,389.6407,1,0,4,球M,1,7,"[{""name"": ""球M"", ""m"": 48.97465, ""q"": 0.1257, ""c"": 0.1097, ""capture"": 1.146, ""share"": 0.362, ""miss_deg"": 0.0, ""labels"": [261]}, {""name"": ""球L"", ""m"": 28.69319, ""q"": 0.0736, ""c"": 0.1188, ""capture"": 0.62, ""share"": 0.212, ""miss_deg"": 0.98, ""labels"": [259]}, {""name"": ""球R"", ""m"": 23.05547, ""q"": 0.0592, ""c"": 0.1188, ""capture"": 0.498, ""share"": 0.17, ""miss_deg"": 1.18, ""labels"": [263]}, {""name"": ""水瓶"", ""m"": 14.63113, ""q"": 0.0376, ""c"": 0.6212, ""capture"": 0.06, ""share"": 0.108, ""miss_deg"": 2.37, ""labels"": [30]}, {""name"": ""白杯1"", ""m"": 10.45437, ""q"": 0.0268, ""c"": 0.2548, ""capture"": 0.105, ""share"": 0.077, ""miss_deg"": 2.12, ""labels"": [266]}, {""name"": ""白杯2"", ""m"": 9.2194, ""q"": 0.0237, ""c"": 0.2228, ""capture"": 0.106, ""share"": 0.068, ""miss_deg"": 2.12, ""labels"": [267]}, {""name"": ""苹果红"", ""m"": 0.39189, ""q"": 0.001, ""c"": 0.1636, ""capture"": 0.006, ""share"": 0.003, ""miss_deg"": 3.19, ""labels"": [260]}]"
2026_08_25/c1_3,c4,v9,,mass10,37.62,42.52,4.9,3.734,球L,259,0.37,0.1167,0.983,0.915,0.843,0.684,物品台,389.6407,0,0,6,球L,1,9,"[{""name"": ""球L"", ""m"": 45.4823, ""q"": 0.1167, ""c"": 0.1188, ""capture"": 0.983, ""share"": 0.37, ""miss_deg"": 0.19, ""labels"": [259]}, {""name"": ""球M"", ""m"": 38.41336, ""q"": 0.0986, ""c"": 0.1097, ""capture"": 0.899, ""share"": 0.312, ""miss_deg"": 0.46, ""labels"": [261]}, {""name"": ""水瓶"", ""m"": 14.2627, ""q"": 0.0366, ""c"": 0.6212, ""capture"": 0.059, ""share"": 0.116, ""miss_deg"": 2.38, ""labels"": [30]}, {""name"": ""球R"", ""m"": 9.34451, ""q"": 0.024, ""c"": 0.1188, ""capture"": 0.202, ""share"": 0.076, ""miss_deg"": 1.79, ""labels"": [263]}, {""name"": ""白杯1"", ""m"": 7.51406, ""q"": 0.0193, ""c"": 0.2548, ""capture"": 0.076, ""share"": 0.061, ""miss_deg"": 2.27, ""labels"": [266]}, {""name"": ""苹果红"", ""m"": 4.49788, ""q"": 0.0115, ""c"": 0.1636, ""capture"": 0.071, ""share"": 0.037, ""miss_deg"": 2.3, ""labels"": [260]}, {""name"": ""白杯2"", ""m"": 3.13401, ""q"": 0.008, ""c"": 0.2228, ""capture"": 0.036, ""share"": 0.025, ""miss_deg"": 2.58, ""labels"": [267]}, {""name"": ""香蕉"", ""m"": 0.25023, ""q"": 0.0006, ""c"": 0.7541, ""capture"": 0.001, ""share"": 0.002, ""miss_deg"": 3.76, ""labels"": [264]}, {""name"": ""红杯"", ""m"": 0.16401, ""q"": 0.0004, ""c"": 0.3986, ""capture"": 0.001, ""share"": 0.001, ""miss_deg"": 3.7, ""labels"": [49]}]"
2026_08_25/c1_3,c4,v9,,mass10,42.57,48.83,6.25,3.726,球M,261,0.498,0.0398,0.363,0.416,0.448,0.92,物品台,389.6407,1,0,10,球M,1,5,"[{""name"": ""球M"", ""m"": 15.51796, ""q"": 0.0398, ""c"": 0.1097, ""capture"": 0.363, ""share"": 0.498, ""miss_deg"": 1.42, ""labels"": [261]}, {""name"": ""球L"", ""m"": 6.9663, ""q"": 0.0179, ""c"": 0.1188, ""capture"": 0.151, ""share"": 0.223, ""miss_deg"": 1.95, ""labels"": [259]}, {""name"": ""球R"", ""m"": 5.66414, ""q"": 0.0145, ""c"": 0.1188, ""capture"": 0.122, ""share"": 0.182, ""miss_deg"": 2.05, ""labels"": [263]}, {""name"": ""水瓶"", ""m"": 2.51372, ""q"": 0.0065, ""c"": 0.6212, ""capture"": 0.01, ""share"": 0.081, ""miss_deg"": 3.02, ""labels"": [30]}, {""name"": ""白杯1"", ""m"": 0.51595, ""q"": 0.0013, ""c"": 0.2548, ""capture"": 0.005, ""share"": 0.017, ""miss_deg"": 3.24, ""labels"": [266]}]"
2026_08_25/c1_3,c4,v9,,mass10,48.88,51.03,2.15,3.711,球R,263,0.41,0.0949,0.799,0.889,0.822,0.769,物品台,389.6407,0,0,,,,6,"[{""name"": ""球R"", ""m"": 36.96213, ""q"": 0.0949, ""c"": 0.1188, ""capture"": 0.799, ""share"": 0.41, ""miss_deg"": 0.67, ""labels"": [263]}, {""name"": ""球M"", ""m"": 30.3357, ""q"": 0.0779, ""c"": 0.1097, ""capture"": 0.71, ""share"": 0.337, ""miss_deg"": 0.83, ""labels"": [261]}, {""name"": ""白杯2"", ""m"": 9.56551, ""q"": 0.0245, ""c"": 0.2228, ""capture"": 0.11, ""share"": 0.106, ""miss_deg"": 2.1, ""labels"": [267]}, {""name"": ""白杯1"", ""m"": 4.8286, ""q"": 0.0124, ""c"": 0.2704, ""capture"": 0.046, ""share"": 0.054, ""miss_deg"": 2.48, ""labels"": [266]}, {""name"": ""水瓶"", ""m"": 4.55035, ""q"": 0.0117, ""c"": 0.6299, ""capture"": 0.019, ""share"": 0.051, ""miss_deg"": 2.82, ""labels"": [30]}, {""name"": ""球L"", ""m"": 3.86185, ""q"": 0.0099, ""c"": 0.1188, ""capture"": 0.083, ""share"": 0.043, ""miss_deg"": 2.23, ""labels"": [259]}]"
2026_08_25/c1_3,c4,v9,,mass10,51.28,57.63,6.35,3.709,球L,259,0.478,0.1114,0.938,0.512,0.473,0.767,物品台,389.6407,1,0,11,球L,1,8,"[{""name"": ""球L"", ""m"": 43.39278, ""q"": 0.1114, ""c"": 0.1188, ""capture"": 0.938, ""share"": 0.478, ""miss_deg"": 0.36, ""labels"": [259]}, {""name"": ""球M"", ""m"": 20.51972, ""q"": 0.0527, ""c"": 0.1097, ""capture"": 0.48, ""share"": 0.226, ""miss_deg"": 1.21, ""labels"": [261]}, {""name"": ""水瓶"", ""m"": 12.20648, ""q"": 0.0313, ""c"": 0.6299, ""capture"": 0.05, ""share"": 0.134, ""miss_deg"": 2.45, ""labels"": [30]}, {""name"": ""苹果红"", ""m"": 10.95329, ""q"": 0.0281, ""c"": 0.1636, ""capture"": 0.172, ""share"": 0.121, ""miss_deg"": 1.88, ""labels"": [260]}, {""name"": ""球R"", ""m"": 1.87569, ""q"": 0.0048, ""c"": 0.1188, ""capture"": 0.041, ""share"": 0.021, ""miss_deg"": 2.53, ""labels"": [263]}, {""name"": ""白杯1"", ""m"": 1.76853, ""q"": 0.0045, ""c"": 0.2704, ""capture"": 0.017, ""share"": 0.019, ""miss_deg"": 2.86, ""labels"": [266]}, {""name"": ""白杯2"", ""m"": 0.08414, ""q"": 0.0002, ""c"": 0.2228, ""capture"": 0.001, ""share"": 0.001, ""miss_deg"": 3.73, ""labels"": [267]}, {""name"": ""香蕉"", ""m"": 0.06271, ""q"": 0.0002, ""c"": 0.7605, ""capture"": 0.0, ""share"": 0.001, ""miss_deg"": 4.11, ""labels"": [264]}]"
2026_08_25/c1_3,c4,v9,,mass10,57.87,63.57,5.7,3.735,球R,263,0.466,0.1177,0.991,0.628,0.579,0.747,物品台,389.6407,1,0,13,球R,1,6,"[{""name"": ""球R"", ""m"": 45.8774, ""q"": 0.1177, ""c"": 0.1188, ""capture"": 0.991, ""share"": 0.466, ""miss_deg"": 0.13, ""labels"": [263]}, {""name"": ""球M"", ""m"": 26.59606, ""q"": 0.0683, ""c"": 0.1097, ""capture"": 0.622, ""share"": 0.27, ""miss_deg"": 0.97, ""labels"": [261]}, {""name"": ""白杯2"", ""m"": 16.22265, ""q"": 0.0416, ""c"": 0.2228, ""capture"": 0.187, ""share"": 0.165, ""miss_deg"": 1.83, ""labels"": [267]}, {""name"": ""白杯1"", ""m"": 4.54577, ""q"": 0.0117, ""c"": 0.2548, ""capture"": 0.046, ""share"": 0.046, ""miss_deg"": 2.48, ""labels"": [266]}, {""name"": ""水瓶"", ""m"": 4.10956, ""q"": 0.0105, ""c"": 0.6212, ""capture"": 0.017, ""share"": 0.042, ""miss_deg"": 2.86, ""labels"": [30]}, {""name"": ""球L"", ""m"": 1.13337, ""q"": 0.0029, ""c"": 0.1188, ""capture"": 0.024, ""share"": 0.012, ""miss_deg"": 2.72, ""labels"": [259]}]"
2026_08_25/c1_3,c4,v9,,mass10,64.27,65.07,0.8,2.884,,-1,0.0,0.0,,,,1.0,object#26,389.6407,0,0,,,,0,[]
2026_08_25/c1_3,c4,v9,,mass10,65.12,65.62,0.5,2.812,,-1,0.0,0.0,,,,1.0,object#26,389.6407,0,0,,,,0,[]
2026_08_25/c1_3,c4,v9,,mass10,65.67,66.02,0.35,2.364,,-1,0.0,0.0,,,,1.0,object#26,389.6407,0,0,,,,0,[]
2026_08_25/c1_3,c4,v9,,mass10,66.07,67.02,0.95,2.826,,-1,0.0,0.0,,,,1.0,object#26,389.6407,0,0,,,,0,[]
2026_08_25/c1_3,c4,v9,,mass10,67.6,68.85,1.25,2.83,,-1,0.0,0.0,,,,1.0,object#26,389.6407,0,0,,,,0,[]
2026_08_25/c1_3,c4,v9,,mass10,69.15,70.25,1.1,2.866,,-1,0.0,0.0,,,,1.0,object#26,389.6407,0,0,,,,0,[]
2026_08_25/c1_3,c4,v9,,mass10,71.03,71.28,0.25,3.723,球M,261,0.305,0.1243,1.134,0.875,0.948,0.592,物品台,389.6407,0,0,,,,9,"[{""name"": ""球M"", ""m"": 48.43904, ""q"": 0.1243, ""c"": 0.1097, ""capture"": 1.134, ""share"": 0.305, ""miss_deg"": 0.0, ""labels"": [261]}, {""name"": ""球L"", ""m"": 45.9095, ""q"": 0.1178, ""c"": 0.1188, ""capture"": 0.992, ""share"": 0.289, ""miss_deg"": 0.13, ""labels"": [259]}, {""name"": ""水瓶"", ""m"": 22.72556, ""q"": 0.0583, ""c"": 0.6212, ""capture"": 0.094, ""share"": 0.143, ""miss_deg"": 2.18, ""labels"": [30]}, {""name"": ""球R"", ""m"": 16.1162, ""q"": 0.0414, ""c"": 0.1188, ""capture"": 0.348, ""share"": 0.101, ""miss_deg"": 1.45, ""labels"": [263]}, {""name"": ""白杯1"", ""m"": 13.23072, ""q"": 0.034, ""c"": 0.2548, ""capture"": 0.133, ""share"": 0.083, ""miss_deg"": 2.01, ""labels"": [266]}, {""name"": ""白杯2"", ""m"": 8.20049, ""q"": 0.021, ""c"": 0.2228, ""capture"": 0.094, ""share"": 0.052, ""miss_deg"": 2.17, ""labels"": [267]}, {""name"": ""苹果红"", ""m"": 4.11987, ""q"": 0.0106, ""c"": 0.1636, ""capture"": 0.065, ""share"": 0.026, ""miss_deg"": 2.34, ""labels"": [260]}, {""name"": ""红杯"", ""m"": 0.10686, ""q"": 0.0003, ""c"": 0.3986, ""capture"": 0.001, ""share"": 0.001, ""miss_deg"": 3.82, ""labels"": [49]}, {""name"": ""香蕉"", ""m"": 0.07319, ""q"": 0.0002, ""c"": 0.7605, ""capture"": 0.0, ""share"": 0.0, ""miss_deg"": 4.08, ""labels"": [264]}]"
2026_08_25/c1_3,c4,v9,,mass10,71.33,72.08,0.75,3.709,球L,259,0.498,0.1094,0.921,0.568,0.524,0.78,物品台,389.6407,1,0,,,,6,"[{""name"": ""球L"", ""m"": 42.63541, ""q"": 0.1094, ""c"": 0.1188, ""capture"": 0.921, ""share"": 0.498, ""miss_deg"": 0.41, ""labels"": [259]}, {""name"": ""球M"", ""m"": 22.34998, ""q"": 0.0574, ""c"": 0.1097, ""capture"": 0.523, ""share"": 0.261, ""miss_deg"": 1.14, ""labels"": [261]}, {""name"": ""水瓶"", ""m"": 9.03048, ""q"": 0.0232, ""c"": 0.6299, ""capture"": 0.037, ""share"": 0.106, ""miss_deg"": 2.57, ""labels"": [30]}, {""name"": ""苹果红"", ""m"": 6.88659, ""q"": 0.0177, ""c"": 0.1636, ""capture"": 0.108, ""share"": 0.08, ""miss_deg"": 2.11, ""labels"": [260]}, {""name"": ""球R"", ""m"": 2.59682, ""q"": 0.0067, ""c"": 0.1188, ""capture"": 0.056, ""share"": 0.03, ""miss_deg"": 2.4, ""labels"": [263]}, {""name"": ""白杯1"", ""m"": 2.06143, ""q"": 0.0053, ""c"": 0.2704, ""capture"": 0.02, ""share"": 0.024, ""miss_deg"": 2.81, ""labels"": [266]}]"
2026_08_25/c1_3,c4,v9,,mass10,72.13,72.38,0.25,3.505,球L,259,0.432,0.0141,0.097,0.381,0.715,0.967,object#35,389.6407,0,0,,,,4,"[{""name"": ""球L"", ""m"": 5.50246, ""q"": 0.0141, ""c"": 0.1459, ""capture"": 0.097, ""share"": 0.432, ""miss_deg"": 2.16, ""labels"": [259]}, {""name"": ""苹果粉"", ""m"": 3.9304, ""q"": 0.0101, ""c"": 0.2704, ""capture"": 0.037, ""share"": 0.309, ""miss_deg"": 2.56, ""labels"": [64]}, {""name"": ""水瓶"", ""m"": 2.18728, ""q"": 0.0056, ""c"": 0.6874, ""capture"": 0.008, ""share"": 0.172, ""miss_deg"": 3.1, ""labels"": [30]}, {""name"": ""苹果红"", ""m"": 1.11162, ""q"": 0.0029, ""c"": 0.2062, ""capture"": 0.014, ""share"": 0.087, ""miss_deg"": 2.93, ""labels"": [260]}]"
2026_08_25/c1_3,c4,v9,,mass10,72.43,72.88,0.45,3.728,球L,259,0.607,0.0462,0.389,0.591,0.545,0.924,物品台,389.6407,1,1,,,,5,"[{""name"": ""球L"", ""m"": 18.01463, ""q"": 0.0462, ""c"": 0.1188, ""capture"": 0.389, ""share"": 0.607, ""miss_deg"": 1.37, ""labels"": [259]}, {""name"": ""球M"", ""m"": 9.81209, ""q"": 0.0252, ""c"": 0.1097, ""capture"": 0.23, ""share"": 0.331, ""miss_deg"": 1.72, ""labels"": [261]}, {""name"": ""水瓶"", ""m"": 0.88906, ""q"": 0.0023, ""c"": 0.6212, ""capture"": 0.004, ""share"": 0.03, ""miss_deg"": 3.35, ""labels"": [30]}, {""name"": ""苹果红"", ""m"": 0.824, ""q"": 0.0021, ""c"": 0.1636, ""capture"": 0.013, ""share"": 0.028, ""miss_deg"": 2.95, ""labels"": [260]}, {""name"": ""球R"", ""m"": 0.11706, ""q"": 0.0003, ""c"": 0.1188, ""capture"": 0.003, ""share"": 0.004, ""miss_deg"": 3.46, ""labels"": [263]}]"
2026_08_25/c1_3,c4,v9,,mass10,73.03,73.28,0.25,3.508,苹果粉,64,0.437,0.0151,0.056,1.536,0.833,0.966,object#35,389.6407,0,0,,,,4,"[{""name"": ""苹果粉"", ""m"": 5.8641, ""q"": 0.0151, ""c"": 0.2704, ""capture"": 0.056, ""share"": 0.437, ""miss_deg"": 2.4, ""labels"": [64]}, {""name"": ""球L"", ""m"": 4.88357, ""q"": 0.0125, ""c"": 0.1459, ""capture"": 0.086, ""share"": 0.364, ""miss_deg"": 2.22, ""labels"": [259]}, {""name"": ""水瓶"", ""m"": 1.48679, ""q"": 0.0038, ""c"": 0.6874, ""capture"": 0.006, ""share"": 0.111, ""miss_deg"": 3.22, ""labels"": [30]}, {""name"": ""苹果红"", ""m"": 1.17555, ""q"": 0.003, ""c"": 0.1892, ""capture"": 0.016, ""share"": 0.088, ""miss_deg"": 2.88, ""labels"": [260]}]"
2026_08_25/c1_3,c4,v9,,mass10,73.33,75.23,1.9,3.729,球L,259,0.68,0.0391,0.329,0.21,0.287,0.943,object#35,389.6407,1,1,,,,6,"[{""name"": ""球L"", ""m"": 15.23583, ""q"": 0.0391, ""c"": 0.1188, ""capture"": 0.329, ""share"": 0.68, ""miss_deg"": 1.49, ""labels"": [259]}, {""name"": ""苹果红"", ""m"": 4.37249, ""q"": 0.0112, ""c"": 0.1636, ""capture"": 0.069, ""share"": 0.195, ""miss_deg"": 2.32, ""labels"": [260]}, {""name"": ""球M"", ""m"": 1.36841, ""q"": 0.0035, ""c"": 0.1097, ""capture"": 0.032, ""share"": 0.061, ""miss_deg"": 2.62, ""labels"": [261]}, {""name"": ""水瓶"", ""m"": 0.92095, ""q"": 0.0024, ""c"": 0.6212, ""capture"": 0.004, ""share"": 0.041, ""miss_deg"": 3.34, ""labels"": [30]}, {""name"": ""苹果粉"", ""m"": 0.45222, ""q"": 0.0012, ""c"": 0.2309, ""capture"": 0.005, ""share"": 0.02, ""miss_deg"": 3.25, ""labels"": [64]}, {""name"": ""橘子"", ""m"": 0.05253, ""q"": 0.0001, ""c"": 0.1636, ""capture"": 0.001, ""share"": 0.002, ""miss_deg"": 3.77, ""labels"": [262]}]"
2026_08_25/c1_3,c4,v9,,mass10,75.43,79.53,4.1,3.739,球L,259,0.556,0.0848,0.714,0.307,0.423,0.847,object#35,389.6407,1,1,,,,7,"[{""name"": ""球L"", ""m"": 33.02401, ""q"": 0.0848, ""c"": 0.1188, ""capture"": 0.714, ""share"": 0.556, ""miss_deg"": 0.82, ""labels"": [259]}, {""name"": ""苹果红"", ""m"": 13.98527, ""q"": 0.0359, ""c"": 0.1636, ""capture"": 0.219, ""share"": 0.235, ""miss_deg"": 1.74, ""labels"": [260]}, {""name"": ""球M"", ""m"": 5.94783, ""q"": 0.0153, ""c"": 0.1097, ""capture"": 0.139, ""share"": 0.1, ""miss_deg"": 1.99, ""labels"": [261]}, {""name"": ""水瓶"", ""m"": 5.17951, ""q"": 0.0133, ""c"": 0.6212, ""capture"": 0.021, ""share"": 0.087, ""miss_deg"": 2.77, ""labels"": [30]}, {""name"": ""苹果粉"", ""m"": 0.88062, ""q"": 0.0023, ""c"": 0.2309, ""capture"": 0.01, ""share"": 0.015, ""miss_deg"": 3.04, ""labels"": [64]}, {""name"": ""橘子"", ""m"": 0.40067, ""q"": 0.001, ""c"": 0.1636, ""capture"": 0.006, ""share"": 0.007, ""miss_deg"": 3.18, ""labels"": [262]}, {""name"": ""球R"", ""m"": 0.02331, ""q"": 0.0001, ""c"": 0.1188, ""capture"": 0.001, ""share"": 0.0, ""miss_deg"": 3.9, ""labels"": [263]}]"
2026_08_25/c1_3,c4,v9,,mass10,79.8,86.45,6.65,3.751,球L,259,0.487,0.1032,0.869,0.387,0.532,0.788,物品台,389.6407,1,0,,,,9,"[{""name"": ""球L"", ""m"": 40.21899, ""q"": 0.1032, ""c"": 0.1188, ""capture"": 0.869, ""share"": 0.487, ""miss_deg"": 0.53, ""labels"": [259]}, {""name"": ""苹果红"", ""m"": 21.41058, ""q"": 0.0549, ""c"": 0.1636, ""capture"": 0.336, ""share"": 0.259, ""miss_deg"": 1.48, ""labels"": [260]}, {""name"": ""球M"", ""m"": 8.50014, ""q"": 0.0218, ""c"": 0.1097, ""capture"": 0.199, ""share"": 0.103, ""miss_deg"": 1.8, ""labels"": [261]}, {""name"": ""水瓶"", ""m"": 8.02167, ""q"": 0.0206, ""c"": 0.6212, ""capture"": 0.033, ""share"": 0.097, ""miss_deg"": 2.61, ""labels"": [30]}, {""name"": ""苹果粉"", ""m"": 3.18976, ""q"": 0.0082, ""c"": 0.2309, ""capture"": 0.035, ""share"": 0.039, ""miss_deg"": 2.58, ""labels"": [64]}, {""name"": ""白杯1"", ""m"": 0.59927, ""q"": 0.0015, ""c"": 0.2548, ""capture"": 0.006, ""share"": 0.007, ""miss_deg"": 3.2, ""labels"": [266]}, {""name"": ""橘子"", ""m"": 0.5042, ""q"": 0.0013, ""c"": 0.1636, ""capture"": 0.008, ""share"": 0.006, ""miss_deg"": 3.11, ""labels"": [262]}, {""name"": ""香蕉"", ""m"": 0.15476, ""q"": 0.0004, ""c"": 0.7541, ""capture"": 0.001, ""share"": 0.002, ""miss_deg"": 3.89, ""labels"": [264]}, {""name"": ""球R"", ""m"": 0.05258, ""q"": 0.0001, ""c"": 0.1188, ""capture"": 0.001, ""share"": 0.001, ""miss_deg"": 3.68, ""labels"": [263]}]"
2026_08_25/c1_3,c4,v9,,mass10,86.68,93.48,6.8,3.738,球L,259,0.375,0.1675,1.41,0.595,0.549,0.553,物品台,389.6407,1,0,,,,9,"[{""name"": ""球L"", ""m"": 65.26074, ""q"": 0.1675, ""c"": 0.1188, ""capture"": 1.41, ""share"": 0.375, ""miss_deg"": 0.0, ""labels"": [259]}, {""name"": ""球M"", ""m"": 35.86074, ""q"": 0.092, ""c"": 0.1097, ""capture"": 0.839, ""share"": 0.206, ""miss_deg"": 0.59, ""labels"": [261]}, {""name"": ""水瓶"", ""m"": 31.89663, ""q"": 0.0819, ""c"": 0.6212, ""capture"": 0.132, ""share"": 0.183, ""miss_deg"": 2.01, ""labels"": [30]}, {""name"": ""苹果红"", ""m"": 19.15806, ""q"": 0.0492, ""c"": 0.1636, ""capture"": 0.301, ""share"": 0.11, ""miss_deg"": 1.55, ""labels"": [260]}, {""name"": ""白杯1"", ""m"": 11.40073, ""q"": 0.0293, ""c"": 0.2548, ""capture"": 0.115, ""share"": 0.065, ""miss_deg"": 2.08, ""labels"": [266]}, {""name"": ""球R"", ""m"": 4.96422, ""q"": 0.0127, ""c"": 0.1188, ""capture"": 0.107, ""share"": 0.029, ""miss_deg"": 2.11, ""labels"": [263]}, {""name"": ""白杯2"", ""m"": 4.13848, ""q"": 0.0106, ""c"": 0.2228, ""capture"": 0.048, ""share"": 0.024, ""miss_deg"": 2.47, ""labels"": [267]}, {""name"": ""红杯"", ""m"": 1.29164, ""q"": 0.0033, ""c"": 0.3986, ""capture"": 0.008, ""share"": 0.007, ""miss_deg"": 3.09, ""labels"": [49]}, {""name"": ""香蕉"", ""m"": 0.16897, ""q"": 0.0004, ""c"": 0.7541, ""capture"": 0.001, ""share"": 0.001, ""miss_deg"": 3.86, ""labels"": [264]}]"
2026_08_25/c1_3,c4,v9,,mass10,93.76,100.46,6.7,3.734,球L,259,0.335,0.1262,1.062,0.635,0.872,0.623,物品台,389.6407,0,0,,,,11,"[{""name"": ""球L"", ""m"": 49.15844, ""q"": 0.1262, ""c"": 0.1188, ""capture"": 1.062, ""share"": 0.335, ""miss_deg"": 0.0, ""labels"": [259]}, {""name"": ""苹果红"", ""m"": 42.96703, ""q"": 0.1103, ""c"": 0.1636, ""capture"": 0.674, ""share"": 0.292, ""miss_deg"": 0.89, ""labels"": [260]}, {""name"": ""水瓶"", ""m"": 25.56506, ""q"": 0.0656, ""c"": 0.6212, ""capture"": 0.106, ""share"": 0.174, ""miss_deg"": 2.12, ""labels"": [30]}, {""name"": ""苹果粉"", ""m"": 12.03135, ""q"": 0.0309, ""c"": 0.2309, ""capture"": 0.134, ""share"": 0.082, ""miss_deg"": 2.01, ""labels"": [64]}, {""name"": ""球M"", ""m"": 9.66385, ""q"": 0.0248, ""c"": 0.1097, ""capture"": 0.226, ""share"": 0.066, ""miss_deg"": 1.72, ""labels"": [261]}, {""name"": ""白杯1"", ""m"": 3.05823, ""q"": 0.0078, ""c"": 0.2548, ""capture"": 0.031, ""share"": 0.021, ""miss_deg"": 2.64, ""labels"": [266]}, {""name"": ""橘子"", ""m"": 2.00578, ""q"": 0.0051, ""c"": 0.1636, ""capture"": 0.031, ""share"": 0.014, ""miss_deg"": 2.63, ""labels"": [262]}, {""name"": ""红杯"", ""m"": 1.22148, ""q"": 0.0031, ""c"": 0.3986, ""capture"": 0.008, ""share"": 0.008, ""miss_deg"": 3.11, ""labels"": [49]}, {""name"": ""香蕉"", ""m"": 0.88662, ""q"": 0.0023, ""c"": 0.7541, ""capture"": 0.003, ""share"": 0.006, ""miss_deg"": 3.41, ""labels"": [264]}, {""name"": ""白杯2"", ""m"": 0.30182, ""q"": 0.0008, ""c"": 0.2228, ""capture"": 0.003, ""share"": 0.002, ""miss_deg"": 3.37, ""labels"": [267]}, {""name"": ""球R"", ""m"": 0.04412, ""q"": 0.0001, ""c"": 0.1188, ""capture"": 0.001, ""share"": 0.0, ""miss_deg"": 3.73, ""labels"": [263]}]"
2026_08_25/c1_3,c4,v9,,mass10,100.73,104.73,4.0,3.74,球L,259,0.331,0.1458,1.227,0.808,0.746,0.56,物品台,389.6407,0,0,,,,9,"[{""name"": ""球L"", ""m"": 56.79598, ""q"": 0.1458, ""c"": 0.1188, ""capture"": 1.227, ""share"": 0.331, ""miss_deg"": 0.0, ""labels"": [259]}, {""name"": ""球M"", ""m"": 42.39593, ""q"": 0.1088, ""c"": 0.1097, ""capture"": 0.992, ""share"": 0.247, ""miss_deg"": 0.12, ""labels"": [261]}, {""name"": ""水瓶"", ""m"": 31.44903, ""q"": 0.0807, ""c"": 0.6212, ""capture"": 0.13, ""share"": 0.184, ""miss_deg"": 2.02, ""labels"": [30]}, {""name"": ""苹果红"", ""m"": 13.2532, ""q"": 0.034, ""c"": 0.1636, ""capture"": 0.208, ""share"": 0.077, ""miss_deg"": 1.77, ""labels"": [260]}, {""name"": ""白杯1"", ""m"": 12.74841, ""q"": 0.0327, ""c"": 0.2548, ""capture"": 0.128, ""share"": 0.074, ""miss_deg"": 2.03, ""labels"": [266]}, {""name"": ""球R"", ""m"": 7.91859, ""q"": 0.0203, ""c"": 0.1188, ""capture"": 0.171, ""share"": 0.046, ""miss_deg"": 1.88, ""labels"": [263]}, {""name"": ""白杯2"", ""m"": 5.6266, ""q"": 0.0144, ""c"": 0.2228, ""capture"": 0.065, ""share"": 0.033, ""miss_deg"": 2.34, ""labels"": [267]}, {""name"": ""红杯"", ""m"": 0.99111, ""q"": 0.0025, ""c"": 0.3986, ""capture"": 0.006, ""share"": 0.006, ""miss_deg"": 3.18, ""labels"": [49]}, {""name"": ""香蕉"", ""m"": 0.16017, ""q"": 0.0004, ""c"": 0.7541, ""capture"": 0.001, ""share"": 0.001, ""miss_deg"": 3.88, ""labels"": [264]}]"
2026_08_25/c1_3,c4,v9,,mass10,104.93,107.53,2.6,3.738,球L,259,0.346,0.1635,1.377,0.688,0.636,0.528,物品台,389.6407,0,0,,,,9,"[{""name"": ""球L"", ""m"": 63.7118, ""q"": 0.1635, ""c"": 0.1188, ""capture"": 1.377, ""share"": 0.346, ""miss_deg"": 0.0, ""labels"": [259]}, {""name"": ""球M"", ""m"": 40.52049, ""q"": 0.104, ""c"": 0.1097, ""capture"": 0.948, ""share"": 0.22, ""miss_deg"": 0.33, ""labels"": [261]}, {""name"": ""水瓶"", ""m"": 34.01036, ""q"": 0.0873, ""c"": 0.6212, ""capture"": 0.141, ""share"": 0.185, ""miss_deg"": 1.98, ""labels"": [30]}, {""name"": ""苹果红"", ""m"": 16.27785, ""q"": 0.0418, ""c"": 0.1636, ""capture"": 0.255, ""share"": 0.088, ""miss_deg"": 1.65, ""labels"": [260]}, {""name"": ""白杯1"", ""m"": 14.53887, ""q"": 0.0373, ""c"": 0.2548, ""capture"": 0.146, ""share"": 0.079, ""miss_deg"": 1.96, ""labels"": [266]}, {""name"": ""球R"", ""m"": 7.60572, ""q"": 0.0195, ""c"": 0.1188, ""capture"": 0.164, ""share"": 0.041, ""miss_deg"": 1.9, ""labels"": [263]}, {""name"": ""白杯2"", ""m"": 5.78121, ""q"": 0.0148, ""c"": 0.2228, ""capture"": 0.067, ""share"": 0.031, ""miss_deg"": 2.33, ""labels"": [267]}, {""name"": ""红杯"", ""m"": 1.29001, ""q"": 0.0033, ""c"": 0.3986, ""capture"": 0.008, ""share"": 0.007, ""miss_deg"": 3.1, ""labels"": [49]}, {""name"": ""香蕉"", ""m"": 0.31168, ""q"": 0.0008, ""c"": 0.7541, ""capture"": 0.001, ""share"": 0.002, ""miss_deg"": 3.7, ""labels"": [264]}]"
2026_08_25/c1_3,c4,v9,,mass10,107.82,113.78,5.96,3.718,水瓶,30,0.246,0.1664,0.268,4.709,0.833,0.324,物品台,389.6407,0,0,14,球M,0,9,"[{""name"": ""水瓶"", ""m"": 64.82375, ""q"": 0.1664, ""c"": 0.6212, ""capture"": 0.268, ""share"": 0.246, ""miss_deg"": 1.62, ""labels"": [30]}, {""name"": ""球M"", ""m"": 53.92458, ""q"": 0.1384, ""c"": 0.1097, ""capture"": 1.262, ""share"": 0.205, ""miss_deg"": 0.0, ""labels"": [261]}, {""name"": ""球L"", ""m"": 39.24229, ""q"": 0.1007, ""c"": 0.1188, ""capture"": 0.848, ""share"": 0.149, ""miss_deg"": 0.57, ""labels"": [259]}, {""name"": ""白杯1"", ""m"": 39.2319, ""q"": 0.1007, ""c"": 0.2704, ""capture"": 0.372, ""share"": 0.149, ""miss_deg"": 1.41, ""labels"": [266]}, {""name"": ""白杯2"", ""m"": 30.66909, ""q"": 0.0787, ""c"": 0.2228, ""capture"": 0.353, ""share"": 0.116, ""miss_deg"": 1.44, ""labels"": [267]}, {""name"": ""球R"", ""m"": 25.74366, ""q"": 0.0661, ""c"": 0.1188, ""capture"": 0.556, ""share"": 0.098, ""miss_deg"": 1.08, ""labels"": [263]}, {""name"": ""苹果红"", ""m"": 7.06842, ""q"": 0.0181, ""c"": 0.1636, ""capture"": 0.111, ""share"": 0.027, ""miss_deg"": 2.1, ""labels"": [260]}, {""name"": ""红杯"", ""m"": 1.76513, ""q"": 0.0045, ""c"": 0.3986, ""capture"": 0.011, ""share"": 0.007, ""miss_deg"": 2.99, ""labels"": [49]}, {""name"": ""香蕉"", ""m"": 1.00505, ""q"": 0.0026, ""c"": 0.7605, ""capture"": 0.003, ""share"": 0.004, ""miss_deg"": 3.37, ""labels"": [264]}]"
2026_08_25/c1_3,c4,v9,,mass10,114.1,114.85,0.75,3.701,水瓶,30,0.46,0.3304,0.517,1.168,0.3,0.282,object#12,389.6407,1,0,,,,11,"[{""name"": ""水瓶"", ""m"": 128.72373, ""q"": 0.3304, ""c"": 0.6386, ""capture"": 0.517, ""share"": 0.46, ""miss_deg"": 1.15, ""labels"": [30]}, {""name"": ""苹果红"", ""m"": 38.50152, ""q"": 0.0988, ""c"": 0.1636, ""capture"": 0.604, ""share"": 0.138, ""miss_deg"": 1.0, ""labels"": [260]}, {""name"": ""球L"", ""m"": 36.05301, ""q"": 0.0925, ""c"": 0.1188, ""capture"": 0.779, ""share"": 0.129, ""miss_deg"": 0.71, ""labels"": [259]}, {""name"": ""白杯1"", ""m"": 29.79915, ""q"": 0.0765, ""c"": 0.2704, ""capture"": 0.283, ""share"": 0.107, ""miss_deg"": 1.59, ""labels"": [266]}, {""name"": ""球M"", ""m"": 22.37084, ""q"": 0.0574, ""c"": 0.1097, ""capture"": 0.524, ""share"": 0.08, ""miss_deg"": 1.14, ""labels"": [261]}, {""name"": ""白杯2"", ""m"": 10.98267, ""q"": 0.0282, ""c"": 0.2228, ""capture"": 0.127, ""share"": 0.039, ""miss_deg"": 2.03, ""labels"": [267]}, {""name"": ""红杯"", ""m"": 9.44081, ""q"": 0.0242, ""c"": 0.3986, ""capture"": 0.061, ""share"": 0.034, ""miss_deg"": 2.37, ""labels"": [49]}, {""name"": ""香蕉"", ""m"": 1.72428, ""q"": 0.0044, ""c"": 0.7636, ""capture"": 0.006, ""share"": 0.006, ""miss_deg"": 3.21, ""labels"": [264]}, {""name"": ""球R"", ""m"": 1.03609, ""q"": 0.0027, ""c"": 0.1188, ""capture"": 0.022, ""share"": 0.004, ""miss_deg"": 2.76, ""labels"": [263]}, {""name"": ""橘子"", ""m"": 0.57563, ""q"": 0.0015, ""c"": 0.1636, ""capture"": 0.009, ""share"": 0.002, ""miss_deg"": 3.07, ""labels"": [262]}, {""name"": ""苹果粉"", ""m"": 0.43991, ""q"": 0.0011, ""c"": 0.2309, ""capture"": 0.005, ""share"": 0.002, ""miss_deg"": 3.26, ""labels"": [64]}]"
2026_08_25/c1_3,c4,v9,,mass10,114.9,121.55,6.65,3.704,球L,259,0.315,0.1391,1.171,0.928,0.857,0.558,物品台,389.6407,0,0,,,,8,"[{""name"": ""球L"", ""m"": 54.18443, ""q"": 0.1391, ""c"": 0.1188, ""capture"": 1.171, ""share"": 0.315, ""miss_deg"": 0.0, ""labels"": [259]}, {""name"": ""球M"", ""m"": 46.44557, ""q"": 0.1192, ""c"": 0.1097, ""capture"": 1.087, ""share"": 0.27, ""miss_deg"": 0.0, ""labels"": [261]}, {""name"": ""水瓶"", ""m"": 29.66432, ""q"": 0.0761, ""c"": 0.6299, ""capture"": 0.121, ""share"": 0.172, ""miss_deg"": 2.06, ""labels"": [30]}, {""name"": ""白杯1"", ""m"": 14.57367, ""q"": 0.0374, ""c"": 0.2704, ""capture"": 0.138, ""share"": 0.085, ""miss_deg"": 1.99, ""labels"": [266]}, {""name"": ""球R"", ""m"": 11.89408, ""q"": 0.0305, ""c"": 0.1188, ""capture"": 0.257, ""share"": 0.069, ""miss_deg"": 1.65, ""labels"": [263]}, {""name"": ""苹果红"", ""m"": 8.0434, ""q"": 0.0206, ""c"": 0.1636, ""capture"": 0.126, ""share"": 0.047, ""miss_deg"": 2.03, ""labels"": [260]}, {""name"": ""白杯2"", ""m"": 6.72994, ""q"": 0.0173, ""c"": 0.2228, ""capture"": 0.078, ""share"": 0.039, ""miss_deg"": 2.26, ""labels"": [267]}, {""name"": ""红杯"", ""m"": 0.713, ""q"": 0.0018, ""c"": 0.3986, ""capture"": 0.005, ""share"": 0.004, ""miss_deg"": 3.28, ""labels"": [49]}]"
2026_08_25/c1_3,c4,v9,,mass10,121.6,125.25,3.65,3.718,球R,263,0.333,0.1333,1.122,0.905,0.832,0.599,物品台,389.6407,0,0,15,球R,1,6,"[{""name"": ""球R"", ""m"": 51.95181, ""q"": 0.1333, ""c"": 0.1188, ""capture"": 1.122, ""share"": 0.333, ""miss_deg"": 0.0, ""labels"": [263]}, {""name"": ""球M"", ""m"": 43.34998, ""q"": 0.1113, ""c"": 0.1097, ""capture"": 1.015, ""share"": 0.277, ""miss_deg"": 0.0, ""labels"": [261]}, {""name"": ""白杯2"", ""m"": 29.14121, ""q"": 0.0748, ""c"": 0.2228, ""capture"": 0.336, ""share"": 0.187, ""miss_deg"": 1.48, ""labels"": [267]}, {""name"": ""白杯1"", ""m"": 14.56228, ""q"": 0.0374, ""c"": 0.2704, ""capture"": 0.138, ""share"": 0.093, ""miss_deg"": 1.99, ""labels"": [266]}, {""name"": ""球L"", ""m"": 9.39467, ""q"": 0.0241, ""c"": 0.1188, ""capture"": 0.203, ""share"": 0.06, ""miss_deg"": 1.79, ""labels"": [259]}, {""name"": ""水瓶"", ""m"": 7.84251, ""q"": 0.0201, ""c"": 0.6212, ""capture"": 0.032, ""share"": 0.05, ""miss_deg"": 2.62, ""labels"": [30]}]"
2026_08_25/c1_3,c4,v9,,mass10,125.68,126.48,0.8,3.617,球M,261,0.469,0.0639,0.538,0.545,0.629,0.864,物品台,389.6407,1,0,,,,6,"[{""name"": ""球M"", ""m"": 24.90751, ""q"": 0.0639, ""c"": 0.1188, ""capture"": 0.538, ""share"": 0.469, ""miss_deg"": 1.11, ""labels"": [261]}, {""name"": ""球R"", ""m"": 15.64387, ""q"": 0.0401, ""c"": 0.1369, ""capture"": 0.293, ""share"": 0.295, ""miss_deg"": 1.57, ""labels"": [263]}, {""name"": ""球L"", ""m"": 7.92301, ""q"": 0.0203, ""c"": 0.1369, ""capture"": 0.149, ""share"": 0.149, ""miss_deg"": 1.95, ""labels"": [259]}, {""name"": ""白杯1"", ""m"": 1.81804, ""q"": 0.0047, ""c"": 0.2704, ""capture"": 0.017, ""share"": 0.034, ""miss_deg"": 2.85, ""labels"": [266]}, {""name"": ""白杯2"", ""m"": 1.42616, ""q"": 0.0037, ""c"": 0.2309, ""capture"": 0.016, ""share"": 0.027, ""miss_deg"": 2.88, ""labels"": [267]}, {""name"": ""水瓶"", ""m"": 1.40128, ""q"": 0.0036, ""c"": 0.6512, ""capture"": 0.006, ""share"": 0.026, ""miss_deg"": 3.22, ""labels"": [30]}]"
2026_08_25/c1_3,c4,v9,,mass10,127.12,127.42,0.3,2.384,,-1,0.0,0.0,,,,1.0,object#26,389.6407,0,0,,,,0,[]
2026_08_25/c1_3,c4,v9,,mass10,127.47,128.12,0.65,2.137,,-1,0.0,0.0,,,,1.0,object#26,389.6407,0,0,,,,0,[]
2026_08_25/c1_3,c4,v9,,mass10,128.17,128.72,0.55,1.715,,-1,0.0,0.0,,,,1.0,object#26,389.6407,0,0,,,,0,[]
2026_08_25/c1_3,c4,v9,,mass10,128.87,129.12,0.25,1.036,,-1,0.0,0.0,,,,1.0,object#34,389.6407,0,0,,,,0,[]
2026_08_25/c1_3,c4,v9,,mass10,129.92,130.77,0.85,0.721,,-1,0.0,0.0,,,,1.0,object#14,389.6407,0,0,,,,0,[]
2026_08_25/u3,u3,v9,walking,mass10,0.02,0.27,0.25,0.871,,-1,0.0,0.0,,,,1.0,object#14,389.6407,0,0,,,,0,[]
2026_08_25/u3,u3,v9,walking,mass10,6.03,6.48,0.45,2.161,水瓶,30,0.474,0.0096,0.01,2.1,0.696,0.98,物品台,389.6407,0,0,,,,3,"[{""name"": ""水瓶"", ""m"": 3.72954, ""q"": 0.0096, ""c"": 0.9862, ""capture"": 0.01, ""share"": 0.474, ""miss_deg"": 3.04, ""labels"": [30]}, {""name"": ""球M"", ""m"": 2.59484, ""q"": 0.0067, ""c"": 0.3157, ""capture"": 0.021, ""share"": 0.33, ""miss_deg"": 2.78, ""labels"": [261]}, {""name"": ""球L"", ""m"": 1.53945, ""q"": 0.004, ""c"": 0.3228, ""capture"": 0.012, ""share"": 0.196, ""miss_deg"": 2.97, ""labels"": [259]}]"
2026_08_25/u3,u3,v9,walking,mass10,6.58,6.98,0.4,2.614,,-1,0.0,0.0,,,,1.0,floor,389.6407,0,0,,,,0,[]
2026_08_25/u3,u3,v9,walking,mass10,7.55,7.9,0.35,2.654,球L,259,0.556,0.31,1.343,0.388,0.531,0.442,物品台,389.6407,1,1,,,,6,"[{""name"": ""球L"", ""m"": 120.80254, ""q"": 0.31, ""c"": 0.2309, ""capture"": 1.343, ""share"": 0.556, ""miss_deg"": 0.0, ""labels"": [259]}, {""name"": ""苹果红"", ""m"": 64.04073, ""q"": 0.1644, ""c"": 0.3157, ""capture"": 0.521, ""share"": 0.295, ""miss_deg"": 1.14, ""labels"": [260]}, {""name"": ""苹果粉"", ""m"": 13.23325, ""q"": 0.034, ""c"": 0.4305, ""capture"": 0.079, ""share"": 0.061, ""miss_deg"": 2.25, ""labels"": [64, 250]}, {""name"": ""水瓶"", ""m"": 6.67428, ""q"": 0.0171, ""c"": 0.892, ""capture"": 0.019, ""share"": 0.031, ""miss_deg"": 2.81, ""labels"": [30]}, {""name"": ""香蕉"", ""m"": 6.6611, ""q"": 0.0171, ""c"": 0.9761, ""capture"": 0.018, ""share"": 0.031, ""miss_deg"": 2.84, ""labels"": [264]}, {""name"": ""橘子"", ""m"": 5.9687, ""q"": 0.0153, ""c"": 0.2857, ""capture"": 0.054, ""share"": 0.027, ""miss_deg"": 2.42, ""labels"": [262]}]"
2026_08_25/u3,u3,v9,walking,mass10,8.47,8.92,0.45,3.637,,-1,0.0,0.0,,,,1.0,object#26,389.6407,0,0,,,,0,[]
2026_08_25/u3,u3,v9,walking,mass10,9.07,9.37,0.3,3.971,,-1,0.0,0.0,,,,1.0,object#26,389.6407,0,0,,,,0,[]
2026_08_25/u3,u3,v9,walking,mass10,9.52,10.47,0.95,3.977,,-1,0.0,0.0,,,,1.0,object#26,389.6407,0,0,,,,0,[]
2026_08_25/u3,u3,v9,walking,mass10,10.67,11.02,0.35,3.685,,-1,0.0,0.0,,,,1.0,object#26,389.6407,0,0,,,,0,[]
2026_08_25/u3,u3,v9,walking,mass10,11.07,12.37,1.3,3.68,,-1,0.0,0.0,,,,1.0,object#26,389.6407,0,0,,,,0,[]
2026_08_25/u3,u3,v9,walking,mass10,12.47,13.92,1.45,3.707,,-1,0.0,0.0,,,,1.0,object#26,389.6407,0,0,,,,0,[]
2026_08_25/u3,u3,v9,walking,mass10,14.17,14.82,0.65,3.697,,-1,0.0,0.0,,,,1.0,object#26,389.6407,0,0,,,,0,[]
2026_08_25/u3,u3,v9,walking,mass10,16.35,16.6,0.25,2.993,,-1,0.0,0.0,,,,1.0,object#37,389.6407,0,0,,,,0,[]
2026_08_25/u3,u3,v9,walking,mass10,18.15,19.8,1.65,2.882,球L,259,0.928,0.0389,0.189,0.021,0.042,0.958,物品台,389.6407,0,0,1,球L,1,4,"[{""name"": ""球L"", ""m"": 15.16925, ""q"": 0.0389, ""c"": 0.2062, ""capture"": 0.189, ""share"": 0.928, ""miss_deg"": 1.83, ""labels"": [259]}, {""name"": ""苹果粉"", ""m"": 0.63926, ""q"": 0.0016, ""c"": 0.3721, ""capture"": 0.004, ""share"": 0.039, ""miss_deg"": 3.29, ""labels"": [64]}, {""name"": ""水瓶"", ""m"": 0.49998, ""q"": 0.0013, ""c"": 0.8281, ""capture"": 0.002, ""share"": 0.031, ""miss_deg"": 3.6, ""labels"": [30]}, {""name"": ""苹果红"", ""m"": 0.03614, ""q"": 0.0001, ""c"": 0.2704, ""capture"": 0.0, ""share"": 0.002, ""miss_deg"": 3.99, ""labels"": [260]}]"
2026_08_25/u3,u3,v9,walking,mass10,20.6,21.15,0.55,2.768,球L,259,0.787,0.0685,0.307,0.121,0.207,0.913,物品台,389.6407,1,1,1,球L,1,4,"[{""name"": ""球L"", ""m"": 26.68452, ""q"": 0.0685, ""c"": 0.2228, ""capture"": 0.307, ""share"": 0.787, ""miss_deg"": 1.54, ""labels"": [259]}, {""name"": ""苹果粉"", ""m"": 5.54233, ""q"": 0.0142, ""c"": 0.3855, ""capture"": 0.037, ""share"": 0.163, ""miss_deg"": 2.57, ""labels"": [64]}, {""name"": ""水瓶"", ""m"": 1.33085, ""q"": 0.0034, ""c"": 0.8656, ""capture"": 0.004, ""share"": 0.039, ""miss_deg"": 3.33, ""labels"": [30]}, {""name"": ""苹果红"", ""m"": 0.35726, ""q"": 0.0009, ""c"": 0.3009, ""capture"": 0.003, ""share"": 0.011, ""miss_deg"": 3.4, ""labels"": [260]}]"
2026_08_25/u3,u3,v9,walking,mass10,21.55,21.9,0.35,2.727,球L,259,0.984,0.0497,0.223,0.004,0.013,0.949,物品台,389.6407,1,1,1,球L,1,3,"[{""name"": ""球L"", ""m"": 19.37782, ""q"": 0.0497, ""c"": 0.2228, ""capture"": 0.223, ""share"": 0.984, ""miss_deg"": 1.73, ""labels"": [259]}, {""name"": ""水瓶"", ""m"": 0.25523, ""q"": 0.0007, ""c"": 0.87, ""capture"": 0.001, ""share"": 0.013, ""miss_deg"": 3.79, ""labels"": [30]}, {""name"": ""苹果粉"", ""m"": 0.06544, ""q"": 0.0002, ""c"": 0.3986, ""capture"": 0.0, ""share"": 0.003, ""miss_deg"": 3.94, ""labels"": [64]}]"
2026_08_25/u3,u3,v9,walking,mass10,22.6,23.05,0.45,2.83,球L,259,0.957,0.0244,0.118,0.008,0.042,0.975,物品台,389.6407,0,0,1,球L,1,3,"[{""name"": ""球L"", ""m"": 9.50106, ""q"": 0.0244, ""c"": 0.2062, ""capture"": 0.118, ""share"": 0.957, ""miss_deg"": 2.07, ""labels"": [259]}, {""name"": ""水瓶"", ""m"": 0.39885, ""q"": 0.001, ""c"": 0.8474, ""capture"": 0.001, ""share"": 0.04, ""miss_deg"": 3.67, ""labels"": [30]}, {""name"": ""苹果粉"", ""m"": 0.02926, ""q"": 0.0001, ""c"": 0.3721, ""capture"": 0.0, ""share"": 0.003, ""miss_deg"": 4.13, ""labels"": [64]}]"
2026_08_25/u3,u3,v9,walking,mass10,25.78,26.33,0.55,2.867,球L,259,0.881,0.1423,0.69,0.02,0.084,0.838,物品台,389.6407,1,1,2,球M,0,6,"[{""name"": ""球L"", ""m"": 55.44384, ""q"": 0.1423, ""c"": 0.2062, ""capture"": 0.69, ""share"": 0.881, ""miss_deg"": 0.86, ""labels"": [259]}, {""name"": ""水瓶"", ""m"": 4.63328, ""q"": 0.0119, ""c"": 0.8331, ""capture"": 0.014, ""share"": 0.074, ""miss_deg"": 2.92, ""labels"": [30]}, {""name"": ""苹果红"", ""m"": 1.72288, ""q"": 0.0044, ""c"": 0.2704, ""capture"": 0.016, ""share"": 0.027, ""miss_deg"": 2.87, ""labels"": [260]}, {""name"": ""橘子"", ""m"": 0.56283, ""q"": 0.0014, ""c"": 0.2469, ""capture"": 0.006, ""share"": 0.009, ""miss_deg"": 3.21, ""labels"": [262]}, {""name"": ""苹果粉"", ""m"": 0.47464, ""q"": 0.0012, ""c"": 0.3721, ""capture"": 0.003, ""share"": 0.008, ""miss_deg"": 3.38, ""labels"": [64]}, {""name"": ""香蕉"", ""m"": 0.09532, ""q"": 0.0002, ""c"": 0.948, ""capture"": 0.0, ""share"": 0.002, ""miss_deg"": 4.07, ""labels"": [264]}]"
2026_08_25/u3,u3,v9,walking,mass10,26.48,26.88,0.4,2.667,球L,259,0.894,0.0575,0.249,0.02,0.083,0.936,物品台,389.6407,1,1,2,球M,0,3,"[{""name"": ""球L"", ""m"": 22.39139, ""q"": 0.0575, ""c"": 0.2309, ""capture"": 0.249, ""share"": 0.894, ""miss_deg"": 1.67, ""labels"": [259]}, {""name"": ""水瓶"", ""m"": 1.8563, ""q"": 0.0048, ""c"": 0.8881, ""capture"": 0.005, ""share"": 0.074, ""miss_deg"": 3.23, ""labels"": [30]}, {""name"": ""球M"", ""m"": 0.79595, ""q"": 0.002, ""c"": 0.2228, ""capture"": 0.009, ""share"": 0.032, ""miss_deg"": 3.06, ""labels"": [261]}]"
2026_08_25/u3,u3,v9,walking,mass10,28.08,28.78,0.7,4.103,水瓶,30,0.654,0.001,0.002,3.0,0.529,0.999,物品台,389.6407,0,0,2,球M,0,2,"[{""name"": ""水瓶"", ""m"": 0.38079, ""q"": 0.001, ""c"": 0.5444, ""capture"": 0.002, ""share"": 0.654, ""miss_deg"": 3.56, ""labels"": [30]}, {""name"": ""球M"", ""m"": 0.2017, ""q"": 0.0005, ""c"": 0.091, ""capture"": 0.006, ""share"": 0.346, ""miss_deg"": 3.22, ""labels"": [261]}]"
2026_08_25/u3,u3,v9,walking,mass10,29.13,29.84,0.7,2.773,球M,261,0.827,0.0643,0.312,0.042,0.178,0.922,物品台,389.6407,1,1,2,球M,1,4,"[{""name"": ""球M"", ""m"": 25.04569, ""q"": 0.0643, ""c"": 0.2062, ""capture"": 0.312, ""share"": 0.827, ""miss_deg"": 1.53, ""labels"": [261]}, {""name"": ""水瓶"", ""m"": 4.44275, ""q"": 0.0114, ""c"": 0.8656, ""capture"": 0.013, ""share"": 0.147, ""miss_deg"": 2.94, ""labels"": [30]}, {""name"": ""球L"", ""m"": 0.70387, ""q"": 0.0018, ""c"": 0.2228, ""capture"": 0.008, ""share"": 0.023, ""miss_deg"": 3.1, ""labels"": [259]}, {""name"": ""苹果红"", ""m"": 0.10958, ""q"": 0.0003, ""c"": 0.3009, ""capture"": 0.001, ""share"": 0.004, ""miss_deg"": 3.74, ""labels"": [260]}]"
2026_08_25/u3,u3,v9,walking,mass10,30.04,30.54,0.5,2.889,球M,261,0.61,0.1061,0.561,0.068,0.295,0.826,物品台,389.6407,1,1,,,,5,"[{""name"": ""球M"", ""m"": 41.3525, ""q"": 0.1061, ""c"": 0.1892, ""capture"": 0.561, ""share"": 0.61, ""miss_deg"": 1.08, ""labels"": [261]}, {""name"": ""水瓶"", ""m"": 12.21589, ""q"": 0.0314, ""c"": 0.8232, ""capture"": 0.038, ""share"": 0.18, ""miss_deg"": 2.56, ""labels"": [30]}, {""name"": ""球L"", ""m"": 9.54105, ""q"": 0.0245, ""c"": 0.2062, ""capture"": 0.119, ""share"": 0.141, ""miss_deg"": 2.06, ""labels"": [259]}, {""name"": ""苹果红"", ""m"": 4.43228, ""q"": 0.0114, ""c"": 0.2704, ""capture"": 0.042, ""share"": 0.065, ""miss_deg"": 2.52, ""labels"": [260]}, {""name"": ""香蕉"", ""m"": 0.24716, ""q"": 0.0006, ""c"": 0.9451, ""capture"": 0.001, ""share"": 0.004, ""miss_deg"": 3.82, ""labels"": [264]}]"
2026_08_25/u3,u3,v9,walking,mass10,31.26,34.71,3.45,2.365,球R,263,0.411,0.0147,0.049,1.0,0.895,0.964,物品台,389.6407,0,0,3,球R,1,4,"[{""name"": ""球R"", ""m"": 5.72786, ""q"": 0.0147, ""c"": 0.3009, ""capture"": 0.049, ""share"": 0.411, ""miss_deg"": 2.46, ""labels"": [263]}, {""name"": ""球M"", ""m"": 5.13226, ""q"": 0.0132, ""c"": 0.2704, ""capture"": 0.049, ""share"": 0.368, ""miss_deg"": 2.46, ""labels"": [261]}, {""name"": ""水瓶"", ""m"": 2.48957, ""q"": 0.0064, ""c"": 0.9588, ""capture"": 0.007, ""share"": 0.179, ""miss_deg"": 3.17, ""labels"": [30]}, {""name"": ""白杯1"", ""m"": 0.58118, ""q"": 0.0015, ""c"": 0.5444, ""capture"": 0.003, ""share"": 0.042, ""miss_deg"": 3.44, ""labels"": [266]}]"
2026_08_25/u3,u3,v9,walking,mass10,34.76,35.26,0.5,2.093,球M,261,0.784,0.0428,0.133,0.113,0.129,0.945,物品台,389.6407,0,0,3,球R,0,4,"[{""name"": ""球M"", ""m"": 16.6747, ""q"": 0.0428, ""c"": 0.3228, ""capture"": 0.133, ""share"": 0.784, ""miss_deg"": 2.01, ""labels"": [261]}, {""name"": ""球R"", ""m"": 2.14752, ""q"": 0.0055, ""c"": 0.3582, ""capture"": 0.015, ""share"": 0.101, ""miss_deg"": 2.89, ""labels"": [263]}, {""name"": ""白杯1"", ""m"": 2.14063, ""q"": 0.0055, ""c"": 0.6299, ""capture"": 0.009, ""share"": 0.101, ""miss_deg"": 3.08, ""labels"": [266]}, {""name"": ""水瓶"", ""m"": 0.29415, ""q"": 0.0008, ""c"": 0.9907, ""capture"": 0.001, ""share"": 0.014, ""miss_deg"": 3.79, ""labels"": [30]}]"
2026_08_25/u3,u3,v9,walking,mass10,35.71,36.11,0.4,2.212,水瓶,30,0.504,0.0068,0.007,3.0,0.96,0.987,物品台,389.6407,0,0,3,球R,0,3,"[{""name"": ""水瓶"", ""m"": 2.64546, ""q"": 0.0068, ""c"": 0.9819, ""capture"": 0.007, ""share"": 0.504, ""miss_deg"": 3.15, ""labels"": [30]}, {""name"": ""球R"", ""m"": 2.53666, ""q"": 0.0065, ""c"": 0.3157, ""capture"": 0.021, ""share"": 0.484, ""miss_deg"": 2.79, ""labels"": [263]}, {""name"": ""球M"", ""m"": 0.06274, ""q"": 0.0002, ""c"": 0.3009, ""capture"": 0.001, ""share"": 0.012, ""miss_deg"": 3.88, ""labels"": [261]}]"
2026_08_25/u3,u3,v9,walking,mass10,36.51,36.86,0.35,2.331,水瓶,30,0.441,0.0044,0.005,2.8,0.946,0.99,物品台,389.6407,0,0,3,球R,0,3,"[{""name"": ""水瓶"", ""m"": 1.70179, ""q"": 0.0044, ""c"": 0.9673, ""capture"": 0.005, ""share"": 0.441, ""miss_deg"": 3.29, ""labels"": [30]}, {""name"": ""球R"", ""m"": 1.6101, ""q"": 0.0041, ""c"": 0.3009, ""capture"": 0.014, ""share"": 0.417, ""miss_deg"": 2.93, ""labels"": [263]}, {""name"": ""球M"", ""m"": 0.54631, ""q"": 0.0014, ""c"": 0.2704, ""capture"": 0.005, ""share"": 0.142, ""miss_deg"": 3.24, ""labels"": [261]}]"
2026_08_25/u3,u3,v9,walking,mass10,37.21,37.81,0.6,2.354,水瓶,30,0.495,0.0046,0.005,2.4,0.752,0.991,物品台,389.6407,0,0,,,,3,"[{""name"": ""水瓶"", ""m"": 1.81054, ""q"": 0.0046, ""c"": 0.9625, ""capture"": 0.005, ""share"": 0.495, ""miss_deg"": 3.27, ""labels"": [30]}, {""name"": ""球R"", ""m"": 1.36052, ""q"": 0.0035, ""c"": 0.3009, ""capture"": 0.012, ""share"": 0.372, ""miss_deg"": 2.99, ""labels"": [263]}, {""name"": ""球M"", ""m"": 0.48773, ""q"": 0.0013, ""c"": 0.2704, ""capture"": 0.005, ""share"": 0.133, ""miss_deg"": 3.28, ""labels"": [261]}]"
2026_08_25/u3,u3,v9,walking,mass10,38.16,38.56,0.4,2.861,水瓶,30,1.0,0.0023,0.003,0.0,0.0,0.998,object#37,389.6407,0,0,4,球M,0,1,"[{""name"": ""水瓶"", ""m"": 0.90071, ""q"": 0.0023, ""c"": 0.8331, ""capture"": 0.003, ""share"": 1.0, ""miss_deg"": 3.43, ""labels"": [30]}]"
2026_08_25/u3,u3,v9,walking,mass10,38.86,39.11,0.25,2.432,球M,261,0.549,0.0166,0.065,0.215,0.812,0.97,物品台,389.6407,0,0,4,球M,1,3,"[{""name"": ""球M"", ""m"": 6.45791, ""q"": 0.0166, ""c"": 0.2548, ""capture"": 0.065, ""share"": 0.549, ""miss_deg"": 2.34, ""labels"": [261]}, {""name"": ""水瓶"", ""m"": 5.24229, ""q"": 0.0135, ""c"": 0.948, ""capture"": 0.014, ""share"": 0.446, ""miss_deg"": 2.92, ""labels"": [30]}, {""name"": ""球L"", ""m"": 0.06545, ""q"": 0.0002, ""c"": 0.2704, ""capture"": 0.001, ""share"": 0.006, ""miss_deg"": 3.84, ""labels"": [259]}]"
2026_08_25/u3,u3,v9,walking,mass10,39.76,40.01,0.25,3.764,水瓶,30,0.861,0.0048,0.008,0.875,0.161,0.994,物品台,389.6407,0,0,4,球M,0,2,"[{""name"": ""水瓶"", ""m"": 1.85871, ""q"": 0.0048, ""c"": 0.6212, ""capture"": 0.008, ""share"": 0.861, ""miss_deg"": 3.12, ""labels"": [30]}, {""name"": ""球M"", ""m"": 0.2994, ""q"": 0.0008, ""c"": 0.1097, ""capture"": 0.007, ""share"": 0.139, ""miss_deg"": 3.15, ""labels"": [261]}]"
2026_08_25/u3,u3,v9,walking,mass10,40.51,40.81,0.3,2.816,球M,261,0.687,0.0347,0.168,0.065,0.275,0.95,物品台,389.6407,0,0,4,球M,1,3,"[{""name"": ""球M"", ""m"": 13.50256, ""q"": 0.0347, ""c"": 0.2062, ""capture"": 0.168, ""share"": 0.687, ""miss_deg"": 1.89, ""labels"": [261]}, {""name"": ""水瓶"", ""m"": 3.71389, ""q"": 0.0095, ""c"": 0.8521, ""capture"": 0.011, ""share"": 0.189, ""miss_deg"": 3.0, ""labels"": [30]}, {""name"": ""球L"", ""m"": 2.44275, ""q"": 0.0063, ""c"": 0.2228, ""capture"": 0.028, ""share"": 0.124, ""miss_deg"": 2.67, ""labels"": [259]}]"
2026_08_25/u3,u3,v9,walking,mass10,40.91,41.21,0.3,2.81,球M,261,0.523,0.0256,0.124,0.444,0.48,0.951,物品台,389.6407,0,0,4,球M,1,3,"[{""name"": ""球M"", ""m"": 9.98709, ""q"": 0.0256, ""c"": 0.2062, ""capture"": 0.124, ""share"": 0.523, ""miss_deg"": 2.04, ""labels"": [261]}, {""name"": ""球L"", ""m"": 4.80388, ""q"": 0.0123, ""c"": 0.2228, ""capture"": 0.055, ""share"": 0.251, ""miss_deg"": 2.41, ""labels"": [259]}, {""name"": ""水瓶"", ""m"": 4.31577, ""q"": 0.0111, ""c"": 0.8521, ""capture"": 0.013, ""share"": 0.226, ""miss_deg"": 2.95, ""labels"": [30]}]"
2026_08_25/u3,u3,v9,walking,mass10,41.91,42.26,0.35,3.946,水瓶,30,0.472,0.0033,0.006,3.167,0.627,0.993,物品台,389.6407,0,0,4,球M,0,3,"[{""name"": ""水瓶"", ""m"": 1.28952, ""q"": 0.0033, ""c"": 0.584, ""capture"": 0.006, ""share"": 0.472, ""miss_deg"": 3.22, ""labels"": [30]}, {""name"": ""球M"", ""m"": 0.80805, ""q"": 0.0021, ""c"": 0.1097, ""capture"": 0.019, ""share"": 0.296, ""miss_deg"": 2.82, ""labels"": [261]}, {""name"": ""球L"", ""m"": 0.63387, ""q"": 0.0016, ""c"": 0.1097, ""capture"": 0.015, ""share"": 0.232, ""miss_deg"": 2.9, ""labels"": [259]}]"
2026_08_25/u3,u3,v9,walking,mass10,43.66,44.51,0.85,2.791,球L,259,0.673,0.0372,0.167,0.263,0.245,0.945,物品台,389.6407,0,0,,,,3,"[{""name"": ""球L"", ""m"": 14.50518, ""q"": 0.0372, ""c"": 0.2228, ""capture"": 0.167, ""share"": 0.673, ""miss_deg"": 1.89, ""labels"": [259]}, {""name"": ""球M"", ""m"": 3.55425, ""q"": 0.0091, ""c"": 0.2062, ""capture"": 0.044, ""share"": 0.165, ""miss_deg"": 2.5, ""labels"": [261]}, {""name"": ""水瓶"", ""m"": 3.48856, ""q"": 0.009, ""c"": 0.8612, ""capture"": 0.01, ""share"": 0.162, ""miss_deg"": 3.02, ""labels"": [30]}]"
2026_08_25/u3,u3,v9,walking,mass10,45.44,45.69,0.25,2.934,白杯1,266,0.35,0.056,0.145,1.71,0.914,0.84,物品台,389.6407,0,0,5,球R,0,7,"[{""name"": ""白杯1"", ""m"": 21.82461, ""q"": 0.056, ""c"": 0.3855, ""capture"": 0.145, ""share"": 0.35, ""miss_deg"": 1.96, ""labels"": [266]}, {""name"": ""球R"", ""m"": 19.91593, ""q"": 0.0511, ""c"": 0.2062, ""capture"": 0.248, ""share"": 0.32, ""miss_deg"": 1.67, ""labels"": [263]}, {""name"": ""球M"", ""m"": 15.0339, ""q"": 0.0386, ""c"": 0.1892, ""capture"": 0.204, ""share"": 0.241, ""miss_deg"": 1.78, ""labels"": [261]}, {""name"": ""香蕉"", ""m"": 2.55985, ""q"": 0.0066, ""c"": 0.9302, ""capture"": 0.007, ""share"": 0.041, ""miss_deg"": 3.15, ""labels"": [264]}, {""name"": ""水瓶"", ""m"": 2.32121, ""q"": 0.006, ""c"": 0.8232, ""capture"": 0.007, ""share"": 0.037, ""miss_deg"": 3.14, ""labels"": [30]}, {""name"": ""红杯"", ""m"": 0.64136, ""q"": 0.0016, ""c"": 0.584, ""capture"": 0.003, ""share"": 0.01, ""miss_deg"": 3.43, ""labels"": [49]}, {""name"": ""白杯2"", ""m"": 0.03673, ""q"": 0.0001, ""c"": 0.3228, ""capture"": 0.0, ""share"": 0.001, ""miss_deg"": 4.03, ""labels"": [267]}]"
2026_08_25/u3,u3,v9,walking,mass10,46.69,47.54,0.85,2.566,球R,263,0.639,0.014,0.057,0.123,0.444,0.978,物品台,389.6407,0,0,5,球R,1,3,"[{""name"": ""球R"", ""m"": 5.46568, ""q"": 0.014, ""c"": 0.2469, ""capture"": 0.057, ""share"": 0.639, ""miss_deg"": 2.39, ""labels"": [263]}, {""name"": ""水瓶"", ""m"": 2.425, ""q"": 0.0062, ""c"": 0.9122, ""capture"": 0.007, ""share"": 0.284, ""miss_deg"": 3.16, ""labels"": [30]}, {""name"": ""球M"", ""m"": 0.65804, ""q"": 0.0017, ""c"": 0.2309, ""capture"": 0.007, ""share"": 0.077, ""miss_deg"": 3.14, ""labels"": [261]}]"
2026_08_25/u3,u3,v9,walking,mass10,47.99,48.89,0.9,2.481,球R,263,0.741,0.029,0.107,0.093,0.332,0.961,物品台,389.6407,0,0,5,球R,1,3,"[{""name"": ""球R"", ""m"": 11.2876, ""q"": 0.029, ""c"": 0.2704, ""capture"": 0.107, ""share"": 0.741, ""miss_deg"": 2.11, ""labels"": [263]}, {""name"": ""水瓶"", ""m"": 3.75151, ""q"": 0.0096, ""c"": 0.9363, ""capture"": 0.01, ""share"": 0.246, ""miss_deg"": 3.03, ""labels"": [30]}, {""name"": ""球M"", ""m"": 0.19445, ""q"": 0.0005, ""c"": 0.2469, ""capture"": 0.002, ""share"": 0.013, ""miss_deg"": 3.52, ""labels"": [261]}]"
2026_08_25/u3,u3,v9,walking,mass10,48.99,49.89,0.9,2.508,球R,263,0.554,0.0158,0.062,0.21,0.767,0.972,物品台,389.6407,0,0,5,球R,1,3,"[{""name"": ""球R"", ""m"": 6.14204, ""q"": 0.0158, ""c"": 0.2548, ""capture"": 0.062, ""share"": 0.554, ""miss_deg"": 2.36, ""labels"": [263]}, {""name"": ""水瓶"", ""m"": 4.70844, ""q"": 0.0121, ""c"": 0.9255, ""capture"": 0.013, ""share"": 0.425, ""miss_deg"": 2.95, ""labels"": [30]}, {""name"": ""球M"", ""m"": 0.24125, ""q"": 0.0006, ""c"": 0.2469, ""capture"": 0.003, ""share"": 0.022, ""miss_deg"": 3.46, ""labels"": [261]}]"
2026_08_25/u3,u3,v9,walking,mass10,50.04,50.69,0.65,2.484,球R,263,0.672,0.026,0.096,0.146,0.488,0.961,物品台,389.6407,0,0,,,,2,"[{""name"": ""球R"", ""m"": 10.14354, ""q"": 0.026, ""c"": 0.2704, ""capture"": 0.096, ""share"": 0.672, ""miss_deg"": 2.16, ""labels"": [263]}, {""name"": ""水瓶"", ""m"": 4.95795, ""q"": 0.0127, ""c"": 0.9302, ""capture"": 0.014, ""share"": 0.328, ""miss_deg"": 2.93, ""labels"": [30]}]"
2026_08_25/u3,u3,v9,walking,mass10,52.81,54.36,1.55,2.677,,-1,0.0,0.0,,,,1.0,物品台,389.6407,0,0,6,球L,,0,[]
2026_08_25/u3,u3,v9,walking,mass10,55.26,56.21,0.95,2.967,球L,259,0.749,0.0484,0.235,0.179,0.307,0.935,物品台,389.6407,1,1,6,球L,1,4,"[{""name"": ""球L"", ""m"": 18.84196, ""q"": 0.0484, ""c"": 0.2062, ""capture"": 0.235, ""share"": 0.749, ""miss_deg"": 1.7, ""labels"": [259]}, {""name"": ""苹果粉"", ""m"": 5.79376, ""q"": 0.0149, ""c"": 0.3582, ""capture"": 0.042, ""share"": 0.23, ""miss_deg"": 2.52, ""labels"": [64]}, {""name"": ""水瓶"", ""m"": 0.33696, ""q"": 0.0009, ""c"": 0.8126, ""capture"": 0.001, ""share"": 0.013, ""miss_deg"": 3.7, ""labels"": [30]}, {""name"": ""苹果红"", ""m"": 0.19942, ""q"": 0.0005, ""c"": 0.2548, ""capture"": 0.002, ""share"": 0.008, ""miss_deg"": 3.52, ""labels"": [260]}]"
2026_08_25/u3,u3,v9,walking,mass10,56.66,57.01,0.35,2.863,球L,259,0.984,0.0297,0.144,0.007,0.016,0.97,物品台,389.6407,0,0,6,球L,1,2,"[{""name"": ""球L"", ""m"": 11.58674, ""q"": 0.0297, ""c"": 0.2062, ""capture"": 0.144, ""share"": 0.984, ""miss_deg"": 1.97, ""labels"": [259]}, {""name"": ""水瓶"", ""m"": 0.18889, ""q"": 0.0005, ""c"": 0.8331, ""capture"": 0.001, ""share"": 0.016, ""miss_deg"": 3.86, ""labels"": [30]}]"
2026_08_25/u3,u3,v9,walking,mass10,58.61,58.91,0.3,2.988,球M,261,0.504,0.1898,1.16,0.142,0.698,0.623,物品台,389.6407,1,1,7,球M,1,7,"[{""name"": ""球M"", ""m"": 73.96094, ""q"": 0.1898, ""c"": 0.1636, ""capture"": 1.16, ""share"": 0.504, ""miss_deg"": 0.0, ""labels"": [261]}, {""name"": ""水瓶"", ""m"": 51.69524, ""q"": 0.1327, ""c"": 0.8017, ""capture"": 0.165, ""share"": 0.352, ""miss_deg"": 1.9, ""labels"": [30]}, {""name"": ""香蕉"", ""m"": 9.87733, ""q"": 0.0253, ""c"": 0.919, ""capture"": 0.028, ""share"": 0.067, ""miss_deg"": 2.68, ""labels"": [264]}, {""name"": ""球L"", ""m"": 7.039, ""q"": 0.0181, ""c"": 0.1892, ""capture"": 0.095, ""share"": 0.048, ""miss_deg"": 2.17, ""labels"": [259]}, {""name"": ""白杯1"", ""m"": 2.6372, ""q"": 0.0068, ""c"": 0.3721, ""capture"": 0.018, ""share"": 0.018, ""miss_deg"": 2.83, ""labels"": [266]}, {""name"": ""苹果红"", ""m"": 1.24814, ""q"": 0.0032, ""c"": 0.2469, ""capture"": 0.013, ""share"": 0.009, ""miss_deg"": 2.95, ""labels"": [260]}, {""name"": ""红杯"", ""m"": 0.27305, ""q"": 0.0007, ""c"": 0.5545, ""capture"": 0.001, ""share"": 0.002, ""miss_deg"": 3.65, ""labels"": [49]}]"
2026_08_25/u3,u3,v9,walking,mass10,59.99,60.34,0.35,2.831,球M,261,0.489,0.1122,0.544,0.151,0.618,0.77,物品台,389.6407,1,0,7,球M,1,5,"[{""name"": ""球M"", ""m"": 43.73353, ""q"": 0.1122, ""c"": 0.2062, ""capture"": 0.544, ""share"": 0.489, ""miss_deg"": 1.1, ""labels"": [261]}, {""name"": ""水瓶"", ""m"": 26.97769, ""q"": 0.0692, ""c"": 0.8474, ""capture"": 0.082, ""share"": 0.302, ""miss_deg"": 2.24, ""labels"": [30]}, {""name"": ""球L"", ""m"": 13.20813, ""q"": 0.0339, ""c"": 0.2062, ""capture"": 0.164, ""share"": 0.148, ""miss_deg"": 1.9, ""labels"": [259]}, {""name"": ""香蕉"", ""m"": 3.37633, ""q"": 0.0087, ""c"": 0.9562, ""capture"": 0.009, ""share"": 0.038, ""miss_deg"": 3.07, ""labels"": [264]}, {""name"": ""苹果红"", ""m"": 2.17653, ""q"": 0.0056, ""c"": 0.2704, ""capture"": 0.021, ""share"": 0.024, ""miss_deg"": 2.79, ""labels"": [260]}]"
2026_08_25/u3,u3,v9,walking,mass10,60.94,61.24,0.3,2.699,球L,259,0.466,0.0863,0.387,0.137,0.534,0.815,物品台,389.6407,1,0,7,球M,0,6,"[{""name"": ""球L"", ""m"": 33.61557, ""q"": 0.0863, ""c"": 0.2228, ""capture"": 0.387, ""share"": 0.466, ""miss_deg"": 1.38, ""labels"": [259]}, {""name"": ""水瓶"", ""m"": 17.91632, ""q"": 0.046, ""c"": 0.8741, ""capture"": 0.053, ""share"": 0.249, ""miss_deg"": 2.43, ""labels"": [30]}, {""name"": ""球M"", ""m"": 15.51699, ""q"": 0.0398, ""c"": 0.2228, ""capture"": 0.179, ""share"": 0.215, ""miss_deg"": 1.86, ""labels"": [261]}, {""name"": ""苹果红"", ""m"": 4.41446, ""q"": 0.0113, ""c"": 0.3009, ""capture"": 0.038, ""share"": 0.061, ""miss_deg"": 2.56, ""labels"": [260]}, {""name"": ""香蕉"", ""m"": 0.57696, ""q"": 0.0015, ""c"": 0.9719, ""capture"": 0.002, ""share"": 0.008, ""miss_deg"": 3.6, ""labels"": [264]}, {""name"": ""橘子"", ""m"": 0.05258, ""q"": 0.0001, ""c"": 0.2704, ""capture"": 0.0, ""share"": 0.001, ""miss_deg"": 3.9, ""labels"": [262]}]"
2026_08_25/u3,u3,v9,walking,mass10,61.49,61.79,0.3,2.538,球L,259,0.459,0.0386,0.156,0.679,0.634,0.916,物品台,389.6407,0,0,7,球M,0,4,"[{""name"": ""球L"", ""m"": 15.02128, ""q"": 0.0386, ""c"": 0.2469, ""capture"": 0.156, ""share"": 0.459, ""miss_deg"": 1.93, ""labels"": [259]}, {""name"": ""球M"", ""m"": 9.51011, ""q"": 0.0244, ""c"": 0.2309, ""capture"": 0.106, ""share"": 0.291, ""miss_deg"": 2.12, ""labels"": [261]}, {""name"": ""水瓶"", ""m"": 7.22131, ""q"": 0.0185, ""c"": 0.919, ""capture"": 0.02, ""share"": 0.221, ""miss_deg"": 2.79, ""labels"": [30]}, {""name"": ""苹果红"", ""m"": 0.94657, ""q"": 0.0024, ""c"": 0.3228, ""capture"": 0.008, ""share"": 0.029, ""miss_deg"": 3.13, ""labels"": [260]}]"
2026_08_25/u3,u3,v9,walking,mass10,61.84,62.09,0.25,2.633,球L,259,0.568,0.1125,0.487,0.078,0.306,0.802,物品台,389.6407,1,1,7,球M,0,5,"[{""name"": ""球L"", ""m"": 43.83935, ""q"": 0.1125, ""c"": 0.2309, ""capture"": 0.487, ""share"": 0.568, ""miss_deg"": 1.2, ""labels"": [259]}, {""name"": ""水瓶"", ""m"": 13.39567, ""q"": 0.0344, ""c"": 0.8958, ""capture"": 0.038, ""share"": 0.174, ""miss_deg"": 2.55, ""labels"": [30]}, {""name"": ""球M"", ""m"": 10.72115, ""q"": 0.0275, ""c"": 0.2228, ""capture"": 0.124, ""share"": 0.139, ""miss_deg"": 2.05, ""labels"": [261]}, {""name"": ""苹果红"", ""m"": 9.0073, ""q"": 0.0231, ""c"": 0.3157, ""capture"": 0.073, ""share"": 0.117, ""miss_deg"": 2.29, ""labels"": [260]}, {""name"": ""香蕉"", ""m"": 0.22345, ""q"": 0.0006, ""c"": 0.9801, ""capture"": 0.001, ""share"": 0.003, ""miss_deg"": 3.86, ""labels"": [264]}]"
2026_08_25/u3,u3,v9,walking,mass10,62.14,62.74,0.6,2.381,球L,259,0.445,0.0597,0.209,0.651,0.616,0.866,物品台,389.6407,1,0,7,球M,0,4,"[{""name"": ""球L"", ""m"": 23.27082, ""q"": 0.0597, ""c"": 0.2857, ""capture"": 0.209, ""share"": 0.445, ""miss_deg"": 1.77, ""labels"": [259]}, {""name"": ""球M"", ""m"": 14.32198, ""q"": 0.0368, ""c"": 0.2704, ""capture"": 0.136, ""share"": 0.274, ""miss_deg"": 2.0, ""labels"": [261]}, {""name"": ""水瓶"", ""m"": 11.40595, ""q"": 0.0293, ""c"": 0.9588, ""capture"": 0.031, ""share"": 0.218, ""miss_deg"": 2.64, ""labels"": [30]}, {""name"": ""苹果红"", ""m"": 3.32727, ""q"": 0.0085, ""c"": 0.3721, ""capture"": 0.023, ""share"": 0.064, ""miss_deg"": 2.75, ""labels"": [260]}]"
2026_08_25/u3,u3,v9,walking,mass10,63.14,64.19,1.05,2.257,球M,261,0.862,0.0795,0.264,0.045,0.147,0.908,物品台,389.6407,1,1,7,球M,1,4,"[{""name"": ""球M"", ""m"": 30.98086, ""q"": 0.0795, ""c"": 0.3009, ""capture"": 0.264, ""share"": 0.862, ""miss_deg"": 1.63, ""labels"": [261]}, {""name"": ""水瓶"", ""m"": 4.57869, ""q"": 0.0118, ""c"": 0.9761, ""capture"": 0.012, ""share"": 0.127, ""miss_deg"": 2.97, ""labels"": [30]}, {""name"": ""球L"", ""m"": 0.34011, ""q"": 0.0009, ""c"": 0.3157, ""capture"": 0.003, ""share"": 0.009, ""miss_deg"": 3.43, ""labels"": [259]}, {""name"": ""苹果红"", ""m"": 0.02926, ""q"": 0.0001, ""c"": 0.3986, ""capture"": 0.0, ""share"": 0.001, ""miss_deg"": 4.14, ""labels"": [260]}]"
2026_08_25/u3,u3,v9,walking,mass10,65.8,66.25,0.45,3.965,,-1,0.0,0.0,,,,1.0,object#26,389.6407,0,0,,,,0,[]
2026_08_25/u3,u3,v9,walking,mass10,66.95,67.4,0.45,3.466,,-1,0.0,0.0,,,,1.0,object#26,389.6407,0,0,,,,0,[]
2026_08_25/u3,u3,v9,walking,mass10,68.32,68.82,0.5,3.525,,-1,0.0,0.0,,,,1.0,object#26,389.6407,0,0,,,,0,[]
2026_08_25/u3,u3,v9,walking,mass10,69.47,70.07,0.6,3.5,,-1,0.0,0.0,,,,1.0,object#26,389.6407,0,0,,,,0,[]
2026_08_25/u3,u3,v9,walking,mass10,70.17,70.47,0.3,3.526,,-1,0.0,0.0,,,,1.0,object#60,389.6407,0,0,,,,0,[]
2026_08_25/u3,u3,v9,walking,mass10,72.04,72.29,0.25,3.417,,-1,0.0,0.0,,,,1.0,object#26,389.6407,0,0,,,,0,[]
2026_08_25/u3,u3,v9,walking,mass10,72.81,73.26,0.45,2.26,球M,261,0.866,0.0326,0.108,0.028,0.095,0.962,物品台,389.6407,0,0,8,球R,0,3,"[{""name"": ""球M"", ""m"": 12.70661, ""q"": 0.0326, ""c"": 0.3009, ""capture"": 0.108, ""share"": 0.866, ""miss_deg"": 2.11, ""labels"": [261]}, {""name"": ""水瓶"", ""m"": 1.20948, ""q"": 0.0031, ""c"": 0.9761, ""capture"": 0.003, ""share"": 0.082, ""miss_deg"": 3.39, ""labels"": [30]}, {""name"": ""球R"", ""m"": 0.75344, ""q"": 0.0019, ""c"": 0.3009, ""capture"": 0.006, ""share"": 0.051, ""miss_deg"": 3.18, ""labels"": [263]}]"
2026_08_25/u3,u3,v9,walking,mass10,73.71,74.26,0.55,2.264,球R,263,0.757,0.0875,0.291,0.096,0.316,0.884,物品台,389.6407,1,1,8,球R,1,3,"[{""name"": ""球R"", ""m"": 34.07884, ""q"": 0.0875, ""c"": 0.3009, ""capture"": 0.291, ""share"": 0.757, ""miss_deg"": 1.57, ""labels"": [263]}, {""name"": ""水瓶"", ""m"": 10.75621, ""q"": 0.0276, ""c"": 0.974, ""capture"": 0.028, ""share"": 0.239, ""miss_deg"": 2.67, ""labels"": [30]}, {""name"": ""白杯2"", ""m"": 0.20019, ""q"": 0.0005, ""c"": 0.5012, ""capture"": 0.001, ""share"": 0.004, ""miss_deg"": 3.71, ""labels"": [267]}]"
2026_08_25/u3,u3,v9,walking,mass10,74.31,74.56,0.25,2.305,球R,263,0.449,0.0203,0.068,0.603,0.581,0.955,物品台,389.6407,0,0,8,球R,1,4,"[{""name"": ""球R"", ""m"": 7.92116, ""q"": 0.0203, ""c"": 0.3009, ""capture"": 0.068, ""share"": 0.449, ""miss_deg"": 2.32, ""labels"": [263]}, {""name"": ""球M"", ""m"": 4.5967, ""q"": 0.0118, ""c"": 0.2857, ""capture"": 0.041, ""share"": 0.261, ""miss_deg"": 2.52, ""labels"": [261]}, {""name"": ""水瓶"", ""m"": 3.53327, ""q"": 0.0091, ""c"": 0.9697, ""capture"": 0.009, ""share"": 0.2, ""miss_deg"": 3.06, ""labels"": [30]}, {""name"": ""白杯1"", ""m"": 1.58271, ""q"": 0.0041, ""c"": 0.5444, ""capture"": 0.007, ""share"": 0.09, ""miss_deg"": 3.13, ""labels"": [266]}]"
2026_08_25/u3,u3,v9,walking,mass10,74.61,74.96,0.35,2.486,球R,263,0.481,0.1393,0.515,0.423,0.786,0.71,物品台,389.6407,1,0,8,球R,1,6,"[{""name"": ""球R"", ""m"": 54.26522, ""q"": 0.1393, ""c"": 0.2704, ""capture"": 0.515, ""share"": 0.481, ""miss_deg"": 1.15, ""labels"": [263]}, {""name"": ""白杯1"", ""m"": 42.65141, ""q"": 0.1095, ""c"": 0.5012, ""capture"": 0.218, ""share"": 0.378, ""miss_deg"": 1.74, ""labels"": [266]}, {""name"": ""香蕉"", ""m"": 8.45276, ""q"": 0.0217, ""c"": 0.9893, ""capture"": 0.022, ""share"": 0.075, ""miss_deg"": 2.76, ""labels"": [264]}, {""name"": ""水瓶"", ""m"": 4.1256, ""q"": 0.0106, ""c"": 0.9302, ""capture"": 0.011, ""share"": 0.037, ""miss_deg"": 2.99, ""labels"": [30]}, {""name"": ""红杯"", ""m"": 2.46182, ""q"": 0.0063, ""c"": 0.7025, ""capture"": 0.009, ""share"": 0.022, ""miss_deg"": 3.07, ""labels"": [49]}, {""name"": ""球M"", ""m"": 0.86841, ""q"": 0.0022, ""c"": 0.2469, ""capture"": 0.009, ""share"": 0.008, ""miss_deg"": 3.07, ""labels"": [261]}]"
2026_08_25/u3,u3,v9,walking,mass10,75.01,76.01,1.0,2.545,球R,263,0.733,0.0303,0.123,0.081,0.308,0.959,物品台,389.6407,0,0,8,球R,1,3,"[{""name"": ""球R"", ""m"": 11.80314, ""q"": 0.0303, ""c"": 0.2469, ""capture"": 0.123, ""share"": 0.733, ""miss_deg"": 2.05, ""labels"": [263]}, {""name"": ""水瓶"", ""m"": 3.64775, ""q"": 0.0094, ""c"": 0.919, ""capture"": 0.01, ""share"": 0.226, ""miss_deg"": 3.03, ""labels"": [30]}, {""name"": ""球M"", ""m"": 0.6622, ""q"": 0.0017, ""c"": 0.2309, ""capture"": 0.007, ""share"": 0.041, ""miss_deg"": 3.13, ""labels"": [261]}]"
2026_08_25/u3,u3,v9,walking,mass10,76.26,77.11,0.85,2.799,球R,263,0.742,0.082,0.368,0.054,0.205,0.889,物品台,389.6407,1,1,8,球R,1,4,"[{""name"": ""球R"", ""m"": 31.96504, ""q"": 0.082, ""c"": 0.2228, ""capture"": 0.368, ""share"": 0.742, ""miss_deg"": 1.41, ""labels"": [263]}, {""name"": ""水瓶"", ""m"": 6.56505, ""q"": 0.0168, ""c"": 0.8521, ""capture"": 0.02, ""share"": 0.152, ""miss_deg"": 2.8, ""labels"": [30]}, {""name"": ""白杯1"", ""m"": 3.23437, ""q"": 0.0083, ""c"": 0.4305, ""capture"": 0.019, ""share"": 0.075, ""miss_deg"": 2.81, ""labels"": [266]}, {""name"": ""白杯2"", ""m"": 1.30915, ""q"": 0.0034, ""c"": 0.3721, ""capture"": 0.009, ""share"": 0.03, ""miss_deg"": 3.07, ""labels"": [267]}]"
2026_08_25/u3,u3,v9,walking,mass10,77.41,77.66,0.25,2.892,球R,263,0.525,0.0077,0.037,0.216,0.905,0.985,object#106,389.6407,0,0,8,球R,1,2,"[{""name"": ""球R"", ""m"": 2.98907, ""q"": 0.0077, ""c"": 0.2062, ""capture"": 0.037, ""share"": 0.525, ""miss_deg"": 2.57, ""labels"": [263]}, {""name"": ""水瓶"", ""m"": 2.69941, ""q"": 0.0069, ""c"": 0.8232, ""capture"": 0.008, ""share"": 0.475, ""miss_deg"": 3.09, ""labels"": [30]}]"
2026_08_25/u3,u3,v9,walking,mass10,78.01,78.36,0.35,2.871,水瓶,30,0.847,0.0043,0.005,0.8,0.181,0.995,object#106,389.6407,0,0,,,,2,"[{""name"": ""水瓶"", ""m"": 1.66568, ""q"": 0.0043, ""c"": 0.8331, ""capture"": 0.005, ""share"": 0.847, ""miss_deg"": 3.25, ""labels"": [30]}, {""name"": ""球R"", ""m"": 0.30047, ""q"": 0.0008, ""c"": 0.2062, ""capture"": 0.004, ""share"": 0.153, ""miss_deg"": 3.34, ""labels"": [263]}]"
2026_08_25/u3,u3,v9,walking,mass10,78.76,79.01,0.25,2.851,水瓶,30,0.606,0.0051,0.006,2.667,0.65,0.992,object#106,389.6407,0,0,,,,2,"[{""name"": ""水瓶"", ""m"": 1.99029, ""q"": 0.0051, ""c"": 0.8403, ""capture"": 0.006, ""share"": 0.606, ""miss_deg"": 3.19, ""labels"": [30]}, {""name"": ""球R"", ""m"": 1.29405, ""q"": 0.0033, ""c"": 0.2062, ""capture"": 0.016, ""share"": 0.394, ""miss_deg"": 2.87, ""labels"": [263]}]"
2026_08_25/u3,u3,v9,walking,mass10,79.41,79.71,0.3,2.729,球R,263,0.562,0.0132,0.059,0.559,0.562,0.977,物品台,389.6407,0,0,9,球L,0,3,"[{""name"": ""球R"", ""m"": 5.13076, ""q"": 0.0132, ""c"": 0.2228, ""capture"": 0.059, ""share"": 0.562, ""miss_deg"": 2.38, ""labels"": [263]}, {""name"": ""球M"", ""m"": 2.88115, ""q"": 0.0074, ""c"": 0.2228, ""capture"": 0.033, ""share"": 0.316, ""miss_deg"": 2.61, ""labels"": [261]}, {""name"": ""水瓶"", ""m"": 1.1095, ""q"": 0.0028, ""c"": 0.87, ""capture"": 0.003, ""share"": 0.122, ""miss_deg"": 3.38, ""labels"": [30]}]"
2026_08_25/u3,u3,v9,walking,mass10,79.86,80.11,0.25,2.66,球M,261,0.739,0.1085,0.487,0.076,0.306,0.853,物品台,389.6407,1,1,9,球L,0,5,"[{""name"": ""球M"", ""m"": 42.25999, ""q"": 0.1085, ""c"": 0.2228, ""capture"": 0.487, ""share"": 0.739, ""miss_deg"": 1.2, ""labels"": [261]}, {""name"": ""水瓶"", ""m"": 12.92349, ""q"": 0.0332, ""c"": 0.892, ""capture"": 0.037, ""share"": 0.226, ""miss_deg"": 2.57, ""labels"": [30]}, {""name"": ""球L"", ""m"": 1.86568, ""q"": 0.0048, ""c"": 0.2309, ""capture"": 0.021, ""share"": 0.033, ""miss_deg"": 2.78, ""labels"": [259]}, {""name"": ""白杯1"", ""m"": 0.08876, ""q"": 0.0002, ""c"": 0.449, ""capture"": 0.001, ""share"": 0.002, ""miss_deg"": 3.9, ""labels"": [266]}, {""name"": ""苹果红"", ""m"": 0.03619, ""q"": 0.0001, ""c"": 0.3157, ""capture"": 0.0, ""share"": 0.001, ""miss_deg"": 4.03, ""labels"": [260]}]"
2026_08_25/u3,u3,v9,walking,mass10,80.16,80.51,0.35,2.741,苹果粉,64,0.419,0.0819,0.205,1.546,0.862,0.805,物品台,389.6407,0,0,9,球L,0,5,"[{""name"": ""苹果粉"", ""m"": 31.90363, ""q"": 0.0819, ""c"": 0.3986, ""capture"": 0.205, ""share"": 0.419, ""miss_deg"": 1.78, ""labels"": [64]}, {""name"": ""球L"", ""m"": 27.49796, ""q"": 0.0706, ""c"": 0.2228, ""capture"": 0.317, ""share"": 0.361, ""miss_deg"": 1.52, ""labels"": [259]}, {""name"": ""苹果红"", ""m"": 8.95813, ""q"": 0.023, ""c"": 0.3009, ""capture"": 0.076, ""share"": 0.118, ""miss_deg"": 2.27, ""labels"": [260]}, {""name"": ""橘子"", ""m"": 5.24187, ""q"": 0.0135, ""c"": 0.2704, ""capture"": 0.05, ""share"": 0.069, ""miss_deg"": 2.45, ""labels"": [262]}, {""name"": ""水瓶"", ""m"": 2.53379, ""q"": 0.0065, ""c"": 0.87, ""capture"": 0.007, ""share"": 0.033, ""miss_deg"": 3.13, ""labels"": [30]}]"
2026_08_25/u3,u3,v9,walking,mass10,80.56,81.06,0.5,2.613,球L,259,0.952,0.0322,0.139,0.007,0.032,0.966,物品台,389.6407,0,0,9,球L,1,3,"[{""name"": ""球L"", ""m"": 12.54986, ""q"": 0.0322, ""c"": 0.2309, ""capture"": 0.139, ""share"": 0.952, ""miss_deg"": 1.98, ""labels"": [259]}, {""name"": ""水瓶"", ""m"": 0.39482, ""q"": 0.001, ""c"": 0.9069, ""capture"": 0.001, ""share"": 0.03, ""miss_deg"": 3.69, ""labels"": [30]}, {""name"": ""苹果粉"", ""m"": 0.24327, ""q"": 0.0006, ""c"": 0.4305, ""capture"": 0.001, ""share"": 0.018, ""miss_deg"": 3.62, ""labels"": [64]}]"
2026_08_25/u3,u3,v9,walking,mass10,81.56,83.46,1.9,2.709,球L,259,0.804,0.066,0.296,0.118,0.21,0.918,物品台,389.6407,1,1,9,球L,1,4,"[{""name"": ""球L"", ""m"": 25.72637, ""q"": 0.066, ""c"": 0.2228, ""capture"": 0.296, ""share"": 0.804, ""miss_deg"": 1.56, ""labels"": [259]}, {""name"": ""苹果粉"", ""m"": 5.40975, ""q"": 0.0139, ""c"": 0.3986, ""capture"": 0.035, ""share"": 0.169, ""miss_deg"": 2.59, ""labels"": [64]}, {""name"": ""水瓶"", ""m"": 0.68119, ""q"": 0.0017, ""c"": 0.8741, ""capture"": 0.002, ""share"": 0.021, ""miss_deg"": 3.53, ""labels"": [30]}, {""name"": ""苹果红"", ""m"": 0.16215, ""q"": 0.0004, ""c"": 0.3009, ""capture"": 0.001, ""share"": 0.005, ""miss_deg"": 3.63, ""labels"": [260]}]"
2026_08_25/u3,u3,v9,walking,mass10,83.51,83.86,0.35,2.631,球L,259,0.95,0.0682,0.295,0.007,0.031,0.928,物品台,389.6407,1,1,9,球L,1,4,"[{""name"": ""球L"", ""m"": 26.58421, ""q"": 0.0682, ""c"": 0.2309, ""capture"": 0.295, ""share"": 0.95, ""miss_deg"": 1.56, ""labels"": [259]}, {""name"": ""水瓶"", ""m"": 0.8207, ""q"": 0.0021, ""c"": 0.8958, ""capture"": 0.002, ""share"": 0.029, ""miss_deg"": 3.48, ""labels"": [30]}, {""name"": ""苹果红"", ""m"": 0.42327, ""q"": 0.0011, ""c"": 0.3157, ""capture"": 0.003, ""share"": 0.015, ""miss_deg"": 3.37, ""labels"": [260]}, {""name"": ""苹果粉"", ""m"": 0.15897, ""q"": 0.0004, ""c"": 0.4305, ""capture"": 0.001, ""share"": 0.006, ""miss_deg"": 3.73, ""labels"": [64]}]"
2026_08_25/u3,u3,v9,walking,mass10,83.91,84.66,0.75,2.798,球L,259,0.766,0.1802,0.809,0.091,0.158,0.765,物品台,389.6407,1,1,9,球L,1,4,"[{""name"": ""球L"", ""m"": 70.21947, ""q"": 0.1802, ""c"": 0.2228, ""capture"": 0.809, ""share"": 0.766, ""miss_deg"": 0.65, ""labels"": [259]}, {""name"": ""苹果粉"", ""m"": 11.11527, ""q"": 0.0285, ""c"": 0.3855, ""capture"": 0.074, ""share"": 0.121, ""miss_deg"": 2.28, ""labels"": [64]}, {""name"": ""苹果红"", ""m"": 7.94561, ""q"": 0.0204, ""c"": 0.2857, ""capture"": 0.071, ""share"": 0.087, ""miss_deg"": 2.3, ""labels"": [260]}, {""name"": ""水瓶"", ""m"": 2.39505, ""q"": 0.0061, ""c"": 0.8521, ""capture"": 0.007, ""share"": 0.026, ""miss_deg"": 3.14, ""labels"": [30]}]"
2026_08_25/u3,u3,v9,walking,mass10,84.71,85.21,0.5,2.639,球L,259,0.956,0.0569,0.246,0.008,0.032,0.94,物品台,389.6407,1,1,,,,3,"[{""name"": ""球L"", ""m"": 22.16354, ""q"": 0.0569, ""c"": 0.2309, ""capture"": 0.246, ""share"": 0.956, ""miss_deg"": 1.67, ""labels"": [259]}, {""name"": ""水瓶"", ""m"": 0.71299, ""q"": 0.0018, ""c"": 0.8958, ""capture"": 0.002, ""share"": 0.031, ""miss_deg"": 3.52, ""labels"": [30]}, {""name"": ""苹果红"", ""m"": 0.31299, ""q"": 0.0008, ""c"": 0.3157, ""capture"": 0.003, ""share"": 0.013, ""miss_deg"": 3.46, ""labels"": [260]}]"
2026_08_25/u3,u3,v9,walking,mass10,85.31,86.96,1.65,2.59,球L,259,0.787,0.0798,0.323,0.028,0.107,0.899,物品台,389.6407,1,1,,,,5,"[{""name"": ""球L"", ""m"": 31.10287, ""q"": 0.0798, ""c"": 0.2469, ""capture"": 0.323, ""share"": 0.787, ""miss_deg"": 1.5, ""labels"": [259]}, {""name"": ""水瓶"", ""m"": 3.31214, ""q"": 0.0085, ""c"": 0.9069, ""capture"": 0.009, ""share"": 0.084, ""miss_deg"": 3.06, ""labels"": [30]}, {""name"": ""苹果红"", ""m"": 2.68833, ""q"": 0.0069, ""c"": 0.3157, ""capture"": 0.022, ""share"": 0.068, ""miss_deg"": 2.77, ""labels"": [260]}, {""name"": ""球M"", ""m"": 2.3763, ""q"": 0.0061, ""c"": 0.2309, ""capture"": 0.026, ""share"": 0.06, ""miss_deg"": 2.7, ""labels"": [261]}, {""name"": ""苹果粉"", ""m"": 0.06598, ""q"": 0.0002, ""c"": 0.4429, ""capture"": 0.0, ""share"": 0.002, ""miss_deg"": 3.97, ""labels"": [64]}]"
2026_08_25/u3,u3,v9,walking,mass10,87.37,87.97,0.6,2.6,球R,263,0.828,0.1095,0.474,0.036,0.144,0.868,物品台,389.6407,1,1,10,球R,1,4,"[{""name"": ""球R"", ""m"": 42.68022, ""q"": 0.1095, ""c"": 0.2309, ""capture"": 0.474, ""share"": 0.828, ""miss_deg"": 1.22, ""labels"": [263]}, {""name"": ""水瓶"", ""m"": 6.11619, ""q"": 0.0157, ""c"": 0.9069, ""capture"": 0.017, ""share"": 0.119, ""miss_deg"": 2.85, ""labels"": [30]}, {""name"": ""白杯1"", ""m"": 1.54714, ""q"": 0.004, ""c"": 0.4729, ""capture"": 0.008, ""share"": 0.03, ""miss_deg"": 3.09, ""labels"": [266]}, {""name"": ""白杯2"", ""m"": 1.17915, ""q"": 0.003, ""c"": 0.3986, ""capture"": 0.008, ""share"": 0.023, ""miss_deg"": 3.12, ""labels"": [267]}]"
2026_08_25/u3,u3,v9,walking,mass10,88.07,88.97,0.9,2.61,球R,263,0.751,0.0688,0.298,0.07,0.273,0.908,物品台,389.6407,1,1,10,球R,1,4,"[{""name"": ""球R"", ""m"": 26.82006, ""q"": 0.0688, ""c"": 0.2309, ""capture"": 0.298, ""share"": 0.751, ""miss_deg"": 1.56, ""labels"": [263]}, {""name"": ""水瓶"", ""m"": 7.3309, ""q"": 0.0188, ""c"": 0.9069, ""capture"": 0.021, ""share"": 0.205, ""miss_deg"": 2.78, ""labels"": [30]}, {""name"": ""白杯1"", ""m"": 1.28454, ""q"": 0.0033, ""c"": 0.4729, ""capture"": 0.007, ""share"": 0.036, ""miss_deg"": 3.15, ""labels"": [266]}, {""name"": ""白杯2"", ""m"": 0.29257, ""q"": 0.0008, ""c"": 0.3986, ""capture"": 0.002, ""share"": 0.008, ""miss_deg"": 3.54, ""labels"": [267]}]"
2026_08_25/u3,u3,v9,walking,mass10,89.17,89.47,0.3,2.672,水瓶,30,1.0,0.0003,0.0,0.0,0.0,1.0,object#106,389.6407,0,0,10,球R,0,1,"[{""name"": ""水瓶"", ""m"": 0.10557, ""q"": 0.0003, ""c"": 0.8822, ""capture"": 0.0, ""share"": 1.0, ""miss_deg"": 4.02, ""labels"": [30]}]"
2026_08_25/u3,u3,v9,walking,mass10,90.33,91.25,0.92,1.98,球R,263,0.676,0.047,0.122,0.189,0.479,0.93,物品台,389.6407,0,0,10,球R,1,2,"[{""name"": ""球R"", ""m"": 18.3308, ""q"": 0.047, ""c"": 0.3855, ""capture"": 0.122, ""share"": 0.676, ""miss_deg"": 2.05, ""labels"": [263]}, {""name"": ""水瓶"", ""m"": 8.77291, ""q"": 0.0225, ""c"": 0.9962, ""capture"": 0.023, ""share"": 0.324, ""miss_deg"": 2.75, ""labels"": [30]}]"
2026_08_25/u3,u3,v9,walking,mass10,91.3,92.33,1.03,1.838,球R,263,0.89,0.1914,0.445,0.034,0.08,0.785,物品台,389.6407,1,1,,,,3,"[{""name"": ""球R"", ""m"": 74.58834, ""q"": 0.1914, ""c"": 0.4305, ""capture"": 0.445, ""share"": 0.89, ""miss_deg"": 1.27, ""labels"": [263]}, {""name"": ""水瓶"", ""m"": 5.98361, ""q"": 0.0154, ""c"": 0.9992, ""capture"": 0.015, ""share"": 0.071, ""miss_deg"": 2.89, ""labels"": [30]}, {""name"": ""白杯1"", ""m"": 3.21172, ""q"": 0.0082, ""c"": 0.741, ""capture"": 0.011, ""share"": 0.038, ""miss_deg"": 3.0, ""labels"": [266]}]"
2026_08_25/u3,u3,v9,walking,mass10,92.98,93.47,0.49,1.946,球L,259,0.971,0.1931,0.484,0.01,0.026,0.801,物品台,389.6407,1,1,11,球L,1,4,"[{""name"": ""球L"", ""m"": 75.23634, ""q"": 0.1931, ""c"": 0.3986, ""capture"": 0.484, ""share"": 0.971, ""miss_deg"": 1.2, ""labels"": [259]}, {""name"": ""水瓶"", ""m"": 1.93776, ""q"": 0.005, ""c"": 0.9971, ""capture"": 0.005, ""share"": 0.025, ""miss_deg"": 3.26, ""labels"": [30]}, {""name"": ""苹果红"", ""m"": 0.25821, ""q"": 0.0007, ""c"": 0.5012, ""capture"": 0.001, ""share"": 0.003, ""miss_deg"": 3.64, ""labels"": [260]}, {""name"": ""苹果粉"", ""m"": 0.053, ""q"": 0.0001, ""c"": 0.6428, ""capture"": 0.0, ""share"": 0.001, ""miss_deg"": 4.11, ""labels"": [64]}]"
2026_08_25/u3,u3,v9,walking,mass10,93.79,95.41,1.62,2.229,球L,259,0.965,0.0788,0.25,0.012,0.036,0.918,物品台,389.6407,1,1,11,球L,1,3,"[{""name"": ""球L"", ""m"": 30.69195, ""q"": 0.0788, ""c"": 0.3157, ""capture"": 0.25, ""share"": 0.965, ""miss_deg"": 1.67, ""labels"": [259]}, {""name"": ""水瓶"", ""m"": 1.10415, ""q"": 0.0028, ""c"": 0.9801, ""capture"": 0.003, ""share"": 0.035, ""miss_deg"": 3.42, ""labels"": [30]}, {""name"": ""苹果粉"", ""m"": 0.02331, ""q"": 0.0001, ""c"": 0.5444, ""capture"": 0.0, ""share"": 0.001, ""miss_deg"": 4.27, ""labels"": [64]}]"
2026_08_25/u3,u3,v9,walking,mass10,95.52,96.06,0.54,2.74,球L,259,0.965,0.0047,0.021,0.0,0.036,0.995,物品台,389.6407,0,0,11,球L,1,2,"[{""name"": ""球L"", ""m"": 1.83996, ""q"": 0.0047, ""c"": 0.2228, ""capture"": 0.021, ""share"": 0.965, ""miss_deg"": 2.78, ""labels"": [259]}, {""name"": ""水瓶"", ""m"": 0.06598, ""q"": 0.0002, ""c"": 0.87, ""capture"": 0.0, ""share"": 0.035, ""miss_deg"": 4.13, ""labels"": [30]}]"
2026_08_25/u3,u3,v9,walking,mass10,96.33,97.52,1.19,2.975,球L,259,0.901,0.1262,0.612,0.029,0.048,0.86,物品台,389.6407,1,1,11,球L,1,5,"[{""name"": ""球L"", ""m"": 49.1876, ""q"": 0.1262, ""c"": 0.2062, ""capture"": 0.612, ""share"": 0.901, ""miss_deg"": 0.99, ""labels"": [259]}, {""name"": ""苹果粉"", ""m"": 2.36094, ""q"": 0.0061, ""c"": 0.3441, ""capture"": 0.018, ""share"": 0.043, ""miss_deg"": 2.84, ""labels"": [64]}, {""name"": ""水瓶"", ""m"": 1.72483, ""q"": 0.0044, ""c"": 0.8126, ""capture"": 0.005, ""share"": 0.032, ""miss_deg"": 3.23, ""labels"": [30]}, {""name"": ""苹果红"", ""m"": 1.06452, ""q"": 0.0027, ""c"": 0.2548, ""capture"": 0.011, ""share"": 0.019, ""miss_deg"": 3.01, ""labels"": [260]}, {""name"": ""橘子"", ""m"": 0.26242, ""q"": 0.0007, ""c"": 0.2309, ""capture"": 0.003, ""share"": 0.005, ""miss_deg"": 3.42, ""labels"": [262]}]"
2026_08_25/u3,u3,v9,walking,mass10,100.3,101.44,1.14,2.901,球M,261,0.397,0.134,0.708,0.205,0.892,0.663,物品台,389.6407,0,0,12,球M,1,5,"[{""name"": ""球M"", ""m"": 52.22256, ""q"": 0.134, ""c"": 0.1892, ""capture"": 0.708, ""share"": 0.397, ""miss_deg"": 0.83, ""labels"": [261]}, {""name"": ""水瓶"", ""m"": 46.52908, ""q"": 0.1194, ""c"": 0.8232, ""capture"": 0.145, ""share"": 0.354, ""miss_deg"": 1.96, ""labels"": [30]}, {""name"": ""球L"", ""m"": 19.07957, ""q"": 0.049, ""c"": 0.2062, ""capture"": 0.237, ""share"": 0.145, ""miss_deg"": 1.7, ""labels"": [259]}, {""name"": ""香蕉"", ""m"": 9.02421, ""q"": 0.0232, ""c"": 0.9393, ""capture"": 0.025, ""share"": 0.069, ""miss_deg"": 2.72, ""labels"": [264]}, {""name"": ""苹果红"", ""m"": 4.55268, ""q"": 0.0117, ""c"": 0.2704, ""capture"": 0.043, ""share"": 0.035, ""miss_deg"": 2.51, ""labels"": [260]}]"
2026_08_25/u3,u3,v9,walking,mass10,102.25,103.06,0.81,2.62,球M,261,0.439,0.1582,0.71,0.19,0.772,0.64,物品台,389.6407,0,0,12,球M,1,5,"[{""name"": ""球M"", ""m"": 61.65497, ""q"": 0.1582, ""c"": 0.2228, ""capture"": 0.71, ""share"": 0.439, ""miss_deg"": 0.83, ""labels"": [261]}, {""name"": ""水瓶"", ""m"": 47.63824, ""q"": 0.1223, ""c"": 0.9032, ""capture"": 0.135, ""share"": 0.339, ""miss_deg"": 2.0, ""labels"": [30]}, {""name"": ""球L"", ""m"": 13.57244, ""q"": 0.0348, ""c"": 0.2309, ""capture"": 0.151, ""share"": 0.097, ""miss_deg"": 1.94, ""labels"": [259]}, {""name"": ""苹果红"", ""m"": 10.61781, ""q"": 0.0273, ""c"": 0.3157, ""capture"": 0.086, ""share"": 0.076, ""miss_deg"": 2.21, ""labels"": [260]}, {""name"": ""香蕉"", ""m"": 6.88975, ""q"": 0.0177, ""c"": 0.9801, ""capture"": 0.018, ""share"": 0.049, ""miss_deg"": 2.83, ""labels"": [264]}]"
2026_08_25/u3,u3,v9,walking,mass10,103.55,104.74,1.19,2.29,球M,261,0.863,0.1606,0.534,0.049,0.158,0.814,物品台,389.6407,1,1,12,球M,1,3,"[{""name"": ""球M"", ""m"": 62.58367, ""q"": 0.1606, ""c"": 0.3009, ""capture"": 0.534, ""share"": 0.863, ""miss_deg"": 1.12, ""labels"": [261]}, {""name"": ""水瓶"", ""m"": 9.90105, ""q"": 0.0254, ""c"": 0.9719, ""capture"": 0.026, ""share"": 0.136, ""miss_deg"": 2.7, ""labels"": [30]}, {""name"": ""苹果红"", ""m"": 0.05258, ""q"": 0.0001, ""c"": 0.3855, ""capture"": 0.0, ""share"": 0.001, ""miss_deg"": 3.99, ""labels"": [260]}]"
2026_08_25/u3,u3,v9,walking,mass10,104.79,105.28,0.49,2.219,球M,261,0.927,0.1595,0.53,0.025,0.079,0.828,物品台,389.6407,1,1,12,球M,1,2,"[{""name"": ""球M"", ""m"": 62.13886, ""q"": 0.1595, ""c"": 0.3009, ""capture"": 0.53, ""share"": 0.927, ""miss_deg"": 1.13, ""labels"": [261]}, {""name"": ""水瓶"", ""m"": 4.89135, ""q"": 0.0126, ""c"": 0.9819, ""capture"": 0.013, ""share"": 0.073, ""miss_deg"": 2.95, ""labels"": [30]}]"
2026_08_25/u3,u3,v9,walking,mass10,105.33,106.25,0.92,2.279,球M,261,0.792,0.3372,1.121,0.075,0.242,0.574,物品台,389.6407,1,1,,,,4,"[{""name"": ""球M"", ""m"": 131.39749, ""q"": 0.3372, ""c"": 0.3009, ""capture"": 1.121, ""share"": 0.792, ""miss_deg"": 0.0, ""labels"": [261]}, {""name"": ""水瓶"", ""m"": 31.88578, ""q"": 0.0818, ""c"": 0.974, ""capture"": 0.084, ""share"": 0.192, ""miss_deg"": 2.23, ""labels"": [30]}, {""name"": ""香蕉"", ""m"": 2.28877, ""q"": 0.0059, ""c"": 0.998, ""capture"": 0.006, ""share"": 0.014, ""miss_deg"": 3.2, ""labels"": [264]}, {""name"": ""苹果红"", ""m"": 0.24428, ""q"": 0.0006, ""c"": 0.3986, ""capture"": 0.002, ""share"": 0.001, ""miss_deg"": 3.59, ""labels"": [260]}]"
2026_08_25/u3,u3,v9,walking,mass10,107.17,107.44,0.27,2.258,球R,263,0.782,0.1747,0.58,0.09,0.17,0.777,物品台,389.6407,1,1,13,球R,1,4,"[{""name"": ""球R"", ""m"": 68.05182, ""q"": 0.1747, ""c"": 0.3009, ""capture"": 0.58, ""share"": 0.782, ""miss_deg"": 1.04, ""labels"": [263]}, {""name"": ""白杯1"", ""m"": 11.53713, ""q"": 0.0296, ""c"": 0.5743, ""capture"": 0.052, ""share"": 0.133, ""miss_deg"": 2.44, ""labels"": [266]}, {""name"": ""水瓶"", ""m"": 7.26489, ""q"": 0.0186, ""c"": 0.9761, ""capture"": 0.019, ""share"": 0.084, ""miss_deg"": 2.81, ""labels"": [30]}, {""name"": ""香蕉"", ""m"": 0.13288, ""q"": 0.0003, ""c"": 0.998, ""capture"": 0.0, ""share"": 0.002, ""miss_deg"": 4.0, ""labels"": [264]}]"
2026_08_25/u3,u3,v9,walking,mass10,107.61,107.88,0.27,2.322,球M,261,0.838,0.232,0.812,0.036,0.119,0.723,物品台,389.6407,1,1,13,球R,0,4,"[{""name"": ""球M"", ""m"": 90.38827, ""q"": 0.232, ""c"": 0.2857, ""capture"": 0.812, ""share"": 0.838, ""miss_deg"": 0.65, ""labels"": [261]}, {""name"": ""水瓶"", ""m"": 10.83426, ""q"": 0.0278, ""c"": 0.9697, ""capture"": 0.029, ""share"": 0.1, ""miss_deg"": 2.67, ""labels"": [30]}, {""name"": ""香蕉"", ""m"": 5.0956, ""q"": 0.0131, ""c"": 0.9962, ""capture"": 0.013, ""share"": 0.047, ""miss_deg"": 2.94, ""labels"": [264]}, {""name"": ""白杯1"", ""m"": 1.58235, ""q"": 0.0041, ""c"": 0.5444, ""capture"": 0.007, ""share"": 0.015, ""miss_deg"": 3.13, ""labels"": [266]}]"
2026_08_25/u3,u3,v9,walking,mass10,109.17,111.01,1.84,3.096,白杯1,266,0.365,0.1271,0.342,1.921,0.844,0.651,物品台,389.6407,0,0,13,球R,0,6,"[{""name"": ""白杯1"", ""m"": 49.52427, ""q"": 0.1271, ""c"": 0.3721, ""capture"": 0.342, ""share"": 0.365, ""miss_deg"": 1.47, ""labels"": [266]}, {""name"": ""球M"", ""m"": 41.86083, ""q"": 0.1074, ""c"": 0.1636, ""capture"": 0.657, ""share"": 0.308, ""miss_deg"": 0.92, ""labels"": [261]}, {""name"": ""球R"", ""m"": 16.74961, ""q"": 0.043, ""c"": 0.1636, ""capture"": 0.263, ""share"": 0.123, ""miss_deg"": 1.64, ""labels"": [263]}, {""name"": ""香蕉"", ""m"": 13.96212, ""q"": 0.0358, ""c"": 0.8995, ""capture"": 0.04, ""share"": 0.103, ""miss_deg"": 2.54, ""labels"": [264]}, {""name"": ""水瓶"", ""m"": 10.60557, ""q"": 0.0272, ""c"": 0.7697, ""capture"": 0.035, ""share"": 0.078, ""miss_deg"": 2.59, ""labels"": [30]}, {""name"": ""红杯"", ""m"": 3.10092, ""q"": 0.008, ""c"": 0.5444, ""capture"": 0.015, ""share"": 0.023, ""miss_deg"": 2.91, ""labels"": [49]}]"
2026_08_25/u3,u3,v9,walking,mass10,111.44,112.42,0.97,3.294,球M,261,0.487,0.0927,0.636,0.23,0.495,0.81,物品台,389.6407,1,0,13,球R,0,6,"[{""name"": ""球M"", ""m"": 36.13536, ""q"": 0.0927, ""c"": 0.1459, ""capture"": 0.636, ""share"": 0.487, ""miss_deg"": 0.95, ""labels"": [261]}, {""name"": ""白杯1"", ""m"": 17.90733, ""q"": 0.046, ""c"": 0.3157, ""capture"": 0.146, ""share"": 0.241, ""miss_deg"": 1.96, ""labels"": [266]}, {""name"": ""球R"", ""m"": 7.70064, ""q"": 0.0198, ""c"": 0.1636, ""capture"": 0.121, ""share"": 0.104, ""miss_deg"": 2.06, ""labels"": [263]}, {""name"": ""水瓶"", ""m"": 6.5129, ""q"": 0.0167, ""c"": 0.7272, ""capture"": 0.023, ""share"": 0.088, ""miss_deg"": 2.75, ""labels"": [30]}, {""name"": ""香蕉"", ""m"": 5.36678, ""q"": 0.0138, ""c"": 0.8521, ""capture"": 0.016, ""share"": 0.072, ""miss_deg"": 2.87, ""labels"": [264]}, {""name"": ""红杯"", ""m"": 0.56619, ""q"": 0.0015, ""c"": 0.4843, ""capture"": 0.003, ""share"": 0.008, ""miss_deg"": 3.41, ""labels"": [49]}]"
2026_08_25/u3,u3,v9,walking,mass10,112.58,113.23,0.65,3.289,球M,261,0.575,0.1047,0.64,0.162,0.311,0.818,物品台,389.6407,1,1,,,,6,"[{""name"": ""球M"", ""m"": 40.79411, ""q"": 0.1047, ""c"": 0.1636, ""capture"": 0.64, ""share"": 0.575, ""miss_deg"": 0.94, ""labels"": [261]}, {""name"": ""白杯1"", ""m"": 12.73069, ""q"": 0.0327, ""c"": 0.3157, ""capture"": 0.104, ""share"": 0.179, ""miss_deg"": 2.13, ""labels"": [266]}, {""name"": ""水瓶"", ""m"": 9.17711, ""q"": 0.0236, ""c"": 0.7341, ""capture"": 0.032, ""share"": 0.129, ""miss_deg"": 2.62, ""labels"": [30]}, {""name"": ""香蕉"", ""m"": 4.61978, ""q"": 0.0119, ""c"": 0.8612, ""capture"": 0.014, ""share"": 0.065, ""miss_deg"": 2.93, ""labels"": [264]}, {""name"": ""球R"", ""m"": 3.38947, ""q"": 0.0087, ""c"": 0.1636, ""capture"": 0.053, ""share"": 0.048, ""miss_deg"": 2.42, ""labels"": [263]}, {""name"": ""红杯"", ""m"": 0.23371, ""q"": 0.0006, ""c"": 0.4843, ""capture"": 0.001, ""share"": 0.003, ""miss_deg"": 3.66, ""labels"": [49]}]"
2026_08_25/u3,u3,v9,walking,mass10,113.72,114.36,0.65,3.241,球L,259,0.79,0.027,0.165,0.115,0.21,0.966,物品台,389.6407,0,0,14,球L,1,3,"[{""name"": ""球L"", ""m"": 10.51142, ""q"": 0.027, ""c"": 0.1636, ""capture"": 0.165, ""share"": 0.79, ""miss_deg"": 1.9, ""labels"": [259]}, {""name"": ""苹果粉"", ""m"": 2.21132, ""q"": 0.0057, ""c"": 0.3009, ""capture"": 0.019, ""share"": 0.166, ""miss_deg"": 2.82, ""labels"": [64]}, {""name"": ""水瓶"", ""m"": 0.58384, ""q"": 0.0015, ""c"": 0.741, ""capture"": 0.002, ""share"": 0.044, ""miss_deg"": 3.52, ""labels"": [30]}]"
2026_08_25/u3,u3,v9,walking,mass10,114.42,117.55,3.14,3.097,球L,259,0.798,0.0074,0.045,0.022,0.142,0.991,物品台,389.6407,0,0,14,球L,1,3,"[{""name"": ""球L"", ""m"": 2.89949, ""q"": 0.0074, ""c"": 0.1636, ""capture"": 0.045, ""share"": 0.798, ""miss_deg"": 2.49, ""labels"": [259]}, {""name"": ""水瓶"", ""m"": 0.40921, ""q"": 0.0011, ""c"": 0.7697, ""capture"": 0.001, ""share"": 0.113, ""miss_deg"": 3.63, ""labels"": [30]}, {""name"": ""苹果粉"", ""m"": 0.32515, ""q"": 0.0008, ""c"": 0.3157, ""capture"": 0.003, ""share"": 0.089, ""miss_deg"": 3.45, ""labels"": [64]}]"
2026_08_25/u3,u3,v9,walking,mass10,117.61,119.07,1.46,2.908,球L,259,0.857,0.0734,0.356,0.067,0.125,0.914,物品台,389.6407,1,1,14,球L,1,4,"[{""name"": ""球L"", ""m"": 28.58756, ""q"": 0.0734, ""c"": 0.2062, ""capture"": 0.356, ""share"": 0.857, ""miss_deg"": 1.44, ""labels"": [259]}, {""name"": ""苹果粉"", ""m"": 3.55115, ""q"": 0.0091, ""c"": 0.3721, ""capture"": 0.024, ""share"": 0.107, ""miss_deg"": 2.72, ""labels"": [64]}, {""name"": ""苹果红"", ""m"": 0.84972, ""q"": 0.0022, ""c"": 0.2704, ""capture"": 0.008, ""share"": 0.025, ""miss_deg"": 3.1, ""labels"": [260]}, {""name"": ""水瓶"", ""m"": 0.35382, ""q"": 0.0009, ""c"": 0.8232, ""capture"": 0.001, ""share"": 0.011, ""miss_deg"": 3.69, ""labels"": [30]}]"
2026_08_25/u3,u3,v9,walking,mass10,121.08,121.62,0.54,2.68,球M,261,0.614,0.2156,0.968,0.106,0.423,0.649,物品台,389.6407,1,1,15,球M,1,6,"[{""name"": ""球M"", ""m"": 83.98946, ""q"": 0.2156, ""c"": 0.2228, ""capture"": 0.968, ""share"": 0.614, ""miss_deg"": 0.26, ""labels"": [261]}, {""name"": ""水瓶"", ""m"": 35.5079, ""q"": 0.0911, ""c"": 0.8822, ""capture"": 0.103, ""share"": 0.26, ""miss_deg"": 2.13, ""labels"": [30]}, {""name"": ""苹果红"", ""m"": 7.34589, ""q"": 0.0189, ""c"": 0.3009, ""capture"": 0.063, ""share"": 0.054, ""miss_deg"": 2.35, ""labels"": [260]}, {""name"": ""香蕉"", ""m"": 5.5693, ""q"": 0.0143, ""c"": 0.974, ""capture"": 0.015, ""share"": 0.041, ""miss_deg"": 2.91, ""labels"": [264]}, {""name"": ""球L"", ""m"": 4.28422, ""q"": 0.011, ""c"": 0.2309, ""capture"": 0.048, ""share"": 0.031, ""miss_deg"": 2.47, ""labels"": [259]}, {""name"": ""橘子"", ""m"": 0.11965, ""q"": 0.0003, ""c"": 0.2857, ""capture"": 0.001, ""share"": 0.001, ""miss_deg"": 3.7, ""labels"": [262]}]"
2026_08_25/u3,u3,v9,walking,mass10,121.68,122.27,0.59,2.367,球M,261,0.851,0.0798,0.295,0.047,0.174,0.906,物品台,389.6407,1,1,15,球M,1,3,"[{""name"": ""球M"", ""m"": 31.10476, ""q"": 0.0798, ""c"": 0.2704, ""capture"": 0.295, ""share"": 0.851, ""miss_deg"": 1.56, ""labels"": [261]}, {""name"": ""水瓶"", ""m"": 5.39166, ""q"": 0.0138, ""c"": 0.9588, ""capture"": 0.014, ""share"": 0.148, ""miss_deg"": 2.91, ""labels"": [30]}, {""name"": ""球L"", ""m"": 0.05299, ""q"": 0.0001, ""c"": 0.3009, ""capture"": 0.0, ""share"": 0.001, ""miss_deg"": 3.92, ""labels"": [259]}]"
2026_08_25/u3,u3,v9,walking,mass10,122.49,122.98,0.49,2.072,球M,261,0.936,0.1471,0.427,0.023,0.068,0.843,物品台,389.6407,1,1,15,球M,1,2,"[{""name"": ""球M"", ""m"": 57.32043, ""q"": 0.1471, ""c"": 0.3441, ""capture"": 0.427, ""share"": 0.936, ""miss_deg"": 1.3, ""labels"": [261]}, {""name"": ""水瓶"", ""m"": 3.93692, ""q"": 0.0101, ""c"": 0.9921, ""capture"": 0.01, ""share"": 0.064, ""miss_deg"": 3.03, ""labels"": [30]}]"
2026_08_25/u3,u3,v9,walking,mass10,123.03,123.41,0.38,1.967,球M,261,0.867,0.3587,0.964,0.057,0.153,0.586,物品台,389.6407,1,1,15,球M,1,2,"[{""name"": ""球M"", ""m"": 139.75196, ""q"": 0.3587, ""c"": 0.3721, ""capture"": 0.964, ""share"": 0.867, ""miss_deg"": 0.27, ""labels"": [261]}, {""name"": ""水瓶"", ""m"": 21.43901, ""q"": 0.055, ""c"": 0.9962, ""capture"": 0.055, ""share"": 0.133, ""miss_deg"": 2.41, ""labels"": [30]}]"
2026_08_25/u3,u3,v9,walking,mass10,123.46,123.73,0.27,1.814,球M,261,0.903,0.113,0.262,0.046,0.107,0.875,物品台,389.6407,1,1,15,球M,1,2,"[{""name"": ""球M"", ""m"": 44.02703, ""q"": 0.113, ""c"": 0.4305, ""capture"": 0.262, ""share"": 0.903, ""miss_deg"": 1.64, ""labels"": [261]}, {""name"": ""水瓶"", ""m"": 4.7558, ""q"": 0.0122, ""c"": 0.9998, ""capture"": 0.012, ""share"": 0.097, ""miss_deg"": 2.97, ""labels"": [30]}]"
2026_08_25/u3,u3,v9,walking,mass10,123.79,125.03,1.24,1.642,球M,261,0.826,0.3777,0.78,0.101,0.211,0.543,物品台,389.6407,1,1,15,球M,1,2,"[{""name"": ""球M"", ""m"": 147.17035, ""q"": 0.3777, ""c"": 0.4843, ""capture"": 0.78, ""share"": 0.826, ""miss_deg"": 0.71, ""labels"": [261]}, {""name"": ""水瓶"", ""m"": 30.91072, ""q"": 0.0793, ""c"": 1.0, ""capture"": 0.079, ""share"": 0.174, ""miss_deg"": 2.25, ""labels"": [30]}]"
2026_08_25/u3,u3,v9,walking,mass10,125.19,125.73,0.54,1.312,球M,261,0.734,0.6139,0.92,0.241,0.362,0.164,物品台,389.6407,1,1,15,球M,1,2,"[{""name"": ""球M"", ""m"": 239.20568, ""q"": 0.6139, ""c"": 0.6676, ""capture"": 0.92, ""share"": 0.734, ""miss_deg"": 0.41, ""labels"": [261]}, {""name"": ""水瓶"", ""m"": 86.47954, ""q"": 0.2219, ""c"": 1.0, ""capture"": 0.222, ""share"": 0.266, ""miss_deg"": 1.74, ""labels"": [30]}]"
2026_08_25/u3,u3,v9,walking,mass10,127.05,127.59,0.54,1.632,,-1,0.0,0.0,,,,1.0,object#26,389.6407,0,0,,,,0,[]
2026_08_25/u3,u3,v9,walking,mass10,129.56,129.94,0.38,0.958,,-1,0.0,0.0,,,,1.0,object#65,389.6407,0,0,,,,0,[]
