rec,card,era,flags,cfg,t_start_rel,t_end_rel,dur_s,dist_m,object,object_label,share,q,capture,A_cap,A_share,p_none,surface,W,acc_live,acc_e2,window_k,target,correct,n_cands,candidates
2026_08_16/000,e1,v7,,cluster015,2.64,3.16,0.52,0.9,,-1,0.0,0.0,,,,1.0,object#20,,0,0,,,,0,[]
2026_08_16/000,e1,v7,,cluster015,6.97,7.24,0.27,1.559,,-1,0.0,0.0,,,,1.0,object#234,,0,0,,,,0,[]
2026_08_16/000,e1,v7,,cluster015,8.06,8.51,0.45,1.409,球L,320,0.593,0.05,0.106,0.736,0.686,0.916,object#10,,0,0,,,,2,"[{""name"": ""球L"", ""share"": 0.593, ""q"": 0.05, ""capture"": 0.106, ""miss_deg"": 3.18, ""labels"": [320]}, {""name"": ""球M"", ""share"": 0.407, ""q"": 0.034, ""capture"": 0.078, ""miss_deg"": 3.39, ""labels"": [321]}]"
2026_08_16/000,e1,v7,,cluster015,15.38,15.82,0.44,1.022,,-1,0.0,0.0,,,,1.0,object#35,,0,0,,,,0,[]
2026_08_16/000,e1,v7,,cluster015,15.98,16.38,0.4,0.667,,-1,0.0,0.0,,,,1.0,object#94,,0,0,,,,0,[]
2026_08_16/000,e1,v7,,cluster015,18.3,18.6,0.3,0.462,,-1,0.0,0.0,,,,1.0,object#67,,0,0,,,,0,[]
2026_08_16/000,e1,v7,,cluster015,24.82,25.15,0.33,0.962,,-1,0.0,0.0,,,,1.0,object#20,,0,0,,,,0,[]
2026_08_16/000,e1,v7,,cluster015,25.48,26.56,1.07,0.962,,-1,0.0,0.0,,,,1.0,object#20,,0,0,,,,0,[]
2026_08_16/000,e1,v7,,cluster015,27.5,27.81,0.31,1.01,,-1,0.0,0.0,,,,1.0,object#67,,0,0,,,,0,[]
2026_08_16/000,e1,v7,,cluster015,29.64,29.98,0.34,0.748,,-1,0.0,0.0,,,,1.0,object#187,,0,0,,,,0,[]
2026_08_16/000,e1,v7,,cluster015,31.09,31.51,0.42,1.169,,-1,0.0,0.0,,,,1.0,object#187,,0,0,,,,0,[]
2026_08_16/000,e1,v7,,cluster015,32.16,32.71,0.55,1.208,,-1,0.0,0.0,,,,1.0,object#20,,0,0,,,,0,[]
2026_08_16/000,e1,v7,,cluster015,35.34,35.62,0.27,1.359,石榴,78,1.0,0.008,0.017,0.0,0.0,0.992,object#34,,0,0,,,,1,"[{""name"": ""石榴"", ""share"": 1.0, ""q"": 0.008, ""capture"": 0.017, ""miss_deg"": 4.28, ""labels"": [78]}]"
2026_08_16/000,e1,v7,,cluster015,35.68,36.01,0.32,1.335,香蕉,323,0.745,0.217,0.219,0.621,0.342,0.709,object#316,,1,1,,,,2,"[{""name"": ""香蕉"", ""share"": 0.745, ""q"": 0.217, ""capture"": 0.219, ""miss_deg"": 2.62, ""labels"": [323]}, {""name"": ""苹果"", ""share"": 0.255, ""q"": 0.074, ""capture"": 0.136, ""miss_deg"": 3.0, ""labels"": [300]}]"
2026_08_16/000,e1,v7,,cluster015,39.06,39.33,0.27,1.667,石榴,78,0.999,0.371,0.998,0.001,0.001,0.628,object#17,,1,1,,,,2,"[{""name"": ""石榴"", ""share"": 0.999, ""q"": 0.371, ""capture"": 0.998, ""miss_deg"": 0.09, ""labels"": [78]}, {""name"": ""球R"", ""share"": 0.001, ""q"": 0.0, ""capture"": 0.001, ""miss_deg"": 5.48, ""labels"": [322]}]"
2026_08_16/000,e1,v7,,cluster015,39.41,44.47,5.07,1.655,苹果,300,0.923,0.445,1.116,0.036,0.083,0.518,object#316,,1,1,1,苹果,1,2,"[{""name"": ""苹果"", ""share"": 0.923, ""q"": 0.445, ""capture"": 1.116, ""miss_deg"": 0.0, ""labels"": [300]}, {""name"": ""香蕉"", ""share"": 0.077, ""q"": 0.037, ""capture"": 0.04, ""miss_deg"": 3.81, ""labels"": [323]}]"
2026_08_16/000,e1,v7,,cluster015,44.52,47.29,2.77,1.65,苹果,300,0.695,0.336,0.842,0.189,0.439,0.517,object#316,,1,1,1,苹果,1,2,"[{""name"": ""苹果"", ""share"": 0.695, ""q"": 0.336, ""capture"": 0.842, ""miss_deg"": 0.88, ""labels"": [300]}, {""name"": ""香蕉"", ""share"": 0.305, ""q"": 0.147, ""capture"": 0.159, ""miss_deg"": 2.88, ""labels"": [323]}]"
2026_08_16/000,e1,v7,,cluster015,47.58,50.73,3.15,1.414,球M,321,1.0,0.522,1.179,0.0,0.0,0.478,object#317,,1,1,,,,1,"[{""name"": ""球M"", ""share"": 1.0, ""q"": 0.522, ""capture"": 1.179, ""miss_deg"": 0.0, ""labels"": [321]}]"
2026_08_16/000,e1,v7,,cluster015,50.89,54.3,3.41,1.395,球M,321,1.0,0.5,1.129,0.0,0.0,0.5,object#10,,1,1,2,球M,1,1,"[{""name"": ""球M"", ""share"": 1.0, ""q"": 0.5, ""capture"": 1.129, ""miss_deg"": 0.0, ""labels"": [321]}]"
2026_08_16/000,e1,v7,,cluster015,54.5,54.95,0.45,1.59,石榴,78,0.912,0.221,0.573,0.124,0.096,0.758,object#17,,1,1,,,,2,"[{""name"": ""石榴"", ""share"": 0.912, ""q"": 0.221, ""capture"": 0.573, ""miss_deg"": 1.58, ""labels"": [78]}, {""name"": ""球R"", ""share"": 0.088, ""q"": 0.021, ""capture"": 0.071, ""miss_deg"": 3.45, ""labels"": [322]}]"
2026_08_16/000,e1,v7,,cluster015,55.0,57.54,2.54,1.63,石榴,78,1.0,0.309,0.831,0.0,0.0,0.691,object#17,,1,1,,,,1,"[{""name"": ""石榴"", ""share"": 1.0, ""q"": 0.309, ""capture"": 0.831, ""miss_deg"": 0.91, ""labels"": [78]}]"
2026_08_16/000,e1,v7,,cluster015,57.59,60.9,3.32,1.646,石榴,78,0.996,0.295,0.792,0.006,0.004,0.704,object#17,,1,1,3,石榴,1,2,"[{""name"": ""石榴"", ""share"": 0.996, ""q"": 0.295, ""capture"": 0.792, ""miss_deg"": 1.02, ""labels"": [78]}, {""name"": ""球R"", ""share"": 0.004, ""q"": 0.001, ""capture"": 0.005, ""miss_deg"": 4.93, ""labels"": [322]}]"
2026_08_16/000,e1,v7,,cluster015,61.15,65.15,4.0,1.515,香蕉,323,0.986,0.428,0.441,0.023,0.01,0.566,object#316,,1,1,4,香蕉,1,3,"[{""name"": ""香蕉"", ""share"": 0.986, ""q"": 0.428, ""capture"": 0.441, ""miss_deg"": 1.92, ""labels"": [323]}, {""name"": ""球L"", ""share"": 0.01, ""q"": 0.004, ""capture"": 0.01, ""miss_deg"": 4.53, ""labels"": [320]}, {""name"": ""苹果"", ""share"": 0.004, ""q"": 0.002, ""capture"": 0.003, ""miss_deg"": 5.04, ""labels"": [300]}]"
2026_08_16/000,e1,v7,,cluster015,65.2,65.65,0.45,1.607,香蕉,323,1.0,0.094,0.1,0.0,0.0,0.906,object#17,,0,0,4,香蕉,1,1,"[{""name"": ""香蕉"", ""share"": 1.0, ""q"": 0.094, ""capture"": 0.1, ""miss_deg"": 3.22, ""labels"": [323]}]"
2026_08_16/000,e1,v7,,cluster015,65.88,66.82,0.94,1.491,香蕉,323,0.966,0.428,0.439,0.064,0.029,0.557,object#316,,1,1,4,香蕉,1,3,"[{""name"": ""香蕉"", ""share"": 0.966, ""q"": 0.428, ""capture"": 0.439, ""miss_deg"": 1.92, ""labels"": [323]}, {""name"": ""球L"", ""share"": 0.028, ""q"": 0.012, ""capture"": 0.028, ""miss_deg"": 4.01, ""labels"": [320]}, {""name"": ""苹果"", ""share"": 0.006, ""q"": 0.003, ""capture"": 0.005, ""miss_deg"": 4.85, ""labels"": [300]}]"
2026_08_16/000,e1,v7,,cluster015,66.87,68.03,1.16,1.566,香蕉,323,0.998,0.233,0.243,0.004,0.002,0.767,object#17,,1,1,4,香蕉,1,2,"[{""name"": ""香蕉"", ""share"": 0.998, ""q"": 0.233, ""capture"": 0.243, ""miss_deg"": 2.52, ""labels"": [323]}, {""name"": ""苹果"", ""share"": 0.002, ""q"": 0.0, ""capture"": 0.001, ""miss_deg"": 5.62, ""labels"": [300]}]"
2026_08_16/000,e1,v7,,cluster015,68.59,69.54,0.95,1.423,球L,320,0.933,0.376,0.795,0.034,0.072,0.597,object#316,,1,1,,,,2,"[{""name"": ""球L"", ""share"": 0.933, ""q"": 0.376, ""capture"": 0.795, ""miss_deg"": 1.02, ""labels"": [320]}, {""name"": ""香蕉"", ""share"": 0.067, ""q"": 0.027, ""capture"": 0.027, ""miss_deg"": 4.03, ""labels"": [323]}]"
2026_08_16/000,e1,v7,,cluster015,70.45,70.95,0.5,2.689,球R,322,1.0,0.029,0.267,0.0,0.0,0.971,floor,,1,1,5,球R,1,1,"[{""name"": ""球R"", ""share"": 1.0, ""q"": 0.029, ""capture"": 0.267, ""miss_deg"": 2.44, ""labels"": [322]}]"
2026_08_16/000,e1,v7,,cluster015,71.0,73.51,2.51,1.48,球R,322,1.0,0.153,0.486,0.0,0.0,0.847,object#318,,1,1,5,球R,1,1,"[{""name"": ""球R"", ""share"": 1.0, ""q"": 0.153, ""capture"": 0.486, ""miss_deg"": 1.8, ""labels"": [322]}]"
2026_08_16/000,e1,v7,,cluster015,74.33,74.83,0.5,1.626,石榴,78,0.769,0.086,0.232,0.414,0.3,0.888,object#17,,1,1,,,,2,"[{""name"": ""石榴"", ""share"": 0.769, ""q"": 0.086, ""capture"": 0.232, ""miss_deg"": 2.56, ""labels"": [78]}, {""name"": ""球R"", ""share"": 0.231, ""q"": 0.026, ""capture"": 0.096, ""miss_deg"": 3.25, ""labels"": [322]}]"
2026_08_16/000,e1,v7,,cluster015,75.26,77.05,1.79,1.418,球L,320,0.921,0.354,0.749,0.041,0.086,0.615,object#316,,1,1,,,,2,"[{""name"": ""球L"", ""share"": 0.921, ""q"": 0.354, ""capture"": 0.749, ""miss_deg"": 1.14, ""labels"": [320]}, {""name"": ""香蕉"", ""share"": 0.079, ""q"": 0.03, ""capture"": 0.031, ""miss_deg"": 3.96, ""labels"": [323]}]"
2026_08_16/000,e1,v7,,cluster015,77.1,79.85,2.75,1.432,球L,320,0.838,0.304,0.643,0.093,0.193,0.637,object#316,,1,1,6,球L,1,2,"[{""name"": ""球L"", ""share"": 0.838, ""q"": 0.304, ""capture"": 0.643, ""miss_deg"": 1.41, ""labels"": [320]}, {""name"": ""香蕉"", ""share"": 0.162, ""q"": 0.059, ""capture"": 0.06, ""miss_deg"": 3.56, ""labels"": [323]}]"
2026_08_16/000,e1,v7,,cluster015,79.96,81.8,1.84,1.472,香蕉,323,0.753,0.276,0.282,0.723,0.328,0.633,object#316,,1,1,6,球L,0,2,"[{""name"": ""香蕉"", ""share"": 0.753, ""q"": 0.276, ""capture"": 0.282, ""miss_deg"": 2.39, ""labels"": [323]}, {""name"": ""球L"", ""share"": 0.247, ""q"": 0.09, ""capture"": 0.204, ""miss_deg"": 2.67, ""labels"": [320]}]"
2026_08_16/000,e1,v7,,cluster015,82.27,88.28,6.01,1.458,球M,321,1.0,0.37,0.86,0.0,0.0,0.63,object#17,,1,1,7,球M,1,1,"[{""name"": ""球M"", ""share"": 1.0, ""q"": 0.37, ""capture"": 0.86, ""miss_deg"": 0.82, ""labels"": [321]}]"
2026_08_16/000,e1,v7,,cluster015,88.49,88.88,0.39,1.622,石榴,78,0.948,0.245,0.659,0.076,0.055,0.741,object#17,,1,1,,,,2,"[{""name"": ""石榴"", ""share"": 0.948, ""q"": 0.245, ""capture"": 0.659, ""miss_deg"": 1.37, ""labels"": [78]}, {""name"": ""球R"", ""share"": 0.052, ""q"": 0.014, ""capture"": 0.05, ""miss_deg"": 3.67, ""labels"": [322]}]"
2026_08_16/000,e1,v7,,cluster015,89.27,91.31,2.04,1.664,石榴,78,1.0,0.283,0.76,0.0,0.0,0.717,object#17,,1,1,,,,1,"[{""name"": ""石榴"", ""share"": 1.0, ""q"": 0.283, ""capture"": 0.76, ""miss_deg"": 1.11, ""labels"": [78]}]"
2026_08_16/000,e1,v7,,cluster015,91.36,94.96,3.6,1.651,石榴,78,1.0,0.222,0.595,0.0,0.0,0.778,object#17,,1,1,8,石榴,1,1,"[{""name"": ""石榴"", ""share"": 1.0, ""q"": 0.222, ""capture"": 0.595, ""miss_deg"": 1.53, ""labels"": [78]}]"
2026_08_16/000,e1,v7,,cluster015,95.2,96.77,1.57,1.536,香蕉,323,0.985,0.431,0.446,0.025,0.012,0.562,object#316,,1,1,,,,3,"[{""name"": ""香蕉"", ""share"": 0.985, ""q"": 0.431, ""capture"": 0.446, ""miss_deg"": 1.91, ""labels"": [323]}, {""name"": ""苹果"", ""share"": 0.012, ""q"": 0.005, ""capture"": 0.011, ""miss_deg"": 4.48, ""labels"": [300]}, {""name"": ""球L"", ""share"": 0.004, ""q"": 0.002, ""capture"": 0.004, ""miss_deg"": 5.03, ""labels"": [320]}]"
2026_08_16/000,e1,v7,,cluster015,96.92,98.03,1.1,1.572,香蕉,323,0.97,0.431,0.451,0.067,0.031,0.555,object#316,,1,1,9,香蕉,1,3,"[{""name"": ""香蕉"", ""share"": 0.97, ""q"": 0.431, ""capture"": 0.451, ""miss_deg"": 1.89, ""labels"": [323]}, {""name"": ""苹果"", ""share"": 0.03, ""q"": 0.013, ""capture"": 0.03, ""miss_deg"": 3.98, ""labels"": [300]}, {""name"": ""球L"", ""share"": 0.0, ""q"": 0.0, ""capture"": 0.0, ""miss_deg"": 6.29, ""labels"": [320]}]"
2026_08_16/000,e1,v7,,cluster015,98.2,100.65,2.45,1.602,香蕉,323,0.895,0.419,0.442,0.26,0.117,0.532,object#316,,1,1,9,香蕉,1,2,"[{""name"": ""香蕉"", ""share"": 0.895, ""q"": 0.419, ""capture"": 0.442, ""miss_deg"": 1.92, ""labels"": [323]}, {""name"": ""苹果"", ""share"": 0.105, ""q"": 0.049, ""capture"": 0.115, ""miss_deg"": 3.12, ""labels"": [300]}]"
2026_08_16/000,e1,v7,,cluster015,100.76,101.76,1.0,1.629,香蕉,323,0.881,0.284,0.303,0.31,0.135,0.678,object#17,,1,1,9,香蕉,1,2,"[{""name"": ""香蕉"", ""share"": 0.881, ""q"": 0.284, ""capture"": 0.303, ""miss_deg"": 2.32, ""labels"": [323]}, {""name"": ""苹果"", ""share"": 0.119, ""q"": 0.038, ""capture"": 0.094, ""miss_deg"": 3.26, ""labels"": [300]}]"
2026_08_16/000,e1,v7,,cluster015,102.28,105.33,3.05,1.453,球L,320,0.776,0.267,0.579,0.135,0.289,0.656,object#316,,1,1,,,,2,"[{""name"": ""球L"", ""share"": 0.776, ""q"": 0.267, ""capture"": 0.579, ""miss_deg"": 1.57, ""labels"": [320]}, {""name"": ""香蕉"", ""share"": 0.224, ""q"": 0.077, ""capture"": 0.078, ""miss_deg"": 3.38, ""labels"": [323]}]"
2026_08_16/000,e1,v7,,cluster015,105.38,108.98,3.6,1.487,球L,320,0.55,0.186,0.419,0.372,0.818,0.663,object#316,,1,1,10,球L,1,2,"[{""name"": ""球L"", ""share"": 0.55, ""q"": 0.186, ""capture"": 0.419, ""miss_deg"": 1.98, ""labels"": [320]}, {""name"": ""香蕉"", ""share"": 0.45, ""q"": 0.152, ""capture"": 0.156, ""miss_deg"": 2.89, ""labels"": [323]}]"
2026_08_16/000,e1,v7,,cluster015,109.36,111.89,2.53,1.65,苹果,300,0.747,0.242,0.608,0.146,0.339,0.676,object#10,,1,1,,,,2,"[{""name"": ""苹果"", ""share"": 0.747, ""q"": 0.242, ""capture"": 0.608, ""miss_deg"": 1.5, ""labels"": [300]}, {""name"": ""香蕉"", ""share"": 0.253, ""q"": 0.082, ""capture"": 0.089, ""miss_deg"": 3.3, ""labels"": [323]}]"
2026_08_16/000,e1,v7,,cluster015,111.94,112.89,0.94,1.654,苹果,300,0.804,0.257,0.644,0.104,0.244,0.681,object#10,,1,1,11,苹果,1,2,"[{""name"": ""苹果"", ""share"": 0.804, ""q"": 0.257, ""capture"": 0.644, ""miss_deg"": 1.41, ""labels"": [300]}, {""name"": ""香蕉"", ""share"": 0.196, ""q"": 0.062, ""capture"": 0.067, ""miss_deg"": 3.48, ""labels"": [323]}]"
2026_08_16/000,e1,v7,,cluster015,112.99,114.45,1.46,1.662,苹果,300,0.805,0.158,0.397,0.103,0.242,0.804,object#10,,1,1,11,苹果,1,2,"[{""name"": ""苹果"", ""share"": 0.805, ""q"": 0.158, ""capture"": 0.397, ""miss_deg"": 2.04, ""labels"": [300]}, {""name"": ""香蕉"", ""share"": 0.195, ""q"": 0.038, ""capture"": 0.041, ""miss_deg"": 3.79, ""labels"": [323]}]"
2026_08_16/000,e1,v7,,cluster015,114.56,114.84,0.28,1.664,苹果,300,0.743,0.193,0.485,0.151,0.346,0.739,object#10,,1,1,11,苹果,1,2,"[{""name"": ""苹果"", ""share"": 0.743, ""q"": 0.193, ""capture"": 0.485, ""miss_deg"": 1.8, ""labels"": [300]}, {""name"": ""香蕉"", ""share"": 0.257, ""q"": 0.067, ""capture"": 0.073, ""miss_deg"": 3.43, ""labels"": [323]}]"
2026_08_16/000,e1,v7,,cluster015,114.94,116.34,1.4,1.666,苹果,300,0.713,0.177,0.443,0.174,0.403,0.752,object#10,,1,1,11,苹果,1,2,"[{""name"": ""苹果"", ""share"": 0.713, ""q"": 0.177, ""capture"": 0.443, ""miss_deg"": 1.91, ""labels"": [300]}, {""name"": ""香蕉"", ""share"": 0.287, ""q"": 0.071, ""capture"": 0.077, ""miss_deg"": 3.39, ""labels"": [323]}]"
2026_08_16/000,e1,v7,,cluster015,116.39,116.71,0.32,1.557,球M,321,1.0,0.067,0.179,0.0,0.0,0.933,object#17,,0,0,,,,1,"[{""name"": ""球M"", ""share"": 1.0, ""q"": 0.067, ""capture"": 0.179, ""miss_deg"": 2.78, ""labels"": [321]}]"
2026_08_16/000,e1,v7,,cluster015,116.77,117.04,0.27,1.491,香蕉,323,1.0,0.149,0.153,0.0,0.0,0.851,object#316,,0,0,,,,1,"[{""name"": ""香蕉"", ""share"": 1.0, ""q"": 0.149, ""capture"": 0.153, ""miss_deg"": 2.91, ""labels"": [323]}]"
2026_08_16/000,e1,v7,,cluster015,117.61,123.42,5.81,1.473,球R,322,1.0,0.137,0.435,0.0,0.0,0.863,object#318,,1,1,12,球R,1,1,"[{""name"": ""球R"", ""share"": 1.0, ""q"": 0.137, ""capture"": 0.435, ""miss_deg"": 1.94, ""labels"": [322]}]"
2026_08_16/000,e1,v7,,cluster015,124.72,125.01,0.28,1.949,,-1,0.0,0.0,,,,1.0,object#20,,0,0,,,,0,[]
2026_08_16/000,e1,v7,,cluster015,125.06,125.39,0.33,1.584,,-1,0.0,0.0,,,,1.0,object#20,,0,0,,,,0,[]
2026_08_16/000,e1,v7,,cluster015,125.44,125.82,0.37,1.3,,-1,0.0,0.0,,,,1.0,object#20,,0,0,,,,0,[]
2026_08_16/000,e1,v7,,cluster015,127.45,127.89,0.44,1.117,,-1,0.0,0.0,,,,1.0,object#59,,0,0,,,,0,[]
2026_08_16/000,e1,v7,,cluster015,128.0,128.34,0.34,1.214,,-1,0.0,0.0,,,,1.0,object#67,,0,0,,,,0,[]
2026_08_16/001,e2,v7,stress,cluster015,3.02,3.34,0.32,2.4,,-1,0.0,0.0,,,,1.0,floor,,0,0,,,,0,[]
2026_08_16/001,e2,v7,stress,cluster015,7.85,9.25,1.41,2.597,,-1,0.0,0.0,,,,1.0,floor,,0,0,,,,0,[]
2026_08_16/001,e2,v7,stress,cluster015,9.31,9.69,0.38,3.071,,-1,0.0,0.0,,,,1.0,floor,,0,0,,,,0,[]
2026_08_16/001,e2,v7,stress,cluster015,10.37,10.86,0.49,2.827,,-1,0.0,0.0,,,,1.0,object#13,,0,0,,,,0,[]
2026_08_16/001,e2,v7,stress,cluster015,10.91,11.35,0.43,3.111,球M,321,1.0,0.072,0.655,0.0,0.0,0.928,object#179,,1,1,,,,1,"[{""name"": ""球M"", ""share"": 1.0, ""q"": 0.072, ""capture"": 0.655, ""miss_deg"": 1.38, ""labels"": [321]}]"
2026_08_16/001,e2,v7,stress,cluster015,11.4,11.94,0.54,3.057,球L,320,1.0,0.002,0.014,0.0,0.0,0.998,object#46,,0,0,,,,1,"[{""name"": ""球L"", ""share"": 1.0, ""q"": 0.002, ""capture"": 0.014, ""miss_deg"": 4.37, ""labels"": [320]}]"
2026_08_16/001,e2,v7,stress,cluster015,12.38,15.9,3.52,3.168,球L,320,0.807,0.012,0.108,0.056,0.239,0.985,object#10,,0,0,,,,2,"[{""name"": ""球L"", ""share"": 0.807, ""q"": 0.012, ""capture"": 0.108, ""miss_deg"": 3.16, ""labels"": [320]}, {""name"": ""香蕉"", ""share"": 0.193, ""q"": 0.003, ""capture"": 0.006, ""miss_deg"": 4.77, ""labels"": [323]}]"
2026_08_16/001,e2,v7,stress,cluster015,16.18,18.34,2.17,3.164,球L,320,0.766,0.024,0.222,0.077,0.305,0.968,object#10,,1,1,1,球L,1,2,"[{""name"": ""球L"", ""share"": 0.766, ""q"": 0.024, ""capture"": 0.222, ""miss_deg"": 2.6, ""labels"": [320]}, {""name"": ""香蕉"", ""share"": 0.234, ""q"": 0.007, ""capture"": 0.017, ""miss_deg"": 4.29, ""labels"": [323]}]"
2026_08_16/001,e2,v7,stress,cluster015,18.72,19.32,0.6,3.168,球L,320,0.648,0.009,0.081,0.136,0.543,0.986,object#46,,0,0,1,球L,1,2,"[{""name"": ""球L"", ""share"": 0.648, ""q"": 0.009, ""capture"": 0.081, ""miss_deg"": 3.36, ""labels"": [320]}, {""name"": ""香蕉"", ""share"": 0.352, ""q"": 0.005, ""capture"": 0.011, ""miss_deg"": 4.51, ""labels"": [323]}]"
2026_08_16/001,e2,v7,stress,cluster015,19.64,20.4,0.76,3.193,球R,322,1.0,0.007,0.075,0.0,0.0,0.993,object#130,,0,0,,,,1,"[{""name"": ""球R"", ""share"": 1.0, ""q"": 0.007, ""capture"": 0.075, ""miss_deg"": 3.42, ""labels"": [322]}]"
2026_08_16/001,e2,v7,stress,cluster015,20.63,22.48,1.85,3.202,球R,322,1.0,0.012,0.129,0.0,0.0,0.988,object#130,,0,0,,,,1,"[{""name"": ""球R"", ""share"": 1.0, ""q"": 0.012, ""capture"": 0.129, ""miss_deg"": 3.04, ""labels"": [322]}]"
2026_08_16/001,e2,v7,stress,cluster015,22.8,24.97,2.17,3.186,球R,322,0.909,0.002,0.023,0.087,0.1,0.998,object#130,,0,0,,,,2,"[{""name"": ""球R"", ""share"": 0.909, ""q"": 0.002, ""capture"": 0.023, ""miss_deg"": 4.11, ""labels"": [322]}, {""name"": ""球M"", ""share"": 0.091, ""q"": 0.0, ""capture"": 0.002, ""miss_deg"": 5.3, ""labels"": [321]}]"
2026_08_16/001,e2,v7,stress,cluster015,25.14,26.17,1.03,3.192,球R,322,1.0,0.01,0.105,0.0,0.0,0.99,object#130,,0,0,,,,1,"[{""name"": ""球R"", ""share"": 1.0, ""q"": 0.01, ""capture"": 0.105, ""miss_deg"": 3.18, ""labels"": [322]}]"
2026_08_16/001,e2,v7,stress,cluster015,26.4,28.57,2.17,3.184,球L,320,0.552,0.07,0.637,0.237,0.257,0.873,object#316,,1,1,,,,3,"[{""name"": ""球L"", ""share"": 0.552, ""q"": 0.07, ""capture"": 0.637, ""miss_deg"": 1.43, ""labels"": [320]}, {""name"": ""苹果"", ""share"": 0.142, ""q"": 0.018, ""capture"": 0.151, ""miss_deg"": 2.91, ""labels"": [300]}, {""name"": ""香蕉"", ""share"": 0.306, ""q"": 0.039, ""capture"": 0.087, ""miss_deg"": 3.31, ""labels"": [323]}]"
2026_08_16/001,e2,v7,stress,cluster015,28.82,31.96,3.14,3.281,球L,320,0.534,0.057,0.519,0.243,0.243,0.893,object#316,,1,1,,,,3,"[{""name"": ""球L"", ""share"": 0.534, ""q"": 0.057, ""capture"": 0.519, ""miss_deg"": 1.72, ""labels"": [320]}, {""name"": ""苹果"", ""share"": 0.13, ""q"": 0.014, ""capture"": 0.126, ""miss_deg"": 3.05, ""labels"": [300]}, {""name"": ""香蕉"", ""share"": 0.336, ""q"": 0.036, ""capture"": 0.089, ""miss_deg"": 3.3, ""labels"": [323]}]"
2026_08_16/001,e2,v7,stress,cluster015,32.18,32.5,0.32,3.286,球L,320,0.433,0.073,0.661,0.443,0.443,0.832,object#316,,1,0,2,球R,0,3,"[{""name"": ""球L"", ""share"": 0.433, ""q"": 0.073, ""capture"": 0.661, ""miss_deg"": 1.36, ""labels"": [320]}, {""name"": ""苹果"", ""share"": 0.192, ""q"": 0.032, ""capture"": 0.293, ""miss_deg"": 2.35, ""labels"": [300]}, {""name"": ""香蕉"", ""share"": 0.376, ""q"": 0.063, ""capture"": 0.155, ""miss_deg"": 2.89, ""labels"": [323]}]"
2026_08_16/001,e2,v7,stress,cluster015,32.56,33.64,1.08,3.305,球R,322,0.643,0.072,0.996,0.364,0.555,0.889,object#318,,1,1,2,球R,1,2,"[{""name"": ""球R"", ""share"": 0.643, ""q"": 0.072, ""capture"": 0.996, ""miss_deg"": 0.13, ""labels"": [322]}, {""name"": ""石榴"", ""share"": 0.357, ""q"": 0.04, ""capture"": 0.363, ""miss_deg"": 2.14, ""labels"": [78]}]"
2026_08_16/001,e2,v7,stress,cluster015,33.8,34.24,0.43,3.327,球R,322,0.621,0.042,0.579,0.378,0.576,0.933,object#318,,1,1,2,球R,1,3,"[{""name"": ""球R"", ""share"": 0.621, ""q"": 0.042, ""capture"": 0.579, ""miss_deg"": 1.57, ""labels"": [322]}, {""name"": ""石榴"", ""share"": 0.358, ""q"": 0.024, ""capture"": 0.219, ""miss_deg"": 2.61, ""labels"": [78]}, {""name"": ""球M"", ""share"": 0.02, ""q"": 0.001, ""capture"": 0.015, ""miss_deg"": 4.34, ""labels"": [321]}]"
2026_08_16/001,e2,v7,stress,cluster015,34.47,37.77,3.3,3.316,球R,322,0.588,0.052,0.725,0.459,0.701,0.911,object#318,,1,1,2,球R,1,2,"[{""name"": ""球R"", ""share"": 0.588, ""q"": 0.052, ""capture"": 0.725, ""miss_deg"": 1.2, ""labels"": [322]}, {""name"": ""石榴"", ""share"": 0.412, ""q"": 0.037, ""capture"": 0.333, ""miss_deg"": 2.22, ""labels"": [78]}]"
2026_08_16/001,e2,v7,stress,cluster015,37.9,39.9,2.0,3.312,球R,322,0.586,0.058,0.807,0.463,0.706,0.901,object#318,,1,1,2,球R,1,2,"[{""name"": ""球R"", ""share"": 0.586, ""q"": 0.058, ""capture"": 0.807, ""miss_deg"": 0.98, ""labels"": [322]}, {""name"": ""石榴"", ""share"": 0.414, ""q"": 0.041, ""capture"": 0.374, ""miss_deg"": 2.1, ""labels"": [78]}]"
2026_08_16/001,e2,v7,stress,cluster015,40.15,40.42,0.27,3.515,球M,321,1.0,0.029,0.318,0.0,0.0,0.971,object#46,,1,1,,,,1,"[{""name"": ""球M"", ""share"": 1.0, ""q"": 0.029, ""capture"": 0.318, ""miss_deg"": 2.27, ""labels"": [321]}]"
2026_08_16/001,e2,v7,stress,cluster015,40.53,40.91,0.38,3.452,球M,321,1.0,0.023,0.252,0.0,0.0,0.977,object#46,,1,1,,,,1,"[{""name"": ""球M"", ""share"": 1.0, ""q"": 0.023, ""capture"": 0.252, ""miss_deg"": 2.49, ""labels"": [321]}]"
2026_08_16/001,e2,v7,stress,cluster015,41.07,41.51,0.43,3.596,球M,321,0.987,0.049,0.539,0.004,0.013,0.95,object#46,,1,1,,,,2,"[{""name"": ""球M"", ""share"": 0.987, ""q"": 0.049, ""capture"": 0.539, ""miss_deg"": 1.67, ""labels"": [321]}, {""name"": ""香蕉"", ""share"": 0.013, ""q"": 0.001, ""capture"": 0.002, ""miss_deg"": 5.35, ""labels"": [323]}]"
2026_08_16/001,e2,v7,stress,cluster015,43.74,45.42,1.68,3.61,球M,321,0.988,0.042,0.459,0.002,0.012,0.958,object#46,,1,1,5,球M,1,2,"[{""name"": ""球M"", ""share"": 0.988, ""q"": 0.042, ""capture"": 0.459, ""miss_deg"": 1.87, ""labels"": [321]}, {""name"": ""香蕉"", ""share"": 0.012, ""q"": 0.001, ""capture"": 0.001, ""miss_deg"": 5.45, ""labels"": [323]}]"
2026_08_16/001,e2,v7,stress,cluster015,46.21,46.48,0.27,3.683,球M,321,0.978,0.051,0.565,0.005,0.022,0.947,object#46,,1,1,,,,2,"[{""name"": ""球M"", ""share"": 0.978, ""q"": 0.051, ""capture"": 0.565, ""miss_deg"": 1.6, ""labels"": [321]}, {""name"": ""香蕉"", ""share"": 0.022, ""q"": 0.001, ""capture"": 0.003, ""miss_deg"": 5.07, ""labels"": [323]}]"
2026_08_16/001,e2,v7,stress,cluster015,46.8,49.4,2.6,3.275,球L,320,0.473,0.046,0.42,0.257,0.949,0.903,object#10,,1,0,,,,3,"[{""name"": ""球L"", ""share"": 0.473, ""q"": 0.046, ""capture"": 0.42, ""miss_deg"": 1.98, ""labels"": [320]}, {""name"": ""香蕉"", ""share"": 0.449, ""q"": 0.044, ""capture"": 0.108, ""miss_deg"": 3.16, ""labels"": [323]}, {""name"": ""苹果"", ""share"": 0.078, ""q"": 0.008, ""capture"": 0.069, ""miss_deg"": 3.47, ""labels"": [300]}]"
2026_08_16/001,e2,v7,stress,cluster015,49.66,51.12,1.46,3.274,球L,320,0.405,0.05,0.46,0.33,0.36,0.876,object#316,,1,0,,,,3,"[{""name"": ""球L"", ""share"": 0.405, ""q"": 0.05, ""capture"": 0.46, ""miss_deg"": 1.87, ""labels"": [320]}, {""name"": ""苹果"", ""share"": 0.146, ""q"": 0.018, ""capture"": 0.152, ""miss_deg"": 2.91, ""labels"": [300]}, {""name"": ""香蕉"", ""share"": 0.449, ""q"": 0.056, ""capture"": 0.138, ""miss_deg"": 2.99, ""labels"": [323]}]"
2026_08_16/001,e2,v7,stress,cluster015,51.44,53.18,1.73,3.267,球L,320,0.582,0.02,0.18,0.194,0.718,0.966,object#46,,0,0,,,,2,"[{""name"": ""球L"", ""share"": 0.582, ""q"": 0.02, ""capture"": 0.18, ""miss_deg"": 2.78, ""labels"": [320]}, {""name"": ""香蕉"", ""share"": 0.418, ""q"": 0.014, ""capture"": 0.035, ""miss_deg"": 3.88, ""labels"": [323]}]"
2026_08_16/001,e2,v7,stress,cluster015,53.44,56.53,3.09,3.28,球L,320,0.419,0.067,0.615,0.454,0.453,0.839,object#316,,1,0,,,,3,"[{""name"": ""球L"", ""share"": 0.419, ""q"": 0.067, ""capture"": 0.615, ""miss_deg"": 1.48, ""labels"": [320]}, {""name"": ""苹果"", ""share"": 0.19, ""q"": 0.031, ""capture"": 0.279, ""miss_deg"": 2.4, ""labels"": [300]}, {""name"": ""香蕉"", ""share"": 0.391, ""q"": 0.063, ""capture"": 0.156, ""miss_deg"": 2.89, ""labels"": [323]}]"
2026_08_16/001,e2,v7,stress,cluster015,56.69,59.83,3.14,3.266,球L,320,0.397,0.076,0.696,0.51,0.552,0.808,object#316,,1,0,,,,3,"[{""name"": ""球L"", ""share"": 0.397, ""q"": 0.076, ""capture"": 0.696, ""miss_deg"": 1.28, ""labels"": [320]}, {""name"": ""苹果"", ""share"": 0.219, ""q"": 0.042, ""capture"": 0.355, ""miss_deg"": 2.16, ""labels"": [300]}, {""name"": ""香蕉"", ""share"": 0.384, ""q"": 0.074, ""capture"": 0.182, ""miss_deg"": 2.77, ""labels"": [323]}]"
2026_08_16/001,e2,v7,stress,cluster015,60.49,62.76,2.27,3.338,球R,322,0.524,0.057,0.794,0.587,0.895,0.891,object#318,,1,1,10,球R,1,3,"[{""name"": ""球R"", ""share"": 0.524, ""q"": 0.057, ""capture"": 0.794, ""miss_deg"": 1.02, ""labels"": [322]}, {""name"": ""石榴"", ""share"": 0.469, ""q"": 0.051, ""capture"": 0.466, ""miss_deg"": 1.85, ""labels"": [78]}, {""name"": ""球M"", ""share"": 0.007, ""q"": 0.001, ""capture"": 0.008, ""miss_deg"": 4.64, ""labels"": [321]}]"
2026_08_16/001,e2,v7,stress,cluster015,62.93,66.56,3.63,3.327,球R,322,0.715,0.035,0.49,0.261,0.399,0.951,object#130,,1,1,10,球R,1,2,"[{""name"": ""球R"", ""share"": 0.715, ""q"": 0.035, ""capture"": 0.49, ""miss_deg"": 1.79, ""labels"": [322]}, {""name"": ""石榴"", ""share"": 0.285, ""q"": 0.014, ""capture"": 0.128, ""miss_deg"": 3.04, ""labels"": [78]}]"
2026_08_16/001,e2,v7,stress,cluster015,66.93,69.42,2.49,3.271,球L,320,0.491,0.025,0.228,0.272,1.008,0.949,object#46,,1,0,11,球L,1,3,"[{""name"": ""球L"", ""share"": 0.491, ""q"": 0.025, ""capture"": 0.228, ""miss_deg"": 2.58, ""labels"": [320]}, {""name"": ""香蕉"", ""share"": 0.495, ""q"": 0.025, ""capture"": 0.062, ""miss_deg"": 3.54, ""labels"": [323]}, {""name"": ""球M"", ""share"": 0.014, ""q"": 0.001, ""capture"": 0.006, ""miss_deg"": 4.76, ""labels"": [321]}]"
2026_08_16/001,e2,v7,stress,cluster015,69.64,71.37,1.73,3.283,球L,320,0.56,0.024,0.216,0.213,0.786,0.958,object#46,,1,1,11,球L,1,2,"[{""name"": ""球L"", ""share"": 0.56, ""q"": 0.024, ""capture"": 0.216, ""miss_deg"": 2.63, ""labels"": [320]}, {""name"": ""香蕉"", ""share"": 0.44, ""q"": 0.019, ""capture"": 0.046, ""miss_deg"": 3.72, ""labels"": [323]}]"
2026_08_16/001,e2,v7,stress,cluster015,71.55,73.88,2.33,3.287,球L,320,0.422,0.042,0.383,0.311,1.13,0.9,object#316,,0,0,11,球L,1,3,"[{""name"": ""球L"", ""share"": 0.422, ""q"": 0.042, ""capture"": 0.383, ""miss_deg"": 2.08, ""labels"": [320]}, {""name"": ""香蕉"", ""share"": 0.477, ""q"": 0.048, ""capture"": 0.119, ""miss_deg"": 3.09, ""labels"": [323]}, {""name"": ""苹果"", ""share"": 0.101, ""q"": 0.01, ""capture"": 0.092, ""miss_deg"": 3.28, ""labels"": [300]}]"
2026_08_16/001,e2,v7,stress,cluster015,74.13,80.95,6.82,3.305,球R,322,1.0,0.011,0.148,0.0,0.0,0.989,object#130,,0,0,,,,1,"[{""name"": ""球R"", ""share"": 1.0, ""q"": 0.011, ""capture"": 0.148, ""miss_deg"": 2.93, ""labels"": [322]}]"
2026_08_16/001,e2,v7,stress,cluster015,81.41,81.74,0.32,3.506,球M,321,1.0,0.031,0.337,0.0,0.0,0.969,object#46,,1,1,,,,1,"[{""name"": ""球M"", ""share"": 1.0, ""q"": 0.031, ""capture"": 0.337, ""miss_deg"": 2.21, ""labels"": [321]}]"
2026_08_16/001,e2,v7,stress,cluster015,81.85,87.86,6.01,3.285,球L,320,0.824,0.02,0.179,0.056,0.214,0.976,object#10,,0,0,,,,2,"[{""name"": ""球L"", ""share"": 0.824, ""q"": 0.02, ""capture"": 0.179, ""miss_deg"": 2.78, ""labels"": [320]}, {""name"": ""香蕉"", ""share"": 0.176, ""q"": 0.004, ""capture"": 0.01, ""miss_deg"": 4.54, ""labels"": [323]}]"
2026_08_16/001,e2,v7,stress,cluster015,89.87,90.14,0.27,3.453,球M,321,0.991,0.025,0.271,0.007,0.009,0.975,object#46,,1,1,,,,2,"[{""name"": ""球M"", ""share"": 0.991, ""q"": 0.025, ""capture"": 0.271, ""miss_deg"": 2.42, ""labels"": [321]}, {""name"": ""球L"", ""share"": 0.009, ""q"": 0.0, ""capture"": 0.002, ""miss_deg"": 5.27, ""labels"": [320]}]"
2026_08_16/001,e2,v7,stress,cluster015,90.47,90.79,0.32,4.591,球M,321,0.888,0.097,1.851,0.029,0.126,0.89,object#46,,1,1,,,,2,"[{""name"": ""球M"", ""share"": 0.888, ""q"": 0.097, ""capture"": 1.851, ""miss_deg"": 0.0, ""labels"": [321]}, {""name"": ""香蕉"", ""share"": 0.112, ""q"": 0.012, ""capture"": 0.053, ""miss_deg"": 3.64, ""labels"": [323]}]"
2026_08_16/001,e2,v7,stress,cluster015,91.23,91.61,0.38,3.644,球M,321,0.975,0.055,0.61,0.007,0.026,0.943,object#46,,1,1,,,,2,"[{""name"": ""球M"", ""share"": 0.975, ""q"": 0.055, ""capture"": 0.61, ""miss_deg"": 1.49, ""labels"": [321]}, {""name"": ""香蕉"", ""share"": 0.025, ""q"": 0.001, ""capture"": 0.004, ""miss_deg"": 4.98, ""labels"": [323]}]"
2026_08_16/001,e2,v7,stress,cluster015,93.23,93.5,0.27,3.709,球M,321,0.995,0.066,0.72,0.001,0.005,0.934,object#179,,1,1,12,球M,1,2,"[{""name"": ""球M"", ""share"": 0.995, ""q"": 0.066, ""capture"": 0.72, ""miss_deg"": 1.22, ""labels"": [321]}, {""name"": ""香蕉"", ""share"": 0.005, ""q"": 0.0, ""capture"": 0.001, ""miss_deg"": 5.57, ""labels"": [323]}]"
2026_08_16/001,e2,v7,stress,cluster015,93.55,94.96,1.41,3.475,球M,321,1.0,0.025,0.275,0.0,0.0,0.975,object#46,,1,1,12,球M,1,1,"[{""name"": ""球M"", ""share"": 1.0, ""q"": 0.025, ""capture"": 0.275, ""miss_deg"": 2.41, ""labels"": [321]}]"
2026_08_16/001,e2,v7,stress,cluster015,95.12,95.61,0.49,4.563,球M,321,0.909,0.08,1.523,0.023,0.1,0.912,object#46,,1,1,12,球M,1,2,"[{""name"": ""球M"", ""share"": 0.909, ""q"": 0.08, ""capture"": 1.523, ""miss_deg"": 0.0, ""labels"": [321]}, {""name"": ""香蕉"", ""share"": 0.091, ""q"": 0.008, ""capture"": 0.035, ""miss_deg"": 3.89, ""labels"": [323]}]"
2026_08_16/001,e2,v7,stress,cluster015,96.41,96.9,0.49,4.045,,-1,0.0,0.0,,,,1.0,object#187,,0,0,,,,0,[]
2026_08_16/001,e2,v7,stress,cluster015,99.54,99.81,0.27,2.031,,-1,0.0,0.0,,,,1.0,object#11,,0,0,,,,0,[]
2026_08_16/001,e2,v7,stress,cluster015,99.87,100.25,0.39,2.13,,-1,0.0,0.0,,,,1.0,floor,,0,0,,,,0,[]
2026_08_16/001,e2,v7,stress,cluster015,100.37,100.65,0.27,1.933,,-1,0.0,0.0,,,,1.0,floor,,0,0,,,,0,[]
2026_08_16/001,e2,v7,stress,cluster015,100.98,101.75,0.77,1.286,,-1,0.0,0.0,,,,1.0,object#35,,0,0,,,,0,[]
2026_08_16/s1,s1,v7,,cluster015,2.04,2.42,0.38,0.881,,-1,0.0,0.0,,,,1.0,object#20,,0,0,,,,0,[]
2026_08_16/s1,s1,v7,,cluster015,2.8,3.83,1.03,1.146,,-1,0.0,0.0,,,,1.0,object#20,,0,0,,,,0,[]
2026_08_16/s1,s1,v7,,cluster015,4.78,5.11,0.34,2.186,,-1,0.0,0.0,,,,1.0,floor,,0,0,,,,0,[]
2026_08_16/s1,s1,v7,,cluster015,6.42,6.8,0.38,2.282,,-1,0.0,0.0,,,,1.0,object#187,,0,0,,,,0,[]
2026_08_16/s1,s1,v7,,cluster015,7.27,7.53,0.27,2.04,,-1,0.0,0.0,,,,1.0,floor,,0,0,,,,0,[]
2026_08_16/s1,s1,v7,,cluster015,9.53,9.8,0.27,2.217,,-1,0.0,0.0,,,,1.0,object#20,,0,0,,,,0,[]
2026_08_16/s1,s1,v7,,cluster015,10.33,11.26,0.92,2.207,,-1,0.0,0.0,,,,1.0,object#20,,0,0,,,,0,[]
2026_08_16/s1,s1,v7,,cluster015,11.55,12.74,1.19,2.526,,-1,0.0,0.0,,,,1.0,object#32,,0,0,,,,0,[]
2026_08_16/s1,s1,v7,,cluster015,13.16,13.48,0.32,1.604,球M,321,1.0,0.198,0.531,0.0,0.0,0.802,object#17,,1,1,,,,1,"[{""name"": ""球M"", ""share"": 1.0, ""q"": 0.198, ""capture"": 0.531, ""miss_deg"": 1.69, ""labels"": [321]}]"
2026_08_16/s1,s1,v7,,cluster015,13.81,14.46,0.65,1.595,球M,321,1.0,0.265,0.712,0.0,0.0,0.735,object#17,,1,1,,,,1,"[{""name"": ""球M"", ""share"": 1.0, ""q"": 0.265, ""capture"": 0.712, ""miss_deg"": 1.24, ""labels"": [321]}]"
2026_08_16/s1,s1,v7,,cluster015,14.51,15.0,0.49,1.756,球M,321,1.0,0.003,0.01,0.0,0.0,0.997,object#34,,0,0,,,,1,"[{""name"": ""球M"", ""share"": 1.0, ""q"": 0.003, ""capture"": 0.01, ""miss_deg"": 4.54, ""labels"": [321]}]"
2026_08_16/s1,s1,v7,,cluster015,15.06,15.43,0.38,1.573,球M,321,1.0,0.306,0.823,0.0,0.0,0.694,object#17,,1,1,,,,1,"[{""name"": ""球M"", ""share"": 1.0, ""q"": 0.306, ""capture"": 0.823, ""miss_deg"": 0.93, ""labels"": [321]}]"
2026_08_16/s1,s1,v7,,cluster015,15.85,20.23,4.39,1.615,球R,322,1.0,0.32,1.119,0.0,0.0,0.68,object#318,,1,1,1,球R,1,1,"[{""name"": ""球R"", ""share"": 1.0, ""q"": 0.32, ""capture"": 1.119, ""miss_deg"": 0.0, ""labels"": [322]}]"
2026_08_16/s1,s1,v7,,cluster015,20.53,22.37,1.84,1.606,球R,322,1.0,0.333,1.167,0.0,0.0,0.667,object#318,,1,1,1,球R,1,1,"[{""name"": ""球R"", ""share"": 1.0, ""q"": 0.333, ""capture"": 1.167, ""miss_deg"": 0.0, ""labels"": [322]}]"
2026_08_16/s1,s1,v7,,cluster015,22.7,29.26,6.55,1.531,球L,320,0.977,0.392,0.911,0.011,0.024,0.598,object#316,,1,1,2,球L,1,2,"[{""name"": ""球L"", ""share"": 0.977, ""q"": 0.392, ""capture"": 0.911, ""miss_deg"": 0.65, ""labels"": [320]}, {""name"": ""香蕉"", ""share"": 0.023, ""q"": 0.009, ""capture"": 0.01, ""miss_deg"": 4.57, ""labels"": [323]}]"
2026_08_16/s1,s1,v7,,cluster015,29.58,32.4,2.82,1.496,球M,321,1.0,0.54,1.354,0.0,0.0,0.46,object#17,,1,1,,,,1,"[{""name"": ""球M"", ""share"": 1.0, ""q"": 0.54, ""capture"": 1.354, ""miss_deg"": 0.0, ""labels"": [321]}]"
2026_08_16/s1,s1,v7,,cluster015,32.75,36.27,3.52,1.485,球M,321,1.0,0.455,1.143,0.0,0.0,0.545,object#17,,1,1,3,球M,1,1,"[{""name"": ""球M"", ""share"": 1.0, ""q"": 0.455, ""capture"": 1.143, ""miss_deg"": 0.0, ""labels"": [321]}]"
2026_08_16/s1,s1,v7,,cluster015,36.45,42.95,6.5,1.525,球L,320,0.953,0.403,0.936,0.022,0.049,0.577,object#316,,1,1,4,球L,1,2,"[{""name"": ""球L"", ""share"": 0.953, ""q"": 0.403, ""capture"": 0.936, ""miss_deg"": 0.55, ""labels"": [320]}, {""name"": ""香蕉"", ""share"": 0.047, ""q"": 0.02, ""capture"": 0.021, ""miss_deg"": 4.18, ""labels"": [323]}]"
2026_08_16/s1,s1,v7,,cluster015,43.3,43.68,0.38,1.615,球R,322,1.0,0.335,1.171,0.0,0.0,0.665,object#318,,1,1,,,,1,"[{""name"": ""球R"", ""share"": 1.0, ""q"": 0.335, ""capture"": 1.171, ""miss_deg"": 0.0, ""labels"": [322]}]"
2026_08_16/s1,s1,v7,,cluster015,43.79,49.85,6.07,1.501,球M,321,1.0,0.52,1.305,0.0,0.0,0.48,object#17,,1,1,5,球M,1,1,"[{""name"": ""球M"", ""share"": 1.0, ""q"": 0.52, ""capture"": 1.305, ""miss_deg"": 0.0, ""labels"": [321]}]"
2026_08_16/s1,s1,v7,,cluster015,50.41,56.69,6.28,1.502,球M,321,1.0,0.542,1.36,0.0,0.0,0.458,object#17,,1,1,6,球M,1,1,"[{""name"": ""球M"", ""share"": 1.0, ""q"": 0.542, ""capture"": 1.36, ""miss_deg"": 0.0, ""labels"": [321]}]"
2026_08_16/s1,s1,v7,,cluster015,56.99,63.44,6.45,1.588,球R,322,1.0,0.365,1.214,0.0,0.0,0.635,object#318,,1,1,7,球R,1,1,"[{""name"": ""球R"", ""share"": 1.0, ""q"": 0.365, ""capture"": 1.214, ""miss_deg"": 0.0, ""labels"": [322]}]"
2026_08_16/s1,s1,v7,,cluster015,63.83,68.98,5.15,1.563,球L,320,1.0,0.344,0.862,0.0,0.0,0.656,object#316,,1,1,8,球L,1,1,"[{""name"": ""球L"", ""share"": 1.0, ""q"": 0.344, ""capture"": 0.862, ""miss_deg"": 0.82, ""labels"": [320]}]"
2026_08_16/s1,s1,v7,,cluster015,69.03,70.61,1.58,1.557,球L,320,0.886,0.366,0.918,0.053,0.129,0.587,object#316,,1,1,8,球L,1,2,"[{""name"": ""球L"", ""share"": 0.886, ""q"": 0.366, ""capture"": 0.918, ""miss_deg"": 0.62, ""labels"": [320]}, {""name"": ""香蕉"", ""share"": 0.114, ""q"": 0.047, ""capture"": 0.049, ""miss_deg"": 3.69, ""labels"": [323]}]"
2026_08_16/s1,s1,v7,,cluster015,71.04,77.49,6.45,1.575,球L,320,1.0,0.307,0.769,0.0,0.0,0.693,object#316,,1,1,9,球L,1,1,"[{""name"": ""球L"", ""share"": 1.0, ""q"": 0.307, ""capture"": 0.769, ""miss_deg"": 1.09, ""labels"": [320]}]"
2026_08_16/s1,s1,v7,,cluster015,77.81,83.19,5.38,1.535,球M,321,1.0,0.413,1.071,0.0,0.0,0.587,object#17,,1,1,10,球M,1,1,"[{""name"": ""球M"", ""share"": 1.0, ""q"": 0.413, ""capture"": 1.071, ""miss_deg"": 0.0, ""labels"": [321]}]"
2026_08_16/s1,s1,v7,,cluster015,83.45,84.81,1.35,1.57,球M,321,1.0,0.297,0.799,0.0,0.0,0.703,object#17,,1,1,10,球M,1,1,"[{""name"": ""球M"", ""share"": 1.0, ""q"": 0.297, ""capture"": 0.799, ""miss_deg"": 1.0, ""labels"": [321]}]"
2026_08_16/s1,s1,v7,,cluster015,85.1,91.55,6.45,1.599,球R,322,1.0,0.224,0.743,0.0,0.0,0.776,object#318,,1,1,11,球R,1,1,"[{""name"": ""球R"", ""share"": 1.0, ""q"": 0.224, ""capture"": 0.743, ""miss_deg"": 1.16, ""labels"": [322]}]"
2026_08_16/s1,s1,v7,,cluster015,91.92,97.66,5.74,1.509,球M,321,1.0,0.465,1.167,0.0,0.0,0.535,object#317,,1,1,12,球M,1,1,"[{""name"": ""球M"", ""share"": 1.0, ""q"": 0.465, ""capture"": 1.167, ""miss_deg"": 0.0, ""labels"": [321]}]"
2026_08_16/s1,s1,v7,,cluster015,97.82,98.96,1.14,1.49,球M,321,1.0,0.563,1.413,0.0,0.0,0.437,object#317,,1,1,12,球M,1,1,"[{""name"": ""球M"", ""share"": 1.0, ""q"": 0.563, ""capture"": 1.413, ""miss_deg"": 0.0, ""labels"": [321]}]"
2026_08_16/s1,s1,v7,,cluster015,99.26,105.98,6.72,1.609,球R,322,1.0,0.326,1.141,0.0,0.0,0.674,object#318,,1,1,13,球R,1,1,"[{""name"": ""球R"", ""share"": 1.0, ""q"": 0.326, ""capture"": 1.141, ""miss_deg"": 0.0, ""labels"": [322]}]"
2026_08_16/s1,s1,v7,,cluster015,106.49,113.21,6.72,1.607,球R,322,0.998,0.287,1.004,0.002,0.002,0.713,object#318,,1,1,14,球R,1,2,"[{""name"": ""球R"", ""share"": 0.998, ""q"": 0.287, ""capture"": 1.004, ""miss_deg"": 0.0, ""labels"": [322]}, {""name"": ""石榴"", ""share"": 0.002, ""q"": 0.001, ""capture"": 0.002, ""miss_deg"": 5.4, ""labels"": [78]}]"
2026_08_16/s1,s1,v7,,cluster015,113.26,113.53,0.27,1.585,香蕉,323,0.821,0.037,0.039,0.564,0.218,0.955,object#17,,0,0,,,,2,"[{""name"": ""香蕉"", ""share"": 0.821, ""q"": 0.037, ""capture"": 0.039, ""miss_deg"": 3.83, ""labels"": [323]}, {""name"": ""球M"", ""share"": 0.179, ""q"": 0.008, ""capture"": 0.022, ""miss_deg"": 4.15, ""labels"": [321]}]"
2026_08_16/s1,s1,v7,,cluster015,113.59,120.3,6.72,1.587,球L,320,1.0,0.286,0.718,0.0,0.0,0.714,object#316,,1,1,15,球L,1,1,"[{""name"": ""球L"", ""share"": 1.0, ""q"": 0.286, ""capture"": 0.718, ""miss_deg"": 1.22, ""labels"": [320]}]"
2026_08_16/s1,s1,v7,,cluster015,120.89,121.16,0.27,2.286,,-1,0.0,0.0,,,,1.0,object#20,,0,0,,,,0,[]
2026_08_16/s1,s1,v7,,cluster015,121.21,121.48,0.27,2.891,,-1,0.0,0.0,,,,1.0,object#187,,0,0,,,,0,[]
2026_08_16/s1,s1,v7,,cluster015,121.65,122.24,0.6,2.228,,-1,0.0,0.0,,,,1.0,object#187,,0,0,,,,0,[]
2026_08_16/s1,s1,v7,,cluster015,122.84,123.27,0.43,1.992,,-1,0.0,0.0,,,,1.0,object#187,,0,0,,,,0,[]
2026_08_16/s1,s1,v7,,cluster015,123.58,123.85,0.27,1.311,,-1,0.0,0.0,,,,1.0,object#11,,0,0,,,,0,[]
2026_08_16/s1,s1,v7,,cluster015,124.38,124.7,0.32,1.534,,-1,0.0,0.0,,,,1.0,object#59,,0,0,,,,0,[]
2026_08_16/s2,s2,v7,,cluster015,2.37,2.75,0.38,1.772,,-1,0.0,0.0,,,,1.0,object#20,,0,0,,,,0,[]
2026_08_16/s2,s2,v7,,cluster015,3.18,3.68,0.5,2.063,,-1,0.0,0.0,,,,1.0,object#32,,0,0,,,,0,[]
2026_08_16/s2,s2,v7,,cluster015,4.48,4.97,0.48,1.741,,-1,0.0,0.0,,,,1.0,floor,,0,0,,,,0,[]
2026_08_16/s2,s2,v7,,cluster015,7.07,7.39,0.32,2.564,球M,321,1.0,0.192,1.171,0.0,0.0,0.808,object#17,,1,1,,,,1,"[{""name"": ""球M"", ""share"": 1.0, ""q"": 0.192, ""capture"": 1.171, ""miss_deg"": 0.0, ""labels"": [321]}]"
2026_08_16/s2,s2,v7,,cluster015,7.87,8.25,0.38,3.118,,-1,0.0,0.0,,,,1.0,object#20,,0,0,,,,0,[]
2026_08_16/s2,s2,v7,,cluster015,8.58,9.12,0.54,3.212,,-1,0.0,0.0,,,,1.0,object#20,,0,0,,,,0,[]
2026_08_16/s2,s2,v7,,cluster015,9.23,9.5,0.27,3.333,,-1,0.0,0.0,,,,1.0,object#32,,0,0,,,,0,[]
2026_08_16/s2,s2,v7,,cluster015,9.55,10.53,0.97,3.214,,-1,0.0,0.0,,,,1.0,object#20,,0,0,,,,0,[]
2026_08_16/s2,s2,v7,,cluster015,11.55,11.93,0.38,3.041,,-1,0.0,0.0,,,,1.0,floor,,0,0,,,,0,[]
2026_08_16/s2,s2,v7,,cluster015,12.2,12.63,0.43,3.094,,-1,0.0,0.0,,,,1.0,floor,,0,0,,,,0,[]
2026_08_16/s2,s2,v7,,cluster015,12.96,14.15,1.19,3.417,,-1,0.0,0.0,,,,1.0,object#32,,0,0,,,,0,[]
2026_08_16/s2,s2,v7,,cluster015,14.48,15.35,0.87,2.432,球M,321,0.996,0.206,1.259,0.001,0.004,0.793,object#17,,1,1,,,,2,"[{""name"": ""球M"", ""share"": 0.996, ""q"": 0.206, ""capture"": 1.259, ""miss_deg"": 0.0, ""labels"": [321]}, {""name"": ""香蕉"", ""share"": 0.004, ""q"": 0.001, ""capture"": 0.001, ""miss_deg"": 5.49, ""labels"": [323]}]"
2026_08_16/s2,s2,v7,,cluster015,15.4,16.05,0.65,2.42,苹果,300,0.318,0.11,0.494,0.686,1.969,0.654,object#17,,0,0,,,,3,"[{""name"": ""苹果"", ""share"": 0.318, ""q"": 0.11, ""capture"": 0.494, ""miss_deg"": 1.78, ""labels"": [300]}, {""name"": ""香蕉"", ""share"": 0.626, ""q"": 0.217, ""capture"": 0.339, ""miss_deg"": 2.21, ""labels"": [323]}, {""name"": ""球L"", ""share"": 0.056, ""q"": 0.019, ""capture"": 0.094, ""miss_deg"": 3.26, ""labels"": [320]}]"
2026_08_16/s2,s2,v7,,cluster015,16.38,16.81,0.43,2.449,球L,320,0.468,0.104,0.548,0.318,1.045,0.778,object#316,,1,0,,,,3,"[{""name"": ""球L"", ""share"": 0.468, ""q"": 0.104, ""capture"": 0.548, ""miss_deg"": 1.64, ""labels"": [320]}, {""name"": ""香蕉"", ""share"": 0.489, ""q"": 0.108, ""capture"": 0.174, ""miss_deg"": 2.8, ""labels"": [323]}, {""name"": ""苹果"", ""share"": 0.043, ""q"": 0.009, ""capture"": 0.046, ""miss_deg"": 3.72, ""labels"": [300]}]"
2026_08_16/s2,s2,v7,,cluster015,17.54,23.92,6.38,2.352,球M,321,1.0,0.257,1.359,0.0,0.0,0.743,object#317,,1,1,1,球M,1,1,"[{""name"": ""球M"", ""share"": 1.0, ""q"": 0.257, ""capture"": 1.359, ""miss_deg"": 0.0, ""labels"": [321]}]"
2026_08_16/s2,s2,v7,,cluster015,24.17,30.51,6.34,2.485,球R,322,0.855,0.109,0.919,0.124,0.17,0.872,object#318,,1,1,2,球R,1,2,"[{""name"": ""球R"", ""share"": 0.855, ""q"": 0.109, ""capture"": 0.919, ""miss_deg"": 0.62, ""labels"": [322]}, {""name"": ""石榴"", ""share"": 0.145, ""q"": 0.019, ""capture"": 0.114, ""miss_deg"": 3.13, ""labels"": [78]}]"
2026_08_16/s2,s2,v7,,cluster015,30.84,37.66,6.82,2.397,球M,321,1.0,0.273,1.666,0.0,0.0,0.727,object#17,,1,1,3,球M,1,1,"[{""name"": ""球M"", ""share"": 1.0, ""q"": 0.273, ""capture"": 1.666, ""miss_deg"": 0.0, ""labels"": [321]}]"
2026_08_16/s2,s2,v7,,cluster015,37.96,44.4,6.45,2.488,球R,322,0.777,0.151,1.269,0.208,0.287,0.806,object#318,,1,1,4,球R,1,2,"[{""name"": ""球R"", ""share"": 0.777, ""q"": 0.151, ""capture"": 1.269, ""miss_deg"": 0.0, ""labels"": [322]}, {""name"": ""石榴"", ""share"": 0.223, ""q"": 0.043, ""capture"": 0.264, ""miss_deg"": 2.45, ""labels"": [78]}]"
2026_08_16/s2,s2,v7,,cluster015,44.81,51.36,6.55,2.44,球L,320,0.463,0.148,0.716,0.335,0.335,0.681,object#316,,1,0,5,球L,1,3,"[{""name"": ""球L"", ""share"": 0.463, ""q"": 0.148, ""capture"": 0.716, ""miss_deg"": 1.23, ""labels"": [320]}, {""name"": ""苹果"", ""share"": 0.155, ""q"": 0.049, ""capture"": 0.24, ""miss_deg"": 2.53, ""labels"": [300]}, {""name"": ""香蕉"", ""share"": 0.382, ""q"": 0.122, ""capture"": 0.194, ""miss_deg"": 2.72, ""labels"": [323]}]"
2026_08_16/s2,s2,v7,,cluster015,51.83,57.08,5.25,2.471,球R,322,0.77,0.154,1.122,0.25,0.299,0.801,object#318,,1,1,6,球R,1,2,"[{""name"": ""球R"", ""share"": 0.77, ""q"": 0.154, ""capture"": 1.122, ""miss_deg"": 0.0, ""labels"": [322]}, {""name"": ""石榴"", ""share"": 0.23, ""q"": 0.046, ""capture"": 0.28, ""miss_deg"": 2.39, ""labels"": [78]}]"
2026_08_16/s2,s2,v7,,cluster015,57.41,58.22,0.81,2.444,球R,322,0.727,0.133,0.975,0.315,0.376,0.816,object#318,,1,1,6,球R,1,2,"[{""name"": ""球R"", ""share"": 0.727, ""q"": 0.133, ""capture"": 0.975, ""miss_deg"": 0.34, ""labels"": [322]}, {""name"": ""石榴"", ""share"": 0.273, ""q"": 0.05, ""capture"": 0.307, ""miss_deg"": 2.31, ""labels"": [78]}]"
2026_08_16/s2,s2,v7,,cluster015,58.39,61.86,3.47,2.406,球M,321,0.999,0.267,1.634,0.0,0.001,0.732,object#17,,1,1,,,,2,"[{""name"": ""球M"", ""share"": 0.999, ""q"": 0.267, ""capture"": 1.634, ""miss_deg"": 0.0, ""labels"": [321]}, {""name"": ""香蕉"", ""share"": 0.001, ""q"": 0.0, ""capture"": 0.0, ""miss_deg"": 6.0, ""labels"": [323]}]"
2026_08_16/s2,s2,v7,,cluster015,62.19,63.05,0.87,2.454,球M,321,0.986,0.238,1.457,0.004,0.014,0.758,object#17,,1,1,7,球M,1,2,"[{""name"": ""球M"", ""share"": 0.986, ""q"": 0.238, ""capture"": 1.457, ""miss_deg"": 0.0, ""labels"": [321]}, {""name"": ""香蕉"", ""share"": 0.014, ""q"": 0.003, ""capture"": 0.006, ""miss_deg"": 4.84, ""labels"": [323]}]"
2026_08_16/s2,s2,v7,,cluster015,63.11,63.81,0.7,2.428,苹果,300,0.239,0.085,0.381,0.94,2.695,0.645,object#316,,0,0,7,球M,0,3,"[{""name"": ""苹果"", ""share"": 0.239, ""q"": 0.085, ""capture"": 0.381, ""miss_deg"": 2.08, ""labels"": [300]}, {""name"": ""香蕉"", ""share"": 0.644, ""q"": 0.228, ""capture"": 0.358, ""miss_deg"": 2.15, ""labels"": [323]}, {""name"": ""球L"", ""share"": 0.117, ""q"": 0.041, ""capture"": 0.201, ""miss_deg"": 2.69, ""labels"": [320]}]"
2026_08_16/s2,s2,v7,,cluster015,63.86,65.16,1.3,2.479,球M,321,1.0,0.183,1.12,0.0,0.0,0.817,object#17,,1,1,7,球M,1,1,"[{""name"": ""球M"", ""share"": 1.0, ""q"": 0.183, ""capture"": 1.12, ""miss_deg"": 0.0, ""labels"": [321]}]"
2026_08_16/s2,s2,v7,,cluster015,65.22,72.15,6.93,2.465,球L,320,0.527,0.158,0.834,0.335,0.364,0.701,object#316,,1,1,8,球L,1,3,"[{""name"": ""球L"", ""share"": 0.527, ""q"": 0.158, ""capture"": 0.834, ""miss_deg"": 0.9, ""labels"": [320]}, {""name"": ""苹果"", ""share"": 0.192, ""q"": 0.058, ""capture"": 0.279, ""miss_deg"": 2.4, ""labels"": [300]}, {""name"": ""香蕉"", ""share"": 0.28, ""q"": 0.084, ""capture"": 0.135, ""miss_deg"": 3.0, ""labels"": [323]}]"
2026_08_16/s2,s2,v7,,cluster015,72.65,76.11,3.47,2.543,球R,322,0.827,0.134,1.124,0.152,0.209,0.838,object#318,,1,1,,,,2,"[{""name"": ""球R"", ""share"": 0.827, ""q"": 0.134, ""capture"": 1.124, ""miss_deg"": 0.0, ""labels"": [322]}, {""name"": ""石榴"", ""share"": 0.173, ""q"": 0.028, ""capture"": 0.171, ""miss_deg"": 2.82, ""labels"": [78]}]"
2026_08_16/s2,s2,v7,,cluster015,76.17,76.44,0.27,2.434,球M,321,0.907,0.066,0.403,0.089,0.103,0.927,object#17,,1,1,9,球R,0,2,"[{""name"": ""球M"", ""share"": 0.907, ""q"": 0.066, ""capture"": 0.403, ""miss_deg"": 2.02, ""labels"": [321]}, {""name"": ""石榴"", ""share"": 0.093, ""q"": 0.007, ""capture"": 0.036, ""miss_deg"": 3.88, ""labels"": [78]}]"
2026_08_16/s2,s2,v7,,cluster015,76.49,84.07,7.58,2.517,球R,322,0.78,0.14,1.177,0.205,0.282,0.821,object#318,,1,1,10,球R,1,2,"[{""name"": ""球R"", ""share"": 0.78, ""q"": 0.14, ""capture"": 1.177, ""miss_deg"": 0.0, ""labels"": [322]}, {""name"": ""石榴"", ""share"": 0.22, ""q"": 0.039, ""capture"": 0.241, ""miss_deg"": 2.53, ""labels"": [78]}]"
2026_08_16/s2,s2,v7,,cluster015,84.66,86.02,1.35,2.529,球R,322,0.689,0.144,1.209,0.328,0.451,0.792,object#318,,1,1,10,球R,1,2,"[{""name"": ""球R"", ""share"": 0.689, ""q"": 0.144, ""capture"": 1.209, ""miss_deg"": 0.0, ""labels"": [322]}, {""name"": ""石榴"", ""share"": 0.311, ""q"": 0.065, ""capture"": 0.396, ""miss_deg"": 2.04, ""labels"": [78]}]"
2026_08_16/s2,s2,v7,,cluster015,86.52,93.35,6.82,2.419,球M,321,0.997,0.289,1.764,0.001,0.003,0.71,object#17,,1,1,11,球M,1,2,"[{""name"": ""球M"", ""share"": 0.997, ""q"": 0.289, ""capture"": 1.764, ""miss_deg"": 0.0, ""labels"": [321]}, {""name"": ""香蕉"", ""share"": 0.003, ""q"": 0.001, ""capture"": 0.001, ""miss_deg"": 5.42, ""labels"": [323]}]"
2026_08_16/s2,s2,v7,,cluster015,93.7,100.26,6.56,2.47,球L,320,0.54,0.142,0.749,0.199,0.654,0.737,object#316,,1,1,12,球L,1,3,"[{""name"": ""球L"", ""share"": 0.54, ""q"": 0.142, ""capture"": 0.749, ""miss_deg"": 1.14, ""labels"": [320]}, {""name"": ""香蕉"", ""share"": 0.353, ""q"": 0.093, ""capture"": 0.149, ""miss_deg"": 2.93, ""labels"": [323]}, {""name"": ""苹果"", ""share"": 0.107, ""q"": 0.028, ""capture"": 0.137, ""miss_deg"": 2.99, ""labels"": [300]}]"
2026_08_16/s2,s2,v7,,cluster015,100.68,104.42,3.74,2.428,球M,321,1.0,0.279,1.706,0.0,0.0,0.721,object#317,,1,1,,,,1,"[{""name"": ""球M"", ""share"": 1.0, ""q"": 0.279, ""capture"": 1.706, ""miss_deg"": 0.0, ""labels"": [321]}]"
2026_08_16/s2,s2,v7,,cluster015,104.69,107.5,2.82,2.386,球M,321,1.0,0.283,1.73,0.0,0.0,0.717,object#17,,1,1,13,球M,1,2,"[{""name"": ""球M"", ""share"": 1.0, ""q"": 0.283, ""capture"": 1.73, ""miss_deg"": 0.0, ""labels"": [321]}, {""name"": ""香蕉"", ""share"": 0.0, ""q"": 0.0, ""capture"": 0.0, ""miss_deg"": 6.17, ""labels"": [323]}]"
2026_08_16/s2,s2,v7,,cluster015,107.84,109.25,1.41,2.454,球L,320,0.459,0.141,0.746,0.315,0.342,0.692,object#316,,1,0,,,,3,"[{""name"": ""球L"", ""share"": 0.459, ""q"": 0.141, ""capture"": 0.746, ""miss_deg"": 1.15, ""labels"": [320]}, {""name"": ""苹果"", ""share"": 0.157, ""q"": 0.048, ""capture"": 0.235, ""miss_deg"": 2.55, ""labels"": [300]}, {""name"": ""香蕉"", ""share"": 0.384, ""q"": 0.118, ""capture"": 0.19, ""miss_deg"": 2.73, ""labels"": [323]}]"
2026_08_16/s2,s2,v7,,cluster015,109.57,114.67,5.09,2.461,球L,320,0.412,0.135,0.712,0.39,0.427,0.673,object#316,,1,0,14,球L,1,3,"[{""name"": ""球L"", ""share"": 0.412, ""q"": 0.135, ""capture"": 0.712, ""miss_deg"": 1.24, ""labels"": [320]}, {""name"": ""苹果"", ""share"": 0.176, ""q"": 0.057, ""capture"": 0.278, ""miss_deg"": 2.4, ""labels"": [300]}, {""name"": ""香蕉"", ""share"": 0.412, ""q"": 0.135, ""capture"": 0.217, ""miss_deg"": 2.62, ""labels"": [323]}]"
2026_08_16/s2,s2,v7,,cluster015,115.03,118.72,3.68,2.464,球L,320,0.548,0.159,0.841,0.269,0.294,0.71,object#316,,1,1,,,,3,"[{""name"": ""球L"", ""share"": 0.548, ""q"": 0.159, ""capture"": 0.841, ""miss_deg"": 0.88, ""labels"": [320]}, {""name"": ""苹果"", ""share"": 0.161, ""q"": 0.047, ""capture"": 0.226, ""miss_deg"": 2.59, ""labels"": [300]}, {""name"": ""香蕉"", ""share"": 0.291, ""q"": 0.085, ""capture"": 0.136, ""miss_deg"": 3.0, ""labels"": [323]}]"
2026_08_16/s2,s2,v7,,cluster015,118.99,120.34,1.35,2.479,球L,320,0.534,0.15,0.791,0.244,0.266,0.72,object#316,,1,1,15,球L,1,3,"[{""name"": ""球L"", ""share"": 0.534, ""q"": 0.15, ""capture"": 0.791, ""miss_deg"": 1.03, ""labels"": [320]}, {""name"": ""苹果"", ""share"": 0.142, ""q"": 0.04, ""capture"": 0.193, ""miss_deg"": 2.72, ""labels"": [300]}, {""name"": ""香蕉"", ""share"": 0.324, ""q"": 0.091, ""capture"": 0.148, ""miss_deg"": 2.93, ""labels"": [323]}]"
2026_08_16/s2,s2,v7,,cluster015,120.39,120.88,0.49,2.366,球M,321,0.604,0.097,0.594,0.162,0.642,0.839,object#17,,1,1,15,球L,0,3,"[{""name"": ""球M"", ""share"": 0.604, ""q"": 0.097, ""capture"": 0.594, ""miss_deg"": 1.53, ""labels"": [321]}, {""name"": ""香蕉"", ""share"": 0.388, ""q"": 0.062, ""capture"": 0.096, ""miss_deg"": 3.25, ""labels"": [323]}, {""name"": ""苹果"", ""share"": 0.009, ""q"": 0.001, ""capture"": 0.006, ""miss_deg"": 4.77, ""labels"": [300]}]"
2026_08_16/s2,s2,v7,,cluster015,121.64,121.97,0.32,3.111,,-1,0.0,0.0,,,,1.0,object#187,,0,0,15,球L,,0,[]
2026_08_16/s2,s2,v7,,cluster015,122.54,122.92,0.38,2.943,,-1,0.0,0.0,,,,1.0,floor,,0,0,,,,0,[]
2026_08_16/s2,s2,v7,,cluster015,123.42,123.8,0.38,2.47,,-1,0.0,0.0,,,,1.0,object#32,,0,0,,,,0,[]
2026_08_16/s2,s2,v7,,cluster015,124.29,125.05,0.76,1.707,,-1,0.0,0.0,,,,1.0,object#11,,0,0,,,,0,[]
2026_08_16/s2,s2,v7,,cluster015,125.22,125.49,0.27,1.516,,-1,0.0,0.0,,,,1.0,object#23,,0,0,,,,0,[]
2026_08_16/s2,s2,v7,,cluster015,126.52,127.01,0.49,1.256,,-1,0.0,0.0,,,,1.0,object#23,,0,0,,,,0,[]
2026_08_16/s3,s3,v7,,cluster015,1.77,2.04,0.27,0.687,,-1,0.0,0.0,,,,1.0,object#20,,0,0,,,,0,[]
2026_08_16/s3,s3,v7,,cluster015,2.37,3.62,1.25,1.076,,-1,0.0,0.0,,,,1.0,object#20,,0,0,,,,0,[]
2026_08_16/s3,s3,v7,,cluster015,4.25,4.74,0.49,1.764,,-1,0.0,0.0,,,,1.0,object#32,,0,0,,,,0,[]
2026_08_16/s3,s3,v7,,cluster015,10.95,11.22,0.27,3.992,,-1,0.0,0.0,,,,1.0,object#20,,0,0,,,,0,[]
2026_08_16/s3,s3,v7,,cluster015,11.27,14.74,3.47,4.051,,-1,0.0,0.0,,,,1.0,object#187,,0,0,,,,0,[]
2026_08_16/s3,s3,v7,,cluster015,15.9,16.39,0.49,4.299,球M,321,0.988,0.093,1.763,0.002,0.012,0.906,object#46,,1,1,,,,2,"[{""name"": ""球M"", ""share"": 0.988, ""q"": 0.093, ""capture"": 1.763, ""miss_deg"": 0.0, ""labels"": [321]}, {""name"": ""香蕉"", ""share"": 0.012, ""q"": 0.001, ""capture"": 0.004, ""miss_deg"": 4.95, ""labels"": [323]}]"
2026_08_16/s3,s3,v7,,cluster015,16.61,16.88,0.27,4.273,球M,321,0.982,0.12,2.276,0.004,0.018,0.878,object#179,,1,1,,,,2,"[{""name"": ""球M"", ""share"": 0.982, ""q"": 0.12, ""capture"": 2.276, ""miss_deg"": 0.0, ""labels"": [321]}, {""name"": ""香蕉"", ""share"": 0.018, ""q"": 0.002, ""capture"": 0.008, ""miss_deg"": 4.65, ""labels"": [323]}]"
2026_08_16/s3,s3,v7,,cluster015,17.31,18.39,1.08,3.243,球M,321,0.951,0.18,1.639,0.013,0.052,0.811,object#317,,1,1,,,,2,"[{""name"": ""球M"", ""share"": 0.951, ""q"": 0.18, ""capture"": 1.639, ""miss_deg"": 0.0, ""labels"": [321]}, {""name"": ""香蕉"", ""share"": 0.049, ""q"": 0.009, ""capture"": 0.021, ""miss_deg"": 4.16, ""labels"": [323]}]"
2026_08_16/s3,s3,v7,,cluster015,19.37,19.69,0.32,3.551,球M,321,0.994,0.054,0.589,0.002,0.006,0.946,object#179,,1,1,1,球M,1,2,"[{""name"": ""球M"", ""share"": 0.994, ""q"": 0.054, ""capture"": 0.589, ""miss_deg"": 1.54, ""labels"": [321]}, {""name"": ""香蕉"", ""share"": 0.006, ""q"": 0.0, ""capture"": 0.001, ""miss_deg"": 5.61, ""labels"": [323]}]"
2026_08_16/s3,s3,v7,,cluster015,19.75,22.4,2.65,3.456,球M,321,1.0,0.033,0.36,0.0,0.0,0.967,object#179,,1,1,1,球M,1,1,"[{""name"": ""球M"", ""share"": 1.0, ""q"": 0.033, ""capture"": 0.36, ""miss_deg"": 2.15, ""labels"": [321]}]"
2026_08_16/s3,s3,v7,,cluster015,22.46,22.94,0.49,3.675,球M,321,0.997,0.043,0.475,0.0,0.003,0.957,object#179,,1,1,1,球M,1,2,"[{""name"": ""球M"", ""share"": 0.997, ""q"": 0.043, ""capture"": 0.475, ""miss_deg"": 1.83, ""labels"": [321]}, {""name"": ""香蕉"", ""share"": 0.003, ""q"": 0.0, ""capture"": 0.0, ""miss_deg"": 5.94, ""labels"": [323]}]"
2026_08_16/s3,s3,v7,,cluster015,23.0,23.76,0.76,3.526,球M,321,1.0,0.048,0.527,0.0,0.0,0.952,object#179,,1,1,1,球M,1,1,"[{""name"": ""球M"", ""share"": 1.0, ""q"": 0.048, ""capture"": 0.527, ""miss_deg"": 1.7, ""labels"": [321]}]"
2026_08_16/s3,s3,v7,,cluster015,24.16,30.23,6.07,3.348,球L,320,0.652,0.04,0.362,0.135,0.489,0.939,object#10,,1,1,2,球L,1,3,"[{""name"": ""球L"", ""share"": 0.652, ""q"": 0.04, ""capture"": 0.362, ""miss_deg"": 2.14, ""labels"": [320]}, {""name"": ""香蕉"", ""share"": 0.319, ""q"": 0.019, ""capture"": 0.049, ""miss_deg"": 3.69, ""labels"": [323]}, {""name"": ""苹果"", ""share"": 0.028, ""q"": 0.002, ""capture"": 0.016, ""miss_deg"": 4.32, ""labels"": [300]}]"
2026_08_16/s3,s3,v7,,cluster015,30.95,31.22,0.27,3.434,球M,321,0.992,0.133,1.456,0.002,0.008,0.866,object#179,,1,1,,,,2,"[{""name"": ""球M"", ""share"": 0.992, ""q"": 0.133, ""capture"": 1.456, ""miss_deg"": 0.0, ""labels"": [321]}, {""name"": ""香蕉"", ""share"": 0.008, ""q"": 0.001, ""capture"": 0.003, ""miss_deg"": 5.15, ""labels"": [323]}]"
2026_08_16/s3,s3,v7,,cluster015,31.27,37.77,6.5,3.347,球L,320,0.664,0.04,0.362,0.135,0.136,0.94,object#10,,1,1,3,球L,1,3,"[{""name"": ""球L"", ""share"": 0.664, ""q"": 0.04, ""capture"": 0.362, ""miss_deg"": 2.14, ""labels"": [320]}, {""name"": ""苹果"", ""share"": 0.09, ""q"": 0.005, ""capture"": 0.049, ""miss_deg"": 3.68, ""labels"": [300]}, {""name"": ""香蕉"", ""share"": 0.246, ""q"": 0.015, ""capture"": 0.037, ""miss_deg"": 3.85, ""labels"": [323]}]"
2026_08_16/s3,s3,v7,,cluster015,38.15,38.58,0.43,3.638,球M,321,0.986,0.045,0.49,0.004,0.014,0.955,object#46,,1,1,,,,2,"[{""name"": ""球M"", ""share"": 0.986, ""q"": 0.045, ""capture"": 0.49, ""miss_deg"": 1.79, ""labels"": [321]}, {""name"": ""香蕉"", ""share"": 0.014, ""q"": 0.001, ""capture"": 0.002, ""miss_deg"": 5.34, ""labels"": [323]}]"
2026_08_16/s3,s3,v7,,cluster015,40.31,40.64,0.32,3.369,球M,321,0.829,0.138,1.518,0.045,0.189,0.833,object#317,,1,1,4,球M,1,3,"[{""name"": ""球M"", ""share"": 0.829, ""q"": 0.138, ""capture"": 1.518, ""miss_deg"": 0.0, ""labels"": [321]}, {""name"": ""香蕉"", ""share"": 0.157, ""q"": 0.026, ""capture"": 0.068, ""miss_deg"": 3.48, ""labels"": [323]}, {""name"": ""苹果"", ""share"": 0.014, ""q"": 0.002, ""capture"": 0.021, ""miss_deg"": 4.16, ""labels"": [300]}]"
2026_08_16/s3,s3,v7,,cluster015,42.48,43.56,1.08,3.376,球M,321,0.941,0.147,1.611,0.015,0.063,0.844,object#317,,1,1,4,球M,1,3,"[{""name"": ""球M"", ""share"": 0.941, ""q"": 0.147, ""capture"": 1.611, ""miss_deg"": 0.0, ""labels"": [321]}, {""name"": ""香蕉"", ""share"": 0.059, ""q"": 0.009, ""capture"": 0.024, ""miss_deg"": 4.1, ""labels"": [323]}, {""name"": ""苹果"", ""share"": 0.001, ""q"": 0.0, ""capture"": 0.001, ""miss_deg"": 5.49, ""labels"": [300]}]"
2026_08_16/s3,s3,v7,,cluster015,43.72,43.99,0.27,4.436,球M,321,0.984,0.112,2.133,0.004,0.016,0.886,object#179,,1,1,4,球M,1,2,"[{""name"": ""球M"", ""share"": 0.984, ""q"": 0.112, ""capture"": 2.133, ""miss_deg"": 0.0, ""labels"": [321]}, {""name"": ""香蕉"", ""share"": 0.016, ""q"": 0.002, ""capture"": 0.008, ""miss_deg"": 4.69, ""labels"": [323]}]"
2026_08_16/s3,s3,v7,,cluster015,44.1,44.59,0.49,4.489,球M,321,0.975,0.112,2.123,0.006,0.026,0.885,object#179,,1,1,4,球M,1,2,"[{""name"": ""球M"", ""share"": 0.975, ""q"": 0.112, ""capture"": 2.123, ""miss_deg"": 0.0, ""labels"": [321]}, {""name"": ""香蕉"", ""share"": 0.025, ""q"": 0.003, ""capture"": 0.012, ""miss_deg"": 4.48, ""labels"": [323]}]"
2026_08_16/s3,s3,v7,,cluster015,45.04,51.49,6.45,3.395,球R,322,0.741,0.043,0.595,0.276,0.35,0.942,object#130,,1,1,5,球R,1,2,"[{""name"": ""球R"", ""share"": 0.741, ""q"": 0.043, ""capture"": 0.595, ""miss_deg"": 1.53, ""labels"": [322]}, {""name"": ""石榴"", ""share"": 0.259, ""q"": 0.015, ""capture"": 0.164, ""miss_deg"": 2.85, ""labels"": [78]}]"
2026_08_16/s3,s3,v7,,cluster015,52.01,58.46,6.45,3.387,球R,322,0.709,0.044,0.605,0.324,0.41,0.939,object#130,,1,1,6,球R,1,2,"[{""name"": ""球R"", ""share"": 0.709, ""q"": 0.044, ""capture"": 0.605, ""miss_deg"": 1.5, ""labels"": [322]}, {""name"": ""石榴"", ""share"": 0.291, ""q"": 0.018, ""capture"": 0.196, ""miss_deg"": 2.71, ""labels"": [78]}]"
2026_08_16/s3,s3,v7,,cluster015,59.13,63.74,4.6,3.337,球L,320,0.509,0.048,0.441,0.254,0.253,0.905,object#10,,1,1,7,球L,1,3,"[{""name"": ""球L"", ""share"": 0.509, ""q"": 0.048, ""capture"": 0.441, ""miss_deg"": 1.92, ""labels"": [320]}, {""name"": ""苹果"", ""share"": 0.129, ""q"": 0.012, ""capture"": 0.112, ""miss_deg"": 3.14, ""labels"": [300]}, {""name"": ""香蕉"", ""share"": 0.361, ""q"": 0.034, ""capture"": 0.086, ""miss_deg"": 3.32, ""labels"": [323]}]"
2026_08_16/s3,s3,v7,,cluster015,63.79,66.06,2.27,3.354,球L,320,0.421,0.063,0.572,0.498,0.499,0.851,object#316,,1,0,7,球L,1,3,"[{""name"": ""球L"", ""share"": 0.421, ""q"": 0.063, ""capture"": 0.572, ""miss_deg"": 1.59, ""labels"": [320]}, {""name"": ""苹果"", ""share"": 0.21, ""q"": 0.031, ""capture"": 0.285, ""miss_deg"": 2.38, ""labels"": [300]}, {""name"": ""香蕉"", ""share"": 0.368, ""q"": 0.055, ""capture"": 0.138, ""miss_deg"": 2.99, ""labels"": [323]}]"
2026_08_16/s3,s3,v7,,cluster015,66.19,72.25,6.06,3.347,球L,320,0.706,0.05,0.457,0.166,0.166,0.929,object#10,,1,1,8,球L,1,3,"[{""name"": ""球L"", ""share"": 0.706, ""q"": 0.05, ""capture"": 0.457, ""miss_deg"": 1.88, ""labels"": [320]}, {""name"": ""苹果"", ""share"": 0.117, ""q"": 0.008, ""capture"": 0.076, ""miss_deg"": 3.41, ""labels"": [300]}, {""name"": ""香蕉"", ""share"": 0.177, ""q"": 0.013, ""capture"": 0.031, ""miss_deg"": 3.94, ""labels"": [323]}]"
2026_08_16/s3,s3,v7,,cluster015,72.59,78.55,5.96,3.407,球M,321,0.933,0.174,1.912,0.016,0.069,0.813,object#17,,1,1,9,球M,1,3,"[{""name"": ""球M"", ""share"": 0.933, ""q"": 0.174, ""capture"": 1.912, ""miss_deg"": 0.0, ""labels"": [321]}, {""name"": ""香蕉"", ""share"": 0.064, ""q"": 0.012, ""capture"": 0.031, ""miss_deg"": 3.96, ""labels"": [323]}, {""name"": ""苹果"", ""share"": 0.003, ""q"": 0.001, ""capture"": 0.006, ""miss_deg"": 4.83, ""labels"": [300]}]"
2026_08_16/s3,s3,v7,,cluster015,78.77,79.25,0.49,3.404,球M,321,0.976,0.172,1.889,0.006,0.025,0.824,object#317,,1,1,9,球M,1,2,"[{""name"": ""球M"", ""share"": 0.976, ""q"": 0.172, ""capture"": 1.889, ""miss_deg"": 0.0, ""labels"": [321]}, {""name"": ""香蕉"", ""share"": 0.024, ""q"": 0.004, ""capture"": 0.011, ""miss_deg"": 4.5, ""labels"": [323]}]"
2026_08_16/s3,s3,v7,,cluster015,79.6,82.91,3.3,3.375,球R,322,0.649,0.066,0.919,0.355,0.541,0.898,object#318,,1,1,,,,2,"[{""name"": ""球R"", ""share"": 0.649, ""q"": 0.066, ""capture"": 0.919, ""miss_deg"": 0.62, ""labels"": [322]}, {""name"": ""石榴"", ""share"": 0.351, ""q"": 0.036, ""capture"": 0.326, ""miss_deg"": 2.24, ""labels"": [78]}]"
2026_08_16/s3,s3,v7,,cluster015,82.96,83.94,0.97,3.404,球M,321,0.833,0.077,0.843,0.114,0.114,0.908,object#130,,1,1,10,球R,0,3,"[{""name"": ""球M"", ""share"": 0.833, ""q"": 0.077, ""capture"": 0.843, ""miss_deg"": 0.88, ""labels"": [321]}, {""name"": ""石榴"", ""share"": 0.095, ""q"": 0.009, ""capture"": 0.096, ""miss_deg"": 3.24, ""labels"": [78]}, {""name"": ""球R"", ""share"": 0.072, ""q"": 0.007, ""capture"": 0.092, ""miss_deg"": 3.28, ""labels"": [322]}]"
2026_08_16/s3,s3,v7,,cluster015,83.99,84.91,0.92,3.398,球R,322,0.575,0.073,1.019,0.585,0.739,0.872,object#318,,1,1,10,球R,1,2,"[{""name"": ""球R"", ""share"": 0.575, ""q"": 0.073, ""capture"": 1.019, ""miss_deg"": 0.0, ""labels"": [322]}, {""name"": ""石榴"", ""share"": 0.425, ""q"": 0.054, ""capture"": 0.596, ""miss_deg"": 1.53, ""labels"": [78]}]"
2026_08_16/s3,s3,v7,,cluster015,85.52,93.42,7.91,3.364,球L,320,0.398,0.059,0.537,0.495,0.495,0.852,object#316,,1,0,11,球L,1,3,"[{""name"": ""球L"", ""share"": 0.398, ""q"": 0.059, ""capture"": 0.537, ""miss_deg"": 1.67, ""labels"": [320]}, {""name"": ""苹果"", ""share"": 0.197, ""q"": 0.029, ""capture"": 0.266, ""miss_deg"": 2.44, ""labels"": [300]}, {""name"": ""香蕉"", ""share"": 0.404, ""q"": 0.06, ""capture"": 0.15, ""miss_deg"": 2.92, ""labels"": [323]}]"
2026_08_16/s3,s3,v7,,cluster015,94.37,96.1,1.73,3.392,球M,321,0.917,0.161,1.771,0.02,0.086,0.824,object#317,,1,1,,,,3,"[{""name"": ""球M"", ""share"": 0.917, ""q"": 0.161, ""capture"": 1.771, ""miss_deg"": 0.0, ""labels"": [321]}, {""name"": ""香蕉"", ""share"": 0.079, ""q"": 0.014, ""capture"": 0.036, ""miss_deg"": 3.87, ""labels"": [323]}, {""name"": ""苹果"", ""share"": 0.004, ""q"": 0.001, ""capture"": 0.007, ""miss_deg"": 4.72, ""labels"": [300]}]"
2026_08_16/s3,s3,v7,,cluster015,96.21,97.29,1.08,4.431,球M,321,0.978,0.102,1.939,0.005,0.022,0.896,object#179,,1,1,12,球M,1,2,"[{""name"": ""球M"", ""share"": 0.978, ""q"": 0.102, ""capture"": 1.939, ""miss_deg"": 0.0, ""labels"": [321]}, {""name"": ""香蕉"", ""share"": 0.022, ""q"": 0.002, ""capture"": 0.009, ""miss_deg"": 4.6, ""labels"": [323]}]"
2026_08_16/s3,s3,v7,,cluster015,97.72,98.81,1.08,3.535,球M,321,1.0,0.069,0.763,0.0,0.0,0.931,object#179,,1,1,12,球M,1,1,"[{""name"": ""球M"", ""share"": 1.0, ""q"": 0.069, ""capture"": 0.763, ""miss_deg"": 1.1, ""labels"": [321]}]"
2026_08_16/s3,s3,v7,,cluster015,100.9,107.29,6.39,3.386,球R,322,0.816,0.037,0.508,0.179,0.225,0.955,object#130,,1,1,13,球R,1,2,"[{""name"": ""球R"", ""share"": 0.816, ""q"": 0.037, ""capture"": 0.508, ""miss_deg"": 1.75, ""labels"": [322]}, {""name"": ""石榴"", ""share"": 0.184, ""q"": 0.008, ""capture"": 0.091, ""miss_deg"": 3.29, ""labels"": [78]}]"
2026_08_16/s3,s3,v7,,cluster015,107.35,107.67,0.32,3.404,球M,321,0.959,0.084,0.924,0.025,0.025,0.912,object#179,,1,1,,,,3,"[{""name"": ""球M"", ""share"": 0.959, ""q"": 0.084, ""capture"": 0.924, ""miss_deg"": 0.59, ""labels"": [321]}, {""name"": ""石榴"", ""share"": 0.024, ""q"": 0.002, ""capture"": 0.023, ""miss_deg"": 4.12, ""labels"": [78]}, {""name"": ""球R"", ""share"": 0.017, ""q"": 0.002, ""capture"": 0.021, ""miss_deg"": 4.17, ""labels"": [322]}]"
2026_08_16/s3,s3,v7,,cluster015,108.35,108.9,0.54,3.379,球M,321,0.768,0.117,1.288,0.064,0.273,0.847,object#46,,1,1,,,,3,"[{""name"": ""球M"", ""share"": 0.768, ""q"": 0.117, ""capture"": 1.288, ""miss_deg"": 0.0, ""labels"": [321]}, {""name"": ""香蕉"", ""share"": 0.21, ""q"": 0.032, ""capture"": 0.083, ""miss_deg"": 3.35, ""labels"": [323]}, {""name"": ""苹果"", ""share"": 0.018, ""q"": 0.003, ""capture"": 0.026, ""miss_deg"": 4.06, ""labels"": [300]}]"
2026_08_16/s3,s3,v7,,cluster015,109.27,109.55,0.27,4.548,球M,321,0.957,0.113,2.147,0.01,0.045,0.882,object#179,,1,1,14,球M,1,2,"[{""name"": ""球M"", ""share"": 0.957, ""q"": 0.113, ""capture"": 2.147, ""miss_deg"": 0.0, ""labels"": [321]}, {""name"": ""香蕉"", ""share"": 0.043, ""q"": 0.005, ""capture"": 0.022, ""miss_deg"": 4.15, ""labels"": [323]}]"
2026_08_16/s3,s3,v7,,cluster015,109.92,110.68,0.76,3.493,球M,321,0.997,0.087,0.958,0.001,0.002,0.912,object#179,,1,1,14,球M,1,3,"[{""name"": ""球M"", ""share"": 0.997, ""q"": 0.087, ""capture"": 0.958, ""miss_deg"": 0.44, ""labels"": [321]}, {""name"": ""石榴"", ""share"": 0.002, ""q"": 0.0, ""capture"": 0.001, ""miss_deg"": 5.41, ""labels"": [78]}, {""name"": ""香蕉"", ""share"": 0.002, ""q"": 0.0, ""capture"": 0.0, ""miss_deg"": 5.97, ""labels"": [323]}]"
2026_08_16/s3,s3,v7,,cluster015,113.44,113.77,0.32,3.349,球L,320,0.443,0.045,0.409,0.279,1.018,0.899,object#316,,0,0,14,球M,0,3,"[{""name"": ""球L"", ""share"": 0.443, ""q"": 0.045, ""capture"": 0.409, ""miss_deg"": 2.01, ""labels"": [320]}, {""name"": ""香蕉"", ""share"": 0.451, ""q"": 0.046, ""capture"": 0.114, ""miss_deg"": 3.12, ""labels"": [323]}, {""name"": ""苹果"", ""share"": 0.106, ""q"": 0.011, ""capture"": 0.097, ""miss_deg"": 3.24, ""labels"": [300]}]"
2026_08_16/s3,s3,v7,,cluster015,114.04,115.07,1.03,3.388,球M,321,0.978,0.161,1.773,0.005,0.022,0.835,object#317,,1,1,14,球M,1,2,"[{""name"": ""球M"", ""share"": 0.978, ""q"": 0.161, ""capture"": 1.773, ""miss_deg"": 0.0, ""labels"": [321]}, {""name"": ""香蕉"", ""share"": 0.022, ""q"": 0.004, ""capture"": 0.009, ""miss_deg"": 4.58, ""labels"": [323]}]"
2026_08_16/s3,s3,v7,,cluster015,115.32,122.42,7.1,3.378,球R,322,0.633,0.059,0.825,0.381,0.58,0.906,object#318,,1,1,15,球R,1,2,"[{""name"": ""球R"", ""share"": 0.633, ""q"": 0.059, ""capture"": 0.825, ""miss_deg"": 0.93, ""labels"": [322]}, {""name"": ""石榴"", ""share"": 0.367, ""q"": 0.034, ""capture"": 0.314, ""miss_deg"": 2.28, ""labels"": [78]}]"
2026_08_16/s3,s3,v7,,cluster015,123.2,123.58,0.38,3.96,,-1,0.0,0.0,,,,1.0,object#187,,0,0,,,,0,[]
2026_08_16/s3,s3,v7,,cluster015,125.84,126.33,0.49,2.227,,-1,0.0,0.0,,,,1.0,object#59,,0,0,,,,0,[]
2026_08_16/s3,s3,v7,,cluster015,126.38,126.98,0.6,2.002,,-1,0.0,0.0,,,,1.0,object#59,,0,0,,,,0,[]
2026_08_16/s3,s3,v7,,cluster015,127.08,127.35,0.27,1.349,,-1,0.0,0.0,,,,1.0,object#59,,0,0,,,,0,[]
2026_08_16/s3,s3,v7,,cluster015,127.62,128.11,0.49,1.678,,-1,0.0,0.0,,,,1.0,object#278,,0,0,,,,0,[]
2026_08_16/s4,s4,v8,,cluster015,13.61,14.42,0.81,4.797,,-1,0.0,0.0,,,,1.0,object#11,,0,0,,,,0,[]
2026_08_16/s4,s4,v8,,cluster015,15.45,16.15,0.7,3.862,球R,193,0.786,0.011,0.122,0.27,0.272,0.986,object#17,,0,0,,,,2,"[{""name"": ""球R"", ""share"": 0.786, ""q"": 0.011, ""capture"": 0.122, ""miss_deg"": 3.08, ""labels"": [193]}, {""name"": ""球M"", ""share"": 0.214, ""q"": 0.003, ""capture"": 0.033, ""miss_deg"": 3.92, ""labels"": [192]}]"
2026_08_16/s4,s4,v8,,cluster015,16.53,16.91,0.38,3.923,球M,192,1.0,0.011,0.116,0.0,0.0,0.989,object#85,,0,0,1,球L,0,1,"[{""name"": ""球M"", ""share"": 1.0, ""q"": 0.011, ""capture"": 0.116, ""miss_deg"": 3.11, ""labels"": [192]}]"
2026_08_16/s4,s4,v8,,cluster015,18.11,19.63,1.52,3.81,球L,191,0.929,0.031,0.341,0.023,0.076,0.967,object#36,,1,1,1,球L,1,2,"[{""name"": ""球L"", ""share"": 0.929, ""q"": 0.031, ""capture"": 0.341, ""miss_deg"": 2.2, ""labels"": [191]}, {""name"": ""香蕉"", ""share"": 0.071, ""q"": 0.002, ""capture"": 0.008, ""miss_deg"": 4.69, ""labels"": [196]}]"
2026_08_16/s4,s4,v8,,cluster015,19.91,24.68,4.77,3.811,球L,191,0.982,0.022,0.242,0.004,0.018,0.978,object#90,,1,1,1,球L,1,2,"[{""name"": ""球L"", ""share"": 0.982, ""q"": 0.022, ""capture"": 0.242, ""miss_deg"": 2.53, ""labels"": [191]}, {""name"": ""香蕉"", ""share"": 0.018, ""q"": 0.0, ""capture"": 0.001, ""miss_deg"": 5.47, ""labels"": [196]}]"
2026_08_16/s4,s4,v8,,cluster015,24.84,28.91,4.06,3.802,球L,191,0.927,0.033,0.359,0.022,0.079,0.965,object#36,,1,1,2,球L,1,2,"[{""name"": ""球L"", ""share"": 0.927, ""q"": 0.033, ""capture"": 0.359, ""miss_deg"": 2.15, ""labels"": [191]}, {""name"": ""香蕉"", ""share"": 0.073, ""q"": 0.003, ""capture"": 0.008, ""miss_deg"": 4.65, ""labels"": [196]}]"
2026_08_16/s4,s4,v8,,cluster015,29.1,30.35,1.25,3.818,球L,191,0.782,0.057,0.626,0.064,0.064,0.927,object#36,,1,1,,,,3,"[{""name"": ""球L"", ""share"": 0.782, ""q"": 0.057, ""capture"": 0.626, ""miss_deg"": 1.45, ""labels"": [191]}, {""name"": ""苹果"", ""share"": 0.05, ""q"": 0.004, ""capture"": 0.04, ""miss_deg"": 3.8, ""labels"": [194]}, {""name"": ""香蕉"", ""share"": 0.168, ""q"": 0.012, ""capture"": 0.039, ""miss_deg"": 3.82, ""labels"": [196]}]"
2026_08_16/s4,s4,v8,,cluster015,30.62,31.75,1.14,3.8,球L,191,0.858,0.047,0.516,0.05,0.051,0.945,object#36,,1,1,3,球M,0,3,"[{""name"": ""球L"", ""share"": 0.858, ""q"": 0.047, ""capture"": 0.516, ""miss_deg"": 1.72, ""labels"": [191]}, {""name"": ""苹果"", ""share"": 0.044, ""q"": 0.002, ""capture"": 0.026, ""miss_deg"": 4.05, ""labels"": [194]}, {""name"": ""香蕉"", ""share"": 0.099, ""q"": 0.005, ""capture"": 0.017, ""miss_deg"": 4.28, ""labels"": [196]}]"
2026_08_16/s4,s4,v8,,cluster015,32.0,32.43,0.44,3.87,球L,191,0.574,0.006,0.065,0.738,0.742,0.99,object#27,,0,0,3,球M,0,2,"[{""name"": ""球L"", ""share"": 0.574, ""q"": 0.006, ""capture"": 0.065, ""miss_deg"": 3.51, ""labels"": [191]}, {""name"": ""球M"", ""share"": 0.426, ""q"": 0.004, ""capture"": 0.048, ""miss_deg"": 3.7, ""labels"": [192]}]"
2026_08_16/s4,s4,v8,,cluster015,32.6,33.46,0.87,3.819,球M,192,0.89,0.077,0.849,0.031,0.108,0.913,object#17,,1,1,3,球M,1,3,"[{""name"": ""球M"", ""share"": 0.89, ""q"": 0.077, ""capture"": 0.849, ""miss_deg"": 0.86, ""labels"": [192]}, {""name"": ""香蕉"", ""share"": 0.096, ""q"": 0.008, ""capture"": 0.026, ""miss_deg"": 4.04, ""labels"": [196]}, {""name"": ""苹果"", ""share"": 0.011, ""q"": 0.001, ""capture"": 0.011, ""miss_deg"": 4.51, ""labels"": [194]}]"
2026_08_16/s4,s4,v8,,cluster015,34.33,34.6,0.27,4.141,球M,192,0.908,0.035,0.385,0.044,0.043,0.961,object#27,,1,1,3,球M,1,3,"[{""name"": ""球M"", ""share"": 0.908, ""q"": 0.035, ""capture"": 0.385, ""miss_deg"": 2.07, ""labels"": [192]}, {""name"": ""球L"", ""share"": 0.039, ""q"": 0.002, ""capture"": 0.017, ""miss_deg"": 4.29, ""labels"": [191]}, {""name"": ""香蕉"", ""share"": 0.052, ""q"": 0.002, ""capture"": 0.007, ""miss_deg"": 4.69, ""labels"": [196]}]"
2026_08_16/s4,s4,v8,,cluster015,34.87,35.2,0.32,3.813,球M,192,0.767,0.056,0.62,0.076,0.076,0.926,object#27,,1,1,3,球M,1,3,"[{""name"": ""球M"", ""share"": 0.767, ""q"": 0.056, ""capture"": 0.62, ""miss_deg"": 1.47, ""labels"": [192]}, {""name"": ""球L"", ""share"": 0.058, ""q"": 0.004, ""capture"": 0.047, ""miss_deg"": 3.71, ""labels"": [191]}, {""name"": ""香蕉"", ""share"": 0.158, ""q"": 0.012, ""capture"": 0.037, ""miss_deg"": 3.85, ""labels"": [196]}]"
2026_08_16/s4,s4,v8,,cluster015,36.01,36.39,0.38,4.084,球M,192,0.971,0.037,0.406,0.01,0.03,0.962,object#27,,1,1,,,,2,"[{""name"": ""球M"", ""share"": 0.971, ""q"": 0.037, ""capture"": 0.406, ""miss_deg"": 2.01, ""labels"": [192]}, {""name"": ""香蕉"", ""share"": 0.029, ""q"": 0.001, ""capture"": 0.004, ""miss_deg"": 5.01, ""labels"": [196]}]"
2026_08_16/s4,s4,v8,,cluster015,36.77,37.69,0.92,3.994,球M,192,0.938,0.021,0.231,0.065,0.066,0.978,object#27,,1,1,4,球R,0,2,"[{""name"": ""球M"", ""share"": 0.938, ""q"": 0.021, ""capture"": 0.231, ""miss_deg"": 2.57, ""labels"": [192]}, {""name"": ""球L"", ""share"": 0.062, ""q"": 0.001, ""capture"": 0.015, ""miss_deg"": 4.33, ""labels"": [191]}]"
2026_08_16/s4,s4,v8,,cluster015,37.74,38.55,0.81,3.895,球M,192,0.963,0.011,0.126,0.04,0.038,0.988,object#85,,0,0,4,球R,0,2,"[{""name"": ""球M"", ""share"": 0.963, ""q"": 0.011, ""capture"": 0.126, ""miss_deg"": 3.06, ""labels"": [192]}, {""name"": ""球L"", ""share"": 0.037, ""q"": 0.0, ""capture"": 0.005, ""miss_deg"": 4.9, ""labels"": [191]}]"
2026_08_16/s4,s4,v8,,cluster015,38.94,39.86,0.92,3.799,球R,193,0.958,0.014,0.158,0.044,0.044,0.985,object#17,,0,0,4,球R,1,2,"[{""name"": ""球R"", ""share"": 0.958, ""q"": 0.014, ""capture"": 0.158, ""miss_deg"": 2.88, ""labels"": [193]}, {""name"": ""球M"", ""share"": 0.042, ""q"": 0.001, ""capture"": 0.007, ""miss_deg"": 4.72, ""labels"": [192]}]"
2026_08_16/s4,s4,v8,,cluster015,40.1,46.81,6.72,3.854,球R,193,1.0,0.018,0.203,0.0,0.0,0.982,object#17,,1,1,5,球R,1,1,"[{""name"": ""球R"", ""share"": 1.0, ""q"": 0.018, ""capture"": 0.203, ""miss_deg"": 2.68, ""labels"": [193]}]"
2026_08_16/s4,s4,v8,,cluster015,47.04,49.91,2.87,3.837,球R,193,0.686,0.005,0.052,0.462,0.458,0.993,object#17,,0,0,5,球R,1,2,"[{""name"": ""球R"", ""share"": 0.686, ""q"": 0.005, ""capture"": 0.052, ""miss_deg"": 3.64, ""labels"": [193]}, {""name"": ""球M"", ""share"": 0.314, ""q"": 0.002, ""capture"": 0.024, ""miss_deg"": 4.1, ""labels"": [192]}]"
2026_08_16/s4,s4,v8,,cluster015,50.89,51.48,0.6,3.924,球R,193,0.67,0.05,0.552,0.611,0.418,0.925,object#17,,1,1,6,球M,0,3,"[{""name"": ""球R"", ""share"": 0.67, ""q"": 0.05, ""capture"": 0.552, ""miss_deg"": 1.63, ""labels"": [193]}, {""name"": ""石榴"", ""share"": 0.28, ""q"": 0.021, ""capture"": 0.337, ""miss_deg"": 2.21, ""labels"": [195]}, {""name"": ""球M"", ""share"": 0.05, ""q"": 0.004, ""capture"": 0.041, ""miss_deg"": 3.79, ""labels"": [192]}]"
2026_08_16/s4,s4,v8,,cluster015,52.0,52.55,0.55,3.881,球M,192,0.642,0.073,0.807,0.173,0.173,0.886,object#27,,1,1,6,球M,1,3,"[{""name"": ""球M"", ""share"": 0.642, ""q"": 0.073, ""capture"": 0.807, ""miss_deg"": 0.98, ""labels"": [192]}, {""name"": ""球L"", ""share"": 0.111, ""q"": 0.013, ""capture"": 0.14, ""miss_deg"": 2.98, ""labels"": [191]}, {""name"": ""香蕉"", ""share"": 0.2, ""q"": 0.023, ""capture"": 0.072, ""miss_deg"": 3.44, ""labels"": [196]}]"
2026_08_16/s4,s4,v8,,cluster015,53.3,53.57,0.27,3.83,球M,192,0.711,0.084,0.919,0.092,0.093,0.882,object#27,,1,1,6,球M,1,3,"[{""name"": ""球M"", ""share"": 0.711, ""q"": 0.084, ""capture"": 0.919, ""miss_deg"": 0.62, ""labels"": [192]}, {""name"": ""球L"", ""share"": 0.066, ""q"": 0.008, ""capture"": 0.085, ""miss_deg"": 3.33, ""labels"": [191]}, {""name"": ""香蕉"", ""share"": 0.18, ""q"": 0.021, ""capture"": 0.067, ""miss_deg"": 3.49, ""labels"": [196]}]"
2026_08_16/s4,s4,v8,,cluster015,54.28,54.66,0.38,3.853,球M,192,0.827,0.078,0.858,0.045,0.157,0.906,object#27,,1,1,6,球M,1,3,"[{""name"": ""球M"", ""share"": 0.827, ""q"": 0.078, ""capture"": 0.858, ""miss_deg"": 0.83, ""labels"": [192]}, {""name"": ""香蕉"", ""share"": 0.13, ""q"": 0.012, ""capture"": 0.039, ""miss_deg"": 3.82, ""labels"": [196]}, {""name"": ""球L"", ""share"": 0.026, ""q"": 0.002, ""capture"": 0.027, ""miss_deg"": 4.02, ""labels"": [191]}]"
2026_08_16/s4,s4,v8,,cluster015,55.69,56.12,0.43,3.875,球M,192,0.985,0.009,0.097,0.01,0.015,0.991,object#85,,0,0,,,,2,"[{""name"": ""球M"", ""share"": 0.985, ""q"": 0.009, ""capture"": 0.097, ""miss_deg"": 3.24, ""labels"": [192]}, {""name"": ""球L"", ""share"": 0.015, ""q"": 0.0, ""capture"": 0.001, ""miss_deg"": 5.41, ""labels"": [191]}]"
2026_08_16/s4,s4,v8,,cluster015,58.34,58.88,0.54,3.856,球M,192,0.841,0.099,1.088,0.043,0.151,0.882,object#17,,1,1,7,球M,1,3,"[{""name"": ""球M"", ""share"": 0.841, ""q"": 0.099, ""capture"": 1.088, ""miss_deg"": 0.0, ""labels"": [192]}, {""name"": ""香蕉"", ""share"": 0.127, ""q"": 0.015, ""capture"": 0.047, ""miss_deg"": 3.7, ""labels"": [196]}, {""name"": ""苹果"", ""share"": 0.026, ""q"": 0.003, ""capture"": 0.034, ""miss_deg"": 3.9, ""labels"": [194]}]"
2026_08_16/s4,s4,v8,,cluster015,60.41,61.06,0.65,3.939,球M,192,0.959,0.1,1.097,0.012,0.039,0.896,object#17,,1,1,7,球M,1,3,"[{""name"": ""球M"", ""share"": 0.959, ""q"": 0.1, ""capture"": 1.097, ""miss_deg"": 0.0, ""labels"": [192]}, {""name"": ""香蕉"", ""share"": 0.037, ""q"": 0.004, ""capture"": 0.013, ""miss_deg"": 4.43, ""labels"": [196]}, {""name"": ""石榴"", ""share"": 0.004, ""q"": 0.0, ""capture"": 0.007, ""miss_deg"": 4.75, ""labels"": [195]}]"
2026_08_16/s4,s4,v8,,cluster015,61.6,61.98,0.38,3.862,球M,192,0.928,0.091,1.001,0.021,0.073,0.902,object#17,,1,1,7,球M,1,3,"[{""name"": ""球M"", ""share"": 0.928, ""q"": 0.091, ""capture"": 1.001, ""miss_deg"": 0.0, ""labels"": [192]}, {""name"": ""香蕉"", ""share"": 0.068, ""q"": 0.007, ""capture"": 0.021, ""miss_deg"": 4.16, ""labels"": [196]}, {""name"": ""苹果"", ""share"": 0.004, ""q"": 0.0, ""capture"": 0.004, ""miss_deg"": 4.94, ""labels"": [194]}]"
2026_08_16/s4,s4,v8,,cluster015,62.47,62.79,0.32,4.153,球M,192,0.808,0.039,0.431,0.107,0.106,0.951,object#27,,1,1,7,球M,1,3,"[{""name"": ""球M"", ""share"": 0.808, ""q"": 0.039, ""capture"": 0.431, ""miss_deg"": 1.95, ""labels"": [192]}, {""name"": ""球L"", ""share"": 0.086, ""q"": 0.004, ""capture"": 0.046, ""miss_deg"": 3.72, ""labels"": [191]}, {""name"": ""香蕉"", ""share"": 0.106, ""q"": 0.005, ""capture"": 0.019, ""miss_deg"": 4.22, ""labels"": [196]}]"
2026_08_16/s4,s4,v8,,cluster015,65.23,65.5,0.27,3.912,球M,192,0.895,0.08,0.878,0.033,0.108,0.911,object#17,,1,1,,,,3,"[{""name"": ""球M"", ""share"": 0.895, ""q"": 0.08, ""capture"": 0.878, ""miss_deg"": 0.77, ""labels"": [192]}, {""name"": ""香蕉"", ""share"": 0.097, ""q"": 0.009, ""capture"": 0.029, ""miss_deg"": 4.0, ""labels"": [196]}, {""name"": ""苹果"", ""share"": 0.008, ""q"": 0.001, ""capture"": 0.008, ""miss_deg"": 4.67, ""labels"": [194]}]"
2026_08_16/s4,s4,v8,,cluster015,65.81,66.57,0.76,3.86,球R,193,0.753,0.041,0.453,0.397,0.272,0.945,object#17,,1,1,,,,3,"[{""name"": ""球R"", ""share"": 0.753, ""q"": 0.041, ""capture"": 0.453, ""miss_deg"": 1.89, ""labels"": [193]}, {""name"": ""石榴"", ""share"": 0.205, ""q"": 0.011, ""capture"": 0.18, ""miss_deg"": 2.78, ""labels"": [195]}, {""name"": ""球M"", ""share"": 0.042, ""q"": 0.002, ""capture"": 0.025, ""miss_deg"": 4.07, ""labels"": [192]}]"
2026_08_16/s4,s4,v8,,cluster015,66.62,66.89,0.27,3.915,石榴,195,0.334,0.041,0.652,0.773,1.129,0.878,object#17,,0,0,,,,3,"[{""name"": ""石榴"", ""share"": 0.334, ""q"": 0.041, ""capture"": 0.652, ""miss_deg"": 1.39, ""labels"": [195]}, {""name"": ""球R"", ""share"": 0.377, ""q"": 0.046, ""capture"": 0.504, ""miss_deg"": 1.76, ""labels"": [193]}, {""name"": ""球M"", ""share"": 0.289, ""q"": 0.035, ""capture"": 0.386, ""miss_deg"": 2.07, ""labels"": [192]}]"
2026_08_16/s4,s4,v8,,cluster015,66.95,67.82,0.87,3.93,球M,192,0.968,0.098,1.082,0.018,0.012,0.898,object#17,,1,1,,,,3,"[{""name"": ""球M"", ""share"": 0.968, ""q"": 0.098, ""capture"": 1.082, ""miss_deg"": 0.0, ""labels"": [192]}, {""name"": ""石榴"", ""share"": 0.012, ""q"": 0.001, ""capture"": 0.02, ""miss_deg"": 4.2, ""labels"": [195]}, {""name"": ""香蕉"", ""share"": 0.02, ""q"": 0.002, ""capture"": 0.007, ""miss_deg"": 4.73, ""labels"": [196]}]"
2026_08_16/s4,s4,v8,,cluster015,68.68,69.77,1.08,3.861,球M,192,0.976,0.066,0.728,0.007,0.025,0.932,object#17,,1,1,,,,2,"[{""name"": ""球M"", ""share"": 0.976, ""q"": 0.066, ""capture"": 0.728, ""miss_deg"": 1.19, ""labels"": [192]}, {""name"": ""香蕉"", ""share"": 0.024, ""q"": 0.002, ""capture"": 0.005, ""miss_deg"": 4.86, ""labels"": [196]}]"
2026_08_16/s4,s4,v8,,cluster015,72.68,73.09,0.41,3.827,球M,192,0.961,0.115,1.259,0.037,0.026,0.881,object#17,,1,1,8,球L,0,3,"[{""name"": ""球M"", ""share"": 0.961, ""q"": 0.115, ""capture"": 1.259, ""miss_deg"": 0.0, ""labels"": [192]}, {""name"": ""石榴"", ""share"": 0.025, ""q"": 0.003, ""capture"": 0.047, ""miss_deg"": 3.71, ""labels"": [195]}, {""name"": ""球R"", ""share"": 0.005, ""q"": 0.001, ""capture"": 0.007, ""miss_deg"": 4.73, ""labels"": [193]}]"
2026_08_16/s4,s4,v8,,cluster015,75.47,76.52,1.05,3.784,球L,191,0.752,0.066,0.73,0.115,0.116,0.912,object#36,,1,1,8,球L,1,3,"[{""name"": ""球L"", ""share"": 0.752, ""q"": 0.066, ""capture"": 0.73, ""miss_deg"": 1.19, ""labels"": [191]}, {""name"": ""苹果"", ""share"": 0.087, ""q"": 0.008, ""capture"": 0.084, ""miss_deg"": 3.34, ""labels"": [194]}, {""name"": ""香蕉"", ""share"": 0.161, ""q"": 0.014, ""capture"": 0.045, ""miss_deg"": 3.73, ""labels"": [196]}]"
2026_08_16/s4,s4,v8,,cluster015,76.63,77.62,0.99,3.793,球L,191,0.654,0.097,1.071,0.298,0.298,0.851,object#36,,1,1,8,球L,1,3,"[{""name"": ""球L"", ""share"": 0.654, ""q"": 0.097, ""capture"": 1.071, ""miss_deg"": 0.0, ""labels"": [191]}, {""name"": ""苹果"", ""share"": 0.195, ""q"": 0.029, ""capture"": 0.319, ""miss_deg"": 2.27, ""labels"": [194]}, {""name"": ""香蕉"", ""share"": 0.152, ""q"": 0.023, ""capture"": 0.072, ""miss_deg"": 3.44, ""labels"": [196]}]"
2026_08_16/s4,s4,v8,,cluster015,78.1,78.86,0.76,3.781,球L,191,0.649,0.084,0.918,0.227,0.227,0.871,object#36,,1,1,,,,3,"[{""name"": ""球L"", ""share"": 0.649, ""q"": 0.084, ""capture"": 0.918, ""miss_deg"": 0.62, ""labels"": [191]}, {""name"": ""苹果"", ""share"": 0.147, ""q"": 0.019, ""capture"": 0.208, ""miss_deg"": 2.66, ""labels"": [194]}, {""name"": ""香蕉"", ""share"": 0.204, ""q"": 0.026, ""capture"": 0.083, ""miss_deg"": 3.35, ""labels"": [196]}]"
2026_08_16/s4,s4,v8,,cluster015,79.64,80.11,0.47,3.772,球L,191,0.949,0.023,0.253,0.016,0.054,0.976,object#27,,1,1,9,球R,0,2,"[{""name"": ""球L"", ""share"": 0.949, ""q"": 0.023, ""capture"": 0.253, ""miss_deg"": 2.49, ""labels"": [191]}, {""name"": ""香蕉"", ""share"": 0.051, ""q"": 0.001, ""capture"": 0.004, ""miss_deg"": 4.99, ""labels"": [196]}]"
2026_08_16/s4,s4,v8,,cluster015,80.32,81.26,0.94,3.78,球L,191,0.729,0.057,0.629,0.092,0.32,0.921,object#27,,1,1,9,球R,0,3,"[{""name"": ""球L"", ""share"": 0.729, ""q"": 0.057, ""capture"": 0.629, ""miss_deg"": 1.44, ""labels"": [191]}, {""name"": ""香蕉"", ""share"": 0.233, ""q"": 0.018, ""capture"": 0.058, ""miss_deg"": 3.58, ""labels"": [196]}, {""name"": ""苹果"", ""share"": 0.035, ""q"": 0.003, ""capture"": 0.031, ""miss_deg"": 3.96, ""labels"": [194]}]"
2026_08_16/s4,s4,v8,,cluster015,82.19,84.34,2.16,3.842,球R,193,0.826,0.052,0.567,0.309,0.211,0.938,object#17,,1,1,9,球R,1,2,"[{""name"": ""球R"", ""share"": 0.826, ""q"": 0.052, ""capture"": 0.567, ""miss_deg"": 1.6, ""labels"": [193]}, {""name"": ""石榴"", ""share"": 0.174, ""q"": 0.011, ""capture"": 0.175, ""miss_deg"": 2.8, ""labels"": [195]}]"
2026_08_16/s4,s4,v8,,cluster015,84.45,84.74,0.29,3.81,球R,193,0.778,0.06,0.661,0.416,0.285,0.923,object#17,,1,1,9,球R,1,2,"[{""name"": ""球R"", ""share"": 0.778, ""q"": 0.06, ""capture"": 0.661, ""miss_deg"": 1.37, ""labels"": [193]}, {""name"": ""石榴"", ""share"": 0.222, ""q"": 0.017, ""capture"": 0.275, ""miss_deg"": 2.41, ""labels"": [195]}]"
2026_08_16/s4,s4,v8,,cluster015,85.05,85.58,0.52,3.801,球R,193,0.861,0.044,0.485,0.237,0.161,0.949,object#17,,1,1,,,,2,"[{""name"": ""球R"", ""share"": 0.861, ""q"": 0.044, ""capture"": 0.485, ""miss_deg"": 1.8, ""labels"": [193]}, {""name"": ""石榴"", ""share"": 0.139, ""q"": 0.007, ""capture"": 0.115, ""miss_deg"": 3.12, ""labels"": [195]}]"
2026_08_16/s4,s4,v8,,cluster015,86.15,86.85,0.7,3.823,球R,193,1.0,0.01,0.106,0.0,0.0,0.99,object#17,,0,0,,,,1,"[{""name"": ""球R"", ""share"": 1.0, ""q"": 0.01, ""capture"": 0.106, ""miss_deg"": 3.18, ""labels"": [193]}]"
2026_08_16/s4,s4,v8,,cluster015,86.97,87.49,0.52,3.805,球R,193,1.0,0.008,0.086,0.0,0.0,0.992,object#17,,0,0,10,球M,0,1,"[{""name"": ""球R"", ""share"": 1.0, ""q"": 0.008, ""capture"": 0.086, ""miss_deg"": 3.32, ""labels"": [193]}]"
2026_08_16/s4,s4,v8,,cluster015,87.74,88.09,0.35,3.816,球R,193,1.0,0.021,0.227,0.0,0.0,0.979,object#17,,1,1,10,球M,0,1,"[{""name"": ""球R"", ""share"": 1.0, ""q"": 0.021, ""capture"": 0.227, ""miss_deg"": 2.58, ""labels"": [193]}]"
2026_08_16/s4,s4,v8,,cluster015,88.2,88.55,0.35,3.794,球R,193,0.724,0.075,0.828,0.557,0.381,0.896,object#17,,1,1,10,球M,0,2,"[{""name"": ""球R"", ""share"": 0.724, ""q"": 0.075, ""capture"": 0.828, ""miss_deg"": 0.92, ""labels"": [193]}, {""name"": ""石榴"", ""share"": 0.276, ""q"": 0.029, ""capture"": 0.461, ""miss_deg"": 1.87, ""labels"": [195]}]"
2026_08_16/s4,s4,v8,,cluster015,95.13,95.51,0.39,3.801,球M,192,0.556,0.097,1.062,0.202,0.203,0.826,object#10,,1,1,11,球R,0,3,"[{""name"": ""球M"", ""share"": 0.556, ""q"": 0.097, ""capture"": 1.062, ""miss_deg"": 0.0, ""labels"": [192]}, {""name"": ""苹果"", ""share"": 0.113, ""q"": 0.02, ""capture"": 0.215, ""miss_deg"": 2.63, ""labels"": [194]}, {""name"": ""香蕉"", ""share"": 0.26, ""q"": 0.045, ""capture"": 0.143, ""miss_deg"": 2.96, ""labels"": [196]}]"
2026_08_16/s4,s4,v8,,cluster015,95.9,97.47,1.57,3.833,球R,193,0.73,0.035,0.381,0.378,0.259,0.952,object#17,,1,1,11,球R,1,3,"[{""name"": ""球R"", ""share"": 0.73, ""q"": 0.035, ""capture"": 0.381, ""miss_deg"": 2.08, ""labels"": [193]}, {""name"": ""石榴"", ""share"": 0.189, ""q"": 0.009, ""capture"": 0.144, ""miss_deg"": 2.95, ""labels"": [195]}, {""name"": ""球M"", ""share"": 0.081, ""q"": 0.004, ""capture"": 0.042, ""miss_deg"": 3.77, ""labels"": [192]}]"
2026_08_16/s4,s4,v8,,cluster015,97.71,102.7,4.98,3.796,球R,193,0.808,0.04,0.443,0.334,0.229,0.95,object#17,,1,1,11,球R,1,3,"[{""name"": ""球R"", ""share"": 0.808, ""q"": 0.04, ""capture"": 0.443, ""miss_deg"": 1.91, ""labels"": [193]}, {""name"": ""石榴"", ""share"": 0.185, ""q"": 0.009, ""capture"": 0.148, ""miss_deg"": 2.93, ""labels"": [195]}, {""name"": ""球M"", ""share"": 0.007, ""q"": 0.0, ""capture"": 0.004, ""miss_deg"": 5.03, ""labels"": [192]}]"
2026_08_16/s4,s4,v8,,cluster015,103.06,109.72,6.66,3.809,球R,193,0.839,0.041,0.446,0.28,0.192,0.952,object#17,,1,1,12,球R,1,2,"[{""name"": ""球R"", ""share"": 0.839, ""q"": 0.041, ""capture"": 0.446, ""miss_deg"": 1.91, ""labels"": [193]}, {""name"": ""石榴"", ""share"": 0.161, ""q"": 0.008, ""capture"": 0.125, ""miss_deg"": 3.06, ""labels"": [195]}]"
2026_08_16/s4,s4,v8,,cluster015,110.28,112.5,2.22,3.812,球M,192,0.936,0.107,1.18,0.019,0.064,0.885,object#17,,1,1,13,球M,1,3,"[{""name"": ""球M"", ""share"": 0.936, ""q"": 0.107, ""capture"": 1.18, ""miss_deg"": 0.0, ""labels"": [192]}, {""name"": ""香蕉"", ""share"": 0.06, ""q"": 0.007, ""capture"": 0.022, ""miss_deg"": 4.14, ""labels"": [196]}, {""name"": ""苹果"", ""share"": 0.004, ""q"": 0.0, ""capture"": 0.005, ""miss_deg"": 4.88, ""labels"": [194]}]"
2026_08_16/s4,s4,v8,,cluster015,113.05,115.11,2.06,3.818,球M,192,0.925,0.109,1.202,0.022,0.076,0.882,object#17,,1,1,,,,3,"[{""name"": ""球M"", ""share"": 0.925, ""q"": 0.109, ""capture"": 1.202, ""miss_deg"": 0.0, ""labels"": [192]}, {""name"": ""香蕉"", ""share"": 0.07, ""q"": 0.008, ""capture"": 0.026, ""miss_deg"": 4.05, ""labels"": [196]}, {""name"": ""苹果"", ""share"": 0.005, ""q"": 0.001, ""capture"": 0.007, ""miss_deg"": 4.76, ""labels"": [194]}]"
2026_08_16/s4,s4,v8,,cluster015,117.39,121.89,4.5,3.765,球L,191,0.699,0.08,0.881,0.167,0.167,0.885,object#36,,1,1,14,球L,1,3,"[{""name"": ""球L"", ""share"": 0.699, ""q"": 0.08, ""capture"": 0.881, ""miss_deg"": 0.76, ""labels"": [191]}, {""name"": ""苹果"", ""share"": 0.117, ""q"": 0.013, ""capture"": 0.147, ""miss_deg"": 2.94, ""labels"": [194]}, {""name"": ""香蕉"", ""share"": 0.184, ""q"": 0.021, ""capture"": 0.067, ""miss_deg"": 3.49, ""labels"": [196]}]"
2026_08_16/s4,s4,v8,,cluster015,122.08,123.17,1.08,3.782,球L,191,0.676,0.075,0.824,0.138,0.138,0.889,object#27,,1,1,15,球L,1,3,"[{""name"": ""球L"", ""share"": 0.676, ""q"": 0.075, ""capture"": 0.824, ""miss_deg"": 0.93, ""labels"": [191]}, {""name"": ""苹果"", ""share"": 0.093, ""q"": 0.01, ""capture"": 0.114, ""miss_deg"": 3.13, ""labels"": [194]}, {""name"": ""香蕉"", ""share"": 0.228, ""q"": 0.025, ""capture"": 0.08, ""miss_deg"": 3.37, ""labels"": [196]}]"
2026_08_16/s4,s4,v8,,cluster015,123.44,124.14,0.7,3.745,球L,191,0.684,0.09,0.822,0.246,0.205,0.868,object#36,,1,1,15,球L,1,3,"[{""name"": ""球L"", ""share"": 0.684, ""q"": 0.09, ""capture"": 0.822, ""miss_deg"": 0.94, ""labels"": [191]}, {""name"": ""苹果"", ""share"": 0.14, ""q"": 0.018, ""capture"": 0.202, ""miss_deg"": 2.68, ""labels"": [194]}, {""name"": ""香蕉"", ""share"": 0.176, ""q"": 0.023, ""capture"": 0.073, ""miss_deg"": 3.43, ""labels"": [196]}]"
2026_08_16/s4,s4,v8,,cluster015,124.62,128.68,4.06,3.767,球L,191,0.761,0.067,0.74,0.105,0.105,0.911,object#36,,1,1,15,球L,1,3,"[{""name"": ""球L"", ""share"": 0.761, ""q"": 0.067, ""capture"": 0.74, ""miss_deg"": 1.17, ""labels"": [191]}, {""name"": ""苹果"", ""share"": 0.08, ""q"": 0.007, ""capture"": 0.078, ""miss_deg"": 3.39, ""labels"": [194]}, {""name"": ""香蕉"", ""share"": 0.159, ""q"": 0.014, ""capture"": 0.045, ""miss_deg"": 3.74, ""labels"": [196]}]"
2026_08_16/s4,s4,v8,,cluster015,128.73,131.55,2.82,3.782,球L,191,0.739,0.069,0.761,0.079,0.275,0.906,object#27,,1,1,,,,3,"[{""name"": ""球L"", ""share"": 0.739, ""q"": 0.069, ""capture"": 0.761, ""miss_deg"": 1.11, ""labels"": [191]}, {""name"": ""香蕉"", ""share"": 0.203, ""q"": 0.019, ""capture"": 0.06, ""miss_deg"": 3.55, ""labels"": [196]}, {""name"": ""苹果"", ""share"": 0.058, ""q"": 0.005, ""capture"": 0.06, ""miss_deg"": 3.56, ""labels"": [194]}]"
2026_08_16/s4,s4,v8,,cluster015,132.3,132.73,0.43,4.101,,-1,0.0,0.0,,,,1.0,object#25,,0,0,,,,0,[]
2026_08_16/s6,s6,v8,,cluster015,6.96,7.45,0.49,2.701,球M,192,0.988,0.091,0.555,0.013,0.012,0.908,object#17,,1,1,,,,2,"[{""name"": ""球M"", ""share"": 0.988, ""q"": 0.091, ""capture"": 0.555, ""miss_deg"": 1.63, ""labels"": [192]}, {""name"": ""球R"", ""share"": 0.012, ""q"": 0.001, ""capture"": 0.007, ""miss_deg"": 4.75, ""labels"": [193]}]"
2026_08_16/s6,s6,v8,,cluster015,10.89,11.38,0.49,3.799,球R,193,0.465,0.025,0.276,0.902,0.899,0.946,object#17,,1,0,,,,3,"[{""name"": ""球R"", ""share"": 0.465, ""q"": 0.025, ""capture"": 0.276, ""miss_deg"": 2.41, ""labels"": [193]}, {""name"": ""球M"", ""share"": 0.418, ""q"": 0.023, ""capture"": 0.249, ""miss_deg"": 2.5, ""labels"": [192]}, {""name"": ""石榴"", ""share"": 0.117, ""q"": 0.006, ""capture"": 0.101, ""miss_deg"": 3.21, ""labels"": [195]}]"
2026_08_16/s6,s6,v8,,cluster015,13.55,13.98,0.43,4.287,球M,192,0.487,0.057,0.796,0.796,0.583,0.882,object#17,,1,0,,,,3,"[{""name"": ""球M"", ""share"": 0.487, ""q"": 0.057, ""capture"": 0.796, ""miss_deg"": 1.01, ""labels"": [192]}, {""name"": ""石榴"", ""share"": 0.284, ""q"": 0.033, ""capture"": 0.634, ""miss_deg"": 1.43, ""labels"": [195]}, {""name"": ""球R"", ""share"": 0.229, ""q"": 0.027, ""capture"": 0.432, ""miss_deg"": 1.94, ""labels"": [193]}]"
2026_08_16/s6,s6,v8,,cluster015,14.04,14.42,0.38,4.35,球R,193,0.826,0.042,0.676,0.25,0.211,0.949,object#17,,1,1,,,,2,"[{""name"": ""球R"", ""share"": 0.826, ""q"": 0.042, ""capture"": 0.676, ""miss_deg"": 1.33, ""labels"": [193]}, {""name"": ""石榴"", ""share"": 0.174, ""q"": 0.009, ""capture"": 0.169, ""miss_deg"": 2.83, ""labels"": [195]}]"
2026_08_16/s6,s6,v8,,cluster015,14.63,15.01,0.38,4.398,球M,192,0.897,0.045,0.627,0.077,0.066,0.95,object#17,,1,1,,,,3,"[{""name"": ""球M"", ""share"": 0.897, ""q"": 0.045, ""capture"": 0.627, ""miss_deg"": 1.45, ""labels"": [192]}, {""name"": ""球R"", ""share"": 0.059, ""q"": 0.003, ""capture"": 0.048, ""miss_deg"": 3.7, ""labels"": [193]}, {""name"": ""石榴"", ""share"": 0.032, ""q"": 0.002, ""capture"": 0.031, ""miss_deg"": 3.96, ""labels"": [195]}]"
2026_08_16/s6,s6,v8,,cluster015,15.06,15.77,0.7,4.529,球R,193,0.43,0.022,0.421,0.727,0.863,0.948,object#17,,0,0,,,,3,"[{""name"": ""球R"", ""share"": 0.43, ""q"": 0.022, ""capture"": 0.421, ""miss_deg"": 1.97, ""labels"": [193]}, {""name"": ""球M"", ""share"": 0.371, ""q"": 0.019, ""capture"": 0.306, ""miss_deg"": 2.31, ""labels"": [192]}, {""name"": ""石榴"", ""share"": 0.2, ""q"": 0.01, ""capture"": 0.195, ""miss_deg"": 2.71, ""labels"": [195]}]"
2026_08_16/s6,s6,v8,,cluster015,15.82,16.25,0.43,4.41,球L,191,0.724,0.057,0.795,0.22,0.191,0.921,object#27,,1,1,,,,3,"[{""name"": ""球L"", ""share"": 0.724, ""q"": 0.057, ""capture"": 0.795, ""miss_deg"": 1.02, ""labels"": [191]}, {""name"": ""球M"", ""share"": 0.138, ""q"": 0.011, ""capture"": 0.175, ""miss_deg"": 2.8, ""labels"": [192]}, {""name"": ""苹果"", ""share"": 0.066, ""q"": 0.005, ""capture"": 0.1, ""miss_deg"": 3.22, ""labels"": [194]}]"
2026_08_16/s6,s6,v8,,cluster015,16.58,17.55,0.97,4.498,球M,192,0.689,0.09,1.452,0.369,0.312,0.869,object#17,,1,1,,,,3,"[{""name"": ""球M"", ""share"": 0.689, ""q"": 0.09, ""capture"": 1.452, ""miss_deg"": 0.0, ""labels"": [192]}, {""name"": ""石榴"", ""share"": 0.215, ""q"": 0.028, ""capture"": 0.536, ""miss_deg"": 1.67, ""labels"": [195]}, {""name"": ""球R"", ""share"": 0.084, ""q"": 0.011, ""capture"": 0.21, ""miss_deg"": 2.65, ""labels"": [193]}]"
2026_08_16/s6,s6,v8,,cluster015,17.79,20.07,2.28,4.497,球M,192,0.723,0.094,1.502,0.296,0.25,0.871,object#17,,1,1,,,,3,"[{""name"": ""球M"", ""share"": 0.723, ""q"": 0.094, ""capture"": 1.502, ""miss_deg"": 0.0, ""labels"": [192]}, {""name"": ""石榴"", ""share"": 0.181, ""q"": 0.023, ""capture"": 0.445, ""miss_deg"": 1.91, ""labels"": [195]}, {""name"": ""球L"", ""share"": 0.057, ""q"": 0.007, ""capture"": 0.103, ""miss_deg"": 3.2, ""labels"": [191]}]"
2026_08_16/s6,s6,v8,,cluster015,20.34,21.37,1.03,4.446,球L,191,0.637,0.063,0.882,0.312,0.27,0.9,object#27,,1,1,,,,3,"[{""name"": ""球L"", ""share"": 0.637, ""q"": 0.063, ""capture"": 0.882, ""miss_deg"": 0.75, ""labels"": [191]}, {""name"": ""球M"", ""share"": 0.172, ""q"": 0.017, ""capture"": 0.275, ""miss_deg"": 2.41, ""labels"": [192]}, {""name"": ""苹果"", ""share"": 0.063, ""q"": 0.006, ""capture"": 0.118, ""miss_deg"": 3.1, ""labels"": [194]}]"
2026_08_16/s6,s6,v8,,cluster015,21.66,26.0,4.35,4.39,球L,191,0.693,0.065,0.898,0.225,0.225,0.907,object#27,,1,1,1,球L,1,3,"[{""name"": ""球L"", ""share"": 0.693, ""q"": 0.065, ""capture"": 0.898, ""miss_deg"": 0.7, ""labels"": [191]}, {""name"": ""球M"", ""share"": 0.156, ""q"": 0.015, ""capture"": 0.202, ""miss_deg"": 2.68, ""labels"": [192]}, {""name"": ""苹果"", ""share"": 0.063, ""q"": 0.006, ""capture"": 0.094, ""miss_deg"": 3.26, ""labels"": [194]}]"
2026_08_16/s6,s6,v8,,cluster015,27.27,29.6,2.33,4.492,球M,192,0.767,0.062,0.997,0.243,0.205,0.919,object#17,,1,1,,,,3,"[{""name"": ""球M"", ""share"": 0.767, ""q"": 0.062, ""capture"": 0.997, ""miss_deg"": 0.12, ""labels"": [192]}, {""name"": ""石榴"", ""share"": 0.157, ""q"": 0.013, ""capture"": 0.242, ""miss_deg"": 2.53, ""labels"": [195]}, {""name"": ""球R"", ""share"": 0.06, ""q"": 0.005, ""capture"": 0.092, ""miss_deg"": 3.28, ""labels"": [193]}]"
2026_08_16/s6,s6,v8,,cluster015,29.84,32.87,3.03,4.563,球M,192,0.767,0.054,0.869,0.181,0.153,0.929,object#17,,1,1,2,球M,1,3,"[{""name"": ""球M"", ""share"": 0.767, ""q"": 0.054, ""capture"": 0.869, ""miss_deg"": 0.8, ""labels"": [192]}, {""name"": ""石榴"", ""share"": 0.117, ""q"": 0.008, ""capture"": 0.157, ""miss_deg"": 2.89, ""labels"": [195]}, {""name"": ""球R"", ""share"": 0.107, ""q"": 0.008, ""capture"": 0.144, ""miss_deg"": 2.95, ""labels"": [193]}]"
2026_08_16/s6,s6,v8,,cluster015,32.92,33.68,0.76,4.58,球M,192,0.712,0.027,0.436,0.321,0.271,0.962,object#17,,1,1,2,球M,1,3,"[{""name"": ""球M"", ""share"": 0.712, ""q"": 0.027, ""capture"": 0.436, ""miss_deg"": 1.93, ""labels"": [192]}, {""name"": ""球R"", ""share"": 0.193, ""q"": 0.007, ""capture"": 0.14, ""miss_deg"": 2.97, ""labels"": [193]}, {""name"": ""石榴"", ""share"": 0.095, ""q"": 0.004, ""capture"": 0.069, ""miss_deg"": 3.47, ""labels"": [195]}]"
2026_08_16/s6,s6,v8,,cluster015,34.09,36.37,2.27,4.668,球R,193,0.55,0.026,0.503,0.384,0.384,0.952,object#17,,1,1,,,,3,"[{""name"": ""球R"", ""share"": 0.55, ""q"": 0.026, ""capture"": 0.503, ""miss_deg"": 1.76, ""labels"": [193]}, {""name"": ""石榴"", ""share"": 0.211, ""q"": 0.01, ""capture"": 0.193, ""miss_deg"": 2.72, ""labels"": [195]}, {""name"": ""球M"", ""share"": 0.239, ""q"": 0.012, ""capture"": 0.185, ""miss_deg"": 2.76, ""labels"": [192]}]"
2026_08_16/s6,s6,v8,,cluster015,36.64,42.76,6.12,4.663,球R,193,0.79,0.011,0.214,0.14,0.168,0.986,object#17,,1,1,3,球R,1,3,"[{""name"": ""球R"", ""share"": 0.79, ""q"": 0.011, ""capture"": 0.214, ""miss_deg"": 2.63, ""labels"": [193]}, {""name"": ""球M"", ""share"": 0.133, ""q"": 0.002, ""capture"": 0.03, ""miss_deg"": 3.96, ""labels"": [192]}, {""name"": ""石榴"", ""share"": 0.077, ""q"": 0.001, ""capture"": 0.021, ""miss_deg"": 4.17, ""labels"": [195]}]"
2026_08_16/s6,s6,v8,,cluster015,42.81,43.35,0.54,4.545,球R,193,0.745,0.03,0.577,0.305,0.306,0.959,object#17,,1,1,4,球R,1,3,"[{""name"": ""球R"", ""share"": 0.745, ""q"": 0.03, ""capture"": 0.577, ""miss_deg"": 1.57, ""labels"": [193]}, {""name"": ""石榴"", ""share"": 0.228, ""q"": 0.009, ""capture"": 0.176, ""miss_deg"": 2.79, ""labels"": [195]}, {""name"": ""球M"", ""share"": 0.028, ""q"": 0.001, ""capture"": 0.018, ""miss_deg"": 4.25, ""labels"": [192]}]"
2026_08_16/s6,s6,v8,,cluster015,43.79,45.41,1.62,4.556,球R,193,0.723,0.025,0.478,0.297,0.296,0.965,object#17,,1,1,4,球R,1,3,"[{""name"": ""球R"", ""share"": 0.723, ""q"": 0.025, ""capture"": 0.478, ""miss_deg"": 1.82, ""labels"": [193]}, {""name"": ""石榴"", ""share"": 0.214, ""q"": 0.007, ""capture"": 0.142, ""miss_deg"": 2.97, ""labels"": [195]}, {""name"": ""球M"", ""share"": 0.063, ""q"": 0.002, ""capture"": 0.035, ""miss_deg"": 3.88, ""labels"": [192]}]"
2026_08_16/s6,s6,v8,,cluster015,45.92,47.54,1.62,4.517,球R,193,0.623,0.025,0.479,0.384,0.382,0.959,object#17,,1,1,4,球R,1,3,"[{""name"": ""球R"", ""share"": 0.623, ""q"": 0.025, ""capture"": 0.479, ""miss_deg"": 1.82, ""labels"": [193]}, {""name"": ""石榴"", ""share"": 0.238, ""q"": 0.01, ""capture"": 0.184, ""miss_deg"": 2.76, ""labels"": [195]}, {""name"": ""球M"", ""share"": 0.139, ""q"": 0.006, ""capture"": 0.09, ""miss_deg"": 3.29, ""labels"": [192]}]"
2026_08_16/s6,s6,v8,,cluster015,47.99,54.66,6.67,4.493,球M,192,0.725,0.079,1.263,0.289,0.244,0.891,object#17,,1,1,5,球M,1,3,"[{""name"": ""球M"", ""share"": 0.725, ""q"": 0.079, ""capture"": 1.263, ""miss_deg"": 0.0, ""labels"": [192]}, {""name"": ""石榴"", ""share"": 0.177, ""q"": 0.019, ""capture"": 0.365, ""miss_deg"": 2.13, ""labels"": [195]}, {""name"": ""球R"", ""share"": 0.056, ""q"": 0.006, ""capture"": 0.115, ""miss_deg"": 3.12, ""labels"": [193]}]"
2026_08_16/s6,s6,v8,,cluster015,54.72,55.64,0.92,4.584,球R,193,0.492,0.017,0.32,0.625,0.74,0.966,object#17,,1,0,,,,3,"[{""name"": ""球R"", ""share"": 0.492, ""q"": 0.017, ""capture"": 0.32, ""miss_deg"": 2.26, ""labels"": [193]}, {""name"": ""球M"", ""share"": 0.364, ""q"": 0.012, ""capture"": 0.2, ""miss_deg"": 2.69, ""labels"": [192]}, {""name"": ""石榴"", ""share"": 0.144, ""q"": 0.005, ""capture"": 0.094, ""miss_deg"": 3.26, ""labels"": [195]}]"
2026_08_16/s6,s6,v8,,cluster015,55.86,60.41,4.55,4.564,球R,193,0.553,0.025,0.484,0.384,0.456,0.954,object#17,,1,1,6,球R,1,3,"[{""name"": ""球R"", ""share"": 0.553, ""q"": 0.025, ""capture"": 0.484, ""miss_deg"": 1.81, ""labels"": [193]}, {""name"": ""球M"", ""share"": 0.252, ""q"": 0.012, ""capture"": 0.186, ""miss_deg"": 2.75, ""labels"": [192]}, {""name"": ""石榴"", ""share"": 0.195, ""q"": 0.009, ""capture"": 0.171, ""miss_deg"": 2.82, ""labels"": [195]}]"
2026_08_16/s6,s6,v8,,cluster015,60.46,60.95,0.49,4.568,球M,192,0.707,0.072,1.158,0.355,0.3,0.898,object#17,,1,1,6,球R,0,3,"[{""name"": ""球M"", ""share"": 0.707, ""q"": 0.072, ""capture"": 1.158, ""miss_deg"": 0.0, ""labels"": [192]}, {""name"": ""石榴"", ""share"": 0.212, ""q"": 0.022, ""capture"": 0.411, ""miss_deg"": 2.0, ""labels"": [195]}, {""name"": ""球R"", ""share"": 0.073, ""q"": 0.007, ""capture"": 0.142, ""miss_deg"": 2.97, ""labels"": [193]}]"
2026_08_16/s6,s6,v8,,cluster015,61.01,62.2,1.19,4.538,球R,193,0.431,0.039,0.742,0.664,0.664,0.909,object#17,,1,0,,,,3,"[{""name"": ""球R"", ""share"": 0.431, ""q"": 0.039, ""capture"": 0.742, ""miss_deg"": 1.16, ""labels"": [193]}, {""name"": ""石榴"", ""share"": 0.286, ""q"": 0.026, ""capture"": 0.493, ""miss_deg"": 1.79, ""labels"": [195]}, {""name"": ""球M"", ""share"": 0.284, ""q"": 0.026, ""capture"": 0.413, ""miss_deg"": 1.99, ""labels"": [192]}]"
2026_08_16/s6,s6,v8,,cluster015,62.25,64.2,1.95,4.534,球R,193,0.422,0.03,0.569,0.698,0.697,0.929,object#17,,1,0,,,,3,"[{""name"": ""球R"", ""share"": 0.422, ""q"": 0.03, ""capture"": 0.569, ""miss_deg"": 1.59, ""labels"": [193]}, {""name"": ""石榴"", ""share"": 0.294, ""q"": 0.021, ""capture"": 0.397, ""miss_deg"": 2.04, ""labels"": [195]}, {""name"": ""球M"", ""share"": 0.284, ""q"": 0.02, ""capture"": 0.324, ""miss_deg"": 2.25, ""labels"": [192]}]"
2026_08_16/s6,s6,v8,,cluster015,65.04,66.23,1.19,4.636,球R,193,0.543,0.033,0.618,0.43,0.429,0.94,object#17,,1,1,7,球R,1,3,"[{""name"": ""球R"", ""share"": 0.543, ""q"": 0.033, ""capture"": 0.618, ""miss_deg"": 1.47, ""labels"": [193]}, {""name"": ""石榴"", ""share"": 0.233, ""q"": 0.014, ""capture"": 0.266, ""miss_deg"": 2.44, ""labels"": [195]}, {""name"": ""球M"", ""share"": 0.224, ""q"": 0.013, ""capture"": 0.215, ""miss_deg"": 2.63, ""labels"": [192]}]"
2026_08_16/s6,s6,v8,,cluster015,66.29,67.97,1.68,4.555,球R,193,0.661,0.03,0.579,0.34,0.34,0.954,object#17,,1,1,7,球R,1,3,"[{""name"": ""球R"", ""share"": 0.661, ""q"": 0.03, ""capture"": 0.579, ""miss_deg"": 1.57, ""labels"": [193]}, {""name"": ""石榴"", ""share"": 0.225, ""q"": 0.01, ""capture"": 0.197, ""miss_deg"": 2.7, ""labels"": [195]}, {""name"": ""球M"", ""share"": 0.115, ""q"": 0.005, ""capture"": 0.085, ""miss_deg"": 3.33, ""labels"": [192]}]"
2026_08_16/s6,s6,v8,,cluster015,68.02,68.67,0.65,4.466,球M,192,0.851,0.051,0.82,0.098,0.082,0.94,object#17,,1,1,,,,3,"[{""name"": ""球M"", ""share"": 0.851, ""q"": 0.051, ""capture"": 0.82, ""miss_deg"": 0.95, ""labels"": [192]}, {""name"": ""石榴"", ""share"": 0.07, ""q"": 0.004, ""capture"": 0.08, ""miss_deg"": 3.37, ""labels"": [195]}, {""name"": ""球R"", ""share"": 0.044, ""q"": 0.003, ""capture"": 0.051, ""miss_deg"": 3.66, ""labels"": [193]}]"
2026_08_16/s6,s6,v8,,cluster015,73.49,73.76,0.27,7.077,石榴,195,0.641,0.009,0.388,0.32,0.32,0.986,object#40,,1,1,,,,3,"[{""name"": ""石榴"", ""share"": 0.641, ""q"": 0.009, ""capture"": 0.388, ""miss_deg"": 2.06, ""labels"": [195]}, {""name"": ""球M"", ""share"": 0.205, ""q"": 0.003, ""capture"": 0.124, ""miss_deg"": 3.06, ""labels"": [192]}, {""name"": ""苹果"", ""share"": 0.032, ""q"": 0.0, ""capture"": 0.019, ""miss_deg"": 4.22, ""labels"": [194]}]"
2026_08_16/s6,s6,v8,,cluster015,74.61,75.47,0.87,4.37,球L,191,0.757,0.057,0.788,0.126,0.125,0.925,object#27,,1,1,,,,3,"[{""name"": ""球L"", ""share"": 0.757, ""q"": 0.057, ""capture"": 0.788, ""miss_deg"": 1.04, ""labels"": [191]}, {""name"": ""球M"", ""share"": 0.095, ""q"": 0.007, ""capture"": 0.099, ""miss_deg"": 3.23, ""labels"": [192]}, {""name"": ""苹果"", ""share"": 0.068, ""q"": 0.005, ""capture"": 0.082, ""miss_deg"": 3.36, ""labels"": [194]}]"
2026_08_16/s6,s6,v8,,cluster015,75.74,76.18,0.43,4.481,球M,192,0.802,0.054,0.862,0.157,0.133,0.933,object#17,,1,1,,,,3,"[{""name"": ""球M"", ""share"": 0.802, ""q"": 0.054, ""capture"": 0.862, ""miss_deg"": 0.82, ""labels"": [192]}, {""name"": ""石榴"", ""share"": 0.107, ""q"": 0.007, ""capture"": 0.135, ""miss_deg"": 3.0, ""labels"": [195]}, {""name"": ""球R"", ""share"": 0.081, ""q"": 0.005, ""capture"": 0.103, ""miss_deg"": 3.2, ""labels"": [193]}]"
2026_08_16/s6,s6,v8,,cluster015,76.23,76.72,0.49,4.512,球L,191,0.773,0.055,0.758,0.108,0.08,0.929,object#27,,1,1,,,,3,"[{""name"": ""球L"", ""share"": 0.773, ""q"": 0.055, ""capture"": 0.758, ""miss_deg"": 1.12, ""labels"": [191]}, {""name"": ""苹果"", ""share"": 0.062, ""q"": 0.004, ""capture"": 0.082, ""miss_deg"": 3.35, ""labels"": [194]}, {""name"": ""球M"", ""share"": 0.069, ""q"": 0.005, ""capture"": 0.078, ""miss_deg"": 3.39, ""labels"": [192]}]"
2026_08_16/s6,s6,v8,,cluster015,77.16,82.96,5.8,4.567,球M,192,0.815,0.053,0.851,0.137,0.117,0.935,object#17,,1,1,8,球M,1,3,"[{""name"": ""球M"", ""share"": 0.815, ""q"": 0.053, ""capture"": 0.851, ""miss_deg"": 0.85, ""labels"": [192]}, {""name"": ""球R"", ""share"": 0.095, ""q"": 0.006, ""capture"": 0.117, ""miss_deg"": 3.11, ""labels"": [193]}, {""name"": ""石榴"", ""share"": 0.086, ""q"": 0.006, ""capture"": 0.106, ""miss_deg"": 3.18, ""labels"": [195]}]"
2026_08_16/s6,s6,v8,,cluster015,83.19,83.73,0.54,4.509,球M,192,0.71,0.061,0.981,0.32,0.27,0.914,object#17,,1,1,,,,3,"[{""name"": ""球M"", ""share"": 0.71, ""q"": 0.061, ""capture"": 0.981, ""miss_deg"": 0.29, ""labels"": [192]}, {""name"": ""石榴"", ""share"": 0.192, ""q"": 0.017, ""capture"": 0.314, ""miss_deg"": 2.28, ""labels"": [195]}, {""name"": ""球R"", ""share"": 0.098, ""q"": 0.008, ""capture"": 0.161, ""miss_deg"": 2.87, ""labels"": [193]}]"
2026_08_16/s6,s6,v8,,cluster015,84.06,85.58,1.52,4.387,球L,191,0.607,0.054,0.755,0.45,0.451,0.911,object#27,,1,1,,,,3,"[{""name"": ""球L"", ""share"": 0.607, ""q"": 0.054, ""capture"": 0.755, ""miss_deg"": 1.13, ""labels"": [191]}, {""name"": ""球M"", ""share"": 0.274, ""q"": 0.024, ""capture"": 0.34, ""miss_deg"": 2.2, ""labels"": [192]}, {""name"": ""苹果"", ""share"": 0.046, ""q"": 0.004, ""capture"": 0.066, ""miss_deg"": 3.5, ""labels"": [194]}]"
2026_08_16/s6,s6,v8,,cluster015,85.79,88.61,2.82,4.486,球L,191,0.633,0.082,1.142,0.248,0.215,0.87,object#36,,1,1,9,球L,1,3,"[{""name"": ""球L"", ""share"": 0.633, ""q"": 0.082, ""capture"": 1.142, ""miss_deg"": 0.0, ""labels"": [191]}, {""name"": ""球M"", ""share"": 0.136, ""q"": 0.018, ""capture"": 0.283, ""miss_deg"": 2.38, ""labels"": [192]}, {""name"": ""苹果"", ""share"": 0.088, ""q"": 0.011, ""capture"": 0.218, ""miss_deg"": 2.62, ""labels"": [194]}]"
2026_08_16/s6,s6,v8,,cluster015,88.93,90.5,1.57,4.405,球L,191,0.484,0.045,0.622,0.932,0.808,0.908,object#162,,1,0,9,球L,1,3,"[{""name"": ""球L"", ""share"": 0.484, ""q"": 0.045, ""capture"": 0.622, ""miss_deg"": 1.46, ""labels"": [191]}, {""name"": ""球M"", ""share"": 0.391, ""q"": 0.036, ""capture"": 0.58, ""miss_deg"": 1.57, ""labels"": [192]}, {""name"": ""石榴"", ""share"": 0.034, ""q"": 0.003, ""capture"": 0.059, ""miss_deg"": 3.57, ""labels"": [195]}]"
2026_08_16/s6,s6,v8,,cluster015,90.89,94.9,4.01,4.545,球M,192,0.652,0.076,1.22,0.412,0.348,0.883,object#17,,1,1,10,球M,1,3,"[{""name"": ""球M"", ""share"": 0.652, ""q"": 0.076, ""capture"": 1.22, ""miss_deg"": 0.0, ""labels"": [192]}, {""name"": ""石榴"", ""share"": 0.227, ""q"": 0.026, ""capture"": 0.503, ""miss_deg"": 1.76, ""labels"": [195]}, {""name"": ""球R"", ""share"": 0.121, ""q"": 0.014, ""capture"": 0.268, ""miss_deg"": 2.43, ""labels"": [193]}]"
2026_08_16/s6,s6,v8,,cluster015,94.95,97.98,3.03,4.516,球M,192,0.573,0.079,1.273,0.6,0.508,0.861,object#17,,1,1,10,球M,1,3,"[{""name"": ""球M"", ""share"": 0.573, ""q"": 0.079, ""capture"": 1.273, ""miss_deg"": 0.0, ""labels"": [192]}, {""name"": ""石榴"", ""share"": 0.291, ""q"": 0.04, ""capture"": 0.764, ""miss_deg"": 1.1, ""labels"": [195]}, {""name"": ""球R"", ""share"": 0.137, ""q"": 0.019, ""capture"": 0.359, ""miss_deg"": 2.15, ""labels"": [193]}]"
2026_08_16/s6,s6,v8,,cluster015,98.25,98.9,0.65,4.411,球L,191,0.661,0.095,1.325,0.325,0.238,0.856,object#36,,1,1,,,,3,"[{""name"": ""球L"", ""share"": 0.661, ""q"": 0.095, ""capture"": 1.325, ""miss_deg"": 0.0, ""labels"": [191]}, {""name"": ""苹果"", ""share"": 0.157, ""q"": 0.023, ""capture"": 0.431, ""miss_deg"": 1.95, ""labels"": [194]}, {""name"": ""香蕉"", ""share"": 0.145, ""q"": 0.021, ""capture"": 0.085, ""miss_deg"": 3.33, ""labels"": [196]}]"
2026_08_16/s6,s6,v8,,cluster015,98.95,101.66,2.71,4.419,球L,191,0.613,0.097,1.355,0.323,0.235,0.841,object#36,,1,1,11,球L,1,3,"[{""name"": ""球L"", ""share"": 0.613, ""q"": 0.097, ""capture"": 1.355, ""miss_deg"": 0.0, ""labels"": [191]}, {""name"": ""苹果"", ""share"": 0.144, ""q"": 0.023, ""capture"": 0.437, ""miss_deg"": 1.93, ""labels"": [194]}, {""name"": ""球M"", ""share"": 0.075, ""q"": 0.012, ""capture"": 0.191, ""miss_deg"": 2.73, ""labels"": [192]}]"
2026_08_16/s6,s6,v8,,cluster015,101.77,103.01,1.25,4.475,球L,191,0.605,0.091,1.27,0.311,0.228,0.849,object#36,,1,1,11,球L,1,3,"[{""name"": ""球L"", ""share"": 0.605, ""q"": 0.091, ""capture"": 1.27, ""miss_deg"": 0.0, ""labels"": [191]}, {""name"": ""苹果"", ""share"": 0.138, ""q"": 0.021, ""capture"": 0.395, ""miss_deg"": 2.04, ""labels"": [194]}, {""name"": ""球M"", ""share"": 0.088, ""q"": 0.013, ""capture"": 0.213, ""miss_deg"": 2.64, ""labels"": [192]}]"
2026_08_16/s6,s6,v8,,cluster015,103.07,103.39,0.32,4.45,球M,192,0.736,0.086,1.379,0.264,0.223,0.883,object#17,,1,1,11,球L,0,3,"[{""name"": ""球M"", ""share"": 0.736, ""q"": 0.086, ""capture"": 1.379, ""miss_deg"": 0.0, ""labels"": [192]}, {""name"": ""石榴"", ""share"": 0.164, ""q"": 0.019, ""capture"": 0.364, ""miss_deg"": 2.13, ""labels"": [195]}, {""name"": ""球L"", ""share"": 0.076, ""q"": 0.009, ""capture"": 0.123, ""miss_deg"": 3.07, ""labels"": [191]}]"
2026_08_16/s6,s6,v8,,cluster015,103.45,104.48,1.03,4.423,球L,191,0.483,0.068,0.948,0.814,0.706,0.859,object#10,,1,0,11,球L,1,3,"[{""name"": ""球L"", ""share"": 0.483, ""q"": 0.068, ""capture"": 0.948, ""miss_deg"": 0.49, ""labels"": [191]}, {""name"": ""球M"", ""share"": 0.341, ""q"": 0.048, ""capture"": 0.772, ""miss_deg"": 1.08, ""labels"": [192]}, {""name"": ""苹果"", ""share"": 0.047, ""q"": 0.007, ""capture"": 0.126, ""miss_deg"": 3.06, ""labels"": [194]}]"
2026_08_16/s6,s6,v8,,cluster015,104.54,104.92,0.38,4.479,球M,192,0.682,0.094,1.508,0.395,0.334,0.862,object#17,,1,1,,,,3,"[{""name"": ""球M"", ""share"": 0.682, ""q"": 0.094, ""capture"": 1.508, ""miss_deg"": 0.0, ""labels"": [192]}, {""name"": ""石榴"", ""share"": 0.228, ""q"": 0.031, ""capture"": 0.596, ""miss_deg"": 1.53, ""labels"": [195]}, {""name"": ""球R"", ""share"": 0.073, ""q"": 0.01, ""capture"": 0.19, ""miss_deg"": 2.73, ""labels"": [193]}]"
2026_08_16/s6,s6,v8,,cluster015,105.1,109.27,4.17,4.446,球M,192,0.7,0.098,1.579,0.37,0.313,0.859,object#17,,1,1,12,球M,1,3,"[{""name"": ""球M"", ""share"": 0.7, ""q"": 0.098, ""capture"": 1.579, ""miss_deg"": 0.0, ""labels"": [192]}, {""name"": ""石榴"", ""share"": 0.219, ""q"": 0.031, ""capture"": 0.585, ""miss_deg"": 1.55, ""labels"": [195]}, {""name"": ""球R"", ""share"": 0.067, ""q"": 0.009, ""capture"": 0.179, ""miss_deg"": 2.78, ""labels"": [193]}]"
2026_08_16/s6,s6,v8,,cluster015,109.32,111.38,2.06,4.532,球M,192,0.523,0.066,1.063,0.628,0.53,0.873,object#17,,1,1,12,球M,1,3,"[{""name"": ""球M"", ""share"": 0.523, ""q"": 0.066, ""capture"": 1.063, ""miss_deg"": 0.0, ""labels"": [192]}, {""name"": ""石榴"", ""share"": 0.277, ""q"": 0.035, ""capture"": 0.668, ""miss_deg"": 1.35, ""labels"": [195]}, {""name"": ""球R"", ""share"": 0.2, ""q"": 0.025, ""capture"": 0.481, ""miss_deg"": 1.81, ""labels"": [193]}]"
2026_08_16/s6,s6,v8,,cluster015,111.59,112.14,0.54,4.559,球M,192,0.559,0.079,1.269,0.553,0.467,0.859,object#17,,1,1,,,,3,"[{""name"": ""球M"", ""share"": 0.559, ""q"": 0.079, ""capture"": 1.269, ""miss_deg"": 0.0, ""labels"": [192]}, {""name"": ""石榴"", ""share"": 0.261, ""q"": 0.037, ""capture"": 0.702, ""miss_deg"": 1.26, ""labels"": [195]}, {""name"": ""球R"", ""share"": 0.18, ""q"": 0.025, ""capture"": 0.482, ""miss_deg"": 1.81, ""labels"": [193]}]"
2026_08_16/s6,s6,v8,,cluster015,112.19,112.57,0.38,4.385,球L,191,0.638,0.086,1.199,0.25,0.249,0.865,object#36,,1,1,,,,3,"[{""name"": ""球L"", ""share"": 0.638, ""q"": 0.086, ""capture"": 1.199, ""miss_deg"": 0.0, ""labels"": [191]}, {""name"": ""球M"", ""share"": 0.159, ""q"": 0.022, ""capture"": 0.3, ""miss_deg"": 2.33, ""labels"": [192]}, {""name"": ""苹果"", ""share"": 0.106, ""q"": 0.014, ""capture"": 0.23, ""miss_deg"": 2.57, ""labels"": [194]}]"
2026_08_16/s6,s6,v8,,cluster015,112.68,115.38,2.7,4.406,球L,191,0.628,0.091,1.266,0.364,0.266,0.855,object#36,,1,1,,,,3,"[{""name"": ""球L"", ""share"": 0.628, ""q"": 0.091, ""capture"": 1.266, ""miss_deg"": 0.0, ""labels"": [191]}, {""name"": ""苹果"", ""share"": 0.167, ""q"": 0.024, ""capture"": 0.461, ""miss_deg"": 1.87, ""labels"": [194]}, {""name"": ""球M"", ""share"": 0.056, ""q"": 0.008, ""capture"": 0.129, ""miss_deg"": 3.03, ""labels"": [192]}]"
2026_08_16/s6,s6,v8,,cluster015,115.44,116.36,0.92,4.415,球M,192,0.414,0.049,0.785,0.908,1.046,0.882,object#10,,0,0,13,球L,0,3,"[{""name"": ""球M"", ""share"": 0.414, ""q"": 0.049, ""capture"": 0.785, ""miss_deg"": 1.04, ""labels"": [192]}, {""name"": ""球L"", ""share"": 0.433, ""q"": 0.051, ""capture"": 0.713, ""miss_deg"": 1.23, ""labels"": [191]}, {""name"": ""石榴"", ""share"": 0.048, ""q"": 0.006, ""capture"": 0.108, ""miss_deg"": 3.17, ""labels"": [195]}]"
2026_08_16/s6,s6,v8,,cluster015,116.41,117.12,0.7,4.546,球L,191,0.64,0.103,1.655,0.226,0.191,0.839,object#36,,1,1,13,球L,1,3,"[{""name"": ""球L"", ""share"": 0.64, ""q"": 0.103, ""capture"": 1.655, ""miss_deg"": 0.0, ""labels"": [191]}, {""name"": ""苹果"", ""share"": 0.122, ""q"": 0.02, ""capture"": 0.374, ""miss_deg"": 2.1, ""labels"": [194]}, {""name"": ""球M"", ""share"": 0.095, ""q"": 0.015, ""capture"": 0.244, ""miss_deg"": 2.52, ""labels"": [192]}]"
2026_08_16/s6,s6,v8,,cluster015,117.44,117.98,0.54,4.426,球L,191,0.51,0.069,0.959,0.752,0.651,0.865,object#10,,1,1,13,球L,1,3,"[{""name"": ""球L"", ""share"": 0.51, ""q"": 0.069, ""capture"": 0.959, ""miss_deg"": 0.43, ""labels"": [191]}, {""name"": ""球M"", ""share"": 0.332, ""q"": 0.045, ""capture"": 0.721, ""miss_deg"": 1.21, ""labels"": [192]}, {""name"": ""苹果"", ""share"": 0.041, ""q"": 0.006, ""capture"": 0.105, ""miss_deg"": 3.19, ""labels"": [194]}]"
2026_08_16/s6,s6,v8,,cluster015,118.2,119.01,0.81,4.459,球L,191,0.558,0.092,1.275,0.315,0.272,0.836,object#10,,1,1,13,球L,1,3,"[{""name"": ""球L"", ""share"": 0.558, ""q"": 0.092, ""capture"": 1.275, ""miss_deg"": 0.0, ""labels"": [191]}, {""name"": ""球M"", ""share"": 0.152, ""q"": 0.025, ""capture"": 0.402, ""miss_deg"": 2.03, ""labels"": [192]}, {""name"": ""苹果"", ""share"": 0.126, ""q"": 0.021, ""capture"": 0.392, ""miss_deg"": 2.05, ""labels"": [194]}]"
2026_08_16/s6,s6,v8,,cluster015,119.37,124.31,4.94,4.565,球R,193,0.467,0.04,0.753,0.623,0.623,0.915,object#17,,1,0,14,球R,1,3,"[{""name"": ""球R"", ""share"": 0.467, ""q"": 0.04, ""capture"": 0.753, ""miss_deg"": 1.13, ""labels"": [193]}, {""name"": ""石榴"", ""share"": 0.291, ""q"": 0.025, ""capture"": 0.469, ""miss_deg"": 1.84, ""labels"": [195]}, {""name"": ""球M"", ""share"": 0.241, ""q"": 0.02, ""capture"": 0.329, ""miss_deg"": 2.24, ""labels"": [192]}]"
2026_08_16/s6,s6,v8,,cluster015,124.36,124.69,0.32,4.496,球M,192,0.733,0.08,1.289,0.308,0.259,0.89,object#17,,1,1,14,球R,0,3,"[{""name"": ""球M"", ""share"": 0.733, ""q"": 0.08, ""capture"": 1.289, ""miss_deg"": 0.0, ""labels"": [192]}, {""name"": ""石榴"", ""share"": 0.19, ""q"": 0.021, ""capture"": 0.397, ""miss_deg"": 2.04, ""labels"": [195]}, {""name"": ""球R"", ""share"": 0.044, ""q"": 0.005, ""capture"": 0.091, ""miss_deg"": 3.28, ""labels"": [193]}]"
2026_08_16/s6,s6,v8,,cluster015,125.14,125.46,0.32,4.526,球M,192,0.678,0.104,1.674,0.379,0.32,0.846,object#17,,1,1,14,球R,0,3,"[{""name"": ""球M"", ""share"": 0.678, ""q"": 0.104, ""capture"": 1.674, ""miss_deg"": 0.0, ""labels"": [192]}, {""name"": ""石榴"", ""share"": 0.217, ""q"": 0.033, ""capture"": 0.634, ""miss_deg"": 1.43, ""labels"": [195]}, {""name"": ""球R"", ""share"": 0.048, ""q"": 0.007, ""capture"": 0.139, ""miss_deg"": 2.98, ""labels"": [193]}]"
2026_08_16/s6,s6,v8,,cluster015,125.52,125.79,0.27,4.624,球R,193,0.487,0.056,1.057,0.634,0.634,0.886,object#17,,1,0,14,球R,1,3,"[{""name"": ""球R"", ""share"": 0.487, ""q"": 0.056, ""capture"": 1.057, ""miss_deg"": 0.0, ""labels"": [193]}, {""name"": ""石榴"", ""share"": 0.309, ""q"": 0.035, ""capture"": 0.67, ""miss_deg"": 1.34, ""labels"": [195]}, {""name"": ""球M"", ""share"": 0.204, ""q"": 0.023, ""capture"": 0.374, ""miss_deg"": 2.1, ""labels"": [192]}]"
2026_08_16/s6,s6,v8,,cluster015,125.84,126.5,0.65,4.482,球M,192,0.685,0.096,1.548,0.41,0.347,0.859,object#17,,1,1,,,,3,"[{""name"": ""球M"", ""share"": 0.685, ""q"": 0.096, ""capture"": 1.548, ""miss_deg"": 0.0, ""labels"": [192]}, {""name"": ""石榴"", ""share"": 0.238, ""q"": 0.033, ""capture"": 0.635, ""miss_deg"": 1.43, ""labels"": [195]}, {""name"": ""球R"", ""share"": 0.051, ""q"": 0.007, ""capture"": 0.138, ""miss_deg"": 2.99, ""labels"": [193]}]"
2026_08_16/s6,s6,v8,,cluster015,126.61,132.02,5.42,4.407,球L,191,0.637,0.101,1.411,0.36,0.264,0.841,object#36,,1,1,15,球L,1,3,"[{""name"": ""球L"", ""share"": 0.637, ""q"": 0.101, ""capture"": 1.411, ""miss_deg"": 0.0, ""labels"": [191]}, {""name"": ""苹果"", ""share"": 0.168, ""q"": 0.027, ""capture"": 0.508, ""miss_deg"": 1.75, ""labels"": [194]}, {""name"": ""香蕉"", ""share"": 0.171, ""q"": 0.027, ""capture"": 0.11, ""miss_deg"": 3.15, ""labels"": [196]}]"
2026_08_16/s6,s6,v8,,cluster015,135.56,135.94,0.38,1.777,,-1,0.0,0.0,,,,1.0,object#82,,0,0,,,,0,[]
2026_08_16/s6,s6,v8,,cluster015,136.74,137.23,0.49,1.424,,-1,0.0,0.0,,,,1.0,object#14,,0,0,,,,0,[]
2026_08_18/000,s7,v8,,cluster015,2.52,2.96,0.44,1.778,,-1,0.0,0.0,,,,1.0,floor,,0,0,,,,0,[]
2026_08_18/000,s7,v8,,cluster015,3.52,3.79,0.27,1.862,球L,191,0.882,0.37,1.032,0.134,0.128,0.581,object#10,,1,1,,,,3,"[{""name"": ""球L"", ""share"": 0.882, ""q"": 0.37, ""capture"": 1.032, ""miss_deg"": 0.0, ""labels"": [191]}, {""name"": ""球M"", ""share"": 0.113, ""q"": 0.048, ""capture"": 0.138, ""miss_deg"": 2.98, ""labels"": [192]}, {""name"": ""香蕉"", ""share"": 0.005, ""q"": 0.002, ""capture"": 0.002, ""miss_deg"": 5.21, ""labels"": [196]}]"
2026_08_18/000,s7,v8,,cluster015,8.88,9.8,0.92,3.198,球M,192,0.801,0.06,0.44,0.302,0.242,0.925,object#17,,1,1,,,,3,"[{""name"": ""球M"", ""share"": 0.801, ""q"": 0.06, ""capture"": 0.44, ""miss_deg"": 1.92, ""labels"": [192]}, {""name"": ""球R"", ""share"": 0.194, ""q"": 0.015, ""capture"": 0.133, ""miss_deg"": 3.01, ""labels"": [193]}, {""name"": ""球L"", ""share"": 0.005, ""q"": 0.0, ""capture"": 0.003, ""miss_deg"": 5.14, ""labels"": [191]}]"
2026_08_18/000,s7,v8,,cluster015,9.85,10.72,0.87,2.959,球M,192,0.662,0.099,0.677,0.298,0.334,0.851,object#17,,1,1,,,,3,"[{""name"": ""球M"", ""share"": 0.662, ""q"": 0.099, ""capture"": 0.677, ""miss_deg"": 1.32, ""labels"": [192]}, {""name"": ""球L"", ""share"": 0.221, ""q"": 0.033, ""capture"": 0.202, ""miss_deg"": 2.68, ""labels"": [191]}, {""name"": ""球R"", ""share"": 0.112, ""q"": 0.017, ""capture"": 0.122, ""miss_deg"": 3.08, ""labels"": [193]}]"
2026_08_18/000,s7,v8,,cluster015,10.77,11.05,0.27,3.187,球M,192,0.739,0.082,0.599,0.386,0.31,0.889,object#17,,1,1,,,,3,"[{""name"": ""球M"", ""share"": 0.739, ""q"": 0.082, ""capture"": 0.599, ""miss_deg"": 1.52, ""labels"": [192]}, {""name"": ""球R"", ""share"": 0.229, ""q"": 0.025, ""capture"": 0.231, ""miss_deg"": 2.57, ""labels"": [193]}, {""name"": ""球L"", ""share"": 0.032, ""q"": 0.004, ""capture"": 0.025, ""miss_deg"": 4.08, ""labels"": [191]}]"
2026_08_18/000,s7,v8,,cluster015,11.1,12.13,1.03,2.934,球M,192,0.677,0.106,0.65,0.317,0.316,0.843,object#17,,1,1,,,,3,"[{""name"": ""球M"", ""share"": 0.677, ""q"": 0.106, ""capture"": 0.65, ""miss_deg"": 1.39, ""labels"": [192]}, {""name"": ""球L"", ""share"": 0.214, ""q"": 0.034, ""capture"": 0.206, ""miss_deg"": 2.67, ""labels"": [191]}, {""name"": ""球R"", ""share"": 0.109, ""q"": 0.017, ""capture"": 0.117, ""miss_deg"": 3.11, ""labels"": [193]}]"
2026_08_18/000,s7,v8,,cluster015,12.18,12.72,0.54,3.18,球M,192,0.601,0.086,0.629,0.771,0.617,0.857,object#17,,1,1,,,,3,"[{""name"": ""球M"", ""share"": 0.601, ""q"": 0.086, ""capture"": 0.629, ""miss_deg"": 1.45, ""labels"": [192]}, {""name"": ""球R"", ""share"": 0.371, ""q"": 0.053, ""capture"": 0.485, ""miss_deg"": 1.81, ""labels"": [193]}, {""name"": ""球L"", ""share"": 0.028, ""q"": 0.004, ""capture"": 0.028, ""miss_deg"": 4.01, ""labels"": [191]}]"
2026_08_18/000,s7,v8,,cluster015,15.27,15.92,0.65,2.967,球M,192,0.573,0.093,0.638,0.574,0.644,0.838,object#17,,1,1,,,,3,"[{""name"": ""球M"", ""share"": 0.573, ""q"": 0.093, ""capture"": 0.638, ""miss_deg"": 1.42, ""labels"": [192]}, {""name"": ""球L"", ""share"": 0.369, ""q"": 0.06, ""capture"": 0.366, ""miss_deg"": 2.13, ""labels"": [191]}, {""name"": ""球R"", ""share"": 0.058, ""q"": 0.009, ""capture"": 0.069, ""miss_deg"": 3.47, ""labels"": [193]}]"
2026_08_18/000,s7,v8,,cluster015,16.14,21.01,4.87,3.01,球L,191,0.838,0.144,0.881,0.159,0.142,0.828,object#17,,1,1,1,球L,1,3,"[{""name"": ""球L"", ""share"": 0.838, ""q"": 0.144, ""capture"": 0.881, ""miss_deg"": 0.75, ""labels"": [191]}, {""name"": ""球M"", ""share"": 0.119, ""q"": 0.02, ""capture"": 0.14, ""miss_deg"": 2.97, ""labels"": [192]}, {""name"": ""香蕉"", ""share"": 0.043, ""q"": 0.007, ""capture"": 0.016, ""miss_deg"": 4.33, ""labels"": [196]}]"
2026_08_18/000,s7,v8,,cluster015,21.17,21.61,0.43,3.464,球L,191,0.584,0.021,0.195,0.713,0.712,0.963,object#17,,0,0,1,球L,1,2,"[{""name"": ""球L"", ""share"": 0.584, ""q"": 0.021, ""capture"": 0.195, ""miss_deg"": 2.71, ""labels"": [191]}, {""name"": ""球M"", ""share"": 0.416, ""q"": 0.015, ""capture"": 0.139, ""miss_deg"": 2.98, ""labels"": [192]}]"
2026_08_18/000,s7,v8,,cluster015,21.96,22.67,0.7,3.288,球M,192,0.551,0.061,0.513,0.86,0.793,0.889,object#17,,1,1,,,,3,"[{""name"": ""球M"", ""share"": 0.551, ""q"": 0.061, ""capture"": 0.513, ""miss_deg"": 1.73, ""labels"": [192]}, {""name"": ""球R"", ""share"": 0.437, ""q"": 0.048, ""capture"": 0.441, ""miss_deg"": 1.92, ""labels"": [193]}, {""name"": ""球L"", ""share"": 0.011, ""q"": 0.001, ""capture"": 0.011, ""miss_deg"": 4.53, ""labels"": [191]}]"
2026_08_18/000,s7,v8,,cluster015,22.99,29.82,6.82,2.996,球L,191,0.883,0.128,0.785,0.104,0.093,0.854,object#36,,1,1,2,球L,1,3,"[{""name"": ""球L"", ""share"": 0.883, ""q"": 0.128, ""capture"": 0.785, ""miss_deg"": 1.04, ""labels"": [191]}, {""name"": ""球M"", ""share"": 0.082, ""q"": 0.012, ""capture"": 0.082, ""miss_deg"": 3.35, ""labels"": [192]}, {""name"": ""香蕉"", ""share"": 0.035, ""q"": 0.005, ""capture"": 0.011, ""miss_deg"": 4.51, ""labels"": [196]}]"
2026_08_18/000,s7,v8,,cluster015,30.08,33.49,3.41,3.392,球R,193,0.549,0.052,0.477,0.822,0.821,0.905,object#17,,1,1,3,球R,1,2,"[{""name"": ""球R"", ""share"": 0.549, ""q"": 0.052, ""capture"": 0.477, ""miss_deg"": 1.83, ""labels"": [193]}, {""name"": ""球M"", ""share"": 0.451, ""q"": 0.043, ""capture"": 0.392, ""miss_deg"": 2.05, ""labels"": [192]}]"
2026_08_18/000,s7,v8,,cluster015,33.54,34.3,0.76,3.233,球M,192,0.69,0.106,0.89,0.4,0.37,0.847,object#17,,1,1,3,球R,0,3,"[{""name"": ""球M"", ""share"": 0.69, ""q"": 0.106, ""capture"": 0.89, ""miss_deg"": 0.73, ""labels"": [192]}, {""name"": ""球R"", ""share"": 0.255, ""q"": 0.039, ""capture"": 0.356, ""miss_deg"": 2.16, ""labels"": [193]}, {""name"": ""球L"", ""share"": 0.036, ""q"": 0.005, ""capture"": 0.04, ""miss_deg"": 3.81, ""labels"": [191]}]"
2026_08_18/000,s7,v8,,cluster015,34.36,34.74,0.38,3.024,球M,192,0.667,0.129,0.883,0.284,0.267,0.807,object#17,,1,1,3,球R,0,3,"[{""name"": ""球M"", ""share"": 0.667, ""q"": 0.129, ""capture"": 0.883, ""miss_deg"": 0.75, ""labels"": [192]}, {""name"": ""球R"", ""share"": 0.178, ""q"": 0.034, ""capture"": 0.251, ""miss_deg"": 2.49, ""labels"": [193]}, {""name"": ""球L"", ""share"": 0.151, ""q"": 0.029, ""capture"": 0.178, ""miss_deg"": 2.79, ""labels"": [191]}]"
2026_08_18/000,s7,v8,,cluster015,34.79,35.06,0.27,3.295,球M,192,0.702,0.098,0.821,0.417,0.385,0.861,object#17,,1,1,3,球R,0,3,"[{""name"": ""球M"", ""share"": 0.702, ""q"": 0.098, ""capture"": 0.821, ""miss_deg"": 0.94, ""labels"": [192]}, {""name"": ""球R"", ""share"": 0.27, ""q"": 0.038, ""capture"": 0.342, ""miss_deg"": 2.2, ""labels"": [193]}, {""name"": ""球L"", ""share"": 0.02, ""q"": 0.003, ""capture"": 0.023, ""miss_deg"": 4.12, ""labels"": [191]}]"
2026_08_18/000,s7,v8,,cluster015,35.29,35.84,0.54,3.327,球M,192,0.666,0.072,0.66,0.462,0.462,0.891,object#17,,1,1,3,球R,0,3,"[{""name"": ""球M"", ""share"": 0.666, ""q"": 0.072, ""capture"": 0.66, ""miss_deg"": 1.37, ""labels"": [192]}, {""name"": ""球R"", ""share"": 0.308, ""q"": 0.034, ""capture"": 0.305, ""miss_deg"": 2.31, ""labels"": [193]}, {""name"": ""球L"", ""share"": 0.026, ""q"": 0.003, ""capture"": 0.024, ""miss_deg"": 4.1, ""labels"": [191]}]"
2026_08_18/000,s7,v8,,cluster015,35.89,36.65,0.76,3.181,球M,192,0.677,0.118,0.864,0.463,0.371,0.825,object#17,,1,1,,,,3,"[{""name"": ""球M"", ""share"": 0.677, ""q"": 0.118, ""capture"": 0.864, ""miss_deg"": 0.81, ""labels"": [192]}, {""name"": ""球R"", ""share"": 0.251, ""q"": 0.044, ""capture"": 0.4, ""miss_deg"": 2.03, ""labels"": [193]}, {""name"": ""球L"", ""share"": 0.047, ""q"": 0.008, ""capture"": 0.056, ""miss_deg"": 3.6, ""labels"": [191]}]"
2026_08_18/000,s7,v8,,cluster015,36.97,42.71,5.74,3.347,球R,193,0.5,0.046,0.422,0.993,0.994,0.907,object#17,,1,1,4,球R,1,3,"[{""name"": ""球R"", ""share"": 0.5, ""q"": 0.046, ""capture"": 0.422, ""miss_deg"": 1.97, ""labels"": [193]}, {""name"": ""球M"", ""share"": 0.497, ""q"": 0.046, ""capture"": 0.419, ""miss_deg"": 1.98, ""labels"": [192]}, {""name"": ""球L"", ""share"": 0.003, ""q"": 0.0, ""capture"": 0.002, ""miss_deg"": 5.23, ""labels"": [191]}]"
2026_08_18/000,s7,v8,,cluster015,42.87,43.14,0.27,3.41,球R,193,0.637,0.037,0.334,0.569,0.57,0.943,object#17,,1,1,4,球R,1,2,"[{""name"": ""球R"", ""share"": 0.637, ""q"": 0.037, ""capture"": 0.334, ""miss_deg"": 2.22, ""labels"": [193]}, {""name"": ""球M"", ""share"": 0.363, ""q"": 0.021, ""capture"": 0.19, ""miss_deg"": 2.73, ""labels"": [192]}]"
2026_08_18/000,s7,v8,,cluster015,43.19,43.52,0.32,3.259,球M,192,0.65,0.087,0.732,0.546,0.505,0.866,object#17,,1,1,,,,3,"[{""name"": ""球M"", ""share"": 0.65, ""q"": 0.087, ""capture"": 0.732, ""miss_deg"": 1.18, ""labels"": [192]}, {""name"": ""球R"", ""share"": 0.328, ""q"": 0.044, ""capture"": 0.4, ""miss_deg"": 2.03, ""labels"": [193]}, {""name"": ""球L"", ""share"": 0.021, ""q"": 0.003, ""capture"": 0.02, ""miss_deg"": 4.19, ""labels"": [191]}]"
2026_08_18/000,s7,v8,,cluster015,44.11,44.44,0.32,3.207,球M,192,0.664,0.104,0.876,0.46,0.425,0.843,object#17,,1,1,,,,3,"[{""name"": ""球M"", ""share"": 0.664, ""q"": 0.104, ""capture"": 0.876, ""miss_deg"": 0.77, ""labels"": [192]}, {""name"": ""球R"", ""share"": 0.282, ""q"": 0.044, ""capture"": 0.403, ""miss_deg"": 2.02, ""labels"": [193]}, {""name"": ""球L"", ""share"": 0.044, ""q"": 0.007, ""capture"": 0.05, ""miss_deg"": 3.67, ""labels"": [191]}]"
2026_08_18/000,s7,v8,,cluster015,44.49,46.06,1.57,3.062,球M,192,0.684,0.105,0.719,0.355,0.288,0.846,object#17,,1,1,5,球M,1,3,"[{""name"": ""球M"", ""share"": 0.684, ""q"": 0.105, ""capture"": 0.719, ""miss_deg"": 1.22, ""labels"": [192]}, {""name"": ""球R"", ""share"": 0.197, ""q"": 0.03, ""capture"": 0.255, ""miss_deg"": 2.48, ""labels"": [193]}, {""name"": ""球L"", ""share"": 0.102, ""q"": 0.016, ""capture"": 0.107, ""miss_deg"": 3.17, ""labels"": [191]}]"
2026_08_18/000,s7,v8,,cluster015,46.28,47.69,1.41,3.016,球M,192,0.662,0.11,0.751,0.258,0.29,0.834,object#17,,1,1,5,球M,1,3,"[{""name"": ""球M"", ""share"": 0.662, ""q"": 0.11, ""capture"": 0.751, ""miss_deg"": 1.13, ""labels"": [192]}, {""name"": ""球L"", ""share"": 0.192, ""q"": 0.032, ""capture"": 0.194, ""miss_deg"": 2.71, ""labels"": [191]}, {""name"": ""球R"", ""share"": 0.141, ""q"": 0.023, ""capture"": 0.17, ""miss_deg"": 2.82, ""labels"": [193]}]"
2026_08_18/000,s7,v8,,cluster015,47.85,49.64,1.79,2.988,球M,192,0.6,0.093,0.64,0.491,0.552,0.844,object#17,,1,1,5,球M,1,3,"[{""name"": ""球M"", ""share"": 0.6, ""q"": 0.093, ""capture"": 0.64, ""miss_deg"": 1.42, ""labels"": [192]}, {""name"": ""球L"", ""share"": 0.331, ""q"": 0.051, ""capture"": 0.314, ""miss_deg"": 2.28, ""labels"": [191]}, {""name"": ""球R"", ""share"": 0.069, ""q"": 0.011, ""capture"": 0.078, ""miss_deg"": 3.39, ""labels"": [193]}]"
2026_08_18/000,s7,v8,,cluster015,50.89,51.27,0.38,3.013,球L,191,0.792,0.088,0.539,0.288,0.256,0.889,object#17,,1,1,,,,3,"[{""name"": ""球L"", ""share"": 0.792, ""q"": 0.088, ""capture"": 0.539, ""miss_deg"": 1.67, ""labels"": [191]}, {""name"": ""球M"", ""share"": 0.203, ""q"": 0.023, ""capture"": 0.155, ""miss_deg"": 2.9, ""labels"": [192]}, {""name"": ""香蕉"", ""share"": 0.005, ""q"": 0.001, ""capture"": 0.001, ""miss_deg"": 5.49, ""labels"": [196]}]"
2026_08_18/000,s7,v8,,cluster015,51.4,52.11,0.7,2.994,球L,191,0.71,0.204,1.245,0.23,0.206,0.713,object#10,,1,1,6,球L,1,3,"[{""name"": ""球L"", ""share"": 0.71, ""q"": 0.204, ""capture"": 1.245, ""miss_deg"": 0.0, ""labels"": [191]}, {""name"": ""球M"", ""share"": 0.146, ""q"": 0.042, ""capture"": 0.286, ""miss_deg"": 2.37, ""labels"": [192]}, {""name"": ""香蕉"", ""share"": 0.145, ""q"": 0.041, ""capture"": 0.088, ""miss_deg"": 3.31, ""labels"": [196]}]"
2026_08_18/000,s7,v8,,cluster015,52.77,57.37,4.6,3.022,球L,191,0.755,0.184,1.122,0.239,0.213,0.757,object#36,,1,1,6,球L,1,3,"[{""name"": ""球L"", ""share"": 0.755, ""q"": 0.184, ""capture"": 1.122, ""miss_deg"": 0.0, ""labels"": [191]}, {""name"": ""球M"", ""share"": 0.161, ""q"": 0.039, ""capture"": 0.268, ""miss_deg"": 2.44, ""labels"": [192]}, {""name"": ""香蕉"", ""share"": 0.084, ""q"": 0.02, ""capture"": 0.043, ""miss_deg"": 3.76, ""labels"": [196]}]"
2026_08_18/000,s7,v8,,cluster015,57.91,58.24,0.32,2.985,球M,192,0.618,0.126,0.864,0.374,0.419,0.796,object#17,,1,1,,,,3,"[{""name"": ""球M"", ""share"": 0.618, ""q"": 0.126, ""capture"": 0.864, ""miss_deg"": 0.81, ""labels"": [192]}, {""name"": ""球L"", ""share"": 0.259, ""q"": 0.053, ""capture"": 0.323, ""miss_deg"": 2.26, ""labels"": [191]}, {""name"": ""球R"", ""share"": 0.123, ""q"": 0.025, ""capture"": 0.182, ""miss_deg"": 2.77, ""labels"": [193]}]"
2026_08_18/000,s7,v8,,cluster015,58.29,60.96,2.66,2.988,球M,192,0.625,0.141,0.967,0.347,0.39,0.774,object#17,,1,1,7,球M,1,3,"[{""name"": ""球M"", ""share"": 0.625, ""q"": 0.141, ""capture"": 0.967, ""miss_deg"": 0.39, ""labels"": [192]}, {""name"": ""球L"", ""share"": 0.244, ""q"": 0.055, ""capture"": 0.336, ""miss_deg"": 2.21, ""labels"": [191]}, {""name"": ""球R"", ""share"": 0.131, ""q"": 0.03, ""capture"": 0.216, ""miss_deg"": 2.63, ""labels"": [193]}]"
2026_08_18/000,s7,v8,,cluster015,61.01,62.31,1.3,3.312,球M,192,0.638,0.072,0.659,0.548,0.549,0.887,object#17,,1,1,7,球M,1,3,"[{""name"": ""球M"", ""share"": 0.638, ""q"": 0.072, ""capture"": 0.659, ""miss_deg"": 1.37, ""labels"": [192]}, {""name"": ""球R"", ""share"": 0.35, ""q"": 0.04, ""capture"": 0.361, ""miss_deg"": 2.14, ""labels"": [193]}, {""name"": ""球L"", ""share"": 0.012, ""q"": 0.001, ""capture"": 0.012, ""miss_deg"": 4.47, ""labels"": [191]}]"
2026_08_18/000,s7,v8,,cluster015,62.36,62.63,0.27,3.071,球M,192,0.711,0.103,0.709,0.312,0.255,0.855,object#17,,1,1,7,球M,1,3,"[{""name"": ""球M"", ""share"": 0.711, ""q"": 0.103, ""capture"": 0.709, ""miss_deg"": 1.24, ""labels"": [192]}, {""name"": ""球R"", ""share"": 0.181, ""q"": 0.026, ""capture"": 0.221, ""miss_deg"": 2.61, ""labels"": [193]}, {""name"": ""球L"", ""share"": 0.099, ""q"": 0.014, ""capture"": 0.099, ""miss_deg"": 3.23, ""labels"": [191]}]"
2026_08_18/000,s7,v8,,cluster015,62.8,64.15,1.35,3.013,球M,192,0.682,0.109,0.746,0.253,0.284,0.84,object#17,,1,1,7,球M,1,3,"[{""name"": ""球M"", ""share"": 0.682, ""q"": 0.109, ""capture"": 0.746, ""miss_deg"": 1.15, ""labels"": [192]}, {""name"": ""球L"", ""share"": 0.194, ""q"": 0.031, ""capture"": 0.189, ""miss_deg"": 2.74, ""labels"": [191]}, {""name"": ""球R"", ""share"": 0.113, ""q"": 0.018, ""capture"": 0.132, ""miss_deg"": 3.02, ""labels"": [193]}]"
2026_08_18/000,s7,v8,,cluster015,66.93,67.26,0.32,2.823,,-1,0.0,0.0,,,,1.0,floor,,0,0,,,,0,[]
2026_08_18/000,s7,v8,,cluster015,67.58,67.85,0.27,3.192,,-1,0.0,0.0,,,,1.0,floor,,0,0,,,,0,[]
2026_08_18/000,s7,v8,,cluster015,68.03,69.71,1.68,2.952,,-1,0.0,0.0,,,,1.0,object#11,,0,0,,,,0,[]
2026_08_18/000,s7,v8,,cluster015,69.77,70.04,0.27,2.868,,-1,0.0,0.0,,,,1.0,object#11,,0,0,,,,0,[]
2026_08_18/000,s7,v8,,cluster015,70.44,71.9,1.46,2.973,球M,192,0.574,0.14,0.956,0.562,0.631,0.757,object#10,,1,1,,,,3,"[{""name"": ""球M"", ""share"": 0.574, ""q"": 0.14, ""capture"": 0.956, ""miss_deg"": 0.45, ""labels"": [192]}, {""name"": ""球L"", ""share"": 0.362, ""q"": 0.088, ""capture"": 0.537, ""miss_deg"": 1.67, ""labels"": [191]}, {""name"": ""球R"", ""share"": 0.062, ""q"": 0.015, ""capture"": 0.11, ""miss_deg"": 3.15, ""labels"": [193]}]"
2026_08_18/000,s7,v8,,cluster015,72.06,73.42,1.36,2.946,球M,192,0.603,0.12,0.736,0.466,0.466,0.8,object#17,,1,1,,,,3,"[{""name"": ""球M"", ""share"": 0.603, ""q"": 0.12, ""capture"": 0.736, ""miss_deg"": 1.17, ""labels"": [192]}, {""name"": ""球L"", ""share"": 0.281, ""q"": 0.056, ""capture"": 0.343, ""miss_deg"": 2.2, ""labels"": [191]}, {""name"": ""球R"", ""share"": 0.111, ""q"": 0.022, ""capture"": 0.152, ""miss_deg"": 2.91, ""labels"": [193]}]"
2026_08_18/000,s7,v8,,cluster015,73.48,75.37,1.9,3.054,球M,192,0.617,0.135,0.925,0.579,0.472,0.781,object#17,,1,1,8,球R,0,3,"[{""name"": ""球M"", ""share"": 0.617, ""q"": 0.135, ""capture"": 0.925, ""miss_deg"": 0.59, ""labels"": [192]}, {""name"": ""球R"", ""share"": 0.291, ""q"": 0.064, ""capture"": 0.536, ""miss_deg"": 1.68, ""labels"": [193]}, {""name"": ""球L"", ""share"": 0.065, ""q"": 0.014, ""capture"": 0.098, ""miss_deg"": 3.23, ""labels"": [191]}]"
2026_08_18/000,s7,v8,,cluster015,75.65,76.73,1.08,3.112,球M,192,0.624,0.125,0.854,0.621,0.505,0.8,object#17,,1,1,8,球R,0,3,"[{""name"": ""球M"", ""share"": 0.624, ""q"": 0.125, ""capture"": 0.854, ""miss_deg"": 0.84, ""labels"": [192]}, {""name"": ""球R"", ""share"": 0.315, ""q"": 0.063, ""capture"": 0.53, ""miss_deg"": 1.69, ""labels"": [193]}, {""name"": ""球L"", ""share"": 0.047, ""q"": 0.009, ""capture"": 0.064, ""miss_deg"": 3.52, ""labels"": [191]}]"
2026_08_18/000,s7,v8,,cluster015,76.79,79.66,2.87,2.943,球M,192,0.655,0.152,0.931,0.304,0.304,0.768,object#17,,1,1,8,球R,0,3,"[{""name"": ""球M"", ""share"": 0.655, ""q"": 0.152, ""capture"": 0.931, ""miss_deg"": 0.57, ""labels"": [192]}, {""name"": ""球L"", ""share"": 0.199, ""q"": 0.046, ""capture"": 0.283, ""miss_deg"": 2.38, ""labels"": [191]}, {""name"": ""球R"", ""share"": 0.145, ""q"": 0.034, ""capture"": 0.23, ""miss_deg"": 2.57, ""labels"": [193]}]"
2026_08_18/000,s7,v8,,cluster015,80.27,85.36,5.09,3.259,球R,193,0.487,0.067,0.615,0.961,1.041,0.862,object#17,,1,0,9,球R,1,3,"[{""name"": ""球R"", ""share"": 0.487, ""q"": 0.067, ""capture"": 0.615, ""miss_deg"": 1.48, ""labels"": [193]}, {""name"": ""球M"", ""share"": 0.507, ""q"": 0.07, ""capture"": 0.591, ""miss_deg"": 1.54, ""labels"": [192]}, {""name"": ""球L"", ""share"": 0.005, ""q"": 0.001, ""capture"": 0.005, ""miss_deg"": 4.85, ""labels"": [191]}]"
2026_08_18/000,s7,v8,,cluster015,85.42,85.9,0.49,2.988,球M,192,0.679,0.128,0.879,0.255,0.239,0.811,object#17,,1,1,,,,3,"[{""name"": ""球M"", ""share"": 0.679, ""q"": 0.128, ""capture"": 0.879, ""miss_deg"": 0.76, ""labels"": [192]}, {""name"": ""球R"", ""share"": 0.162, ""q"": 0.031, ""capture"": 0.224, ""miss_deg"": 2.6, ""labels"": [193]}, {""name"": ""球L"", ""share"": 0.155, ""q"": 0.029, ""capture"": 0.179, ""miss_deg"": 2.78, ""labels"": [191]}]"
2026_08_18/000,s7,v8,,cluster015,85.96,86.55,0.6,3.271,球R,193,0.52,0.085,0.774,0.845,0.913,0.837,object#17,,1,1,,,,3,"[{""name"": ""球R"", ""share"": 0.52, ""q"": 0.085, ""capture"": 0.774, ""miss_deg"": 1.07, ""labels"": [193]}, {""name"": ""球M"", ""share"": 0.475, ""q"": 0.078, ""capture"": 0.654, ""miss_deg"": 1.38, ""labels"": [192]}, {""name"": ""球L"", ""share"": 0.005, ""q"": 0.001, ""capture"": 0.006, ""miss_deg"": 4.79, ""labels"": [191]}]"
2026_08_18/000,s7,v8,,cluster015,86.8,87.55,0.76,2.99,球M,192,0.639,0.126,0.863,0.368,0.413,0.803,object#17,,1,1,10,球M,1,3,"[{""name"": ""球M"", ""share"": 0.639, ""q"": 0.126, ""capture"": 0.863, ""miss_deg"": 0.82, ""labels"": [192]}, {""name"": ""球L"", ""share"": 0.264, ""q"": 0.052, ""capture"": 0.318, ""miss_deg"": 2.27, ""labels"": [191]}, {""name"": ""球R"", ""share"": 0.096, ""q"": 0.019, ""capture"": 0.139, ""miss_deg"": 2.98, ""labels"": [193]}]"
2026_08_18/000,s7,v8,,cluster015,87.61,88.04,0.43,3.14,球M,192,0.614,0.131,0.958,0.554,0.445,0.786,object#17,,1,1,10,球M,1,3,"[{""name"": ""球M"", ""share"": 0.614, ""q"": 0.131, ""capture"": 0.958, ""miss_deg"": 0.44, ""labels"": [192]}, {""name"": ""球R"", ""share"": 0.273, ""q"": 0.058, ""capture"": 0.531, ""miss_deg"": 1.69, ""labels"": [193]}, {""name"": ""石榴"", ""share"": 0.051, ""q"": 0.011, ""capture"": 0.1, ""miss_deg"": 3.22, ""labels"": [195]}]"
2026_08_18/000,s7,v8,,cluster015,88.1,92.65,4.55,2.979,球M,192,0.597,0.122,0.836,0.482,0.541,0.796,object#17,,1,1,10,球M,1,3,"[{""name"": ""球M"", ""share"": 0.597, ""q"": 0.122, ""capture"": 0.836, ""miss_deg"": 0.9, ""labels"": [192]}, {""name"": ""球L"", ""share"": 0.323, ""q"": 0.066, ""capture"": 0.403, ""miss_deg"": 2.02, ""labels"": [191]}, {""name"": ""球R"", ""share"": 0.08, ""q"": 0.016, ""capture"": 0.12, ""miss_deg"": 3.09, ""labels"": [193]}]"
2026_08_18/000,s7,v8,,cluster015,92.81,93.95,1.14,2.976,球M,192,0.56,0.121,0.83,0.598,0.67,0.784,object#17,,1,1,,,,3,"[{""name"": ""球M"", ""share"": 0.56, ""q"": 0.121, ""capture"": 0.83, ""miss_deg"": 0.92, ""labels"": [192]}, {""name"": ""球L"", ""share"": 0.375, ""q"": 0.081, ""capture"": 0.496, ""miss_deg"": 1.78, ""labels"": [191]}, {""name"": ""球R"", ""share"": 0.065, ""q"": 0.014, ""capture"": 0.103, ""miss_deg"": 3.2, ""labels"": [193]}]"
2026_08_18/000,s7,v8,,cluster015,94.3,100.22,5.91,3.01,球L,191,0.767,0.205,1.255,0.162,0.143,0.732,object#36,,1,1,11,球L,1,3,"[{""name"": ""球L"", ""share"": 0.767, ""q"": 0.205, ""capture"": 1.255, ""miss_deg"": 0.0, ""labels"": [191]}, {""name"": ""球M"", ""share"": 0.11, ""q"": 0.03, ""capture"": 0.203, ""miss_deg"": 2.68, ""labels"": [192]}, {""name"": ""香蕉"", ""share"": 0.123, ""q"": 0.033, ""capture"": 0.07, ""miss_deg"": 3.46, ""labels"": [196]}]"
2026_08_18/000,s7,v8,,cluster015,100.27,101.9,1.62,3.029,球M,192,0.605,0.129,0.882,0.385,0.433,0.787,object#17,,1,1,,,,3,"[{""name"": ""球M"", ""share"": 0.605, ""q"": 0.129, ""capture"": 0.882, ""miss_deg"": 0.75, ""labels"": [192]}, {""name"": ""球L"", ""share"": 0.262, ""q"": 0.056, ""capture"": 0.34, ""miss_deg"": 2.2, ""labels"": [191]}, {""name"": ""球R"", ""share"": 0.133, ""q"": 0.028, ""capture"": 0.206, ""miss_deg"": 2.67, ""labels"": [193]}]"
2026_08_18/000,s7,v8,,cluster015,102.18,103.48,1.3,3.055,球M,192,0.618,0.135,0.924,0.356,0.356,0.782,object#17,,1,1,12,球M,1,3,"[{""name"": ""球M"", ""share"": 0.618, ""q"": 0.135, ""capture"": 0.924, ""miss_deg"": 0.6, ""labels"": [192]}, {""name"": ""球L"", ""share"": 0.22, ""q"": 0.048, ""capture"": 0.329, ""miss_deg"": 2.24, ""labels"": [191]}, {""name"": ""球R"", ""share"": 0.163, ""q"": 0.036, ""capture"": 0.299, ""miss_deg"": 2.33, ""labels"": [193]}]"
2026_08_18/000,s7,v8,,cluster015,103.53,105.0,1.47,3.123,球M,192,0.561,0.135,0.989,0.455,0.396,0.758,object#17,,1,1,12,球M,1,3,"[{""name"": ""球M"", ""share"": 0.561, ""q"": 0.135, ""capture"": 0.989, ""miss_deg"": 0.22, ""labels"": [192]}, {""name"": ""球R"", ""share"": 0.222, ""q"": 0.054, ""capture"": 0.45, ""miss_deg"": 1.89, ""labels"": [193]}, {""name"": ""球L"", ""share"": 0.127, ""q"": 0.031, ""capture"": 0.21, ""miss_deg"": 2.65, ""labels"": [191]}]"
2026_08_18/000,s7,v8,,cluster015,105.05,105.6,0.54,3.259,球M,192,0.507,0.101,0.85,0.891,0.822,0.801,object#17,,1,1,12,球M,1,3,"[{""name"": ""球M"", ""share"": 0.507, ""q"": 0.101, ""capture"": 0.85, ""miss_deg"": 0.85, ""labels"": [192]}, {""name"": ""球R"", ""share"": 0.417, ""q"": 0.083, ""capture"": 0.757, ""miss_deg"": 1.12, ""labels"": [193]}, {""name"": ""石榴"", ""share"": 0.041, ""q"": 0.008, ""capture"": 0.089, ""miss_deg"": 3.3, ""labels"": [195]}]"
2026_08_18/000,s7,v8,,cluster015,105.65,107.81,2.16,3.033,球M,192,0.611,0.147,1.009,0.438,0.439,0.759,object#10,,1,1,12,球M,1,3,"[{""name"": ""球M"", ""share"": 0.611, ""q"": 0.147, ""capture"": 1.009, ""miss_deg"": 0.0, ""labels"": [192]}, {""name"": ""球L"", ""share"": 0.268, ""q"": 0.065, ""capture"": 0.442, ""miss_deg"": 1.92, ""labels"": [191]}, {""name"": ""球R"", ""share"": 0.121, ""q"": 0.029, ""capture"": 0.213, ""miss_deg"": 2.64, ""labels"": [193]}]"
2026_08_18/000,s7,v8,,cluster015,108.19,108.78,0.6,3.34,球R,193,0.693,0.087,0.791,0.442,0.443,0.875,object#63,,1,1,13,球R,1,2,"[{""name"": ""球R"", ""share"": 0.693, ""q"": 0.087, ""capture"": 0.791, ""miss_deg"": 1.03, ""labels"": [193]}, {""name"": ""球M"", ""share"": 0.307, ""q"": 0.038, ""capture"": 0.35, ""miss_deg"": 2.17, ""labels"": [192]}]"
2026_08_18/000,s7,v8,,cluster015,108.89,109.98,1.09,3.317,球R,193,0.595,0.088,0.801,0.654,0.654,0.852,object#70,,1,1,13,球R,1,3,"[{""name"": ""球R"", ""share"": 0.595, ""q"": 0.088, ""capture"": 0.801, ""miss_deg"": 1.0, ""labels"": [193]}, {""name"": ""球M"", ""share"": 0.389, ""q"": 0.058, ""capture"": 0.524, ""miss_deg"": 1.7, ""labels"": [192]}, {""name"": ""石榴"", ""share"": 0.015, ""q"": 0.002, ""capture"": 0.024, ""miss_deg"": 4.09, ""labels"": [195]}]"
2026_08_18/000,s7,v8,,cluster015,110.03,112.14,2.11,3.336,球R,193,0.522,0.084,0.764,0.885,0.885,0.839,object#17,,1,1,13,球R,1,3,"[{""name"": ""球R"", ""share"": 0.522, ""q"": 0.084, ""capture"": 0.764, ""miss_deg"": 1.1, ""labels"": [193]}, {""name"": ""球M"", ""share"": 0.462, ""q"": 0.074, ""capture"": 0.676, ""miss_deg"": 1.33, ""labels"": [192]}, {""name"": ""石榴"", ""share"": 0.012, ""q"": 0.002, ""capture"": 0.02, ""miss_deg"": 4.18, ""labels"": [195]}]"
2026_08_18/000,s7,v8,,cluster015,112.21,112.75,0.54,3.154,球M,192,0.503,0.12,0.879,0.527,0.421,0.761,object#10,,1,1,13,球R,0,3,"[{""name"": ""球M"", ""share"": 0.503, ""q"": 0.12, ""capture"": 0.879, ""miss_deg"": 0.76, ""labels"": [192]}, {""name"": ""球R"", ""share"": 0.212, ""q"": 0.051, ""capture"": 0.463, ""miss_deg"": 1.86, ""labels"": [193]}, {""name"": ""石榴"", ""share"": 0.208, ""q"": 0.05, ""capture"": 0.454, ""miss_deg"": 1.89, ""labels"": [195]}]"
2026_08_18/000,s7,v8,,cluster015,112.8,113.24,0.43,3.335,球R,193,0.59,0.082,0.75,0.692,0.692,0.86,object#17,,1,1,13,球R,1,3,"[{""name"": ""球R"", ""share"": 0.59, ""q"": 0.082, ""capture"": 0.75, ""miss_deg"": 1.14, ""labels"": [193]}, {""name"": ""球M"", ""share"": 0.408, ""q"": 0.057, ""capture"": 0.519, ""miss_deg"": 1.72, ""labels"": [192]}, {""name"": ""球L"", ""share"": 0.002, ""q"": 0.0, ""capture"": 0.003, ""miss_deg"": 5.14, ""labels"": [191]}]"
2026_08_18/000,s7,v8,,cluster015,113.51,115.08,1.57,3.39,球R,193,0.621,0.085,0.777,0.609,0.609,0.863,object#63,,1,1,,,,3,"[{""name"": ""球R"", ""share"": 0.621, ""q"": 0.085, ""capture"": 0.777, ""miss_deg"": 1.07, ""labels"": [193]}, {""name"": ""球M"", ""share"": 0.378, ""q"": 0.052, ""capture"": 0.473, ""miss_deg"": 1.83, ""labels"": [192]}, {""name"": ""球L"", ""share"": 0.001, ""q"": 0.0, ""capture"": 0.001, ""miss_deg"": 5.47, ""labels"": [191]}]"
2026_08_18/000,s7,v8,,cluster015,115.4,116.27,0.87,3.053,球M,192,0.667,0.139,0.953,0.316,0.258,0.791,object#17,,1,1,14,球M,1,3,"[{""name"": ""球M"", ""share"": 0.667, ""q"": 0.139, ""capture"": 0.953, ""miss_deg"": 0.46, ""labels"": [192]}, {""name"": ""球R"", ""share"": 0.172, ""q"": 0.036, ""capture"": 0.301, ""miss_deg"": 2.32, ""labels"": [193]}, {""name"": ""球L"", ""share"": 0.161, ""q"": 0.034, ""capture"": 0.23, ""miss_deg"": 2.57, ""labels"": [191]}]"
2026_08_18/000,s7,v8,,cluster015,116.32,121.2,4.87,3.109,球M,192,0.649,0.14,0.96,0.373,0.304,0.784,object#17,,1,1,14,球M,1,3,"[{""name"": ""球M"", ""share"": 0.649, ""q"": 0.14, ""capture"": 0.96, ""miss_deg"": 0.43, ""labels"": [192]}, {""name"": ""球R"", ""share"": 0.197, ""q"": 0.043, ""capture"": 0.358, ""miss_deg"": 2.15, ""labels"": [193]}, {""name"": ""球L"", ""share"": 0.098, ""q"": 0.021, ""capture"": 0.145, ""miss_deg"": 2.95, ""labels"": [191]}]"
2026_08_18/000,s7,v8,,cluster015,121.25,121.69,0.43,3.364,球M,192,0.525,0.062,0.567,0.896,0.897,0.882,object#17,,1,1,,,,3,"[{""name"": ""球M"", ""share"": 0.525, ""q"": 0.062, ""capture"": 0.567, ""miss_deg"": 1.6, ""labels"": [192]}, {""name"": ""球R"", ""share"": 0.471, ""q"": 0.056, ""capture"": 0.508, ""miss_deg"": 1.75, ""labels"": [193]}, {""name"": ""球L"", ""share"": 0.004, ""q"": 0.001, ""capture"": 0.004, ""miss_deg"": 4.94, ""labels"": [191]}]"
2026_08_18/000,s7,v8,,cluster015,121.74,124.56,2.82,3.013,球L,191,0.683,0.194,1.182,0.318,0.284,0.717,object#10,,1,1,,,,3,"[{""name"": ""球L"", ""share"": 0.683, ""q"": 0.194, ""capture"": 1.182, ""miss_deg"": 0.0, ""labels"": [191]}, {""name"": ""球M"", ""share"": 0.194, ""q"": 0.055, ""capture"": 0.376, ""miss_deg"": 2.1, ""labels"": [192]}, {""name"": ""香蕉"", ""share"": 0.12, ""q"": 0.034, ""capture"": 0.072, ""miss_deg"": 3.44, ""labels"": [196]}]"
2026_08_18/000,s7,v8,,cluster015,124.73,128.59,3.86,3.034,球L,191,0.677,0.191,1.312,0.287,0.288,0.717,object#10,,1,1,15,球L,1,3,"[{""name"": ""球L"", ""share"": 0.677, ""q"": 0.191, ""capture"": 1.312, ""miss_deg"": 0.0, ""labels"": [191]}, {""name"": ""球M"", ""share"": 0.195, ""q"": 0.055, ""capture"": 0.377, ""miss_deg"": 2.09, ""labels"": [192]}, {""name"": ""香蕉"", ""share"": 0.126, ""q"": 0.036, ""capture"": 0.077, ""miss_deg"": 3.4, ""labels"": [196]}]"
2026_08_18/000,s7,v8,,cluster015,130.75,131.07,0.32,2.104,,-1,0.0,0.0,,,,1.0,object#28,,0,0,,,,0,[]
2026_08_18/000,s7,v8,,cluster015,131.13,131.4,0.27,1.794,,-1,0.0,0.0,,,,1.0,object#49,,0,0,,,,0,[]
2026_08_18/000,s7,v8,,cluster015,131.45,131.95,0.5,1.583,,-1,0.0,0.0,,,,1.0,object#49,,0,0,,,,0,[]
2026_08_18/000,s7,v8,,cluster015,135.22,135.49,0.27,0.652,,-1,0.0,0.0,,,,1.0,object#14,,0,0,,,,0,[]
2026_08_20/000,c1,v9,,cluster015,1.79,2.06,0.27,2.63,,-1,0.0,0.0,,,,1.0,floor,,0,0,,,,0,[]
2026_08_20/000,c1,v9,,cluster015,4.23,4.55,0.32,2.275,,-1,0.0,0.0,,,,1.0,floor,,0,0,,,,0,[]
2026_08_20/000,c1,v9,,cluster015,5.09,5.69,0.6,1.918,白杯1,266,0.598,0.345,0.866,0.313,0.162,0.423,object#12,,1,1,,,,3,"[{""name"": ""白杯1"", ""share"": 0.598, ""q"": 0.345, ""capture"": 0.866, ""miss_deg"": 0.8, ""labels"": [266]}, {""name"": ""球R"", ""share"": 0.097, ""q"": 0.056, ""capture"": 0.271, ""miss_deg"": 2.42, ""labels"": [263]}, {""name"": ""球M"", ""share"": 0.068, ""q"": 0.039, ""capture"": 0.19, ""miss_deg"": 2.73, ""labels"": [261]}]"
2026_08_20/000,c1,v9,,cluster015,6.59,7.89,1.3,2.294,水瓶,30,0.646,0.364,0.529,0.677,0.203,0.437,object#12,,1,1,,,,3,"[{""name"": ""水瓶"", ""share"": 0.646, ""q"": 0.364, ""capture"": 0.529, ""miss_deg"": 1.69, ""labels"": [30]}, {""name"": ""苹果红"", ""share"": 0.131, ""q"": 0.074, ""capture"": 0.358, ""miss_deg"": 2.15, ""labels"": [260]}, {""name"": ""球M"", ""share"": 0.046, ""q"": 0.026, ""capture"": 0.179, ""miss_deg"": 2.78, ""labels"": [261]}]"
2026_08_20/000,c1,v9,,cluster015,8.36,8.63,0.27,3.156,,-1,0.0,0.0,,,,1.0,object#17,,0,0,,,,0,[]
2026_08_20/000,c1,v9,,cluster015,8.91,9.23,0.32,3.486,,-1,0.0,0.0,,,,1.0,object#26,,0,0,,,,0,[]
2026_08_20/000,c1,v9,,cluster015,10.31,11.12,0.81,2.642,,-1,0.0,0.0,,,,1.0,floor,,0,0,,,,0,[]
2026_08_20/000,c1,v9,,cluster015,11.38,11.87,0.49,2.456,,-1,0.0,0.0,,,,1.0,floor,,0,0,,,,0,[]
2026_08_20/000,c1,v9,,cluster015,11.92,12.2,0.27,2.321,,-1,0.0,0.0,,,,1.0,floor,,0,0,,,,0,[]
2026_08_20/000,c1,v9,,cluster015,12.25,12.52,0.27,2.326,,-1,0.0,0.0,,,,1.0,floor,,0,0,,,,0,[]
2026_08_20/000,c1,v9,,cluster015,12.69,13.17,0.48,2.6,,-1,0.0,0.0,,,,1.0,floor,,0,0,,,,0,[]
2026_08_20/000,c1,v9,,cluster015,13.86,16.48,2.62,2.217,球L,259,0.588,0.211,1.29,0.275,0.347,0.641,物品台,,1,1,,,,3,"[{""name"": ""球L"", ""share"": 0.588, ""q"": 0.211, ""capture"": 1.29, ""miss_deg"": 0.0, ""labels"": [259]}, {""name"": ""苹果红"", ""share"": 0.204, ""q"": 0.073, ""capture"": 0.355, ""miss_deg"": 2.16, ""labels"": [260]}, {""name"": ""苹果粉"", ""share"": 0.13, ""q"": 0.047, ""capture"": 0.155, ""miss_deg"": 2.89, ""labels"": [64]}]"
2026_08_20/000,c1,v9,,cluster015,16.53,17.08,0.54,2.107,球M,261,0.615,0.06,0.367,0.281,0.28,0.902,物品台,,1,1,,,,3,"[{""name"": ""球M"", ""share"": 0.615, ""q"": 0.06, ""capture"": 0.367, ""miss_deg"": 2.12, ""labels"": [261]}, {""name"": ""球L"", ""share"": 0.172, ""q"": 0.017, ""capture"": 0.103, ""miss_deg"": 3.2, ""labels"": [259]}, {""name"": ""水瓶"", ""share"": 0.204, ""q"": 0.02, ""capture"": 0.026, ""miss_deg"": 4.05, ""labels"": [30]}]"
2026_08_20/000,c1,v9,,cluster015,17.13,20.81,3.68,2.154,球R,263,0.672,0.107,0.657,0.09,0.174,0.84,物品台,,1,1,1,球R,1,3,"[{""name"": ""球R"", ""share"": 0.672, ""q"": 0.107, ""capture"": 0.657, ""miss_deg"": 1.38, ""labels"": [263]}, {""name"": ""白杯1"", ""share"": 0.117, ""q"": 0.019, ""capture"": 0.059, ""miss_deg"": 3.56, ""labels"": [266]}, {""name"": ""白杯2"", ""share"": 0.061, ""q"": 0.01, ""capture"": 0.032, ""miss_deg"": 3.93, ""labels"": [267]}]"
2026_08_20/000,c1,v9,,cluster015,21.03,23.09,2.06,2.168,球R,263,0.624,0.113,0.692,0.152,0.293,0.819,物品台,,1,1,1,球R,1,3,"[{""name"": ""球R"", ""share"": 0.624, ""q"": 0.113, ""capture"": 0.692, ""miss_deg"": 1.29, ""labels"": [263]}, {""name"": ""白杯1"", ""share"": 0.183, ""q"": 0.033, ""capture"": 0.105, ""miss_deg"": 3.18, ""labels"": [266]}, {""name"": ""白杯2"", ""share"": 0.044, ""q"": 0.008, ""capture"": 0.028, ""miss_deg"": 4.02, ""labels"": [267]}]"
2026_08_20/000,c1,v9,,cluster015,23.15,27.79,4.64,2.228,球M,261,0.465,0.218,1.491,0.16,0.772,0.532,物品台,,1,0,2,香蕉,0,3,"[{""name"": ""球M"", ""share"": 0.465, ""q"": 0.218, ""capture"": 1.491, ""miss_deg"": 0.0, ""labels"": [261]}, {""name"": ""水瓶"", ""share"": 0.359, ""q"": 0.168, ""capture"": 0.239, ""miss_deg"": 2.54, ""labels"": [30]}, {""name"": ""香蕉"", ""share"": 0.113, ""q"": 0.053, ""capture"": 0.063, ""miss_deg"": 3.53, ""labels"": [264]}]"
2026_08_20/000,c1,v9,,cluster015,27.96,30.34,2.38,2.246,球M,261,0.272,0.164,1.126,0.344,0.485,0.395,物品台,,0,0,2,香蕉,0,3,"[{""name"": ""球M"", ""share"": 0.272, ""q"": 0.164, ""capture"": 1.126, ""miss_deg"": 0.0, ""labels"": [261]}, {""name"": ""苹果红"", ""share"": 0.132, ""q"": 0.08, ""capture"": 0.387, ""miss_deg"": 2.07, ""labels"": [260]}, {""name"": ""水瓶"", ""share"": 0.422, ""q"": 0.255, ""capture"": 0.363, ""miss_deg"": 2.13, ""labels"": [30]}]"
2026_08_20/000,c1,v9,,cluster015,30.9,36.8,5.9,3.052,纸箱子,33,1.0,0.644,0.652,0.0,0.0,0.356,object#57,,1,1,3,纸箱子,1,1,"[{""name"": ""纸箱子"", ""share"": 1.0, ""q"": 0.644, ""capture"": 0.652, ""miss_deg"": 1.39, ""labels"": [33, 73]}]"
2026_08_20/000,c1,v9,,cluster015,36.98,39.9,2.92,2.25,苹果粉,64,0.735,0.226,0.79,0.418,0.238,0.693,物品台,,1,1,,,,3,"[{""name"": ""苹果粉"", ""share"": 0.735, ""q"": 0.226, ""capture"": 0.79, ""miss_deg"": 1.03, ""labels"": [64, 250]}, {""name"": ""球L"", ""share"": 0.175, ""q"": 0.054, ""capture"": 0.33, ""miss_deg"": 2.23, ""labels"": [259]}, {""name"": ""苹果红"", ""share"": 0.043, ""q"": 0.013, ""capture"": 0.064, ""miss_deg"": 3.52, ""labels"": [260]}]"
2026_08_20/000,c1,v9,,cluster015,40.02,43.97,3.95,2.237,苹果粉,64,0.599,0.142,0.496,0.952,0.546,0.763,物品台,,1,1,4,苹果粉,1,3,"[{""name"": ""苹果粉"", ""share"": 0.599, ""q"": 0.142, ""capture"": 0.496, ""miss_deg"": 1.78, ""labels"": [64]}, {""name"": ""球L"", ""share"": 0.327, ""q"": 0.077, ""capture"": 0.472, ""miss_deg"": 1.84, ""labels"": [259]}, {""name"": ""苹果红"", ""share"": 0.054, ""q"": 0.013, ""capture"": 0.062, ""miss_deg"": 3.54, ""labels"": [260]}]"
2026_08_20/000,c1,v9,,cluster015,44.21,49.73,5.52,2.342,球R,263,0.24,0.111,0.757,0.749,1.542,0.539,物品台,,0,0,5,白杯1,0,3,"[{""name"": ""球R"", ""share"": 0.24, ""q"": 0.111, ""capture"": 0.757, ""miss_deg"": 1.12, ""labels"": [263]}, {""name"": ""白杯1"", ""share"": 0.37, ""q"": 0.171, ""capture"": 0.567, ""miss_deg"": 1.6, ""labels"": [266]}, {""name"": ""球M"", ""share"": 0.099, ""q"": 0.046, ""capture"": 0.334, ""miss_deg"": 2.22, ""labels"": [261]}]"
2026_08_20/000,c1,v9,,cluster015,49.92,55.5,5.58,2.29,球M,261,0.277,0.179,1.227,0.37,1.744,0.354,物品台,,0,0,6,水瓶,0,3,"[{""name"": ""球M"", ""share"": 0.277, ""q"": 0.179, ""capture"": 1.227, ""miss_deg"": 0.0, ""labels"": [261]}, {""name"": ""水瓶"", ""share"": 0.483, ""q"": 0.312, ""capture"": 0.454, ""miss_deg"": 1.89, ""labels"": [30]}, {""name"": ""香蕉"", ""share"": 0.166, ""q"": 0.107, ""capture"": 0.131, ""miss_deg"": 3.03, ""labels"": [264]}]"
2026_08_20/000,c1,v9,,cluster015,55.56,56.04,0.49,2.205,球M,261,0.682,0.16,1.096,0.063,0.314,0.766,物品台,,1,1,6,水瓶,0,3,"[{""name"": ""球M"", ""share"": 0.682, ""q"": 0.16, ""capture"": 1.096, ""miss_deg"": 0.0, ""labels"": [261]}, {""name"": ""水瓶"", ""share"": 0.214, ""q"": 0.05, ""capture"": 0.069, ""miss_deg"": 3.47, ""labels"": [30]}, {""name"": ""白杯1"", ""share"": 0.034, ""q"": 0.008, ""capture"": 0.025, ""miss_deg"": 4.07, ""labels"": [266]}]"
2026_08_20/000,c1,v9,,cluster015,56.15,57.61,1.46,2.257,球M,261,0.486,0.167,1.145,0.128,0.619,0.657,物品台,,1,0,6,水瓶,0,3,"[{""name"": ""球M"", ""share"": 0.486, ""q"": 0.167, ""capture"": 1.145, ""miss_deg"": 0.0, ""labels"": [261]}, {""name"": ""水瓶"", ""share"": 0.301, ""q"": 0.103, ""capture"": 0.147, ""miss_deg"": 2.94, ""labels"": [30]}, {""name"": ""球L"", ""share"": 0.07, ""q"": 0.024, ""capture"": 0.146, ""miss_deg"": 2.94, ""labels"": [259]}]"
2026_08_20/000,c1,v9,,cluster015,57.82,60.63,2.82,2.305,球M,261,0.221,0.149,1.023,0.489,2.303,0.325,物品台,,0,0,,,,3,"[{""name"": ""球M"", ""share"": 0.221, ""q"": 0.149, ""capture"": 1.023, ""miss_deg"": 0.0, ""labels"": [261]}, {""name"": ""水瓶"", ""share"": 0.509, ""q"": 0.344, ""capture"": 0.5, ""miss_deg"": 1.77, ""labels"": [30]}, {""name"": ""苹果红"", ""share"": 0.082, ""q"": 0.055, ""capture"": 0.267, ""miss_deg"": 2.44, ""labels"": [260]}]"
2026_08_20/000,c1,v9,,cluster015,61.2,62.44,1.25,3.392,,-1,0.0,0.0,,,,1.0,object#36,,0,0,,,,0,[]
2026_08_20/000,c1,v9,,cluster015,62.5,62.77,0.27,3.423,,-1,0.0,0.0,,,,1.0,object#36,,0,0,,,,0,[]
2026_08_20/000,c1,v9,,cluster015,64.01,64.28,0.27,2.238,球L,259,0.674,0.13,0.792,0.149,0.187,0.807,物品台,,1,1,,,,3,"[{""name"": ""球L"", ""share"": 0.674, ""q"": 0.13, ""capture"": 0.792, ""miss_deg"": 1.02, ""labels"": [259]}, {""name"": ""苹果红"", ""share"": 0.126, ""q"": 0.024, ""capture"": 0.118, ""miss_deg"": 3.1, ""labels"": [260]}, {""name"": ""球M"", ""share"": 0.044, ""q"": 0.009, ""capture"": 0.058, ""miss_deg"": 3.58, ""labels"": [261]}]"
2026_08_20/000,c1,v9,,cluster015,64.33,64.93,0.6,2.254,球M,261,0.52,0.183,1.257,0.121,0.579,0.647,物品台,,1,1,,,,3,"[{""name"": ""球M"", ""share"": 0.52, ""q"": 0.183, ""capture"": 1.257, ""miss_deg"": 0.0, ""labels"": [261]}, {""name"": ""水瓶"", ""share"": 0.301, ""q"": 0.106, ""capture"": 0.152, ""miss_deg"": 2.91, ""labels"": [30]}, {""name"": ""球L"", ""share"": 0.029, ""q"": 0.01, ""capture"": 0.062, ""miss_deg"": 3.54, ""labels"": [259]}]"
2026_08_20/000,c1,v9,,cluster015,64.98,65.36,0.38,2.249,球M,261,0.369,0.089,0.608,0.436,0.488,0.76,物品台,,1,0,,,,3,"[{""name"": ""球M"", ""share"": 0.369, ""q"": 0.089, ""capture"": 0.608, ""miss_deg"": 1.5, ""labels"": [261]}, {""name"": ""球R"", ""share"": 0.18, ""q"": 0.043, ""capture"": 0.265, ""miss_deg"": 2.45, ""labels"": [263]}, {""name"": ""白杯1"", ""share"": 0.222, ""q"": 0.053, ""capture"": 0.177, ""miss_deg"": 2.79, ""labels"": [266]}]"
2026_08_20/000,c1,v9,,cluster015,65.58,66.07,0.49,2.202,球L,259,0.516,0.113,0.688,0.401,0.359,0.782,物品台,,1,1,,,,3,"[{""name"": ""球L"", ""share"": 0.516, ""q"": 0.113, ""capture"": 0.688, ""miss_deg"": 1.3, ""labels"": [259]}, {""name"": ""球M"", ""share"": 0.185, ""q"": 0.04, ""capture"": 0.276, ""miss_deg"": 2.41, ""labels"": [261]}, {""name"": ""苹果红"", ""share"": 0.119, ""q"": 0.026, ""capture"": 0.116, ""miss_deg"": 3.11, ""labels"": [260]}]"
2026_08_20/000,c1,v9,,cluster015,66.18,72.53,6.35,2.304,球R,263,0.274,0.186,1.273,0.476,0.982,0.323,object#12,,0,0,7,红杯,0,3,"[{""name"": ""球R"", ""share"": 0.274, ""q"": 0.186, ""capture"": 1.273, ""miss_deg"": 0.0, ""labels"": [263]}, {""name"": ""白杯1"", ""share"": 0.269, ""q"": 0.182, ""capture"": 0.606, ""miss_deg"": 1.5, ""labels"": [266]}, {""name"": ""白杯2"", ""share"": 0.167, ""q"": 0.113, ""capture"": 0.457, ""miss_deg"": 1.88, ""labels"": [267]}]"
2026_08_20/000,c1,v9,,cluster015,72.86,73.29,0.44,2.242,球L,259,0.585,0.132,0.808,0.265,0.462,0.774,物品台,,1,1,,,,3,"[{""name"": ""球L"", ""share"": 0.585, ""q"": 0.132, ""capture"": 0.808, ""miss_deg"": 0.98, ""labels"": [259]}, {""name"": ""苹果粉"", ""share"": 0.27, ""q"": 0.061, ""capture"": 0.214, ""miss_deg"": 2.64, ""labels"": [64]}, {""name"": ""苹果红"", ""share"": 0.114, ""q"": 0.026, ""capture"": 0.125, ""miss_deg"": 3.06, ""labels"": [260]}]"
2026_08_20/000,c1,v9,,cluster015,73.51,76.76,3.25,2.25,球L,259,0.423,0.213,1.3,0.55,0.693,0.497,物品台,,1,0,8,苹果红,0,3,"[{""name"": ""球L"", ""share"": 0.423, ""q"": 0.213, ""capture"": 1.3, ""miss_deg"": 0.0, ""labels"": [259]}, {""name"": ""苹果红"", ""share"": 0.293, ""q"": 0.147, ""capture"": 0.715, ""miss_deg"": 1.23, ""labels"": [260]}, {""name"": ""苹果粉"", ""share"": 0.079, ""q"": 0.04, ""capture"": 0.139, ""miss_deg"": 2.98, ""labels"": [64, 250]}]"
2026_08_20/000,c1,v9,,cluster015,76.81,77.08,0.27,2.294,球M,261,0.411,0.176,1.206,0.152,0.715,0.571,物品台,,0,0,8,苹果红,0,3,"[{""name"": ""球M"", ""share"": 0.411, ""q"": 0.176, ""capture"": 1.206, ""miss_deg"": 0.0, ""labels"": [261]}, {""name"": ""水瓶"", ""share"": 0.294, ""q"": 0.126, ""capture"": 0.183, ""miss_deg"": 2.76, ""labels"": [30]}, {""name"": ""白杯1"", ""share"": 0.127, ""q"": 0.054, ""capture"": 0.18, ""miss_deg"": 2.78, ""labels"": [266]}]"
2026_08_20/000,c1,v9,,cluster015,77.14,79.85,2.71,2.246,球L,259,0.279,0.152,0.93,0.716,0.903,0.455,物品台,,0,0,8,苹果红,0,3,"[{""name"": ""球L"", ""share"": 0.279, ""q"": 0.152, ""capture"": 0.93, ""miss_deg"": 0.57, ""labels"": [259]}, {""name"": ""苹果红"", ""share"": 0.252, ""q"": 0.137, ""capture"": 0.666, ""miss_deg"": 1.35, ""labels"": [260]}, {""name"": ""球M"", ""share"": 0.125, ""q"": 0.068, ""capture"": 0.468, ""miss_deg"": 1.85, ""labels"": [261]}]"
2026_08_20/000,c1,v9,,cluster015,80.36,83.24,2.88,2.215,球M,261,0.612,0.126,0.863,0.124,0.139,0.794,物品台,,1,1,9,球M,1,3,"[{""name"": ""球M"", ""share"": 0.612, ""q"": 0.126, ""capture"": 0.863, ""miss_deg"": 0.81, ""labels"": [261]}, {""name"": ""球L"", ""share"": 0.085, ""q"": 0.017, ""capture"": 0.107, ""miss_deg"": 3.17, ""labels"": [259]}, {""name"": ""水瓶"", ""share"": 0.24, ""q"": 0.049, ""capture"": 0.068, ""miss_deg"": 3.47, ""labels"": [30]}]"
2026_08_20/000,c1,v9,,cluster015,83.35,86.45,3.1,2.248,球M,261,0.6,0.161,1.102,0.083,0.397,0.732,物品台,,1,1,9,球M,1,3,"[{""name"": ""球M"", ""share"": 0.6, ""q"": 0.161, ""capture"": 1.102, ""miss_deg"": 0.0, ""labels"": [261]}, {""name"": ""水瓶"", ""share"": 0.238, ""q"": 0.064, ""capture"": 0.091, ""miss_deg"": 3.29, ""labels"": [30]}, {""name"": ""香蕉"", ""share"": 0.096, ""q"": 0.026, ""capture"": 0.031, ""miss_deg"": 3.95, ""labels"": [264]}]"
2026_08_20/000,c1,v9,,cluster015,86.56,92.36,5.8,2.342,苹果红,260,0.374,0.176,0.928,0.531,0.409,0.531,物品台,,1,0,10,橘子,0,3,"[{""name"": ""苹果红"", ""share"": 0.374, ""q"": 0.176, ""capture"": 0.928, ""miss_deg"": 0.58, ""labels"": [260]}, {""name"": ""球L"", ""share"": 0.153, ""q"": 0.072, ""capture"": 0.493, ""miss_deg"": 1.78, ""labels"": [259]}, {""name"": ""苹果粉"", ""share"": 0.21, ""q"": 0.098, ""capture"": 0.364, ""miss_deg"": 2.13, ""labels"": [64, 250]}]"
2026_08_20/000,c1,v9,,cluster015,92.6,93.35,0.76,2.304,球L,259,0.228,0.14,0.96,0.991,1.399,0.385,物品台,,0,0,,,,3,"[{""name"": ""球L"", ""share"": 0.228, ""q"": 0.14, ""capture"": 0.96, ""miss_deg"": 0.43, ""labels"": [259]}, {""name"": ""苹果红"", ""share"": 0.319, ""q"": 0.196, ""capture"": 0.951, ""miss_deg"": 0.47, ""labels"": [260]}, {""name"": ""球M"", ""share"": 0.065, ""q"": 0.04, ""capture"": 0.275, ""miss_deg"": 2.41, ""labels"": [261]}]"
2026_08_20/000,c1,v9,,cluster015,93.57,96.55,2.98,2.281,球L,259,0.522,0.182,1.244,0.25,0.354,0.652,物品台,,1,1,11,球L,1,3,"[{""name"": ""球L"", ""share"": 0.522, ""q"": 0.182, ""capture"": 1.244, ""miss_deg"": 0.0, ""labels"": [259]}, {""name"": ""苹果红"", ""share"": 0.185, ""q"": 0.064, ""capture"": 0.311, ""miss_deg"": 2.29, ""labels"": [260]}, {""name"": ""苹果粉"", ""share"": 0.229, ""q"": 0.08, ""capture"": 0.294, ""miss_deg"": 2.35, ""labels"": [64, 250]}]"
2026_08_20/000,c1,v9,,cluster015,96.79,97.65,0.87,2.301,球L,259,0.485,0.21,1.44,0.369,0.522,0.567,物品台,,1,0,11,球L,1,3,"[{""name"": ""球L"", ""share"": 0.485, ""q"": 0.21, ""capture"": 1.44, ""miss_deg"": 0.0, ""labels"": [259]}, {""name"": ""苹果红"", ""share"": 0.253, ""q"": 0.11, ""capture"": 0.531, ""miss_deg"": 1.69, ""labels"": [260]}, {""name"": ""苹果粉"", ""share"": 0.09, ""q"": 0.039, ""capture"": 0.144, ""miss_deg"": 2.96, ""labels"": [64, 250]}]"
2026_08_20/000,c1,v9,,cluster015,97.92,99.34,1.41,2.257,球L,259,0.513,0.177,1.083,0.324,0.409,0.655,物品台,,1,1,11,球L,1,3,"[{""name"": ""球L"", ""share"": 0.513, ""q"": 0.177, ""capture"": 1.083, ""miss_deg"": 0.0, ""labels"": [259]}, {""name"": ""苹果红"", ""share"": 0.21, ""q"": 0.072, ""capture"": 0.351, ""miss_deg"": 2.17, ""labels"": [260]}, {""name"": ""球M"", ""share"": 0.068, ""q"": 0.024, ""capture"": 0.161, ""miss_deg"": 2.87, ""labels"": [261]}]"
2026_08_20/000,c1,v9,,cluster015,99.39,99.94,0.55,2.279,球R,263,0.192,0.088,0.601,0.87,1.792,0.543,物品台,,0,0,,,,3,"[{""name"": ""球R"", ""share"": 0.192, ""q"": 0.088, ""capture"": 0.601, ""miss_deg"": 1.51, ""labels"": [263]}, {""name"": ""白杯1"", ""share"": 0.344, ""q"": 0.157, ""capture"": 0.523, ""miss_deg"": 1.71, ""labels"": [266]}, {""name"": ""球M"", ""share"": 0.152, ""q"": 0.069, ""capture"": 0.475, ""miss_deg"": 1.83, ""labels"": [261]}]"
2026_08_20/000,c1,v9,,cluster015,100.15,100.53,0.38,2.31,球R,263,0.322,0.175,1.201,0.543,1.121,0.456,物品台,,0,0,,,,3,"[{""name"": ""球R"", ""share"": 0.322, ""q"": 0.175, ""capture"": 1.201, ""miss_deg"": 0.0, ""labels"": [263]}, {""name"": ""白杯1"", ""share"": 0.361, ""q"": 0.196, ""capture"": 0.652, ""miss_deg"": 1.39, ""labels"": [266]}, {""name"": ""红杯"", ""share"": 0.141, ""q"": 0.077, ""capture"": 0.171, ""miss_deg"": 2.82, ""labels"": [49]}]"
2026_08_20/000,c1,v9,,cluster015,100.7,105.52,4.82,2.31,白杯2,267,0.372,0.231,0.935,0.973,0.575,0.38,object#12,,1,0,12,白杯2,1,3,"[{""name"": ""白杯2"", ""share"": 0.372, ""q"": 0.231, ""capture"": 0.935, ""miss_deg"": 0.55, ""labels"": [267]}, {""name"": ""球R"", ""share"": 0.214, ""q"": 0.133, ""capture"": 0.91, ""miss_deg"": 0.65, ""labels"": [263]}, {""name"": ""红杯"", ""share"": 0.294, ""q"": 0.182, ""capture"": 0.406, ""miss_deg"": 2.01, ""labels"": [49]}]"
2026_08_20/000,c1,v9,,cluster015,105.57,106.98,1.41,2.297,球R,263,0.321,0.172,1.178,0.553,1.143,0.465,物品台,,0,0,12,白杯2,0,3,"[{""name"": ""球R"", ""share"": 0.321, ""q"": 0.172, ""capture"": 1.178, ""miss_deg"": 0.0, ""labels"": [263]}, {""name"": ""白杯1"", ""share"": 0.367, ""q"": 0.196, ""capture"": 0.652, ""miss_deg"": 1.39, ""labels"": [266]}, {""name"": ""红杯"", ""share"": 0.13, ""q"": 0.07, ""capture"": 0.151, ""miss_deg"": 2.92, ""labels"": [49]}]"
2026_08_20/000,c1,v9,,cluster015,107.04,107.9,0.87,2.282,白杯1,266,0.343,0.179,0.594,0.897,0.434,0.479,物品台,,0,0,,,,3,"[{""name"": ""白杯1"", ""share"": 0.343, ""q"": 0.179, ""capture"": 0.594, ""miss_deg"": 1.53, ""labels"": [266]}, {""name"": ""球R"", ""share"": 0.149, ""q"": 0.078, ""capture"": 0.533, ""miss_deg"": 1.68, ""labels"": [263]}, {""name"": ""球M"", ""share"": 0.128, ""q"": 0.067, ""capture"": 0.456, ""miss_deg"": 1.88, ""labels"": [261]}]"
2026_08_20/000,c1,v9,,cluster015,109.2,109.52,0.32,2.674,,-1,0.0,0.0,,,,1.0,floor,,0,0,,,,0,[]
2026_08_20/000,c1,v9,,cluster015,110.02,110.35,0.32,2.32,,-1,0.0,0.0,,,,1.0,object#164,,0,0,,,,0,[]
2026_08_20/000,c1,v9,,cluster015,110.62,110.95,0.32,1.479,,-1,0.0,0.0,,,,1.0,object#71,,0,0,,,,0,[]
2026_08_20/000,c1,v9,,cluster015,112.21,113.01,0.8,1.115,,-1,0.0,0.0,,,,1.0,object#14,,0,0,,,,0,[]
2026_08_20/000,c1,v9,,cluster015,113.23,113.49,0.26,0.675,,-1,0.0,0.0,,,,1.0,object#14,,0,0,,,,0,[]
2026_08_20/000,c1,v9,,cluster015,113.87,114.19,0.32,0.638,,-1,0.0,0.0,,,,1.0,object#34,,0,0,,,,0,[]
2026_08_20/000,c1,v9,,cluster015,114.46,114.9,0.44,0.856,,-1,0.0,0.0,,,,1.0,object#14,,0,0,,,,0,[]
2026_08_20/001,c2,v9,,cluster015,2.06,2.33,0.27,2.216,,-1,0.0,0.0,,,,1.0,floor,,0,0,,,,0,[]
2026_08_20/001,c2,v9,,cluster015,3.28,3.67,0.38,3.041,,-1,0.0,0.0,,,,1.0,floor,,0,0,,,,0,[]
2026_08_20/001,c2,v9,,cluster015,4.1,4.48,0.38,2.71,,-1,0.0,0.0,,,,1.0,floor,,0,0,,,,0,[]
2026_08_20/001,c2,v9,,cluster015,6.68,7.07,0.38,1.964,,-1,0.0,0.0,,,,1.0,object#31,,0,0,,,,0,[]
2026_08_20/001,c2,v9,,cluster015,9.12,9.5,0.38,3.454,,-1,0.0,0.0,,,,1.0,object#36,,0,0,,,,0,[]
2026_08_20/001,c2,v9,,cluster015,10.0,10.43,0.43,2.741,球L,259,0.276,0.141,1.289,0.483,0.402,0.487,物品台,,0,0,,,,3,"[{""name"": ""球L"", ""share"": 0.276, ""q"": 0.141, ""capture"": 1.289, ""miss_deg"": 0.0, ""labels"": [259]}, {""name"": ""球M"", ""share"": 0.111, ""q"": 0.057, ""capture"": 0.623, ""miss_deg"": 1.46, ""labels"": [261]}, {""name"": ""苹果红"", ""share"": 0.167, ""q"": 0.086, ""capture"": 0.587, ""miss_deg"": 1.55, ""labels"": [260]}]"
2026_08_20/001,c2,v9,,cluster015,11.26,11.64,0.38,3.432,,-1,0.0,0.0,,,,1.0,object#60,,0,0,,,,0,[]
2026_08_20/001,c2,v9,,cluster015,11.75,12.02,0.27,3.534,,-1,0.0,0.0,,,,1.0,object#26,,0,0,,,,0,[]
2026_08_20/001,c2,v9,,cluster015,12.35,13.06,0.7,3.364,,-1,0.0,0.0,,,,1.0,object#26,,0,0,,,,0,[]
2026_08_20/001,c2,v9,,cluster015,14.12,14.66,0.54,2.579,球M,261,0.448,0.119,1.088,0.22,0.221,0.734,物品台,,1,0,,,,3,"[{""name"": ""球M"", ""share"": 0.448, ""q"": 0.119, ""capture"": 1.088, ""miss_deg"": 0.0, ""labels"": [261]}, {""name"": ""球L"", ""share"": 0.099, ""q"": 0.026, ""capture"": 0.239, ""miss_deg"": 2.54, ""labels"": [259]}, {""name"": ""水瓶"", ""share"": 0.281, ""q"": 0.075, ""capture"": 0.124, ""miss_deg"": 3.06, ""labels"": [30]}]"
2026_08_20/001,c2,v9,,cluster015,14.71,15.47,0.76,2.704,球R,263,0.533,0.075,0.681,0.163,0.332,0.86,物品台,,1,1,,,,3,"[{""name"": ""球R"", ""share"": 0.533, ""q"": 0.075, ""capture"": 0.681, ""miss_deg"": 1.32, ""labels"": [263]}, {""name"": ""白杯1"", ""share"": 0.177, ""q"": 0.025, ""capture"": 0.111, ""miss_deg"": 3.15, ""labels"": [266]}, {""name"": ""球M"", ""share"": 0.086, ""q"": 0.012, ""capture"": 0.109, ""miss_deg"": 3.16, ""labels"": [261]}]"
2026_08_20/001,c2,v9,,cluster015,15.53,15.9,0.38,2.514,球M,261,0.391,0.069,0.632,0.57,0.616,0.823,物品台,,1,0,,,,3,"[{""name"": ""球M"", ""share"": 0.391, ""q"": 0.069, ""capture"": 0.632, ""miss_deg"": 1.44, ""labels"": [261]}, {""name"": ""球L"", ""share"": 0.241, ""q"": 0.043, ""capture"": 0.36, ""miss_deg"": 2.14, ""labels"": [259]}, {""name"": ""水瓶"", ""share"": 0.29, ""q"": 0.051, ""capture"": 0.084, ""miss_deg"": 3.34, ""labels"": [30]}]"
2026_08_20/001,c2,v9,,cluster015,16.39,18.17,1.78,2.713,球R,263,0.494,0.119,1.088,0.2,0.346,0.759,物品台,,1,0,1,球R,1,3,"[{""name"": ""球R"", ""share"": 0.494, ""q"": 0.119, ""capture"": 1.088, ""miss_deg"": 0.0, ""labels"": [263]}, {""name"": ""白杯2"", ""share"": 0.171, ""q"": 0.041, ""capture"": 0.218, ""miss_deg"": 2.62, ""labels"": [267]}, {""name"": ""白杯1"", ""share"": 0.184, ""q"": 0.044, ""capture"": 0.199, ""miss_deg"": 2.7, ""labels"": [266]}]"
2026_08_20/001,c2,v9,,cluster015,18.5,19.42,0.92,2.799,球R,263,0.526,0.079,0.721,0.211,0.316,0.85,物品台,,1,1,1,球R,1,3,"[{""name"": ""球R"", ""share"": 0.526, ""q"": 0.079, ""capture"": 0.721, ""miss_deg"": 1.21, ""labels"": [263]}, {""name"": ""白杯2"", ""share"": 0.166, ""q"": 0.025, ""capture"": 0.152, ""miss_deg"": 2.91, ""labels"": [267]}, {""name"": ""白杯1"", ""share"": 0.138, ""q"": 0.021, ""capture"": 0.093, ""miss_deg"": 3.27, ""labels"": [266]}]"
2026_08_20/001,c2,v9,,cluster015,20.53,20.91,0.38,3.006,球R,263,0.287,0.136,1.498,0.407,0.732,0.526,物品台,,0,0,,,,3,"[{""name"": ""球R"", ""share"": 0.287, ""q"": 0.136, ""capture"": 1.498, ""miss_deg"": 0.0, ""labels"": [263]}, {""name"": ""白杯2"", ""share"": 0.21, ""q"": 0.1, ""capture"": 0.61, ""miss_deg"": 1.49, ""labels"": [267]}, {""name"": ""白杯1"", ""share"": 0.237, ""q"": 0.112, ""capture"": 0.594, ""miss_deg"": 1.53, ""labels"": [266]}]"
2026_08_20/001,c2,v9,,cluster015,21.18,21.67,0.49,3.097,球M,261,0.332,0.056,0.615,0.712,0.714,0.831,物品台,,0,0,,,,3,"[{""name"": ""球M"", ""share"": 0.332, ""q"": 0.056, ""capture"": 0.615, ""miss_deg"": 1.48, ""labels"": [261]}, {""name"": ""球L"", ""share"": 0.237, ""q"": 0.04, ""capture"": 0.438, ""miss_deg"": 1.93, ""labels"": [259]}, {""name"": ""苹果红"", ""share"": 0.111, ""q"": 0.019, ""capture"": 0.171, ""miss_deg"": 2.82, ""labels"": [260]}]"
2026_08_20/001,c2,v9,,cluster015,22.21,22.86,0.65,3.163,球M,261,0.282,0.075,1.046,0.633,0.801,0.733,物品台,,0,0,,,,3,"[{""name"": ""球M"", ""share"": 0.282, ""q"": 0.075, ""capture"": 1.046, ""miss_deg"": 0.0, ""labels"": [261]}, {""name"": ""球L"", ""share"": 0.226, ""q"": 0.06, ""capture"": 0.662, ""miss_deg"": 1.36, ""labels"": [259]}, {""name"": ""苹果红"", ""share"": 0.154, ""q"": 0.041, ""capture"": 0.374, ""miss_deg"": 2.1, ""labels"": [260]}]"
2026_08_20/001,c2,v9,,cluster015,22.91,26.92,4.01,3.153,球R,263,0.299,0.083,0.913,0.605,0.478,0.722,物品台,,0,0,2,球R,1,3,"[{""name"": ""球R"", ""share"": 0.299, ""q"": 0.083, ""capture"": 0.913, ""miss_deg"": 0.64, ""labels"": [263]}, {""name"": ""球M"", ""share"": 0.143, ""q"": 0.04, ""capture"": 0.552, ""miss_deg"": 1.63, ""labels"": [261]}, {""name"": ""白杯1"", ""share"": 0.225, ""q"": 0.063, ""capture"": 0.382, ""miss_deg"": 2.08, ""labels"": [266]}]"
2026_08_20/001,c2,v9,,cluster015,27.04,29.32,2.27,3.163,球R,263,0.268,0.062,0.677,0.725,0.575,0.77,物品台,,0,0,,,,3,"[{""name"": ""球R"", ""share"": 0.268, ""q"": 0.062, ""capture"": 0.677, ""miss_deg"": 1.33, ""labels"": [263]}, {""name"": ""球M"", ""share"": 0.154, ""q"": 0.035, ""capture"": 0.491, ""miss_deg"": 1.79, ""labels"": [261]}, {""name"": ""白杯1"", ""share"": 0.224, ""q"": 0.051, ""capture"": 0.315, ""miss_deg"": 2.28, ""labels"": [266]}]"
2026_08_20/001,c2,v9,,cluster015,29.37,30.56,1.19,3.15,球L,259,0.333,0.094,1.037,0.663,1.195,0.717,物品台,,0,0,4,球L,1,3,"[{""name"": ""球L"", ""share"": 0.333, ""q"": 0.094, ""capture"": 1.037, ""miss_deg"": 0.0, ""labels"": [259]}, {""name"": ""苹果粉"", ""share"": 0.398, ""q"": 0.113, ""capture"": 0.688, ""miss_deg"": 1.3, ""labels"": [64, 250]}, {""name"": ""苹果红"", ""share"": 0.174, ""q"": 0.049, ""capture"": 0.45, ""miss_deg"": 1.9, ""labels"": [260]}]"
2026_08_20/001,c2,v9,,cluster015,30.8,36.28,5.48,3.253,球L,259,0.271,0.111,1.54,0.515,0.786,0.592,物品台,,0,0,4,球L,1,3,"[{""name"": ""球L"", ""share"": 0.271, ""q"": 0.111, ""capture"": 1.54, ""miss_deg"": 0.0, ""labels"": [259]}, {""name"": ""苹果红"", ""share"": 0.213, ""q"": 0.087, ""capture"": 0.793, ""miss_deg"": 1.02, ""labels"": [260]}, {""name"": ""球M"", ""share"": 0.129, ""q"": 0.053, ""capture"": 0.731, ""miss_deg"": 1.19, ""labels"": [261]}]"
2026_08_20/001,c2,v9,,cluster015,36.77,39.8,3.03,3.262,球L,259,0.459,0.068,0.949,0.267,0.54,0.851,物品台,,1,0,,,,3,"[{""name"": ""球L"", ""share"": 0.459, ""q"": 0.068, ""capture"": 0.949, ""miss_deg"": 0.48, ""labels"": [259]}, {""name"": ""苹果粉"", ""share"": 0.248, ""q"": 0.037, ""capture"": 0.253, ""miss_deg"": 2.49, ""labels"": [64]}, {""name"": ""苹果红"", ""share"": 0.138, ""q"": 0.021, ""capture"": 0.188, ""miss_deg"": 2.74, ""labels"": [260]}]"
2026_08_20/001,c2,v9,,cluster015,39.96,40.34,0.38,3.256,球L,259,0.456,0.052,0.717,0.351,0.351,0.887,物品台,,1,0,,,,3,"[{""name"": ""球L"", ""share"": 0.456, ""q"": 0.052, ""capture"": 0.717, ""miss_deg"": 1.22, ""labels"": [259]}, {""name"": ""球M"", ""share"": 0.16, ""q"": 0.018, ""capture"": 0.252, ""miss_deg"": 2.49, ""labels"": [261]}, {""name"": ""苹果红"", ""share"": 0.145, ""q"": 0.016, ""capture"": 0.149, ""miss_deg"": 2.93, ""labels"": [260]}]"
2026_08_20/001,c2,v9,,cluster015,40.61,42.94,2.33,3.264,球L,259,0.419,0.067,0.932,0.333,0.332,0.84,物品台,,1,0,,,,3,"[{""name"": ""球L"", ""share"": 0.419, ""q"": 0.067, ""capture"": 0.932, ""miss_deg"": 0.56, ""labels"": [259]}, {""name"": ""球M"", ""share"": 0.139, ""q"": 0.022, ""capture"": 0.31, ""miss_deg"": 2.3, ""labels"": [261]}, {""name"": ""苹果红"", ""share"": 0.16, ""q"": 0.026, ""capture"": 0.233, ""miss_deg"": 2.56, ""labels"": [260]}]"
2026_08_20/001,c2,v9,,cluster015,43.18,46.6,3.42,3.223,苹果粉,64,0.635,0.146,1.003,0.76,0.375,0.769,物品台,,1,1,5,苹果粉,1,3,"[{""name"": ""苹果粉"", ""share"": 0.635, ""q"": 0.146, ""capture"": 1.003, ""miss_deg"": 0.0, ""labels"": [64]}, {""name"": ""球L"", ""share"": 0.238, ""q"": 0.055, ""capture"": 0.762, ""miss_deg"": 1.11, ""labels"": [259]}, {""name"": ""苹果红"", ""share"": 0.085, ""q"": 0.02, ""capture"": 0.178, ""miss_deg"": 2.79, ""labels"": [260]}]"
2026_08_20/001,c2,v9,,cluster015,46.84,49.82,2.97,3.227,苹果粉,64,0.582,0.128,0.877,0.938,0.462,0.78,物品台,,1,1,5,苹果粉,1,3,"[{""name"": ""苹果粉"", ""share"": 0.582, ""q"": 0.128, ""capture"": 0.877, ""miss_deg"": 0.77, ""labels"": [64]}, {""name"": ""球L"", ""share"": 0.269, ""q"": 0.059, ""capture"": 0.823, ""miss_deg"": 0.94, ""labels"": [259]}, {""name"": ""苹果红"", ""share"": 0.107, ""q"": 0.023, ""capture"": 0.214, ""miss_deg"": 2.63, ""labels"": [260]}]"
2026_08_20/001,c2,v9,,cluster015,50.09,52.86,2.76,3.274,球R,263,0.298,0.122,1.69,0.345,0.785,0.593,物品台,,0,0,,,,3,"[{""name"": ""球R"", ""share"": 0.298, ""q"": 0.122, ""capture"": 1.69, ""miss_deg"": 0.0, ""labels"": [263]}, {""name"": ""白杯1"", ""share"": 0.234, ""q"": 0.095, ""capture"": 0.583, ""miss_deg"": 1.56, ""labels"": [266]}, {""name"": ""白杯2"", ""share"": 0.143, ""q"": 0.058, ""capture"": 0.426, ""miss_deg"": 1.96, ""labels"": [267]}]"
2026_08_20/001,c2,v9,,cluster015,53.29,53.67,0.38,3.252,球R,263,0.392,0.07,0.975,0.201,0.457,0.821,物品台,,1,0,,,,3,"[{""name"": ""球R"", ""share"": 0.392, ""q"": 0.07, ""capture"": 0.975, ""miss_deg"": 0.34, ""labels"": [263]}, {""name"": ""白杯1"", ""share"": 0.179, ""q"": 0.032, ""capture"": 0.196, ""miss_deg"": 2.71, ""labels"": [266]}, {""name"": ""白杯2"", ""share"": 0.156, ""q"": 0.028, ""capture"": 0.191, ""miss_deg"": 2.73, ""labels"": [267]}]"
2026_08_20/001,c2,v9,,cluster015,53.89,54.21,0.32,3.264,白杯2,267,0.585,0.094,0.689,0.615,0.323,0.839,物品台,,1,1,,,,3,"[{""name"": ""白杯2"", ""share"": 0.585, ""q"": 0.094, ""capture"": 0.689, ""miss_deg"": 1.29, ""labels"": [267]}, {""name"": ""球R"", ""share"": 0.189, ""q"": 0.031, ""capture"": 0.424, ""miss_deg"": 1.96, ""labels"": [263]}, {""name"": ""红杯"", ""share"": 0.144, ""q"": 0.023, ""capture"": 0.091, ""miss_deg"": 3.28, ""labels"": [49]}]"
2026_08_20/001,c2,v9,,cluster015,54.75,56.86,2.11,3.266,球M,261,0.196,0.064,0.886,0.915,0.918,0.675,物品台,,0,0,,,,3,"[{""name"": ""球M"", ""share"": 0.196, ""q"": 0.064, ""capture"": 0.886, ""miss_deg"": 0.74, ""labels"": [261]}, {""name"": ""球R"", ""share"": 0.18, ""q"": 0.058, ""capture"": 0.811, ""miss_deg"": 0.97, ""labels"": [263]}, {""name"": ""白杯1"", ""share"": 0.213, ""q"": 0.069, ""capture"": 0.424, ""miss_deg"": 1.97, ""labels"": [266]}]"
2026_08_20/001,c2,v9,,cluster015,57.94,58.22,0.27,4.504,球M,261,0.5,0.033,1.0,0.317,0.508,0.934,物品台,,1,1,,,,3,"[{""name"": ""球M"", ""share"": 0.5, ""q"": 0.033, ""capture"": 1.0, ""miss_deg"": 0.0, ""labels"": [261]}, {""name"": ""球L"", ""share"": 0.254, ""q"": 0.017, ""capture"": 0.317, ""miss_deg"": 2.27, ""labels"": [259]}, {""name"": ""苹果红"", ""share"": 0.057, ""q"": 0.004, ""capture"": 0.071, ""miss_deg"": 3.45, ""labels"": [260]}]"
2026_08_20/001,c2,v9,,cluster015,58.49,59.35,0.87,3.268,球M,261,0.324,0.088,1.22,0.173,0.173,0.729,物品台,,0,0,7,球M,1,3,"[{""name"": ""球M"", ""share"": 0.324, ""q"": 0.088, ""capture"": 1.22, ""miss_deg"": 0.0, ""labels"": [261]}, {""name"": ""球L"", ""share"": 0.056, ""q"": 0.015, ""capture"": 0.211, ""miss_deg"": 2.65, ""labels"": [259]}, {""name"": ""水瓶"", ""share"": 0.304, ""q"": 0.082, ""capture"": 0.191, ""miss_deg"": 2.73, ""labels"": [30]}]"
2026_08_20/001,c2,v9,,cluster015,59.46,59.95,0.49,3.262,球M,261,0.301,0.099,1.376,0.291,0.292,0.672,物品台,,0,0,7,球M,1,3,"[{""name"": ""球M"", ""share"": 0.301, ""q"": 0.099, ""capture"": 1.376, ""miss_deg"": 0.0, ""labels"": [261]}, {""name"": ""球R"", ""share"": 0.088, ""q"": 0.029, ""capture"": 0.401, ""miss_deg"": 2.03, ""labels"": [263]}, {""name"": ""白杯1"", ""share"": 0.143, ""q"": 0.047, ""capture"": 0.287, ""miss_deg"": 2.37, ""labels"": [266]}]"
2026_08_20/001,c2,v9,,cluster015,60.19,62.73,2.54,3.283,球M,261,0.323,0.097,1.561,0.145,0.167,0.699,物品台,,0,0,7,球M,1,3,"[{""name"": ""球M"", ""share"": 0.323, ""q"": 0.097, ""capture"": 1.561, ""miss_deg"": 0.0, ""labels"": [261]}, {""name"": ""球L"", ""share"": 0.054, ""q"": 0.016, ""capture"": 0.227, ""miss_deg"": 2.58, ""labels"": [259]}, {""name"": ""水瓶"", ""share"": 0.302, ""q"": 0.091, ""capture"": 0.211, ""miss_deg"": 2.65, ""labels"": [30]}]"
2026_08_20/001,c2,v9,,cluster015,64.79,65.22,0.43,4.238,,-1,0.0,0.0,,,,1.0,object#60,,0,0,,,,0,[]
2026_08_20/001,c2,v9,,cluster015,65.6,66.09,0.49,4.09,,-1,0.0,0.0,,,,1.0,object#17,,0,0,,,,0,[]
2026_08_20/001,c2,v9,,cluster015,66.15,66.53,0.38,3.236,球L,259,0.145,0.07,0.97,0.891,0.89,0.52,物品台,,0,0,,,,3,"[{""name"": ""球L"", ""share"": 0.145, ""q"": 0.07, ""capture"": 0.97, ""miss_deg"": 0.37, ""labels"": [259]}, {""name"": ""球M"", ""share"": 0.129, ""q"": 0.062, ""capture"": 0.864, ""miss_deg"": 0.81, ""labels"": [261]}, {""name"": ""苹果红"", ""share"": 0.192, ""q"": 0.092, ""capture"": 0.843, ""miss_deg"": 0.88, ""labels"": [260]}]"
2026_08_20/001,c2,v9,,cluster015,66.7,67.24,0.54,4.172,,-1,0.0,0.0,,,,1.0,object#17,,0,0,,,,0,[]
2026_08_20/001,c2,v9,,cluster015,67.66,68.41,0.76,3.289,球L,259,0.311,0.094,1.308,0.54,0.469,0.698,物品台,,0,0,,,,3,"[{""name"": ""球L"", ""share"": 0.311, ""q"": 0.094, ""capture"": 1.308, ""miss_deg"": 0.0, ""labels"": [259]}, {""name"": ""球M"", ""share"": 0.146, ""q"": 0.044, ""capture"": 0.706, ""miss_deg"": 1.25, ""labels"": [261]}, {""name"": ""苹果红"", ""share"": 0.183, ""q"": 0.055, ""capture"": 0.502, ""miss_deg"": 1.76, ""labels"": [260]}]"
2026_08_20/001,c2,v9,,cluster015,68.74,69.12,0.38,3.304,球M,261,0.213,0.075,1.201,0.862,0.995,0.649,物品台,,0,0,,,,3,"[{""name"": ""球M"", ""share"": 0.213, ""q"": 0.075, ""capture"": 1.201, ""miss_deg"": 0.0, ""labels"": [261]}, {""name"": ""球L"", ""share"": 0.212, ""q"": 0.074, ""capture"": 1.035, ""miss_deg"": 0.0, ""labels"": [259]}, {""name"": ""苹果红"", ""share"": 0.171, ""q"": 0.06, ""capture"": 0.548, ""miss_deg"": 1.64, ""labels"": [260]}]"
2026_08_20/001,c2,v9,,cluster015,69.39,70.7,1.31,3.298,球M,261,0.312,0.047,0.749,0.55,0.635,0.851,物品台,,0,0,,,,3,"[{""name"": ""球M"", ""share"": 0.312, ""q"": 0.047, ""capture"": 0.749, ""miss_deg"": 1.14, ""labels"": [261]}, {""name"": ""球R"", ""share"": 0.198, ""q"": 0.03, ""capture"": 0.412, ""miss_deg"": 2.0, ""labels"": [263]}, {""name"": ""白杯1"", ""share"": 0.14, ""q"": 0.021, ""capture"": 0.128, ""miss_deg"": 3.04, ""labels"": [266]}]"
2026_08_20/001,c2,v9,,cluster015,71.26,71.69,0.43,3.32,球R,263,0.385,0.049,0.685,0.337,0.294,0.872,物品台,,1,0,,,,3,"[{""name"": ""球R"", ""share"": 0.385, ""q"": 0.049, ""capture"": 0.685, ""miss_deg"": 1.31, ""labels"": [263]}, {""name"": ""球M"", ""share"": 0.113, ""q"": 0.014, ""capture"": 0.231, ""miss_deg"": 2.57, ""labels"": [261]}, {""name"": ""白杯1"", ""share"": 0.162, ""q"": 0.021, ""capture"": 0.127, ""miss_deg"": 3.05, ""labels"": [266]}]"
2026_08_20/001,c2,v9,,cluster015,71.96,74.34,2.38,3.315,球R,263,0.288,0.09,1.253,0.438,0.378,0.687,物品台,,0,0,,,,3,"[{""name"": ""球R"", ""share"": 0.288, ""q"": 0.09, ""capture"": 1.253, ""miss_deg"": 0.0, ""labels"": [263]}, {""name"": ""球M"", ""share"": 0.109, ""q"": 0.034, ""capture"": 0.549, ""miss_deg"": 1.64, ""labels"": [261]}, {""name"": ""白杯1"", ""share"": 0.229, ""q"": 0.072, ""capture"": 0.439, ""miss_deg"": 1.93, ""labels"": [266]}]"
2026_08_20/001,c2,v9,,cluster015,75.39,77.36,1.97,3.32,球R,263,0.252,0.065,0.904,0.715,0.619,0.742,物品台,,0,0,,,,3,"[{""name"": ""球R"", ""share"": 0.252, ""q"": 0.065, ""capture"": 0.904, ""miss_deg"": 0.67, ""labels"": [263]}, {""name"": ""球M"", ""share"": 0.156, ""q"": 0.04, ""capture"": 0.646, ""miss_deg"": 1.4, ""labels"": [261]}, {""name"": ""白杯1"", ""share"": 0.22, ""q"": 0.057, ""capture"": 0.347, ""miss_deg"": 2.18, ""labels"": [266]}]"
2026_08_20/001,c2,v9,,cluster015,77.48,78.9,1.42,3.306,球R,263,0.294,0.072,0.996,0.43,0.374,0.757,物品台,,0,0,,,,3,"[{""name"": ""球R"", ""share"": 0.294, ""q"": 0.072, ""capture"": 0.996, ""miss_deg"": 0.13, ""labels"": [263]}, {""name"": ""球M"", ""share"": 0.11, ""q"": 0.027, ""capture"": 0.428, ""miss_deg"": 1.95, ""labels"": [261]}, {""name"": ""白杯1"", ""share"": 0.225, ""q"": 0.055, ""capture"": 0.335, ""miss_deg"": 2.22, ""labels"": [266]}]"
2026_08_20/001,c2,v9,,cluster015,79.4,82.86,3.46,3.3,球L,259,0.315,0.051,0.714,0.878,1.781,0.837,物品台,,0,0,9,苹果粉,0,3,"[{""name"": ""球L"", ""share"": 0.315, ""q"": 0.051, ""capture"": 0.714, ""miss_deg"": 1.23, ""labels"": [259]}, {""name"": ""苹果粉"", ""share"": 0.561, ""q"": 0.091, ""capture"": 0.627, ""miss_deg"": 1.45, ""labels"": [64, 250]}, {""name"": ""苹果红"", ""share"": 0.099, ""q"": 0.016, ""capture"": 0.147, ""miss_deg"": 2.94, ""labels"": [260]}]"
2026_08_20/001,c2,v9,,cluster015,82.91,83.18,0.27,3.316,球R,263,0.237,0.093,1.289,0.537,0.464,0.608,物品台,,0,0,,,,3,"[{""name"": ""球R"", ""share"": 0.237, ""q"": 0.093, ""capture"": 1.289, ""miss_deg"": 0.0, ""labels"": [263]}, {""name"": ""球M"", ""share"": 0.11, ""q"": 0.043, ""capture"": 0.692, ""miss_deg"": 1.29, ""labels"": [261]}, {""name"": ""白杯1"", ""share"": 0.246, ""q"": 0.096, ""capture"": 0.588, ""miss_deg"": 1.55, ""labels"": [266]}]"
2026_08_20/001,c2,v9,,cluster015,83.24,84.16,0.92,3.272,球L,259,0.317,0.089,1.244,0.674,1.366,0.717,物品台,,0,0,,,,3,"[{""name"": ""球L"", ""share"": 0.317, ""q"": 0.089, ""capture"": 1.244, ""miss_deg"": 0.0, ""labels"": [259]}, {""name"": ""苹果粉"", ""share"": 0.433, ""q"": 0.122, ""capture"": 0.838, ""miss_deg"": 0.89, ""labels"": [64]}, {""name"": ""苹果红"", ""share"": 0.157, ""q"": 0.044, ""capture"": 0.405, ""miss_deg"": 2.02, ""labels"": [260]}]"
2026_08_20/001,c2,v9,,cluster015,84.21,84.48,0.27,3.294,球R,263,0.189,0.081,1.121,0.876,0.757,0.573,物品台,,0,0,,,,3,"[{""name"": ""球R"", ""share"": 0.189, ""q"": 0.081, ""capture"": 1.121, ""miss_deg"": 0.0, ""labels"": [263]}, {""name"": ""球M"", ""share"": 0.143, ""q"": 0.061, ""capture"": 0.982, ""miss_deg"": 0.28, ""labels"": [261]}, {""name"": ""白杯1"", ""share"": 0.23, ""q"": 0.099, ""capture"": 0.602, ""miss_deg"": 1.51, ""labels"": [266]}]"
2026_08_20/001,c2,v9,,cluster015,84.54,85.29,0.76,3.283,球L,259,0.369,0.103,1.432,0.449,0.911,0.72,物品台,,0,0,,,,3,"[{""name"": ""球L"", ""share"": 0.369, ""q"": 0.103, ""capture"": 1.432, ""miss_deg"": 0.0, ""labels"": [259]}, {""name"": ""苹果粉"", ""share"": 0.336, ""q"": 0.094, ""capture"": 0.643, ""miss_deg"": 1.41, ""labels"": [64]}, {""name"": ""苹果红"", ""share"": 0.163, ""q"": 0.046, ""capture"": 0.417, ""miss_deg"": 1.99, ""labels"": [260]}]"
2026_08_20/001,c2,v9,,cluster015,85.35,85.67,0.32,3.275,球R,263,0.283,0.115,1.602,0.353,0.806,0.593,物品台,,0,0,10,球R,1,3,"[{""name"": ""球R"", ""share"": 0.283, ""q"": 0.115, ""capture"": 1.602, ""miss_deg"": 0.0, ""labels"": [263]}, {""name"": ""白杯1"", ""share"": 0.228, ""q"": 0.093, ""capture"": 0.566, ""miss_deg"": 1.6, ""labels"": [266]}, {""name"": ""球M"", ""share"": 0.061, ""q"": 0.025, ""capture"": 0.4, ""miss_deg"": 2.03, ""labels"": [261]}]"
2026_08_20/001,c2,v9,,cluster015,86.28,87.85,1.57,3.218,球R,263,0.324,0.103,1.425,0.293,0.593,0.684,物品台,,0,0,10,球R,1,3,"[{""name"": ""球R"", ""share"": 0.324, ""q"": 0.103, ""capture"": 1.425, ""miss_deg"": 0.0, ""labels"": [263]}, {""name"": ""白杯2"", ""share"": 0.192, ""q"": 0.061, ""capture"": 0.417, ""miss_deg"": 1.98, ""labels"": [267]}, {""name"": ""白杯1"", ""share"": 0.208, ""q"": 0.066, ""capture"": 0.402, ""miss_deg"": 2.02, ""labels"": [266]}]"
2026_08_20/001,c2,v9,,cluster015,87.9,90.39,2.49,3.247,球R,263,0.264,0.069,0.958,0.501,0.5,0.739,物品台,,0,0,,,,3,"[{""name"": ""球R"", ""share"": 0.264, ""q"": 0.069, ""capture"": 0.958, ""miss_deg"": 0.44, ""labels"": [263]}, {""name"": ""球M"", ""share"": 0.132, ""q"": 0.035, ""capture"": 0.48, ""miss_deg"": 1.82, ""labels"": [261]}, {""name"": ""白杯1"", ""share"": 0.233, ""q"": 0.061, ""capture"": 0.372, ""miss_deg"": 2.11, ""labels"": [266]}]"
2026_08_20/001,c2,v9,,cluster015,90.5,91.04,0.54,3.261,球M,261,0.368,0.055,0.764,0.491,0.492,0.85,物品台,,1,0,11,球M,1,3,"[{""name"": ""球M"", ""share"": 0.368, ""q"": 0.055, ""capture"": 0.764, ""miss_deg"": 1.1, ""labels"": [261]}, {""name"": ""球L"", ""share"": 0.181, ""q"": 0.027, ""capture"": 0.375, ""miss_deg"": 2.1, ""labels"": [259]}, {""name"": ""苹果红"", ""share"": 0.105, ""q"": 0.016, ""capture"": 0.144, ""miss_deg"": 2.95, ""labels"": [260]}]"
2026_08_20/001,c2,v9,,cluster015,91.15,91.53,0.38,3.259,球R,263,0.291,0.052,0.721,0.621,0.622,0.822,物品台,,0,0,11,球M,0,3,"[{""name"": ""球R"", ""share"": 0.291, ""q"": 0.052, ""capture"": 0.721, ""miss_deg"": 1.21, ""labels"": [263]}, {""name"": ""球M"", ""share"": 0.181, ""q"": 0.032, ""capture"": 0.448, ""miss_deg"": 1.9, ""labels"": [261]}, {""name"": ""白杯1"", ""share"": 0.196, ""q"": 0.035, ""capture"": 0.213, ""miss_deg"": 2.64, ""labels"": [266]}]"
2026_08_20/001,c2,v9,,cluster015,92.23,92.99,0.76,3.275,球M,261,0.287,0.084,1.355,0.307,0.355,0.706,物品台,,0,0,11,球M,1,3,"[{""name"": ""球M"", ""share"": 0.287, ""q"": 0.084, ""capture"": 1.355, ""miss_deg"": 0.0, ""labels"": [261]}, {""name"": ""球R"", ""share"": 0.102, ""q"": 0.03, ""capture"": 0.416, ""miss_deg"": 1.99, ""labels"": [263]}, {""name"": ""白杯1"", ""share"": 0.14, ""q"": 0.041, ""capture"": 0.251, ""miss_deg"": 2.49, ""labels"": [266]}]"
2026_08_20/001,c2,v9,,cluster015,93.04,95.11,2.07,3.198,球M,261,0.3,0.082,1.143,0.419,0.53,0.726,物品台,,0,0,11,球M,1,3,"[{""name"": ""球M"", ""share"": 0.3, ""q"": 0.082, ""capture"": 1.143, ""miss_deg"": 0.0, ""labels"": [261]}, {""name"": ""球L"", ""share"": 0.159, ""q"": 0.044, ""capture"": 0.479, ""miss_deg"": 1.82, ""labels"": [259]}, {""name"": ""苹果红"", ""share"": 0.121, ""q"": 0.033, ""capture"": 0.303, ""miss_deg"": 2.32, ""labels"": [260]}]"
2026_08_20/001,c2,v9,,cluster015,95.34,97.35,2.0,3.236,球M,261,0.271,0.068,0.947,0.8,0.797,0.748,物品台,,0,0,11,球M,1,3,"[{""name"": ""球M"", ""share"": 0.271, ""q"": 0.068, ""capture"": 0.947, ""miss_deg"": 0.49, ""labels"": [261]}, {""name"": ""球L"", ""share"": 0.216, ""q"": 0.054, ""capture"": 0.758, ""miss_deg"": 1.12, ""labels"": [259]}, {""name"": ""苹果红"", ""share"": 0.127, ""q"": 0.032, ""capture"": 0.291, ""miss_deg"": 2.36, ""labels"": [260]}]"
2026_08_20/001,c2,v9,,cluster015,97.46,97.79,0.32,3.244,球M,261,0.314,0.047,0.652,0.802,0.803,0.851,物品台,,0,0,,,,3,"[{""name"": ""球M"", ""share"": 0.314, ""q"": 0.047, ""capture"": 0.652, ""miss_deg"": 1.39, ""labels"": [261]}, {""name"": ""球L"", ""share"": 0.252, ""q"": 0.038, ""capture"": 0.523, ""miss_deg"": 1.71, ""labels"": [259]}, {""name"": ""苹果红"", ""share"": 0.12, ""q"": 0.018, ""capture"": 0.163, ""miss_deg"": 2.86, ""labels"": [260]}]"
2026_08_20/001,c2,v9,,cluster015,98.91,99.45,0.54,3.22,球M,261,0.267,0.068,0.948,0.539,0.539,0.744,物品台,,0,0,,,,3,"[{""name"": ""球M"", ""share"": 0.267, ""q"": 0.068, ""capture"": 0.948, ""miss_deg"": 0.49, ""labels"": [261]}, {""name"": ""球R"", ""share"": 0.144, ""q"": 0.037, ""capture"": 0.511, ""miss_deg"": 1.74, ""labels"": [263]}, {""name"": ""白杯1"", ""share"": 0.188, ""q"": 0.048, ""capture"": 0.294, ""miss_deg"": 2.35, ""labels"": [266]}]"
2026_08_20/001,c2,v9,,cluster015,99.99,104.16,4.17,3.275,球R,263,0.267,0.092,1.275,0.737,1.404,0.656,物品台,,0,0,12,白杯2,0,3,"[{""name"": ""球R"", ""share"": 0.267, ""q"": 0.092, ""capture"": 1.275, ""miss_deg"": 0.0, ""labels"": [263]}, {""name"": ""白杯2"", ""share"": 0.375, ""q"": 0.129, ""capture"": 0.94, ""miss_deg"": 0.53, ""labels"": [267]}, {""name"": ""白杯1"", ""share"": 0.115, ""q"": 0.04, ""capture"": 0.242, ""miss_deg"": 2.53, ""labels"": [266]}]"
2026_08_20/001,c2,v9,,cluster015,104.27,104.98,0.7,3.266,球R,263,0.257,0.068,0.948,0.836,1.595,0.735,物品台,,0,0,12,白杯2,0,3,"[{""name"": ""球R"", ""share"": 0.257, ""q"": 0.068, ""capture"": 0.948, ""miss_deg"": 0.49, ""labels"": [263]}, {""name"": ""白杯2"", ""share"": 0.41, ""q"": 0.109, ""capture"": 0.793, ""miss_deg"": 1.02, ""labels"": [267]}, {""name"": ""红杯"", ""share"": 0.166, ""q"": 0.044, ""capture"": 0.173, ""miss_deg"": 2.81, ""labels"": [49]}]"
2026_08_20/001,c2,v9,,cluster015,105.03,105.68,0.65,3.243,球R,263,0.242,0.098,1.36,0.461,1.05,0.596,物品台,,0,0,,,,3,"[{""name"": ""球R"", ""share"": 0.242, ""q"": 0.098, ""capture"": 1.36, ""miss_deg"": 0.0, ""labels"": [263]}, {""name"": ""白杯1"", ""share"": 0.254, ""q"": 0.103, ""capture"": 0.627, ""miss_deg"": 1.45, ""labels"": [266]}, {""name"": ""球M"", ""share"": 0.1, ""q"": 0.041, ""capture"": 0.563, ""miss_deg"": 1.61, ""labels"": [261]}]"
2026_08_20/001,c2,v9,,cluster015,105.98,106.36,0.38,3.24,球M,261,0.265,0.093,1.293,0.585,0.585,0.649,物品台,,0,0,,,,3,"[{""name"": ""球M"", ""share"": 0.265, ""q"": 0.093, ""capture"": 1.293, ""miss_deg"": 0.0, ""labels"": [261]}, {""name"": ""球L"", ""share"": 0.155, ""q"": 0.054, ""capture"": 0.756, ""miss_deg"": 1.12, ""labels"": [259]}, {""name"": ""苹果红"", ""share"": 0.133, ""q"": 0.047, ""capture"": 0.425, ""miss_deg"": 1.96, ""labels"": [260]}]"
2026_08_20/001,c2,v9,,cluster015,106.41,114.03,7.62,3.231,球R,263,0.273,0.085,1.184,0.676,1.37,0.688,物品台,,0,0,,,,3,"[{""name"": ""球R"", ""share"": 0.273, ""q"": 0.085, ""capture"": 1.184, ""miss_deg"": 0.0, ""labels"": [263]}, {""name"": ""白杯2"", ""share"": 0.374, ""q"": 0.117, ""capture"": 0.8, ""miss_deg"": 1.0, ""labels"": [267]}, {""name"": ""白杯1"", ""share"": 0.122, ""q"": 0.038, ""capture"": 0.233, ""miss_deg"": 2.56, ""labels"": [266]}]"
2026_08_20/001,c2,v9,,cluster015,114.86,116.16,1.3,3.226,球L,259,0.346,0.105,1.464,0.364,0.555,0.696,物品台,,0,0,,,,3,"[{""name"": ""球L"", ""share"": 0.346, ""q"": 0.105, ""capture"": 1.464, ""miss_deg"": 0.0, ""labels"": [259]}, {""name"": ""苹果红"", ""share"": 0.192, ""q"": 0.058, ""capture"": 0.533, ""miss_deg"": 1.68, ""labels"": [260]}, {""name"": ""球M"", ""share"": 0.089, ""q"": 0.027, ""capture"": 0.376, ""miss_deg"": 2.1, ""labels"": [261]}]"
2026_08_20/001,c2,v9,,cluster015,116.29,119.17,2.88,3.228,球L,259,0.333,0.114,1.585,0.391,0.595,0.658,物品台,,0,0,14,球L,1,3,"[{""name"": ""球L"", ""share"": 0.333, ""q"": 0.114, ""capture"": 1.585, ""miss_deg"": 0.0, ""labels"": [259]}, {""name"": ""苹果红"", ""share"": 0.198, ""q"": 0.068, ""capture"": 0.619, ""miss_deg"": 1.47, ""labels"": [260]}, {""name"": ""球M"", ""share"": 0.107, ""q"": 0.036, ""capture"": 0.507, ""miss_deg"": 1.75, ""labels"": [261]}]"
2026_08_20/001,c2,v9,,cluster015,119.92,121.0,1.08,3.273,球M,261,0.259,0.092,1.478,0.497,0.571,0.644,物品台,,0,0,14,球L,0,3,"[{""name"": ""球M"", ""share"": 0.259, ""q"": 0.092, ""capture"": 1.478, ""miss_deg"": 0.0, ""labels"": [261]}, {""name"": ""球L"", ""share"": 0.148, ""q"": 0.053, ""capture"": 0.734, ""miss_deg"": 1.18, ""labels"": [259]}, {""name"": ""苹果红"", ""share"": 0.149, ""q"": 0.053, ""capture"": 0.484, ""miss_deg"": 1.81, ""labels"": [260]}]"
2026_08_20/001,c2,v9,,cluster015,121.06,127.45,6.4,3.266,球L,259,0.243,0.108,1.499,0.627,0.955,0.556,物品台,,0,0,15,苹果红,0,3,"[{""name"": ""球L"", ""share"": 0.243, ""q"": 0.108, ""capture"": 1.499, ""miss_deg"": 0.0, ""labels"": [259]}, {""name"": ""苹果红"", ""share"": 0.232, ""q"": 0.103, ""capture"": 0.94, ""miss_deg"": 0.53, ""labels"": [260]}, {""name"": ""球M"", ""share"": 0.096, ""q"": 0.043, ""capture"": 0.595, ""miss_deg"": 1.53, ""labels"": [261]}]"
2026_08_20/001,c2,v9,,cluster015,128.3,128.57,0.27,3.701,,-1,0.0,0.0,,,,1.0,object#17,,0,0,,,,0,[]
2026_08_20/001,c2,v9,,cluster015,128.95,129.22,0.27,3.149,,-1,0.0,0.0,,,,1.0,object#45,,0,0,,,,0,[]
2026_08_20/001,c2,v9,,cluster015,129.49,129.76,0.27,2.412,,-1,0.0,0.0,,,,1.0,floor,,0,0,,,,0,[]
2026_08_20/001,c2,v9,,cluster015,130.34,130.61,0.27,2.58,,-1,0.0,0.0,,,,1.0,object#14,,0,0,,,,0,[]
2026_08_20/001,c2,v9,,cluster015,130.66,131.31,0.65,2.144,,-1,0.0,0.0,,,,1.0,object#14,,0,0,,,,0,[]
2026_08_20/001,c2,v9,,cluster015,131.93,133.06,1.14,1.015,,-1,0.0,0.0,,,,1.0,object#34,,0,0,,,,0,[]
2026_08_20/001,c2,v9,,cluster015,133.6,134.74,1.14,0.723,,-1,0.0,0.0,,,,1.0,object#88,,0,0,,,,0,[]
2026_08_20/002,c4,v9,beyond_occ,cluster015,1.25,1.52,0.27,1.269,,-1,0.0,0.0,,,,1.0,floor,,0,0,,,,0,[]
2026_08_20/002,c4,v9,beyond_occ,cluster015,3.12,3.56,0.43,1.913,,-1,0.0,0.0,,,,1.0,floor,,0,0,,,,0,[]
2026_08_20/002,c4,v9,beyond_occ,cluster015,7.04,7.41,0.38,4.021,球R,263,0.509,0.034,0.645,0.402,0.401,0.933,物品台,,1,1,,,,3,"[{""name"": ""球R"", ""share"": 0.509, ""q"": 0.034, ""capture"": 0.645, ""miss_deg"": 1.4, ""labels"": [263]}, {""name"": ""球M"", ""share"": 0.204, ""q"": 0.014, ""capture"": 0.259, ""miss_deg"": 2.47, ""labels"": [261]}, {""name"": ""白杯2"", ""share"": 0.197, ""q"": 0.013, ""capture"": 0.144, ""miss_deg"": 2.95, ""labels"": [267]}]"
2026_08_20/002,c4,v9,beyond_occ,cluster015,8.68,9.44,0.76,4.093,球R,263,0.205,0.056,1.068,0.92,0.922,0.726,物品台,,0,0,,,,3,"[{""name"": ""球R"", ""share"": 0.205, ""q"": 0.056, ""capture"": 1.068, ""miss_deg"": 0.0, ""labels"": [263]}, {""name"": ""球M"", ""share"": 0.189, ""q"": 0.052, ""capture"": 0.983, ""miss_deg"": 0.28, ""labels"": [261]}, {""name"": ""球L"", ""share"": 0.165, ""q"": 0.045, ""capture"": 0.859, ""miss_deg"": 0.83, ""labels"": [259]}]"
2026_08_20/002,c4,v9,beyond_occ,cluster015,9.71,9.98,0.27,3.306,,-1,0.0,0.0,,,,1.0,floor,,0,0,,,,0,[]
2026_08_20/002,c4,v9,beyond_occ,cluster015,10.31,11.06,0.76,2.914,,-1,0.0,0.0,,,,1.0,floor,,0,0,,,,0,[]
2026_08_20/002,c4,v9,beyond_occ,cluster015,11.17,11.77,0.6,3.253,,-1,0.0,0.0,,,,1.0,floor,,0,0,,,,0,[]
2026_08_20/002,c4,v9,beyond_occ,cluster015,11.88,12.42,0.54,3.001,,-1,0.0,0.0,,,,1.0,floor,,0,0,,,,0,[]
2026_08_20/002,c4,v9,beyond_occ,cluster015,12.93,15.1,2.17,4.184,球L,259,0.215,0.06,1.134,0.816,0.819,0.723,物品台,,0,0,4,球M,0,3,"[{""name"": ""球L"", ""share"": 0.215, ""q"": 0.06, ""capture"": 1.134, ""miss_deg"": 0.0, ""labels"": [259]}, {""name"": ""球M"", ""share"": 0.176, ""q"": 0.049, ""capture"": 0.925, ""miss_deg"": 0.59, ""labels"": [261]}, {""name"": ""球R"", ""share"": 0.142, ""q"": 0.039, ""capture"": 0.748, ""miss_deg"": 1.14, ""labels"": [263]}]"
2026_08_20/002,c4,v9,beyond_occ,cluster015,15.16,15.59,0.43,4.12,球L,259,0.386,0.026,0.497,0.414,0.412,0.932,object#35,,1,0,6,球L,1,3,"[{""name"": ""球L"", ""share"": 0.386, ""q"": 0.026, ""capture"": 0.497, ""miss_deg"": 1.77, ""labels"": [259]}, {""name"": ""球M"", ""share"": 0.159, ""q"": 0.011, ""capture"": 0.206, ""miss_deg"": 2.67, ""labels"": [261]}, {""name"": ""苹果红"", ""share"": 0.187, ""q"": 0.013, ""capture"": 0.203, ""miss_deg"": 2.68, ""labels"": [260]}]"
2026_08_20/002,c4,v9,beyond_occ,cluster015,15.64,17.76,2.11,4.201,球L,259,0.32,0.033,0.632,0.604,0.603,0.896,object#35,,0,0,6,球L,1,3,"[{""name"": ""球L"", ""share"": 0.32, ""q"": 0.033, ""capture"": 0.632, ""miss_deg"": 1.44, ""labels"": [259]}, {""name"": ""球M"", ""share"": 0.193, ""q"": 0.02, ""capture"": 0.382, ""miss_deg"": 2.08, ""labels"": [261]}, {""name"": ""苹果红"", ""share"": 0.157, ""q"": 0.016, ""capture"": 0.262, ""miss_deg"": 2.46, ""labels"": [260]}]"
2026_08_20/002,c4,v9,beyond_occ,cluster015,17.88,22.86,4.98,4.229,球L,259,0.253,0.047,0.884,0.662,0.664,0.816,object#35,,0,0,6,球L,1,3,"[{""name"": ""球L"", ""share"": 0.253, ""q"": 0.047, ""capture"": 0.884, ""miss_deg"": 0.74, ""labels"": [259]}, {""name"": ""苹果红"", ""share"": 0.168, ""q"": 0.031, ""capture"": 0.585, ""miss_deg"": 1.55, ""labels"": [260]}, {""name"": ""球M"", ""share"": 0.141, ""q"": 0.026, ""capture"": 0.492, ""miss_deg"": 1.79, ""labels"": [261]}]"
2026_08_20/002,c4,v9,beyond_occ,cluster015,22.92,23.78,0.87,4.24,球L,259,0.324,0.028,0.541,0.614,0.614,0.912,object#35,,0,0,,,,3,"[{""name"": ""球L"", ""share"": 0.324, ""q"": 0.028, ""capture"": 0.541, ""miss_deg"": 1.66, ""labels"": [259]}, {""name"": ""球M"", ""share"": 0.199, ""q"": 0.017, ""capture"": 0.332, ""miss_deg"": 2.23, ""labels"": [261]}, {""name"": ""球R"", ""share"": 0.152, ""q"": 0.013, ""capture"": 0.255, ""miss_deg"": 2.48, ""labels"": [263]}]"
2026_08_20/002,c4,v9,beyond_occ,cluster015,24.01,24.66,0.65,4.252,球L,259,0.232,0.04,0.765,0.933,0.935,0.827,物品台,,0,0,,,,3,"[{""name"": ""球L"", ""share"": 0.232, ""q"": 0.04, ""capture"": 0.765, ""miss_deg"": 1.1, ""labels"": [259]}, {""name"": ""球M"", ""share"": 0.217, ""q"": 0.038, ""capture"": 0.714, ""miss_deg"": 1.23, ""labels"": [261]}, {""name"": ""球R"", ""share"": 0.142, ""q"": 0.025, ""capture"": 0.466, ""miss_deg"": 1.85, ""labels"": [263]}]"
2026_08_20/002,c4,v9,beyond_occ,cluster015,24.93,33.43,8.5,4.25,球L,259,0.226,0.058,1.104,0.688,0.69,0.743,物品台,,0,0,11,球L,1,3,"[{""name"": ""球L"", ""share"": 0.226, ""q"": 0.058, ""capture"": 1.104, ""miss_deg"": 0.0, ""labels"": [259]}, {""name"": ""球M"", ""share"": 0.156, ""q"": 0.04, ""capture"": 0.76, ""miss_deg"": 1.11, ""labels"": [261]}, {""name"": ""球R"", ""share"": 0.133, ""q"": 0.034, ""capture"": 0.648, ""miss_deg"": 1.4, ""labels"": [263]}]"
2026_08_20/002,c4,v9,beyond_occ,cluster015,33.59,37.22,3.63,4.282,球L,259,0.227,0.06,1.138,0.682,0.683,0.736,物品台,,0,0,11,球L,1,3,"[{""name"": ""球L"", ""share"": 0.227, ""q"": 0.06, ""capture"": 1.138, ""miss_deg"": 0.0, ""labels"": [259]}, {""name"": ""球M"", ""share"": 0.155, ""q"": 0.041, ""capture"": 0.776, ""miss_deg"": 1.07, ""labels"": [261]}, {""name"": ""球R"", ""share"": 0.129, ""q"": 0.034, ""capture"": 0.648, ""miss_deg"": 1.4, ""labels"": [263]}]"
2026_08_20/002,c4,v9,beyond_occ,cluster015,37.37,42.4,5.04,4.302,球L,259,0.221,0.054,1.017,0.743,0.747,0.758,object#35,,0,0,11,球L,1,3,"[{""name"": ""球L"", ""share"": 0.221, ""q"": 0.054, ""capture"": 1.017, ""miss_deg"": 0.0, ""labels"": [259]}, {""name"": ""苹果红"", ""share"": 0.165, ""q"": 0.04, ""capture"": 0.756, ""miss_deg"": 1.12, ""labels"": [260]}, {""name"": ""球M"", ""share"": 0.12, ""q"": 0.029, ""capture"": 0.553, ""miss_deg"": 1.63, ""labels"": [261]}]"
2026_08_20/002,c4,v9,beyond_occ,cluster015,42.54,47.47,4.93,4.279,球L,259,0.199,0.062,1.182,0.902,0.899,0.686,object#35,,0,0,11,球L,1,3,"[{""name"": ""球L"", ""share"": 0.199, ""q"": 0.062, ""capture"": 1.182, ""miss_deg"": 0.0, ""labels"": [259]}, {""name"": ""苹果红"", ""share"": 0.179, ""q"": 0.056, ""capture"": 1.066, ""miss_deg"": 0.0, ""labels"": [260]}, {""name"": ""苹果粉"", ""share"": 0.183, ""q"": 0.057, ""capture"": 0.632, ""miss_deg"": 1.44, ""labels"": [64]}]"
2026_08_20/002,c4,v9,beyond_occ,cluster015,47.69,52.4,4.71,4.302,球L,259,0.237,0.058,1.104,0.651,0.65,0.755,object#35,,0,0,11,球L,1,3,"[{""name"": ""球L"", ""share"": 0.237, ""q"": 0.058, ""capture"": 1.104, ""miss_deg"": 0.0, ""labels"": [259]}, {""name"": ""苹果红"", ""share"": 0.154, ""q"": 0.038, ""capture"": 0.719, ""miss_deg"": 1.22, ""labels"": [260]}, {""name"": ""球M"", ""share"": 0.125, ""q"": 0.031, ""capture"": 0.581, ""miss_deg"": 1.56, ""labels"": [261]}]"
2026_08_20/002,c4,v9,beyond_occ,cluster015,53.04,55.83,2.79,4.294,球L,259,0.219,0.052,0.995,0.841,0.84,0.761,object#35,,0,0,11,球L,1,3,"[{""name"": ""球L"", ""share"": 0.219, ""q"": 0.052, ""capture"": 0.995, ""miss_deg"": 0.15, ""labels"": [259]}, {""name"": ""苹果红"", ""share"": 0.184, ""q"": 0.044, ""capture"": 0.837, ""miss_deg"": 0.89, ""labels"": [260]}, {""name"": ""苹果粉"", ""share"": 0.193, ""q"": 0.046, ""capture"": 0.506, ""miss_deg"": 1.75, ""labels"": [64]}]"
2026_08_20/002,c4,v9,beyond_occ,cluster015,55.88,64.33,8.45,4.29,球L,259,0.218,0.067,1.28,0.595,0.596,0.691,物品台,,0,0,11,球L,1,3,"[{""name"": ""球L"", ""share"": 0.218, ""q"": 0.067, ""capture"": 1.28, ""miss_deg"": 0.0, ""labels"": [259]}, {""name"": ""球M"", ""share"": 0.13, ""q"": 0.04, ""capture"": 0.762, ""miss_deg"": 1.11, ""labels"": [261]}, {""name"": ""苹果红"", ""share"": 0.126, ""q"": 0.039, ""capture"": 0.736, ""miss_deg"": 1.17, ""labels"": [260]}]"
2026_08_20/002,c4,v9,beyond_occ,cluster015,67.81,68.24,0.43,3.545,,-1,0.0,0.0,,,,1.0,floor,,0,0,,,,0,[]
2026_08_20/002,c4,v9,beyond_occ,cluster015,68.77,69.05,0.27,3.119,,-1,0.0,0.0,,,,1.0,floor,,0,0,,,,0,[]
2026_08_20/002,c4,v9,beyond_occ,cluster015,69.14,69.5,0.36,3.383,,-1,0.0,0.0,,,,1.0,floor,,0,0,,,,0,[]
2026_08_20/002,c4,v9,beyond_occ,cluster015,69.56,70.16,0.6,3.595,,-1,0.0,0.0,,,,1.0,floor,,0,0,,,,0,[]
2026_08_20/002,c4,v9,beyond_occ,cluster015,70.69,80.6,9.91,4.281,球L,259,0.206,0.059,1.113,0.863,0.864,0.715,object#35,,0,0,,,,3,"[{""name"": ""球L"", ""share"": 0.206, ""q"": 0.059, ""capture"": 1.113, ""miss_deg"": 0.0, ""labels"": [259]}, {""name"": ""苹果红"", ""share"": 0.178, ""q"": 0.051, ""capture"": 0.96, ""miss_deg"": 0.43, ""labels"": [260]}, {""name"": ""球M"", ""share"": 0.118, ""q"": 0.034, ""capture"": 0.64, ""miss_deg"": 1.42, ""labels"": [261]}]"
2026_08_20/002,c4,v9,beyond_occ,cluster015,80.72,81.47,0.76,4.251,球L,259,0.221,0.059,1.115,0.64,0.643,0.735,物品台,,0,0,,,,3,"[{""name"": ""球L"", ""share"": 0.221, ""q"": 0.059, ""capture"": 1.115, ""miss_deg"": 0.0, ""labels"": [259]}, {""name"": ""球M"", ""share"": 0.142, ""q"": 0.038, ""capture"": 0.714, ""miss_deg"": 1.23, ""labels"": [261]}, {""name"": ""苹果红"", ""share"": 0.127, ""q"": 0.034, ""capture"": 0.642, ""miss_deg"": 1.41, ""labels"": [260]}]"
2026_08_20/002,c4,v9,beyond_occ,cluster015,81.74,82.61,0.87,4.274,球L,259,0.23,0.05,0.949,0.807,0.809,0.783,物品台,,0,0,,,,3,"[{""name"": ""球L"", ""share"": 0.23, ""q"": 0.05, ""capture"": 0.949, ""miss_deg"": 0.49, ""labels"": [259]}, {""name"": ""球M"", ""share"": 0.186, ""q"": 0.04, ""capture"": 0.766, ""miss_deg"": 1.1, ""labels"": [261]}, {""name"": ""球R"", ""share"": 0.162, ""q"": 0.035, ""capture"": 0.666, ""miss_deg"": 1.35, ""labels"": [263]}]"
2026_08_20/002,c4,v9,beyond_occ,cluster015,82.98,86.31,3.33,4.249,球L,259,0.237,0.06,1.137,0.646,0.646,0.747,物品台,,0,0,,,,3,"[{""name"": ""球L"", ""share"": 0.237, ""q"": 0.06, ""capture"": 1.137, ""miss_deg"": 0.0, ""labels"": [259]}, {""name"": ""球M"", ""share"": 0.153, ""q"": 0.039, ""capture"": 0.734, ""miss_deg"": 1.18, ""labels"": [261]}, {""name"": ""苹果红"", ""share"": 0.127, ""q"": 0.032, ""capture"": 0.611, ""miss_deg"": 1.49, ""labels"": [260]}]"
2026_08_20/002,c4,v9,beyond_occ,cluster015,86.54,87.03,0.49,4.263,球L,259,0.191,0.065,1.243,0.842,0.843,0.657,物品台,,0,0,,,,3,"[{""name"": ""球L"", ""share"": 0.191, ""q"": 0.065, ""capture"": 1.243, ""miss_deg"": 0.0, ""labels"": [259]}, {""name"": ""苹果红"", ""share"": 0.161, ""q"": 0.055, ""capture"": 1.047, ""miss_deg"": 0.0, ""labels"": [260]}, {""name"": ""球M"", ""share"": 0.117, ""q"": 0.04, ""capture"": 0.765, ""miss_deg"": 1.1, ""labels"": [261]}]"
2026_08_20/002,c4,v9,beyond_occ,cluster015,87.08,94.5,7.42,4.268,球L,259,0.224,0.064,1.22,0.718,0.714,0.713,物品台,,0,0,,,,3,"[{""name"": ""球L"", ""share"": 0.224, ""q"": 0.064, ""capture"": 1.22, ""miss_deg"": 0.0, ""labels"": [259]}, {""name"": ""球M"", ""share"": 0.16, ""q"": 0.046, ""capture"": 0.876, ""miss_deg"": 0.77, ""labels"": [261]}, {""name"": ""苹果红"", ""share"": 0.116, ""q"": 0.033, ""capture"": 0.635, ""miss_deg"": 1.43, ""labels"": [260]}]"
2026_08_20/002,c4,v9,beyond_occ,cluster015,94.64,96.11,1.46,4.269,球L,259,0.227,0.052,0.996,0.769,0.767,0.769,object#35,,0,0,,,,3,"[{""name"": ""球L"", ""share"": 0.227, ""q"": 0.052, ""capture"": 0.996, ""miss_deg"": 0.14, ""labels"": [259]}, {""name"": ""苹果红"", ""share"": 0.174, ""q"": 0.04, ""capture"": 0.766, ""miss_deg"": 1.1, ""labels"": [260]}, {""name"": ""球M"", ""share"": 0.099, ""q"": 0.023, ""capture"": 0.433, ""miss_deg"": 1.94, ""labels"": [261]}]"
2026_08_20/002,c4,v9,beyond_occ,cluster015,96.16,98.11,1.95,4.305,球L,259,0.289,0.037,0.71,0.72,0.72,0.871,物品台,,0,0,,,,3,"[{""name"": ""球L"", ""share"": 0.289, ""q"": 0.037, ""capture"": 0.71, ""miss_deg"": 1.24, ""labels"": [259]}, {""name"": ""球M"", ""share"": 0.208, ""q"": 0.027, ""capture"": 0.511, ""miss_deg"": 1.74, ""labels"": [261]}, {""name"": ""苹果红"", ""share"": 0.126, ""q"": 0.016, ""capture"": 0.31, ""miss_deg"": 2.3, ""labels"": [260]}]"
2026_08_20/002,c4,v9,beyond_occ,cluster015,98.22,107.25,9.03,4.285,球L,259,0.231,0.058,1.097,0.588,0.589,0.75,物品台,,0,0,12,球M,0,3,"[{""name"": ""球L"", ""share"": 0.231, ""q"": 0.058, ""capture"": 1.097, ""miss_deg"": 0.0, ""labels"": [259]}, {""name"": ""苹果红"", ""share"": 0.136, ""q"": 0.034, ""capture"": 0.645, ""miss_deg"": 1.4, ""labels"": [260]}, {""name"": ""球M"", ""share"": 0.132, ""q"": 0.033, ""capture"": 0.624, ""miss_deg"": 1.46, ""labels"": [261]}]"
2026_08_20/002,c4,v9,beyond_occ,cluster015,107.48,109.22,1.74,4.329,球R,263,0.211,0.055,1.052,0.748,0.749,0.738,物品台,,0,0,13,球R,1,3,"[{""name"": ""球R"", ""share"": 0.211, ""q"": 0.055, ""capture"": 1.052, ""miss_deg"": 0.0, ""labels"": [263]}, {""name"": ""球L"", ""share"": 0.158, ""q"": 0.041, ""capture"": 0.787, ""miss_deg"": 1.04, ""labels"": [259]}, {""name"": ""球M"", ""share"": 0.156, ""q"": 0.041, ""capture"": 0.774, ""miss_deg"": 1.07, ""labels"": [261]}]"
2026_08_20/002,c4,v9,beyond_occ,cluster015,109.39,113.19,3.8,4.328,球L,259,0.226,0.06,1.133,0.656,0.659,0.737,物品台,,0,0,,,,3,"[{""name"": ""球L"", ""share"": 0.226, ""q"": 0.06, ""capture"": 1.133, ""miss_deg"": 0.0, ""labels"": [259]}, {""name"": ""球M"", ""share"": 0.149, ""q"": 0.039, ""capture"": 0.743, ""miss_deg"": 1.16, ""labels"": [261]}, {""name"": ""苹果红"", ""share"": 0.145, ""q"": 0.038, ""capture"": 0.728, ""miss_deg"": 1.2, ""labels"": [260]}]"
2026_08_20/002,c4,v9,beyond_occ,cluster015,113.27,114.31,1.05,4.328,苹果红,260,0.204,0.05,0.946,0.891,0.887,0.755,object#35,,0,0,,,,3,"[{""name"": ""苹果红"", ""share"": 0.204, ""q"": 0.05, ""capture"": 0.946, ""miss_deg"": 0.5, ""labels"": [260]}, {""name"": ""球L"", ""share"": 0.181, ""q"": 0.044, ""capture"": 0.843, ""miss_deg"": 0.88, ""labels"": [259]}, {""name"": ""苹果粉"", ""share"": 0.298, ""q"": 0.073, ""capture"": 0.801, ""miss_deg"": 1.0, ""labels"": [64]}]"
2026_08_20/002,c4,v9,beyond_occ,cluster015,114.54,121.14,6.61,4.299,球L,259,0.243,0.062,1.172,0.67,0.671,0.746,物品台,,0,0,,,,3,"[{""name"": ""球L"", ""share"": 0.243, ""q"": 0.062, ""capture"": 1.172, ""miss_deg"": 0.0, ""labels"": [259]}, {""name"": ""球M"", ""share"": 0.163, ""q"": 0.041, ""capture"": 0.785, ""miss_deg"": 1.04, ""labels"": [261]}, {""name"": ""苹果红"", ""share"": 0.131, ""q"": 0.033, ""capture"": 0.632, ""miss_deg"": 1.44, ""labels"": [260]}]"
2026_08_20/002,c4,v9,beyond_occ,cluster015,121.49,126.58,5.1,4.245,球L,259,0.266,0.04,0.756,0.812,0.812,0.85,物品台,,0,0,15,球R,0,3,"[{""name"": ""球L"", ""share"": 0.266, ""q"": 0.04, ""capture"": 0.756, ""miss_deg"": 1.12, ""labels"": [259]}, {""name"": ""球M"", ""share"": 0.216, ""q"": 0.032, ""capture"": 0.614, ""miss_deg"": 1.48, ""labels"": [261]}, {""name"": ""球R"", ""share"": 0.147, ""q"": 0.022, ""capture"": 0.42, ""miss_deg"": 1.98, ""labels"": [263]}]"
2026_08_20/002,c4,v9,beyond_occ,cluster015,127.96,128.29,0.32,2.573,,-1,0.0,0.0,,,,1.0,floor,,0,0,,,,0,[]
2026_08_20/002,c4,v9,beyond_occ,cluster015,128.64,129.01,0.37,2.619,,-1,0.0,0.0,,,,1.0,floor,,0,0,,,,0,[]
2026_08_20/002,c4,v9,beyond_occ,cluster015,130.1,132.48,2.39,1.259,,-1,0.0,0.0,,,,1.0,object#26,,0,0,,,,0,[]
2026_08_20/002,c4,v9,beyond_occ,cluster015,133.08,133.35,0.27,0.584,,-1,0.0,0.0,,,,1.0,object#14,,0,0,,,,0,[]
2026_08_20/002,c4,v9,beyond_occ,cluster015,133.62,134.0,0.38,0.485,,-1,0.0,0.0,,,,1.0,object#88,,0,0,,,,0,[]
2026_08_20/003,c4,v9,beyond_occ,cluster015,5.74,7.53,1.79,4.254,球L,259,0.242,0.026,0.49,0.665,0.665,0.893,object#35,,0,0,1,球L,1,3,"[{""name"": ""球L"", ""share"": 0.242, ""q"": 0.026, ""capture"": 0.49, ""miss_deg"": 1.79, ""labels"": [259]}, {""name"": ""苹果红"", ""share"": 0.161, ""q"": 0.017, ""capture"": 0.326, ""miss_deg"": 2.25, ""labels"": [260]}, {""name"": ""球R"", ""share"": 0.081, ""q"": 0.009, ""capture"": 0.164, ""miss_deg"": 2.85, ""labels"": [263]}]"
2026_08_20/003,c4,v9,beyond_occ,cluster015,7.75,8.03,0.27,4.271,球L,259,0.197,0.03,0.567,0.917,0.919,0.849,物品台,,0,0,1,球L,1,3,"[{""name"": ""球L"", ""share"": 0.197, ""q"": 0.03, ""capture"": 0.567, ""miss_deg"": 1.6, ""labels"": [259]}, {""name"": ""苹果红"", ""share"": 0.181, ""q"": 0.027, ""capture"": 0.52, ""miss_deg"": 1.71, ""labels"": [260]}, {""name"": ""球R"", ""share"": 0.08, ""q"": 0.012, ""capture"": 0.229, ""miss_deg"": 2.57, ""labels"": [263]}]"
2026_08_20/003,c4,v9,beyond_occ,cluster015,10.06,11.25,1.19,4.363,球L,259,0.308,0.022,0.412,0.573,0.575,0.93,物品台,,0,0,6,球L,1,3,"[{""name"": ""球L"", ""share"": 0.308, ""q"": 0.022, ""capture"": 0.412, ""miss_deg"": 2.0, ""labels"": [259]}, {""name"": ""球R"", ""share"": 0.177, ""q"": 0.012, ""capture"": 0.236, ""miss_deg"": 2.55, ""labels"": [263]}, {""name"": ""球M"", ""share"": 0.112, ""q"": 0.008, ""capture"": 0.149, ""miss_deg"": 2.93, ""labels"": [261]}]"
2026_08_20/003,c4,v9,beyond_occ,cluster015,13.42,13.69,0.27,2.971,纸箱子,33,1.0,0.002,0.002,0.0,0.0,0.998,object#79,,0,0,,,,1,"[{""name"": ""纸箱子"", ""share"": 1.0, ""q"": 0.002, ""capture"": 0.002, ""miss_deg"": 5.24, ""labels"": [33, 73]}]"
2026_08_20/003,c4,v9,beyond_occ,cluster015,15.46,18.38,2.92,4.344,球L,259,0.243,0.02,0.382,0.696,0.695,0.917,object#35,,0,0,8,球L,1,3,"[{""name"": ""球L"", ""share"": 0.243, ""q"": 0.02, ""capture"": 0.382, ""miss_deg"": 2.08, ""labels"": [259]}, {""name"": ""苹果红"", ""share"": 0.169, ""q"": 0.014, ""capture"": 0.266, ""miss_deg"": 2.44, ""labels"": [260]}, {""name"": ""苹果粉"", ""share"": 0.155, ""q"": 0.013, ""capture"": 0.141, ""miss_deg"": 2.97, ""labels"": [64]}]"
2026_08_20/003,c4,v9,beyond_occ,cluster015,18.51,21.92,3.41,4.364,球L,259,0.227,0.023,0.444,0.678,0.678,0.897,object#35,,0,0,11,球L,1,3,"[{""name"": ""球L"", ""share"": 0.227, ""q"": 0.023, ""capture"": 0.444, ""miss_deg"": 1.91, ""labels"": [259]}, {""name"": ""苹果红"", ""share"": 0.154, ""q"": 0.016, ""capture"": 0.301, ""miss_deg"": 2.32, ""labels"": [260]}, {""name"": ""球M"", ""share"": 0.103, ""q"": 0.011, ""capture"": 0.201, ""miss_deg"": 2.69, ""labels"": [261]}]"
2026_08_20/003,c4,v9,beyond_occ,cluster015,21.97,24.09,2.11,4.35,球L,259,0.285,0.014,0.266,0.492,0.491,0.951,object#35,,0,0,11,球L,1,3,"[{""name"": ""球L"", ""share"": 0.285, ""q"": 0.014, ""capture"": 0.266, ""miss_deg"": 2.44, ""labels"": [259]}, {""name"": ""球R"", ""share"": 0.14, ""q"": 0.007, ""capture"": 0.131, ""miss_deg"": 3.02, ""labels"": [263]}, {""name"": ""苹果红"", ""share"": 0.136, ""q"": 0.007, ""capture"": 0.127, ""miss_deg"": 3.05, ""labels"": [260]}]"
2026_08_20/003,c4,v9,beyond_occ,cluster015,24.32,28.76,4.44,4.372,球L,259,0.17,0.015,0.292,0.846,0.841,0.909,物品台,,0,0,11,球L,1,3,"[{""name"": ""球L"", ""share"": 0.17, ""q"": 0.015, ""capture"": 0.292, ""miss_deg"": 2.35, ""labels"": [259]}, {""name"": ""苹果红"", ""share"": 0.143, ""q"": 0.013, ""capture"": 0.247, ""miss_deg"": 2.51, ""labels"": [260]}, {""name"": ""球M"", ""share"": 0.142, ""q"": 0.013, ""capture"": 0.245, ""miss_deg"": 2.51, ""labels"": [261]}]"
2026_08_20/003,c4,v9,beyond_occ,cluster015,28.82,29.09,0.27,4.754,球R,263,0.238,0.009,0.265,0.758,0.761,0.963,物品台,,0,0,13,球R,1,3,"[{""name"": ""球R"", ""share"": 0.238, ""q"": 0.009, ""capture"": 0.265, ""miss_deg"": 2.45, ""labels"": [263]}, {""name"": ""球M"", ""share"": 0.181, ""q"": 0.007, ""capture"": 0.201, ""miss_deg"": 2.69, ""labels"": [261]}, {""name"": ""球L"", ""share"": 0.149, ""q"": 0.005, ""capture"": 0.166, ""miss_deg"": 2.84, ""labels"": [259]}]"
2026_08_20/003,c4,v9,beyond_occ,cluster015,29.14,30.93,1.79,4.388,球L,259,0.217,0.018,0.333,0.91,0.567,0.919,物品台,,0,0,13,球R,0,3,"[{""name"": ""球L"", ""share"": 0.217, ""q"": 0.018, ""capture"": 0.333, ""miss_deg"": 2.22, ""labels"": [259]}, {""name"": ""球M"", ""share"": 0.123, ""q"": 0.01, ""capture"": 0.303, ""miss_deg"": 2.32, ""labels"": [261]}, {""name"": ""球R"", ""share"": 0.162, ""q"": 0.013, ""capture"": 0.248, ""miss_deg"": 2.5, ""labels"": [263]}]"
2026_08_20/003,c4,v9,beyond_occ,cluster015,31.21,33.76,2.54,4.37,苹果红,260,0.15,0.015,0.279,0.986,0.98,0.902,物品台,,0,0,,,,3,"[{""name"": ""苹果红"", ""share"": 0.15, ""q"": 0.015, ""capture"": 0.279, ""miss_deg"": 2.4, ""labels"": [260]}, {""name"": ""球R"", ""share"": 0.147, ""q"": 0.014, ""capture"": 0.275, ""miss_deg"": 2.41, ""labels"": [263]}, {""name"": ""球M"", ""share"": 0.145, ""q"": 0.014, ""capture"": 0.27, ""miss_deg"": 2.43, ""labels"": [261]}]"
2026_08_20/003,c4,v9,beyond_occ,cluster015,33.86,35.89,2.02,4.347,球R,263,0.206,0.024,0.452,0.688,0.689,0.885,物品台,,0,0,15,球R,1,3,"[{""name"": ""球R"", ""share"": 0.206, ""q"": 0.024, ""capture"": 0.452, ""miss_deg"": 1.89, ""labels"": [263]}, {""name"": ""球L"", ""share"": 0.142, ""q"": 0.016, ""capture"": 0.311, ""miss_deg"": 2.29, ""labels"": [259]}, {""name"": ""苹果红"", ""share"": 0.129, ""q"": 0.015, ""capture"": 0.282, ""miss_deg"": 2.39, ""labels"": [260]}]"
2026_08_20/003,c4,v9,beyond_occ,cluster015,36.0,37.62,1.62,4.367,球L,259,0.244,0.017,0.314,0.554,0.553,0.932,物品台,,0,0,,,,3,"[{""name"": ""球L"", ""share"": 0.244, ""q"": 0.017, ""capture"": 0.314, ""miss_deg"": 2.28, ""labels"": [259]}, {""name"": ""球R"", ""share"": 0.135, ""q"": 0.009, ""capture"": 0.174, ""miss_deg"": 2.8, ""labels"": [263]}, {""name"": ""球M"", ""share"": 0.102, ""q"": 0.007, ""capture"": 0.132, ""miss_deg"": 3.02, ""labels"": [261]}]"
2026_08_20/003,c4,v9,beyond_occ,cluster015,37.9,45.1,7.2,4.34,球L,259,0.254,0.02,0.379,0.633,0.634,0.921,object#35,,0,0,,,,3,"[{""name"": ""球L"", ""share"": 0.254, ""q"": 0.02, ""capture"": 0.379, ""miss_deg"": 2.09, ""labels"": [259]}, {""name"": ""苹果红"", ""share"": 0.161, ""q"": 0.013, ""capture"": 0.24, ""miss_deg"": 2.54, ""labels"": [260]}, {""name"": ""球R"", ""share"": 0.127, ""q"": 0.01, ""capture"": 0.189, ""miss_deg"": 2.74, ""labels"": [263]}]"
2026_08_20/003,c4,v9,beyond_occ,cluster015,45.35,45.9,0.54,4.36,球L,259,0.226,0.015,0.291,0.68,0.681,0.932,物品台,,0,0,,,,3,"[{""name"": ""球L"", ""share"": 0.226, ""q"": 0.015, ""capture"": 0.291, ""miss_deg"": 2.36, ""labels"": [259]}, {""name"": ""苹果红"", ""share"": 0.154, ""q"": 0.01, ""capture"": 0.198, ""miss_deg"": 2.7, ""labels"": [260]}, {""name"": ""球R"", ""share"": 0.148, ""q"": 0.01, ""capture"": 0.19, ""miss_deg"": 2.73, ""labels"": [263]}]"
2026_08_20/003,c4,v9,beyond_occ,cluster015,46.09,47.39,1.3,4.334,球L,259,0.167,0.029,0.546,0.718,0.719,0.828,物品台,,0,0,,,,3,"[{""name"": ""球L"", ""share"": 0.167, ""q"": 0.029, ""capture"": 0.546, ""miss_deg"": 1.65, ""labels"": [259]}, {""name"": ""苹果红"", ""share"": 0.12, ""q"": 0.021, ""capture"": 0.392, ""miss_deg"": 2.05, ""labels"": [260]}, {""name"": ""球R"", ""share"": 0.109, ""q"": 0.019, ""capture"": 0.357, ""miss_deg"": 2.15, ""labels"": [263]}]"
2026_08_20/003,c4,v9,beyond_occ,cluster015,47.62,52.68,5.06,4.343,球L,259,0.176,0.025,0.477,0.912,0.909,0.857,object#35,,0,0,,,,3,"[{""name"": ""球L"", ""share"": 0.176, ""q"": 0.025, ""capture"": 0.477, ""miss_deg"": 1.82, ""labels"": [259]}, {""name"": ""苹果红"", ""share"": 0.16, ""q"": 0.023, ""capture"": 0.435, ""miss_deg"": 1.94, ""labels"": [260]}, {""name"": ""球M"", ""share"": 0.082, ""q"": 0.012, ""capture"": 0.223, ""miss_deg"": 2.6, ""labels"": [261]}]"
2026_08_20/003,c4,v9,beyond_occ,cluster015,53.16,53.7,0.54,4.348,球L,259,0.212,0.013,0.254,0.957,0.953,0.937,object#35,,0,0,,,,3,"[{""name"": ""球L"", ""share"": 0.212, ""q"": 0.013, ""capture"": 0.254, ""miss_deg"": 2.48, ""labels"": [259]}, {""name"": ""苹果红"", ""share"": 0.202, ""q"": 0.013, ""capture"": 0.243, ""miss_deg"": 2.52, ""labels"": [260]}, {""name"": ""苹果粉"", ""share"": 0.258, ""q"": 0.016, ""capture"": 0.179, ""miss_deg"": 2.78, ""labels"": [64]}]"
2026_08_20/003,c4,v9,beyond_occ,cluster015,54.02,54.29,0.27,4.327,苹果粉,64,0.406,0.042,0.459,0.76,0.441,0.897,object#35,,1,0,,,,3,"[{""name"": ""苹果粉"", ""share"": 0.406, ""q"": 0.042, ""capture"": 0.459, ""miss_deg"": 1.87, ""labels"": [64]}, {""name"": ""苹果红"", ""share"": 0.179, ""q"": 0.018, ""capture"": 0.349, ""miss_deg"": 2.18, ""labels"": [260]}, {""name"": ""球L"", ""share"": 0.113, ""q"": 0.012, ""capture"": 0.222, ""miss_deg"": 2.6, ""labels"": [259]}]"
2026_08_20/003,c4,v9,beyond_occ,cluster015,54.35,55.32,0.97,4.345,球L,259,0.194,0.018,0.344,0.887,0.887,0.907,object#35,,0,0,,,,3,"[{""name"": ""球L"", ""share"": 0.194, ""q"": 0.018, ""capture"": 0.344, ""miss_deg"": 2.19, ""labels"": [259]}, {""name"": ""苹果红"", ""share"": 0.172, ""q"": 0.016, ""capture"": 0.305, ""miss_deg"": 2.31, ""labels"": [260]}, {""name"": ""球M"", ""share"": 0.099, ""q"": 0.009, ""capture"": 0.175, ""miss_deg"": 2.8, ""labels"": [261]}]"
2026_08_20/003,c4,v9,beyond_occ,cluster015,55.44,58.04,2.6,4.344,球L,259,0.24,0.011,0.204,0.765,0.767,0.955,object#35,,0,0,,,,3,"[{""name"": ""球L"", ""share"": 0.24, ""q"": 0.011, ""capture"": 0.204, ""miss_deg"": 2.68, ""labels"": [259]}, {""name"": ""苹果红"", ""share"": 0.184, ""q"": 0.008, ""capture"": 0.156, ""miss_deg"": 2.89, ""labels"": [260]}, {""name"": ""球M"", ""share"": 0.131, ""q"": 0.006, ""capture"": 0.111, ""miss_deg"": 3.14, ""labels"": [261]}]"
2026_08_20/003,c4,v9,beyond_occ,cluster015,58.27,58.92,0.65,4.377,球L,259,0.195,0.019,0.357,0.857,0.856,0.904,物品台,,0,0,,,,3,"[{""name"": ""球L"", ""share"": 0.195, ""q"": 0.019, ""capture"": 0.357, ""miss_deg"": 2.15, ""labels"": [259]}, {""name"": ""球R"", ""share"": 0.167, ""q"": 0.016, ""capture"": 0.306, ""miss_deg"": 2.31, ""labels"": [263]}, {""name"": ""球M"", ""share"": 0.155, ""q"": 0.015, ""capture"": 0.282, ""miss_deg"": 2.39, ""labels"": [261]}]"
2026_08_20/003,c4,v9,beyond_occ,cluster015,59.03,59.36,0.32,4.368,球R,263,0.274,0.021,0.399,0.629,0.628,0.923,物品台,,0,0,,,,3,"[{""name"": ""球R"", ""share"": 0.274, ""q"": 0.021, ""capture"": 0.399, ""miss_deg"": 2.03, ""labels"": [263]}, {""name"": ""球L"", ""share"": 0.172, ""q"": 0.013, ""capture"": 0.251, ""miss_deg"": 2.5, ""labels"": [259]}, {""name"": ""球M"", ""share"": 0.126, ""q"": 0.01, ""capture"": 0.183, ""miss_deg"": 2.76, ""labels"": [261]}]"
2026_08_20/003,c4,v9,beyond_occ,cluster015,59.41,60.11,0.7,4.372,球L,259,0.197,0.021,0.399,0.975,0.975,0.893,物品台,,0,0,,,,3,"[{""name"": ""球L"", ""share"": 0.197, ""q"": 0.021, ""capture"": 0.399, ""miss_deg"": 2.03, ""labels"": [259]}, {""name"": ""苹果红"", ""share"": 0.192, ""q"": 0.02, ""capture"": 0.389, ""miss_deg"": 2.06, ""labels"": [260]}, {""name"": ""球R"", ""share"": 0.105, ""q"": 0.011, ""capture"": 0.212, ""miss_deg"": 2.64, ""labels"": [263]}]"
2026_08_20/003,c4,v9,beyond_occ,cluster015,60.44,64.18,3.74,4.368,球L,259,0.189,0.019,0.366,0.716,0.714,0.898,物品台,,0,0,,,,3,"[{""name"": ""球L"", ""share"": 0.189, ""q"": 0.019, ""capture"": 0.366, ""miss_deg"": 2.13, ""labels"": [259]}, {""name"": ""球R"", ""share"": 0.135, ""q"": 0.014, ""capture"": 0.262, ""miss_deg"": 2.46, ""labels"": [263]}, {""name"": ""苹果红"", ""share"": 0.133, ""q"": 0.014, ""capture"": 0.257, ""miss_deg"": 2.47, ""labels"": [260]}]"
2026_08_20/003,c4,v9,beyond_occ,cluster015,66.06,66.5,0.43,2.766,,-1,0.0,0.0,,,,1.0,floor,,0,0,,,,0,[]
2026_08_20/003,c4,v9,beyond_occ,cluster015,67.31,70.23,2.92,3.047,,-1,0.0,0.0,,,,1.0,floor,,0,0,,,,0,[]
2026_08_20/003,c4,v9,beyond_occ,cluster015,70.9,72.63,1.73,4.284,苹果红,260,0.195,0.032,0.612,0.923,0.923,0.835,object#35,,0,0,,,,3,"[{""name"": ""苹果红"", ""share"": 0.195, ""q"": 0.032, ""capture"": 0.612, ""miss_deg"": 1.49, ""labels"": [260]}, {""name"": ""球L"", ""share"": 0.18, ""q"": 0.03, ""capture"": 0.565, ""miss_deg"": 1.6, ""labels"": [259]}, {""name"": ""苹果粉"", ""share"": 0.222, ""q"": 0.037, ""capture"": 0.403, ""miss_deg"": 2.02, ""labels"": [64]}]"
2026_08_20/003,c4,v9,beyond_occ,cluster015,72.86,77.52,4.66,4.291,球L,259,0.259,0.02,0.388,0.688,0.691,0.921,object#35,,0,0,,,,3,"[{""name"": ""球L"", ""share"": 0.259, ""q"": 0.02, ""capture"": 0.388, ""miss_deg"": 2.06, ""labels"": [259]}, {""name"": ""苹果红"", ""share"": 0.179, ""q"": 0.014, ""capture"": 0.267, ""miss_deg"": 2.44, ""labels"": [260]}, {""name"": ""苹果粉"", ""share"": 0.207, ""q"": 0.016, ""capture"": 0.179, ""miss_deg"": 2.78, ""labels"": [64]}]"
2026_08_20/003,c4,v9,beyond_occ,cluster015,77.57,81.05,3.47,4.297,球L,259,0.218,0.009,0.18,0.833,1.436,0.957,object#35,,0,0,,,,3,"[{""name"": ""球L"", ""share"": 0.218, ""q"": 0.009, ""capture"": 0.18, ""miss_deg"": 2.78, ""labels"": [259]}, {""name"": ""苹果粉"", ""share"": 0.313, ""q"": 0.014, ""capture"": 0.15, ""miss_deg"": 2.92, ""labels"": [64]}, {""name"": ""苹果红"", ""share"": 0.175, ""q"": 0.008, ""capture"": 0.145, ""miss_deg"": 2.95, ""labels"": [260]}]"
2026_08_20/003,c4,v9,beyond_occ,cluster015,81.49,83.0,1.52,4.297,苹果粉,64,0.332,0.042,0.466,0.873,0.506,0.872,object#35,,0,0,,,,3,"[{""name"": ""苹果粉"", ""share"": 0.332, ""q"": 0.042, ""capture"": 0.466, ""miss_deg"": 1.85, ""labels"": [64]}, {""name"": ""苹果红"", ""share"": 0.168, ""q"": 0.021, ""capture"": 0.407, ""miss_deg"": 2.01, ""labels"": [260]}, {""name"": ""球L"", ""share"": 0.163, ""q"": 0.021, ""capture"": 0.395, ""miss_deg"": 2.04, ""labels"": [259]}]"
2026_08_20/003,c4,v9,beyond_occ,cluster015,83.06,84.85,1.79,4.311,球L,259,0.245,0.023,0.439,0.724,0.727,0.906,object#35,,0,0,,,,3,"[{""name"": ""球L"", ""share"": 0.245, ""q"": 0.023, ""capture"": 0.439, ""miss_deg"": 1.93, ""labels"": [259]}, {""name"": ""苹果红"", ""share"": 0.178, ""q"": 0.017, ""capture"": 0.318, ""miss_deg"": 2.27, ""labels"": [260]}, {""name"": ""苹果粉"", ""share"": 0.179, ""q"": 0.017, ""capture"": 0.185, ""miss_deg"": 2.75, ""labels"": [64]}]"
2026_08_20/003,c4,v9,beyond_occ,cluster015,84.9,85.33,0.43,4.299,苹果粉,64,0.396,0.032,0.354,0.669,0.389,0.919,object#35,,1,0,,,,3,"[{""name"": ""苹果粉"", ""share"": 0.396, ""q"": 0.032, ""capture"": 0.354, ""miss_deg"": 2.16, ""labels"": [64]}, {""name"": ""球L"", ""share"": 0.154, ""q"": 0.012, ""capture"": 0.237, ""miss_deg"": 2.54, ""labels"": [259]}, {""name"": ""苹果红"", ""share"": 0.149, ""q"": 0.012, ""capture"": 0.23, ""miss_deg"": 2.57, ""labels"": [260]}]"
2026_08_20/003,c4,v9,beyond_occ,cluster015,85.39,86.9,1.52,4.304,球L,259,0.281,0.01,0.196,0.781,0.779,0.963,object#35,,0,0,,,,3,"[{""name"": ""球L"", ""share"": 0.281, ""q"": 0.01, ""capture"": 0.196, ""miss_deg"": 2.71, ""labels"": [259]}, {""name"": ""苹果红"", ""share"": 0.219, ""q"": 0.008, ""capture"": 0.153, ""miss_deg"": 2.91, ""labels"": [260]}, {""name"": ""苹果粉"", ""share"": 0.297, ""q"": 0.011, ""capture"": 0.12, ""miss_deg"": 3.09, ""labels"": [64]}]"
2026_08_20/003,c4,v9,beyond_occ,cluster015,87.15,92.67,5.52,4.325,球L,259,0.256,0.017,0.317,0.678,0.676,0.935,object#35,,0,0,,,,3,"[{""name"": ""球L"", ""share"": 0.256, ""q"": 0.017, ""capture"": 0.317, ""miss_deg"": 2.27, ""labels"": [259]}, {""name"": ""苹果红"", ""share"": 0.173, ""q"": 0.011, ""capture"": 0.215, ""miss_deg"": 2.63, ""labels"": [260]}, {""name"": ""球M"", ""share"": 0.092, ""q"": 0.006, ""capture"": 0.114, ""miss_deg"": 3.13, ""labels"": [261]}]"
2026_08_20/003,c4,v9,beyond_occ,cluster015,93.06,95.34,2.27,4.278,苹果红,260,0.242,0.018,0.35,0.734,0.731,0.924,object#35,,0,0,,,,3,"[{""name"": ""苹果红"", ""share"": 0.242, ""q"": 0.018, ""capture"": 0.35, ""miss_deg"": 2.17, ""labels"": [260]}, {""name"": ""球L"", ""share"": 0.177, ""q"": 0.014, ""capture"": 0.257, ""miss_deg"": 2.47, ""labels"": [259]}, {""name"": ""苹果粉"", ""share"": 0.258, ""q"": 0.02, ""capture"": 0.216, ""miss_deg"": 2.62, ""labels"": [64]}]"
2026_08_20/003,c4,v9,beyond_occ,cluster015,95.75,100.87,5.12,4.29,球L,259,0.311,0.028,0.532,0.449,0.45,0.91,object#35,,0,0,,,,3,"[{""name"": ""球L"", ""share"": 0.311, ""q"": 0.028, ""capture"": 0.532, ""miss_deg"": 1.69, ""labels"": [259]}, {""name"": ""苹果红"", ""share"": 0.14, ""q"": 0.013, ""capture"": 0.239, ""miss_deg"": 2.54, ""labels"": [260]}, {""name"": ""球R"", ""share"": 0.108, ""q"": 0.01, ""capture"": 0.185, ""miss_deg"": 2.76, ""labels"": [263]}]"
2026_08_20/003,c4,v9,beyond_occ,cluster015,101.1,101.64,0.54,4.295,球L,259,0.245,0.026,0.503,0.73,0.731,0.892,object#35,,0,0,,,,3,"[{""name"": ""球L"", ""share"": 0.245, ""q"": 0.026, ""capture"": 0.503, ""miss_deg"": 1.76, ""labels"": [259]}, {""name"": ""苹果红"", ""share"": 0.179, ""q"": 0.019, ""capture"": 0.367, ""miss_deg"": 2.12, ""labels"": [260]}, {""name"": ""苹果粉"", ""share"": 0.242, ""q"": 0.026, ""capture"": 0.288, ""miss_deg"": 2.37, ""labels"": [64]}]"
2026_08_20/003,c4,v9,beyond_occ,cluster015,101.7,106.68,4.98,4.323,球L,259,0.263,0.031,0.594,0.532,0.532,0.881,object#35,,0,0,,,,3,"[{""name"": ""球L"", ""share"": 0.263, ""q"": 0.031, ""capture"": 0.594, ""miss_deg"": 1.53, ""labels"": [259]}, {""name"": ""苹果红"", ""share"": 0.14, ""q"": 0.017, ""capture"": 0.316, ""miss_deg"": 2.28, ""labels"": [260]}, {""name"": ""苹果粉"", ""share"": 0.211, ""q"": 0.025, ""capture"": 0.276, ""miss_deg"": 2.41, ""labels"": [64]}]"
2026_08_20/003,c4,v9,beyond_occ,cluster015,106.83,114.76,7.93,4.314,球L,259,0.28,0.021,0.396,0.503,0.504,0.925,物品台,,0,0,,,,3,"[{""name"": ""球L"", ""share"": 0.28, ""q"": 0.021, ""capture"": 0.396, ""miss_deg"": 2.04, ""labels"": [259]}, {""name"": ""苹果红"", ""share"": 0.141, ""q"": 0.01, ""capture"": 0.199, ""miss_deg"": 2.7, ""labels"": [260]}, {""name"": ""球R"", ""share"": 0.131, ""q"": 0.01, ""capture"": 0.185, ""miss_deg"": 2.75, ""labels"": [263]}]"
2026_08_20/003,c4,v9,beyond_occ,cluster015,114.9,122.65,7.75,4.322,球L,259,0.26,0.023,0.444,0.633,0.635,0.91,object#35,,0,0,,,,3,"[{""name"": ""球L"", ""share"": 0.26, ""q"": 0.023, ""capture"": 0.444, ""miss_deg"": 1.91, ""labels"": [259]}, {""name"": ""苹果红"", ""share"": 0.165, ""q"": 0.015, ""capture"": 0.281, ""miss_deg"": 2.39, ""labels"": [260]}, {""name"": ""苹果粉"", ""share"": 0.156, ""q"": 0.014, ""capture"": 0.154, ""miss_deg"": 2.9, ""labels"": [64]}]"
2026_08_20/003,c4,v9,beyond_occ,cluster015,122.95,125.46,2.51,4.305,球L,259,0.201,0.029,0.556,0.612,0.612,0.855,物品台,,0,0,,,,3,"[{""name"": ""球L"", ""share"": 0.201, ""q"": 0.029, ""capture"": 0.556, ""miss_deg"": 1.63, ""labels"": [259]}, {""name"": ""苹果红"", ""share"": 0.123, ""q"": 0.018, ""capture"": 0.34, ""miss_deg"": 2.2, ""labels"": [260]}, {""name"": ""球R"", ""share"": 0.12, ""q"": 0.017, ""capture"": 0.332, ""miss_deg"": 2.23, ""labels"": [263]}]"
2026_08_20/003,c4,v9,beyond_occ,cluster015,125.74,128.34,2.6,4.324,球L,259,0.197,0.027,0.512,0.725,0.726,0.863,物品台,,0,0,,,,3,"[{""name"": ""球L"", ""share"": 0.197, ""q"": 0.027, ""capture"": 0.512, ""miss_deg"": 1.74, ""labels"": [259]}, {""name"": ""苹果红"", ""share"": 0.143, ""q"": 0.02, ""capture"": 0.371, ""miss_deg"": 2.11, ""labels"": [260]}, {""name"": ""球R"", ""share"": 0.138, ""q"": 0.019, ""capture"": 0.359, ""miss_deg"": 2.15, ""labels"": [263]}]"
2026_08_20/003,c4,v9,beyond_occ,cluster015,129.44,129.71,0.27,3.016,,-1,0.0,0.0,,,,1.0,floor,,0,0,,,,0,[]
2026_08_20/003,c4,v9,beyond_occ,cluster015,130.42,130.69,0.27,2.817,,-1,0.0,0.0,,,,1.0,floor,,0,0,,,,0,[]
2026_08_20/003,c4,v9,beyond_occ,cluster015,130.75,131.23,0.49,2.636,,-1,0.0,0.0,,,,1.0,floor,,0,0,,,,0,[]
2026_08_20/003,c4,v9,beyond_occ,cluster015,134.02,134.61,0.6,0.856,,-1,0.0,0.0,,,,1.0,object#14,,0,0,,,,0,[]
2026_08_25/c1_1,c4,v9,beyond_occ,cluster015,2.99,3.28,0.28,2.442,,-1,0.0,0.0,,,,1.0,floor,,0,0,,,,0,[]
2026_08_25/c1_1,c4,v9,beyond_occ,cluster015,3.33,3.77,0.44,2.081,,-1,0.0,0.0,,,,1.0,floor,,0,0,,,,0,[]
2026_08_25/c1_1,c4,v9,beyond_occ,cluster015,3.99,4.53,0.54,2.005,,-1,0.0,0.0,,,,1.0,floor,,0,0,,,,0,[]
2026_08_25/c1_1,c4,v9,beyond_occ,cluster015,7.22,7.49,0.27,3.4,,-1,0.0,0.0,,,,1.0,object#22,,0,0,,,,0,[]
2026_08_25/c1_1,c4,v9,beyond_occ,cluster015,7.76,8.2,0.43,3.259,,-1,0.0,0.0,,,,1.0,object#35,,0,0,,,,0,[]
2026_08_25/c1_1,c4,v9,beyond_occ,cluster015,11.33,14.53,3.2,4.038,球L,259,0.552,0.018,0.344,0.439,0.44,0.967,object#24,,1,1,1,球L,1,3,"[{""name"": ""球L"", ""share"": 0.552, ""q"": 0.018, ""capture"": 0.344, ""miss_deg"": 2.19, ""labels"": [259]}, {""name"": ""球M"", ""share"": 0.243, ""q"": 0.008, ""capture"": 0.151, ""miss_deg"": 2.92, ""labels"": [261]}, {""name"": ""苹果红"", ""share"": 0.124, ""q"": 0.004, ""capture"": 0.065, ""miss_deg"": 3.5, ""labels"": [260]}]"
2026_08_25/c1_1,c4,v9,beyond_occ,cluster015,15.81,18.41,2.6,4.121,苹果粉,64,0.683,0.009,0.102,0.804,0.464,0.986,object#35,,0,0,,,,2,"[{""name"": ""苹果粉"", ""share"": 0.683, ""q"": 0.009, ""capture"": 0.102, ""miss_deg"": 3.2, ""labels"": [64]}, {""name"": ""球L"", ""share"": 0.317, ""q"": 0.004, ""capture"": 0.082, ""miss_deg"": 3.35, ""labels"": [259]}]"
2026_08_25/c1_1,c4,v9,beyond_occ,cluster015,18.58,23.78,5.2,4.114,球L,259,0.498,0.009,0.164,0.238,0.412,0.983,object#35,,0,0,,,,3,"[{""name"": ""球L"", ""share"": 0.498, ""q"": 0.009, ""capture"": 0.164, ""miss_deg"": 2.85, ""labels"": [259]}, {""name"": ""苹果粉"", ""share"": 0.205, ""q"": 0.004, ""capture"": 0.039, ""miss_deg"": 3.82, ""labels"": [64]}, {""name"": ""苹果红"", ""share"": 0.122, ""q"": 0.002, ""capture"": 0.034, ""miss_deg"": 3.9, ""labels"": [260]}]"
2026_08_25/c1_1,c4,v9,beyond_occ,cluster015,24.01,29.97,5.96,4.119,球L,259,0.512,0.009,0.178,0.657,0.658,0.982,object#24,,0,0,6,球L,1,3,"[{""name"": ""球L"", ""share"": 0.512, ""q"": 0.009, ""capture"": 0.178, ""miss_deg"": 2.79, ""labels"": [259]}, {""name"": ""球M"", ""share"": 0.337, ""q"": 0.006, ""capture"": 0.117, ""miss_deg"": 3.11, ""labels"": [261]}, {""name"": ""球R"", ""share"": 0.081, ""q"": 0.001, ""capture"": 0.028, ""miss_deg"": 4.01, ""labels"": [263]}]"
2026_08_25/c1_1,c4,v9,beyond_occ,cluster015,30.22,32.38,2.17,4.093,球L,259,0.631,0.007,0.134,0.448,0.45,0.989,object#24,,0,0,,,,3,"[{""name"": ""球L"", ""share"": 0.631, ""q"": 0.007, ""capture"": 0.134, ""miss_deg"": 3.01, ""labels"": [259]}, {""name"": ""球M"", ""share"": 0.284, ""q"": 0.003, ""capture"": 0.06, ""miss_deg"": 3.55, ""labels"": [261]}, {""name"": ""苹果红"", ""share"": 0.029, ""q"": 0.0, ""capture"": 0.005, ""miss_deg"": 4.86, ""labels"": [260]}]"
2026_08_25/c1_1,c4,v9,beyond_occ,cluster015,32.65,36.28,3.63,4.133,球L,259,0.314,0.012,0.237,0.996,1.0,0.96,object#24,,0,0,8,球L,1,3,"[{""name"": ""球L"", ""share"": 0.314, ""q"": 0.012, ""capture"": 0.237, ""miss_deg"": 2.55, ""labels"": [259]}, {""name"": ""球M"", ""share"": 0.314, ""q"": 0.012, ""capture"": 0.236, ""miss_deg"": 2.55, ""labels"": [261]}, {""name"": ""球R"", ""share"": 0.215, ""q"": 0.009, ""capture"": 0.161, ""miss_deg"": 2.86, ""labels"": [263]}]"
2026_08_25/c1_1,c4,v9,beyond_occ,cluster015,36.55,43.15,6.61,4.134,球L,259,0.531,0.013,0.243,0.523,0.522,0.976,object#24,,1,1,8,球L,1,3,"[{""name"": ""球L"", ""share"": 0.531, ""q"": 0.013, ""capture"": 0.243, ""miss_deg"": 2.52, ""labels"": [259]}, {""name"": ""球M"", ""share"": 0.277, ""q"": 0.007, ""capture"": 0.127, ""miss_deg"": 3.05, ""labels"": [261]}, {""name"": ""苹果红"", ""share"": 0.102, ""q"": 0.002, ""capture"": 0.039, ""miss_deg"": 3.81, ""labels"": [260]}]"
2026_08_25/c1_1,c4,v9,beyond_occ,cluster015,43.4,51.57,8.18,4.162,球L,259,0.364,0.025,0.474,0.559,0.56,0.931,object#35,,1,0,9,球L,1,3,"[{""name"": ""球L"", ""share"": 0.364, ""q"": 0.025, ""capture"": 0.474, ""miss_deg"": 1.83, ""labels"": [259]}, {""name"": ""球M"", ""share"": 0.204, ""q"": 0.014, ""capture"": 0.265, ""miss_deg"": 2.44, ""labels"": [261]}, {""name"": ""苹果红"", ""share"": 0.186, ""q"": 0.013, ""capture"": 0.204, ""miss_deg"": 2.67, ""labels"": [260]}]"
2026_08_25/c1_1,c4,v9,beyond_occ,cluster015,51.63,56.99,5.36,4.191,球L,259,0.419,0.019,0.361,0.388,0.668,0.955,object#35,,1,0,,,,3,"[{""name"": ""球L"", ""share"": 0.419, ""q"": 0.019, ""capture"": 0.361, ""miss_deg"": 2.14, ""labels"": [259]}, {""name"": ""苹果粉"", ""share"": 0.28, ""q"": 0.013, ""capture"": 0.14, ""miss_deg"": 2.98, ""labels"": [64]}, {""name"": ""苹果红"", ""share"": 0.186, ""q"": 0.008, ""capture"": 0.136, ""miss_deg"": 3.0, ""labels"": [260]}]"
2026_08_25/c1_1,c4,v9,beyond_occ,cluster015,57.24,57.89,0.65,4.191,球L,259,0.419,0.02,0.383,0.551,0.549,0.952,object#35,,1,0,,,,3,"[{""name"": ""球L"", ""share"": 0.419, ""q"": 0.02, ""capture"": 0.383, ""miss_deg"": 2.08, ""labels"": [259]}, {""name"": ""球M"", ""share"": 0.23, ""q"": 0.011, ""capture"": 0.211, ""miss_deg"": 2.65, ""labels"": [261]}, {""name"": ""苹果红"", ""share"": 0.163, ""q"": 0.008, ""capture"": 0.126, ""miss_deg"": 3.06, ""labels"": [260]}]"
2026_08_25/c1_1,c4,v9,beyond_occ,cluster015,57.94,60.27,2.33,4.202,球L,259,0.217,0.056,1.057,0.791,0.788,0.743,物品台,,0,0,,,,3,"[{""name"": ""球L"", ""share"": 0.217, ""q"": 0.056, ""capture"": 1.057, ""miss_deg"": 0.0, ""labels"": [259]}, {""name"": ""球M"", ""share"": 0.171, ""q"": 0.044, ""capture"": 0.836, ""miss_deg"": 0.9, ""labels"": [261]}, {""name"": ""球R"", ""share"": 0.107, ""q"": 0.028, ""capture"": 0.524, ""miss_deg"": 1.71, ""labels"": [263]}]"
2026_08_25/c1_1,c4,v9,beyond_occ,cluster015,60.49,64.99,4.5,4.168,球L,259,0.316,0.036,0.678,0.701,0.703,0.887,物品台,,0,0,,,,3,"[{""name"": ""球L"", ""share"": 0.316, ""q"": 0.036, ""capture"": 0.678, ""miss_deg"": 1.32, ""labels"": [259]}, {""name"": ""球M"", ""share"": 0.222, ""q"": 0.025, ""capture"": 0.475, ""miss_deg"": 1.83, ""labels"": [261]}, {""name"": ""球R"", ""share"": 0.12, ""q"": 0.014, ""capture"": 0.257, ""miss_deg"": 2.47, ""labels"": [263]}]"
2026_08_25/c1_1,c4,v9,beyond_occ,cluster015,66.46,66.95,0.49,4.162,球R,263,0.226,0.06,1.143,0.8,0.801,0.733,物品台,,0,0,,,,3,"[{""name"": ""球R"", ""share"": 0.226, ""q"": 0.06, ""capture"": 1.143, ""miss_deg"": 0.0, ""labels"": [263]}, {""name"": ""球M"", ""share"": 0.181, ""q"": 0.048, ""capture"": 0.914, ""miss_deg"": 0.64, ""labels"": [261]}, {""name"": ""球L"", ""share"": 0.144, ""q"": 0.038, ""capture"": 0.731, ""miss_deg"": 1.19, ""labels"": [259]}]"
2026_08_25/c1_1,c4,v9,beyond_occ,cluster015,67.2,67.58,0.38,3.188,,-1,0.0,0.0,,,,1.0,object#26,,0,0,,,,0,[]
2026_08_25/c1_1,c4,v9,beyond_occ,cluster015,67.91,68.5,0.6,3.134,,-1,0.0,0.0,,,,1.0,object#26,,0,0,,,,0,[]
2026_08_25/c1_1,c4,v9,beyond_occ,cluster015,68.94,69.43,0.49,4.165,球L,259,0.674,0.006,0.109,0.303,0.301,0.992,object#24,,0,0,,,,3,"[{""name"": ""球L"", ""share"": 0.674, ""q"": 0.006, ""capture"": 0.109, ""miss_deg"": 3.16, ""labels"": [259]}, {""name"": ""球M"", ""share"": 0.203, ""q"": 0.002, ""capture"": 0.033, ""miss_deg"": 3.92, ""labels"": [261]}, {""name"": ""苹果红"", ""share"": 0.091, ""q"": 0.001, ""capture"": 0.012, ""miss_deg"": 4.45, ""labels"": [260]}]"
2026_08_25/c1_1,c4,v9,beyond_occ,cluster015,69.49,77.56,8.07,4.172,球L,259,0.315,0.027,0.516,0.484,0.575,0.914,object#35,,0,0,,,,3,"[{""name"": ""球L"", ""share"": 0.315, ""q"": 0.027, ""capture"": 0.516, ""miss_deg"": 1.73, ""labels"": [259]}, {""name"": ""苹果红"", ""share"": 0.181, ""q"": 0.016, ""capture"": 0.25, ""miss_deg"": 2.5, ""labels"": [260]}, {""name"": ""球M"", ""share"": 0.15, ""q"": 0.013, ""capture"": 0.246, ""miss_deg"": 2.51, ""labels"": [261]}]"
2026_08_25/c1_1,c4,v9,beyond_occ,cluster015,77.61,80.11,2.49,4.169,球L,259,0.65,0.013,0.253,0.289,0.289,0.979,object#35,,1,1,,,,3,"[{""name"": ""球L"", ""share"": 0.65, ""q"": 0.013, ""capture"": 0.253, ""miss_deg"": 2.49, ""labels"": [259]}, {""name"": ""球M"", ""share"": 0.188, ""q"": 0.004, ""capture"": 0.073, ""miss_deg"": 3.43, ""labels"": [261]}, {""name"": ""苹果红"", ""share"": 0.142, ""q"": 0.003, ""capture"": 0.047, ""miss_deg"": 3.71, ""labels"": [260]}]"
2026_08_25/c1_1,c4,v9,beyond_occ,cluster015,80.33,86.5,6.17,4.184,球L,259,0.413,0.022,0.411,0.445,0.446,0.948,object#35,,1,0,,,,3,"[{""name"": ""球L"", ""share"": 0.413, ""q"": 0.022, ""capture"": 0.411, ""miss_deg"": 2.0, ""labels"": [259]}, {""name"": ""球M"", ""share"": 0.184, ""q"": 0.01, ""capture"": 0.183, ""miss_deg"": 2.76, ""labels"": [261]}, {""name"": ""苹果红"", ""share"": 0.188, ""q"": 0.01, ""capture"": 0.158, ""miss_deg"": 2.88, ""labels"": [260]}]"
2026_08_25/c1_1,c4,v9,beyond_occ,cluster015,86.74,93.51,6.77,4.177,球L,259,0.332,0.02,0.376,0.854,0.855,0.94,object#24,,0,0,10,球M,0,3,"[{""name"": ""球L"", ""share"": 0.332, ""q"": 0.02, ""capture"": 0.376, ""miss_deg"": 2.1, ""labels"": [259]}, {""name"": ""球M"", ""share"": 0.284, ""q"": 0.017, ""capture"": 0.321, ""miss_deg"": 2.26, ""labels"": [261]}, {""name"": ""球R"", ""share"": 0.191, ""q"": 0.011, ""capture"": 0.217, ""miss_deg"": 2.62, ""labels"": [263]}]"
2026_08_25/c1_1,c4,v9,beyond_occ,cluster015,93.61,97.89,4.28,4.179,球L,259,0.317,0.026,0.496,0.534,0.533,0.918,object#35,,0,0,11,球L,1,3,"[{""name"": ""球L"", ""share"": 0.317, ""q"": 0.026, ""capture"": 0.496, ""miss_deg"": 1.78, ""labels"": [259]}, {""name"": ""球M"", ""share"": 0.169, ""q"": 0.014, ""capture"": 0.265, ""miss_deg"": 2.45, ""labels"": [261]}, {""name"": ""苹果红"", ""share"": 0.16, ""q"": 0.013, ""capture"": 0.212, ""miss_deg"": 2.64, ""labels"": [260]}]"
2026_08_25/c1_1,c4,v9,beyond_occ,cluster015,98.18,100.51,2.33,4.178,球L,259,0.353,0.034,0.652,0.44,0.521,0.903,object#35,,1,0,11,球L,1,3,"[{""name"": ""球L"", ""share"": 0.353, ""q"": 0.034, ""capture"": 0.652, ""miss_deg"": 1.39, ""labels"": [259]}, {""name"": ""苹果红"", ""share"": 0.184, ""q"": 0.018, ""capture"": 0.287, ""miss_deg"": 2.37, ""labels"": [260]}, {""name"": ""球M"", ""share"": 0.155, ""q"": 0.015, ""capture"": 0.286, ""miss_deg"": 2.37, ""labels"": [261]}]"
2026_08_25/c1_1,c4,v9,beyond_occ,cluster015,100.73,105.98,5.25,4.178,球L,259,0.35,0.034,0.649,0.572,0.571,0.902,object#35,,1,0,11,球L,1,3,"[{""name"": ""球L"", ""share"": 0.35, ""q"": 0.034, ""capture"": 0.649, ""miss_deg"": 1.4, ""labels"": [259]}, {""name"": ""球M"", ""share"": 0.2, ""q"": 0.02, ""capture"": 0.371, ""miss_deg"": 2.11, ""labels"": [261]}, {""name"": ""苹果红"", ""share"": 0.145, ""q"": 0.014, ""capture"": 0.227, ""miss_deg"": 2.58, ""labels"": [260]}]"
2026_08_25/c1_1,c4,v9,beyond_occ,cluster015,106.29,107.32,1.03,4.177,球L,259,0.278,0.045,0.862,0.664,0.665,0.837,object#35,,0,0,11,球L,1,3,"[{""name"": ""球L"", ""share"": 0.278, ""q"": 0.045, ""capture"": 0.862, ""miss_deg"": 0.82, ""labels"": [259]}, {""name"": ""球M"", ""share"": 0.185, ""q"": 0.03, ""capture"": 0.572, ""miss_deg"": 1.59, ""labels"": [261]}, {""name"": ""苹果红"", ""share"": 0.136, ""q"": 0.022, ""capture"": 0.356, ""miss_deg"": 2.15, ""labels"": [260]}]"
2026_08_25/c1_1,c4,v9,beyond_occ,cluster015,107.62,112.55,4.93,4.191,球L,259,0.234,0.052,0.986,0.771,0.769,0.778,物品台,,0,0,12,球M,0,3,"[{""name"": ""球L"", ""share"": 0.234, ""q"": 0.052, ""capture"": 0.986, ""miss_deg"": 0.26, ""labels"": [259]}, {""name"": ""球M"", ""share"": 0.18, ""q"": 0.04, ""capture"": 0.76, ""miss_deg"": 1.11, ""labels"": [261]}, {""name"": ""球R"", ""share"": 0.156, ""q"": 0.035, ""capture"": 0.657, ""miss_deg"": 1.37, ""labels"": [263]}]"
2026_08_25/c1_1,c4,v9,beyond_occ,cluster015,112.72,114.78,2.06,4.198,球L,259,0.226,0.052,0.987,0.879,0.881,0.77,物品台,,0,0,12,球M,0,3,"[{""name"": ""球L"", ""share"": 0.226, ""q"": 0.052, ""capture"": 0.987, ""miss_deg"": 0.24, ""labels"": [259]}, {""name"": ""球M"", ""share"": 0.199, ""q"": 0.046, ""capture"": 0.868, ""miss_deg"": 0.8, ""labels"": [261]}, {""name"": ""球R"", ""share"": 0.115, ""q"": 0.027, ""capture"": 0.504, ""miss_deg"": 1.76, ""labels"": [263]}]"
2026_08_25/c1_1,c4,v9,beyond_occ,cluster015,115.07,121.35,6.28,4.157,球L,259,0.282,0.03,0.571,0.748,0.748,0.893,object#35,,0,0,,,,3,"[{""name"": ""球L"", ""share"": 0.282, ""q"": 0.03, ""capture"": 0.571, ""miss_deg"": 1.59, ""labels"": [259]}, {""name"": ""球M"", ""share"": 0.211, ""q"": 0.022, ""capture"": 0.427, ""miss_deg"": 1.96, ""labels"": [261]}, {""name"": ""苹果红"", ""share"": 0.144, ""q"": 0.015, ""capture"": 0.246, ""miss_deg"": 2.51, ""labels"": [260]}]"
2026_08_25/c1_1,c4,v9,beyond_occ,cluster015,121.63,127.21,5.58,4.186,球M,261,0.198,0.053,1.012,0.994,0.995,0.731,物品台,,0,0,14,球M,1,3,"[{""name"": ""球M"", ""share"": 0.198, ""q"": 0.053, ""capture"": 1.012, ""miss_deg"": 0.0, ""labels"": [261]}, {""name"": ""球L"", ""share"": 0.197, ""q"": 0.053, ""capture"": 1.006, ""miss_deg"": 0.0, ""labels"": [259]}, {""name"": ""球R"", ""share"": 0.115, ""q"": 0.031, ""capture"": 0.588, ""miss_deg"": 1.54, ""labels"": [263]}]"
2026_08_25/c1_1,c4,v9,beyond_occ,cluster015,128.45,129.0,0.54,1.99,,-1,0.0,0.0,,,,1.0,object#14,,0,0,,,,0,[]
2026_08_25/c1_1,c4,v9,beyond_occ,cluster015,129.11,129.43,0.32,1.8,纸箱子,73,1.0,0.006,0.006,0.0,0.0,0.994,object#79,,0,0,,,,1,"[{""name"": ""纸箱子"", ""share"": 1.0, ""q"": 0.006, ""capture"": 0.006, ""miss_deg"": 4.84, ""labels"": [73]}]"
2026_08_25/c1_1,c4,v9,beyond_occ,cluster015,129.49,130.79,1.3,1.192,,-1,0.0,0.0,,,,1.0,object#14,,0,0,,,,0,[]
2026_08_25/c1_1,c4,v9,beyond_occ,cluster015,131.0,131.33,0.32,0.678,,-1,0.0,0.0,,,,1.0,object#14,,0,0,,,,0,[]
2026_08_25/c1_2,c4,v9,,cluster015,4.48,4.76,0.27,5.705,水瓶,30,1.0,0.004,0.025,0.0,0.0,0.996,object#23,,0,0,,,,1,"[{""name"": ""水瓶"", ""share"": 1.0, ""q"": 0.004, ""capture"": 0.025, ""miss_deg"": 4.08, ""labels"": [30]}]"
2026_08_25/c1_2,c4,v9,,cluster015,5.92,8.68,2.76,4.222,球L,259,0.249,0.049,0.923,0.704,0.703,0.805,物品台,,0,0,,,,3,"[{""name"": ""球L"", ""share"": 0.249, ""q"": 0.049, ""capture"": 0.923, ""miss_deg"": 0.6, ""labels"": [259]}, {""name"": ""球M"", ""share"": 0.175, ""q"": 0.034, ""capture"": 0.65, ""miss_deg"": 1.39, ""labels"": [261]}, {""name"": ""苹果红"", ""share"": 0.135, ""q"": 0.026, ""capture"": 0.501, ""miss_deg"": 1.76, ""labels"": [260]}]"
2026_08_25/c1_2,c4,v9,,cluster015,8.95,9.28,0.32,3.518,,-1,0.0,0.0,,,,1.0,object#36,,0,0,,,,0,[]
2026_08_25/c1_2,c4,v9,,cluster015,9.33,10.36,1.03,3.353,,-1,0.0,0.0,,,,1.0,object#26,,0,0,,,,0,[]
2026_08_25/c1_2,c4,v9,,cluster015,10.41,10.68,0.27,3.433,,-1,0.0,0.0,,,,1.0,object#26,,0,0,,,,0,[]
2026_08_25/c1_2,c4,v9,,cluster015,11.17,12.31,1.14,4.244,球L,259,0.31,0.022,0.427,0.848,0.848,0.928,object#24,,0,0,,,,3,"[{""name"": ""球L"", ""share"": 0.31, ""q"": 0.022, ""capture"": 0.427, ""miss_deg"": 1.96, ""labels"": [259]}, {""name"": ""球M"", ""share"": 0.263, ""q"": 0.019, ""capture"": 0.362, ""miss_deg"": 2.14, ""labels"": [261]}, {""name"": ""球R"", ""share"": 0.154, ""q"": 0.011, ""capture"": 0.212, ""miss_deg"": 2.64, ""labels"": [263]}]"
2026_08_25/c1_2,c4,v9,,cluster015,12.68,14.91,2.22,4.246,球L,259,0.273,0.033,0.623,0.676,0.674,0.88,object#35,,0,0,,,,3,"[{""name"": ""球L"", ""share"": 0.273, ""q"": 0.033, ""capture"": 0.623, ""miss_deg"": 1.46, ""labels"": [259]}, {""name"": ""球M"", ""share"": 0.184, ""q"": 0.022, ""capture"": 0.421, ""miss_deg"": 1.97, ""labels"": [261]}, {""name"": ""苹果红"", ""share"": 0.164, ""q"": 0.02, ""capture"": 0.374, ""miss_deg"": 2.1, ""labels"": [260]}]"
2026_08_25/c1_2,c4,v9,,cluster015,15.2,22.78,7.58,4.229,球L,259,0.328,0.021,0.39,0.759,0.759,0.937,object#35,,0,0,1,球L,1,3,"[{""name"": ""球L"", ""share"": 0.328, ""q"": 0.021, ""capture"": 0.39, ""miss_deg"": 2.06, ""labels"": [259]}, {""name"": ""球M"", ""share"": 0.249, ""q"": 0.016, ""capture"": 0.296, ""miss_deg"": 2.34, ""labels"": [261]}, {""name"": ""苹果红"", ""share"": 0.172, ""q"": 0.011, ""capture"": 0.204, ""miss_deg"": 2.67, ""labels"": [260]}]"
2026_08_25/c1_2,c4,v9,,cluster015,23.16,29.61,6.45,4.271,球R,263,0.38,0.023,0.443,0.58,0.579,0.939,object#24,,1,0,2,球R,1,3,"[{""name"": ""球R"", ""share"": 0.38, ""q"": 0.023, ""capture"": 0.443, ""miss_deg"": 1.91, ""labels"": [263]}, {""name"": ""球M"", ""share"": 0.22, ""q"": 0.014, ""capture"": 0.257, ""miss_deg"": 2.47, ""labels"": [261]}, {""name"": ""球L"", ""share"": 0.08, ""q"": 0.005, ""capture"": 0.093, ""miss_deg"": 3.27, ""labels"": [259]}]"
2026_08_25/c1_2,c4,v9,,cluster015,30.04,36.43,6.39,4.287,球R,263,0.324,0.034,0.64,0.78,0.781,0.896,物品台,,0,0,3,球R,1,3,"[{""name"": ""球R"", ""share"": 0.324, ""q"": 0.034, ""capture"": 0.64, ""miss_deg"": 1.42, ""labels"": [263]}, {""name"": ""球M"", ""share"": 0.253, ""q"": 0.026, ""capture"": 0.499, ""miss_deg"": 1.77, ""labels"": [261]}, {""name"": ""球L"", ""share"": 0.113, ""q"": 0.012, ""capture"": 0.223, ""miss_deg"": 2.6, ""labels"": [259]}]"
2026_08_25/c1_2,c4,v9,,cluster015,36.72,43.32,6.61,4.251,球M,261,0.224,0.037,0.702,0.883,0.884,0.835,物品台,,0,0,4,球M,1,3,"[{""name"": ""球M"", ""share"": 0.224, ""q"": 0.037, ""capture"": 0.702, ""miss_deg"": 1.26, ""labels"": [261]}, {""name"": ""球L"", ""share"": 0.198, ""q"": 0.033, ""capture"": 0.62, ""miss_deg"": 1.47, ""labels"": [259]}, {""name"": ""球R"", ""share"": 0.164, ""q"": 0.027, ""capture"": 0.513, ""miss_deg"": 1.73, ""labels"": [263]}]"
2026_08_25/c1_2,c4,v9,,cluster015,43.87,49.99,6.12,4.25,球M,261,0.211,0.055,1.049,0.931,0.929,0.738,物品台,,0,0,5,球M,1,3,"[{""name"": ""球M"", ""share"": 0.211, ""q"": 0.055, ""capture"": 1.049, ""miss_deg"": 0.0, ""labels"": [261]}, {""name"": ""球L"", ""share"": 0.196, ""q"": 0.051, ""capture"": 0.977, ""miss_deg"": 0.32, ""labels"": [259]}, {""name"": ""球R"", ""share"": 0.129, ""q"": 0.034, ""capture"": 0.643, ""miss_deg"": 1.41, ""labels"": [263]}]"
2026_08_25/c1_2,c4,v9,,cluster015,50.25,56.64,6.39,4.242,球L,259,0.237,0.056,1.064,0.762,0.764,0.764,object#35,,0,0,6,球L,1,3,"[{""name"": ""球L"", ""share"": 0.237, ""q"": 0.056, ""capture"": 1.064, ""miss_deg"": 0.0, ""labels"": [259]}, {""name"": ""苹果红"", ""share"": 0.181, ""q"": 0.043, ""capture"": 0.811, ""miss_deg"": 0.97, ""labels"": [260]}, {""name"": ""球M"", ""share"": 0.121, ""q"": 0.029, ""capture"": 0.542, ""miss_deg"": 1.66, ""labels"": [261]}]"
2026_08_25/c1_2,c4,v9,,cluster015,56.88,62.78,5.9,4.263,球R,263,0.237,0.046,0.872,0.891,0.89,0.806,物品台,,0,0,7,球R,1,3,"[{""name"": ""球R"", ""share"": 0.237, ""q"": 0.046, ""capture"": 0.872, ""miss_deg"": 0.79, ""labels"": [263]}, {""name"": ""球M"", ""share"": 0.211, ""q"": 0.041, ""capture"": 0.777, ""miss_deg"": 1.07, ""labels"": [261]}, {""name"": ""球L"", ""share"": 0.153, ""q"": 0.03, ""capture"": 0.563, ""miss_deg"": 1.61, ""labels"": [259]}]"
2026_08_25/c1_2,c4,v9,,cluster015,63.64,65.21,1.57,3.307,,-1,0.0,0.0,,,,1.0,object#26,,0,0,,,,0,[]
2026_08_25/c1_2,c4,v9,,cluster015,65.48,67.76,2.27,3.373,,-1,0.0,0.0,,,,1.0,object#26,,0,0,,,,0,[]
2026_08_25/c1_2,c4,v9,,cluster015,68.08,68.68,0.6,3.356,,-1,0.0,0.0,,,,1.0,object#26,,0,0,,,,0,[]
2026_08_25/c1_2,c4,v9,,cluster015,68.79,69.33,0.54,3.356,,-1,0.0,0.0,,,,1.0,object#26,,0,0,,,,0,[]
2026_08_25/c1_2,c4,v9,,cluster015,69.73,71.19,1.46,4.261,球L,259,0.261,0.03,0.571,0.851,0.854,0.885,物品台,,0,0,,,,3,"[{""name"": ""球L"", ""share"": 0.261, ""q"": 0.03, ""capture"": 0.571, ""miss_deg"": 1.59, ""labels"": [259]}, {""name"": ""球M"", ""share"": 0.223, ""q"": 0.026, ""capture"": 0.486, ""miss_deg"": 1.8, ""labels"": [261]}, {""name"": ""球R"", ""share"": 0.156, ""q"": 0.018, ""capture"": 0.341, ""miss_deg"": 2.2, ""labels"": [263]}]"
2026_08_25/c1_2,c4,v9,,cluster015,71.48,71.86,0.38,4.257,球L,259,0.356,0.01,0.189,0.968,0.972,0.972,object#24,,0,0,,,,3,"[{""name"": ""球L"", ""share"": 0.356, ""q"": 0.01, ""capture"": 0.189, ""miss_deg"": 2.74, ""labels"": [259]}, {""name"": ""球M"", ""share"": 0.346, ""q"": 0.01, ""capture"": 0.183, ""miss_deg"": 2.76, ""labels"": [261]}, {""name"": ""球R"", ""share"": 0.156, ""q"": 0.004, ""capture"": 0.083, ""miss_deg"": 3.35, ""labels"": [263]}]"
2026_08_25/c1_2,c4,v9,,cluster015,71.91,78.79,6.88,4.256,球L,259,0.308,0.024,0.447,0.732,0.734,0.924,object#24,,0,0,8,球L,1,3,"[{""name"": ""球L"", ""share"": 0.308, ""q"": 0.024, ""capture"": 0.447, ""miss_deg"": 1.9, ""labels"": [259]}, {""name"": ""球M"", ""share"": 0.226, ""q"": 0.017, ""capture"": 0.327, ""miss_deg"": 2.24, ""labels"": [261]}, {""name"": ""苹果红"", ""share"": 0.13, ""q"": 0.01, ""capture"": 0.189, ""miss_deg"": 2.74, ""labels"": [260]}]"
2026_08_25/c1_2,c4,v9,,cluster015,79.06,85.61,6.55,4.265,球L,259,0.273,0.028,0.539,0.874,0.872,0.896,object#24,,0,0,9,球L,1,3,"[{""name"": ""球L"", ""share"": 0.273, ""q"": 0.028, ""capture"": 0.539, ""miss_deg"": 1.67, ""labels"": [259]}, {""name"": ""球M"", ""share"": 0.238, ""q"": 0.025, ""capture"": 0.471, ""miss_deg"": 1.84, ""labels"": [261]}, {""name"": ""球R"", ""share"": 0.149, ""q"": 0.015, ""capture"": 0.294, ""miss_deg"": 2.35, ""labels"": [263]}]"
2026_08_25/c1_2,c4,v9,,cluster015,85.89,94.18,8.29,4.261,球M,261,0.257,0.026,0.496,0.821,0.821,0.898,object#24,,0,0,10,球M,1,3,"[{""name"": ""球M"", ""share"": 0.257, ""q"": 0.026, ""capture"": 0.496, ""miss_deg"": 1.78, ""labels"": [261]}, {""name"": ""球R"", ""share"": 0.211, ""q"": 0.021, ""capture"": 0.407, ""miss_deg"": 2.01, ""labels"": [263]}, {""name"": ""球L"", ""share"": 0.202, ""q"": 0.021, ""capture"": 0.39, ""miss_deg"": 2.06, ""labels"": [259]}]"
2026_08_25/c1_2,c4,v9,,cluster015,94.4,99.87,5.47,4.223,球L,259,0.221,0.052,0.985,0.774,0.774,0.765,物品台,,0,0,11,球L,1,3,"[{""name"": ""球L"", ""share"": 0.221, ""q"": 0.052, ""capture"": 0.985, ""miss_deg"": 0.26, ""labels"": [259]}, {""name"": ""球M"", ""share"": 0.171, ""q"": 0.04, ""capture"": 0.762, ""miss_deg"": 1.11, ""labels"": [261]}, {""name"": ""苹果红"", ""share"": 0.161, ""q"": 0.038, ""capture"": 0.719, ""miss_deg"": 1.22, ""labels"": [260]}]"
2026_08_25/c1_2,c4,v9,,cluster015,100.18,106.41,6.23,4.255,球L,259,0.214,0.054,1.033,0.922,0.921,0.745,物品台,,0,0,12,球M,0,3,"[{""name"": ""球L"", ""share"": 0.214, ""q"": 0.054, ""capture"": 1.033, ""miss_deg"": 0.0, ""labels"": [259]}, {""name"": ""球M"", ""share"": 0.197, ""q"": 0.05, ""capture"": 0.952, ""miss_deg"": 0.47, ""labels"": [261]}, {""name"": ""球R"", ""share"": 0.125, ""q"": 0.032, ""capture"": 0.603, ""miss_deg"": 1.51, ""labels"": [263]}]"
2026_08_25/c1_2,c4,v9,,cluster015,106.59,113.04,6.45,4.261,球R,263,0.254,0.031,0.587,0.961,0.965,0.878,物品台,,0,0,13,球R,1,3,"[{""name"": ""球R"", ""share"": 0.254, ""q"": 0.031, ""capture"": 0.587, ""miss_deg"": 1.55, ""labels"": [263]}, {""name"": ""球M"", ""share"": 0.245, ""q"": 0.03, ""capture"": 0.564, ""miss_deg"": 1.6, ""labels"": [261]}, {""name"": ""球L"", ""share"": 0.142, ""q"": 0.017, ""capture"": 0.328, ""miss_deg"": 2.24, ""labels"": [259]}]"
2026_08_25/c1_2,c4,v9,,cluster015,113.25,115.26,2.0,4.245,球M,261,0.207,0.05,0.945,0.931,0.932,0.759,物品台,,0,0,,,,3,"[{""name"": ""球M"", ""share"": 0.207, ""q"": 0.05, ""capture"": 0.945, ""miss_deg"": 0.51, ""labels"": [261]}, {""name"": ""球L"", ""share"": 0.193, ""q"": 0.046, ""capture"": 0.88, ""miss_deg"": 0.76, ""labels"": [259]}, {""name"": ""球R"", ""share"": 0.162, ""q"": 0.039, ""capture"": 0.743, ""miss_deg"": 1.16, ""labels"": [263]}]"
2026_08_25/c1_2,c4,v9,,cluster015,115.45,116.7,1.25,4.258,球M,261,0.206,0.039,0.733,0.952,0.951,0.812,物品台,,0,0,14,球M,1,3,"[{""name"": ""球M"", ""share"": 0.206, ""q"": 0.039, ""capture"": 0.733, ""miss_deg"": 1.18, ""labels"": [261]}, {""name"": ""球L"", ""share"": 0.196, ""q"": 0.037, ""capture"": 0.698, ""miss_deg"": 1.27, ""labels"": [259]}, {""name"": ""球R"", ""share"": 0.187, ""q"": 0.035, ""capture"": 0.668, ""miss_deg"": 1.35, ""labels"": [263]}]"
2026_08_25/c1_2,c4,v9,,cluster015,116.87,120.66,3.79,4.259,球M,261,0.216,0.043,0.812,0.924,0.921,0.802,物品台,,0,0,14,球M,1,3,"[{""name"": ""球M"", ""share"": 0.216, ""q"": 0.043, ""capture"": 0.812, ""miss_deg"": 0.97, ""labels"": [261]}, {""name"": ""球L"", ""share"": 0.199, ""q"": 0.039, ""capture"": 0.75, ""miss_deg"": 1.14, ""labels"": [259]}, {""name"": ""球R"", ""share"": 0.154, ""q"": 0.031, ""capture"": 0.582, ""miss_deg"": 1.56, ""labels"": [263]}]"
2026_08_25/c1_2,c4,v9,,cluster015,120.85,126.21,5.36,4.265,球R,263,0.249,0.045,0.853,0.878,0.876,0.819,物品台,,0,0,15,球R,1,3,"[{""name"": ""球R"", ""share"": 0.249, ""q"": 0.045, ""capture"": 0.853, ""miss_deg"": 0.85, ""labels"": [263]}, {""name"": ""球M"", ""share"": 0.218, ""q"": 0.039, ""capture"": 0.749, ""miss_deg"": 1.14, ""labels"": [261]}, {""name"": ""球L"", ""share"": 0.154, ""q"": 0.028, ""capture"": 0.529, ""miss_deg"": 1.69, ""labels"": [259]}]"
2026_08_25/c1_2,c4,v9,,cluster015,127.8,128.83,1.03,2.109,,-1,0.0,0.0,,,,1.0,object#14,,0,0,,,,0,[]
2026_08_25/c1_2,c4,v9,,cluster015,129.1,130.02,0.92,1.552,,-1,0.0,0.0,,,,1.0,object#14,,0,0,,,,0,[]
2026_08_25/c1_2,c4,v9,,cluster015,130.19,130.73,0.54,1.418,,-1,0.0,0.0,,,,1.0,object#26,,0,0,,,,0,[]
2026_08_25/c1_2,c4,v9,,cluster015,131.42,132.45,1.03,0.781,,-1,0.0,0.0,,,,1.0,object#14,,0,0,,,,0,[]
2026_08_25/c1_3,c4,v9,,cluster015,3.59,3.99,0.41,1.565,,-1,0.0,0.0,,,,1.0,object#16,,0,0,,,,0,[]
2026_08_25/c1_3,c4,v9,,cluster015,5.93,7.06,1.14,3.7,球M,261,0.227,0.064,1.223,0.895,0.894,0.717,物品台,,0,0,,,,3,"[{""name"": ""球M"", ""share"": 0.227, ""q"": 0.064, ""capture"": 1.223, ""miss_deg"": 0.0, ""labels"": [261]}, {""name"": ""球L"", ""share"": 0.203, ""q"": 0.058, ""capture"": 1.095, ""miss_deg"": 0.0, ""labels"": [259]}, {""name"": ""球R"", ""share"": 0.161, ""q"": 0.046, ""capture"": 0.868, ""miss_deg"": 0.8, ""labels"": [263]}]"
2026_08_25/c1_3,c4,v9,,cluster015,7.54,8.14,0.6,2.905,,-1,0.0,0.0,,,,1.0,object#26,,0,0,,,,0,[]
2026_08_25/c1_3,c4,v9,,cluster015,8.41,9.6,1.19,2.902,,-1,0.0,0.0,,,,1.0,object#26,,0,0,,,,0,[]
2026_08_25/c1_3,c4,v9,,cluster015,9.96,10.45,0.49,5.226,,-1,0.0,0.0,,,,1.0,object#15,,0,0,,,,0,[]
2026_08_25/c1_3,c4,v9,,cluster015,10.56,11.26,0.7,6.666,,-1,0.0,0.0,,,,1.0,object#161,,0,0,,,,0,[]
2026_08_25/c1_3,c4,v9,,cluster015,11.42,11.92,0.5,5.276,,-1,0.0,0.0,,,,1.0,object#15,,0,0,,,,0,[]
2026_08_25/c1_3,c4,v9,,cluster015,12.28,14.23,1.95,2.923,,-1,0.0,0.0,,,,1.0,object#26,,0,0,,,,0,[]
2026_08_25/c1_3,c4,v9,,cluster015,14.54,14.79,0.25,3.83,球R,263,0.406,0.049,0.932,0.532,0.532,0.879,物品台,,1,0,1,球L,0,3,"[{""name"": ""球R"", ""share"": 0.406, ""q"": 0.049, ""capture"": 0.932, ""miss_deg"": 0.56, ""labels"": [263]}, {""name"": ""球M"", ""share"": 0.216, ""q"": 0.026, ""capture"": 0.496, ""miss_deg"": 1.78, ""labels"": [261]}, {""name"": ""白杯2"", ""share"": 0.167, ""q"": 0.02, ""capture"": 0.184, ""miss_deg"": 2.76, ""labels"": [267]}]"
2026_08_25/c1_3,c4,v9,,cluster015,14.84,15.84,1.0,3.732,球L,259,0.344,0.069,1.306,0.518,0.517,0.8,物品台,,0,0,1,球L,1,3,"[{""name"": ""球L"", ""share"": 0.344, ""q"": 0.069, ""capture"": 1.306, ""miss_deg"": 0.0, ""labels"": [259]}, {""name"": ""球M"", ""share"": 0.178, ""q"": 0.036, ""capture"": 0.676, ""miss_deg"": 1.33, ""labels"": [261]}, {""name"": ""苹果红"", ""share"": 0.161, ""q"": 0.032, ""capture"": 0.352, ""miss_deg"": 2.17, ""labels"": [260]}]"
2026_08_25/c1_3,c4,v9,,cluster015,16.0,17.45,1.45,3.725,球L,259,0.417,0.044,0.828,0.471,0.472,0.895,object#35,,1,0,1,球L,1,3,"[{""name"": ""球L"", ""share"": 0.417, ""q"": 0.044, ""capture"": 0.828, ""miss_deg"": 0.92, ""labels"": [259]}, {""name"": ""球M"", ""share"": 0.197, ""q"": 0.021, ""capture"": 0.39, ""miss_deg"": 2.06, ""labels"": [261]}, {""name"": ""苹果红"", ""share"": 0.166, ""q"": 0.017, ""capture"": 0.19, ""miss_deg"": 2.73, ""labels"": [260]}]"
2026_08_25/c1_3,c4,v9,,cluster015,17.5,17.75,0.25,3.544,球L,259,0.496,0.024,0.388,0.392,0.331,0.951,object#35,,1,0,1,球L,1,3,"[{""name"": ""球L"", ""share"": 0.496, ""q"": 0.024, ""capture"": 0.388, ""miss_deg"": 2.06, ""labels"": [259]}, {""name"": ""球M"", ""share"": 0.164, ""q"": 0.008, ""capture"": 0.152, ""miss_deg"": 2.91, ""labels"": [261]}, {""name"": ""苹果红"", ""share"": 0.179, ""q"": 0.009, ""capture"": 0.096, ""miss_deg"": 3.25, ""labels"": [260]}]"
2026_08_25/c1_3,c4,v9,,cluster015,18.05,18.35,0.3,3.519,球L,259,0.398,0.025,0.408,0.392,0.332,0.936,object#35,,1,0,1,球L,1,3,"[{""name"": ""球L"", ""share"": 0.398, ""q"": 0.025, ""capture"": 0.408, ""miss_deg"": 2.01, ""labels"": [259]}, {""name"": ""球M"", ""share"": 0.132, ""q"": 0.008, ""capture"": 0.16, ""miss_deg"": 2.87, ""labels"": [261]}, {""name"": ""苹果红"", ""share"": 0.224, ""q"": 0.014, ""capture"": 0.157, ""miss_deg"": 2.89, ""labels"": [260]}]"
2026_08_25/c1_3,c4,v9,,cluster015,18.4,18.8,0.4,3.726,球L,259,0.336,0.031,0.59,0.892,0.89,0.907,物品台,,0,0,1,球L,1,3,"[{""name"": ""球L"", ""share"": 0.336, ""q"": 0.031, ""capture"": 0.59, ""miss_deg"": 1.54, ""labels"": [259]}, {""name"": ""球M"", ""share"": 0.299, ""q"": 0.028, ""capture"": 0.526, ""miss_deg"": 1.7, ""labels"": [261]}, {""name"": ""球R"", ""share"": 0.099, ""q"": 0.009, ""capture"": 0.173, ""miss_deg"": 2.81, ""labels"": [263]}]"
2026_08_25/c1_3,c4,v9,,cluster015,19.1,23.2,4.1,3.732,球L,259,0.328,0.051,0.978,0.557,0.558,0.843,物品台,,0,0,1,球L,1,3,"[{""name"": ""球L"", ""share"": 0.328, ""q"": 0.051, ""capture"": 0.978, ""miss_deg"": 0.32, ""labels"": [259]}, {""name"": ""球M"", ""share"": 0.183, ""q"": 0.029, ""capture"": 0.545, ""miss_deg"": 1.65, ""labels"": [261]}, {""name"": ""苹果红"", ""share"": 0.179, ""q"": 0.028, ""capture"": 0.308, ""miss_deg"": 2.3, ""labels"": [260]}]"
2026_08_25/c1_3,c4,v9,,cluster015,23.3,23.8,0.5,3.717,球L,259,0.449,0.028,0.537,0.456,0.457,0.937,object#35,,1,0,1,球L,1,3,"[{""name"": ""球L"", ""share"": 0.449, ""q"": 0.028, ""capture"": 0.537, ""miss_deg"": 1.67, ""labels"": [259]}, {""name"": ""球M"", ""share"": 0.205, ""q"": 0.013, ""capture"": 0.245, ""miss_deg"": 2.52, ""labels"": [261]}, {""name"": ""苹果红"", ""share"": 0.183, ""q"": 0.012, ""capture"": 0.127, ""miss_deg"": 3.05, ""labels"": [260]}]"
2026_08_25/c1_3,c4,v9,,cluster015,24.06,31.01,6.95,3.751,球M,261,0.25,0.047,0.886,0.989,0.988,0.814,物品台,,0,0,4,球M,1,3,"[{""name"": ""球M"", ""share"": 0.25, ""q"": 0.047, ""capture"": 0.886, ""miss_deg"": 0.74, ""labels"": [261]}, {""name"": ""球R"", ""share"": 0.247, ""q"": 0.046, ""capture"": 0.876, ""miss_deg"": 0.77, ""labels"": [263]}, {""name"": ""球L"", ""share"": 0.175, ""q"": 0.033, ""capture"": 0.621, ""miss_deg"": 1.46, ""labels"": [259]}]"
2026_08_25/c1_3,c4,v9,,cluster015,31.27,32.77,1.5,3.739,球R,263,0.243,0.056,1.063,0.946,0.947,0.77,物品台,,0,0,4,球M,0,3,"[{""name"": ""球R"", ""share"": 0.243, ""q"": 0.056, ""capture"": 1.063, ""miss_deg"": 0.0, ""labels"": [263]}, {""name"": ""球M"", ""share"": 0.23, ""q"": 0.053, ""capture"": 1.006, ""miss_deg"": 0.0, ""labels"": [261]}, {""name"": ""球L"", ""share"": 0.151, ""q"": 0.035, ""capture"": 0.662, ""miss_deg"": 1.36, ""labels"": [259]}]"
2026_08_25/c1_3,c4,v9,,cluster015,32.95,37.45,4.5,3.731,球L,259,0.211,0.066,1.262,0.977,0.976,0.686,物品台,,0,0,4,球M,0,3,"[{""name"": ""球L"", ""share"": 0.211, ""q"": 0.066, ""capture"": 1.262, ""miss_deg"": 0.0, ""labels"": [259]}, {""name"": ""球M"", ""share"": 0.206, ""q"": 0.065, ""capture"": 1.233, ""miss_deg"": 0.0, ""labels"": [261]}, {""name"": ""球R"", ""share"": 0.153, ""q"": 0.048, ""capture"": 0.916, ""miss_deg"": 0.63, ""labels"": [263]}]"
2026_08_25/c1_3,c4,v9,,cluster015,37.62,51.03,13.4,3.728,球M,261,0.233,0.054,1.033,0.955,0.953,0.766,物品台,,0,0,10,球M,1,3,"[{""name"": ""球M"", ""share"": 0.233, ""q"": 0.054, ""capture"": 1.033, ""miss_deg"": 0.0, ""labels"": [261]}, {""name"": ""球L"", ""share"": 0.222, ""q"": 0.052, ""capture"": 0.986, ""miss_deg"": 0.25, ""labels"": [259]}, {""name"": ""球R"", ""share"": 0.152, ""q"": 0.036, ""capture"": 0.675, ""miss_deg"": 1.33, ""labels"": [263]}]"
2026_08_25/c1_3,c4,v9,,cluster015,51.28,57.63,6.35,3.709,球L,259,0.27,0.075,1.415,0.661,0.659,0.724,物品台,,0,0,11,球L,1,3,"[{""name"": ""球L"", ""share"": 0.27, ""q"": 0.075, ""capture"": 1.415, ""miss_deg"": 0.0, ""labels"": [259]}, {""name"": ""球M"", ""share"": 0.178, ""q"": 0.049, ""capture"": 0.935, ""miss_deg"": 0.55, ""labels"": [261]}, {""name"": ""苹果红"", ""share"": 0.163, ""q"": 0.045, ""capture"": 0.494, ""miss_deg"": 1.78, ""labels"": [260]}]"
2026_08_25/c1_3,c4,v9,,cluster015,57.87,63.57,5.7,3.735,球R,263,0.309,0.077,1.457,0.739,0.738,0.751,物品台,,0,0,13,球R,1,3,"[{""name"": ""球R"", ""share"": 0.309, ""q"": 0.077, ""capture"": 1.457, ""miss_deg"": 0.0, ""labels"": [263]}, {""name"": ""球M"", ""share"": 0.228, ""q"": 0.057, ""capture"": 1.076, ""miss_deg"": 0.0, ""labels"": [261]}, {""name"": ""球L"", ""share"": 0.109, ""q"": 0.027, ""capture"": 0.513, ""miss_deg"": 1.73, ""labels"": [259]}]"
2026_08_25/c1_3,c4,v9,,cluster015,63.92,64.27,0.35,2.987,,-1,0.0,0.0,,,,1.0,object#26,,0,0,,,,0,[]
2026_08_25/c1_3,c4,v9,,cluster015,64.32,65.62,1.3,2.846,,-1,0.0,0.0,,,,1.0,object#26,,0,0,,,,0,[]
2026_08_25/c1_3,c4,v9,,cluster015,65.67,66.02,0.35,2.364,,-1,0.0,0.0,,,,1.0,object#26,,0,0,,,,0,[]
2026_08_25/c1_3,c4,v9,,cluster015,66.07,67.02,0.95,2.826,,-1,0.0,0.0,,,,1.0,object#26,,0,0,,,,0,[]
2026_08_25/c1_3,c4,v9,,cluster015,67.55,68.85,1.3,2.836,,-1,0.0,0.0,,,,1.0,object#26,,0,0,,,,0,[]
2026_08_25/c1_3,c4,v9,,cluster015,69.15,70.25,1.1,2.866,,-1,0.0,0.0,,,,1.0,object#26,,0,0,,,,0,[]
2026_08_25/c1_3,c4,v9,,cluster015,71.03,72.08,1.05,3.708,球L,259,0.25,0.072,1.368,0.704,0.704,0.712,物品台,,0,0,,,,3,"[{""name"": ""球L"", ""share"": 0.25, ""q"": 0.072, ""capture"": 1.368, ""miss_deg"": 0.0, ""labels"": [259]}, {""name"": ""球M"", ""share"": 0.176, ""q"": 0.051, ""capture"": 0.963, ""miss_deg"": 0.41, ""labels"": [261]}, {""name"": ""球R"", ""share"": 0.086, ""q"": 0.025, ""capture"": 0.467, ""miss_deg"": 1.85, ""labels"": [263]}]"
2026_08_25/c1_3,c4,v9,,cluster015,72.13,72.38,0.25,3.505,球L,259,0.283,0.033,0.533,0.598,1.141,0.883,object#35,,0,0,,,,3,"[{""name"": ""球L"", ""share"": 0.283, ""q"": 0.033, ""capture"": 0.533, ""miss_deg"": 1.68, ""labels"": [259]}, {""name"": ""苹果粉"", ""share"": 0.323, ""q"": 0.038, ""capture"": 0.319, ""miss_deg"": 2.27, ""labels"": [64]}, {""name"": ""苹果红"", ""share"": 0.235, ""q"": 0.028, ""capture"": 0.303, ""miss_deg"": 2.32, ""labels"": [260]}]"
2026_08_25/c1_3,c4,v9,,cluster015,72.43,72.88,0.45,3.728,球L,259,0.323,0.047,0.891,0.709,0.709,0.855,物品台,,0,0,,,,3,"[{""name"": ""球L"", ""share"": 0.323, ""q"": 0.047, ""capture"": 0.891, ""miss_deg"": 0.72, ""labels"": [259]}, {""name"": ""球M"", ""share"": 0.229, ""q"": 0.033, ""capture"": 0.632, ""miss_deg"": 1.44, ""labels"": [261]}, {""name"": ""球R"", ""share"": 0.097, ""q"": 0.014, ""capture"": 0.267, ""miss_deg"": 2.44, ""labels"": [263]}]"
2026_08_25/c1_3,c4,v9,,cluster015,73.03,73.28,0.25,3.508,球L,259,0.257,0.032,0.508,0.77,1.467,0.877,object#35,,0,0,,,,3,"[{""name"": ""球L"", ""share"": 0.257, ""q"": 0.032, ""capture"": 0.508, ""miss_deg"": 1.74, ""labels"": [259]}, {""name"": ""苹果粉"", ""share"": 0.377, ""q"": 0.046, ""capture"": 0.391, ""miss_deg"": 2.05, ""labels"": [64]}, {""name"": ""苹果红"", ""share"": 0.246, ""q"": 0.03, ""capture"": 0.333, ""miss_deg"": 2.22, ""labels"": [260]}]"
2026_08_25/c1_3,c4,v9,,cluster015,73.33,75.23,1.9,3.729,球L,259,0.309,0.045,0.863,0.444,0.764,0.853,object#35,,0,0,,,,3,"[{""name"": ""球L"", ""share"": 0.309, ""q"": 0.045, ""capture"": 0.863, ""miss_deg"": 0.81, ""labels"": [259]}, {""name"": ""苹果红"", ""share"": 0.236, ""q"": 0.035, ""capture"": 0.383, ""miss_deg"": 2.08, ""labels"": [260]}, {""name"": ""球M"", ""share"": 0.133, ""q"": 0.02, ""capture"": 0.372, ""miss_deg"": 2.11, ""labels"": [261]}]"
2026_08_25/c1_3,c4,v9,,cluster015,75.43,79.53,4.1,3.739,球L,259,0.27,0.063,1.205,0.451,0.781,0.765,object#35,,0,0,,,,3,"[{""name"": ""球L"", ""share"": 0.27, ""q"": 0.063, ""capture"": 1.205, ""miss_deg"": 0.0, ""labels"": [259]}, {""name"": ""苹果红"", ""share"": 0.211, ""q"": 0.05, ""capture"": 0.544, ""miss_deg"": 1.66, ""labels"": [260]}, {""name"": ""球M"", ""share"": 0.102, ""q"": 0.024, ""capture"": 0.452, ""miss_deg"": 1.89, ""labels"": [261]}]"
2026_08_25/c1_3,c4,v9,,cluster015,79.8,86.45,6.65,3.751,球L,259,0.235,0.068,1.29,0.557,0.962,0.711,object#35,,0,0,,,,3,"[{""name"": ""球L"", ""share"": 0.235, ""q"": 0.068, ""capture"": 1.29, ""miss_deg"": 0.0, ""labels"": [259]}, {""name"": ""苹果红"", ""share"": 0.226, ""q"": 0.065, ""capture"": 0.719, ""miss_deg"": 1.22, ""labels"": [260]}, {""name"": ""球M"", ""share"": 0.108, ""q"": 0.031, ""capture"": 0.594, ""miss_deg"": 1.53, ""labels"": [261]}]"
2026_08_25/c1_3,c4,v9,,cluster015,86.68,93.48,6.8,3.738,球L,259,0.199,0.079,1.502,0.799,0.799,0.603,物品台,,0,0,,,,3,"[{""name"": ""球L"", ""share"": 0.199, ""q"": 0.079, ""capture"": 1.502, ""miss_deg"": 0.0, ""labels"": [259]}, {""name"": ""球M"", ""share"": 0.159, ""q"": 0.063, ""capture"": 1.2, ""miss_deg"": 0.0, ""labels"": [261]}, {""name"": ""苹果红"", ""share"": 0.165, ""q"": 0.065, ""capture"": 0.718, ""miss_deg"": 1.22, ""labels"": [260]}]"
2026_08_25/c1_3,c4,v9,,cluster015,93.76,100.46,6.7,3.734,球L,259,0.206,0.08,1.524,0.635,1.102,0.611,物品台,,0,0,,,,3,"[{""name"": ""球L"", ""share"": 0.206, ""q"": 0.08, ""capture"": 1.524, ""miss_deg"": 0.0, ""labels"": [259]}, {""name"": ""苹果红"", ""share"": 0.227, ""q"": 0.088, ""capture"": 0.968, ""miss_deg"": 0.38, ""labels"": [260]}, {""name"": ""苹果粉"", ""share"": 0.176, ""q"": 0.069, ""capture"": 0.626, ""miss_deg"": 1.45, ""labels"": [64]}]"
2026_08_25/c1_3,c4,v9,,cluster015,100.73,107.53,6.8,3.738,球L,259,0.226,0.09,1.706,0.696,0.695,0.603,物品台,,0,0,,,,3,"[{""name"": ""球L"", ""share"": 0.226, ""q"": 0.09, ""capture"": 1.706, ""miss_deg"": 0.0, ""labels"": [259]}, {""name"": ""球M"", ""share"": 0.157, ""q"": 0.062, ""capture"": 1.187, ""miss_deg"": 0.0, ""labels"": [261]}, {""name"": ""球R"", ""share"": 0.083, ""q"": 0.033, ""capture"": 0.623, ""miss_deg"": 1.46, ""labels"": [263]}]"
2026_08_25/c1_3,c4,v9,,cluster015,107.82,113.78,5.96,3.718,球M,261,0.16,0.08,1.527,0.941,0.938,0.496,物品台,,0,0,14,球M,1,3,"[{""name"": ""球M"", ""share"": 0.16, ""q"": 0.08, ""capture"": 1.527, ""miss_deg"": 0.0, ""labels"": [261]}, {""name"": ""球L"", ""share"": 0.15, ""q"": 0.076, ""capture"": 1.437, ""miss_deg"": 0.0, ""labels"": [259]}, {""name"": ""球R"", ""share"": 0.114, ""q"": 0.058, ""capture"": 1.095, ""miss_deg"": 0.0, ""labels"": [263]}]"
2026_08_25/c1_3,c4,v9,,cluster015,114.0,125.25,11.25,3.707,球L,259,0.183,0.074,1.41,0.973,0.973,0.594,物品台,,0,0,15,球R,0,3,"[{""name"": ""球L"", ""share"": 0.183, ""q"": 0.074, ""capture"": 1.41, ""miss_deg"": 0.0, ""labels"": [259]}, {""name"": ""球M"", ""share"": 0.178, ""q"": 0.072, ""capture"": 1.372, ""miss_deg"": 0.0, ""labels"": [261]}, {""name"": ""球R"", ""share"": 0.133, ""q"": 0.054, ""capture"": 1.024, ""miss_deg"": 0.0, ""labels"": [263]}]"
2026_08_25/c1_3,c4,v9,,cluster015,125.68,126.48,0.8,3.617,球M,261,0.264,0.053,0.997,0.779,0.78,0.801,物品台,,0,0,,,,3,"[{""name"": ""球M"", ""share"": 0.264, ""q"": 0.053, ""capture"": 0.997, ""miss_deg"": 0.11, ""labels"": [261]}, {""name"": ""球L"", ""share"": 0.206, ""q"": 0.041, ""capture"": 0.777, ""miss_deg"": 1.07, ""labels"": [259]}, {""name"": ""球R"", ""share"": 0.203, ""q"": 0.04, ""capture"": 0.766, ""miss_deg"": 1.09, ""labels"": [263]}]"
2026_08_25/c1_3,c4,v9,,cluster015,127.02,128.72,1.7,2.099,,-1,0.0,0.0,,,,1.0,object#26,,0,0,,,,0,[]
2026_08_25/c1_3,c4,v9,,cluster015,128.82,129.12,0.3,1.115,,-1,0.0,0.0,,,,1.0,object#34,,0,0,,,,0,[]
2026_08_25/c1_3,c4,v9,,cluster015,129.92,130.77,0.85,0.721,,-1,0.0,0.0,,,,1.0,object#14,,0,0,,,,0,[]
2026_08_25/u3,u3,v9,walking,cluster015,0.02,0.27,0.25,0.871,,-1,0.0,0.0,,,,1.0,object#14,,0,0,,,,0,[]
2026_08_25/u3,u3,v9,walking,cluster015,3.28,3.58,0.3,1.999,,-1,0.0,0.0,,,,1.0,floor,,0,0,,,,0,[]
2026_08_25/u3,u3,v9,walking,cluster015,5.68,5.98,0.3,2.052,球M,261,0.625,0.061,0.371,0.321,0.32,0.903,物品台,,1,1,,,,3,"[{""name"": ""球M"", ""share"": 0.625, ""q"": 0.061, ""capture"": 0.371, ""miss_deg"": 2.11, ""labels"": [261]}, {""name"": ""球R"", ""share"": 0.2, ""q"": 0.019, ""capture"": 0.119, ""miss_deg"": 3.1, ""labels"": [263]}, {""name"": ""白杯1"", ""share"": 0.097, ""q"": 0.009, ""capture"": 0.025, ""miss_deg"": 4.06, ""labels"": [266]}]"
2026_08_25/u3,u3,v9,walking,cluster015,6.03,6.48,0.45,2.161,球M,261,0.444,0.036,0.218,0.817,0.818,0.92,物品台,,0,0,,,,3,"[{""name"": ""球M"", ""share"": 0.444, ""q"": 0.036, ""capture"": 0.218, ""miss_deg"": 2.62, ""labels"": [261]}, {""name"": ""球L"", ""share"": 0.363, ""q"": 0.029, ""capture"": 0.178, ""miss_deg"": 2.79, ""labels"": [259]}, {""name"": ""水瓶"", ""share"": 0.176, ""q"": 0.014, ""capture"": 0.019, ""miss_deg"": 4.22, ""labels"": [30]}]"
2026_08_25/u3,u3,v9,walking,cluster015,6.58,6.98,0.4,2.614,,-1,0.0,0.0,,,,1.0,floor,,0,0,,,,0,[]
2026_08_25/u3,u3,v9,walking,cluster015,7.55,7.9,0.35,2.654,球L,259,0.367,0.171,1.562,0.436,0.651,0.534,物品台,,1,0,,,,3,"[{""name"": ""球L"", ""share"": 0.367, ""q"": 0.171, ""capture"": 1.562, ""miss_deg"": 0.0, ""labels"": [259]}, {""name"": ""苹果红"", ""share"": 0.239, ""q"": 0.112, ""capture"": 0.681, ""miss_deg"": 1.31, ""labels"": [260]}, {""name"": ""苹果粉"", ""share"": 0.15, ""q"": 0.07, ""capture"": 0.338, ""miss_deg"": 2.21, ""labels"": [64, 250]}]"
2026_08_25/u3,u3,v9,walking,cluster015,8.47,8.92,0.45,3.637,,-1,0.0,0.0,,,,1.0,object#26,,0,0,,,,0,[]
2026_08_25/u3,u3,v9,walking,cluster015,9.07,9.37,0.3,3.971,,-1,0.0,0.0,,,,1.0,object#26,,0,0,,,,0,[]
2026_08_25/u3,u3,v9,walking,cluster015,9.52,10.47,0.95,3.977,,-1,0.0,0.0,,,,1.0,object#26,,0,0,,,,0,[]
2026_08_25/u3,u3,v9,walking,cluster015,10.67,12.37,1.7,3.681,,-1,0.0,0.0,,,,1.0,object#26,,0,0,,,,0,[]
2026_08_25/u3,u3,v9,walking,cluster015,12.47,13.92,1.45,3.707,,-1,0.0,0.0,,,,1.0,object#26,,0,0,,,,0,[]
2026_08_25/u3,u3,v9,walking,cluster015,14.17,14.82,0.65,3.697,,-1,0.0,0.0,,,,1.0,object#26,,0,0,,,,0,[]
2026_08_25/u3,u3,v9,walking,cluster015,16.35,16.65,0.3,3.005,,-1,0.0,0.0,,,,1.0,object#37,,0,0,,,,0,[]
2026_08_25/u3,u3,v9,walking,cluster015,17.8,19.9,2.1,2.852,球L,259,0.586,0.063,0.695,0.203,0.42,0.892,物品台,,1,1,,,,3,"[{""name"": ""球L"", ""share"": 0.586, ""q"": 0.063, ""capture"": 0.695, ""miss_deg"": 1.28, ""labels"": [259]}, {""name"": ""苹果粉"", ""share"": 0.246, ""q"": 0.027, ""capture"": 0.141, ""miss_deg"": 2.97, ""labels"": [64]}, {""name"": ""苹果红"", ""share"": 0.09, ""q"": 0.01, ""capture"": 0.071, ""miss_deg"": 3.45, ""labels"": [260]}]"
2026_08_25/u3,u3,v9,walking,cluster015,20.45,22.1,1.65,2.738,球L,259,0.564,0.073,0.667,0.162,0.305,0.87,物品台,,1,1,1,球L,1,3,"[{""name"": ""球L"", ""share"": 0.564, ""q"": 0.073, ""capture"": 0.667, ""miss_deg"": 1.35, ""labels"": [259]}, {""name"": ""苹果粉"", ""share"": 0.172, ""q"": 0.022, ""capture"": 0.108, ""miss_deg"": 3.16, ""labels"": [64, 250]}, {""name"": ""苹果红"", ""share"": 0.117, ""q"": 0.015, ""capture"": 0.104, ""miss_deg"": 3.19, ""labels"": [260]}]"
2026_08_25/u3,u3,v9,walking,cluster015,22.6,23.1,0.5,2.838,球L,259,0.603,0.045,0.499,0.13,0.272,0.925,物品台,,1,1,1,球L,1,3,"[{""name"": ""球L"", ""share"": 0.603, ""q"": 0.045, ""capture"": 0.499, ""miss_deg"": 1.77, ""labels"": [259]}, {""name"": ""苹果粉"", ""share"": 0.164, ""q"": 0.012, ""capture"": 0.065, ""miss_deg"": 3.5, ""labels"": [64]}, {""name"": ""苹果红"", ""share"": 0.071, ""q"": 0.005, ""capture"": 0.039, ""miss_deg"": 3.82, ""labels"": [260]}]"
2026_08_25/u3,u3,v9,walking,cluster015,23.95,24.25,0.3,2.821,球L,259,0.624,0.033,0.358,0.19,0.396,0.948,物品台,,1,1,,,,3,"[{""name"": ""球L"", ""share"": 0.624, ""q"": 0.033, ""capture"": 0.358, ""miss_deg"": 2.15, ""labels"": [259]}, {""name"": ""苹果粉"", ""share"": 0.247, ""q"": 0.013, ""capture"": 0.068, ""miss_deg"": 3.48, ""labels"": [64]}, {""name"": ""苹果红"", ""share"": 0.057, ""q"": 0.003, ""capture"": 0.022, ""miss_deg"": 4.15, ""labels"": [260]}]"
2026_08_25/u3,u3,v9,walking,cluster015,25.18,27.23,2.05,2.775,球L,259,0.503,0.092,0.84,0.289,0.241,0.817,物品台,,1,1,2,球M,0,3,"[{""name"": ""球L"", ""share"": 0.503, ""q"": 0.092, ""capture"": 0.84, ""miss_deg"": 0.89, ""labels"": [259]}, {""name"": ""球M"", ""share"": 0.121, ""q"": 0.022, ""capture"": 0.243, ""miss_deg"": 2.52, ""labels"": [261]}, {""name"": ""苹果红"", ""share"": 0.127, ""q"": 0.023, ""capture"": 0.159, ""miss_deg"": 2.87, ""labels"": [260]}]"
2026_08_25/u3,u3,v9,walking,cluster015,28.08,28.78,0.7,4.103,球M,261,0.527,0.022,0.41,0.7,0.7,0.959,物品台,,1,1,2,球M,1,3,"[{""name"": ""球M"", ""share"": 0.527, ""q"": 0.022, ""capture"": 0.41, ""miss_deg"": 2.0, ""labels"": [261]}, {""name"": ""球L"", ""share"": 0.369, ""q"": 0.015, ""capture"": 0.287, ""miss_deg"": 2.37, ""labels"": [259]}, {""name"": ""苹果红"", ""share"": 0.027, ""q"": 0.001, ""capture"": 0.018, ""miss_deg"": 4.26, ""labels"": [260]}]"
2026_08_25/u3,u3,v9,walking,cluster015,28.83,30.99,2.16,2.818,球M,261,0.41,0.079,0.872,0.502,0.502,0.806,物品台,,1,0,2,球M,1,3,"[{""name"": ""球M"", ""share"": 0.41, ""q"": 0.079, ""capture"": 0.872, ""miss_deg"": 0.79, ""labels"": [261]}, {""name"": ""球L"", ""share"": 0.206, ""q"": 0.04, ""capture"": 0.438, ""miss_deg"": 1.93, ""labels"": [259]}, {""name"": ""苹果红"", ""share"": 0.132, ""q"": 0.026, ""capture"": 0.187, ""miss_deg"": 2.75, ""labels"": [260]}]"
2026_08_25/u3,u3,v9,walking,cluster015,31.26,36.86,5.6,2.12,球R,263,0.484,0.044,0.267,0.573,0.572,0.91,物品台,,1,0,3,球R,1,3,"[{""name"": ""球R"", ""share"": 0.484, ""q"": 0.044, ""capture"": 0.267, ""miss_deg"": 2.44, ""labels"": [263]}, {""name"": ""球M"", ""share"": 0.277, ""q"": 0.025, ""capture"": 0.153, ""miss_deg"": 2.91, ""labels"": [261]}, {""name"": ""白杯1"", ""share"": 0.14, ""q"": 0.013, ""capture"": 0.037, ""miss_deg"": 3.86, ""labels"": [266]}]"
2026_08_25/u3,u3,v9,walking,cluster015,37.21,37.81,0.6,2.354,球R,263,0.513,0.031,0.212,0.599,0.563,0.94,物品台,,1,1,,,,3,"[{""name"": ""球R"", ""share"": 0.513, ""q"": 0.031, ""capture"": 0.212, ""miss_deg"": 2.64, ""labels"": [263]}, {""name"": ""球M"", ""share"": 0.289, ""q"": 0.017, ""capture"": 0.127, ""miss_deg"": 3.04, ""labels"": [261]}, {""name"": ""白杯1"", ""share"": 0.084, ""q"": 0.005, ""capture"": 0.017, ""miss_deg"": 4.29, ""labels"": [266]}]"
2026_08_25/u3,u3,v9,walking,cluster015,38.16,38.66,0.5,2.871,球M,261,0.685,0.006,0.068,0.235,0.231,0.991,物品台,,0,0,4,球M,1,3,"[{""name"": ""球M"", ""share"": 0.685, ""q"": 0.006, ""capture"": 0.068, ""miss_deg"": 3.48, ""labels"": [261]}, {""name"": ""球L"", ""share"": 0.158, ""q"": 0.001, ""capture"": 0.016, ""miss_deg"": 4.32, ""labels"": [259]}, {""name"": ""水瓶"", ""share"": 0.157, ""q"": 0.001, ""capture"": 0.003, ""miss_deg"": 5.16, ""labels"": [30]}]"
2026_08_25/u3,u3,v9,walking,cluster015,38.86,39.11,0.25,2.432,球M,261,0.677,0.051,0.429,0.193,0.223,0.925,物品台,,1,1,4,球M,1,3,"[{""name"": ""球M"", ""share"": 0.677, ""q"": 0.051, ""capture"": 0.429, ""miss_deg"": 1.95, ""labels"": [261]}, {""name"": ""球L"", ""share"": 0.151, ""q"": 0.011, ""capture"": 0.083, ""miss_deg"": 3.35, ""labels"": [259]}, {""name"": ""水瓶"", ""share"": 0.162, ""q"": 0.012, ""capture"": 0.019, ""miss_deg"": 4.22, ""labels"": [30]}]"
2026_08_25/u3,u3,v9,walking,cluster015,39.76,40.01,0.25,3.764,球M,261,0.638,0.026,0.49,0.292,0.293,0.96,物品台,,1,1,4,球M,1,3,"[{""name"": ""球M"", ""share"": 0.638, ""q"": 0.026, ""capture"": 0.49, ""miss_deg"": 1.79, ""labels"": [261]}, {""name"": ""球L"", ""share"": 0.187, ""q"": 0.008, ""capture"": 0.143, ""miss_deg"": 2.96, ""labels"": [259]}, {""name"": ""水瓶"", ""share"": 0.17, ""q"": 0.007, ""capture"": 0.02, ""miss_deg"": 4.2, ""labels"": [30]}]"
2026_08_25/u3,u3,v9,walking,cluster015,40.36,40.81,0.45,2.824,球M,261,0.476,0.051,0.564,0.468,0.468,0.892,物品台,,1,0,4,球M,1,3,"[{""name"": ""球M"", ""share"": 0.476, ""q"": 0.051, ""capture"": 0.564, ""miss_deg"": 1.6, ""labels"": [261]}, {""name"": ""球L"", ""share"": 0.223, ""q"": 0.024, ""capture"": 0.264, ""miss_deg"": 2.45, ""labels"": [259]}, {""name"": ""苹果红"", ""share"": 0.048, ""q"": 0.005, ""capture"": 0.038, ""miss_deg"": 3.83, ""labels"": [260]}]"
2026_08_25/u3,u3,v9,walking,cluster015,40.91,41.21,0.3,2.81,球M,261,0.403,0.048,0.526,0.608,0.732,0.881,物品台,,0,0,4,球M,1,3,"[{""name"": ""球M"", ""share"": 0.403, ""q"": 0.048, ""capture"": 0.526, ""miss_deg"": 1.7, ""labels"": [261]}, {""name"": ""球L"", ""share"": 0.295, ""q"": 0.035, ""capture"": 0.32, ""miss_deg"": 2.27, ""labels"": [259]}, {""name"": ""苹果红"", ""share"": 0.064, ""q"": 0.008, ""capture"": 0.056, ""miss_deg"": 3.6, ""labels"": [260]}]"
2026_08_25/u3,u3,v9,walking,cluster015,41.91,42.36,0.45,3.963,球M,261,0.517,0.026,0.495,0.667,0.665,0.95,物品台,,1,1,4,球M,1,3,"[{""name"": ""球M"", ""share"": 0.517, ""q"": 0.026, ""capture"": 0.495, ""miss_deg"": 1.78, ""labels"": [261]}, {""name"": ""球L"", ""share"": 0.344, ""q"": 0.017, ""capture"": 0.33, ""miss_deg"": 2.23, ""labels"": [259]}, {""name"": ""水瓶"", ""share"": 0.137, ""q"": 0.007, ""capture"": 0.022, ""miss_deg"": 4.15, ""labels"": [30]}]"
2026_08_25/u3,u3,v9,walking,cluster015,43.66,44.51,0.85,2.791,球L,259,0.464,0.058,0.527,0.624,0.517,0.875,物品台,,1,0,,,,3,"[{""name"": ""球L"", ""share"": 0.464, ""q"": 0.058, ""capture"": 0.527, ""miss_deg"": 1.7, ""labels"": [259]}, {""name"": ""球M"", ""share"": 0.24, ""q"": 0.03, ""capture"": 0.329, ""miss_deg"": 2.24, ""labels"": [261]}, {""name"": ""苹果红"", ""share"": 0.065, ""q"": 0.008, ""capture"": 0.056, ""miss_deg"": 3.61, ""labels"": [260]}]"
2026_08_25/u3,u3,v9,walking,cluster015,45.04,45.74,0.7,2.879,球M,261,0.255,0.057,0.628,0.957,0.957,0.776,物品台,,0,0,5,球R,0,3,"[{""name"": ""球M"", ""share"": 0.255, ""q"": 0.057, ""capture"": 0.628, ""miss_deg"": 1.45, ""labels"": [261]}, {""name"": ""球R"", ""share"": 0.244, ""q"": 0.055, ""capture"": 0.601, ""miss_deg"": 1.51, ""labels"": [263]}, {""name"": ""白杯1"", ""share"": 0.259, ""q"": 0.058, ""capture"": 0.281, ""miss_deg"": 2.39, ""labels"": [266]}]"
2026_08_25/u3,u3,v9,walking,cluster015,45.84,46.29,0.45,2.765,球M,261,0.284,0.05,0.549,0.699,0.842,0.824,物品台,,0,0,5,球R,0,3,"[{""name"": ""球M"", ""share"": 0.284, ""q"": 0.05, ""capture"": 0.549, ""miss_deg"": 1.64, ""labels"": [261]}, {""name"": ""球R"", ""share"": 0.239, ""q"": 0.042, ""capture"": 0.384, ""miss_deg"": 2.08, ""labels"": [263]}, {""name"": ""白杯1"", ""share"": 0.221, ""q"": 0.039, ""capture"": 0.175, ""miss_deg"": 2.8, ""labels"": [266]}]"
2026_08_25/u3,u3,v9,walking,cluster015,46.69,47.54,0.85,2.566,球R,263,0.484,0.046,0.423,0.4,0.399,0.904,物品台,,1,0,5,球R,1,3,"[{""name"": ""球R"", ""share"": 0.484, ""q"": 0.046, ""capture"": 0.423, ""miss_deg"": 1.97, ""labels"": [263]}, {""name"": ""球M"", ""share"": 0.193, ""q"": 0.018, ""capture"": 0.169, ""miss_deg"": 2.83, ""labels"": [261]}, {""name"": ""白杯1"", ""share"": 0.141, ""q"": 0.014, ""capture"": 0.055, ""miss_deg"": 3.61, ""labels"": [266]}]"
2026_08_25/u3,u3,v9,walking,cluster015,47.99,48.89,0.9,2.481,球R,263,0.579,0.062,0.526,0.24,0.221,0.892,物品台,,1,1,5,球R,1,3,"[{""name"": ""球R"", ""share"": 0.579, ""q"": 0.062, ""capture"": 0.526, ""miss_deg"": 1.7, ""labels"": [263]}, {""name"": ""球M"", ""share"": 0.128, ""q"": 0.014, ""capture"": 0.126, ""miss_deg"": 3.06, ""labels"": [261]}, {""name"": ""白杯1"", ""share"": 0.124, ""q"": 0.013, ""capture"": 0.053, ""miss_deg"": 3.64, ""labels"": [266]}]"
2026_08_25/u3,u3,v9,walking,cluster015,48.94,50.89,1.95,2.488,球R,263,0.605,0.052,0.439,0.207,0.19,0.914,物品台,,1,1,5,球R,1,3,"[{""name"": ""球R"", ""share"": 0.605, ""q"": 0.052, ""capture"": 0.439, ""miss_deg"": 1.92, ""labels"": [263]}, {""name"": ""球M"", ""share"": 0.115, ""q"": 0.01, ""capture"": 0.091, ""miss_deg"": 3.29, ""labels"": [261]}, {""name"": ""水瓶"", ""share"": 0.176, ""q"": 0.015, ""capture"": 0.024, ""miss_deg"": 4.09, ""labels"": [30]}]"
2026_08_25/u3,u3,v9,walking,cluster015,51.04,51.29,0.25,2.517,球R,263,0.665,0.05,0.419,0.067,0.123,0.925,物品台,,1,1,,,,3,"[{""name"": ""球R"", ""share"": 0.665, ""q"": 0.05, ""capture"": 0.419, ""miss_deg"": 1.98, ""labels"": [263]}, {""name"": ""白杯2"", ""share"": 0.082, ""q"": 0.006, ""capture"": 0.028, ""miss_deg"": 4.02, ""labels"": [267]}, {""name"": ""水瓶"", ""share"": 0.219, ""q"": 0.016, ""capture"": 0.027, ""miss_deg"": 4.04, ""labels"": [30]}]"
2026_08_25/u3,u3,v9,walking,cluster015,52.81,54.36,1.55,2.677,球L,259,0.968,0.019,0.177,0.006,0.012,0.98,物品台,,0,0,6,球L,1,3,"[{""name"": ""球L"", ""share"": 0.968, ""q"": 0.019, ""capture"": 0.177, ""miss_deg"": 2.79, ""labels"": [259]}, {""name"": ""苹果粉"", ""share"": 0.012, ""q"": 0.0, ""capture"": 0.001, ""miss_deg"": 5.51, ""labels"": [64]}, {""name"": ""水瓶"", ""share"": 0.019, ""q"": 0.0, ""capture"": 0.001, ""miss_deg"": 5.72, ""labels"": [30]}]"
2026_08_25/u3,u3,v9,walking,cluster015,55.21,56.36,1.15,2.95,球L,259,0.464,0.061,0.671,0.38,0.683,0.868,物品台,,1,0,6,球L,1,3,"[{""name"": ""球L"", ""share"": 0.464, ""q"": 0.061, ""capture"": 0.671, ""miss_deg"": 1.34, ""labels"": [259]}, {""name"": ""苹果粉"", ""share"": 0.317, ""q"": 0.042, ""capture"": 0.255, ""miss_deg"": 2.48, ""labels"": [64, 250]}, {""name"": ""苹果红"", ""share"": 0.123, ""q"": 0.016, ""capture"": 0.136, ""miss_deg"": 3.0, ""labels"": [260]}]"
2026_08_25/u3,u3,v9,walking,cluster015,56.66,57.01,0.35,2.863,球L,259,0.596,0.052,0.572,0.112,0.112,0.913,物品台,,1,1,6,球L,1,3,"[{""name"": ""球L"", ""share"": 0.596, ""q"": 0.052, ""capture"": 0.572, ""miss_deg"": 1.59, ""labels"": [259]}, {""name"": ""球M"", ""share"": 0.067, ""q"": 0.006, ""capture"": 0.064, ""miss_deg"": 3.52, ""labels"": [261]}, {""name"": ""苹果红"", ""share"": 0.079, ""q"": 0.007, ""capture"": 0.05, ""miss_deg"": 3.67, ""labels"": [260]}]"
2026_08_25/u3,u3,v9,walking,cluster015,58.56,59.12,0.55,2.965,球M,261,0.255,0.113,1.246,0.505,0.506,0.556,物品台,,0,0,7,球M,1,3,"[{""name"": ""球M"", ""share"": 0.255, ""q"": 0.113, ""capture"": 1.246, ""miss_deg"": 0.0, ""labels"": [261]}, {""name"": ""球L"", ""share"": 0.129, ""q"": 0.057, ""capture"": 0.629, ""miss_deg"": 1.44, ""labels"": [259]}, {""name"": ""水瓶"", ""share"": 0.385, ""q"": 0.171, ""capture"": 0.353, ""miss_deg"": 2.16, ""labels"": [30]}]"
2026_08_25/u3,u3,v9,walking,cluster015,59.99,64.19,4.2,2.523,球M,261,0.325,0.074,0.678,0.776,0.84,0.771,物品台,,0,0,7,球M,1,3,"[{""name"": ""球M"", ""share"": 0.325, ""q"": 0.074, ""capture"": 0.678, ""miss_deg"": 1.32, ""labels"": [261]}, {""name"": ""球L"", ""share"": 0.273, ""q"": 0.062, ""capture"": 0.526, ""miss_deg"": 1.7, ""labels"": [259]}, {""name"": ""苹果红"", ""share"": 0.135, ""q"": 0.031, ""capture"": 0.189, ""miss_deg"": 2.74, ""labels"": [260]}]"
2026_08_25/u3,u3,v9,walking,cluster015,65.8,66.25,0.45,3.965,,-1,0.0,0.0,,,,1.0,object#26,,0,0,,,,0,[]
2026_08_25/u3,u3,v9,walking,cluster015,66.55,66.8,0.25,4.014,,-1,0.0,0.0,,,,1.0,object#88,,0,0,,,,0,[]
2026_08_25/u3,u3,v9,walking,cluster015,66.9,67.4,0.5,3.473,,-1,0.0,0.0,,,,1.0,object#26,,0,0,,,,0,[]
2026_08_25/u3,u3,v9,walking,cluster015,68.32,68.97,0.65,3.524,,-1,0.0,0.0,,,,1.0,object#26,,0,0,,,,0,[]
2026_08_25/u3,u3,v9,walking,cluster015,69.47,70.12,0.65,3.497,,-1,0.0,0.0,,,,1.0,object#26,,0,0,,,,0,[]
2026_08_25/u3,u3,v9,walking,cluster015,70.17,70.52,0.35,3.526,,-1,0.0,0.0,,,,1.0,object#60,,0,0,,,,0,[]
2026_08_25/u3,u3,v9,walking,cluster015,72.04,72.29,0.25,3.417,,-1,0.0,0.0,,,,1.0,object#26,,0,0,,,,0,[]
2026_08_25/u3,u3,v9,walking,cluster015,72.81,73.41,0.6,2.269,球M,261,0.575,0.086,0.593,0.182,0.183,0.849,物品台,,1,1,8,球R,0,3,"[{""name"": ""球M"", ""share"": 0.575, ""q"": 0.086, ""capture"": 0.593, ""miss_deg"": 1.53, ""labels"": [261]}, {""name"": ""球R"", ""share"": 0.105, ""q"": 0.016, ""capture"": 0.108, ""miss_deg"": 3.17, ""labels"": [263]}, {""name"": ""白杯1"", ""share"": 0.087, ""q"": 0.013, ""capture"": 0.044, ""miss_deg"": 3.76, ""labels"": [266]}]"
2026_08_25/u3,u3,v9,walking,cluster015,73.61,76.01,2.4,2.4,球R,263,0.469,0.083,0.61,0.22,0.435,0.822,物品台,,1,0,8,球R,1,3,"[{""name"": ""球R"", ""share"": 0.469, ""q"": 0.083, ""capture"": 0.61, ""miss_deg"": 1.49, ""labels"": [263]}, {""name"": ""白杯1"", ""share"": 0.204, ""q"": 0.036, ""capture"": 0.134, ""miss_deg"": 3.01, ""labels"": [266]}, {""name"": ""球M"", ""share"": 0.089, ""q"": 0.016, ""capture"": 0.134, ""miss_deg"": 3.01, ""labels"": [261]}]"
2026_08_25/u3,u3,v9,walking,cluster015,76.11,78.36,2.25,2.885,球R,263,0.471,0.057,0.628,0.199,0.2,0.879,物品台,,1,0,8,球R,1,3,"[{""name"": ""球R"", ""share"": 0.471, ""q"": 0.057, ""capture"": 0.628, ""miss_deg"": 1.45, ""labels"": [263]}, {""name"": ""球M"", ""share"": 0.094, ""q"": 0.011, ""capture"": 0.125, ""miss_deg"": 3.06, ""labels"": [261]}, {""name"": ""白杯1"", ""share"": 0.199, ""q"": 0.024, ""capture"": 0.117, ""miss_deg"": 3.11, ""labels"": [266]}]"
2026_08_25/u3,u3,v9,walking,cluster015,78.61,79.01,0.4,2.881,球R,263,0.541,0.032,0.353,0.337,0.338,0.941,物品台,,1,1,,,,3,"[{""name"": ""球R"", ""share"": 0.541, ""q"": 0.032, ""capture"": 0.353, ""miss_deg"": 2.17, ""labels"": [263]}, {""name"": ""球M"", ""share"": 0.183, ""q"": 0.011, ""capture"": 0.119, ""miss_deg"": 3.09, ""labels"": [261]}, {""name"": ""白杯1"", ""share"": 0.133, ""q"": 0.008, ""capture"": 0.038, ""miss_deg"": 3.83, ""labels"": [266]}]"
2026_08_25/u3,u3,v9,walking,cluster015,79.11,79.36,0.25,2.872,球R,263,0.531,0.03,0.332,0.301,0.301,0.943,object#24,,1,1,9,球L,0,3,"[{""name"": ""球R"", ""share"": 0.531, ""q"": 0.03, ""capture"": 0.332, ""miss_deg"": 2.23, ""labels"": [263]}, {""name"": ""球M"", ""share"": 0.16, ""q"": 0.009, ""capture"": 0.1, ""miss_deg"": 3.22, ""labels"": [261]}, {""name"": ""白杯1"", ""share"": 0.097, ""q"": 0.006, ""capture"": 0.027, ""miss_deg"": 4.03, ""labels"": [266]}]"
2026_08_25/u3,u3,v9,walking,cluster015,79.41,79.71,0.3,2.729,球R,263,0.354,0.038,0.346,0.997,0.828,0.893,物品台,,0,0,9,球L,0,3,"[{""name"": ""球R"", ""share"": 0.354, ""q"": 0.038, ""capture"": 0.346, ""miss_deg"": 2.18, ""labels"": [263]}, {""name"": ""球M"", ""share"": 0.293, ""q"": 0.031, ""capture"": 0.345, ""miss_deg"": 2.19, ""labels"": [261]}, {""name"": ""白杯1"", ""share"": 0.195, ""q"": 0.021, ""capture"": 0.094, ""miss_deg"": 3.26, ""labels"": [266]}]"
2026_08_25/u3,u3,v9,walking,cluster015,79.76,80.11,0.35,2.674,球M,261,0.403,0.094,0.859,0.395,0.395,0.766,物品台,,1,0,9,球L,0,3,"[{""name"": ""球M"", ""share"": 0.403, ""q"": 0.094, ""capture"": 0.859, ""miss_deg"": 0.83, ""labels"": [261]}, {""name"": ""球L"", ""share"": 0.159, ""q"": 0.037, ""capture"": 0.339, ""miss_deg"": 2.21, ""labels"": [259]}, {""name"": ""水瓶"", ""share"": 0.293, ""q"": 0.068, ""capture"": 0.122, ""miss_deg"": 3.07, ""labels"": [30]}]"
2026_08_25/u3,u3,v9,walking,cluster015,80.16,81.16,1.0,2.663,球L,259,0.464,0.071,0.651,0.341,0.64,0.846,物品台,,1,0,9,球L,1,3,"[{""name"": ""球L"", ""share"": 0.464, ""q"": 0.071, ""capture"": 0.651, ""miss_deg"": 1.39, ""labels"": [259]}, {""name"": ""苹果粉"", ""share"": 0.297, ""q"": 0.046, ""capture"": 0.222, ""miss_deg"": 2.6, ""labels"": [64, 250]}, {""name"": ""苹果红"", ""share"": 0.131, ""q"": 0.02, ""capture"": 0.123, ""miss_deg"": 3.07, ""labels"": [260]}]"
2026_08_25/u3,u3,v9,walking,cluster015,81.26,85.21,3.95,2.683,球L,259,0.575,0.092,0.838,0.233,0.437,0.84,物品台,,1,1,9,球L,1,3,"[{""name"": ""球L"", ""share"": 0.575, ""q"": 0.092, ""capture"": 0.838, ""miss_deg"": 0.89, ""labels"": [259]}, {""name"": ""苹果粉"", ""share"": 0.251, ""q"": 0.04, ""capture"": 0.195, ""miss_deg"": 2.71, ""labels"": [64]}, {""name"": ""苹果红"", ""share"": 0.121, ""q"": 0.019, ""capture"": 0.133, ""miss_deg"": 3.02, ""labels"": [260]}]"
2026_08_25/u3,u3,v9,walking,cluster015,85.31,86.96,1.65,2.59,球L,259,0.482,0.089,0.811,0.343,0.342,0.816,物品台,,1,0,,,,3,"[{""name"": ""球L"", ""share"": 0.482, ""q"": 0.089, ""capture"": 0.811, ""miss_deg"": 0.97, ""labels"": [259]}, {""name"": ""球M"", ""share"": 0.165, ""q"": 0.031, ""capture"": 0.278, ""miss_deg"": 2.4, ""labels"": [261]}, {""name"": ""苹果红"", ""share"": 0.171, ""q"": 0.031, ""capture"": 0.192, ""miss_deg"": 2.72, ""labels"": [260]}]"
2026_08_25/u3,u3,v9,walking,cluster015,87.37,88.97,1.6,2.611,球R,263,0.522,0.09,0.825,0.145,0.307,0.827,物品台,,1,1,10,球R,1,3,"[{""name"": ""球R"", ""share"": 0.522, ""q"": 0.09, ""capture"": 0.825, ""miss_deg"": 0.93, ""labels"": [263]}, {""name"": ""白杯1"", ""share"": 0.16, ""q"": 0.028, ""capture"": 0.12, ""miss_deg"": 3.09, ""labels"": [266]}, {""name"": ""白杯2"", ""share"": 0.117, ""q"": 0.02, ""capture"": 0.099, ""miss_deg"": 3.23, ""labels"": [267]}]"
2026_08_25/u3,u3,v9,walking,cluster015,89.17,89.47,0.3,2.672,球M,261,0.573,0.008,0.069,0.449,0.45,0.987,object#24,,0,0,10,球R,0,3,"[{""name"": ""球M"", ""share"": 0.573, ""q"": 0.008, ""capture"": 0.069, ""miss_deg"": 3.47, ""labels"": [261]}, {""name"": ""球R"", ""share"": 0.258, ""q"": 0.003, ""capture"": 0.031, ""miss_deg"": 3.95, ""labels"": [263]}, {""name"": ""水瓶"", ""share"": 0.169, ""q"": 0.002, ""capture"": 0.004, ""miss_deg"": 4.99, ""labels"": [30]}]"
2026_08_25/u3,u3,v9,walking,cluster015,89.68,90.27,0.59,2.501,球R,263,0.243,0.002,0.02,0.6,3.021,0.99,object#24,,0,0,10,球R,1,3,"[{""name"": ""球R"", ""share"": 0.243, ""q"": 0.002, ""capture"": 0.02, ""miss_deg"": 4.19, ""labels"": [263]}, {""name"": ""水瓶"", ""share"": 0.734, ""q"": 0.007, ""capture"": 0.012, ""miss_deg"": 4.48, ""labels"": [30]}, {""name"": ""球M"", ""share"": 0.023, ""q"": 0.0, ""capture"": 0.002, ""miss_deg"": 5.27, ""labels"": [261]}]"
2026_08_25/u3,u3,v9,walking,cluster015,90.33,92.44,2.11,1.88,球R,263,0.714,0.122,0.592,0.093,0.183,0.829,物品台,,1,1,10,球R,1,3,"[{""name"": ""球R"", ""share"": 0.714, ""q"": 0.122, ""capture"": 0.592, ""miss_deg"": 1.53, ""labels"": [263]}, {""name"": ""白杯1"", ""share"": 0.131, ""q"": 0.022, ""capture"": 0.055, ""miss_deg"": 3.61, ""labels"": [266]}, {""name"": ""水瓶"", ""share"": 0.148, ""q"": 0.025, ""capture"": 0.03, ""miss_deg"": 3.97, ""labels"": [30]}]"
2026_08_25/u3,u3,v9,walking,cluster015,92.76,95.41,2.65,2.114,球L,259,0.774,0.117,0.714,0.071,0.138,0.849,物品台,,1,1,11,球L,1,3,"[{""name"": ""球L"", ""share"": 0.774, ""q"": 0.117, ""capture"": 0.714, ""miss_deg"": 1.23, ""labels"": [259]}, {""name"": ""苹果粉"", ""share"": 0.107, ""q"": 0.016, ""capture"": 0.051, ""miss_deg"": 3.66, ""labels"": [64]}, {""name"": ""苹果红"", ""share"": 0.075, ""q"": 0.011, ""capture"": 0.05, ""miss_deg"": 3.67, ""labels"": [260]}]"
2026_08_25/u3,u3,v9,walking,cluster015,95.52,97.74,2.22,2.917,球L,259,0.563,0.082,0.903,0.168,0.22,0.854,物品台,,1,1,11,球L,1,3,"[{""name"": ""球L"", ""share"": 0.563, ""q"": 0.082, ""capture"": 0.903, ""miss_deg"": 0.68, ""labels"": [259]}, {""name"": ""苹果红"", ""share"": 0.124, ""q"": 0.018, ""capture"": 0.152, ""miss_deg"": 2.91, ""labels"": [260]}, {""name"": ""苹果粉"", ""share"": 0.162, ""q"": 0.024, ""capture"": 0.144, ""miss_deg"": 2.95, ""labels"": [64]}]"
2026_08_25/u3,u3,v9,walking,cluster015,100.09,106.3,6.22,2.504,球M,261,0.453,0.133,1.216,0.215,0.234,0.705,物品台,,1,0,12,球M,1,3,"[{""name"": ""球M"", ""share"": 0.453, ""q"": 0.133, ""capture"": 1.216, ""miss_deg"": 0.0, ""labels"": [261]}, {""name"": ""球L"", ""share"": 0.106, ""q"": 0.031, ""capture"": 0.262, ""miss_deg"": 2.46, ""labels"": [259]}, {""name"": ""苹果红"", ""share"": 0.094, ""q"": 0.028, ""capture"": 0.168, ""miss_deg"": 2.83, ""labels"": [260]}]"
2026_08_25/u3,u3,v9,walking,cluster015,106.63,111.01,4.38,2.622,球M,261,0.231,0.079,0.722,0.888,0.887,0.658,物品台,,0,0,13,球R,0,3,"[{""name"": ""球M"", ""share"": 0.231, ""q"": 0.079, ""capture"": 0.722, ""miss_deg"": 1.21, ""labels"": [261]}, {""name"": ""球R"", ""share"": 0.205, ""q"": 0.07, ""capture"": 0.641, ""miss_deg"": 1.41, ""labels"": [263]}, {""name"": ""白杯1"", ""share"": 0.287, ""q"": 0.098, ""capture"": 0.425, ""miss_deg"": 1.96, ""labels"": [266]}]"
2026_08_25/u3,u3,v9,walking,cluster015,111.44,113.28,1.84,3.289,球M,261,0.292,0.074,1.191,0.399,0.459,0.746,物品台,,0,0,13,球R,0,3,"[{""name"": ""球M"", ""share"": 0.292, ""q"": 0.074, ""capture"": 1.191, ""miss_deg"": 0.0, ""labels"": [261]}, {""name"": ""球R"", ""share"": 0.134, ""q"": 0.034, ""capture"": 0.475, ""miss_deg"": 1.83, ""labels"": [263]}, {""name"": ""白杯1"", ""share"": 0.21, ""q"": 0.053, ""capture"": 0.327, ""miss_deg"": 2.24, ""labels"": [266]}]"
2026_08_25/u3,u3,v9,walking,cluster015,113.72,119.12,5.41,3.033,球L,259,0.47,0.045,0.49,0.486,0.872,0.905,物品台,,1,0,14,球L,1,3,"[{""name"": ""球L"", ""share"": 0.47, ""q"": 0.045, ""capture"": 0.49, ""miss_deg"": 1.79, ""labels"": [259]}, {""name"": ""苹果粉"", ""share"": 0.41, ""q"": 0.039, ""capture"": 0.238, ""miss_deg"": 2.54, ""labels"": [64]}, {""name"": ""苹果红"", ""share"": 0.065, ""q"": 0.006, ""capture"": 0.056, ""miss_deg"": 3.6, ""labels"": [260]}]"
2026_08_25/u3,u3,v9,walking,cluster015,119.99,120.36,0.38,2.828,球M,261,0.443,0.074,0.813,0.415,0.413,0.833,物品台,,1,0,,,,3,"[{""name"": ""球M"", ""share"": 0.443, ""q"": 0.074, ""capture"": 0.813, ""miss_deg"": 0.97, ""labels"": [261]}, {""name"": ""球L"", ""share"": 0.183, ""q"": 0.031, ""capture"": 0.337, ""miss_deg"": 2.21, ""labels"": [259]}, {""name"": ""苹果红"", ""share"": 0.104, ""q"": 0.017, ""capture"": 0.127, ""miss_deg"": 3.05, ""labels"": [260]}]"
2026_08_25/u3,u3,v9,walking,cluster015,120.65,125.9,5.24,1.937,球M,261,0.691,0.208,1.099,0.088,0.384,0.699,物品台,,1,1,15,球M,1,3,"[{""name"": ""球M"", ""share"": 0.691, ""q"": 0.208, ""capture"": 1.099, ""miss_deg"": 0.0, ""labels"": [261]}, {""name"": ""水瓶"", ""share"": 0.265, ""q"": 0.08, ""capture"": 0.097, ""miss_deg"": 3.24, ""labels"": [30]}, {""name"": ""球L"", ""share"": 0.012, ""q"": 0.004, ""capture"": 0.017, ""miss_deg"": 4.27, ""labels"": [259]}]"
2026_08_25/u3,u3,v9,walking,cluster015,126.99,128.24,1.24,1.401,,-1,0.0,0.0,,,,1.0,object#26,,0,0,,,,0,[]
2026_08_25/u3,u3,v9,walking,cluster015,129.51,129.94,0.43,0.953,,-1,0.0,0.0,,,,1.0,object#65,,0,0,,,,0,[]
