rec,card,era,flags,cfg,t_start_rel,t_end_rel,dur_s,dist_m,object,object_label,share,q,capture,A_cap,A_share,p_none,surface,W,acc_live,acc_e2,window_k,target,correct,n_cands,candidates
2026_08_16/000,e1,v7,,ours,2.64,3.09,0.46,0.901,,-1,0.0,0.0,,,,1.0,object#20,,0,0,,,,0,[]
2026_08_16/000,e1,v7,,ours,15.38,15.7,0.32,1.034,,-1,0.0,0.0,,,,1.0,object#35,,0,0,,,,0,[]
2026_08_16/000,e1,v7,,ours,15.98,16.38,0.4,0.667,,-1,0.0,0.0,,,,1.0,object#94,,0,0,,,,0,[]
2026_08_16/000,e1,v7,,ours,18.3,18.6,0.3,0.462,,-1,0.0,0.0,,,,1.0,object#67,,0,0,,,,0,[]
2026_08_16/000,e1,v7,,ours,24.82,25.15,0.33,0.962,,-1,0.0,0.0,,,,1.0,object#20,,0,0,,,,0,[]
2026_08_16/000,e1,v7,,ours,25.48,26.56,1.07,0.962,,-1,0.0,0.0,,,,1.0,object#20,,0,0,,,,0,[]
2026_08_16/000,e1,v7,,ours,27.5,27.81,0.31,1.01,,-1,0.0,0.0,,,,1.0,object#67,,0,0,,,,0,[]
2026_08_16/000,e1,v7,,ours,29.64,29.98,0.34,0.748,,-1,0.0,0.0,,,,1.0,object#187,,0,0,,,,0,[]
2026_08_16/000,e1,v7,,ours,31.09,31.45,0.36,1.171,,-1,0.0,0.0,,,,1.0,object#187,,0,0,,,,0,[]
2026_08_16/000,e1,v7,,ours,32.16,32.71,0.55,1.208,,-1,0.0,0.0,,,,1.0,object#20,,0,0,,,,0,[]
2026_08_16/000,e1,v7,,ours,35.34,35.62,0.27,1.359,,-1,0.0,0.0,,,,1.0,object#34,,0,0,,,,0,[]
2026_08_16/000,e1,v7,,ours,35.68,36.01,0.32,1.335,香蕉,323,0.891,0.154,0.154,0.143,0.122,0.827,object#316,,0,0,,,,2,"[{""name"": ""香蕉"", ""share"": 0.891, ""q"": 0.154, ""capture"": 0.154, ""miss_deg"": 1.93, ""labels"": [323]}, {""name"": ""苹果"", ""share"": 0.109, ""q"": 0.019, ""capture"": 0.022, ""miss_deg"": 2.77, ""labels"": [300]}]"
2026_08_16/000,e1,v7,,ours,39.06,39.33,0.27,1.667,石榴,78,1.0,0.55,0.861,0.0,0.0,0.45,object#17,,1,1,,,,1,"[{""name"": ""石榴"", ""share"": 1.0, ""q"": 0.55, ""capture"": 0.861, ""miss_deg"": 0.55, ""labels"": [78]}]"
2026_08_16/000,e1,v7,,ours,39.67,40.14,0.47,1.663,苹果,300,0.99,0.694,0.988,0.007,0.01,0.299,object#316,,1,1,,,,2,"[{""name"": ""苹果"", ""share"": 0.99, ""q"": 0.694, ""capture"": 0.988, ""miss_deg"": 0.16, ""labels"": [300]}, {""name"": ""香蕉"", ""share"": 0.01, ""q"": 0.007, ""capture"": 0.007, ""miss_deg"": 3.17, ""labels"": [323]}]"
2026_08_16/000,e1,v7,,ours,40.26,41.14,0.88,1.65,苹果,300,0.991,0.69,0.982,0.006,0.009,0.304,object#316,,1,1,,,,2,"[{""name"": ""苹果"", ""share"": 0.991, ""q"": 0.69, ""capture"": 0.982, ""miss_deg"": 0.19, ""labels"": [300]}, {""name"": ""香蕉"", ""share"": 0.009, ""q"": 0.006, ""capture"": 0.006, ""miss_deg"": 3.2, ""labels"": [323]}]"
2026_08_16/000,e1,v7,,ours,41.26,44.47,3.22,1.662,苹果,300,0.999,0.706,1.005,0.001,0.001,0.293,object#316,,1,1,1,苹果,1,2,"[{""name"": ""苹果"", ""share"": 0.999, ""q"": 0.706, ""capture"": 1.005, ""miss_deg"": 0.0, ""labels"": [300]}, {""name"": ""香蕉"", ""share"": 0.001, ""q"": 0.001, ""capture"": 0.001, ""miss_deg"": 3.85, ""labels"": [323]}]"
2026_08_16/000,e1,v7,,ours,44.58,45.97,1.39,1.657,苹果,300,0.94,0.584,0.831,0.045,0.064,0.379,object#316,,1,1,1,苹果,1,2,"[{""name"": ""苹果"", ""share"": 0.94, ""q"": 0.584, ""capture"": 0.831, ""miss_deg"": 0.61, ""labels"": [300]}, {""name"": ""香蕉"", ""share"": 0.06, ""q"": 0.037, ""capture"": 0.037, ""miss_deg"": 2.56, ""labels"": [323]}]"
2026_08_16/000,e1,v7,,ours,46.03,46.46,0.44,1.615,香蕉,323,0.961,0.404,0.404,0.057,0.041,0.579,object#10,,1,1,1,苹果,0,2,"[{""name"": ""香蕉"", ""share"": 0.961, ""q"": 0.404, ""capture"": 0.404, ""miss_deg"": 1.35, ""labels"": [323]}, {""name"": ""苹果"", ""share"": 0.039, ""q"": 0.017, ""capture"": 0.023, ""miss_deg"": 2.75, ""labels"": [300]}]"
2026_08_16/000,e1,v7,,ours,46.52,47.29,0.77,1.649,苹果,300,0.915,0.515,0.733,0.065,0.093,0.437,object#316,,1,1,,,,2,"[{""name"": ""苹果"", ""share"": 0.915, ""q"": 0.515, ""capture"": 0.733, ""miss_deg"": 0.79, ""labels"": [300]}, {""name"": ""香蕉"", ""share"": 0.085, ""q"": 0.048, ""capture"": 0.048, ""miss_deg"": 2.47, ""labels"": [323]}]"
2026_08_16/000,e1,v7,,ours,47.81,50.73,2.92,1.413,球M,321,1.0,0.697,0.924,0.0,0.0,0.303,object#317,,1,1,,,,1,"[{""name"": ""球M"", ""share"": 1.0, ""q"": 0.697, ""capture"": 0.924, ""miss_deg"": 0.4, ""labels"": [321]}]"
2026_08_16/000,e1,v7,,ours,50.89,51.23,0.34,1.456,球M,321,1.0,0.269,0.367,0.0,0.0,0.731,object#10,,1,1,2,球M,1,1,"[{""name"": ""球M"", ""share"": 1.0, ""q"": 0.269, ""capture"": 0.367, ""miss_deg"": 1.42, ""labels"": [321]}]"
2026_08_16/000,e1,v7,,ours,51.28,54.3,3.02,1.385,球M,321,1.0,0.685,0.898,0.0,0.0,0.315,object#10,,1,1,2,球M,1,1,"[{""name"": ""球M"", ""share"": 1.0, ""q"": 0.685, ""capture"": 0.898, ""miss_deg"": 0.46, ""labels"": [321]}]"
2026_08_16/000,e1,v7,,ours,54.5,54.95,0.45,1.59,石榴,78,1.0,0.209,0.304,0.0,0.0,0.791,object#17,,1,1,,,,1,"[{""name"": ""石榴"", ""share"": 1.0, ""q"": 0.209, ""capture"": 0.304, ""miss_deg"": 1.54, ""labels"": [78]}]"
2026_08_16/000,e1,v7,,ours,55.08,57.54,2.46,1.63,石榴,78,1.0,0.343,0.513,0.0,0.0,0.657,object#17,,1,1,3,石榴,1,1,"[{""name"": ""石榴"", ""share"": 1.0, ""q"": 0.343, ""capture"": 0.513, ""miss_deg"": 1.16, ""labels"": [78]}]"
2026_08_16/000,e1,v7,,ours,57.64,60.9,3.26,1.649,石榴,78,1.0,0.333,0.511,0.0,0.0,0.667,object#17,,1,1,3,石榴,1,1,"[{""name"": ""石榴"", ""share"": 1.0, ""q"": 0.333, ""capture"": 0.511, ""miss_deg"": 1.16, ""labels"": [78]}]"
2026_08_16/000,e1,v7,,ours,61.48,64.42,2.94,1.51,香蕉,323,1.0,0.529,0.529,0.0,0.0,0.471,object#316,,1,1,4,香蕉,1,1,"[{""name"": ""香蕉"", ""share"": 1.0, ""q"": 0.529, ""capture"": 0.529, ""miss_deg"": 1.13, ""labels"": [323]}]"
2026_08_16/000,e1,v7,,ours,64.47,65.15,0.68,1.535,香蕉,323,1.0,0.557,0.557,0.0,0.0,0.443,object#316,,1,1,4,香蕉,1,1,"[{""name"": ""香蕉"", ""share"": 1.0, ""q"": 0.557, ""capture"": 0.557, ""miss_deg"": 1.08, ""labels"": [323]}]"
2026_08_16/000,e1,v7,,ours,65.88,66.82,0.94,1.491,香蕉,323,1.0,0.602,0.602,0.0,0.0,0.398,object#316,,1,1,4,香蕉,1,1,"[{""name"": ""香蕉"", ""share"": 1.0, ""q"": 0.602, ""capture"": 0.602, ""miss_deg"": 1.01, ""labels"": [323]}]"
2026_08_16/000,e1,v7,,ours,66.87,67.15,0.27,1.54,香蕉,323,1.0,0.002,0.002,0.0,0.0,0.998,object#17,,0,0,4,香蕉,1,1,"[{""name"": ""香蕉"", ""share"": 1.0, ""q"": 0.002, ""capture"": 0.002, ""miss_deg"": 3.55, ""labels"": [323]}]"
2026_08_16/000,e1,v7,,ours,67.2,68.03,0.83,1.577,香蕉,323,1.0,0.368,0.368,0.0,0.0,0.632,object#316,,1,1,,,,1,"[{""name"": ""香蕉"", ""share"": 1.0, ""q"": 0.368, ""capture"": 0.368, ""miss_deg"": 1.41, ""labels"": [323]}]"
2026_08_16/000,e1,v7,,ours,68.59,69.54,0.95,1.423,球L,320,0.997,0.534,0.675,0.003,0.003,0.465,object#316,,1,1,,,,2,"[{""name"": ""球L"", ""share"": 0.997, ""q"": 0.534, ""capture"": 0.675, ""miss_deg"": 0.89, ""labels"": [320]}, {""name"": ""香蕉"", ""share"": 0.003, ""q"": 0.002, ""capture"": 0.002, ""miss_deg"": 3.58, ""labels"": [323]}]"
2026_08_16/000,e1,v7,,ours,70.45,70.95,0.5,2.689,,-1,0.0,0.0,,,,1.0,floor,,0,0,5,球R,,0,[]
2026_08_16/000,e1,v7,,ours,71.0,73.51,2.51,1.48,球R,322,1.0,0.11,0.183,0.0,0.0,0.89,object#318,,0,0,5,球R,1,1,"[{""name"": ""球R"", ""share"": 1.0, ""q"": 0.11, ""capture"": 0.183, ""miss_deg"": 1.84, ""labels"": [322]}]"
2026_08_16/000,e1,v7,,ours,74.33,74.83,0.5,1.626,石榴,78,1.0,0.032,0.049,0.0,0.0,0.968,object#201,,0,0,,,,1,"[{""name"": ""石榴"", ""share"": 1.0, ""q"": 0.032, ""capture"": 0.049, ""miss_deg"": 2.46, ""labels"": [78]}]"
2026_08_16/000,e1,v7,,ours,75.26,77.05,1.79,1.418,球L,320,0.989,0.473,0.594,0.008,0.011,0.521,object#316,,1,1,,,,2,"[{""name"": ""球L"", ""share"": 0.989, ""q"": 0.473, ""capture"": 0.594, ""miss_deg"": 1.02, ""labels"": [320]}, {""name"": ""香蕉"", ""share"": 0.011, ""q"": 0.005, ""capture"": 0.005, ""miss_deg"": 3.24, ""labels"": [323]}]"
2026_08_16/000,e1,v7,,ours,77.16,78.55,1.4,1.418,球L,320,0.985,0.424,0.533,0.011,0.015,0.569,object#316,,1,1,6,球L,1,2,"[{""name"": ""球L"", ""share"": 0.985, ""q"": 0.424, ""capture"": 0.533, ""miss_deg"": 1.12, ""labels"": [320]}, {""name"": ""香蕉"", ""share"": 0.015, ""q"": 0.006, ""capture"": 0.006, ""miss_deg"": 3.18, ""labels"": [323]}]"
2026_08_16/000,e1,v7,,ours,78.84,79.52,0.69,1.415,球L,320,0.962,0.447,0.562,0.032,0.04,0.535,object#316,,1,1,6,球L,1,2,"[{""name"": ""球L"", ""share"": 0.962, ""q"": 0.447, ""capture"": 0.562, ""miss_deg"": 1.07, ""labels"": [320]}, {""name"": ""香蕉"", ""share"": 0.038, ""q"": 0.018, ""capture"": 0.018, ""miss_deg"": 2.84, ""labels"": [323]}]"
2026_08_16/000,e1,v7,,ours,79.58,79.85,0.27,1.492,香蕉,323,0.95,0.241,0.241,0.071,0.053,0.746,object#316,,1,1,6,球L,0,2,"[{""name"": ""香蕉"", ""share"": 0.95, ""q"": 0.241, ""capture"": 0.241, ""miss_deg"": 1.69, ""labels"": [323]}, {""name"": ""球L"", ""share"": 0.05, ""q"": 0.013, ""capture"": 0.017, ""miss_deg"": 2.86, ""labels"": [320]}]"
2026_08_16/000,e1,v7,,ours,79.96,80.67,0.71,1.492,香蕉,323,0.957,0.346,0.346,0.061,0.045,0.639,object#316,,1,1,6,球L,0,2,"[{""name"": ""香蕉"", ""share"": 0.957, ""q"": 0.346, ""capture"": 0.346, ""miss_deg"": 1.46, ""labels"": [323]}, {""name"": ""球L"", ""share"": 0.043, ""q"": 0.016, ""capture"": 0.021, ""miss_deg"": 2.78, ""labels"": [320]}]"
2026_08_16/000,e1,v7,,ours,80.73,81.25,0.52,1.436,球L,320,0.919,0.391,0.502,0.07,0.088,0.575,object#316,,1,1,,,,2,"[{""name"": ""球L"", ""share"": 0.919, ""q"": 0.391, ""capture"": 0.502, ""miss_deg"": 1.17, ""labels"": [320]}, {""name"": ""香蕉"", ""share"": 0.081, ""q"": 0.035, ""capture"": 0.035, ""miss_deg"": 2.59, ""labels"": [323]}]"
2026_08_16/000,e1,v7,,ours,81.3,81.8,0.5,1.483,香蕉,323,1.0,0.578,0.578,0.0,0.0,0.422,object#316,,1,1,,,,1,"[{""name"": ""香蕉"", ""share"": 1.0, ""q"": 0.578, ""capture"": 0.578, ""miss_deg"": 1.05, ""labels"": [323]}]"
2026_08_16/000,e1,v7,,ours,82.49,82.87,0.38,1.386,球M,321,1.0,0.822,1.077,0.0,0.0,0.178,object#10,,1,1,,,,1,"[{""name"": ""球M"", ""share"": 1.0, ""q"": 0.822, ""capture"": 1.077, ""miss_deg"": 0.0, ""labels"": [321]}]"
2026_08_16/000,e1,v7,,ours,82.92,83.52,0.6,1.458,球M,321,1.0,0.297,0.408,0.0,0.0,0.703,object#10,,1,1,7,球M,1,1,"[{""name"": ""球M"", ""share"": 1.0, ""q"": 0.297, ""capture"": 0.408, ""miss_deg"": 1.34, ""labels"": [321]}]"
2026_08_16/000,e1,v7,,ours,83.58,84.54,0.96,1.431,球M,321,1.0,0.448,0.599,0.0,0.0,0.552,object#10,,1,1,7,球M,1,1,"[{""name"": ""球M"", ""share"": 1.0, ""q"": 0.448, ""capture"": 0.599, ""miss_deg"": 1.01, ""labels"": [321]}]"
2026_08_16/000,e1,v7,,ours,84.6,85.03,0.44,1.481,球M,321,1.0,0.386,0.549,0.0,0.0,0.614,object#10,,1,1,7,球M,1,1,"[{""name"": ""球M"", ""share"": 1.0, ""q"": 0.386, ""capture"": 0.549, ""miss_deg"": 1.09, ""labels"": [321]}]"
2026_08_16/000,e1,v7,,ours,85.09,85.81,0.72,1.422,球M,321,1.0,0.439,0.587,0.0,0.0,0.561,object#17,,1,1,7,球M,1,1,"[{""name"": ""球M"", ""share"": 1.0, ""q"": 0.439, ""capture"": 0.587, ""miss_deg"": 1.03, ""labels"": [321]}]"
2026_08_16/000,e1,v7,,ours,85.86,87.23,1.37,1.488,球M,321,1.0,0.222,0.316,0.0,0.0,0.778,object#10,,1,1,7,球M,1,1,"[{""name"": ""球M"", ""share"": 1.0, ""q"": 0.222, ""capture"": 0.316, ""miss_deg"": 1.52, ""labels"": [321]}]"
2026_08_16/000,e1,v7,,ours,87.29,87.79,0.5,1.42,球M,321,1.0,0.445,0.595,0.0,0.0,0.555,object#17,,1,1,7,球M,1,1,"[{""name"": ""球M"", ""share"": 1.0, ""q"": 0.445, ""capture"": 0.595, ""miss_deg"": 1.02, ""labels"": [321]}]"
2026_08_16/000,e1,v7,,ours,87.84,88.28,0.44,1.472,球M,321,1.0,0.336,0.466,0.0,0.0,0.664,object#17,,1,1,7,球M,1,1,"[{""name"": ""球M"", ""share"": 1.0, ""q"": 0.336, ""capture"": 0.466, ""miss_deg"": 1.24, ""labels"": [321]}]"
2026_08_16/000,e1,v7,,ours,89.27,91.31,2.04,1.664,石榴,78,1.0,0.324,0.504,0.0,0.0,0.676,object#17,,1,1,,,,1,"[{""name"": ""石榴"", ""share"": 1.0, ""q"": 0.324, ""capture"": 0.504, ""miss_deg"": 1.17, ""labels"": [78]}]"
2026_08_16/000,e1,v7,,ours,91.43,94.96,3.53,1.652,石榴,78,1.0,0.194,0.298,0.0,0.0,0.806,object#17,,1,1,8,石榴,1,1,"[{""name"": ""石榴"", ""share"": 1.0, ""q"": 0.194, ""capture"": 0.298, ""miss_deg"": 1.56, ""labels"": [78]}]"
2026_08_16/000,e1,v7,,ours,95.48,96.04,0.56,1.494,香蕉,323,1.0,0.574,0.574,0.0,0.0,0.426,object#316,,1,1,,,,2,"[{""name"": ""香蕉"", ""share"": 1.0, ""q"": 0.574, ""capture"": 0.574, ""miss_deg"": 1.05, ""labels"": [323]}, {""name"": ""球L"", ""share"": 0.0, ""q"": 0.0, ""capture"": 0.0, ""miss_deg"": 4.34, ""labels"": [320]}]"
2026_08_16/000,e1,v7,,ours,96.09,96.77,0.68,1.574,香蕉,323,1.0,0.495,0.495,0.0,0.0,0.505,object#316,,1,1,,,,1,"[{""name"": ""香蕉"", ""share"": 1.0, ""q"": 0.495, ""capture"": 0.495, ""miss_deg"": 1.19, ""labels"": [323]}]"
2026_08_16/000,e1,v7,,ours,96.92,98.03,1.1,1.572,香蕉,323,1.0,0.512,0.512,0.0,0.0,0.488,object#316,,1,1,9,香蕉,1,2,"[{""name"": ""香蕉"", ""share"": 1.0, ""q"": 0.512, ""capture"": 0.512, ""miss_deg"": 1.16, ""labels"": [323]}, {""name"": ""苹果"", ""share"": 0.0, ""q"": 0.0, ""capture"": 0.0, ""miss_deg"": 4.02, ""labels"": [300]}]"
2026_08_16/000,e1,v7,,ours,98.42,99.43,1.01,1.597,香蕉,323,0.996,0.522,0.522,0.006,0.004,0.476,object#316,,1,1,9,香蕉,1,2,"[{""name"": ""香蕉"", ""share"": 0.996, ""q"": 0.522, ""capture"": 0.522, ""miss_deg"": 1.14, ""labels"": [323]}, {""name"": ""苹果"", ""share"": 0.004, ""q"": 0.002, ""capture"": 0.003, ""miss_deg"": 3.43, ""labels"": [300]}]"
2026_08_16/000,e1,v7,,ours,99.79,100.65,0.87,1.608,香蕉,323,0.993,0.544,0.544,0.009,0.007,0.452,object#316,,1,1,9,香蕉,1,2,"[{""name"": ""香蕉"", ""share"": 0.993, ""q"": 0.544, ""capture"": 0.544, ""miss_deg"": 1.1, ""labels"": [323]}, {""name"": ""苹果"", ""share"": 0.007, ""q"": 0.004, ""capture"": 0.005, ""miss_deg"": 3.25, ""labels"": [300]}]"
2026_08_16/000,e1,v7,,ours,101.26,101.76,0.5,1.649,香蕉,323,0.713,0.207,0.207,0.575,0.403,0.71,object#10,,1,1,9,香蕉,1,2,"[{""name"": ""香蕉"", ""share"": 0.713, ""q"": 0.207, ""capture"": 0.207, ""miss_deg"": 1.77, ""labels"": [323]}, {""name"": ""苹果"", ""share"": 0.287, ""q"": 0.083, ""capture"": 0.119, ""miss_deg"": 2.06, ""labels"": [300]}]"
2026_08_16/000,e1,v7,,ours,102.44,105.28,2.83,1.453,球L,320,0.926,0.346,0.45,0.062,0.08,0.626,object#316,,1,1,,,,2,"[{""name"": ""球L"", ""share"": 0.926, ""q"": 0.346, ""capture"": 0.45, ""miss_deg"": 1.26, ""labels"": [320]}, {""name"": ""香蕉"", ""share"": 0.074, ""q"": 0.028, ""capture"": 0.028, ""miss_deg"": 2.68, ""labels"": [323]}]"
2026_08_16/000,e1,v7,,ours,105.38,108.98,3.6,1.487,球L,320,0.514,0.142,0.189,0.714,0.946,0.723,object#316,,0,0,10,球L,1,2,"[{""name"": ""球L"", ""share"": 0.514, ""q"": 0.142, ""capture"": 0.189, ""miss_deg"": 1.83, ""labels"": [320]}, {""name"": ""香蕉"", ""share"": 0.486, ""q"": 0.135, ""capture"": 0.135, ""miss_deg"": 2.0, ""labels"": [323]}]"
2026_08_16/000,e1,v7,,ours,109.36,111.89,2.53,1.65,苹果,300,0.941,0.234,0.333,0.045,0.063,0.752,object#10,,1,1,,,,2,"[{""name"": ""苹果"", ""share"": 0.941, ""q"": 0.234, ""capture"": 0.333, ""miss_deg"": 1.48, ""labels"": [300]}, {""name"": ""香蕉"", ""share"": 0.059, ""q"": 0.015, ""capture"": 0.015, ""miss_deg"": 2.9, ""labels"": [323]}]"
2026_08_16/000,e1,v7,,ours,112.0,112.83,0.83,1.654,苹果,300,0.99,0.24,0.341,0.006,0.01,0.758,object#10,,1,1,11,苹果,1,2,"[{""name"": ""苹果"", ""share"": 0.99, ""q"": 0.24, ""capture"": 0.341, ""miss_deg"": 1.47, ""labels"": [300]}, {""name"": ""香蕉"", ""share"": 0.01, ""q"": 0.002, ""capture"": 0.002, ""miss_deg"": 3.47, ""labels"": [323]}]"
2026_08_16/000,e1,v7,,ours,113.15,114.45,1.3,1.663,苹果,300,1.0,0.154,0.219,0.0,0.0,0.846,object#10,,1,1,11,苹果,1,1,"[{""name"": ""苹果"", ""share"": 1.0, ""q"": 0.154, ""capture"": 0.219, ""miss_deg"": 1.74, ""labels"": [300]}]"
2026_08_16/000,e1,v7,,ours,114.56,114.84,0.28,1.664,苹果,300,0.962,0.158,0.225,0.027,0.04,0.836,object#10,,1,1,11,苹果,1,2,"[{""name"": ""苹果"", ""share"": 0.962, ""q"": 0.158, ""capture"": 0.225, ""miss_deg"": 1.73, ""labels"": [300]}, {""name"": ""香蕉"", ""share"": 0.038, ""q"": 0.006, ""capture"": 0.006, ""miss_deg"": 3.18, ""labels"": [323]}]"
2026_08_16/000,e1,v7,,ours,114.94,116.34,1.4,1.666,苹果,300,0.924,0.132,0.188,0.059,0.082,0.857,object#10,,0,0,11,苹果,1,2,"[{""name"": ""苹果"", ""share"": 0.924, ""q"": 0.132, ""capture"": 0.188, ""miss_deg"": 1.83, ""labels"": [300]}, {""name"": ""香蕉"", ""share"": 0.076, ""q"": 0.011, ""capture"": 0.011, ""miss_deg"": 3.01, ""labels"": [323]}]"
2026_08_16/000,e1,v7,,ours,116.39,116.71,0.32,1.557,球M,321,1.0,0.014,0.021,0.0,0.0,0.986,object#17,,0,0,,,,1,"[{""name"": ""球M"", ""share"": 1.0, ""q"": 0.014, ""capture"": 0.021, ""miss_deg"": 2.79, ""labels"": [321]}]"
2026_08_16/000,e1,v7,,ours,117.61,123.36,5.75,1.473,球R,322,1.0,0.081,0.135,0.0,0.0,0.919,object#318,,0,0,12,球R,1,1,"[{""name"": ""球R"", ""share"": 1.0, ""q"": 0.081, ""capture"": 0.135, ""miss_deg"": 2.0, ""labels"": [322]}]"
2026_08_16/000,e1,v7,,ours,125.44,125.75,0.3,1.305,,-1,0.0,0.0,,,,1.0,object#20,,0,0,,,,0,[]
2026_08_16/000,e1,v7,,ours,127.5,127.78,0.27,1.096,,-1,0.0,0.0,,,,1.0,object#59,,0,0,,,,0,[]
2026_08_16/000,e1,v7,,ours,128.06,128.34,0.28,1.205,,-1,0.0,0.0,,,,1.0,object#67,,0,0,,,,0,[]
2026_08_16/001,e2,v7,stress,ours,8.06,8.71,0.65,2.539,,-1,0.0,0.0,,,,1.0,floor,,0,0,,,,0,[]
2026_08_16/001,e2,v7,stress,ours,8.88,9.2,0.32,2.76,,-1,0.0,0.0,,,,1.0,floor,,0,0,,,,0,[]
2026_08_16/001,e2,v7,stress,ours,9.25,9.69,0.43,3.059,,-1,0.0,0.0,,,,1.0,floor,,0,0,,,,0,[]
2026_08_16/001,e2,v7,stress,ours,10.59,10.86,0.27,2.847,,-1,0.0,0.0,,,,1.0,object#179,,0,0,,,,0,[]
2026_08_16/001,e2,v7,stress,ours,10.91,11.29,0.38,3.104,球M,321,1.0,0.031,0.136,0.0,0.0,0.969,object#179,,0,0,,,,1,"[{""name"": ""球M"", ""share"": 1.0, ""q"": 0.031, ""capture"": 0.136, ""miss_deg"": 2.0, ""labels"": [321]}]"
2026_08_16/001,e2,v7,stress,ours,11.4,11.94,0.54,3.057,,-1,0.0,0.0,,,,1.0,object#46,,0,0,,,,0,[]
2026_08_16/001,e2,v7,stress,ours,12.59,15.9,3.3,3.175,,-1,0.0,0.0,,,,1.0,object#10,,0,0,,,,0,[]
2026_08_16/001,e2,v7,stress,ours,16.18,18.34,2.17,3.164,球L,320,1.0,0.001,0.005,0.0,0.0,0.999,object#10,,0,0,1,球L,1,1,"[{""name"": ""球L"", ""share"": 1.0, ""q"": 0.001, ""capture"": 0.005, ""miss_deg"": 3.28, ""labels"": [320]}]"
2026_08_16/001,e2,v7,stress,ours,18.72,19.1,0.38,3.171,球L,320,1.0,0.001,0.004,0.0,0.0,0.999,object#46,,0,0,1,球L,1,1,"[{""name"": ""球L"", ""share"": 1.0, ""q"": 0.001, ""capture"": 0.004, ""miss_deg"": 3.31, ""labels"": [320]}]"
2026_08_16/001,e2,v7,stress,ours,19.64,20.4,0.76,3.193,,-1,0.0,0.0,,,,1.0,object#305,,0,0,,,,0,[]
2026_08_16/001,e2,v7,stress,ours,20.85,21.83,0.97,3.2,,-1,0.0,0.0,,,,1.0,object#130,,0,0,,,,0,[]
2026_08_16/001,e2,v7,stress,ours,21.88,22.48,0.6,3.21,球R,322,1.0,0.012,0.072,0.0,0.0,0.988,object#130,,0,0,,,,1,"[{""name"": ""球R"", ""share"": 1.0, ""q"": 0.012, ""capture"": 0.072, ""miss_deg"": 2.29, ""labels"": [322]}]"
2026_08_16/001,e2,v7,stress,ours,22.91,24.97,2.06,3.183,,-1,0.0,0.0,,,,1.0,object#130,,0,0,,,,0,[]
2026_08_16/001,e2,v7,stress,ours,25.14,26.0,0.87,3.189,,-1,0.0,0.0,,,,1.0,object#130,,0,0,,,,0,[]
2026_08_16/001,e2,v7,stress,ours,26.62,27.75,1.14,3.165,球L,320,0.869,0.105,0.427,0.049,0.151,0.879,object#316,,1,1,,,,2,"[{""name"": ""球L"", ""share"": 0.869, ""q"": 0.105, ""capture"": 0.427, ""miss_deg"": 1.3, ""labels"": [320]}, {""name"": ""香蕉"", ""share"": 0.131, ""q"": 0.016, ""capture"": 0.021, ""miss_deg"": 2.78, ""labels"": [323]}]"
2026_08_16/001,e2,v7,stress,ours,27.92,28.57,0.65,3.268,球L,320,0.845,0.067,0.289,0.059,0.183,0.921,object#316,,1,1,,,,2,"[{""name"": ""球L"", ""share"": 0.845, ""q"": 0.067, ""capture"": 0.289, ""miss_deg"": 1.57, ""labels"": [320]}, {""name"": ""香蕉"", ""share"": 0.155, ""q"": 0.012, ""capture"": 0.017, ""miss_deg"": 2.85, ""labels"": [323]}]"
2026_08_16/001,e2,v7,stress,ours,28.82,31.52,2.71,3.284,球L,320,0.867,0.093,0.402,0.05,0.153,0.893,object#316,,1,1,,,,2,"[{""name"": ""球L"", ""share"": 0.867, ""q"": 0.093, ""capture"": 0.402, ""miss_deg"": 1.35, ""labels"": [320]}, {""name"": ""香蕉"", ""share"": 0.133, ""q"": 0.014, ""capture"": 0.02, ""miss_deg"": 2.8, ""labels"": [323]}]"
2026_08_16/001,e2,v7,stress,ours,31.58,31.85,0.27,3.283,球L,320,0.487,0.007,0.03,0.333,1.053,0.986,object#46,,0,0,,,,2,"[{""name"": ""球L"", ""share"": 0.487, ""q"": 0.007, ""capture"": 0.03, ""miss_deg"": 2.65, ""labels"": [320]}, {""name"": ""香蕉"", ""share"": 0.513, ""q"": 0.007, ""capture"": 0.01, ""miss_deg"": 3.03, ""labels"": [323]}]"
2026_08_16/001,e2,v7,stress,ours,32.18,32.5,0.32,3.286,球L,320,0.714,0.122,0.528,0.119,0.367,0.829,object#316,,1,1,2,球R,0,3,"[{""name"": ""球L"", ""share"": 0.714, ""q"": 0.122, ""capture"": 0.528, ""miss_deg"": 1.13, ""labels"": [320]}, {""name"": ""香蕉"", ""share"": 0.262, ""q"": 0.045, ""capture"": 0.063, ""miss_deg"": 2.35, ""labels"": [323]}, {""name"": ""苹果"", ""share"": 0.024, ""q"": 0.004, ""capture"": 0.016, ""miss_deg"": 2.87, ""labels"": [300]}]"
2026_08_16/001,e2,v7,stress,ours,32.56,33.64,1.08,3.305,球R,322,0.887,0.102,0.624,0.093,0.127,0.885,object#318,,1,1,2,球R,1,2,"[{""name"": ""球R"", ""share"": 0.887, ""q"": 0.102, ""capture"": 0.624, ""miss_deg"": 0.97, ""labels"": [322]}, {""name"": ""石榴"", ""share"": 0.113, ""q"": 0.013, ""capture"": 0.058, ""miss_deg"": 2.38, ""labels"": [78]}]"
2026_08_16/001,e2,v7,stress,ours,33.8,34.24,0.43,3.327,球R,322,0.983,0.03,0.184,0.011,0.017,0.969,object#318,,0,0,2,球R,1,2,"[{""name"": ""球R"", ""share"": 0.983, ""q"": 0.03, ""capture"": 0.184, ""miss_deg"": 1.84, ""labels"": [322]}, {""name"": ""石榴"", ""share"": 0.017, ""q"": 0.001, ""capture"": 0.002, ""miss_deg"": 3.48, ""labels"": [78]}]"
2026_08_16/001,e2,v7,stress,ours,34.47,37.77,3.3,3.316,球R,322,0.885,0.055,0.338,0.095,0.13,0.938,object#318,,1,1,2,球R,1,2,"[{""name"": ""球R"", ""share"": 0.885, ""q"": 0.055, ""capture"": 0.338, ""miss_deg"": 1.47, ""labels"": [322]}, {""name"": ""石榴"", ""share"": 0.115, ""q"": 0.007, ""capture"": 0.032, ""miss_deg"": 2.62, ""labels"": [78]}]"
2026_08_16/001,e2,v7,stress,ours,38.0,38.71,0.7,3.326,球R,322,1.0,0.056,0.341,0.0,0.0,0.944,object#318,,1,1,2,球R,1,1,"[{""name"": ""球R"", ""share"": 1.0, ""q"": 0.056, ""capture"": 0.341, ""miss_deg"": 1.47, ""labels"": [322]}]"
2026_08_16/001,e2,v7,stress,ours,38.98,39.9,0.92,3.31,球R,322,0.84,0.073,0.448,0.141,0.19,0.913,object#318,,1,1,2,球R,1,2,"[{""name"": ""球R"", ""share"": 0.84, ""q"": 0.073, ""capture"": 0.448, ""miss_deg"": 1.27, ""labels"": [322]}, {""name"": ""石榴"", ""share"": 0.16, ""q"": 0.014, ""capture"": 0.063, ""miss_deg"": 2.35, ""labels"": [78]}]"
2026_08_16/001,e2,v7,stress,ours,40.15,40.42,0.27,3.515,球M,321,1.0,0.005,0.027,0.0,0.0,0.995,object#46,,0,0,,,,1,"[{""name"": ""球M"", ""share"": 1.0, ""q"": 0.005, ""capture"": 0.027, ""miss_deg"": 2.68, ""labels"": [321]}]"
2026_08_16/001,e2,v7,stress,ours,40.53,40.91,0.38,3.452,,-1,0.0,0.0,,,,1.0,object#46,,0,0,,,,0,[]
2026_08_16/001,e2,v7,stress,ours,43.74,45.42,1.68,3.61,球M,321,1.0,0.015,0.093,0.0,0.0,0.985,object#46,,0,0,5,球M,1,1,"[{""name"": ""球M"", ""share"": 1.0, ""q"": 0.015, ""capture"": 0.093, ""miss_deg"": 2.18, ""labels"": [321]}]"
2026_08_16/001,e2,v7,stress,ours,46.8,49.4,2.6,3.275,球L,320,0.741,0.042,0.183,0.115,0.35,0.943,object#316,,0,0,,,,2,"[{""name"": ""球L"", ""share"": 0.741, ""q"": 0.042, ""capture"": 0.183, ""miss_deg"": 1.84, ""labels"": [320]}, {""name"": ""香蕉"", ""share"": 0.259, ""q"": 0.015, ""capture"": 0.021, ""miss_deg"": 2.79, ""labels"": [323]}]"
2026_08_16/001,e2,v7,stress,ours,49.66,51.12,1.46,3.274,球L,320,0.565,0.05,0.217,0.244,0.77,0.911,object#316,,1,1,,,,2,"[{""name"": ""球L"", ""share"": 0.565, ""q"": 0.05, ""capture"": 0.217, ""miss_deg"": 1.75, ""labels"": [320]}, {""name"": ""香蕉"", ""share"": 0.435, ""q"": 0.039, ""capture"": 0.053, ""miss_deg"": 2.42, ""labels"": [323]}]"
2026_08_16/001,e2,v7,stress,ours,51.44,53.07,1.62,3.277,球L,320,1.0,0.0,0.001,0.0,0.0,1.0,object#46,,0,0,,,,1,"[{""name"": ""球L"", ""share"": 1.0, ""q"": 0.0, ""capture"": 0.001, ""miss_deg"": 3.66, ""labels"": [320]}]"
2026_08_16/001,e2,v7,stress,ours,53.44,54.14,0.7,3.298,球L,320,0.814,0.108,0.466,0.071,0.217,0.868,object#316,,1,1,,,,3,"[{""name"": ""球L"", ""share"": 0.814, ""q"": 0.108, ""capture"": 0.466, ""miss_deg"": 1.24, ""labels"": [320]}, {""name"": ""香蕉"", ""share"": 0.177, ""q"": 0.023, ""capture"": 0.033, ""miss_deg"": 2.61, ""labels"": [323]}, {""name"": ""苹果"", ""share"": 0.009, ""q"": 0.001, ""capture"": 0.005, ""miss_deg"": 3.26, ""labels"": [300]}]"
2026_08_16/001,e2,v7,stress,ours,54.2,56.53,2.33,3.274,球L,320,0.655,0.113,0.488,0.152,0.47,0.828,object#316,,1,1,,,,3,"[{""name"": ""球L"", ""share"": 0.655, ""q"": 0.113, ""capture"": 0.488, ""miss_deg"": 1.2, ""labels"": [320]}, {""name"": ""香蕉"", ""share"": 0.308, ""q"": 0.053, ""capture"": 0.074, ""miss_deg"": 2.28, ""labels"": [323]}, {""name"": ""苹果"", ""share"": 0.037, ""q"": 0.006, ""capture"": 0.025, ""miss_deg"": 2.72, ""labels"": [300]}]"
2026_08_16/001,e2,v7,stress,ours,56.74,59.83,3.09,3.27,球L,320,0.636,0.117,0.506,0.152,0.475,0.816,object#316,,1,1,,,,3,"[{""name"": ""球L"", ""share"": 0.636, ""q"": 0.117, ""capture"": 0.506, ""miss_deg"": 1.17, ""labels"": [320]}, {""name"": ""香蕉"", ""share"": 0.302, ""q"": 0.056, ""capture"": 0.077, ""miss_deg"": 2.26, ""labels"": [323]}, {""name"": ""苹果"", ""share"": 0.062, ""q"": 0.011, ""capture"": 0.045, ""miss_deg"": 2.49, ""labels"": [300]}]"
2026_08_16/001,e2,v7,stress,ours,60.49,62.76,2.27,3.338,球R,322,0.719,0.064,0.391,0.286,0.391,0.911,object#318,,1,1,10,球R,1,2,"[{""name"": ""球R"", ""share"": 0.719, ""q"": 0.064, ""capture"": 0.391, ""miss_deg"": 1.37, ""labels"": [322]}, {""name"": ""石榴"", ""share"": 0.281, ""q"": 0.025, ""capture"": 0.112, ""miss_deg"": 2.09, ""labels"": [78]}]"
2026_08_16/001,e2,v7,stress,ours,62.99,66.51,3.52,3.328,球R,322,1.0,0.022,0.135,0.0,0.0,0.978,object#318,,0,0,10,球R,1,1,"[{""name"": ""球R"", ""share"": 1.0, ""q"": 0.022, ""capture"": 0.135, ""miss_deg"": 2.0, ""labels"": [322]}]"
2026_08_16/001,e2,v7,stress,ours,67.2,69.42,2.22,3.275,球L,320,0.798,0.01,0.045,0.089,0.253,0.987,object#46,,0,0,11,球L,1,2,"[{""name"": ""球L"", ""share"": 0.798, ""q"": 0.01, ""capture"": 0.045, ""miss_deg"": 2.49, ""labels"": [320]}, {""name"": ""香蕉"", ""share"": 0.202, ""q"": 0.003, ""capture"": 0.004, ""miss_deg"": 3.35, ""labels"": [323]}]"
2026_08_16/001,e2,v7,stress,ours,69.64,71.37,1.73,3.283,球L,320,1.0,0.004,0.018,0.0,0.0,0.996,object#46,,0,0,11,球L,1,1,"[{""name"": ""球L"", ""share"": 1.0, ""q"": 0.004, ""capture"": 0.018, ""miss_deg"": 2.84, ""labels"": [320]}]"
2026_08_16/001,e2,v7,stress,ours,71.61,73.88,2.27,3.287,球L,320,0.642,0.043,0.188,0.181,0.558,0.932,object#316,,0,0,11,球L,1,2,"[{""name"": ""球L"", ""share"": 0.642, ""q"": 0.043, ""capture"": 0.188, ""miss_deg"": 1.83, ""labels"": [320]}, {""name"": ""香蕉"", ""share"": 0.358, ""q"": 0.024, ""capture"": 0.034, ""miss_deg"": 2.6, ""labels"": [323]}]"
2026_08_16/001,e2,v7,stress,ours,74.13,80.95,6.82,3.305,,-1,0.0,0.0,,,,1.0,object#130,,0,0,,,,0,[]
2026_08_16/001,e2,v7,stress,ours,81.41,81.68,0.27,3.522,球M,321,1.0,0.006,0.029,0.0,0.0,0.994,object#135,,0,0,,,,1,"[{""name"": ""球M"", ""share"": 1.0, ""q"": 0.006, ""capture"": 0.029, ""miss_deg"": 2.66, ""labels"": [321]}]"
2026_08_16/001,e2,v7,stress,ours,81.85,86.29,4.44,3.285,,-1,0.0,0.0,,,,1.0,object#10,,0,0,,,,0,[]
2026_08_16/001,e2,v7,stress,ours,86.34,87.86,1.52,3.295,球L,320,0.848,0.015,0.066,0.061,0.179,0.982,object#10,,0,0,,,,2,"[{""name"": ""球L"", ""share"": 0.848, ""q"": 0.015, ""capture"": 0.066, ""miss_deg"": 2.33, ""labels"": [320]}, {""name"": ""香蕉"", ""share"": 0.152, ""q"": 0.003, ""capture"": 0.004, ""miss_deg"": 3.33, ""labels"": [323]}]"
2026_08_16/001,e2,v7,stress,ours,89.87,90.14,0.27,3.453,球M,321,1.0,0.005,0.022,0.0,0.0,0.995,object#46,,0,0,,,,1,"[{""name"": ""球M"", ""share"": 1.0, ""q"": 0.005, ""capture"": 0.022, ""miss_deg"": 2.76, ""labels"": [321]}]"
2026_08_16/001,e2,v7,stress,ours,90.47,90.74,0.27,4.61,球M,321,0.996,0.089,0.814,0.001,0.004,0.91,object#250,,1,1,,,,2,"[{""name"": ""球M"", ""share"": 0.996, ""q"": 0.089, ""capture"": 0.814, ""miss_deg"": 0.64, ""labels"": [321]}, {""name"": ""香蕉"", ""share"": 0.004, ""q"": 0.0, ""capture"": 0.001, ""miss_deg"": 3.76, ""labels"": [323]}]"
2026_08_16/001,e2,v7,stress,ours,91.28,91.61,0.32,3.661,球M,321,1.0,0.029,0.176,0.0,0.0,0.971,object#46,,0,0,,,,1,"[{""name"": ""球M"", ""share"": 1.0, ""q"": 0.029, ""capture"": 0.176, ""miss_deg"": 1.86, ""labels"": [321]}]"
2026_08_16/001,e2,v7,stress,ours,93.23,93.5,0.27,3.709,球M,321,1.0,0.035,0.212,0.0,0.0,0.965,object#179,,1,1,12,球M,1,1,"[{""name"": ""球M"", ""share"": 1.0, ""q"": 0.035, ""capture"": 0.212, ""miss_deg"": 1.76, ""labels"": [321]}]"
2026_08_16/001,e2,v7,stress,ours,93.93,94.91,0.97,3.438,球M,321,1.0,0.001,0.007,0.0,0.0,0.999,object#46,,0,0,12,球M,1,1,"[{""name"": ""球M"", ""share"": 1.0, ""q"": 0.001, ""capture"": 0.007, ""miss_deg"": 3.16, ""labels"": [321]}]"
2026_08_16/001,e2,v7,stress,ours,95.12,95.56,0.43,4.571,球M,321,1.0,0.056,0.513,0.0,0.0,0.944,object#46,,1,1,12,球M,1,1,"[{""name"": ""球M"", ""share"": 1.0, ""q"": 0.056, ""capture"": 0.513, ""miss_deg"": 1.16, ""labels"": [321]}]"
2026_08_16/001,e2,v7,stress,ours,96.63,96.9,0.27,4.012,,-1,0.0,0.0,,,,1.0,object#187,,0,0,,,,0,[]
2026_08_16/001,e2,v7,stress,ours,99.92,100.19,0.27,2.123,,-1,0.0,0.0,,,,1.0,floor,,0,0,,,,0,[]
2026_08_16/s1,s1,v7,,ours,2.85,3.39,0.54,1.11,,-1,0.0,0.0,,,,1.0,object#187,,0,0,,,,0,[]
2026_08_16/s1,s1,v7,,ours,3.45,3.83,0.38,1.152,,-1,0.0,0.0,,,,1.0,object#187,,0,0,,,,0,[]
2026_08_16/s1,s1,v7,,ours,6.42,6.69,0.27,2.254,,-1,0.0,0.0,,,,1.0,object#187,,0,0,,,,0,[]
2026_08_16/s1,s1,v7,,ours,9.53,9.8,0.27,2.217,,-1,0.0,0.0,,,,1.0,object#20,,0,0,,,,0,[]
2026_08_16/s1,s1,v7,,ours,10.44,10.71,0.27,2.258,,-1,0.0,0.0,,,,1.0,object#20,,0,0,,,,0,[]
2026_08_16/s1,s1,v7,,ours,10.77,11.26,0.49,2.178,,-1,0.0,0.0,,,,1.0,object#20,,0,0,,,,0,[]
2026_08_16/s1,s1,v7,,ours,11.55,12.74,1.19,2.526,,-1,0.0,0.0,,,,1.0,object#32,,0,0,,,,0,[]
2026_08_16/s1,s1,v7,,ours,13.86,14.24,0.38,1.613,球M,321,1.0,0.21,0.329,0.0,0.0,0.79,object#17,,1,1,,,,1,"[{""name"": ""球M"", ""share"": 1.0, ""q"": 0.21, ""capture"": 0.329, ""miss_deg"": 1.49, ""labels"": [321]}]"
2026_08_16/s1,s1,v7,,ours,14.51,15.0,0.49,1.756,,-1,0.0,0.0,,,,1.0,object#34,,0,0,,,,0,[]
2026_08_16/s1,s1,v7,,ours,16.01,19.69,3.68,1.615,球R,322,1.0,0.457,0.839,0.0,0.0,0.543,object#318,,1,1,1,球R,1,1,"[{""name"": ""球R"", ""share"": 1.0, ""q"": 0.457, ""capture"": 0.839, ""miss_deg"": 0.59, ""labels"": [322]}]"
2026_08_16/s1,s1,v7,,ours,19.96,20.23,0.27,1.603,球R,322,1.0,0.544,0.999,0.0,0.0,0.456,object#318,,1,1,1,球R,1,1,"[{""name"": ""球R"", ""share"": 1.0, ""q"": 0.544, ""capture"": 0.999, ""miss_deg"": 0.03, ""labels"": [322]}]"
2026_08_16/s1,s1,v7,,ours,20.53,22.37,1.84,1.606,球R,322,1.0,0.554,1.018,0.0,0.0,0.446,object#318,,1,1,1,球R,1,1,"[{""name"": ""球R"", ""share"": 1.0, ""q"": 0.554, ""capture"": 1.018, ""miss_deg"": 0.0, ""labels"": [322]}]"
2026_08_16/s1,s1,v7,,ours,22.76,29.26,6.5,1.53,球L,320,1.0,0.678,0.915,0.0,0.0,0.322,object#316,,1,1,2,球L,1,1,"[{""name"": ""球L"", ""share"": 1.0, ""q"": 0.678, ""capture"": 0.915, ""miss_deg"": 0.42, ""labels"": [320]}]"
2026_08_16/s1,s1,v7,,ours,29.8,31.31,1.52,1.488,球M,321,1.0,0.791,1.126,0.0,0.0,0.209,object#17,,1,1,,,,1,"[{""name"": ""球M"", ""share"": 1.0, ""q"": 0.791, ""capture"": 1.126, ""miss_deg"": 0.0, ""labels"": [321]}]"
2026_08_16/s1,s1,v7,,ours,31.58,32.4,0.81,1.485,球M,321,1.0,0.723,1.03,0.0,0.0,0.277,object#17,,1,1,3,球M,1,1,"[{""name"": ""球M"", ""share"": 1.0, ""q"": 0.723, ""capture"": 1.03, ""miss_deg"": 0.0, ""labels"": [321]}]"
2026_08_16/s1,s1,v7,,ours,32.75,36.27,3.52,1.485,球M,321,1.0,0.628,0.893,0.0,0.0,0.372,object#17,,1,1,3,球M,1,1,"[{""name"": ""球M"", ""share"": 1.0, ""q"": 0.628, ""capture"": 0.893, ""miss_deg"": 0.47, ""labels"": [321]}]"
2026_08_16/s1,s1,v7,,ours,36.45,36.94,0.49,1.526,球L,320,1.0,0.436,0.588,0.0,0.0,0.564,object#316,,1,1,,,,1,"[{""name"": ""球L"", ""share"": 1.0, ""q"": 0.436, ""capture"": 0.588, ""miss_deg"": 1.03, ""labels"": [320]}]"
2026_08_16/s1,s1,v7,,ours,37.0,38.3,1.3,1.514,球L,320,1.0,0.693,0.935,0.0,0.0,0.307,object#316,,1,1,,,,1,"[{""name"": ""球L"", ""share"": 1.0, ""q"": 0.693, ""capture"": 0.935, ""miss_deg"": 0.37, ""labels"": [320]}]"
2026_08_16/s1,s1,v7,,ours,38.62,39.32,0.7,1.525,球L,320,1.0,0.546,0.738,0.0,0.0,0.454,object#316,,1,1,4,球L,1,1,"[{""name"": ""球L"", ""share"": 1.0, ""q"": 0.546, ""capture"": 0.738, ""miss_deg"": 0.78, ""labels"": [320]}]"
2026_08_16/s1,s1,v7,,ours,39.38,39.76,0.38,1.56,香蕉,323,0.643,0.141,0.141,0.794,0.555,0.78,object#316,,0,0,4,球L,0,2,"[{""name"": ""香蕉"", ""share"": 0.643, ""q"": 0.141, ""capture"": 0.141, ""miss_deg"": 1.98, ""labels"": [323]}, {""name"": ""球L"", ""share"": 0.357, ""q"": 0.078, ""capture"": 0.112, ""miss_deg"": 2.09, ""labels"": [320]}]"
2026_08_16/s1,s1,v7,,ours,39.81,42.95,3.14,1.539,球L,320,0.999,0.648,0.891,0.0,0.001,0.352,object#316,,1,1,4,球L,1,2,"[{""name"": ""球L"", ""share"": 0.999, ""q"": 0.648, ""capture"": 0.891, ""miss_deg"": 0.48, ""labels"": [320]}, {""name"": ""香蕉"", ""share"": 0.001, ""q"": 0.0, ""capture"": 0.0, ""miss_deg"": 4.0, ""labels"": [323]}]"
2026_08_16/s1,s1,v7,,ours,43.84,49.85,6.01,1.498,球M,321,1.0,0.742,1.056,0.0,0.0,0.258,object#17,,1,1,5,球M,1,1,"[{""name"": ""球M"", ""share"": 1.0, ""q"": 0.742, ""capture"": 1.056, ""miss_deg"": 0.0, ""labels"": [321]}]"
2026_08_16/s1,s1,v7,,ours,50.63,54.15,3.52,1.499,球M,321,1.0,0.753,1.072,0.0,0.0,0.247,object#17,,1,1,6,球M,1,1,"[{""name"": ""球M"", ""share"": 1.0, ""q"": 0.753, ""capture"": 1.072, ""miss_deg"": 0.0, ""labels"": [321]}]"
2026_08_16/s1,s1,v7,,ours,54.2,54.69,0.49,1.566,球M,321,1.0,0.342,0.51,0.0,0.0,0.658,object#10,,1,1,6,球M,1,1,"[{""name"": ""球M"", ""share"": 1.0, ""q"": 0.342, ""capture"": 0.51, ""miss_deg"": 1.16, ""labels"": [321]}]"
2026_08_16/s1,s1,v7,,ours,54.75,55.4,0.65,1.485,球M,321,1.0,0.723,1.029,0.0,0.0,0.277,object#17,,1,1,6,球M,1,1,"[{""name"": ""球M"", ""share"": 1.0, ""q"": 0.723, ""capture"": 1.029, ""miss_deg"": 0.0, ""labels"": [321]}]"
2026_08_16/s1,s1,v7,,ours,55.67,56.69,1.03,1.48,球M,321,1.0,0.792,1.127,0.0,0.0,0.208,object#17,,1,1,6,球M,1,1,"[{""name"": ""球M"", ""share"": 1.0, ""q"": 0.792, ""capture"": 1.127, ""miss_deg"": 0.0, ""labels"": [321]}]"
2026_08_16/s1,s1,v7,,ours,56.99,60.95,3.95,1.587,球R,322,1.0,0.578,1.061,0.0,0.0,0.422,object#318,,1,1,7,球R,1,1,"[{""name"": ""球R"", ""share"": 1.0, ""q"": 0.578, ""capture"": 1.061, ""miss_deg"": 0.0, ""labels"": [322]}]"
2026_08_16/s1,s1,v7,,ours,61.0,63.44,2.44,1.586,球R,322,1.0,0.592,1.087,0.0,0.0,0.408,object#318,,1,1,7,球R,1,1,"[{""name"": ""球R"", ""share"": 1.0, ""q"": 0.592, ""capture"": 1.087, ""miss_deg"": 0.0, ""labels"": [322]}]"
2026_08_16/s1,s1,v7,,ours,63.94,64.86,0.92,1.57,球L,320,1.0,0.381,0.542,0.0,0.0,0.619,object#316,,1,1,,,,1,"[{""name"": ""球L"", ""share"": 1.0, ""q"": 0.381, ""capture"": 0.542, ""miss_deg"": 1.11, ""labels"": [320]}]"
2026_08_16/s1,s1,v7,,ours,65.19,68.98,3.79,1.558,球L,320,1.0,0.466,0.664,0.0,0.0,0.534,object#316,,1,1,8,球L,1,1,"[{""name"": ""球L"", ""share"": 1.0, ""q"": 0.466, ""capture"": 0.664, ""miss_deg"": 0.9, ""labels"": [320]}]"
2026_08_16/s1,s1,v7,,ours,69.2,70.61,1.41,1.553,球L,320,1.0,0.627,0.888,0.0,0.0,0.373,object#316,,1,1,8,球L,1,1,"[{""name"": ""球L"", ""share"": 1.0, ""q"": 0.627, ""capture"": 0.888, ""miss_deg"": 0.49, ""labels"": [320]}]"
2026_08_16/s1,s1,v7,,ours,71.26,77.49,6.23,1.577,球L,320,1.0,0.407,0.58,0.0,0.0,0.593,object#316,,1,1,9,球L,1,1,"[{""name"": ""球L"", ""share"": 1.0, ""q"": 0.407, ""capture"": 0.58, ""miss_deg"": 1.04, ""labels"": [320]}]"
2026_08_16/s1,s1,v7,,ours,77.87,79.76,1.9,1.518,球M,321,1.0,0.567,0.816,0.0,0.0,0.433,object#17,,1,1,,,,1,"[{""name"": ""球M"", ""share"": 1.0, ""q"": 0.567, ""capture"": 0.816, ""miss_deg"": 0.64, ""labels"": [321]}]"
2026_08_16/s1,s1,v7,,ours,79.82,80.41,0.6,1.549,球M,321,1.0,0.449,0.653,0.0,0.0,0.551,object#17,,1,1,10,球M,1,1,"[{""name"": ""球M"", ""share"": 1.0, ""q"": 0.449, ""capture"": 0.653, ""miss_deg"": 0.92, ""labels"": [321]}]"
2026_08_16/s1,s1,v7,,ours,80.47,80.9,0.43,1.506,球M,321,1.0,0.79,1.125,0.0,0.0,0.21,object#17,,1,1,10,球M,1,1,"[{""name"": ""球M"", ""share"": 1.0, ""q"": 0.79, ""capture"": 1.125, ""miss_deg"": 0.0, ""labels"": [321]}]"
2026_08_16/s1,s1,v7,,ours,81.19,81.79,0.6,1.519,球M,321,1.0,0.604,0.87,0.0,0.0,0.396,object#17,,1,1,10,球M,1,1,"[{""name"": ""球M"", ""share"": 1.0, ""q"": 0.604, ""capture"": 0.87, ""miss_deg"": 0.53, ""labels"": [321]}]"
2026_08_16/s1,s1,v7,,ours,81.84,82.11,0.27,1.573,球M,321,1.0,0.076,0.113,0.0,0.0,0.924,object#10,,0,0,10,球M,1,1,"[{""name"": ""球M"", ""share"": 1.0, ""q"": 0.076, ""capture"": 0.113, ""miss_deg"": 2.09, ""labels"": [321]}]"
2026_08_16/s1,s1,v7,,ours,82.22,82.98,0.76,1.576,球M,321,1.0,0.336,0.503,0.0,0.0,0.664,object#17,,1,1,10,球M,1,1,"[{""name"": ""球M"", ""share"": 1.0, ""q"": 0.336, ""capture"": 0.503, ""miss_deg"": 1.17, ""labels"": [321]}]"
2026_08_16/s1,s1,v7,,ours,83.56,84.75,1.19,1.578,球M,321,1.0,0.248,0.371,0.0,0.0,0.752,object#17,,1,1,10,球M,1,1,"[{""name"": ""球M"", ""share"": 1.0, ""q"": 0.248, ""capture"": 0.371, ""miss_deg"": 1.41, ""labels"": [321]}]"
2026_08_16/s1,s1,v7,,ours,85.1,87.38,2.28,1.615,球R,322,1.0,0.347,0.637,0.0,0.0,0.653,object#318,,1,1,,,,1,"[{""name"": ""球R"", ""share"": 1.0, ""q"": 0.347, ""capture"": 0.637, ""miss_deg"": 0.95, ""labels"": [322]}]"
2026_08_16/s1,s1,v7,,ours,87.65,91.55,3.9,1.596,球R,322,1.0,0.257,0.472,0.0,0.0,0.743,object#318,,1,1,11,球R,1,1,"[{""name"": ""球R"", ""share"": 1.0, ""q"": 0.257, ""capture"": 0.472, ""miss_deg"": 1.23, ""labels"": [322]}]"
2026_08_16/s1,s1,v7,,ours,92.03,97.66,5.63,1.51,球M,321,1.0,0.579,0.824,0.0,0.0,0.421,object#317,,1,1,12,球M,1,1,"[{""name"": ""球M"", ""share"": 1.0, ""q"": 0.579, ""capture"": 0.824, ""miss_deg"": 0.62, ""labels"": [321]}]"
2026_08_16/s1,s1,v7,,ours,97.82,98.96,1.14,1.49,球M,321,1.0,0.837,1.191,0.0,0.0,0.163,object#317,,1,1,12,球M,1,1,"[{""name"": ""球M"", ""share"": 1.0, ""q"": 0.837, ""capture"": 1.191, ""miss_deg"": 0.0, ""labels"": [321]}]"
2026_08_16/s1,s1,v7,,ours,99.26,105.98,6.72,1.609,球R,322,1.0,0.543,0.997,0.0,0.0,0.457,object#318,,1,1,13,球R,1,1,"[{""name"": ""球R"", ""share"": 1.0, ""q"": 0.543, ""capture"": 0.997, ""miss_deg"": 0.08, ""labels"": [322]}]"
2026_08_16/s1,s1,v7,,ours,106.49,111.37,4.87,1.617,球R,322,1.0,0.462,0.849,0.0,0.0,0.538,object#318,,1,1,14,球R,1,1,"[{""name"": ""球R"", ""share"": 1.0, ""q"": 0.462, ""capture"": 0.849, ""miss_deg"": 0.57, ""labels"": [322]}]"
2026_08_16/s1,s1,v7,,ours,111.42,111.69,0.27,1.665,球R,322,1.0,0.012,0.022,0.0,0.0,0.988,object#17,,0,0,14,球R,1,1,"[{""name"": ""球R"", ""share"": 1.0, ""q"": 0.012, ""capture"": 0.022, ""miss_deg"": 2.76, ""labels"": [322]}]"
2026_08_16/s1,s1,v7,,ours,111.75,113.21,1.46,1.615,球R,322,1.0,0.335,0.616,0.0,0.0,0.665,object#318,,1,1,14,球R,1,1,"[{""name"": ""球R"", ""share"": 1.0, ""q"": 0.335, ""capture"": 0.616, ""miss_deg"": 0.98, ""labels"": [322]}]"
2026_08_16/s1,s1,v7,,ours,113.26,113.53,0.27,1.585,香蕉,323,1.0,0.016,0.016,0.0,0.0,0.984,object#17,,0,0,,,,1,"[{""name"": ""香蕉"", ""share"": 1.0, ""q"": 0.016, ""capture"": 0.016, ""miss_deg"": 2.87, ""labels"": [323]}]"
2026_08_16/s1,s1,v7,,ours,113.59,120.3,6.72,1.587,球L,320,1.0,0.366,0.521,0.0,0.0,0.634,object#316,,1,1,15,球L,1,1,"[{""name"": ""球L"", ""share"": 1.0, ""q"": 0.366, ""capture"": 0.521, ""miss_deg"": 1.14, ""labels"": [320]}]"
2026_08_16/s1,s1,v7,,ours,121.21,121.48,0.27,2.891,,-1,0.0,0.0,,,,1.0,object#187,,0,0,,,,0,[]
2026_08_16/s1,s1,v7,,ours,121.65,122.19,0.54,2.226,,-1,0.0,0.0,,,,1.0,object#187,,0,0,,,,0,[]
2026_08_16/s1,s1,v7,,ours,124.38,124.7,0.32,1.534,,-1,0.0,0.0,,,,1.0,object#59,,0,0,,,,0,[]
2026_08_16/s2,s2,v7,,ours,3.36,3.63,0.27,2.088,,-1,0.0,0.0,,,,1.0,object#32,,0,0,,,,0,[]
2026_08_16/s2,s2,v7,,ours,7.12,7.39,0.27,2.554,球M,321,1.0,0.332,1.051,0.0,0.0,0.668,object#17,,1,1,,,,1,"[{""name"": ""球M"", ""share"": 1.0, ""q"": 0.332, ""capture"": 1.051, ""miss_deg"": 0.0, ""labels"": [321]}]"
2026_08_16/s2,s2,v7,,ours,7.87,8.2,0.32,3.134,,-1,0.0,0.0,,,,1.0,object#20,,0,0,,,,0,[]
2026_08_16/s2,s2,v7,,ours,8.74,9.12,0.38,3.22,,-1,0.0,0.0,,,,1.0,object#20,,0,0,,,,0,[]
2026_08_16/s2,s2,v7,,ours,9.55,9.82,0.27,3.271,,-1,0.0,0.0,,,,1.0,object#20,,0,0,,,,0,[]
2026_08_16/s2,s2,v7,,ours,9.88,10.53,0.65,3.2,,-1,0.0,0.0,,,,1.0,object#187,,0,0,,,,0,[]
2026_08_16/s2,s2,v7,,ours,12.96,14.15,1.19,3.417,,-1,0.0,0.0,,,,1.0,object#32,,0,0,,,,0,[]
2026_08_16/s2,s2,v7,,ours,14.48,15.02,0.54,2.431,球M,321,0.995,0.212,0.57,0.002,0.005,0.787,object#17,,1,1,,,,2,"[{""name"": ""球M"", ""share"": 0.995, ""q"": 0.212, ""capture"": 0.57, ""miss_deg"": 1.06, ""labels"": [321]}, {""name"": ""香蕉"", ""share"": 0.005, ""q"": 0.001, ""capture"": 0.001, ""miss_deg"": 3.7, ""labels"": [323]}]"
2026_08_16/s2,s2,v7,,ours,15.4,15.73,0.32,2.405,香蕉,323,0.929,0.293,0.309,0.168,0.076,0.685,object#17,,1,1,,,,2,"[{""name"": ""香蕉"", ""share"": 0.929, ""q"": 0.293, ""capture"": 0.309, ""miss_deg"": 1.53, ""labels"": [323]}, {""name"": ""苹果"", ""share"": 0.071, ""q"": 0.022, ""capture"": 0.052, ""miss_deg"": 2.43, ""labels"": [300]}]"
2026_08_16/s2,s2,v7,,ours,15.78,16.05,0.27,2.427,苹果,300,0.415,0.228,0.53,0.634,1.381,0.449,object#316,,0,0,,,,3,"[{""name"": ""苹果"", ""share"": 0.415, ""q"": 0.228, ""capture"": 0.53, ""miss_deg"": 1.13, ""labels"": [300]}, {""name"": ""香蕉"", ""share"": 0.573, ""q"": 0.315, ""capture"": 0.336, ""miss_deg"": 1.48, ""labels"": [323]}, {""name"": ""球L"", ""share"": 0.012, ""q"": 0.007, ""capture"": 0.018, ""miss_deg"": 2.84, ""labels"": [320]}]"
2026_08_16/s2,s2,v7,,ours,16.38,16.81,0.43,2.449,球L,320,0.531,0.107,0.279,0.366,0.883,0.797,object#316,,1,1,,,,2,"[{""name"": ""球L"", ""share"": 0.531, ""q"": 0.107, ""capture"": 0.279, ""miss_deg"": 1.6, ""labels"": [320]}, {""name"": ""香蕉"", ""share"": 0.469, ""q"": 0.095, ""capture"": 0.102, ""miss_deg"": 2.14, ""labels"": [323]}]"
2026_08_16/s2,s2,v7,,ours,17.54,20.24,2.7,2.349,球M,321,1.0,0.4,1.076,0.0,0.0,0.6,object#317,,1,1,,,,1,"[{""name"": ""球M"", ""share"": 1.0, ""q"": 0.4, ""capture"": 1.076, ""miss_deg"": 0.0, ""labels"": [321]}]"
2026_08_16/s2,s2,v7,,ours,20.3,23.92,3.63,2.351,球M,321,1.0,0.337,0.904,0.0,0.0,0.663,object#317,,1,1,1,球M,1,1,"[{""name"": ""球M"", ""share"": 1.0, ""q"": 0.337, ""capture"": 0.904, ""miss_deg"": 0.45, ""labels"": [321]}]"
2026_08_16/s2,s2,v7,,ours,24.23,28.02,3.79,2.483,球R,322,0.995,0.152,0.561,0.004,0.005,0.847,object#318,,1,1,2,球R,1,2,"[{""name"": ""球R"", ""share"": 0.995, ""q"": 0.152, ""capture"": 0.561, ""miss_deg"": 1.07, ""labels"": [322]}, {""name"": ""石榴"", ""share"": 0.005, ""q"": 0.001, ""capture"": 0.002, ""miss_deg"": 3.52, ""labels"": [78]}]"
2026_08_16/s2,s2,v7,,ours,28.07,30.51,2.44,2.483,球R,322,0.996,0.128,0.474,0.002,0.004,0.871,object#318,,1,1,2,球R,1,2,"[{""name"": ""球R"", ""share"": 0.996, ""q"": 0.128, ""capture"": 0.474, ""miss_deg"": 1.22, ""labels"": [322]}, {""name"": ""石榴"", ""share"": 0.004, ""q"": 0.001, ""capture"": 0.001, ""miss_deg"": 3.63, ""labels"": [78]}]"
2026_08_16/s2,s2,v7,,ours,30.84,31.54,0.7,2.367,球M,321,1.0,0.285,0.767,0.0,0.0,0.715,object#317,,1,1,,,,1,"[{""name"": ""球M"", ""share"": 1.0, ""q"": 0.285, ""capture"": 0.767, ""miss_deg"": 0.73, ""labels"": [321]}]"
2026_08_16/s2,s2,v7,,ours,31.87,32.24,0.38,2.361,球M,321,1.0,0.485,1.302,0.0,0.0,0.515,object#317,,1,1,,,,1,"[{""name"": ""球M"", ""share"": 1.0, ""q"": 0.485, ""capture"": 1.302, ""miss_deg"": 0.0, ""labels"": [321]}]"
2026_08_16/s2,s2,v7,,ours,32.62,33.44,0.81,2.379,球M,321,1.0,0.426,1.145,0.0,0.0,0.574,object#317,,1,1,3,球M,1,1,"[{""name"": ""球M"", ""share"": 1.0, ""q"": 0.426, ""capture"": 1.145, ""miss_deg"": 0.0, ""labels"": [321]}]"
2026_08_16/s2,s2,v7,,ours,33.7,34.08,0.38,2.461,球M,321,1.0,0.143,0.417,0.0,0.0,0.857,object#34,,1,1,3,球M,1,1,"[{""name"": ""球M"", ""share"": 1.0, ""q"": 0.143, ""capture"": 0.417, ""miss_deg"": 1.32, ""labels"": [321]}]"
2026_08_16/s2,s2,v7,,ours,34.41,35.11,0.7,2.452,球M,321,1.0,0.342,0.955,0.0,0.0,0.658,object#17,,1,1,3,球M,1,1,"[{""name"": ""球M"", ""share"": 1.0, ""q"": 0.342, ""capture"": 0.955, ""miss_deg"": 0.3, ""labels"": [321]}]"
2026_08_16/s2,s2,v7,,ours,35.22,35.65,0.43,2.465,球M,321,1.0,0.424,1.232,0.0,0.0,0.576,object#17,,1,1,3,球M,1,1,"[{""name"": ""球M"", ""share"": 1.0, ""q"": 0.424, ""capture"": 1.232, ""miss_deg"": 0.0, ""labels"": [321]}]"
2026_08_16/s2,s2,v7,,ours,35.71,37.66,1.95,2.359,球M,321,1.0,0.467,1.254,0.0,0.0,0.533,object#317,,1,1,3,球M,1,1,"[{""name"": ""球M"", ""share"": 1.0, ""q"": 0.467, ""capture"": 1.254, ""miss_deg"": 0.0, ""labels"": [321]}]"
2026_08_16/s2,s2,v7,,ours,37.96,42.29,4.33,2.488,球R,322,0.962,0.272,1.007,0.029,0.04,0.717,object#318,,1,1,4,球R,1,2,"[{""name"": ""球R"", ""share"": 0.962, ""q"": 0.272, ""capture"": 1.007, ""miss_deg"": 0.0, ""labels"": [322]}, {""name"": ""石榴"", ""share"": 0.038, ""q"": 0.011, ""capture"": 0.029, ""miss_deg"": 2.66, ""labels"": [78]}]"
2026_08_16/s2,s2,v7,,ours,42.45,43.86,1.41,2.495,球R,322,0.961,0.291,1.078,0.029,0.041,0.697,object#318,,1,1,4,球R,1,2,"[{""name"": ""球R"", ""share"": 0.961, ""q"": 0.291, ""capture"": 1.078, ""miss_deg"": 0.0, ""labels"": [322]}, {""name"": ""石榴"", ""share"": 0.039, ""q"": 0.012, ""capture"": 0.031, ""miss_deg"": 2.63, ""labels"": [78]}]"
2026_08_16/s2,s2,v7,,ours,43.92,44.4,0.49,2.45,球R,322,0.976,0.1,0.369,0.016,0.025,0.898,object#318,,1,1,4,球R,1,2,"[{""name"": ""球R"", ""share"": 0.976, ""q"": 0.1, ""capture"": 0.369, ""miss_deg"": 1.41, ""labels"": [322]}, {""name"": ""石榴"", ""share"": 0.024, ""q"": 0.002, ""capture"": 0.006, ""miss_deg"": 3.18, ""labels"": [78]}]"
2026_08_16/s2,s2,v7,,ours,44.92,49.25,4.33,2.426,球L,320,0.746,0.27,0.7,0.116,0.28,0.638,object#316,,1,1,5,球L,1,3,"[{""name"": ""球L"", ""share"": 0.746, ""q"": 0.27, ""capture"": 0.7, ""miss_deg"": 0.84, ""labels"": [320]}, {""name"": ""香蕉"", ""share"": 0.209, ""q"": 0.076, ""capture"": 0.081, ""miss_deg"": 2.24, ""labels"": [323]}, {""name"": ""苹果"", ""share"": 0.045, ""q"": 0.016, ""capture"": 0.038, ""miss_deg"": 2.56, ""labels"": [300]}]"
2026_08_16/s2,s2,v7,,ours,49.31,49.79,0.49,2.433,香蕉,323,0.927,0.196,0.208,0.192,0.079,0.789,object#316,,1,1,5,球L,0,2,"[{""name"": ""香蕉"", ""share"": 0.927, ""q"": 0.196, ""capture"": 0.208, ""miss_deg"": 1.77, ""labels"": [323]}, {""name"": ""球L"", ""share"": 0.073, ""q"": 0.016, ""capture"": 0.04, ""miss_deg"": 2.54, ""labels"": [320]}]"
2026_08_16/s2,s2,v7,,ours,49.85,51.31,1.46,2.428,球L,320,0.749,0.247,0.641,0.137,0.335,0.67,object#316,,1,1,5,球L,1,2,"[{""name"": ""球L"", ""share"": 0.749, ""q"": 0.247, ""capture"": 0.641, ""miss_deg"": 0.94, ""labels"": [320]}, {""name"": ""香蕉"", ""share"": 0.251, ""q"": 0.083, ""capture"": 0.088, ""miss_deg"": 2.2, ""labels"": [323]}]"
2026_08_16/s2,s2,v7,,ours,51.88,57.08,5.2,2.471,球R,322,0.955,0.253,0.937,0.034,0.047,0.735,object#318,,1,1,6,球R,1,2,"[{""name"": ""球R"", ""share"": 0.955, ""q"": 0.253, ""capture"": 0.937, ""miss_deg"": 0.36, ""labels"": [322]}, {""name"": ""石榴"", ""share"": 0.045, ""q"": 0.012, ""capture"": 0.032, ""miss_deg"": 2.62, ""labels"": [78]}]"
2026_08_16/s2,s2,v7,,ours,57.41,58.22,0.81,2.444,球R,322,0.929,0.201,0.742,0.055,0.076,0.784,object#318,,1,1,6,球R,1,2,"[{""name"": ""球R"", ""share"": 0.929, ""q"": 0.201, ""capture"": 0.742, ""miss_deg"": 0.77, ""labels"": [322]}, {""name"": ""石榴"", ""share"": 0.071, ""q"": 0.015, ""capture"": 0.041, ""miss_deg"": 2.52, ""labels"": [78]}]"
2026_08_16/s2,s2,v7,,ours,58.5,59.15,0.65,2.361,球M,321,1.0,0.485,1.303,0.0,0.0,0.515,object#317,,1,1,,,,1,"[{""name"": ""球M"", ""share"": 1.0, ""q"": 0.485, ""capture"": 1.303, ""miss_deg"": 0.0, ""labels"": [321]}]"
2026_08_16/s2,s2,v7,,ours,59.21,60.45,1.25,2.465,球M,321,1.0,0.376,1.093,0.0,0.0,0.624,object#17,,1,1,,,,1,"[{""name"": ""球M"", ""share"": 1.0, ""q"": 0.376, ""capture"": 1.093, ""miss_deg"": 0.0, ""labels"": [321]}]"
2026_08_16/s2,s2,v7,,ours,60.83,61.81,0.97,2.346,球M,321,1.0,0.51,1.372,0.0,0.0,0.49,object#317,,1,1,7,球M,1,1,"[{""name"": ""球M"", ""share"": 1.0, ""q"": 0.51, ""capture"": 1.372, ""miss_deg"": 0.0, ""labels"": [321]}]"
2026_08_16/s2,s2,v7,,ours,62.46,63.05,0.6,2.455,球M,321,1.0,0.342,0.956,0.0,0.0,0.658,object#17,,1,1,7,球M,1,1,"[{""name"": ""球M"", ""share"": 1.0, ""q"": 0.342, ""capture"": 0.956, ""miss_deg"": 0.3, ""labels"": [321]}]"
2026_08_16/s2,s2,v7,,ours,63.43,63.81,0.38,2.449,香蕉,323,0.715,0.344,0.37,0.903,0.393,0.519,object#316,,1,1,7,球M,0,3,"[{""name"": ""香蕉"", ""share"": 0.715, ""q"": 0.344, ""capture"": 0.37, ""miss_deg"": 1.41, ""labels"": [323]}, {""name"": ""苹果"", ""share"": 0.281, ""q"": 0.135, ""capture"": 0.334, ""miss_deg"": 1.48, ""labels"": [300]}, {""name"": ""球L"", ""share"": 0.004, ""q"": 0.002, ""capture"": 0.005, ""miss_deg"": 3.23, ""labels"": [320]}]"
2026_08_16/s2,s2,v7,,ours,63.86,65.16,1.3,2.479,球M,321,1.0,0.196,0.57,0.0,0.0,0.804,object#17,,1,1,7,球M,1,1,"[{""name"": ""球M"", ""share"": 1.0, ""q"": 0.196, ""capture"": 0.57, ""miss_deg"": 1.06, ""labels"": [321]}]"
2026_08_16/s2,s2,v7,,ours,65.22,66.25,1.03,2.455,球L,320,0.771,0.292,0.785,0.088,0.219,0.621,object#316,,1,1,,,,3,"[{""name"": ""球L"", ""share"": 0.771, ""q"": 0.292, ""capture"": 0.785, ""miss_deg"": 0.7, ""labels"": [320]}, {""name"": ""香蕉"", ""share"": 0.169, ""q"": 0.064, ""capture"": 0.069, ""miss_deg"": 2.31, ""labels"": [323]}, {""name"": ""苹果"", ""share"": 0.06, ""q"": 0.023, ""capture"": 0.056, ""miss_deg"": 2.4, ""labels"": [300]}]"
2026_08_16/s2,s2,v7,,ours,66.3,72.15,5.85,2.467,球L,320,0.807,0.288,0.774,0.071,0.176,0.643,object#316,,1,1,8,球L,1,3,"[{""name"": ""球L"", ""share"": 0.807, ""q"": 0.288, ""capture"": 0.774, ""miss_deg"": 0.71, ""labels"": [320]}, {""name"": ""香蕉"", ""share"": 0.142, ""q"": 0.051, ""capture"": 0.055, ""miss_deg"": 2.41, ""labels"": [323]}, {""name"": ""苹果"", ""share"": 0.051, ""q"": 0.018, ""capture"": 0.046, ""miss_deg"": 2.48, ""labels"": [300]}]"
2026_08_16/s2,s2,v7,,ours,72.76,76.11,3.36,2.547,球R,322,0.989,0.219,0.86,0.008,0.011,0.778,object#318,,1,1,,,,2,"[{""name"": ""球R"", ""share"": 0.989, ""q"": 0.219, ""capture"": 0.86, ""miss_deg"": 0.55, ""labels"": [322]}, {""name"": ""石榴"", ""share"": 0.011, ""q"": 0.003, ""capture"": 0.007, ""miss_deg"": 3.14, ""labels"": [78]}]"
2026_08_16/s2,s2,v7,,ours,76.49,79.09,2.6,2.551,球R,322,0.993,0.205,0.806,0.005,0.007,0.793,object#318,,1,1,9,球R,1,2,"[{""name"": ""球R"", ""share"": 0.993, ""q"": 0.205, ""capture"": 0.806, ""miss_deg"": 0.66, ""labels"": [322]}, {""name"": ""石榴"", ""share"": 0.007, ""q"": 0.001, ""capture"": 0.004, ""miss_deg"": 3.32, ""labels"": [78]}]"
2026_08_16/s2,s2,v7,,ours,79.15,79.47,0.32,2.484,球R,322,1.0,0.059,0.217,0.0,0.0,0.941,object#318,,1,1,,,,1,"[{""name"": ""球R"", ""share"": 1.0, ""q"": 0.059, ""capture"": 0.217, ""miss_deg"": 1.75, ""labels"": [322]}]"
2026_08_16/s2,s2,v7,,ours,79.53,80.01,0.49,2.522,球R,322,0.997,0.163,0.603,0.002,0.003,0.836,object#318,,1,1,,,,2,"[{""name"": ""球R"", ""share"": 0.997, ""q"": 0.163, ""capture"": 0.603, ""miss_deg"": 1.01, ""labels"": [322]}, {""name"": ""石榴"", ""share"": 0.003, ""q"": 0.001, ""capture"": 0.001, ""miss_deg"": 3.62, ""labels"": [78]}]"
2026_08_16/s2,s2,v7,,ours,80.07,83.21,3.14,2.517,球R,322,0.907,0.293,1.083,0.078,0.103,0.677,object#318,,1,1,10,球R,1,2,"[{""name"": ""球R"", ""share"": 0.907, ""q"": 0.293, ""capture"": 1.083, ""miss_deg"": 0.0, ""labels"": [322]}, {""name"": ""石榴"", ""share"": 0.093, ""q"": 0.03, ""capture"": 0.084, ""miss_deg"": 2.23, ""labels"": [78]}]"
2026_08_16/s2,s2,v7,,ours,83.42,84.07,0.65,2.52,球R,322,0.957,0.167,0.618,0.034,0.045,0.825,object#318,,1,1,10,球R,1,2,"[{""name"": ""球R"", ""share"": 0.957, ""q"": 0.167, ""capture"": 0.618, ""miss_deg"": 0.98, ""labels"": [322]}, {""name"": ""石榴"", ""share"": 0.043, ""q"": 0.008, ""capture"": 0.021, ""miss_deg"": 2.78, ""labels"": [78]}]"
2026_08_16/s2,s2,v7,,ours,84.66,86.02,1.35,2.529,球R,322,0.903,0.284,1.113,0.076,0.107,0.686,object#318,,1,1,10,球R,1,2,"[{""name"": ""球R"", ""share"": 0.903, ""q"": 0.284, ""capture"": 1.113, ""miss_deg"": 0.0, ""labels"": [322]}, {""name"": ""石榴"", ""share"": 0.097, ""q"": 0.03, ""capture"": 0.085, ""miss_deg"": 2.22, ""labels"": [78]}]"
2026_08_16/s2,s2,v7,,ours,86.52,87.77,1.25,2.396,球M,321,1.0,0.506,1.361,0.0,0.0,0.494,object#317,,1,1,,,,1,"[{""name"": ""球M"", ""share"": 1.0, ""q"": 0.506, ""capture"": 1.361, ""miss_deg"": 0.0, ""labels"": [321]}]"
2026_08_16/s2,s2,v7,,ours,88.69,89.12,0.43,2.494,球M,321,1.0,0.443,1.286,0.0,0.0,0.557,object#17,,1,1,11,球M,1,1,"[{""name"": ""球M"", ""share"": 1.0, ""q"": 0.443, ""capture"": 1.286, ""miss_deg"": 0.0, ""labels"": [321]}]"
2026_08_16/s2,s2,v7,,ours,89.17,90.1,0.92,2.386,球M,321,1.0,0.514,1.381,0.0,0.0,0.486,object#317,,1,1,11,球M,1,1,"[{""name"": ""球M"", ""share"": 1.0, ""q"": 0.514, ""capture"": 1.381, ""miss_deg"": 0.0, ""labels"": [321]}]"
2026_08_16/s2,s2,v7,,ours,90.15,90.64,0.49,2.507,球M,321,1.0,0.166,0.481,0.0,0.0,0.834,object#17,,1,1,11,球M,1,1,"[{""name"": ""球M"", ""share"": 1.0, ""q"": 0.166, ""capture"": 0.481, ""miss_deg"": 1.21, ""labels"": [321]}]"
2026_08_16/s2,s2,v7,,ours,91.18,91.5,0.32,2.393,球M,321,1.0,0.448,1.205,0.0,0.0,0.552,object#317,,1,1,11,球M,1,1,"[{""name"": ""球M"", ""share"": 1.0, ""q"": 0.448, ""capture"": 1.205, ""miss_deg"": 0.0, ""labels"": [321]}]"
2026_08_16/s2,s2,v7,,ours,91.94,93.29,1.35,2.391,球M,321,1.0,0.454,1.221,0.0,0.0,0.546,object#317,,1,1,11,球M,1,1,"[{""name"": ""球M"", ""share"": 1.0, ""q"": 0.454, ""capture"": 1.221, ""miss_deg"": 0.0, ""labels"": [321]}]"
2026_08_16/s2,s2,v7,,ours,93.7,98.26,4.56,2.467,球L,320,0.861,0.251,0.673,0.065,0.161,0.709,object#316,,1,1,12,球L,1,2,"[{""name"": ""球L"", ""share"": 0.861, ""q"": 0.251, ""capture"": 0.673, ""miss_deg"": 0.89, ""labels"": [320]}, {""name"": ""香蕉"", ""share"": 0.139, ""q"": 0.041, ""capture"": 0.044, ""miss_deg"": 2.5, ""labels"": [323]}]"
2026_08_16/s2,s2,v7,,ours,98.58,99.5,0.92,2.463,球L,320,0.673,0.244,0.657,0.17,0.426,0.636,object#316,,1,1,12,球L,1,3,"[{""name"": ""球L"", ""share"": 0.673, ""q"": 0.244, ""capture"": 0.657, ""miss_deg"": 0.92, ""labels"": [320]}, {""name"": ""香蕉"", ""share"": 0.287, ""q"": 0.104, ""capture"": 0.112, ""miss_deg"": 2.09, ""labels"": [323]}, {""name"": ""苹果"", ""share"": 0.041, ""q"": 0.015, ""capture"": 0.037, ""miss_deg"": 2.57, ""labels"": [300]}]"
2026_08_16/s2,s2,v7,,ours,99.77,100.26,0.49,2.475,球L,320,0.783,0.246,0.66,0.111,0.277,0.686,object#316,,1,1,12,球L,1,2,"[{""name"": ""球L"", ""share"": 0.783, ""q"": 0.246, ""capture"": 0.66, ""miss_deg"": 0.91, ""labels"": [320]}, {""name"": ""香蕉"", ""share"": 0.217, ""q"": 0.068, ""capture"": 0.073, ""miss_deg"": 2.29, ""labels"": [323]}]"
2026_08_16/s2,s2,v7,,ours,100.68,100.95,0.27,2.399,球M,321,1.0,0.422,1.134,0.0,0.0,0.578,object#317,,1,1,,,,1,"[{""name"": ""球M"", ""share"": 1.0, ""q"": 0.422, ""capture"": 1.134, ""miss_deg"": 0.0, ""labels"": [321]}]"
2026_08_16/s2,s2,v7,,ours,101.0,101.55,0.54,2.506,球M,321,1.0,0.418,1.214,0.0,0.0,0.582,object#17,,1,1,,,,1,"[{""name"": ""球M"", ""share"": 1.0, ""q"": 0.418, ""capture"": 1.214, ""miss_deg"": 0.0, ""labels"": [321]}]"
2026_08_16/s2,s2,v7,,ours,101.6,104.42,2.82,2.409,球M,321,1.0,0.492,1.323,0.0,0.0,0.508,object#317,,1,1,,,,1,"[{""name"": ""球M"", ""share"": 1.0, ""q"": 0.492, ""capture"": 1.323, ""miss_deg"": 0.0, ""labels"": [321]}]"
2026_08_16/s2,s2,v7,,ours,104.69,105.12,0.43,2.412,球M,321,1.0,0.361,0.972,0.0,0.0,0.639,object#317,,1,1,13,球M,1,1,"[{""name"": ""球M"", ""share"": 1.0, ""q"": 0.361, ""capture"": 0.972, ""miss_deg"": 0.24, ""labels"": [321]}]"
2026_08_16/s2,s2,v7,,ours,105.23,106.96,1.73,2.378,球M,321,1.0,0.525,1.41,0.0,0.0,0.475,object#317,,1,1,13,球M,1,1,"[{""name"": ""球M"", ""share"": 1.0, ""q"": 0.525, ""capture"": 1.41, ""miss_deg"": 0.0, ""labels"": [321]}]"
2026_08_16/s2,s2,v7,,ours,107.02,107.5,0.49,2.405,球M,321,1.0,0.119,0.319,0.0,0.0,0.881,object#10,,1,1,13,球M,1,1,"[{""name"": ""球M"", ""share"": 1.0, ""q"": 0.119, ""capture"": 0.319, ""miss_deg"": 1.51, ""labels"": [321]}]"
2026_08_16/s2,s2,v7,,ours,107.84,108.33,0.49,2.47,球L,320,0.877,0.278,0.746,0.056,0.14,0.683,object#316,,1,1,,,,2,"[{""name"": ""球L"", ""share"": 0.877, ""q"": 0.278, ""capture"": 0.746, ""miss_deg"": 0.77, ""labels"": [320]}, {""name"": ""香蕉"", ""share"": 0.123, ""q"": 0.039, ""capture"": 0.042, ""miss_deg"": 2.52, ""labels"": [323]}]"
2026_08_16/s2,s2,v7,,ours,108.38,109.25,0.87,2.442,球L,320,0.432,0.164,0.424,0.46,1.123,0.622,object#316,,0,0,,,,3,"[{""name"": ""球L"", ""share"": 0.432, ""q"": 0.164, ""capture"": 0.424, ""miss_deg"": 1.31, ""labels"": [320]}, {""name"": ""香蕉"", ""share"": 0.485, ""q"": 0.184, ""capture"": 0.195, ""miss_deg"": 1.81, ""labels"": [323]}, {""name"": ""苹果"", ""share"": 0.083, ""q"": 0.031, ""capture"": 0.077, ""miss_deg"": 2.26, ""labels"": [300]}]"
2026_08_16/s2,s2,v7,,ours,109.57,113.26,3.68,2.47,球L,320,0.656,0.242,0.65,0.182,0.451,0.631,object#316,,1,1,14,球L,1,3,"[{""name"": ""球L"", ""share"": 0.656, ""q"": 0.242, ""capture"": 0.65, ""miss_deg"": 0.93, ""labels"": [320]}, {""name"": ""香蕉"", ""share"": 0.296, ""q"": 0.109, ""capture"": 0.118, ""miss_deg"": 2.07, ""labels"": [323]}, {""name"": ""苹果"", ""share"": 0.048, ""q"": 0.018, ""capture"": 0.044, ""miss_deg"": 2.5, ""labels"": [300]}]"
2026_08_16/s2,s2,v7,,ours,113.31,113.74,0.43,2.463,香蕉,323,0.968,0.164,0.177,0.056,0.025,0.831,object#17,,0,0,14,球L,0,3,"[{""name"": ""香蕉"", ""share"": 0.968, ""q"": 0.164, ""capture"": 0.177, ""miss_deg"": 1.86, ""labels"": [323]}, {""name"": ""苹果"", ""share"": 0.024, ""q"": 0.004, ""capture"": 0.01, ""miss_deg"": 3.03, ""labels"": [300]}, {""name"": ""球M"", ""share"": 0.008, ""q"": 0.001, ""capture"": 0.004, ""miss_deg"": 3.34, ""labels"": [321]}]"
2026_08_16/s2,s2,v7,,ours,113.8,114.67,0.87,2.475,球L,320,0.823,0.272,0.732,0.083,0.205,0.669,object#316,,1,1,14,球L,1,3,"[{""name"": ""球L"", ""share"": 0.823, ""q"": 0.272, ""capture"": 0.732, ""miss_deg"": 0.79, ""labels"": [320]}, {""name"": ""香蕉"", ""share"": 0.169, ""q"": 0.056, ""capture"": 0.061, ""miss_deg"": 2.37, ""labels"": [323]}, {""name"": ""苹果"", ""share"": 0.007, ""q"": 0.002, ""capture"": 0.006, ""miss_deg"": 3.19, ""labels"": [300]}]"
2026_08_16/s2,s2,v7,,ours,115.19,117.2,2.0,2.476,球L,320,0.95,0.293,0.787,0.017,0.041,0.691,object#316,,1,1,,,,3,"[{""name"": ""球L"", ""share"": 0.95, ""q"": 0.293, ""capture"": 0.787, ""miss_deg"": 0.69, ""labels"": [320]}, {""name"": ""香蕉"", ""share"": 0.039, ""q"": 0.012, ""capture"": 0.013, ""miss_deg"": 2.95, ""labels"": [323]}, {""name"": ""苹果"", ""share"": 0.012, ""q"": 0.004, ""capture"": 0.009, ""miss_deg"": 3.06, ""labels"": [300]}]"
2026_08_16/s2,s2,v7,,ours,117.47,118.72,1.25,2.457,球L,320,0.753,0.294,0.791,0.096,0.239,0.609,object#316,,1,1,15,球L,1,3,"[{""name"": ""球L"", ""share"": 0.753, ""q"": 0.294, ""capture"": 0.791, ""miss_deg"": 0.68, ""labels"": [320]}, {""name"": ""香蕉"", ""share"": 0.18, ""q"": 0.07, ""capture"": 0.076, ""miss_deg"": 2.27, ""labels"": [323]}, {""name"": ""苹果"", ""share"": 0.067, ""q"": 0.026, ""capture"": 0.065, ""miss_deg"": 2.33, ""labels"": [300]}]"
2026_08_16/s2,s2,v7,,ours,118.99,120.29,1.3,2.483,球L,320,0.748,0.277,0.746,0.125,0.31,0.629,object#316,,1,1,15,球L,1,3,"[{""name"": ""球L"", ""share"": 0.748, ""q"": 0.277, ""capture"": 0.746, ""miss_deg"": 0.77, ""labels"": [320]}, {""name"": ""香蕉"", ""share"": 0.232, ""q"": 0.086, ""capture"": 0.093, ""miss_deg"": 2.18, ""labels"": [323]}, {""name"": ""苹果"", ""share"": 0.02, ""q"": 0.007, ""capture"": 0.018, ""miss_deg"": 2.83, ""labels"": [300]}]"
2026_08_16/s2,s2,v7,,ours,120.39,120.88,0.49,2.366,球M,321,0.791,0.041,0.111,0.099,0.264,0.948,object#10,,0,0,15,球L,0,2,"[{""name"": ""球M"", ""share"": 0.791, ""q"": 0.041, ""capture"": 0.111, ""miss_deg"": 2.1, ""labels"": [321]}, {""name"": ""香蕉"", ""share"": 0.209, ""q"": 0.011, ""capture"": 0.011, ""miss_deg"": 2.99, ""labels"": [323]}]"
2026_08_16/s2,s2,v7,,ours,122.54,122.92,0.38,2.943,,-1,0.0,0.0,,,,1.0,floor,,0,0,,,,0,[]
2026_08_16/s2,s2,v7,,ours,123.48,123.75,0.27,2.473,,-1,0.0,0.0,,,,1.0,object#32,,0,0,,,,0,[]
2026_08_16/s2,s2,v7,,ours,124.34,124.62,0.27,1.785,,-1,0.0,0.0,,,,1.0,object#111,,0,0,,,,0,[]
2026_08_16/s2,s2,v7,,ours,125.22,125.49,0.27,1.516,,-1,0.0,0.0,,,,1.0,object#23,,0,0,,,,0,[]
2026_08_16/s3,s3,v7,,ours,1.77,2.04,0.27,0.687,,-1,0.0,0.0,,,,1.0,object#20,,0,0,,,,0,[]
2026_08_16/s3,s3,v7,,ours,2.37,2.75,0.38,0.837,,-1,0.0,0.0,,,,1.0,object#20,,0,0,,,,0,[]
2026_08_16/s3,s3,v7,,ours,2.97,3.62,0.65,1.127,,-1,0.0,0.0,,,,1.0,object#20,,0,0,,,,0,[]
2026_08_16/s3,s3,v7,,ours,4.36,4.74,0.38,1.794,,-1,0.0,0.0,,,,1.0,object#32,,0,0,,,,0,[]
2026_08_16/s3,s3,v7,,ours,11.27,12.57,1.3,4.017,,-1,0.0,0.0,,,,1.0,object#187,,0,0,,,,0,[]
2026_08_16/s3,s3,v7,,ours,12.63,14.74,2.11,4.068,,-1,0.0,0.0,,,,1.0,object#187,,0,0,,,,0,[]
2026_08_16/s3,s3,v7,,ours,15.9,16.23,0.32,4.333,球M,321,1.0,0.083,0.697,0.0,0.0,0.917,object#250,,1,1,,,,1,"[{""name"": ""球M"", ""share"": 1.0, ""q"": 0.083, ""capture"": 0.697, ""miss_deg"": 0.85, ""labels"": [321]}]"
2026_08_16/s3,s3,v7,,ours,17.31,18.39,1.08,3.243,球M,321,0.999,0.31,1.392,0.0,0.001,0.69,object#317,,1,1,,,,2,"[{""name"": ""球M"", ""share"": 0.999, ""q"": 0.31, ""capture"": 1.392, ""miss_deg"": 0.0, ""labels"": [321]}, {""name"": ""香蕉"", ""share"": 0.001, ""q"": 0.0, ""capture"": 0.0, ""miss_deg"": 3.95, ""labels"": [323]}]"
2026_08_16/s3,s3,v7,,ours,20.07,20.67,0.6,3.372,球M,321,1.0,0.002,0.009,0.0,0.0,0.998,object#179,,0,0,1,球M,1,1,"[{""name"": ""球M"", ""share"": 1.0, ""q"": 0.002, ""capture"": 0.009, ""miss_deg"": 3.06, ""labels"": [321]}]"
2026_08_16/s3,s3,v7,,ours,20.72,21.54,0.81,3.404,球M,321,1.0,0.002,0.008,0.0,0.0,0.998,object#179,,0,0,1,球M,1,1,"[{""name"": ""球M"", ""share"": 1.0, ""q"": 0.002, ""capture"": 0.008, ""miss_deg"": 3.12, ""labels"": [321]}]"
2026_08_16/s3,s3,v7,,ours,21.59,22.4,0.81,3.504,球M,321,1.0,0.024,0.125,0.0,0.0,0.976,object#179,,0,0,1,球M,1,1,"[{""name"": ""球M"", ""share"": 1.0, ""q"": 0.024, ""capture"": 0.125, ""miss_deg"": 2.04, ""labels"": [321]}]"
2026_08_16/s3,s3,v7,,ours,23.43,23.76,0.32,3.509,球M,321,1.0,0.028,0.15,0.0,0.0,0.972,object#179,,0,0,1,球M,1,1,"[{""name"": ""球M"", ""share"": 1.0, ""q"": 0.028, ""capture"": 0.15, ""miss_deg"": 1.95, ""labels"": [321]}]"
2026_08_16/s3,s3,v7,,ours,24.26,27.79,3.52,3.351,球L,320,0.909,0.033,0.147,0.034,0.1,0.964,object#10,,0,0,2,球L,1,2,"[{""name"": ""球L"", ""share"": 0.909, ""q"": 0.033, ""capture"": 0.147, ""miss_deg"": 1.96, ""labels"": [320]}, {""name"": ""香蕉"", ""share"": 0.091, ""q"": 0.003, ""capture"": 0.005, ""miss_deg"": 3.28, ""labels"": [323]}]"
2026_08_16/s3,s3,v7,,ours,28.06,30.23,2.17,3.341,球L,320,1.0,0.011,0.051,0.0,0.0,0.989,object#10,,0,0,2,球L,1,1,"[{""name"": ""球L"", ""share"": 1.0, ""q"": 0.011, ""capture"": 0.051, ""miss_deg"": 2.44, ""labels"": [320]}]"
2026_08_16/s3,s3,v7,,ours,31.27,31.54,0.27,3.348,球L,320,0.821,0.026,0.119,0.067,0.218,0.968,object#316,,0,0,,,,2,"[{""name"": ""球L"", ""share"": 0.821, ""q"": 0.026, ""capture"": 0.119, ""miss_deg"": 2.06, ""labels"": [320]}, {""name"": ""香蕉"", ""share"": 0.179, ""q"": 0.006, ""capture"": 0.008, ""miss_deg"": 3.1, ""labels"": [323]}]"
2026_08_16/s3,s3,v7,,ours,31.6,33.11,1.52,3.352,球L,320,0.981,0.039,0.177,0.006,0.019,0.96,object#10,,0,0,,,,2,"[{""name"": ""球L"", ""share"": 0.981, ""q"": 0.039, ""capture"": 0.177, ""miss_deg"": 1.86, ""labels"": [320]}, {""name"": ""香蕉"", ""share"": 0.019, ""q"": 0.001, ""capture"": 0.001, ""miss_deg"": 3.69, ""labels"": [323]}]"
2026_08_16/s3,s3,v7,,ours,33.17,37.18,4.01,3.345,球L,320,1.0,0.042,0.19,0.0,0.0,0.958,object#10,,0,0,3,球L,1,1,"[{""name"": ""球L"", ""share"": 1.0, ""q"": 0.042, ""capture"": 0.19, ""miss_deg"": 1.82, ""labels"": [320]}]"
2026_08_16/s3,s3,v7,,ours,37.23,37.77,0.54,3.345,球L,320,1.0,0.001,0.005,0.0,0.0,0.999,object#10,,0,0,3,球L,1,1,"[{""name"": ""球L"", ""share"": 1.0, ""q"": 0.001, ""capture"": 0.005, ""miss_deg"": 3.27, ""labels"": [320]}]"
2026_08_16/s3,s3,v7,,ours,38.15,38.58,0.43,3.638,球M,321,1.0,0.015,0.091,0.0,0.0,0.985,object#46,,0,0,,,,1,"[{""name"": ""球M"", ""share"": 1.0, ""q"": 0.015, ""capture"": 0.091, ""miss_deg"": 2.19, ""labels"": [321]}]"
2026_08_16/s3,s3,v7,,ours,40.31,40.64,0.32,3.369,球M,321,0.99,0.191,0.924,0.003,0.01,0.808,object#317,,1,1,4,球M,1,2,"[{""name"": ""球M"", ""share"": 0.99, ""q"": 0.191, ""capture"": 0.924, ""miss_deg"": 0.4, ""labels"": [321]}, {""name"": ""香蕉"", ""share"": 0.01, ""q"": 0.002, ""capture"": 0.003, ""miss_deg"": 3.43, ""labels"": [323]}]"
2026_08_16/s3,s3,v7,,ours,42.48,43.56,1.08,3.376,球M,321,1.0,0.242,1.174,0.0,0.0,0.758,object#317,,1,1,4,球M,1,1,"[{""name"": ""球M"", ""share"": 1.0, ""q"": 0.242, ""capture"": 1.174, ""miss_deg"": 0.0, ""labels"": [321]}]"
2026_08_16/s3,s3,v7,,ours,43.72,43.99,0.27,4.436,球M,321,1.0,0.122,1.111,0.0,0.0,0.878,object#250,,1,1,4,球M,1,1,"[{""name"": ""球M"", ""share"": 1.0, ""q"": 0.122, ""capture"": 1.111, ""miss_deg"": 0.0, ""labels"": [321]}]"
2026_08_16/s3,s3,v7,,ours,44.1,44.59,0.49,4.489,球M,321,1.0,0.127,1.16,0.0,0.0,0.873,object#250,,1,1,4,球M,1,1,"[{""name"": ""球M"", ""share"": 1.0, ""q"": 0.127, ""capture"": 1.16, ""miss_deg"": 0.0, ""labels"": [321]}]"
2026_08_16/s3,s3,v7,,ours,45.15,51.49,6.34,3.399,球R,322,1.0,0.034,0.21,0.0,0.0,0.966,object#318,,1,1,5,球R,1,1,"[{""name"": ""球R"", ""share"": 1.0, ""q"": 0.034, ""capture"": 0.21, ""miss_deg"": 1.77, ""labels"": [322]}]"
2026_08_16/s3,s3,v7,,ours,52.01,58.46,6.45,3.387,球R,322,1.0,0.041,0.253,0.0,0.0,0.959,object#318,,1,1,6,球R,1,1,"[{""name"": ""球R"", ""share"": 1.0, ""q"": 0.041, ""capture"": 0.253, ""miss_deg"": 1.66, ""labels"": [322]}]"
2026_08_16/s3,s3,v7,,ours,59.13,62.0,2.87,3.336,球L,320,0.87,0.075,0.337,0.047,0.149,0.914,object#316,,1,1,,,,2,"[{""name"": ""球L"", ""share"": 0.87, ""q"": 0.075, ""capture"": 0.337, ""miss_deg"": 1.47, ""labels"": [320]}, {""name"": ""香蕉"", ""share"": 0.13, ""q"": 0.011, ""capture"": 0.016, ""miss_deg"": 2.88, ""labels"": [323]}]"
2026_08_16/s3,s3,v7,,ours,62.28,63.63,1.35,3.35,球L,320,0.866,0.043,0.195,0.051,0.155,0.95,object#316,,0,0,7,球L,1,2,"[{""name"": ""球L"", ""share"": 0.866, ""q"": 0.043, ""capture"": 0.195, ""miss_deg"": 1.81, ""labels"": [320]}, {""name"": ""香蕉"", ""share"": 0.134, ""q"": 0.007, ""capture"": 0.01, ""miss_deg"": 3.05, ""labels"": [323]}]"
2026_08_16/s3,s3,v7,,ours,63.68,64.01,0.32,3.343,香蕉,323,0.756,0.068,0.096,0.865,0.253,0.91,object#10,,0,0,7,球L,0,3,"[{""name"": ""香蕉"", ""share"": 0.756, ""q"": 0.068, ""capture"": 0.096, ""miss_deg"": 2.16, ""labels"": [323]}, {""name"": ""球M"", ""share"": 0.191, ""q"": 0.017, ""capture"": 0.083, ""miss_deg"": 2.23, ""labels"": [321]}, {""name"": ""球L"", ""share"": 0.044, ""q"": 0.004, ""capture"": 0.018, ""miss_deg"": 2.84, ""labels"": [320]}]"
2026_08_16/s3,s3,v7,,ours,64.06,64.6,0.54,3.343,球L,320,0.825,0.112,0.503,0.056,0.178,0.864,object#316,,1,1,7,球L,1,3,"[{""name"": ""球L"", ""share"": 0.825, ""q"": 0.112, ""capture"": 0.503, ""miss_deg"": 1.17, ""labels"": [320]}, {""name"": ""香蕉"", ""share"": 0.147, ""q"": 0.02, ""capture"": 0.028, ""miss_deg"": 2.67, ""labels"": [323]}, {""name"": ""苹果"", ""share"": 0.028, ""q"": 0.004, ""capture"": 0.015, ""miss_deg"": 2.89, ""labels"": [300]}]"
2026_08_16/s3,s3,v7,,ours,64.82,65.47,0.65,3.337,球L,320,0.85,0.117,0.523,0.052,0.056,0.863,object#316,,1,1,7,球L,1,3,"[{""name"": ""球L"", ""share"": 0.85, ""q"": 0.117, ""capture"": 0.523, ""miss_deg"": 1.14, ""labels"": [320]}, {""name"": ""苹果"", ""share"": 0.048, ""q"": 0.007, ""capture"": 0.027, ""miss_deg"": 2.69, ""labels"": [300]}, {""name"": ""香蕉"", ""share"": 0.102, ""q"": 0.014, ""capture"": 0.02, ""miss_deg"": 2.8, ""labels"": [323]}]"
2026_08_16/s3,s3,v7,,ours,65.68,66.06,0.38,3.36,球L,320,0.916,0.058,0.26,0.031,0.092,0.937,object#316,,1,1,,,,2,"[{""name"": ""球L"", ""share"": 0.916, ""q"": 0.058, ""capture"": 0.26, ""miss_deg"": 1.64, ""labels"": [320]}, {""name"": ""香蕉"", ""share"": 0.084, ""q"": 0.005, ""capture"": 0.008, ""miss_deg"": 3.12, ""labels"": [323]}]"
2026_08_16/s3,s3,v7,,ours,66.29,72.25,5.96,3.345,球L,320,1.0,0.047,0.212,0.0,0.0,0.953,object#10,,1,1,8,球L,1,1,"[{""name"": ""球L"", ""share"": 1.0, ""q"": 0.047, ""capture"": 0.212, ""miss_deg"": 1.76, ""labels"": [320]}]"
2026_08_16/s3,s3,v7,,ours,72.59,76.22,3.63,3.395,球M,321,0.99,0.313,1.519,0.003,0.01,0.684,object#317,,1,1,9,球M,1,2,"[{""name"": ""球M"", ""share"": 0.99, ""q"": 0.313, ""capture"": 1.519, ""miss_deg"": 0.0, ""labels"": [321]}, {""name"": ""香蕉"", ""share"": 0.01, ""q"": 0.003, ""capture"": 0.004, ""miss_deg"": 3.29, ""labels"": [323]}]"
2026_08_16/s3,s3,v7,,ours,76.27,78.55,2.27,3.402,球M,321,1.0,0.296,1.437,0.0,0.0,0.704,object#317,,1,1,9,球M,1,1,"[{""name"": ""球M"", ""share"": 1.0, ""q"": 0.296, ""capture"": 1.437, ""miss_deg"": 0.0, ""labels"": [321]}]"
2026_08_16/s3,s3,v7,,ours,78.77,79.25,0.49,3.404,球M,321,1.0,0.265,1.286,0.0,0.0,0.735,object#317,,1,1,9,球M,1,2,"[{""name"": ""球M"", ""share"": 1.0, ""q"": 0.265, ""capture"": 1.286, ""miss_deg"": 0.0, ""labels"": [321]}, {""name"": ""香蕉"", ""share"": 0.0, ""q"": 0.0, ""capture"": 0.0, ""miss_deg"": 4.32, ""labels"": [323]}]"
2026_08_16/s3,s3,v7,,ours,79.6,82.91,3.3,3.375,球R,322,0.898,0.088,0.538,0.084,0.114,0.902,object#318,,1,1,,,,2,"[{""name"": ""球R"", ""share"": 0.898, ""q"": 0.088, ""capture"": 0.538, ""miss_deg"": 1.11, ""labels"": [322]}, {""name"": ""石榴"", ""share"": 0.102, ""q"": 0.01, ""capture"": 0.045, ""miss_deg"": 2.49, ""labels"": [78]}]"
2026_08_16/s3,s3,v7,,ours,82.96,83.94,0.97,3.404,球M,321,1.0,0.051,0.247,0.0,0.0,0.949,object#10,,1,1,10,球R,0,1,"[{""name"": ""球M"", ""share"": 1.0, ""q"": 0.051, ""capture"": 0.247, ""miss_deg"": 1.67, ""labels"": [321]}]"
2026_08_16/s3,s3,v7,,ours,83.99,84.91,0.92,3.398,球R,322,0.772,0.121,0.741,0.217,0.295,0.843,object#318,,1,1,10,球R,1,2,"[{""name"": ""球R"", ""share"": 0.772, ""q"": 0.121, ""capture"": 0.741, ""miss_deg"": 0.77, ""labels"": [322]}, {""name"": ""石榴"", ""share"": 0.228, ""q"": 0.036, ""capture"": 0.161, ""miss_deg"": 1.91, ""labels"": [78]}]"
2026_08_16/s3,s3,v7,,ours,85.52,86.0,0.49,3.326,香蕉,323,0.677,0.153,0.218,0.95,0.301,0.774,object#316,,1,1,10,球R,0,3,"[{""name"": ""香蕉"", ""share"": 0.677, ""q"": 0.153, ""capture"": 0.218, ""miss_deg"": 1.75, ""labels"": [323]}, {""name"": ""球L"", ""share"": 0.204, ""q"": 0.046, ""capture"": 0.207, ""miss_deg"": 1.78, ""labels"": [320]}, {""name"": ""苹果"", ""share"": 0.119, ""q"": 0.027, ""capture"": 0.108, ""miss_deg"": 2.11, ""labels"": [300]}]"
2026_08_16/s3,s3,v7,,ours,86.06,86.65,0.6,3.398,球M,321,0.923,0.232,1.123,0.025,0.083,0.749,object#17,,1,1,,,,2,"[{""name"": ""球M"", ""share"": 0.923, ""q"": 0.232, ""capture"": 1.123, ""miss_deg"": 0.0, ""labels"": [321]}, {""name"": ""香蕉"", ""share"": 0.077, ""q"": 0.019, ""capture"": 0.028, ""miss_deg"": 2.67, ""labels"": [323]}]"
2026_08_16/s3,s3,v7,,ours,86.71,88.06,1.35,3.356,球L,320,0.767,0.123,0.554,0.074,0.231,0.839,object#316,,1,1,,,,3,"[{""name"": ""球L"", ""share"": 0.767, ""q"": 0.123, ""capture"": 0.554, ""miss_deg"": 1.09, ""labels"": [320]}, {""name"": ""香蕉"", ""share"": 0.177, ""q"": 0.029, ""capture"": 0.041, ""miss_deg"": 2.53, ""labels"": [323]}, {""name"": ""苹果"", ""share"": 0.056, ""q"": 0.009, ""capture"": 0.036, ""miss_deg"": 2.58, ""labels"": [300]}]"
2026_08_16/s3,s3,v7,,ours,88.12,91.85,3.74,3.359,球L,320,0.809,0.087,0.39,0.074,0.236,0.893,object#316,,1,1,11,球L,1,2,"[{""name"": ""球L"", ""share"": 0.809, ""q"": 0.087, ""capture"": 0.39, ""miss_deg"": 1.37, ""labels"": [320]}, {""name"": ""香蕉"", ""share"": 0.191, ""q"": 0.02, ""capture"": 0.029, ""miss_deg"": 2.66, ""labels"": [323]}]"
2026_08_16/s3,s3,v7,,ours,92.12,93.42,1.3,3.341,球L,320,0.808,0.05,0.225,0.076,0.238,0.938,object#316,,1,1,11,球L,1,2,"[{""name"": ""球L"", ""share"": 0.808, ""q"": 0.05, ""capture"": 0.225, ""miss_deg"": 1.73, ""labels"": [320]}, {""name"": ""香蕉"", ""share"": 0.192, ""q"": 0.012, ""capture"": 0.017, ""miss_deg"": 2.86, ""labels"": [323]}]"
2026_08_16/s3,s3,v7,,ours,94.37,96.1,1.73,3.392,球M,321,0.994,0.273,1.323,0.002,0.006,0.725,object#317,,1,1,,,,2,"[{""name"": ""球M"", ""share"": 0.994, ""q"": 0.273, ""capture"": 1.323, ""miss_deg"": 0.0, ""labels"": [321]}, {""name"": ""香蕉"", ""share"": 0.006, ""q"": 0.002, ""capture"": 0.003, ""miss_deg"": 3.45, ""labels"": [323]}]"
2026_08_16/s3,s3,v7,,ours,96.37,97.24,0.87,4.456,球M,321,1.0,0.113,1.031,0.0,0.0,0.887,object#250,,1,1,12,球M,1,1,"[{""name"": ""球M"", ""share"": 1.0, ""q"": 0.113, ""capture"": 1.031, ""miss_deg"": 0.0, ""labels"": [321]}]"
2026_08_16/s3,s3,v7,,ours,97.72,98.81,1.08,3.535,球M,321,1.0,0.047,0.246,0.0,0.0,0.953,object#179,,1,1,12,球M,1,1,"[{""name"": ""球M"", ""share"": 1.0, ""q"": 0.047, ""capture"": 0.246, ""miss_deg"": 1.68, ""labels"": [321]}]"
2026_08_16/s3,s3,v7,,ours,100.9,106.7,5.8,3.386,球R,322,1.0,0.022,0.135,0.0,0.0,0.978,object#318,,0,0,13,球R,1,1,"[{""name"": ""球R"", ""share"": 1.0, ""q"": 0.022, ""capture"": 0.135, ""miss_deg"": 2.0, ""labels"": [322]}]"
2026_08_16/s3,s3,v7,,ours,106.75,107.29,0.54,3.375,球R,322,1.0,0.003,0.016,0.0,0.0,0.997,object#305,,0,0,13,球R,1,1,"[{""name"": ""球R"", ""share"": 1.0, ""q"": 0.003, ""capture"": 0.016, ""miss_deg"": 2.88, ""labels"": [322]}]"
2026_08_16/s3,s3,v7,,ours,108.35,108.9,0.54,3.379,球M,321,0.974,0.14,0.681,0.007,0.027,0.856,object#10,,1,1,,,,2,"[{""name"": ""球M"", ""share"": 0.974, ""q"": 0.14, ""capture"": 0.681, ""miss_deg"": 0.88, ""labels"": [321]}, {""name"": ""香蕉"", ""share"": 0.026, ""q"": 0.004, ""capture"": 0.005, ""miss_deg"": 3.23, ""labels"": [323]}]"
2026_08_16/s3,s3,v7,,ours,109.92,110.63,0.7,3.5,球M,321,1.0,0.058,0.306,0.0,0.0,0.942,object#179,,1,1,14,球M,1,1,"[{""name"": ""球M"", ""share"": 1.0, ""q"": 0.058, ""capture"": 0.306, ""miss_deg"": 1.54, ""labels"": [321]}]"
2026_08_16/s3,s3,v7,,ours,113.44,113.77,0.32,3.349,球L,320,0.657,0.036,0.162,0.167,0.522,0.945,object#316,,0,0,14,球M,0,2,"[{""name"": ""球L"", ""share"": 0.657, ""q"": 0.036, ""capture"": 0.162, ""miss_deg"": 1.91, ""labels"": [320]}, {""name"": ""香蕉"", ""share"": 0.343, ""q"": 0.019, ""capture"": 0.027, ""miss_deg"": 2.69, ""labels"": [323]}]"
2026_08_16/s3,s3,v7,,ours,114.04,115.07,1.03,3.388,球M,321,1.0,0.272,1.321,0.0,0.0,0.728,object#317,,1,1,14,球M,1,1,"[{""name"": ""球M"", ""share"": 1.0, ""q"": 0.272, ""capture"": 1.321, ""miss_deg"": 0.0, ""labels"": [321]}]"
2026_08_16/s3,s3,v7,,ours,115.32,122.42,7.1,3.378,球R,322,0.938,0.085,0.517,0.048,0.066,0.91,object#318,,1,1,15,球R,1,2,"[{""name"": ""球R"", ""share"": 0.938, ""q"": 0.085, ""capture"": 0.517, ""miss_deg"": 1.15, ""labels"": [322]}, {""name"": ""石榴"", ""share"": 0.062, ""q"": 0.006, ""capture"": 0.025, ""miss_deg"": 2.72, ""labels"": [78]}]"
2026_08_16/s3,s3,v7,,ours,123.2,123.52,0.32,4.0,,-1,0.0,0.0,,,,1.0,object#187,,0,0,,,,0,[]
2026_08_16/s3,s3,v7,,ours,123.58,123.85,0.27,3.808,,-1,0.0,0.0,,,,1.0,object#187,,0,0,,,,0,[]
2026_08_16/s3,s3,v7,,ours,125.95,126.27,0.32,2.201,,-1,0.0,0.0,,,,1.0,object#59,,0,0,,,,0,[]
2026_08_16/s3,s3,v7,,ours,126.38,126.76,0.38,2.119,,-1,0.0,0.0,,,,1.0,object#25,,0,0,,,,0,[]
2026_08_16/s4,s4,v8,,ours,13.61,14.42,0.81,4.797,,-1,0.0,0.0,,,,1.0,object#11,,0,0,,,,0,[]
2026_08_16/s4,s4,v8,,ours,15.45,16.1,0.65,3.851,,-1,0.0,0.0,,,,1.0,object#17,,0,0,,,,0,[]
2026_08_16/s4,s4,v8,,ours,18.11,19.63,1.52,3.81,球L,191,1.0,0.011,0.054,0.0,0.0,0.989,object#36,,0,0,1,球L,1,1,"[{""name"": ""球L"", ""share"": 1.0, ""q"": 0.011, ""capture"": 0.054, ""miss_deg"": 2.41, ""labels"": [191]}]"
2026_08_16/s4,s4,v8,,ours,19.91,22.57,2.65,3.805,球L,191,1.0,0.015,0.071,0.0,0.0,0.985,object#36,,0,0,1,球L,1,1,"[{""name"": ""球L"", ""share"": 1.0, ""q"": 0.015, ""capture"": 0.071, ""miss_deg"": 2.3, ""labels"": [191]}]"
2026_08_16/s4,s4,v8,,ours,22.62,24.68,2.06,3.852,,-1,0.0,0.0,,,,1.0,object#90,,0,0,2,球L,,0,[]
2026_08_16/s4,s4,v8,,ours,24.84,28.91,4.06,3.802,球L,191,1.0,0.013,0.062,0.0,0.0,0.987,object#36,,0,0,2,球L,1,1,"[{""name"": ""球L"", ""share"": 1.0, ""q"": 0.013, ""capture"": 0.062, ""miss_deg"": 2.36, ""labels"": [191]}]"
2026_08_16/s4,s4,v8,,ours,29.15,29.7,0.54,3.88,球L,191,1.0,0.017,0.083,0.0,0.0,0.983,object#36,,0,0,,,,1,"[{""name"": ""球L"", ""share"": 1.0, ""q"": 0.017, ""capture"": 0.083, ""miss_deg"": 2.23, ""labels"": [191]}]"
2026_08_16/s4,s4,v8,,ours,29.75,30.35,0.6,3.786,球L,191,0.929,0.126,0.611,0.026,0.076,0.864,object#36,,1,1,3,球M,0,2,"[{""name"": ""球L"", ""share"": 0.929, ""q"": 0.126, ""capture"": 0.611, ""miss_deg"": 0.99, ""labels"": [191]}, {""name"": ""香蕉"", ""share"": 0.071, ""q"": 0.01, ""capture"": 0.016, ""miss_deg"": 2.88, ""labels"": [196]}]"
2026_08_16/s4,s4,v8,,ours,30.62,31.05,0.43,3.792,球L,191,0.992,0.061,0.295,0.003,0.008,0.939,object#36,,1,1,3,球M,0,2,"[{""name"": ""球L"", ""share"": 0.992, ""q"": 0.061, ""capture"": 0.295, ""miss_deg"": 1.56, ""labels"": [191]}, {""name"": ""香蕉"", ""share"": 0.008, ""q"": 0.001, ""capture"": 0.001, ""miss_deg"": 3.76, ""labels"": [196]}]"
2026_08_16/s4,s4,v8,,ours,31.16,31.75,0.6,3.798,球L,191,1.0,0.016,0.08,0.0,0.0,0.984,object#36,,0,0,3,球M,0,1,"[{""name"": ""球L"", ""share"": 1.0, ""q"": 0.016, ""capture"": 0.08, ""miss_deg"": 2.25, ""labels"": [191]}]"
2026_08_16/s4,s4,v8,,ours,32.16,32.43,0.27,3.836,,-1,0.0,0.0,,,,1.0,object#27,,0,0,3,球M,,0,[]
2026_08_16/s4,s4,v8,,ours,32.6,33.46,0.87,3.819,球M,192,0.998,0.085,0.413,0.0,0.002,0.915,object#27,,1,1,3,球M,1,2,"[{""name"": ""球M"", ""share"": 0.998, ""q"": 0.085, ""capture"": 0.413, ""miss_deg"": 1.33, ""labels"": [192]}, {""name"": ""香蕉"", ""share"": 0.002, ""q"": 0.0, ""capture"": 0.0, ""miss_deg"": 4.1, ""labels"": [196]}]"
2026_08_16/s4,s4,v8,,ours,34.87,35.2,0.32,3.813,球M,192,1.0,0.04,0.194,0.0,0.0,0.96,object#27,,0,0,3,球M,1,1,"[{""name"": ""球M"", ""share"": 1.0, ""q"": 0.04, ""capture"": 0.194, ""miss_deg"": 1.81, ""labels"": [192]}]"
2026_08_16/s4,s4,v8,,ours,36.98,37.69,0.7,4.02,球M,192,1.0,0.001,0.008,0.0,0.0,0.999,object#27,,0,0,4,球R,0,1,"[{""name"": ""球M"", ""share"": 1.0, ""q"": 0.001, ""capture"": 0.008, ""miss_deg"": 3.12, ""labels"": [192]}]"
2026_08_16/s4,s4,v8,,ours,37.9,38.55,0.65,4.013,,-1,0.0,0.0,,,,1.0,object#85,,0,0,4,球R,,0,[]
2026_08_16/s4,s4,v8,,ours,38.94,39.86,0.92,3.799,,-1,0.0,0.0,,,,1.0,object#17,,0,0,4,球R,,0,[]
2026_08_16/s4,s4,v8,,ours,40.15,41.56,1.41,3.889,球R,193,1.0,0.003,0.015,0.0,0.0,0.997,object#17,,0,0,4,球R,1,1,"[{""name"": ""球R"", ""share"": 1.0, ""q"": 0.003, ""capture"": 0.015, ""miss_deg"": 2.89, ""labels"": [193]}]"
2026_08_16/s4,s4,v8,,ours,41.61,46.81,5.2,3.815,,-1,0.0,0.0,,,,1.0,object#17,,0,0,5,球R,,0,[]
2026_08_16/s4,s4,v8,,ours,47.1,47.47,0.38,3.827,,-1,0.0,0.0,,,,1.0,object#17,,0,0,5,球R,,0,[]
2026_08_16/s4,s4,v8,,ours,47.53,48.67,1.14,3.874,球R,193,1.0,0.0,0.002,0.0,0.0,1.0,object#17,,0,0,5,球R,1,1,"[{""name"": ""球R"", ""share"": 1.0, ""q"": 0.0, ""capture"": 0.002, ""miss_deg"": 3.51, ""labels"": [193]}]"
2026_08_16/s4,s4,v8,,ours,48.72,49.64,0.92,3.849,,-1,0.0,0.0,,,,1.0,object#17,,0,0,,,,0,[]
2026_08_16/s4,s4,v8,,ours,50.89,51.48,0.6,3.924,球R,193,0.985,0.05,0.303,0.017,0.015,0.95,object#17,,1,1,6,球M,0,2,"[{""name"": ""球R"", ""share"": 0.985, ""q"": 0.05, ""capture"": 0.303, ""miss_deg"": 1.55, ""labels"": [193]}, {""name"": ""石榴"", ""share"": 0.015, ""q"": 0.001, ""capture"": 0.005, ""miss_deg"": 3.24, ""labels"": [195]}]"
2026_08_16/s4,s4,v8,,ours,52.0,52.49,0.49,3.879,球M,192,0.914,0.054,0.262,0.034,0.094,0.941,object#27,,1,1,6,球M,1,2,"[{""name"": ""球M"", ""share"": 0.914, ""q"": 0.054, ""capture"": 0.262, ""miss_deg"": 1.64, ""labels"": [192]}, {""name"": ""香蕉"", ""share"": 0.086, ""q"": 0.005, ""capture"": 0.009, ""miss_deg"": 3.08, ""labels"": [196]}]"
2026_08_16/s4,s4,v8,,ours,53.3,53.57,0.27,3.83,球M,192,0.941,0.09,0.435,0.021,0.063,0.905,object#17,,1,1,6,球M,1,2,"[{""name"": ""球M"", ""share"": 0.941, ""q"": 0.09, ""capture"": 0.435, ""miss_deg"": 1.29, ""labels"": [192]}, {""name"": ""香蕉"", ""share"": 0.059, ""q"": 0.006, ""capture"": 0.009, ""miss_deg"": 3.05, ""labels"": [196]}]"
2026_08_16/s4,s4,v8,,ours,54.28,54.66,0.38,3.853,球M,192,0.995,0.073,0.355,0.003,0.005,0.926,object#27,,1,1,6,球M,1,2,"[{""name"": ""球M"", ""share"": 0.995, ""q"": 0.073, ""capture"": 0.355, ""miss_deg"": 1.44, ""labels"": [192]}, {""name"": ""香蕉"", ""share"": 0.005, ""q"": 0.0, ""capture"": 0.001, ""miss_deg"": 3.86, ""labels"": [196]}]"
2026_08_16/s4,s4,v8,,ours,55.69,55.96,0.27,3.868,,-1,0.0,0.0,,,,1.0,object#85,,0,0,6,球M,,0,[]
2026_08_16/s4,s4,v8,,ours,58.61,58.88,0.27,3.834,球M,192,0.99,0.134,0.651,0.003,0.01,0.864,object#70,,1,1,7,球M,1,2,"[{""name"": ""球M"", ""share"": 0.99, ""q"": 0.134, ""capture"": 0.651, ""miss_deg"": 0.93, ""labels"": [192]}, {""name"": ""香蕉"", ""share"": 0.01, ""q"": 0.001, ""capture"": 0.002, ""miss_deg"": 3.48, ""labels"": [196]}]"
2026_08_16/s4,s4,v8,,ours,60.41,61.06,0.65,3.939,球M,192,1.0,0.143,0.755,0.0,0.0,0.857,object#162,,1,1,7,球M,1,1,"[{""name"": ""球M"", ""share"": 1.0, ""q"": 0.143, ""capture"": 0.755, ""miss_deg"": 0.75, ""labels"": [192]}]"
2026_08_16/s4,s4,v8,,ours,61.6,61.98,0.38,3.862,球M,192,0.999,0.112,0.543,0.0,0.001,0.888,object#70,,1,1,7,球M,1,2,"[{""name"": ""球M"", ""share"": 0.999, ""q"": 0.112, ""capture"": 0.543, ""miss_deg"": 1.11, ""labels"": [192]}, {""name"": ""香蕉"", ""share"": 0.001, ""q"": 0.0, ""capture"": 0.0, ""miss_deg"": 4.29, ""labels"": [196]}]"
2026_08_16/s4,s4,v8,,ours,62.52,62.79,0.27,4.063,球M,192,1.0,0.011,0.067,0.0,0.0,0.989,object#27,,0,0,7,球M,1,1,"[{""name"": ""球M"", ""share"": 1.0, ""q"": 0.011, ""capture"": 0.067, ""miss_deg"": 2.32, ""labels"": [192]}]"
2026_08_16/s4,s4,v8,,ours,65.23,65.5,0.27,3.912,球M,192,0.999,0.089,0.473,0.0,0.001,0.91,object#27,,1,1,,,,2,"[{""name"": ""球M"", ""share"": 0.999, ""q"": 0.089, ""capture"": 0.473, ""miss_deg"": 1.22, ""labels"": [192]}, {""name"": ""香蕉"", ""share"": 0.001, ""q"": 0.0, ""capture"": 0.0, ""miss_deg"": 4.28, ""labels"": [196]}]"
2026_08_16/s4,s4,v8,,ours,65.97,66.57,0.6,3.843,球R,193,1.0,0.032,0.195,0.0,0.0,0.968,object#17,,0,0,,,,1,"[{""name"": ""球R"", ""share"": 1.0, ""q"": 0.032, ""capture"": 0.195, ""miss_deg"": 1.81, ""labels"": [193]}]"
2026_08_16/s4,s4,v8,,ours,66.62,66.89,0.27,3.915,石榴,195,0.473,0.039,0.266,0.914,1.023,0.918,object#10,,1,0,,,,3,"[{""name"": ""石榴"", ""share"": 0.473, ""q"": 0.039, ""capture"": 0.266, ""miss_deg"": 1.63, ""labels"": [195]}, {""name"": ""球R"", ""share"": 0.484, ""q"": 0.04, ""capture"": 0.243, ""miss_deg"": 1.68, ""labels"": [193]}, {""name"": ""球M"", ""share"": 0.043, ""q"": 0.004, ""capture"": 0.019, ""miss_deg"": 2.82, ""labels"": [192]}]"
2026_08_16/s4,s4,v8,,ours,67.17,67.82,0.65,3.863,球M,192,1.0,0.154,0.748,0.0,0.0,0.846,object#162,,1,1,,,,1,"[{""name"": ""球M"", ""share"": 1.0, ""q"": 0.154, ""capture"": 0.748, ""miss_deg"": 0.76, ""labels"": [192]}]"
2026_08_16/s4,s4,v8,,ours,68.68,69.06,0.38,3.916,球M,192,1.0,0.034,0.181,0.0,0.0,0.966,object#118,,0,0,,,,1,"[{""name"": ""球M"", ""share"": 1.0, ""q"": 0.034, ""capture"": 0.181, ""miss_deg"": 1.85, ""labels"": [192]}]"
2026_08_16/s4,s4,v8,,ours,69.17,69.55,0.38,3.872,球M,192,1.0,0.081,0.392,0.0,0.0,0.919,object#162,,1,1,,,,1,"[{""name"": ""球M"", ""share"": 1.0, ""q"": 0.081, ""capture"": 0.392, ""miss_deg"": 1.37, ""labels"": [192]}]"
2026_08_16/s4,s4,v8,,ours,72.68,73.09,0.41,3.827,球M,192,1.0,0.176,0.854,0.0,0.0,0.824,object#70,,1,1,8,球L,0,1,"[{""name"": ""球M"", ""share"": 1.0, ""q"": 0.176, ""capture"": 0.854, ""miss_deg"": 0.56, ""labels"": [192]}]"
2026_08_16/s4,s4,v8,,ours,75.47,76.52,1.05,3.784,球L,191,0.975,0.087,0.42,0.01,0.026,0.911,object#36,,1,1,8,球L,1,2,"[{""name"": ""球L"", ""share"": 0.975, ""q"": 0.087, ""capture"": 0.42, ""miss_deg"": 1.32, ""labels"": [191]}, {""name"": ""香蕉"", ""share"": 0.025, ""q"": 0.002, ""capture"": 0.004, ""miss_deg"": 3.35, ""labels"": [196]}]"
2026_08_16/s4,s4,v8,,ours,76.63,77.62,0.99,3.793,球L,191,0.895,0.171,0.832,0.062,0.05,0.808,object#36,,1,1,8,球L,1,3,"[{""name"": ""球L"", ""share"": 0.895, ""q"": 0.171, ""capture"": 0.832, ""miss_deg"": 0.61, ""labels"": [191]}, {""name"": ""苹果"", ""share"": 0.045, ""q"": 0.009, ""capture"": 0.052, ""miss_deg"": 2.43, ""labels"": [194]}, {""name"": ""香蕉"", ""share"": 0.06, ""q"": 0.011, ""capture"": 0.019, ""miss_deg"": 2.81, ""labels"": [196]}]"
2026_08_16/s4,s4,v8,,ours,78.1,78.86,0.76,3.781,球L,191,0.891,0.131,0.637,0.042,0.122,0.853,object#36,,1,1,,,,2,"[{""name"": ""球L"", ""share"": 0.891, ""q"": 0.131, ""capture"": 0.637, ""miss_deg"": 0.95, ""labels"": [191]}, {""name"": ""香蕉"", ""share"": 0.109, ""q"": 0.016, ""capture"": 0.027, ""miss_deg"": 2.69, ""labels"": [196]}]"
2026_08_16/s4,s4,v8,,ours,79.64,80.11,0.47,3.772,球L,191,1.0,0.005,0.024,0.0,0.0,0.995,object#27,,0,0,9,球R,0,1,"[{""name"": ""球L"", ""share"": 1.0, ""q"": 0.005, ""capture"": 0.024, ""miss_deg"": 2.74, ""labels"": [191]}]"
2026_08_16/s4,s4,v8,,ours,80.32,81.26,0.94,3.78,球L,191,1.0,0.047,0.23,0.0,0.0,0.953,object#27,,1,1,9,球R,0,1,"[{""name"": ""球L"", ""share"": 1.0, ""q"": 0.047, ""capture"": 0.23, ""miss_deg"": 1.72, ""labels"": [191]}]"
2026_08_16/s4,s4,v8,,ours,82.19,84.34,2.16,3.842,球R,193,1.0,0.043,0.266,0.0,0.0,0.957,object#17,,1,1,9,球R,1,1,"[{""name"": ""球R"", ""share"": 1.0, ""q"": 0.043, ""capture"": 0.266, ""miss_deg"": 1.63, ""labels"": [193]}]"
2026_08_16/s4,s4,v8,,ours,84.45,84.74,0.29,3.81,球R,193,1.0,0.064,0.389,0.0,0.0,0.936,object#17,,1,1,9,球R,1,1,"[{""name"": ""球R"", ""share"": 1.0, ""q"": 0.064, ""capture"": 0.389, ""miss_deg"": 1.37, ""labels"": [193]}]"
2026_08_16/s4,s4,v8,,ours,85.05,85.58,0.52,3.801,球R,193,1.0,0.035,0.215,0.0,0.0,0.965,object#17,,1,1,,,,1,"[{""name"": ""球R"", ""share"": 1.0, ""q"": 0.035, ""capture"": 0.215, ""miss_deg"": 1.75, ""labels"": [193]}]"
2026_08_16/s4,s4,v8,,ours,86.15,86.85,0.7,3.823,,-1,0.0,0.0,,,,1.0,object#17,,0,0,,,,0,[]
2026_08_16/s4,s4,v8,,ours,86.97,87.49,0.52,3.805,,-1,0.0,0.0,,,,1.0,object#17,,0,0,10,球M,,0,[]
2026_08_16/s4,s4,v8,,ours,87.74,88.09,0.35,3.816,球R,193,1.0,0.002,0.011,0.0,0.0,0.998,object#17,,0,0,10,球M,0,1,"[{""name"": ""球R"", ""share"": 1.0, ""q"": 0.002, ""capture"": 0.011, ""miss_deg"": 3.02, ""labels"": [193]}]"
2026_08_16/s4,s4,v8,,ours,88.2,88.55,0.35,3.794,球R,193,0.939,0.1,0.613,0.064,0.065,0.893,object#17,,1,1,10,球M,0,2,"[{""name"": ""球R"", ""share"": 0.939, ""q"": 0.1, ""capture"": 0.613, ""miss_deg"": 0.99, ""labels"": [193]}, {""name"": ""石榴"", ""share"": 0.061, ""q"": 0.006, ""capture"": 0.039, ""miss_deg"": 2.54, ""labels"": [195]}]"
2026_08_16/s4,s4,v8,,ours,95.13,95.51,0.39,3.801,球M,192,0.744,0.132,0.642,0.104,0.302,0.822,object#10,,1,1,11,球R,0,3,"[{""name"": ""球M"", ""share"": 0.744, ""q"": 0.132, ""capture"": 0.642, ""miss_deg"": 0.94, ""labels"": [192]}, {""name"": ""香蕉"", ""share"": 0.225, ""q"": 0.04, ""capture"": 0.067, ""miss_deg"": 2.33, ""labels"": [196]}, {""name"": ""苹果"", ""share"": 0.031, ""q"": 0.005, ""capture"": 0.033, ""miss_deg"": 2.61, ""labels"": [194]}]"
2026_08_16/s4,s4,v8,,ours,95.9,97.47,1.57,3.833,球R,193,1.0,0.02,0.12,0.0,0.0,0.98,object#17,,0,0,11,球R,1,1,"[{""name"": ""球R"", ""share"": 1.0, ""q"": 0.02, ""capture"": 0.12, ""miss_deg"": 2.06, ""labels"": [193]}]"
2026_08_16/s4,s4,v8,,ours,97.71,102.7,4.98,3.796,球R,193,1.0,0.028,0.168,0.0,0.0,0.972,object#17,,0,0,11,球R,1,1,"[{""name"": ""球R"", ""share"": 1.0, ""q"": 0.028, ""capture"": 0.168, ""miss_deg"": 1.89, ""labels"": [193]}]"
2026_08_16/s4,s4,v8,,ours,103.11,106.74,3.63,3.913,球R,193,1.0,0.033,0.202,0.0,0.0,0.967,object#17,,1,1,12,球R,1,1,"[{""name"": ""球R"", ""share"": 1.0, ""q"": 0.033, ""capture"": 0.202, ""miss_deg"": 1.79, ""labels"": [193]}]"
2026_08_16/s4,s4,v8,,ours,106.8,107.17,0.38,3.807,球M,192,0.931,0.01,0.047,0.085,0.074,0.99,object#17,,0,0,,,,2,"[{""name"": ""球M"", ""share"": 0.931, ""q"": 0.01, ""capture"": 0.047, ""miss_deg"": 2.47, ""labels"": [192]}, {""name"": ""球R"", ""share"": 0.069, ""q"": 0.001, ""capture"": 0.004, ""miss_deg"": 3.29, ""labels"": [193]}]"
2026_08_16/s4,s4,v8,,ours,107.23,109.72,2.49,3.819,球R,193,1.0,0.036,0.222,0.0,0.0,0.964,object#17,,1,1,,,,1,"[{""name"": ""球R"", ""share"": 1.0, ""q"": 0.036, ""capture"": 0.222, ""miss_deg"": 1.74, ""labels"": [193]}]"
2026_08_16/s4,s4,v8,,ours,110.28,112.5,2.22,3.812,球M,192,1.0,0.173,0.841,0.0,0.0,0.827,object#70,,1,1,13,球M,1,1,"[{""name"": ""球M"", ""share"": 1.0, ""q"": 0.173, ""capture"": 0.841, ""miss_deg"": 0.59, ""labels"": [192]}]"
2026_08_16/s4,s4,v8,,ours,113.05,115.11,2.06,3.818,球M,192,1.0,0.17,0.822,0.0,0.0,0.83,object#70,,1,1,,,,1,"[{""name"": ""球M"", ""share"": 1.0, ""q"": 0.17, ""capture"": 0.822, ""miss_deg"": 0.63, ""labels"": [192]}]"
2026_08_16/s4,s4,v8,,ours,117.45,121.02,3.57,3.775,球L,191,0.936,0.121,0.545,0.026,0.068,0.87,object#36,,1,1,14,球L,1,2,"[{""name"": ""球L"", ""share"": 0.936, ""q"": 0.121, ""capture"": 0.545, ""miss_deg"": 1.1, ""labels"": [191]}, {""name"": ""香蕉"", ""share"": 0.064, ""q"": 0.008, ""capture"": 0.014, ""miss_deg"": 2.93, ""labels"": [196]}]"
2026_08_16/s4,s4,v8,,ours,121.08,121.89,0.81,3.79,球L,191,0.994,0.054,0.262,0.004,0.006,0.946,object#27,,1,1,,,,2,"[{""name"": ""球L"", ""share"": 0.994, ""q"": 0.054, ""capture"": 0.262, ""miss_deg"": 1.64, ""labels"": [191]}, {""name"": ""香蕉"", ""share"": 0.006, ""q"": 0.0, ""capture"": 0.001, ""miss_deg"": 3.88, ""labels"": [196]}]"
2026_08_16/s4,s4,v8,,ours,122.08,122.68,0.6,3.803,球L,191,0.829,0.064,0.312,0.071,0.206,0.922,object#27,,1,1,15,球L,1,2,"[{""name"": ""球L"", ""share"": 0.829, ""q"": 0.064, ""capture"": 0.312, ""miss_deg"": 1.53, ""labels"": [191]}, {""name"": ""香蕉"", ""share"": 0.171, ""q"": 0.013, ""capture"": 0.022, ""miss_deg"": 2.76, ""labels"": [196]}]"
2026_08_16/s4,s4,v8,,ours,122.73,123.11,0.38,3.778,球L,191,0.965,0.083,0.405,0.012,0.036,0.914,object#36,,1,1,15,球L,1,2,"[{""name"": ""球L"", ""share"": 0.965, ""q"": 0.083, ""capture"": 0.405, ""miss_deg"": 1.34, ""labels"": [191]}, {""name"": ""香蕉"", ""share"": 0.035, ""q"": 0.003, ""capture"": 0.005, ""miss_deg"": 3.26, ""labels"": [196]}]"
2026_08_16/s4,s4,v8,,ours,123.44,124.14,0.7,3.745,球L,191,0.925,0.141,0.633,0.028,0.076,0.848,object#36,,1,1,15,球L,1,3,"[{""name"": ""球L"", ""share"": 0.925, ""q"": 0.141, ""capture"": 0.633, ""miss_deg"": 0.96, ""labels"": [191]}, {""name"": ""香蕉"", ""share"": 0.07, ""q"": 0.011, ""capture"": 0.018, ""miss_deg"": 2.84, ""labels"": [196]}, {""name"": ""苹果"", ""share"": 0.005, ""q"": 0.001, ""capture"": 0.004, ""miss_deg"": 3.3, ""labels"": [194]}]"
2026_08_16/s4,s4,v8,,ours,124.62,128.68,4.06,3.767,球L,191,0.978,0.082,0.37,0.008,0.022,0.916,object#36,,1,1,15,球L,1,2,"[{""name"": ""球L"", ""share"": 0.978, ""q"": 0.082, ""capture"": 0.37, ""miss_deg"": 1.41, ""labels"": [191]}, {""name"": ""香蕉"", ""share"": 0.022, ""q"": 0.002, ""capture"": 0.003, ""miss_deg"": 3.4, ""labels"": [196]}]"
2026_08_16/s4,s4,v8,,ours,128.73,129.0,0.27,3.794,球L,191,0.778,0.028,0.138,0.094,0.275,0.963,object#27,,0,0,,,,3,"[{""name"": ""球L"", ""share"": 0.778, ""q"": 0.028, ""capture"": 0.138, ""miss_deg"": 1.99, ""labels"": [191]}, {""name"": ""香蕉"", ""share"": 0.214, ""q"": 0.008, ""capture"": 0.013, ""miss_deg"": 2.95, ""labels"": [196]}, {""name"": ""球M"", ""share"": 0.008, ""q"": 0.0, ""capture"": 0.001, ""miss_deg"": 3.62, ""labels"": [192]}]"
2026_08_16/s4,s4,v8,,ours,129.06,131.55,2.49,3.77,球L,191,0.979,0.07,0.316,0.009,0.021,0.928,object#36,,1,1,,,,2,"[{""name"": ""球L"", ""share"": 0.979, ""q"": 0.07, ""capture"": 0.316, ""miss_deg"": 1.52, ""labels"": [191]}, {""name"": ""香蕉"", ""share"": 0.021, ""q"": 0.002, ""capture"": 0.003, ""miss_deg"": 3.46, ""labels"": [196]}]"
2026_08_16/s4,s4,v8,,ours,132.41,132.73,0.32,4.079,,-1,0.0,0.0,,,,1.0,object#25,,0,0,,,,0,[]
2026_08_16/s6,s6,v8,,ours,10.95,11.22,0.27,3.796,球M,192,0.818,0.016,0.077,0.286,0.222,0.98,object#17,,0,0,,,,2,"[{""name"": ""球M"", ""share"": 0.818, ""q"": 0.016, ""capture"": 0.077, ""miss_deg"": 2.26, ""labels"": [192]}, {""name"": ""球R"", ""share"": 0.182, ""q"": 0.004, ""capture"": 0.022, ""miss_deg"": 2.77, ""labels"": [193]}]"
2026_08_16/s6,s6,v8,,ours,13.6,13.98,0.38,4.308,球M,192,0.47,0.039,0.239,0.812,0.723,0.917,object#17,,1,0,,,,3,"[{""name"": ""球M"", ""share"": 0.47, ""q"": 0.039, ""capture"": 0.239, ""miss_deg"": 1.69, ""labels"": [192]}, {""name"": ""球R"", ""share"": 0.34, ""q"": 0.028, ""capture"": 0.194, ""miss_deg"": 1.81, ""labels"": [193]}, {""name"": ""石榴"", ""share"": 0.19, ""q"": 0.016, ""capture"": 0.144, ""miss_deg"": 1.97, ""labels"": [195]}]"
2026_08_16/s6,s6,v8,,ours,14.04,14.42,0.38,4.35,球R,193,0.995,0.05,0.345,0.006,0.005,0.949,object#17,,1,1,,,,2,"[{""name"": ""球R"", ""share"": 0.995, ""q"": 0.05, ""capture"": 0.345, ""miss_deg"": 1.46, ""labels"": [193]}, {""name"": ""石榴"", ""share"": 0.005, ""q"": 0.0, ""capture"": 0.002, ""miss_deg"": 3.51, ""labels"": [195]}]"
2026_08_16/s6,s6,v8,,ours,14.63,15.01,0.38,4.398,球M,192,1.0,0.026,0.159,0.0,0.0,0.974,object#17,,0,0,,,,1,"[{""name"": ""球M"", ""share"": 1.0, ""q"": 0.026, ""capture"": 0.159, ""miss_deg"": 1.92, ""labels"": [192]}]"
2026_08_16/s6,s6,v8,,ours,15.06,15.44,0.38,4.498,球R,193,1.0,0.013,0.097,0.0,0.0,0.987,object#17,,0,0,,,,1,"[{""name"": ""球R"", ""share"": 1.0, ""q"": 0.013, ""capture"": 0.097, ""miss_deg"": 2.16, ""labels"": [193]}]"
2026_08_16/s6,s6,v8,,ours,15.5,15.77,0.27,4.516,球M,192,0.931,0.026,0.176,0.08,0.074,0.972,object#17,,0,0,,,,2,"[{""name"": ""球M"", ""share"": 0.931, ""q"": 0.026, ""capture"": 0.176, ""miss_deg"": 1.87, ""labels"": [192]}, {""name"": ""球R"", ""share"": 0.069, ""q"": 0.002, ""capture"": 0.014, ""miss_deg"": 2.93, ""labels"": [193]}]"
2026_08_16/s6,s6,v8,,ours,15.82,16.25,0.43,4.41,球L,191,0.996,0.052,0.318,0.0,0.001,0.948,object#27,,1,1,,,,3,"[{""name"": ""球L"", ""share"": 0.996, ""q"": 0.052, ""capture"": 0.318, ""miss_deg"": 1.51, ""labels"": [191]}, {""name"": ""球M"", ""share"": 0.001, ""q"": 0.0, ""capture"": 0.0, ""miss_deg"": 3.98, ""labels"": [192]}, {""name"": ""香蕉"", ""share"": 0.003, ""q"": 0.0, ""capture"": 0.0, ""miss_deg"": 4.0, ""labels"": [196]}]"
2026_08_16/s6,s6,v8,,ours,16.58,17.55,0.97,4.498,球M,192,0.929,0.147,1.005,0.097,0.072,0.842,object#17,,1,1,,,,3,"[{""name"": ""球M"", ""share"": 0.929, ""q"": 0.147, ""capture"": 1.005, ""miss_deg"": 0.0, ""labels"": [192]}, {""name"": ""石榴"", ""share"": 0.067, ""q"": 0.011, ""capture"": 0.097, ""miss_deg"": 2.16, ""labels"": [195]}, {""name"": ""球R"", ""share"": 0.004, ""q"": 0.001, ""capture"": 0.004, ""miss_deg"": 3.3, ""labels"": [193]}]"
2026_08_16/s6,s6,v8,,ours,17.79,18.06,0.27,4.449,球M,192,0.666,0.068,0.465,0.413,0.464,0.898,object#162,,1,1,,,,3,"[{""name"": ""球M"", ""share"": 0.666, ""q"": 0.068, ""capture"": 0.465, ""miss_deg"": 1.24, ""labels"": [192]}, {""name"": ""球L"", ""share"": 0.309, ""q"": 0.031, ""capture"": 0.192, ""miss_deg"": 1.82, ""labels"": [191]}, {""name"": ""石榴"", ""share"": 0.005, ""q"": 0.001, ""capture"": 0.005, ""miss_deg"": 3.28, ""labels"": [195]}]"
2026_08_16/s6,s6,v8,,ours,18.11,18.71,0.6,4.441,球M,192,0.935,0.155,1.065,0.091,0.068,0.834,object#162,,1,1,,,,3,"[{""name"": ""球M"", ""share"": 0.935, ""q"": 0.155, ""capture"": 1.065, ""miss_deg"": 0.0, ""labels"": [192]}, {""name"": ""石榴"", ""share"": 0.064, ""q"": 0.011, ""capture"": 0.097, ""miss_deg"": 2.16, ""labels"": [195]}, {""name"": ""球R"", ""share"": 0.002, ""q"": 0.0, ""capture"": 0.002, ""miss_deg"": 3.53, ""labels"": [193]}]"
2026_08_16/s6,s6,v8,,ours,18.76,19.09,0.33,4.461,球M,192,0.892,0.105,0.723,0.083,0.094,0.882,object#162,,1,1,,,,3,"[{""name"": ""球M"", ""share"": 0.892, ""q"": 0.105, ""capture"": 0.723, ""miss_deg"": 0.81, ""labels"": [192]}, {""name"": ""球L"", ""share"": 0.084, ""q"": 0.01, ""capture"": 0.06, ""miss_deg"": 2.37, ""labels"": [191]}, {""name"": ""石榴"", ""share"": 0.012, ""q"": 0.001, ""capture"": 0.013, ""miss_deg"": 2.95, ""labels"": [195]}]"
2026_08_16/s6,s6,v8,,ours,19.15,20.07,0.92,4.55,球M,192,0.912,0.174,1.195,0.123,0.092,0.809,object#17,,1,1,,,,3,"[{""name"": ""球M"", ""share"": 0.912, ""q"": 0.174, ""capture"": 1.195, ""miss_deg"": 0.0, ""labels"": [192]}, {""name"": ""石榴"", ""share"": 0.084, ""q"": 0.016, ""capture"": 0.147, ""miss_deg"": 1.96, ""labels"": [195]}, {""name"": ""球R"", ""share"": 0.004, ""q"": 0.001, ""capture"": 0.006, ""miss_deg"": 3.2, ""labels"": [193]}]"
2026_08_16/s6,s6,v8,,ours,20.34,21.37,1.03,4.446,球L,191,0.951,0.074,0.455,0.018,0.015,0.922,object#27,,1,1,,,,3,"[{""name"": ""球L"", ""share"": 0.951, ""q"": 0.074, ""capture"": 0.455, ""miss_deg"": 1.26, ""labels"": [191]}, {""name"": ""球M"", ""share"": 0.014, ""q"": 0.001, ""capture"": 0.008, ""miss_deg"": 3.12, ""labels"": [192]}, {""name"": ""香蕉"", ""share"": 0.034, ""q"": 0.003, ""capture"": 0.006, ""miss_deg"": 3.22, ""labels"": [196]}]"
2026_08_16/s6,s6,v8,,ours,21.66,25.12,3.47,4.429,球L,191,0.992,0.048,0.294,0.003,0.005,0.952,object#27,,1,1,1,球L,1,3,"[{""name"": ""球L"", ""share"": 0.992, ""q"": 0.048, ""capture"": 0.294, ""miss_deg"": 1.57, ""labels"": [191]}, {""name"": ""球M"", ""share"": 0.005, ""q"": 0.0, ""capture"": 0.001, ""miss_deg"": 3.63, ""labels"": [192]}, {""name"": ""香蕉"", ""share"": 0.003, ""q"": 0.0, ""capture"": 0.0, ""miss_deg"": 4.04, ""labels"": [196]}]"
2026_08_16/s6,s6,v8,,ours,25.18,26.22,1.04,4.436,球L,191,0.842,0.113,0.69,0.084,0.075,0.866,object#10,,1,1,1,球L,1,3,"[{""name"": ""球L"", ""share"": 0.842, ""q"": 0.113, ""capture"": 0.69, ""miss_deg"": 0.86, ""labels"": [191]}, {""name"": ""球M"", ""share"": 0.063, ""q"": 0.008, ""capture"": 0.058, ""miss_deg"": 2.39, ""labels"": [192]}, {""name"": ""香蕉"", ""share"": 0.096, ""q"": 0.013, ""capture"": 0.027, ""miss_deg"": 2.69, ""labels"": [196]}]"
2026_08_16/s6,s6,v8,,ours,27.27,29.6,2.33,4.492,球M,192,1.0,0.078,0.535,0.0,0.0,0.922,object#162,,1,1,,,,1,"[{""name"": ""球M"", ""share"": 1.0, ""q"": 0.078, ""capture"": 0.535, ""miss_deg"": 1.12, ""labels"": [192]}]"
2026_08_16/s6,s6,v8,,ours,29.84,30.92,1.08,4.569,球M,192,0.999,0.059,0.407,0.002,0.001,0.941,object#17,,1,1,2,球M,1,2,"[{""name"": ""球M"", ""share"": 0.999, ""q"": 0.059, ""capture"": 0.407, ""miss_deg"": 1.34, ""labels"": [192]}, {""name"": ""球R"", ""share"": 0.001, ""q"": 0.0, ""capture"": 0.001, ""miss_deg"": 3.9, ""labels"": [193]}]"
2026_08_16/s6,s6,v8,,ours,30.97,32.11,1.14,4.531,球M,192,1.0,0.023,0.158,0.0,0.0,0.977,object#17,,0,0,2,球M,1,1,"[{""name"": ""球M"", ""share"": 1.0, ""q"": 0.023, ""capture"": 0.158, ""miss_deg"": 1.92, ""labels"": [192]}]"
2026_08_16/s6,s6,v8,,ours,32.17,32.65,0.49,4.456,球M,192,1.0,0.047,0.319,0.0,0.0,0.953,object#162,,1,1,2,球M,1,1,"[{""name"": ""球M"", ""share"": 1.0, ""q"": 0.047, ""capture"": 0.319, ""miss_deg"": 1.51, ""labels"": [192]}]"
2026_08_16/s6,s6,v8,,ours,32.71,33.36,0.65,4.591,球M,192,0.733,0.006,0.04,0.45,0.364,0.992,object#17,,0,0,2,球M,1,2,"[{""name"": ""球M"", ""share"": 0.733, ""q"": 0.006, ""capture"": 0.04, ""miss_deg"": 2.54, ""labels"": [192]}, {""name"": ""球R"", ""share"": 0.267, ""q"": 0.002, ""capture"": 0.018, ""miss_deg"": 2.84, ""labels"": [193]}]"
2026_08_16/s6,s6,v8,,ours,33.41,33.68,0.27,4.529,球M,192,1.0,0.011,0.077,0.0,0.0,0.989,object#17,,0,0,2,球M,1,1,"[{""name"": ""球M"", ""share"": 1.0, ""q"": 0.011, ""capture"": 0.077, ""miss_deg"": 2.26, ""labels"": [192]}]"
2026_08_16/s6,s6,v8,,ours,34.15,34.42,0.27,4.58,球R,193,1.0,0.0,0.003,0.0,0.0,1.0,object#17,,0,0,,,,1,"[{""name"": ""球R"", ""share"": 1.0, ""q"": 0.0, ""capture"": 0.003, ""miss_deg"": 3.4, ""labels"": [193]}]"
2026_08_16/s6,s6,v8,,ours,34.47,36.37,1.9,4.567,球R,193,0.968,0.034,0.289,0.035,0.033,0.965,object#17,,1,1,,,,2,"[{""name"": ""球R"", ""share"": 0.968, ""q"": 0.034, ""capture"": 0.289, ""miss_deg"": 1.58, ""labels"": [193]}, {""name"": ""石榴"", ""share"": 0.032, ""q"": 0.001, ""capture"": 0.01, ""miss_deg"": 3.03, ""labels"": [195]}]"
2026_08_16/s6,s6,v8,,ours,36.64,39.34,2.71,4.561,球R,193,1.0,0.008,0.062,0.0,0.0,0.992,object#17,,0,0,3,球R,1,1,"[{""name"": ""球R"", ""share"": 1.0, ""q"": 0.008, ""capture"": 0.062, ""miss_deg"": 2.36, ""labels"": [193]}]"
2026_08_16/s6,s6,v8,,ours,39.62,42.76,3.14,4.598,,-1,0.0,0.0,,,,1.0,object#17,,0,0,3,球R,,0,[]
2026_08_16/s6,s6,v8,,ours,42.81,43.35,0.54,4.545,球R,193,1.0,0.038,0.277,0.0,0.0,0.962,object#17,,1,1,4,球R,1,1,"[{""name"": ""球R"", ""share"": 1.0, ""q"": 0.038, ""capture"": 0.277, ""miss_deg"": 1.6, ""labels"": [193]}]"
2026_08_16/s6,s6,v8,,ours,43.79,45.41,1.62,4.556,球R,193,0.997,0.024,0.172,0.006,0.003,0.976,object#17,,0,0,4,球R,1,2,"[{""name"": ""球R"", ""share"": 0.997, ""q"": 0.024, ""capture"": 0.172, ""miss_deg"": 1.88, ""labels"": [193]}, {""name"": ""石榴"", ""share"": 0.003, ""q"": 0.0, ""capture"": 0.001, ""miss_deg"": 3.88, ""labels"": [195]}]"
2026_08_16/s6,s6,v8,,ours,45.92,47.54,1.62,4.517,球R,193,0.979,0.03,0.217,0.028,0.021,0.97,object#17,,1,1,4,球R,1,2,"[{""name"": ""球R"", ""share"": 0.979, ""q"": 0.03, ""capture"": 0.217, ""miss_deg"": 1.75, ""labels"": [193]}, {""name"": ""石榴"", ""share"": 0.021, ""q"": 0.001, ""capture"": 0.006, ""miss_deg"": 3.21, ""labels"": [195]}]"
2026_08_16/s6,s6,v8,,ours,47.99,52.01,4.01,4.46,球M,192,0.986,0.106,0.728,0.019,0.014,0.892,object#162,,1,1,5,球M,1,2,"[{""name"": ""球M"", ""share"": 0.986, ""q"": 0.106, ""capture"": 0.728, ""miss_deg"": 0.8, ""labels"": [192]}, {""name"": ""石榴"", ""share"": 0.014, ""q"": 0.002, ""capture"": 0.014, ""miss_deg"": 2.93, ""labels"": [195]}]"
2026_08_16/s6,s6,v8,,ours,52.06,54.66,2.6,4.464,球M,192,0.978,0.108,0.74,0.028,0.02,0.89,object#162,,1,1,5,球M,1,3,"[{""name"": ""球M"", ""share"": 0.978, ""q"": 0.108, ""capture"": 0.74, ""miss_deg"": 0.78, ""labels"": [192]}, {""name"": ""石榴"", ""share"": 0.02, ""q"": 0.002, ""capture"": 0.021, ""miss_deg"": 2.79, ""labels"": [195]}, {""name"": ""球R"", ""share"": 0.002, ""q"": 0.0, ""capture"": 0.001, ""miss_deg"": 3.66, ""labels"": [193]}]"
2026_08_16/s6,s6,v8,,ours,54.94,55.59,0.65,4.643,球M,192,0.591,0.001,0.003,1.0,0.692,0.999,object#17,,0,0,,,,2,"[{""name"": ""球M"", ""share"": 0.591, ""q"": 0.001, ""capture"": 0.003, ""miss_deg"": 3.37, ""labels"": [192]}, {""name"": ""球R"", ""share"": 0.409, ""q"": 0.0, ""capture"": 0.003, ""miss_deg"": 3.42, ""labels"": [193]}]"
2026_08_16/s6,s6,v8,,ours,55.86,60.19,4.33,4.562,球R,193,1.0,0.011,0.095,0.0,0.0,0.989,object#17,,0,0,6,球R,1,1,"[{""name"": ""球R"", ""share"": 1.0, ""q"": 0.011, ""capture"": 0.095, ""miss_deg"": 2.17, ""labels"": [193]}]"
2026_08_16/s6,s6,v8,,ours,60.25,60.95,0.7,4.519,球M,192,0.891,0.1,0.685,0.105,0.079,0.888,object#17,,1,1,6,球R,0,3,"[{""name"": ""球M"", ""share"": 0.891, ""q"": 0.1, ""capture"": 0.685, ""miss_deg"": 0.87, ""labels"": [192]}, {""name"": ""石榴"", ""share"": 0.07, ""q"": 0.008, ""capture"": 0.072, ""miss_deg"": 2.3, ""labels"": [195]}, {""name"": ""球R"", ""share"": 0.039, ""q"": 0.004, ""capture"": 0.032, ""miss_deg"": 2.62, ""labels"": [193]}]"
2026_08_16/s6,s6,v8,,ours,61.01,62.09,1.08,4.523,球R,193,0.702,0.052,0.378,0.365,0.293,0.926,object#17,,1,1,,,,3,"[{""name"": ""球R"", ""share"": 0.702, ""q"": 0.052, ""capture"": 0.378, ""miss_deg"": 1.4, ""labels"": [193]}, {""name"": ""石榴"", ""share"": 0.206, ""q"": 0.015, ""capture"": 0.138, ""miss_deg"": 1.99, ""labels"": [195]}, {""name"": ""球M"", ""share"": 0.092, ""q"": 0.007, ""capture"": 0.046, ""miss_deg"": 2.48, ""labels"": [192]}]"
2026_08_16/s6,s6,v8,,ours,62.14,64.2,2.06,4.616,球R,193,0.873,0.041,0.342,0.123,0.113,0.953,object#17,,1,1,,,,3,"[{""name"": ""球R"", ""share"": 0.873, ""q"": 0.041, ""capture"": 0.342, ""miss_deg"": 1.47, ""labels"": [193]}, {""name"": ""石榴"", ""share"": 0.099, ""q"": 0.005, ""capture"": 0.042, ""miss_deg"": 2.52, ""labels"": [195]}, {""name"": ""球M"", ""share"": 0.029, ""q"": 0.001, ""capture"": 0.009, ""miss_deg"": 3.06, ""labels"": [192]}]"
2026_08_16/s6,s6,v8,,ours,65.04,66.23,1.19,4.636,球R,193,0.962,0.035,0.293,0.044,0.04,0.964,object#17,,1,1,7,球R,1,2,"[{""name"": ""球R"", ""share"": 0.962, ""q"": 0.035, ""capture"": 0.293, ""miss_deg"": 1.57, ""labels"": [193]}, {""name"": ""石榴"", ""share"": 0.038, ""q"": 0.001, ""capture"": 0.013, ""miss_deg"": 2.96, ""labels"": [195]}]"
2026_08_16/s6,s6,v8,,ours,66.34,67.97,1.62,4.554,球R,193,0.985,0.027,0.195,0.021,0.015,0.973,object#17,,0,0,7,球R,1,2,"[{""name"": ""球R"", ""share"": 0.985, ""q"": 0.027, ""capture"": 0.195, ""miss_deg"": 1.81, ""labels"": [193]}, {""name"": ""石榴"", ""share"": 0.015, ""q"": 0.0, ""capture"": 0.004, ""miss_deg"": 3.35, ""labels"": [195]}]"
2026_08_16/s6,s6,v8,,ours,68.29,68.67,0.38,4.562,球M,192,1.0,0.036,0.245,0.0,0.0,0.964,object#17,,1,1,,,,1,"[{""name"": ""球M"", ""share"": 1.0, ""q"": 0.036, ""capture"": 0.245, ""miss_deg"": 1.68, ""labels"": [192]}]"
2026_08_16/s6,s6,v8,,ours,73.49,73.76,0.27,7.077,石榴,195,1.0,0.0,0.001,0.0,0.0,1.0,object#40,,0,0,,,,1,"[{""name"": ""石榴"", ""share"": 1.0, ""q"": 0.0, ""capture"": 0.001, ""miss_deg"": 3.68, ""labels"": [195]}]"
2026_08_16/s6,s6,v8,,ours,74.61,75.09,0.49,4.461,球L,191,1.0,0.016,0.099,0.0,0.0,0.984,object#27,,0,0,,,,1,"[{""name"": ""球L"", ""share"": 1.0, ""q"": 0.016, ""capture"": 0.099, ""miss_deg"": 2.15, ""labels"": [191]}]"
2026_08_16/s6,s6,v8,,ours,75.15,75.47,0.32,4.417,球L,191,0.897,0.122,0.744,0.035,0.1,0.864,object#36,,1,1,,,,3,"[{""name"": ""球L"", ""share"": 0.897, ""q"": 0.122, ""capture"": 0.744, ""miss_deg"": 0.77, ""labels"": [191]}, {""name"": ""香蕉"", ""share"": 0.09, ""q"": 0.012, ""capture"": 0.026, ""miss_deg"": 2.71, ""labels"": [196]}, {""name"": ""苹果"", ""share"": 0.007, ""q"": 0.001, ""capture"": 0.007, ""miss_deg"": 3.14, ""labels"": [194]}]"
2026_08_16/s6,s6,v8,,ours,75.74,76.18,0.43,4.481,球M,192,1.0,0.043,0.294,0.0,0.0,0.957,object#17,,1,1,,,,1,"[{""name"": ""球M"", ""share"": 1.0, ""q"": 0.043, ""capture"": 0.294, ""miss_deg"": 1.57, ""labels"": [192]}]"
2026_08_16/s6,s6,v8,,ours,76.23,76.72,0.49,4.512,球L,191,1.0,0.042,0.254,0.0,0.0,0.958,object#27,,1,1,,,,1,"[{""name"": ""球L"", ""share"": 1.0, ""q"": 0.042, ""capture"": 0.254, ""miss_deg"": 1.66, ""labels"": [191]}]"
2026_08_16/s6,s6,v8,,ours,77.16,77.7,0.54,4.566,球M,192,1.0,0.013,0.092,0.0,0.0,0.987,object#118,,0,0,,,,1,"[{""name"": ""球M"", ""share"": 1.0, ""q"": 0.013, ""capture"": 0.092, ""miss_deg"": 2.19, ""labels"": [192]}]"
2026_08_16/s6,s6,v8,,ours,77.76,80.03,2.27,4.485,球M,192,1.0,0.059,0.406,0.0,0.0,0.941,object#17,,1,1,,,,1,"[{""name"": ""球M"", ""share"": 1.0, ""q"": 0.059, ""capture"": 0.406, ""miss_deg"": 1.34, ""labels"": [192]}]"
2026_08_16/s6,s6,v8,,ours,80.09,82.96,2.87,4.552,球M,192,1.0,0.052,0.358,0.0,0.0,0.948,object#17,,1,1,8,球M,1,1,"[{""name"": ""球M"", ""share"": 1.0, ""q"": 0.052, ""capture"": 0.358, ""miss_deg"": 1.43, ""labels"": [192]}]"
2026_08_16/s6,s6,v8,,ours,83.19,83.73,0.54,4.509,球M,192,0.982,0.06,0.409,0.02,0.018,0.939,object#17,,1,1,,,,2,"[{""name"": ""球M"", ""share"": 0.982, ""q"": 0.06, ""capture"": 0.409, ""miss_deg"": 1.34, ""labels"": [192]}, {""name"": ""球R"", ""share"": 0.018, ""q"": 0.001, ""capture"": 0.008, ""miss_deg"": 3.11, ""labels"": [193]}]"
2026_08_16/s6,s6,v8,,ours,84.17,85.58,1.41,4.401,球L,191,0.937,0.056,0.342,0.041,0.042,0.94,object#27,,1,1,,,,3,"[{""name"": ""球L"", ""share"": 0.937, ""q"": 0.056, ""capture"": 0.342, ""miss_deg"": 1.47, ""labels"": [191]}, {""name"": ""球M"", ""share"": 0.039, ""q"": 0.002, ""capture"": 0.014, ""miss_deg"": 2.91, ""labels"": [192]}, {""name"": ""香蕉"", ""share"": 0.024, ""q"": 0.001, ""capture"": 0.003, ""miss_deg"": 3.4, ""labels"": [196]}]"
2026_08_16/s6,s6,v8,,ours,85.79,88.61,2.82,4.486,球L,191,0.872,0.116,0.707,0.044,0.127,0.867,object#36,,1,1,9,球L,1,3,"[{""name"": ""球L"", ""share"": 0.872, ""q"": 0.116, ""capture"": 0.707, ""miss_deg"": 0.83, ""labels"": [191]}, {""name"": ""香蕉"", ""share"": 0.111, ""q"": 0.015, ""capture"": 0.031, ""miss_deg"": 2.63, ""labels"": [196]}, {""name"": ""球M"", ""share"": 0.012, ""q"": 0.002, ""capture"": 0.011, ""miss_deg"": 3.02, ""labels"": [192]}]"
2026_08_16/s6,s6,v8,,ours,88.93,90.5,1.57,4.405,球L,191,0.618,0.034,0.208,0.567,0.566,0.945,object#162,,1,1,9,球L,1,3,"[{""name"": ""球L"", ""share"": 0.618, ""q"": 0.034, ""capture"": 0.208, ""miss_deg"": 1.77, ""labels"": [191]}, {""name"": ""球M"", ""share"": 0.35, ""q"": 0.019, ""capture"": 0.118, ""miss_deg"": 2.07, ""labels"": [192]}, {""name"": ""香蕉"", ""share"": 0.032, ""q"": 0.002, ""capture"": 0.004, ""miss_deg"": 3.34, ""labels"": [196]}]"
2026_08_16/s6,s6,v8,,ours,90.89,91.65,0.76,4.471,球M,192,0.975,0.059,0.407,0.027,0.026,0.939,object#17,,1,1,,,,2,"[{""name"": ""球M"", ""share"": 0.975, ""q"": 0.059, ""capture"": 0.407, ""miss_deg"": 1.34, ""labels"": [192]}, {""name"": ""球R"", ""share"": 0.025, ""q"": 0.002, ""capture"": 0.011, ""miss_deg"": 3.0, ""labels"": [193]}]"
2026_08_16/s6,s6,v8,,ours,91.76,94.9,3.14,4.501,球M,192,0.886,0.115,0.791,0.109,0.081,0.87,object#17,,1,1,10,球M,1,3,"[{""name"": ""球M"", ""share"": 0.886, ""q"": 0.115, ""capture"": 0.791, ""miss_deg"": 0.69, ""labels"": [192]}, {""name"": ""石榴"", ""share"": 0.072, ""q"": 0.009, ""capture"": 0.086, ""miss_deg"": 2.21, ""labels"": [195]}, {""name"": ""球R"", ""share"": 0.042, ""q"": 0.005, ""capture"": 0.04, ""miss_deg"": 2.54, ""labels"": [193]}]"
2026_08_16/s6,s6,v8,,ours,95.0,97.93,2.92,4.514,球M,192,0.724,0.122,0.833,0.397,0.298,0.832,object#17,,1,1,10,球M,1,3,"[{""name"": ""球M"", ""share"": 0.724, ""q"": 0.122, ""capture"": 0.833, ""miss_deg"": 0.6, ""labels"": [192]}, {""name"": ""石榴"", ""share"": 0.216, ""q"": 0.036, ""capture"": 0.331, ""miss_deg"": 1.49, ""labels"": [195]}, {""name"": ""球R"", ""share"": 0.06, ""q"": 0.01, ""capture"": 0.074, ""miss_deg"": 2.28, ""labels"": [193]}]"
2026_08_16/s6,s6,v8,,ours,98.25,98.57,0.32,4.49,球L,191,0.919,0.134,0.817,0.031,0.088,0.855,object#36,,1,1,,,,2,"[{""name"": ""球L"", ""share"": 0.919, ""q"": 0.134, ""capture"": 0.817, ""miss_deg"": 0.64, ""labels"": [191]}, {""name"": ""香蕉"", ""share"": 0.081, ""q"": 0.012, ""capture"": 0.025, ""miss_deg"": 2.72, ""labels"": [196]}]"
2026_08_16/s6,s6,v8,,ours,98.63,101.66,3.03,4.405,球L,191,0.806,0.181,1.103,0.065,0.19,0.776,object#36,,1,1,11,球L,1,3,"[{""name"": ""球L"", ""share"": 0.806, ""q"": 0.181, ""capture"": 1.103, ""miss_deg"": 0.0, ""labels"": [191]}, {""name"": ""香蕉"", ""share"": 0.153, ""q"": 0.034, ""capture"": 0.072, ""miss_deg"": 2.29, ""labels"": [196]}, {""name"": ""苹果"", ""share"": 0.041, ""q"": 0.009, ""capture"": 0.067, ""miss_deg"": 2.33, ""labels"": [194]}]"
2026_08_16/s6,s6,v8,,ours,101.77,102.96,1.19,4.403,球L,191,0.865,0.167,1.023,0.054,0.047,0.806,object#36,,1,1,11,球L,1,3,"[{""name"": ""球L"", ""share"": 0.865, ""q"": 0.167, ""capture"": 1.023, ""miss_deg"": 0.0, ""labels"": [191]}, {""name"": ""苹果"", ""share"": 0.041, ""q"": 0.008, ""capture"": 0.055, ""miss_deg"": 2.41, ""labels"": [194]}, {""name"": ""香蕉"", ""share"": 0.094, ""q"": 0.018, ""capture"": 0.039, ""miss_deg"": 2.55, ""labels"": [196]}]"
2026_08_16/s6,s6,v8,,ours,103.01,103.39,0.38,4.445,球M,192,0.967,0.124,0.849,0.042,0.031,0.872,object#162,,1,1,11,球L,0,3,"[{""name"": ""球M"", ""share"": 0.967, ""q"": 0.124, ""capture"": 0.849, ""miss_deg"": 0.57, ""labels"": [192]}, {""name"": ""石榴"", ""share"": 0.03, ""q"": 0.004, ""capture"": 0.036, ""miss_deg"": 2.58, ""labels"": [195]}, {""name"": ""球L"", ""share"": 0.003, ""q"": 0.0, ""capture"": 0.002, ""miss_deg"": 3.51, ""labels"": [191]}]"
2026_08_16/s6,s6,v8,,ours,103.45,104.0,0.54,4.401,球L,191,0.887,0.158,0.965,0.036,0.105,0.822,object#10,,1,1,11,球L,1,3,"[{""name"": ""球L"", ""share"": 0.887, ""q"": 0.158, ""capture"": 0.965, ""miss_deg"": 0.27, ""labels"": [191]}, {""name"": ""香蕉"", ""share"": 0.093, ""q"": 0.016, ""capture"": 0.035, ""miss_deg"": 2.59, ""labels"": [196]}, {""name"": ""球M"", ""share"": 0.012, ""q"": 0.002, ""capture"": 0.013, ""miss_deg"": 2.96, ""labels"": [192]}]"
2026_08_16/s6,s6,v8,,ours,104.05,104.48,0.43,4.409,球M,192,0.855,0.097,0.595,0.145,0.145,0.886,object#162,,1,1,11,球L,0,3,"[{""name"": ""球M"", ""share"": 0.855, ""q"": 0.097, ""capture"": 0.595, ""miss_deg"": 1.02, ""labels"": [192]}, {""name"": ""球L"", ""share"": 0.124, ""q"": 0.014, ""capture"": 0.086, ""miss_deg"": 2.21, ""labels"": [191]}, {""name"": ""石榴"", ""share"": 0.013, ""q"": 0.001, ""capture"": 0.013, ""miss_deg"": 2.95, ""labels"": [195]}]"
2026_08_16/s6,s6,v8,,ours,104.54,104.92,0.38,4.479,球M,192,0.888,0.164,1.127,0.169,0.126,0.815,object#162,,1,1,,,,2,"[{""name"": ""球M"", ""share"": 0.888, ""q"": 0.164, ""capture"": 1.127, ""miss_deg"": 0.0, ""labels"": [192]}, {""name"": ""石榴"", ""share"": 0.112, ""q"": 0.021, ""capture"": 0.19, ""miss_deg"": 1.82, ""labels"": [195]}]"
2026_08_16/s6,s6,v8,,ours,105.1,105.47,0.38,4.437,球M,192,0.93,0.16,1.098,0.101,0.075,0.828,object#162,,1,1,,,,2,"[{""name"": ""球M"", ""share"": 0.93, ""q"": 0.16, ""capture"": 1.098, ""miss_deg"": 0.0, ""labels"": [192]}, {""name"": ""石榴"", ""share"": 0.07, ""q"": 0.012, ""capture"": 0.111, ""miss_deg"": 2.1, ""labels"": [195]}]"
2026_08_16/s6,s6,v8,,ours,105.53,109.27,3.74,4.494,球M,192,0.901,0.168,1.151,0.146,0.11,0.814,object#162,,1,1,12,球M,1,2,"[{""name"": ""球M"", ""share"": 0.901, ""q"": 0.168, ""capture"": 1.151, ""miss_deg"": 0.0, ""labels"": [192]}, {""name"": ""石榴"", ""share"": 0.099, ""q"": 0.018, ""capture"": 0.168, ""miss_deg"": 1.89, ""labels"": [195]}]"
2026_08_16/s6,s6,v8,,ours,109.32,110.62,1.3,4.563,球M,192,0.791,0.121,0.831,0.224,0.168,0.847,object#17,,1,1,12,球M,1,3,"[{""name"": ""球M"", ""share"": 0.791, ""q"": 0.121, ""capture"": 0.831, ""miss_deg"": 0.61, ""labels"": [192]}, {""name"": ""石榴"", ""share"": 0.133, ""q"": 0.02, ""capture"": 0.186, ""miss_deg"": 1.83, ""labels"": [195]}, {""name"": ""球R"", ""share"": 0.076, ""q"": 0.012, ""capture"": 0.098, ""miss_deg"": 2.16, ""labels"": [193]}]"
2026_08_16/s6,s6,v8,,ours,110.67,111.22,0.54,4.546,球R,193,0.77,0.057,0.417,0.29,0.232,0.926,object#17,,1,1,12,球M,0,3,"[{""name"": ""球R"", ""share"": 0.77, ""q"": 0.057, ""capture"": 0.417, ""miss_deg"": 1.32, ""labels"": [193]}, {""name"": ""石榴"", ""share"": 0.179, ""q"": 0.013, ""capture"": 0.121, ""miss_deg"": 2.06, ""labels"": [195]}, {""name"": ""球M"", ""share"": 0.051, ""q"": 0.004, ""capture"": 0.026, ""miss_deg"": 2.7, ""labels"": [192]}]"
2026_08_16/s6,s6,v8,,ours,111.59,112.14,0.54,4.559,球M,192,0.71,0.102,0.702,0.336,0.252,0.856,object#17,,1,1,,,,3,"[{""name"": ""球M"", ""share"": 0.71, ""q"": 0.102, ""capture"": 0.702, ""miss_deg"": 0.84, ""labels"": [192]}, {""name"": ""石榴"", ""share"": 0.179, ""q"": 0.026, ""capture"": 0.236, ""miss_deg"": 1.7, ""labels"": [195]}, {""name"": ""球R"", ""share"": 0.111, ""q"": 0.016, ""capture"": 0.117, ""miss_deg"": 2.07, ""labels"": [193]}]"
2026_08_16/s6,s6,v8,,ours,112.19,112.57,0.38,4.385,球L,191,0.878,0.145,0.884,0.04,0.116,0.835,object#149,,1,1,,,,3,"[{""name"": ""球L"", ""share"": 0.878, ""q"": 0.145, ""capture"": 0.884, ""miss_deg"": 0.5, ""labels"": [191]}, {""name"": ""香蕉"", ""share"": 0.102, ""q"": 0.017, ""capture"": 0.035, ""miss_deg"": 2.58, ""labels"": [196]}, {""name"": ""球M"", ""share"": 0.011, ""q"": 0.002, ""capture"": 0.011, ""miss_deg"": 3.0, ""labels"": [192]}]"
2026_08_16/s6,s6,v8,,ours,112.68,115.38,2.7,4.406,球L,191,0.827,0.179,1.093,0.066,0.056,0.784,object#36,,1,1,,,,3,"[{""name"": ""球L"", ""share"": 0.827, ""q"": 0.179, ""capture"": 1.093, ""miss_deg"": 0.0, ""labels"": [191]}, {""name"": ""苹果"", ""share"": 0.046, ""q"": 0.01, ""capture"": 0.072, ""miss_deg"": 2.29, ""labels"": [194]}, {""name"": ""香蕉"", ""share"": 0.128, ""q"": 0.028, ""capture"": 0.058, ""miss_deg"": 2.38, ""labels"": [196]}]"
2026_08_16/s6,s6,v8,,ours,115.44,116.03,0.6,4.482,球M,192,0.867,0.079,0.543,0.122,0.136,0.909,object#162,,1,1,13,球L,0,3,"[{""name"": ""球M"", ""share"": 0.867, ""q"": 0.079, ""capture"": 0.543, ""miss_deg"": 1.11, ""labels"": [192]}, {""name"": ""球L"", ""share"": 0.118, ""q"": 0.011, ""capture"": 0.066, ""miss_deg"": 2.33, ""labels"": [191]}, {""name"": ""石榴"", ""share"": 0.006, ""q"": 0.001, ""capture"": 0.005, ""miss_deg"": 3.28, ""labels"": [195]}]"
2026_08_16/s6,s6,v8,,ours,116.09,117.12,1.03,4.48,球L,191,0.812,0.177,1.082,0.069,0.201,0.782,object#36,,1,1,13,球L,1,3,"[{""name"": ""球L"", ""share"": 0.812, ""q"": 0.177, ""capture"": 1.082, ""miss_deg"": 0.0, ""labels"": [191]}, {""name"": ""香蕉"", ""share"": 0.163, ""q"": 0.035, ""capture"": 0.075, ""miss_deg"": 2.28, ""labels"": [196]}, {""name"": ""苹果"", ""share"": 0.025, ""q"": 0.005, ""capture"": 0.04, ""miss_deg"": 2.54, ""labels"": [194]}]"
2026_08_16/s6,s6,v8,,ours,117.44,117.82,0.38,4.504,球L,191,0.848,0.142,0.866,0.05,0.044,0.833,object#10,,1,1,13,球L,1,3,"[{""name"": ""球L"", ""share"": 0.848, ""q"": 0.142, ""capture"": 0.866, ""miss_deg"": 0.54, ""labels"": [191]}, {""name"": ""球M"", ""share"": 0.037, ""q"": 0.006, ""capture"": 0.043, ""miss_deg"": 2.51, ""labels"": [192]}, {""name"": ""香蕉"", ""share"": 0.114, ""q"": 0.019, ""capture"": 0.04, ""miss_deg"": 2.53, ""labels"": [196]}]"
2026_08_16/s6,s6,v8,,ours,117.87,118.14,0.27,4.517,球M,192,0.946,0.188,1.289,0.071,0.054,0.801,object#10,,1,1,13,球L,0,3,"[{""name"": ""球M"", ""share"": 0.946, ""q"": 0.188, ""capture"": 1.289, ""miss_deg"": 0.0, ""labels"": [192]}, {""name"": ""石榴"", ""share"": 0.051, ""q"": 0.01, ""capture"": 0.092, ""miss_deg"": 2.19, ""labels"": [195]}, {""name"": ""球L"", ""share"": 0.004, ""q"": 0.001, ""capture"": 0.005, ""miss_deg"": 3.28, ""labels"": [191]}]"
2026_08_16/s6,s6,v8,,ours,118.2,119.01,0.81,4.459,球L,191,0.785,0.172,1.052,0.081,0.234,0.781,object#10,,1,1,13,球L,1,3,"[{""name"": ""球L"", ""share"": 0.785, ""q"": 0.172, ""capture"": 1.052, ""miss_deg"": 0.0, ""labels"": [191]}, {""name"": ""香蕉"", ""share"": 0.184, ""q"": 0.04, ""capture"": 0.085, ""miss_deg"": 2.22, ""labels"": [196]}, {""name"": ""苹果"", ""share"": 0.02, ""q"": 0.004, ""capture"": 0.033, ""miss_deg"": 2.62, ""labels"": [194]}]"
2026_08_16/s6,s6,v8,,ours,119.37,122.25,2.88,4.548,球R,193,0.792,0.069,0.502,0.293,0.235,0.913,object#17,,1,1,,,,3,"[{""name"": ""球R"", ""share"": 0.792, ""q"": 0.069, ""capture"": 0.502, ""miss_deg"": 1.17, ""labels"": [193]}, {""name"": ""石榴"", ""share"": 0.186, ""q"": 0.016, ""capture"": 0.147, ""miss_deg"": 1.96, ""labels"": [195]}, {""name"": ""球M"", ""share"": 0.022, ""q"": 0.002, ""capture"": 0.013, ""miss_deg"": 2.94, ""labels"": [192]}]"
2026_08_16/s6,s6,v8,,ours,122.3,124.31,2.0,4.54,球R,193,0.865,0.075,0.548,0.195,0.156,0.913,object#17,,1,1,14,球R,1,2,"[{""name"": ""球R"", ""share"": 0.865, ""q"": 0.075, ""capture"": 0.548, ""miss_deg"": 1.1, ""labels"": [193]}, {""name"": ""石榴"", ""share"": 0.135, ""q"": 0.012, ""capture"": 0.107, ""miss_deg"": 2.11, ""labels"": [195]}]"
2026_08_16/s6,s6,v8,,ours,124.36,124.69,0.32,4.496,球M,192,0.964,0.123,0.844,0.05,0.037,0.872,object#162,,1,1,14,球R,0,2,"[{""name"": ""球M"", ""share"": 0.964, ""q"": 0.123, ""capture"": 0.844, ""miss_deg"": 0.58, ""labels"": [192]}, {""name"": ""石榴"", ""share"": 0.036, ""q"": 0.005, ""capture"": 0.042, ""miss_deg"": 2.52, ""labels"": [195]}]"
2026_08_16/s6,s6,v8,,ours,125.14,125.46,0.32,4.526,球M,192,0.865,0.19,1.299,0.208,0.156,0.781,object#10,,1,1,14,球R,0,2,"[{""name"": ""球M"", ""share"": 0.865, ""q"": 0.19, ""capture"": 1.299, ""miss_deg"": 0.0, ""labels"": [192]}, {""name"": ""石榴"", ""share"": 0.135, ""q"": 0.03, ""capture"": 0.27, ""miss_deg"": 1.62, ""labels"": [195]}]"
2026_08_16/s6,s6,v8,,ours,125.52,125.79,0.27,4.624,球R,193,0.785,0.104,0.872,0.282,0.261,0.868,object#17,,1,1,14,球R,1,3,"[{""name"": ""球R"", ""share"": 0.785, ""q"": 0.104, ""capture"": 0.872, ""miss_deg"": 0.52, ""labels"": [193]}, {""name"": ""石榴"", ""share"": 0.205, ""q"": 0.027, ""capture"": 0.246, ""miss_deg"": 1.67, ""labels"": [195]}, {""name"": ""球M"", ""share"": 0.01, ""q"": 0.001, ""capture"": 0.009, ""miss_deg"": 3.06, ""labels"": [192]}]"
2026_08_16/s6,s6,v8,,ours,125.84,126.39,0.54,4.494,球M,192,0.844,0.177,1.213,0.243,0.182,0.79,object#162,,1,1,,,,3,"[{""name"": ""球M"", ""share"": 0.844, ""q"": 0.177, ""capture"": 1.213, ""miss_deg"": 0.0, ""labels"": [192]}, {""name"": ""石榴"", ""share"": 0.154, ""q"": 0.032, ""capture"": 0.295, ""miss_deg"": 1.56, ""labels"": [195]}, {""name"": ""球R"", ""share"": 0.002, ""q"": 0.0, ""capture"": 0.003, ""miss_deg"": 3.37, ""labels"": [193]}]"
2026_08_16/s6,s6,v8,,ours,126.61,130.13,3.52,4.398,球L,191,0.811,0.201,1.228,0.081,0.073,0.752,object#36,,1,1,,,,3,"[{""name"": ""球L"", ""share"": 0.811, ""q"": 0.201, ""capture"": 1.228, ""miss_deg"": 0.0, ""labels"": [191]}, {""name"": ""苹果"", ""share"": 0.059, ""q"": 0.015, ""capture"": 0.1, ""miss_deg"": 2.14, ""labels"": [194]}, {""name"": ""香蕉"", ""share"": 0.13, ""q"": 0.032, ""capture"": 0.068, ""miss_deg"": 2.32, ""labels"": [196]}]"
2026_08_16/s6,s6,v8,,ours,130.18,131.91,1.73,4.438,球L,191,0.775,0.194,1.186,0.085,0.246,0.75,object#36,,1,1,15,球L,1,3,"[{""name"": ""球L"", ""share"": 0.775, ""q"": 0.194, ""capture"": 1.186, ""miss_deg"": 0.0, ""labels"": [191]}, {""name"": ""香蕉"", ""share"": 0.191, ""q"": 0.048, ""capture"": 0.101, ""miss_deg"": 2.14, ""labels"": [196]}, {""name"": ""苹果"", ""share"": 0.034, ""q"": 0.008, ""capture"": 0.061, ""miss_deg"": 2.36, ""labels"": [194]}]"
2026_08_16/s6,s6,v8,,ours,131.97,132.24,0.27,4.346,球L,191,0.878,0.042,0.256,0.07,0.063,0.952,object#36,,1,1,15,球L,1,3,"[{""name"": ""球L"", ""share"": 0.878, ""q"": 0.042, ""capture"": 0.256, ""miss_deg"": 1.65, ""labels"": [191]}, {""name"": ""苹果"", ""share"": 0.055, ""q"": 0.003, ""capture"": 0.018, ""miss_deg"": 2.83, ""labels"": [194]}, {""name"": ""香蕉"", ""share"": 0.066, ""q"": 0.003, ""capture"": 0.006, ""miss_deg"": 3.18, ""labels"": [196]}]"
2026_08_16/s6,s6,v8,,ours,135.56,135.94,0.38,1.777,,-1,0.0,0.0,,,,1.0,object#82,,0,0,,,,0,[]
2026_08_18/000,s7,v8,,ours,8.99,9.75,0.76,3.208,球M,192,1.0,0.032,0.117,0.0,0.0,0.968,object#17,,0,0,,,,1,"[{""name"": ""球M"", ""share"": 1.0, ""q"": 0.032, ""capture"": 0.117, ""miss_deg"": 2.07, ""labels"": [192]}]"
2026_08_18/000,s7,v8,,ours,10.07,10.61,0.54,2.904,球M,192,0.937,0.143,0.452,0.066,0.067,0.848,object#17,,1,1,,,,2,"[{""name"": ""球M"", ""share"": 0.937, ""q"": 0.143, ""capture"": 0.452, ""miss_deg"": 1.26, ""labels"": [192]}, {""name"": ""球L"", ""share"": 0.063, ""q"": 0.01, ""capture"": 0.03, ""miss_deg"": 2.65, ""labels"": [191]}]"
2026_08_18/000,s7,v8,,ours,11.1,12.13,1.03,2.934,球M,192,0.956,0.142,0.449,0.047,0.046,0.852,object#17,,1,1,,,,2,"[{""name"": ""球M"", ""share"": 0.956, ""q"": 0.142, ""capture"": 0.449, ""miss_deg"": 1.27, ""labels"": [192]}, {""name"": ""球L"", ""share"": 0.044, ""q"": 0.007, ""capture"": 0.021, ""miss_deg"": 2.78, ""labels"": [191]}]"
2026_08_18/000,s7,v8,,ours,12.18,12.72,0.54,3.18,球M,192,0.599,0.085,0.316,0.734,0.669,0.857,object#17,,1,1,,,,2,"[{""name"": ""球M"", ""share"": 0.599, ""q"": 0.085, ""capture"": 0.316, ""miss_deg"": 1.52, ""labels"": [192]}, {""name"": ""球R"", ""share"": 0.401, ""q"": 0.057, ""capture"": 0.232, ""miss_deg"": 1.71, ""labels"": [193]}]"
2026_08_18/000,s7,v8,,ours,15.27,15.92,0.65,2.967,球M,192,0.79,0.101,0.336,0.253,0.266,0.872,object#17,,1,1,,,,2,"[{""name"": ""球M"", ""share"": 0.79, ""q"": 0.101, ""capture"": 0.336, ""miss_deg"": 1.48, ""labels"": [192]}, {""name"": ""球L"", ""share"": 0.21, ""q"": 0.027, ""capture"": 0.085, ""miss_deg"": 2.22, ""labels"": [191]}]"
2026_08_18/000,s7,v8,,ours,16.14,21.01,4.87,3.01,球L,191,0.996,0.186,0.589,0.003,0.004,0.813,object#118,,1,1,1,球L,1,2,"[{""name"": ""球L"", ""share"": 0.996, ""q"": 0.186, ""capture"": 0.589, ""miss_deg"": 1.03, ""labels"": [191]}, {""name"": ""球M"", ""share"": 0.004, ""q"": 0.001, ""capture"": 0.002, ""miss_deg"": 3.48, ""labels"": [192]}]"
2026_08_18/000,s7,v8,,ours,21.17,21.61,0.43,3.464,球L,191,1.0,0.003,0.011,0.0,0.0,0.997,object#17,,0,0,1,球L,1,1,"[{""name"": ""球L"", ""share"": 1.0, ""q"": 0.003, ""capture"": 0.011, ""miss_deg"": 3.01, ""labels"": [191]}]"
2026_08_18/000,s7,v8,,ours,21.96,22.39,0.43,3.321,球R,193,0.667,0.036,0.155,0.465,0.499,0.946,object#17,,0,0,,,,2,"[{""name"": ""球R"", ""share"": 0.667, ""q"": 0.036, ""capture"": 0.155, ""miss_deg"": 1.93, ""labels"": [193]}, {""name"": ""球M"", ""share"": 0.333, ""q"": 0.018, ""capture"": 0.072, ""miss_deg"": 2.29, ""labels"": [192]}]"
2026_08_18/000,s7,v8,,ours,23.04,26.46,3.41,3.005,球L,191,1.0,0.128,0.405,0.0,0.0,0.872,object#118,,1,1,2,球L,1,1,"[{""name"": ""球L"", ""share"": 1.0, ""q"": 0.128, ""capture"": 0.405, ""miss_deg"": 1.35, ""labels"": [191]}]"
2026_08_18/000,s7,v8,,ours,26.57,29.82,3.25,3.014,球L,191,0.997,0.166,0.527,0.004,0.003,0.833,object#118,,1,1,2,球L,1,2,"[{""name"": ""球L"", ""share"": 0.997, ""q"": 0.166, ""capture"": 0.527, ""miss_deg"": 1.13, ""labels"": [191]}, {""name"": ""球M"", ""share"": 0.003, ""q"": 0.001, ""capture"": 0.002, ""miss_deg"": 3.57, ""labels"": [192]}]"
2026_08_18/000,s7,v8,,ours,30.35,30.73,0.38,3.357,球R,193,0.772,0.117,0.524,0.267,0.295,0.849,object#17,,1,1,,,,2,"[{""name"": ""球R"", ""share"": 0.772, ""q"": 0.117, ""capture"": 0.524, ""miss_deg"": 1.14, ""labels"": [193]}, {""name"": ""球M"", ""share"": 0.228, ""q"": 0.035, ""capture"": 0.14, ""miss_deg"": 1.98, ""labels"": [192]}]"
2026_08_18/000,s7,v8,,ours,30.78,33.38,2.6,3.399,球R,193,0.86,0.059,0.266,0.147,0.163,0.931,object#17,,1,1,3,球R,1,2,"[{""name"": ""球R"", ""share"": 0.86, ""q"": 0.059, ""capture"": 0.266, ""miss_deg"": 1.63, ""labels"": [193]}, {""name"": ""球M"", ""share"": 0.14, ""q"": 0.01, ""capture"": 0.039, ""miss_deg"": 2.55, ""labels"": [192]}]"
2026_08_18/000,s7,v8,,ours,33.44,33.71,0.27,3.294,球M,192,0.84,0.1,0.394,0.211,0.19,0.88,object#17,,1,1,3,球R,0,2,"[{""name"": ""球M"", ""share"": 0.84, ""q"": 0.1, ""capture"": 0.394, ""miss_deg"": 1.36, ""labels"": [192]}, {""name"": ""球R"", ""share"": 0.16, ""q"": 0.019, ""capture"": 0.083, ""miss_deg"": 2.23, ""labels"": [193]}]"
2026_08_18/000,s7,v8,,ours,33.76,34.3,0.54,3.208,球M,192,0.794,0.164,0.607,0.28,0.256,0.793,object#17,,1,1,3,球R,0,3,"[{""name"": ""球M"", ""share"": 0.794, ""q"": 0.164, ""capture"": 0.607, ""miss_deg"": 1.0, ""labels"": [192]}, {""name"": ""球R"", ""share"": 0.203, ""q"": 0.042, ""capture"": 0.17, ""miss_deg"": 1.88, ""labels"": [193]}, {""name"": ""球L"", ""share"": 0.003, ""q"": 0.001, ""capture"": 0.002, ""miss_deg"": 3.48, ""labels"": [191]}]"
2026_08_18/000,s7,v8,,ours,34.36,34.74,0.38,3.024,球M,192,0.915,0.217,0.722,0.087,0.079,0.762,object#17,,1,1,3,球R,0,3,"[{""name"": ""球M"", ""share"": 0.915, ""q"": 0.217, ""capture"": 0.722, ""miss_deg"": 0.81, ""labels"": [192]}, {""name"": ""球R"", ""share"": 0.072, ""q"": 0.017, ""capture"": 0.063, ""miss_deg"": 2.35, ""labels"": [193]}, {""name"": ""球L"", ""share"": 0.013, ""q"": 0.003, ""capture"": 0.01, ""miss_deg"": 3.03, ""labels"": [191]}]"
2026_08_18/000,s7,v8,,ours,35.4,35.78,0.38,3.332,球M,192,0.993,0.046,0.186,0.005,0.007,0.954,object#17,,0,0,3,球R,0,2,"[{""name"": ""球M"", ""share"": 0.993, ""q"": 0.046, ""capture"": 0.186, ""miss_deg"": 1.83, ""labels"": [192]}, {""name"": ""球R"", ""share"": 0.007, ""q"": 0.0, ""capture"": 0.001, ""miss_deg"": 3.61, ""labels"": [193]}]"
2026_08_18/000,s7,v8,,ours,35.94,36.27,0.32,3.177,球M,192,0.747,0.188,0.694,0.367,0.335,0.749,object#17,,1,1,,,,3,"[{""name"": ""球M"", ""share"": 0.747, ""q"": 0.188, ""capture"": 0.694, ""miss_deg"": 0.85, ""labels"": [192]}, {""name"": ""球R"", ""share"": 0.25, ""q"": 0.063, ""capture"": 0.255, ""miss_deg"": 1.65, ""labels"": [193]}, {""name"": ""球L"", ""share"": 0.002, ""q"": 0.001, ""capture"": 0.002, ""miss_deg"": 3.51, ""labels"": [191]}]"
2026_08_18/000,s7,v8,,ours,36.38,36.65,0.27,3.204,球M,192,0.909,0.124,0.459,0.105,0.095,0.863,object#17,,1,1,,,,3,"[{""name"": ""球M"", ""share"": 0.909, ""q"": 0.124, ""capture"": 0.459, ""miss_deg"": 1.25, ""labels"": [192]}, {""name"": ""球R"", ""share"": 0.086, ""q"": 0.012, ""capture"": 0.048, ""miss_deg"": 2.47, ""labels"": [193]}, {""name"": ""球L"", ""share"": 0.005, ""q"": 0.001, ""capture"": 0.002, ""miss_deg"": 3.5, ""labels"": [191]}]"
2026_08_18/000,s7,v8,,ours,36.97,37.41,0.43,3.329,球M,192,0.548,0.066,0.268,0.914,0.825,0.879,object#17,,1,1,,,,2,"[{""name"": ""球M"", ""share"": 0.548, ""q"": 0.066, ""capture"": 0.268, ""miss_deg"": 1.62, ""labels"": [192]}, {""name"": ""球R"", ""share"": 0.452, ""q"": 0.055, ""capture"": 0.245, ""miss_deg"": 1.68, ""labels"": [193]}]"
2026_08_18/000,s7,v8,,ours,37.73,40.11,2.38,3.376,球R,193,0.857,0.04,0.182,0.148,0.167,0.953,object#17,,0,0,4,球R,1,2,"[{""name"": ""球R"", ""share"": 0.857, ""q"": 0.04, ""capture"": 0.182, ""miss_deg"": 1.85, ""labels"": [193]}, {""name"": ""球M"", ""share"": 0.143, ""q"": 0.007, ""capture"": 0.027, ""miss_deg"": 2.68, ""labels"": [192]}]"
2026_08_18/000,s7,v8,,ours,40.17,42.39,2.22,3.354,球R,193,0.553,0.026,0.118,0.729,0.808,0.952,object#17,,0,0,4,球R,1,2,"[{""name"": ""球R"", ""share"": 0.553, ""q"": 0.026, ""capture"": 0.118, ""miss_deg"": 2.07, ""labels"": [193]}, {""name"": ""球M"", ""share"": 0.447, ""q"": 0.021, ""capture"": 0.086, ""miss_deg"": 2.21, ""labels"": [192]}]"
2026_08_18/000,s7,v8,,ours,42.44,42.71,0.27,3.27,球M,192,0.736,0.096,0.377,0.395,0.359,0.869,object#17,,1,1,4,球R,0,2,"[{""name"": ""球M"", ""share"": 0.736, ""q"": 0.096, ""capture"": 0.377, ""miss_deg"": 1.4, ""labels"": [192]}, {""name"": ""球R"", ""share"": 0.264, ""q"": 0.035, ""capture"": 0.149, ""miss_deg"": 1.95, ""labels"": [193]}]"
2026_08_18/000,s7,v8,,ours,42.87,43.14,0.27,3.41,球R,193,1.0,0.029,0.129,0.0,0.0,0.971,object#17,,0,0,4,球R,1,1,"[{""name"": ""球R"", ""share"": 1.0, ""q"": 0.029, ""capture"": 0.129, ""miss_deg"": 2.02, ""labels"": [193]}]"
2026_08_18/000,s7,v8,,ours,43.19,43.52,0.32,3.259,球M,192,0.678,0.1,0.369,0.556,0.475,0.853,object#17,,1,1,,,,2,"[{""name"": ""球M"", ""share"": 0.678, ""q"": 0.1, ""capture"": 0.369, ""miss_deg"": 1.41, ""labels"": [192]}, {""name"": ""球R"", ""share"": 0.322, ""q"": 0.047, ""capture"": 0.205, ""miss_deg"": 1.78, ""labels"": [193]}]"
2026_08_18/000,s7,v8,,ours,44.11,44.44,0.32,3.207,球M,192,0.782,0.131,0.483,0.304,0.277,0.833,object#17,,1,1,,,,3,"[{""name"": ""球M"", ""share"": 0.782, ""q"": 0.131, ""capture"": 0.483, ""miss_deg"": 1.21, ""labels"": [192]}, {""name"": ""球R"", ""share"": 0.217, ""q"": 0.036, ""capture"": 0.147, ""miss_deg"": 1.96, ""labels"": [193]}, {""name"": ""球L"", ""share"": 0.001, ""q"": 0.0, ""capture"": 0.001, ""miss_deg"": 3.79, ""labels"": [191]}]"
2026_08_18/000,s7,v8,,ours,44.49,44.98,0.49,3.05,球M,192,0.865,0.19,0.631,0.163,0.146,0.78,object#17,,1,1,5,球M,1,3,"[{""name"": ""球M"", ""share"": 0.865, ""q"": 0.19, ""capture"": 0.631, ""miss_deg"": 0.96, ""labels"": [192]}, {""name"": ""球R"", ""share"": 0.126, ""q"": 0.028, ""capture"": 0.103, ""miss_deg"": 2.13, ""labels"": [193]}, {""name"": ""球L"", ""share"": 0.009, ""q"": 0.002, ""capture"": 0.007, ""miss_deg"": 3.17, ""labels"": [191]}]"
2026_08_18/000,s7,v8,,ours,45.25,45.9,0.65,3.018,球M,192,0.963,0.139,0.463,0.019,0.018,0.855,object#17,,1,1,5,球M,1,3,"[{""name"": ""球M"", ""share"": 0.963, ""q"": 0.139, ""capture"": 0.463, ""miss_deg"": 1.24, ""labels"": [192]}, {""name"": ""球R"", ""share"": 0.017, ""q"": 0.003, ""capture"": 0.009, ""miss_deg"": 3.06, ""labels"": [193]}, {""name"": ""球L"", ""share"": 0.02, ""q"": 0.003, ""capture"": 0.009, ""miss_deg"": 3.07, ""labels"": [191]}]"
2026_08_18/000,s7,v8,,ours,46.49,47.69,1.19,3.007,球M,192,0.938,0.176,0.584,0.039,0.042,0.813,object#17,,1,1,5,球M,1,3,"[{""name"": ""球M"", ""share"": 0.938, ""q"": 0.176, ""capture"": 0.584, ""miss_deg"": 1.04, ""labels"": [192]}, {""name"": ""球L"", ""share"": 0.039, ""q"": 0.007, ""capture"": 0.023, ""miss_deg"": 2.75, ""labels"": [191]}, {""name"": ""球R"", ""share"": 0.023, ""q"": 0.004, ""capture"": 0.016, ""miss_deg"": 2.88, ""labels"": [193]}]"
2026_08_18/000,s7,v8,,ours,47.85,49.64,1.79,2.988,球M,192,0.886,0.115,0.383,0.123,0.129,0.87,object#17,,1,1,5,球M,1,2,"[{""name"": ""球M"", ""share"": 0.886, ""q"": 0.115, ""capture"": 0.383, ""miss_deg"": 1.39, ""labels"": [192]}, {""name"": ""球L"", ""share"": 0.114, ""q"": 0.015, ""capture"": 0.047, ""miss_deg"": 2.47, ""labels"": [191]}]"
2026_08_18/000,s7,v8,,ours,50.89,51.27,0.38,3.013,球L,191,0.985,0.07,0.221,0.014,0.015,0.929,object#17,,1,1,,,,2,"[{""name"": ""球L"", ""share"": 0.985, ""q"": 0.07, ""capture"": 0.221, ""miss_deg"": 1.74, ""labels"": [191]}, {""name"": ""球M"", ""share"": 0.015, ""q"": 0.001, ""capture"": 0.003, ""miss_deg"": 3.37, ""labels"": [192]}]"
2026_08_18/000,s7,v8,,ours,51.51,52.11,0.6,2.996,球L,191,0.937,0.381,1.206,0.041,0.038,0.594,object#10,,1,1,6,球L,1,3,"[{""name"": ""球L"", ""share"": 0.937, ""q"": 0.381, ""capture"": 1.206, ""miss_deg"": 0.0, ""labels"": [191]}, {""name"": ""球M"", ""share"": 0.036, ""q"": 0.015, ""capture"": 0.049, ""miss_deg"": 2.45, ""labels"": [192]}, {""name"": ""香蕉"", ""share"": 0.027, ""q"": 0.011, ""capture"": 0.014, ""miss_deg"": 2.92, ""labels"": [196]}]"
2026_08_18/000,s7,v8,,ours,52.77,53.15,0.38,3.016,球L,191,0.922,0.314,0.994,0.089,0.085,0.66,object#17,,1,1,6,球L,1,2,"[{""name"": ""球L"", ""share"": 0.922, ""q"": 0.314, ""capture"": 0.994, ""miss_deg"": 0.11, ""labels"": [191]}, {""name"": ""球M"", ""share"": 0.078, ""q"": 0.026, ""capture"": 0.088, ""miss_deg"": 2.21, ""labels"": [192]}]"
2026_08_18/000,s7,v8,,ours,53.2,56.18,2.98,3.018,球L,191,0.954,0.381,1.207,0.016,0.015,0.601,object#36,,1,1,6,球L,1,3,"[{""name"": ""球L"", ""share"": 0.954, ""q"": 0.381, ""capture"": 1.207, ""miss_deg"": 0.0, ""labels"": [191]}, {""name"": ""球M"", ""share"": 0.014, ""q"": 0.006, ""capture"": 0.019, ""miss_deg"": 2.81, ""labels"": [192]}, {""name"": ""香蕉"", ""share"": 0.031, ""q"": 0.013, ""capture"": 0.016, ""miss_deg"": 2.87, ""labels"": [196]}]"
2026_08_18/000,s7,v8,,ours,56.34,57.37,1.03,3.017,球L,191,0.712,0.077,0.245,0.424,0.404,0.891,object#17,,1,1,6,球L,1,2,"[{""name"": ""球L"", ""share"": 0.712, ""q"": 0.077, ""capture"": 0.245, ""miss_deg"": 1.68, ""labels"": [191]}, {""name"": ""球M"", ""share"": 0.288, ""q"": 0.031, ""capture"": 0.104, ""miss_deg"": 2.13, ""labels"": [192]}]"
2026_08_18/000,s7,v8,,ours,57.91,58.24,0.32,2.985,球M,192,0.885,0.214,0.711,0.089,0.093,0.758,object#17,,1,1,,,,3,"[{""name"": ""球M"", ""share"": 0.885, ""q"": 0.214, ""capture"": 0.711, ""miss_deg"": 0.83, ""labels"": [192]}, {""name"": ""球L"", ""share"": 0.082, ""q"": 0.02, ""capture"": 0.063, ""miss_deg"": 2.35, ""labels"": [191]}, {""name"": ""球R"", ""share"": 0.033, ""q"": 0.008, ""capture"": 0.029, ""miss_deg"": 2.66, ""labels"": [193]}]"
2026_08_18/000,s7,v8,,ours,58.35,60.96,2.61,2.985,球M,192,0.889,0.252,0.838,0.064,0.069,0.717,object#70,,1,1,7,球M,1,3,"[{""name"": ""球M"", ""share"": 0.889, ""q"": 0.252, ""capture"": 0.838, ""miss_deg"": 0.6, ""labels"": [192]}, {""name"": ""球L"", ""share"": 0.061, ""q"": 0.017, ""capture"": 0.054, ""miss_deg"": 2.41, ""labels"": [191]}, {""name"": ""球R"", ""share"": 0.05, ""q"": 0.014, ""capture"": 0.053, ""miss_deg"": 2.43, ""labels"": [193]}]"
2026_08_18/000,s7,v8,,ours,61.01,62.2,1.19,3.326,球M,192,0.586,0.05,0.203,0.783,0.706,0.914,object#17,,1,1,7,球M,1,2,"[{""name"": ""球M"", ""share"": 0.586, ""q"": 0.05, ""capture"": 0.203, ""miss_deg"": 1.79, ""labels"": [192]}, {""name"": ""球R"", ""share"": 0.414, ""q"": 0.035, ""capture"": 0.159, ""miss_deg"": 1.92, ""labels"": [193]}]"
2026_08_18/000,s7,v8,,ours,63.12,63.5,0.38,2.969,球M,192,0.906,0.131,0.434,0.099,0.103,0.856,object#17,,1,1,7,球M,1,3,"[{""name"": ""球M"", ""share"": 0.906, ""q"": 0.131, ""capture"": 0.434, ""miss_deg"": 1.29, ""labels"": [192]}, {""name"": ""球L"", ""share"": 0.093, ""q"": 0.013, ""capture"": 0.043, ""miss_deg"": 2.51, ""labels"": [191]}, {""name"": ""球R"", ""share"": 0.0, ""q"": 0.0, ""capture"": 0.0, ""miss_deg"": 4.12, ""labels"": [193]}]"
2026_08_18/000,s7,v8,,ours,63.72,64.15,0.43,2.985,球M,192,0.935,0.171,0.569,0.049,0.052,0.817,object#17,,1,1,,,,3,"[{""name"": ""球M"", ""share"": 0.935, ""q"": 0.171, ""capture"": 0.569, ""miss_deg"": 1.06, ""labels"": [192]}, {""name"": ""球L"", ""share"": 0.049, ""q"": 0.009, ""capture"": 0.028, ""miss_deg"": 2.67, ""labels"": [191]}, {""name"": ""球R"", ""share"": 0.016, ""q"": 0.003, ""capture"": 0.011, ""miss_deg"": 3.01, ""labels"": [193]}]"
2026_08_18/000,s7,v8,,ours,66.98,67.26,0.27,2.818,,-1,0.0,0.0,,,,1.0,floor,,0,0,,,,0,[]
2026_08_18/000,s7,v8,,ours,68.14,69.28,1.14,2.951,,-1,0.0,0.0,,,,1.0,object#11,,0,0,,,,0,[]
2026_08_18/000,s7,v8,,ours,69.33,69.71,0.38,2.966,,-1,0.0,0.0,,,,1.0,object#11,,0,0,,,,0,[]
2026_08_18/000,s7,v8,,ours,69.77,70.04,0.27,2.868,,-1,0.0,0.0,,,,1.0,object#11,,0,0,,,,0,[]
2026_08_18/000,s7,v8,,ours,70.44,71.9,1.46,2.973,球M,192,0.792,0.232,0.77,0.242,0.254,0.707,object#10,,1,1,,,,3,"[{""name"": ""球M"", ""share"": 0.792, ""q"": 0.232, ""capture"": 0.77, ""miss_deg"": 0.72, ""labels"": [192]}, {""name"": ""球L"", ""share"": 0.201, ""q"": 0.059, ""capture"": 0.186, ""miss_deg"": 1.83, ""labels"": [191]}, {""name"": ""球R"", ""share"": 0.007, ""q"": 0.002, ""capture"": 0.007, ""miss_deg"": 3.14, ""labels"": [193]}]"
2026_08_18/000,s7,v8,,ours,72.06,72.77,0.71,2.932,球M,192,0.901,0.174,0.552,0.101,0.101,0.806,object#17,,1,1,,,,3,"[{""name"": ""球M"", ""share"": 0.901, ""q"": 0.174, ""capture"": 0.552, ""miss_deg"": 1.09, ""labels"": [192]}, {""name"": ""球L"", ""share"": 0.091, ""q"": 0.018, ""capture"": 0.056, ""miss_deg"": 2.4, ""labels"": [191]}, {""name"": ""球R"", ""share"": 0.009, ""q"": 0.002, ""capture"": 0.005, ""miss_deg"": 3.23, ""labels"": [193]}]"
2026_08_18/000,s7,v8,,ours,73.42,73.8,0.38,3.077,球M,192,0.768,0.179,0.595,0.333,0.299,0.767,object#17,,1,1,8,球R,0,3,"[{""name"": ""球M"", ""share"": 0.768, ""q"": 0.179, ""capture"": 0.595, ""miss_deg"": 1.02, ""labels"": [192]}, {""name"": ""球R"", ""share"": 0.23, ""q"": 0.054, ""capture"": 0.198, ""miss_deg"": 1.8, ""labels"": [193]}, {""name"": ""球L"", ""share"": 0.002, ""q"": 0.001, ""capture"": 0.002, ""miss_deg"": 3.55, ""labels"": [191]}]"
2026_08_18/000,s7,v8,,ours,73.85,74.18,0.32,3.14,球M,192,0.648,0.132,0.486,0.595,0.542,0.797,object#17,,1,1,8,球R,0,3,"[{""name"": ""球M"", ""share"": 0.648, ""q"": 0.132, ""capture"": 0.486, ""miss_deg"": 1.2, ""labels"": [192]}, {""name"": ""球R"", ""share"": 0.351, ""q"": 0.071, ""capture"": 0.289, ""miss_deg"": 1.58, ""labels"": [193]}, {""name"": ""球L"", ""share"": 0.001, ""q"": 0.0, ""capture"": 0.0, ""miss_deg"": 3.97, ""labels"": [191]}]"
2026_08_18/000,s7,v8,,ours,74.23,74.83,0.6,3.04,球M,192,0.718,0.222,0.739,0.436,0.391,0.69,object#70,,1,1,8,球R,0,3,"[{""name"": ""球M"", ""share"": 0.718, ""q"": 0.222, ""capture"": 0.739, ""miss_deg"": 0.78, ""labels"": [192]}, {""name"": ""球R"", ""share"": 0.281, ""q"": 0.087, ""capture"": 0.322, ""miss_deg"": 1.51, ""labels"": [193]}, {""name"": ""球L"", ""share"": 0.001, ""q"": 0.0, ""capture"": 0.001, ""miss_deg"": 3.65, ""labels"": [191]}]"
2026_08_18/000,s7,v8,,ours,74.88,75.26,0.38,2.976,球M,192,0.797,0.247,0.822,0.279,0.251,0.689,object#70,,1,1,8,球R,0,3,"[{""name"": ""球M"", ""share"": 0.797, ""q"": 0.247, ""capture"": 0.822, ""miss_deg"": 0.63, ""labels"": [192]}, {""name"": ""球R"", ""share"": 0.2, ""q"": 0.062, ""capture"": 0.229, ""miss_deg"": 1.72, ""labels"": [193]}, {""name"": ""球L"", ""share"": 0.004, ""q"": 0.001, ""capture"": 0.004, ""miss_deg"": 3.36, ""labels"": [191]}]"
2026_08_18/000,s7,v8,,ours,75.65,75.92,0.27,3.108,球M,192,0.774,0.156,0.545,0.325,0.289,0.799,object#17,,1,1,8,球R,0,3,"[{""name"": ""球M"", ""share"": 0.774, ""q"": 0.156, ""capture"": 0.545, ""miss_deg"": 1.1, ""labels"": [192]}, {""name"": ""球R"", ""share"": 0.224, ""q"": 0.045, ""capture"": 0.177, ""miss_deg"": 1.86, ""labels"": [193]}, {""name"": ""球L"", ""share"": 0.002, ""q"": 0.0, ""capture"": 0.002, ""miss_deg"": 3.59, ""labels"": [191]}]"
2026_08_18/000,s7,v8,,ours,75.98,76.3,0.32,3.163,球M,192,0.669,0.129,0.479,0.541,0.495,0.806,object#17,,1,1,8,球R,0,2,"[{""name"": ""球M"", ""share"": 0.669, ""q"": 0.129, ""capture"": 0.479, ""miss_deg"": 1.21, ""labels"": [192]}, {""name"": ""球R"", ""share"": 0.331, ""q"": 0.064, ""capture"": 0.259, ""miss_deg"": 1.64, ""labels"": [193]}]"
2026_08_18/000,s7,v8,,ours,76.35,76.68,0.32,3.084,球M,192,0.622,0.184,0.611,0.676,0.608,0.704,object#70,,1,1,8,球R,0,2,"[{""name"": ""球M"", ""share"": 0.622, ""q"": 0.184, ""capture"": 0.611, ""miss_deg"": 0.99, ""labels"": [192]}, {""name"": ""球R"", ""share"": 0.378, ""q"": 0.112, ""capture"": 0.413, ""miss_deg"": 1.33, ""labels"": [193]}]"
2026_08_18/000,s7,v8,,ours,76.73,78.09,1.35,2.936,球M,192,0.889,0.267,0.847,0.104,0.099,0.699,object#70,,1,1,8,球R,0,3,"[{""name"": ""球M"", ""share"": 0.889, ""q"": 0.267, ""capture"": 0.847, ""miss_deg"": 0.58, ""labels"": [192]}, {""name"": ""球R"", ""share"": 0.088, ""q"": 0.026, ""capture"": 0.088, ""miss_deg"": 2.21, ""labels"": [193]}, {""name"": ""球L"", ""share"": 0.023, ""q"": 0.007, ""capture"": 0.022, ""miss_deg"": 2.76, ""labels"": [191]}]"
2026_08_18/000,s7,v8,,ours,78.14,78.52,0.38,3.006,球M,192,0.837,0.202,0.671,0.21,0.189,0.759,object#17,,1,1,8,球R,0,3,"[{""name"": ""球M"", ""share"": 0.837, ""q"": 0.202, ""capture"": 0.671, ""miss_deg"": 0.89, ""labels"": [192]}, {""name"": ""球R"", ""share"": 0.158, ""q"": 0.038, ""capture"": 0.141, ""miss_deg"": 1.98, ""labels"": [193]}, {""name"": ""球L"", ""share"": 0.005, ""q"": 0.001, ""capture"": 0.004, ""miss_deg"": 3.36, ""labels"": [191]}]"
2026_08_18/000,s7,v8,,ours,78.58,79.66,1.08,2.924,球M,192,0.873,0.231,0.733,0.124,0.124,0.735,object#17,,1,1,,,,3,"[{""name"": ""球M"", ""share"": 0.873, ""q"": 0.231, ""capture"": 0.733, ""miss_deg"": 0.79, ""labels"": [192]}, {""name"": ""球L"", ""share"": 0.108, ""q"": 0.029, ""capture"": 0.091, ""miss_deg"": 2.19, ""labels"": [191]}, {""name"": ""球R"", ""share"": 0.019, ""q"": 0.005, ""capture"": 0.017, ""miss_deg"": 2.86, ""labels"": [193]}]"
2026_08_18/000,s7,v8,,ours,80.27,82.87,2.6,3.2,球R,193,0.635,0.13,0.525,0.524,0.575,0.796,object#17,,1,1,9,球R,1,2,"[{""name"": ""球R"", ""share"": 0.635, ""q"": 0.13, ""capture"": 0.525, ""miss_deg"": 1.14, ""labels"": [193]}, {""name"": ""球M"", ""share"": 0.365, ""q"": 0.074, ""capture"": 0.275, ""miss_deg"": 1.61, ""labels"": [192]}]"
2026_08_18/000,s7,v8,,ours,82.93,85.36,2.44,3.321,球R,193,0.655,0.049,0.214,0.491,0.527,0.925,object#17,,1,1,9,球R,1,2,"[{""name"": ""球R"", ""share"": 0.655, ""q"": 0.049, ""capture"": 0.214, ""miss_deg"": 1.76, ""labels"": [193]}, {""name"": ""球M"", ""share"": 0.345, ""q"": 0.026, ""capture"": 0.105, ""miss_deg"": 2.12, ""labels"": [192]}]"
2026_08_18/000,s7,v8,,ours,85.42,85.9,0.49,2.988,球M,192,0.93,0.213,0.707,0.065,0.058,0.772,object#17,,1,1,,,,3,"[{""name"": ""球M"", ""share"": 0.93, ""q"": 0.213, ""capture"": 0.707, ""miss_deg"": 0.83, ""labels"": [192]}, {""name"": ""球R"", ""share"": 0.054, ""q"": 0.012, ""capture"": 0.046, ""miss_deg"": 2.49, ""labels"": [193]}, {""name"": ""球L"", ""share"": 0.016, ""q"": 0.004, ""capture"": 0.011, ""miss_deg"": 2.99, ""labels"": [191]}]"
2026_08_18/000,s7,v8,,ours,85.96,86.55,0.6,3.271,球R,193,0.697,0.145,0.629,0.394,0.435,0.792,object#17,,1,1,,,,2,"[{""name"": ""球R"", ""share"": 0.697, ""q"": 0.145, ""capture"": 0.629, ""miss_deg"": 0.96, ""labels"": [193]}, {""name"": ""球M"", ""share"": 0.303, ""q"": 0.063, ""capture"": 0.248, ""miss_deg"": 1.67, ""labels"": [192]}]"
2026_08_18/000,s7,v8,,ours,86.8,87.55,0.76,2.99,球M,192,0.929,0.193,0.642,0.061,0.065,0.792,object#17,,1,1,10,球M,1,3,"[{""name"": ""球M"", ""share"": 0.929, ""q"": 0.193, ""capture"": 0.642, ""miss_deg"": 0.94, ""labels"": [192]}, {""name"": ""球L"", ""share"": 0.06, ""q"": 0.012, ""capture"": 0.039, ""miss_deg"": 2.54, ""labels"": [191]}, {""name"": ""球R"", ""share"": 0.011, ""q"": 0.002, ""capture"": 0.009, ""miss_deg"": 3.08, ""labels"": [193]}]"
2026_08_18/000,s7,v8,,ours,87.61,87.99,0.38,3.155,球M,192,0.737,0.205,0.76,0.386,0.353,0.721,object#70,,1,1,10,球M,1,3,"[{""name"": ""球M"", ""share"": 0.737, ""q"": 0.205, ""capture"": 0.76, ""miss_deg"": 0.74, ""labels"": [192]}, {""name"": ""球R"", ""share"": 0.26, ""q"": 0.072, ""capture"": 0.293, ""miss_deg"": 1.57, ""labels"": [193]}, {""name"": ""球L"", ""share"": 0.003, ""q"": 0.001, ""capture"": 0.003, ""miss_deg"": 3.42, ""labels"": [191]}]"
2026_08_18/000,s7,v8,,ours,88.31,92.65,4.33,2.982,球M,192,0.865,0.2,0.665,0.138,0.146,0.769,object#17,,1,1,10,球M,1,3,"[{""name"": ""球M"", ""share"": 0.865, ""q"": 0.2, ""capture"": 0.665, ""miss_deg"": 0.9, ""labels"": [192]}, {""name"": ""球L"", ""share"": 0.126, ""q"": 0.029, ""capture"": 0.092, ""miss_deg"": 2.18, ""labels"": [191]}, {""name"": ""球R"", ""share"": 0.009, ""q"": 0.002, ""capture"": 0.008, ""miss_deg"": 3.11, ""labels"": [193]}]"
2026_08_18/000,s7,v8,,ours,92.81,93.95,1.14,2.976,球M,192,0.818,0.202,0.672,0.201,0.211,0.753,object#17,,1,1,,,,3,"[{""name"": ""球M"", ""share"": 0.818, ""q"": 0.202, ""capture"": 0.672, ""miss_deg"": 0.89, ""labels"": [192]}, {""name"": ""球L"", ""share"": 0.173, ""q"": 0.043, ""capture"": 0.135, ""miss_deg"": 2.0, ""labels"": [191]}, {""name"": ""球R"", ""share"": 0.009, ""q"": 0.002, ""capture"": 0.009, ""miss_deg"": 3.08, ""labels"": [193]}]"
2026_08_18/000,s7,v8,,ours,94.3,96.69,2.38,3.025,球L,191,0.959,0.346,1.096,0.022,0.021,0.639,object#36,,1,1,11,球L,1,3,"[{""name"": ""球L"", ""share"": 0.959, ""q"": 0.346, ""capture"": 1.096, ""miss_deg"": 0.0, ""labels"": [191]}, {""name"": ""球M"", ""share"": 0.02, ""q"": 0.007, ""capture"": 0.024, ""miss_deg"": 2.73, ""labels"": [192]}, {""name"": ""香蕉"", ""share"": 0.02, ""q"": 0.007, ""capture"": 0.01, ""miss_deg"": 3.05, ""labels"": [196]}]"
2026_08_18/000,s7,v8,,ours,97.24,98.81,1.57,3.022,球L,191,0.915,0.377,1.195,0.035,0.086,0.588,object#36,,1,1,11,球L,1,3,"[{""name"": ""球L"", ""share"": 0.915, ""q"": 0.377, ""capture"": 1.195, ""miss_deg"": 0.0, ""labels"": [191]}, {""name"": ""香蕉"", ""share"": 0.079, ""q"": 0.033, ""capture"": 0.042, ""miss_deg"": 2.52, ""labels"": [196]}, {""name"": ""球M"", ""share"": 0.006, ""q"": 0.002, ""capture"": 0.008, ""miss_deg"": 3.12, ""labels"": [192]}]"
2026_08_18/000,s7,v8,,ours,98.86,99.13,0.27,2.999,球M,192,0.68,0.183,0.608,0.444,0.466,0.731,object#17,,1,1,11,球L,0,3,"[{""name"": ""球M"", ""share"": 0.68, ""q"": 0.183, ""capture"": 0.608, ""miss_deg"": 1.0, ""labels"": [192]}, {""name"": ""球L"", ""share"": 0.317, ""q"": 0.085, ""capture"": 0.27, ""miss_deg"": 1.62, ""labels"": [191]}, {""name"": ""球R"", ""share"": 0.004, ""q"": 0.001, ""capture"": 0.004, ""miss_deg"": 3.35, ""labels"": [193]}]"
2026_08_18/000,s7,v8,,ours,99.19,100.22,1.03,3.037,球L,191,0.944,0.374,1.244,0.037,0.037,0.604,object#36,,1,1,11,球L,1,3,"[{""name"": ""球L"", ""share"": 0.944, ""q"": 0.374, ""capture"": 1.244, ""miss_deg"": 0.0, ""labels"": [191]}, {""name"": ""球M"", ""share"": 0.035, ""q"": 0.014, ""capture"": 0.046, ""miss_deg"": 2.48, ""labels"": [192]}, {""name"": ""香蕉"", ""share"": 0.021, ""q"": 0.008, ""capture"": 0.011, ""miss_deg"": 3.02, ""labels"": [196]}]"
2026_08_18/000,s7,v8,,ours,100.27,101.9,1.62,3.029,球M,192,0.881,0.216,0.717,0.078,0.082,0.755,object#17,,1,1,,,,3,"[{""name"": ""球M"", ""share"": 0.881, ""q"": 0.216, ""capture"": 0.717, ""miss_deg"": 0.82, ""labels"": [192]}, {""name"": ""球L"", ""share"": 0.072, ""q"": 0.018, ""capture"": 0.056, ""miss_deg"": 2.4, ""labels"": [191]}, {""name"": ""球R"", ""share"": 0.047, ""q"": 0.012, ""capture"": 0.043, ""miss_deg"": 2.51, ""labels"": [193]}]"
2026_08_18/000,s7,v8,,ours,102.18,103.48,1.3,3.055,球M,192,0.872,0.244,0.81,0.112,0.101,0.72,object#70,,1,1,12,球M,1,3,"[{""name"": ""球M"", ""share"": 0.872, ""q"": 0.244, ""capture"": 0.81, ""miss_deg"": 0.65, ""labels"": [192]}, {""name"": ""球R"", ""share"": 0.088, ""q"": 0.025, ""capture"": 0.091, ""miss_deg"": 2.19, ""labels"": [193]}, {""name"": ""球L"", ""share"": 0.04, ""q"": 0.011, ""capture"": 0.037, ""miss_deg"": 2.57, ""labels"": [191]}]"
2026_08_18/000,s7,v8,,ours,103.53,103.8,0.27,3.182,球M,192,0.67,0.185,0.686,0.535,0.49,0.723,object#17,,1,1,12,球M,1,3,"[{""name"": ""球M"", ""share"": 0.67, ""q"": 0.185, ""capture"": 0.686, ""miss_deg"": 0.87, ""labels"": [192]}, {""name"": ""球R"", ""share"": 0.328, ""q"": 0.091, ""capture"": 0.367, ""miss_deg"": 1.42, ""labels"": [193]}, {""name"": ""球L"", ""share"": 0.002, ""q"": 0.001, ""capture"": 0.002, ""miss_deg"": 3.52, ""labels"": [191]}]"
2026_08_18/000,s7,v8,,ours,103.86,105.0,1.14,3.105,球M,192,0.798,0.238,0.833,0.259,0.231,0.702,object#70,,1,1,12,球M,1,3,"[{""name"": ""球M"", ""share"": 0.798, ""q"": 0.238, ""capture"": 0.833, ""miss_deg"": 0.6, ""labels"": [192]}, {""name"": ""球R"", ""share"": 0.184, ""q"": 0.055, ""capture"": 0.216, ""miss_deg"": 1.75, ""labels"": [193]}, {""name"": ""球L"", ""share"": 0.013, ""q"": 0.004, ""capture"": 0.013, ""miss_deg"": 2.94, ""labels"": [191]}]"
2026_08_18/000,s7,v8,,ours,105.05,105.6,0.54,3.259,球R,193,0.508,0.135,0.585,0.827,0.969,0.734,object#70,,1,1,12,球M,0,2,"[{""name"": ""球R"", ""share"": 0.508, ""q"": 0.135, ""capture"": 0.585, ""miss_deg"": 1.04, ""labels"": [193]}, {""name"": ""球M"", ""share"": 0.492, ""q"": 0.131, ""capture"": 0.484, ""miss_deg"": 1.2, ""labels"": [192]}]"
2026_08_18/000,s7,v8,,ours,105.65,106.25,0.6,3.042,球M,192,0.834,0.244,0.813,0.143,0.143,0.707,object#10,,1,1,12,球M,1,3,"[{""name"": ""球M"", ""share"": 0.834, ""q"": 0.244, ""capture"": 0.813, ""miss_deg"": 0.64, ""labels"": [192]}, {""name"": ""球L"", ""share"": 0.119, ""q"": 0.035, ""capture"": 0.116, ""miss_deg"": 2.08, ""labels"": [191]}, {""name"": ""球R"", ""share"": 0.047, ""q"": 0.014, ""capture"": 0.051, ""miss_deg"": 2.44, ""labels"": [193]}]"
2026_08_18/000,s7,v8,,ours,106.3,107.17,0.87,3.055,球M,192,0.831,0.254,0.844,0.214,0.194,0.694,object#70,,1,1,12,球M,1,3,"[{""name"": ""球M"", ""share"": 0.831, ""q"": 0.254, ""capture"": 0.844, ""miss_deg"": 0.58, ""labels"": [192]}, {""name"": ""球R"", ""share"": 0.161, ""q"": 0.049, ""capture"": 0.181, ""miss_deg"": 1.85, ""labels"": [193]}, {""name"": ""球L"", ""share"": 0.008, ""q"": 0.002, ""capture"": 0.008, ""miss_deg"": 3.11, ""labels"": [191]}]"
2026_08_18/000,s7,v8,,ours,107.22,107.81,0.59,2.974,球M,192,0.565,0.163,0.542,0.734,0.77,0.711,object#10,,1,1,,,,2,"[{""name"": ""球M"", ""share"": 0.565, ""q"": 0.163, ""capture"": 0.542, ""miss_deg"": 1.11, ""labels"": [192]}, {""name"": ""球L"", ""share"": 0.435, ""q"": 0.126, ""capture"": 0.398, ""miss_deg"": 1.36, ""labels"": [191]}]"
2026_08_18/000,s7,v8,,ours,108.24,108.78,0.54,3.333,球R,193,0.948,0.161,0.721,0.05,0.055,0.831,object#63,,1,1,13,球R,1,2,"[{""name"": ""球R"", ""share"": 0.948, ""q"": 0.161, ""capture"": 0.721, ""miss_deg"": 0.81, ""labels"": [193]}, {""name"": ""球M"", ""share"": 0.052, ""q"": 0.009, ""capture"": 0.036, ""miss_deg"": 2.58, ""labels"": [192]}]"
2026_08_18/000,s7,v8,,ours,108.89,109.76,0.87,3.342,球R,193,0.909,0.169,0.758,0.09,0.1,0.814,object#136,,1,1,13,球R,1,2,"[{""name"": ""球R"", ""share"": 0.909, ""q"": 0.169, ""capture"": 0.758, ""miss_deg"": 0.75, ""labels"": [193]}, {""name"": ""球M"", ""share"": 0.091, ""q"": 0.017, ""capture"": 0.068, ""miss_deg"": 2.32, ""labels"": [192]}]"
2026_08_18/000,s7,v8,,ours,109.82,110.19,0.38,3.211,球M,192,0.599,0.161,0.596,0.733,0.669,0.731,object#70,,1,1,13,球R,0,2,"[{""name"": ""球M"", ""share"": 0.599, ""q"": 0.161, ""capture"": 0.596, ""miss_deg"": 1.02, ""labels"": [192]}, {""name"": ""球R"", ""share"": 0.401, ""q"": 0.108, ""capture"": 0.437, ""miss_deg"": 1.29, ""labels"": [193]}]"
2026_08_18/000,s7,v8,,ours,110.25,110.84,0.6,3.345,球R,193,0.77,0.158,0.708,0.27,0.299,0.795,object#136,,1,1,13,球R,1,2,"[{""name"": ""球R"", ""share"": 0.77, ""q"": 0.158, ""capture"": 0.708, ""miss_deg"": 0.83, ""labels"": [193]}, {""name"": ""球M"", ""share"": 0.23, ""q"": 0.047, ""capture"": 0.191, ""miss_deg"": 1.82, ""labels"": [192]}]"
2026_08_18/000,s7,v8,,ours,111.17,112.14,0.97,3.383,球R,193,0.867,0.165,0.74,0.139,0.153,0.81,object#136,,1,1,13,球R,1,2,"[{""name"": ""球R"", ""share"": 0.867, ""q"": 0.165, ""capture"": 0.74, ""miss_deg"": 0.78, ""labels"": [193]}, {""name"": ""球M"", ""share"": 0.133, ""q"": 0.025, ""capture"": 0.103, ""miss_deg"": 2.13, ""labels"": [192]}]"
2026_08_18/000,s7,v8,,ours,112.21,112.75,0.54,3.154,球M,192,0.706,0.182,0.673,0.303,0.276,0.742,object#70,,1,1,13,球R,0,3,"[{""name"": ""球M"", ""share"": 0.706, ""q"": 0.182, ""capture"": 0.673, ""miss_deg"": 0.89, ""labels"": [192]}, {""name"": ""球R"", ""share"": 0.195, ""q"": 0.05, ""capture"": 0.204, ""miss_deg"": 1.78, ""labels"": [193]}, {""name"": ""石榴"", ""share"": 0.099, ""q"": 0.025, ""capture"": 0.114, ""miss_deg"": 2.08, ""labels"": [195]}]"
2026_08_18/000,s7,v8,,ours,112.8,113.24,0.43,3.335,球R,193,0.857,0.174,0.781,0.151,0.167,0.797,object#136,,1,1,13,球R,1,2,"[{""name"": ""球R"", ""share"": 0.857, ""q"": 0.174, ""capture"": 0.781, ""miss_deg"": 0.7, ""labels"": [193]}, {""name"": ""球M"", ""share"": 0.143, ""q"": 0.029, ""capture"": 0.118, ""miss_deg"": 2.07, ""labels"": [192]}]"
2026_08_18/000,s7,v8,,ours,113.51,114.11,0.6,3.334,球R,193,0.763,0.158,0.708,0.28,0.311,0.793,object#136,,1,1,,,,2,"[{""name"": ""球R"", ""share"": 0.763, ""q"": 0.158, ""capture"": 0.708, ""miss_deg"": 0.83, ""labels"": [193]}, {""name"": ""球M"", ""share"": 0.237, ""q"": 0.049, ""capture"": 0.198, ""miss_deg"": 1.8, ""labels"": [192]}]"
2026_08_18/000,s7,v8,,ours,114.16,115.08,0.92,3.432,球R,193,0.941,0.142,0.637,0.06,0.063,0.849,object#136,,1,1,,,,2,"[{""name"": ""球R"", ""share"": 0.941, ""q"": 0.142, ""capture"": 0.637, ""miss_deg"": 0.95, ""labels"": [193]}, {""name"": ""球M"", ""share"": 0.059, ""q"": 0.009, ""capture"": 0.038, ""miss_deg"": 2.55, ""labels"": [192]}]"
2026_08_18/000,s7,v8,,ours,115.4,116.27,0.87,3.053,球M,192,0.894,0.257,0.856,0.112,0.101,0.712,object#70,,1,1,14,球M,1,3,"[{""name"": ""球M"", ""share"": 0.894, ""q"": 0.257, ""capture"": 0.856, ""miss_deg"": 0.56, ""labels"": [192]}, {""name"": ""球R"", ""share"": 0.09, ""q"": 0.026, ""capture"": 0.096, ""miss_deg"": 2.16, ""labels"": [193]}, {""name"": ""球L"", ""share"": 0.016, ""q"": 0.005, ""capture"": 0.015, ""miss_deg"": 2.89, ""labels"": [191]}]"
2026_08_18/000,s7,v8,,ours,116.32,116.65,0.32,3.189,球M,192,0.729,0.2,0.74,0.403,0.368,0.725,object#70,,1,1,14,球M,1,3,"[{""name"": ""球M"", ""share"": 0.729, ""q"": 0.2, ""capture"": 0.74, ""miss_deg"": 0.78, ""labels"": [192]}, {""name"": ""球R"", ""share"": 0.268, ""q"": 0.074, ""capture"": 0.298, ""miss_deg"": 1.56, ""labels"": [193]}, {""name"": ""球L"", ""share"": 0.003, ""q"": 0.001, ""capture"": 0.003, ""miss_deg"": 3.42, ""labels"": [191]}]"
2026_08_18/000,s7,v8,,ours,116.7,117.89,1.19,3.073,球M,192,0.882,0.25,0.832,0.131,0.118,0.716,object#70,,1,1,14,球M,1,3,"[{""name"": ""球M"", ""share"": 0.882, ""q"": 0.25, ""capture"": 0.832, ""miss_deg"": 0.61, ""labels"": [192]}, {""name"": ""球R"", ""share"": 0.104, ""q"": 0.03, ""capture"": 0.109, ""miss_deg"": 2.1, ""labels"": [193]}, {""name"": ""球L"", ""share"": 0.013, ""q"": 0.004, ""capture"": 0.013, ""miss_deg"": 2.96, ""labels"": [191]}]"
2026_08_18/000,s7,v8,,ours,118.22,120.82,2.6,3.077,球M,192,0.87,0.236,0.784,0.154,0.139,0.729,object#17,,1,1,14,球M,1,3,"[{""name"": ""球M"", ""share"": 0.87, ""q"": 0.236, ""capture"": 0.784, ""miss_deg"": 0.7, ""labels"": [192]}, {""name"": ""球R"", ""share"": 0.121, ""q"": 0.033, ""capture"": 0.121, ""miss_deg"": 2.05, ""labels"": [193]}, {""name"": ""球L"", ""share"": 0.009, ""q"": 0.003, ""capture"": 0.008, ""miss_deg"": 3.09, ""labels"": [191]}]"
2026_08_18/000,s7,v8,,ours,120.87,121.2,0.32,3.08,球M,192,0.879,0.177,0.589,0.138,0.124,0.798,object#17,,1,1,,,,3,"[{""name"": ""球M"", ""share"": 0.879, ""q"": 0.177, ""capture"": 0.589, ""miss_deg"": 1.03, ""labels"": [192]}, {""name"": ""球R"", ""share"": 0.109, ""q"": 0.022, ""capture"": 0.081, ""miss_deg"": 2.24, ""labels"": [193]}, {""name"": ""球L"", ""share"": 0.012, ""q"": 0.002, ""capture"": 0.008, ""miss_deg"": 3.11, ""labels"": [191]}]"
2026_08_18/000,s7,v8,,ours,121.25,121.69,0.43,3.364,球R,193,0.576,0.059,0.265,0.664,0.736,0.898,object#17,,1,1,,,,2,"[{""name"": ""球R"", ""share"": 0.576, ""q"": 0.059, ""capture"": 0.265, ""miss_deg"": 1.63, ""labels"": [193]}, {""name"": ""球M"", ""share"": 0.424, ""q"": 0.043, ""capture"": 0.176, ""miss_deg"": 1.86, ""labels"": [192]}]"
2026_08_18/000,s7,v8,,ours,121.74,122.28,0.54,3.023,球M,192,0.877,0.278,0.923,0.119,0.107,0.683,object#70,,1,1,,,,3,"[{""name"": ""球M"", ""share"": 0.877, ""q"": 0.278, ""capture"": 0.923, ""miss_deg"": 0.4, ""labels"": [192]}, {""name"": ""球R"", ""share"": 0.094, ""q"": 0.03, ""capture"": 0.11, ""miss_deg"": 2.1, ""labels"": [193]}, {""name"": ""球L"", ""share"": 0.029, ""q"": 0.009, ""capture"": 0.029, ""miss_deg"": 2.66, ""labels"": [191]}]"
2026_08_18/000,s7,v8,,ours,122.33,124.56,2.22,3.02,球L,191,0.884,0.37,1.173,0.048,0.117,0.581,object#10,,1,1,15,球L,1,3,"[{""name"": ""球L"", ""share"": 0.884, ""q"": 0.37, ""capture"": 1.173, ""miss_deg"": 0.0, ""labels"": [191]}, {""name"": ""香蕉"", ""share"": 0.103, ""q"": 0.043, ""capture"": 0.056, ""miss_deg"": 2.4, ""labels"": [196]}, {""name"": ""球M"", ""share"": 0.013, ""q"": 0.005, ""capture"": 0.018, ""miss_deg"": 2.84, ""labels"": [192]}]"
2026_08_18/000,s7,v8,,ours,124.84,128.27,3.43,3.028,球L,191,0.863,0.329,1.041,0.104,0.098,0.619,object#10,,1,1,15,球L,1,3,"[{""name"": ""球L"", ""share"": 0.863, ""q"": 0.329, ""capture"": 1.041, ""miss_deg"": 0.0, ""labels"": [191]}, {""name"": ""球M"", ""share"": 0.085, ""q"": 0.032, ""capture"": 0.108, ""miss_deg"": 2.11, ""labels"": [192]}, {""name"": ""香蕉"", ""share"": 0.052, ""q"": 0.02, ""capture"": 0.026, ""miss_deg"": 2.71, ""labels"": [196]}]"
2026_08_18/000,s7,v8,,ours,128.32,128.59,0.27,2.981,球L,191,0.962,0.249,0.787,0.042,0.04,0.742,object#17,,1,1,,,,2,"[{""name"": ""球L"", ""share"": 0.962, ""q"": 0.249, ""capture"": 0.787, ""miss_deg"": 0.69, ""labels"": [191]}, {""name"": ""球M"", ""share"": 0.038, ""q"": 0.01, ""capture"": 0.033, ""miss_deg"": 2.61, ""labels"": [192]}]"
2026_08_20/000,c1,v9,,ours,6.97,7.24,0.27,2.316,水瓶,30,0.919,0.43,0.444,0.081,0.084,0.532,object#12,,1,1,,,,3,"[{""name"": ""水瓶"", ""share"": 0.919, ""q"": 0.43, ""capture"": 0.444, ""miss_deg"": 1.27, ""labels"": [30]}, {""name"": ""香蕉"", ""share"": 0.077, ""q"": 0.036, ""capture"": 0.036, ""miss_deg"": 2.58, ""labels"": [264]}, {""name"": ""苹果红"", ""share"": 0.003, ""q"": 0.001, ""capture"": 0.004, ""miss_deg"": 3.36, ""labels"": [260]}]"
2026_08_20/000,c1,v9,,ours,7.37,7.67,0.3,2.268,水瓶,30,0.463,0.186,0.191,0.838,0.343,0.599,object#12,,0,0,,,,3,"[{""name"": ""水瓶"", ""share"": 0.463, ""q"": 0.186, ""capture"": 0.191, ""miss_deg"": 1.82, ""labels"": [30]}, {""name"": ""苹果红"", ""share"": 0.159, ""q"": 0.064, ""capture"": 0.16, ""miss_deg"": 1.91, ""labels"": [260]}, {""name"": ""香蕉"", ""share"": 0.341, ""q"": 0.137, ""capture"": 0.137, ""miss_deg"": 1.99, ""labels"": [264]}]"
2026_08_20/000,c1,v9,,ours,8.91,9.23,0.32,3.486,,-1,0.0,0.0,,,,1.0,object#26,,0,0,,,,0,[]
2026_08_20/000,c1,v9,,ours,10.31,11.02,0.7,2.647,,-1,0.0,0.0,,,,1.0,floor,,0,0,,,,0,[]
2026_08_20/000,c1,v9,,ours,11.44,11.87,0.43,2.443,,-1,0.0,0.0,,,,1.0,floor,,0,0,,,,0,[]
2026_08_20/000,c1,v9,,ours,11.92,12.2,0.27,2.321,,-1,0.0,0.0,,,,1.0,floor,,0,0,,,,0,[]
2026_08_20/000,c1,v9,,ours,12.69,13.12,0.43,2.595,,-1,0.0,0.0,,,,1.0,floor,,0,0,,,,0,[]
2026_08_20/000,c1,v9,,ours,13.98,15.07,1.09,2.28,球L,259,0.826,0.324,1.078,0.095,0.126,0.607,物品台,,1,1,,,,3,"[{""name"": ""球L"", ""share"": 0.826, ""q"": 0.324, ""capture"": 1.078, ""miss_deg"": 0.0, ""labels"": [259]}, {""name"": ""苹果红"", ""share"": 0.104, ""q"": 0.041, ""capture"": 0.102, ""miss_deg"": 2.14, ""labels"": [260]}, {""name"": ""苹果粉"", ""share"": 0.054, ""q"": 0.021, ""capture"": 0.041, ""miss_deg"": 2.53, ""labels"": [64]}]"
2026_08_20/000,c1,v9,,ours,15.12,15.61,0.49,2.206,球L,259,0.612,0.142,0.45,0.302,0.523,0.768,物品台,,1,1,,,,3,"[{""name"": ""球L"", ""share"": 0.612, ""q"": 0.142, ""capture"": 0.45, ""miss_deg"": 1.26, ""labels"": [259]}, {""name"": ""苹果粉"", ""share"": 0.32, ""q"": 0.074, ""capture"": 0.136, ""miss_deg"": 2.0, ""labels"": [64]}, {""name"": ""苹果红"", ""share"": 0.027, ""q"": 0.006, ""capture"": 0.014, ""miss_deg"": 2.91, ""labels"": [260]}]"
2026_08_20/000,c1,v9,,ours,15.67,16.1,0.43,2.256,球M,261,0.303,0.105,0.349,0.521,0.548,0.654,物品台,,0,0,,,,3,"[{""name"": ""球M"", ""share"": 0.303, ""q"": 0.105, ""capture"": 0.349, ""miss_deg"": 1.45, ""labels"": [261]}, {""name"": ""球L"", ""share"": 0.166, ""q"": 0.057, ""capture"": 0.182, ""miss_deg"": 1.85, ""labels"": [259]}, {""name"": ""水瓶"", ""share"": 0.398, ""q"": 0.138, ""capture"": 0.141, ""miss_deg"": 1.98, ""labels"": [30]}]"
2026_08_20/000,c1,v9,,ours,16.21,16.48,0.27,2.201,球L,259,0.799,0.229,0.727,0.098,0.168,0.713,物品台,,1,1,,,,3,"[{""name"": ""球L"", ""share"": 0.799, ""q"": 0.229, ""capture"": 0.727, ""miss_deg"": 0.8, ""labels"": [259]}, {""name"": ""苹果粉"", ""share"": 0.134, ""q"": 0.039, ""capture"": 0.071, ""miss_deg"": 2.3, ""labels"": [64]}, {""name"": ""苹果红"", ""share"": 0.039, ""q"": 0.011, ""capture"": 0.026, ""miss_deg"": 2.7, ""labels"": [260]}]"
2026_08_20/000,c1,v9,,ours,16.53,17.02,0.49,2.107,球M,261,0.506,0.016,0.05,0.26,0.796,0.969,物品台,,0,0,,,,3,"[{""name"": ""球M"", ""share"": 0.506, ""q"": 0.016, ""capture"": 0.05, ""miss_deg"": 2.45, ""labels"": [261]}, {""name"": ""水瓶"", ""share"": 0.403, ""q"": 0.013, ""capture"": 0.013, ""miss_deg"": 2.96, ""labels"": [30]}, {""name"": ""球L"", ""share"": 0.091, ""q"": 0.003, ""capture"": 0.008, ""miss_deg"": 3.11, ""labels"": [259]}]"
2026_08_20/000,c1,v9,,ours,17.13,18.32,1.19,2.134,球R,263,0.61,0.034,0.1,0.22,0.639,0.944,物品台,,0,0,,,,2,"[{""name"": ""球R"", ""share"": 0.61, ""q"": 0.034, ""capture"": 0.1, ""miss_deg"": 2.15, ""labels"": [263]}, {""name"": ""水瓶"", ""share"": 0.39, ""q"": 0.022, ""capture"": 0.022, ""miss_deg"": 2.76, ""labels"": [30]}]"
2026_08_20/000,c1,v9,,ours,18.37,19.46,1.08,2.158,球R,263,0.775,0.115,0.358,0.081,0.252,0.851,物品台,,1,1,1,球R,1,3,"[{""name"": ""球R"", ""share"": 0.775, ""q"": 0.115, ""capture"": 0.358, ""miss_deg"": 1.43, ""labels"": [263]}, {""name"": ""水瓶"", ""share"": 0.195, ""q"": 0.029, ""capture"": 0.029, ""miss_deg"": 2.66, ""labels"": [30]}, {""name"": ""白杯1"", ""share"": 0.027, ""q"": 0.004, ""capture"": 0.007, ""miss_deg"": 3.17, ""labels"": [266]}]"
2026_08_20/000,c1,v9,,ours,19.62,20.81,1.19,2.157,球R,263,0.745,0.088,0.274,0.109,0.333,0.881,物品台,,1,1,1,球R,1,3,"[{""name"": ""球R"", ""share"": 0.745, ""q"": 0.088, ""capture"": 0.274, ""miss_deg"": 1.61, ""labels"": [263]}, {""name"": ""水瓶"", ""share"": 0.248, ""q"": 0.029, ""capture"": 0.03, ""miss_deg"": 2.65, ""labels"": [30]}, {""name"": ""白杯2"", ""share"": 0.005, ""q"": 0.001, ""capture"": 0.001, ""miss_deg"": 3.67, ""labels"": [267]}]"
2026_08_20/000,c1,v9,,ours,21.03,21.62,0.6,2.158,球R,263,0.667,0.034,0.105,0.162,0.499,0.949,物品台,,0,0,1,球R,1,2,"[{""name"": ""球R"", ""share"": 0.667, ""q"": 0.034, ""capture"": 0.105, ""miss_deg"": 2.12, ""labels"": [263]}, {""name"": ""水瓶"", ""share"": 0.333, ""q"": 0.017, ""capture"": 0.017, ""miss_deg"": 2.85, ""labels"": [30]}]"
2026_08_20/000,c1,v9,,ours,21.68,22.27,0.6,2.216,球R,263,0.752,0.157,0.498,0.116,0.217,0.791,物品台,,1,1,1,球R,1,3,"[{""name"": ""球R"", ""share"": 0.752, ""q"": 0.157, ""capture"": 0.498, ""miss_deg"": 1.18, ""labels"": [263]}, {""name"": ""白杯1"", ""share"": 0.163, ""q"": 0.034, ""capture"": 0.058, ""miss_deg"": 2.39, ""labels"": [266]}, {""name"": ""水瓶"", ""share"": 0.084, ""q"": 0.017, ""capture"": 0.018, ""miss_deg"": 2.84, ""labels"": [30]}]"
2026_08_20/000,c1,v9,,ours,22.44,23.09,0.65,2.159,球R,263,0.784,0.098,0.304,0.082,0.254,0.875,物品台,,1,1,,,,3,"[{""name"": ""球R"", ""share"": 0.784, ""q"": 0.098, ""capture"": 0.304, ""miss_deg"": 1.54, ""labels"": [263]}, {""name"": ""水瓶"", ""share"": 0.199, ""q"": 0.025, ""capture"": 0.025, ""miss_deg"": 2.71, ""labels"": [30]}, {""name"": ""白杯1"", ""share"": 0.015, ""q"": 0.002, ""capture"": 0.003, ""miss_deg"": 3.4, ""labels"": [266]}]"
2026_08_20/000,c1,v9,,ours,23.48,23.81,0.33,2.215,球M,261,0.767,0.283,0.94,0.09,0.295,0.631,物品台,,1,1,,,,3,"[{""name"": ""球M"", ""share"": 0.767, ""q"": 0.283, ""capture"": 0.94, ""miss_deg"": 0.35, ""labels"": [261]}, {""name"": ""水瓶"", ""share"": 0.226, ""q"": 0.084, ""capture"": 0.085, ""miss_deg"": 2.22, ""labels"": [30]}, {""name"": ""香蕉"", ""share"": 0.007, ""q"": 0.003, ""capture"": 0.003, ""miss_deg"": 3.44, ""labels"": [264]}]"
2026_08_20/000,c1,v9,,ours,23.92,27.08,3.17,2.228,球M,261,0.689,0.392,1.302,0.109,0.356,0.431,物品台,,1,1,2,香蕉,0,3,"[{""name"": ""球M"", ""share"": 0.689, ""q"": 0.392, ""capture"": 1.302, ""miss_deg"": 0.0, ""labels"": [261]}, {""name"": ""水瓶"", ""share"": 0.245, ""q"": 0.14, ""capture"": 0.142, ""miss_deg"": 1.97, ""labels"": [30]}, {""name"": ""香蕉"", ""share"": 0.066, ""q"": 0.037, ""capture"": 0.038, ""miss_deg"": 2.56, ""labels"": [264]}]"
2026_08_20/000,c1,v9,,ours,27.14,27.79,0.65,2.274,球M,261,0.411,0.304,1.01,0.318,1.027,0.259,object#12,,0,0,2,香蕉,0,3,"[{""name"": ""球M"", ""share"": 0.411, ""q"": 0.304, ""capture"": 1.01, ""miss_deg"": 0.0, ""labels"": [261]}, {""name"": ""水瓶"", ""share"": 0.422, ""q"": 0.313, ""capture"": 0.321, ""miss_deg"": 1.51, ""labels"": [30]}, {""name"": ""香蕉"", ""share"": 0.167, ""q"": 0.124, ""capture"": 0.124, ""miss_deg"": 2.04, ""labels"": [264]}]"
2026_08_20/000,c1,v9,,ours,28.02,29.1,1.08,2.252,球M,261,0.53,0.373,1.239,0.224,0.726,0.297,object#12,,1,1,2,香蕉,0,3,"[{""name"": ""球M"", ""share"": 0.53, ""q"": 0.373, ""capture"": 1.239, ""miss_deg"": 0.0, ""labels"": [261]}, {""name"": ""水瓶"", ""share"": 0.385, ""q"": 0.271, ""capture"": 0.277, ""miss_deg"": 1.6, ""labels"": [30]}, {""name"": ""香蕉"", ""share"": 0.085, ""q"": 0.06, ""capture"": 0.06, ""miss_deg"": 2.37, ""labels"": [264]}]"
2026_08_20/000,c1,v9,,ours,29.15,30.34,1.19,2.238,苹果红,260,0.354,0.203,0.51,0.492,0.39,0.425,object#12,,1,0,,,,3,"[{""name"": ""苹果红"", ""share"": 0.354, ""q"": 0.203, ""capture"": 0.51, ""miss_deg"": 1.16, ""labels"": [260]}, {""name"": ""球L"", ""share"": 0.138, ""q"": 0.079, ""capture"": 0.251, ""miss_deg"": 1.66, ""labels"": [259]}, {""name"": ""球M"", ""share"": 0.09, ""q"": 0.052, ""capture"": 0.172, ""miss_deg"": 1.88, ""labels"": [261]}]"
2026_08_20/000,c1,v9,,ours,31.01,31.82,0.81,3.093,纸箱子,33,1.0,0.854,0.854,0.0,0.0,0.146,object#38,,1,1,3,纸箱子,1,1,"[{""name"": ""纸箱子"", ""share"": 1.0, ""q"": 0.854, ""capture"": 0.854, ""miss_deg"": 0.56, ""labels"": [33, 73]}]"
2026_08_20/000,c1,v9,,ours,31.87,32.42,0.54,3.026,纸箱子,33,1.0,0.563,0.563,0.0,0.0,0.437,object#38,,1,1,3,纸箱子,1,1,"[{""name"": ""纸箱子"", ""share"": 1.0, ""q"": 0.563, ""capture"": 0.563, ""miss_deg"": 1.07, ""labels"": [33, 73]}]"
2026_08_20/000,c1,v9,,ours,32.47,36.8,4.33,3.06,纸箱子,33,1.0,0.791,0.791,0.0,0.0,0.209,object#38,,1,1,3,纸箱子,1,1,"[{""name"": ""纸箱子"", ""share"": 1.0, ""q"": 0.791, ""capture"": 0.791, ""miss_deg"": 0.68, ""labels"": [33, 73]}]"
2026_08_20/000,c1,v9,,ours,37.31,38.67,1.37,2.251,苹果粉,64,0.987,0.207,0.381,0.008,0.013,0.79,物品台,,1,1,,,,2,"[{""name"": ""苹果粉"", ""share"": 0.987, ""q"": 0.207, ""capture"": 0.381, ""miss_deg"": 1.39, ""labels"": [64]}, {""name"": ""水瓶"", ""share"": 0.013, ""q"": 0.003, ""capture"": 0.003, ""miss_deg"": 3.42, ""labels"": [30]}]"
2026_08_20/000,c1,v9,,ours,38.74,39.9,1.16,2.24,苹果粉,64,0.966,0.324,0.594,0.015,0.009,0.665,物品台,,1,1,4,苹果粉,1,3,"[{""name"": ""苹果粉"", ""share"": 0.966, ""q"": 0.324, ""capture"": 0.594, ""miss_deg"": 1.02, ""labels"": [64, 250]}, {""name"": ""球L"", ""share"": 0.009, ""q"": 0.003, ""capture"": 0.009, ""miss_deg"": 3.05, ""labels"": [259]}, {""name"": ""水瓶"", ""share"": 0.025, ""q"": 0.008, ""capture"": 0.009, ""miss_deg"": 3.08, ""labels"": [30]}]"
2026_08_20/000,c1,v9,,ours,40.13,42.46,2.33,2.233,苹果粉,64,0.842,0.058,0.106,0.151,0.088,0.932,物品台,,0,0,4,苹果粉,1,3,"[{""name"": ""苹果粉"", ""share"": 0.842, ""q"": 0.058, ""capture"": 0.106, ""miss_deg"": 2.12, ""labels"": [64]}, {""name"": ""球L"", ""share"": 0.074, ""q"": 0.005, ""capture"": 0.016, ""miss_deg"": 2.88, ""labels"": [259]}, {""name"": ""水瓶"", ""share"": 0.084, ""q"": 0.006, ""capture"": 0.006, ""miss_deg"": 3.2, ""labels"": [30]}]"
2026_08_20/000,c1,v9,,ours,42.51,42.89,0.38,2.242,球L,259,0.861,0.302,0.957,0.094,0.118,0.649,物品台,,1,1,4,苹果粉,0,3,"[{""name"": ""球L"", ""share"": 0.861, ""q"": 0.302, ""capture"": 0.957, ""miss_deg"": 0.3, ""labels"": [259]}, {""name"": ""苹果红"", ""share"": 0.102, ""q"": 0.036, ""capture"": 0.09, ""miss_deg"": 2.19, ""labels"": [260]}, {""name"": ""水瓶"", ""share"": 0.029, ""q"": 0.01, ""capture"": 0.01, ""miss_deg"": 3.03, ""labels"": [30]}]"
2026_08_20/000,c1,v9,,ours,42.94,43.97,1.03,2.243,苹果粉,64,0.82,0.22,0.404,0.23,0.133,0.732,物品台,,1,1,,,,3,"[{""name"": ""苹果粉"", ""share"": 0.82, ""q"": 0.22, ""capture"": 0.404, ""miss_deg"": 1.35, ""labels"": [64]}, {""name"": ""球L"", ""share"": 0.109, ""q"": 0.029, ""capture"": 0.093, ""miss_deg"": 2.18, ""labels"": [259]}, {""name"": ""水瓶"", ""share"": 0.07, ""q"": 0.019, ""capture"": 0.019, ""miss_deg"": 2.81, ""labels"": [30]}]"
2026_08_20/000,c1,v9,,ours,44.21,44.69,0.48,2.3,白杯1,266,0.596,0.289,0.531,0.52,0.287,0.515,object#12,,1,1,,,,3,"[{""name"": ""白杯1"", ""share"": 0.596, ""q"": 0.289, ""capture"": 0.531, ""miss_deg"": 1.13, ""labels"": [266]}, {""name"": ""球R"", ""share"": 0.171, ""q"": 0.083, ""capture"": 0.276, ""miss_deg"": 1.6, ""labels"": [263]}, {""name"": ""香蕉"", ""share"": 0.15, ""q"": 0.073, ""capture"": 0.073, ""miss_deg"": 2.29, ""labels"": [264]}]"
2026_08_20/000,c1,v9,,ours,45.51,45.83,0.32,2.274,白杯1,266,0.608,0.343,0.612,0.657,0.354,0.437,object#12,,1,1,5,白杯1,1,3,"[{""name"": ""白杯1"", ""share"": 0.608, ""q"": 0.343, ""capture"": 0.612, ""miss_deg"": 0.99, ""labels"": [266]}, {""name"": ""球R"", ""share"": 0.215, ""q"": 0.121, ""capture"": 0.402, ""miss_deg"": 1.35, ""labels"": [263]}, {""name"": ""香蕉"", ""share"": 0.106, ""q"": 0.06, ""capture"": 0.06, ""miss_deg"": 2.37, ""labels"": [264]}]"
2026_08_20/000,c1,v9,,ours,46.05,46.97,0.92,2.321,白杯1,266,0.58,0.281,0.515,0.317,0.176,0.516,object#12,,1,1,5,白杯1,1,3,"[{""name"": ""白杯1"", ""share"": 0.58, ""q"": 0.281, ""capture"": 0.515, ""miss_deg"": 1.15, ""labels"": [266]}, {""name"": ""球R"", ""share"": 0.102, ""q"": 0.049, ""capture"": 0.163, ""miss_deg"": 1.9, ""labels"": [263]}, {""name"": ""香蕉"", ""share"": 0.2, ""q"": 0.097, ""capture"": 0.097, ""miss_deg"": 2.16, ""labels"": [264]}]"
2026_08_20/000,c1,v9,,ours,47.13,49.35,2.22,2.375,球R,263,0.335,0.109,0.381,0.827,1.573,0.675,物品台,,0,0,5,白杯1,0,3,"[{""name"": ""球R"", ""share"": 0.335, ""q"": 0.109, ""capture"": 0.381, ""miss_deg"": 1.39, ""labels"": [263]}, {""name"": ""白杯1"", ""share"": 0.527, ""q"": 0.171, ""capture"": 0.315, ""miss_deg"": 1.52, ""labels"": [266]}, {""name"": ""香蕉"", ""share"": 0.081, ""q"": 0.026, ""capture"": 0.027, ""miss_deg"": 2.69, ""labels"": [264]}]"
2026_08_20/000,c1,v9,,ours,49.41,49.73,0.32,2.266,球M,261,0.459,0.052,0.172,0.337,0.632,0.888,物品台,,0,0,5,白杯1,0,3,"[{""name"": ""球M"", ""share"": 0.459, ""q"": 0.052, ""capture"": 0.172, ""miss_deg"": 1.88, ""labels"": [261]}, {""name"": ""白杯1"", ""share"": 0.29, ""q"": 0.033, ""capture"": 0.058, ""miss_deg"": 2.38, ""labels"": [266]}, {""name"": ""球R"", ""share"": 0.133, ""q"": 0.015, ""capture"": 0.05, ""miss_deg"": 2.45, ""labels"": [263]}]"
2026_08_20/000,c1,v9,,ours,49.97,50.68,0.7,2.306,白杯1,266,0.413,0.085,0.156,0.987,0.516,0.794,物品台,,0,0,,,,3,"[{""name"": ""白杯1"", ""share"": 0.413, ""q"": 0.085, ""capture"": 0.156, ""miss_deg"": 1.93, ""labels"": [266]}, {""name"": ""球M"", ""share"": 0.213, ""q"": 0.044, ""capture"": 0.154, ""miss_deg"": 1.94, ""labels"": [261]}, {""name"": ""球R"", ""share"": 0.14, ""q"": 0.029, ""capture"": 0.096, ""miss_deg"": 2.17, ""labels"": [263]}]"
2026_08_20/000,c1,v9,,ours,50.73,53.82,3.09,2.268,球M,261,0.197,0.154,0.511,0.953,3.091,0.221,object#12,,0,0,,,,3,"[{""name"": ""球M"", ""share"": 0.197, ""q"": 0.154, ""capture"": 0.511, ""miss_deg"": 1.16, ""labels"": [261]}, {""name"": ""水瓶"", ""share"": 0.609, ""q"": 0.474, ""capture"": 0.487, ""miss_deg"": 1.2, ""labels"": [30]}, {""name"": ""香蕉"", ""share"": 0.141, ""q"": 0.109, ""capture"": 0.11, ""miss_deg"": 2.1, ""labels"": [264]}]"
2026_08_20/000,c1,v9,,ours,53.91,54.2,0.3,2.301,白杯1,266,0.611,0.415,0.762,0.651,0.36,0.321,object#12,,1,1,6,水瓶,0,3,"[{""name"": ""白杯1"", ""share"": 0.611, ""q"": 0.415, ""capture"": 0.762, ""miss_deg"": 0.74, ""labels"": [266]}, {""name"": ""球R"", ""share"": 0.22, ""q"": 0.149, ""capture"": 0.496, ""miss_deg"": 1.18, ""labels"": [263]}, {""name"": ""红杯"", ""share"": 0.099, ""q"": 0.067, ""capture"": 0.088, ""miss_deg"": 2.21, ""labels"": [49]}]"
2026_08_20/000,c1,v9,,ours,54.26,55.23,0.97,2.326,水瓶,30,0.653,0.551,0.568,0.914,0.27,0.157,object#12,,1,1,6,水瓶,1,3,"[{""name"": ""水瓶"", ""share"": 0.653, ""q"": 0.551, ""capture"": 0.568, ""miss_deg"": 1.06, ""labels"": [30]}, {""name"": ""球M"", ""share"": 0.176, ""q"": 0.148, ""capture"": 0.519, ""miss_deg"": 1.14, ""labels"": [261]}, {""name"": ""香蕉"", ""share"": 0.171, ""q"": 0.144, ""capture"": 0.145, ""miss_deg"": 1.97, ""labels"": [264]}]"
2026_08_20/000,c1,v9,,ours,56.21,56.48,0.27,2.212,球M,261,0.903,0.267,0.887,0.033,0.105,0.704,物品台,,1,1,6,水瓶,0,3,"[{""name"": ""球M"", ""share"": 0.903, ""q"": 0.267, ""capture"": 0.887, ""miss_deg"": 0.49, ""labels"": [261]}, {""name"": ""水瓶"", ""share"": 0.095, ""q"": 0.028, ""capture"": 0.029, ""miss_deg"": 2.67, ""labels"": [30]}, {""name"": ""香蕉"", ""share"": 0.003, ""q"": 0.001, ""capture"": 0.001, ""miss_deg"": 3.77, ""labels"": [264]}]"
2026_08_20/000,c1,v9,,ours,56.96,57.61,0.65,2.275,球M,261,0.618,0.275,0.914,0.172,0.555,0.555,物品台,,1,1,,,,3,"[{""name"": ""球M"", ""share"": 0.618, ""q"": 0.275, ""capture"": 0.914, ""miss_deg"": 0.42, ""labels"": [261]}, {""name"": ""水瓶"", ""share"": 0.343, ""q"": 0.153, ""capture"": 0.157, ""miss_deg"": 1.92, ""labels"": [30]}, {""name"": ""苹果红"", ""share"": 0.014, ""q"": 0.006, ""capture"": 0.016, ""miss_deg"": 2.88, ""labels"": [260]}]"
2026_08_20/000,c1,v9,,ours,58.47,58.96,0.49,2.311,水瓶,30,0.685,0.577,0.595,0.704,0.207,0.157,object#12,,1,1,,,,3,"[{""name"": ""水瓶"", ""share"": 0.685, ""q"": 0.577, ""capture"": 0.595, ""miss_deg"": 1.02, ""labels"": [30]}, {""name"": ""球M"", ""share"": 0.142, ""q"": 0.12, ""capture"": 0.419, ""miss_deg"": 1.32, ""labels"": [261]}, {""name"": ""香蕉"", ""share"": 0.173, ""q"": 0.146, ""capture"": 0.146, ""miss_deg"": 1.96, ""labels"": [264]}]"
2026_08_20/000,c1,v9,,ours,59.01,59.71,0.7,2.291,苹果红,260,0.325,0.208,0.539,0.544,0.425,0.36,object#12,,0,0,,,,3,"[{""name"": ""苹果红"", ""share"": 0.325, ""q"": 0.208, ""capture"": 0.539, ""miss_deg"": 1.11, ""labels"": [260]}, {""name"": ""球L"", ""share"": 0.138, ""q"": 0.088, ""capture"": 0.293, ""miss_deg"": 1.57, ""labels"": [259]}, {""name"": ""水瓶"", ""share"": 0.293, ""q"": 0.188, ""capture"": 0.193, ""miss_deg"": 1.81, ""labels"": [30]}]"
2026_08_20/000,c1,v9,,ours,59.77,60.63,0.87,2.339,水瓶,30,0.648,0.532,0.55,0.805,0.225,0.178,object#12,,1,1,,,,3,"[{""name"": ""水瓶"", ""share"": 0.648, ""q"": 0.532, ""capture"": 0.55, ""miss_deg"": 1.09, ""labels"": [30]}, {""name"": ""球M"", ""share"": 0.146, ""q"": 0.12, ""capture"": 0.443, ""miss_deg"": 1.28, ""labels"": [261]}, {""name"": ""香蕉"", ""share"": 0.17, ""q"": 0.139, ""capture"": 0.14, ""miss_deg"": 1.98, ""labels"": [264]}]"
2026_08_20/000,c1,v9,,ours,61.2,61.68,0.49,3.343,,-1,0.0,0.0,,,,1.0,object#36,,0,0,,,,0,[]
2026_08_20/000,c1,v9,,ours,61.74,62.44,0.7,3.426,,-1,0.0,0.0,,,,1.0,object#36,,0,0,,,,0,[]
2026_08_20/000,c1,v9,,ours,62.5,62.77,0.27,3.423,,-1,0.0,0.0,,,,1.0,object#36,,0,0,,,,0,[]
2026_08_20/000,c1,v9,,ours,64.98,65.31,0.32,2.232,球M,261,0.768,0.093,0.309,0.094,0.185,0.879,物品台,,1,1,,,,3,"[{""name"": ""球M"", ""share"": 0.768, ""q"": 0.093, ""capture"": 0.309, ""miss_deg"": 1.53, ""labels"": [261]}, {""name"": ""白杯1"", ""share"": 0.142, ""q"": 0.017, ""capture"": 0.029, ""miss_deg"": 2.66, ""labels"": [266]}, {""name"": ""水瓶"", ""share"": 0.041, ""q"": 0.005, ""capture"": 0.005, ""miss_deg"": 3.25, ""labels"": [30]}]"
2026_08_20/000,c1,v9,,ours,65.63,65.91,0.27,2.161,球L,259,0.652,0.039,0.122,0.172,0.169,0.94,物品台,,0,0,,,,3,"[{""name"": ""球L"", ""share"": 0.652, ""q"": 0.039, ""capture"": 0.122, ""miss_deg"": 2.05, ""labels"": [259]}, {""name"": ""球M"", ""share"": 0.11, ""q"": 0.007, ""capture"": 0.021, ""miss_deg"": 2.78, ""labels"": [261]}, {""name"": ""水瓶"", ""share"": 0.238, ""q"": 0.014, ""capture"": 0.015, ""miss_deg"": 2.91, ""labels"": [30]}]"
2026_08_20/000,c1,v9,,ours,66.18,66.46,0.27,2.341,球R,263,0.215,0.185,0.616,0.742,1.86,0.139,object#12,,0,0,,,,3,"[{""name"": ""球R"", ""share"": 0.215, ""q"": 0.185, ""capture"": 0.616, ""miss_deg"": 0.99, ""labels"": [263]}, {""name"": ""红杯"", ""share"": 0.4, ""q"": 0.344, ""capture"": 0.457, ""miss_deg"": 1.25, ""labels"": [49]}, {""name"": ""白杯1"", ""share"": 0.286, ""q"": 0.246, ""capture"": 0.452, ""miss_deg"": 1.26, ""labels"": [266]}]"
2026_08_20/000,c1,v9,,ours,66.51,67.54,1.03,2.311,球R,263,0.333,0.263,0.872,0.689,1.246,0.213,object#12,,0,0,,,,3,"[{""name"": ""球R"", ""share"": 0.333, ""q"": 0.263, ""capture"": 0.872, ""miss_deg"": 0.52, ""labels"": [263]}, {""name"": ""白杯1"", ""share"": 0.415, ""q"": 0.327, ""capture"": 0.601, ""miss_deg"": 1.01, ""labels"": [266]}, {""name"": ""红杯"", ""share"": 0.218, ""q"": 0.172, ""capture"": 0.225, ""miss_deg"": 1.73, ""labels"": [49]}]"
2026_08_20/000,c1,v9,,ours,68.0,68.68,0.67,2.347,球R,263,0.217,0.184,0.61,0.802,1.452,0.154,object#12,,0,0,7,红杯,0,3,"[{""name"": ""球R"", ""share"": 0.217, ""q"": 0.184, ""capture"": 0.61, ""miss_deg"": 0.99, ""labels"": [263]}, {""name"": ""白杯1"", ""share"": 0.315, ""q"": 0.266, ""capture"": 0.489, ""miss_deg"": 1.2, ""labels"": [266]}, {""name"": ""红杯"", ""share"": 0.383, ""q"": 0.324, ""capture"": 0.429, ""miss_deg"": 1.3, ""labels"": [49]}]"
2026_08_20/000,c1,v9,,ours,68.74,69.17,0.43,2.311,白杯2,267,0.593,0.427,0.882,0.46,0.285,0.279,object#12,,1,1,7,红杯,0,3,"[{""name"": ""白杯2"", ""share"": 0.593, ""q"": 0.427, ""capture"": 0.882, ""miss_deg"": 0.5, ""labels"": [267]}, {""name"": ""球R"", ""share"": 0.169, ""q"": 0.122, ""capture"": 0.406, ""miss_deg"": 1.34, ""labels"": [263]}, {""name"": ""红杯"", ""share"": 0.231, ""q"": 0.166, ""capture"": 0.218, ""miss_deg"": 1.75, ""labels"": [49]}]"
2026_08_20/000,c1,v9,,ours,69.23,69.82,0.6,2.301,球R,263,0.527,0.314,1.043,0.382,0.691,0.405,object#12,,1,1,7,红杯,0,3,"[{""name"": ""球R"", ""share"": 0.527, ""q"": 0.314, ""capture"": 1.043, ""miss_deg"": 0.0, ""labels"": [263]}, {""name"": ""白杯1"", ""share"": 0.364, ""q"": 0.217, ""capture"": 0.398, ""miss_deg"": 1.36, ""labels"": [266]}, {""name"": ""红杯"", ""share"": 0.084, ""q"": 0.05, ""capture"": 0.065, ""miss_deg"": 2.34, ""labels"": [49]}]"
2026_08_20/000,c1,v9,,ours,69.88,70.36,0.49,2.303,球R,263,0.391,0.292,0.97,0.388,0.632,0.254,object#12,,1,0,7,红杯,0,3,"[{""name"": ""球R"", ""share"": 0.391, ""q"": 0.292, ""capture"": 0.97, ""miss_deg"": 0.25, ""labels"": [263]}, {""name"": ""白杯2"", ""share"": 0.247, ""q"": 0.184, ""capture"": 0.376, ""miss_deg"": 1.4, ""labels"": [267]}, {""name"": ""红杯"", ""share"": 0.24, ""q"": 0.179, ""capture"": 0.232, ""miss_deg"": 1.71, ""labels"": [49]}]"
2026_08_20/000,c1,v9,,ours,70.42,71.07,0.65,2.297,白杯1,266,0.624,0.451,0.813,0.498,0.271,0.278,object#12,,1,1,7,红杯,0,3,"[{""name"": ""白杯1"", ""share"": 0.624, ""q"": 0.451, ""capture"": 0.813, ""miss_deg"": 0.64, ""labels"": [266]}, {""name"": ""球R"", ""share"": 0.169, ""q"": 0.122, ""capture"": 0.405, ""miss_deg"": 1.35, ""labels"": [263]}, {""name"": ""红杯"", ""share"": 0.116, ""q"": 0.084, ""capture"": 0.109, ""miss_deg"": 2.11, ""labels"": [49]}]"
2026_08_20/000,c1,v9,,ours,71.12,71.99,0.87,2.338,白杯2,267,0.433,0.337,0.714,0.667,0.425,0.22,object#12,,1,0,7,红杯,0,3,"[{""name"": ""白杯2"", ""share"": 0.433, ""q"": 0.337, ""capture"": 0.714, ""miss_deg"": 0.82, ""labels"": [267]}, {""name"": ""球R"", ""share"": 0.184, ""q"": 0.143, ""capture"": 0.476, ""miss_deg"": 1.22, ""labels"": [263]}, {""name"": ""红杯"", ""share"": 0.34, ""q"": 0.265, ""capture"": 0.352, ""miss_deg"": 1.45, ""labels"": [49]}]"
2026_08_20/000,c1,v9,,ours,72.04,72.53,0.49,2.311,球R,263,0.387,0.232,0.771,0.716,1.295,0.4,object#12,,0,0,,,,3,"[{""name"": ""球R"", ""share"": 0.387, ""q"": 0.232, ""capture"": 0.771, ""miss_deg"": 0.72, ""labels"": [263]}, {""name"": ""白杯1"", ""share"": 0.501, ""q"": 0.301, ""capture"": 0.552, ""miss_deg"": 1.09, ""labels"": [266]}, {""name"": ""红杯"", ""share"": 0.081, ""q"": 0.048, ""capture"": 0.063, ""miss_deg"": 2.35, ""labels"": [49]}]"
2026_08_20/000,c1,v9,,ours,74.0,75.35,1.35,2.259,球L,259,0.503,0.317,1.003,0.621,0.785,0.371,object#12,,1,1,8,苹果红,0,3,"[{""name"": ""球L"", ""share"": 0.503, ""q"": 0.317, ""capture"": 1.003, ""miss_deg"": 0.0, ""labels"": [259]}, {""name"": ""苹果红"", ""share"": 0.395, ""q"": 0.248, ""capture"": 0.623, ""miss_deg"": 0.97, ""labels"": [260]}, {""name"": ""香蕉"", ""share"": 0.045, ""q"": 0.028, ""capture"": 0.028, ""miss_deg"": 2.67, ""labels"": [264]}]"
2026_08_20/000,c1,v9,,ours,75.41,76.0,0.6,2.256,球L,259,0.474,0.298,0.944,0.706,0.89,0.371,object#12,,1,0,8,苹果红,0,3,"[{""name"": ""球L"", ""share"": 0.474, ""q"": 0.298, ""capture"": 0.944, ""miss_deg"": 0.34, ""labels"": [259]}, {""name"": ""苹果红"", ""share"": 0.422, ""q"": 0.266, ""capture"": 0.666, ""miss_deg"": 0.9, ""labels"": [260]}, {""name"": ""水瓶"", ""share"": 0.041, ""q"": 0.026, ""capture"": 0.026, ""miss_deg"": 2.69, ""labels"": [30]}]"
2026_08_20/000,c1,v9,,ours,76.06,76.76,0.7,2.266,球L,259,0.64,0.395,1.25,0.345,0.434,0.383,物品台,,1,1,8,苹果红,0,3,"[{""name"": ""球L"", ""share"": 0.64, ""q"": 0.395, ""capture"": 1.25, ""miss_deg"": 0.0, ""labels"": [259]}, {""name"": ""苹果红"", ""share"": 0.278, ""q"": 0.172, ""capture"": 0.431, ""miss_deg"": 1.3, ""labels"": [260]}, {""name"": ""苹果粉"", ""share"": 0.053, ""q"": 0.033, ""capture"": 0.062, ""miss_deg"": 2.36, ""labels"": [64, 250]}]"
2026_08_20/000,c1,v9,,ours,77.19,79.79,2.6,2.246,球L,259,0.371,0.185,0.584,0.702,0.887,0.503,object#12,,0,0,8,苹果红,0,3,"[{""name"": ""球L"", ""share"": 0.371, ""q"": 0.185, ""capture"": 0.584, ""miss_deg"": 1.04, ""labels"": [259]}, {""name"": ""苹果红"", ""share"": 0.329, ""q"": 0.163, ""capture"": 0.41, ""miss_deg"": 1.34, ""labels"": [260]}, {""name"": ""水瓶"", ""share"": 0.19, ""q"": 0.094, ""capture"": 0.096, ""miss_deg"": 2.16, ""labels"": [30]}]"
2026_08_20/000,c1,v9,,ours,80.36,81.23,0.87,2.167,球M,261,0.802,0.039,0.125,0.08,0.242,0.951,物品台,,0,0,9,球M,1,3,"[{""name"": ""球M"", ""share"": 0.802, ""q"": 0.039, ""capture"": 0.125, ""miss_deg"": 2.04, ""labels"": [261]}, {""name"": ""水瓶"", ""share"": 0.194, ""q"": 0.01, ""capture"": 0.01, ""miss_deg"": 3.05, ""labels"": [30]}, {""name"": ""球L"", ""share"": 0.004, ""q"": 0.0, ""capture"": 0.001, ""miss_deg"": 3.83, ""labels"": [259]}]"
2026_08_20/000,c1,v9,,ours,81.28,81.61,0.32,2.225,球M,261,0.745,0.177,0.587,0.095,0.314,0.763,物品台,,1,1,9,球M,1,3,"[{""name"": ""球M"", ""share"": 0.745, ""q"": 0.177, ""capture"": 0.587, ""miss_deg"": 1.03, ""labels"": [261]}, {""name"": ""水瓶"", ""share"": 0.234, ""q"": 0.055, ""capture"": 0.056, ""miss_deg"": 2.4, ""labels"": [30]}, {""name"": ""球L"", ""share"": 0.015, ""q"": 0.003, ""capture"": 0.011, ""miss_deg"": 3.0, ""labels"": [259]}]"
2026_08_20/000,c1,v9,,ours,82.37,82.69,0.32,2.233,球M,261,0.689,0.385,1.278,0.11,0.356,0.442,物品台,,1,1,9,球M,1,3,"[{""name"": ""球M"", ""share"": 0.689, ""q"": 0.385, ""capture"": 1.278, ""miss_deg"": 0.0, ""labels"": [261]}, {""name"": ""水瓶"", ""share"": 0.245, ""q"": 0.137, ""capture"": 0.14, ""miss_deg"": 1.98, ""labels"": [30]}, {""name"": ""香蕉"", ""share"": 0.066, ""q"": 0.037, ""capture"": 0.037, ""miss_deg"": 2.57, ""labels"": [264]}]"
2026_08_20/000,c1,v9,,ours,82.76,83.02,0.27,2.261,球M,261,0.491,0.136,0.453,0.234,0.758,0.723,物品台,,1,0,9,球M,1,3,"[{""name"": ""球M"", ""share"": 0.491, ""q"": 0.136, ""capture"": 0.453, ""miss_deg"": 1.26, ""labels"": [261]}, {""name"": ""水瓶"", ""share"": 0.372, ""q"": 0.103, ""capture"": 0.106, ""miss_deg"": 2.12, ""labels"": [30]}, {""name"": ""球L"", ""share"": 0.092, ""q"": 0.025, ""capture"": 0.081, ""miss_deg"": 2.24, ""labels"": [259]}]"
2026_08_20/000,c1,v9,,ours,83.8,84.07,0.27,2.272,球M,261,0.844,0.291,0.968,0.043,0.14,0.655,物品台,,1,1,9,球M,1,3,"[{""name"": ""球M"", ""share"": 0.844, ""q"": 0.291, ""capture"": 0.968, ""miss_deg"": 0.26, ""labels"": [261]}, {""name"": ""水瓶"", ""share"": 0.118, ""q"": 0.041, ""capture"": 0.042, ""miss_deg"": 2.52, ""labels"": [30]}, {""name"": ""香蕉"", ""share"": 0.033, ""q"": 0.012, ""capture"": 0.012, ""miss_deg"": 2.99, ""labels"": [264]}]"
2026_08_20/000,c1,v9,,ours,84.13,84.4,0.27,2.291,球L,259,0.687,0.198,0.659,0.134,0.17,0.712,物品台,,1,1,9,球M,0,3,"[{""name"": ""球L"", ""share"": 0.687, ""q"": 0.198, ""capture"": 0.659, ""miss_deg"": 0.91, ""labels"": [259]}, {""name"": ""苹果红"", ""share"": 0.117, ""q"": 0.034, ""capture"": 0.088, ""miss_deg"": 2.21, ""labels"": [260]}, {""name"": ""水瓶"", ""share"": 0.156, ""q"": 0.045, ""capture"": 0.046, ""miss_deg"": 2.48, ""labels"": [30]}]"
2026_08_20/000,c1,v9,,ours,84.45,84.78,0.32,2.278,球M,261,0.805,0.318,1.056,0.063,0.204,0.605,物品台,,1,1,9,球M,1,3,"[{""name"": ""球M"", ""share"": 0.805, ""q"": 0.318, ""capture"": 1.056, ""miss_deg"": 0.0, ""labels"": [261]}, {""name"": ""水瓶"", ""share"": 0.164, ""q"": 0.065, ""capture"": 0.067, ""miss_deg"": 2.33, ""labels"": [30]}, {""name"": ""香蕉"", ""share"": 0.03, ""q"": 0.012, ""capture"": 0.012, ""miss_deg"": 2.98, ""labels"": [264]}]"
2026_08_20/000,c1,v9,,ours,84.83,85.26,0.43,2.195,球M,261,0.91,0.1,0.318,0.031,0.099,0.89,物品台,,1,1,9,球M,1,2,"[{""name"": ""球M"", ""share"": 0.91, ""q"": 0.1, ""capture"": 0.318, ""miss_deg"": 1.51, ""labels"": [261]}, {""name"": ""水瓶"", ""share"": 0.09, ""q"": 0.01, ""capture"": 0.01, ""miss_deg"": 3.03, ""labels"": [30]}]"
2026_08_20/000,c1,v9,,ours,85.32,86.02,0.7,2.224,球M,261,0.911,0.235,0.78,0.028,0.093,0.742,物品台,,1,1,9,球M,1,3,"[{""name"": ""球M"", ""share"": 0.911, ""q"": 0.235, ""capture"": 0.78, ""miss_deg"": 0.7, ""labels"": [261]}, {""name"": ""水瓶"", ""share"": 0.085, ""q"": 0.022, ""capture"": 0.022, ""miss_deg"": 2.76, ""labels"": [30]}, {""name"": ""白杯1"", ""share"": 0.002, ""q"": 0.001, ""capture"": 0.001, ""miss_deg"": 3.74, ""labels"": [266]}]"
2026_08_20/000,c1,v9,,ours,86.67,87.27,0.6,2.312,苹果红,260,0.426,0.282,0.732,0.895,0.697,0.337,物品台,,1,0,,,,3,"[{""name"": ""苹果红"", ""share"": 0.426, ""q"": 0.282, ""capture"": 0.732, ""miss_deg"": 0.79, ""labels"": [260]}, {""name"": ""球L"", ""share"": 0.297, ""q"": 0.197, ""capture"": 0.655, ""miss_deg"": 0.92, ""labels"": [259]}, {""name"": ""苹果粉"", ""share"": 0.148, ""q"": 0.098, ""capture"": 0.187, ""miss_deg"": 1.83, ""labels"": [64, 250]}]"
2026_08_20/000,c1,v9,,ours,87.32,92.36,5.04,2.347,苹果红,260,0.561,0.25,0.648,0.34,0.316,0.555,物品台,,1,1,10,橘子,0,3,"[{""name"": ""苹果红"", ""share"": 0.561, ""q"": 0.25, ""capture"": 0.648, ""miss_deg"": 0.93, ""labels"": [260]}, {""name"": ""橘子"", ""share"": 0.177, ""q"": 0.079, ""capture"": 0.22, ""miss_deg"": 1.74, ""labels"": [262]}, {""name"": ""苹果粉"", ""share"": 0.1, ""q"": 0.044, ""capture"": 0.089, ""miss_deg"": 2.2, ""labels"": [64, 250]}]"
2026_08_20/000,c1,v9,,ours,92.65,93.35,0.7,2.3,苹果红,260,0.495,0.326,0.846,0.676,0.527,0.342,object#12,,1,0,,,,3,"[{""name"": ""苹果红"", ""share"": 0.495, ""q"": 0.326, ""capture"": 0.846, ""miss_deg"": 0.58, ""labels"": [260]}, {""name"": ""球L"", ""share"": 0.261, ""q"": 0.172, ""capture"": 0.572, ""miss_deg"": 1.06, ""labels"": [259]}, {""name"": ""香蕉"", ""share"": 0.103, ""q"": 0.068, ""capture"": 0.068, ""miss_deg"": 2.32, ""labels"": [264]}]"
2026_08_20/000,c1,v9,,ours,93.73,95.36,1.62,2.27,球L,259,0.782,0.318,1.058,0.096,0.128,0.593,物品台,,1,1,,,,3,"[{""name"": ""球L"", ""share"": 0.782, ""q"": 0.318, ""capture"": 1.058, ""miss_deg"": 0.0, ""labels"": [259]}, {""name"": ""苹果红"", ""share"": 0.1, ""q"": 0.041, ""capture"": 0.102, ""miss_deg"": 2.14, ""labels"": [260]}, {""name"": ""苹果粉"", ""share"": 0.09, ""q"": 0.037, ""capture"": 0.068, ""miss_deg"": 2.32, ""labels"": [64]}]"
2026_08_20/000,c1,v9,,ours,95.74,96.55,0.81,2.288,球L,259,0.749,0.2,0.663,0.133,0.231,0.733,物品台,,1,1,11,球L,1,3,"[{""name"": ""球L"", ""share"": 0.749, ""q"": 0.2, ""capture"": 0.663, ""miss_deg"": 0.91, ""labels"": [259]}, {""name"": ""苹果粉"", ""share"": 0.173, ""q"": 0.046, ""capture"": 0.088, ""miss_deg"": 2.2, ""labels"": [64]}, {""name"": ""苹果红"", ""share"": 0.041, ""q"": 0.011, ""capture"": 0.027, ""miss_deg"": 2.68, ""labels"": [260]}]"
2026_08_20/000,c1,v9,,ours,96.79,97.33,0.54,2.298,球L,259,0.809,0.307,1.02,0.087,0.112,0.621,物品台,,1,1,11,球L,1,3,"[{""name"": ""球L"", ""share"": 0.809, ""q"": 0.307, ""capture"": 1.02, ""miss_deg"": 0.0, ""labels"": [259]}, {""name"": ""苹果红"", ""share"": 0.091, ""q"": 0.034, ""capture"": 0.089, ""miss_deg"": 2.2, ""labels"": [260]}, {""name"": ""苹果粉"", ""share"": 0.081, ""q"": 0.031, ""capture"": 0.059, ""miss_deg"": 2.38, ""labels"": [64]}]"
2026_08_20/000,c1,v9,,ours,97.38,97.65,0.27,2.293,球L,259,0.203,0.107,0.354,0.876,1.118,0.474,物品台,,0,0,11,球L,1,3,"[{""name"": ""球L"", ""share"": 0.203, ""q"": 0.107, ""capture"": 0.354, ""miss_deg"": 1.44, ""labels"": [259]}, {""name"": ""苹果红"", ""share"": 0.227, ""q"": 0.119, ""capture"": 0.31, ""miss_deg"": 1.53, ""labels"": [260]}, {""name"": ""球M"", ""share"": 0.114, ""q"": 0.06, ""capture"": 0.199, ""miss_deg"": 1.8, ""labels"": [261]}]"
2026_08_20/000,c1,v9,,ours,98.2,98.47,0.27,2.278,球L,259,0.828,0.158,0.525,0.084,0.146,0.809,物品台,,1,1,11,球L,1,3,"[{""name"": ""球L"", ""share"": 0.828, ""q"": 0.158, ""capture"": 0.525, ""miss_deg"": 1.14, ""labels"": [259]}, {""name"": ""苹果粉"", ""share"": 0.121, ""q"": 0.023, ""capture"": 0.044, ""miss_deg"": 2.5, ""labels"": [64]}, {""name"": ""苹果红"", ""share"": 0.016, ""q"": 0.003, ""capture"": 0.008, ""miss_deg"": 3.11, ""labels"": [260]}]"
2026_08_20/000,c1,v9,,ours,98.87,99.34,0.47,2.307,球M,261,0.521,0.194,0.68,0.21,0.712,0.627,物品台,,1,1,11,球L,0,3,"[{""name"": ""球M"", ""share"": 0.521, ""q"": 0.194, ""capture"": 0.68, ""miss_deg"": 0.88, ""labels"": [261]}, {""name"": ""水瓶"", ""share"": 0.371, ""q"": 0.138, ""capture"": 0.143, ""miss_deg"": 1.97, ""labels"": [30]}, {""name"": ""球L"", ""share"": 0.047, ""q"": 0.018, ""capture"": 0.059, ""miss_deg"": 2.38, ""labels"": [259]}]"
2026_08_20/000,c1,v9,,ours,100.15,100.42,0.27,2.322,白杯1,266,0.578,0.24,0.44,0.757,0.417,0.585,object#12,,1,1,,,,3,"[{""name"": ""白杯1"", ""share"": 0.578, ""q"": 0.24, ""capture"": 0.44, ""miss_deg"": 1.28, ""labels"": [266]}, {""name"": ""球R"", ""share"": 0.241, ""q"": 0.1, ""capture"": 0.333, ""miss_deg"": 1.48, ""labels"": [263]}, {""name"": ""香蕉"", ""share"": 0.119, ""q"": 0.049, ""capture"": 0.05, ""miss_deg"": 2.45, ""labels"": [264]}]"
2026_08_20/000,c1,v9,,ours,100.86,101.24,0.38,2.317,球R,263,0.391,0.279,0.928,0.503,0.811,0.286,object#12,,0,0,12,白杯2,0,3,"[{""name"": ""球R"", ""share"": 0.391, ""q"": 0.279, ""capture"": 0.928, ""miss_deg"": 0.39, ""labels"": [263]}, {""name"": ""白杯2"", ""share"": 0.317, ""q"": 0.226, ""capture"": 0.467, ""miss_deg"": 1.23, ""labels"": [267]}, {""name"": ""红杯"", ""share"": 0.208, ""q"": 0.149, ""capture"": 0.195, ""miss_deg"": 1.81, ""labels"": [49]}]"
2026_08_20/000,c1,v9,,ours,101.3,102.7,1.41,2.322,白杯2,267,0.681,0.468,0.99,0.243,0.391,0.312,object#12,,1,1,12,白杯2,1,3,"[{""name"": ""白杯2"", ""share"": 0.681, ""q"": 0.468, ""capture"": 0.99, ""miss_deg"": 0.14, ""labels"": [267]}, {""name"": ""红杯"", ""share"": 0.266, ""q"": 0.183, ""capture"": 0.241, ""miss_deg"": 1.69, ""labels"": [49]}, {""name"": ""球R"", ""share"": 0.052, ""q"": 0.036, ""capture"": 0.118, ""miss_deg"": 2.07, ""labels"": [263]}]"
2026_08_20/000,c1,v9,,ours,102.76,103.9,1.14,2.298,白杯2,267,0.588,0.425,0.867,0.428,0.264,0.278,object#12,,1,1,12,白杯2,1,3,"[{""name"": ""白杯2"", ""share"": 0.588, ""q"": 0.425, ""capture"": 0.867, ""miss_deg"": 0.53, ""labels"": [267]}, {""name"": ""球R"", ""share"": 0.155, ""q"": 0.112, ""capture"": 0.371, ""miss_deg"": 1.41, ""labels"": [263]}, {""name"": ""红杯"", ""share"": 0.248, ""q"": 0.179, ""capture"": 0.232, ""miss_deg"": 1.71, ""labels"": [49]}]"
2026_08_20/000,c1,v9,,ours,104.06,105.47,1.41,2.31,球R,263,0.397,0.305,1.014,0.283,0.456,0.232,object#12,,1,0,12,白杯2,0,3,"[{""name"": ""球R"", ""share"": 0.397, ""q"": 0.305, ""capture"": 1.014, ""miss_deg"": 0.0, ""labels"": [263]}, {""name"": ""白杯2"", ""share"": 0.181, ""q"": 0.139, ""capture"": 0.287, ""miss_deg"": 1.58, ""labels"": [267]}, {""name"": ""红杯"", ""share"": 0.26, ""q"": 0.2, ""capture"": 0.262, ""miss_deg"": 1.64, ""labels"": [49]}]"
2026_08_20/000,c1,v9,,ours,105.95,106.5,0.54,2.288,白杯1,266,0.6,0.283,0.511,0.501,0.272,0.528,object#12,,1,1,12,白杯2,0,3,"[{""name"": ""白杯1"", ""share"": 0.6, ""q"": 0.283, ""capture"": 0.511, ""miss_deg"": 1.16, ""labels"": [266]}, {""name"": ""球R"", ""share"": 0.163, ""q"": 0.077, ""capture"": 0.256, ""miss_deg"": 1.65, ""labels"": [263]}, {""name"": ""香蕉"", ""share"": 0.16, ""q"": 0.075, ""capture"": 0.076, ""miss_deg"": 2.27, ""labels"": [264]}]"
2026_08_20/000,c1,v9,,ours,106.55,106.98,0.43,2.282,球R,263,0.322,0.248,0.823,0.516,0.86,0.231,object#12,,0,0,,,,3,"[{""name"": ""球R"", ""share"": 0.322, ""q"": 0.248, ""capture"": 0.823, ""miss_deg"": 0.62, ""labels"": [263]}, {""name"": ""白杯2"", ""share"": 0.277, ""q"": 0.213, ""capture"": 0.425, ""miss_deg"": 1.31, ""labels"": [267]}, {""name"": ""红杯"", ""share"": 0.294, ""q"": 0.226, ""capture"": 0.294, ""miss_deg"": 1.57, ""labels"": [49]}]"
2026_08_20/000,c1,v9,,ours,107.09,107.42,0.32,2.293,球M,261,0.416,0.207,0.687,0.194,0.642,0.503,object#12,,1,0,,,,3,"[{""name"": ""球M"", ""share"": 0.416, ""q"": 0.207, ""capture"": 0.687, ""miss_deg"": 0.87, ""labels"": [261]}, {""name"": ""香蕉"", ""share"": 0.267, ""q"": 0.133, ""capture"": 0.133, ""miss_deg"": 2.01, ""labels"": [264]}, {""name"": ""水瓶"", ""share"": 0.244, ""q"": 0.122, ""capture"": 0.125, ""miss_deg"": 2.04, ""labels"": [30]}]"
2026_08_20/000,c1,v9,,ours,107.47,107.9,0.43,2.292,白杯1,266,0.547,0.388,0.699,0.96,0.521,0.292,object#12,,1,1,,,,3,"[{""name"": ""白杯1"", ""share"": 0.547, ""q"": 0.388, ""capture"": 0.699, ""miss_deg"": 0.85, ""labels"": [266]}, {""name"": ""球R"", ""share"": 0.285, ""q"": 0.202, ""capture"": 0.671, ""miss_deg"": 0.89, ""labels"": [263]}, {""name"": ""红杯"", ""share"": 0.117, ""q"": 0.083, ""capture"": 0.107, ""miss_deg"": 2.11, ""labels"": [49]}]"
2026_08_20/000,c1,v9,,ours,112.37,112.94,0.57,1.094,,-1,0.0,0.0,,,,1.0,object#14,,0,0,,,,0,[]
2026_08_20/000,c1,v9,,ours,113.87,114.19,0.32,0.638,,-1,0.0,0.0,,,,1.0,object#34,,0,0,,,,0,[]
2026_08_20/000,c1,v9,,ours,114.46,114.9,0.44,0.856,,-1,0.0,0.0,,,,1.0,object#88,,0,0,,,,0,[]
2026_08_20/001,c2,v9,,ours,3.28,3.67,0.38,3.041,,-1,0.0,0.0,,,,1.0,floor,,0,0,,,,0,[]
2026_08_20/001,c2,v9,,ours,9.17,9.5,0.32,3.454,,-1,0.0,0.0,,,,1.0,object#36,,0,0,,,,0,[]
2026_08_20/001,c2,v9,,ours,10.05,10.43,0.38,2.739,球L,259,0.415,0.249,1.116,0.414,0.559,0.401,物品台,,1,0,,,,3,"[{""name"": ""球L"", ""share"": 0.415, ""q"": 0.249, ""capture"": 1.116, ""miss_deg"": 0.0, ""labels"": [259]}, {""name"": ""苹果红"", ""share"": 0.232, ""q"": 0.139, ""capture"": 0.462, ""miss_deg"": 1.24, ""labels"": [260]}, {""name"": ""水瓶"", ""share"": 0.204, ""q"": 0.122, ""capture"": 0.14, ""miss_deg"": 1.98, ""labels"": [30]}]"
2026_08_20/001,c2,v9,,ours,11.31,11.64,0.32,3.431,,-1,0.0,0.0,,,,1.0,object#60,,0,0,,,,0,[]
2026_08_20/001,c2,v9,,ours,11.75,12.02,0.27,3.534,,-1,0.0,0.0,,,,1.0,object#26,,0,0,,,,0,[]
2026_08_20/001,c2,v9,,ours,12.41,13.06,0.65,3.364,,-1,0.0,0.0,,,,1.0,object#26,,0,0,,,,0,[]
2026_08_20/001,c2,v9,,ours,14.23,14.5,0.27,2.572,球M,261,0.613,0.158,0.684,0.133,0.524,0.742,物品台,,1,1,,,,3,"[{""name"": ""球M"", ""share"": 0.613, ""q"": 0.158, ""capture"": 0.684, ""miss_deg"": 0.87, ""labels"": [261]}, {""name"": ""水瓶"", ""share"": 0.321, ""q"": 0.083, ""capture"": 0.091, ""miss_deg"": 2.19, ""labels"": [30]}, {""name"": ""球L"", ""share"": 0.045, ""q"": 0.012, ""capture"": 0.047, ""miss_deg"": 2.47, ""labels"": [259]}]"
2026_08_20/001,c2,v9,,ours,14.71,15.36,0.65,2.723,球R,263,0.775,0.071,0.319,0.053,0.209,0.908,物品台,,1,1,,,,3,"[{""name"": ""球R"", ""share"": 0.775, ""q"": 0.071, ""capture"": 0.319, ""miss_deg"": 1.51, ""labels"": [263]}, {""name"": ""水瓶"", ""share"": 0.162, ""q"": 0.015, ""capture"": 0.017, ""miss_deg"": 2.85, ""labels"": [30]}, {""name"": ""白杯1"", ""share"": 0.046, ""q"": 0.004, ""capture"": 0.009, ""miss_deg"": 3.05, ""labels"": [266]}]"
2026_08_20/001,c2,v9,,ours,15.53,15.9,0.38,2.514,球M,261,0.547,0.049,0.198,0.288,0.298,0.911,物品台,,0,0,,,,3,"[{""name"": ""球M"", ""share"": 0.547, ""q"": 0.049, ""capture"": 0.198, ""miss_deg"": 1.8, ""labels"": [261]}, {""name"": ""球L"", ""share"": 0.163, ""q"": 0.015, ""capture"": 0.057, ""miss_deg"": 2.39, ""labels"": [259]}, {""name"": ""水瓶"", ""share"": 0.291, ""q"": 0.026, ""capture"": 0.028, ""miss_deg"": 2.67, ""labels"": [30]}]"
2026_08_20/001,c2,v9,,ours,16.39,17.74,1.35,2.71,球R,263,0.679,0.225,1.01,0.103,0.178,0.668,物品台,,1,1,1,球R,1,3,"[{""name"": ""球R"", ""share"": 0.679, ""q"": 0.225, ""capture"": 1.01, ""miss_deg"": 0.0, ""labels"": [263]}, {""name"": ""白杯2"", ""share"": 0.121, ""q"": 0.04, ""capture"": 0.104, ""miss_deg"": 2.13, ""labels"": [267]}, {""name"": ""白杯1"", ""share"": 0.119, ""q"": 0.04, ""capture"": 0.089, ""miss_deg"": 2.2, ""labels"": [266]}]"
2026_08_20/001,c2,v9,,ours,17.79,18.17,0.38,2.719,球R,263,0.27,0.003,0.014,0.714,2.704,0.989,物品台,,0,0,1,球R,1,2,"[{""name"": ""球R"", ""share"": 0.27, ""q"": 0.003, ""capture"": 0.014, ""miss_deg"": 2.92, ""labels"": [263]}, {""name"": ""水瓶"", ""share"": 0.73, ""q"": 0.008, ""capture"": 0.01, ""miss_deg"": 3.05, ""labels"": [30]}]"
2026_08_20/001,c2,v9,,ours,18.5,19.42,0.92,2.799,球R,263,0.699,0.067,0.299,0.084,0.316,0.905,物品台,,1,1,1,球R,1,3,"[{""name"": ""球R"", ""share"": 0.699, ""q"": 0.067, ""capture"": 0.299, ""miss_deg"": 1.55, ""labels"": [263]}, {""name"": ""水瓶"", ""share"": 0.221, ""q"": 0.021, ""capture"": 0.025, ""miss_deg"": 2.72, ""labels"": [30]}, {""name"": ""白杯2"", ""share"": 0.054, ""q"": 0.005, ""capture"": 0.014, ""miss_deg"": 2.92, ""labels"": [267]}]"
2026_08_20/001,c2,v9,,ours,20.64,20.91,0.27,3.017,球R,263,0.421,0.228,1.207,0.392,0.77,0.457,物品台,,0,0,,,,3,"[{""name"": ""球R"", ""share"": 0.421, ""q"": 0.228, ""capture"": 1.207, ""miss_deg"": 0.0, ""labels"": [263]}, {""name"": ""白杯1"", ""share"": 0.324, ""q"": 0.176, ""capture"": 0.473, ""miss_deg"": 1.22, ""labels"": [266]}, {""name"": ""红杯"", ""share"": 0.131, ""q"": 0.071, ""capture"": 0.131, ""miss_deg"": 2.02, ""labels"": [49]}]"
2026_08_20/001,c2,v9,,ours,21.29,21.67,0.38,3.117,球M,261,0.511,0.045,0.277,0.542,0.544,0.911,物品台,,1,1,,,,3,"[{""name"": ""球M"", ""share"": 0.511, ""q"": 0.045, ""capture"": 0.277, ""miss_deg"": 1.6, ""labels"": [261]}, {""name"": ""球L"", ""share"": 0.278, ""q"": 0.025, ""capture"": 0.15, ""miss_deg"": 1.95, ""labels"": [259]}, {""name"": ""水瓶"", ""share"": 0.176, ""q"": 0.016, ""capture"": 0.02, ""miss_deg"": 2.79, ""labels"": [30]}]"
2026_08_20/001,c2,v9,,ours,22.21,22.7,0.49,3.163,球M,261,0.498,0.078,0.476,0.439,0.438,0.844,物品台,,1,0,,,,3,"[{""name"": ""球M"", ""share"": 0.498, ""q"": 0.078, ""capture"": 0.476, ""miss_deg"": 1.22, ""labels"": [261]}, {""name"": ""球L"", ""share"": 0.218, ""q"": 0.034, ""capture"": 0.209, ""miss_deg"": 1.77, ""labels"": [259]}, {""name"": ""苹果红"", ""share"": 0.088, ""q"": 0.014, ""capture"": 0.061, ""miss_deg"": 2.36, ""labels"": [260]}]"
2026_08_20/001,c2,v9,,ours,23.29,25.46,2.17,3.193,球R,263,0.388,0.086,0.525,0.333,0.704,0.779,物品台,,1,0,2,球R,1,3,"[{""name"": ""球R"", ""share"": 0.388, ""q"": 0.086, ""capture"": 0.525, ""miss_deg"": 1.14, ""labels"": [263]}, {""name"": ""白杯1"", ""share"": 0.273, ""q"": 0.06, ""capture"": 0.175, ""miss_deg"": 1.87, ""labels"": [266]}, {""name"": ""球M"", ""share"": 0.098, ""q"": 0.022, ""capture"": 0.133, ""miss_deg"": 2.01, ""labels"": [261]}]"
2026_08_20/001,c2,v9,,ours,25.73,26.22,0.49,3.191,球M,261,0.297,0.05,0.309,0.799,0.801,0.83,物品台,,0,0,,,,3,"[{""name"": ""球M"", ""share"": 0.297, ""q"": 0.05, ""capture"": 0.309, ""miss_deg"": 1.53, ""labels"": [261]}, {""name"": ""球R"", ""share"": 0.238, ""q"": 0.04, ""capture"": 0.247, ""miss_deg"": 1.67, ""labels"": [263]}, {""name"": ""白杯1"", ""share"": 0.204, ""q"": 0.035, ""capture"": 0.101, ""miss_deg"": 2.14, ""labels"": [266]}]"
2026_08_20/001,c2,v9,,ours,26.54,26.92,0.38,3.156,球R,263,0.647,0.136,0.832,0.1,0.184,0.79,物品台,,1,1,,,,3,"[{""name"": ""球R"", ""share"": 0.647, ""q"": 0.136, ""capture"": 0.832, ""miss_deg"": 0.61, ""labels"": [263]}, {""name"": ""白杯2"", ""share"": 0.119, ""q"": 0.025, ""capture"": 0.083, ""miss_deg"": 2.23, ""labels"": [267]}, {""name"": ""白杯1"", ""share"": 0.087, ""q"": 0.018, ""capture"": 0.053, ""miss_deg"": 2.42, ""labels"": [266]}]"
2026_08_20/001,c2,v9,,ours,27.8,28.29,0.49,3.184,球M,261,0.357,0.085,0.517,0.344,0.345,0.763,物品台,,1,0,,,,3,"[{""name"": ""球M"", ""share"": 0.357, ""q"": 0.085, ""capture"": 0.517, ""miss_deg"": 1.15, ""labels"": [261]}, {""name"": ""球R"", ""share"": 0.123, ""q"": 0.029, ""capture"": 0.178, ""miss_deg"": 1.86, ""labels"": [263]}, {""name"": ""白杯1"", ""share"": 0.217, ""q"": 0.051, ""capture"": 0.149, ""miss_deg"": 1.95, ""labels"": [266]}]"
2026_08_20/001,c2,v9,,ours,28.77,29.05,0.27,3.118,球R,263,0.733,0.072,0.438,0.053,0.115,0.902,物品台,,1,1,,,,3,"[{""name"": ""球R"", ""share"": 0.733, ""q"": 0.072, ""capture"": 0.438, ""miss_deg"": 1.29, ""labels"": [263]}, {""name"": ""白杯1"", ""share"": 0.084, ""q"": 0.008, ""capture"": 0.023, ""miss_deg"": 2.75, ""labels"": [266]}, {""name"": ""白杯2"", ""share"": 0.057, ""q"": 0.006, ""capture"": 0.018, ""miss_deg"": 2.83, ""labels"": [267]}]"
2026_08_20/001,c2,v9,,ours,29.53,29.8,0.27,3.181,苹果粉,64,0.707,0.056,0.177,0.638,0.33,0.921,物品台,,0,0,4,球L,0,3,"[{""name"": ""苹果粉"", ""share"": 0.707, ""q"": 0.056, ""capture"": 0.177, ""miss_deg"": 1.86, ""labels"": [64]}, {""name"": ""球L"", ""share"": 0.233, ""q"": 0.018, ""capture"": 0.113, ""miss_deg"": 2.09, ""labels"": [259]}, {""name"": ""水瓶"", ""share"": 0.052, ""q"": 0.004, ""capture"": 0.005, ""miss_deg"": 3.23, ""labels"": [30]}]"
2026_08_20/001,c2,v9,,ours,29.86,30.56,0.7,3.134,球L,259,0.51,0.207,1.264,0.289,0.559,0.595,物品台,,1,1,4,球L,1,3,"[{""name"": ""球L"", ""share"": 0.51, ""q"": 0.207, ""capture"": 1.264, ""miss_deg"": 0.0, ""labels"": [259]}, {""name"": ""苹果粉"", ""share"": 0.285, ""q"": 0.115, ""capture"": 0.365, ""miss_deg"": 1.42, ""labels"": [64, 250]}, {""name"": ""苹果红"", ""share"": 0.167, ""q"": 0.068, ""capture"": 0.293, ""miss_deg"": 1.57, ""labels"": [260]}]"
2026_08_20/001,c2,v9,,ours,30.8,31.78,0.97,3.132,球L,259,0.515,0.236,1.443,0.358,0.505,0.541,物品台,,1,1,4,球L,1,3,"[{""name"": ""球L"", ""share"": 0.515, ""q"": 0.236, ""capture"": 1.443, ""miss_deg"": 0.0, ""labels"": [259]}, {""name"": ""苹果红"", ""share"": 0.26, ""q"": 0.119, ""capture"": 0.517, ""miss_deg"": 1.15, ""labels"": [260]}, {""name"": ""苹果粉"", ""share"": 0.1, ""q"": 0.046, ""capture"": 0.146, ""miss_deg"": 1.96, ""labels"": [64, 250]}]"
2026_08_20/001,c2,v9,,ours,31.83,32.21,0.38,3.164,球M,261,0.325,0.202,1.233,0.305,1.415,0.379,物品台,,0,0,,,,3,"[{""name"": ""球M"", ""share"": 0.325, ""q"": 0.202, ""capture"": 1.233, ""miss_deg"": 0.0, ""labels"": [261]}, {""name"": ""水瓶"", ""share"": 0.46, ""q"": 0.286, ""capture"": 0.376, ""miss_deg"": 1.4, ""labels"": [30]}, {""name"": ""苹果红"", ""share"": 0.062, ""q"": 0.038, ""capture"": 0.172, ""miss_deg"": 1.88, ""labels"": [260]}]"
2026_08_20/001,c2,v9,,ours,32.27,33.25,0.98,3.196,球L,259,0.617,0.197,1.206,0.221,0.301,0.68,物品台,,1,1,,,,3,"[{""name"": ""球L"", ""share"": 0.617, ""q"": 0.197, ""capture"": 1.206, ""miss_deg"": 0.0, ""labels"": [259]}, {""name"": ""苹果红"", ""share"": 0.186, ""q"": 0.06, ""capture"": 0.267, ""miss_deg"": 1.62, ""labels"": [260]}, {""name"": ""苹果粉"", ""share"": 0.075, ""q"": 0.024, ""capture"": 0.076, ""miss_deg"": 2.27, ""labels"": [64, 250]}]"
2026_08_20/001,c2,v9,,ours,33.3,36.28,2.98,3.253,球L,259,0.34,0.168,1.025,0.632,0.862,0.507,物品台,,0,0,,,,3,"[{""name"": ""球L"", ""share"": 0.34, ""q"": 0.168, ""capture"": 1.025, ""miss_deg"": 0.0, ""labels"": [259]}, {""name"": ""苹果红"", ""share"": 0.293, ""q"": 0.144, ""capture"": 0.648, ""miss_deg"": 0.93, ""labels"": [260]}, {""name"": ""球M"", ""share"": 0.089, ""q"": 0.044, ""capture"": 0.269, ""miss_deg"": 1.62, ""labels"": [261]}]"
2026_08_20/001,c2,v9,,ours,37.15,37.85,0.7,3.256,球L,259,0.85,0.01,0.059,0.034,0.074,0.989,物品台,,0,0,,,,3,"[{""name"": ""球L"", ""share"": 0.85, ""q"": 0.01, ""capture"": 0.059, ""miss_deg"": 2.38, ""labels"": [259]}, {""name"": ""苹果粉"", ""share"": 0.063, ""q"": 0.001, ""capture"": 0.002, ""miss_deg"": 3.48, ""labels"": [64]}, {""name"": ""水瓶"", ""share"": 0.088, ""q"": 0.001, ""capture"": 0.001, ""miss_deg"": 3.64, ""labels"": [30]}]"
2026_08_20/001,c2,v9,,ours,37.9,39.47,1.57,3.261,球L,259,0.804,0.098,0.6,0.058,0.081,0.878,物品台,,1,1,,,,3,"[{""name"": ""球L"", ""share"": 0.804, ""q"": 0.098, ""capture"": 0.6, ""miss_deg"": 1.01, ""labels"": [259]}, {""name"": ""苹果红"", ""share"": 0.065, ""q"": 0.008, ""capture"": 0.035, ""miss_deg"": 2.58, ""labels"": [260]}, {""name"": ""苹果粉"", ""share"": 0.073, ""q"": 0.009, ""capture"": 0.03, ""miss_deg"": 2.65, ""labels"": [64]}]"
2026_08_20/001,c2,v9,,ours,39.53,39.8,0.27,3.295,球L,259,0.484,0.081,0.496,0.556,0.498,0.833,物品台,,1,0,,,,3,"[{""name"": ""球L"", ""share"": 0.484, ""q"": 0.081, ""capture"": 0.496, ""miss_deg"": 1.18, ""labels"": [259]}, {""name"": ""球M"", ""share"": 0.241, ""q"": 0.04, ""capture"": 0.276, ""miss_deg"": 1.6, ""labels"": [261]}, {""name"": ""苹果红"", ""share"": 0.12, ""q"": 0.02, ""capture"": 0.09, ""miss_deg"": 2.19, ""labels"": [260]}]"
2026_08_20/001,c2,v9,,ours,39.96,40.34,0.38,3.256,球L,259,0.788,0.03,0.183,0.104,0.104,0.962,物品台,,0,0,,,,3,"[{""name"": ""球L"", ""share"": 0.788, ""q"": 0.03, ""capture"": 0.183, ""miss_deg"": 1.84, ""labels"": [259]}, {""name"": ""球M"", ""share"": 0.082, ""q"": 0.003, ""capture"": 0.019, ""miss_deg"": 2.81, ""labels"": [261]}, {""name"": ""水瓶"", ""share"": 0.097, ""q"": 0.004, ""capture"": 0.005, ""miss_deg"": 3.26, ""labels"": [30]}]"
2026_08_20/001,c2,v9,,ours,40.61,41.69,1.08,3.244,球L,259,0.882,0.031,0.188,0.027,0.113,0.965,物品台,,0,0,,,,3,"[{""name"": ""球L"", ""share"": 0.882, ""q"": 0.031, ""capture"": 0.188, ""miss_deg"": 1.83, ""labels"": [259]}, {""name"": ""水瓶"", ""share"": 0.1, ""q"": 0.003, ""capture"": 0.005, ""miss_deg"": 3.27, ""labels"": [30]}, {""name"": ""苹果红"", ""share"": 0.016, ""q"": 0.001, ""capture"": 0.003, ""miss_deg"": 3.45, ""labels"": [260]}]"
2026_08_20/001,c2,v9,,ours,42.02,42.94,0.92,3.266,球L,259,0.765,0.116,0.708,0.086,0.118,0.849,物品台,,1,1,,,,3,"[{""name"": ""球L"", ""share"": 0.765, ""q"": 0.116, ""capture"": 0.708, ""miss_deg"": 0.83, ""labels"": [259]}, {""name"": ""苹果红"", ""share"": 0.09, ""q"": 0.014, ""capture"": 0.061, ""miss_deg"": 2.37, ""labels"": [260]}, {""name"": ""球M"", ""share"": 0.025, ""q"": 0.004, ""capture"": 0.023, ""miss_deg"": 2.75, ""labels"": [261]}]"
2026_08_20/001,c2,v9,,ours,43.18,45.19,2.01,3.223,苹果粉,64,0.891,0.247,0.82,0.123,0.067,0.723,物品台,,1,1,5,苹果粉,1,3,"[{""name"": ""苹果粉"", ""share"": 0.891, ""q"": 0.247, ""capture"": 0.82, ""miss_deg"": 0.63, ""labels"": [64, 250]}, {""name"": ""球L"", ""share"": 0.06, ""q"": 0.017, ""capture"": 0.101, ""miss_deg"": 2.14, ""labels"": [259]}, {""name"": ""水瓶"", ""share"": 0.044, ""q"": 0.012, ""capture"": 0.016, ""miss_deg"": 2.87, ""labels"": [30]}]"
2026_08_20/001,c2,v9,,ours,45.4,46.6,1.2,3.234,苹果粉,64,0.67,0.148,0.492,0.76,0.413,0.779,物品台,,1,1,5,苹果粉,1,3,"[{""name"": ""苹果粉"", ""share"": 0.67, ""q"": 0.148, ""capture"": 0.492, ""miss_deg"": 1.19, ""labels"": [64, 250]}, {""name"": ""球L"", ""share"": 0.277, ""q"": 0.061, ""capture"": 0.374, ""miss_deg"": 1.4, ""labels"": [259]}, {""name"": ""苹果红"", ""share"": 0.033, ""q"": 0.007, ""capture"": 0.032, ""miss_deg"": 2.62, ""labels"": [260]}]"
2026_08_20/001,c2,v9,,ours,46.84,49.22,2.38,3.207,苹果粉,64,0.804,0.169,0.563,0.336,0.183,0.789,物品台,,1,1,5,苹果粉,1,3,"[{""name"": ""苹果粉"", ""share"": 0.804, ""q"": 0.169, ""capture"": 0.563, ""miss_deg"": 1.07, ""labels"": [64]}, {""name"": ""球L"", ""share"": 0.147, ""q"": 0.031, ""capture"": 0.189, ""miss_deg"": 1.83, ""labels"": [259]}, {""name"": ""水瓶"", ""share"": 0.034, ""q"": 0.007, ""capture"": 0.01, ""miss_deg"": 3.05, ""labels"": [30]}]"
2026_08_20/001,c2,v9,,ours,49.44,49.82,0.38,3.209,苹果粉,64,0.703,0.2,0.665,0.58,0.316,0.715,物品台,,1,1,5,苹果粉,1,3,"[{""name"": ""苹果粉"", ""share"": 0.703, ""q"": 0.2, ""capture"": 0.665, ""miss_deg"": 0.9, ""labels"": [64, 250]}, {""name"": ""球L"", ""share"": 0.222, ""q"": 0.063, ""capture"": 0.386, ""miss_deg"": 1.38, ""labels"": [259]}, {""name"": ""苹果红"", ""share"": 0.029, ""q"": 0.008, ""capture"": 0.037, ""miss_deg"": 2.57, ""labels"": [260]}]"
2026_08_20/001,c2,v9,,ours,50.09,52.1,2.0,3.28,球R,263,0.372,0.162,0.99,0.484,0.933,0.565,物品台,,0,0,,,,3,"[{""name"": ""球R"", ""share"": 0.372, ""q"": 0.162, ""capture"": 0.99, ""miss_deg"": 0.14, ""labels"": [263]}, {""name"": ""白杯1"", ""share"": 0.347, ""q"": 0.151, ""capture"": 0.479, ""miss_deg"": 1.21, ""labels"": [266]}, {""name"": ""红杯"", ""share"": 0.088, ""q"": 0.038, ""capture"": 0.078, ""miss_deg"": 2.26, ""labels"": [49]}]"
2026_08_20/001,c2,v9,,ours,52.15,52.86,0.7,3.269,球R,263,0.354,0.159,0.973,0.607,1.062,0.55,物品台,,0,0,,,,3,"[{""name"": ""球R"", ""share"": 0.354, ""q"": 0.159, ""capture"": 0.973, ""miss_deg"": 0.23, ""labels"": [263]}, {""name"": ""白杯2"", ""share"": 0.376, ""q"": 0.169, ""capture"": 0.591, ""miss_deg"": 1.03, ""labels"": [267]}, {""name"": ""红杯"", ""share"": 0.151, ""q"": 0.068, ""capture"": 0.139, ""miss_deg"": 1.99, ""labels"": [49]}]"
2026_08_20/001,c2,v9,,ours,53.89,54.16,0.27,3.269,白杯2,267,0.783,0.143,0.501,0.096,0.055,0.817,物品台,,1,1,,,,3,"[{""name"": ""白杯2"", ""share"": 0.783, ""q"": 0.143, ""capture"": 0.501, ""miss_deg"": 1.18, ""labels"": [267]}, {""name"": ""球R"", ""share"": 0.043, ""q"": 0.008, ""capture"": 0.048, ""miss_deg"": 2.46, ""labels"": [263]}, {""name"": ""水瓶"", ""share"": 0.117, ""q"": 0.021, ""capture"": 0.029, ""miss_deg"": 2.66, ""labels"": [30]}]"
2026_08_20/001,c2,v9,,ours,54.75,55.02,0.27,3.268,球M,261,0.625,0.136,0.832,0.06,0.272,0.782,物品台,,1,1,,,,3,"[{""name"": ""球M"", ""share"": 0.625, ""q"": 0.136, ""capture"": 0.832, ""miss_deg"": 0.61, ""labels"": [261]}, {""name"": ""水瓶"", ""share"": 0.17, ""q"": 0.037, ""capture"": 0.05, ""miss_deg"": 2.45, ""labels"": [30]}, {""name"": ""白杯1"", ""share"": 0.056, ""q"": 0.012, ""capture"": 0.038, ""miss_deg"": 2.55, ""labels"": [266]}]"
2026_08_20/001,c2,v9,,ours,55.13,55.99,0.87,3.28,球R,263,0.271,0.121,0.739,0.655,1.262,0.553,物品台,,0,0,,,,3,"[{""name"": ""球R"", ""share"": 0.271, ""q"": 0.121, ""capture"": 0.739, ""miss_deg"": 0.78, ""labels"": [263]}, {""name"": ""白杯1"", ""share"": 0.342, ""q"": 0.153, ""capture"": 0.484, ""miss_deg"": 1.2, ""labels"": [266]}, {""name"": ""球M"", ""share"": 0.07, ""q"": 0.031, ""capture"": 0.192, ""miss_deg"": 1.82, ""labels"": [261]}]"
2026_08_20/001,c2,v9,,ours,56.05,56.64,0.6,3.282,球M,261,0.312,0.088,0.537,0.421,0.42,0.718,物品台,,0,0,,,,3,"[{""name"": ""球M"", ""share"": 0.312, ""q"": 0.088, ""capture"": 0.537, ""miss_deg"": 1.11, ""labels"": [261]}, {""name"": ""球R"", ""share"": 0.131, ""q"": 0.037, ""capture"": 0.226, ""miss_deg"": 1.73, ""labels"": [263]}, {""name"": ""白杯1"", ""share"": 0.211, ""q"": 0.06, ""capture"": 0.189, ""miss_deg"": 1.83, ""labels"": [266]}]"
2026_08_20/001,c2,v9,,ours,58.49,59.14,0.65,3.261,球M,261,0.624,0.149,0.912,0.082,0.375,0.761,物品台,,1,1,7,球M,1,3,"[{""name"": ""球M"", ""share"": 0.624, ""q"": 0.149, ""capture"": 0.912, ""miss_deg"": 0.43, ""labels"": [261]}, {""name"": ""水瓶"", ""share"": 0.234, ""q"": 0.056, ""capture"": 0.075, ""miss_deg"": 2.27, ""labels"": [30]}, {""name"": ""香蕉"", ""share"": 0.111, ""q"": 0.027, ""capture"": 0.031, ""miss_deg"": 2.64, ""labels"": [264]}]"
2026_08_20/001,c2,v9,,ours,59.51,59.95,0.43,3.274,球M,261,0.462,0.153,0.938,0.117,0.225,0.668,物品台,,1,0,7,球M,1,3,"[{""name"": ""球M"", ""share"": 0.462, ""q"": 0.153, ""capture"": 0.938, ""miss_deg"": 0.36, ""labels"": [261]}, {""name"": ""白杯1"", ""share"": 0.104, ""q"": 0.035, ""capture"": 0.11, ""miss_deg"": 2.1, ""labels"": [266]}, {""name"": ""水瓶"", ""share"": 0.24, ""q"": 0.08, ""capture"": 0.108, ""miss_deg"": 2.11, ""labels"": [30]}]"
2026_08_20/001,c2,v9,,ours,60.19,60.56,0.38,3.268,球M,261,0.705,0.068,0.413,0.165,0.165,0.904,物品台,,1,1,7,球M,1,3,"[{""name"": ""球M"", ""share"": 0.705, ""q"": 0.068, ""capture"": 0.413, ""miss_deg"": 1.33, ""labels"": [261]}, {""name"": ""球L"", ""share"": 0.116, ""q"": 0.011, ""capture"": 0.068, ""miss_deg"": 2.32, ""labels"": [259]}, {""name"": ""水瓶"", ""share"": 0.129, ""q"": 0.012, ""capture"": 0.017, ""miss_deg"": 2.86, ""labels"": [30]}]"
2026_08_20/001,c2,v9,,ours,60.62,61.05,0.43,3.289,球M,261,0.309,0.127,0.776,0.335,0.647,0.589,物品台,,0,0,7,球M,1,3,"[{""name"": ""球M"", ""share"": 0.309, ""q"": 0.127, ""capture"": 0.776, ""miss_deg"": 0.71, ""labels"": [261]}, {""name"": ""白杯1"", ""share"": 0.2, ""q"": 0.082, ""capture"": 0.26, ""miss_deg"": 1.64, ""labels"": [266]}, {""name"": ""球R"", ""share"": 0.062, ""q"": 0.026, ""capture"": 0.156, ""miss_deg"": 1.93, ""labels"": [263]}]"
2026_08_20/001,c2,v9,,ours,61.11,61.92,0.81,3.282,球M,261,0.56,0.155,0.947,0.106,0.473,0.723,物品台,,1,1,7,球M,1,3,"[{""name"": ""球M"", ""share"": 0.56, ""q"": 0.155, ""capture"": 0.947, ""miss_deg"": 0.33, ""labels"": [261]}, {""name"": ""水瓶"", ""share"": 0.265, ""q"": 0.073, ""capture"": 0.1, ""miss_deg"": 2.15, ""labels"": [30]}, {""name"": ""苹果红"", ""share"": 0.048, ""q"": 0.013, ""capture"": 0.06, ""miss_deg"": 2.37, ""labels"": [260]}]"
2026_08_20/001,c2,v9,,ours,61.97,62.24,0.27,3.286,球R,263,0.283,0.1,0.613,0.581,1.124,0.646,物品台,,0,0,,,,3,"[{""name"": ""球R"", ""share"": 0.283, ""q"": 0.1, ""capture"": 0.613, ""miss_deg"": 0.99, ""labels"": [263]}, {""name"": ""白杯1"", ""share"": 0.318, ""q"": 0.112, ""capture"": 0.356, ""miss_deg"": 1.44, ""labels"": [266]}, {""name"": ""球M"", ""share"": 0.111, ""q"": 0.039, ""capture"": 0.24, ""miss_deg"": 1.69, ""labels"": [261]}]"
2026_08_20/001,c2,v9,,ours,62.3,62.68,0.38,3.274,球M,261,0.671,0.136,0.834,0.064,0.286,0.797,物品台,,1,1,,,,3,"[{""name"": ""球M"", ""share"": 0.671, ""q"": 0.136, ""capture"": 0.834, ""miss_deg"": 0.6, ""labels"": [261]}, {""name"": ""水瓶"", ""share"": 0.192, ""q"": 0.039, ""capture"": 0.053, ""miss_deg"": 2.43, ""labels"": [30]}, {""name"": ""香蕉"", ""share"": 0.101, ""q"": 0.02, ""capture"": 0.024, ""miss_deg"": 2.73, ""labels"": [264]}]"
2026_08_20/001,c2,v9,,ours,64.79,65.22,0.43,4.238,,-1,0.0,0.0,,,,1.0,object#60,,0,0,,,,0,[]
2026_08_20/001,c2,v9,,ours,65.76,66.09,0.32,4.126,,-1,0.0,0.0,,,,1.0,object#17,,0,0,,,,0,[]
2026_08_20/001,c2,v9,,ours,66.2,66.53,0.32,3.232,苹果红,260,0.195,0.123,0.553,0.835,0.615,0.368,object#12,,0,0,,,,3,"[{""name"": ""苹果红"", ""share"": 0.195, ""q"": 0.123, ""capture"": 0.553, ""miss_deg"": 1.09, ""labels"": [260]}, {""name"": ""球M"", ""share"": 0.12, ""q"": 0.076, ""capture"": 0.462, ""miss_deg"": 1.24, ""labels"": [261]}, {""name"": ""球L"", ""share"": 0.102, ""q"": 0.065, ""capture"": 0.396, ""miss_deg"": 1.36, ""labels"": [259]}]"
2026_08_20/001,c2,v9,,ours,66.76,67.24,0.49,4.174,,-1,0.0,0.0,,,,1.0,object#17,,0,0,,,,0,[]
2026_08_20/001,c2,v9,,ours,67.66,68.41,0.76,3.289,球L,259,0.51,0.146,0.891,0.3,0.408,0.714,物品台,,1,1,,,,3,"[{""name"": ""球L"", ""share"": 0.51, ""q"": 0.146, ""capture"": 0.891, ""miss_deg"": 0.48, ""labels"": [259]}, {""name"": ""苹果红"", ""share"": 0.208, ""q"": 0.059, ""capture"": 0.267, ""miss_deg"": 1.63, ""labels"": [260]}, {""name"": ""球M"", ""share"": 0.088, ""q"": 0.025, ""capture"": 0.154, ""miss_deg"": 1.93, ""labels"": [261]}]"
2026_08_20/001,c2,v9,,ours,68.79,69.06,0.27,3.304,球L,259,0.447,0.143,0.873,0.336,0.3,0.68,物品台,,1,0,,,,3,"[{""name"": ""球L"", ""share"": 0.447, ""q"": 0.143, ""capture"": 0.873, ""miss_deg"": 0.52, ""labels"": [259]}, {""name"": ""球M"", ""share"": 0.134, ""q"": 0.043, ""capture"": 0.293, ""miss_deg"": 1.57, ""labels"": [261]}, {""name"": ""苹果红"", ""share"": 0.203, ""q"": 0.065, ""capture"": 0.292, ""miss_deg"": 1.57, ""labels"": [260]}]"
2026_08_20/001,c2,v9,,ours,70.32,70.7,0.38,3.304,球M,261,0.759,0.053,0.364,0.096,0.107,0.93,物品台,,1,1,,,,3,"[{""name"": ""球M"", ""share"": 0.759, ""q"": 0.053, ""capture"": 0.364, ""miss_deg"": 1.42, ""labels"": [261]}, {""name"": ""球L"", ""share"": 0.081, ""q"": 0.006, ""capture"": 0.035, ""miss_deg"": 2.59, ""labels"": [259]}, {""name"": ""水瓶"", ""share"": 0.138, ""q"": 0.01, ""capture"": 0.013, ""miss_deg"": 2.94, ""labels"": [30]}]"
2026_08_20/001,c2,v9,,ours,71.96,72.77,0.81,3.295,球R,263,0.569,0.133,0.812,0.192,0.369,0.766,物品台,,1,1,,,,3,"[{""name"": ""球R"", ""share"": 0.569, ""q"": 0.133, ""capture"": 0.812, ""miss_deg"": 0.64, ""labels"": [263]}, {""name"": ""白杯1"", ""share"": 0.21, ""q"": 0.049, ""capture"": 0.156, ""miss_deg"": 1.93, ""labels"": [266]}, {""name"": ""白杯2"", ""share"": 0.049, ""q"": 0.011, ""capture"": 0.042, ""miss_deg"": 2.51, ""labels"": [267]}]"
2026_08_20/001,c2,v9,,ours,72.88,74.29,1.41,3.322,球R,263,0.368,0.104,0.634,0.401,0.774,0.718,物品台,,0,0,,,,3,"[{""name"": ""球R"", ""share"": 0.368, ""q"": 0.104, ""capture"": 0.634, ""miss_deg"": 0.95, ""labels"": [263]}, {""name"": ""白杯1"", ""share"": 0.285, ""q"": 0.08, ""capture"": 0.254, ""miss_deg"": 1.66, ""labels"": [266]}, {""name"": ""球M"", ""share"": 0.08, ""q"": 0.023, ""capture"": 0.154, ""miss_deg"": 1.93, ""labels"": [261]}]"
2026_08_20/001,c2,v9,,ours,75.39,75.76,0.38,3.312,球R,263,0.54,0.082,0.503,0.199,0.381,0.847,物品台,,1,1,,,,3,"[{""name"": ""球R"", ""share"": 0.54, ""q"": 0.082, ""capture"": 0.503, ""miss_deg"": 1.17, ""labels"": [263]}, {""name"": ""白杯1"", ""share"": 0.206, ""q"": 0.031, ""capture"": 0.1, ""miss_deg"": 2.15, ""labels"": [266]}, {""name"": ""球M"", ""share"": 0.048, ""q"": 0.007, ""capture"": 0.051, ""miss_deg"": 2.44, ""labels"": [261]}]"
2026_08_20/001,c2,v9,,ours,75.87,76.19,0.32,3.327,球R,263,0.437,0.147,0.9,0.339,0.654,0.663,物品台,,1,0,,,,3,"[{""name"": ""球R"", ""share"": 0.437, ""q"": 0.147, ""capture"": 0.9, ""miss_deg"": 0.46, ""labels"": [263]}, {""name"": ""白杯1"", ""share"": 0.286, ""q"": 0.096, ""capture"": 0.305, ""miss_deg"": 1.54, ""labels"": [266]}, {""name"": ""球M"", ""share"": 0.02, ""q"": 0.007, ""capture"": 0.047, ""miss_deg"": 2.48, ""labels"": [261]}]"
2026_08_20/001,c2,v9,,ours,76.25,76.52,0.27,3.336,球M,261,0.337,0.08,0.551,0.327,0.368,0.762,物品台,,0,0,,,,3,"[{""name"": ""球M"", ""share"": 0.337, ""q"": 0.08, ""capture"": 0.551, ""miss_deg"": 1.09, ""labels"": [261]}, {""name"": ""球R"", ""share"": 0.124, ""q"": 0.029, ""capture"": 0.18, ""miss_deg"": 1.85, ""labels"": [263]}, {""name"": ""白杯1"", ""share"": 0.173, ""q"": 0.041, ""capture"": 0.131, ""miss_deg"": 2.02, ""labels"": [266]}]"
2026_08_20/001,c2,v9,,ours,76.57,77.0,0.43,3.31,球R,263,0.553,0.111,0.676,0.191,0.369,0.8,物品台,,1,1,,,,3,"[{""name"": ""球R"", ""share"": 0.553, ""q"": 0.111, ""capture"": 0.676, ""miss_deg"": 0.88, ""labels"": [263]}, {""name"": ""白杯1"", ""share"": 0.204, ""q"": 0.041, ""capture"": 0.129, ""miss_deg"": 2.02, ""labels"": [266]}, {""name"": ""球M"", ""share"": 0.018, ""q"": 0.004, ""capture"": 0.025, ""miss_deg"": 2.71, ""labels"": [261]}]"
2026_08_20/001,c2,v9,,ours,77.06,77.36,0.3,3.313,球M,261,0.743,0.062,0.425,0.038,0.042,0.916,物品台,,1,1,,,,3,"[{""name"": ""球M"", ""share"": 0.743, ""q"": 0.062, ""capture"": 0.425, ""miss_deg"": 1.31, ""labels"": [261]}, {""name"": ""球R"", ""share"": 0.031, ""q"": 0.003, ""capture"": 0.016, ""miss_deg"": 2.88, ""labels"": [263]}, {""name"": ""白杯1"", ""share"": 0.053, ""q"": 0.004, ""capture"": 0.014, ""miss_deg"": 2.92, ""labels"": [266]}]"
2026_08_20/001,c2,v9,,ours,77.65,78.73,1.08,3.306,球R,263,0.529,0.123,0.755,0.205,0.397,0.767,物品台,,1,1,,,,3,"[{""name"": ""球R"", ""share"": 0.529, ""q"": 0.123, ""capture"": 0.755, ""miss_deg"": 0.75, ""labels"": [263]}, {""name"": ""白杯1"", ""share"": 0.21, ""q"": 0.049, ""capture"": 0.155, ""miss_deg"": 1.93, ""labels"": [266]}, {""name"": ""水瓶"", ""share"": 0.112, ""q"": 0.026, ""capture"": 0.036, ""miss_deg"": 2.58, ""labels"": [30]}]"
2026_08_20/001,c2,v9,,ours,79.4,79.77,0.38,3.296,球L,259,0.673,0.004,0.025,0.2,0.36,0.994,物品台,,0,0,,,,3,"[{""name"": ""球L"", ""share"": 0.673, ""q"": 0.004, ""capture"": 0.025, ""miss_deg"": 2.71, ""labels"": [259]}, {""name"": ""苹果粉"", ""share"": 0.242, ""q"": 0.001, ""capture"": 0.005, ""miss_deg"": 3.26, ""labels"": [64]}, {""name"": ""水瓶"", ""share"": 0.085, ""q"": 0.001, ""capture"": 0.001, ""miss_deg"": 3.81, ""labels"": [30]}]"
2026_08_20/001,c2,v9,,ours,80.05,82.0,1.95,3.303,苹果粉,64,0.829,0.089,0.297,0.293,0.16,0.892,物品台,,1,1,9,苹果粉,1,3,"[{""name"": ""苹果粉"", ""share"": 0.829, ""q"": 0.089, ""capture"": 0.297, ""miss_deg"": 1.56, ""labels"": [64]}, {""name"": ""球L"", ""share"": 0.133, ""q"": 0.014, ""capture"": 0.087, ""miss_deg"": 2.21, ""labels"": [259]}, {""name"": ""水瓶"", ""share"": 0.034, ""q"": 0.004, ""capture"": 0.005, ""miss_deg"": 3.25, ""labels"": [30]}]"
2026_08_20/001,c2,v9,,ours,82.05,82.48,0.43,3.292,球L,259,0.575,0.17,1.039,0.25,0.341,0.704,物品台,,1,1,,,,3,"[{""name"": ""球L"", ""share"": 0.575, ""q"": 0.17, ""capture"": 1.039, ""miss_deg"": 0.0, ""labels"": [259]}, {""name"": ""苹果红"", ""share"": 0.196, ""q"": 0.058, ""capture"": 0.26, ""miss_deg"": 1.64, ""labels"": [260]}, {""name"": ""苹果粉"", ""share"": 0.116, ""q"": 0.034, ""capture"": 0.114, ""miss_deg"": 2.09, ""labels"": [64, 250]}]"
2026_08_20/001,c2,v9,,ours,82.59,82.86,0.27,3.296,苹果粉,64,0.674,0.168,0.557,0.7,0.381,0.751,物品台,,1,1,,,,3,"[{""name"": ""苹果粉"", ""share"": 0.674, ""q"": 0.168, ""capture"": 0.557, ""miss_deg"": 1.08, ""labels"": [64, 250]}, {""name"": ""球L"", ""share"": 0.257, ""q"": 0.064, ""capture"": 0.39, ""miss_deg"": 1.37, ""labels"": [259]}, {""name"": ""苹果红"", ""share"": 0.029, ""q"": 0.007, ""capture"": 0.032, ""miss_deg"": 2.62, ""labels"": [260]}]"
2026_08_20/001,c2,v9,,ours,82.91,83.18,0.27,3.316,球R,263,0.343,0.141,0.859,0.492,0.948,0.59,物品台,,0,0,,,,3,"[{""name"": ""球R"", ""share"": 0.343, ""q"": 0.141, ""capture"": 0.859, ""miss_deg"": 0.55, ""labels"": [263]}, {""name"": ""白杯1"", ""share"": 0.325, ""q"": 0.133, ""capture"": 0.423, ""miss_deg"": 1.31, ""labels"": [266]}, {""name"": ""球M"", ""share"": 0.051, ""q"": 0.021, ""capture"": 0.144, ""miss_deg"": 1.97, ""labels"": [261]}]"
2026_08_20/001,c2,v9,,ours,83.24,83.78,0.54,3.274,球L,259,0.413,0.176,1.078,0.535,0.983,0.573,物品台,,0,0,,,,3,"[{""name"": ""球L"", ""share"": 0.413, ""q"": 0.176, ""capture"": 1.078, ""miss_deg"": 0.0, ""labels"": [259]}, {""name"": ""苹果粉"", ""share"": 0.406, ""q"": 0.174, ""capture"": 0.577, ""miss_deg"": 1.05, ""labels"": [64, 250]}, {""name"": ""苹果红"", ""share"": 0.134, ""q"": 0.057, ""capture"": 0.257, ""miss_deg"": 1.65, ""labels"": [260]}]"
2026_08_20/001,c2,v9,,ours,83.83,84.1,0.27,3.274,苹果粉,64,0.64,0.12,0.397,0.859,0.467,0.813,物品台,,1,1,,,,3,"[{""name"": ""苹果粉"", ""share"": 0.64, ""q"": 0.12, ""capture"": 0.397, ""miss_deg"": 1.36, ""labels"": [64, 250]}, {""name"": ""球L"", ""share"": 0.299, ""q"": 0.056, ""capture"": 0.341, ""miss_deg"": 1.47, ""labels"": [259]}, {""name"": ""苹果红"", ""share"": 0.023, ""q"": 0.004, ""capture"": 0.019, ""miss_deg"": 2.81, ""labels"": [260]}]"
2026_08_20/001,c2,v9,,ours,84.54,84.92,0.38,3.277,球L,259,0.597,0.17,1.039,0.226,0.308,0.715,物品台,,1,1,,,,3,"[{""name"": ""球L"", ""share"": 0.597, ""q"": 0.17, ""capture"": 1.039, ""miss_deg"": 0.0, ""labels"": [259]}, {""name"": ""苹果红"", ""share"": 0.184, ""q"": 0.052, ""capture"": 0.235, ""miss_deg"": 1.7, ""labels"": [260]}, {""name"": ""苹果粉"", ""share"": 0.159, ""q"": 0.045, ""capture"": 0.151, ""miss_deg"": 1.95, ""labels"": [64, 250]}]"
2026_08_20/001,c2,v9,,ours,84.97,85.29,0.32,3.286,球L,259,0.411,0.11,0.673,0.636,1.168,0.732,物品台,,0,0,10,球R,0,3,"[{""name"": ""球L"", ""share"": 0.411, ""q"": 0.11, ""capture"": 0.673, ""miss_deg"": 0.89, ""labels"": [259]}, {""name"": ""苹果粉"", ""share"": 0.48, ""q"": 0.129, ""capture"": 0.428, ""miss_deg"": 1.3, ""labels"": [64, 250]}, {""name"": ""苹果红"", ""share"": 0.082, ""q"": 0.022, ""capture"": 0.099, ""miss_deg"": 2.15, ""labels"": [260]}]"
2026_08_20/001,c2,v9,,ours,85.35,85.62,0.27,3.276,球R,263,0.471,0.202,1.234,0.281,0.541,0.571,物品台,,1,0,10,球R,1,3,"[{""name"": ""球R"", ""share"": 0.471, ""q"": 0.202, ""capture"": 1.234, ""miss_deg"": 0.0, ""labels"": [263]}, {""name"": ""白杯1"", ""share"": 0.255, ""q"": 0.109, ""capture"": 0.347, ""miss_deg"": 1.46, ""labels"": [266]}, {""name"": ""白杯2"", ""share"": 0.085, ""q"": 0.036, ""capture"": 0.128, ""miss_deg"": 2.03, ""labels"": [267]}]"
2026_08_20/001,c2,v9,,ours,86.28,87.85,1.57,3.218,球R,263,0.542,0.179,1.093,0.161,0.317,0.67,物品台,,1,1,10,球R,1,3,"[{""name"": ""球R"", ""share"": 0.542, ""q"": 0.179, ""capture"": 1.093, ""miss_deg"": 0.0, ""labels"": [263]}, {""name"": ""白杯1"", ""share"": 0.172, ""q"": 0.057, ""capture"": 0.176, ""miss_deg"": 1.86, ""labels"": [266]}, {""name"": ""白杯2"", ""share"": 0.13, ""q"": 0.043, ""capture"": 0.142, ""miss_deg"": 1.97, ""labels"": [267]}]"
2026_08_20/001,c2,v9,,ours,87.9,88.17,0.27,3.243,球M,261,0.475,0.133,0.813,0.133,0.257,0.72,物品台,,1,0,,,,3,"[{""name"": ""球M"", ""share"": 0.475, ""q"": 0.133, ""capture"": 0.813, ""miss_deg"": 0.64, ""labels"": [261]}, {""name"": ""白杯1"", ""share"": 0.122, ""q"": 0.034, ""capture"": 0.108, ""miss_deg"": 2.11, ""labels"": [266]}, {""name"": ""水瓶"", ""share"": 0.189, ""q"": 0.053, ""capture"": 0.071, ""miss_deg"": 2.3, ""labels"": [30]}]"
2026_08_20/001,c2,v9,,ours,88.23,89.47,1.25,3.257,球R,263,0.549,0.17,1.042,0.198,0.381,0.69,物品台,,1,1,,,,3,"[{""name"": ""球R"", ""share"": 0.549, ""q"": 0.17, ""capture"": 1.042, ""miss_deg"": 0.0, ""labels"": [263]}, {""name"": ""白杯1"", ""share"": 0.209, ""q"": 0.065, ""capture"": 0.206, ""miss_deg"": 1.78, ""labels"": [266]}, {""name"": ""白杯2"", ""share"": 0.075, ""q"": 0.023, ""capture"": 0.082, ""miss_deg"": 2.24, ""labels"": [267]}]"
2026_08_20/001,c2,v9,,ours,89.64,89.96,0.32,3.256,球M,261,0.632,0.099,0.602,0.068,0.31,0.844,物品台,,1,1,,,,3,"[{""name"": ""球M"", ""share"": 0.632, ""q"": 0.099, ""capture"": 0.602, ""miss_deg"": 1.01, ""labels"": [261]}, {""name"": ""水瓶"", ""share"": 0.196, ""q"": 0.031, ""capture"": 0.041, ""miss_deg"": 2.53, ""labels"": [30]}, {""name"": ""白杯1"", ""share"": 0.056, ""q"": 0.009, ""capture"": 0.028, ""miss_deg"": 2.68, ""labels"": [266]}]"
2026_08_20/001,c2,v9,,ours,90.12,90.39,0.27,3.331,球R,263,0.464,0.006,0.038,0.816,0.744,0.987,object#106,,0,0,11,球M,0,3,"[{""name"": ""球R"", ""share"": 0.464, ""q"": 0.006, ""capture"": 0.038, ""miss_deg"": 2.56, ""labels"": [263]}, {""name"": ""球M"", ""share"": 0.345, ""q"": 0.005, ""capture"": 0.031, ""miss_deg"": 2.63, ""labels"": [261]}, {""name"": ""水瓶"", ""share"": 0.192, ""q"": 0.003, ""capture"": 0.004, ""miss_deg"": 3.35, ""labels"": [30]}]"
2026_08_20/001,c2,v9,,ours,90.5,91.04,0.54,3.261,球M,261,0.647,0.053,0.322,0.165,0.165,0.919,物品台,,1,1,11,球M,1,3,"[{""name"": ""球M"", ""share"": 0.647, ""q"": 0.053, ""capture"": 0.322, ""miss_deg"": 1.51, ""labels"": [261]}, {""name"": ""球L"", ""share"": 0.107, ""q"": 0.009, ""capture"": 0.053, ""miss_deg"": 2.42, ""labels"": [259]}, {""name"": ""水瓶"", ""share"": 0.23, ""q"": 0.019, ""capture"": 0.025, ""miss_deg"": 2.71, ""labels"": [30]}]"
2026_08_20/001,c2,v9,,ours,92.23,92.66,0.43,3.274,球M,261,0.545,0.102,0.624,0.095,0.182,0.813,物品台,,1,1,11,球M,1,3,"[{""name"": ""球M"", ""share"": 0.545, ""q"": 0.102, ""capture"": 0.624, ""miss_deg"": 0.97, ""labels"": [261]}, {""name"": ""白杯1"", ""share"": 0.099, ""q"": 0.019, ""capture"": 0.059, ""miss_deg"": 2.38, ""labels"": [266]}, {""name"": ""球R"", ""share"": 0.044, ""q"": 0.008, ""capture"": 0.05, ""miss_deg"": 2.44, ""labels"": [263]}]"
2026_08_20/001,c2,v9,,ours,93.36,94.89,1.53,3.212,球M,261,0.64,0.137,0.839,0.075,0.344,0.785,物品台,,1,1,11,球M,1,3,"[{""name"": ""球M"", ""share"": 0.64, ""q"": 0.137, ""capture"": 0.839, ""miss_deg"": 0.59, ""labels"": [261]}, {""name"": ""水瓶"", ""share"": 0.22, ""q"": 0.047, ""capture"": 0.063, ""miss_deg"": 2.35, ""labels"": [30]}, {""name"": ""苹果红"", ""share"": 0.034, ""q"": 0.007, ""capture"": 0.032, ""miss_deg"": 2.62, ""labels"": [260]}]"
2026_08_20/001,c2,v9,,ours,95.34,96.05,0.7,3.239,球M,261,0.608,0.125,0.765,0.089,0.405,0.794,物品台,,1,1,11,球M,1,3,"[{""name"": ""球M"", ""share"": 0.608, ""q"": 0.125, ""capture"": 0.765, ""miss_deg"": 0.73, ""labels"": [261]}, {""name"": ""水瓶"", ""share"": 0.246, ""q"": 0.051, ""capture"": 0.068, ""miss_deg"": 2.32, ""labels"": [30]}, {""name"": ""球L"", ""share"": 0.035, ""q"": 0.007, ""capture"": 0.044, ""miss_deg"": 2.5, ""labels"": [259]}]"
2026_08_20/001,c2,v9,,ours,96.1,96.48,0.38,3.245,球M,261,0.392,0.082,0.499,0.603,0.605,0.792,物品台,,1,0,11,球M,1,3,"[{""name"": ""球M"", ""share"": 0.392, ""q"": 0.082, ""capture"": 0.499, ""miss_deg"": 1.18, ""labels"": [261]}, {""name"": ""球L"", ""share"": 0.237, ""q"": 0.049, ""capture"": 0.301, ""miss_deg"": 1.55, ""labels"": [259]}, {""name"": ""苹果红"", ""share"": 0.101, ""q"": 0.021, ""capture"": 0.095, ""miss_deg"": 2.17, ""labels"": [260]}]"
2026_08_20/001,c2,v9,,ours,96.54,96.81,0.27,3.226,球M,261,0.575,0.12,0.732,0.16,0.16,0.791,物品台,,1,1,11,球M,1,3,"[{""name"": ""球M"", ""share"": 0.575, ""q"": 0.12, ""capture"": 0.732, ""miss_deg"": 0.79, ""labels"": [261]}, {""name"": ""球L"", ""share"": 0.092, ""q"": 0.019, ""capture"": 0.117, ""miss_deg"": 2.07, ""labels"": [259]}, {""name"": ""水瓶"", ""share"": 0.219, ""q"": 0.046, ""capture"": 0.061, ""miss_deg"": 2.36, ""labels"": [30]}]"
2026_08_20/001,c2,v9,,ours,96.86,97.35,0.49,3.209,球L,259,0.778,0.082,0.504,0.06,0.082,0.894,物品台,,1,1,,,,3,"[{""name"": ""球L"", ""share"": 0.778, ""q"": 0.082, ""capture"": 0.504, ""miss_deg"": 1.17, ""labels"": [259]}, {""name"": ""苹果红"", ""share"": 0.064, ""q"": 0.007, ""capture"": 0.03, ""miss_deg"": 2.64, ""labels"": [260]}, {""name"": ""球M"", ""share"": 0.03, ""q"": 0.003, ""capture"": 0.019, ""miss_deg"": 2.81, ""labels"": [261]}]"
2026_08_20/001,c2,v9,,ours,97.46,97.79,0.32,3.244,球M,261,0.533,0.033,0.204,0.51,0.507,0.937,物品台,,1,1,,,,3,"[{""name"": ""球M"", ""share"": 0.533, ""q"": 0.033, ""capture"": 0.204, ""miss_deg"": 1.78, ""labels"": [261]}, {""name"": ""球L"", ""share"": 0.27, ""q"": 0.017, ""capture"": 0.104, ""miss_deg"": 2.13, ""labels"": [259]}, {""name"": ""水瓶"", ""share"": 0.169, ""q"": 0.011, ""capture"": 0.014, ""miss_deg"": 2.91, ""labels"": [30]}]"
2026_08_20/001,c2,v9,,ours,99.07,99.4,0.32,3.255,球M,261,0.334,0.086,0.525,0.394,0.395,0.743,物品台,,0,0,,,,3,"[{""name"": ""球M"", ""share"": 0.334, ""q"": 0.086, ""capture"": 0.525, ""miss_deg"": 1.14, ""labels"": [261]}, {""name"": ""球R"", ""share"": 0.132, ""q"": 0.034, ""capture"": 0.207, ""miss_deg"": 1.78, ""labels"": [263]}, {""name"": ""白杯1"", ""share"": 0.215, ""q"": 0.055, ""capture"": 0.175, ""miss_deg"": 1.87, ""labels"": [266]}]"
2026_08_20/001,c2,v9,,ours,100.1,102.38,2.27,3.249,白杯2,267,0.484,0.233,0.817,0.864,0.496,0.517,物品台,,1,0,12,白杯2,1,3,"[{""name"": ""白杯2"", ""share"": 0.484, ""q"": 0.233, ""capture"": 0.817, ""miss_deg"": 0.64, ""labels"": [267]}, {""name"": ""球R"", ""share"": 0.24, ""q"": 0.116, ""capture"": 0.706, ""miss_deg"": 0.83, ""labels"": [263]}, {""name"": ""红杯"", ""share"": 0.203, ""q"": 0.098, ""capture"": 0.195, ""miss_deg"": 1.81, ""labels"": [49]}]"
2026_08_20/001,c2,v9,,ours,102.49,104.16,1.68,3.266,白杯2,267,0.507,0.188,0.658,0.965,0.552,0.629,物品台,,1,1,12,白杯2,1,3,"[{""name"": ""白杯2"", ""share"": 0.507, ""q"": 0.188, ""capture"": 0.658, ""miss_deg"": 0.92, ""labels"": [267]}, {""name"": ""球R"", ""share"": 0.28, ""q"": 0.104, ""capture"": 0.635, ""miss_deg"": 0.95, ""labels"": [263]}, {""name"": ""红杯"", ""share"": 0.136, ""q"": 0.05, ""capture"": 0.103, ""miss_deg"": 2.13, ""labels"": [49]}]"
2026_08_20/001,c2,v9,,ours,104.33,104.98,0.65,3.267,白杯2,267,0.539,0.163,0.572,0.86,0.494,0.697,物品台,,1,1,12,白杯2,1,3,"[{""name"": ""白杯2"", ""share"": 0.539, ""q"": 0.163, ""capture"": 0.572, ""miss_deg"": 1.06, ""labels"": [267]}, {""name"": ""球R"", ""share"": 0.266, ""q"": 0.08, ""capture"": 0.492, ""miss_deg"": 1.19, ""labels"": [263]}, {""name"": ""红杯"", ""share"": 0.1, ""q"": 0.03, ""capture"": 0.062, ""miss_deg"": 2.36, ""labels"": [49]}]"
2026_08_20/001,c2,v9,,ours,105.03,105.36,0.32,3.247,球M,261,0.29,0.115,0.704,0.396,0.766,0.603,物品台,,0,0,,,,3,"[{""name"": ""球M"", ""share"": 0.29, ""q"": 0.115, ""capture"": 0.704, ""miss_deg"": 0.84, ""labels"": [261]}, {""name"": ""白杯1"", ""share"": 0.222, ""q"": 0.088, ""capture"": 0.279, ""miss_deg"": 1.6, ""labels"": [266]}, {""name"": ""球R"", ""share"": 0.087, ""q"": 0.035, ""capture"": 0.211, ""miss_deg"": 1.76, ""labels"": [263]}]"
2026_08_20/001,c2,v9,,ours,105.41,105.68,0.27,3.209,球R,263,0.442,0.221,1.352,0.227,0.416,0.5,物品台,,1,0,,,,3,"[{""name"": ""球R"", ""share"": 0.442, ""q"": 0.221, ""capture"": 1.352, ""miss_deg"": 0.0, ""labels"": [263]}, {""name"": ""白杯2"", ""share"": 0.184, ""q"": 0.092, ""capture"": 0.307, ""miss_deg"": 1.54, ""labels"": [267]}, {""name"": ""白杯1"", ""share"": 0.173, ""q"": 0.086, ""capture"": 0.268, ""miss_deg"": 1.62, ""labels"": [266]}]"
2026_08_20/001,c2,v9,,ours,105.98,106.36,0.38,3.24,球M,261,0.393,0.137,0.836,0.276,0.277,0.652,物品台,,1,0,,,,3,"[{""name"": ""球M"", ""share"": 0.393, ""q"": 0.137, ""capture"": 0.836, ""miss_deg"": 0.6, ""labels"": [261]}, {""name"": ""球L"", ""share"": 0.109, ""q"": 0.038, ""capture"": 0.231, ""miss_deg"": 1.71, ""labels"": [259]}, {""name"": ""水瓶"", ""share"": 0.313, ""q"": 0.109, ""capture"": 0.147, ""miss_deg"": 1.96, ""labels"": [30]}]"
2026_08_20/001,c2,v9,,ours,106.41,108.01,1.6,3.228,球R,263,0.432,0.218,1.331,0.267,0.491,0.496,物品台,,1,0,,,,3,"[{""name"": ""球R"", ""share"": 0.432, ""q"": 0.218, ""capture"": 1.331, ""miss_deg"": 0.0, ""labels"": [263]}, {""name"": ""白杯2"", ""share"": 0.212, ""q"": 0.107, ""capture"": 0.356, ""miss_deg"": 1.44, ""labels"": [267]}, {""name"": ""白杯1"", ""share"": 0.164, ""q"": 0.083, ""capture"": 0.257, ""miss_deg"": 1.65, ""labels"": [266]}]"
2026_08_20/001,c2,v9,,ours,108.07,114.03,5.96,3.237,白杯2,267,0.541,0.183,0.609,0.921,0.501,0.661,物品台,,1,1,,,,3,"[{""name"": ""白杯2"", ""share"": 0.541, ""q"": 0.183, ""capture"": 0.609, ""miss_deg"": 1.0, ""labels"": [267]}, {""name"": ""球R"", ""share"": 0.271, ""q"": 0.092, ""capture"": 0.561, ""miss_deg"": 1.07, ""labels"": [263]}, {""name"": ""红杯"", ""share"": 0.107, ""q"": 0.036, ""capture"": 0.072, ""miss_deg"": 2.29, ""labels"": [49]}]"
2026_08_20/001,c2,v9,,ours,114.86,115.73,0.87,3.227,球L,259,0.459,0.128,0.78,0.337,0.338,0.722,物品台,,1,0,,,,3,"[{""name"": ""球L"", ""share"": 0.459, ""q"": 0.128, ""capture"": 0.78, ""miss_deg"": 0.71, ""labels"": [259]}, {""name"": ""球M"", ""share"": 0.155, ""q"": 0.043, ""capture"": 0.263, ""miss_deg"": 1.63, ""labels"": [261]}, {""name"": ""苹果红"", ""share"": 0.168, ""q"": 0.047, ""capture"": 0.209, ""miss_deg"": 1.77, ""labels"": [260]}]"
2026_08_20/001,c2,v9,,ours,115.78,116.16,0.38,3.227,苹果粉,64,0.612,0.157,0.522,0.923,0.503,0.743,物品台,,1,1,,,,3,"[{""name"": ""苹果粉"", ""share"": 0.612, ""q"": 0.157, ""capture"": 0.522, ""miss_deg"": 1.14, ""labels"": [64, 250]}, {""name"": ""球L"", ""share"": 0.308, ""q"": 0.079, ""capture"": 0.482, ""miss_deg"": 1.21, ""labels"": [259]}, {""name"": ""苹果红"", ""share"": 0.043, ""q"": 0.011, ""capture"": 0.049, ""miss_deg"": 2.45, ""labels"": [260]}]"
2026_08_20/001,c2,v9,,ours,116.4,116.78,0.38,3.232,球L,259,0.481,0.107,0.656,0.45,0.827,0.777,物品台,,1,0,14,球L,1,3,"[{""name"": ""球L"", ""share"": 0.481, ""q"": 0.107, ""capture"": 0.656, ""miss_deg"": 0.92, ""labels"": [259]}, {""name"": ""苹果粉"", ""share"": 0.398, ""q"": 0.089, ""capture"": 0.295, ""miss_deg"": 1.56, ""labels"": [64, 250]}, {""name"": ""苹果红"", ""share"": 0.074, ""q"": 0.017, ""capture"": 0.075, ""miss_deg"": 2.28, ""labels"": [260]}]"
2026_08_20/001,c2,v9,,ours,116.83,117.7,0.87,3.233,球L,259,0.348,0.164,1.001,0.556,0.759,0.529,物品台,,0,0,14,球L,1,3,"[{""name"": ""球L"", ""share"": 0.348, ""q"": 0.164, ""capture"": 1.001, ""miss_deg"": 0.0, ""labels"": [259]}, {""name"": ""苹果红"", ""share"": 0.264, ""q"": 0.124, ""capture"": 0.557, ""miss_deg"": 1.08, ""labels"": [260]}, {""name"": ""球M"", ""share"": 0.097, ""q"": 0.046, ""capture"": 0.279, ""miss_deg"": 1.6, ""labels"": [261]}]"
2026_08_20/001,c2,v9,,ours,118.25,119.17,0.92,3.211,球L,259,0.405,0.172,1.053,0.514,0.699,0.575,物品台,,1,0,14,球L,1,3,"[{""name"": ""球L"", ""share"": 0.405, ""q"": 0.172, ""capture"": 1.053, ""miss_deg"": 0.0, ""labels"": [259]}, {""name"": ""苹果红"", ""share"": 0.283, ""q"": 0.12, ""capture"": 0.541, ""miss_deg"": 1.11, ""labels"": [260]}, {""name"": ""球M"", ""share"": 0.083, ""q"": 0.035, ""capture"": 0.214, ""miss_deg"": 1.75, ""labels"": [261]}]"
2026_08_20/001,c2,v9,,ours,119.92,120.19,0.27,3.273,球L,259,0.549,0.113,0.691,0.269,0.27,0.794,物品台,,1,1,14,球L,1,3,"[{""name"": ""球L"", ""share"": 0.549, ""q"": 0.113, ""capture"": 0.691, ""miss_deg"": 0.86, ""labels"": [259]}, {""name"": ""球M"", ""share"": 0.148, ""q"": 0.03, ""capture"": 0.186, ""miss_deg"": 1.83, ""labels"": [261]}, {""name"": ""苹果红"", ""share"": 0.16, ""q"": 0.033, ""capture"": 0.148, ""miss_deg"": 1.96, ""labels"": [260]}]"
2026_08_20/001,c2,v9,,ours,120.46,120.73,0.27,3.292,球M,261,0.501,0.191,1.168,0.143,0.637,0.618,物品台,,1,1,,,,3,"[{""name"": ""球M"", ""share"": 0.501, ""q"": 0.191, ""capture"": 1.168, ""miss_deg"": 0.0, ""labels"": [261]}, {""name"": ""水瓶"", ""share"": 0.319, ""q"": 0.122, ""capture"": 0.167, ""miss_deg"": 1.89, ""labels"": [30]}, {""name"": ""苹果红"", ""share"": 0.037, ""q"": 0.014, ""capture"": 0.064, ""miss_deg"": 2.34, ""labels"": [260]}]"
2026_08_20/001,c2,v9,,ours,121.06,121.38,0.32,3.256,苹果粉,64,0.571,0.247,0.822,0.959,0.522,0.567,物品台,,1,1,,,,3,"[{""name"": ""苹果粉"", ""share"": 0.571, ""q"": 0.247, ""capture"": 0.822, ""miss_deg"": 0.63, ""labels"": [64, 250]}, {""name"": ""球L"", ""share"": 0.298, ""q"": 0.129, ""capture"": 0.788, ""miss_deg"": 0.69, ""labels"": [259]}, {""name"": ""苹果红"", ""share"": 0.084, ""q"": 0.037, ""capture"": 0.164, ""miss_deg"": 1.9, ""labels"": [260]}]"
2026_08_20/001,c2,v9,,ours,121.43,121.92,0.49,3.27,球L,259,0.437,0.214,1.309,0.486,0.661,0.51,物品台,,1,0,,,,3,"[{""name"": ""球L"", ""share"": 0.437, ""q"": 0.214, ""capture"": 1.309, ""miss_deg"": 0.0, ""labels"": [259]}, {""name"": ""苹果红"", ""share"": 0.289, ""q"": 0.142, ""capture"": 0.636, ""miss_deg"": 0.95, ""labels"": [260]}, {""name"": ""苹果粉"", ""share"": 0.077, ""q"": 0.038, ""capture"": 0.126, ""miss_deg"": 2.04, ""labels"": [64, 250]}]"
2026_08_20/001,c2,v9,,ours,121.98,123.01,1.04,3.244,苹果红,260,0.331,0.189,0.847,0.77,0.565,0.43,物品台,,0,0,15,苹果红,1,3,"[{""name"": ""苹果红"", ""share"": 0.331, ""q"": 0.189, ""capture"": 0.847, ""miss_deg"": 0.58, ""labels"": [260]}, {""name"": ""球L"", ""share"": 0.187, ""q"": 0.107, ""capture"": 0.652, ""miss_deg"": 0.92, ""labels"": [259]}, {""name"": ""球M"", ""share"": 0.073, ""q"": 0.042, ""capture"": 0.255, ""miss_deg"": 1.65, ""labels"": [261]}]"
2026_08_20/001,c2,v9,,ours,123.07,125.78,2.71,3.247,球L,259,0.377,0.206,1.261,0.649,0.886,0.453,物品台,,0,0,,,,3,"[{""name"": ""球L"", ""share"": 0.377, ""q"": 0.206, ""capture"": 1.261, ""miss_deg"": 0.0, ""labels"": [259]}, {""name"": ""苹果红"", ""share"": 0.334, ""q"": 0.183, ""capture"": 0.819, ""miss_deg"": 0.63, ""labels"": [260]}, {""name"": ""苹果粉"", ""share"": 0.146, ""q"": 0.08, ""capture"": 0.265, ""miss_deg"": 1.63, ""labels"": [64, 250]}]"
2026_08_20/001,c2,v9,,ours,125.83,126.86,1.03,3.254,球L,259,0.294,0.166,1.012,0.789,1.075,0.438,物品台,,0,0,,,,3,"[{""name"": ""球L"", ""share"": 0.294, ""q"": 0.166, ""capture"": 1.012, ""miss_deg"": 0.0, ""labels"": [259]}, {""name"": ""苹果红"", ""share"": 0.316, ""q"": 0.178, ""capture"": 0.798, ""miss_deg"": 0.67, ""labels"": [260]}, {""name"": ""球M"", ""share"": 0.072, ""q"": 0.04, ""capture"": 0.247, ""miss_deg"": 1.67, ""labels"": [261]}]"
2026_08_20/001,c2,v9,,ours,127.18,127.45,0.27,3.24,球L,259,0.43,0.219,1.339,0.503,0.686,0.491,物品台,,1,0,,,,3,"[{""name"": ""球L"", ""share"": 0.43, ""q"": 0.219, ""capture"": 1.339, ""miss_deg"": 0.0, ""labels"": [259]}, {""name"": ""苹果红"", ""share"": 0.295, ""q"": 0.15, ""capture"": 0.673, ""miss_deg"": 0.89, ""labels"": [260]}, {""name"": ""苹果粉"", ""share"": 0.148, ""q"": 0.075, ""capture"": 0.251, ""miss_deg"": 1.66, ""labels"": [64, 250]}]"
2026_08_20/001,c2,v9,,ours,128.3,128.57,0.27,3.701,,-1,0.0,0.0,,,,1.0,object#17,,0,0,,,,0,[]
2026_08_20/001,c2,v9,,ours,129.49,129.76,0.27,2.412,,-1,0.0,0.0,,,,1.0,floor,,0,0,,,,0,[]
2026_08_20/001,c2,v9,,ours,130.99,131.31,0.32,1.978,,-1,0.0,0.0,,,,1.0,object#14,,0,0,,,,0,[]
2026_08_20/001,c2,v9,,ours,132.14,133.06,0.92,0.888,,-1,0.0,0.0,,,,1.0,object#34,,0,0,,,,0,[]
2026_08_20/001,c2,v9,,ours,133.6,133.98,0.38,0.751,,-1,0.0,0.0,,,,1.0,object#14,,0,0,,,,0,[]
2026_08_20/001,c2,v9,,ours,134.04,134.74,0.7,0.707,,-1,0.0,0.0,,,,1.0,object#88,,0,0,,,,0,[]
2026_08_20/002,c4,v9,beyond_occ,ours,8.84,9.44,0.6,4.11,球M,261,0.314,0.071,0.784,0.846,1.022,0.773,物品台,,0,0,,,,3,"[{""name"": ""球M"", ""share"": 0.314, ""q"": 0.071, ""capture"": 0.784, ""miss_deg"": 0.7, ""labels"": [261]}, {""name"": ""球R"", ""share"": 0.321, ""q"": 0.073, ""capture"": 0.663, ""miss_deg"": 0.91, ""labels"": [263]}, {""name"": ""球L"", ""share"": 0.126, ""q"": 0.029, ""capture"": 0.26, ""miss_deg"": 1.64, ""labels"": [259]}]"
2026_08_20/002,c4,v9,beyond_occ,ours,9.71,9.98,0.27,3.306,,-1,0.0,0.0,,,,1.0,floor,,0,0,,,,0,[]
2026_08_20/002,c4,v9,beyond_occ,ours,10.36,11.06,0.7,2.929,,-1,0.0,0.0,,,,1.0,floor,,0,0,,,,0,[]
2026_08_20/002,c4,v9,beyond_occ,ours,11.17,11.77,0.6,3.253,,-1,0.0,0.0,,,,1.0,floor,,0,0,,,,0,[]
2026_08_20/002,c4,v9,beyond_occ,ours,11.88,12.15,0.27,2.996,,-1,0.0,0.0,,,,1.0,floor,,0,0,,,,0,[]
2026_08_20/002,c4,v9,beyond_occ,ours,12.88,15.05,2.17,4.182,球M,261,0.295,0.09,0.994,0.726,0.878,0.694,物品台,,0,0,4,球M,1,3,"[{""name"": ""球M"", ""share"": 0.295, ""q"": 0.09, ""capture"": 0.994, ""miss_deg"": 0.11, ""labels"": [261]}, {""name"": ""球L"", ""share"": 0.259, ""q"": 0.079, ""capture"": 0.722, ""miss_deg"": 0.81, ""labels"": [259]}, {""name"": ""球R"", ""share"": 0.166, ""q"": 0.051, ""capture"": 0.463, ""miss_deg"": 1.24, ""labels"": [263]}]"
2026_08_20/002,c4,v9,beyond_occ,ours,15.1,15.53,0.43,4.121,球L,259,0.853,0.005,0.046,0.065,0.138,0.994,object#35,,0,0,6,球L,1,3,"[{""name"": ""球L"", ""share"": 0.853, ""q"": 0.005, ""capture"": 0.046, ""miss_deg"": 2.48, ""labels"": [259]}, {""name"": ""苹果粉"", ""share"": 0.118, ""q"": 0.001, ""capture"": 0.003, ""miss_deg"": 3.38, ""labels"": [64]}, {""name"": ""水瓶"", ""share"": 0.029, ""q"": 0.0, ""capture"": 0.0, ""miss_deg"": 4.02, ""labels"": [30]}]"
2026_08_20/002,c4,v9,beyond_occ,ours,15.59,17.0,1.41,4.185,球L,259,0.736,0.019,0.173,0.329,0.273,0.974,object#35,,0,0,6,球L,1,3,"[{""name"": ""球L"", ""share"": 0.736, ""q"": 0.019, ""capture"": 0.173, ""miss_deg"": 1.87, ""labels"": [259]}, {""name"": ""球M"", ""share"": 0.201, ""q"": 0.005, ""capture"": 0.057, ""miss_deg"": 2.39, ""labels"": [261]}, {""name"": ""苹果红"", ""share"": 0.045, ""q"": 0.001, ""capture"": 0.008, ""miss_deg"": 3.11, ""labels"": [260]}]"
2026_08_20/002,c4,v9,beyond_occ,ours,17.05,17.76,0.7,4.202,球L,259,0.664,0.033,0.304,0.204,0.169,0.95,object#35,,1,1,6,球L,1,3,"[{""name"": ""球L"", ""share"": 0.664, ""q"": 0.033, ""capture"": 0.304, ""miss_deg"": 1.54, ""labels"": [259]}, {""name"": ""球M"", ""share"": 0.112, ""q"": 0.006, ""capture"": 0.062, ""miss_deg"": 2.36, ""labels"": [261]}, {""name"": ""苹果红"", ""share"": 0.117, ""q"": 0.006, ""capture"": 0.04, ""miss_deg"": 2.53, ""labels"": [260]}]"
2026_08_20/002,c4,v9,beyond_occ,ours,17.88,18.86,0.97,4.216,球L,259,0.476,0.018,0.166,0.349,0.607,0.962,object#35,,0,0,6,球L,1,3,"[{""name"": ""球L"", ""share"": 0.476, ""q"": 0.018, ""capture"": 0.166, ""miss_deg"": 1.9, ""labels"": [259]}, {""name"": ""苹果粉"", ""share"": 0.289, ""q"": 0.011, ""capture"": 0.058, ""miss_deg"": 2.38, ""labels"": [64]}, {""name"": ""苹果红"", ""share"": 0.137, ""q"": 0.005, ""capture"": 0.038, ""miss_deg"": 2.56, ""labels"": [260]}]"
2026_08_20/002,c4,v9,beyond_occ,ours,18.91,22.75,3.85,4.233,球L,259,0.511,0.063,0.693,0.452,0.452,0.877,object#35,,1,1,6,球L,1,3,"[{""name"": ""球L"", ""share"": 0.511, ""q"": 0.063, ""capture"": 0.693, ""miss_deg"": 0.86, ""labels"": [259]}, {""name"": ""球M"", ""share"": 0.231, ""q"": 0.028, ""capture"": 0.313, ""miss_deg"": 1.52, ""labels"": [261]}, {""name"": ""苹果红"", ""share"": 0.1, ""q"": 0.012, ""capture"": 0.09, ""miss_deg"": 2.2, ""labels"": [260]}]"
2026_08_20/002,c4,v9,beyond_occ,ours,22.81,23.08,0.27,4.259,球M,261,0.389,0.023,0.251,0.952,0.954,0.941,物品台,,0,0,,,,3,"[{""name"": ""球M"", ""share"": 0.389, ""q"": 0.023, ""capture"": 0.251, ""miss_deg"": 1.66, ""labels"": [261]}, {""name"": ""球R"", ""share"": 0.371, ""q"": 0.022, ""capture"": 0.239, ""miss_deg"": 1.69, ""labels"": [263]}, {""name"": ""球L"", ""share"": 0.114, ""q"": 0.007, ""capture"": 0.074, ""miss_deg"": 2.28, ""labels"": [259]}]"
2026_08_20/002,c4,v9,beyond_occ,ours,23.13,23.78,0.65,4.231,球L,259,0.837,0.013,0.145,0.062,0.059,0.984,object#35,,0,0,,,,3,"[{""name"": ""球L"", ""share"": 0.837, ""q"": 0.013, ""capture"": 0.145, ""miss_deg"": 1.96, ""labels"": [259]}, {""name"": ""球M"", ""share"": 0.049, ""q"": 0.001, ""capture"": 0.009, ""miss_deg"": 3.09, ""labels"": [261]}, {""name"": ""苹果红"", ""share"": 0.032, ""q"": 0.001, ""capture"": 0.004, ""miss_deg"": 3.34, ""labels"": [260]}]"
2026_08_20/002,c4,v9,beyond_occ,ours,24.01,24.66,0.65,4.252,球M,261,0.34,0.044,0.486,0.905,0.906,0.87,物品台,,0,0,,,,3,"[{""name"": ""球M"", ""share"": 0.34, ""q"": 0.044, ""capture"": 0.486, ""miss_deg"": 1.2, ""labels"": [261]}, {""name"": ""球L"", ""share"": 0.308, ""q"": 0.04, ""capture"": 0.44, ""miss_deg"": 1.28, ""labels"": [259]}, {""name"": ""球R"", ""share"": 0.213, ""q"": 0.028, ""capture"": 0.305, ""miss_deg"": 1.54, ""labels"": [263]}]"
2026_08_20/002,c4,v9,beyond_occ,ours,24.93,28.4,3.47,4.256,球L,259,0.303,0.106,1.161,0.794,0.795,0.652,物品台,,0,0,8,球L,1,3,"[{""name"": ""球L"", ""share"": 0.303, ""q"": 0.106, ""capture"": 1.161, ""miss_deg"": 0.0, ""labels"": [259]}, {""name"": ""球M"", ""share"": 0.241, ""q"": 0.084, ""capture"": 0.922, ""miss_deg"": 0.4, ""labels"": [261]}, {""name"": ""球R"", ""share"": 0.116, ""q"": 0.04, ""capture"": 0.443, ""miss_deg"": 1.28, ""labels"": [263]}]"
2026_08_20/002,c4,v9,beyond_occ,ours,28.45,29.53,1.08,4.26,球M,261,0.356,0.03,0.334,0.907,0.904,0.915,物品台,,0,0,10,球M,1,3,"[{""name"": ""球M"", ""share"": 0.356, ""q"": 0.03, ""capture"": 0.334, ""miss_deg"": 1.48, ""labels"": [261]}, {""name"": ""球R"", ""share"": 0.322, ""q"": 0.028, ""capture"": 0.303, ""miss_deg"": 1.55, ""labels"": [263]}, {""name"": ""球L"", ""share"": 0.175, ""q"": 0.015, ""capture"": 0.164, ""miss_deg"": 1.9, ""labels"": [259]}]"
2026_08_20/002,c4,v9,beyond_occ,ours,29.59,33.43,3.85,4.269,球L,259,0.343,0.086,0.947,0.763,0.764,0.749,物品台,,0,0,11,球L,1,3,"[{""name"": ""球L"", ""share"": 0.343, ""q"": 0.086, ""capture"": 0.947, ""miss_deg"": 0.33, ""labels"": [259]}, {""name"": ""球M"", ""share"": 0.262, ""q"": 0.066, ""capture"": 0.723, ""miss_deg"": 0.8, ""labels"": [261]}, {""name"": ""球R"", ""share"": 0.13, ""q"": 0.033, ""capture"": 0.36, ""miss_deg"": 1.43, ""labels"": [263]}]"
2026_08_20/002,c4,v9,beyond_occ,ours,33.65,37.22,3.57,4.283,球L,259,0.292,0.079,0.87,0.911,0.911,0.729,物品台,,0,0,11,球L,1,3,"[{""name"": ""球L"", ""share"": 0.292, ""q"": 0.079, ""capture"": 0.87, ""miss_deg"": 0.53, ""labels"": [259]}, {""name"": ""球M"", ""share"": 0.266, ""q"": 0.072, ""capture"": 0.793, ""miss_deg"": 0.68, ""labels"": [261]}, {""name"": ""球R"", ""share"": 0.154, ""q"": 0.042, ""capture"": 0.459, ""miss_deg"": 1.25, ""labels"": [263]}]"
2026_08_20/002,c4,v9,beyond_occ,ours,37.37,38.29,0.92,4.288,球L,259,0.619,0.043,0.469,0.26,0.26,0.931,object#35,,1,1,11,球L,1,3,"[{""name"": ""球L"", ""share"": 0.619, ""q"": 0.043, ""capture"": 0.469, ""miss_deg"": 1.23, ""labels"": [259]}, {""name"": ""球M"", ""share"": 0.161, ""q"": 0.011, ""capture"": 0.122, ""miss_deg"": 2.05, ""labels"": [261]}, {""name"": ""苹果红"", ""share"": 0.146, ""q"": 0.01, ""capture"": 0.073, ""miss_deg"": 2.29, ""labels"": [260]}]"
2026_08_20/002,c4,v9,beyond_occ,ours,38.34,42.4,4.06,4.308,球L,259,0.423,0.099,1.083,0.418,0.418,0.767,物品台,,1,0,11,球L,1,3,"[{""name"": ""球L"", ""share"": 0.423, ""q"": 0.099, ""capture"": 1.083, ""miss_deg"": 0.0, ""labels"": [259]}, {""name"": ""球M"", ""share"": 0.177, ""q"": 0.041, ""capture"": 0.453, ""miss_deg"": 1.26, ""labels"": [261]}, {""name"": ""苹果红"", ""share"": 0.142, ""q"": 0.033, ""capture"": 0.242, ""miss_deg"": 1.68, ""labels"": [260]}]"
2026_08_20/002,c4,v9,beyond_occ,ours,42.54,47.25,4.71,4.278,球L,259,0.341,0.101,1.115,0.449,0.677,0.703,object#35,,0,0,11,球L,1,3,"[{""name"": ""球L"", ""share"": 0.341, ""q"": 0.101, ""capture"": 1.115, ""miss_deg"": 0.0, ""labels"": [259]}, {""name"": ""苹果红"", ""share"": 0.231, ""q"": 0.069, ""capture"": 0.501, ""miss_deg"": 1.18, ""labels"": [260]}, {""name"": ""球M"", ""share"": 0.103, ""q"": 0.031, ""capture"": 0.336, ""miss_deg"": 1.48, ""labels"": [261]}]"
2026_08_20/002,c4,v9,beyond_occ,ours,47.69,50.94,3.25,4.305,球L,259,0.402,0.087,0.959,0.545,0.545,0.783,物品台,,1,0,11,球L,1,3,"[{""name"": ""球L"", ""share"": 0.402, ""q"": 0.087, ""capture"": 0.959, ""miss_deg"": 0.29, ""labels"": [259]}, {""name"": ""球M"", ""share"": 0.219, ""q"": 0.048, ""capture"": 0.523, ""miss_deg"": 1.14, ""labels"": [261]}, {""name"": ""苹果红"", ""share"": 0.113, ""q"": 0.025, ""capture"": 0.18, ""miss_deg"": 1.85, ""labels"": [260]}]"
2026_08_20/002,c4,v9,beyond_occ,ours,50.99,52.4,1.41,4.3,球L,259,0.423,0.063,0.692,0.309,0.466,0.851,object#35,,1,0,11,球L,1,3,"[{""name"": ""球L"", ""share"": 0.423, ""q"": 0.063, ""capture"": 0.692, ""miss_deg"": 0.86, ""labels"": [259]}, {""name"": ""苹果红"", ""share"": 0.197, ""q"": 0.029, ""capture"": 0.214, ""miss_deg"": 1.76, ""labels"": [260]}, {""name"": ""球M"", ""share"": 0.097, ""q"": 0.014, ""capture"": 0.158, ""miss_deg"": 1.92, ""labels"": [261]}]"
2026_08_20/002,c4,v9,beyond_occ,ours,53.04,54.85,1.81,4.295,球L,259,0.433,0.088,0.963,0.436,0.436,0.798,物品台,,1,0,11,球L,1,3,"[{""name"": ""球L"", ""share"": 0.433, ""q"": 0.088, ""capture"": 0.963, ""miss_deg"": 0.28, ""labels"": [259]}, {""name"": ""球M"", ""share"": 0.189, ""q"": 0.038, ""capture"": 0.42, ""miss_deg"": 1.32, ""labels"": [261]}, {""name"": ""苹果红"", ""share"": 0.148, ""q"": 0.03, ""capture"": 0.219, ""miss_deg"": 1.74, ""labels"": [260]}]"
2026_08_20/002,c4,v9,beyond_occ,ours,54.9,56.1,1.19,4.288,球L,259,0.264,0.04,0.439,0.722,1.504,0.849,object#35,,0,0,11,球L,1,3,"[{""name"": ""球L"", ""share"": 0.264, ""q"": 0.04, ""capture"": 0.439, ""miss_deg"": 1.28, ""labels"": [259]}, {""name"": ""苹果粉"", ""share"": 0.397, ""q"": 0.06, ""capture"": 0.317, ""miss_deg"": 1.52, ""labels"": [64]}, {""name"": ""苹果红"", ""share"": 0.227, ""q"": 0.034, ""capture"": 0.25, ""miss_deg"": 1.66, ""labels"": [260]}]"
2026_08_20/002,c4,v9,beyond_occ,ours,56.31,56.96,0.65,4.292,球L,259,0.312,0.09,0.994,0.549,0.827,0.71,object#35,,0,0,11,球L,1,3,"[{""name"": ""球L"", ""share"": 0.312, ""q"": 0.09, ""capture"": 0.994, ""miss_deg"": 0.11, ""labels"": [259]}, {""name"": ""苹果红"", ""share"": 0.258, ""q"": 0.075, ""capture"": 0.546, ""miss_deg"": 1.1, ""labels"": [260]}, {""name"": ""苹果粉"", ""share"": 0.171, ""q"": 0.05, ""capture"": 0.303, ""miss_deg"": 1.55, ""labels"": [64]}]"
2026_08_20/002,c4,v9,beyond_occ,ours,57.02,64.33,7.31,4.287,球L,259,0.305,0.108,1.188,0.751,0.751,0.646,物品台,,0,0,11,球L,1,3,"[{""name"": ""球L"", ""share"": 0.305, ""q"": 0.108, ""capture"": 1.188, ""miss_deg"": 0.0, ""labels"": [259]}, {""name"": ""球M"", ""share"": 0.229, ""q"": 0.081, ""capture"": 0.892, ""miss_deg"": 0.48, ""labels"": [261]}, {""name"": ""球R"", ""share"": 0.116, ""q"": 0.041, ""capture"": 0.452, ""miss_deg"": 1.26, ""labels"": [263]}]"
2026_08_20/002,c4,v9,beyond_occ,ours,67.86,68.24,0.38,3.531,,-1,0.0,0.0,,,,1.0,floor,,0,0,,,,0,[]
2026_08_20/002,c4,v9,beyond_occ,ours,69.14,69.5,0.36,3.383,,-1,0.0,0.0,,,,1.0,floor,,0,0,,,,0,[]
2026_08_20/002,c4,v9,beyond_occ,ours,69.72,70.16,0.43,3.608,,-1,0.0,0.0,,,,1.0,floor,,0,0,,,,0,[]
2026_08_20/002,c4,v9,beyond_occ,ours,70.69,72.64,1.95,4.246,球L,259,0.359,0.113,1.244,0.361,0.543,0.685,object#35,,1,0,,,,3,"[{""name"": ""球L"", ""share"": 0.359, ""q"": 0.113, ""capture"": 1.244, ""miss_deg"": 0.0, ""labels"": [259]}, {""name"": ""苹果红"", ""share"": 0.195, ""q"": 0.062, ""capture"": 0.449, ""miss_deg"": 1.27, ""labels"": [260]}, {""name"": ""球M"", ""share"": 0.109, ""q"": 0.034, ""capture"": 0.377, ""miss_deg"": 1.4, ""labels"": [261]}]"
2026_08_20/002,c4,v9,beyond_occ,ours,72.91,74.26,1.35,4.259,球L,259,0.192,0.108,1.188,0.896,1.344,0.436,物品台,,0,0,,,,3,"[{""name"": ""球L"", ""share"": 0.192, ""q"": 0.108, ""capture"": 1.188, ""miss_deg"": 0.0, ""labels"": [259]}, {""name"": ""苹果红"", ""share"": 0.258, ""q"": 0.146, ""capture"": 1.065, ""miss_deg"": 0.0, ""labels"": [260]}, {""name"": ""苹果粉"", ""share"": 0.124, ""q"": 0.07, ""capture"": 0.371, ""miss_deg"": 1.41, ""labels"": [64]}]"
2026_08_20/002,c4,v9,beyond_occ,ours,74.32,78.27,3.95,4.281,球L,259,0.444,0.073,0.804,0.499,0.5,0.835,object#35,,1,0,,,,3,"[{""name"": ""球L"", ""share"": 0.444, ""q"": 0.073, ""capture"": 0.804, ""miss_deg"": 0.66, ""labels"": [259]}, {""name"": ""球M"", ""share"": 0.222, ""q"": 0.037, ""capture"": 0.401, ""miss_deg"": 1.35, ""labels"": [261]}, {""name"": ""苹果红"", ""share"": 0.134, ""q"": 0.022, ""capture"": 0.162, ""miss_deg"": 1.91, ""labels"": [260]}]"
2026_08_20/002,c4,v9,beyond_occ,ours,78.32,78.87,0.54,4.267,球M,261,0.338,0.04,0.443,0.939,0.938,0.881,物品台,,0,0,,,,3,"[{""name"": ""球M"", ""share"": 0.338, ""q"": 0.04, ""capture"": 0.443, ""miss_deg"": 1.28, ""labels"": [261]}, {""name"": ""球L"", ""share"": 0.317, ""q"": 0.038, ""capture"": 0.416, ""miss_deg"": 1.33, ""labels"": [259]}, {""name"": ""球R"", ""share"": 0.203, ""q"": 0.024, ""capture"": 0.267, ""miss_deg"": 1.62, ""labels"": [263]}]"
2026_08_20/002,c4,v9,beyond_occ,ours,78.92,80.6,1.68,4.235,球L,259,0.422,0.1,1.1,0.417,0.417,0.763,物品台,,1,0,,,,3,"[{""name"": ""球L"", ""share"": 0.422, ""q"": 0.1, ""capture"": 1.1, ""miss_deg"": 0.0, ""labels"": [259]}, {""name"": ""球M"", ""share"": 0.176, ""q"": 0.042, ""capture"": 0.459, ""miss_deg"": 1.25, ""labels"": [261]}, {""name"": ""苹果红"", ""share"": 0.146, ""q"": 0.035, ""capture"": 0.253, ""miss_deg"": 1.66, ""labels"": [260]}]"
2026_08_20/002,c4,v9,beyond_occ,ours,80.72,81.47,0.76,4.251,球L,259,0.347,0.093,1.017,0.691,0.692,0.733,物品台,,0,0,,,,3,"[{""name"": ""球L"", ""share"": 0.347, ""q"": 0.093, ""capture"": 1.017, ""miss_deg"": 0.0, ""labels"": [259]}, {""name"": ""球M"", ""share"": 0.24, ""q"": 0.064, ""capture"": 0.703, ""miss_deg"": 0.84, ""labels"": [261]}, {""name"": ""球R"", ""share"": 0.108, ""q"": 0.029, ""capture"": 0.317, ""miss_deg"": 1.52, ""labels"": [263]}]"
2026_08_20/002,c4,v9,beyond_occ,ours,81.74,82.01,0.27,4.278,球R,263,0.376,0.036,0.395,0.873,0.875,0.904,物品台,,0,0,,,,3,"[{""name"": ""球R"", ""share"": 0.376, ""q"": 0.036, ""capture"": 0.395, ""miss_deg"": 1.36, ""labels"": [263]}, {""name"": ""球M"", ""share"": 0.329, ""q"": 0.031, ""capture"": 0.345, ""miss_deg"": 1.46, ""labels"": [261]}, {""name"": ""球L"", ""share"": 0.124, ""q"": 0.012, ""capture"": 0.13, ""miss_deg"": 2.02, ""labels"": [259]}]"
2026_08_20/002,c4,v9,beyond_occ,ours,82.07,82.61,0.54,4.279,球L,259,0.334,0.085,0.931,0.738,0.74,0.747,物品台,,0,0,,,,3,"[{""name"": ""球L"", ""share"": 0.334, ""q"": 0.085, ""capture"": 0.931, ""miss_deg"": 0.38, ""labels"": [259]}, {""name"": ""球M"", ""share"": 0.247, ""q"": 0.062, ""capture"": 0.687, ""miss_deg"": 0.87, ""labels"": [261]}, {""name"": ""球R"", ""share"": 0.127, ""q"": 0.032, ""capture"": 0.354, ""miss_deg"": 1.44, ""labels"": [263]}]"
2026_08_20/002,c4,v9,beyond_occ,ours,82.98,83.44,0.46,4.291,球M,261,0.369,0.032,0.354,0.952,0.951,0.913,物品台,,0,0,,,,3,"[{""name"": ""球M"", ""share"": 0.369, ""q"": 0.032, ""capture"": 0.354, ""miss_deg"": 1.44, ""labels"": [261]}, {""name"": ""球R"", ""share"": 0.351, ""q"": 0.031, ""capture"": 0.337, ""miss_deg"": 1.48, ""labels"": [263]}, {""name"": ""球L"", ""share"": 0.131, ""q"": 0.011, ""capture"": 0.125, ""miss_deg"": 2.04, ""labels"": [259]}]"
2026_08_20/002,c4,v9,beyond_occ,ours,83.5,86.31,2.82,4.246,球L,259,0.396,0.097,1.061,0.56,0.561,0.756,物品台,,1,0,,,,3,"[{""name"": ""球L"", ""share"": 0.396, ""q"": 0.097, ""capture"": 1.061, ""miss_deg"": 0.0, ""labels"": [259]}, {""name"": ""球M"", ""share"": 0.222, ""q"": 0.054, ""capture"": 0.594, ""miss_deg"": 1.02, ""labels"": [261]}, {""name"": ""球R"", ""share"": 0.089, ""q"": 0.022, ""capture"": 0.238, ""miss_deg"": 1.7, ""labels"": [263]}]"
2026_08_20/002,c4,v9,beyond_occ,ours,86.59,86.97,0.38,4.266,球L,259,0.367,0.123,1.354,0.411,0.411,0.665,物品台,,1,0,,,,3,"[{""name"": ""球L"", ""share"": 0.367, ""q"": 0.123, ""capture"": 1.354, ""miss_deg"": 0.0, ""labels"": [259]}, {""name"": ""球M"", ""share"": 0.151, ""q"": 0.051, ""capture"": 0.556, ""miss_deg"": 1.08, ""labels"": [261]}, {""name"": ""苹果红"", ""share"": 0.159, ""q"": 0.053, ""capture"": 0.389, ""miss_deg"": 1.37, ""labels"": [260]}]"
2026_08_20/002,c4,v9,beyond_occ,ours,87.03,87.57,0.54,4.266,球R,263,0.275,0.085,0.937,0.972,0.971,0.69,物品台,,0,0,,,,3,"[{""name"": ""球R"", ""share"": 0.275, ""q"": 0.085, ""capture"": 0.937, ""miss_deg"": 0.36, ""labels"": [263]}, {""name"": ""球M"", ""share"": 0.267, ""q"": 0.083, ""capture"": 0.911, ""miss_deg"": 0.43, ""labels"": [261]}, {""name"": ""球L"", ""share"": 0.169, ""q"": 0.052, ""capture"": 0.575, ""miss_deg"": 1.05, ""labels"": [259]}]"
2026_08_20/002,c4,v9,beyond_occ,ours,87.62,94.5,6.88,4.267,球L,259,0.326,0.102,1.121,0.736,0.736,0.687,物品台,,0,0,,,,3,"[{""name"": ""球L"", ""share"": 0.326, ""q"": 0.102, ""capture"": 1.121, ""miss_deg"": 0.0, ""labels"": [259]}, {""name"": ""球M"", ""share"": 0.24, ""q"": 0.075, ""capture"": 0.825, ""miss_deg"": 0.62, ""labels"": [261]}, {""name"": ""球R"", ""share"": 0.109, ""q"": 0.034, ""capture"": 0.376, ""miss_deg"": 1.4, ""labels"": [263]}]"
2026_08_20/002,c4,v9,beyond_occ,ours,94.64,95.18,0.54,4.247,球L,259,0.473,0.042,0.465,0.265,0.397,0.91,object#35,,1,0,,,,3,"[{""name"": ""球L"", ""share"": 0.473, ""q"": 0.042, ""capture"": 0.465, ""miss_deg"": 1.24, ""labels"": [259]}, {""name"": ""苹果红"", ""share"": 0.188, ""q"": 0.017, ""capture"": 0.123, ""miss_deg"": 2.05, ""labels"": [260]}, {""name"": ""球M"", ""share"": 0.092, ""q"": 0.008, ""capture"": 0.09, ""miss_deg"": 2.19, ""labels"": [261]}]"
2026_08_20/002,c4,v9,beyond_occ,ours,95.24,96.11,0.87,4.28,球L,259,0.387,0.101,1.111,0.402,0.403,0.739,物品台,,1,0,,,,3,"[{""name"": ""球L"", ""share"": 0.387, ""q"": 0.101, ""capture"": 1.111, ""miss_deg"": 0.0, ""labels"": [259]}, {""name"": ""球M"", ""share"": 0.156, ""q"": 0.041, ""capture"": 0.447, ""miss_deg"": 1.27, ""labels"": [261]}, {""name"": ""苹果红"", ""share"": 0.175, ""q"": 0.046, ""capture"": 0.334, ""miss_deg"": 1.48, ""labels"": [260]}]"
2026_08_20/002,c4,v9,beyond_occ,ours,96.16,96.54,0.38,4.3,球M,261,0.364,0.037,0.412,0.731,0.731,0.897,物品台,,0,0,,,,3,"[{""name"": ""球M"", ""share"": 0.364, ""q"": 0.037, ""capture"": 0.412, ""miss_deg"": 1.33, ""labels"": [261]}, {""name"": ""球R"", ""share"": 0.266, ""q"": 0.027, ""capture"": 0.301, ""miss_deg"": 1.55, ""labels"": [263]}, {""name"": ""球L"", ""share"": 0.262, ""q"": 0.027, ""capture"": 0.297, ""miss_deg"": 1.56, ""labels"": [259]}]"
2026_08_20/002,c4,v9,beyond_occ,ours,96.59,98.11,1.52,4.306,球L,259,0.601,0.029,0.316,0.494,0.494,0.952,object#35,,1,1,,,,3,"[{""name"": ""球L"", ""share"": 0.601, ""q"": 0.029, ""capture"": 0.316, ""miss_deg"": 1.52, ""labels"": [259]}, {""name"": ""球M"", ""share"": 0.297, ""q"": 0.014, ""capture"": 0.156, ""miss_deg"": 1.93, ""labels"": [261]}, {""name"": ""苹果红"", ""share"": 0.051, ""q"": 0.002, ""capture"": 0.018, ""miss_deg"": 2.84, ""labels"": [260]}]"
2026_08_20/002,c4,v9,beyond_occ,ours,98.22,99.5,1.28,4.323,球L,259,0.478,0.056,0.614,0.575,0.575,0.883,object#35,,1,0,,,,3,"[{""name"": ""球L"", ""share"": 0.478, ""q"": 0.056, ""capture"": 0.614, ""miss_deg"": 0.99, ""labels"": [259]}, {""name"": ""球M"", ""share"": 0.275, ""q"": 0.032, ""capture"": 0.353, ""miss_deg"": 1.44, ""labels"": [261]}, {""name"": ""球R"", ""share"": 0.064, ""q"": 0.008, ""capture"": 0.082, ""miss_deg"": 2.23, ""labels"": [263]}]"
2026_08_20/002,c4,v9,beyond_occ,ours,99.56,102.21,2.65,4.348,球M,261,0.292,0.064,0.706,0.953,0.955,0.78,物品台,,0,0,12,球M,1,3,"[{""name"": ""球M"", ""share"": 0.292, ""q"": 0.064, ""capture"": 0.706, ""miss_deg"": 0.83, ""labels"": [261]}, {""name"": ""球L"", ""share"": 0.279, ""q"": 0.061, ""capture"": 0.673, ""miss_deg"": 0.89, ""labels"": [259]}, {""name"": ""球R"", ""share"": 0.196, ""q"": 0.043, ""capture"": 0.474, ""miss_deg"": 1.22, ""labels"": [263]}]"
2026_08_20/002,c4,v9,beyond_occ,ours,102.26,107.25,4.98,4.285,球L,259,0.373,0.1,1.104,0.489,0.491,0.731,物品台,,1,0,,,,3,"[{""name"": ""球L"", ""share"": 0.373, ""q"": 0.1, ""capture"": 1.104, ""miss_deg"": 0.0, ""labels"": [259]}, {""name"": ""球M"", ""share"": 0.183, ""q"": 0.049, ""capture"": 0.54, ""miss_deg"": 1.11, ""labels"": [261]}, {""name"": ""苹果红"", ""share"": 0.142, ""q"": 0.038, ""capture"": 0.279, ""miss_deg"": 1.6, ""labels"": [260]}]"
2026_08_20/002,c4,v9,beyond_occ,ours,107.48,109.22,1.74,4.329,球R,263,0.298,0.096,1.05,0.822,0.822,0.679,物品台,,0,0,13,球R,1,3,"[{""name"": ""球R"", ""share"": 0.298, ""q"": 0.096, ""capture"": 1.05, ""miss_deg"": 0.0, ""labels"": [263]}, {""name"": ""球M"", ""share"": 0.245, ""q"": 0.078, ""capture"": 0.863, ""miss_deg"": 0.54, ""labels"": [261]}, {""name"": ""球L"", ""share"": 0.12, ""q"": 0.039, ""capture"": 0.423, ""miss_deg"": 1.31, ""labels"": [259]}]"
2026_08_20/002,c4,v9,beyond_occ,ours,109.44,113.19,3.75,4.325,球L,259,0.378,0.094,1.028,0.605,0.606,0.753,物品台,,1,0,,,,3,"[{""name"": ""球L"", ""share"": 0.378, ""q"": 0.094, ""capture"": 1.028, ""miss_deg"": 0.0, ""labels"": [259]}, {""name"": ""球M"", ""share"": 0.229, ""q"": 0.057, ""capture"": 0.622, ""miss_deg"": 0.97, ""labels"": [261]}, {""name"": ""球R"", ""share"": 0.083, ""q"": 0.02, ""capture"": 0.225, ""miss_deg"": 1.73, ""labels"": [263]}]"
2026_08_20/002,c4,v9,beyond_occ,ours,113.27,114.31,1.05,4.328,球L,259,0.276,0.051,0.559,0.662,0.996,0.816,object#35,,0,0,,,,3,"[{""name"": ""球L"", ""share"": 0.276, ""q"": 0.051, ""capture"": 0.559, ""miss_deg"": 1.08, ""labels"": [259]}, {""name"": ""苹果红"", ""share"": 0.275, ""q"": 0.051, ""capture"": 0.37, ""miss_deg"": 1.41, ""labels"": [260]}, {""name"": ""苹果粉"", ""share"": 0.291, ""q"": 0.054, ""capture"": 0.327, ""miss_deg"": 1.49, ""labels"": [64]}]"
2026_08_20/002,c4,v9,beyond_occ,ours,114.54,115.08,0.54,4.305,球L,259,0.347,0.104,1.143,0.58,0.579,0.7,物品台,,0,0,,,,3,"[{""name"": ""球L"", ""share"": 0.347, ""q"": 0.104, ""capture"": 1.143, ""miss_deg"": 0.0, ""labels"": [259]}, {""name"": ""球M"", ""share"": 0.201, ""q"": 0.06, ""capture"": 0.663, ""miss_deg"": 0.91, ""labels"": [261]}, {""name"": ""球R"", ""share"": 0.078, ""q"": 0.023, ""capture"": 0.256, ""miss_deg"": 1.65, ""labels"": [263]}]"
2026_08_20/002,c4,v9,beyond_occ,ours,115.13,115.78,0.65,4.282,球L,259,0.29,0.105,1.156,0.76,0.759,0.637,物品台,,0,0,,,,3,"[{""name"": ""球L"", ""share"": 0.29, ""q"": 0.105, ""capture"": 1.156, ""miss_deg"": 0.0, ""labels"": [259]}, {""name"": ""球M"", ""share"": 0.22, ""q"": 0.08, ""capture"": 0.878, ""miss_deg"": 0.51, ""labels"": [261]}, {""name"": ""球R"", ""share"": 0.124, ""q"": 0.045, ""capture"": 0.493, ""miss_deg"": 1.19, ""labels"": [263]}]"
2026_08_20/002,c4,v9,beyond_occ,ours,115.84,116.92,1.08,4.29,球L,259,0.342,0.104,1.147,0.386,0.582,0.695,物品台,,0,0,,,,3,"[{""name"": ""球L"", ""share"": 0.342, ""q"": 0.104, ""capture"": 1.147, ""miss_deg"": 0.0, ""labels"": [259]}, {""name"": ""苹果红"", ""share"": 0.199, ""q"": 0.061, ""capture"": 0.443, ""miss_deg"": 1.28, ""labels"": [260]}, {""name"": ""球M"", ""share"": 0.129, ""q"": 0.039, ""capture"": 0.431, ""miss_deg"": 1.3, ""labels"": [261]}]"
2026_08_20/002,c4,v9,beyond_occ,ours,116.97,119.57,2.6,4.308,球L,259,0.276,0.097,1.071,0.803,0.804,0.647,物品台,,0,0,,,,3,"[{""name"": ""球L"", ""share"": 0.276, ""q"": 0.097, ""capture"": 1.071, ""miss_deg"": 0.0, ""labels"": [259]}, {""name"": ""球M"", ""share"": 0.222, ""q"": 0.078, ""capture"": 0.86, ""miss_deg"": 0.55, ""labels"": [261]}, {""name"": ""球R"", ""share"": 0.155, ""q"": 0.055, ""capture"": 0.602, ""miss_deg"": 1.01, ""labels"": [263]}]"
2026_08_20/002,c4,v9,beyond_occ,ours,119.63,121.14,1.52,4.255,球L,259,0.697,0.013,0.144,0.361,0.362,0.981,object#24,,0,0,,,,3,"[{""name"": ""球L"", ""share"": 0.697, ""q"": 0.013, ""capture"": 0.144, ""miss_deg"": 1.97, ""labels"": [259]}, {""name"": ""球M"", ""share"": 0.252, ""q"": 0.005, ""capture"": 0.052, ""miss_deg"": 2.43, ""labels"": [261]}, {""name"": ""水瓶"", ""share"": 0.046, ""q"": 0.001, ""capture"": 0.002, ""miss_deg"": 3.58, ""labels"": [30]}]"
2026_08_20/002,c4,v9,beyond_occ,ours,121.6,123.44,1.84,4.253,球L,259,0.379,0.033,0.362,0.953,0.95,0.913,物品台,,0,0,,,,3,"[{""name"": ""球L"", ""share"": 0.379, ""q"": 0.033, ""capture"": 0.362, ""miss_deg"": 1.42, ""labels"": [259]}, {""name"": ""球M"", ""share"": 0.36, ""q"": 0.031, ""capture"": 0.345, ""miss_deg"": 1.46, ""labels"": [261]}, {""name"": ""球R"", ""share"": 0.17, ""q"": 0.015, ""capture"": 0.162, ""miss_deg"": 1.91, ""labels"": [263]}]"
2026_08_20/002,c4,v9,beyond_occ,ours,123.49,123.82,0.33,4.27,球R,263,0.496,0.023,0.253,0.609,0.609,0.954,物品台,,1,0,,,,3,"[{""name"": ""球R"", ""share"": 0.496, ""q"": 0.023, ""capture"": 0.253, ""miss_deg"": 1.66, ""labels"": [263]}, {""name"": ""球M"", ""share"": 0.302, ""q"": 0.014, ""capture"": 0.154, ""miss_deg"": 1.93, ""labels"": [261]}, {""name"": ""水瓶"", ""share"": 0.148, ""q"": 0.007, ""capture"": 0.013, ""miss_deg"": 2.94, ""labels"": [30]}]"
2026_08_20/002,c4,v9,beyond_occ,ours,123.88,125.56,1.68,4.206,球L,259,0.527,0.058,0.527,0.62,0.514,0.89,object#35,,1,1,,,,3,"[{""name"": ""球L"", ""share"": 0.527, ""q"": 0.058, ""capture"": 0.527, ""miss_deg"": 1.13, ""labels"": [259]}, {""name"": ""球M"", ""share"": 0.271, ""q"": 0.03, ""capture"": 0.327, ""miss_deg"": 1.49, ""labels"": [261]}, {""name"": ""球R"", ""share"": 0.048, ""q"": 0.005, ""capture"": 0.058, ""miss_deg"": 2.39, ""labels"": [263]}]"
2026_08_20/002,c4,v9,beyond_occ,ours,125.61,126.64,1.03,4.224,球R,263,0.424,0.029,0.315,0.876,0.875,0.932,物品台,,0,0,15,球R,1,3,"[{""name"": ""球R"", ""share"": 0.424, ""q"": 0.029, ""capture"": 0.315, ""miss_deg"": 1.52, ""labels"": [263]}, {""name"": ""球M"", ""share"": 0.371, ""q"": 0.025, ""capture"": 0.276, ""miss_deg"": 1.61, ""labels"": [261]}, {""name"": ""球L"", ""share"": 0.062, ""q"": 0.004, ""capture"": 0.046, ""miss_deg"": 2.48, ""labels"": [259]}]"
2026_08_20/002,c4,v9,beyond_occ,ours,127.96,128.29,0.32,2.573,,-1,0.0,0.0,,,,1.0,floor,,0,0,,,,0,[]
2026_08_20/002,c4,v9,beyond_occ,ours,130.1,130.64,0.55,1.671,,-1,0.0,0.0,,,,1.0,object#26,,0,0,,,,0,[]
2026_08_20/002,c4,v9,beyond_occ,ours,130.7,131.56,0.87,1.308,,-1,0.0,0.0,,,,1.0,object#26,,0,0,,,,0,[]
2026_08_20/002,c4,v9,beyond_occ,ours,131.62,132.48,0.87,1.141,,-1,0.0,0.0,,,,1.0,object#26,,0,0,,,,0,[]
2026_08_20/002,c4,v9,beyond_occ,ours,133.08,133.35,0.27,0.584,,-1,0.0,0.0,,,,1.0,object#14,,0,0,,,,0,[]
2026_08_20/002,c4,v9,beyond_occ,ours,133.62,134.0,0.38,0.485,,-1,0.0,0.0,,,,1.0,object#88,,0,0,,,,0,[]
2026_08_20/003,c4,v9,beyond_occ,ours,5.85,6.45,0.6,4.301,球L,259,0.587,0.037,0.402,0.376,0.376,0.938,object#35,,1,1,1,球L,1,3,"[{""name"": ""球L"", ""share"": 0.587, ""q"": 0.037, ""capture"": 0.402, ""miss_deg"": 1.35, ""labels"": [259]}, {""name"": ""球M"", ""share"": 0.221, ""q"": 0.014, ""capture"": 0.151, ""miss_deg"": 1.94, ""labels"": [261]}, {""name"": ""苹果红"", ""share"": 0.081, ""q"": 0.005, ""capture"": 0.037, ""miss_deg"": 2.57, ""labels"": [260]}]"
2026_08_20/003,c4,v9,beyond_occ,ours,6.5,7.53,1.03,4.215,球L,259,0.346,0.041,0.376,0.479,0.636,0.881,物品台,,0,0,1,球L,1,3,"[{""name"": ""球L"", ""share"": 0.346, ""q"": 0.041, ""capture"": 0.376, ""miss_deg"": 1.4, ""labels"": [259]}, {""name"": ""苹果红"", ""share"": 0.22, ""q"": 0.026, ""capture"": 0.18, ""miss_deg"": 1.85, ""labels"": [260]}, {""name"": ""球M"", ""share"": 0.104, ""q"": 0.012, ""capture"": 0.137, ""miss_deg"": 1.99, ""labels"": [261]}]"
2026_08_20/003,c4,v9,beyond_occ,ours,7.75,8.03,0.27,4.271,球L,259,0.249,0.052,0.575,0.609,0.916,0.79,物品台,,0,0,1,球L,1,3,"[{""name"": ""球L"", ""share"": 0.249, ""q"": 0.052, ""capture"": 0.575, ""miss_deg"": 1.05, ""labels"": [259]}, {""name"": ""苹果红"", ""share"": 0.228, ""q"": 0.048, ""capture"": 0.35, ""miss_deg"": 1.45, ""labels"": [260]}, {""name"": ""球R"", ""share"": 0.08, ""q"": 0.017, ""capture"": 0.184, ""miss_deg"": 1.84, ""labels"": [263]}]"
2026_08_20/003,c4,v9,beyond_occ,ours,8.92,9.19,0.27,2.331,,-1,0.0,0.0,,,,1.0,object#26,,0,0,,,,0,[]
2026_08_20/003,c4,v9,beyond_occ,ours,10.06,11.25,1.19,4.363,球L,259,0.358,0.021,0.235,0.549,0.55,0.94,物品台,,1,0,6,球L,1,3,"[{""name"": ""球L"", ""share"": 0.358, ""q"": 0.021, ""capture"": 0.235, ""miss_deg"": 1.7, ""labels"": [259]}, {""name"": ""球R"", ""share"": 0.197, ""q"": 0.012, ""capture"": 0.129, ""miss_deg"": 2.02, ""labels"": [263]}, {""name"": ""球M"", ""share"": 0.158, ""q"": 0.009, ""capture"": 0.104, ""miss_deg"": 2.13, ""labels"": [261]}]"
2026_08_20/003,c4,v9,beyond_occ,ours,11.62,12.27,0.65,2.332,,-1,0.0,0.0,,,,1.0,object#26,,0,0,,,,0,[]
2026_08_20/003,c4,v9,beyond_occ,ours,13.42,13.69,0.27,2.971,,-1,0.0,0.0,,,,1.0,object#79,,0,0,,,,0,[]
2026_08_20/003,c4,v9,beyond_occ,ours,15.51,16.97,1.46,4.341,球L,259,0.4,0.018,0.195,0.333,0.437,0.956,object#35,,0,0,8,球L,1,3,"[{""name"": ""球L"", ""share"": 0.4, ""q"": 0.018, ""capture"": 0.195, ""miss_deg"": 1.81, ""labels"": [259]}, {""name"": ""苹果红"", ""share"": 0.175, ""q"": 0.008, ""capture"": 0.065, ""miss_deg"": 2.34, ""labels"": [260]}, {""name"": ""苹果粉"", ""share"": 0.144, ""q"": 0.006, ""capture"": 0.039, ""miss_deg"": 2.55, ""labels"": [64]}]"
2026_08_20/003,c4,v9,beyond_occ,ours,17.03,17.57,0.54,4.347,苹果粉,64,0.516,0.019,0.114,0.605,0.337,0.964,object#35,,0,0,,,,3,"[{""name"": ""苹果粉"", ""share"": 0.516, ""q"": 0.019, ""capture"": 0.114, ""miss_deg"": 2.09, ""labels"": [64]}, {""name"": ""球L"", ""share"": 0.174, ""q"": 0.006, ""capture"": 0.069, ""miss_deg"": 2.31, ""labels"": [259]}, {""name"": ""苹果红"", ""share"": 0.184, ""q"": 0.007, ""capture"": 0.056, ""miss_deg"": 2.4, ""labels"": [260]}]"
2026_08_20/003,c4,v9,beyond_occ,ours,17.62,18.38,0.76,4.352,球L,259,0.349,0.03,0.332,0.551,0.55,0.913,物品台,,0,0,11,球L,1,3,"[{""name"": ""球L"", ""share"": 0.349, ""q"": 0.03, ""capture"": 0.332, ""miss_deg"": 1.49, ""labels"": [259]}, {""name"": ""球M"", ""share"": 0.192, ""q"": 0.017, ""capture"": 0.183, ""miss_deg"": 1.84, ""labels"": [261]}, {""name"": ""球R"", ""share"": 0.126, ""q"": 0.011, ""capture"": 0.12, ""miss_deg"": 2.06, ""labels"": [263]}]"
2026_08_20/003,c4,v9,beyond_occ,ours,18.62,21.46,2.84,4.36,球L,259,0.345,0.028,0.306,0.559,0.73,0.919,object#35,,0,0,11,球L,1,3,"[{""name"": ""球L"", ""share"": 0.345, ""q"": 0.028, ""capture"": 0.306, ""miss_deg"": 1.54, ""labels"": [259]}, {""name"": ""苹果红"", ""share"": 0.252, ""q"": 0.02, ""capture"": 0.171, ""miss_deg"": 1.88, ""labels"": [260]}, {""name"": ""球M"", ""share"": 0.133, ""q"": 0.011, ""capture"": 0.118, ""miss_deg"": 2.07, ""labels"": [261]}]"
2026_08_20/003,c4,v9,beyond_occ,ours,21.52,24.09,2.56,4.357,球L,259,0.478,0.014,0.151,0.497,0.496,0.971,object#35,,0,0,11,球L,1,3,"[{""name"": ""球L"", ""share"": 0.478, ""q"": 0.014, ""capture"": 0.151, ""miss_deg"": 1.95, ""labels"": [259]}, {""name"": ""球M"", ""share"": 0.237, ""q"": 0.007, ""capture"": 0.075, ""miss_deg"": 2.28, ""labels"": [261]}, {""name"": ""球R"", ""share"": 0.047, ""q"": 0.001, ""capture"": 0.015, ""miss_deg"": 2.9, ""labels"": [263]}]"
2026_08_20/003,c4,v9,beyond_occ,ours,24.32,24.81,0.49,4.359,球L,259,0.612,0.008,0.087,0.161,0.157,0.987,object#35,,0,0,11,球L,1,3,"[{""name"": ""球L"", ""share"": 0.612, ""q"": 0.008, ""capture"": 0.087, ""miss_deg"": 2.21, ""labels"": [259]}, {""name"": ""球M"", ""share"": 0.096, ""q"": 0.001, ""capture"": 0.014, ""miss_deg"": 2.93, ""labels"": [261]}, {""name"": ""苹果红"", ""share"": 0.103, ""q"": 0.001, ""capture"": 0.011, ""miss_deg"": 2.99, ""labels"": [260]}]"
2026_08_20/003,c4,v9,beyond_occ,ours,24.86,28.76,3.9,4.369,球L,259,0.264,0.023,0.256,0.953,0.955,0.912,物品台,,0,0,11,球L,1,3,"[{""name"": ""球L"", ""share"": 0.264, ""q"": 0.023, ""capture"": 0.256, ""miss_deg"": 1.65, ""labels"": [259]}, {""name"": ""球M"", ""share"": 0.252, ""q"": 0.022, ""capture"": 0.244, ""miss_deg"": 1.68, ""labels"": [261]}, {""name"": ""球R"", ""share"": 0.226, ""q"": 0.02, ""capture"": 0.219, ""miss_deg"": 1.74, ""labels"": [263]}]"
2026_08_20/003,c4,v9,beyond_occ,ours,29.14,30.93,1.79,4.388,球R,263,0.298,0.018,0.199,0.854,0.852,0.939,物品台,,0,0,13,球R,1,3,"[{""name"": ""球R"", ""share"": 0.298, ""q"": 0.018, ""capture"": 0.199, ""miss_deg"": 1.8, ""labels"": [263]}, {""name"": ""球M"", ""share"": 0.254, ""q"": 0.015, ""capture"": 0.17, ""miss_deg"": 1.88, ""labels"": [261]}, {""name"": ""球L"", ""share"": 0.219, ""q"": 0.013, ""capture"": 0.146, ""miss_deg"": 1.96, ""labels"": [259]}]"
2026_08_20/003,c4,v9,beyond_occ,ours,31.21,33.76,2.54,4.37,球L,259,0.321,0.034,0.371,0.636,0.636,0.895,物品台,,0,0,,,,3,"[{""name"": ""球L"", ""share"": 0.321, ""q"": 0.034, ""capture"": 0.371, ""miss_deg"": 1.41, ""labels"": [259]}, {""name"": ""球R"", ""share"": 0.204, ""q"": 0.021, ""capture"": 0.236, ""miss_deg"": 1.7, ""labels"": [263]}, {""name"": ""球M"", ""share"": 0.182, ""q"": 0.019, ""capture"": 0.211, ""miss_deg"": 1.77, ""labels"": [261]}]"
2026_08_20/003,c4,v9,beyond_occ,ours,33.86,35.89,2.02,4.347,球R,263,0.291,0.045,0.491,0.813,0.814,0.847,物品台,,0,0,15,球R,1,3,"[{""name"": ""球R"", ""share"": 0.291, ""q"": 0.045, ""capture"": 0.491, ""miss_deg"": 1.19, ""labels"": [263]}, {""name"": ""球M"", ""share"": 0.237, ""q"": 0.036, ""capture"": 0.399, ""miss_deg"": 1.36, ""labels"": [261]}, {""name"": ""球L"", ""share"": 0.155, ""q"": 0.024, ""capture"": 0.262, ""miss_deg"": 1.64, ""labels"": [259]}]"
2026_08_20/003,c4,v9,beyond_occ,ours,36.27,37.62,1.35,4.363,球M,261,0.302,0.014,0.156,0.917,0.917,0.953,物品台,,0,0,,,,3,"[{""name"": ""球M"", ""share"": 0.302, ""q"": 0.014, ""capture"": 0.156, ""miss_deg"": 1.93, ""labels"": [261]}, {""name"": ""球L"", ""share"": 0.277, ""q"": 0.013, ""capture"": 0.143, ""miss_deg"": 1.97, ""labels"": [259]}, {""name"": ""球R"", ""share"": 0.238, ""q"": 0.011, ""capture"": 0.123, ""miss_deg"": 2.05, ""labels"": [263]}]"
2026_08_20/003,c4,v9,beyond_occ,ours,37.9,38.6,0.7,4.357,球L,259,0.356,0.025,0.273,0.63,0.629,0.93,物品台,,1,0,,,,3,"[{""name"": ""球L"", ""share"": 0.356, ""q"": 0.025, ""capture"": 0.273, ""miss_deg"": 1.61, ""labels"": [259]}, {""name"": ""球M"", ""share"": 0.224, ""q"": 0.016, ""capture"": 0.172, ""miss_deg"": 1.88, ""labels"": [261]}, {""name"": ""球R"", ""share"": 0.174, ""q"": 0.012, ""capture"": 0.134, ""miss_deg"": 2.01, ""labels"": [263]}]"
2026_08_20/003,c4,v9,beyond_occ,ours,38.87,45.1,6.23,4.348,球L,259,0.445,0.02,0.223,0.422,0.42,0.954,object#35,,1,0,,,,3,"[{""name"": ""球L"", ""share"": 0.445, ""q"": 0.02, ""capture"": 0.223, ""miss_deg"": 1.73, ""labels"": [259]}, {""name"": ""球M"", ""share"": 0.187, ""q"": 0.009, ""capture"": 0.094, ""miss_deg"": 2.18, ""labels"": [261]}, {""name"": ""苹果红"", ""share"": 0.159, ""q"": 0.007, ""capture"": 0.061, ""miss_deg"": 2.37, ""labels"": [260]}]"
2026_08_20/003,c4,v9,beyond_occ,ours,45.35,45.9,0.54,4.36,球L,259,0.288,0.017,0.186,0.849,0.851,0.941,物品台,,0,0,,,,3,"[{""name"": ""球L"", ""share"": 0.288, ""q"": 0.017, ""capture"": 0.186, ""miss_deg"": 1.84, ""labels"": [259]}, {""name"": ""球M"", ""share"": 0.245, ""q"": 0.014, ""capture"": 0.158, ""miss_deg"": 1.92, ""labels"": [261]}, {""name"": ""球R"", ""share"": 0.204, ""q"": 0.012, ""capture"": 0.131, ""miss_deg"": 2.02, ""labels"": [263]}]"
2026_08_20/003,c4,v9,beyond_occ,ours,46.09,47.01,0.92,4.349,球R,263,0.256,0.04,0.442,0.934,0.938,0.843,物品台,,0,0,,,,3,"[{""name"": ""球R"", ""share"": 0.256, ""q"": 0.04, ""capture"": 0.442, ""miss_deg"": 1.28, ""labels"": [263]}, {""name"": ""球L"", ""share"": 0.24, ""q"": 0.038, ""capture"": 0.413, ""miss_deg"": 1.33, ""labels"": [259]}, {""name"": ""球M"", ""share"": 0.185, ""q"": 0.029, ""capture"": 0.319, ""miss_deg"": 1.51, ""labels"": [261]}]"
2026_08_20/003,c4,v9,beyond_occ,ours,47.06,47.39,0.32,4.322,球L,259,0.191,0.068,0.753,0.703,1.058,0.642,物品台,,0,0,,,,3,"[{""name"": ""球L"", ""share"": 0.191, ""q"": 0.068, ""capture"": 0.753, ""miss_deg"": 0.75, ""labels"": [259]}, {""name"": ""苹果红"", ""share"": 0.202, ""q"": 0.072, ""capture"": 0.529, ""miss_deg"": 1.13, ""labels"": [260]}, {""name"": ""球M"", ""share"": 0.098, ""q"": 0.035, ""capture"": 0.385, ""miss_deg"": 1.38, ""labels"": [261]}]"
2026_08_20/003,c4,v9,beyond_occ,ours,47.62,48.11,0.49,4.329,球L,259,0.233,0.054,0.592,0.726,1.094,0.769,物品台,,0,0,,,,3,"[{""name"": ""球L"", ""share"": 0.233, ""q"": 0.054, ""capture"": 0.592, ""miss_deg"": 1.02, ""labels"": [259]}, {""name"": ""苹果红"", ""share"": 0.255, ""q"": 0.059, ""capture"": 0.43, ""miss_deg"": 1.3, ""labels"": [260]}, {""name"": ""球M"", ""share"": 0.083, ""q"": 0.019, ""capture"": 0.211, ""miss_deg"": 1.76, ""labels"": [261]}]"
2026_08_20/003,c4,v9,beyond_occ,ours,48.16,48.49,0.32,4.329,球R,263,0.319,0.053,0.578,0.709,0.708,0.835,物品台,,0,0,,,,3,"[{""name"": ""球R"", ""share"": 0.319, ""q"": 0.053, ""capture"": 0.578, ""miss_deg"": 1.05, ""labels"": [263]}, {""name"": ""球M"", ""share"": 0.226, ""q"": 0.037, ""capture"": 0.41, ""miss_deg"": 1.34, ""labels"": [261]}, {""name"": ""球L"", ""share"": 0.165, ""q"": 0.027, ""capture"": 0.299, ""miss_deg"": 1.55, ""labels"": [259]}]"
2026_08_20/003,c4,v9,beyond_occ,ours,48.54,50.4,1.86,4.345,球L,259,0.262,0.032,0.347,0.723,0.947,0.88,object#35,,0,0,,,,3,"[{""name"": ""球L"", ""share"": 0.262, ""q"": 0.032, ""capture"": 0.347, ""miss_deg"": 1.45, ""labels"": [259]}, {""name"": ""苹果红"", ""share"": 0.248, ""q"": 0.03, ""capture"": 0.251, ""miss_deg"": 1.66, ""labels"": [260]}, {""name"": ""苹果粉"", ""share"": 0.186, ""q"": 0.022, ""capture"": 0.137, ""miss_deg"": 1.99, ""labels"": [64]}]"
2026_08_20/003,c4,v9,beyond_occ,ours,50.57,51.87,1.3,4.348,球L,259,0.312,0.037,0.405,0.568,0.567,0.882,物品台,,0,0,,,,3,"[{""name"": ""球L"", ""share"": 0.312, ""q"": 0.037, ""capture"": 0.405, ""miss_deg"": 1.35, ""labels"": [259]}, {""name"": ""球M"", ""share"": 0.177, ""q"": 0.021, ""capture"": 0.23, ""miss_deg"": 1.72, ""labels"": [261]}, {""name"": ""球R"", ""share"": 0.146, ""q"": 0.017, ""capture"": 0.19, ""miss_deg"": 1.82, ""labels"": [263]}]"
2026_08_20/003,c4,v9,beyond_occ,ours,51.92,52.68,0.76,4.34,苹果粉,64,0.531,0.022,0.137,0.599,0.333,0.958,object#35,,0,0,,,,3,"[{""name"": ""苹果粉"", ""share"": 0.531, ""q"": 0.022, ""capture"": 0.137, ""miss_deg"": 1.99, ""labels"": [64]}, {""name"": ""球L"", ""share"": 0.177, ""q"": 0.007, ""capture"": 0.082, ""miss_deg"": 2.23, ""labels"": [259]}, {""name"": ""苹果红"", ""share"": 0.094, ""q"": 0.004, ""capture"": 0.033, ""miss_deg"": 2.61, ""labels"": [260]}]"
2026_08_20/003,c4,v9,beyond_occ,ours,53.16,53.7,0.54,4.348,球L,259,0.269,0.008,0.091,0.703,1.271,0.969,object#35,,0,0,,,,3,"[{""name"": ""球L"", ""share"": 0.269, ""q"": 0.008, ""capture"": 0.091, ""miss_deg"": 2.19, ""labels"": [259]}, {""name"": ""苹果粉"", ""share"": 0.342, ""q"": 0.011, ""capture"": 0.064, ""miss_deg"": 2.34, ""labels"": [64]}, {""name"": ""苹果红"", ""share"": 0.152, ""q"": 0.005, ""capture"": 0.039, ""miss_deg"": 2.54, ""labels"": [260]}]"
2026_08_20/003,c4,v9,beyond_occ,ours,54.29,55.27,0.97,4.344,球L,259,0.334,0.027,0.292,0.503,0.659,0.92,object#35,,0,0,,,,3,"[{""name"": ""球L"", ""share"": 0.334, ""q"": 0.027, ""capture"": 0.292, ""miss_deg"": 1.57, ""labels"": [259]}, {""name"": ""苹果红"", ""share"": 0.22, ""q"": 0.018, ""capture"": 0.147, ""miss_deg"": 1.96, ""labels"": [260]}, {""name"": ""球M"", ""share"": 0.121, ""q"": 0.01, ""capture"": 0.106, ""miss_deg"": 2.12, ""labels"": [261]}]"
2026_08_20/003,c4,v9,beyond_occ,ours,55.54,55.98,0.43,4.339,苹果粉,64,1.0,0.001,0.007,0.0,0.0,0.999,object#35,,0,0,,,,1,"[{""name"": ""苹果粉"", ""share"": 1.0, ""q"": 0.001, ""capture"": 0.007, ""miss_deg"": 3.14, ""labels"": [64]}]"
2026_08_20/003,c4,v9,beyond_occ,ours,56.3,56.79,0.49,4.343,球L,259,0.568,0.008,0.086,0.442,0.445,0.986,object#35,,0,0,,,,3,"[{""name"": ""球L"", ""share"": 0.568, ""q"": 0.008, ""capture"": 0.086, ""miss_deg"": 2.22, ""labels"": [259]}, {""name"": ""球M"", ""share"": 0.253, ""q"": 0.003, ""capture"": 0.038, ""miss_deg"": 2.56, ""labels"": [261]}, {""name"": ""苹果红"", ""share"": 0.074, ""q"": 0.001, ""capture"": 0.009, ""miss_deg"": 3.09, ""labels"": [260]}]"
2026_08_20/003,c4,v9,beyond_occ,ours,56.84,57.98,1.14,4.348,球L,259,0.368,0.012,0.135,0.415,0.745,0.967,object#35,,0,0,,,,3,"[{""name"": ""球L"", ""share"": 0.368, ""q"": 0.012, ""capture"": 0.135, ""miss_deg"": 2.0, ""labels"": [259]}, {""name"": ""苹果粉"", ""share"": 0.274, ""q"": 0.009, ""capture"": 0.056, ""miss_deg"": 2.4, ""labels"": [64]}, {""name"": ""苹果红"", ""share"": 0.155, ""q"": 0.005, ""capture"": 0.043, ""miss_deg"": 2.5, ""labels"": [260]}]"
2026_08_20/003,c4,v9,beyond_occ,ours,58.27,58.92,0.65,4.377,球R,263,0.287,0.024,0.268,0.791,0.791,0.915,物品台,,0,0,,,,3,"[{""name"": ""球R"", ""share"": 0.287, ""q"": 0.024, ""capture"": 0.268, ""miss_deg"": 1.62, ""labels"": [263]}, {""name"": ""球M"", ""share"": 0.227, ""q"": 0.019, ""capture"": 0.212, ""miss_deg"": 1.76, ""labels"": [261]}, {""name"": ""球L"", ""share"": 0.207, ""q"": 0.018, ""capture"": 0.193, ""miss_deg"": 1.81, ""labels"": [259]}]"
2026_08_20/003,c4,v9,beyond_occ,ours,59.03,59.36,0.32,4.368,球R,263,0.293,0.024,0.258,0.771,0.771,0.92,物品台,,0,0,,,,3,"[{""name"": ""球R"", ""share"": 0.293, ""q"": 0.024, ""capture"": 0.258, ""miss_deg"": 1.65, ""labels"": [263]}, {""name"": ""球M"", ""share"": 0.226, ""q"": 0.018, ""capture"": 0.199, ""miss_deg"": 1.8, ""labels"": [261]}, {""name"": ""球L"", ""share"": 0.155, ""q"": 0.012, ""capture"": 0.137, ""miss_deg"": 1.99, ""labels"": [259]}]"
2026_08_20/003,c4,v9,beyond_occ,ours,59.41,60.06,0.65,4.375,球L,259,0.297,0.03,0.325,0.631,0.633,0.901,物品台,,0,0,,,,3,"[{""name"": ""球L"", ""share"": 0.297, ""q"": 0.03, ""capture"": 0.325, ""miss_deg"": 1.5, ""labels"": [259]}, {""name"": ""球M"", ""share"": 0.188, ""q"": 0.019, ""capture"": 0.205, ""miss_deg"": 1.78, ""labels"": [261]}, {""name"": ""苹果红"", ""share"": 0.178, ""q"": 0.018, ""capture"": 0.149, ""miss_deg"": 1.95, ""labels"": [260]}]"
2026_08_20/003,c4,v9,beyond_occ,ours,60.39,64.18,3.79,4.369,球L,259,0.346,0.031,0.341,0.557,0.558,0.91,物品台,,0,0,,,,3,"[{""name"": ""球L"", ""share"": 0.346, ""q"": 0.031, ""capture"": 0.341, ""miss_deg"": 1.47, ""labels"": [259]}, {""name"": ""球R"", ""share"": 0.193, ""q"": 0.017, ""capture"": 0.19, ""miss_deg"": 1.82, ""labels"": [263]}, {""name"": ""球M"", ""share"": 0.187, ""q"": 0.017, ""capture"": 0.185, ""miss_deg"": 1.84, ""labels"": [261]}]"
2026_08_20/003,c4,v9,beyond_occ,ours,66.06,66.5,0.43,2.766,,-1,0.0,0.0,,,,1.0,floor,,0,0,,,,0,[]
2026_08_20/003,c4,v9,beyond_occ,ours,67.31,70.23,2.92,3.047,,-1,0.0,0.0,,,,1.0,floor,,0,0,,,,0,[]
2026_08_20/003,c4,v9,beyond_occ,ours,70.9,71.98,1.08,4.278,球L,259,0.216,0.069,0.756,0.798,1.204,0.682,物品台,,0,0,,,,3,"[{""name"": ""球L"", ""share"": 0.216, ""q"": 0.069, ""capture"": 0.756, ""miss_deg"": 0.75, ""labels"": [259]}, {""name"": ""苹果红"", ""share"": 0.26, ""q"": 0.083, ""capture"": 0.603, ""miss_deg"": 1.01, ""labels"": [260]}, {""name"": ""苹果粉"", ""share"": 0.23, ""q"": 0.073, ""capture"": 0.386, ""miss_deg"": 1.38, ""labels"": [64]}]"
2026_08_20/003,c4,v9,beyond_occ,ours,72.04,72.63,0.6,4.28,球L,259,0.329,0.08,0.884,0.467,0.702,0.756,物品台,,0,0,,,,3,"[{""name"": ""球L"", ""share"": 0.329, ""q"": 0.08, ""capture"": 0.884, ""miss_deg"": 0.5, ""labels"": [259]}, {""name"": ""苹果红"", ""share"": 0.231, ""q"": 0.057, ""capture"": 0.413, ""miss_deg"": 1.33, ""labels"": [260]}, {""name"": ""球M"", ""share"": 0.104, ""q"": 0.025, ""capture"": 0.278, ""miss_deg"": 1.6, ""labels"": [261]}]"
2026_08_20/003,c4,v9,beyond_occ,ours,72.86,75.73,2.87,4.294,球L,259,0.309,0.032,0.347,0.562,0.845,0.898,object#35,,0,0,,,,3,"[{""name"": ""球L"", ""share"": 0.309, ""q"": 0.032, ""capture"": 0.347, ""miss_deg"": 1.46, ""labels"": [259]}, {""name"": ""苹果红"", ""share"": 0.261, ""q"": 0.027, ""capture"": 0.195, ""miss_deg"": 1.81, ""labels"": [260]}, {""name"": ""苹果粉"", ""share"": 0.165, ""q"": 0.017, ""capture"": 0.103, ""miss_deg"": 2.13, ""labels"": [64]}]"
2026_08_20/003,c4,v9,beyond_occ,ours,76.0,76.6,0.6,4.302,球L,259,0.537,0.023,0.25,0.228,0.227,0.958,object#35,,1,1,,,,3,"[{""name"": ""球L"", ""share"": 0.537, ""q"": 0.023, ""capture"": 0.25, ""miss_deg"": 1.67, ""labels"": [259]}, {""name"": ""球M"", ""share"": 0.122, ""q"": 0.005, ""capture"": 0.057, ""miss_deg"": 2.4, ""labels"": [261]}, {""name"": ""苹果红"", ""share"": 0.113, ""q"": 0.005, ""capture"": 0.035, ""miss_deg"": 2.59, ""labels"": [260]}]"
2026_08_20/003,c4,v9,beyond_occ,ours,76.65,81.05,4.4,4.295,苹果粉,64,0.552,0.004,0.027,0.815,0.447,0.992,object#37,,0,0,,,,3,"[{""name"": ""苹果粉"", ""share"": 0.552, ""q"": 0.004, ""capture"": 0.027, ""miss_deg"": 2.68, ""labels"": [64]}, {""name"": ""球L"", ""share"": 0.247, ""q"": 0.002, ""capture"": 0.022, ""miss_deg"": 2.76, ""labels"": [259]}, {""name"": ""苹果红"", ""share"": 0.047, ""q"": 0.0, ""capture"": 0.003, ""miss_deg"": 3.43, ""labels"": [260]}]"
2026_08_20/003,c4,v9,beyond_occ,ours,81.49,83.0,1.52,4.297,苹果粉,64,0.398,0.067,0.409,0.78,0.435,0.832,object#35,,1,0,,,,3,"[{""name"": ""苹果粉"", ""share"": 0.398, ""q"": 0.067, ""capture"": 0.409, ""miss_deg"": 1.34, ""labels"": [64]}, {""name"": ""球L"", ""share"": 0.173, ""q"": 0.029, ""capture"": 0.319, ""miss_deg"": 1.51, ""labels"": [259]}, {""name"": ""苹果红"", ""share"": 0.214, ""q"": 0.036, ""capture"": 0.263, ""miss_deg"": 1.64, ""labels"": [260]}]"
2026_08_20/003,c4,v9,beyond_occ,ours,83.06,84.36,1.3,4.314,球L,259,0.351,0.055,0.599,0.382,0.575,0.845,object#35,,1,0,,,,3,"[{""name"": ""球L"", ""share"": 0.351, ""q"": 0.055, ""capture"": 0.599, ""miss_deg"": 1.01, ""labels"": [259]}, {""name"": ""苹果红"", ""share"": 0.202, ""q"": 0.031, ""capture"": 0.229, ""miss_deg"": 1.72, ""labels"": [260]}, {""name"": ""苹果粉"", ""share"": 0.154, ""q"": 0.024, ""capture"": 0.146, ""miss_deg"": 1.96, ""labels"": [64]}]"
2026_08_20/003,c4,v9,beyond_occ,ours,84.41,84.85,0.43,4.31,球L,259,0.596,0.005,0.055,0.145,0.149,0.992,object#35,,0,0,,,,3,"[{""name"": ""球L"", ""share"": 0.596, ""q"": 0.005, ""capture"": 0.055, ""miss_deg"": 2.41, ""labels"": [259]}, {""name"": ""球M"", ""share"": 0.089, ""q"": 0.001, ""capture"": 0.008, ""miss_deg"": 3.1, ""labels"": [261]}, {""name"": ""苹果红"", ""share"": 0.108, ""q"": 0.001, ""capture"": 0.007, ""miss_deg"": 3.17, ""labels"": [260]}]"
2026_08_20/003,c4,v9,beyond_occ,ours,84.9,85.33,0.43,4.299,苹果粉,64,0.584,0.039,0.237,0.338,0.188,0.934,object#35,,1,1,,,,3,"[{""name"": ""苹果粉"", ""share"": 0.584, ""q"": 0.039, ""capture"": 0.237, ""miss_deg"": 1.7, ""labels"": [64]}, {""name"": ""球L"", ""share"": 0.11, ""q"": 0.007, ""capture"": 0.08, ""miss_deg"": 2.25, ""labels"": [259]}, {""name"": ""苹果红"", ""share"": 0.131, ""q"": 0.009, ""capture"": 0.063, ""miss_deg"": 2.35, ""labels"": [260]}]"
2026_08_20/003,c4,v9,beyond_occ,ours,85.39,86.9,1.52,4.304,苹果粉,64,0.261,0.005,0.03,0.833,0.46,0.981,object#35,,0,0,,,,3,"[{""name"": ""苹果粉"", ""share"": 0.261, ""q"": 0.005, ""capture"": 0.03, ""miss_deg"": 2.65, ""labels"": [64]}, {""name"": ""球L"", ""share"": 0.12, ""q"": 0.002, ""capture"": 0.025, ""miss_deg"": 2.71, ""labels"": [259]}, {""name"": ""水瓶"", ""share"": 0.584, ""q"": 0.011, ""capture"": 0.021, ""miss_deg"": 2.78, ""labels"": [30]}]"
2026_08_20/003,c4,v9,beyond_occ,ours,87.15,87.63,0.49,4.31,球L,259,0.242,0.002,0.024,0.542,0.971,0.991,object#35,,0,0,,,,3,"[{""name"": ""球L"", ""share"": 0.242, ""q"": 0.002, ""capture"": 0.024, ""miss_deg"": 2.73, ""labels"": [259]}, {""name"": ""苹果粉"", ""share"": 0.235, ""q"": 0.002, ""capture"": 0.013, ""miss_deg"": 2.95, ""labels"": [64]}, {""name"": ""水瓶"", ""share"": 0.459, ""q"": 0.004, ""capture"": 0.008, ""miss_deg"": 3.11, ""labels"": [30]}]"
2026_08_20/003,c4,v9,beyond_occ,ours,87.69,89.2,1.52,4.33,球L,259,0.387,0.025,0.273,0.484,0.483,0.936,物品台,,1,0,,,,3,"[{""name"": ""球L"", ""share"": 0.387, ""q"": 0.025, ""capture"": 0.273, ""miss_deg"": 1.61, ""labels"": [259]}, {""name"": ""球M"", ""share"": 0.187, ""q"": 0.012, ""capture"": 0.132, ""miss_deg"": 2.01, ""labels"": [261]}, {""name"": ""球R"", ""share"": 0.164, ""q"": 0.011, ""capture"": 0.116, ""miss_deg"": 2.08, ""labels"": [263]}]"
2026_08_20/003,c4,v9,beyond_occ,ours,89.42,91.97,2.55,4.336,球L,259,0.556,0.016,0.176,0.199,0.196,0.971,object#35,,0,0,,,,3,"[{""name"": ""球L"", ""share"": 0.556, ""q"": 0.016, ""capture"": 0.176, ""miss_deg"": 1.86, ""labels"": [259]}, {""name"": ""球M"", ""share"": 0.109, ""q"": 0.003, ""capture"": 0.035, ""miss_deg"": 2.59, ""labels"": [261]}, {""name"": ""苹果红"", ""share"": 0.134, ""q"": 0.004, ""capture"": 0.028, ""miss_deg"": 2.67, ""labels"": [260]}]"
2026_08_20/003,c4,v9,beyond_occ,ours,92.02,92.62,0.6,4.323,球L,259,0.169,0.006,0.07,0.829,1.479,0.962,object#35,,0,0,,,,3,"[{""name"": ""球L"", ""share"": 0.169, ""q"": 0.006, ""capture"": 0.07, ""miss_deg"": 2.3, ""labels"": [259]}, {""name"": ""苹果粉"", ""share"": 0.25, ""q"": 0.009, ""capture"": 0.058, ""miss_deg"": 2.39, ""labels"": [64]}, {""name"": ""水瓶"", ""share"": 0.472, ""q"": 0.018, ""capture"": 0.034, ""miss_deg"": 2.6, ""labels"": [30]}]"
2026_08_20/003,c4,v9,beyond_occ,ours,93.06,93.39,0.32,4.316,球L,259,0.568,0.012,0.134,0.254,0.25,0.978,object#35,,0,0,,,,3,"[{""name"": ""球L"", ""share"": 0.568, ""q"": 0.012, ""capture"": 0.134, ""miss_deg"": 2.0, ""labels"": [259]}, {""name"": ""球M"", ""share"": 0.142, ""q"": 0.003, ""capture"": 0.034, ""miss_deg"": 2.61, ""labels"": [261]}, {""name"": ""苹果红"", ""share"": 0.129, ""q"": 0.003, ""capture"": 0.02, ""miss_deg"": 2.79, ""labels"": [260]}]"
2026_08_20/003,c4,v9,beyond_occ,ours,93.44,94.04,0.6,4.284,球L,259,0.231,0.059,0.644,0.72,1.082,0.746,object#35,,0,0,,,,3,"[{""name"": ""球L"", ""share"": 0.231, ""q"": 0.059, ""capture"": 0.644, ""miss_deg"": 0.94, ""labels"": [259]}, {""name"": ""苹果红"", ""share"": 0.25, ""q"": 0.063, ""capture"": 0.464, ""miss_deg"": 1.24, ""labels"": [260]}, {""name"": ""苹果粉"", ""share"": 0.172, ""q"": 0.044, ""capture"": 0.23, ""miss_deg"": 1.71, ""labels"": [64]}]"
2026_08_20/003,c4,v9,beyond_occ,ours,94.09,95.34,1.25,4.294,苹果粉,64,0.622,0.017,0.103,0.311,0.174,0.973,object#37,,0,0,,,,3,"[{""name"": ""苹果粉"", ""share"": 0.622, ""q"": 0.017, ""capture"": 0.103, ""miss_deg"": 2.13, ""labels"": [64]}, {""name"": ""球L"", ""share"": 0.108, ""q"": 0.003, ""capture"": 0.032, ""miss_deg"": 2.62, ""labels"": [259]}, {""name"": ""水瓶"", ""share"": 0.227, ""q"": 0.006, ""capture"": 0.012, ""miss_deg"": 2.98, ""labels"": [30]}]"
2026_08_20/003,c4,v9,beyond_occ,ours,95.8,100.87,5.07,4.29,球L,259,0.356,0.029,0.316,0.361,0.545,0.919,object#35,,1,0,,,,3,"[{""name"": ""球L"", ""share"": 0.356, ""q"": 0.029, ""capture"": 0.316, ""miss_deg"": 1.52, ""labels"": [259]}, {""name"": ""苹果红"", ""share"": 0.194, ""q"": 0.016, ""capture"": 0.114, ""miss_deg"": 2.08, ""labels"": [260]}, {""name"": ""球M"", ""share"": 0.094, ""q"": 0.008, ""capture"": 0.083, ""miss_deg"": 2.23, ""labels"": [261]}]"
2026_08_20/003,c4,v9,beyond_occ,ours,101.1,101.59,0.49,4.294,球L,259,0.21,0.024,0.261,0.981,1.767,0.887,object#35,,0,0,,,,3,"[{""name"": ""球L"", ""share"": 0.21, ""q"": 0.024, ""capture"": 0.261, ""miss_deg"": 1.64, ""labels"": [259]}, {""name"": ""苹果粉"", ""share"": 0.371, ""q"": 0.042, ""capture"": 0.256, ""miss_deg"": 1.65, ""labels"": [64]}, {""name"": ""苹果红"", ""share"": 0.218, ""q"": 0.025, ""capture"": 0.18, ""miss_deg"": 1.85, ""labels"": [260]}]"
2026_08_20/003,c4,v9,beyond_occ,ours,101.64,102.29,0.65,4.312,球L,259,0.288,0.056,0.619,0.423,0.635,0.804,物品台,,0,0,,,,3,"[{""name"": ""球L"", ""share"": 0.288, ""q"": 0.056, ""capture"": 0.619, ""miss_deg"": 0.98, ""labels"": [259]}, {""name"": ""苹果红"", ""share"": 0.183, ""q"": 0.036, ""capture"": 0.262, ""miss_deg"": 1.64, ""labels"": [260]}, {""name"": ""球M"", ""share"": 0.117, ""q"": 0.023, ""capture"": 0.252, ""miss_deg"": 1.66, ""labels"": [261]}]"
2026_08_20/003,c4,v9,beyond_occ,ours,102.35,104.95,2.6,4.311,球L,259,0.26,0.035,0.382,0.636,0.958,0.866,object#35,,0,0,,,,3,"[{""name"": ""球L"", ""share"": 0.26, ""q"": 0.035, ""capture"": 0.382, ""miss_deg"": 1.39, ""labels"": [259]}, {""name"": ""苹果红"", ""share"": 0.249, ""q"": 0.033, ""capture"": 0.243, ""miss_deg"": 1.68, ""labels"": [260]}, {""name"": ""苹果粉"", ""share"": 0.269, ""q"": 0.036, ""capture"": 0.22, ""miss_deg"": 1.74, ""labels"": [64]}]"
2026_08_20/003,c4,v9,beyond_occ,ours,105.0,105.54,0.54,4.318,球L,259,0.303,0.062,0.682,0.421,0.634,0.795,物品台,,0,0,,,,3,"[{""name"": ""球L"", ""share"": 0.303, ""q"": 0.062, ""capture"": 0.682, ""miss_deg"": 0.87, ""labels"": [259]}, {""name"": ""苹果红"", ""share"": 0.192, ""q"": 0.039, ""capture"": 0.287, ""miss_deg"": 1.58, ""labels"": [260]}, {""name"": ""球R"", ""share"": 0.105, ""q"": 0.021, ""capture"": 0.236, ""miss_deg"": 1.7, ""labels"": [263]}]"
2026_08_20/003,c4,v9,beyond_occ,ours,105.6,106.46,0.87,4.322,球L,259,0.342,0.022,0.243,0.588,1.053,0.935,object#35,,0,0,,,,3,"[{""name"": ""球L"", ""share"": 0.342, ""q"": 0.022, ""capture"": 0.243, ""miss_deg"": 1.68, ""labels"": [259]}, {""name"": ""苹果粉"", ""share"": 0.36, ""q"": 0.023, ""capture"": 0.143, ""miss_deg"": 1.97, ""labels"": [64]}, {""name"": ""苹果红"", ""share"": 0.153, ""q"": 0.01, ""capture"": 0.073, ""miss_deg"": 2.29, ""labels"": [260]}]"
2026_08_20/003,c4,v9,beyond_occ,ours,106.83,108.13,1.3,4.295,球L,259,0.319,0.05,0.548,0.398,0.599,0.844,物品台,,0,0,,,,3,"[{""name"": ""球L"", ""share"": 0.319, ""q"": 0.05, ""capture"": 0.548, ""miss_deg"": 1.1, ""labels"": [259]}, {""name"": ""苹果红"", ""share"": 0.191, ""q"": 0.03, ""capture"": 0.218, ""miss_deg"": 1.74, ""labels"": [260]}, {""name"": ""球M"", ""share"": 0.122, ""q"": 0.019, ""capture"": 0.209, ""miss_deg"": 1.77, ""labels"": [261]}]"
2026_08_20/003,c4,v9,beyond_occ,ours,108.23,110.91,2.68,4.328,球L,259,0.361,0.029,0.318,0.487,0.488,0.92,物品台,,1,0,,,,3,"[{""name"": ""球L"", ""share"": 0.361, ""q"": 0.029, ""capture"": 0.318, ""miss_deg"": 1.51, ""labels"": [259]}, {""name"": ""球M"", ""share"": 0.176, ""q"": 0.014, ""capture"": 0.155, ""miss_deg"": 1.93, ""labels"": [261]}, {""name"": ""球R"", ""share"": 0.118, ""q"": 0.009, ""capture"": 0.104, ""miss_deg"": 2.13, ""labels"": [263]}]"
2026_08_20/003,c4,v9,beyond_occ,ours,110.97,113.35,2.38,4.314,球L,259,0.412,0.029,0.323,0.368,0.369,0.929,物品台,,1,0,,,,3,"[{""name"": ""球L"", ""share"": 0.412, ""q"": 0.029, ""capture"": 0.323, ""miss_deg"": 1.5, ""labels"": [259]}, {""name"": ""球M"", ""share"": 0.152, ""q"": 0.011, ""capture"": 0.119, ""miss_deg"": 2.06, ""labels"": [261]}, {""name"": ""苹果红"", ""share"": 0.182, ""q"": 0.013, ""capture"": 0.095, ""miss_deg"": 2.17, ""labels"": [260]}]"
2026_08_20/003,c4,v9,beyond_occ,ours,113.41,114.06,0.65,4.318,球L,259,0.702,0.001,0.008,0.125,0.425,0.999,object#35,,0,0,,,,2,"[{""name"": ""球L"", ""share"": 0.702, ""q"": 0.001, ""capture"": 0.008, ""miss_deg"": 3.12, ""labels"": [259]}, {""name"": ""水瓶"", ""share"": 0.298, ""q"": 0.0, ""capture"": 0.001, ""miss_deg"": 3.86, ""labels"": [30]}]"
2026_08_20/003,c4,v9,beyond_occ,ours,114.11,114.49,0.38,4.318,球L,259,0.251,0.003,0.034,0.853,0.869,0.988,物品台,,0,0,,,,3,"[{""name"": ""球L"", ""share"": 0.251, ""q"": 0.003, ""capture"": 0.034, ""miss_deg"": 2.6, ""labels"": [259]}, {""name"": ""球M"", ""share"": 0.218, ""q"": 0.003, ""capture"": 0.029, ""miss_deg"": 2.66, ""labels"": [261]}, {""name"": ""球R"", ""share"": 0.099, ""q"": 0.001, ""capture"": 0.013, ""miss_deg"": 2.94, ""labels"": [263]}]"
2026_08_20/003,c4,v9,beyond_occ,ours,114.96,115.55,0.6,4.321,球L,259,0.399,0.017,0.182,0.319,0.479,0.958,object#35,,0,0,,,,3,"[{""name"": ""球L"", ""share"": 0.399, ""q"": 0.017, ""capture"": 0.182, ""miss_deg"": 1.85, ""labels"": [259]}, {""name"": ""苹果红"", ""share"": 0.191, ""q"": 0.008, ""capture"": 0.058, ""miss_deg"": 2.39, ""labels"": [260]}, {""name"": ""苹果粉"", ""share"": 0.223, ""q"": 0.009, ""capture"": 0.057, ""miss_deg"": 2.4, ""labels"": [64]}]"
2026_08_20/003,c4,v9,beyond_occ,ours,115.61,119.99,4.39,4.318,球L,259,0.334,0.036,0.392,0.48,0.722,0.893,object#35,,0,0,,,,3,"[{""name"": ""球L"", ""share"": 0.334, ""q"": 0.036, ""capture"": 0.392, ""miss_deg"": 1.37, ""labels"": [259]}, {""name"": ""苹果红"", ""share"": 0.241, ""q"": 0.026, ""capture"": 0.188, ""miss_deg"": 1.83, ""labels"": [260]}, {""name"": ""球M"", ""share"": 0.085, ""q"": 0.009, ""capture"": 0.1, ""miss_deg"": 2.15, ""labels"": [261]}]"
2026_08_20/003,c4,v9,beyond_occ,ours,120.05,120.48,0.43,4.31,苹果粉,64,0.358,0.067,0.408,0.909,0.763,0.814,object#35,,0,0,,,,3,"[{""name"": ""苹果粉"", ""share"": 0.358, ""q"": 0.067, ""capture"": 0.408, ""miss_deg"": 1.34, ""labels"": [64]}, {""name"": ""苹果红"", ""share"": 0.273, ""q"": 0.051, ""capture"": 0.371, ""miss_deg"": 1.41, ""labels"": [260]}, {""name"": ""球L"", ""share"": 0.144, ""q"": 0.027, ""capture"": 0.294, ""miss_deg"": 1.56, ""labels"": [259]}]"
2026_08_20/003,c4,v9,beyond_occ,ours,120.53,122.11,1.57,4.322,球L,259,0.457,0.019,0.21,0.224,0.339,0.958,object#35,,1,0,,,,3,"[{""name"": ""球L"", ""share"": 0.457, ""q"": 0.019, ""capture"": 0.21, ""miss_deg"": 1.77, ""labels"": [259]}, {""name"": ""苹果红"", ""share"": 0.155, ""q"": 0.006, ""capture"": 0.047, ""miss_deg"": 2.47, ""labels"": [260]}, {""name"": ""球M"", ""share"": 0.067, ""q"": 0.003, ""capture"": 0.031, ""miss_deg"": 2.64, ""labels"": [261]}]"
2026_08_20/003,c4,v9,beyond_occ,ours,122.16,122.65,0.49,4.339,球L,259,0.471,0.013,0.142,0.472,0.473,0.973,object#35,,0,0,,,,3,"[{""name"": ""球L"", ""share"": 0.471, ""q"": 0.013, ""capture"": 0.142, ""miss_deg"": 1.98, ""labels"": [259]}, {""name"": ""球M"", ""share"": 0.223, ""q"": 0.006, ""capture"": 0.067, ""miss_deg"": 2.32, ""labels"": [261]}, {""name"": ""苹果红"", ""share"": 0.09, ""q"": 0.002, ""capture"": 0.021, ""miss_deg"": 2.78, ""labels"": [260]}]"
2026_08_20/003,c4,v9,beyond_occ,ours,122.95,123.33,0.38,4.333,球L,259,0.335,0.027,0.295,0.586,0.588,0.92,物品台,,0,0,,,,3,"[{""name"": ""球L"", ""share"": 0.335, ""q"": 0.027, ""capture"": 0.295, ""miss_deg"": 1.56, ""labels"": [259]}, {""name"": ""球M"", ""share"": 0.197, ""q"": 0.016, ""capture"": 0.173, ""miss_deg"": 1.87, ""labels"": [261]}, {""name"": ""球R"", ""share"": 0.147, ""q"": 0.012, ""capture"": 0.13, ""miss_deg"": 2.02, ""labels"": [263]}]"
2026_08_20/003,c4,v9,beyond_occ,ours,123.38,123.93,0.54,4.271,球L,259,0.303,0.061,0.669,0.466,0.703,0.799,物品台,,0,0,,,,3,"[{""name"": ""球L"", ""share"": 0.303, ""q"": 0.061, ""capture"": 0.669, ""miss_deg"": 0.9, ""labels"": [259]}, {""name"": ""苹果红"", ""share"": 0.213, ""q"": 0.043, ""capture"": 0.312, ""miss_deg"": 1.53, ""labels"": [260]}, {""name"": ""球M"", ""share"": 0.127, ""q"": 0.026, ""capture"": 0.282, ""miss_deg"": 1.59, ""labels"": [261]}]"
2026_08_20/003,c4,v9,beyond_occ,ours,123.98,125.46,1.48,4.312,球L,259,0.286,0.059,0.648,0.468,0.706,0.794,物品台,,0,0,,,,3,"[{""name"": ""球L"", ""share"": 0.286, ""q"": 0.059, ""capture"": 0.648, ""miss_deg"": 0.93, ""labels"": [259]}, {""name"": ""苹果红"", ""share"": 0.202, ""q"": 0.042, ""capture"": 0.303, ""miss_deg"": 1.54, ""labels"": [260]}, {""name"": ""球R"", ""share"": 0.113, ""q"": 0.023, ""capture"": 0.257, ""miss_deg"": 1.65, ""labels"": [263]}]"
2026_08_20/003,c4,v9,beyond_occ,ours,125.74,128.29,2.55,4.323,球L,259,0.308,0.053,0.579,0.525,0.526,0.829,物品台,,0,0,,,,3,"[{""name"": ""球L"", ""share"": 0.308, ""q"": 0.053, ""capture"": 0.579, ""miss_deg"": 1.05, ""labels"": [259]}, {""name"": ""球R"", ""share"": 0.162, ""q"": 0.028, ""capture"": 0.304, ""miss_deg"": 1.54, ""labels"": [263]}, {""name"": ""球M"", ""share"": 0.117, ""q"": 0.02, ""capture"": 0.22, ""miss_deg"": 1.74, ""labels"": [261]}]"
2026_08_20/003,c4,v9,beyond_occ,ours,134.23,134.61,0.38,0.839,,-1,0.0,0.0,,,,1.0,object#14,,0,0,,,,0,[]
2026_08_25/c1_1,c4,v9,beyond_occ,ours,4.15,4.53,0.38,1.959,,-1,0.0,0.0,,,,1.0,floor,,0,0,,,,0,[]
2026_08_25/c1_1,c4,v9,beyond_occ,ours,7.82,8.2,0.38,3.256,,-1,0.0,0.0,,,,1.0,object#35,,0,0,,,,0,[]
2026_08_25/c1_1,c4,v9,beyond_occ,ours,11.28,14.53,3.25,4.04,球L,259,1.0,0.001,0.007,0.0,0.0,0.999,object#24,,0,0,1,球L,1,1,"[{""name"": ""球L"", ""share"": 1.0, ""q"": 0.001, ""capture"": 0.007, ""miss_deg"": 3.13, ""labels"": [259]}]"
2026_08_25/c1_1,c4,v9,beyond_occ,ours,15.91,18.41,2.5,4.123,水瓶,30,0.796,0.001,0.002,0.5,0.256,0.999,object#37,,0,0,,,,2,"[{""name"": ""水瓶"", ""share"": 0.796, ""q"": 0.001, ""capture"": 0.002, ""miss_deg"": 3.52, ""labels"": [30]}, {""name"": ""苹果粉"", ""share"": 0.204, ""q"": 0.0, ""capture"": 0.001, ""miss_deg"": 3.63, ""labels"": [64]}]"
2026_08_25/c1_1,c4,v9,beyond_occ,ours,18.58,21.61,3.03,4.11,苹果粉,64,1.0,0.001,0.004,0.0,0.0,0.999,object#35,,0,0,,,,1,"[{""name"": ""苹果粉"", ""share"": 1.0, ""q"": 0.001, ""capture"": 0.004, ""miss_deg"": 3.34, ""labels"": [64]}]"
2026_08_25/c1_1,c4,v9,beyond_occ,ours,21.67,23.78,2.11,4.115,,-1,0.0,0.0,,,,1.0,object#24,,0,0,,,,0,[]
2026_08_25/c1_1,c4,v9,beyond_occ,ours,24.01,29.97,5.96,4.119,球L,259,1.0,0.0,0.001,0.0,0.0,1.0,object#24,,0,0,6,球L,1,1,"[{""name"": ""球L"", ""share"": 1.0, ""q"": 0.0, ""capture"": 0.001, ""miss_deg"": 3.66, ""labels"": [259]}]"
2026_08_25/c1_1,c4,v9,beyond_occ,ours,30.22,32.38,2.17,4.093,,-1,0.0,0.0,,,,1.0,object#24,,0,0,,,,0,[]
2026_08_25/c1_1,c4,v9,beyond_occ,ours,32.71,36.28,3.57,4.132,球L,259,0.551,0.001,0.012,1.0,0.815,0.998,object#24,,0,0,8,球L,1,2,"[{""name"": ""球L"", ""share"": 0.551, ""q"": 0.001, ""capture"": 0.012, ""miss_deg"": 2.98, ""labels"": [259]}, {""name"": ""球M"", ""share"": 0.449, ""q"": 0.001, ""capture"": 0.012, ""miss_deg"": 2.98, ""labels"": [261]}]"
2026_08_25/c1_1,c4,v9,beyond_occ,ours,36.55,37.68,1.14,4.138,球L,259,1.0,0.001,0.013,0.0,0.0,0.999,object#24,,0,0,8,球L,1,1,"[{""name"": ""球L"", ""share"": 1.0, ""q"": 0.001, ""capture"": 0.013, ""miss_deg"": 2.95, ""labels"": [259]}]"
2026_08_25/c1_1,c4,v9,beyond_occ,ours,37.74,43.15,5.42,4.137,,-1,0.0,0.0,,,,1.0,object#24,,0,0,,,,0,[]
2026_08_25/c1_1,c4,v9,beyond_occ,ours,43.4,51.57,8.18,4.162,球L,259,0.867,0.008,0.071,0.056,0.07,0.991,object#35,,0,0,9,球L,1,3,"[{""name"": ""球L"", ""share"": 0.867, ""q"": 0.008, ""capture"": 0.071, ""miss_deg"": 2.3, ""labels"": [259]}, {""name"": ""苹果红"", ""share"": 0.061, ""q"": 0.001, ""capture"": 0.004, ""miss_deg"": 3.34, ""labels"": [260]}, {""name"": ""苹果粉"", ""share"": 0.072, ""q"": 0.001, ""capture"": 0.003, ""miss_deg"": 3.39, ""labels"": [64]}]"
2026_08_25/c1_1,c4,v9,beyond_occ,ours,51.85,56.99,5.15,4.19,水瓶,30,0.812,0.002,0.004,0.5,0.232,0.997,object#35,,0,0,,,,2,"[{""name"": ""水瓶"", ""share"": 0.812, ""q"": 0.002, ""capture"": 0.004, ""miss_deg"": 3.33, ""labels"": [30]}, {""name"": ""苹果粉"", ""share"": 0.188, ""q"": 0.0, ""capture"": 0.002, ""miss_deg"": 3.48, ""labels"": [64]}]"
2026_08_25/c1_1,c4,v9,beyond_occ,ours,57.24,57.67,0.43,4.19,水瓶,30,1.0,0.0,0.0,0.0,0.0,1.0,object#35,,0,0,,,,1,"[{""name"": ""水瓶"", ""share"": 1.0, ""q"": 0.0, ""capture"": 0.0, ""miss_deg"": 3.94, ""labels"": [30]}]"
2026_08_25/c1_1,c4,v9,beyond_occ,ours,57.94,60.27,2.33,4.202,球L,259,0.354,0.084,0.765,0.908,0.754,0.763,物品台,,0,0,,,,3,"[{""name"": ""球L"", ""share"": 0.354, ""q"": 0.084, ""capture"": 0.765, ""miss_deg"": 0.73, ""labels"": [259]}, {""name"": ""球M"", ""share"": 0.267, ""q"": 0.063, ""capture"": 0.695, ""miss_deg"": 0.85, ""labels"": [261]}, {""name"": ""球R"", ""share"": 0.117, ""q"": 0.028, ""capture"": 0.304, ""miss_deg"": 1.54, ""labels"": [263]}]"
2026_08_25/c1_1,c4,v9,beyond_occ,ours,60.49,64.99,4.5,4.168,球L,259,0.615,0.03,0.278,0.561,0.463,0.95,物品台,,1,1,,,,3,"[{""name"": ""球L"", ""share"": 0.615, ""q"": 0.03, ""capture"": 0.278, ""miss_deg"": 1.6, ""labels"": [259]}, {""name"": ""球M"", ""share"": 0.285, ""q"": 0.014, ""capture"": 0.156, ""miss_deg"": 1.93, ""labels"": [261]}, {""name"": ""水瓶"", ""share"": 0.081, ""q"": 0.004, ""capture"": 0.007, ""miss_deg"": 3.13, ""labels"": [30]}]"
2026_08_25/c1_1,c4,v9,beyond_occ,ours,66.57,66.95,0.38,4.167,球R,263,0.407,0.099,0.902,0.803,0.666,0.757,物品台,,1,0,,,,3,"[{""name"": ""球R"", ""share"": 0.407, ""q"": 0.099, ""capture"": 0.902, ""miss_deg"": 0.45, ""labels"": [263]}, {""name"": ""球M"", ""share"": 0.271, ""q"": 0.066, ""capture"": 0.724, ""miss_deg"": 0.8, ""labels"": [261]}, {""name"": ""白杯2"", ""share"": 0.168, ""q"": 0.041, ""capture"": 0.249, ""miss_deg"": 1.67, ""labels"": [267]}]"
2026_08_25/c1_1,c4,v9,beyond_occ,ours,67.26,67.58,0.32,3.183,,-1,0.0,0.0,,,,1.0,object#26,,0,0,,,,0,[]
2026_08_25/c1_1,c4,v9,beyond_occ,ours,67.91,68.5,0.6,3.134,,-1,0.0,0.0,,,,1.0,object#26,,0,0,,,,0,[]
2026_08_25/c1_1,c4,v9,beyond_occ,ours,68.94,69.43,0.49,4.165,,-1,0.0,0.0,,,,1.0,object#24,,0,0,,,,0,[]
2026_08_25/c1_1,c4,v9,beyond_occ,ours,69.49,69.97,0.49,4.157,球L,259,0.499,0.055,0.498,0.313,0.417,0.89,object#35,,1,0,,,,3,"[{""name"": ""球L"", ""share"": 0.499, ""q"": 0.055, ""capture"": 0.498, ""miss_deg"": 1.18, ""labels"": [259]}, {""name"": ""苹果红"", ""share"": 0.208, ""q"": 0.023, ""capture"": 0.156, ""miss_deg"": 1.93, ""labels"": [260]}, {""name"": ""球M"", ""share"": 0.085, ""q"": 0.009, ""capture"": 0.103, ""miss_deg"": 2.13, ""labels"": [261]}]"
2026_08_25/c1_1,c4,v9,beyond_occ,ours,70.03,70.41,0.38,4.157,球L,259,0.675,0.012,0.106,0.547,0.452,0.983,object#24,,0,0,,,,3,"[{""name"": ""球L"", ""share"": 0.675, ""q"": 0.012, ""capture"": 0.106, ""miss_deg"": 2.12, ""labels"": [259]}, {""name"": ""球M"", ""share"": 0.305, ""q"": 0.005, ""capture"": 0.058, ""miss_deg"": 2.39, ""labels"": [261]}, {""name"": ""苹果红"", ""share"": 0.012, ""q"": 0.0, ""capture"": 0.001, ""miss_deg"": 3.62, ""labels"": [260]}]"
2026_08_25/c1_1,c4,v9,beyond_occ,ours,70.46,70.79,0.32,4.167,苹果粉,64,0.607,0.006,0.028,0.25,0.647,0.99,object#35,,0,0,,,,2,"[{""name"": ""苹果粉"", ""share"": 0.607, ""q"": 0.006, ""capture"": 0.028, ""miss_deg"": 2.67, ""labels"": [64]}, {""name"": ""水瓶"", ""share"": 0.393, ""q"": 0.004, ""capture"": 0.007, ""miss_deg"": 3.16, ""labels"": [30]}]"
2026_08_25/c1_1,c4,v9,beyond_occ,ours,70.89,77.4,6.5,4.174,球L,259,0.837,0.009,0.087,0.103,0.135,0.989,object#35,,0,0,,,,3,"[{""name"": ""球L"", ""share"": 0.837, ""q"": 0.009, ""capture"": 0.087, ""miss_deg"": 2.21, ""labels"": [259]}, {""name"": ""苹果红"", ""share"": 0.113, ""q"": 0.001, ""capture"": 0.009, ""miss_deg"": 3.08, ""labels"": [260]}, {""name"": ""苹果粉"", ""share"": 0.049, ""q"": 0.001, ""capture"": 0.003, ""miss_deg"": 3.44, ""labels"": [64]}]"
2026_08_25/c1_1,c4,v9,beyond_occ,ours,77.45,80.11,2.65,4.17,,-1,0.0,0.0,,,,1.0,object#35,,0,0,,,,0,[]
2026_08_25/c1_1,c4,v9,beyond_occ,ours,80.33,84.06,3.74,4.177,球L,259,0.78,0.006,0.054,0.056,0.259,0.992,object#35,,0,0,,,,3,"[{""name"": ""球L"", ""share"": 0.78, ""q"": 0.006, ""capture"": 0.054, ""miss_deg"": 2.41, ""labels"": [259]}, {""name"": ""水瓶"", ""share"": 0.202, ""q"": 0.002, ""capture"": 0.003, ""miss_deg"": 3.42, ""labels"": [30]}, {""name"": ""苹果红"", ""share"": 0.018, ""q"": 0.0, ""capture"": 0.001, ""miss_deg"": 3.74, ""labels"": [260]}]"
2026_08_25/c1_1,c4,v9,beyond_occ,ours,84.12,86.5,2.38,4.186,水瓶,30,1.0,0.001,0.001,0.0,0.0,0.999,object#35,,0,0,,,,1,"[{""name"": ""水瓶"", ""share"": 1.0, ""q"": 0.001, ""capture"": 0.001, ""miss_deg"": 3.66, ""labels"": [30]}]"
2026_08_25/c1_1,c4,v9,beyond_occ,ours,86.74,93.45,6.72,4.177,球M,261,0.462,0.004,0.04,0.975,1.165,0.992,object#24,,0,0,10,球M,1,2,"[{""name"": ""球M"", ""share"": 0.462, ""q"": 0.004, ""capture"": 0.04, ""miss_deg"": 2.54, ""labels"": [261]}, {""name"": ""球L"", ""share"": 0.538, ""q"": 0.004, ""capture"": 0.039, ""miss_deg"": 2.55, ""labels"": [259]}]"
2026_08_25/c1_1,c4,v9,beyond_occ,ours,93.61,97.46,3.85,4.18,球L,259,0.729,0.011,0.103,0.146,0.192,0.984,object#35,,0,0,11,球L,1,3,"[{""name"": ""球L"", ""share"": 0.729, ""q"": 0.011, ""capture"": 0.103, ""miss_deg"": 2.13, ""labels"": [259]}, {""name"": ""苹果红"", ""share"": 0.14, ""q"": 0.002, ""capture"": 0.015, ""miss_deg"": 2.9, ""labels"": [260]}, {""name"": ""水瓶"", ""share"": 0.122, ""q"": 0.002, ""capture"": 0.003, ""miss_deg"": 3.36, ""labels"": [30]}]"
2026_08_25/c1_1,c4,v9,beyond_occ,ours,97.51,97.89,0.38,4.174,球L,259,0.884,0.003,0.024,0.042,0.131,0.997,object#24,,0,0,11,球L,1,2,"[{""name"": ""球L"", ""share"": 0.884, ""q"": 0.003, ""capture"": 0.024, ""miss_deg"": 2.73, ""labels"": [259]}, {""name"": ""水瓶"", ""share"": 0.116, ""q"": 0.0, ""capture"": 0.001, ""miss_deg"": 3.84, ""labels"": [30]}]"
2026_08_25/c1_1,c4,v9,beyond_occ,ours,98.18,100.51,2.33,4.178,球L,259,0.814,0.017,0.154,0.097,0.13,0.979,object#35,,0,0,11,球L,1,3,"[{""name"": ""球L"", ""share"": 0.814, ""q"": 0.017, ""capture"": 0.154, ""miss_deg"": 1.93, ""labels"": [259]}, {""name"": ""苹果红"", ""share"": 0.106, ""q"": 0.002, ""capture"": 0.015, ""miss_deg"": 2.9, ""labels"": [260]}, {""name"": ""球M"", ""share"": 0.017, ""q"": 0.0, ""capture"": 0.004, ""miss_deg"": 3.34, ""labels"": [261]}]"
2026_08_25/c1_1,c4,v9,beyond_occ,ours,100.73,105.98,5.25,4.178,球L,259,0.744,0.019,0.174,0.328,0.272,0.974,object#35,,0,0,11,球L,1,3,"[{""name"": ""球L"", ""share"": 0.744, ""q"": 0.019, ""capture"": 0.174, ""miss_deg"": 1.87, ""labels"": [259]}, {""name"": ""球M"", ""share"": 0.202, ""q"": 0.005, ""capture"": 0.057, ""miss_deg"": 2.39, ""labels"": [261]}, {""name"": ""苹果红"", ""share"": 0.041, ""q"": 0.001, ""capture"": 0.007, ""miss_deg"": 3.14, ""labels"": [260]}]"
2026_08_25/c1_1,c4,v9,beyond_occ,ours,106.23,107.32,1.08,4.177,球L,259,0.574,0.046,0.418,0.565,0.469,0.92,物品台,,1,1,11,球L,1,3,"[{""name"": ""球L"", ""share"": 0.574, ""q"": 0.046, ""capture"": 0.418, ""miss_deg"": 1.32, ""labels"": [259]}, {""name"": ""球M"", ""share"": 0.269, ""q"": 0.021, ""capture"": 0.236, ""miss_deg"": 1.7, ""labels"": [261]}, {""name"": ""苹果红"", ""share"": 0.069, ""q"": 0.006, ""capture"": 0.038, ""miss_deg"": 2.56, ""labels"": [260]}]"
2026_08_25/c1_1,c4,v9,beyond_occ,ours,107.62,112.55,4.93,4.191,球M,261,0.331,0.061,0.671,0.788,0.949,0.815,物品台,,0,0,12,球M,1,3,"[{""name"": ""球M"", ""share"": 0.331, ""q"": 0.061, ""capture"": 0.671, ""miss_deg"": 0.89, ""labels"": [261]}, {""name"": ""球L"", ""share"": 0.314, ""q"": 0.058, ""capture"": 0.529, ""miss_deg"": 1.13, ""labels"": [259]}, {""name"": ""球R"", ""share"": 0.184, ""q"": 0.034, ""capture"": 0.309, ""miss_deg"": 1.53, ""labels"": [263]}]"
2026_08_25/c1_1,c4,v9,beyond_occ,ours,112.72,114.45,1.73,4.2,球M,261,0.34,0.061,0.675,0.613,0.738,0.819,物品台,,0,0,12,球M,1,3,"[{""name"": ""球M"", ""share"": 0.34, ""q"": 0.061, ""capture"": 0.675, ""miss_deg"": 0.89, ""labels"": [261]}, {""name"": ""球L"", ""share"": 0.251, ""q"": 0.045, ""capture"": 0.414, ""miss_deg"": 1.33, ""labels"": [259]}, {""name"": ""球R"", ""share"": 0.248, ""q"": 0.045, ""capture"": 0.409, ""miss_deg"": 1.34, ""labels"": [263]}]"
2026_08_25/c1_1,c4,v9,beyond_occ,ours,114.51,114.94,0.43,4.175,球L,259,0.293,0.091,0.831,0.72,0.959,0.689,物品台,,0,0,,,,3,"[{""name"": ""球L"", ""share"": 0.293, ""q"": 0.091, ""capture"": 0.831, ""miss_deg"": 0.61, ""labels"": [259]}, {""name"": ""苹果红"", ""share"": 0.281, ""q"": 0.087, ""capture"": 0.598, ""miss_deg"": 1.01, ""labels"": [260]}, {""name"": ""球M"", ""share"": 0.067, ""q"": 0.021, ""capture"": 0.229, ""miss_deg"": 1.72, ""labels"": [261]}]"
2026_08_25/c1_1,c4,v9,beyond_occ,ours,115.07,121.35,6.28,4.157,球L,259,0.726,0.025,0.226,0.265,0.222,0.966,object#35,,1,1,,,,3,"[{""name"": ""球L"", ""share"": 0.726, ""q"": 0.025, ""capture"": 0.226, ""miss_deg"": 1.72, ""labels"": [259]}, {""name"": ""球M"", ""share"": 0.161, ""q"": 0.005, ""capture"": 0.06, ""miss_deg"": 2.37, ""labels"": [261]}, {""name"": ""苹果红"", ""share"": 0.049, ""q"": 0.002, ""capture"": 0.011, ""miss_deg"": 2.99, ""labels"": [260]}]"
2026_08_25/c1_1,c4,v9,beyond_occ,ours,121.63,127.21,5.58,4.186,球M,261,0.302,0.081,0.894,0.784,0.944,0.731,物品台,,0,0,14,球M,1,3,"[{""name"": ""球M"", ""share"": 0.302, ""q"": 0.081, ""capture"": 0.894, ""miss_deg"": 0.47, ""labels"": [261]}, {""name"": ""球L"", ""share"": 0.285, ""q"": 0.077, ""capture"": 0.701, ""miss_deg"": 0.84, ""labels"": [259]}, {""name"": ""球R"", ""share"": 0.158, ""q"": 0.042, ""capture"": 0.387, ""miss_deg"": 1.38, ""labels"": [263]}]"
2026_08_25/c1_1,c4,v9,beyond_occ,ours,129.6,130.46,0.87,1.279,,-1,0.0,0.0,,,,1.0,object#14,,0,0,,,,0,[]
2026_08_25/c1_1,c4,v9,beyond_occ,ours,130.52,130.79,0.27,0.892,,-1,0.0,0.0,,,,1.0,object#14,,0,0,,,,0,[]
2026_08_25/c1_1,c4,v9,beyond_occ,ours,131.0,131.33,0.32,0.678,,-1,0.0,0.0,,,,1.0,object#14,,0,0,,,,0,[]
2026_08_25/c1_2,c4,v9,,ours,4.48,4.76,0.27,5.705,水瓶,30,1.0,0.001,0.003,0.0,0.0,0.999,object#23,,0,0,,,,1,"[{""name"": ""水瓶"", ""share"": 1.0, ""q"": 0.001, ""capture"": 0.003, ""miss_deg"": 3.38, ""labels"": [30]}]"
2026_08_25/c1_2,c4,v9,,ours,6.13,7.22,1.08,4.222,球L,259,0.465,0.071,0.648,0.685,0.568,0.847,物品台,,1,0,,,,3,"[{""name"": ""球L"", ""share"": 0.465, ""q"": 0.071, ""capture"": 0.648, ""miss_deg"": 0.93, ""labels"": [259]}, {""name"": ""球M"", ""share"": 0.264, ""q"": 0.04, ""capture"": 0.444, ""miss_deg"": 1.27, ""labels"": [261]}, {""name"": ""苹果红"", ""share"": 0.093, ""q"": 0.014, ""capture"": 0.104, ""miss_deg"": 2.13, ""labels"": [260]}]"
2026_08_25/c1_2,c4,v9,,ours,7.27,7.54,0.27,4.229,球L,259,0.288,0.06,0.661,0.716,1.076,0.791,object#35,,0,0,,,,3,"[{""name"": ""球L"", ""share"": 0.288, ""q"": 0.06, ""capture"": 0.661, ""miss_deg"": 0.91, ""labels"": [259]}, {""name"": ""苹果红"", ""share"": 0.31, ""q"": 0.065, ""capture"": 0.473, ""miss_deg"": 1.22, ""labels"": [260]}, {""name"": ""苹果粉"", ""share"": 0.238, ""q"": 0.05, ""capture"": 0.263, ""miss_deg"": 1.64, ""labels"": [64]}]"
2026_08_25/c1_2,c4,v9,,ours,7.6,8.68,1.08,4.252,球M,261,0.385,0.054,0.599,0.696,0.696,0.859,物品台,,1,0,,,,3,"[{""name"": ""球M"", ""share"": 0.385, ""q"": 0.054, ""capture"": 0.599, ""miss_deg"": 1.01, ""labels"": [261]}, {""name"": ""球L"", ""share"": 0.268, ""q"": 0.038, ""capture"": 0.417, ""miss_deg"": 1.32, ""labels"": [259]}, {""name"": ""球R"", ""share"": 0.186, ""q"": 0.026, ""capture"": 0.29, ""miss_deg"": 1.57, ""labels"": [263]}]"
2026_08_25/c1_2,c4,v9,,ours,8.95,9.28,0.32,3.518,,-1,0.0,0.0,,,,1.0,object#36,,0,0,,,,0,[]
2026_08_25/c1_2,c4,v9,,ours,9.33,9.82,0.49,3.381,,-1,0.0,0.0,,,,1.0,object#26,,0,0,,,,0,[]
2026_08_25/c1_2,c4,v9,,ours,9.87,10.36,0.49,3.32,,-1,0.0,0.0,,,,1.0,object#26,,0,0,,,,0,[]
2026_08_25/c1_2,c4,v9,,ours,10.41,10.68,0.27,3.433,,-1,0.0,0.0,,,,1.0,object#26,,0,0,,,,0,[]
2026_08_25/c1_2,c4,v9,,ours,11.22,12.31,1.08,4.244,球L,259,0.785,0.009,0.104,0.269,0.274,0.988,object#24,,0,0,,,,2,"[{""name"": ""球L"", ""share"": 0.785, ""q"": 0.009, ""capture"": 0.104, ""miss_deg"": 2.13, ""labels"": [259]}, {""name"": ""球M"", ""share"": 0.215, ""q"": 0.003, ""capture"": 0.028, ""miss_deg"": 2.67, ""labels"": [261]}]"
2026_08_25/c1_2,c4,v9,,ours,12.74,14.91,2.17,4.246,球L,259,0.586,0.023,0.254,0.362,0.363,0.961,object#35,,1,1,,,,3,"[{""name"": ""球L"", ""share"": 0.586, ""q"": 0.023, ""capture"": 0.254, ""miss_deg"": 1.66, ""labels"": [259]}, {""name"": ""球M"", ""share"": 0.213, ""q"": 0.008, ""capture"": 0.092, ""miss_deg"": 2.18, ""labels"": [261]}, {""name"": ""苹果红"", ""share"": 0.08, ""q"": 0.003, ""capture"": 0.023, ""miss_deg"": 2.74, ""labels"": [260]}]"
2026_08_25/c1_2,c4,v9,,ours,15.2,20.78,5.58,4.229,球L,259,0.839,0.006,0.07,0.029,0.16,0.992,object#35,,0,0,1,球L,1,3,"[{""name"": ""球L"", ""share"": 0.839, ""q"": 0.006, ""capture"": 0.07, ""miss_deg"": 2.31, ""labels"": [259]}, {""name"": ""水瓶"", ""share"": 0.134, ""q"": 0.001, ""capture"": 0.002, ""miss_deg"": 3.54, ""labels"": [30]}, {""name"": ""苹果红"", ""share"": 0.027, ""q"": 0.0, ""capture"": 0.002, ""miss_deg"": 3.61, ""labels"": [260]}]"
2026_08_25/c1_2,c4,v9,,ours,20.83,22.78,1.95,4.227,球L,259,0.989,0.007,0.072,0.014,0.011,0.993,object#24,,0,0,1,球L,1,2,"[{""name"": ""球L"", ""share"": 0.989, ""q"": 0.007, ""capture"": 0.072, ""miss_deg"": 2.29, ""labels"": [259]}, {""name"": ""苹果红"", ""share"": 0.011, ""q"": 0.0, ""capture"": 0.001, ""miss_deg"": 3.88, ""labels"": [260]}]"
2026_08_25/c1_2,c4,v9,,ours,23.16,23.87,0.7,4.254,球R,263,0.456,0.008,0.085,0.776,0.785,0.983,object#24,,0,0,,,,3,"[{""name"": ""球R"", ""share"": 0.456, ""q"": 0.008, ""capture"": 0.085, ""miss_deg"": 2.22, ""labels"": [263]}, {""name"": ""球M"", ""share"": 0.358, ""q"": 0.006, ""capture"": 0.066, ""miss_deg"": 2.33, ""labels"": [261]}, {""name"": ""水瓶"", ""share"": 0.186, ""q"": 0.003, ""capture"": 0.006, ""miss_deg"": 3.2, ""labels"": [30]}]"
2026_08_25/c1_2,c4,v9,,ours,23.92,29.61,5.69,4.271,球R,263,0.509,0.009,0.101,0.396,0.393,0.982,object#24,,0,0,2,球R,1,3,"[{""name"": ""球R"", ""share"": 0.509, ""q"": 0.009, ""capture"": 0.101, ""miss_deg"": 2.14, ""labels"": [263]}, {""name"": ""球M"", ""share"": 0.2, ""q"": 0.004, ""capture"": 0.04, ""miss_deg"": 2.54, ""labels"": [261]}, {""name"": ""水瓶"", ""share"": 0.286, ""q"": 0.005, ""capture"": 0.01, ""miss_deg"": 3.04, ""labels"": [30]}]"
2026_08_25/c1_2,c4,v9,,ours,30.04,36.43,6.39,4.287,球R,263,0.578,0.035,0.39,0.451,0.452,0.939,物品台,,1,1,3,球R,1,3,"[{""name"": ""球R"", ""share"": 0.578, ""q"": 0.035, ""capture"": 0.39, ""miss_deg"": 1.37, ""labels"": [263]}, {""name"": ""球M"", ""share"": 0.261, ""q"": 0.016, ""capture"": 0.176, ""miss_deg"": 1.86, ""labels"": [261]}, {""name"": ""白杯2"", ""share"": 0.066, ""q"": 0.004, ""capture"": 0.025, ""miss_deg"": 2.72, ""labels"": [267]}]"
2026_08_25/c1_2,c4,v9,,ours,36.72,43.32,6.61,4.251,球M,261,0.415,0.045,0.49,0.631,0.631,0.892,物品台,,1,0,4,球M,1,3,"[{""name"": ""球M"", ""share"": 0.415, ""q"": 0.045, ""capture"": 0.49, ""miss_deg"": 1.19, ""labels"": [261]}, {""name"": ""球L"", ""share"": 0.262, ""q"": 0.028, ""capture"": 0.309, ""miss_deg"": 1.53, ""labels"": [259]}, {""name"": ""球R"", ""share"": 0.206, ""q"": 0.022, ""capture"": 0.244, ""miss_deg"": 1.68, ""labels"": [263]}]"
2026_08_25/c1_2,c4,v9,,ours,43.87,49.99,6.12,4.25,球M,261,0.319,0.084,0.926,0.79,0.79,0.736,物品台,,0,0,5,球M,1,3,"[{""name"": ""球M"", ""share"": 0.319, ""q"": 0.084, ""capture"": 0.926, ""miss_deg"": 0.39, ""labels"": [261]}, {""name"": ""球L"", ""share"": 0.252, ""q"": 0.067, ""capture"": 0.732, ""miss_deg"": 0.79, ""labels"": [259]}, {""name"": ""球R"", ""share"": 0.162, ""q"": 0.043, ""capture"": 0.471, ""miss_deg"": 1.23, ""labels"": [263]}]"
2026_08_25/c1_2,c4,v9,,ours,50.25,56.64,6.39,4.242,球L,259,0.45,0.08,0.874,0.379,0.38,0.823,object#35,,1,0,6,球L,1,3,"[{""name"": ""球L"", ""share"": 0.45, ""q"": 0.08, ""capture"": 0.874, ""miss_deg"": 0.52, ""labels"": [259]}, {""name"": ""球M"", ""share"": 0.171, ""q"": 0.03, ""capture"": 0.331, ""miss_deg"": 1.49, ""labels"": [261]}, {""name"": ""苹果红"", ""share"": 0.211, ""q"": 0.037, ""capture"": 0.272, ""miss_deg"": 1.61, ""labels"": [260]}]"
2026_08_25/c1_2,c4,v9,,ours,56.88,62.78,5.9,4.263,球R,263,0.371,0.065,0.718,0.88,0.879,0.824,物品台,,0,0,7,球R,1,3,"[{""name"": ""球R"", ""share"": 0.371, ""q"": 0.065, ""capture"": 0.718, ""miss_deg"": 0.81, ""labels"": [263]}, {""name"": ""球M"", ""share"": 0.326, ""q"": 0.057, ""capture"": 0.632, ""miss_deg"": 0.96, ""labels"": [261]}, {""name"": ""球L"", ""share"": 0.083, ""q"": 0.015, ""capture"": 0.16, ""miss_deg"": 1.91, ""labels"": [259]}]"
2026_08_25/c1_2,c4,v9,,ours,63.64,64.78,1.14,3.324,,-1,0.0,0.0,,,,1.0,object#26,,0,0,,,,0,[]
2026_08_25/c1_2,c4,v9,,ours,64.83,65.21,0.38,3.279,,-1,0.0,0.0,,,,1.0,object#26,,0,0,,,,0,[]
2026_08_25/c1_2,c4,v9,,ours,65.59,66.13,0.54,3.386,,-1,0.0,0.0,,,,1.0,object#26,,0,0,,,,0,[]
2026_08_25/c1_2,c4,v9,,ours,66.19,67.54,1.35,3.354,,-1,0.0,0.0,,,,1.0,object#26,,0,0,,,,0,[]
2026_08_25/c1_2,c4,v9,,ours,68.08,68.68,0.6,3.356,,-1,0.0,0.0,,,,1.0,object#26,,0,0,,,,0,[]
2026_08_25/c1_2,c4,v9,,ours,68.79,69.33,0.54,3.356,,-1,0.0,0.0,,,,1.0,object#26,,0,0,,,,0,[]
2026_08_25/c1_2,c4,v9,,ours,69.94,71.19,1.25,4.258,球L,259,0.45,0.023,0.247,0.943,0.942,0.95,物品台,,1,0,,,,3,"[{""name"": ""球L"", ""share"": 0.45, ""q"": 0.023, ""capture"": 0.247, ""miss_deg"": 1.67, ""labels"": [259]}, {""name"": ""球M"", ""share"": 0.424, ""q"": 0.021, ""capture"": 0.233, ""miss_deg"": 1.71, ""labels"": [261]}, {""name"": ""球R"", ""share"": 0.045, ""q"": 0.002, ""capture"": 0.025, ""miss_deg"": 2.72, ""labels"": [263]}]"
2026_08_25/c1_2,c4,v9,,ours,71.48,71.86,0.38,4.257,球L,259,1.0,0.001,0.007,0.0,0.0,0.999,object#24,,0,0,,,,1,"[{""name"": ""球L"", ""share"": 1.0, ""q"": 0.001, ""capture"": 0.007, ""miss_deg"": 3.15, ""labels"": [259]}]"
2026_08_25/c1_2,c4,v9,,ours,71.91,78.79,6.88,4.256,球L,259,0.749,0.01,0.109,0.266,0.266,0.987,object#24,,0,0,8,球L,1,3,"[{""name"": ""球L"", ""share"": 0.749, ""q"": 0.01, ""capture"": 0.109, ""miss_deg"": 2.1, ""labels"": [259]}, {""name"": ""球M"", ""share"": 0.199, ""q"": 0.003, ""capture"": 0.029, ""miss_deg"": 2.66, ""labels"": [261]}, {""name"": ""苹果红"", ""share"": 0.026, ""q"": 0.0, ""capture"": 0.003, ""miss_deg"": 3.46, ""labels"": [260]}]"
2026_08_25/c1_2,c4,v9,,ours,79.06,85.56,6.5,4.264,球L,259,0.503,0.017,0.181,0.923,0.922,0.967,object#24,,0,0,9,球L,1,3,"[{""name"": ""球L"", ""share"": 0.503, ""q"": 0.017, ""capture"": 0.181, ""miss_deg"": 1.85, ""labels"": [259]}, {""name"": ""球M"", ""share"": 0.464, ""q"": 0.015, ""capture"": 0.167, ""miss_deg"": 1.89, ""labels"": [261]}, {""name"": ""球R"", ""share"": 0.022, ""q"": 0.001, ""capture"": 0.008, ""miss_deg"": 3.11, ""labels"": [263]}]"
2026_08_25/c1_2,c4,v9,,ours,85.89,89.25,3.36,4.261,球M,261,0.489,0.021,0.233,0.618,0.622,0.957,object#24,,1,0,,,,3,"[{""name"": ""球M"", ""share"": 0.489, ""q"": 0.021, ""capture"": 0.233, ""miss_deg"": 1.71, ""labels"": [261]}, {""name"": ""球L"", ""share"": 0.304, ""q"": 0.013, ""capture"": 0.144, ""miss_deg"": 1.97, ""labels"": [259]}, {""name"": ""球R"", ""share"": 0.155, ""q"": 0.007, ""capture"": 0.074, ""miss_deg"": 2.28, ""labels"": [263]}]"
2026_08_25/c1_2,c4,v9,,ours,89.3,92.66,3.36,4.273,球M,261,0.57,0.013,0.139,0.511,0.514,0.978,object#24,,0,0,10,球M,1,3,"[{""name"": ""球M"", ""share"": 0.57, ""q"": 0.013, ""capture"": 0.139, ""miss_deg"": 1.99, ""labels"": [261]}, {""name"": ""球R"", ""share"": 0.293, ""q"": 0.006, ""capture"": 0.071, ""miss_deg"": 2.3, ""labels"": [263]}, {""name"": ""球L"", ""share"": 0.048, ""q"": 0.001, ""capture"": 0.012, ""miss_deg"": 2.98, ""labels"": [259]}]"
2026_08_25/c1_2,c4,v9,,ours,92.71,94.18,1.46,4.244,球L,259,0.46,0.023,0.258,0.996,0.993,0.949,物品台,,1,0,,,,3,"[{""name"": ""球L"", ""share"": 0.46, ""q"": 0.023, ""capture"": 0.258, ""miss_deg"": 1.65, ""labels"": [259]}, {""name"": ""球M"", ""share"": 0.457, ""q"": 0.023, ""capture"": 0.257, ""miss_deg"": 1.65, ""labels"": [261]}, {""name"": ""球R"", ""share"": 0.048, ""q"": 0.002, ""capture"": 0.027, ""miss_deg"": 2.69, ""labels"": [263]}]"
2026_08_25/c1_2,c4,v9,,ours,94.4,99.87,5.47,4.223,球L,259,0.413,0.077,0.847,0.643,0.644,0.813,物品台,,1,0,11,球L,1,3,"[{""name"": ""球L"", ""share"": 0.413, ""q"": 0.077, ""capture"": 0.847, ""miss_deg"": 0.58, ""labels"": [259]}, {""name"": ""球M"", ""share"": 0.266, ""q"": 0.05, ""capture"": 0.545, ""miss_deg"": 1.1, ""labels"": [261]}, {""name"": ""苹果红"", ""share"": 0.103, ""q"": 0.019, ""capture"": 0.14, ""miss_deg"": 1.98, ""labels"": [260]}]"
2026_08_25/c1_2,c4,v9,,ours,100.18,106.41,6.23,4.255,球M,261,0.313,0.071,0.781,0.927,0.927,0.773,物品台,,0,0,12,球M,1,3,"[{""name"": ""球M"", ""share"": 0.313, ""q"": 0.071, ""capture"": 0.781, ""miss_deg"": 0.7, ""labels"": [261]}, {""name"": ""球L"", ""share"": 0.29, ""q"": 0.066, ""capture"": 0.724, ""miss_deg"": 0.8, ""labels"": [259]}, {""name"": ""球R"", ""share"": 0.14, ""q"": 0.032, ""capture"": 0.35, ""miss_deg"": 1.45, ""labels"": [263]}]"
2026_08_25/c1_2,c4,v9,,ours,106.59,113.04,6.45,4.261,球R,263,0.54,0.041,0.452,0.549,0.548,0.924,物品台,,1,1,13,球R,1,3,"[{""name"": ""球R"", ""share"": 0.54, ""q"": 0.041, ""capture"": 0.452, ""miss_deg"": 1.26, ""labels"": [263]}, {""name"": ""球M"", ""share"": 0.296, ""q"": 0.023, ""capture"": 0.248, ""miss_deg"": 1.67, ""labels"": [261]}, {""name"": ""白杯2"", ""share"": 0.063, ""q"": 0.005, ""capture"": 0.03, ""miss_deg"": 2.65, ""labels"": [267]}]"
2026_08_25/c1_2,c4,v9,,ours,113.25,115.26,2.0,4.245,球M,261,0.362,0.077,0.848,0.665,0.663,0.787,物品台,,1,0,,,,3,"[{""name"": ""球M"", ""share"": 0.362, ""q"": 0.077, ""capture"": 0.848, ""miss_deg"": 0.57, ""labels"": [261]}, {""name"": ""球L"", ""share"": 0.24, ""q"": 0.051, ""capture"": 0.564, ""miss_deg"": 1.07, ""labels"": [259]}, {""name"": ""球R"", ""share"": 0.199, ""q"": 0.042, ""capture"": 0.466, ""miss_deg"": 1.24, ""labels"": [263]}]"
2026_08_25/c1_2,c4,v9,,ours,115.56,116.7,1.14,4.259,球M,261,0.391,0.049,0.541,0.704,0.703,0.874,物品台,,1,0,14,球M,1,3,"[{""name"": ""球M"", ""share"": 0.391, ""q"": 0.049, ""capture"": 0.541, ""miss_deg"": 1.11, ""labels"": [261]}, {""name"": ""球R"", ""share"": 0.275, ""q"": 0.035, ""capture"": 0.381, ""miss_deg"": 1.39, ""labels"": [263]}, {""name"": ""球L"", ""share"": 0.199, ""q"": 0.025, ""capture"": 0.276, ""miss_deg"": 1.6, ""labels"": [259]}]"
2026_08_25/c1_2,c4,v9,,ours,116.87,120.66,3.79,4.259,球M,261,0.368,0.056,0.62,0.715,0.715,0.847,物品台,,0,0,14,球M,1,3,"[{""name"": ""球M"", ""share"": 0.368, ""q"": 0.056, ""capture"": 0.62, ""miss_deg"": 0.98, ""labels"": [261]}, {""name"": ""球L"", ""share"": 0.263, ""q"": 0.04, ""capture"": 0.443, ""miss_deg"": 1.28, ""labels"": [259]}, {""name"": ""球R"", ""share"": 0.212, ""q"": 0.033, ""capture"": 0.358, ""miss_deg"": 1.43, ""labels"": [263]}]"
2026_08_25/c1_2,c4,v9,,ours,121.06,125.72,4.66,4.26,球R,263,0.355,0.067,0.739,0.93,0.93,0.81,物品台,,0,0,15,球R,1,3,"[{""name"": ""球R"", ""share"": 0.355, ""q"": 0.067, ""capture"": 0.739, ""miss_deg"": 0.78, ""labels"": [263]}, {""name"": ""球M"", ""share"": 0.33, ""q"": 0.063, ""capture"": 0.687, ""miss_deg"": 0.87, ""labels"": [261]}, {""name"": ""球L"", ""share"": 0.102, ""q"": 0.019, ""capture"": 0.213, ""miss_deg"": 1.76, ""labels"": [259]}]"
2026_08_25/c1_2,c4,v9,,ours,125.78,126.21,0.43,4.256,球R,263,0.604,0.022,0.242,0.405,0.406,0.964,物品台,,1,1,15,球R,1,3,"[{""name"": ""球R"", ""share"": 0.604, ""q"": 0.022, ""capture"": 0.242, ""miss_deg"": 1.69, ""labels"": [263]}, {""name"": ""球M"", ""share"": 0.245, ""q"": 0.009, ""capture"": 0.098, ""miss_deg"": 2.16, ""labels"": [261]}, {""name"": ""水瓶"", ""share"": 0.125, ""q"": 0.005, ""capture"": 0.009, ""miss_deg"": 3.08, ""labels"": [30]}]"
2026_08_25/c1_2,c4,v9,,ours,128.24,128.83,0.6,2.029,,-1,0.0,0.0,,,,1.0,object#14,,0,0,,,,0,[]
2026_08_25/c1_2,c4,v9,,ours,129.1,129.75,0.65,1.662,,-1,0.0,0.0,,,,1.0,object#14,,0,0,,,,0,[]
2026_08_25/c1_2,c4,v9,,ours,130.35,130.73,0.38,1.396,,-1,0.0,0.0,,,,1.0,object#26,,0,0,,,,0,[]
2026_08_25/c1_2,c4,v9,,ours,131.69,132.45,0.76,0.77,,-1,0.0,0.0,,,,1.0,object#14,,0,0,,,,0,[]
2026_08_25/c1_3,c4,v9,,ours,6.09,7.06,0.97,3.693,球M,261,0.391,0.096,0.873,0.739,0.801,0.755,物品台,,0,0,,,,3,"[{""name"": ""球M"", ""share"": 0.391, ""q"": 0.096, ""capture"": 0.873, ""miss_deg"": 0.52, ""labels"": [261]}, {""name"": ""球L"", ""share"": 0.313, ""q"": 0.077, ""capture"": 0.645, ""miss_deg"": 0.94, ""labels"": [259]}, {""name"": ""球R"", ""share"": 0.14, ""q"": 0.034, ""capture"": 0.288, ""miss_deg"": 1.58, ""labels"": [263]}]"
2026_08_25/c1_3,c4,v9,,ours,7.65,8.14,0.49,2.9,,-1,0.0,0.0,,,,1.0,object#26,,0,0,,,,0,[]
2026_08_25/c1_3,c4,v9,,ours,8.41,9.6,1.19,2.902,,-1,0.0,0.0,,,,1.0,object#26,,0,0,,,,0,[]
2026_08_25/c1_3,c4,v9,,ours,9.96,10.45,0.49,5.226,,-1,0.0,0.0,,,,1.0,object#15,,0,0,,,,0,[]
2026_08_25/c1_3,c4,v9,,ours,10.56,11.26,0.7,6.666,,-1,0.0,0.0,,,,1.0,object#161,,0,0,,,,0,[]
2026_08_25/c1_3,c4,v9,,ours,11.42,11.92,0.5,5.276,,-1,0.0,0.0,,,,1.0,object#15,,0,0,,,,0,[]
2026_08_25/c1_3,c4,v9,,ours,12.28,12.68,0.4,2.945,,-1,0.0,0.0,,,,1.0,object#26,,0,0,,,,0,[]
2026_08_25/c1_3,c4,v9,,ours,12.73,14.23,1.5,2.905,,-1,0.0,0.0,,,,1.0,object#26,,0,0,,,,0,[]
2026_08_25/c1_3,c4,v9,,ours,14.84,15.84,1.0,3.732,球L,259,0.606,0.07,0.592,0.4,0.37,0.884,物品台,,1,1,1,球L,1,3,"[{""name"": ""球L"", ""share"": 0.606, ""q"": 0.07, ""capture"": 0.592, ""miss_deg"": 1.02, ""labels"": [259]}, {""name"": ""球M"", ""share"": 0.224, ""q"": 0.026, ""capture"": 0.237, ""miss_deg"": 1.7, ""labels"": [261]}, {""name"": ""苹果红"", ""share"": 0.105, ""q"": 0.012, ""capture"": 0.075, ""miss_deg"": 2.28, ""labels"": [260]}]"
2026_08_25/c1_3,c4,v9,,ours,16.0,16.8,0.8,3.728,球L,259,0.787,0.02,0.171,0.263,0.244,0.974,物品台,,0,0,1,球L,1,3,"[{""name"": ""球L"", ""share"": 0.787, ""q"": 0.02, ""capture"": 0.171, ""miss_deg"": 1.88, ""labels"": [259]}, {""name"": ""球M"", ""share"": 0.192, ""q"": 0.005, ""capture"": 0.045, ""miss_deg"": 2.49, ""labels"": [261]}, {""name"": ""苹果红"", ""share"": 0.021, ""q"": 0.001, ""capture"": 0.003, ""miss_deg"": 3.38, ""labels"": [260]}]"
2026_08_25/c1_3,c4,v9,,ours,16.85,17.45,0.6,3.719,球L,259,0.772,0.029,0.244,0.131,0.177,0.962,object#35,,1,1,1,球L,1,3,"[{""name"": ""球L"", ""share"": 0.772, ""q"": 0.029, ""capture"": 0.244, ""miss_deg"": 1.68, ""labels"": [259]}, {""name"": ""苹果红"", ""share"": 0.137, ""q"": 0.005, ""capture"": 0.032, ""miss_deg"": 2.63, ""labels"": [260]}, {""name"": ""球M"", ""share"": 0.049, ""q"": 0.002, ""capture"": 0.017, ""miss_deg"": 2.86, ""labels"": [261]}]"
2026_08_25/c1_3,c4,v9,,ours,17.5,17.75,0.25,3.544,球L,259,0.71,0.001,0.009,0.222,0.408,0.998,object#35,,0,0,1,球L,1,2,"[{""name"": ""球L"", ""share"": 0.71, ""q"": 0.001, ""capture"": 0.009, ""miss_deg"": 3.08, ""labels"": [259]}, {""name"": ""苹果粉"", ""share"": 0.29, ""q"": 0.001, ""capture"": 0.002, ""miss_deg"": 3.52, ""labels"": [64]}]"
2026_08_25/c1_3,c4,v9,,ours,18.05,18.35,0.3,3.519,球L,259,0.566,0.004,0.026,0.154,0.654,0.993,object#35,,0,0,1,球L,1,3,"[{""name"": ""球L"", ""share"": 0.566, ""q"": 0.004, ""capture"": 0.026, ""miss_deg"": 2.7, ""labels"": [259]}, {""name"": ""水瓶"", ""share"": 0.37, ""q"": 0.003, ""capture"": 0.004, ""miss_deg"": 3.34, ""labels"": [30]}, {""name"": ""苹果粉"", ""share"": 0.064, ""q"": 0.0, ""capture"": 0.002, ""miss_deg"": 3.59, ""labels"": [64]}]"
2026_08_25/c1_3,c4,v9,,ours,18.4,18.8,0.4,3.726,球L,259,0.684,0.02,0.166,0.367,0.339,0.971,物品台,,0,0,1,球L,1,3,"[{""name"": ""球L"", ""share"": 0.684, ""q"": 0.02, ""capture"": 0.166, ""miss_deg"": 1.9, ""labels"": [259]}, {""name"": ""球M"", ""share"": 0.232, ""q"": 0.007, ""capture"": 0.061, ""miss_deg"": 2.36, ""labels"": [261]}, {""name"": ""水瓶"", ""share"": 0.077, ""q"": 0.002, ""capture"": 0.004, ""miss_deg"": 3.36, ""labels"": [30]}]"
2026_08_25/c1_3,c4,v9,,ours,19.1,20.85,1.75,3.734,球L,259,0.601,0.072,0.604,0.346,0.321,0.881,物品台,,1,1,1,球L,1,3,"[{""name"": ""球L"", ""share"": 0.601, ""q"": 0.072, ""capture"": 0.604, ""miss_deg"": 1.0, ""labels"": [259]}, {""name"": ""球M"", ""share"": 0.193, ""q"": 0.023, ""capture"": 0.209, ""miss_deg"": 1.77, ""labels"": [261]}, {""name"": ""苹果红"", ""share"": 0.13, ""q"": 0.015, ""capture"": 0.094, ""miss_deg"": 2.17, ""labels"": [260]}]"
2026_08_25/c1_3,c4,v9,,ours,20.9,23.2,2.3,3.718,球L,259,0.762,0.039,0.332,0.247,0.228,0.948,object#35,,1,1,1,球L,1,3,"[{""name"": ""球L"", ""share"": 0.762, ""q"": 0.039, ""capture"": 0.332, ""miss_deg"": 1.49, ""labels"": [259]}, {""name"": ""球M"", ""share"": 0.174, ""q"": 0.009, ""capture"": 0.082, ""miss_deg"": 2.24, ""labels"": [261]}, {""name"": ""苹果红"", ""share"": 0.05, ""q"": 0.003, ""capture"": 0.016, ""miss_deg"": 2.88, ""labels"": [260]}]"
2026_08_25/c1_3,c4,v9,,ours,23.3,23.8,0.5,3.717,球L,259,1.0,0.007,0.063,0.0,0.0,0.993,object#35,,0,0,1,球L,1,1,"[{""name"": ""球L"", ""share"": 1.0, ""q"": 0.007, ""capture"": 0.063, ""miss_deg"": 2.35, ""labels"": [259]}]"
2026_08_25/c1_3,c4,v9,,ours,24.06,25.06,1.0,3.74,球M,261,0.541,0.037,0.342,0.398,0.431,0.931,物品台,,1,1,4,球M,1,3,"[{""name"": ""球M"", ""share"": 0.541, ""q"": 0.037, ""capture"": 0.342, ""miss_deg"": 1.47, ""labels"": [261]}, {""name"": ""球L"", ""share"": 0.233, ""q"": 0.016, ""capture"": 0.136, ""miss_deg"": 2.0, ""labels"": [259]}, {""name"": ""球R"", ""share"": 0.195, ""q"": 0.014, ""capture"": 0.114, ""miss_deg"": 2.08, ""labels"": [263]}]"
2026_08_25/c1_3,c4,v9,,ours,25.11,28.56,3.45,3.751,球M,261,0.399,0.054,0.493,0.978,1.06,0.865,物品台,,0,0,4,球M,1,3,"[{""name"": ""球M"", ""share"": 0.399, ""q"": 0.054, ""capture"": 0.493, ""miss_deg"": 1.19, ""labels"": [261]}, {""name"": ""球R"", ""share"": 0.423, ""q"": 0.057, ""capture"": 0.482, ""miss_deg"": 1.21, ""labels"": [263]}, {""name"": ""球L"", ""share"": 0.053, ""q"": 0.007, ""capture"": 0.06, ""miss_deg"": 2.37, ""labels"": [259]}]"
2026_08_25/c1_3,c4,v9,,ours,28.61,31.01,2.4,3.755,球M,261,0.44,0.059,0.537,0.655,0.711,0.866,物品台,,1,0,4,球M,1,3,"[{""name"": ""球M"", ""share"": 0.44, ""q"": 0.059, ""capture"": 0.537, ""miss_deg"": 1.12, ""labels"": [261]}, {""name"": ""球R"", ""share"": 0.313, ""q"": 0.042, ""capture"": 0.352, ""miss_deg"": 1.44, ""labels"": [263]}, {""name"": ""球L"", ""share"": 0.127, ""q"": 0.017, ""capture"": 0.143, ""miss_deg"": 1.97, ""labels"": [259]}]"
2026_08_25/c1_3,c4,v9,,ours,31.27,32.77,1.5,3.739,球M,261,0.36,0.073,0.666,0.952,1.031,0.797,物品台,,0,0,4,球M,1,3,"[{""name"": ""球M"", ""share"": 0.36, ""q"": 0.073, ""capture"": 0.666, ""miss_deg"": 0.9, ""labels"": [261]}, {""name"": ""球R"", ""share"": 0.371, ""q"": 0.075, ""capture"": 0.634, ""miss_deg"": 0.95, ""labels"": [263]}, {""name"": ""球L"", ""share"": 0.069, ""q"": 0.014, ""capture"": 0.118, ""miss_deg"": 2.07, ""labels"": [259]}]"
2026_08_25/c1_3,c4,v9,,ours,32.95,33.2,0.25,3.746,球M,261,0.45,0.066,0.602,0.54,0.584,0.853,物品台,,1,0,4,球M,1,3,"[{""name"": ""球M"", ""share"": 0.45, ""q"": 0.066, ""capture"": 0.602, ""miss_deg"": 1.01, ""labels"": [261]}, {""name"": ""球L"", ""share"": 0.263, ""q"": 0.039, ""capture"": 0.325, ""miss_deg"": 1.5, ""labels"": [259]}, {""name"": ""球R"", ""share"": 0.17, ""q"": 0.025, ""capture"": 0.21, ""miss_deg"": 1.77, ""labels"": [263]}]"
2026_08_25/c1_3,c4,v9,,ours,33.25,37.45,4.2,3.729,球M,261,0.362,0.126,1.146,0.541,0.586,0.652,物品台,,1,0,4,球M,1,3,"[{""name"": ""球M"", ""share"": 0.362, ""q"": 0.126, ""capture"": 1.146, ""miss_deg"": 0.0, ""labels"": [261]}, {""name"": ""球L"", ""share"": 0.212, ""q"": 0.074, ""capture"": 0.62, ""miss_deg"": 0.98, ""labels"": [259]}, {""name"": ""球R"", ""share"": 0.17, ""q"": 0.059, ""capture"": 0.498, ""miss_deg"": 1.18, ""labels"": [263]}]"
2026_08_25/c1_3,c4,v9,,ours,37.62,42.52,4.9,3.734,球L,259,0.37,0.117,0.983,0.915,0.843,0.684,物品台,,0,0,6,球L,1,3,"[{""name"": ""球L"", ""share"": 0.37, ""q"": 0.117, ""capture"": 0.983, ""miss_deg"": 0.19, ""labels"": [259]}, {""name"": ""球M"", ""share"": 0.312, ""q"": 0.099, ""capture"": 0.899, ""miss_deg"": 0.46, ""labels"": [261]}, {""name"": ""球R"", ""share"": 0.076, ""q"": 0.024, ""capture"": 0.202, ""miss_deg"": 1.79, ""labels"": [263]}]"
2026_08_25/c1_3,c4,v9,,ours,42.57,48.83,6.25,3.726,球M,261,0.498,0.04,0.363,0.416,0.448,0.92,物品台,,1,0,10,球M,1,3,"[{""name"": ""球M"", ""share"": 0.498, ""q"": 0.04, ""capture"": 0.363, ""miss_deg"": 1.42, ""labels"": [261]}, {""name"": ""球L"", ""share"": 0.223, ""q"": 0.018, ""capture"": 0.151, ""miss_deg"": 1.95, ""labels"": [259]}, {""name"": ""球R"", ""share"": 0.182, ""q"": 0.015, ""capture"": 0.122, ""miss_deg"": 2.05, ""labels"": [263]}]"
2026_08_25/c1_3,c4,v9,,ours,48.88,51.03,2.15,3.711,球R,263,0.41,0.095,0.799,0.889,0.822,0.769,物品台,,0,0,,,,3,"[{""name"": ""球R"", ""share"": 0.41, ""q"": 0.095, ""capture"": 0.799, ""miss_deg"": 0.67, ""labels"": [263]}, {""name"": ""球M"", ""share"": 0.337, ""q"": 0.078, ""capture"": 0.71, ""miss_deg"": 0.83, ""labels"": [261]}, {""name"": ""白杯2"", ""share"": 0.106, ""q"": 0.025, ""capture"": 0.11, ""miss_deg"": 2.1, ""labels"": [267]}]"
2026_08_25/c1_3,c4,v9,,ours,51.28,57.63,6.35,3.709,球L,259,0.478,0.111,0.938,0.512,0.473,0.767,物品台,,1,0,11,球L,1,3,"[{""name"": ""球L"", ""share"": 0.478, ""q"": 0.111, ""capture"": 0.938, ""miss_deg"": 0.36, ""labels"": [259]}, {""name"": ""球M"", ""share"": 0.226, ""q"": 0.053, ""capture"": 0.48, ""miss_deg"": 1.21, ""labels"": [261]}, {""name"": ""苹果红"", ""share"": 0.121, ""q"": 0.028, ""capture"": 0.172, ""miss_deg"": 1.88, ""labels"": [260]}]"
2026_08_25/c1_3,c4,v9,,ours,57.87,63.57,5.7,3.735,球R,263,0.466,0.118,0.991,0.628,0.579,0.747,物品台,,1,0,13,球R,1,3,"[{""name"": ""球R"", ""share"": 0.466, ""q"": 0.118, ""capture"": 0.991, ""miss_deg"": 0.13, ""labels"": [263]}, {""name"": ""球M"", ""share"": 0.27, ""q"": 0.068, ""capture"": 0.622, ""miss_deg"": 0.97, ""labels"": [261]}, {""name"": ""白杯2"", ""share"": 0.165, ""q"": 0.042, ""capture"": 0.187, ""miss_deg"": 1.83, ""labels"": [267]}]"
2026_08_25/c1_3,c4,v9,,ours,64.27,65.07,0.8,2.884,,-1,0.0,0.0,,,,1.0,object#26,,0,0,,,,0,[]
2026_08_25/c1_3,c4,v9,,ours,65.12,65.62,0.5,2.812,,-1,0.0,0.0,,,,1.0,object#26,,0,0,,,,0,[]
2026_08_25/c1_3,c4,v9,,ours,65.67,66.02,0.35,2.364,,-1,0.0,0.0,,,,1.0,object#26,,0,0,,,,0,[]
2026_08_25/c1_3,c4,v9,,ours,66.07,67.02,0.95,2.826,,-1,0.0,0.0,,,,1.0,object#26,,0,0,,,,0,[]
2026_08_25/c1_3,c4,v9,,ours,67.6,68.85,1.25,2.83,,-1,0.0,0.0,,,,1.0,object#26,,0,0,,,,0,[]
2026_08_25/c1_3,c4,v9,,ours,69.15,70.25,1.1,2.866,,-1,0.0,0.0,,,,1.0,object#26,,0,0,,,,0,[]
2026_08_25/c1_3,c4,v9,,ours,71.03,71.28,0.25,3.723,球M,261,0.305,0.124,1.134,0.875,0.948,0.592,物品台,,0,0,,,,3,"[{""name"": ""球M"", ""share"": 0.305, ""q"": 0.124, ""capture"": 1.134, ""miss_deg"": 0.0, ""labels"": [261]}, {""name"": ""球L"", ""share"": 0.289, ""q"": 0.118, ""capture"": 0.992, ""miss_deg"": 0.13, ""labels"": [259]}, {""name"": ""球R"", ""share"": 0.101, ""q"": 0.041, ""capture"": 0.348, ""miss_deg"": 1.45, ""labels"": [263]}]"
2026_08_25/c1_3,c4,v9,,ours,71.33,72.08,0.75,3.709,球L,259,0.498,0.109,0.921,0.568,0.524,0.78,物品台,,1,0,,,,3,"[{""name"": ""球L"", ""share"": 0.498, ""q"": 0.109, ""capture"": 0.921, ""miss_deg"": 0.41, ""labels"": [259]}, {""name"": ""球M"", ""share"": 0.261, ""q"": 0.057, ""capture"": 0.523, ""miss_deg"": 1.14, ""labels"": [261]}, {""name"": ""苹果红"", ""share"": 0.08, ""q"": 0.018, ""capture"": 0.108, ""miss_deg"": 2.11, ""labels"": [260]}]"
2026_08_25/c1_3,c4,v9,,ours,72.13,72.38,0.25,3.505,球L,259,0.432,0.014,0.097,0.381,0.715,0.967,object#35,,0,0,,,,3,"[{""name"": ""球L"", ""share"": 0.432, ""q"": 0.014, ""capture"": 0.097, ""miss_deg"": 2.16, ""labels"": [259]}, {""name"": ""苹果粉"", ""share"": 0.309, ""q"": 0.01, ""capture"": 0.037, ""miss_deg"": 2.56, ""labels"": [64]}, {""name"": ""苹果红"", ""share"": 0.087, ""q"": 0.003, ""capture"": 0.014, ""miss_deg"": 2.93, ""labels"": [260]}]"
2026_08_25/c1_3,c4,v9,,ours,72.43,72.88,0.45,3.728,球L,259,0.607,0.046,0.389,0.591,0.545,0.924,物品台,,1,1,,,,3,"[{""name"": ""球L"", ""share"": 0.607, ""q"": 0.046, ""capture"": 0.389, ""miss_deg"": 1.37, ""labels"": [259]}, {""name"": ""球M"", ""share"": 0.331, ""q"": 0.025, ""capture"": 0.23, ""miss_deg"": 1.72, ""labels"": [261]}, {""name"": ""苹果红"", ""share"": 0.028, ""q"": 0.002, ""capture"": 0.013, ""miss_deg"": 2.95, ""labels"": [260]}]"
2026_08_25/c1_3,c4,v9,,ours,73.03,73.28,0.25,3.508,球L,259,0.364,0.013,0.086,0.651,1.201,0.966,object#35,,0,0,,,,3,"[{""name"": ""球L"", ""share"": 0.364, ""q"": 0.013, ""capture"": 0.086, ""miss_deg"": 2.22, ""labels"": [259]}, {""name"": ""苹果粉"", ""share"": 0.437, ""q"": 0.015, ""capture"": 0.056, ""miss_deg"": 2.4, ""labels"": [64]}, {""name"": ""苹果红"", ""share"": 0.088, ""q"": 0.003, ""capture"": 0.016, ""miss_deg"": 2.88, ""labels"": [260]}]"
2026_08_25/c1_3,c4,v9,,ours,73.33,75.23,1.9,3.729,球L,259,0.68,0.039,0.329,0.21,0.287,0.943,object#35,,1,1,,,,3,"[{""name"": ""球L"", ""share"": 0.68, ""q"": 0.039, ""capture"": 0.329, ""miss_deg"": 1.49, ""labels"": [259]}, {""name"": ""苹果红"", ""share"": 0.195, ""q"": 0.011, ""capture"": 0.069, ""miss_deg"": 2.32, ""labels"": [260]}, {""name"": ""球M"", ""share"": 0.061, ""q"": 0.004, ""capture"": 0.032, ""miss_deg"": 2.62, ""labels"": [261]}]"
2026_08_25/c1_3,c4,v9,,ours,75.43,79.53,4.1,3.739,球L,259,0.556,0.085,0.714,0.307,0.423,0.847,object#35,,1,1,,,,3,"[{""name"": ""球L"", ""share"": 0.556, ""q"": 0.085, ""capture"": 0.714, ""miss_deg"": 0.82, ""labels"": [259]}, {""name"": ""苹果红"", ""share"": 0.235, ""q"": 0.036, ""capture"": 0.219, ""miss_deg"": 1.74, ""labels"": [260]}, {""name"": ""球M"", ""share"": 0.1, ""q"": 0.015, ""capture"": 0.139, ""miss_deg"": 1.99, ""labels"": [261]}]"
2026_08_25/c1_3,c4,v9,,ours,79.8,86.45,6.65,3.751,球L,259,0.487,0.103,0.869,0.387,0.532,0.788,物品台,,1,0,,,,3,"[{""name"": ""球L"", ""share"": 0.487, ""q"": 0.103, ""capture"": 0.869, ""miss_deg"": 0.53, ""labels"": [259]}, {""name"": ""苹果红"", ""share"": 0.259, ""q"": 0.055, ""capture"": 0.336, ""miss_deg"": 1.48, ""labels"": [260]}, {""name"": ""球M"", ""share"": 0.103, ""q"": 0.022, ""capture"": 0.199, ""miss_deg"": 1.8, ""labels"": [261]}]"
2026_08_25/c1_3,c4,v9,,ours,86.68,93.48,6.8,3.738,球L,259,0.375,0.167,1.41,0.595,0.549,0.553,物品台,,1,0,,,,3,"[{""name"": ""球L"", ""share"": 0.375, ""q"": 0.167, ""capture"": 1.41, ""miss_deg"": 0.0, ""labels"": [259]}, {""name"": ""球M"", ""share"": 0.206, ""q"": 0.092, ""capture"": 0.839, ""miss_deg"": 0.59, ""labels"": [261]}, {""name"": ""苹果红"", ""share"": 0.11, ""q"": 0.049, ""capture"": 0.301, ""miss_deg"": 1.55, ""labels"": [260]}]"
2026_08_25/c1_3,c4,v9,,ours,93.76,100.46,6.7,3.734,球L,259,0.335,0.126,1.062,0.635,0.872,0.623,物品台,,0,0,,,,3,"[{""name"": ""球L"", ""share"": 0.335, ""q"": 0.126, ""capture"": 1.062, ""miss_deg"": 0.0, ""labels"": [259]}, {""name"": ""苹果红"", ""share"": 0.292, ""q"": 0.11, ""capture"": 0.674, ""miss_deg"": 0.89, ""labels"": [260]}, {""name"": ""球M"", ""share"": 0.066, ""q"": 0.025, ""capture"": 0.226, ""miss_deg"": 1.72, ""labels"": [261]}]"
2026_08_25/c1_3,c4,v9,,ours,100.73,104.73,4.0,3.74,球L,259,0.331,0.146,1.227,0.808,0.746,0.56,物品台,,0,0,,,,3,"[{""name"": ""球L"", ""share"": 0.331, ""q"": 0.146, ""capture"": 1.227, ""miss_deg"": 0.0, ""labels"": [259]}, {""name"": ""球M"", ""share"": 0.247, ""q"": 0.109, ""capture"": 0.992, ""miss_deg"": 0.12, ""labels"": [261]}, {""name"": ""苹果红"", ""share"": 0.077, ""q"": 0.034, ""capture"": 0.208, ""miss_deg"": 1.77, ""labels"": [260]}]"
2026_08_25/c1_3,c4,v9,,ours,104.93,107.53,2.6,3.738,球L,259,0.346,0.164,1.377,0.688,0.636,0.528,物品台,,0,0,,,,3,"[{""name"": ""球L"", ""share"": 0.346, ""q"": 0.164, ""capture"": 1.377, ""miss_deg"": 0.0, ""labels"": [259]}, {""name"": ""球M"", ""share"": 0.22, ""q"": 0.104, ""capture"": 0.948, ""miss_deg"": 0.33, ""labels"": [261]}, {""name"": ""苹果红"", ""share"": 0.088, ""q"": 0.042, ""capture"": 0.255, ""miss_deg"": 1.65, ""labels"": [260]}]"
2026_08_25/c1_3,c4,v9,,ours,107.82,113.78,5.96,3.718,球M,261,0.205,0.138,1.262,0.672,0.727,0.324,物品台,,0,0,14,球M,1,3,"[{""name"": ""球M"", ""share"": 0.205, ""q"": 0.138, ""capture"": 1.262, ""miss_deg"": 0.0, ""labels"": [261]}, {""name"": ""球L"", ""share"": 0.149, ""q"": 0.101, ""capture"": 0.848, ""miss_deg"": 0.57, ""labels"": [259]}, {""name"": ""球R"", ""share"": 0.098, ""q"": 0.066, ""capture"": 0.556, ""miss_deg"": 1.08, ""labels"": [263]}]"
2026_08_25/c1_3,c4,v9,,ours,114.1,114.85,0.75,3.701,球L,259,0.129,0.093,0.779,0.775,1.07,0.282,object#12,,0,0,,,,3,"[{""name"": ""球L"", ""share"": 0.129, ""q"": 0.093, ""capture"": 0.779, ""miss_deg"": 0.71, ""labels"": [259]}, {""name"": ""苹果红"", ""share"": 0.138, ""q"": 0.099, ""capture"": 0.604, ""miss_deg"": 1.0, ""labels"": [260]}, {""name"": ""球M"", ""share"": 0.08, ""q"": 0.057, ""capture"": 0.524, ""miss_deg"": 1.14, ""labels"": [261]}]"
2026_08_25/c1_3,c4,v9,,ours,114.9,121.55,6.65,3.704,球L,259,0.315,0.139,1.171,0.928,0.857,0.558,物品台,,0,0,,,,3,"[{""name"": ""球L"", ""share"": 0.315, ""q"": 0.139, ""capture"": 1.171, ""miss_deg"": 0.0, ""labels"": [259]}, {""name"": ""球M"", ""share"": 0.27, ""q"": 0.119, ""capture"": 1.087, ""miss_deg"": 0.0, ""labels"": [261]}, {""name"": ""球R"", ""share"": 0.069, ""q"": 0.031, ""capture"": 0.257, ""miss_deg"": 1.65, ""labels"": [263]}]"
2026_08_25/c1_3,c4,v9,,ours,121.6,125.25,3.65,3.718,球R,263,0.333,0.133,1.122,0.905,0.832,0.599,物品台,,0,0,15,球R,1,3,"[{""name"": ""球R"", ""share"": 0.333, ""q"": 0.133, ""capture"": 1.122, ""miss_deg"": 0.0, ""labels"": [263]}, {""name"": ""球M"", ""share"": 0.277, ""q"": 0.111, ""capture"": 1.015, ""miss_deg"": 0.0, ""labels"": [261]}, {""name"": ""白杯2"", ""share"": 0.187, ""q"": 0.075, ""capture"": 0.336, ""miss_deg"": 1.48, ""labels"": [267]}]"
2026_08_25/c1_3,c4,v9,,ours,125.68,126.48,0.8,3.617,球M,261,0.469,0.064,0.538,0.545,0.629,0.864,物品台,,1,0,,,,3,"[{""name"": ""球M"", ""share"": 0.469, ""q"": 0.064, ""capture"": 0.538, ""miss_deg"": 1.11, ""labels"": [261]}, {""name"": ""球R"", ""share"": 0.295, ""q"": 0.04, ""capture"": 0.293, ""miss_deg"": 1.57, ""labels"": [263]}, {""name"": ""球L"", ""share"": 0.149, ""q"": 0.02, ""capture"": 0.149, ""miss_deg"": 1.95, ""labels"": [259]}]"
2026_08_25/c1_3,c4,v9,,ours,127.12,127.42,0.3,2.384,,-1,0.0,0.0,,,,1.0,object#26,,0,0,,,,0,[]
2026_08_25/c1_3,c4,v9,,ours,127.47,128.12,0.65,2.137,,-1,0.0,0.0,,,,1.0,object#26,,0,0,,,,0,[]
2026_08_25/c1_3,c4,v9,,ours,128.17,128.72,0.55,1.715,,-1,0.0,0.0,,,,1.0,object#26,,0,0,,,,0,[]
2026_08_25/c1_3,c4,v9,,ours,128.87,129.12,0.25,1.036,,-1,0.0,0.0,,,,1.0,object#34,,0,0,,,,0,[]
2026_08_25/c1_3,c4,v9,,ours,129.92,130.77,0.85,0.721,,-1,0.0,0.0,,,,1.0,object#14,,0,0,,,,0,[]
2026_08_25/u3,u3,v9,walking,ours,0.02,0.27,0.25,0.871,,-1,0.0,0.0,,,,1.0,object#14,,0,0,,,,0,[]
2026_08_25/u3,u3,v9,walking,ours,6.03,6.48,0.45,2.161,球M,261,0.33,0.007,0.021,0.571,0.594,0.98,物品台,,0,0,,,,3,"[{""name"": ""球M"", ""share"": 0.33, ""q"": 0.007, ""capture"": 0.021, ""miss_deg"": 2.78, ""labels"": [261]}, {""name"": ""球L"", ""share"": 0.196, ""q"": 0.004, ""capture"": 0.012, ""miss_deg"": 2.97, ""labels"": [259]}, {""name"": ""水瓶"", ""share"": 0.474, ""q"": 0.01, ""capture"": 0.01, ""miss_deg"": 3.04, ""labels"": [30]}]"
2026_08_25/u3,u3,v9,walking,ours,6.58,6.98,0.4,2.614,,-1,0.0,0.0,,,,1.0,floor,,0,0,,,,0,[]
2026_08_25/u3,u3,v9,walking,ours,7.55,7.9,0.35,2.654,球L,259,0.556,0.31,1.343,0.388,0.531,0.442,物品台,,1,1,,,,3,"[{""name"": ""球L"", ""share"": 0.556, ""q"": 0.31, ""capture"": 1.343, ""miss_deg"": 0.0, ""labels"": [259]}, {""name"": ""苹果红"", ""share"": 0.295, ""q"": 0.164, ""capture"": 0.521, ""miss_deg"": 1.14, ""labels"": [260]}, {""name"": ""苹果粉"", ""share"": 0.061, ""q"": 0.034, ""capture"": 0.079, ""miss_deg"": 2.25, ""labels"": [64, 250]}]"
2026_08_25/u3,u3,v9,walking,ours,8.47,8.92,0.45,3.637,,-1,0.0,0.0,,,,1.0,object#26,,0,0,,,,0,[]
2026_08_25/u3,u3,v9,walking,ours,9.07,9.37,0.3,3.971,,-1,0.0,0.0,,,,1.0,object#26,,0,0,,,,0,[]
2026_08_25/u3,u3,v9,walking,ours,9.52,10.47,0.95,3.977,,-1,0.0,0.0,,,,1.0,object#26,,0,0,,,,0,[]
2026_08_25/u3,u3,v9,walking,ours,10.67,11.02,0.35,3.685,,-1,0.0,0.0,,,,1.0,object#26,,0,0,,,,0,[]
2026_08_25/u3,u3,v9,walking,ours,11.07,12.37,1.3,3.68,,-1,0.0,0.0,,,,1.0,object#26,,0,0,,,,0,[]
2026_08_25/u3,u3,v9,walking,ours,12.47,13.92,1.45,3.707,,-1,0.0,0.0,,,,1.0,object#26,,0,0,,,,0,[]
2026_08_25/u3,u3,v9,walking,ours,14.17,14.82,0.65,3.697,,-1,0.0,0.0,,,,1.0,object#26,,0,0,,,,0,[]
2026_08_25/u3,u3,v9,walking,ours,16.35,16.6,0.25,2.993,,-1,0.0,0.0,,,,1.0,object#37,,0,0,,,,0,[]
2026_08_25/u3,u3,v9,walking,ours,18.15,19.8,1.65,2.882,球L,259,0.928,0.039,0.189,0.021,0.042,0.958,物品台,,0,0,1,球L,1,3,"[{""name"": ""球L"", ""share"": 0.928, ""q"": 0.039, ""capture"": 0.189, ""miss_deg"": 1.83, ""labels"": [259]}, {""name"": ""苹果粉"", ""share"": 0.039, ""q"": 0.002, ""capture"": 0.004, ""miss_deg"": 3.29, ""labels"": [64]}, {""name"": ""水瓶"", ""share"": 0.031, ""q"": 0.001, ""capture"": 0.002, ""miss_deg"": 3.6, ""labels"": [30]}]"
2026_08_25/u3,u3,v9,walking,ours,20.6,21.15,0.55,2.768,球L,259,0.787,0.068,0.307,0.121,0.207,0.913,物品台,,1,1,1,球L,1,3,"[{""name"": ""球L"", ""share"": 0.787, ""q"": 0.068, ""capture"": 0.307, ""miss_deg"": 1.54, ""labels"": [259]}, {""name"": ""苹果粉"", ""share"": 0.163, ""q"": 0.014, ""capture"": 0.037, ""miss_deg"": 2.57, ""labels"": [64]}, {""name"": ""水瓶"", ""share"": 0.039, ""q"": 0.003, ""capture"": 0.004, ""miss_deg"": 3.33, ""labels"": [30]}]"
2026_08_25/u3,u3,v9,walking,ours,21.55,21.9,0.35,2.727,球L,259,0.984,0.05,0.223,0.004,0.013,0.949,物品台,,1,1,1,球L,1,3,"[{""name"": ""球L"", ""share"": 0.984, ""q"": 0.05, ""capture"": 0.223, ""miss_deg"": 1.73, ""labels"": [259]}, {""name"": ""水瓶"", ""share"": 0.013, ""q"": 0.001, ""capture"": 0.001, ""miss_deg"": 3.79, ""labels"": [30]}, {""name"": ""苹果粉"", ""share"": 0.003, ""q"": 0.0, ""capture"": 0.0, ""miss_deg"": 3.94, ""labels"": [64]}]"
2026_08_25/u3,u3,v9,walking,ours,22.6,23.05,0.45,2.83,球L,259,0.957,0.024,0.118,0.008,0.042,0.975,物品台,,0,0,1,球L,1,3,"[{""name"": ""球L"", ""share"": 0.957, ""q"": 0.024, ""capture"": 0.118, ""miss_deg"": 2.07, ""labels"": [259]}, {""name"": ""水瓶"", ""share"": 0.04, ""q"": 0.001, ""capture"": 0.001, ""miss_deg"": 3.67, ""labels"": [30]}, {""name"": ""苹果粉"", ""share"": 0.003, ""q"": 0.0, ""capture"": 0.0, ""miss_deg"": 4.13, ""labels"": [64]}]"
2026_08_25/u3,u3,v9,walking,ours,25.78,26.33,0.55,2.867,球L,259,0.881,0.142,0.69,0.023,0.031,0.838,物品台,,1,1,2,球M,0,3,"[{""name"": ""球L"", ""share"": 0.881, ""q"": 0.142, ""capture"": 0.69, ""miss_deg"": 0.86, ""labels"": [259]}, {""name"": ""苹果红"", ""share"": 0.027, ""q"": 0.004, ""capture"": 0.016, ""miss_deg"": 2.87, ""labels"": [260]}, {""name"": ""水瓶"", ""share"": 0.074, ""q"": 0.012, ""capture"": 0.014, ""miss_deg"": 2.92, ""labels"": [30]}]"
2026_08_25/u3,u3,v9,walking,ours,26.48,26.88,0.4,2.667,球L,259,0.894,0.057,0.249,0.036,0.036,0.936,物品台,,1,1,2,球M,0,3,"[{""name"": ""球L"", ""share"": 0.894, ""q"": 0.057, ""capture"": 0.249, ""miss_deg"": 1.67, ""labels"": [259]}, {""name"": ""球M"", ""share"": 0.032, ""q"": 0.002, ""capture"": 0.009, ""miss_deg"": 3.06, ""labels"": [261]}, {""name"": ""水瓶"", ""share"": 0.074, ""q"": 0.005, ""capture"": 0.005, ""miss_deg"": 3.23, ""labels"": [30]}]"
2026_08_25/u3,u3,v9,walking,ours,28.08,28.78,0.7,4.103,球M,261,0.346,0.001,0.006,0.333,1.89,0.999,物品台,,0,0,2,球M,1,2,"[{""name"": ""球M"", ""share"": 0.346, ""q"": 0.001, ""capture"": 0.006, ""miss_deg"": 3.22, ""labels"": [261]}, {""name"": ""水瓶"", ""share"": 0.654, ""q"": 0.001, ""capture"": 0.002, ""miss_deg"": 3.56, ""labels"": [30]}]"
2026_08_25/u3,u3,v9,walking,ours,29.13,29.84,0.7,2.773,球M,261,0.827,0.064,0.312,0.042,0.178,0.922,物品台,,1,1,2,球M,1,3,"[{""name"": ""球M"", ""share"": 0.827, ""q"": 0.064, ""capture"": 0.312, ""miss_deg"": 1.53, ""labels"": [261]}, {""name"": ""水瓶"", ""share"": 0.147, ""q"": 0.011, ""capture"": 0.013, ""miss_deg"": 2.94, ""labels"": [30]}, {""name"": ""球L"", ""share"": 0.023, ""q"": 0.002, ""capture"": 0.008, ""miss_deg"": 3.1, ""labels"": [259]}]"
2026_08_25/u3,u3,v9,walking,ours,30.04,30.54,0.5,2.889,球M,261,0.61,0.106,0.561,0.212,0.231,0.826,物品台,,1,1,,,,3,"[{""name"": ""球M"", ""share"": 0.61, ""q"": 0.106, ""capture"": 0.561, ""miss_deg"": 1.08, ""labels"": [261]}, {""name"": ""球L"", ""share"": 0.141, ""q"": 0.024, ""capture"": 0.119, ""miss_deg"": 2.06, ""labels"": [259]}, {""name"": ""苹果红"", ""share"": 0.065, ""q"": 0.011, ""capture"": 0.042, ""miss_deg"": 2.52, ""labels"": [260]}]"
2026_08_25/u3,u3,v9,walking,ours,31.26,34.71,3.45,2.365,球R,263,0.411,0.015,0.049,1.0,0.895,0.964,物品台,,0,0,3,球R,1,3,"[{""name"": ""球R"", ""share"": 0.411, ""q"": 0.015, ""capture"": 0.049, ""miss_deg"": 2.46, ""labels"": [263]}, {""name"": ""球M"", ""share"": 0.368, ""q"": 0.013, ""capture"": 0.049, ""miss_deg"": 2.46, ""labels"": [261]}, {""name"": ""水瓶"", ""share"": 0.179, ""q"": 0.006, ""capture"": 0.007, ""miss_deg"": 3.17, ""labels"": [30]}]"
2026_08_25/u3,u3,v9,walking,ours,34.76,35.26,0.5,2.093,球M,261,0.784,0.043,0.133,0.113,0.129,0.945,物品台,,0,0,3,球R,0,3,"[{""name"": ""球M"", ""share"": 0.784, ""q"": 0.043, ""capture"": 0.133, ""miss_deg"": 2.01, ""labels"": [261]}, {""name"": ""球R"", ""share"": 0.101, ""q"": 0.006, ""capture"": 0.015, ""miss_deg"": 2.89, ""labels"": [263]}, {""name"": ""白杯1"", ""share"": 0.101, ""q"": 0.005, ""capture"": 0.009, ""miss_deg"": 3.08, ""labels"": [266]}]"
2026_08_25/u3,u3,v9,walking,ours,35.71,36.11,0.4,2.212,球R,263,0.484,0.007,0.021,0.333,1.041,0.987,物品台,,0,0,3,球R,1,3,"[{""name"": ""球R"", ""share"": 0.484, ""q"": 0.007, ""capture"": 0.021, ""miss_deg"": 2.79, ""labels"": [263]}, {""name"": ""水瓶"", ""share"": 0.504, ""q"": 0.007, ""capture"": 0.007, ""miss_deg"": 3.15, ""labels"": [30]}, {""name"": ""球M"", ""share"": 0.012, ""q"": 0.0, ""capture"": 0.001, ""miss_deg"": 3.88, ""labels"": [261]}]"
2026_08_25/u3,u3,v9,walking,ours,36.51,36.86,0.35,2.331,球R,263,0.417,0.004,0.014,0.357,0.341,0.99,物品台,,0,0,3,球R,1,3,"[{""name"": ""球R"", ""share"": 0.417, ""q"": 0.004, ""capture"": 0.014, ""miss_deg"": 2.93, ""labels"": [263]}, {""name"": ""球M"", ""share"": 0.142, ""q"": 0.001, ""capture"": 0.005, ""miss_deg"": 3.24, ""labels"": [261]}, {""name"": ""水瓶"", ""share"": 0.441, ""q"": 0.004, ""capture"": 0.005, ""miss_deg"": 3.29, ""labels"": [30]}]"
2026_08_25/u3,u3,v9,walking,ours,37.21,37.81,0.6,2.354,球R,263,0.372,0.003,0.012,0.417,1.331,0.991,物品台,,0,0,,,,3,"[{""name"": ""球R"", ""share"": 0.372, ""q"": 0.003, ""capture"": 0.012, ""miss_deg"": 2.99, ""labels"": [263]}, {""name"": ""水瓶"", ""share"": 0.495, ""q"": 0.005, ""capture"": 0.005, ""miss_deg"": 3.27, ""labels"": [30]}, {""name"": ""球M"", ""share"": 0.133, ""q"": 0.001, ""capture"": 0.005, ""miss_deg"": 3.28, ""labels"": [261]}]"
2026_08_25/u3,u3,v9,walking,ours,38.16,38.56,0.4,2.861,水瓶,30,1.0,0.002,0.003,0.0,0.0,0.998,object#37,,0,0,4,球M,0,1,"[{""name"": ""水瓶"", ""share"": 1.0, ""q"": 0.002, ""capture"": 0.003, ""miss_deg"": 3.43, ""labels"": [30]}]"
2026_08_25/u3,u3,v9,walking,ours,38.86,39.11,0.25,2.432,球M,261,0.549,0.017,0.065,0.215,0.812,0.97,物品台,,0,0,4,球M,1,3,"[{""name"": ""球M"", ""share"": 0.549, ""q"": 0.017, ""capture"": 0.065, ""miss_deg"": 2.34, ""labels"": [261]}, {""name"": ""水瓶"", ""share"": 0.446, ""q"": 0.013, ""capture"": 0.014, ""miss_deg"": 2.92, ""labels"": [30]}, {""name"": ""球L"", ""share"": 0.006, ""q"": 0.0, ""capture"": 0.001, ""miss_deg"": 3.84, ""labels"": [259]}]"
2026_08_25/u3,u3,v9,walking,ours,39.76,40.01,0.25,3.764,水瓶,30,0.861,0.005,0.008,0.875,0.161,0.994,物品台,,0,0,4,球M,0,2,"[{""name"": ""水瓶"", ""share"": 0.861, ""q"": 0.005, ""capture"": 0.008, ""miss_deg"": 3.12, ""labels"": [30]}, {""name"": ""球M"", ""share"": 0.139, ""q"": 0.001, ""capture"": 0.007, ""miss_deg"": 3.15, ""labels"": [261]}]"
2026_08_25/u3,u3,v9,walking,ours,40.51,40.81,0.3,2.816,球M,261,0.687,0.035,0.168,0.167,0.18,0.95,物品台,,0,0,4,球M,1,3,"[{""name"": ""球M"", ""share"": 0.687, ""q"": 0.035, ""capture"": 0.168, ""miss_deg"": 1.89, ""labels"": [261]}, {""name"": ""球L"", ""share"": 0.124, ""q"": 0.006, ""capture"": 0.028, ""miss_deg"": 2.67, ""labels"": [259]}, {""name"": ""水瓶"", ""share"": 0.189, ""q"": 0.01, ""capture"": 0.011, ""miss_deg"": 3.0, ""labels"": [30]}]"
2026_08_25/u3,u3,v9,walking,ours,40.91,41.21,0.3,2.81,球M,261,0.523,0.026,0.124,0.444,0.48,0.951,物品台,,0,0,4,球M,1,3,"[{""name"": ""球M"", ""share"": 0.523, ""q"": 0.026, ""capture"": 0.124, ""miss_deg"": 2.04, ""labels"": [261]}, {""name"": ""球L"", ""share"": 0.251, ""q"": 0.012, ""capture"": 0.055, ""miss_deg"": 2.41, ""labels"": [259]}, {""name"": ""水瓶"", ""share"": 0.226, ""q"": 0.011, ""capture"": 0.013, ""miss_deg"": 2.95, ""labels"": [30]}]"
2026_08_25/u3,u3,v9,walking,ours,41.91,42.26,0.35,3.946,球M,261,0.296,0.002,0.019,0.789,0.784,0.993,物品台,,0,0,4,球M,1,3,"[{""name"": ""球M"", ""share"": 0.296, ""q"": 0.002, ""capture"": 0.019, ""miss_deg"": 2.82, ""labels"": [261]}, {""name"": ""球L"", ""share"": 0.232, ""q"": 0.002, ""capture"": 0.015, ""miss_deg"": 2.9, ""labels"": [259]}, {""name"": ""水瓶"", ""share"": 0.472, ""q"": 0.003, ""capture"": 0.006, ""miss_deg"": 3.22, ""labels"": [30]}]"
2026_08_25/u3,u3,v9,walking,ours,43.66,44.51,0.85,2.791,球L,259,0.673,0.037,0.167,0.263,0.245,0.945,物品台,,0,0,,,,3,"[{""name"": ""球L"", ""share"": 0.673, ""q"": 0.037, ""capture"": 0.167, ""miss_deg"": 1.89, ""labels"": [259]}, {""name"": ""球M"", ""share"": 0.165, ""q"": 0.009, ""capture"": 0.044, ""miss_deg"": 2.5, ""labels"": [261]}, {""name"": ""水瓶"", ""share"": 0.162, ""q"": 0.009, ""capture"": 0.01, ""miss_deg"": 3.02, ""labels"": [30]}]"
2026_08_25/u3,u3,v9,walking,ours,45.44,45.69,0.25,2.934,球R,263,0.32,0.051,0.248,0.823,0.753,0.84,物品台,,0,0,5,球R,1,3,"[{""name"": ""球R"", ""share"": 0.32, ""q"": 0.051, ""capture"": 0.248, ""miss_deg"": 1.67, ""labels"": [263]}, {""name"": ""球M"", ""share"": 0.241, ""q"": 0.039, ""capture"": 0.204, ""miss_deg"": 1.78, ""labels"": [261]}, {""name"": ""白杯1"", ""share"": 0.35, ""q"": 0.056, ""capture"": 0.145, ""miss_deg"": 1.96, ""labels"": [266]}]"
2026_08_25/u3,u3,v9,walking,ours,46.69,47.54,0.85,2.566,球R,263,0.639,0.014,0.057,0.123,0.121,0.978,物品台,,0,0,5,球R,1,3,"[{""name"": ""球R"", ""share"": 0.639, ""q"": 0.014, ""capture"": 0.057, ""miss_deg"": 2.39, ""labels"": [263]}, {""name"": ""球M"", ""share"": 0.077, ""q"": 0.002, ""capture"": 0.007, ""miss_deg"": 3.14, ""labels"": [261]}, {""name"": ""水瓶"", ""share"": 0.284, ""q"": 0.006, ""capture"": 0.007, ""miss_deg"": 3.16, ""labels"": [30]}]"
2026_08_25/u3,u3,v9,walking,ours,47.99,48.89,0.9,2.481,球R,263,0.741,0.029,0.107,0.093,0.332,0.961,物品台,,0,0,5,球R,1,3,"[{""name"": ""球R"", ""share"": 0.741, ""q"": 0.029, ""capture"": 0.107, ""miss_deg"": 2.11, ""labels"": [263]}, {""name"": ""水瓶"", ""share"": 0.246, ""q"": 0.01, ""capture"": 0.01, ""miss_deg"": 3.03, ""labels"": [30]}, {""name"": ""球M"", ""share"": 0.013, ""q"": 0.0, ""capture"": 0.002, ""miss_deg"": 3.52, ""labels"": [261]}]"
2026_08_25/u3,u3,v9,walking,ours,48.99,49.89,0.9,2.508,球R,263,0.554,0.016,0.062,0.21,0.767,0.972,物品台,,0,0,5,球R,1,3,"[{""name"": ""球R"", ""share"": 0.554, ""q"": 0.016, ""capture"": 0.062, ""miss_deg"": 2.36, ""labels"": [263]}, {""name"": ""水瓶"", ""share"": 0.425, ""q"": 0.012, ""capture"": 0.013, ""miss_deg"": 2.95, ""labels"": [30]}, {""name"": ""球M"", ""share"": 0.022, ""q"": 0.001, ""capture"": 0.003, ""miss_deg"": 3.46, ""labels"": [261]}]"
2026_08_25/u3,u3,v9,walking,ours,50.04,50.69,0.65,2.484,球R,263,0.672,0.026,0.096,0.146,0.488,0.961,物品台,,0,0,,,,2,"[{""name"": ""球R"", ""share"": 0.672, ""q"": 0.026, ""capture"": 0.096, ""miss_deg"": 2.16, ""labels"": [263]}, {""name"": ""水瓶"", ""share"": 0.328, ""q"": 0.013, ""capture"": 0.014, ""miss_deg"": 2.93, ""labels"": [30]}]"
2026_08_25/u3,u3,v9,walking,ours,52.81,54.36,1.55,2.677,,-1,0.0,0.0,,,,1.0,物品台,,0,0,6,球L,,0,[]
2026_08_25/u3,u3,v9,walking,ours,55.26,56.21,0.95,2.967,球L,259,0.749,0.048,0.235,0.179,0.307,0.935,物品台,,1,1,6,球L,1,3,"[{""name"": ""球L"", ""share"": 0.749, ""q"": 0.048, ""capture"": 0.235, ""miss_deg"": 1.7, ""labels"": [259]}, {""name"": ""苹果粉"", ""share"": 0.23, ""q"": 0.015, ""capture"": 0.042, ""miss_deg"": 2.52, ""labels"": [64]}, {""name"": ""苹果红"", ""share"": 0.008, ""q"": 0.001, ""capture"": 0.002, ""miss_deg"": 3.52, ""labels"": [260]}]"
2026_08_25/u3,u3,v9,walking,ours,56.66,57.01,0.35,2.863,球L,259,0.984,0.03,0.144,0.007,0.016,0.97,物品台,,0,0,6,球L,1,2,"[{""name"": ""球L"", ""share"": 0.984, ""q"": 0.03, ""capture"": 0.144, ""miss_deg"": 1.97, ""labels"": [259]}, {""name"": ""水瓶"", ""share"": 0.016, ""q"": 0.0, ""capture"": 0.001, ""miss_deg"": 3.86, ""labels"": [30]}]"
2026_08_25/u3,u3,v9,walking,ours,58.61,58.91,0.3,2.988,球M,261,0.504,0.19,1.16,0.142,0.698,0.623,物品台,,1,1,7,球M,1,3,"[{""name"": ""球M"", ""share"": 0.504, ""q"": 0.19, ""capture"": 1.16, ""miss_deg"": 0.0, ""labels"": [261]}, {""name"": ""水瓶"", ""share"": 0.352, ""q"": 0.133, ""capture"": 0.165, ""miss_deg"": 1.9, ""labels"": [30]}, {""name"": ""球L"", ""share"": 0.048, ""q"": 0.018, ""capture"": 0.095, ""miss_deg"": 2.17, ""labels"": [259]}]"
2026_08_25/u3,u3,v9,walking,ours,59.99,60.34,0.35,2.831,球M,261,0.489,0.112,0.544,0.301,0.303,0.77,物品台,,1,0,7,球M,1,3,"[{""name"": ""球M"", ""share"": 0.489, ""q"": 0.112, ""capture"": 0.544, ""miss_deg"": 1.1, ""labels"": [261]}, {""name"": ""球L"", ""share"": 0.148, ""q"": 0.034, ""capture"": 0.164, ""miss_deg"": 1.9, ""labels"": [259]}, {""name"": ""水瓶"", ""share"": 0.302, ""q"": 0.069, ""capture"": 0.082, ""miss_deg"": 2.24, ""labels"": [30]}]"
2026_08_25/u3,u3,v9,walking,ours,60.94,61.24,0.3,2.699,球L,259,0.466,0.086,0.387,0.463,0.461,0.815,物品台,,1,0,7,球M,0,3,"[{""name"": ""球L"", ""share"": 0.466, ""q"": 0.086, ""capture"": 0.387, ""miss_deg"": 1.38, ""labels"": [259]}, {""name"": ""球M"", ""share"": 0.215, ""q"": 0.04, ""capture"": 0.179, ""miss_deg"": 1.86, ""labels"": [261]}, {""name"": ""水瓶"", ""share"": 0.249, ""q"": 0.046, ""capture"": 0.053, ""miss_deg"": 2.43, ""labels"": [30]}]"
2026_08_25/u3,u3,v9,walking,ours,61.49,61.79,0.3,2.538,球L,259,0.459,0.039,0.156,0.679,0.634,0.916,物品台,,0,0,7,球M,0,3,"[{""name"": ""球L"", ""share"": 0.459, ""q"": 0.039, ""capture"": 0.156, ""miss_deg"": 1.93, ""labels"": [259]}, {""name"": ""球M"", ""share"": 0.291, ""q"": 0.024, ""capture"": 0.106, ""miss_deg"": 2.12, ""labels"": [261]}, {""name"": ""水瓶"", ""share"": 0.221, ""q"": 0.019, ""capture"": 0.02, ""miss_deg"": 2.79, ""labels"": [30]}]"
2026_08_25/u3,u3,v9,walking,ours,61.84,62.09,0.25,2.633,球L,259,0.568,0.113,0.487,0.255,0.245,0.802,物品台,,1,1,7,球M,0,3,"[{""name"": ""球L"", ""share"": 0.568, ""q"": 0.113, ""capture"": 0.487, ""miss_deg"": 1.2, ""labels"": [259]}, {""name"": ""球M"", ""share"": 0.139, ""q"": 0.028, ""capture"": 0.124, ""miss_deg"": 2.05, ""labels"": [261]}, {""name"": ""苹果红"", ""share"": 0.117, ""q"": 0.023, ""capture"": 0.073, ""miss_deg"": 2.29, ""labels"": [260]}]"
2026_08_25/u3,u3,v9,walking,ours,62.14,62.74,0.6,2.381,球L,259,0.445,0.06,0.209,0.651,0.616,0.866,物品台,,1,0,7,球M,0,3,"[{""name"": ""球L"", ""share"": 0.445, ""q"": 0.06, ""capture"": 0.209, ""miss_deg"": 1.77, ""labels"": [259]}, {""name"": ""球M"", ""share"": 0.274, ""q"": 0.037, ""capture"": 0.136, ""miss_deg"": 2.0, ""labels"": [261]}, {""name"": ""水瓶"", ""share"": 0.218, ""q"": 0.029, ""capture"": 0.031, ""miss_deg"": 2.64, ""labels"": [30]}]"
2026_08_25/u3,u3,v9,walking,ours,63.14,64.19,1.05,2.257,球M,261,0.862,0.08,0.264,0.045,0.147,0.908,物品台,,1,1,7,球M,1,3,"[{""name"": ""球M"", ""share"": 0.862, ""q"": 0.08, ""capture"": 0.264, ""miss_deg"": 1.63, ""labels"": [261]}, {""name"": ""水瓶"", ""share"": 0.127, ""q"": 0.012, ""capture"": 0.012, ""miss_deg"": 2.97, ""labels"": [30]}, {""name"": ""球L"", ""share"": 0.009, ""q"": 0.001, ""capture"": 0.003, ""miss_deg"": 3.43, ""labels"": [259]}]"
2026_08_25/u3,u3,v9,walking,ours,65.8,66.25,0.45,3.965,,-1,0.0,0.0,,,,1.0,object#26,,0,0,,,,0,[]
2026_08_25/u3,u3,v9,walking,ours,66.95,67.4,0.45,3.466,,-1,0.0,0.0,,,,1.0,object#26,,0,0,,,,0,[]
2026_08_25/u3,u3,v9,walking,ours,68.32,68.82,0.5,3.525,,-1,0.0,0.0,,,,1.0,object#26,,0,0,,,,0,[]
2026_08_25/u3,u3,v9,walking,ours,69.47,70.07,0.6,3.5,,-1,0.0,0.0,,,,1.0,object#26,,0,0,,,,0,[]
2026_08_25/u3,u3,v9,walking,ours,70.17,70.47,0.3,3.526,,-1,0.0,0.0,,,,1.0,object#60,,0,0,,,,0,[]
2026_08_25/u3,u3,v9,walking,ours,72.04,72.29,0.25,3.417,,-1,0.0,0.0,,,,1.0,object#26,,0,0,,,,0,[]
2026_08_25/u3,u3,v9,walking,ours,72.81,73.26,0.45,2.26,球M,261,0.866,0.033,0.108,0.056,0.059,0.962,物品台,,0,0,8,球R,0,3,"[{""name"": ""球M"", ""share"": 0.866, ""q"": 0.033, ""capture"": 0.108, ""miss_deg"": 2.11, ""labels"": [261]}, {""name"": ""球R"", ""share"": 0.051, ""q"": 0.002, ""capture"": 0.006, ""miss_deg"": 3.18, ""labels"": [263]}, {""name"": ""水瓶"", ""share"": 0.082, ""q"": 0.003, ""capture"": 0.003, ""miss_deg"": 3.39, ""labels"": [30]}]"
2026_08_25/u3,u3,v9,walking,ours,73.71,74.26,0.55,2.264,球R,263,0.757,0.087,0.291,0.096,0.316,0.884,物品台,,1,1,8,球R,1,3,"[{""name"": ""球R"", ""share"": 0.757, ""q"": 0.087, ""capture"": 0.291, ""miss_deg"": 1.57, ""labels"": [263]}, {""name"": ""水瓶"", ""share"": 0.239, ""q"": 0.028, ""capture"": 0.028, ""miss_deg"": 2.67, ""labels"": [30]}, {""name"": ""白杯2"", ""share"": 0.004, ""q"": 0.001, ""capture"": 0.001, ""miss_deg"": 3.71, ""labels"": [267]}]"
2026_08_25/u3,u3,v9,walking,ours,74.31,74.56,0.25,2.305,球R,263,0.449,0.02,0.068,0.603,0.581,0.955,物品台,,0,0,8,球R,1,3,"[{""name"": ""球R"", ""share"": 0.449, ""q"": 0.02, ""capture"": 0.068, ""miss_deg"": 2.32, ""labels"": [263]}, {""name"": ""球M"", ""share"": 0.261, ""q"": 0.012, ""capture"": 0.041, ""miss_deg"": 2.52, ""labels"": [261]}, {""name"": ""水瓶"", ""share"": 0.2, ""q"": 0.009, ""capture"": 0.009, ""miss_deg"": 3.06, ""labels"": [30]}]"
2026_08_25/u3,u3,v9,walking,ours,74.61,74.96,0.35,2.486,球R,263,0.481,0.139,0.515,0.423,0.786,0.71,物品台,,1,0,8,球R,1,3,"[{""name"": ""球R"", ""share"": 0.481, ""q"": 0.139, ""capture"": 0.515, ""miss_deg"": 1.15, ""labels"": [263]}, {""name"": ""白杯1"", ""share"": 0.378, ""q"": 0.109, ""capture"": 0.218, ""miss_deg"": 1.74, ""labels"": [266]}, {""name"": ""香蕉"", ""share"": 0.075, ""q"": 0.022, ""capture"": 0.022, ""miss_deg"": 2.76, ""labels"": [264]}]"
2026_08_25/u3,u3,v9,walking,ours,75.01,76.01,1.0,2.545,球R,263,0.733,0.03,0.123,0.081,0.308,0.959,物品台,,0,0,8,球R,1,3,"[{""name"": ""球R"", ""share"": 0.733, ""q"": 0.03, ""capture"": 0.123, ""miss_deg"": 2.05, ""labels"": [263]}, {""name"": ""水瓶"", ""share"": 0.226, ""q"": 0.009, ""capture"": 0.01, ""miss_deg"": 3.03, ""labels"": [30]}, {""name"": ""球M"", ""share"": 0.041, ""q"": 0.002, ""capture"": 0.007, ""miss_deg"": 3.13, ""labels"": [261]}]"
2026_08_25/u3,u3,v9,walking,ours,76.26,77.11,0.85,2.799,球R,263,0.742,0.082,0.368,0.054,0.205,0.889,物品台,,1,1,8,球R,1,3,"[{""name"": ""球R"", ""share"": 0.742, ""q"": 0.082, ""capture"": 0.368, ""miss_deg"": 1.41, ""labels"": [263]}, {""name"": ""水瓶"", ""share"": 0.152, ""q"": 0.017, ""capture"": 0.02, ""miss_deg"": 2.8, ""labels"": [30]}, {""name"": ""白杯1"", ""share"": 0.075, ""q"": 0.008, ""capture"": 0.019, ""miss_deg"": 2.81, ""labels"": [266]}]"
2026_08_25/u3,u3,v9,walking,ours,77.41,77.66,0.25,2.892,球R,263,0.525,0.008,0.037,0.216,0.905,0.985,object#106,,0,0,8,球R,1,2,"[{""name"": ""球R"", ""share"": 0.525, ""q"": 0.008, ""capture"": 0.037, ""miss_deg"": 2.57, ""labels"": [263]}, {""name"": ""水瓶"", ""share"": 0.475, ""q"": 0.007, ""capture"": 0.008, ""miss_deg"": 3.09, ""labels"": [30]}]"
2026_08_25/u3,u3,v9,walking,ours,78.01,78.36,0.35,2.871,水瓶,30,0.847,0.004,0.005,0.8,0.181,0.995,object#106,,0,0,,,,2,"[{""name"": ""水瓶"", ""share"": 0.847, ""q"": 0.004, ""capture"": 0.005, ""miss_deg"": 3.25, ""labels"": [30]}, {""name"": ""球R"", ""share"": 0.153, ""q"": 0.001, ""capture"": 0.004, ""miss_deg"": 3.34, ""labels"": [263]}]"
2026_08_25/u3,u3,v9,walking,ours,78.76,79.01,0.25,2.851,球R,263,0.394,0.003,0.016,0.375,1.538,0.992,object#106,,0,0,,,,2,"[{""name"": ""球R"", ""share"": 0.394, ""q"": 0.003, ""capture"": 0.016, ""miss_deg"": 2.87, ""labels"": [263]}, {""name"": ""水瓶"", ""share"": 0.606, ""q"": 0.005, ""capture"": 0.006, ""miss_deg"": 3.19, ""labels"": [30]}]"
2026_08_25/u3,u3,v9,walking,ours,79.41,79.71,0.3,2.729,球R,263,0.562,0.013,0.059,0.559,0.562,0.977,物品台,,0,0,9,球L,0,3,"[{""name"": ""球R"", ""share"": 0.562, ""q"": 0.013, ""capture"": 0.059, ""miss_deg"": 2.38, ""labels"": [263]}, {""name"": ""球M"", ""share"": 0.316, ""q"": 0.007, ""capture"": 0.033, ""miss_deg"": 2.61, ""labels"": [261]}, {""name"": ""水瓶"", ""share"": 0.122, ""q"": 0.003, ""capture"": 0.003, ""miss_deg"": 3.38, ""labels"": [30]}]"
2026_08_25/u3,u3,v9,walking,ours,79.86,80.11,0.25,2.66,球M,261,0.739,0.108,0.487,0.076,0.306,0.853,物品台,,1,1,9,球L,0,3,"[{""name"": ""球M"", ""share"": 0.739, ""q"": 0.108, ""capture"": 0.487, ""miss_deg"": 1.2, ""labels"": [261]}, {""name"": ""水瓶"", ""share"": 0.226, ""q"": 0.033, ""capture"": 0.037, ""miss_deg"": 2.57, ""labels"": [30]}, {""name"": ""球L"", ""share"": 0.033, ""q"": 0.005, ""capture"": 0.021, ""miss_deg"": 2.78, ""labels"": [259]}]"
2026_08_25/u3,u3,v9,walking,ours,80.16,80.51,0.35,2.741,球L,259,0.361,0.071,0.317,0.647,1.161,0.805,物品台,,0,0,9,球L,1,3,"[{""name"": ""球L"", ""share"": 0.361, ""q"": 0.071, ""capture"": 0.317, ""miss_deg"": 1.52, ""labels"": [259]}, {""name"": ""苹果粉"", ""share"": 0.419, ""q"": 0.082, ""capture"": 0.205, ""miss_deg"": 1.78, ""labels"": [64]}, {""name"": ""苹果红"", ""share"": 0.118, ""q"": 0.023, ""capture"": 0.076, ""miss_deg"": 2.27, ""labels"": [260]}]"
2026_08_25/u3,u3,v9,walking,ours,80.56,81.06,0.5,2.613,球L,259,0.952,0.032,0.139,0.007,0.019,0.966,物品台,,0,0,9,球L,1,3,"[{""name"": ""球L"", ""share"": 0.952, ""q"": 0.032, ""capture"": 0.139, ""miss_deg"": 1.98, ""labels"": [259]}, {""name"": ""苹果粉"", ""share"": 0.018, ""q"": 0.001, ""capture"": 0.001, ""miss_deg"": 3.62, ""labels"": [64]}, {""name"": ""水瓶"", ""share"": 0.03, ""q"": 0.001, ""capture"": 0.001, ""miss_deg"": 3.69, ""labels"": [30]}]"
2026_08_25/u3,u3,v9,walking,ours,81.56,83.46,1.9,2.709,球L,259,0.804,0.066,0.296,0.118,0.21,0.918,物品台,,1,1,9,球L,1,3,"[{""name"": ""球L"", ""share"": 0.804, ""q"": 0.066, ""capture"": 0.296, ""miss_deg"": 1.56, ""labels"": [259]}, {""name"": ""苹果粉"", ""share"": 0.169, ""q"": 0.014, ""capture"": 0.035, ""miss_deg"": 2.59, ""labels"": [64]}, {""name"": ""水瓶"", ""share"": 0.021, ""q"": 0.002, ""capture"": 0.002, ""miss_deg"": 3.53, ""labels"": [30]}]"
2026_08_25/u3,u3,v9,walking,ours,83.51,83.86,0.35,2.631,球L,259,0.95,0.068,0.295,0.01,0.016,0.928,物品台,,1,1,9,球L,1,3,"[{""name"": ""球L"", ""share"": 0.95, ""q"": 0.068, ""capture"": 0.295, ""miss_deg"": 1.56, ""labels"": [259]}, {""name"": ""苹果红"", ""share"": 0.015, ""q"": 0.001, ""capture"": 0.003, ""miss_deg"": 3.37, ""labels"": [260]}, {""name"": ""水瓶"", ""share"": 0.029, ""q"": 0.002, ""capture"": 0.002, ""miss_deg"": 3.48, ""labels"": [30]}]"
2026_08_25/u3,u3,v9,walking,ours,83.91,84.66,0.75,2.798,球L,259,0.766,0.18,0.809,0.091,0.158,0.765,物品台,,1,1,9,球L,1,3,"[{""name"": ""球L"", ""share"": 0.766, ""q"": 0.18, ""capture"": 0.809, ""miss_deg"": 0.65, ""labels"": [259]}, {""name"": ""苹果粉"", ""share"": 0.121, ""q"": 0.029, ""capture"": 0.074, ""miss_deg"": 2.28, ""labels"": [64]}, {""name"": ""苹果红"", ""share"": 0.087, ""q"": 0.02, ""capture"": 0.071, ""miss_deg"": 2.3, ""labels"": [260]}]"
2026_08_25/u3,u3,v9,walking,ours,84.71,85.21,0.5,2.639,球L,259,0.956,0.057,0.246,0.012,0.014,0.94,物品台,,1,1,,,,3,"[{""name"": ""球L"", ""share"": 0.956, ""q"": 0.057, ""capture"": 0.246, ""miss_deg"": 1.67, ""labels"": [259]}, {""name"": ""苹果红"", ""share"": 0.013, ""q"": 0.001, ""capture"": 0.003, ""miss_deg"": 3.46, ""labels"": [260]}, {""name"": ""水瓶"", ""share"": 0.031, ""q"": 0.002, ""capture"": 0.002, ""miss_deg"": 3.52, ""labels"": [30]}]"
2026_08_25/u3,u3,v9,walking,ours,85.31,86.96,1.65,2.59,球L,259,0.787,0.08,0.323,0.08,0.076,0.899,物品台,,1,1,,,,3,"[{""name"": ""球L"", ""share"": 0.787, ""q"": 0.08, ""capture"": 0.323, ""miss_deg"": 1.5, ""labels"": [259]}, {""name"": ""球M"", ""share"": 0.06, ""q"": 0.006, ""capture"": 0.026, ""miss_deg"": 2.7, ""labels"": [261]}, {""name"": ""苹果红"", ""share"": 0.068, ""q"": 0.007, ""capture"": 0.022, ""miss_deg"": 2.77, ""labels"": [260]}]"
2026_08_25/u3,u3,v9,walking,ours,87.37,87.97,0.6,2.6,球R,263,0.828,0.11,0.474,0.036,0.144,0.868,物品台,,1,1,10,球R,1,3,"[{""name"": ""球R"", ""share"": 0.828, ""q"": 0.11, ""capture"": 0.474, ""miss_deg"": 1.22, ""labels"": [263]}, {""name"": ""水瓶"", ""share"": 0.119, ""q"": 0.016, ""capture"": 0.017, ""miss_deg"": 2.85, ""labels"": [30]}, {""name"": ""白杯1"", ""share"": 0.03, ""q"": 0.004, ""capture"": 0.008, ""miss_deg"": 3.09, ""labels"": [266]}]"
2026_08_25/u3,u3,v9,walking,ours,88.07,88.97,0.9,2.61,球R,263,0.751,0.069,0.298,0.07,0.273,0.908,物品台,,1,1,10,球R,1,3,"[{""name"": ""球R"", ""share"": 0.751, ""q"": 0.069, ""capture"": 0.298, ""miss_deg"": 1.56, ""labels"": [263]}, {""name"": ""水瓶"", ""share"": 0.205, ""q"": 0.019, ""capture"": 0.021, ""miss_deg"": 2.78, ""labels"": [30]}, {""name"": ""白杯1"", ""share"": 0.036, ""q"": 0.003, ""capture"": 0.007, ""miss_deg"": 3.15, ""labels"": [266]}]"
2026_08_25/u3,u3,v9,walking,ours,89.17,89.47,0.3,2.672,水瓶,30,1.0,0.0,0.0,0.0,0.0,1.0,object#106,,0,0,10,球R,0,1,"[{""name"": ""水瓶"", ""share"": 1.0, ""q"": 0.0, ""capture"": 0.0, ""miss_deg"": 4.02, ""labels"": [30]}]"
2026_08_25/u3,u3,v9,walking,ours,90.33,91.25,0.92,1.98,球R,263,0.676,0.047,0.122,0.189,0.479,0.93,物品台,,0,0,10,球R,1,2,"[{""name"": ""球R"", ""share"": 0.676, ""q"": 0.047, ""capture"": 0.122, ""miss_deg"": 2.05, ""labels"": [263]}, {""name"": ""水瓶"", ""share"": 0.324, ""q"": 0.023, ""capture"": 0.023, ""miss_deg"": 2.75, ""labels"": [30]}]"
2026_08_25/u3,u3,v9,walking,ours,91.3,92.33,1.03,1.838,球R,263,0.89,0.191,0.445,0.034,0.08,0.785,物品台,,1,1,,,,3,"[{""name"": ""球R"", ""share"": 0.89, ""q"": 0.191, ""capture"": 0.445, ""miss_deg"": 1.27, ""labels"": [263]}, {""name"": ""水瓶"", ""share"": 0.071, ""q"": 0.015, ""capture"": 0.015, ""miss_deg"": 2.89, ""labels"": [30]}, {""name"": ""白杯1"", ""share"": 0.038, ""q"": 0.008, ""capture"": 0.011, ""miss_deg"": 3.0, ""labels"": [266]}]"
2026_08_25/u3,u3,v9,walking,ours,92.98,93.47,0.49,1.946,球L,259,0.971,0.193,0.484,0.01,0.026,0.801,物品台,,1,1,11,球L,1,3,"[{""name"": ""球L"", ""share"": 0.971, ""q"": 0.193, ""capture"": 0.484, ""miss_deg"": 1.2, ""labels"": [259]}, {""name"": ""水瓶"", ""share"": 0.025, ""q"": 0.005, ""capture"": 0.005, ""miss_deg"": 3.26, ""labels"": [30]}, {""name"": ""苹果红"", ""share"": 0.003, ""q"": 0.001, ""capture"": 0.001, ""miss_deg"": 3.64, ""labels"": [260]}]"
2026_08_25/u3,u3,v9,walking,ours,93.79,95.41,1.62,2.229,球L,259,0.965,0.079,0.25,0.012,0.036,0.918,物品台,,1,1,11,球L,1,3,"[{""name"": ""球L"", ""share"": 0.965, ""q"": 0.079, ""capture"": 0.25, ""miss_deg"": 1.67, ""labels"": [259]}, {""name"": ""水瓶"", ""share"": 0.035, ""q"": 0.003, ""capture"": 0.003, ""miss_deg"": 3.42, ""labels"": [30]}, {""name"": ""苹果粉"", ""share"": 0.001, ""q"": 0.0, ""capture"": 0.0, ""miss_deg"": 4.27, ""labels"": [64]}]"
2026_08_25/u3,u3,v9,walking,ours,95.52,96.06,0.54,2.74,球L,259,0.965,0.005,0.021,0.0,0.036,0.995,物品台,,0,0,11,球L,1,2,"[{""name"": ""球L"", ""share"": 0.965, ""q"": 0.005, ""capture"": 0.021, ""miss_deg"": 2.78, ""labels"": [259]}, {""name"": ""水瓶"", ""share"": 0.035, ""q"": 0.0, ""capture"": 0.0, ""miss_deg"": 4.13, ""labels"": [30]}]"
2026_08_25/u3,u3,v9,walking,ours,96.33,97.52,1.19,2.975,球L,259,0.901,0.126,0.612,0.029,0.048,0.86,物品台,,1,1,11,球L,1,3,"[{""name"": ""球L"", ""share"": 0.901, ""q"": 0.126, ""capture"": 0.612, ""miss_deg"": 0.99, ""labels"": [259]}, {""name"": ""苹果粉"", ""share"": 0.043, ""q"": 0.006, ""capture"": 0.018, ""miss_deg"": 2.84, ""labels"": [64]}, {""name"": ""苹果红"", ""share"": 0.019, ""q"": 0.003, ""capture"": 0.011, ""miss_deg"": 3.01, ""labels"": [260]}]"
2026_08_25/u3,u3,v9,walking,ours,100.3,101.44,1.14,2.901,球M,261,0.397,0.134,0.708,0.335,0.365,0.663,物品台,,1,0,12,球M,1,3,"[{""name"": ""球M"", ""share"": 0.397, ""q"": 0.134, ""capture"": 0.708, ""miss_deg"": 0.83, ""labels"": [261]}, {""name"": ""球L"", ""share"": 0.145, ""q"": 0.049, ""capture"": 0.237, ""miss_deg"": 1.7, ""labels"": [259]}, {""name"": ""水瓶"", ""share"": 0.354, ""q"": 0.119, ""capture"": 0.145, ""miss_deg"": 1.96, ""labels"": [30]}]"
2026_08_25/u3,u3,v9,walking,ours,102.25,103.06,0.81,2.62,球M,261,0.439,0.158,0.71,0.213,0.221,0.64,物品台,,1,0,12,球M,1,3,"[{""name"": ""球M"", ""share"": 0.439, ""q"": 0.158, ""capture"": 0.71, ""miss_deg"": 0.83, ""labels"": [261]}, {""name"": ""球L"", ""share"": 0.097, ""q"": 0.035, ""capture"": 0.151, ""miss_deg"": 1.94, ""labels"": [259]}, {""name"": ""水瓶"", ""share"": 0.339, ""q"": 0.122, ""capture"": 0.135, ""miss_deg"": 2.0, ""labels"": [30]}]"
2026_08_25/u3,u3,v9,walking,ours,103.55,104.74,1.19,2.29,球M,261,0.863,0.161,0.534,0.049,0.158,0.814,物品台,,1,1,12,球M,1,3,"[{""name"": ""球M"", ""share"": 0.863, ""q"": 0.161, ""capture"": 0.534, ""miss_deg"": 1.12, ""labels"": [261]}, {""name"": ""水瓶"", ""share"": 0.136, ""q"": 0.025, ""capture"": 0.026, ""miss_deg"": 2.7, ""labels"": [30]}, {""name"": ""苹果红"", ""share"": 0.001, ""q"": 0.0, ""capture"": 0.0, ""miss_deg"": 3.99, ""labels"": [260]}]"
2026_08_25/u3,u3,v9,walking,ours,104.79,105.28,0.49,2.219,球M,261,0.927,0.159,0.53,0.025,0.079,0.828,物品台,,1,1,12,球M,1,2,"[{""name"": ""球M"", ""share"": 0.927, ""q"": 0.159, ""capture"": 0.53, ""miss_deg"": 1.13, ""labels"": [261]}, {""name"": ""水瓶"", ""share"": 0.073, ""q"": 0.013, ""capture"": 0.013, ""miss_deg"": 2.95, ""labels"": [30]}]"
2026_08_25/u3,u3,v9,walking,ours,105.33,106.25,0.92,2.279,球M,261,0.792,0.337,1.121,0.075,0.242,0.574,物品台,,1,1,,,,3,"[{""name"": ""球M"", ""share"": 0.792, ""q"": 0.337, ""capture"": 1.121, ""miss_deg"": 0.0, ""labels"": [261]}, {""name"": ""水瓶"", ""share"": 0.192, ""q"": 0.082, ""capture"": 0.084, ""miss_deg"": 2.23, ""labels"": [30]}, {""name"": ""香蕉"", ""share"": 0.014, ""q"": 0.006, ""capture"": 0.006, ""miss_deg"": 3.2, ""labels"": [264]}]"
2026_08_25/u3,u3,v9,walking,ours,107.17,107.44,0.27,2.258,球R,263,0.782,0.175,0.58,0.09,0.17,0.777,物品台,,1,1,13,球R,1,3,"[{""name"": ""球R"", ""share"": 0.782, ""q"": 0.175, ""capture"": 0.58, ""miss_deg"": 1.04, ""labels"": [263]}, {""name"": ""白杯1"", ""share"": 0.133, ""q"": 0.03, ""capture"": 0.052, ""miss_deg"": 2.44, ""labels"": [266]}, {""name"": ""水瓶"", ""share"": 0.084, ""q"": 0.019, ""capture"": 0.019, ""miss_deg"": 2.81, ""labels"": [30]}]"
2026_08_25/u3,u3,v9,walking,ours,107.61,107.88,0.27,2.322,球M,261,0.838,0.232,0.812,0.036,0.119,0.723,物品台,,1,1,13,球R,0,3,"[{""name"": ""球M"", ""share"": 0.838, ""q"": 0.232, ""capture"": 0.812, ""miss_deg"": 0.65, ""labels"": [261]}, {""name"": ""水瓶"", ""share"": 0.1, ""q"": 0.028, ""capture"": 0.029, ""miss_deg"": 2.67, ""labels"": [30]}, {""name"": ""香蕉"", ""share"": 0.047, ""q"": 0.013, ""capture"": 0.013, ""miss_deg"": 2.94, ""labels"": [264]}]"
2026_08_25/u3,u3,v9,walking,ours,109.17,111.01,1.84,3.096,球M,261,0.308,0.107,0.657,0.521,1.185,0.651,物品台,,0,0,13,球R,0,3,"[{""name"": ""球M"", ""share"": 0.308, ""q"": 0.107, ""capture"": 0.657, ""miss_deg"": 0.92, ""labels"": [261]}, {""name"": ""白杯1"", ""share"": 0.365, ""q"": 0.127, ""capture"": 0.342, ""miss_deg"": 1.47, ""labels"": [266]}, {""name"": ""球R"", ""share"": 0.123, ""q"": 0.043, ""capture"": 0.263, ""miss_deg"": 1.64, ""labels"": [263]}]"
2026_08_25/u3,u3,v9,walking,ours,111.44,112.42,0.97,3.294,球M,261,0.487,0.093,0.636,0.23,0.495,0.81,物品台,,1,0,13,球R,0,3,"[{""name"": ""球M"", ""share"": 0.487, ""q"": 0.093, ""capture"": 0.636, ""miss_deg"": 0.95, ""labels"": [261]}, {""name"": ""白杯1"", ""share"": 0.241, ""q"": 0.046, ""capture"": 0.146, ""miss_deg"": 1.96, ""labels"": [266]}, {""name"": ""球R"", ""share"": 0.104, ""q"": 0.02, ""capture"": 0.121, ""miss_deg"": 2.06, ""labels"": [263]}]"
2026_08_25/u3,u3,v9,walking,ours,112.58,113.23,0.65,3.289,球M,261,0.575,0.105,0.64,0.162,0.311,0.818,物品台,,1,1,,,,3,"[{""name"": ""球M"", ""share"": 0.575, ""q"": 0.105, ""capture"": 0.64, ""miss_deg"": 0.94, ""labels"": [261]}, {""name"": ""白杯1"", ""share"": 0.179, ""q"": 0.033, ""capture"": 0.104, ""miss_deg"": 2.13, ""labels"": [266]}, {""name"": ""球R"", ""share"": 0.048, ""q"": 0.009, ""capture"": 0.053, ""miss_deg"": 2.42, ""labels"": [263]}]"
2026_08_25/u3,u3,v9,walking,ours,113.72,114.36,0.65,3.241,球L,259,0.79,0.027,0.165,0.115,0.21,0.966,物品台,,0,0,14,球L,1,3,"[{""name"": ""球L"", ""share"": 0.79, ""q"": 0.027, ""capture"": 0.165, ""miss_deg"": 1.9, ""labels"": [259]}, {""name"": ""苹果粉"", ""share"": 0.166, ""q"": 0.006, ""capture"": 0.019, ""miss_deg"": 2.82, ""labels"": [64]}, {""name"": ""水瓶"", ""share"": 0.044, ""q"": 0.001, ""capture"": 0.002, ""miss_deg"": 3.52, ""labels"": [30]}]"
2026_08_25/u3,u3,v9,walking,ours,114.42,117.55,3.14,3.097,球L,259,0.798,0.007,0.045,0.067,0.112,0.991,物品台,,0,0,14,球L,1,3,"[{""name"": ""球L"", ""share"": 0.798, ""q"": 0.007, ""capture"": 0.045, ""miss_deg"": 2.49, ""labels"": [259]}, {""name"": ""苹果粉"", ""share"": 0.089, ""q"": 0.001, ""capture"": 0.003, ""miss_deg"": 3.45, ""labels"": [64]}, {""name"": ""水瓶"", ""share"": 0.113, ""q"": 0.001, ""capture"": 0.001, ""miss_deg"": 3.63, ""labels"": [30]}]"
2026_08_25/u3,u3,v9,walking,ours,117.61,119.07,1.46,2.908,球L,259,0.857,0.073,0.356,0.067,0.125,0.914,物品台,,1,1,14,球L,1,3,"[{""name"": ""球L"", ""share"": 0.857, ""q"": 0.073, ""capture"": 0.356, ""miss_deg"": 1.44, ""labels"": [259]}, {""name"": ""苹果粉"", ""share"": 0.107, ""q"": 0.009, ""capture"": 0.024, ""miss_deg"": 2.72, ""labels"": [64]}, {""name"": ""苹果红"", ""share"": 0.025, ""q"": 0.002, ""capture"": 0.008, ""miss_deg"": 3.1, ""labels"": [260]}]"
2026_08_25/u3,u3,v9,walking,ours,121.08,121.62,0.54,2.68,球M,261,0.614,0.216,0.968,0.106,0.423,0.649,物品台,,1,1,15,球M,1,3,"[{""name"": ""球M"", ""share"": 0.614, ""q"": 0.216, ""capture"": 0.968, ""miss_deg"": 0.26, ""labels"": [261]}, {""name"": ""水瓶"", ""share"": 0.26, ""q"": 0.091, ""capture"": 0.103, ""miss_deg"": 2.13, ""labels"": [30]}, {""name"": ""苹果红"", ""share"": 0.054, ""q"": 0.019, ""capture"": 0.063, ""miss_deg"": 2.35, ""labels"": [260]}]"
2026_08_25/u3,u3,v9,walking,ours,121.68,122.27,0.59,2.367,球M,261,0.851,0.08,0.295,0.047,0.174,0.906,物品台,,1,1,15,球M,1,3,"[{""name"": ""球M"", ""share"": 0.851, ""q"": 0.08, ""capture"": 0.295, ""miss_deg"": 1.56, ""labels"": [261]}, {""name"": ""水瓶"", ""share"": 0.148, ""q"": 0.014, ""capture"": 0.014, ""miss_deg"": 2.91, ""labels"": [30]}, {""name"": ""球L"", ""share"": 0.001, ""q"": 0.0, ""capture"": 0.0, ""miss_deg"": 3.92, ""labels"": [259]}]"
2026_08_25/u3,u3,v9,walking,ours,122.49,122.98,0.49,2.072,球M,261,0.936,0.147,0.427,0.023,0.068,0.843,物品台,,1,1,15,球M,1,2,"[{""name"": ""球M"", ""share"": 0.936, ""q"": 0.147, ""capture"": 0.427, ""miss_deg"": 1.3, ""labels"": [261]}, {""name"": ""水瓶"", ""share"": 0.064, ""q"": 0.01, ""capture"": 0.01, ""miss_deg"": 3.03, ""labels"": [30]}]"
2026_08_25/u3,u3,v9,walking,ours,123.03,123.41,0.38,1.967,球M,261,0.867,0.359,0.964,0.057,0.153,0.586,物品台,,1,1,15,球M,1,2,"[{""name"": ""球M"", ""share"": 0.867, ""q"": 0.359, ""capture"": 0.964, ""miss_deg"": 0.27, ""labels"": [261]}, {""name"": ""水瓶"", ""share"": 0.133, ""q"": 0.055, ""capture"": 0.055, ""miss_deg"": 2.41, ""labels"": [30]}]"
2026_08_25/u3,u3,v9,walking,ours,123.46,123.73,0.27,1.814,球M,261,0.903,0.113,0.262,0.046,0.107,0.875,物品台,,1,1,15,球M,1,2,"[{""name"": ""球M"", ""share"": 0.903, ""q"": 0.113, ""capture"": 0.262, ""miss_deg"": 1.64, ""labels"": [261]}, {""name"": ""水瓶"", ""share"": 0.097, ""q"": 0.012, ""capture"": 0.012, ""miss_deg"": 2.97, ""labels"": [30]}]"
2026_08_25/u3,u3,v9,walking,ours,123.79,125.03,1.24,1.642,球M,261,0.826,0.378,0.78,0.101,0.211,0.543,物品台,,1,1,15,球M,1,2,"[{""name"": ""球M"", ""share"": 0.826, ""q"": 0.378, ""capture"": 0.78, ""miss_deg"": 0.71, ""labels"": [261]}, {""name"": ""水瓶"", ""share"": 0.174, ""q"": 0.079, ""capture"": 0.079, ""miss_deg"": 2.25, ""labels"": [30]}]"
2026_08_25/u3,u3,v9,walking,ours,125.19,125.73,0.54,1.312,球M,261,0.734,0.614,0.92,0.241,0.362,0.164,物品台,,1,1,15,球M,1,2,"[{""name"": ""球M"", ""share"": 0.734, ""q"": 0.614, ""capture"": 0.92, ""miss_deg"": 0.41, ""labels"": [261]}, {""name"": ""水瓶"", ""share"": 0.266, ""q"": 0.222, ""capture"": 0.222, ""miss_deg"": 1.74, ""labels"": [30]}]"
2026_08_25/u3,u3,v9,walking,ours,127.05,127.59,0.54,1.632,,-1,0.0,0.0,,,,1.0,object#26,,0,0,,,,0,[]
2026_08_25/u3,u3,v9,walking,ours,129.56,129.94,0.38,0.958,,-1,0.0,0.0,,,,1.0,object#65,,0,0,,,,0,[]
