rec,card,era,flags,cfg,t_start_rel,t_end_rel,dur_s,dist_m,object,object_label,share,q,capture,A_cap,A_share,p_none,surface,W,acc_live,acc_e2,window_k,target,correct,n_cands,candidates
2026_08_16/000,e1,v7,,tag15,3.98,4.24,0.26,1.75,,-1,0.0,0.0,,,,1.0,floor,,0,0,,,,0,[]
2026_08_16/000,e1,v7,,tag15,15.38,15.7,0.32,1.019,,-1,0.0,0.0,,,,1.0,object#67,,0,0,,,,0,[]
2026_08_16/000,e1,v7,,tag15,18.13,18.6,0.47,0.462,,-1,0.0,0.0,,,,1.0,object#67,,0,0,,,,0,[]
2026_08_16/000,e1,v7,,tag15,24.82,25.15,0.33,0.959,,-1,0.0,0.0,,,,1.0,object#187,,0,0,,,,0,[]
2026_08_16/000,e1,v7,,tag15,25.54,26.29,0.75,0.959,,-1,0.0,0.0,,,,1.0,object#187,,0,0,,,,0,[]
2026_08_16/000,e1,v7,,tag15,29.64,29.98,0.34,0.762,,-1,0.0,0.0,,,,1.0,object#187,,0,0,,,,0,[]
2026_08_16/000,e1,v7,,tag15,32.16,32.71,0.55,1.209,,-1,0.0,0.0,,,,1.0,object#187,,0,0,,,,0,[]
2026_08_16/000,e1,v7,,tag15,35.34,35.62,0.27,1.339,,-1,0.0,0.0,,,,1.0,object#34,,0,0,,,,0,[]
2026_08_16/000,e1,v7,,tag15,35.68,36.01,0.32,1.337,苹果,300,1.0,0.028,0.051,0.0,0.0,0.972,object#316,,0,0,,,,1,"[{""name"": ""苹果"", ""share"": 1.0, ""q"": 0.028, ""capture"": 0.051, ""miss_deg"": 3.66, ""labels"": [300]}]"
2026_08_16/000,e1,v7,,tag15,39.06,39.33,0.27,1.671,石榴,78,1.0,0.112,0.301,0.0,0.0,0.888,object#34,,1,1,,,,1,"[{""name"": ""石榴"", ""share"": 1.0, ""q"": 0.112, ""capture"": 0.301, ""miss_deg"": 2.32, ""labels"": [78]}]"
2026_08_16/000,e1,v7,,tag15,39.67,40.14,0.47,1.659,苹果,300,1.0,0.05,0.124,0.0,0.0,0.95,object#316,,0,0,,,,1,"[{""name"": ""苹果"", ""share"": 1.0, ""q"": 0.05, ""capture"": 0.124, ""miss_deg"": 3.06, ""labels"": [300]}]"
2026_08_16/000,e1,v7,,tag15,40.26,41.14,0.88,1.644,苹果,300,0.988,0.101,0.252,0.004,0.012,0.898,object#316,,1,1,,,,2,"[{""name"": ""苹果"", ""share"": 0.988, ""q"": 0.101, ""capture"": 0.252, ""miss_deg"": 2.49, ""labels"": [300]}, {""name"": ""香蕉"", ""share"": 0.012, ""q"": 0.001, ""capture"": 0.001, ""miss_deg"": 5.45, ""labels"": [323]}]"
2026_08_16/000,e1,v7,,tag15,41.26,44.47,3.22,1.657,苹果,300,1.0,0.034,0.086,0.0,0.0,0.966,object#316,,0,0,1,苹果,1,1,"[{""name"": ""苹果"", ""share"": 1.0, ""q"": 0.034, ""capture"": 0.086, ""miss_deg"": 3.32, ""labels"": [300]}]"
2026_08_16/000,e1,v7,,tag15,44.58,45.97,1.39,1.653,苹果,300,0.98,0.062,0.157,0.006,0.02,0.936,object#316,,0,0,1,苹果,1,2,"[{""name"": ""苹果"", ""share"": 0.98, ""q"": 0.062, ""capture"": 0.157, ""miss_deg"": 2.89, ""labels"": [300]}, {""name"": ""香蕉"", ""share"": 0.02, ""q"": 0.001, ""capture"": 0.001, ""miss_deg"": 5.44, ""labels"": [323]}]"
2026_08_16/000,e1,v7,,tag15,46.03,46.46,0.44,1.605,香蕉,323,0.681,0.203,0.215,0.944,0.43,0.702,object#316,,1,1,1,苹果,0,3,"[{""name"": ""香蕉"", ""share"": 0.681, ""q"": 0.203, ""capture"": 0.215, ""miss_deg"": 2.63, ""labels"": [323]}, {""name"": ""苹果"", ""share"": 0.293, ""q"": 0.087, ""capture"": 0.203, ""miss_deg"": 2.68, ""labels"": [300]}, {""name"": ""球L"", ""share"": 0.026, ""q"": 0.008, ""capture"": 0.02, ""miss_deg"": 4.2, ""labels"": [320]}]"
2026_08_16/000,e1,v7,,tag15,46.52,47.29,0.77,1.642,苹果,300,0.928,0.116,0.29,0.034,0.078,0.875,object#316,,1,1,,,,2,"[{""name"": ""苹果"", ""share"": 0.928, ""q"": 0.116, ""capture"": 0.29, ""miss_deg"": 2.36, ""labels"": [300]}, {""name"": ""香蕉"", ""share"": 0.072, ""q"": 0.009, ""capture"": 0.01, ""miss_deg"": 4.57, ""labels"": [323]}]"
2026_08_16/000,e1,v7,,tag15,47.74,50.73,2.99,1.405,球M,321,1.0,0.308,0.696,0.0,0.0,0.692,object#317,,1,1,,,,1,"[{""name"": ""球M"", ""share"": 1.0, ""q"": 0.308, ""capture"": 0.696, ""miss_deg"": 1.28, ""labels"": [321]}]"
2026_08_16/000,e1,v7,,tag15,50.89,54.3,3.41,1.393,球M,321,1.0,0.333,0.752,0.0,0.0,0.667,object#317,,1,1,2,球M,1,1,"[{""name"": ""球M"", ""share"": 1.0, ""q"": 0.333, ""capture"": 0.752, ""miss_deg"": 1.13, ""labels"": [321]}]"
2026_08_16/000,e1,v7,,tag15,54.5,54.95,0.45,1.581,石榴,78,1.0,0.053,0.137,0.0,0.0,0.947,object#17,,0,0,,,,1,"[{""name"": ""石榴"", ""share"": 1.0, ""q"": 0.053, ""capture"": 0.137, ""miss_deg"": 2.99, ""labels"": [78]}]"
2026_08_16/000,e1,v7,,tag15,55.08,57.54,2.46,1.645,石榴,78,1.0,0.202,0.543,0.0,0.0,0.798,object#17,,1,1,3,石榴,1,1,"[{""name"": ""石榴"", ""share"": 1.0, ""q"": 0.202, ""capture"": 0.543, ""miss_deg"": 1.66, ""labels"": [78]}]"
2026_08_16/000,e1,v7,,tag15,57.64,60.9,3.26,1.66,石榴,78,1.0,0.164,0.442,0.0,0.0,0.836,object#17,,1,1,3,石榴,1,1,"[{""name"": ""石榴"", ""share"": 1.0, ""q"": 0.164, ""capture"": 0.442, ""miss_deg"": 1.92, ""labels"": [78]}]"
2026_08_16/000,e1,v7,,tag15,61.15,61.42,0.27,1.558,球L,320,0.999,0.12,0.301,0.0,0.001,0.88,object#316,,1,1,,,,2,"[{""name"": ""球L"", ""share"": 0.999, ""q"": 0.12, ""capture"": 0.301, ""miss_deg"": 2.32, ""labels"": [320]}, {""name"": ""苹果"", ""share"": 0.001, ""q"": 0.0, ""capture"": 0.0, ""miss_deg"": 6.03, ""labels"": [300]}]"
2026_08_16/000,e1,v7,,tag15,61.48,61.76,0.29,1.493,球L,320,0.77,0.282,0.636,0.137,0.299,0.634,object#316,,1,1,,,,2,"[{""name"": ""球L"", ""share"": 0.77, ""q"": 0.282, ""capture"": 0.636, ""miss_deg"": 1.43, ""labels"": [320]}, {""name"": ""香蕉"", ""share"": 0.23, ""q"": 0.084, ""capture"": 0.087, ""miss_deg"": 3.32, ""labels"": [323]}]"
2026_08_16/000,e1,v7,,tag15,61.82,65.15,3.33,1.481,球L,320,0.798,0.282,0.637,0.115,0.253,0.646,object#316,,1,1,4,香蕉,0,2,"[{""name"": ""球L"", ""share"": 0.798, ""q"": 0.282, ""capture"": 0.637, ""miss_deg"": 1.42, ""labels"": [320]}, {""name"": ""香蕉"", ""share"": 0.202, ""q"": 0.071, ""capture"": 0.073, ""miss_deg"": 3.43, ""labels"": [323]}]"
2026_08_16/000,e1,v7,,tag15,65.88,66.82,0.94,1.482,球L,320,0.903,0.288,0.65,0.049,0.107,0.681,object#316,,1,1,4,香蕉,0,2,"[{""name"": ""球L"", ""share"": 0.903, ""q"": 0.288, ""capture"": 0.65, ""miss_deg"": 1.39, ""labels"": [320]}, {""name"": ""香蕉"", ""share"": 0.097, ""q"": 0.031, ""capture"": 0.032, ""miss_deg"": 3.94, ""labels"": [323]}]"
2026_08_16/000,e1,v7,,tag15,66.87,67.15,0.27,1.499,香蕉,323,1.0,0.197,0.202,0.0,0.0,0.803,object#316,,1,1,4,香蕉,1,1,"[{""name"": ""香蕉"", ""share"": 1.0, ""q"": 0.197, ""capture"": 0.202, ""miss_deg"": 2.68, ""labels"": [323]}]"
2026_08_16/000,e1,v7,,tag15,67.2,68.03,0.83,1.528,香蕉,323,0.774,0.259,0.267,0.659,0.292,0.665,object#316,,1,1,,,,2,"[{""name"": ""香蕉"", ""share"": 0.774, ""q"": 0.259, ""capture"": 0.267, ""miss_deg"": 2.44, ""labels"": [323]}, {""name"": ""球L"", ""share"": 0.226, ""q"": 0.076, ""capture"": 0.176, ""miss_deg"": 2.8, ""labels"": [320]}]"
2026_08_16/000,e1,v7,,tag15,68.59,69.54,0.95,1.426,球L,320,1.0,0.167,0.354,0.0,0.0,0.833,object#316,,1,1,,,,1,"[{""name"": ""球L"", ""share"": 1.0, ""q"": 0.167, ""capture"": 0.354, ""miss_deg"": 2.16, ""labels"": [320]}]"
2026_08_16/000,e1,v7,,tag15,69.83,73.73,3.9,1.502,球R,322,1.0,0.292,0.925,0.0,0.0,0.708,object#318,,1,1,5,球R,1,1,"[{""name"": ""球R"", ""share"": 1.0, ""q"": 0.292, ""capture"": 0.925, ""miss_deg"": 0.59, ""labels"": [322]}]"
2026_08_16/000,e1,v7,,tag15,74.33,74.83,0.5,1.618,石榴,78,0.889,0.132,0.354,0.161,0.125,0.852,object#17,,1,1,,,,2,"[{""name"": ""石榴"", ""share"": 0.889, ""q"": 0.132, ""capture"": 0.354, ""miss_deg"": 2.16, ""labels"": [78]}, {""name"": ""球R"", ""share"": 0.111, ""q"": 0.016, ""capture"": 0.057, ""miss_deg"": 3.59, ""labels"": [322]}]"
2026_08_16/000,e1,v7,,tag15,75.26,77.05,1.79,1.419,球L,320,1.0,0.176,0.372,0.0,0.0,0.824,object#316,,1,1,,,,1,"[{""name"": ""球L"", ""share"": 1.0, ""q"": 0.176, ""capture"": 0.372, ""miss_deg"": 2.11, ""labels"": [320]}]"
2026_08_16/000,e1,v7,,tag15,77.16,79.85,2.7,1.432,球L,320,1.0,0.242,0.512,0.0,0.0,0.758,object#316,,1,1,6,球L,1,1,"[{""name"": ""球L"", ""share"": 1.0, ""q"": 0.242, ""capture"": 0.512, ""miss_deg"": 1.74, ""labels"": [320]}]"
2026_08_16/000,e1,v7,,tag15,79.96,81.25,1.29,1.428,球L,320,1.0,0.412,0.87,0.0,0.0,0.588,object#316,,1,1,6,球L,1,1,"[{""name"": ""球L"", ""share"": 1.0, ""q"": 0.412, ""capture"": 0.87, ""miss_deg"": 0.79, ""labels"": [320]}]"
2026_08_16/000,e1,v7,,tag15,81.3,81.8,0.5,1.472,球L,320,0.891,0.334,0.754,0.056,0.122,0.625,object#316,,1,1,,,,2,"[{""name"": ""球L"", ""share"": 0.891, ""q"": 0.334, ""capture"": 0.754, ""miss_deg"": 1.13, ""labels"": [320]}, {""name"": ""香蕉"", ""share"": 0.109, ""q"": 0.041, ""capture"": 0.042, ""miss_deg"": 3.78, ""labels"": [323]}]"
2026_08_16/000,e1,v7,,tag15,82.27,87.23,4.96,1.44,球M,321,1.0,0.435,1.012,0.0,0.0,0.565,object#317,,1,1,7,球M,1,1,"[{""name"": ""球M"", ""share"": 1.0, ""q"": 0.435, ""capture"": 1.012, ""miss_deg"": 0.0, ""labels"": [321]}]"
2026_08_16/000,e1,v7,,tag15,87.29,88.28,0.99,1.455,球M,321,1.0,0.323,0.749,0.0,0.0,0.677,object#10,,1,1,7,球M,1,1,"[{""name"": ""球M"", ""share"": 1.0, ""q"": 0.323, ""capture"": 0.749, ""miss_deg"": 1.14, ""labels"": [321]}]"
2026_08_16/000,e1,v7,,tag15,88.99,91.31,2.32,1.669,石榴,78,1.0,0.24,0.646,0.0,0.0,0.76,object#17,,1,1,,,,2,"[{""name"": ""石榴"", ""share"": 1.0, ""q"": 0.24, ""capture"": 0.646, ""miss_deg"": 1.4, ""labels"": [78]}, {""name"": ""球R"", ""share"": 0.0, ""q"": 0.0, ""capture"": 0.0, ""miss_deg"": 6.15, ""labels"": [322]}]"
2026_08_16/000,e1,v7,,tag15,91.64,94.96,3.32,1.658,石榴,78,0.997,0.235,0.63,0.005,0.003,0.765,object#17,,1,1,8,石榴,1,2,"[{""name"": ""石榴"", ""share"": 0.997, ""q"": 0.235, ""capture"": 0.63, ""miss_deg"": 1.44, ""labels"": [78]}, {""name"": ""球R"", ""share"": 0.003, ""q"": 0.001, ""capture"": 0.003, ""miss_deg"": 5.16, ""labels"": [322]}]"
2026_08_16/000,e1,v7,,tag15,95.2,96.77,1.57,1.502,球L,320,0.714,0.219,0.494,0.182,0.401,0.694,object#316,,1,1,,,,2,"[{""name"": ""球L"", ""share"": 0.714, ""q"": 0.219, ""capture"": 0.494, ""miss_deg"": 1.78, ""labels"": [320]}, {""name"": ""香蕉"", ""share"": 0.286, ""q"": 0.088, ""capture"": 0.09, ""miss_deg"": 3.29, ""labels"": [323]}]"
2026_08_16/000,e1,v7,,tag15,96.92,98.03,1.1,1.524,球L,320,0.394,0.115,0.268,0.675,1.52,0.707,object#316,,0,0,9,香蕉,0,3,"[{""name"": ""球L"", ""share"": 0.394, ""q"": 0.115, ""capture"": 0.268, ""miss_deg"": 2.43, ""labels"": [320]}, {""name"": ""香蕉"", ""share"": 0.599, ""q"": 0.175, ""capture"": 0.181, ""miss_deg"": 2.77, ""labels"": [323]}, {""name"": ""苹果"", ""share"": 0.006, ""q"": 0.002, ""capture"": 0.004, ""miss_deg"": 4.98, ""labels"": [300]}]"
2026_08_16/000,e1,v7,,tag15,98.2,99.43,1.22,1.552,球L,320,0.304,0.079,0.194,0.923,2.188,0.742,object#316,,0,0,9,香蕉,0,3,"[{""name"": ""球L"", ""share"": 0.304, ""q"": 0.079, ""capture"": 0.194, ""miss_deg"": 2.72, ""labels"": [320]}, {""name"": ""香蕉"", ""share"": 0.665, ""q"": 0.172, ""capture"": 0.179, ""miss_deg"": 2.78, ""labels"": [323]}, {""name"": ""苹果"", ""share"": 0.031, ""q"": 0.008, ""capture"": 0.018, ""miss_deg"": 4.25, ""labels"": [300]}]"
2026_08_16/000,e1,v7,,tag15,99.79,100.65,0.87,1.558,香蕉,323,0.686,0.197,0.206,0.99,0.413,0.713,object#316,,1,1,9,香蕉,1,3,"[{""name"": ""香蕉"", ""share"": 0.686, ""q"": 0.197, ""capture"": 0.206, ""miss_deg"": 2.67, ""labels"": [323]}, {""name"": ""球L"", ""share"": 0.283, ""q"": 0.081, ""capture"": 0.204, ""miss_deg"": 2.67, ""labels"": [320]}, {""name"": ""苹果"", ""share"": 0.03, ""q"": 0.009, ""capture"": 0.02, ""miss_deg"": 4.2, ""labels"": [300]}]"
2026_08_16/000,e1,v7,,tag15,101.26,101.76,0.5,1.615,苹果,300,0.583,0.188,0.437,0.325,0.715,0.677,object#316,,1,1,9,香蕉,0,2,"[{""name"": ""苹果"", ""share"": 0.583, ""q"": 0.188, ""capture"": 0.437, ""miss_deg"": 1.93, ""labels"": [300]}, {""name"": ""香蕉"", ""share"": 0.417, ""q"": 0.135, ""capture"": 0.142, ""miss_deg"": 2.96, ""labels"": [323]}]"
2026_08_16/000,e1,v7,,tag15,102.44,105.28,2.83,1.426,球L,320,1.0,0.24,0.508,0.0,0.0,0.76,object#316,,1,1,,,,1,"[{""name"": ""球L"", ""share"": 1.0, ""q"": 0.24, ""capture"": 0.508, ""miss_deg"": 1.75, ""labels"": [320]}]"
2026_08_16/000,e1,v7,,tag15,105.38,108.98,3.6,1.429,球L,320,1.0,0.377,0.797,0.0,0.0,0.623,object#316,,1,1,10,球L,1,1,"[{""name"": ""球L"", ""share"": 1.0, ""q"": 0.377, ""capture"": 0.797, ""miss_deg"": 1.01, ""labels"": [320]}]"
2026_08_16/000,e1,v7,,tag15,109.42,111.89,2.47,1.639,苹果,300,0.901,0.296,0.744,0.047,0.11,0.671,object#316,,1,1,,,,2,"[{""name"": ""苹果"", ""share"": 0.901, ""q"": 0.296, ""capture"": 0.744, ""miss_deg"": 1.15, ""labels"": [300]}, {""name"": ""香蕉"", ""share"": 0.099, ""q"": 0.033, ""capture"": 0.035, ""miss_deg"": 3.88, ""labels"": [323]}]"
2026_08_16/000,e1,v7,,tag15,112.0,112.83,0.83,1.646,苹果,300,0.919,0.318,0.797,0.038,0.088,0.654,object#316,,1,1,11,苹果,1,2,"[{""name"": ""苹果"", ""share"": 0.919, ""q"": 0.318, ""capture"": 0.797, ""miss_deg"": 1.01, ""labels"": [300]}, {""name"": ""香蕉"", ""share"": 0.081, ""q"": 0.028, ""capture"": 0.03, ""miss_deg"": 3.97, ""labels"": [323]}]"
2026_08_16/000,e1,v7,,tag15,113.15,114.45,1.3,1.654,苹果,300,0.933,0.384,0.963,0.031,0.072,0.588,object#316,,1,1,11,苹果,1,2,"[{""name"": ""苹果"", ""share"": 0.933, ""q"": 0.384, ""capture"": 0.963, ""miss_deg"": 0.41, ""labels"": [300]}, {""name"": ""香蕉"", ""share"": 0.067, ""q"": 0.028, ""capture"": 0.03, ""miss_deg"": 3.98, ""labels"": [323]}]"
2026_08_16/000,e1,v7,,tag15,114.56,114.84,0.28,1.656,苹果,300,0.893,0.348,0.873,0.052,0.12,0.611,object#316,,1,1,11,苹果,1,2,"[{""name"": ""苹果"", ""share"": 0.893, ""q"": 0.348, ""capture"": 0.873, ""miss_deg"": 0.78, ""labels"": [300]}, {""name"": ""香蕉"", ""share"": 0.107, ""q"": 0.042, ""capture"": 0.045, ""miss_deg"": 3.74, ""labels"": [323]}]"
2026_08_16/000,e1,v7,,tag15,114.94,116.34,1.4,1.655,苹果,300,0.87,0.333,0.834,0.065,0.149,0.618,object#316,,1,1,11,苹果,1,2,"[{""name"": ""苹果"", ""share"": 0.87, ""q"": 0.333, ""capture"": 0.834, ""miss_deg"": 0.9, ""labels"": [300]}, {""name"": ""香蕉"", ""share"": 0.13, ""q"": 0.05, ""capture"": 0.054, ""miss_deg"": 3.63, ""labels"": [323]}]"
2026_08_16/000,e1,v7,,tag15,116.44,116.71,0.27,1.419,球M,321,1.0,0.541,1.221,0.0,0.0,0.459,object#17,,1,1,,,,1,"[{""name"": ""球M"", ""share"": 1.0, ""q"": 0.541, ""capture"": 1.221, ""miss_deg"": 0.0, ""labels"": [321]}]"
2026_08_16/000,e1,v7,,tag15,117.27,121.31,4.03,1.499,球R,322,1.0,0.313,0.991,0.0,0.0,0.687,object#318,,1,1,12,球R,1,1,"[{""name"": ""球R"", ""share"": 1.0, ""q"": 0.313, ""capture"": 0.991, ""miss_deg"": 0.21, ""labels"": [322]}]"
2026_08_16/000,e1,v7,,tag15,121.41,123.36,1.95,1.483,球R,322,1.0,0.307,0.973,0.0,0.0,0.693,object#318,,1,1,12,球R,1,1,"[{""name"": ""球R"", ""share"": 1.0, ""q"": 0.307, ""capture"": 0.973, ""miss_deg"": 0.35, ""labels"": [322]}]"
2026_08_16/000,e1,v7,,tag15,125.5,125.82,0.32,2.001,,-1,0.0,0.0,,,,1.0,object#20,,0,0,,,,0,[]
2026_08_16/001,e2,v7,stress,tag15,8.06,8.71,0.65,2.539,,-1,0.0,0.0,,,,1.0,floor,,0,0,,,,0,[]
2026_08_16/001,e2,v7,stress,tag15,8.88,9.2,0.32,2.76,,-1,0.0,0.0,,,,1.0,floor,,0,0,,,,0,[]
2026_08_16/001,e2,v7,stress,tag15,9.25,9.69,0.43,3.059,,-1,0.0,0.0,,,,1.0,floor,,0,0,,,,0,[]
2026_08_16/001,e2,v7,stress,tag15,10.59,10.86,0.27,2.847,,-1,0.0,0.0,,,,1.0,object#179,,0,0,,,,0,[]
2026_08_16/001,e2,v7,stress,tag15,10.91,11.29,0.38,3.104,球M,321,1.0,0.075,0.686,0.0,0.0,0.925,object#179,,1,1,,,,1,"[{""name"": ""球M"", ""share"": 1.0, ""q"": 0.075, ""capture"": 0.686, ""miss_deg"": 1.3, ""labels"": [321]}]"
2026_08_16/001,e2,v7,stress,tag15,11.4,11.94,0.54,3.057,球L,320,1.0,0.002,0.014,0.0,0.0,0.998,object#46,,0,0,,,,1,"[{""name"": ""球L"", ""share"": 1.0, ""q"": 0.002, ""capture"": 0.014, ""miss_deg"": 4.37, ""labels"": [320]}]"
2026_08_16/001,e2,v7,stress,tag15,12.59,15.9,3.3,3.175,球L,320,0.807,0.016,0.15,0.06,0.239,0.98,object#10,,0,0,,,,2,"[{""name"": ""球L"", ""share"": 0.807, ""q"": 0.016, ""capture"": 0.15, ""miss_deg"": 2.92, ""labels"": [320]}, {""name"": ""香蕉"", ""share"": 0.193, ""q"": 0.004, ""capture"": 0.009, ""miss_deg"": 4.61, ""labels"": [323]}]"
2026_08_16/001,e2,v7,stress,tag15,16.18,18.34,2.17,3.164,球L,320,0.766,0.024,0.222,0.077,0.305,0.968,object#10,,1,1,1,球L,1,2,"[{""name"": ""球L"", ""share"": 0.766, ""q"": 0.024, ""capture"": 0.222, ""miss_deg"": 2.6, ""labels"": [320]}, {""name"": ""香蕉"", ""share"": 0.234, ""q"": 0.007, ""capture"": 0.017, ""miss_deg"": 4.29, ""labels"": [323]}]"
2026_08_16/001,e2,v7,stress,tag15,18.72,19.1,0.38,3.171,球L,320,0.45,0.007,0.064,0.484,0.478,0.984,object#46,,0,0,1,球L,1,3,"[{""name"": ""球L"", ""share"": 0.45, ""q"": 0.007, ""capture"": 0.064, ""miss_deg"": 3.52, ""labels"": [320]}, {""name"": ""球M"", ""share"": 0.215, ""q"": 0.003, ""capture"": 0.031, ""miss_deg"": 3.96, ""labels"": [321]}, {""name"": ""香蕉"", ""share"": 0.335, ""q"": 0.005, ""capture"": 0.012, ""miss_deg"": 4.47, ""labels"": [323]}]"
2026_08_16/001,e2,v7,stress,tag15,19.64,20.4,0.76,3.193,球R,322,1.0,0.007,0.075,0.0,0.0,0.993,object#130,,0,0,,,,1,"[{""name"": ""球R"", ""share"": 1.0, ""q"": 0.007, ""capture"": 0.075, ""miss_deg"": 3.42, ""labels"": [322]}]"
2026_08_16/001,e2,v7,stress,tag15,20.85,21.83,0.97,3.2,球R,322,1.0,0.004,0.047,0.0,0.0,0.996,object#130,,0,0,,,,1,"[{""name"": ""球R"", ""share"": 1.0, ""q"": 0.004, ""capture"": 0.047, ""miss_deg"": 3.71, ""labels"": [322]}]"
2026_08_16/001,e2,v7,stress,tag15,21.88,22.48,0.6,3.21,球R,322,0.857,0.032,0.352,0.139,0.167,0.963,object#130,,1,1,,,,2,"[{""name"": ""球R"", ""share"": 0.857, ""q"": 0.032, ""capture"": 0.352, ""miss_deg"": 2.17, ""labels"": [322]}, {""name"": ""石榴"", ""share"": 0.143, ""q"": 0.005, ""capture"": 0.049, ""miss_deg"": 3.68, ""labels"": [78]}]"
2026_08_16/001,e2,v7,stress,tag15,22.91,24.97,2.06,3.183,球R,322,0.903,0.002,0.022,0.091,0.107,0.998,object#130,,0,0,,,,2,"[{""name"": ""球R"", ""share"": 0.903, ""q"": 0.002, ""capture"": 0.022, ""miss_deg"": 4.15, ""labels"": [322]}, {""name"": ""球M"", ""share"": 0.097, ""q"": 0.0, ""capture"": 0.002, ""miss_deg"": 5.3, ""labels"": [321]}]"
2026_08_16/001,e2,v7,stress,tag15,25.14,26.0,0.87,3.189,球R,322,1.0,0.006,0.062,0.0,0.0,0.994,object#130,,0,0,,,,1,"[{""name"": ""球R"", ""share"": 1.0, ""q"": 0.006, ""capture"": 0.062, ""miss_deg"": 3.54, ""labels"": [322]}]"
2026_08_16/001,e2,v7,stress,tag15,26.62,27.75,1.14,3.165,球L,320,0.561,0.066,0.605,0.202,0.251,0.882,object#316,,1,1,,,,3,"[{""name"": ""球L"", ""share"": 0.561, ""q"": 0.066, ""capture"": 0.605, ""miss_deg"": 1.5, ""labels"": [320]}, {""name"": ""苹果"", ""share"": 0.141, ""q"": 0.017, ""capture"": 0.122, ""miss_deg"": 3.08, ""labels"": [300]}, {""name"": ""香蕉"", ""share"": 0.298, ""q"": 0.035, ""capture"": 0.08, ""miss_deg"": 3.37, ""labels"": [323]}]"
2026_08_16/001,e2,v7,stress,tag15,27.92,28.57,0.65,3.268,球L,320,0.563,0.06,0.545,0.228,0.247,0.894,object#10,,1,1,,,,3,"[{""name"": ""球L"", ""share"": 0.563, ""q"": 0.06, ""capture"": 0.545, ""miss_deg"": 1.65, ""labels"": [320]}, {""name"": ""苹果"", ""share"": 0.139, ""q"": 0.015, ""capture"": 0.124, ""miss_deg"": 3.06, ""labels"": [300]}, {""name"": ""香蕉"", ""share"": 0.298, ""q"": 0.032, ""capture"": 0.078, ""miss_deg"": 3.39, ""labels"": [323]}]"
2026_08_16/001,e2,v7,stress,tag15,28.82,31.52,2.71,3.284,球L,320,0.577,0.068,0.621,0.256,0.256,0.882,object#10,,1,1,,,,3,"[{""name"": ""球L"", ""share"": 0.577, ""q"": 0.068, ""capture"": 0.621, ""miss_deg"": 1.47, ""labels"": [320]}, {""name"": ""苹果"", ""share"": 0.148, ""q"": 0.017, ""capture"": 0.159, ""miss_deg"": 2.87, ""labels"": [300]}, {""name"": ""香蕉"", ""share"": 0.274, ""q"": 0.032, ""capture"": 0.08, ""miss_deg"": 3.37, ""labels"": [323]}]"
2026_08_16/001,e2,v7,stress,tag15,31.58,31.85,0.27,3.283,球L,320,0.365,0.021,0.196,0.398,1.474,0.941,object#46,,0,0,,,,3,"[{""name"": ""球L"", ""share"": 0.365, ""q"": 0.021, ""capture"": 0.196, ""miss_deg"": 2.71, ""labels"": [320]}, {""name"": ""香蕉"", ""share"": 0.538, ""q"": 0.032, ""capture"": 0.078, ""miss_deg"": 3.39, ""labels"": [323]}, {""name"": ""球M"", ""share"": 0.084, ""q"": 0.005, ""capture"": 0.054, ""miss_deg"": 3.62, ""labels"": [321]}]"
2026_08_16/001,e2,v7,stress,tag15,32.18,32.5,0.32,3.286,球L,320,0.433,0.073,0.661,0.443,0.443,0.832,object#316,,1,0,2,球R,0,3,"[{""name"": ""球L"", ""share"": 0.433, ""q"": 0.073, ""capture"": 0.661, ""miss_deg"": 1.36, ""labels"": [320]}, {""name"": ""苹果"", ""share"": 0.192, ""q"": 0.032, ""capture"": 0.293, ""miss_deg"": 2.35, ""labels"": [300]}, {""name"": ""香蕉"", ""share"": 0.376, ""q"": 0.063, ""capture"": 0.155, ""miss_deg"": 2.89, ""labels"": [323]}]"
2026_08_16/001,e2,v7,stress,tag15,32.56,33.64,1.08,3.305,球R,322,0.643,0.072,0.996,0.364,0.555,0.889,object#318,,1,1,2,球R,1,2,"[{""name"": ""球R"", ""share"": 0.643, ""q"": 0.072, ""capture"": 0.996, ""miss_deg"": 0.13, ""labels"": [322]}, {""name"": ""石榴"", ""share"": 0.357, ""q"": 0.04, ""capture"": 0.363, ""miss_deg"": 2.14, ""labels"": [78]}]"
2026_08_16/001,e2,v7,stress,tag15,33.8,34.24,0.43,3.327,球R,322,0.621,0.042,0.579,0.378,0.576,0.933,object#318,,1,1,2,球R,1,3,"[{""name"": ""球R"", ""share"": 0.621, ""q"": 0.042, ""capture"": 0.579, ""miss_deg"": 1.57, ""labels"": [322]}, {""name"": ""石榴"", ""share"": 0.358, ""q"": 0.024, ""capture"": 0.219, ""miss_deg"": 2.61, ""labels"": [78]}, {""name"": ""球M"", ""share"": 0.02, ""q"": 0.001, ""capture"": 0.015, ""miss_deg"": 4.34, ""labels"": [321]}]"
2026_08_16/001,e2,v7,stress,tag15,34.47,37.77,3.3,3.316,球R,322,0.588,0.052,0.725,0.459,0.701,0.911,object#318,,1,1,2,球R,1,2,"[{""name"": ""球R"", ""share"": 0.588, ""q"": 0.052, ""capture"": 0.725, ""miss_deg"": 1.2, ""labels"": [322]}, {""name"": ""石榴"", ""share"": 0.412, ""q"": 0.037, ""capture"": 0.333, ""miss_deg"": 2.22, ""labels"": [78]}]"
2026_08_16/001,e2,v7,stress,tag15,38.0,38.71,0.7,3.326,球R,322,0.657,0.05,0.694,0.343,0.522,0.924,object#318,,1,1,2,球R,1,2,"[{""name"": ""球R"", ""share"": 0.657, ""q"": 0.05, ""capture"": 0.694, ""miss_deg"": 1.28, ""labels"": [322]}, {""name"": ""石榴"", ""share"": 0.343, ""q"": 0.026, ""capture"": 0.238, ""miss_deg"": 2.54, ""labels"": [78]}]"
2026_08_16/001,e2,v7,stress,tag15,38.98,39.9,0.92,3.31,球R,322,0.566,0.059,0.816,0.504,0.767,0.896,object#318,,1,1,2,球R,1,2,"[{""name"": ""球R"", ""share"": 0.566, ""q"": 0.059, ""capture"": 0.816, ""miss_deg"": 0.96, ""labels"": [322]}, {""name"": ""石榴"", ""share"": 0.434, ""q"": 0.045, ""capture"": 0.411, ""miss_deg"": 2.0, ""labels"": [78]}]"
2026_08_16/001,e2,v7,stress,tag15,40.15,40.42,0.27,3.515,球M,321,1.0,0.029,0.318,0.0,0.0,0.971,object#46,,1,1,,,,1,"[{""name"": ""球M"", ""share"": 1.0, ""q"": 0.029, ""capture"": 0.318, ""miss_deg"": 2.27, ""labels"": [321]}]"
2026_08_16/001,e2,v7,stress,tag15,40.53,40.91,0.38,3.452,球M,321,1.0,0.023,0.252,0.0,0.0,0.977,object#46,,1,1,,,,1,"[{""name"": ""球M"", ""share"": 1.0, ""q"": 0.023, ""capture"": 0.252, ""miss_deg"": 2.49, ""labels"": [321]}]"
2026_08_16/001,e2,v7,stress,tag15,43.74,45.42,1.68,3.61,球M,321,0.988,0.042,0.459,0.002,0.012,0.958,object#46,,1,1,5,球M,1,2,"[{""name"": ""球M"", ""share"": 0.988, ""q"": 0.042, ""capture"": 0.459, ""miss_deg"": 1.87, ""labels"": [321]}, {""name"": ""香蕉"", ""share"": 0.012, ""q"": 0.001, ""capture"": 0.001, ""miss_deg"": 5.45, ""labels"": [323]}]"
2026_08_16/001,e2,v7,stress,tag15,46.8,49.4,2.6,3.275,球L,320,0.473,0.046,0.42,0.257,0.949,0.903,object#10,,1,0,,,,3,"[{""name"": ""球L"", ""share"": 0.473, ""q"": 0.046, ""capture"": 0.42, ""miss_deg"": 1.98, ""labels"": [320]}, {""name"": ""香蕉"", ""share"": 0.449, ""q"": 0.044, ""capture"": 0.108, ""miss_deg"": 3.16, ""labels"": [323]}, {""name"": ""苹果"", ""share"": 0.078, ""q"": 0.008, ""capture"": 0.069, ""miss_deg"": 3.47, ""labels"": [300]}]"
2026_08_16/001,e2,v7,stress,tag15,49.66,51.12,1.46,3.274,球L,320,0.405,0.05,0.46,0.33,0.36,0.876,object#316,,1,0,,,,3,"[{""name"": ""球L"", ""share"": 0.405, ""q"": 0.05, ""capture"": 0.46, ""miss_deg"": 1.87, ""labels"": [320]}, {""name"": ""苹果"", ""share"": 0.146, ""q"": 0.018, ""capture"": 0.152, ""miss_deg"": 2.91, ""labels"": [300]}, {""name"": ""香蕉"", ""share"": 0.449, ""q"": 0.056, ""capture"": 0.138, ""miss_deg"": 2.99, ""labels"": [323]}]"
2026_08_16/001,e2,v7,stress,tag15,51.44,53.07,1.62,3.277,球L,320,0.594,0.019,0.169,0.183,0.684,0.969,object#46,,0,0,,,,2,"[{""name"": ""球L"", ""share"": 0.594, ""q"": 0.019, ""capture"": 0.169, ""miss_deg"": 2.83, ""labels"": [320]}, {""name"": ""香蕉"", ""share"": 0.406, ""q"": 0.013, ""capture"": 0.031, ""miss_deg"": 3.95, ""labels"": [323]}]"
2026_08_16/001,e2,v7,stress,tag15,53.44,54.14,0.7,3.298,球L,320,0.502,0.068,0.619,0.359,0.359,0.865,object#316,,1,1,,,,3,"[{""name"": ""球L"", ""share"": 0.502, ""q"": 0.068, ""capture"": 0.619, ""miss_deg"": 1.47, ""labels"": [320]}, {""name"": ""苹果"", ""share"": 0.18, ""q"": 0.024, ""capture"": 0.222, ""miss_deg"": 2.6, ""labels"": [300]}, {""name"": ""香蕉"", ""share"": 0.318, ""q"": 0.043, ""capture"": 0.108, ""miss_deg"": 3.17, ""labels"": [323]}]"
2026_08_16/001,e2,v7,stress,tag15,54.2,56.53,2.33,3.274,球L,320,0.424,0.074,0.678,0.422,0.458,0.825,object#316,,1,0,,,,3,"[{""name"": ""球L"", ""share"": 0.424, ""q"": 0.074, ""capture"": 0.678, ""miss_deg"": 1.32, ""labels"": [320]}, {""name"": ""苹果"", ""share"": 0.194, ""q"": 0.034, ""capture"": 0.286, ""miss_deg"": 2.37, ""labels"": [300]}, {""name"": ""香蕉"", ""share"": 0.382, ""q"": 0.067, ""capture"": 0.166, ""miss_deg"": 2.85, ""labels"": [323]}]"
2026_08_16/001,e2,v7,stress,tag15,56.74,59.83,3.09,3.27,球L,320,0.394,0.072,0.654,0.552,0.596,0.818,object#316,,1,0,,,,3,"[{""name"": ""球L"", ""share"": 0.394, ""q"": 0.072, ""capture"": 0.654, ""miss_deg"": 1.38, ""labels"": [320]}, {""name"": ""苹果"", ""share"": 0.235, ""q"": 0.043, ""capture"": 0.361, ""miss_deg"": 2.14, ""labels"": [300]}, {""name"": ""香蕉"", ""share"": 0.371, ""q"": 0.068, ""capture"": 0.167, ""miss_deg"": 2.84, ""labels"": [323]}]"
2026_08_16/001,e2,v7,stress,tag15,60.49,62.76,2.27,3.338,球R,322,0.524,0.057,0.794,0.587,0.895,0.891,object#318,,1,1,10,球R,1,3,"[{""name"": ""球R"", ""share"": 0.524, ""q"": 0.057, ""capture"": 0.794, ""miss_deg"": 1.02, ""labels"": [322]}, {""name"": ""石榴"", ""share"": 0.469, ""q"": 0.051, ""capture"": 0.466, ""miss_deg"": 1.85, ""labels"": [78]}, {""name"": ""球M"", ""share"": 0.007, ""q"": 0.001, ""capture"": 0.008, ""miss_deg"": 4.64, ""labels"": [321]}]"
2026_08_16/001,e2,v7,stress,tag15,62.99,66.51,3.52,3.328,球R,322,0.719,0.036,0.495,0.257,0.391,0.951,object#130,,1,1,10,球R,1,2,"[{""name"": ""球R"", ""share"": 0.719, ""q"": 0.036, ""capture"": 0.495, ""miss_deg"": 1.78, ""labels"": [322]}, {""name"": ""石榴"", ""share"": 0.281, ""q"": 0.014, ""capture"": 0.127, ""miss_deg"": 3.05, ""labels"": [78]}]"
2026_08_16/001,e2,v7,stress,tag15,67.2,69.42,2.22,3.275,球L,320,0.524,0.027,0.243,0.247,0.908,0.949,object#46,,1,1,11,球L,1,2,"[{""name"": ""球L"", ""share"": 0.524, ""q"": 0.027, ""capture"": 0.243, ""miss_deg"": 2.52, ""labels"": [320]}, {""name"": ""香蕉"", ""share"": 0.476, ""q"": 0.024, ""capture"": 0.06, ""miss_deg"": 3.56, ""labels"": [323]}]"
2026_08_16/001,e2,v7,stress,tag15,69.64,71.37,1.73,3.283,球L,320,0.56,0.024,0.216,0.213,0.786,0.958,object#46,,1,1,11,球L,1,2,"[{""name"": ""球L"", ""share"": 0.56, ""q"": 0.024, ""capture"": 0.216, ""miss_deg"": 2.63, ""labels"": [320]}, {""name"": ""香蕉"", ""share"": 0.44, ""q"": 0.019, ""capture"": 0.046, ""miss_deg"": 3.72, ""labels"": [323]}]"
2026_08_16/001,e2,v7,stress,tag15,71.61,73.88,2.27,3.287,球L,320,0.423,0.042,0.379,0.298,1.087,0.902,object#316,,0,0,11,球L,1,3,"[{""name"": ""球L"", ""share"": 0.423, ""q"": 0.042, ""capture"": 0.379, ""miss_deg"": 2.09, ""labels"": [320]}, {""name"": ""香蕉"", ""share"": 0.46, ""q"": 0.045, ""capture"": 0.113, ""miss_deg"": 3.13, ""labels"": [323]}, {""name"": ""苹果"", ""share"": 0.117, ""q"": 0.011, ""capture"": 0.105, ""miss_deg"": 3.19, ""labels"": [300]}]"
2026_08_16/001,e2,v7,stress,tag15,74.13,80.95,6.82,3.305,球R,322,1.0,0.011,0.148,0.0,0.0,0.989,object#130,,0,0,,,,1,"[{""name"": ""球R"", ""share"": 1.0, ""q"": 0.011, ""capture"": 0.148, ""miss_deg"": 2.93, ""labels"": [322]}]"
2026_08_16/001,e2,v7,stress,tag15,81.41,81.68,0.27,3.522,球M,321,1.0,0.033,0.365,0.0,0.0,0.967,object#46,,1,1,,,,1,"[{""name"": ""球M"", ""share"": 1.0, ""q"": 0.033, ""capture"": 0.365, ""miss_deg"": 2.13, ""labels"": [321]}]"
2026_08_16/001,e2,v7,stress,tag15,81.85,86.29,4.44,3.285,球L,320,0.903,0.014,0.129,0.031,0.107,0.984,object#10,,0,0,,,,2,"[{""name"": ""球L"", ""share"": 0.903, ""q"": 0.014, ""capture"": 0.129, ""miss_deg"": 3.04, ""labels"": [320]}, {""name"": ""香蕉"", ""share"": 0.097, ""q"": 0.002, ""capture"": 0.004, ""miss_deg"": 5.02, ""labels"": [323]}]"
2026_08_16/001,e2,v7,stress,tag15,86.34,87.86,1.52,3.295,球L,320,0.585,0.032,0.296,0.189,0.689,0.945,object#10,,1,1,,,,3,"[{""name"": ""球L"", ""share"": 0.585, ""q"": 0.032, ""capture"": 0.296, ""miss_deg"": 2.34, ""labels"": [320]}, {""name"": ""香蕉"", ""share"": 0.403, ""q"": 0.022, ""capture"": 0.056, ""miss_deg"": 3.6, ""labels"": [323]}, {""name"": ""苹果"", ""share"": 0.013, ""q"": 0.001, ""capture"": 0.007, ""miss_deg"": 4.76, ""labels"": [300]}]"
2026_08_16/001,e2,v7,stress,tag15,89.87,90.14,0.27,3.453,球M,321,0.991,0.025,0.271,0.007,0.009,0.975,object#46,,1,1,,,,2,"[{""name"": ""球M"", ""share"": 0.991, ""q"": 0.025, ""capture"": 0.271, ""miss_deg"": 2.42, ""labels"": [321]}, {""name"": ""球L"", ""share"": 0.009, ""q"": 0.0, ""capture"": 0.002, ""miss_deg"": 5.27, ""labels"": [320]}]"
2026_08_16/001,e2,v7,stress,tag15,90.47,90.74,0.27,4.61,球M,321,0.886,0.095,1.813,0.029,0.128,0.892,object#46,,1,1,,,,3,"[{""name"": ""球M"", ""share"": 0.886, ""q"": 0.095, ""capture"": 1.813, ""miss_deg"": 0.0, ""labels"": [321]}, {""name"": ""香蕉"", ""share"": 0.113, ""q"": 0.012, ""capture"": 0.053, ""miss_deg"": 3.64, ""labels"": [323]}, {""name"": ""苹果"", ""share"": 0.001, ""q"": 0.0, ""capture"": 0.001, ""miss_deg"": 5.59, ""labels"": [300]}]"
2026_08_16/001,e2,v7,stress,tag15,91.28,91.61,0.32,3.661,球M,321,0.975,0.058,0.637,0.006,0.026,0.941,object#46,,1,1,,,,2,"[{""name"": ""球M"", ""share"": 0.975, ""q"": 0.058, ""capture"": 0.637, ""miss_deg"": 1.42, ""labels"": [321]}, {""name"": ""香蕉"", ""share"": 0.025, ""q"": 0.001, ""capture"": 0.004, ""miss_deg"": 4.95, ""labels"": [323]}]"
2026_08_16/001,e2,v7,stress,tag15,93.23,93.5,0.27,3.709,球M,321,0.995,0.066,0.72,0.001,0.005,0.934,object#179,,1,1,12,球M,1,2,"[{""name"": ""球M"", ""share"": 0.995, ""q"": 0.066, ""capture"": 0.72, ""miss_deg"": 1.22, ""labels"": [321]}, {""name"": ""香蕉"", ""share"": 0.005, ""q"": 0.0, ""capture"": 0.001, ""miss_deg"": 5.57, ""labels"": [323]}]"
2026_08_16/001,e2,v7,stress,tag15,93.93,94.91,0.97,3.438,球M,321,1.0,0.018,0.2,0.0,0.0,0.982,object#46,,1,1,12,球M,1,1,"[{""name"": ""球M"", ""share"": 1.0, ""q"": 0.018, ""capture"": 0.2, ""miss_deg"": 2.69, ""labels"": [321]}]"
2026_08_16/001,e2,v7,stress,tag15,95.12,95.56,0.43,4.571,球M,321,0.906,0.081,1.544,0.023,0.104,0.91,object#46,,1,1,12,球M,1,2,"[{""name"": ""球M"", ""share"": 0.906, ""q"": 0.081, ""capture"": 1.544, ""miss_deg"": 0.0, ""labels"": [321]}, {""name"": ""香蕉"", ""share"": 0.094, ""q"": 0.008, ""capture"": 0.036, ""miss_deg"": 3.86, ""labels"": [323]}]"
2026_08_16/001,e2,v7,stress,tag15,99.54,99.81,0.27,2.041,,-1,0.0,0.0,,,,1.0,object#11,,0,0,,,,0,[]
2026_08_16/001,e2,v7,stress,tag15,99.92,100.19,0.27,2.172,,-1,0.0,0.0,,,,1.0,floor,,0,0,,,,0,[]
2026_08_16/001,e2,v7,stress,tag15,100.37,100.65,0.27,1.95,,-1,0.0,0.0,,,,1.0,floor,,0,0,,,,0,[]
2026_08_16/s1,s1,v7,,tag15,2.85,3.39,0.54,1.11,,-1,0.0,0.0,,,,1.0,object#187,,0,0,,,,0,[]
2026_08_16/s1,s1,v7,,tag15,3.45,3.83,0.38,1.152,,-1,0.0,0.0,,,,1.0,object#187,,0,0,,,,0,[]
2026_08_16/s1,s1,v7,,tag15,6.42,6.69,0.27,2.254,,-1,0.0,0.0,,,,1.0,object#187,,0,0,,,,0,[]
2026_08_16/s1,s1,v7,,tag15,9.15,10.07,0.92,2.201,,-1,0.0,0.0,,,,1.0,object#20,,0,0,,,,0,[]
2026_08_16/s1,s1,v7,,tag15,10.33,11.26,0.92,2.135,,-1,0.0,0.0,,,,1.0,object#20,,0,0,,,,0,[]
2026_08_16/s1,s1,v7,,tag15,11.93,12.74,0.81,2.517,,-1,0.0,0.0,,,,1.0,object#32,,0,0,,,,0,[]
2026_08_16/s1,s1,v7,,tag15,13.86,14.24,0.38,1.635,球M,321,1.0,0.261,0.729,0.0,0.0,0.739,object#17,,1,1,,,,1,"[{""name"": ""球M"", ""share"": 1.0, ""q"": 0.261, ""capture"": 0.729, ""miss_deg"": 1.19, ""labels"": [321]}]"
2026_08_16/s1,s1,v7,,tag15,14.51,15.0,0.49,1.771,,-1,0.0,0.0,,,,1.0,object#34,,0,0,,,,0,[]
2026_08_16/s1,s1,v7,,tag15,15.06,15.49,0.43,1.665,球M,321,1.0,0.191,0.556,0.0,0.0,0.809,object#17,,1,1,,,,1,"[{""name"": ""球M"", ""share"": 1.0, ""q"": 0.191, ""capture"": 0.556, ""miss_deg"": 1.63, ""labels"": [321]}]"
2026_08_16/s1,s1,v7,,tag15,16.01,19.69,3.68,1.612,球R,322,1.0,0.348,1.217,0.0,0.0,0.652,object#318,,1,1,1,球R,1,2,"[{""name"": ""球R"", ""share"": 1.0, ""q"": 0.348, ""capture"": 1.217, ""miss_deg"": 0.0, ""labels"": [322]}, {""name"": ""石榴"", ""share"": 0.0, ""q"": 0.0, ""capture"": 0.0, ""miss_deg"": 5.89, ""labels"": [78]}]"
2026_08_16/s1,s1,v7,,tag15,19.96,20.23,0.27,1.608,球R,322,0.988,0.327,1.146,0.01,0.012,0.669,object#318,,1,1,1,球R,1,2,"[{""name"": ""球R"", ""share"": 0.988, ""q"": 0.327, ""capture"": 1.146, ""miss_deg"": 0.0, ""labels"": [322]}, {""name"": ""石榴"", ""share"": 0.012, ""q"": 0.004, ""capture"": 0.011, ""miss_deg"": 4.52, ""labels"": [78]}]"
2026_08_16/s1,s1,v7,,tag15,20.53,22.37,1.84,1.607,球R,322,0.993,0.348,1.217,0.005,0.007,0.65,object#318,,1,1,1,球R,1,2,"[{""name"": ""球R"", ""share"": 0.993, ""q"": 0.348, ""capture"": 1.217, ""miss_deg"": 0.0, ""labels"": [322]}, {""name"": ""石榴"", ""share"": 0.007, ""q"": 0.002, ""capture"": 0.006, ""miss_deg"": 4.77, ""labels"": [78]}]"
2026_08_16/s1,s1,v7,,tag15,22.76,24.22,1.46,1.54,球L,320,0.992,0.363,0.844,0.004,0.008,0.634,object#316,,1,1,,,,2,"[{""name"": ""球L"", ""share"": 0.992, ""q"": 0.363, ""capture"": 0.844, ""miss_deg"": 0.87, ""labels"": [320]}, {""name"": ""香蕉"", ""share"": 0.008, ""q"": 0.003, ""capture"": 0.003, ""miss_deg"": 5.12, ""labels"": [323]}]"
2026_08_16/s1,s1,v7,,tag15,24.28,29.26,4.98,1.573,球L,320,1.0,0.311,0.781,0.0,0.0,0.689,object#316,,1,1,2,球L,1,1,"[{""name"": ""球L"", ""share"": 1.0, ""q"": 0.311, ""capture"": 0.781, ""miss_deg"": 1.05, ""labels"": [320]}]"
2026_08_16/s1,s1,v7,,tag15,29.8,31.31,1.52,1.49,球M,321,1.0,0.448,1.123,0.0,0.0,0.552,object#17,,1,1,,,,1,"[{""name"": ""球M"", ""share"": 1.0, ""q"": 0.448, ""capture"": 1.123, ""miss_deg"": 0.0, ""labels"": [321]}]"
2026_08_16/s1,s1,v7,,tag15,31.58,31.91,0.32,1.514,球M,321,1.0,0.364,0.944,0.0,0.0,0.636,object#17,,1,1,3,球M,1,1,"[{""name"": ""球M"", ""share"": 1.0, ""q"": 0.364, ""capture"": 0.944, ""miss_deg"": 0.51, ""labels"": [321]}]"
2026_08_16/s1,s1,v7,,tag15,32.96,33.94,0.97,1.606,球M,321,1.0,0.266,0.715,0.0,0.0,0.734,object#17,,1,1,3,球M,1,1,"[{""name"": ""球M"", ""share"": 1.0, ""q"": 0.266, ""capture"": 0.715, ""miss_deg"": 1.23, ""labels"": [321]}]"
2026_08_16/s1,s1,v7,,tag15,33.99,36.27,2.27,1.496,球M,321,1.0,0.354,0.888,0.0,0.0,0.646,object#17,,1,1,3,球M,1,1,"[{""name"": ""球M"", ""share"": 1.0, ""q"": 0.354, ""capture"": 0.888, ""miss_deg"": 0.73, ""labels"": [321]}]"
2026_08_16/s1,s1,v7,,tag15,36.56,38.3,1.73,1.544,球L,320,1.0,0.327,0.76,0.0,0.0,0.673,object#316,,1,1,,,,1,"[{""name"": ""球L"", ""share"": 1.0, ""q"": 0.327, ""capture"": 0.76, ""miss_deg"": 1.11, ""labels"": [320]}]"
2026_08_16/s1,s1,v7,,tag15,38.62,39.32,0.7,1.581,球L,320,1.0,0.237,0.594,0.0,0.0,0.763,object#316,,1,1,4,球L,1,1,"[{""name"": ""球L"", ""share"": 1.0, ""q"": 0.237, ""capture"": 0.594, ""miss_deg"": 1.53, ""labels"": [320]}]"
2026_08_16/s1,s1,v7,,tag15,39.38,39.76,0.38,1.583,球L,320,0.514,0.191,0.48,0.394,0.946,0.628,object#316,,1,1,4,球L,1,2,"[{""name"": ""球L"", ""share"": 0.514, ""q"": 0.191, ""capture"": 0.48, ""miss_deg"": 1.82, ""labels"": [320]}, {""name"": ""香蕉"", ""share"": 0.486, ""q"": 0.181, ""capture"": 0.189, ""miss_deg"": 2.74, ""labels"": [323]}]"
2026_08_16/s1,s1,v7,,tag15,39.81,42.95,3.14,1.564,球L,320,0.968,0.353,0.885,0.014,0.033,0.636,object#316,,1,1,4,球L,1,2,"[{""name"": ""球L"", ""share"": 0.968, ""q"": 0.353, ""capture"": 0.885, ""miss_deg"": 0.74, ""labels"": [320]}, {""name"": ""香蕉"", ""share"": 0.032, ""q"": 0.012, ""capture"": 0.012, ""miss_deg"": 4.46, ""labels"": [323]}]"
2026_08_16/s1,s1,v7,,tag15,44.49,46.22,1.73,1.512,球M,321,1.0,0.404,1.014,0.0,0.0,0.596,object#17,,1,1,5,球M,1,1,"[{""name"": ""球M"", ""share"": 1.0, ""q"": 0.404, ""capture"": 1.014, ""miss_deg"": 0.0, ""labels"": [321]}]"
2026_08_16/s1,s1,v7,,tag15,47.58,48.99,1.41,1.509,球M,321,1.0,0.373,0.937,0.0,0.0,0.627,object#17,,1,1,5,球M,1,1,"[{""name"": ""球M"", ""share"": 1.0, ""q"": 0.373, ""capture"": 0.937, ""miss_deg"": 0.54, ""labels"": [321]}]"
2026_08_16/s1,s1,v7,,tag15,49.04,49.37,0.32,1.54,球M,321,1.0,0.33,0.857,0.0,0.0,0.67,object#17,,1,1,5,球M,1,1,"[{""name"": ""球M"", ""share"": 1.0, ""q"": 0.33, ""capture"": 0.857, ""miss_deg"": 0.83, ""labels"": [321]}]"
2026_08_16/s1,s1,v7,,tag15,49.42,49.85,0.43,1.585,球M,321,1.0,0.295,0.792,0.0,0.0,0.705,object#17,,1,1,5,球M,1,1,"[{""name"": ""球M"", ""share"": 1.0, ""q"": 0.295, ""capture"": 0.792, ""miss_deg"": 1.03, ""labels"": [321]}]"
2026_08_16/s1,s1,v7,,tag15,50.85,51.98,1.14,1.521,球M,321,1.0,0.384,0.997,0.0,0.0,0.616,object#17,,1,1,,,,1,"[{""name"": ""球M"", ""share"": 1.0, ""q"": 0.384, ""capture"": 0.997, ""miss_deg"": 0.11, ""labels"": [321]}]"
2026_08_16/s1,s1,v7,,tag15,52.31,53.01,0.7,1.589,球M,321,1.0,0.267,0.718,0.0,0.0,0.733,object#17,,1,1,6,球M,1,1,"[{""name"": ""球M"", ""share"": 1.0, ""q"": 0.267, ""capture"": 0.718, ""miss_deg"": 1.22, ""labels"": [321]}]"
2026_08_16/s1,s1,v7,,tag15,53.07,54.04,0.97,1.496,球M,321,1.0,0.425,1.067,0.0,0.0,0.575,object#17,,1,1,6,球M,1,1,"[{""name"": ""球M"", ""share"": 1.0, ""q"": 0.425, ""capture"": 1.067, ""miss_deg"": 0.0, ""labels"": [321]}]"
2026_08_16/s1,s1,v7,,tag15,54.15,54.64,0.49,1.507,球M,321,1.0,0.353,0.885,0.0,0.0,0.647,object#17,,1,1,6,球M,1,1,"[{""name"": ""球M"", ""share"": 1.0, ""q"": 0.353, ""capture"": 0.885, ""miss_deg"": 0.74, ""labels"": [321]}]"
2026_08_16/s1,s1,v7,,tag15,55.07,55.4,0.32,1.521,球M,321,1.0,0.352,0.914,0.0,0.0,0.648,object#17,,1,1,6,球M,1,1,"[{""name"": ""球M"", ""share"": 1.0, ""q"": 0.352, ""capture"": 0.914, ""miss_deg"": 0.64, ""labels"": [321]}]"
2026_08_16/s1,s1,v7,,tag15,55.67,56.69,1.03,1.487,球M,321,1.0,0.41,1.027,0.0,0.0,0.59,object#17,,1,1,6,球M,1,1,"[{""name"": ""球M"", ""share"": 1.0, ""q"": 0.41, ""capture"": 1.027, ""miss_deg"": 0.0, ""labels"": [321]}]"
2026_08_16/s1,s1,v7,,tag15,56.99,60.95,3.95,1.589,球R,322,0.997,0.345,1.146,0.003,0.003,0.654,object#318,,1,1,7,球R,1,2,"[{""name"": ""球R"", ""share"": 0.997, ""q"": 0.345, ""capture"": 1.146, ""miss_deg"": 0.0, ""labels"": [322]}, {""name"": ""石榴"", ""share"": 0.003, ""q"": 0.001, ""capture"": 0.003, ""miss_deg"": 5.12, ""labels"": [78]}]"
2026_08_16/s1,s1,v7,,tag15,61.0,61.98,0.97,1.593,球R,322,0.973,0.302,1.002,0.022,0.028,0.69,object#17,,1,1,7,球R,1,2,"[{""name"": ""球R"", ""share"": 0.973, ""q"": 0.302, ""capture"": 1.002, ""miss_deg"": 0.0, ""labels"": [322]}, {""name"": ""石榴"", ""share"": 0.027, ""q"": 0.008, ""capture"": 0.022, ""miss_deg"": 4.15, ""labels"": [78]}]"
2026_08_16/s1,s1,v7,,tag15,62.03,63.44,1.41,1.62,球R,322,0.918,0.257,0.951,0.065,0.089,0.72,object#17,,1,1,7,球R,1,2,"[{""name"": ""球R"", ""share"": 0.918, ""q"": 0.257, ""capture"": 0.951, ""miss_deg"": 0.48, ""labels"": [322]}, {""name"": ""石榴"", ""share"": 0.082, ""q"": 0.023, ""capture"": 0.062, ""miss_deg"": 3.54, ""labels"": [78]}]"
2026_08_16/s1,s1,v7,,tag15,63.88,64.86,0.97,1.611,球L,320,1.0,0.154,0.4,0.0,0.0,0.846,object#316,,1,1,,,,1,"[{""name"": ""球L"", ""share"": 1.0, ""q"": 0.154, ""capture"": 0.4, ""miss_deg"": 2.03, ""labels"": [320]}]"
2026_08_16/s1,s1,v7,,tag15,65.19,66.11,0.92,1.598,球L,320,1.0,0.173,0.45,0.0,0.0,0.827,object#316,,1,1,,,,1,"[{""name"": ""球L"", ""share"": 1.0, ""q"": 0.173, ""capture"": 0.45, ""miss_deg"": 1.9, ""labels"": [320]}]"
2026_08_16/s1,s1,v7,,tag15,66.16,66.43,0.27,1.567,球L,320,0.956,0.354,0.888,0.019,0.046,0.63,object#316,,1,1,8,球L,1,2,"[{""name"": ""球L"", ""share"": 0.956, ""q"": 0.354, ""capture"": 0.888, ""miss_deg"": 0.73, ""labels"": [320]}, {""name"": ""香蕉"", ""share"": 0.044, ""q"": 0.016, ""capture"": 0.017, ""miss_deg"": 4.28, ""labels"": [323]}]"
2026_08_16/s1,s1,v7,,tag15,66.49,68.98,2.49,1.599,球L,320,1.0,0.19,0.493,0.0,0.0,0.81,object#316,,1,1,8,球L,1,1,"[{""name"": ""球L"", ""share"": 1.0, ""q"": 0.19, ""capture"": 0.493, ""miss_deg"": 1.78, ""labels"": [320]}]"
2026_08_16/s1,s1,v7,,tag15,69.2,70.61,1.41,1.601,球L,320,0.975,0.303,0.786,0.01,0.026,0.689,object#316,,1,1,8,球L,1,2,"[{""name"": ""球L"", ""share"": 0.975, ""q"": 0.303, ""capture"": 0.786, ""miss_deg"": 1.04, ""labels"": [320]}, {""name"": ""香蕉"", ""share"": 0.025, ""q"": 0.008, ""capture"": 0.008, ""miss_deg"": 4.66, ""labels"": [323]}]"
2026_08_16/s1,s1,v7,,tag15,71.26,77.49,6.23,1.621,球L,320,1.0,0.17,0.441,0.0,0.0,0.83,object#316,,1,1,9,球L,1,1,"[{""name"": ""球L"", ""share"": 1.0, ""q"": 0.17, ""capture"": 0.441, ""miss_deg"": 1.92, ""labels"": [320]}]"
2026_08_16/s1,s1,v7,,tag15,77.81,78.36,0.54,1.583,球M,321,1.0,0.29,0.78,0.0,0.0,0.71,object#17,,1,1,,,,1,"[{""name"": ""球M"", ""share"": 1.0, ""q"": 0.29, ""capture"": 0.78, ""miss_deg"": 1.06, ""labels"": [321]}]"
2026_08_16/s1,s1,v7,,tag15,78.46,80.41,1.95,1.613,球M,321,1.0,0.237,0.638,0.0,0.0,0.762,object#17,,1,1,,,,2,"[{""name"": ""球M"", ""share"": 1.0, ""q"": 0.237, ""capture"": 0.638, ""miss_deg"": 1.42, ""labels"": [321]}, {""name"": ""香蕉"", ""share"": 0.0, ""q"": 0.0, ""capture"": 0.0, ""miss_deg"": 6.59, ""labels"": [323]}]"
2026_08_16/s1,s1,v7,,tag15,80.47,80.85,0.38,1.513,球M,321,1.0,0.405,1.017,0.0,0.0,0.595,object#17,,1,1,10,球M,1,1,"[{""name"": ""球M"", ""share"": 1.0, ""q"": 0.405, ""capture"": 1.017, ""miss_deg"": 0.0, ""labels"": [321]}]"
2026_08_16/s1,s1,v7,,tag15,81.19,83.19,2.0,1.608,球M,321,0.999,0.178,0.478,0.0,0.001,0.822,object#17,,1,1,10,球M,1,2,"[{""name"": ""球M"", ""share"": 0.999, ""q"": 0.178, ""capture"": 0.478, ""miss_deg"": 1.82, ""labels"": [321]}, {""name"": ""香蕉"", ""share"": 0.001, ""q"": 0.0, ""capture"": 0.0, ""miss_deg"": 6.12, ""labels"": [323]}]"
2026_08_16/s1,s1,v7,,tag15,83.61,84.81,1.19,1.602,球M,321,0.987,0.126,0.338,0.006,0.013,0.872,object#17,,1,1,10,球M,1,2,"[{""name"": ""球M"", ""share"": 0.987, ""q"": 0.126, ""capture"": 0.338, ""miss_deg"": 2.21, ""labels"": [321]}, {""name"": ""香蕉"", ""share"": 0.013, ""q"": 0.002, ""capture"": 0.002, ""miss_deg"": 5.35, ""labels"": [323]}]"
2026_08_16/s1,s1,v7,,tag15,85.1,85.59,0.49,1.636,球R,322,0.982,0.105,0.389,0.013,0.018,0.893,object#17,,1,1,,,,2,"[{""name"": ""球R"", ""share"": 0.982, ""q"": 0.105, ""capture"": 0.389, ""miss_deg"": 2.06, ""labels"": [322]}, {""name"": ""石榴"", ""share"": 0.018, ""q"": 0.002, ""capture"": 0.005, ""miss_deg"": 4.87, ""labels"": [78]}]"
2026_08_16/s1,s1,v7,,tag15,85.64,86.35,0.71,1.612,球R,322,0.971,0.262,0.915,0.023,0.03,0.731,object#17,,1,1,,,,2,"[{""name"": ""球R"", ""share"": 0.971, ""q"": 0.262, ""capture"": 0.915, ""miss_deg"": 0.63, ""labels"": [322]}, {""name"": ""石榴"", ""share"": 0.029, ""q"": 0.008, ""capture"": 0.021, ""miss_deg"": 4.18, ""labels"": [78]}]"
2026_08_16/s1,s1,v7,,tag15,86.41,86.79,0.38,1.66,球R,322,0.941,0.084,0.31,0.045,0.063,0.911,object#17,,1,1,11,球R,1,2,"[{""name"": ""球R"", ""share"": 0.941, ""q"": 0.084, ""capture"": 0.31, ""miss_deg"": 2.29, ""labels"": [322]}, {""name"": ""石榴"", ""share"": 0.059, ""q"": 0.005, ""capture"": 0.014, ""miss_deg"": 4.37, ""labels"": [78]}]"
2026_08_16/s1,s1,v7,,tag15,86.84,87.38,0.54,1.616,球R,322,0.992,0.224,0.785,0.006,0.008,0.774,object#17,,1,1,11,球R,1,2,"[{""name"": ""球R"", ""share"": 0.992, ""q"": 0.224, ""capture"": 0.785, ""miss_deg"": 1.04, ""labels"": [322]}, {""name"": ""石榴"", ""share"": 0.008, ""q"": 0.002, ""capture"": 0.005, ""miss_deg"": 4.87, ""labels"": [78]}]"
2026_08_16/s1,s1,v7,,tag15,87.65,91.55,3.9,1.617,球R,322,1.0,0.174,0.61,0.0,0.0,0.826,object#17,,1,1,11,球R,1,1,"[{""name"": ""球R"", ""share"": 1.0, ""q"": 0.174, ""capture"": 0.61, ""miss_deg"": 1.49, ""labels"": [322]}]"
2026_08_16/s1,s1,v7,,tag15,92.03,92.63,0.6,1.544,球M,321,1.0,0.283,0.735,0.0,0.0,0.717,object#10,,1,1,,,,1,"[{""name"": ""球M"", ""share"": 1.0, ""q"": 0.283, ""capture"": 0.735, ""miss_deg"": 1.18, ""labels"": [321]}]"
2026_08_16/s1,s1,v7,,tag15,92.68,94.9,2.22,1.548,球M,321,1.0,0.329,0.853,0.0,0.0,0.671,object#17,,1,1,,,,1,"[{""name"": ""球M"", ""share"": 1.0, ""q"": 0.329, ""capture"": 0.853, ""miss_deg"": 0.84, ""labels"": [321]}]"
2026_08_16/s1,s1,v7,,tag15,95.01,95.82,0.81,1.575,球M,321,1.0,0.214,0.574,0.0,0.0,0.786,object#17,,1,1,12,球M,1,1,"[{""name"": ""球M"", ""share"": 1.0, ""q"": 0.214, ""capture"": 0.574, ""miss_deg"": 1.58, ""labels"": [321]}]"
2026_08_16/s1,s1,v7,,tag15,96.15,97.66,1.52,1.571,球M,321,1.0,0.262,0.705,0.0,0.0,0.738,object#17,,1,1,12,球M,1,1,"[{""name"": ""球M"", ""share"": 1.0, ""q"": 0.262, ""capture"": 0.705, ""miss_deg"": 1.25, ""labels"": [321]}]"
2026_08_16/s1,s1,v7,,tag15,97.93,98.96,1.03,1.493,球M,321,1.0,0.457,1.147,0.0,0.0,0.543,object#17,,1,1,12,球M,1,1,"[{""name"": ""球M"", ""share"": 1.0, ""q"": 0.457, ""capture"": 1.147, ""miss_deg"": 0.0, ""labels"": [321]}]"
2026_08_16/s1,s1,v7,,tag15,99.26,101.27,2.0,1.607,球R,322,0.969,0.26,0.91,0.024,0.032,0.732,object#17,,1,1,,,,2,"[{""name"": ""球R"", ""share"": 0.969, ""q"": 0.26, ""capture"": 0.91, ""miss_deg"": 0.65, ""labels"": [322]}, {""name"": ""石榴"", ""share"": 0.031, ""q"": 0.008, ""capture"": 0.022, ""miss_deg"": 4.14, ""labels"": [78]}]"
2026_08_16/s1,s1,v7,,tag15,101.32,104.52,3.2,1.623,球R,322,0.955,0.235,0.868,0.035,0.047,0.754,object#17,,1,1,13,球R,1,2,"[{""name"": ""球R"", ""share"": 0.955, ""q"": 0.235, ""capture"": 0.868, ""miss_deg"": 0.8, ""labels"": [322]}, {""name"": ""石榴"", ""share"": 0.045, ""q"": 0.011, ""capture"": 0.03, ""miss_deg"": 3.98, ""labels"": [78]}]"
2026_08_16/s1,s1,v7,,tag15,104.57,105.98,1.41,1.619,球R,322,0.965,0.276,0.964,0.028,0.036,0.714,object#17,,1,1,13,球R,1,2,"[{""name"": ""球R"", ""share"": 0.965, ""q"": 0.276, ""capture"": 0.964, ""miss_deg"": 0.4, ""labels"": [322]}, {""name"": ""石榴"", ""share"": 0.035, ""q"": 0.01, ""capture"": 0.027, ""miss_deg"": 4.03, ""labels"": [78]}]"
2026_08_16/s1,s1,v7,,tag15,106.49,111.37,4.87,1.643,球R,322,0.911,0.204,0.753,0.07,0.098,0.776,object#17,,1,1,14,球R,1,2,"[{""name"": ""球R"", ""share"": 0.911, ""q"": 0.204, ""capture"": 0.753, ""miss_deg"": 1.13, ""labels"": [322]}, {""name"": ""石榴"", ""share"": 0.089, ""q"": 0.02, ""capture"": 0.053, ""miss_deg"": 3.63, ""labels"": [78]}]"
2026_08_16/s1,s1,v7,,tag15,111.42,111.69,0.27,1.698,石榴,78,0.667,0.031,0.089,0.674,0.499,0.954,object#17,,0,0,14,球R,0,2,"[{""name"": ""石榴"", ""share"": 0.667, ""q"": 0.031, ""capture"": 0.089, ""miss_deg"": 3.3, ""labels"": [78]}, {""name"": ""球R"", ""share"": 0.333, ""q"": 0.015, ""capture"": 0.06, ""miss_deg"": 3.55, ""labels"": [322]}]"
2026_08_16/s1,s1,v7,,tag15,111.75,113.21,1.46,1.653,球R,322,0.883,0.158,0.585,0.096,0.133,0.821,object#17,,1,1,14,球R,1,2,"[{""name"": ""球R"", ""share"": 0.883, ""q"": 0.158, ""capture"": 0.585, ""miss_deg"": 1.55, ""labels"": [322]}, {""name"": ""石榴"", ""share"": 0.117, ""q"": 0.021, ""capture"": 0.056, ""miss_deg"": 3.6, ""labels"": [78]}]"
2026_08_16/s1,s1,v7,,tag15,113.26,113.53,0.27,1.617,香蕉,323,0.997,0.115,0.123,0.008,0.003,0.885,object#17,,0,0,,,,2,"[{""name"": ""香蕉"", ""share"": 0.997, ""q"": 0.115, ""capture"": 0.123, ""miss_deg"": 3.07, ""labels"": [323]}, {""name"": ""球M"", ""share"": 0.003, ""q"": 0.0, ""capture"": 0.001, ""miss_deg"": 5.54, ""labels"": [321]}]"
2026_08_16/s1,s1,v7,,tag15,113.59,120.3,6.72,1.63,球L,320,1.0,0.154,0.399,0.0,0.0,0.846,object#316,,1,1,15,球L,1,1,"[{""name"": ""球L"", ""share"": 1.0, ""q"": 0.154, ""capture"": 0.399, ""miss_deg"": 2.03, ""labels"": [320]}]"
2026_08_16/s1,s1,v7,,tag15,121.43,122.24,0.81,2.712,,-1,0.0,0.0,,,,1.0,object#187,,0,0,,,,0,[]
2026_08_16/s1,s1,v7,,tag15,122.78,123.27,0.49,2.057,,-1,0.0,0.0,,,,1.0,object#187,,0,0,,,,0,[]
2026_08_16/s1,s1,v7,,tag15,124.38,124.87,0.49,1.648,,-1,0.0,0.0,,,,1.0,object#59,,0,0,,,,0,[]
2026_08_16/s2,s2,v7,,tag15,3.36,3.63,0.27,2.085,,-1,0.0,0.0,,,,1.0,object#32,,0,0,,,,0,[]
2026_08_16/s2,s2,v7,,tag15,7.87,8.14,0.27,3.23,,-1,0.0,0.0,,,,1.0,object#187,,0,0,,,,0,[]
2026_08_16/s2,s2,v7,,tag15,8.74,9.12,0.38,3.208,,-1,0.0,0.0,,,,1.0,object#187,,0,0,,,,0,[]
2026_08_16/s2,s2,v7,,tag15,9.88,10.53,0.65,3.208,,-1,0.0,0.0,,,,1.0,object#187,,0,0,,,,0,[]
2026_08_16/s2,s2,v7,,tag15,11.55,11.93,0.38,3.032,,-1,0.0,0.0,,,,1.0,floor,,0,0,,,,0,[]
2026_08_16/s2,s2,v7,,tag15,12.96,14.15,1.19,3.416,,-1,0.0,0.0,,,,1.0,object#32,,0,0,,,,0,[]
2026_08_16/s2,s2,v7,,tag15,14.48,15.02,0.54,2.428,球M,321,0.915,0.09,0.549,0.024,0.093,0.902,object#17,,1,1,,,,2,"[{""name"": ""球M"", ""share"": 0.915, ""q"": 0.09, ""capture"": 0.549, ""miss_deg"": 1.64, ""labels"": [321]}, {""name"": ""香蕉"", ""share"": 0.085, ""q"": 0.008, ""capture"": 0.013, ""miss_deg"": 4.42, ""labels"": [323]}]"
2026_08_16/s2,s2,v7,,tag15,15.46,15.73,0.27,2.459,苹果,300,0.332,0.077,0.371,0.642,1.937,0.77,object#17,,0,0,,,,3,"[{""name"": ""苹果"", ""share"": 0.332, ""q"": 0.077, ""capture"": 0.371, ""miss_deg"": 2.11, ""labels"": [300]}, {""name"": ""香蕉"", ""share"": 0.643, ""q"": 0.148, ""capture"": 0.238, ""miss_deg"": 2.54, ""labels"": [323]}, {""name"": ""球M"", ""share"": 0.018, ""q"": 0.004, ""capture"": 0.025, ""miss_deg"": 4.07, ""labels"": [321]}]"
2026_08_16/s2,s2,v7,,tag15,15.78,16.05,0.27,2.515,苹果,300,0.572,0.181,0.879,0.237,0.701,0.683,object#316,,1,1,,,,3,"[{""name"": ""苹果"", ""share"": 0.572, ""q"": 0.181, ""capture"": 0.879, ""miss_deg"": 0.76, ""labels"": [300]}, {""name"": ""香蕉"", ""share"": 0.401, ""q"": 0.127, ""capture"": 0.208, ""miss_deg"": 2.66, ""labels"": [323]}, {""name"": ""球L"", ""share"": 0.027, ""q"": 0.009, ""capture"": 0.053, ""miss_deg"": 3.64, ""labels"": [320]}]"
2026_08_16/s2,s2,v7,,tag15,16.38,16.81,0.43,2.413,球L,320,0.276,0.098,0.476,0.632,1.96,0.645,object#316,,0,0,,,,3,"[{""name"": ""球L"", ""share"": 0.276, ""q"": 0.098, ""capture"": 0.476, ""miss_deg"": 1.83, ""labels"": [320]}, {""name"": ""香蕉"", ""share"": 0.541, ""q"": 0.192, ""capture"": 0.301, ""miss_deg"": 2.32, ""labels"": [323]}, {""name"": ""苹果"", ""share"": 0.182, ""q"": 0.065, ""capture"": 0.29, ""miss_deg"": 2.36, ""labels"": [300]}]"
2026_08_16/s2,s2,v7,,tag15,17.16,19.59,2.43,2.343,球M,321,1.0,0.289,1.525,0.0,0.0,0.711,object#317,,1,1,,,,2,"[{""name"": ""球M"", ""share"": 1.0, ""q"": 0.289, ""capture"": 1.525, ""miss_deg"": 0.0, ""labels"": [321]}, {""name"": ""香蕉"", ""share"": 0.0, ""q"": 0.0, ""capture"": 0.0, ""miss_deg"": 6.25, ""labels"": [323]}]"
2026_08_16/s2,s2,v7,,tag15,20.03,20.46,0.43,2.455,球M,321,1.0,0.209,1.279,0.0,0.0,0.791,object#17,,1,1,1,球M,1,1,"[{""name"": ""球M"", ""share"": 1.0, ""q"": 0.209, ""capture"": 1.279, ""miss_deg"": 0.0, ""labels"": [321]}]"
2026_08_16/s2,s2,v7,,tag15,20.51,21.11,0.6,2.355,球M,321,1.0,0.266,1.406,0.0,0.0,0.734,object#17,,1,1,1,球M,1,1,"[{""name"": ""球M"", ""share"": 1.0, ""q"": 0.266, ""capture"": 1.406, ""miss_deg"": 0.0, ""labels"": [321]}]"
2026_08_16/s2,s2,v7,,tag15,21.16,21.6,0.43,2.439,球M,321,1.0,0.216,1.319,0.0,0.0,0.784,object#17,,1,1,1,球M,1,1,"[{""name"": ""球M"", ""share"": 1.0, ""q"": 0.216, ""capture"": 1.319, ""miss_deg"": 0.0, ""labels"": [321]}]"
2026_08_16/s2,s2,v7,,tag15,21.65,22.84,1.19,2.406,球M,321,1.0,0.195,1.191,0.0,0.0,0.805,object#17,,1,1,1,球M,1,1,"[{""name"": ""球M"", ""share"": 1.0, ""q"": 0.195, ""capture"": 1.191, ""miss_deg"": 0.0, ""labels"": [321]}]"
2026_08_16/s2,s2,v7,,tag15,22.9,23.92,1.03,2.473,球M,321,1.0,0.186,1.139,0.0,0.0,0.814,object#17,,1,1,1,球M,1,1,"[{""name"": ""球M"", ""share"": 1.0, ""q"": 0.186, ""capture"": 1.139, ""miss_deg"": 0.0, ""labels"": [321]}]"
2026_08_16/s2,s2,v7,,tag15,24.23,27.75,3.52,2.439,球R,322,0.738,0.108,0.787,0.257,0.355,0.854,object#318,,1,1,2,球R,1,2,"[{""name"": ""球R"", ""share"": 0.738, ""q"": 0.108, ""capture"": 0.787, ""miss_deg"": 1.04, ""labels"": [322]}, {""name"": ""石榴"", ""share"": 0.262, ""q"": 0.038, ""capture"": 0.202, ""miss_deg"": 2.68, ""labels"": [78]}]"
2026_08_16/s2,s2,v7,,tag15,28.02,28.29,0.27,4.667,球R,322,0.742,0.062,1.88,0.216,0.348,0.917,floor,,1,1,2,球R,1,2,"[{""name"": ""球R"", ""share"": 0.742, ""q"": 0.062, ""capture"": 1.88, ""miss_deg"": 0.0, ""labels"": [322]}, {""name"": ""石榴"", ""share"": 0.258, ""q"": 0.021, ""capture"": 0.407, ""miss_deg"": 2.01, ""labels"": [78]}]"
2026_08_16/s2,s2,v7,,tag15,28.51,30.51,2.0,2.447,球R,322,0.751,0.099,0.72,0.278,0.332,0.869,object#318,,1,1,2,球R,1,2,"[{""name"": ""球R"", ""share"": 0.751, ""q"": 0.099, ""capture"": 0.72, ""miss_deg"": 1.22, ""labels"": [322]}, {""name"": ""石榴"", ""share"": 0.249, ""q"": 0.033, ""capture"": 0.2, ""miss_deg"": 2.69, ""labels"": [78]}]"
2026_08_16/s2,s2,v7,,tag15,31.27,31.54,0.27,2.473,球M,321,1.0,0.196,1.196,0.0,0.0,0.804,object#17,,1,1,,,,1,"[{""name"": ""球M"", ""share"": 1.0, ""q"": 0.196, ""capture"": 1.196, ""miss_deg"": 0.0, ""labels"": [321]}]"
2026_08_16/s2,s2,v7,,tag15,31.59,33.6,2.0,2.457,球M,321,1.0,0.204,1.244,0.0,0.0,0.796,object#17,,1,1,,,,1,"[{""name"": ""球M"", ""share"": 1.0, ""q"": 0.204, ""capture"": 1.244, ""miss_deg"": 0.0, ""labels"": [321]}]"
2026_08_16/s2,s2,v7,,tag15,33.7,34.08,0.38,2.434,球M,321,1.0,0.068,0.416,0.0,0.0,0.932,object#17,,1,1,3,球M,1,1,"[{""name"": ""球M"", ""share"": 1.0, ""q"": 0.068, ""capture"": 0.416, ""miss_deg"": 1.99, ""labels"": [321]}]"
2026_08_16/s2,s2,v7,,tag15,34.41,37.66,3.25,2.447,球M,321,1.0,0.196,1.197,0.0,0.0,0.804,object#17,,1,1,3,球M,1,1,"[{""name"": ""球M"", ""share"": 1.0, ""q"": 0.196, ""capture"": 1.197, ""miss_deg"": 0.0, ""labels"": [321]}]"
2026_08_16/s2,s2,v7,,tag15,37.96,42.29,4.33,2.436,球R,322,0.609,0.135,0.986,0.465,0.642,0.778,object#318,,1,1,4,球R,1,2,"[{""name"": ""球R"", ""share"": 0.609, ""q"": 0.135, ""capture"": 0.986, ""miss_deg"": 0.25, ""labels"": [322]}, {""name"": ""石榴"", ""share"": 0.391, ""q"": 0.087, ""capture"": 0.458, ""miss_deg"": 1.87, ""labels"": [78]}]"
2026_08_16/s2,s2,v7,,tag15,42.45,44.02,1.57,2.434,球R,322,0.596,0.133,0.971,0.49,0.678,0.777,object#318,,1,1,4,球R,1,2,"[{""name"": ""球R"", ""share"": 0.596, ""q"": 0.133, ""capture"": 0.971, ""miss_deg"": 0.36, ""labels"": [322]}, {""name"": ""石榴"", ""share"": 0.404, ""q"": 0.09, ""capture"": 0.476, ""miss_deg"": 1.83, ""labels"": [78]}]"
2026_08_16/s2,s2,v7,,tag15,44.92,46.49,1.57,2.412,苹果,300,0.368,0.137,0.613,0.9,0.834,0.628,object#316,,0,0,,,,3,"[{""name"": ""苹果"", ""share"": 0.368, ""q"": 0.137, ""capture"": 0.613, ""miss_deg"": 1.48, ""labels"": [300]}, {""name"": ""球L"", ""share"": 0.307, ""q"": 0.114, ""capture"": 0.552, ""miss_deg"": 1.63, ""labels"": [320]}, {""name"": ""香蕉"", ""share"": 0.326, ""q"": 0.121, ""capture"": 0.19, ""miss_deg"": 2.74, ""labels"": [323]}]"
2026_08_16/s2,s2,v7,,tag15,46.54,49.25,2.71,2.429,苹果,300,0.341,0.125,0.562,0.964,0.891,0.633,object#316,,0,0,5,球L,0,3,"[{""name"": ""苹果"", ""share"": 0.341, ""q"": 0.125, ""capture"": 0.562, ""miss_deg"": 1.61, ""labels"": [300]}, {""name"": ""球L"", ""share"": 0.304, ""q"": 0.112, ""capture"": 0.542, ""miss_deg"": 1.66, ""labels"": [320]}, {""name"": ""香蕉"", ""share"": 0.355, ""q"": 0.13, ""capture"": 0.204, ""miss_deg"": 2.67, ""labels"": [323]}]"
2026_08_16/s2,s2,v7,,tag15,49.31,49.79,0.49,2.417,苹果,300,0.244,0.084,0.377,0.931,2.668,0.655,object#316,,0,0,5,球L,0,3,"[{""name"": ""苹果"", ""share"": 0.244, ""q"": 0.084, ""capture"": 0.377, ""miss_deg"": 2.1, ""labels"": [300]}, {""name"": ""香蕉"", ""share"": 0.651, ""q"": 0.224, ""capture"": 0.351, ""miss_deg"": 2.17, ""labels"": [323]}, {""name"": ""球L"", ""share"": 0.105, ""q"": 0.036, ""capture"": 0.175, ""miss_deg"": 2.8, ""labels"": [320]}]"
2026_08_16/s2,s2,v7,,tag15,49.85,51.31,1.46,2.402,球L,320,0.337,0.128,0.622,0.752,0.813,0.619,object#316,,0,0,5,球L,1,3,"[{""name"": ""球L"", ""share"": 0.337, ""q"": 0.128, ""capture"": 0.622, ""miss_deg"": 1.46, ""labels"": [320]}, {""name"": ""苹果"", ""share"": 0.274, ""q"": 0.104, ""capture"": 0.468, ""miss_deg"": 1.85, ""labels"": [300]}, {""name"": ""香蕉"", ""share"": 0.389, ""q"": 0.148, ""capture"": 0.232, ""miss_deg"": 2.57, ""labels"": [323]}]"
2026_08_16/s2,s2,v7,,tag15,51.88,54.26,2.38,2.402,球R,322,0.58,0.118,0.807,0.559,0.724,0.797,object#318,,1,1,,,,2,"[{""name"": ""球R"", ""share"": 0.58, ""q"": 0.118, ""capture"": 0.807, ""miss_deg"": 0.98, ""labels"": [322]}, {""name"": ""石榴"", ""share"": 0.42, ""q"": 0.085, ""capture"": 0.451, ""miss_deg"": 1.89, ""labels"": [78]}]"
2026_08_16/s2,s2,v7,,tag15,54.37,54.64,0.27,2.422,球R,322,0.743,0.095,0.691,0.25,0.346,0.873,object#318,,1,1,6,球R,1,2,"[{""name"": ""球R"", ""share"": 0.743, ""q"": 0.095, ""capture"": 0.691, ""miss_deg"": 1.29, ""labels"": [322]}, {""name"": ""石榴"", ""share"": 0.257, ""q"": 0.033, ""capture"": 0.173, ""miss_deg"": 2.81, ""labels"": [78]}]"
2026_08_16/s2,s2,v7,,tag15,54.7,56.65,1.95,2.432,球R,322,0.592,0.122,0.889,0.498,0.689,0.794,object#318,,1,1,6,球R,1,2,"[{""name"": ""球R"", ""share"": 0.592, ""q"": 0.122, ""capture"": 0.889, ""miss_deg"": 0.73, ""labels"": [322]}, {""name"": ""石榴"", ""share"": 0.408, ""q"": 0.084, ""capture"": 0.443, ""miss_deg"": 1.91, ""labels"": [78]}]"
2026_08_16/s2,s2,v7,,tag15,56.76,57.08,0.32,2.404,球R,322,0.572,0.076,0.522,0.577,0.748,0.867,object#318,,1,1,6,球R,1,2,"[{""name"": ""球R"", ""share"": 0.572, ""q"": 0.076, ""capture"": 0.522, ""miss_deg"": 1.71, ""labels"": [322]}, {""name"": ""石榴"", ""share"": 0.428, ""q"": 0.057, ""capture"": 0.301, ""miss_deg"": 2.32, ""labels"": [78]}]"
2026_08_16/s2,s2,v7,,tag15,57.41,58.22,0.81,2.417,球R,322,0.535,0.084,0.615,0.628,0.869,0.843,object#318,,1,1,6,球R,1,2,"[{""name"": ""球R"", ""share"": 0.535, ""q"": 0.084, ""capture"": 0.615, ""miss_deg"": 1.48, ""labels"": [322]}, {""name"": ""石榴"", ""share"": 0.465, ""q"": 0.073, ""capture"": 0.386, ""miss_deg"": 2.07, ""labels"": [78]}]"
2026_08_16/s2,s2,v7,,tag15,58.5,61.86,3.36,2.436,球M,321,0.998,0.193,1.178,0.001,0.002,0.807,object#17,,1,1,,,,2,"[{""name"": ""球M"", ""share"": 0.998, ""q"": 0.193, ""capture"": 1.178, ""miss_deg"": 0.0, ""labels"": [321]}, {""name"": ""香蕉"", ""share"": 0.002, ""q"": 0.0, ""capture"": 0.001, ""miss_deg"": 5.81, ""labels"": [323]}]"
2026_08_16/s2,s2,v7,,tag15,62.46,63.05,0.6,2.423,球M,321,1.0,0.126,0.77,0.0,0.0,0.874,object#17,,1,1,7,球M,1,1,"[{""name"": ""球M"", ""share"": 1.0, ""q"": 0.126, ""capture"": 0.77, ""miss_deg"": 1.08, ""labels"": [321]}]"
2026_08_16/s2,s2,v7,,tag15,63.49,63.81,0.32,2.532,苹果,300,0.496,0.141,0.684,0.332,0.974,0.716,object#17,,1,0,7,球M,0,3,"[{""name"": ""苹果"", ""share"": 0.496, ""q"": 0.141, ""capture"": 0.684, ""miss_deg"": 1.31, ""labels"": [300]}, {""name"": ""香蕉"", ""share"": 0.483, ""q"": 0.137, ""capture"": 0.227, ""miss_deg"": 2.58, ""labels"": [323]}, {""name"": ""球L"", ""share"": 0.02, ""q"": 0.006, ""capture"": 0.035, ""miss_deg"": 3.89, ""labels"": [320]}]"
2026_08_16/s2,s2,v7,,tag15,63.86,65.16,1.3,2.476,球M,321,1.0,0.072,0.44,0.0,0.0,0.928,object#17,,1,1,7,球M,1,1,"[{""name"": ""球M"", ""share"": 1.0, ""q"": 0.072, ""capture"": 0.44, ""miss_deg"": 1.92, ""labels"": [321]}]"
2026_08_16/s2,s2,v7,,tag15,65.22,66.25,1.03,2.454,苹果,300,0.399,0.145,0.704,0.783,0.717,0.635,object#316,,0,0,,,,3,"[{""name"": ""苹果"", ""share"": 0.399, ""q"": 0.145, ""capture"": 0.704, ""miss_deg"": 1.26, ""labels"": [300]}, {""name"": ""球L"", ""share"": 0.286, ""q"": 0.104, ""capture"": 0.551, ""miss_deg"": 1.64, ""labels"": [320]}, {""name"": ""香蕉"", ""share"": 0.315, ""q"": 0.115, ""capture"": 0.185, ""miss_deg"": 2.76, ""labels"": [323]}]"
2026_08_16/s2,s2,v7,,tag15,66.3,72.15,5.85,2.463,苹果,300,0.388,0.131,0.636,0.928,0.853,0.662,object#316,,0,0,8,球L,0,3,"[{""name"": ""苹果"", ""share"": 0.388, ""q"": 0.131, ""capture"": 0.636, ""miss_deg"": 1.43, ""labels"": [300]}, {""name"": ""球L"", ""share"": 0.331, ""q"": 0.112, ""capture"": 0.59, ""miss_deg"": 1.54, ""labels"": [320]}, {""name"": ""香蕉"", ""share"": 0.281, ""q"": 0.095, ""capture"": 0.153, ""miss_deg"": 2.91, ""labels"": [323]}]"
2026_08_16/s2,s2,v7,,tag15,72.7,76.11,3.41,2.501,球R,322,0.694,0.143,1.204,0.321,0.441,0.794,object#318,,1,1,,,,2,"[{""name"": ""球R"", ""share"": 0.694, ""q"": 0.143, ""capture"": 1.204, ""miss_deg"": 0.0, ""labels"": [322]}, {""name"": ""石榴"", ""share"": 0.306, ""q"": 0.063, ""capture"": 0.386, ""miss_deg"": 2.07, ""labels"": [78]}]"
2026_08_16/s2,s2,v7,,tag15,76.17,76.44,0.27,2.542,球M,321,0.534,0.037,0.228,0.789,0.787,0.93,object#17,,1,1,9,球R,0,3,"[{""name"": ""球M"", ""share"": 0.534, ""q"": 0.037, ""capture"": 0.228, ""miss_deg"": 2.58, ""labels"": [321]}, {""name"": ""石榴"", ""share"": 0.42, ""q"": 0.029, ""capture"": 0.18, ""miss_deg"": 2.78, ""labels"": [78]}, {""name"": ""球R"", ""share"": 0.046, ""q"": 0.003, ""capture"": 0.027, ""miss_deg"": 4.03, ""labels"": [322]}]"
2026_08_16/s2,s2,v7,,tag15,76.49,79.09,2.6,2.51,球R,322,0.705,0.134,1.132,0.304,0.418,0.809,object#318,,1,1,9,球R,1,2,"[{""name"": ""球R"", ""share"": 0.705, ""q"": 0.134, ""capture"": 1.132, ""miss_deg"": 0.0, ""labels"": [322]}, {""name"": ""石榴"", ""share"": 0.295, ""q"": 0.056, ""capture"": 0.344, ""miss_deg"": 2.19, ""labels"": [78]}]"
2026_08_16/s2,s2,v7,,tag15,79.47,80.01,0.54,2.463,球R,322,0.724,0.122,0.891,0.319,0.381,0.832,object#318,,1,1,,,,2,"[{""name"": ""球R"", ""share"": 0.724, ""q"": 0.122, ""capture"": 0.891, ""miss_deg"": 0.72, ""labels"": [322]}, {""name"": ""石榴"", ""share"": 0.276, ""q"": 0.046, ""capture"": 0.284, ""miss_deg"": 2.38, ""labels"": [78]}]"
2026_08_16/s2,s2,v7,,tag15,80.07,83.21,3.14,2.465,球R,322,0.522,0.131,0.954,0.766,0.916,0.75,object#318,,1,1,10,球R,1,2,"[{""name"": ""球R"", ""share"": 0.522, ""q"": 0.131, ""capture"": 0.954, ""miss_deg"": 0.46, ""labels"": [322]}, {""name"": ""石榴"", ""share"": 0.478, ""q"": 0.12, ""capture"": 0.731, ""miss_deg"": 1.19, ""labels"": [78]}]"
2026_08_16/s2,s2,v7,,tag15,83.42,84.07,0.65,2.469,球R,322,0.607,0.092,0.673,0.542,0.647,0.848,object#318,,1,1,10,球R,1,2,"[{""name"": ""球R"", ""share"": 0.607, ""q"": 0.092, ""capture"": 0.673, ""miss_deg"": 1.34, ""labels"": [322]}, {""name"": ""石榴"", ""share"": 0.393, ""q"": 0.06, ""capture"": 0.365, ""miss_deg"": 2.13, ""labels"": [78]}]"
2026_08_16/s2,s2,v7,,tag15,84.66,86.02,1.35,2.481,球R,322,0.53,0.124,0.905,0.743,0.887,0.766,object#318,,1,1,10,球R,1,2,"[{""name"": ""球R"", ""share"": 0.53, ""q"": 0.124, ""capture"": 0.905, ""miss_deg"": 0.67, ""labels"": [322]}, {""name"": ""石榴"", ""share"": 0.47, ""q"": 0.11, ""capture"": 0.672, ""miss_deg"": 1.34, ""labels"": [78]}]"
2026_08_16/s2,s2,v7,,tag15,86.68,90.1,3.41,2.471,球M,321,0.985,0.241,1.471,0.004,0.015,0.756,object#17,,1,1,,,,2,"[{""name"": ""球M"", ""share"": 0.985, ""q"": 0.241, ""capture"": 1.471, ""miss_deg"": 0.0, ""labels"": [321]}, {""name"": ""香蕉"", ""share"": 0.015, ""q"": 0.004, ""capture"": 0.006, ""miss_deg"": 4.8, ""labels"": [323]}]"
2026_08_16/s2,s2,v7,,tag15,90.15,90.64,0.49,2.484,球M,321,0.983,0.096,0.589,0.017,0.017,0.902,object#17,,1,1,11,球M,1,2,"[{""name"": ""球M"", ""share"": 0.983, ""q"": 0.096, ""capture"": 0.589, ""miss_deg"": 1.54, ""labels"": [321]}, {""name"": ""石榴"", ""share"": 0.017, ""q"": 0.002, ""capture"": 0.01, ""miss_deg"": 4.53, ""labels"": [78]}]"
2026_08_16/s2,s2,v7,,tag15,91.18,92.64,1.46,2.492,球M,321,1.0,0.214,1.306,0.0,0.0,0.786,object#17,,1,1,11,球M,1,1,"[{""name"": ""球M"", ""share"": 1.0, ""q"": 0.214, ""capture"": 1.306, ""miss_deg"": 0.0, ""labels"": [321]}]"
2026_08_16/s2,s2,v7,,tag15,92.91,93.29,0.38,2.515,球M,321,1.0,0.237,1.445,0.0,0.0,0.763,object#17,,1,1,11,球M,1,1,"[{""name"": ""球M"", ""share"": 1.0, ""q"": 0.237, ""capture"": 1.445, ""miss_deg"": 0.0, ""labels"": [321]}]"
2026_08_16/s2,s2,v7,,tag15,93.7,98.26,4.56,2.441,球L,320,0.429,0.143,0.695,0.553,0.552,0.666,object#316,,1,0,12,球L,1,3,"[{""name"": ""球L"", ""share"": 0.429, ""q"": 0.143, ""capture"": 0.695, ""miss_deg"": 1.28, ""labels"": [320]}, {""name"": ""苹果"", ""share"": 0.237, ""q"": 0.079, ""capture"": 0.384, ""miss_deg"": 2.08, ""labels"": [300]}, {""name"": ""香蕉"", ""share"": 0.335, ""q"": 0.112, ""capture"": 0.18, ""miss_deg"": 2.78, ""labels"": [323]}]"
2026_08_16/s2,s2,v7,,tag15,98.58,99.5,0.92,2.445,苹果,300,0.354,0.137,0.663,0.866,0.797,0.614,object#316,,0,0,12,球L,0,3,"[{""name"": ""苹果"", ""share"": 0.354, ""q"": 0.137, ""capture"": 0.663, ""miss_deg"": 1.36, ""labels"": [300]}, {""name"": ""球L"", ""share"": 0.282, ""q"": 0.109, ""capture"": 0.574, ""miss_deg"": 1.58, ""labels"": [320]}, {""name"": ""香蕉"", ""share"": 0.364, ""q"": 0.141, ""capture"": 0.226, ""miss_deg"": 2.59, ""labels"": [323]}]"
2026_08_16/s2,s2,v7,,tag15,99.77,100.26,0.49,2.444,球L,320,0.34,0.125,0.662,0.727,0.794,0.632,object#316,,0,0,12,球L,1,3,"[{""name"": ""球L"", ""share"": 0.34, ""q"": 0.125, ""capture"": 0.662, ""miss_deg"": 1.36, ""labels"": [320]}, {""name"": ""苹果"", ""share"": 0.27, ""q"": 0.099, ""capture"": 0.481, ""miss_deg"": 1.81, ""labels"": [300]}, {""name"": ""香蕉"", ""share"": 0.39, ""q"": 0.144, ""capture"": 0.231, ""miss_deg"": 2.57, ""labels"": [323]}]"
2026_08_16/s2,s2,v7,,tag15,100.57,101.92,1.35,2.475,球M,321,1.0,0.187,1.145,0.0,0.0,0.813,object#17,,1,1,,,,1,"[{""name"": ""球M"", ""share"": 1.0, ""q"": 0.187, ""capture"": 1.145, ""miss_deg"": 0.0, ""labels"": [321]}]"
2026_08_16/s2,s2,v7,,tag15,101.98,102.3,0.32,2.495,球M,321,0.962,0.246,1.501,0.011,0.04,0.745,object#17,,1,1,13,球M,1,2,"[{""name"": ""球M"", ""share"": 0.962, ""q"": 0.246, ""capture"": 1.501, ""miss_deg"": 0.0, ""labels"": [321]}, {""name"": ""香蕉"", ""share"": 0.038, ""q"": 0.01, ""capture"": 0.016, ""miss_deg"": 4.33, ""labels"": [323]}]"
2026_08_16/s2,s2,v7,,tag15,102.36,104.42,2.06,2.512,球M,321,1.0,0.229,1.402,0.0,0.0,0.771,object#17,,1,1,13,球M,1,1,"[{""name"": ""球M"", ""share"": 1.0, ""q"": 0.229, ""capture"": 1.402, ""miss_deg"": 0.0, ""labels"": [321]}]"
2026_08_16/s2,s2,v7,,tag15,104.69,107.02,2.33,2.483,球M,321,0.997,0.23,1.403,0.001,0.003,0.77,object#17,,1,1,13,球M,1,2,"[{""name"": ""球M"", ""share"": 0.997, ""q"": 0.23, ""capture"": 1.403, ""miss_deg"": 0.0, ""labels"": [321]}, {""name"": ""香蕉"", ""share"": 0.003, ""q"": 0.001, ""capture"": 0.001, ""miss_deg"": 5.53, ""labels"": [323]}]"
2026_08_16/s2,s2,v7,,tag15,107.07,107.5,0.43,2.505,球M,321,0.972,0.099,0.607,0.028,0.029,0.898,object#17,,1,1,13,球M,1,2,"[{""name"": ""球M"", ""share"": 0.972, ""q"": 0.099, ""capture"": 0.607, ""miss_deg"": 1.5, ""labels"": [321]}, {""name"": ""石榴"", ""share"": 0.028, ""q"": 0.003, ""capture"": 0.017, ""miss_deg"": 4.27, ""labels"": [78]}]"
2026_08_16/s2,s2,v7,,tag15,107.84,108.33,0.49,2.449,球L,320,0.4,0.134,0.707,0.618,0.672,0.665,object#316,,1,0,,,,3,"[{""name"": ""球L"", ""share"": 0.4, ""q"": 0.134, ""capture"": 0.707, ""miss_deg"": 1.25, ""labels"": [320]}, {""name"": ""苹果"", ""share"": 0.269, ""q"": 0.09, ""capture"": 0.437, ""miss_deg"": 1.93, ""labels"": [300]}, {""name"": ""香蕉"", ""share"": 0.33, ""q"": 0.111, ""capture"": 0.178, ""miss_deg"": 2.79, ""labels"": [323]}]"
2026_08_16/s2,s2,v7,,tag15,108.38,109.25,0.87,2.435,苹果,300,0.379,0.156,0.754,0.517,0.517,0.59,object#316,,1,0,,,,3,"[{""name"": ""苹果"", ""share"": 0.379, ""q"": 0.156, ""capture"": 0.754, ""miss_deg"": 1.13, ""labels"": [300]}, {""name"": ""球L"", ""share"": 0.196, ""q"": 0.08, ""capture"": 0.39, ""miss_deg"": 2.06, ""labels"": [320]}, {""name"": ""香蕉"", ""share"": 0.425, ""q"": 0.174, ""capture"": 0.277, ""miss_deg"": 2.4, ""labels"": [323]}]"
2026_08_16/s2,s2,v7,,tag15,109.57,113.26,3.68,2.458,苹果,300,0.359,0.14,0.676,0.806,0.741,0.612,object#316,,0,0,14,球L,0,3,"[{""name"": ""苹果"", ""share"": 0.359, ""q"": 0.14, ""capture"": 0.676, ""miss_deg"": 1.33, ""labels"": [300]}, {""name"": ""球L"", ""share"": 0.266, ""q"": 0.103, ""capture"": 0.545, ""miss_deg"": 1.65, ""labels"": [320]}, {""name"": ""香蕉"", ""share"": 0.375, ""q"": 0.146, ""capture"": 0.234, ""miss_deg"": 2.56, ""labels"": [323]}]"
2026_08_16/s2,s2,v7,,tag15,113.31,113.74,0.43,2.458,香蕉,323,0.678,0.167,0.269,0.918,0.305,0.753,object#17,,1,1,14,球L,0,3,"[{""name"": ""香蕉"", ""share"": 0.678, ""q"": 0.167, ""capture"": 0.269, ""miss_deg"": 2.43, ""labels"": [323]}, {""name"": ""苹果"", ""share"": 0.207, ""q"": 0.051, ""capture"": 0.247, ""miss_deg"": 2.51, ""labels"": [300]}, {""name"": ""球M"", ""share"": 0.113, ""q"": 0.028, ""capture"": 0.171, ""miss_deg"": 2.82, ""labels"": [321]}]"
2026_08_16/s2,s2,v7,,tag15,113.8,114.67,0.87,2.454,球L,320,0.37,0.133,0.704,0.736,0.803,0.64,object#316,,0,0,14,球L,1,3,"[{""name"": ""球L"", ""share"": 0.37, ""q"": 0.133, ""capture"": 0.704, ""miss_deg"": 1.26, ""labels"": [320]}, {""name"": ""苹果"", ""share"": 0.297, ""q"": 0.107, ""capture"": 0.518, ""miss_deg"": 1.72, ""labels"": [300]}, {""name"": ""香蕉"", ""share"": 0.333, ""q"": 0.12, ""capture"": 0.193, ""miss_deg"": 2.72, ""labels"": [323]}]"
2026_08_16/s2,s2,v7,,tag15,115.19,117.2,2.0,2.465,球L,320,0.452,0.137,0.724,0.624,0.681,0.697,object#316,,1,0,,,,3,"[{""name"": ""球L"", ""share"": 0.452, ""q"": 0.137, ""capture"": 0.724, ""miss_deg"": 1.21, ""labels"": [320]}, {""name"": ""苹果"", ""share"": 0.308, ""q"": 0.093, ""capture"": 0.452, ""miss_deg"": 1.89, ""labels"": [300]}, {""name"": ""香蕉"", ""share"": 0.24, ""q"": 0.073, ""capture"": 0.117, ""miss_deg"": 3.11, ""labels"": [323]}]"
2026_08_16/s2,s2,v7,,tag15,117.47,118.72,1.25,2.458,苹果,300,0.398,0.148,0.72,0.844,0.776,0.627,object#316,,0,0,15,球L,0,3,"[{""name"": ""苹果"", ""share"": 0.398, ""q"": 0.148, ""capture"": 0.72, ""miss_deg"": 1.22, ""labels"": [300]}, {""name"": ""球L"", ""share"": 0.309, ""q"": 0.115, ""capture"": 0.608, ""miss_deg"": 1.5, ""labels"": [320]}, {""name"": ""香蕉"", ""share"": 0.293, ""q"": 0.109, ""capture"": 0.176, ""miss_deg"": 2.8, ""labels"": [323]}]"
2026_08_16/s2,s2,v7,,tag15,118.99,120.29,1.3,2.465,球L,320,0.337,0.133,0.701,0.827,0.902,0.607,object#316,,0,0,15,球L,1,3,"[{""name"": ""球L"", ""share"": 0.337, ""q"": 0.133, ""capture"": 0.701, ""miss_deg"": 1.26, ""labels"": [320]}, {""name"": ""苹果"", ""share"": 0.304, ""q"": 0.12, ""capture"": 0.58, ""miss_deg"": 1.57, ""labels"": [300]}, {""name"": ""香蕉"", ""share"": 0.358, ""q"": 0.141, ""capture"": 0.227, ""miss_deg"": 2.58, ""labels"": [323]}]"
2026_08_16/s2,s2,v7,,tag15,120.39,120.88,0.49,2.454,球M,321,0.498,0.088,0.539,0.247,0.94,0.823,object#17,,1,0,15,球L,0,3,"[{""name"": ""球M"", ""share"": 0.498, ""q"": 0.088, ""capture"": 0.539, ""miss_deg"": 1.67, ""labels"": [321]}, {""name"": ""香蕉"", ""share"": 0.468, ""q"": 0.083, ""capture"": 0.133, ""miss_deg"": 3.01, ""labels"": [323]}, {""name"": ""苹果"", ""share"": 0.035, ""q"": 0.006, ""capture"": 0.03, ""miss_deg"": 3.98, ""labels"": [300]}]"
2026_08_16/s2,s2,v7,,tag15,122.54,122.92,0.38,3.007,,-1,0.0,0.0,,,,1.0,floor,,0,0,,,,0,[]
2026_08_16/s2,s2,v7,,tag15,123.48,123.75,0.27,2.463,,-1,0.0,0.0,,,,1.0,object#32,,0,0,,,,0,[]
2026_08_16/s3,s3,v7,,tag15,1.77,2.04,0.27,0.687,,-1,0.0,0.0,,,,1.0,object#20,,0,0,,,,0,[]
2026_08_16/s3,s3,v7,,tag15,2.37,2.75,0.38,0.837,,-1,0.0,0.0,,,,1.0,object#20,,0,0,,,,0,[]
2026_08_16/s3,s3,v7,,tag15,2.97,3.62,0.65,1.127,,-1,0.0,0.0,,,,1.0,object#20,,0,0,,,,0,[]
2026_08_16/s3,s3,v7,,tag15,4.36,4.74,0.38,1.794,,-1,0.0,0.0,,,,1.0,object#32,,0,0,,,,0,[]
2026_08_16/s3,s3,v7,,tag15,11.54,12.57,1.03,3.979,,-1,0.0,0.0,,,,1.0,object#187,,0,0,,,,0,[]
2026_08_16/s3,s3,v7,,tag15,12.63,14.74,2.11,4.024,,-1,0.0,0.0,,,,1.0,object#187,,0,0,,,,0,[]
2026_08_16/s3,s3,v7,,tag15,15.69,17.26,1.57,3.241,球M,321,0.907,0.196,1.783,0.025,0.097,0.784,object#17,,1,1,,,,3,"[{""name"": ""球M"", ""share"": 0.907, ""q"": 0.196, ""capture"": 1.783, ""miss_deg"": 0.0, ""labels"": [321]}, {""name"": ""香蕉"", ""share"": 0.088, ""q"": 0.019, ""capture"": 0.044, ""miss_deg"": 3.75, ""labels"": [323]}, {""name"": ""苹果"", ""share"": 0.005, ""q"": 0.001, ""capture"": 0.009, ""miss_deg"": 4.59, ""labels"": [300]}]"
2026_08_16/s3,s3,v7,,tag15,17.31,19.31,2.0,3.221,球M,321,0.921,0.178,1.624,0.022,0.086,0.807,object#17,,1,1,,,,2,"[{""name"": ""球M"", ""share"": 0.921, ""q"": 0.178, ""capture"": 1.624, ""miss_deg"": 0.0, ""labels"": [321]}, {""name"": ""香蕉"", ""share"": 0.079, ""q"": 0.015, ""capture"": 0.036, ""miss_deg"": 3.87, ""labels"": [323]}]"
2026_08_16/s3,s3,v7,,tag15,20.72,21.59,0.87,3.413,球M,321,0.993,0.113,1.242,0.003,0.003,0.886,object#179,,1,1,1,球M,1,3,"[{""name"": ""球M"", ""share"": 0.993, ""q"": 0.113, ""capture"": 1.242, ""miss_deg"": 0.0, ""labels"": [321]}, {""name"": ""石榴"", ""share"": 0.003, ""q"": 0.0, ""capture"": 0.004, ""miss_deg"": 4.94, ""labels"": [78]}, {""name"": ""香蕉"", ""share"": 0.003, ""q"": 0.0, ""capture"": 0.001, ""miss_deg"": 5.61, ""labels"": [323]}]"
2026_08_16/s3,s3,v7,,tag15,21.7,23.92,2.22,3.403,球M,321,0.976,0.158,1.731,0.006,0.025,0.839,object#317,,1,1,1,球M,1,2,"[{""name"": ""球M"", ""share"": 0.976, ""q"": 0.158, ""capture"": 1.731, ""miss_deg"": 0.0, ""labels"": [321]}, {""name"": ""香蕉"", ""share"": 0.024, ""q"": 0.004, ""capture"": 0.01, ""miss_deg"": 4.55, ""labels"": [323]}]"
2026_08_16/s3,s3,v7,,tag15,24.26,27.79,3.52,3.32,球L,320,0.46,0.085,0.775,0.609,0.611,0.815,object#316,,1,0,2,球L,1,3,"[{""name"": ""球L"", ""share"": 0.46, ""q"": 0.085, ""capture"": 0.775, ""miss_deg"": 1.07, ""labels"": [320]}, {""name"": ""苹果"", ""share"": 0.281, ""q"": 0.052, ""capture"": 0.472, ""miss_deg"": 1.84, ""labels"": [300]}, {""name"": ""香蕉"", ""share"": 0.259, ""q"": 0.048, ""capture"": 0.12, ""miss_deg"": 3.09, ""labels"": [323]}]"
2026_08_16/s3,s3,v7,,tag15,28.06,30.23,2.17,3.335,球L,320,0.457,0.08,0.726,0.554,0.554,0.826,object#316,,1,0,2,球L,1,3,"[{""name"": ""球L"", ""share"": 0.457, ""q"": 0.08, ""capture"": 0.726, ""miss_deg"": 1.2, ""labels"": [320]}, {""name"": ""苹果"", ""share"": 0.253, ""q"": 0.044, ""capture"": 0.402, ""miss_deg"": 2.02, ""labels"": [300]}, {""name"": ""香蕉"", ""share"": 0.29, ""q"": 0.051, ""capture"": 0.127, ""miss_deg"": 3.05, ""labels"": [323]}]"
2026_08_16/s3,s3,v7,,tag15,30.95,31.22,0.27,3.382,球M,321,0.962,0.169,1.856,0.009,0.04,0.824,object#17,,1,1,,,,2,"[{""name"": ""球M"", ""share"": 0.962, ""q"": 0.169, ""capture"": 1.856, ""miss_deg"": 0.0, ""labels"": [321]}, {""name"": ""香蕉"", ""share"": 0.038, ""q"": 0.007, ""capture"": 0.017, ""miss_deg"": 4.27, ""labels"": [323]}]"
2026_08_16/s3,s3,v7,,tag15,31.27,33.11,1.84,3.312,球L,320,0.497,0.079,0.723,0.598,0.598,0.84,object#10,,1,0,,,,3,"[{""name"": ""球L"", ""share"": 0.497, ""q"": 0.079, ""capture"": 0.723, ""miss_deg"": 1.21, ""labels"": [320]}, {""name"": ""苹果"", ""share"": 0.297, ""q"": 0.047, ""capture"": 0.432, ""miss_deg"": 1.94, ""labels"": [300]}, {""name"": ""香蕉"", ""share"": 0.207, ""q"": 0.033, ""capture"": 0.083, ""miss_deg"": 3.35, ""labels"": [323]}]"
2026_08_16/s3,s3,v7,,tag15,33.66,37.12,3.47,3.306,球L,320,0.511,0.073,0.67,0.615,0.614,0.856,object#10,,1,1,3,球L,1,3,"[{""name"": ""球L"", ""share"": 0.511, ""q"": 0.073, ""capture"": 0.67, ""miss_deg"": 1.34, ""labels"": [320]}, {""name"": ""苹果"", ""share"": 0.314, ""q"": 0.045, ""capture"": 0.412, ""miss_deg"": 2.0, ""labels"": [300]}, {""name"": ""香蕉"", ""share"": 0.175, ""q"": 0.025, ""capture"": 0.063, ""miss_deg"": 3.52, ""labels"": [323]}]"
2026_08_16/s3,s3,v7,,tag15,37.18,37.77,0.6,3.357,球L,320,0.539,0.063,0.577,0.331,0.33,0.882,object#10,,1,1,3,球L,1,3,"[{""name"": ""球L"", ""share"": 0.539, ""q"": 0.063, ""capture"": 0.577, ""miss_deg"": 1.57, ""labels"": [320]}, {""name"": ""苹果"", ""share"": 0.178, ""q"": 0.021, ""capture"": 0.191, ""miss_deg"": 2.73, ""labels"": [300]}, {""name"": ""香蕉"", ""share"": 0.283, ""q"": 0.033, ""capture"": 0.083, ""miss_deg"": 3.34, ""labels"": [323]}]"
2026_08_16/s3,s3,v7,,tag15,38.15,40.48,2.33,3.372,球M,321,0.729,0.145,1.589,0.075,0.318,0.802,object#17,,1,1,,,,3,"[{""name"": ""球M"", ""share"": 0.729, ""q"": 0.145, ""capture"": 1.589, ""miss_deg"": 0.0, ""labels"": [321]}, {""name"": ""香蕉"", ""share"": 0.232, ""q"": 0.046, ""capture"": 0.119, ""miss_deg"": 3.09, ""labels"": [323]}, {""name"": ""苹果"", ""share"": 0.039, ""q"": 0.008, ""capture"": 0.071, ""miss_deg"": 3.45, ""labels"": [300]}]"
2026_08_16/s3,s3,v7,,tag15,40.85,44.75,3.9,3.365,球M,321,0.862,0.182,1.995,0.034,0.147,0.789,object#17,,1,1,4,球M,1,3,"[{""name"": ""球M"", ""share"": 0.862, ""q"": 0.182, ""capture"": 1.995, ""miss_deg"": 0.0, ""labels"": [321]}, {""name"": ""香蕉"", ""share"": 0.127, ""q"": 0.027, ""capture"": 0.067, ""miss_deg"": 3.48, ""labels"": [323]}, {""name"": ""苹果"", ""share"": 0.011, ""q"": 0.002, ""capture"": 0.021, ""miss_deg"": 4.16, ""labels"": [300]}]"
2026_08_16/s3,s3,v7,,tag15,45.15,51.49,6.34,3.391,球R,322,0.493,0.091,1.266,0.813,1.028,0.815,object#318,,1,0,5,球R,1,2,"[{""name"": ""球R"", ""share"": 0.493, ""q"": 0.091, ""capture"": 1.266, ""miss_deg"": 0.0, ""labels"": [322]}, {""name"": ""石榴"", ""share"": 0.507, ""q"": 0.094, ""capture"": 1.029, ""miss_deg"": 0.0, ""labels"": [78]}]"
2026_08_16/s3,s3,v7,,tag15,52.01,58.46,6.45,3.377,球R,322,0.463,0.087,1.209,0.76,1.16,0.812,object#318,,1,0,6,球R,1,2,"[{""name"": ""球R"", ""share"": 0.463, ""q"": 0.087, ""capture"": 1.209, ""miss_deg"": 0.0, ""labels"": [322]}, {""name"": ""石榴"", ""share"": 0.537, ""q"": 0.101, ""capture"": 0.919, ""miss_deg"": 0.62, ""labels"": [78]}]"
2026_08_16/s3,s3,v7,,tag15,59.13,62.0,2.87,3.278,球L,320,0.435,0.092,0.843,0.73,0.729,0.787,object#316,,0,0,,,,3,"[{""name"": ""球L"", ""share"": 0.435, ""q"": 0.092, ""capture"": 0.843, ""miss_deg"": 0.88, ""labels"": [320]}, {""name"": ""苹果"", ""share"": 0.317, ""q"": 0.067, ""capture"": 0.615, ""miss_deg"": 1.48, ""labels"": [300]}, {""name"": ""香蕉"", ""share"": 0.249, ""q"": 0.053, ""capture"": 0.131, ""miss_deg"": 3.03, ""labels"": [323]}]"
2026_08_16/s3,s3,v7,,tag15,62.28,63.63,1.35,3.308,球L,320,0.416,0.087,0.793,0.729,0.728,0.791,object#316,,0,0,7,球L,1,3,"[{""name"": ""球L"", ""share"": 0.416, ""q"": 0.087, ""capture"": 0.793, ""miss_deg"": 1.02, ""labels"": [320]}, {""name"": ""苹果"", ""share"": 0.303, ""q"": 0.063, ""capture"": 0.578, ""miss_deg"": 1.57, ""labels"": [300]}, {""name"": ""香蕉"", ""share"": 0.281, ""q"": 0.059, ""capture"": 0.148, ""miss_deg"": 2.93, ""labels"": [323]}]"
2026_08_16/s3,s3,v7,,tag15,63.68,64.01,0.32,3.255,苹果,300,0.284,0.078,0.657,0.49,0.451,0.724,object#17,,0,0,7,球L,0,3,"[{""name"": ""苹果"", ""share"": 0.284, ""q"": 0.078, ""capture"": 0.657, ""miss_deg"": 1.37, ""labels"": [300]}, {""name"": ""球M"", ""share"": 0.128, ""q"": 0.035, ""capture"": 0.322, ""miss_deg"": 2.26, ""labels"": [321]}, {""name"": ""香蕉"", ""share"": 0.48, ""q"": 0.132, ""capture"": 0.307, ""miss_deg"": 2.3, ""labels"": [323]}]"
2026_08_16/s3,s3,v7,,tag15,64.06,64.6,0.54,3.276,球L,320,0.378,0.08,0.733,0.98,0.979,0.787,object#316,,0,0,7,球L,1,3,"[{""name"": ""球L"", ""share"": 0.378, ""q"": 0.08, ""capture"": 0.733, ""miss_deg"": 1.18, ""labels"": [320]}, {""name"": ""苹果"", ""share"": 0.37, ""q"": 0.079, ""capture"": 0.718, ""miss_deg"": 1.22, ""labels"": [300]}, {""name"": ""香蕉"", ""share"": 0.253, ""q"": 0.054, ""capture"": 0.133, ""miss_deg"": 3.01, ""labels"": [323]}]"
2026_08_16/s3,s3,v7,,tag15,64.82,65.47,0.65,3.276,苹果,300,0.394,0.077,0.704,0.976,0.975,0.804,object#316,,0,0,7,球L,0,3,"[{""name"": ""苹果"", ""share"": 0.394, ""q"": 0.077, ""capture"": 0.704, ""miss_deg"": 1.26, ""labels"": [300]}, {""name"": ""球L"", ""share"": 0.384, ""q"": 0.075, ""capture"": 0.687, ""miss_deg"": 1.3, ""labels"": [320]}, {""name"": ""香蕉"", ""share"": 0.222, ""q"": 0.044, ""capture"": 0.107, ""miss_deg"": 3.17, ""labels"": [323]}]"
2026_08_16/s3,s3,v7,,tag15,65.68,66.06,0.38,3.301,球L,320,0.42,0.082,0.747,0.76,0.76,0.805,object#316,,0,0,,,,3,"[{""name"": ""球L"", ""share"": 0.42, ""q"": 0.082, ""capture"": 0.747, ""miss_deg"": 1.14, ""labels"": [320]}, {""name"": ""苹果"", ""share"": 0.319, ""q"": 0.062, ""capture"": 0.568, ""miss_deg"": 1.6, ""labels"": [300]}, {""name"": ""香蕉"", ""share"": 0.26, ""q"": 0.051, ""capture"": 0.127, ""miss_deg"": 3.05, ""labels"": [323]}]"
2026_08_16/s3,s3,v7,,tag15,66.29,66.78,0.49,3.314,球L,320,0.68,0.045,0.408,0.387,0.387,0.934,object#10,,1,1,,,,3,"[{""name"": ""球L"", ""share"": 0.68, ""q"": 0.045, ""capture"": 0.408, ""miss_deg"": 2.01, ""labels"": [320]}, {""name"": ""苹果"", ""share"": 0.263, ""q"": 0.017, ""capture"": 0.158, ""miss_deg"": 2.88, ""labels"": [300]}, {""name"": ""香蕉"", ""share"": 0.057, ""q"": 0.004, ""capture"": 0.009, ""miss_deg"": 4.58, ""labels"": [323]}]"
2026_08_16/s3,s3,v7,,tag15,67.0,72.25,5.25,3.301,球L,320,0.531,0.074,0.679,0.554,0.554,0.86,object#10,,1,1,8,球L,1,3,"[{""name"": ""球L"", ""share"": 0.531, ""q"": 0.074, ""capture"": 0.679, ""miss_deg"": 1.32, ""labels"": [320]}, {""name"": ""苹果"", ""share"": 0.294, ""q"": 0.041, ""capture"": 0.376, ""miss_deg"": 2.1, ""labels"": [300]}, {""name"": ""香蕉"", ""share"": 0.174, ""q"": 0.024, ""capture"": 0.061, ""miss_deg"": 3.54, ""labels"": [323]}]"
2026_08_16/s3,s3,v7,,tag15,72.59,72.92,0.32,3.354,球M,321,0.841,0.153,1.678,0.038,0.168,0.818,object#17,,1,1,,,,3,"[{""name"": ""球M"", ""share"": 0.841, ""q"": 0.153, ""capture"": 1.678, ""miss_deg"": 0.0, ""labels"": [321]}, {""name"": ""香蕉"", ""share"": 0.141, ""q"": 0.026, ""capture"": 0.064, ""miss_deg"": 3.51, ""labels"": [323]}, {""name"": ""苹果"", ""share"": 0.018, ""q"": 0.003, ""capture"": 0.03, ""miss_deg"": 3.98, ""labels"": [300]}]"
2026_08_16/s3,s3,v7,,tag15,72.97,76.22,3.25,3.321,球M,321,0.729,0.125,1.374,0.074,0.321,0.828,object#17,,1,1,9,球M,1,3,"[{""name"": ""球M"", ""share"": 0.729, ""q"": 0.125, ""capture"": 1.374, ""miss_deg"": 0.0, ""labels"": [321]}, {""name"": ""香蕉"", ""share"": 0.234, ""q"": 0.04, ""capture"": 0.101, ""miss_deg"": 3.21, ""labels"": [323]}, {""name"": ""苹果"", ""share"": 0.037, ""q"": 0.006, ""capture"": 0.058, ""miss_deg"": 3.58, ""labels"": [300]}]"
2026_08_16/s3,s3,v7,,tag15,76.27,78.55,2.27,3.339,球M,321,0.931,0.132,1.445,0.017,0.074,0.859,object#17,,1,1,9,球M,1,2,"[{""name"": ""球M"", ""share"": 0.931, ""q"": 0.132, ""capture"": 1.445, ""miss_deg"": 0.0, ""labels"": [321]}, {""name"": ""香蕉"", ""share"": 0.069, ""q"": 0.01, ""capture"": 0.025, ""miss_deg"": 4.08, ""labels"": [323]}]"
2026_08_16/s3,s3,v7,,tag15,78.6,79.25,0.65,3.38,球M,321,0.942,0.166,1.824,0.014,0.062,0.824,object#17,,1,1,9,球M,1,2,"[{""name"": ""球M"", ""share"": 0.942, ""q"": 0.166, ""capture"": 1.824, ""miss_deg"": 0.0, ""labels"": [321]}, {""name"": ""香蕉"", ""share"": 0.058, ""q"": 0.01, ""capture"": 0.026, ""miss_deg"": 4.04, ""labels"": [323]}]"
2026_08_16/s3,s3,v7,,tag15,79.6,82.91,3.3,3.341,球R,322,0.454,0.086,1.191,0.788,1.203,0.811,object#318,,1,0,,,,2,"[{""name"": ""球R"", ""share"": 0.454, ""q"": 0.086, ""capture"": 1.191, ""miss_deg"": 0.0, ""labels"": [322]}, {""name"": ""石榴"", ""share"": 0.546, ""q"": 0.103, ""capture"": 0.939, ""miss_deg"": 0.53, ""labels"": [78]}]"
2026_08_16/s3,s3,v7,,tag15,82.96,83.94,0.97,3.368,球M,321,0.703,0.083,0.917,0.285,0.343,0.881,object#17,,1,1,10,球R,0,3,"[{""name"": ""球M"", ""share"": 0.703, ""q"": 0.083, ""capture"": 0.917, ""miss_deg"": 0.62, ""labels"": [321]}, {""name"": ""石榴"", ""share"": 0.241, ""q"": 0.029, ""capture"": 0.261, ""miss_deg"": 2.46, ""labels"": [78]}, {""name"": ""球R"", ""share"": 0.056, ""q"": 0.007, ""capture"": 0.093, ""miss_deg"": 3.27, ""labels"": [322]}]"
2026_08_16/s3,s3,v7,,tag15,83.99,84.91,0.92,3.36,石榴,78,0.639,0.134,1.221,0.862,0.565,0.79,object#318,,1,1,10,球R,0,2,"[{""name"": ""石榴"", ""share"": 0.639, ""q"": 0.134, ""capture"": 1.221, ""miss_deg"": 0.0, ""labels"": [78]}, {""name"": ""球R"", ""share"": 0.361, ""q"": 0.076, ""capture"": 1.052, ""miss_deg"": 0.0, ""labels"": [322]}]"
2026_08_16/s3,s3,v7,,tag15,85.52,86.0,0.49,3.281,苹果,300,0.407,0.123,1.124,0.373,0.373,0.697,object#316,,1,0,10,球R,0,3,"[{""name"": ""苹果"", ""share"": 0.407, ""q"": 0.123, ""capture"": 1.124, ""miss_deg"": 0.0, ""labels"": [300]}, {""name"": ""球L"", ""share"": 0.152, ""q"": 0.046, ""capture"": 0.419, ""miss_deg"": 1.98, ""labels"": [320]}, {""name"": ""香蕉"", ""share"": 0.424, ""q"": 0.128, ""capture"": 0.317, ""miss_deg"": 2.27, ""labels"": [323]}]"
2026_08_16/s3,s3,v7,,tag15,86.06,86.65,0.6,3.285,球M,321,0.52,0.092,1.011,0.205,0.246,0.823,object#17,,1,1,,,,3,"[{""name"": ""球M"", ""share"": 0.52, ""q"": 0.092, ""capture"": 1.011, ""miss_deg"": 0.0, ""labels"": [321]}, {""name"": ""苹果"", ""share"": 0.128, ""q"": 0.023, ""capture"": 0.207, ""miss_deg"": 2.66, ""labels"": [300]}, {""name"": ""香蕉"", ""share"": 0.352, ""q"": 0.062, ""capture"": 0.154, ""miss_deg"": 2.9, ""labels"": [323]}]"
2026_08_16/s3,s3,v7,,tag15,86.71,91.85,5.15,3.3,苹果,300,0.373,0.085,0.775,0.96,0.96,0.772,object#316,,0,0,11,球L,0,3,"[{""name"": ""苹果"", ""share"": 0.373, ""q"": 0.085, ""capture"": 0.775, ""miss_deg"": 1.07, ""labels"": [300]}, {""name"": ""球L"", ""share"": 0.358, ""q"": 0.082, ""capture"": 0.744, ""miss_deg"": 1.15, ""labels"": [320]}, {""name"": ""香蕉"", ""share"": 0.269, ""q"": 0.061, ""capture"": 0.153, ""miss_deg"": 2.9, ""labels"": [323]}]"
2026_08_16/s3,s3,v7,,tag15,92.12,93.42,1.3,3.291,球L,320,0.366,0.09,0.817,0.824,0.825,0.755,object#316,,0,0,11,球L,1,3,"[{""name"": ""球L"", ""share"": 0.366, ""q"": 0.09, ""capture"": 0.817, ""miss_deg"": 0.95, ""labels"": [320]}, {""name"": ""苹果"", ""share"": 0.302, ""q"": 0.074, ""capture"": 0.673, ""miss_deg"": 1.33, ""labels"": [300]}, {""name"": ""香蕉"", ""share"": 0.332, ""q"": 0.081, ""capture"": 0.204, ""miss_deg"": 2.68, ""labels"": [323]}]"
2026_08_16/s3,s3,v7,,tag15,93.77,94.42,0.65,3.368,球M,321,0.907,0.183,2.015,0.022,0.095,0.798,object#17,,1,1,,,,3,"[{""name"": ""球M"", ""share"": 0.907, ""q"": 0.183, ""capture"": 2.015, ""miss_deg"": 0.0, ""labels"": [321]}, {""name"": ""香蕉"", ""share"": 0.086, ""q"": 0.017, ""capture"": 0.045, ""miss_deg"": 3.73, ""labels"": [323]}, {""name"": ""苹果"", ""share"": 0.007, ""q"": 0.001, ""capture"": 0.013, ""miss_deg"": 4.43, ""labels"": [300]}]"
2026_08_16/s3,s3,v7,,tag15,94.48,100.6,6.12,3.373,球M,321,0.947,0.179,1.969,0.013,0.056,0.811,object#17,,1,1,12,球M,1,2,"[{""name"": ""球M"", ""share"": 0.947, ""q"": 0.179, ""capture"": 1.969, ""miss_deg"": 0.0, ""labels"": [321]}, {""name"": ""香蕉"", ""share"": 0.053, ""q"": 0.01, ""capture"": 0.026, ""miss_deg"": 4.06, ""labels"": [323]}]"
2026_08_16/s3,s3,v7,,tag15,100.9,101.5,0.6,3.365,球R,322,0.504,0.072,0.997,0.645,0.984,0.858,object#318,,1,1,,,,2,"[{""name"": ""球R"", ""share"": 0.504, ""q"": 0.072, ""capture"": 0.997, ""miss_deg"": 0.11, ""labels"": [322]}, {""name"": ""石榴"", ""share"": 0.496, ""q"": 0.071, ""capture"": 0.643, ""miss_deg"": 1.41, ""labels"": [78]}]"
2026_08_16/s3,s3,v7,,tag15,101.55,106.86,5.31,3.38,球R,322,0.516,0.089,1.243,0.615,0.938,0.827,object#318,,1,1,13,球R,1,2,"[{""name"": ""球R"", ""share"": 0.516, ""q"": 0.089, ""capture"": 1.243, ""miss_deg"": 0.0, ""labels"": [322]}, {""name"": ""石榴"", ""share"": 0.484, ""q"": 0.084, ""capture"": 0.764, ""miss_deg"": 1.1, ""labels"": [78]}]"
2026_08_16/s3,s3,v7,,tag15,106.91,107.24,0.32,3.381,球R,322,0.656,0.054,0.744,0.344,0.524,0.918,object#318,,1,1,13,球R,1,2,"[{""name"": ""球R"", ""share"": 0.656, ""q"": 0.054, ""capture"": 0.744, ""miss_deg"": 1.15, ""labels"": [322]}, {""name"": ""石榴"", ""share"": 0.344, ""q"": 0.028, ""capture"": 0.256, ""miss_deg"": 2.48, ""labels"": [78]}]"
2026_08_16/s3,s3,v7,,tag15,107.35,107.67,0.32,3.383,球M,321,0.892,0.117,1.283,0.088,0.107,0.869,object#17,,1,1,,,,3,"[{""name"": ""球M"", ""share"": 0.892, ""q"": 0.117, ""capture"": 1.283, ""miss_deg"": 0.0, ""labels"": [321]}, {""name"": ""石榴"", ""share"": 0.095, ""q"": 0.012, ""capture"": 0.113, ""miss_deg"": 3.13, ""labels"": [78]}, {""name"": ""球R"", ""share"": 0.013, ""q"": 0.002, ""capture"": 0.023, ""miss_deg"": 4.12, ""labels"": [322]}]"
2026_08_16/s3,s3,v7,,tag15,108.08,108.35,0.27,3.364,球M,321,0.783,0.161,1.765,0.054,0.238,0.795,object#17,,1,1,,,,3,"[{""name"": ""球M"", ""share"": 0.783, ""q"": 0.161, ""capture"": 1.765, ""miss_deg"": 0.0, ""labels"": [321]}, {""name"": ""香蕉"", ""share"": 0.186, ""q"": 0.038, ""capture"": 0.096, ""miss_deg"": 3.25, ""labels"": [323]}, {""name"": ""苹果"", ""share"": 0.031, ""q"": 0.006, ""capture"": 0.058, ""miss_deg"": 3.58, ""labels"": [300]}]"
2026_08_16/s3,s3,v7,,tag15,108.41,109.71,1.3,3.343,球M,321,0.777,0.162,1.776,0.057,0.248,0.792,object#17,,1,1,,,,3,"[{""name"": ""球M"", ""share"": 0.777, ""q"": 0.162, ""capture"": 1.776, ""miss_deg"": 0.0, ""labels"": [321]}, {""name"": ""香蕉"", ""share"": 0.193, ""q"": 0.04, ""capture"": 0.101, ""miss_deg"": 3.21, ""labels"": [323]}, {""name"": ""苹果"", ""share"": 0.03, ""q"": 0.006, ""capture"": 0.058, ""miss_deg"": 3.58, ""labels"": [300]}]"
2026_08_16/s3,s3,v7,,tag15,109.76,111.82,2.06,3.388,球M,321,0.983,0.164,1.799,0.005,0.005,0.833,object#17,,1,1,14,球M,1,3,"[{""name"": ""球M"", ""share"": 0.983, ""q"": 0.164, ""capture"": 1.799, ""miss_deg"": 0.0, ""labels"": [321]}, {""name"": ""石榴"", ""share"": 0.005, ""q"": 0.001, ""capture"": 0.009, ""miss_deg"": 4.61, ""labels"": [78]}, {""name"": ""香蕉"", ""share"": 0.012, ""q"": 0.002, ""capture"": 0.005, ""miss_deg"": 4.86, ""labels"": [323]}]"
2026_08_16/s3,s3,v7,,tag15,112.14,113.34,1.19,3.395,球M,321,0.955,0.176,1.937,0.011,0.047,0.815,object#17,,1,1,14,球M,1,2,"[{""name"": ""球M"", ""share"": 0.955, ""q"": 0.176, ""capture"": 1.937, ""miss_deg"": 0.0, ""labels"": [321]}, {""name"": ""香蕉"", ""share"": 0.045, ""q"": 0.008, ""capture"": 0.022, ""miss_deg"": 4.16, ""labels"": [323]}]"
2026_08_16/s3,s3,v7,,tag15,113.44,113.77,0.32,3.29,苹果,300,0.315,0.086,0.783,0.986,0.987,0.727,object#316,,0,0,14,球M,0,3,"[{""name"": ""苹果"", ""share"": 0.315, ""q"": 0.086, ""capture"": 0.783, ""miss_deg"": 1.05, ""labels"": [300]}, {""name"": ""球L"", ""share"": 0.311, ""q"": 0.085, ""capture"": 0.772, ""miss_deg"": 1.08, ""labels"": [320]}, {""name"": ""香蕉"", ""share"": 0.375, ""q"": 0.102, ""capture"": 0.256, ""miss_deg"": 2.48, ""labels"": [323]}]"
2026_08_16/s3,s3,v7,,tag15,114.04,115.07,1.03,3.347,球M,321,0.933,0.146,1.603,0.016,0.072,0.844,object#17,,1,1,14,球M,1,2,"[{""name"": ""球M"", ""share"": 0.933, ""q"": 0.146, ""capture"": 1.603, ""miss_deg"": 0.0, ""labels"": [321]}, {""name"": ""香蕉"", ""share"": 0.067, ""q"": 0.011, ""capture"": 0.026, ""miss_deg"": 4.04, ""labels"": [323]}]"
2026_08_16/s3,s3,v7,,tag15,115.32,116.02,0.7,3.345,球R,322,0.421,0.088,1.223,0.904,1.375,0.791,object#318,,0,0,,,,2,"[{""name"": ""球R"", ""share"": 0.421, ""q"": 0.088, ""capture"": 1.223, ""miss_deg"": 0.0, ""labels"": [322]}, {""name"": ""石榴"", ""share"": 0.579, ""q"": 0.121, ""capture"": 1.105, ""miss_deg"": 0.0, ""labels"": [78]}]"
2026_08_16/s3,s3,v7,,tag15,116.08,122.42,6.34,3.359,球R,322,0.449,0.093,1.293,0.806,1.227,0.793,object#318,,0,0,15,球R,1,2,"[{""name"": ""球R"", ""share"": 0.449, ""q"": 0.093, ""capture"": 1.293, ""miss_deg"": 0.0, ""labels"": [322]}, {""name"": ""石榴"", ""share"": 0.551, ""q"": 0.114, ""capture"": 1.042, ""miss_deg"": 0.0, ""labels"": [78]}]"
2026_08_16/s3,s3,v7,,tag15,123.2,123.52,0.32,3.984,,-1,0.0,0.0,,,,1.0,object#187,,0,0,,,,0,[]
2026_08_16/s3,s3,v7,,tag15,123.58,123.85,0.27,3.784,,-1,0.0,0.0,,,,1.0,object#187,,0,0,,,,0,[]
2026_08_16/s3,s3,v7,,tag15,125.84,126.33,0.49,2.182,,-1,0.0,0.0,,,,1.0,object#59,,0,0,,,,0,[]
2026_08_16/s4,s4,v8,,tag15,13.61,14.42,0.81,4.863,,-1,0.0,0.0,,,,1.0,object#11,,0,0,,,,0,[]
2026_08_16/s4,s4,v8,,tag15,15.12,15.39,0.27,3.914,球M,192,0.878,0.115,1.269,0.036,0.12,0.868,object#10,,1,1,,,,3,"[{""name"": ""球M"", ""share"": 0.878, ""q"": 0.115, ""capture"": 1.269, ""miss_deg"": 0.0, ""labels"": [192]}, {""name"": ""香蕉"", ""share"": 0.105, ""q"": 0.014, ""capture"": 0.046, ""miss_deg"": 3.72, ""labels"": [196]}, {""name"": ""苹果"", ""share"": 0.017, ""q"": 0.002, ""capture"": 0.024, ""miss_deg"": 4.09, ""labels"": [194]}]"
2026_08_16/s4,s4,v8,,tag15,15.45,16.1,0.65,3.855,球R,193,0.726,0.055,0.601,0.551,0.377,0.925,object#17,,1,1,,,,2,"[{""name"": ""球R"", ""share"": 0.726, ""q"": 0.055, ""capture"": 0.601, ""miss_deg"": 1.51, ""labels"": [193]}, {""name"": ""石榴"", ""share"": 0.274, ""q"": 0.021, ""capture"": 0.331, ""miss_deg"": 2.23, ""labels"": [195]}]"
2026_08_16/s4,s4,v8,,tag15,16.8,17.07,0.27,3.887,球M,192,0.951,0.076,0.835,0.014,0.05,0.92,object#17,,1,1,1,球L,0,3,"[{""name"": ""球M"", ""share"": 0.951, ""q"": 0.076, ""capture"": 0.835, ""miss_deg"": 0.9, ""labels"": [192]}, {""name"": ""香蕉"", ""share"": 0.048, ""q"": 0.004, ""capture"": 0.012, ""miss_deg"": 4.45, ""labels"": [196]}, {""name"": ""苹果"", ""share"": 0.001, ""q"": 0.0, ""capture"": 0.001, ""miss_deg"": 5.74, ""labels"": [194]}]"
2026_08_16/s4,s4,v8,,tag15,17.13,17.56,0.43,3.914,球M,192,0.935,0.114,1.25,0.02,0.065,0.878,object#17,,1,1,1,球L,0,3,"[{""name"": ""球M"", ""share"": 0.935, ""q"": 0.114, ""capture"": 1.25, ""miss_deg"": 0.0, ""labels"": [192]}, {""name"": ""香蕉"", ""share"": 0.061, ""q"": 0.007, ""capture"": 0.025, ""miss_deg"": 4.08, ""labels"": [196]}, {""name"": ""苹果"", ""share"": 0.003, ""q"": 0.0, ""capture"": 0.004, ""miss_deg"": 4.94, ""labels"": [194]}]"
2026_08_16/s4,s4,v8,,tag15,18.06,19.63,1.57,3.805,球L,191,0.685,0.087,0.954,0.231,0.231,0.873,object#36,,1,1,1,球L,1,3,"[{""name"": ""球L"", ""share"": 0.685, ""q"": 0.087, ""capture"": 0.954, ""miss_deg"": 0.46, ""labels"": [191]}, {""name"": ""苹果"", ""share"": 0.158, ""q"": 0.02, ""capture"": 0.22, ""miss_deg"": 2.61, ""labels"": [194]}, {""name"": ""香蕉"", ""share"": 0.157, ""q"": 0.02, ""capture"": 0.063, ""miss_deg"": 3.53, ""labels"": [196]}]"
2026_08_16/s4,s4,v8,,tag15,19.91,22.57,2.65,3.797,球L,191,0.655,0.097,1.07,0.258,0.258,0.851,object#36,,1,1,1,球L,1,3,"[{""name"": ""球L"", ""share"": 0.655, ""q"": 0.097, ""capture"": 1.07, ""miss_deg"": 0.0, ""labels"": [191]}, {""name"": ""苹果"", ""share"": 0.169, ""q"": 0.025, ""capture"": 0.276, ""miss_deg"": 2.41, ""labels"": [194]}, {""name"": ""香蕉"", ""share"": 0.177, ""q"": 0.026, ""capture"": 0.083, ""miss_deg"": 3.35, ""labels"": [196]}]"
2026_08_16/s4,s4,v8,,tag15,22.62,24.68,2.06,3.843,球L,191,0.786,0.058,0.642,0.062,0.216,0.926,object#36,,1,1,2,球L,1,3,"[{""name"": ""球L"", ""share"": 0.786, ""q"": 0.058, ""capture"": 0.642, ""miss_deg"": 1.41, ""labels"": [191]}, {""name"": ""香蕉"", ""share"": 0.17, ""q"": 0.013, ""capture"": 0.04, ""miss_deg"": 3.81, ""labels"": [196]}, {""name"": ""苹果"", ""share"": 0.044, ""q"": 0.003, ""capture"": 0.036, ""miss_deg"": 3.86, ""labels"": [194]}]"
2026_08_16/s4,s4,v8,,tag15,24.84,25.22,0.38,3.803,球L,191,0.756,0.069,0.753,0.135,0.135,0.909,object#36,,1,1,2,球L,1,3,"[{""name"": ""球L"", ""share"": 0.756, ""q"": 0.069, ""capture"": 0.753, ""miss_deg"": 1.13, ""labels"": [191]}, {""name"": ""苹果"", ""share"": 0.102, ""q"": 0.009, ""capture"": 0.102, ""miss_deg"": 3.21, ""labels"": [194]}, {""name"": ""香蕉"", ""share"": 0.141, ""q"": 0.013, ""capture"": 0.041, ""miss_deg"": 3.8, ""labels"": [196]}]"
2026_08_16/s4,s4,v8,,tag15,25.28,28.91,3.63,3.795,球L,191,0.66,0.097,1.07,0.25,0.25,0.852,object#36,,1,1,2,球L,1,3,"[{""name"": ""球L"", ""share"": 0.66, ""q"": 0.097, ""capture"": 1.07, ""miss_deg"": 0.0, ""labels"": [191]}, {""name"": ""苹果"", ""share"": 0.165, ""q"": 0.024, ""capture"": 0.268, ""miss_deg"": 2.44, ""labels"": [194]}, {""name"": ""香蕉"", ""share"": 0.175, ""q"": 0.026, ""capture"": 0.082, ""miss_deg"": 3.36, ""labels"": [196]}]"
2026_08_16/s4,s4,v8,,tag15,29.15,29.7,0.54,3.875,球L,191,0.659,0.103,1.128,0.23,0.229,0.844,object#36,,1,1,,,,3,"[{""name"": ""球L"", ""share"": 0.659, ""q"": 0.103, ""capture"": 1.128, ""miss_deg"": 0.0, ""labels"": [191]}, {""name"": ""苹果"", ""share"": 0.151, ""q"": 0.024, ""capture"": 0.259, ""miss_deg"": 2.47, ""labels"": [194]}, {""name"": ""香蕉"", ""share"": 0.189, ""q"": 0.029, ""capture"": 0.093, ""miss_deg"": 3.27, ""labels"": [196]}]"
2026_08_16/s4,s4,v8,,tag15,29.75,30.35,0.6,3.774,球L,191,0.448,0.11,1.207,0.632,0.632,0.755,object#36,,1,0,3,球M,0,3,"[{""name"": ""球L"", ""share"": 0.448, ""q"": 0.11, ""capture"": 1.207, ""miss_deg"": 0.0, ""labels"": [191]}, {""name"": ""苹果"", ""share"": 0.283, ""q"": 0.069, ""capture"": 0.763, ""miss_deg"": 1.1, ""labels"": [194]}, {""name"": ""香蕉"", ""share"": 0.267, ""q"": 0.065, ""capture"": 0.207, ""miss_deg"": 2.66, ""labels"": [196]}]"
2026_08_16/s4,s4,v8,,tag15,30.62,31.05,0.43,3.795,球L,191,0.582,0.116,1.28,0.389,0.388,0.8,object#36,,1,1,3,球M,0,3,"[{""name"": ""球L"", ""share"": 0.582, ""q"": 0.116, ""capture"": 1.28, ""miss_deg"": 0.0, ""labels"": [191]}, {""name"": ""苹果"", ""share"": 0.226, ""q"": 0.045, ""capture"": 0.498, ""miss_deg"": 1.77, ""labels"": [194]}, {""name"": ""香蕉"", ""share"": 0.192, ""q"": 0.038, ""capture"": 0.122, ""miss_deg"": 3.08, ""labels"": [196]}]"
2026_08_16/s4,s4,v8,,tag15,31.16,31.75,0.6,3.805,球L,191,0.67,0.097,1.061,0.268,0.267,0.856,object#36,,1,1,3,球M,0,3,"[{""name"": ""球L"", ""share"": 0.67, ""q"": 0.097, ""capture"": 1.061, ""miss_deg"": 0.0, ""labels"": [191]}, {""name"": ""苹果"", ""share"": 0.179, ""q"": 0.026, ""capture"": 0.284, ""miss_deg"": 2.38, ""labels"": [194]}, {""name"": ""香蕉"", ""share"": 0.151, ""q"": 0.022, ""capture"": 0.069, ""miss_deg"": 3.47, ""labels"": [196]}]"
2026_08_16/s4,s4,v8,,tag15,32.38,32.81,0.43,3.851,球M,192,0.871,0.133,1.465,0.038,0.131,0.847,object#10,,1,1,3,球M,1,3,"[{""name"": ""球M"", ""share"": 0.871, ""q"": 0.133, ""capture"": 1.465, ""miss_deg"": 0.0, ""labels"": [192]}, {""name"": ""香蕉"", ""share"": 0.114, ""q"": 0.017, ""capture"": 0.055, ""miss_deg"": 3.61, ""labels"": [196]}, {""name"": ""苹果"", ""share"": 0.016, ""q"": 0.002, ""capture"": 0.026, ""miss_deg"": 4.05, ""labels"": [194]}]"
2026_08_16/s4,s4,v8,,tag15,32.87,37.47,4.6,3.853,球M,192,0.938,0.117,1.284,0.019,0.064,0.875,object#17,,1,1,3,球M,1,3,"[{""name"": ""球M"", ""share"": 0.938, ""q"": 0.117, ""capture"": 1.284, ""miss_deg"": 0.0, ""labels"": [192]}, {""name"": ""香蕉"", ""share"": 0.06, ""q"": 0.007, ""capture"": 0.024, ""miss_deg"": 4.11, ""labels"": [196]}, {""name"": ""苹果"", ""share"": 0.003, ""q"": 0.0, ""capture"": 0.004, ""miss_deg"": 5.01, ""labels"": [194]}]"
2026_08_16/s4,s4,v8,,tag15,38.94,39.86,0.92,3.798,球R,193,0.8,0.062,0.682,0.365,0.25,0.922,object#17,,1,1,4,球R,1,2,"[{""name"": ""球R"", ""share"": 0.8, ""q"": 0.062, ""capture"": 0.682, ""miss_deg"": 1.31, ""labels"": [193]}, {""name"": ""石榴"", ""share"": 0.2, ""q"": 0.016, ""capture"": 0.249, ""miss_deg"": 2.5, ""labels"": [195]}]"
2026_08_16/s4,s4,v8,,tag15,40.15,41.56,1.41,3.895,球R,193,0.723,0.068,0.751,0.559,0.383,0.905,object#17,,1,1,4,球R,1,2,"[{""name"": ""球R"", ""share"": 0.723, ""q"": 0.068, ""capture"": 0.751, ""miss_deg"": 1.13, ""labels"": [193]}, {""name"": ""石榴"", ""share"": 0.277, ""q"": 0.026, ""capture"": 0.42, ""miss_deg"": 1.98, ""labels"": [195]}]"
2026_08_16/s4,s4,v8,,tag15,41.61,46.81,5.2,3.818,球R,193,0.77,0.054,0.589,0.438,0.299,0.93,object#17,,1,1,5,球R,1,2,"[{""name"": ""球R"", ""share"": 0.77, ""q"": 0.054, ""capture"": 0.589, ""miss_deg"": 1.54, ""labels"": [193]}, {""name"": ""石榴"", ""share"": 0.23, ""q"": 0.016, ""capture"": 0.258, ""miss_deg"": 2.47, ""labels"": [195]}]"
2026_08_16/s4,s4,v8,,tag15,47.1,47.47,0.38,3.818,球R,193,0.986,0.027,0.292,0.021,0.014,0.973,object#17,,1,1,5,球R,1,2,"[{""name"": ""球R"", ""share"": 0.986, ""q"": 0.027, ""capture"": 0.292, ""miss_deg"": 2.35, ""labels"": [193]}, {""name"": ""石榴"", ""share"": 0.014, ""q"": 0.0, ""capture"": 0.006, ""miss_deg"": 4.81, ""labels"": [195]}]"
2026_08_16/s4,s4,v8,,tag15,47.53,48.67,1.14,3.88,球R,193,0.733,0.054,0.595,0.533,0.364,0.926,object#17,,1,1,5,球R,1,2,"[{""name"": ""球R"", ""share"": 0.733, ""q"": 0.054, ""capture"": 0.595, ""miss_deg"": 1.53, ""labels"": [193]}, {""name"": ""石榴"", ""share"": 0.267, ""q"": 0.02, ""capture"": 0.317, ""miss_deg"": 2.27, ""labels"": [195]}]"
2026_08_16/s4,s4,v8,,tag15,48.72,49.64,0.92,3.832,球R,193,0.582,0.022,0.241,0.577,0.577,0.962,object#17,,1,1,,,,3,"[{""name"": ""球R"", ""share"": 0.582, ""q"": 0.022, ""capture"": 0.241, ""miss_deg"": 2.53, ""labels"": [193]}, {""name"": ""球M"", ""share"": 0.336, ""q"": 0.013, ""capture"": 0.139, ""miss_deg"": 2.98, ""labels"": [192]}, {""name"": ""石榴"", ""share"": 0.082, ""q"": 0.003, ""capture"": 0.05, ""miss_deg"": 3.67, ""labels"": [195]}]"
2026_08_16/s4,s4,v8,,tag15,50.89,51.48,0.6,3.934,球R,193,0.609,0.085,0.935,0.938,0.642,0.86,object#17,,1,1,6,球M,0,2,"[{""name"": ""球R"", ""share"": 0.609, ""q"": 0.085, ""capture"": 0.935, ""miss_deg"": 0.55, ""labels"": [193]}, {""name"": ""石榴"", ""share"": 0.391, ""q"": 0.055, ""capture"": 0.877, ""miss_deg"": 0.77, ""labels"": [195]}]"
2026_08_16/s4,s4,v8,,tag15,52.0,52.49,0.49,3.904,球M,192,0.772,0.122,1.343,0.071,0.233,0.842,object#10,,1,1,6,球M,1,3,"[{""name"": ""球M"", ""share"": 0.772, ""q"": 0.122, ""capture"": 1.343, ""miss_deg"": 0.0, ""labels"": [192]}, {""name"": ""香蕉"", ""share"": 0.18, ""q"": 0.028, ""capture"": 0.095, ""miss_deg"": 3.26, ""labels"": [196]}, {""name"": ""苹果"", ""share"": 0.037, ""q"": 0.006, ""capture"": 0.064, ""miss_deg"": 3.52, ""labels"": [194]}]"
2026_08_16/s4,s4,v8,,tag15,52.82,55.63,2.81,3.918,球M,192,0.914,0.123,1.349,0.027,0.088,0.866,object#10,,1,1,6,球M,1,3,"[{""name"": ""球M"", ""share"": 0.914, ""q"": 0.123, ""capture"": 1.349, ""miss_deg"": 0.0, ""labels"": [192]}, {""name"": ""香蕉"", ""share"": 0.08, ""q"": 0.011, ""capture"": 0.036, ""miss_deg"": 3.87, ""labels"": [196]}, {""name"": ""苹果"", ""share"": 0.007, ""q"": 0.001, ""capture"": 0.01, ""miss_deg"": 4.56, ""labels"": [194]}]"
2026_08_16/s4,s4,v8,,tag15,56.01,56.77,0.76,3.916,球M,192,0.859,0.118,1.292,0.041,0.136,0.863,object#10,,1,1,,,,3,"[{""name"": ""球M"", ""share"": 0.859, ""q"": 0.118, ""capture"": 1.292, ""miss_deg"": 0.0, ""labels"": [192]}, {""name"": ""香蕉"", ""share"": 0.117, ""q"": 0.016, ""capture"": 0.053, ""miss_deg"": 3.63, ""labels"": [196]}, {""name"": ""苹果"", ""share"": 0.024, ""q"": 0.003, ""capture"": 0.036, ""miss_deg"": 3.87, ""labels"": [194]}]"
2026_08_16/s4,s4,v8,,tag15,57.04,58.5,1.46,3.852,球M,192,0.957,0.12,1.314,0.012,0.042,0.875,object#10,,1,1,,,,3,"[{""name"": ""球M"", ""share"": 0.957, ""q"": 0.12, ""capture"": 1.314, ""miss_deg"": 0.0, ""labels"": [192]}, {""name"": ""香蕉"", ""share"": 0.04, ""q"": 0.005, ""capture"": 0.016, ""miss_deg"": 4.31, ""labels"": [196]}, {""name"": ""苹果"", ""share"": 0.002, ""q"": 0.0, ""capture"": 0.003, ""miss_deg"": 5.06, ""labels"": [194]}]"
2026_08_16/s4,s4,v8,,tag15,58.61,59.42,0.81,3.838,球M,192,0.927,0.125,1.369,0.02,0.072,0.866,object#10,,1,1,7,球M,1,3,"[{""name"": ""球M"", ""share"": 0.927, ""q"": 0.125, ""capture"": 1.369, ""miss_deg"": 0.0, ""labels"": [192]}, {""name"": ""香蕉"", ""share"": 0.067, ""q"": 0.009, ""capture"": 0.028, ""miss_deg"": 4.0, ""labels"": [196]}, {""name"": ""苹果"", ""share"": 0.007, ""q"": 0.001, ""capture"": 0.01, ""miss_deg"": 4.57, ""labels"": [194]}]"
2026_08_16/s4,s4,v8,,tag15,59.64,59.92,0.28,3.891,球M,192,0.955,0.118,1.294,0.014,0.045,0.877,object#10,,1,1,7,球M,1,3,"[{""name"": ""球M"", ""share"": 0.955, ""q"": 0.118, ""capture"": 1.294, ""miss_deg"": 0.0, ""labels"": [192]}, {""name"": ""香蕉"", ""share"": 0.043, ""q"": 0.005, ""capture"": 0.018, ""miss_deg"": 4.26, ""labels"": [196]}, {""name"": ""苹果"", ""share"": 0.001, ""q"": 0.0, ""capture"": 0.001, ""miss_deg"": 5.41, ""labels"": [194]}]"
2026_08_16/s4,s4,v8,,tag15,60.41,65.5,5.09,3.904,球M,192,0.959,0.122,1.339,0.011,0.007,0.873,object#17,,1,1,7,球M,1,3,"[{""name"": ""球M"", ""share"": 0.959, ""q"": 0.122, ""capture"": 1.339, ""miss_deg"": 0.0, ""labels"": [192]}, {""name"": ""石榴"", ""share"": 0.007, ""q"": 0.001, ""capture"": 0.015, ""miss_deg"": 4.34, ""labels"": [195]}, {""name"": ""香蕉"", ""share"": 0.031, ""q"": 0.004, ""capture"": 0.013, ""miss_deg"": 4.41, ""labels"": [196]}]"
2026_08_16/s4,s4,v8,,tag15,65.97,66.57,0.6,3.853,球R,193,0.68,0.087,0.953,0.687,0.471,0.872,object#17,,1,1,,,,2,"[{""name"": ""球R"", ""share"": 0.68, ""q"": 0.087, ""capture"": 0.953, ""miss_deg"": 0.46, ""labels"": [193]}, {""name"": ""石榴"", ""share"": 0.32, ""q"": 0.041, ""capture"": 0.655, ""miss_deg"": 1.38, ""labels"": [195]}]"
2026_08_16/s4,s4,v8,,tag15,66.62,66.89,0.27,3.864,石榴,195,0.549,0.078,1.259,0.512,0.749,0.857,object#10,,1,1,,,,3,"[{""name"": ""石榴"", ""share"": 0.549, ""q"": 0.078, ""capture"": 1.259, ""miss_deg"": 0.0, ""labels"": [195]}, {""name"": ""球R"", ""share"": 0.411, ""q"": 0.059, ""capture"": 0.645, ""miss_deg"": 1.4, ""labels"": [193]}, {""name"": ""球M"", ""share"": 0.041, ""q"": 0.006, ""capture"": 0.064, ""miss_deg"": 3.52, ""labels"": [192]}]"
2026_08_16/s4,s4,v8,,tag15,67.17,67.82,0.65,3.862,球M,192,0.772,0.094,1.028,0.255,0.175,0.879,object#10,,1,1,,,,3,"[{""name"": ""球M"", ""share"": 0.772, ""q"": 0.094, ""capture"": 1.028, ""miss_deg"": 0.0, ""labels"": [192]}, {""name"": ""石榴"", ""share"": 0.135, ""q"": 0.016, ""capture"": 0.262, ""miss_deg"": 2.46, ""labels"": [195]}, {""name"": ""球R"", ""share"": 0.093, ""q"": 0.011, ""capture"": 0.124, ""miss_deg"": 3.06, ""labels"": [193]}]"
2026_08_16/s4,s4,v8,,tag15,68.14,69.55,1.41,3.854,球M,192,0.831,0.089,0.979,0.173,0.118,0.893,object#17,,1,1,,,,3,"[{""name"": ""球M"", ""share"": 0.831, ""q"": 0.089, ""capture"": 0.979, ""miss_deg"": 0.31, ""labels"": [192]}, {""name"": ""石榴"", ""share"": 0.098, ""q"": 0.011, ""capture"": 0.169, ""miss_deg"": 2.83, ""labels"": [195]}, {""name"": ""球R"", ""share"": 0.071, ""q"": 0.008, ""capture"": 0.083, ""miss_deg"": 3.34, ""labels"": [193]}]"
2026_08_16/s4,s4,v8,,tag15,69.6,69.98,0.38,3.86,球M,192,0.888,0.116,1.278,0.032,0.111,0.869,object#10,,1,1,,,,3,"[{""name"": ""球M"", ""share"": 0.888, ""q"": 0.116, ""capture"": 1.278, ""miss_deg"": 0.0, ""labels"": [192]}, {""name"": ""香蕉"", ""share"": 0.099, ""q"": 0.013, ""capture"": 0.041, ""miss_deg"": 3.79, ""labels"": [196]}, {""name"": ""苹果"", ""share"": 0.012, ""q"": 0.002, ""capture"": 0.018, ""miss_deg"": 4.26, ""labels"": [194]}]"
2026_08_16/s4,s4,v8,,tag15,71.08,71.46,0.38,4.94,,-1,0.0,0.0,,,,1.0,object#31,,0,0,,,,0,[]
2026_08_16/s4,s4,v8,,tag15,72.68,73.09,0.41,3.806,球M,192,0.703,0.082,0.905,0.376,0.257,0.883,object#10,,1,1,8,球L,0,3,"[{""name"": ""球M"", ""share"": 0.703, ""q"": 0.082, ""capture"": 0.905, ""miss_deg"": 0.67, ""labels"": [192]}, {""name"": ""石榴"", ""share"": 0.181, ""q"": 0.021, ""capture"": 0.34, ""miss_deg"": 2.2, ""labels"": [195]}, {""name"": ""球R"", ""share"": 0.116, ""q"": 0.014, ""capture"": 0.149, ""miss_deg"": 2.93, ""labels"": [193]}]"
2026_08_16/s4,s4,v8,,tag15,73.94,74.52,0.58,3.881,球M,192,0.952,0.113,1.242,0.014,0.048,0.881,object#17,,1,1,8,球L,0,3,"[{""name"": ""球M"", ""share"": 0.952, ""q"": 0.113, ""capture"": 1.242, ""miss_deg"": 0.0, ""labels"": [192]}, {""name"": ""香蕉"", ""share"": 0.046, ""q"": 0.006, ""capture"": 0.017, ""miss_deg"": 4.27, ""labels"": [196]}, {""name"": ""苹果"", ""share"": 0.002, ""q"": 0.0, ""capture"": 0.003, ""miss_deg"": 5.14, ""labels"": [194]}]"
2026_08_16/s4,s4,v8,,tag15,74.63,74.92,0.29,3.834,球M,192,0.946,0.116,1.275,0.016,0.055,0.877,object#10,,1,1,8,球L,0,3,"[{""name"": ""球M"", ""share"": 0.946, ""q"": 0.116, ""capture"": 1.275, ""miss_deg"": 0.0, ""labels"": [192]}, {""name"": ""香蕉"", ""share"": 0.052, ""q"": 0.006, ""capture"": 0.02, ""miss_deg"": 4.19, ""labels"": [196]}, {""name"": ""苹果"", ""share"": 0.002, ""q"": 0.0, ""capture"": 0.002, ""miss_deg"": 5.23, ""labels"": [194]}]"
2026_08_16/s4,s4,v8,,tag15,75.47,76.52,1.05,3.787,球L,191,0.507,0.108,1.188,0.519,0.519,0.787,object#36,,1,1,8,球L,1,3,"[{""name"": ""球L"", ""share"": 0.507, ""q"": 0.108, ""capture"": 1.188, ""miss_deg"": 0.0, ""labels"": [191]}, {""name"": ""苹果"", ""share"": 0.263, ""q"": 0.056, ""capture"": 0.617, ""miss_deg"": 1.47, ""labels"": [194]}, {""name"": ""香蕉"", ""share"": 0.23, ""q"": 0.049, ""capture"": 0.155, ""miss_deg"": 2.89, ""labels"": [196]}]"
2026_08_16/s4,s4,v8,,tag15,76.63,77.62,0.99,3.75,球L,191,0.444,0.11,1.004,0.884,0.734,0.752,object#36,,0,0,8,球L,1,3,"[{""name"": ""球L"", ""share"": 0.444, ""q"": 0.11, ""capture"": 1.004, ""miss_deg"": 0.0, ""labels"": [191]}, {""name"": ""苹果"", ""share"": 0.326, ""q"": 0.081, ""capture"": 0.888, ""miss_deg"": 0.73, ""labels"": [194]}, {""name"": ""香蕉"", ""share"": 0.23, ""q"": 0.057, ""capture"": 0.181, ""miss_deg"": 2.77, ""labels"": [196]}]"
2026_08_16/s4,s4,v8,,tag15,78.1,78.86,0.76,3.766,球L,191,0.412,0.099,1.091,0.615,0.617,0.759,object#30,,1,0,,,,3,"[{""name"": ""球L"", ""share"": 0.412, ""q"": 0.099, ""capture"": 1.091, ""miss_deg"": 0.0, ""labels"": [191]}, {""name"": ""苹果"", ""share"": 0.254, ""q"": 0.061, ""capture"": 0.671, ""miss_deg"": 1.34, ""labels"": [194]}, {""name"": ""香蕉"", ""share"": 0.301, ""q"": 0.072, ""capture"": 0.23, ""miss_deg"": 2.57, ""labels"": [196]}]"
2026_08_16/s4,s4,v8,,tag15,79.64,80.11,0.47,3.758,球L,191,0.545,0.063,0.696,0.244,0.244,0.884,object#27,,1,1,9,球R,0,3,"[{""name"": ""球L"", ""share"": 0.545, ""q"": 0.063, ""capture"": 0.696, ""miss_deg"": 1.28, ""labels"": [191]}, {""name"": ""苹果"", ""share"": 0.133, ""q"": 0.015, ""capture"": 0.17, ""miss_deg"": 2.82, ""labels"": [194]}, {""name"": ""香蕉"", ""share"": 0.27, ""q"": 0.031, ""capture"": 0.099, ""miss_deg"": 3.22, ""labels"": [196]}]"
2026_08_16/s4,s4,v8,,tag15,80.32,81.26,0.94,3.786,球L,191,0.406,0.078,0.854,0.478,0.478,0.809,object#27,,1,0,9,球R,0,3,"[{""name"": ""球L"", ""share"": 0.406, ""q"": 0.078, ""capture"": 0.854, ""miss_deg"": 0.84, ""labels"": [191]}, {""name"": ""苹果"", ""share"": 0.194, ""q"": 0.037, ""capture"": 0.408, ""miss_deg"": 2.01, ""labels"": [194]}, {""name"": ""香蕉"", ""share"": 0.316, ""q"": 0.06, ""capture"": 0.191, ""miss_deg"": 2.73, ""labels"": [196]}]"
2026_08_16/s4,s4,v8,,tag15,82.19,83.76,1.57,3.831,球R,193,0.672,0.082,0.904,0.713,0.488,0.878,object#17,,1,1,9,球R,1,2,"[{""name"": ""球R"", ""share"": 0.672, ""q"": 0.082, ""capture"": 0.904, ""miss_deg"": 0.68, ""labels"": [193]}, {""name"": ""石榴"", ""share"": 0.328, ""q"": 0.04, ""capture"": 0.645, ""miss_deg"": 1.41, ""labels"": [195]}]"
2026_08_16/s4,s4,v8,,tag15,83.88,84.34,0.47,3.792,球R,193,0.67,0.087,0.951,0.623,0.493,0.871,object#17,,1,1,9,球R,1,2,"[{""name"": ""球R"", ""share"": 0.67, ""q"": 0.087, ""capture"": 0.951, ""miss_deg"": 0.48, ""labels"": [193]}, {""name"": ""石榴"", ""share"": 0.33, ""q"": 0.043, ""capture"": 0.592, ""miss_deg"": 1.54, ""labels"": [195]}]"
2026_08_16/s4,s4,v8,,tag15,84.45,84.74,0.29,3.823,球R,193,0.665,0.09,0.988,0.737,0.504,0.865,object#17,,1,1,9,球R,1,2,"[{""name"": ""球R"", ""share"": 0.665, ""q"": 0.09, ""capture"": 0.988, ""miss_deg"": 0.23, ""labels"": [193]}, {""name"": ""石榴"", ""share"": 0.335, ""q"": 0.045, ""capture"": 0.728, ""miss_deg"": 1.2, ""labels"": [195]}]"
2026_08_16/s4,s4,v8,,tag15,85.05,85.58,0.52,3.82,球R,193,0.705,0.075,0.822,0.611,0.418,0.894,object#17,,1,1,,,,2,"[{""name"": ""球R"", ""share"": 0.705, ""q"": 0.075, ""capture"": 0.822, ""miss_deg"": 0.94, ""labels"": [193]}, {""name"": ""石榴"", ""share"": 0.295, ""q"": 0.031, ""capture"": 0.502, ""miss_deg"": 1.76, ""labels"": [195]}]"
2026_08_16/s4,s4,v8,,tag15,86.15,86.85,0.7,3.831,球R,193,0.827,0.042,0.457,0.306,0.209,0.95,object#17,,1,1,,,,2,"[{""name"": ""球R"", ""share"": 0.827, ""q"": 0.042, ""capture"": 0.457, ""miss_deg"": 1.88, ""labels"": [193]}, {""name"": ""石榴"", ""share"": 0.173, ""q"": 0.009, ""capture"": 0.14, ""miss_deg"": 2.98, ""labels"": [195]}]"
2026_08_16/s4,s4,v8,,tag15,86.97,87.49,0.52,3.808,球R,193,0.819,0.044,0.483,0.323,0.221,0.946,object#17,,1,1,10,球M,0,2,"[{""name"": ""球R"", ""share"": 0.819, ""q"": 0.044, ""capture"": 0.483, ""miss_deg"": 1.81, ""labels"": [193]}, {""name"": ""石榴"", ""share"": 0.181, ""q"": 0.01, ""capture"": 0.156, ""miss_deg"": 2.89, ""labels"": [195]}]"
2026_08_16/s4,s4,v8,,tag15,87.74,88.09,0.35,3.822,球R,193,0.743,0.061,0.675,0.505,0.346,0.917,object#17,,1,1,10,球M,0,2,"[{""name"": ""球R"", ""share"": 0.743, ""q"": 0.061, ""capture"": 0.675, ""miss_deg"": 1.33, ""labels"": [193]}, {""name"": ""石榴"", ""share"": 0.257, ""q"": 0.021, ""capture"": 0.341, ""miss_deg"": 2.2, ""labels"": [195]}]"
2026_08_16/s4,s4,v8,,tag15,88.2,88.55,0.35,3.802,球R,193,0.612,0.092,1.007,0.928,0.634,0.85,object#136,,1,1,10,球M,0,2,"[{""name"": ""球R"", ""share"": 0.612, ""q"": 0.092, ""capture"": 1.007, ""miss_deg"": 0.0, ""labels"": [193]}, {""name"": ""石榴"", ""share"": 0.388, ""q"": 0.058, ""capture"": 0.934, ""miss_deg"": 0.56, ""labels"": [195]}]"
2026_08_16/s4,s4,v8,,tag15,95.13,95.51,0.39,3.733,球M,192,0.732,0.097,1.066,0.101,0.101,0.868,object#10,,1,1,11,球R,0,3,"[{""name"": ""球M"", ""share"": 0.732, ""q"": 0.097, ""capture"": 1.066, ""miss_deg"": 0.0, ""labels"": [192]}, {""name"": ""苹果"", ""share"": 0.074, ""q"": 0.01, ""capture"": 0.108, ""miss_deg"": 3.17, ""labels"": [194]}, {""name"": ""香蕉"", ""share"": 0.194, ""q"": 0.026, ""capture"": 0.081, ""miss_deg"": 3.36, ""labels"": [196]}]"
2026_08_16/s4,s4,v8,,tag15,95.9,97.47,1.57,3.849,球R,193,0.653,0.088,0.97,0.775,0.531,0.865,object#17,,1,1,11,球R,1,2,"[{""name"": ""球R"", ""share"": 0.653, ""q"": 0.088, ""capture"": 0.97, ""miss_deg"": 0.37, ""labels"": [193]}, {""name"": ""石榴"", ""share"": 0.347, ""q"": 0.047, ""capture"": 0.752, ""miss_deg"": 1.13, ""labels"": [195]}]"
2026_08_16/s4,s4,v8,,tag15,97.71,102.7,4.98,3.805,球R,193,0.667,0.088,0.97,0.73,0.499,0.868,object#17,,1,1,11,球R,1,2,"[{""name"": ""球R"", ""share"": 0.667, ""q"": 0.088, ""capture"": 0.97, ""miss_deg"": 0.37, ""labels"": [193]}, {""name"": ""石榴"", ""share"": 0.333, ""q"": 0.044, ""capture"": 0.708, ""miss_deg"": 1.25, ""labels"": [195]}]"
2026_08_16/s4,s4,v8,,tag15,103.11,106.74,3.63,3.925,球R,193,0.652,0.087,0.953,0.781,0.534,0.867,object#17,,1,1,12,球R,1,2,"[{""name"": ""球R"", ""share"": 0.652, ""q"": 0.087, ""capture"": 0.953, ""miss_deg"": 0.46, ""labels"": [193]}, {""name"": ""石榴"", ""share"": 0.348, ""q"": 0.046, ""capture"": 0.744, ""miss_deg"": 1.15, ""labels"": [195]}]"
2026_08_16/s4,s4,v8,,tag15,106.8,107.17,0.38,3.825,球R,193,0.514,0.059,0.652,0.942,0.644,0.885,object#17,,1,1,,,,3,"[{""name"": ""球R"", ""share"": 0.514, ""q"": 0.059, ""capture"": 0.652, ""miss_deg"": 1.39, ""labels"": [193]}, {""name"": ""石榴"", ""share"": 0.331, ""q"": 0.038, ""capture"": 0.614, ""miss_deg"": 1.48, ""labels"": [195]}, {""name"": ""球M"", ""share"": 0.155, ""q"": 0.018, ""capture"": 0.196, ""miss_deg"": 2.71, ""labels"": [192]}]"
2026_08_16/s4,s4,v8,,tag15,107.23,109.72,2.49,3.835,球R,193,0.694,0.079,0.872,0.643,0.441,0.886,object#17,,1,1,,,,2,"[{""name"": ""球R"", ""share"": 0.694, ""q"": 0.079, ""capture"": 0.872, ""miss_deg"": 0.79, ""labels"": [193]}, {""name"": ""石榴"", ""share"": 0.306, ""q"": 0.035, ""capture"": 0.561, ""miss_deg"": 1.61, ""labels"": [195]}]"
2026_08_16/s4,s4,v8,,tag15,110.28,112.5,2.22,3.819,球M,192,0.945,0.126,1.387,0.054,0.037,0.866,object#10,,1,1,13,球M,1,3,"[{""name"": ""球M"", ""share"": 0.945, ""q"": 0.126, ""capture"": 1.387, ""miss_deg"": 0.0, ""labels"": [192]}, {""name"": ""石榴"", ""share"": 0.035, ""q"": 0.005, ""capture"": 0.075, ""miss_deg"": 3.42, ""labels"": [195]}, {""name"": ""球R"", ""share"": 0.007, ""q"": 0.001, ""capture"": 0.01, ""miss_deg"": 4.57, ""labels"": [193]}]"
2026_08_16/s4,s4,v8,,tag15,112.67,116.08,3.41,3.829,球M,192,0.956,0.128,1.411,0.045,0.03,0.866,object#10,,1,1,13,球M,1,3,"[{""name"": ""球M"", ""share"": 0.956, ""q"": 0.128, ""capture"": 1.411, ""miss_deg"": 0.0, ""labels"": [192]}, {""name"": ""石榴"", ""share"": 0.029, ""q"": 0.004, ""capture"": 0.064, ""miss_deg"": 3.52, ""labels"": [195]}, {""name"": ""香蕉"", ""share"": 0.015, ""q"": 0.002, ""capture"": 0.006, ""miss_deg"": 4.77, ""labels"": [196]}]"
2026_08_16/s4,s4,v8,,tag15,116.41,117.17,0.76,3.818,球M,192,0.894,0.125,1.371,0.031,0.106,0.86,object#10,,1,1,14,球L,0,3,"[{""name"": ""球M"", ""share"": 0.894, ""q"": 0.125, ""capture"": 1.371, ""miss_deg"": 0.0, ""labels"": [192]}, {""name"": ""香蕉"", ""share"": 0.095, ""q"": 0.013, ""capture"": 0.042, ""miss_deg"": 3.77, ""labels"": [196]}, {""name"": ""苹果"", ""share"": 0.011, ""q"": 0.002, ""capture"": 0.017, ""miss_deg"": 4.29, ""labels"": [194]}]"
2026_08_16/s4,s4,v8,,tag15,117.45,121.02,3.57,3.758,球L,191,0.479,0.111,1.219,0.535,0.534,0.768,object#36,,1,0,14,球L,1,3,"[{""name"": ""球L"", ""share"": 0.479, ""q"": 0.111, ""capture"": 1.219, ""miss_deg"": 0.0, ""labels"": [191]}, {""name"": ""苹果"", ""share"": 0.256, ""q"": 0.059, ""capture"": 0.652, ""miss_deg"": 1.39, ""labels"": [194]}, {""name"": ""香蕉"", ""share"": 0.266, ""q"": 0.062, ""capture"": 0.195, ""miss_deg"": 2.71, ""labels"": [196]}]"
2026_08_16/s4,s4,v8,,tag15,121.08,121.89,0.81,3.788,球L,191,0.368,0.072,0.789,0.517,0.519,0.805,object#17,,1,0,,,,3,"[{""name"": ""球L"", ""share"": 0.368, ""q"": 0.072, ""capture"": 0.789, ""miss_deg"": 1.03, ""labels"": [191]}, {""name"": ""苹果"", ""share"": 0.191, ""q"": 0.037, ""capture"": 0.408, ""miss_deg"": 2.01, ""labels"": [194]}, {""name"": ""球M"", ""share"": 0.117, ""q"": 0.023, ""capture"": 0.25, ""miss_deg"": 2.5, ""labels"": [192]}]"
2026_08_16/s4,s4,v8,,tag15,122.08,122.68,0.6,3.791,球L,191,0.313,0.067,0.735,0.635,0.636,0.786,object#17,,0,0,15,球L,1,3,"[{""name"": ""球L"", ""share"": 0.313, ""q"": 0.067, ""capture"": 0.735, ""miss_deg"": 1.18, ""labels"": [191]}, {""name"": ""苹果"", ""share"": 0.199, ""q"": 0.043, ""capture"": 0.467, ""miss_deg"": 1.85, ""labels"": [194]}, {""name"": ""球M"", ""share"": 0.175, ""q"": 0.037, ""capture"": 0.41, ""miss_deg"": 2.0, ""labels"": [192]}]"
2026_08_16/s4,s4,v8,,tag15,122.73,123.11,0.38,3.767,球L,191,0.48,0.104,1.143,0.512,0.513,0.783,object#36,,1,0,15,球L,1,3,"[{""name"": ""球L"", ""share"": 0.48, ""q"": 0.104, ""capture"": 1.143, ""miss_deg"": 0.0, ""labels"": [191]}, {""name"": ""苹果"", ""share"": 0.246, ""q"": 0.053, ""capture"": 0.585, ""miss_deg"": 1.55, ""labels"": [194]}, {""name"": ""香蕉"", ""share"": 0.269, ""q"": 0.058, ""capture"": 0.185, ""miss_deg"": 2.76, ""labels"": [196]}]"
2026_08_16/s4,s4,v8,,tag15,123.44,124.14,0.7,3.722,球L,191,0.429,0.101,0.922,0.811,0.674,0.764,object#36,,1,0,15,球L,1,3,"[{""name"": ""球L"", ""share"": 0.429, ""q"": 0.101, ""capture"": 0.922, ""miss_deg"": 0.6, ""labels"": [191]}, {""name"": ""苹果"", ""share"": 0.289, ""q"": 0.068, ""capture"": 0.748, ""miss_deg"": 1.14, ""labels"": [194]}, {""name"": ""香蕉"", ""share"": 0.283, ""q"": 0.067, ""capture"": 0.207, ""miss_deg"": 2.66, ""labels"": [196]}]"
2026_08_16/s4,s4,v8,,tag15,124.62,128.68,4.06,3.768,球L,191,0.519,0.114,1.254,0.452,0.453,0.78,object#36,,1,1,15,球L,1,3,"[{""name"": ""球L"", ""share"": 0.519, ""q"": 0.114, ""capture"": 1.254, ""miss_deg"": 0.0, ""labels"": [191]}, {""name"": ""苹果"", ""share"": 0.235, ""q"": 0.052, ""capture"": 0.567, ""miss_deg"": 1.6, ""labels"": [194]}, {""name"": ""香蕉"", ""share"": 0.246, ""q"": 0.054, ""capture"": 0.171, ""miss_deg"": 2.82, ""labels"": [196]}]"
2026_08_16/s4,s4,v8,,tag15,128.73,129.0,0.27,3.815,球M,192,0.343,0.063,0.694,0.514,0.513,0.816,object#17,,0,0,,,,3,"[{""name"": ""球M"", ""share"": 0.343, ""q"": 0.063, ""capture"": 0.694, ""miss_deg"": 1.28, ""labels"": [192]}, {""name"": ""球L"", ""share"": 0.176, ""q"": 0.032, ""capture"": 0.357, ""miss_deg"": 2.15, ""labels"": [191]}, {""name"": ""苹果"", ""share"": 0.165, ""q"": 0.03, ""capture"": 0.335, ""miss_deg"": 2.22, ""labels"": [194]}]"
2026_08_16/s4,s4,v8,,tag15,129.06,131.55,2.49,3.766,球L,191,0.453,0.095,1.039,0.487,0.486,0.791,object#36,,1,0,,,,3,"[{""name"": ""球L"", ""share"": 0.453, ""q"": 0.095, ""capture"": 1.039, ""miss_deg"": 0.0, ""labels"": [191]}, {""name"": ""苹果"", ""share"": 0.22, ""q"": 0.046, ""capture"": 0.506, ""miss_deg"": 1.75, ""labels"": [194]}, {""name"": ""香蕉"", ""share"": 0.304, ""q"": 0.063, ""capture"": 0.201, ""miss_deg"": 2.69, ""labels"": [196]}]"
2026_08_16/s4,s4,v8,,tag15,132.41,132.73,0.32,4.051,,-1,0.0,0.0,,,,1.0,object#14,,0,0,,,,0,[]
2026_08_16/s6,s6,v8,,tag15,10.95,11.22,0.27,3.796,球M,192,0.605,0.041,0.446,0.428,0.428,0.933,object#17,,1,1,,,,3,"[{""name"": ""球M"", ""share"": 0.605, ""q"": 0.041, ""capture"": 0.446, ""miss_deg"": 1.91, ""labels"": [192]}, {""name"": ""球R"", ""share"": 0.259, ""q"": 0.017, ""capture"": 0.191, ""miss_deg"": 2.73, ""labels"": [193]}, {""name"": ""石榴"", ""share"": 0.136, ""q"": 0.009, ""capture"": 0.146, ""miss_deg"": 2.94, ""labels"": [195]}]"
2026_08_16/s6,s6,v8,,tag15,13.6,13.98,0.38,4.308,球M,192,0.461,0.053,0.738,0.822,0.601,0.885,object#17,,1,0,,,,3,"[{""name"": ""球M"", ""share"": 0.461, ""q"": 0.053, ""capture"": 0.738, ""miss_deg"": 1.17, ""labels"": [192]}, {""name"": ""石榴"", ""share"": 0.277, ""q"": 0.032, ""capture"": 0.607, ""miss_deg"": 1.5, ""labels"": [195]}, {""name"": ""球R"", ""share"": 0.261, ""q"": 0.03, ""capture"": 0.482, ""miss_deg"": 1.81, ""labels"": [193]}]"
2026_08_16/s6,s6,v8,,tag15,14.04,14.42,0.38,4.35,球R,193,0.826,0.042,0.676,0.25,0.211,0.949,object#17,,1,1,,,,2,"[{""name"": ""球R"", ""share"": 0.826, ""q"": 0.042, ""capture"": 0.676, ""miss_deg"": 1.33, ""labels"": [193]}, {""name"": ""石榴"", ""share"": 0.174, ""q"": 0.009, ""capture"": 0.169, ""miss_deg"": 2.83, ""labels"": [195]}]"
2026_08_16/s6,s6,v8,,tag15,14.63,15.01,0.38,4.398,球M,192,0.897,0.045,0.627,0.077,0.066,0.95,object#17,,1,1,,,,3,"[{""name"": ""球M"", ""share"": 0.897, ""q"": 0.045, ""capture"": 0.627, ""miss_deg"": 1.45, ""labels"": [192]}, {""name"": ""球R"", ""share"": 0.059, ""q"": 0.003, ""capture"": 0.048, ""miss_deg"": 3.7, ""labels"": [193]}, {""name"": ""石榴"", ""share"": 0.032, ""q"": 0.002, ""capture"": 0.031, ""miss_deg"": 3.96, ""labels"": [195]}]"
2026_08_16/s6,s6,v8,,tag15,15.06,15.44,0.38,4.498,球R,193,0.68,0.027,0.508,0.285,0.285,0.961,object#17,,1,1,,,,3,"[{""name"": ""球R"", ""share"": 0.68, ""q"": 0.027, ""capture"": 0.508, ""miss_deg"": 1.75, ""labels"": [193]}, {""name"": ""石榴"", ""share"": 0.194, ""q"": 0.008, ""capture"": 0.145, ""miss_deg"": 2.95, ""labels"": [195]}, {""name"": ""球M"", ""share"": 0.127, ""q"": 0.005, ""capture"": 0.08, ""miss_deg"": 3.37, ""labels"": [192]}]"
2026_08_16/s6,s6,v8,,tag15,15.5,15.77,0.27,4.516,球M,192,0.591,0.04,0.645,0.44,0.372,0.932,object#17,,1,1,,,,3,"[{""name"": ""球M"", ""share"": 0.591, ""q"": 0.04, ""capture"": 0.645, ""miss_deg"": 1.4, ""labels"": [192]}, {""name"": ""球R"", ""share"": 0.22, ""q"": 0.015, ""capture"": 0.284, ""miss_deg"": 2.38, ""labels"": [193]}, {""name"": ""石榴"", ""share"": 0.189, ""q"": 0.013, ""capture"": 0.245, ""miss_deg"": 2.52, ""labels"": [195]}]"
2026_08_16/s6,s6,v8,,tag15,15.82,16.25,0.43,4.41,球L,191,0.724,0.057,0.795,0.22,0.191,0.921,object#27,,1,1,,,,3,"[{""name"": ""球L"", ""share"": 0.724, ""q"": 0.057, ""capture"": 0.795, ""miss_deg"": 1.02, ""labels"": [191]}, {""name"": ""球M"", ""share"": 0.138, ""q"": 0.011, ""capture"": 0.175, ""miss_deg"": 2.8, ""labels"": [192]}, {""name"": ""苹果"", ""share"": 0.066, ""q"": 0.005, ""capture"": 0.1, ""miss_deg"": 3.22, ""labels"": [194]}]"
2026_08_16/s6,s6,v8,,tag15,16.58,17.55,0.97,4.498,球M,192,0.689,0.09,1.452,0.369,0.312,0.869,object#17,,1,1,,,,3,"[{""name"": ""球M"", ""share"": 0.689, ""q"": 0.09, ""capture"": 1.452, ""miss_deg"": 0.0, ""labels"": [192]}, {""name"": ""石榴"", ""share"": 0.215, ""q"": 0.028, ""capture"": 0.536, ""miss_deg"": 1.67, ""labels"": [195]}, {""name"": ""球R"", ""share"": 0.084, ""q"": 0.011, ""capture"": 0.21, ""miss_deg"": 2.65, ""labels"": [193]}]"
2026_08_16/s6,s6,v8,,tag15,17.79,18.06,0.27,4.449,球M,192,0.491,0.064,1.021,0.636,0.733,0.87,object#10,,1,0,,,,3,"[{""name"": ""球M"", ""share"": 0.491, ""q"": 0.064, ""capture"": 1.021, ""miss_deg"": 0.0, ""labels"": [192]}, {""name"": ""球L"", ""share"": 0.36, ""q"": 0.047, ""capture"": 0.649, ""miss_deg"": 1.4, ""labels"": [191]}, {""name"": ""石榴"", ""share"": 0.078, ""q"": 0.01, ""capture"": 0.193, ""miss_deg"": 2.72, ""labels"": [195]}]"
2026_08_16/s6,s6,v8,,tag15,18.11,18.71,0.6,4.441,球M,192,0.719,0.093,1.496,0.347,0.292,0.87,object#17,,1,1,,,,3,"[{""name"": ""球M"", ""share"": 0.719, ""q"": 0.093, ""capture"": 1.496, ""miss_deg"": 0.0, ""labels"": [192]}, {""name"": ""石榴"", ""share"": 0.21, ""q"": 0.027, ""capture"": 0.519, ""miss_deg"": 1.72, ""labels"": [195]}, {""name"": ""球R"", ""share"": 0.05, ""q"": 0.006, ""capture"": 0.122, ""miss_deg"": 3.07, ""labels"": [193]}]"
2026_08_16/s6,s6,v8,,tag15,18.76,19.09,0.33,4.461,球M,192,0.611,0.081,1.295,0.346,0.399,0.868,object#10,,1,1,,,,3,"[{""name"": ""球M"", ""share"": 0.611, ""q"": 0.081, ""capture"": 1.295, ""miss_deg"": 0.0, ""labels"": [192]}, {""name"": ""球L"", ""share"": 0.244, ""q"": 0.032, ""capture"": 0.448, ""miss_deg"": 1.9, ""labels"": [191]}, {""name"": ""石榴"", ""share"": 0.098, ""q"": 0.013, ""capture"": 0.246, ""miss_deg"": 2.51, ""labels"": [195]}]"
2026_08_16/s6,s6,v8,,tag15,19.15,20.07,0.92,4.55,球M,192,0.702,0.101,1.618,0.347,0.293,0.856,object#17,,1,1,,,,3,"[{""name"": ""球M"", ""share"": 0.702, ""q"": 0.101, ""capture"": 1.618, ""miss_deg"": 0.0, ""labels"": [192]}, {""name"": ""石榴"", ""share"": 0.206, ""q"": 0.03, ""capture"": 0.561, ""miss_deg"": 1.61, ""labels"": [195]}, {""name"": ""球R"", ""share"": 0.08, ""q"": 0.012, ""capture"": 0.219, ""miss_deg"": 2.62, ""labels"": [193]}]"
2026_08_16/s6,s6,v8,,tag15,20.34,21.37,1.03,4.446,球L,191,0.637,0.063,0.882,0.312,0.27,0.9,object#27,,1,1,,,,3,"[{""name"": ""球L"", ""share"": 0.637, ""q"": 0.063, ""capture"": 0.882, ""miss_deg"": 0.75, ""labels"": [191]}, {""name"": ""球M"", ""share"": 0.172, ""q"": 0.017, ""capture"": 0.275, ""miss_deg"": 2.41, ""labels"": [192]}, {""name"": ""苹果"", ""share"": 0.063, ""q"": 0.006, ""capture"": 0.118, ""miss_deg"": 3.1, ""labels"": [194]}]"
2026_08_16/s6,s6,v8,,tag15,21.66,25.12,3.47,4.429,球L,191,0.669,0.049,0.683,0.283,0.245,0.927,object#27,,1,1,1,球L,1,3,"[{""name"": ""球L"", ""share"": 0.669, ""q"": 0.049, ""capture"": 0.683, ""miss_deg"": 1.31, ""labels"": [191]}, {""name"": ""球M"", ""share"": 0.164, ""q"": 0.012, ""capture"": 0.193, ""miss_deg"": 2.72, ""labels"": [192]}, {""name"": ""苹果"", ""share"": 0.056, ""q"": 0.004, ""capture"": 0.078, ""miss_deg"": 3.39, ""labels"": [194]}]"
2026_08_16/s6,s6,v8,,tag15,25.18,26.22,1.04,4.436,球L,191,0.586,0.081,1.124,0.434,0.377,0.862,object#10,,1,1,1,球L,1,3,"[{""name"": ""球L"", ""share"": 0.586, ""q"": 0.081, ""capture"": 1.124, ""miss_deg"": 0.0, ""labels"": [191]}, {""name"": ""球M"", ""share"": 0.221, ""q"": 0.03, ""capture"": 0.488, ""miss_deg"": 1.8, ""labels"": [192]}, {""name"": ""苹果"", ""share"": 0.06, ""q"": 0.008, ""capture"": 0.158, ""miss_deg"": 2.88, ""labels"": [194]}]"
2026_08_16/s6,s6,v8,,tag15,27.27,29.6,2.33,4.492,球M,192,0.767,0.062,0.997,0.243,0.205,0.919,object#17,,1,1,,,,3,"[{""name"": ""球M"", ""share"": 0.767, ""q"": 0.062, ""capture"": 0.997, ""miss_deg"": 0.12, ""labels"": [192]}, {""name"": ""石榴"", ""share"": 0.157, ""q"": 0.013, ""capture"": 0.242, ""miss_deg"": 2.53, ""labels"": [195]}, {""name"": ""球R"", ""share"": 0.06, ""q"": 0.005, ""capture"": 0.092, ""miss_deg"": 3.28, ""labels"": [193]}]"
2026_08_16/s6,s6,v8,,tag15,29.84,30.92,1.08,4.569,球M,192,0.745,0.061,0.971,0.256,0.216,0.919,object#17,,1,1,2,球M,1,3,"[{""name"": ""球M"", ""share"": 0.745, ""q"": 0.061, ""capture"": 0.971, ""miss_deg"": 0.36, ""labels"": [192]}, {""name"": ""石榴"", ""share"": 0.161, ""q"": 0.013, ""capture"": 0.249, ""miss_deg"": 2.5, ""labels"": [195]}, {""name"": ""球R"", ""share"": 0.08, ""q"": 0.007, ""capture"": 0.124, ""miss_deg"": 3.07, ""labels"": [193]}]"
2026_08_16/s6,s6,v8,,tag15,30.97,32.11,1.14,4.531,球M,192,0.745,0.038,0.617,0.25,0.211,0.948,object#17,,1,1,2,球M,1,3,"[{""name"": ""球M"", ""share"": 0.745, ""q"": 0.038, ""capture"": 0.617, ""miss_deg"": 1.47, ""labels"": [192]}, {""name"": ""球R"", ""share"": 0.157, ""q"": 0.008, ""capture"": 0.154, ""miss_deg"": 2.9, ""labels"": [193]}, {""name"": ""石榴"", ""share"": 0.098, ""q"": 0.005, ""capture"": 0.097, ""miss_deg"": 3.24, ""labels"": [195]}]"
2026_08_16/s6,s6,v8,,tag15,32.17,32.65,0.49,4.456,球M,192,0.82,0.057,0.914,0.136,0.115,0.931,object#17,,1,1,2,球M,1,3,"[{""name"": ""球M"", ""share"": 0.82, ""q"": 0.057, ""capture"": 0.914, ""miss_deg"": 0.64, ""labels"": [192]}, {""name"": ""石榴"", ""share"": 0.094, ""q"": 0.007, ""capture"": 0.124, ""miss_deg"": 3.07, ""labels"": [195]}, {""name"": ""球L"", ""share"": 0.05, ""q"": 0.004, ""capture"": 0.049, ""miss_deg"": 3.69, ""labels"": [191]}]"
2026_08_16/s6,s6,v8,,tag15,32.71,33.36,0.65,4.591,球M,192,0.494,0.023,0.363,0.848,0.717,0.954,object#17,,1,0,2,球M,1,3,"[{""name"": ""球M"", ""share"": 0.494, ""q"": 0.023, ""capture"": 0.363, ""miss_deg"": 2.14, ""labels"": [192]}, {""name"": ""球R"", ""share"": 0.354, ""q"": 0.016, ""capture"": 0.308, ""miss_deg"": 2.3, ""labels"": [193]}, {""name"": ""石榴"", ""share"": 0.153, ""q"": 0.007, ""capture"": 0.133, ""miss_deg"": 3.01, ""labels"": [195]}]"
2026_08_16/s6,s6,v8,,tag15,33.41,33.68,0.27,4.529,球M,192,0.922,0.033,0.536,0.076,0.064,0.964,object#17,,1,1,2,球M,1,3,"[{""name"": ""球M"", ""share"": 0.922, ""q"": 0.033, ""capture"": 0.536, ""miss_deg"": 1.68, ""labels"": [192]}, {""name"": ""球R"", ""share"": 0.059, ""q"": 0.002, ""capture"": 0.041, ""miss_deg"": 3.8, ""labels"": [193]}, {""name"": ""球L"", ""share"": 0.019, ""q"": 0.001, ""capture"": 0.011, ""miss_deg"": 4.51, ""labels"": [191]}]"
2026_08_16/s6,s6,v8,,tag15,34.15,34.42,0.27,4.58,球R,193,0.536,0.013,0.255,0.596,0.705,0.975,object#17,,1,1,,,,3,"[{""name"": ""球R"", ""share"": 0.536, ""q"": 0.013, ""capture"": 0.255, ""miss_deg"": 2.48, ""labels"": [193]}, {""name"": ""球M"", ""share"": 0.378, ""q"": 0.009, ""capture"": 0.152, ""miss_deg"": 2.91, ""labels"": [192]}, {""name"": ""石榴"", ""share"": 0.085, ""q"": 0.002, ""capture"": 0.041, ""miss_deg"": 3.8, ""labels"": [195]}]"
2026_08_16/s6,s6,v8,,tag15,34.47,36.37,1.9,4.567,球R,193,0.626,0.035,0.657,0.327,0.326,0.945,object#17,,1,1,,,,3,"[{""name"": ""球R"", ""share"": 0.626, ""q"": 0.035, ""capture"": 0.657, ""miss_deg"": 1.38, ""labels"": [193]}, {""name"": ""石榴"", ""share"": 0.204, ""q"": 0.011, ""capture"": 0.215, ""miss_deg"": 2.63, ""labels"": [195]}, {""name"": ""球M"", ""share"": 0.17, ""q"": 0.009, ""capture"": 0.151, ""miss_deg"": 2.92, ""labels"": [192]}]"
2026_08_16/s6,s6,v8,,tag15,36.64,39.34,2.71,4.561,球R,193,0.708,0.021,0.398,0.239,0.237,0.97,object#17,,1,1,3,球R,1,3,"[{""name"": ""球R"", ""share"": 0.708, ""q"": 0.021, ""capture"": 0.398, ""miss_deg"": 2.03, ""labels"": [193]}, {""name"": ""石榴"", ""share"": 0.168, ""q"": 0.005, ""capture"": 0.095, ""miss_deg"": 3.26, ""labels"": [195]}, {""name"": ""球M"", ""share"": 0.124, ""q"": 0.004, ""capture"": 0.059, ""miss_deg"": 3.57, ""labels"": [192]}]"
2026_08_16/s6,s6,v8,,tag15,39.62,42.76,3.14,4.598,球R,193,0.854,0.002,0.046,0.152,0.171,0.997,object#17,,0,0,3,球R,1,2,"[{""name"": ""球R"", ""share"": 0.854, ""q"": 0.002, ""capture"": 0.046, ""miss_deg"": 3.73, ""labels"": [193]}, {""name"": ""球M"", ""share"": 0.146, ""q"": 0.0, ""capture"": 0.007, ""miss_deg"": 4.75, ""labels"": [192]}]"
2026_08_16/s6,s6,v8,,tag15,42.81,43.35,0.54,4.545,球R,193,0.745,0.03,0.577,0.305,0.306,0.959,object#17,,1,1,4,球R,1,3,"[{""name"": ""球R"", ""share"": 0.745, ""q"": 0.03, ""capture"": 0.577, ""miss_deg"": 1.57, ""labels"": [193]}, {""name"": ""石榴"", ""share"": 0.228, ""q"": 0.009, ""capture"": 0.176, ""miss_deg"": 2.79, ""labels"": [195]}, {""name"": ""球M"", ""share"": 0.028, ""q"": 0.001, ""capture"": 0.018, ""miss_deg"": 4.25, ""labels"": [192]}]"
2026_08_16/s6,s6,v8,,tag15,43.79,45.41,1.62,4.556,球R,193,0.723,0.025,0.478,0.297,0.296,0.965,object#17,,1,1,4,球R,1,3,"[{""name"": ""球R"", ""share"": 0.723, ""q"": 0.025, ""capture"": 0.478, ""miss_deg"": 1.82, ""labels"": [193]}, {""name"": ""石榴"", ""share"": 0.214, ""q"": 0.007, ""capture"": 0.142, ""miss_deg"": 2.97, ""labels"": [195]}, {""name"": ""球M"", ""share"": 0.063, ""q"": 0.002, ""capture"": 0.035, ""miss_deg"": 3.88, ""labels"": [192]}]"
2026_08_16/s6,s6,v8,,tag15,45.92,47.54,1.62,4.517,球R,193,0.623,0.025,0.479,0.384,0.382,0.959,object#17,,1,1,4,球R,1,3,"[{""name"": ""球R"", ""share"": 0.623, ""q"": 0.025, ""capture"": 0.479, ""miss_deg"": 1.82, ""labels"": [193]}, {""name"": ""石榴"", ""share"": 0.238, ""q"": 0.01, ""capture"": 0.184, ""miss_deg"": 2.76, ""labels"": [195]}, {""name"": ""球M"", ""share"": 0.139, ""q"": 0.006, ""capture"": 0.09, ""miss_deg"": 3.29, ""labels"": [192]}]"
2026_08_16/s6,s6,v8,,tag15,47.99,52.01,4.01,4.46,球M,192,0.747,0.081,1.301,0.272,0.23,0.891,object#17,,1,1,5,球M,1,3,"[{""name"": ""球M"", ""share"": 0.747, ""q"": 0.081, ""capture"": 1.301, ""miss_deg"": 0.0, ""labels"": [192]}, {""name"": ""石榴"", ""share"": 0.172, ""q"": 0.019, ""capture"": 0.354, ""miss_deg"": 2.16, ""labels"": [195]}, {""name"": ""球R"", ""share"": 0.04, ""q"": 0.004, ""capture"": 0.082, ""miss_deg"": 3.35, ""labels"": [193]}]"
2026_08_16/s6,s6,v8,,tag15,52.06,54.66,2.6,4.464,球M,192,0.727,0.081,1.297,0.311,0.263,0.889,object#17,,1,1,5,球M,1,3,"[{""name"": ""球M"", ""share"": 0.727, ""q"": 0.081, ""capture"": 1.297, ""miss_deg"": 0.0, ""labels"": [192]}, {""name"": ""石榴"", ""share"": 0.191, ""q"": 0.021, ""capture"": 0.404, ""miss_deg"": 2.02, ""labels"": [195]}, {""name"": ""球R"", ""share"": 0.067, ""q"": 0.007, ""capture"": 0.142, ""miss_deg"": 2.96, ""labels"": [193]}]"
2026_08_16/s6,s6,v8,,tag15,54.94,55.59,0.65,4.643,球R,193,0.502,0.014,0.27,0.767,0.906,0.972,object#17,,1,1,,,,3,"[{""name"": ""球R"", ""share"": 0.502, ""q"": 0.014, ""capture"": 0.27, ""miss_deg"": 2.43, ""labels"": [193]}, {""name"": ""球M"", ""share"": 0.455, ""q"": 0.013, ""capture"": 0.207, ""miss_deg"": 2.66, ""labels"": [192]}, {""name"": ""石榴"", ""share"": 0.043, ""q"": 0.001, ""capture"": 0.023, ""miss_deg"": 4.11, ""labels"": [195]}]"
2026_08_16/s6,s6,v8,,tag15,55.86,60.19,4.33,4.562,球R,193,0.526,0.023,0.432,0.431,0.511,0.957,object#17,,1,1,6,球R,1,3,"[{""name"": ""球R"", ""share"": 0.526, ""q"": 0.023, ""capture"": 0.432, ""miss_deg"": 1.94, ""labels"": [193]}, {""name"": ""球M"", ""share"": 0.269, ""q"": 0.012, ""capture"": 0.186, ""miss_deg"": 2.75, ""labels"": [192]}, {""name"": ""石榴"", ""share"": 0.205, ""q"": 0.009, ""capture"": 0.168, ""miss_deg"": 2.83, ""labels"": [195]}]"
2026_08_16/s6,s6,v8,,tag15,60.25,60.95,0.7,4.519,球M,192,0.665,0.081,1.292,0.397,0.335,0.879,object#17,,1,1,6,球R,0,3,"[{""name"": ""球M"", ""share"": 0.665, ""q"": 0.081, ""capture"": 1.292, ""miss_deg"": 0.0, ""labels"": [192]}, {""name"": ""石榴"", ""share"": 0.223, ""q"": 0.027, ""capture"": 0.513, ""miss_deg"": 1.73, ""labels"": [195]}, {""name"": ""球R"", ""share"": 0.112, ""q"": 0.014, ""capture"": 0.258, ""miss_deg"": 2.47, ""labels"": [193]}]"
2026_08_16/s6,s6,v8,,tag15,61.01,62.09,1.08,4.523,球R,193,0.427,0.041,0.777,0.62,0.621,0.904,object#17,,1,0,,,,3,"[{""name"": ""球R"", ""share"": 0.427, ""q"": 0.041, ""capture"": 0.777, ""miss_deg"": 1.07, ""labels"": [193]}, {""name"": ""石榴"", ""share"": 0.265, ""q"": 0.025, ""capture"": 0.482, ""miss_deg"": 1.81, ""labels"": [195]}, {""name"": ""球M"", ""share"": 0.308, ""q"": 0.029, ""capture"": 0.473, ""miss_deg"": 1.84, ""labels"": [192]}]"
2026_08_16/s6,s6,v8,,tag15,62.14,64.2,2.06,4.616,球R,193,0.462,0.036,0.683,0.548,0.649,0.922,object#17,,1,0,,,,3,"[{""name"": ""球R"", ""share"": 0.462, ""q"": 0.036, ""capture"": 0.683, ""miss_deg"": 1.31, ""labels"": [193]}, {""name"": ""球M"", ""share"": 0.3, ""q"": 0.023, ""capture"": 0.374, ""miss_deg"": 2.1, ""labels"": [192]}, {""name"": ""石榴"", ""share"": 0.239, ""q"": 0.019, ""capture"": 0.353, ""miss_deg"": 2.16, ""labels"": [195]}]"
2026_08_16/s6,s6,v8,,tag15,65.04,66.23,1.19,4.636,球R,193,0.543,0.033,0.618,0.43,0.429,0.94,object#17,,1,1,7,球R,1,3,"[{""name"": ""球R"", ""share"": 0.543, ""q"": 0.033, ""capture"": 0.618, ""miss_deg"": 1.47, ""labels"": [193]}, {""name"": ""石榴"", ""share"": 0.233, ""q"": 0.014, ""capture"": 0.266, ""miss_deg"": 2.44, ""labels"": [195]}, {""name"": ""球M"", ""share"": 0.224, ""q"": 0.013, ""capture"": 0.215, ""miss_deg"": 2.63, ""labels"": [192]}]"
2026_08_16/s6,s6,v8,,tag15,66.34,67.97,1.62,4.554,球R,193,0.629,0.025,0.474,0.401,0.401,0.96,object#17,,1,1,7,球R,1,3,"[{""name"": ""球R"", ""share"": 0.629, ""q"": 0.025, ""capture"": 0.474, ""miss_deg"": 1.83, ""labels"": [193]}, {""name"": ""石榴"", ""share"": 0.252, ""q"": 0.01, ""capture"": 0.19, ""miss_deg"": 2.74, ""labels"": [195]}, {""name"": ""球M"", ""share"": 0.119, ""q"": 0.005, ""capture"": 0.076, ""miss_deg"": 3.41, ""labels"": [192]}]"
2026_08_16/s6,s6,v8,,tag15,68.29,68.67,0.38,4.562,球M,192,0.807,0.046,0.744,0.133,0.113,0.943,object#17,,1,1,,,,3,"[{""name"": ""球M"", ""share"": 0.807, ""q"": 0.046, ""capture"": 0.744, ""miss_deg"": 1.15, ""labels"": [192]}, {""name"": ""球R"", ""share"": 0.091, ""q"": 0.005, ""capture"": 0.099, ""miss_deg"": 3.22, ""labels"": [193]}, {""name"": ""石榴"", ""share"": 0.086, ""q"": 0.005, ""capture"": 0.094, ""miss_deg"": 3.26, ""labels"": [195]}]"
2026_08_16/s6,s6,v8,,tag15,73.49,73.76,0.27,7.077,石榴,195,0.641,0.009,0.388,0.32,0.32,0.986,object#40,,1,1,,,,3,"[{""name"": ""石榴"", ""share"": 0.641, ""q"": 0.009, ""capture"": 0.388, ""miss_deg"": 2.06, ""labels"": [195]}, {""name"": ""球M"", ""share"": 0.205, ""q"": 0.003, ""capture"": 0.124, ""miss_deg"": 3.06, ""labels"": [192]}, {""name"": ""苹果"", ""share"": 0.032, ""q"": 0.0, ""capture"": 0.019, ""miss_deg"": 4.22, ""labels"": [194]}]"
2026_08_16/s6,s6,v8,,tag15,74.61,75.09,0.49,4.461,球L,191,0.874,0.037,0.518,0.097,0.084,0.957,object#90,,1,1,,,,3,"[{""name"": ""球L"", ""share"": 0.874, ""q"": 0.037, ""capture"": 0.518, ""miss_deg"": 1.72, ""labels"": [191]}, {""name"": ""球M"", ""share"": 0.073, ""q"": 0.003, ""capture"": 0.05, ""miss_deg"": 3.67, ""labels"": [192]}, {""name"": ""香蕉"", ""share"": 0.045, ""q"": 0.002, ""capture"": 0.008, ""miss_deg"": 4.68, ""labels"": [196]}]"
2026_08_16/s6,s6,v8,,tag15,75.15,75.47,0.32,4.417,球L,191,0.639,0.079,1.094,0.253,0.219,0.877,object#36,,1,1,,,,3,"[{""name"": ""球L"", ""share"": 0.639, ""q"": 0.079, ""capture"": 1.094, ""miss_deg"": 0.0, ""labels"": [191]}, {""name"": ""球M"", ""share"": 0.14, ""q"": 0.017, ""capture"": 0.277, ""miss_deg"": 2.4, ""labels"": [192]}, {""name"": ""苹果"", ""share"": 0.104, ""q"": 0.013, ""capture"": 0.242, ""miss_deg"": 2.53, ""labels"": [194]}]"
2026_08_16/s6,s6,v8,,tag15,75.74,76.18,0.43,4.481,球M,192,0.802,0.054,0.862,0.157,0.133,0.933,object#17,,1,1,,,,3,"[{""name"": ""球M"", ""share"": 0.802, ""q"": 0.054, ""capture"": 0.862, ""miss_deg"": 0.82, ""labels"": [192]}, {""name"": ""石榴"", ""share"": 0.107, ""q"": 0.007, ""capture"": 0.135, ""miss_deg"": 3.0, ""labels"": [195]}, {""name"": ""球R"", ""share"": 0.081, ""q"": 0.005, ""capture"": 0.103, ""miss_deg"": 3.2, ""labels"": [193]}]"
2026_08_16/s6,s6,v8,,tag15,76.23,76.72,0.49,4.512,球L,191,0.773,0.055,0.758,0.108,0.08,0.929,object#27,,1,1,,,,3,"[{""name"": ""球L"", ""share"": 0.773, ""q"": 0.055, ""capture"": 0.758, ""miss_deg"": 1.12, ""labels"": [191]}, {""name"": ""苹果"", ""share"": 0.062, ""q"": 0.004, ""capture"": 0.082, ""miss_deg"": 3.35, ""labels"": [194]}, {""name"": ""球M"", ""share"": 0.069, ""q"": 0.005, ""capture"": 0.078, ""miss_deg"": 3.39, ""labels"": [192]}]"
2026_08_16/s6,s6,v8,,tag15,77.16,77.7,0.54,4.566,球M,192,0.879,0.033,0.535,0.08,0.081,0.962,object#17,,1,1,,,,3,"[{""name"": ""球M"", ""share"": 0.879, ""q"": 0.033, ""capture"": 0.535, ""miss_deg"": 1.68, ""labels"": [192]}, {""name"": ""球L"", ""share"": 0.071, ""q"": 0.003, ""capture"": 0.043, ""miss_deg"": 3.76, ""labels"": [191]}, {""name"": ""球R"", ""share"": 0.031, ""q"": 0.001, ""capture"": 0.022, ""miss_deg"": 4.14, ""labels"": [193]}]"
2026_08_16/s6,s6,v8,,tag15,77.76,80.03,2.27,4.485,球M,192,0.796,0.056,0.904,0.179,0.152,0.929,object#17,,1,1,,,,3,"[{""name"": ""球M"", ""share"": 0.796, ""q"": 0.056, ""capture"": 0.904, ""miss_deg"": 0.67, ""labels"": [192]}, {""name"": ""石榴"", ""share"": 0.121, ""q"": 0.009, ""capture"": 0.162, ""miss_deg"": 2.86, ""labels"": [195]}, {""name"": ""球R"", ""share"": 0.073, ""q"": 0.005, ""capture"": 0.098, ""miss_deg"": 3.23, ""labels"": [193]}]"
2026_08_16/s6,s6,v8,,tag15,80.09,82.96,2.87,4.552,球M,192,0.789,0.058,0.927,0.16,0.134,0.927,object#17,,1,1,8,球M,1,3,"[{""name"": ""球M"", ""share"": 0.789, ""q"": 0.058, ""capture"": 0.927, ""miss_deg"": 0.59, ""labels"": [192]}, {""name"": ""石榴"", ""share"": 0.106, ""q"": 0.008, ""capture"": 0.148, ""miss_deg"": 2.93, ""labels"": [195]}, {""name"": ""球R"", ""share"": 0.105, ""q"": 0.008, ""capture"": 0.146, ""miss_deg"": 2.94, ""labels"": [193]}]"
2026_08_16/s6,s6,v8,,tag15,83.19,83.73,0.54,4.509,球M,192,0.71,0.061,0.981,0.32,0.27,0.914,object#17,,1,1,,,,3,"[{""name"": ""球M"", ""share"": 0.71, ""q"": 0.061, ""capture"": 0.981, ""miss_deg"": 0.29, ""labels"": [192]}, {""name"": ""石榴"", ""share"": 0.192, ""q"": 0.017, ""capture"": 0.314, ""miss_deg"": 2.28, ""labels"": [195]}, {""name"": ""球R"", ""share"": 0.098, ""q"": 0.008, ""capture"": 0.161, ""miss_deg"": 2.87, ""labels"": [193]}]"
2026_08_16/s6,s6,v8,,tag15,84.17,85.58,1.41,4.401,球L,191,0.646,0.062,0.857,0.33,0.331,0.905,object#27,,1,1,,,,3,"[{""name"": ""球L"", ""share"": 0.646, ""q"": 0.062, ""capture"": 0.857, ""miss_deg"": 0.83, ""labels"": [191]}, {""name"": ""球M"", ""share"": 0.214, ""q"": 0.02, ""capture"": 0.283, ""miss_deg"": 2.38, ""labels"": [192]}, {""name"": ""苹果"", ""share"": 0.046, ""q"": 0.004, ""capture"": 0.071, ""miss_deg"": 3.45, ""labels"": [194]}]"
2026_08_16/s6,s6,v8,,tag15,85.79,88.61,2.82,4.486,球L,191,0.633,0.082,1.142,0.248,0.215,0.87,object#36,,1,1,9,球L,1,3,"[{""name"": ""球L"", ""share"": 0.633, ""q"": 0.082, ""capture"": 1.142, ""miss_deg"": 0.0, ""labels"": [191]}, {""name"": ""球M"", ""share"": 0.136, ""q"": 0.018, ""capture"": 0.283, ""miss_deg"": 2.38, ""labels"": [192]}, {""name"": ""苹果"", ""share"": 0.088, ""q"": 0.011, ""capture"": 0.218, ""miss_deg"": 2.62, ""labels"": [194]}]"
2026_08_16/s6,s6,v8,,tag15,88.93,90.5,1.57,4.405,球L,191,0.484,0.045,0.622,0.932,0.808,0.908,object#162,,1,0,9,球L,1,3,"[{""name"": ""球L"", ""share"": 0.484, ""q"": 0.045, ""capture"": 0.622, ""miss_deg"": 1.46, ""labels"": [191]}, {""name"": ""球M"", ""share"": 0.391, ""q"": 0.036, ""capture"": 0.58, ""miss_deg"": 1.57, ""labels"": [192]}, {""name"": ""石榴"", ""share"": 0.034, ""q"": 0.003, ""capture"": 0.059, ""miss_deg"": 3.57, ""labels"": [195]}]"
2026_08_16/s6,s6,v8,,tag15,90.89,91.65,0.76,4.471,球M,192,0.656,0.059,0.942,0.377,0.319,0.911,object#17,,1,1,,,,3,"[{""name"": ""球M"", ""share"": 0.656, ""q"": 0.059, ""capture"": 0.942, ""miss_deg"": 0.52, ""labels"": [192]}, {""name"": ""石榴"", ""share"": 0.209, ""q"": 0.019, ""capture"": 0.355, ""miss_deg"": 2.16, ""labels"": [195]}, {""name"": ""球R"", ""share"": 0.135, ""q"": 0.012, ""capture"": 0.229, ""miss_deg"": 2.58, ""labels"": [193]}]"
2026_08_16/s6,s6,v8,,tag15,91.76,94.9,3.14,4.501,球M,192,0.662,0.084,1.34,0.368,0.311,0.874,object#17,,1,1,10,球M,1,3,"[{""name"": ""球M"", ""share"": 0.662, ""q"": 0.084, ""capture"": 1.34, ""miss_deg"": 0.0, ""labels"": [192]}, {""name"": ""石榴"", ""share"": 0.206, ""q"": 0.026, ""capture"": 0.493, ""miss_deg"": 1.78, ""labels"": [195]}, {""name"": ""球R"", ""share"": 0.132, ""q"": 0.017, ""capture"": 0.316, ""miss_deg"": 2.28, ""labels"": [193]}]"
2026_08_16/s6,s6,v8,,tag15,95.0,97.93,2.92,4.514,球M,192,0.568,0.08,1.277,0.602,0.509,0.86,object#17,,1,1,10,球M,1,3,"[{""name"": ""球M"", ""share"": 0.568, ""q"": 0.08, ""capture"": 1.277, ""miss_deg"": 0.0, ""labels"": [192]}, {""name"": ""石榴"", ""share"": 0.289, ""q"": 0.04, ""capture"": 0.769, ""miss_deg"": 1.09, ""labels"": [195]}, {""name"": ""球R"", ""share"": 0.143, ""q"": 0.02, ""capture"": 0.382, ""miss_deg"": 2.08, ""labels"": [193]}]"
2026_08_16/s6,s6,v8,,tag15,98.25,98.57,0.32,4.49,球L,191,0.712,0.093,1.293,0.223,0.163,0.869,object#36,,1,1,,,,3,"[{""name"": ""球L"", ""share"": 0.712, ""q"": 0.093, ""capture"": 1.293, ""miss_deg"": 0.0, ""labels"": [191]}, {""name"": ""苹果"", ""share"": 0.116, ""q"": 0.015, ""capture"": 0.288, ""miss_deg"": 2.37, ""labels"": [194]}, {""name"": ""香蕉"", ""share"": 0.167, ""q"": 0.022, ""capture"": 0.095, ""miss_deg"": 3.26, ""labels"": [196]}]"
2026_08_16/s6,s6,v8,,tag15,98.63,101.66,3.03,4.405,球L,191,0.639,0.092,1.278,0.344,0.252,0.856,object#36,,1,1,11,球L,1,3,"[{""name"": ""球L"", ""share"": 0.639, ""q"": 0.092, ""capture"": 1.278, ""miss_deg"": 0.0, ""labels"": [191]}, {""name"": ""苹果"", ""share"": 0.161, ""q"": 0.023, ""capture"": 0.44, ""miss_deg"": 1.92, ""labels"": [194]}, {""name"": ""球M"", ""share"": 0.078, ""q"": 0.011, ""capture"": 0.18, ""miss_deg"": 2.78, ""labels"": [192]}]"
2026_08_16/s6,s6,v8,,tag15,101.77,102.96,1.19,4.403,球L,191,0.649,0.095,1.314,0.313,0.228,0.854,object#36,,1,1,11,球L,1,3,"[{""name"": ""球L"", ""share"": 0.649, ""q"": 0.095, ""capture"": 1.314, ""miss_deg"": 0.0, ""labels"": [191]}, {""name"": ""苹果"", ""share"": 0.148, ""q"": 0.022, ""capture"": 0.411, ""miss_deg"": 2.0, ""labels"": [194]}, {""name"": ""球M"", ""share"": 0.071, ""q"": 0.01, ""capture"": 0.144, ""miss_deg"": 2.95, ""labels"": [192]}]"
2026_08_16/s6,s6,v8,,tag15,103.01,103.39,0.38,4.445,球M,192,0.732,0.085,1.368,0.232,0.197,0.884,object#17,,1,1,11,球L,0,3,"[{""name"": ""球M"", ""share"": 0.732, ""q"": 0.085, ""capture"": 1.368, ""miss_deg"": 0.0, ""labels"": [192]}, {""name"": ""石榴"", ""share"": 0.144, ""q"": 0.017, ""capture"": 0.318, ""miss_deg"": 2.27, ""labels"": [195]}, {""name"": ""球L"", ""share"": 0.098, ""q"": 0.011, ""capture"": 0.158, ""miss_deg"": 2.88, ""labels"": [191]}]"
2026_08_16/s6,s6,v8,,tag15,103.45,104.0,0.54,4.401,球L,191,0.658,0.101,1.402,0.21,0.21,0.847,object#36,,1,1,11,球L,1,3,"[{""name"": ""球L"", ""share"": 0.658, ""q"": 0.101, ""capture"": 1.402, ""miss_deg"": 0.0, ""labels"": [191]}, {""name"": ""球M"", ""share"": 0.138, ""q"": 0.021, ""capture"": 0.294, ""miss_deg"": 2.35, ""labels"": [192]}, {""name"": ""苹果"", ""share"": 0.094, ""q"": 0.014, ""capture"": 0.231, ""miss_deg"": 2.57, ""labels"": [194]}]"
2026_08_16/s6,s6,v8,,tag15,104.05,104.48,0.43,4.409,球M,192,0.561,0.068,1.098,0.435,0.503,0.878,object#10,,1,1,11,球L,0,3,"[{""name"": ""球M"", ""share"": 0.561, ""q"": 0.068, ""capture"": 1.098, ""miss_deg"": 0.0, ""labels"": [192]}, {""name"": ""球L"", ""share"": 0.282, ""q"": 0.034, ""capture"": 0.478, ""miss_deg"": 1.82, ""labels"": [191]}, {""name"": ""石榴"", ""share"": 0.116, ""q"": 0.014, ""capture"": 0.269, ""miss_deg"": 2.43, ""labels"": [195]}]"
2026_08_16/s6,s6,v8,,tag15,104.54,104.92,0.38,4.479,球M,192,0.682,0.094,1.508,0.395,0.334,0.862,object#17,,1,1,,,,3,"[{""name"": ""球M"", ""share"": 0.682, ""q"": 0.094, ""capture"": 1.508, ""miss_deg"": 0.0, ""labels"": [192]}, {""name"": ""石榴"", ""share"": 0.228, ""q"": 0.031, ""capture"": 0.596, ""miss_deg"": 1.53, ""labels"": [195]}, {""name"": ""球R"", ""share"": 0.073, ""q"": 0.01, ""capture"": 0.19, ""miss_deg"": 2.73, ""labels"": [193]}]"
2026_08_16/s6,s6,v8,,tag15,105.1,105.47,0.38,4.437,球M,192,0.716,0.093,1.496,0.344,0.291,0.87,object#17,,1,1,,,,3,"[{""name"": ""球M"", ""share"": 0.716, ""q"": 0.093, ""capture"": 1.496, ""miss_deg"": 0.0, ""labels"": [192]}, {""name"": ""石榴"", ""share"": 0.208, ""q"": 0.027, ""capture"": 0.515, ""miss_deg"": 1.73, ""labels"": [195]}, {""name"": ""球L"", ""share"": 0.042, ""q"": 0.005, ""capture"": 0.076, ""miss_deg"": 3.41, ""labels"": [191]}]"
2026_08_16/s6,s6,v8,,tag15,105.53,109.27,3.74,4.494,球M,192,0.692,0.098,1.58,0.365,0.309,0.858,object#17,,1,1,12,球M,1,3,"[{""name"": ""球M"", ""share"": 0.692, ""q"": 0.098, ""capture"": 1.58, ""miss_deg"": 0.0, ""labels"": [192]}, {""name"": ""石榴"", ""share"": 0.214, ""q"": 0.03, ""capture"": 0.577, ""miss_deg"": 1.57, ""labels"": [195]}, {""name"": ""球R"", ""share"": 0.071, ""q"": 0.01, ""capture"": 0.193, ""miss_deg"": 2.72, ""labels"": [193]}]"
2026_08_16/s6,s6,v8,,tag15,109.32,110.62,1.3,4.563,球M,192,0.592,0.08,1.286,0.488,0.412,0.864,object#17,,1,1,12,球M,1,3,"[{""name"": ""球M"", ""share"": 0.592, ""q"": 0.08, ""capture"": 1.286, ""miss_deg"": 0.0, ""labels"": [192]}, {""name"": ""石榴"", ""share"": 0.244, ""q"": 0.033, ""capture"": 0.628, ""miss_deg"": 1.45, ""labels"": [195]}, {""name"": ""球R"", ""share"": 0.164, ""q"": 0.022, ""capture"": 0.423, ""miss_deg"": 1.97, ""labels"": [193]}]"
2026_08_16/s6,s6,v8,,tag15,110.67,111.22,0.54,4.546,球R,193,0.403,0.035,0.662,0.737,0.737,0.913,object#17,,0,0,12,球M,0,3,"[{""name"": ""球R"", ""share"": 0.403, ""q"": 0.035, ""capture"": 0.662, ""miss_deg"": 1.36, ""labels"": [193]}, {""name"": ""石榴"", ""share"": 0.297, ""q"": 0.026, ""capture"": 0.488, ""miss_deg"": 1.8, ""labels"": [195]}, {""name"": ""球M"", ""share"": 0.301, ""q"": 0.026, ""capture"": 0.418, ""miss_deg"": 1.98, ""labels"": [192]}]"
2026_08_16/s6,s6,v8,,tag15,111.59,112.14,0.54,4.559,球M,192,0.559,0.079,1.269,0.553,0.467,0.859,object#17,,1,1,,,,3,"[{""name"": ""球M"", ""share"": 0.559, ""q"": 0.079, ""capture"": 1.269, ""miss_deg"": 0.0, ""labels"": [192]}, {""name"": ""石榴"", ""share"": 0.261, ""q"": 0.037, ""capture"": 0.702, ""miss_deg"": 1.26, ""labels"": [195]}, {""name"": ""球R"", ""share"": 0.18, ""q"": 0.025, ""capture"": 0.482, ""miss_deg"": 1.81, ""labels"": [193]}]"
2026_08_16/s6,s6,v8,,tag15,112.19,112.57,0.38,4.385,球L,191,0.638,0.086,1.199,0.25,0.249,0.865,object#36,,1,1,,,,3,"[{""name"": ""球L"", ""share"": 0.638, ""q"": 0.086, ""capture"": 1.199, ""miss_deg"": 0.0, ""labels"": [191]}, {""name"": ""球M"", ""share"": 0.159, ""q"": 0.022, ""capture"": 0.3, ""miss_deg"": 2.33, ""labels"": [192]}, {""name"": ""苹果"", ""share"": 0.106, ""q"": 0.014, ""capture"": 0.23, ""miss_deg"": 2.57, ""labels"": [194]}]"
2026_08_16/s6,s6,v8,,tag15,112.68,115.38,2.7,4.406,球L,191,0.628,0.091,1.266,0.364,0.266,0.855,object#36,,1,1,,,,3,"[{""name"": ""球L"", ""share"": 0.628, ""q"": 0.091, ""capture"": 1.266, ""miss_deg"": 0.0, ""labels"": [191]}, {""name"": ""苹果"", ""share"": 0.167, ""q"": 0.024, ""capture"": 0.461, ""miss_deg"": 1.87, ""labels"": [194]}, {""name"": ""球M"", ""share"": 0.056, ""q"": 0.008, ""capture"": 0.129, ""miss_deg"": 3.03, ""labels"": [192]}]"
2026_08_16/s6,s6,v8,,tag15,115.44,116.03,0.6,4.482,球M,192,0.627,0.07,1.126,0.325,0.375,0.888,object#17,,1,1,13,球L,0,3,"[{""name"": ""球M"", ""share"": 0.627, ""q"": 0.07, ""capture"": 1.126, ""miss_deg"": 0.0, ""labels"": [192]}, {""name"": ""球L"", ""share"": 0.235, ""q"": 0.026, ""capture"": 0.366, ""miss_deg"": 2.13, ""labels"": [191]}, {""name"": ""石榴"", ""share"": 0.104, ""q"": 0.012, ""capture"": 0.22, ""miss_deg"": 2.61, ""labels"": [195]}]"
2026_08_16/s6,s6,v8,,tag15,116.09,117.12,1.03,4.48,球L,191,0.587,0.1,1.389,0.272,0.199,0.83,object#36,,1,1,13,球L,1,3,"[{""name"": ""球L"", ""share"": 0.587, ""q"": 0.1, ""capture"": 1.389, ""miss_deg"": 0.0, ""labels"": [191]}, {""name"": ""苹果"", ""share"": 0.117, ""q"": 0.02, ""capture"": 0.378, ""miss_deg"": 2.09, ""labels"": [194]}, {""name"": ""球M"", ""share"": 0.096, ""q"": 0.016, ""capture"": 0.263, ""miss_deg"": 2.45, ""labels"": [192]}]"
2026_08_16/s6,s6,v8,,tag15,117.44,117.82,0.38,4.504,球L,191,0.592,0.088,1.218,0.37,0.321,0.852,object#10,,1,1,13,球L,1,3,"[{""name"": ""球L"", ""share"": 0.592, ""q"": 0.088, ""capture"": 1.218, ""miss_deg"": 0.0, ""labels"": [191]}, {""name"": ""球M"", ""share"": 0.19, ""q"": 0.028, ""capture"": 0.451, ""miss_deg"": 1.89, ""labels"": [192]}, {""name"": ""苹果"", ""share"": 0.077, ""q"": 0.011, ""capture"": 0.215, ""miss_deg"": 2.63, ""labels"": [194]}]"
2026_08_16/s6,s6,v8,,tag15,117.87,118.14,0.27,4.517,球M,192,0.713,0.1,1.608,0.279,0.236,0.859,object#10,,1,1,13,球L,0,3,"[{""name"": ""球M"", ""share"": 0.713, ""q"": 0.1, ""capture"": 1.608, ""miss_deg"": 0.0, ""labels"": [192]}, {""name"": ""石榴"", ""share"": 0.168, ""q"": 0.024, ""capture"": 0.448, ""miss_deg"": 1.9, ""labels"": [195]}, {""name"": ""球L"", ""share"": 0.075, ""q"": 0.011, ""capture"": 0.169, ""miss_deg"": 2.83, ""labels"": [191]}]"
2026_08_16/s6,s6,v8,,tag15,118.2,119.01,0.81,4.459,球L,191,0.558,0.092,1.275,0.315,0.272,0.836,object#10,,1,1,13,球L,1,3,"[{""name"": ""球L"", ""share"": 0.558, ""q"": 0.092, ""capture"": 1.275, ""miss_deg"": 0.0, ""labels"": [191]}, {""name"": ""球M"", ""share"": 0.152, ""q"": 0.025, ""capture"": 0.402, ""miss_deg"": 2.03, ""labels"": [192]}, {""name"": ""苹果"", ""share"": 0.126, ""q"": 0.021, ""capture"": 0.392, ""miss_deg"": 2.05, ""labels"": [194]}]"
2026_08_16/s6,s6,v8,,tag15,119.37,122.25,2.88,4.548,球R,193,0.492,0.047,0.895,0.582,0.581,0.904,object#17,,1,0,,,,3,"[{""name"": ""球R"", ""share"": 0.492, ""q"": 0.047, ""capture"": 0.895, ""miss_deg"": 0.71, ""labels"": [193]}, {""name"": ""石榴"", ""share"": 0.286, ""q"": 0.027, ""capture"": 0.521, ""miss_deg"": 1.71, ""labels"": [195]}, {""name"": ""球M"", ""share"": 0.222, ""q"": 0.021, ""capture"": 0.341, ""miss_deg"": 2.2, ""labels"": [192]}]"
2026_08_16/s6,s6,v8,,tag15,122.3,124.31,2.0,4.54,球R,193,0.493,0.039,0.733,0.638,0.639,0.922,object#17,,1,0,14,球R,1,3,"[{""name"": ""球R"", ""share"": 0.493, ""q"": 0.039, ""capture"": 0.733, ""miss_deg"": 1.18, ""labels"": [193]}, {""name"": ""石榴"", ""share"": 0.315, ""q"": 0.025, ""capture"": 0.468, ""miss_deg"": 1.85, ""labels"": [195]}, {""name"": ""球M"", ""share"": 0.192, ""q"": 0.015, ""capture"": 0.242, ""miss_deg"": 2.53, ""labels"": [192]}]"
2026_08_16/s6,s6,v8,,tag15,124.36,124.69,0.32,4.496,球M,192,0.733,0.08,1.289,0.308,0.259,0.89,object#17,,1,1,14,球R,0,3,"[{""name"": ""球M"", ""share"": 0.733, ""q"": 0.08, ""capture"": 1.289, ""miss_deg"": 0.0, ""labels"": [192]}, {""name"": ""石榴"", ""share"": 0.19, ""q"": 0.021, ""capture"": 0.397, ""miss_deg"": 2.04, ""labels"": [195]}, {""name"": ""球R"", ""share"": 0.044, ""q"": 0.005, ""capture"": 0.091, ""miss_deg"": 3.28, ""labels"": [193]}]"
2026_08_16/s6,s6,v8,,tag15,125.14,125.46,0.32,4.526,球M,192,0.678,0.104,1.674,0.379,0.32,0.846,object#17,,1,1,14,球R,0,3,"[{""name"": ""球M"", ""share"": 0.678, ""q"": 0.104, ""capture"": 1.674, ""miss_deg"": 0.0, ""labels"": [192]}, {""name"": ""石榴"", ""share"": 0.217, ""q"": 0.033, ""capture"": 0.634, ""miss_deg"": 1.43, ""labels"": [195]}, {""name"": ""球R"", ""share"": 0.048, ""q"": 0.007, ""capture"": 0.139, ""miss_deg"": 2.98, ""labels"": [193]}]"
2026_08_16/s6,s6,v8,,tag15,125.52,125.79,0.27,4.624,球R,193,0.487,0.056,1.057,0.634,0.634,0.886,object#17,,1,0,14,球R,1,3,"[{""name"": ""球R"", ""share"": 0.487, ""q"": 0.056, ""capture"": 1.057, ""miss_deg"": 0.0, ""labels"": [193]}, {""name"": ""石榴"", ""share"": 0.309, ""q"": 0.035, ""capture"": 0.67, ""miss_deg"": 1.34, ""labels"": [195]}, {""name"": ""球M"", ""share"": 0.204, ""q"": 0.023, ""capture"": 0.374, ""miss_deg"": 2.1, ""labels"": [192]}]"
2026_08_16/s6,s6,v8,,tag15,125.84,126.39,0.54,4.494,球M,192,0.68,0.1,1.599,0.41,0.347,0.853,object#17,,1,1,,,,3,"[{""name"": ""球M"", ""share"": 0.68, ""q"": 0.1, ""capture"": 1.599, ""miss_deg"": 0.0, ""labels"": [192]}, {""name"": ""石榴"", ""share"": 0.236, ""q"": 0.035, ""capture"": 0.656, ""miss_deg"": 1.38, ""labels"": [195]}, {""name"": ""球R"", ""share"": 0.075, ""q"": 0.011, ""capture"": 0.209, ""miss_deg"": 2.65, ""labels"": [193]}]"
2026_08_16/s6,s6,v8,,tag15,126.61,130.13,3.52,4.398,球L,191,0.647,0.107,1.482,0.298,0.258,0.835,object#36,,1,1,,,,3,"[{""name"": ""球L"", ""share"": 0.647, ""q"": 0.107, ""capture"": 1.482, ""miss_deg"": 0.0, ""labels"": [191]}, {""name"": ""苹果"", ""share"": 0.167, ""q"": 0.028, ""capture"": 0.442, ""miss_deg"": 1.92, ""labels"": [194]}, {""name"": ""香蕉"", ""share"": 0.156, ""q"": 0.026, ""capture"": 0.104, ""miss_deg"": 3.19, ""labels"": [196]}]"
2026_08_16/s6,s6,v8,,tag15,130.18,131.91,1.73,4.438,球L,191,0.605,0.113,1.568,0.302,0.221,0.813,object#36,,1,1,15,球L,1,3,"[{""name"": ""球L"", ""share"": 0.605, ""q"": 0.113, ""capture"": 1.568, ""miss_deg"": 0.0, ""labels"": [191]}, {""name"": ""苹果"", ""share"": 0.134, ""q"": 0.025, ""capture"": 0.473, ""miss_deg"": 1.83, ""labels"": [194]}, {""name"": ""香蕉"", ""share"": 0.221, ""q"": 0.041, ""capture"": 0.167, ""miss_deg"": 2.84, ""labels"": [196]}]"
2026_08_16/s6,s6,v8,,tag15,131.97,132.24,0.27,4.346,球L,191,0.58,0.05,0.695,0.57,0.495,0.914,object#36,,1,1,15,球L,1,3,"[{""name"": ""球L"", ""share"": 0.58, ""q"": 0.05, ""capture"": 0.695, ""miss_deg"": 1.28, ""labels"": [191]}, {""name"": ""苹果"", ""share"": 0.287, ""q"": 0.025, ""capture"": 0.396, ""miss_deg"": 2.04, ""labels"": [194]}, {""name"": ""香蕉"", ""share"": 0.133, ""q"": 0.011, ""capture"": 0.045, ""miss_deg"": 3.74, ""labels"": [196]}]"
2026_08_16/s6,s6,v8,,tag15,135.56,135.94,0.38,1.777,,-1,0.0,0.0,,,,1.0,object#82,,0,0,,,,0,[]
2026_08_18/000,s7,v8,,tag15,8.99,9.75,0.76,3.208,球M,192,0.815,0.054,0.453,0.245,0.227,0.934,object#17,,1,1,,,,2,"[{""name"": ""球M"", ""share"": 0.815, ""q"": 0.054, ""capture"": 0.453, ""miss_deg"": 1.89, ""labels"": [192]}, {""name"": ""球R"", ""share"": 0.185, ""q"": 0.012, ""capture"": 0.111, ""miss_deg"": 3.14, ""labels"": [193]}]"
2026_08_18/000,s7,v8,,tag15,10.07,10.61,0.54,2.904,球M,192,0.635,0.103,0.632,0.434,0.435,0.837,object#17,,1,1,,,,3,"[{""name"": ""球M"", ""share"": 0.635, ""q"": 0.103, ""capture"": 0.632, ""miss_deg"": 1.44, ""labels"": [192]}, {""name"": ""球L"", ""share"": 0.276, ""q"": 0.045, ""capture"": 0.274, ""miss_deg"": 2.41, ""labels"": [191]}, {""name"": ""球R"", ""share"": 0.089, ""q"": 0.014, ""capture"": 0.099, ""miss_deg"": 3.22, ""labels"": [193]}]"
2026_08_18/000,s7,v8,,tag15,11.1,12.13,1.03,2.934,球M,192,0.677,0.106,0.65,0.317,0.316,0.843,object#17,,1,1,,,,3,"[{""name"": ""球M"", ""share"": 0.677, ""q"": 0.106, ""capture"": 0.65, ""miss_deg"": 1.39, ""labels"": [192]}, {""name"": ""球L"", ""share"": 0.214, ""q"": 0.034, ""capture"": 0.206, ""miss_deg"": 2.67, ""labels"": [191]}, {""name"": ""球R"", ""share"": 0.109, ""q"": 0.017, ""capture"": 0.117, ""miss_deg"": 3.11, ""labels"": [193]}]"
2026_08_18/000,s7,v8,,tag15,12.18,12.72,0.54,3.18,球M,192,0.601,0.086,0.629,0.771,0.617,0.857,object#17,,1,1,,,,3,"[{""name"": ""球M"", ""share"": 0.601, ""q"": 0.086, ""capture"": 0.629, ""miss_deg"": 1.45, ""labels"": [192]}, {""name"": ""球R"", ""share"": 0.371, ""q"": 0.053, ""capture"": 0.485, ""miss_deg"": 1.81, ""labels"": [193]}, {""name"": ""球L"", ""share"": 0.028, ""q"": 0.004, ""capture"": 0.028, ""miss_deg"": 4.01, ""labels"": [191]}]"
2026_08_18/000,s7,v8,,tag15,15.27,15.92,0.65,2.967,球M,192,0.573,0.093,0.638,0.574,0.644,0.838,object#17,,1,1,,,,3,"[{""name"": ""球M"", ""share"": 0.573, ""q"": 0.093, ""capture"": 0.638, ""miss_deg"": 1.42, ""labels"": [192]}, {""name"": ""球L"", ""share"": 0.369, ""q"": 0.06, ""capture"": 0.366, ""miss_deg"": 2.13, ""labels"": [191]}, {""name"": ""球R"", ""share"": 0.058, ""q"": 0.009, ""capture"": 0.069, ""miss_deg"": 3.47, ""labels"": [193]}]"
2026_08_18/000,s7,v8,,tag15,16.14,21.01,4.87,3.01,球L,191,0.838,0.144,0.881,0.159,0.142,0.828,object#17,,1,1,1,球L,1,3,"[{""name"": ""球L"", ""share"": 0.838, ""q"": 0.144, ""capture"": 0.881, ""miss_deg"": 0.75, ""labels"": [191]}, {""name"": ""球M"", ""share"": 0.119, ""q"": 0.02, ""capture"": 0.14, ""miss_deg"": 2.97, ""labels"": [192]}, {""name"": ""香蕉"", ""share"": 0.043, ""q"": 0.007, ""capture"": 0.016, ""miss_deg"": 4.33, ""labels"": [196]}]"
2026_08_18/000,s7,v8,,tag15,21.17,21.61,0.43,3.464,球L,191,0.584,0.021,0.195,0.713,0.712,0.963,object#17,,0,0,1,球L,1,2,"[{""name"": ""球L"", ""share"": 0.584, ""q"": 0.021, ""capture"": 0.195, ""miss_deg"": 2.71, ""labels"": [191]}, {""name"": ""球M"", ""share"": 0.416, ""q"": 0.015, ""capture"": 0.139, ""miss_deg"": 2.98, ""labels"": [192]}]"
2026_08_18/000,s7,v8,,tag15,21.96,22.39,0.43,3.321,球M,192,0.532,0.044,0.401,0.875,0.874,0.917,object#17,,1,1,,,,3,"[{""name"": ""球M"", ""share"": 0.532, ""q"": 0.044, ""capture"": 0.401, ""miss_deg"": 2.03, ""labels"": [192]}, {""name"": ""球R"", ""share"": 0.465, ""q"": 0.038, ""capture"": 0.351, ""miss_deg"": 2.17, ""labels"": [193]}, {""name"": ""球L"", ""share"": 0.003, ""q"": 0.0, ""capture"": 0.002, ""miss_deg"": 5.23, ""labels"": [191]}]"
2026_08_18/000,s7,v8,,tag15,23.04,26.46,3.41,3.005,球L,191,0.916,0.122,0.746,0.058,0.052,0.867,object#36,,1,1,2,球L,1,3,"[{""name"": ""球L"", ""share"": 0.916, ""q"": 0.122, ""capture"": 0.746, ""miss_deg"": 1.15, ""labels"": [191]}, {""name"": ""球M"", ""share"": 0.048, ""q"": 0.006, ""capture"": 0.043, ""miss_deg"": 3.76, ""labels"": [192]}, {""name"": ""香蕉"", ""share"": 0.036, ""q"": 0.005, ""capture"": 0.01, ""miss_deg"": 4.54, ""labels"": [196]}]"
2026_08_18/000,s7,v8,,tag15,26.57,29.82,3.25,3.014,球L,191,0.85,0.136,0.832,0.15,0.134,0.84,object#17,,1,1,2,球L,1,3,"[{""name"": ""球L"", ""share"": 0.85, ""q"": 0.136, ""capture"": 0.832, ""miss_deg"": 0.91, ""labels"": [191]}, {""name"": ""球M"", ""share"": 0.114, ""q"": 0.018, ""capture"": 0.125, ""miss_deg"": 3.06, ""labels"": [192]}, {""name"": ""香蕉"", ""share"": 0.036, ""q"": 0.006, ""capture"": 0.012, ""miss_deg"": 4.45, ""labels"": [196]}]"
2026_08_18/000,s7,v8,,tag15,30.35,30.73,0.38,3.357,球R,193,0.556,0.074,0.679,0.792,0.793,0.866,object#17,,1,1,,,,3,"[{""name"": ""球R"", ""share"": 0.556, ""q"": 0.074, ""capture"": 0.679, ""miss_deg"": 1.32, ""labels"": [193]}, {""name"": ""球M"", ""share"": 0.441, ""q"": 0.059, ""capture"": 0.538, ""miss_deg"": 1.67, ""labels"": [192]}, {""name"": ""球L"", ""share"": 0.003, ""q"": 0.0, ""capture"": 0.003, ""miss_deg"": 5.06, ""labels"": [191]}]"
2026_08_18/000,s7,v8,,tag15,30.78,33.38,2.6,3.399,球R,193,0.578,0.049,0.448,0.73,0.73,0.915,object#17,,1,1,3,球R,1,2,"[{""name"": ""球R"", ""share"": 0.578, ""q"": 0.049, ""capture"": 0.448, ""miss_deg"": 1.9, ""labels"": [193]}, {""name"": ""球M"", ""share"": 0.422, ""q"": 0.036, ""capture"": 0.327, ""miss_deg"": 2.24, ""labels"": [192]}]"
2026_08_18/000,s7,v8,,tag15,33.44,33.71,0.27,3.294,球M,192,0.69,0.087,0.734,0.443,0.409,0.874,object#17,,1,1,3,球R,0,3,"[{""name"": ""球M"", ""share"": 0.69, ""q"": 0.087, ""capture"": 0.734, ""miss_deg"": 1.18, ""labels"": [192]}, {""name"": ""球R"", ""share"": 0.282, ""q"": 0.036, ""capture"": 0.325, ""miss_deg"": 2.25, ""labels"": [193]}, {""name"": ""球L"", ""share"": 0.02, ""q"": 0.003, ""capture"": 0.021, ""miss_deg"": 4.16, ""labels"": [191]}]"
2026_08_18/000,s7,v8,,tag15,33.76,34.3,0.54,3.208,球M,192,0.65,0.111,0.931,0.475,0.438,0.83,object#17,,1,1,3,球R,0,3,"[{""name"": ""球M"", ""share"": 0.65, ""q"": 0.111, ""capture"": 0.931, ""miss_deg"": 0.57, ""labels"": [192]}, {""name"": ""球R"", ""share"": 0.285, ""q"": 0.048, ""capture"": 0.442, ""miss_deg"": 1.92, ""labels"": [193]}, {""name"": ""球L"", ""share"": 0.044, ""q"": 0.008, ""capture"": 0.055, ""miss_deg"": 3.61, ""labels"": [191]}]"
2026_08_18/000,s7,v8,,tag15,34.36,34.74,0.38,3.024,球M,192,0.667,0.129,0.883,0.284,0.267,0.807,object#17,,1,1,3,球R,0,3,"[{""name"": ""球M"", ""share"": 0.667, ""q"": 0.129, ""capture"": 0.883, ""miss_deg"": 0.75, ""labels"": [192]}, {""name"": ""球R"", ""share"": 0.178, ""q"": 0.034, ""capture"": 0.251, ""miss_deg"": 2.49, ""labels"": [193]}, {""name"": ""球L"", ""share"": 0.151, ""q"": 0.029, ""capture"": 0.178, ""miss_deg"": 2.79, ""labels"": [191]}]"
2026_08_18/000,s7,v8,,tag15,35.4,35.78,0.38,3.332,球M,192,0.714,0.059,0.538,0.355,0.356,0.917,object#17,,1,1,3,球R,0,3,"[{""name"": ""球M"", ""share"": 0.714, ""q"": 0.059, ""capture"": 0.538, ""miss_deg"": 1.67, ""labels"": [192]}, {""name"": ""球R"", ""share"": 0.254, ""q"": 0.021, ""capture"": 0.191, ""miss_deg"": 2.73, ""labels"": [193]}, {""name"": ""球L"", ""share"": 0.032, ""q"": 0.003, ""capture"": 0.022, ""miss_deg"": 4.13, ""labels"": [191]}]"
2026_08_18/000,s7,v8,,tag15,35.94,36.27,0.32,3.177,球M,192,0.629,0.125,0.915,0.556,0.445,0.801,object#17,,1,1,,,,3,"[{""name"": ""球M"", ""share"": 0.629, ""q"": 0.125, ""capture"": 0.915, ""miss_deg"": 0.63, ""labels"": [192]}, {""name"": ""球R"", ""share"": 0.28, ""q"": 0.056, ""capture"": 0.509, ""miss_deg"": 1.74, ""labels"": [193]}, {""name"": ""石榴"", ""share"": 0.037, ""q"": 0.007, ""capture"": 0.082, ""miss_deg"": 3.36, ""labels"": [195]}]"
2026_08_18/000,s7,v8,,tag15,36.38,36.65,0.27,3.204,球M,192,0.729,0.096,0.704,0.364,0.291,0.868,object#17,,1,1,,,,3,"[{""name"": ""球M"", ""share"": 0.729, ""q"": 0.096, ""capture"": 0.704, ""miss_deg"": 1.26, ""labels"": [192]}, {""name"": ""球R"", ""share"": 0.212, ""q"": 0.028, ""capture"": 0.256, ""miss_deg"": 2.48, ""labels"": [193]}, {""name"": ""球L"", ""share"": 0.047, ""q"": 0.006, ""capture"": 0.045, ""miss_deg"": 3.73, ""labels"": [191]}]"
2026_08_18/000,s7,v8,,tag15,36.97,37.41,0.43,3.329,球M,192,0.601,0.08,0.726,0.649,0.647,0.867,object#17,,1,1,,,,3,"[{""name"": ""球M"", ""share"": 0.601, ""q"": 0.08, ""capture"": 0.726, ""miss_deg"": 1.2, ""labels"": [192]}, {""name"": ""球R"", ""share"": 0.389, ""q"": 0.052, ""capture"": 0.471, ""miss_deg"": 1.84, ""labels"": [193]}, {""name"": ""球L"", ""share"": 0.01, ""q"": 0.001, ""capture"": 0.011, ""miss_deg"": 4.48, ""labels"": [191]}]"
2026_08_18/000,s7,v8,,tag15,37.73,40.11,2.38,3.376,球R,193,0.543,0.04,0.363,0.84,0.842,0.927,object#17,,1,1,4,球R,1,2,"[{""name"": ""球R"", ""share"": 0.543, ""q"": 0.04, ""capture"": 0.363, ""miss_deg"": 2.13, ""labels"": [193]}, {""name"": ""球M"", ""share"": 0.457, ""q"": 0.033, ""capture"": 0.305, ""miss_deg"": 2.31, ""labels"": [192]}]"
2026_08_18/000,s7,v8,,tag15,40.17,42.39,2.22,3.354,球M,192,0.525,0.045,0.412,0.898,0.899,0.914,object#17,,1,1,4,球R,0,3,"[{""name"": ""球M"", ""share"": 0.525, ""q"": 0.045, ""capture"": 0.412, ""miss_deg"": 2.0, ""labels"": [192]}, {""name"": ""球R"", ""share"": 0.472, ""q"": 0.041, ""capture"": 0.37, ""miss_deg"": 2.12, ""labels"": [193]}, {""name"": ""球L"", ""share"": 0.003, ""q"": 0.0, ""capture"": 0.003, ""miss_deg"": 5.19, ""labels"": [191]}]"
2026_08_18/000,s7,v8,,tag15,42.44,42.71,0.27,3.27,球M,192,0.675,0.092,0.772,0.488,0.45,0.864,object#17,,1,1,4,球R,0,3,"[{""name"": ""球M"", ""share"": 0.675, ""q"": 0.092, ""capture"": 0.772, ""miss_deg"": 1.08, ""labels"": [192]}, {""name"": ""球R"", ""share"": 0.304, ""q"": 0.041, ""capture"": 0.377, ""miss_deg"": 2.1, ""labels"": [193]}, {""name"": ""球L"", ""share"": 0.018, ""q"": 0.002, ""capture"": 0.018, ""miss_deg"": 4.25, ""labels"": [191]}]"
2026_08_18/000,s7,v8,,tag15,42.87,43.14,0.27,3.41,球R,193,0.637,0.037,0.334,0.569,0.57,0.943,object#17,,1,1,4,球R,1,2,"[{""name"": ""球R"", ""share"": 0.637, ""q"": 0.037, ""capture"": 0.334, ""miss_deg"": 2.22, ""labels"": [193]}, {""name"": ""球M"", ""share"": 0.363, ""q"": 0.021, ""capture"": 0.19, ""miss_deg"": 2.73, ""labels"": [192]}]"
2026_08_18/000,s7,v8,,tag15,43.19,43.52,0.32,3.259,球M,192,0.65,0.087,0.732,0.546,0.505,0.866,object#17,,1,1,,,,3,"[{""name"": ""球M"", ""share"": 0.65, ""q"": 0.087, ""capture"": 0.732, ""miss_deg"": 1.18, ""labels"": [192]}, {""name"": ""球R"", ""share"": 0.328, ""q"": 0.044, ""capture"": 0.4, ""miss_deg"": 2.03, ""labels"": [193]}, {""name"": ""球L"", ""share"": 0.021, ""q"": 0.003, ""capture"": 0.02, ""miss_deg"": 4.19, ""labels"": [191]}]"
2026_08_18/000,s7,v8,,tag15,44.11,44.44,0.32,3.207,球M,192,0.664,0.104,0.876,0.46,0.425,0.843,object#17,,1,1,,,,3,"[{""name"": ""球M"", ""share"": 0.664, ""q"": 0.104, ""capture"": 0.876, ""miss_deg"": 0.77, ""labels"": [192]}, {""name"": ""球R"", ""share"": 0.282, ""q"": 0.044, ""capture"": 0.403, ""miss_deg"": 2.02, ""labels"": [193]}, {""name"": ""球L"", ""share"": 0.044, ""q"": 0.007, ""capture"": 0.05, ""miss_deg"": 3.67, ""labels"": [191]}]"
2026_08_18/000,s7,v8,,tag15,44.49,44.98,0.49,3.05,球M,192,0.652,0.118,0.808,0.42,0.342,0.819,object#17,,1,1,5,球M,1,3,"[{""name"": ""球M"", ""share"": 0.652, ""q"": 0.118, ""capture"": 0.808, ""miss_deg"": 0.98, ""labels"": [192]}, {""name"": ""球R"", ""share"": 0.223, ""q"": 0.04, ""capture"": 0.339, ""miss_deg"": 2.21, ""labels"": [193]}, {""name"": ""球L"", ""share"": 0.102, ""q"": 0.018, ""capture"": 0.127, ""miss_deg"": 3.05, ""labels"": [191]}]"
2026_08_18/000,s7,v8,,tag15,45.25,45.9,0.65,3.018,球M,192,0.675,0.106,0.729,0.232,0.261,0.842,object#17,,1,1,5,球M,1,3,"[{""name"": ""球M"", ""share"": 0.675, ""q"": 0.106, ""capture"": 0.729, ""miss_deg"": 1.19, ""labels"": [192]}, {""name"": ""球L"", ""share"": 0.176, ""q"": 0.028, ""capture"": 0.169, ""miss_deg"": 2.83, ""labels"": [191]}, {""name"": ""球R"", ""share"": 0.141, ""q"": 0.022, ""capture"": 0.162, ""miss_deg"": 2.86, ""labels"": [193]}]"
2026_08_18/000,s7,v8,,tag15,46.49,47.69,1.19,3.007,球M,192,0.674,0.117,0.802,0.246,0.276,0.826,object#17,,1,1,5,球M,1,3,"[{""name"": ""球M"", ""share"": 0.674, ""q"": 0.117, ""capture"": 0.802, ""miss_deg"": 1.0, ""labels"": [192]}, {""name"": ""球L"", ""share"": 0.186, ""q"": 0.032, ""capture"": 0.197, ""miss_deg"": 2.7, ""labels"": [191]}, {""name"": ""球R"", ""share"": 0.139, ""q"": 0.024, ""capture"": 0.176, ""miss_deg"": 2.8, ""labels"": [193]}]"
2026_08_18/000,s7,v8,,tag15,47.85,49.64,1.79,2.988,球M,192,0.6,0.093,0.64,0.491,0.552,0.844,object#17,,1,1,5,球M,1,3,"[{""name"": ""球M"", ""share"": 0.6, ""q"": 0.093, ""capture"": 0.64, ""miss_deg"": 1.42, ""labels"": [192]}, {""name"": ""球L"", ""share"": 0.331, ""q"": 0.051, ""capture"": 0.314, ""miss_deg"": 2.28, ""labels"": [191]}, {""name"": ""球R"", ""share"": 0.069, ""q"": 0.011, ""capture"": 0.078, ""miss_deg"": 3.39, ""labels"": [193]}]"
2026_08_18/000,s7,v8,,tag15,50.89,51.27,0.38,3.013,球L,191,0.792,0.088,0.539,0.288,0.256,0.889,object#17,,1,1,,,,3,"[{""name"": ""球L"", ""share"": 0.792, ""q"": 0.088, ""capture"": 0.539, ""miss_deg"": 1.67, ""labels"": [191]}, {""name"": ""球M"", ""share"": 0.203, ""q"": 0.023, ""capture"": 0.155, ""miss_deg"": 2.9, ""labels"": [192]}, {""name"": ""香蕉"", ""share"": 0.005, ""q"": 0.001, ""capture"": 0.001, ""miss_deg"": 5.49, ""labels"": [196]}]"
2026_08_18/000,s7,v8,,tag15,51.51,52.11,0.6,2.996,球L,191,0.735,0.211,1.287,0.214,0.192,0.714,object#10,,1,1,6,球L,1,3,"[{""name"": ""球L"", ""share"": 0.735, ""q"": 0.211, ""capture"": 1.287, ""miss_deg"": 0.0, ""labels"": [191]}, {""name"": ""球M"", ""share"": 0.141, ""q"": 0.04, ""capture"": 0.276, ""miss_deg"": 2.41, ""labels"": [192]}, {""name"": ""香蕉"", ""share"": 0.123, ""q"": 0.035, ""capture"": 0.075, ""miss_deg"": 3.42, ""labels"": [196]}]"
2026_08_18/000,s7,v8,,tag15,52.77,53.15,0.38,3.016,球L,191,0.732,0.184,1.122,0.305,0.272,0.749,object#17,,1,1,6,球L,1,3,"[{""name"": ""球L"", ""share"": 0.732, ""q"": 0.184, ""capture"": 1.122, ""miss_deg"": 0.0, ""labels"": [191]}, {""name"": ""球M"", ""share"": 0.199, ""q"": 0.05, ""capture"": 0.342, ""miss_deg"": 2.2, ""labels"": [192]}, {""name"": ""香蕉"", ""share"": 0.066, ""q"": 0.017, ""capture"": 0.035, ""miss_deg"": 3.88, ""labels"": [196]}]"
2026_08_18/000,s7,v8,,tag15,53.2,56.18,2.98,3.018,球L,191,0.77,0.198,1.212,0.151,0.135,0.743,object#36,,1,1,6,球L,1,3,"[{""name"": ""球L"", ""share"": 0.77, ""q"": 0.198, ""capture"": 1.212, ""miss_deg"": 0.0, ""labels"": [191]}, {""name"": ""球M"", ""share"": 0.104, ""q"": 0.027, ""capture"": 0.183, ""miss_deg"": 2.77, ""labels"": [192]}, {""name"": ""香蕉"", ""share"": 0.126, ""q"": 0.033, ""capture"": 0.069, ""miss_deg"": 3.47, ""labels"": [196]}]"
2026_08_18/000,s7,v8,,tag15,56.34,57.37,1.03,3.017,球L,191,0.613,0.094,0.575,0.704,0.628,0.846,object#17,,1,1,6,球L,1,3,"[{""name"": ""球L"", ""share"": 0.613, ""q"": 0.094, ""capture"": 0.575, ""miss_deg"": 1.58, ""labels"": [191]}, {""name"": ""球M"", ""share"": 0.385, ""q"": 0.059, ""capture"": 0.405, ""miss_deg"": 2.02, ""labels"": [192]}, {""name"": ""球R"", ""share"": 0.001, ""q"": 0.0, ""capture"": 0.002, ""miss_deg"": 5.39, ""labels"": [193]}]"
2026_08_18/000,s7,v8,,tag15,57.91,58.24,0.32,2.985,球M,192,0.618,0.126,0.864,0.374,0.419,0.796,object#17,,1,1,,,,3,"[{""name"": ""球M"", ""share"": 0.618, ""q"": 0.126, ""capture"": 0.864, ""miss_deg"": 0.81, ""labels"": [192]}, {""name"": ""球L"", ""share"": 0.259, ""q"": 0.053, ""capture"": 0.323, ""miss_deg"": 2.26, ""labels"": [191]}, {""name"": ""球R"", ""share"": 0.123, ""q"": 0.025, ""capture"": 0.182, ""miss_deg"": 2.77, ""labels"": [193]}]"
2026_08_18/000,s7,v8,,tag15,58.35,60.96,2.61,2.985,球M,192,0.613,0.136,0.932,0.37,0.414,0.778,object#17,,1,1,7,球M,1,3,"[{""name"": ""球M"", ""share"": 0.613, ""q"": 0.136, ""capture"": 0.932, ""miss_deg"": 0.56, ""labels"": [192]}, {""name"": ""球L"", ""share"": 0.254, ""q"": 0.056, ""capture"": 0.345, ""miss_deg"": 2.19, ""labels"": [191]}, {""name"": ""球R"", ""share"": 0.132, ""q"": 0.029, ""capture"": 0.214, ""miss_deg"": 2.63, ""labels"": [193]}]"
2026_08_18/000,s7,v8,,tag15,61.01,62.2,1.19,3.326,球M,192,0.62,0.072,0.655,0.592,0.592,0.884,object#17,,1,1,7,球M,1,3,"[{""name"": ""球M"", ""share"": 0.62, ""q"": 0.072, ""capture"": 0.655, ""miss_deg"": 1.38, ""labels"": [192]}, {""name"": ""球R"", ""share"": 0.367, ""q"": 0.043, ""capture"": 0.388, ""miss_deg"": 2.06, ""labels"": [193]}, {""name"": ""球L"", ""share"": 0.012, ""q"": 0.001, ""capture"": 0.012, ""miss_deg"": 4.45, ""labels"": [191]}]"
2026_08_18/000,s7,v8,,tag15,63.12,63.5,0.38,2.969,球M,192,0.629,0.099,0.676,0.404,0.453,0.843,object#17,,1,1,7,球M,1,3,"[{""name"": ""球M"", ""share"": 0.629, ""q"": 0.099, ""capture"": 0.676, ""miss_deg"": 1.33, ""labels"": [192]}, {""name"": ""球L"", ""share"": 0.285, ""q"": 0.045, ""capture"": 0.273, ""miss_deg"": 2.42, ""labels"": [191]}, {""name"": ""球R"", ""share"": 0.086, ""q"": 0.014, ""capture"": 0.099, ""miss_deg"": 3.23, ""labels"": [193]}]"
2026_08_18/000,s7,v8,,tag15,63.72,64.15,0.43,2.985,球M,192,0.651,0.117,0.803,0.31,0.347,0.82,object#17,,1,1,,,,3,"[{""name"": ""球M"", ""share"": 0.651, ""q"": 0.117, ""capture"": 0.803, ""miss_deg"": 0.99, ""labels"": [192]}, {""name"": ""球L"", ""share"": 0.226, ""q"": 0.041, ""capture"": 0.249, ""miss_deg"": 2.5, ""labels"": [191]}, {""name"": ""球R"", ""share"": 0.123, ""q"": 0.022, ""capture"": 0.162, ""miss_deg"": 2.86, ""labels"": [193]}]"
2026_08_18/000,s7,v8,,tag15,66.98,67.26,0.27,2.818,,-1,0.0,0.0,,,,1.0,floor,,0,0,,,,0,[]
2026_08_18/000,s7,v8,,tag15,68.14,68.46,0.32,2.937,,-1,0.0,0.0,,,,1.0,object#11,,0,0,,,,0,[]
2026_08_18/000,s7,v8,,tag15,68.52,69.28,0.76,2.87,,-1,0.0,0.0,,,,1.0,object#11,,0,0,,,,0,[]
2026_08_18/000,s7,v8,,tag15,69.33,69.71,0.38,2.883,,-1,0.0,0.0,,,,1.0,object#11,,0,0,,,,0,[]
2026_08_18/000,s7,v8,,tag15,69.77,70.04,0.27,2.82,,-1,0.0,0.0,,,,1.0,object#11,,0,0,,,,0,[]
2026_08_18/000,s7,v8,,tag15,70.71,70.98,0.27,3.087,石榴,195,0.637,0.126,1.15,0.247,0.33,0.802,object#10,,1,1,,,,3,"[{""name"": ""石榴"", ""share"": 0.637, ""q"": 0.126, ""capture"": 1.15, ""miss_deg"": 0.0, ""labels"": [195]}, {""name"": ""球M"", ""share"": 0.21, ""q"": 0.041, ""capture"": 0.284, ""miss_deg"": 2.38, ""labels"": [192]}, {""name"": ""球L"", ""share"": 0.092, ""q"": 0.018, ""capture"": 0.125, ""miss_deg"": 3.06, ""labels"": [191]}]"
2026_08_18/000,s7,v8,,tag15,71.3,71.63,0.32,3.099,石榴,195,0.647,0.124,1.131,0.239,0.317,0.808,object#10,,1,1,,,,3,"[{""name"": ""石榴"", ""share"": 0.647, ""q"": 0.124, ""capture"": 1.131, ""miss_deg"": 0.0, ""labels"": [195]}, {""name"": ""球M"", ""share"": 0.205, ""q"": 0.039, ""capture"": 0.27, ""miss_deg"": 2.43, ""labels"": [192]}, {""name"": ""球L"", ""share"": 0.084, ""q"": 0.016, ""capture"": 0.11, ""miss_deg"": 3.15, ""labels"": [191]}]"
2026_08_18/000,s7,v8,,tag15,71.95,72.77,0.82,3.0,球M,192,0.441,0.103,0.708,0.952,0.717,0.766,object#10,,0,0,,,,3,"[{""name"": ""球M"", ""share"": 0.441, ""q"": 0.103, ""capture"": 0.708, ""miss_deg"": 1.25, ""labels"": [192]}, {""name"": ""石榴"", ""share"": 0.316, ""q"": 0.074, ""capture"": 0.674, ""miss_deg"": 1.33, ""labels"": [195]}, {""name"": ""球L"", ""share"": 0.146, ""q"": 0.034, ""capture"": 0.209, ""miss_deg"": 2.65, ""labels"": [191]}]"
2026_08_18/000,s7,v8,,tag15,73.2,74.45,1.25,3.138,石榴,195,0.351,0.059,0.539,0.874,1.091,0.832,object#10,,0,0,8,球R,0,3,"[{""name"": ""石榴"", ""share"": 0.351, ""q"": 0.059, ""capture"": 0.539, ""miss_deg"": 1.67, ""labels"": [195]}, {""name"": ""球M"", ""share"": 0.383, ""q"": 0.065, ""capture"": 0.471, ""miss_deg"": 1.84, ""labels"": [192]}, {""name"": ""球R"", ""share"": 0.25, ""q"": 0.042, ""capture"": 0.383, ""miss_deg"": 2.08, ""labels"": [193]}]"
2026_08_18/000,s7,v8,,tag15,74.88,75.37,0.49,3.173,石榴,195,0.519,0.078,0.854,0.384,0.578,0.85,object#10,,1,1,8,球R,0,3,"[{""name"": ""石榴"", ""share"": 0.519, ""q"": 0.078, ""capture"": 0.854, ""miss_deg"": 0.84, ""labels"": [195]}, {""name"": ""球M"", ""share"": 0.3, ""q"": 0.045, ""capture"": 0.328, ""miss_deg"": 2.24, ""labels"": [192]}, {""name"": ""球R"", ""share"": 0.171, ""q"": 0.026, ""capture"": 0.233, ""miss_deg"": 2.56, ""labels"": [193]}]"
2026_08_18/000,s7,v8,,tag15,75.65,76.35,0.7,3.155,石榴,195,0.308,0.051,0.469,0.994,1.24,0.833,object#10,,0,0,8,球R,0,3,"[{""name"": ""石榴"", ""share"": 0.308, ""q"": 0.051, ""capture"": 0.469, ""miss_deg"": 1.85, ""labels"": [195]}, {""name"": ""球M"", ""share"": 0.382, ""q"": 0.064, ""capture"": 0.466, ""miss_deg"": 1.85, ""labels"": [192]}, {""name"": ""球R"", ""share"": 0.293, ""q"": 0.049, ""capture"": 0.446, ""miss_deg"": 1.91, ""labels"": [193]}]"
2026_08_18/000,s7,v8,,tag15,76.73,78.52,1.79,3.113,石榴,195,0.499,0.094,0.853,0.497,0.661,0.813,object#10,,1,0,8,球R,0,3,"[{""name"": ""石榴"", ""share"": 0.499, ""q"": 0.094, ""capture"": 0.853, ""miss_deg"": 0.85, ""labels"": [195]}, {""name"": ""球M"", ""share"": 0.33, ""q"": 0.062, ""capture"": 0.424, ""miss_deg"": 1.96, ""labels"": [192]}, {""name"": ""球R"", ""share"": 0.13, ""q"": 0.024, ""capture"": 0.205, ""miss_deg"": 2.67, ""labels"": [193]}]"
2026_08_18/000,s7,v8,,tag15,78.58,79.66,1.08,3.035,石榴,195,0.469,0.102,0.931,0.53,0.706,0.782,object#10,,1,0,,,,3,"[{""name"": ""石榴"", ""share"": 0.469, ""q"": 0.102, ""capture"": 0.931, ""miss_deg"": 0.57, ""labels"": [195]}, {""name"": ""球M"", ""share"": 0.331, ""q"": 0.072, ""capture"": 0.493, ""miss_deg"": 1.78, ""labels"": [192]}, {""name"": ""球L"", ""share"": 0.11, ""q"": 0.024, ""capture"": 0.164, ""miss_deg"": 2.85, ""labels"": [191]}]"
2026_08_18/000,s7,v8,,tag15,80.05,80.38,0.32,3.187,球R,193,0.458,0.068,0.617,0.652,0.814,0.852,object#10,,1,0,9,球R,1,3,"[{""name"": ""球R"", ""share"": 0.458, ""q"": 0.068, ""capture"": 0.617, ""miss_deg"": 1.48, ""labels"": [193]}, {""name"": ""球M"", ""share"": 0.373, ""q"": 0.055, ""capture"": 0.402, ""miss_deg"": 2.02, ""labels"": [192]}, {""name"": ""石榴"", ""share"": 0.164, ""q"": 0.024, ""capture"": 0.266, ""miss_deg"": 2.44, ""labels"": [195]}]"
2026_08_18/000,s7,v8,,tag15,80.43,81.9,1.46,3.269,球R,193,0.428,0.047,0.432,0.88,0.729,0.889,object#63,,0,0,9,球R,1,3,"[{""name"": ""球R"", ""share"": 0.428, ""q"": 0.047, ""capture"": 0.432, ""miss_deg"": 1.94, ""labels"": [193]}, {""name"": ""石榴"", ""share"": 0.312, ""q"": 0.035, ""capture"": 0.38, ""miss_deg"": 2.09, ""labels"": [195]}, {""name"": ""球M"", ""share"": 0.26, ""q"": 0.029, ""capture"": 0.242, ""miss_deg"": 2.53, ""labels"": [192]}]"
2026_08_18/000,s7,v8,,tag15,82.11,83.74,1.62,3.266,球R,193,0.541,0.063,0.57,0.489,0.53,0.884,object#63,,1,1,9,球R,1,3,"[{""name"": ""球R"", ""share"": 0.541, ""q"": 0.063, ""capture"": 0.57, ""miss_deg"": 1.59, ""labels"": [193]}, {""name"": ""球M"", ""share"": 0.287, ""q"": 0.033, ""capture"": 0.279, ""miss_deg"": 2.4, ""labels"": [192]}, {""name"": ""石榴"", ""share"": 0.172, ""q"": 0.02, ""capture"": 0.219, ""miss_deg"": 2.61, ""labels"": [195]}]"
2026_08_18/000,s7,v8,,tag15,83.79,85.36,1.57,3.196,球R,193,0.532,0.079,0.722,0.596,0.742,0.851,object#70,,1,1,9,球R,1,3,"[{""name"": ""球R"", ""share"": 0.532, ""q"": 0.079, ""capture"": 0.722, ""miss_deg"": 1.21, ""labels"": [193]}, {""name"": ""球M"", ""share"": 0.395, ""q"": 0.059, ""capture"": 0.43, ""miss_deg"": 1.95, ""labels"": [192]}, {""name"": ""石榴"", ""share"": 0.069, ""q"": 0.01, ""capture"": 0.114, ""miss_deg"": 3.13, ""labels"": [195]}]"
2026_08_18/000,s7,v8,,tag15,85.42,85.9,0.49,3.11,石榴,195,0.412,0.087,0.796,0.693,0.925,0.788,object#10,,0,0,,,,3,"[{""name"": ""石榴"", ""share"": 0.412, ""q"": 0.087, ""capture"": 0.796, ""miss_deg"": 1.01, ""labels"": [195]}, {""name"": ""球M"", ""share"": 0.381, ""q"": 0.081, ""capture"": 0.552, ""miss_deg"": 1.63, ""labels"": [192]}, {""name"": ""球R"", ""share"": 0.145, ""q"": 0.031, ""capture"": 0.259, ""miss_deg"": 2.47, ""labels"": [193]}]"
2026_08_18/000,s7,v8,,tag15,86.23,86.5,0.27,3.297,球R,193,0.432,0.046,0.421,0.876,0.727,0.893,object#63,,0,0,,,,3,"[{""name"": ""球R"", ""share"": 0.432, ""q"": 0.046, ""capture"": 0.421, ""miss_deg"": 1.97, ""labels"": [193]}, {""name"": ""石榴"", ""share"": 0.314, ""q"": 0.034, ""capture"": 0.369, ""miss_deg"": 2.12, ""labels"": [195]}, {""name"": ""球M"", ""share"": 0.253, ""q"": 0.027, ""capture"": 0.228, ""miss_deg"": 2.58, ""labels"": [192]}]"
2026_08_18/000,s7,v8,,tag15,86.8,87.12,0.32,3.009,球M,192,0.371,0.093,0.634,0.95,0.712,0.75,object#10,,1,0,10,球M,1,3,"[{""name"": ""球M"", ""share"": 0.371, ""q"": 0.093, ""capture"": 0.634, ""miss_deg"": 1.43, ""labels"": [192]}, {""name"": ""石榴"", ""share"": 0.264, ""q"": 0.066, ""capture"": 0.602, ""miss_deg"": 1.51, ""labels"": [195]}, {""name"": ""球L"", ""share"": 0.282, ""q"": 0.07, ""capture"": 0.43, ""miss_deg"": 1.95, ""labels"": [191]}]"
2026_08_18/000,s7,v8,,tag15,87.18,87.55,0.38,3.122,石榴,195,0.502,0.107,0.973,0.538,0.671,0.788,object#10,,1,1,10,球M,0,3,"[{""name"": ""石榴"", ""share"": 0.502, ""q"": 0.107, ""capture"": 0.973, ""miss_deg"": 0.35, ""labels"": [195]}, {""name"": ""球M"", ""share"": 0.337, ""q"": 0.072, ""capture"": 0.523, ""miss_deg"": 1.71, ""labels"": [192]}, {""name"": ""球R"", ""share"": 0.092, ""q"": 0.019, ""capture"": 0.164, ""miss_deg"": 2.85, ""labels"": [193]}]"
2026_08_18/000,s7,v8,,tag15,88.31,92.65,4.33,3.055,石榴,195,0.45,0.099,0.901,0.557,0.74,0.78,object#10,,1,0,10,球M,0,3,"[{""name"": ""石榴"", ""share"": 0.45, ""q"": 0.099, ""capture"": 0.901, ""miss_deg"": 0.69, ""labels"": [195]}, {""name"": ""球M"", ""share"": 0.333, ""q"": 0.073, ""capture"": 0.502, ""miss_deg"": 1.76, ""labels"": [192]}, {""name"": ""球L"", ""share"": 0.142, ""q"": 0.031, ""capture"": 0.214, ""miss_deg"": 2.63, ""labels"": [191]}]"
2026_08_18/000,s7,v8,,tag15,92.81,93.46,0.65,3.049,石榴,195,0.45,0.11,1.001,0.542,0.72,0.756,object#10,,1,0,,,,3,"[{""name"": ""石榴"", ""share"": 0.45, ""q"": 0.11, ""capture"": 1.001, ""miss_deg"": 0.0, ""labels"": [195]}, {""name"": ""球M"", ""share"": 0.324, ""q"": 0.079, ""capture"": 0.543, ""miss_deg"": 1.66, ""labels"": [192]}, {""name"": ""球L"", ""share"": 0.163, ""q"": 0.04, ""capture"": 0.272, ""miss_deg"": 2.42, ""labels"": [191]}]"
2026_08_18/000,s7,v8,,tag15,94.3,98.81,4.5,3.0,球L,191,0.371,0.075,0.461,0.577,1.666,0.797,object#10,,0,0,11,球L,1,3,"[{""name"": ""球L"", ""share"": 0.371, ""q"": 0.075, ""capture"": 0.461, ""miss_deg"": 1.87, ""labels"": [191]}, {""name"": ""香蕉"", ""share"": 0.618, ""q"": 0.126, ""capture"": 0.266, ""miss_deg"": 2.44, ""labels"": [196]}, {""name"": ""球M"", ""share"": 0.008, ""q"": 0.002, ""capture"": 0.01, ""miss_deg"": 4.53, ""labels"": [192]}]"
2026_08_18/000,s7,v8,,tag15,98.86,99.13,0.27,3.065,石榴,195,0.49,0.105,0.954,0.374,0.498,0.786,object#10,,1,0,11,球L,0,3,"[{""name"": ""石榴"", ""share"": 0.49, ""q"": 0.105, ""capture"": 0.954, ""miss_deg"": 0.46, ""labels"": [195]}, {""name"": ""球M"", ""share"": 0.244, ""q"": 0.052, ""capture"": 0.357, ""miss_deg"": 2.15, ""labels"": [192]}, {""name"": ""球L"", ""share"": 0.181, ""q"": 0.039, ""capture"": 0.264, ""miss_deg"": 2.45, ""labels"": [191]}]"
2026_08_18/000,s7,v8,,tag15,99.19,100.22,1.03,3.02,球L,191,0.397,0.071,0.435,0.464,1.343,0.82,object#10,,0,0,11,球L,1,3,"[{""name"": ""球L"", ""share"": 0.397, ""q"": 0.071, ""capture"": 0.435, ""miss_deg"": 1.93, ""labels"": [191]}, {""name"": ""香蕉"", ""share"": 0.533, ""q"": 0.096, ""capture"": 0.202, ""miss_deg"": 2.68, ""labels"": [196]}, {""name"": ""球M"", ""share"": 0.054, ""q"": 0.01, ""capture"": 0.066, ""miss_deg"": 3.49, ""labels"": [192]}]"
2026_08_18/000,s7,v8,,tag15,100.27,101.14,0.87,3.093,石榴,195,0.351,0.081,0.736,0.844,1.123,0.77,object#10,,0,0,,,,3,"[{""name"": ""石榴"", ""share"": 0.351, ""q"": 0.081, ""capture"": 0.736, ""miss_deg"": 1.17, ""labels"": [195]}, {""name"": ""球M"", ""share"": 0.394, ""q"": 0.091, ""capture"": 0.621, ""miss_deg"": 1.46, ""labels"": [192]}, {""name"": ""球L"", ""share"": 0.134, ""q"": 0.031, ""capture"": 0.212, ""miss_deg"": 2.64, ""labels"": [191]}]"
2026_08_18/000,s7,v8,,tag15,101.41,101.9,0.49,3.177,石榴,195,0.549,0.105,1.156,0.345,0.519,0.808,object#10,,1,1,12,球M,0,3,"[{""name"": ""石榴"", ""share"": 0.549, ""q"": 0.105, ""capture"": 1.156, ""miss_deg"": 0.0, ""labels"": [195]}, {""name"": ""球M"", ""share"": 0.285, ""q"": 0.055, ""capture"": 0.399, ""miss_deg"": 2.03, ""labels"": [192]}, {""name"": ""球R"", ""share"": 0.073, ""q"": 0.014, ""capture"": 0.127, ""miss_deg"": 3.05, ""labels"": [193]}]"
2026_08_18/000,s7,v8,,tag15,102.18,102.72,0.54,3.148,石榴,195,0.448,0.095,0.862,0.593,0.741,0.789,object#10,,0,0,12,球M,0,3,"[{""name"": ""石榴"", ""share"": 0.448, ""q"": 0.095, ""capture"": 0.862, ""miss_deg"": 0.82, ""labels"": [195]}, {""name"": ""球M"", ""share"": 0.332, ""q"": 0.07, ""capture"": 0.511, ""miss_deg"": 1.74, ""labels"": [192]}, {""name"": ""球R"", ""share"": 0.103, ""q"": 0.022, ""capture"": 0.197, ""miss_deg"": 2.7, ""labels"": [193]}]"
2026_08_18/000,s7,v8,,tag15,103.86,105.05,1.2,3.937,石榴,195,0.682,0.083,1.324,0.207,0.302,0.879,object#61,,1,1,12,球M,0,3,"[{""name"": ""石榴"", ""share"": 0.682, ""q"": 0.083, ""capture"": 1.324, ""miss_deg"": 0.0, ""labels"": [195]}, {""name"": ""球M"", ""share"": 0.206, ""q"": 0.025, ""capture"": 0.274, ""miss_deg"": 2.41, ""labels"": [192]}, {""name"": ""球R"", ""share"": 0.109, ""q"": 0.013, ""capture"": 0.145, ""miss_deg"": 2.95, ""labels"": [193]}]"
2026_08_18/000,s7,v8,,tag15,105.65,106.25,0.6,3.58,石榴,195,0.779,0.119,1.303,0.171,0.207,0.848,object#61,,1,1,12,球M,0,3,"[{""name"": ""石榴"", ""share"": 0.779, ""q"": 0.119, ""capture"": 1.303, ""miss_deg"": 0.0, ""labels"": [195]}, {""name"": ""球M"", ""share"": 0.161, ""q"": 0.024, ""capture"": 0.223, ""miss_deg"": 2.6, ""labels"": [192]}, {""name"": ""球R"", ""share"": 0.017, ""q"": 0.003, ""capture"": 0.029, ""miss_deg"": 4.0, ""labels"": [193]}]"
2026_08_18/000,s7,v8,,tag15,107.32,107.76,0.43,3.056,石榴,195,0.567,0.111,1.009,0.21,0.28,0.805,object#10,,1,1,,,,3,"[{""name"": ""石榴"", ""share"": 0.567, ""q"": 0.111, ""capture"": 1.009, ""miss_deg"": 0.0, ""labels"": [195]}, {""name"": ""球M"", ""share"": 0.159, ""q"": 0.031, ""capture"": 0.212, ""miss_deg"": 2.64, ""labels"": [192]}, {""name"": ""球L"", ""share"": 0.155, ""q"": 0.03, ""capture"": 0.207, ""miss_deg"": 2.66, ""labels"": [191]}]"
2026_08_18/000,s7,v8,,tag15,108.19,109.7,1.52,3.915,石榴,195,0.49,0.016,0.253,0.711,1.041,0.968,object#29,,1,0,13,球R,0,2,"[{""name"": ""石榴"", ""share"": 0.49, ""q"": 0.016, ""capture"": 0.253, ""miss_deg"": 2.49, ""labels"": [195]}, {""name"": ""球R"", ""share"": 0.51, ""q"": 0.016, ""capture"": 0.18, ""miss_deg"": 2.78, ""labels"": [193]}]"
2026_08_18/000,s7,v8,,tag15,110.19,110.74,0.54,3.863,石榴,195,0.427,0.033,0.532,0.664,0.97,0.922,object#29,,0,0,13,球R,0,3,"[{""name"": ""石榴"", ""share"": 0.427, ""q"": 0.033, ""capture"": 0.532, ""miss_deg"": 1.68, ""labels"": [195]}, {""name"": ""球R"", ""share"": 0.414, ""q"": 0.032, ""capture"": 0.353, ""miss_deg"": 2.16, ""labels"": [193]}, {""name"": ""球M"", ""share"": 0.159, ""q"": 0.012, ""capture"": 0.135, ""miss_deg"": 3.0, ""labels"": [192]}]"
2026_08_18/000,s7,v8,,tag15,111.17,112.14,0.97,3.861,石榴,195,0.367,0.021,0.345,0.974,1.422,0.941,object#29,,0,0,13,球R,0,3,"[{""name"": ""石榴"", ""share"": 0.367, ""q"": 0.021, ""capture"": 0.345, ""miss_deg"": 2.19, ""labels"": [195]}, {""name"": ""球R"", ""share"": 0.522, ""q"": 0.031, ""capture"": 0.336, ""miss_deg"": 2.22, ""labels"": [193]}, {""name"": ""球M"", ""share"": 0.112, ""q"": 0.007, ""capture"": 0.072, ""miss_deg"": 3.44, ""labels"": [192]}]"
2026_08_18/000,s7,v8,,tag15,112.8,113.24,0.43,3.868,石榴,195,0.446,0.025,0.393,0.725,1.058,0.945,object#29,,0,0,13,球R,0,3,"[{""name"": ""石榴"", ""share"": 0.446, ""q"": 0.025, ""capture"": 0.393, ""miss_deg"": 2.05, ""labels"": [195]}, {""name"": ""球R"", ""share"": 0.472, ""q"": 0.026, ""capture"": 0.285, ""miss_deg"": 2.38, ""labels"": [193]}, {""name"": ""球M"", ""share"": 0.083, ""q"": 0.005, ""capture"": 0.05, ""miss_deg"": 3.67, ""labels"": [192]}]"
2026_08_18/000,s7,v8,,tag15,113.84,115.08,1.25,3.853,球R,193,0.597,0.03,0.327,0.706,0.486,0.95,object#29,,1,1,,,,3,"[{""name"": ""球R"", ""share"": 0.597, ""q"": 0.03, ""capture"": 0.327, ""miss_deg"": 2.24, ""labels"": [193]}, {""name"": ""石榴"", ""share"": 0.29, ""q"": 0.014, ""capture"": 0.231, ""miss_deg"": 2.57, ""labels"": [195]}, {""name"": ""球M"", ""share"": 0.113, ""q"": 0.006, ""capture"": 0.062, ""miss_deg"": 3.54, ""labels"": [192]}]"
2026_08_18/000,s7,v8,,tag15,115.4,115.94,0.54,3.186,石榴,195,0.473,0.095,1.042,0.488,0.736,0.8,object#10,,1,0,14,球M,0,3,"[{""name"": ""石榴"", ""share"": 0.473, ""q"": 0.095, ""capture"": 1.042, ""miss_deg"": 0.0, ""labels"": [195]}, {""name"": ""球M"", ""share"": 0.348, ""q"": 0.07, ""capture"": 0.509, ""miss_deg"": 1.74, ""labels"": [192]}, {""name"": ""球R"", ""share"": 0.115, ""q"": 0.023, ""capture"": 0.21, ""miss_deg"": 2.65, ""labels"": [193]}]"
2026_08_18/000,s7,v8,,tag15,116.38,116.65,0.27,3.274,石榴,195,0.544,0.084,0.92,0.395,0.515,0.846,object#10,,1,1,14,球M,0,3,"[{""name"": ""石榴"", ""share"": 0.544, ""q"": 0.084, ""capture"": 0.92, ""miss_deg"": 0.61, ""labels"": [195]}, {""name"": ""球M"", ""share"": 0.28, ""q"": 0.043, ""capture"": 0.363, ""miss_deg"": 2.13, ""labels"": [192]}, {""name"": ""球R"", ""share"": 0.165, ""q"": 0.025, ""capture"": 0.231, ""miss_deg"": 2.57, ""labels"": [193]}]"
2026_08_18/000,s7,v8,,tag15,117.89,118.17,0.27,3.242,石榴,195,0.458,0.079,0.871,0.588,0.766,0.827,object#10,,1,0,14,球M,0,3,"[{""name"": ""石榴"", ""share"": 0.458, ""q"": 0.079, ""capture"": 0.871, ""miss_deg"": 0.79, ""labels"": [195]}, {""name"": ""球M"", ""share"": 0.351, ""q"": 0.061, ""capture"": 0.512, ""miss_deg"": 1.74, ""labels"": [192]}, {""name"": ""球R"", ""share"": 0.167, ""q"": 0.029, ""capture"": 0.263, ""miss_deg"": 2.45, ""labels"": [193]}]"
2026_08_18/000,s7,v8,,tag15,118.65,118.98,0.32,3.249,石榴,195,0.542,0.086,0.945,0.432,0.563,0.841,object#10,,1,1,14,球M,0,3,"[{""name"": ""石榴"", ""share"": 0.542, ""q"": 0.086, ""capture"": 0.945, ""miss_deg"": 0.5, ""labels"": [195]}, {""name"": ""球M"", ""share"": 0.305, ""q"": 0.048, ""capture"": 0.408, ""miss_deg"": 2.01, ""labels"": [192]}, {""name"": ""球R"", ""share"": 0.132, ""q"": 0.021, ""capture"": 0.192, ""miss_deg"": 2.73, ""labels"": [193]}]"
2026_08_18/000,s7,v8,,tag15,119.36,121.2,1.84,3.172,石榴,195,0.43,0.085,0.938,0.581,0.872,0.801,object#10,,0,0,14,球M,0,3,"[{""name"": ""石榴"", ""share"": 0.43, ""q"": 0.085, ""capture"": 0.938, ""miss_deg"": 0.53, ""labels"": [195]}, {""name"": ""球M"", ""share"": 0.375, ""q"": 0.075, ""capture"": 0.545, ""miss_deg"": 1.65, ""labels"": [192]}, {""name"": ""球R"", ""share"": 0.139, ""q"": 0.028, ""capture"": 0.252, ""miss_deg"": 2.49, ""labels"": [193]}]"
2026_08_18/000,s7,v8,,tag15,121.25,121.69,0.43,3.256,球R,193,0.429,0.066,0.597,0.832,0.902,0.847,object#70,,0,0,,,,3,"[{""name"": ""球R"", ""share"": 0.429, ""q"": 0.066, ""capture"": 0.597, ""miss_deg"": 1.52, ""labels"": [193]}, {""name"": ""球M"", ""share"": 0.387, ""q"": 0.059, ""capture"": 0.497, ""miss_deg"": 1.77, ""labels"": [192]}, {""name"": ""石榴"", ""share"": 0.179, ""q"": 0.027, ""capture"": 0.301, ""miss_deg"": 2.33, ""labels"": [195]}]"
2026_08_18/000,s7,v8,,tag15,122.33,124.56,2.22,3.035,球L,191,0.229,0.036,0.25,0.864,2.721,0.84,object#10,,0,0,15,球L,1,3,"[{""name"": ""球L"", ""share"": 0.229, ""q"": 0.036, ""capture"": 0.25, ""miss_deg"": 2.5, ""labels"": [191]}, {""name"": ""香蕉"", ""share"": 0.623, ""q"": 0.099, ""capture"": 0.216, ""miss_deg"": 2.63, ""labels"": [196]}, {""name"": ""石榴"", ""share"": 0.122, ""q"": 0.019, ""capture"": 0.178, ""miss_deg"": 2.79, ""labels"": [195]}]"
2026_08_18/000,s7,v8,,tag15,124.84,125.33,0.49,3.071,石榴,195,0.376,0.066,0.602,0.455,0.604,0.824,object#10,,1,0,15,球L,0,3,"[{""name"": ""石榴"", ""share"": 0.376, ""q"": 0.066, ""capture"": 0.602, ""miss_deg"": 1.51, ""labels"": [195]}, {""name"": ""球L"", ""share"": 0.227, ""q"": 0.04, ""capture"": 0.274, ""miss_deg"": 2.41, ""labels"": [191]}, {""name"": ""香蕉"", ""share"": 0.333, ""q"": 0.058, ""capture"": 0.13, ""miss_deg"": 3.03, ""labels"": [196]}]"
2026_08_18/000,s7,v8,,tag15,126.42,128.16,1.74,3.06,石榴,195,0.284,0.042,0.386,0.503,0.669,0.851,object#10,,0,0,15,球L,0,3,"[{""name"": ""石榴"", ""share"": 0.284, ""q"": 0.042, ""capture"": 0.386, ""miss_deg"": 2.07, ""labels"": [195]}, {""name"": ""球L"", ""share"": 0.19, ""q"": 0.028, ""capture"": 0.194, ""miss_deg"": 2.72, ""labels"": [191]}, {""name"": ""香蕉"", ""share"": 0.507, ""q"": 0.076, ""capture"": 0.168, ""miss_deg"": 2.83, ""labels"": [196]}]"
2026_08_18/000,s7,v8,,tag15,128.21,128.59,0.38,2.945,球L,191,0.563,0.127,0.777,0.26,0.259,0.774,object#10,,1,1,,,,3,"[{""name"": ""球L"", ""share"": 0.563, ""q"": 0.127, ""capture"": 0.777, ""miss_deg"": 1.07, ""labels"": [191]}, {""name"": ""球M"", ""share"": 0.146, ""q"": 0.033, ""capture"": 0.202, ""miss_deg"": 2.68, ""labels"": [192]}, {""name"": ""香蕉"", ""share"": 0.291, ""q"": 0.066, ""capture"": 0.139, ""miss_deg"": 2.98, ""labels"": [196]}]"
2026_08_20/000,c1,v9,,tag15,6.97,7.24,0.27,2.316,水瓶,30,0.796,0.337,0.49,0.233,0.07,0.576,object#12,,1,1,,,,3,"[{""name"": ""水瓶"", ""share"": 0.796, ""q"": 0.337, ""capture"": 0.49, ""miss_deg"": 1.79, ""labels"": [30]}, {""name"": ""苹果红"", ""share"": 0.056, ""q"": 0.024, ""capture"": 0.114, ""miss_deg"": 3.12, ""labels"": [260]}, {""name"": ""香蕉"", ""share"": 0.132, ""q"": 0.056, ""capture"": 0.069, ""miss_deg"": 3.47, ""labels"": [264]}]"
2026_08_20/000,c1,v9,,tag15,7.37,7.67,0.3,2.268,苹果红,260,0.219,0.1,0.483,0.665,2.265,0.546,object#12,,0,0,,,,3,"[{""name"": ""苹果红"", ""share"": 0.219, ""q"": 0.1, ""capture"": 0.483, ""miss_deg"": 1.81, ""labels"": [260]}, {""name"": ""水瓶"", ""share"": 0.496, ""q"": 0.225, ""capture"": 0.321, ""miss_deg"": 2.26, ""labels"": [30]}, {""name"": ""橘子"", ""share"": 0.053, ""q"": 0.024, ""capture"": 0.147, ""miss_deg"": 2.94, ""labels"": [262]}]"
2026_08_20/000,c1,v9,,tag15,8.91,9.23,0.32,3.486,,-1,0.0,0.0,,,,1.0,object#26,,0,0,,,,0,[]
2026_08_20/000,c1,v9,,tag15,10.31,11.02,0.7,2.624,,-1,0.0,0.0,,,,1.0,floor,,0,0,,,,0,[]
2026_08_20/000,c1,v9,,tag15,11.44,11.87,0.43,2.44,,-1,0.0,0.0,,,,1.0,floor,,0,0,,,,0,[]
2026_08_20/000,c1,v9,,tag15,11.92,12.2,0.27,2.304,,-1,0.0,0.0,,,,1.0,floor,,0,0,,,,0,[]
2026_08_20/000,c1,v9,,tag15,12.69,13.12,0.43,2.574,,-1,0.0,0.0,,,,1.0,floor,,0,0,,,,0,[]
2026_08_20/000,c1,v9,,tag15,14.03,14.91,0.87,2.274,球L,259,0.605,0.19,1.299,0.199,0.283,0.687,物品台,,1,1,,,,3,"[{""name"": ""球L"", ""share"": 0.605, ""q"": 0.19, ""capture"": 1.299, ""miss_deg"": 0.0, ""labels"": [259]}, {""name"": ""苹果红"", ""share"": 0.171, ""q"": 0.053, ""capture"": 0.259, ""miss_deg"": 2.47, ""labels"": [260]}, {""name"": ""苹果粉"", ""share"": 0.165, ""q"": 0.052, ""capture"": 0.191, ""miss_deg"": 2.73, ""labels"": [64, 250]}]"
2026_08_20/000,c1,v9,,tag15,15.12,15.61,0.49,2.21,球L,259,0.486,0.11,0.675,0.443,0.813,0.773,物品台,,1,0,,,,3,"[{""name"": ""球L"", ""share"": 0.486, ""q"": 0.11, ""capture"": 0.675, ""miss_deg"": 1.33, ""labels"": [259]}, {""name"": ""苹果粉"", ""share"": 0.395, ""q"": 0.09, ""capture"": 0.299, ""miss_deg"": 2.33, ""labels"": [64]}, {""name"": ""苹果红"", ""share"": 0.084, ""q"": 0.019, ""capture"": 0.086, ""miss_deg"": 3.32, ""labels"": [260]}]"
2026_08_20/000,c1,v9,,tag15,15.67,16.1,0.43,2.229,球M,261,0.261,0.097,0.663,0.977,1.096,0.629,物品台,,0,0,,,,3,"[{""name"": ""球M"", ""share"": 0.261, ""q"": 0.097, ""capture"": 0.663, ""miss_deg"": 1.36, ""labels"": [261]}, {""name"": ""球L"", ""share"": 0.286, ""q"": 0.106, ""capture"": 0.648, ""miss_deg"": 1.4, ""labels"": [259]}, {""name"": ""苹果红"", ""share"": 0.147, ""q"": 0.054, ""capture"": 0.263, ""miss_deg"": 2.45, ""labels"": [260]}]"
2026_08_20/000,c1,v9,,tag15,16.21,16.48,0.27,2.172,球L,259,0.607,0.132,0.809,0.245,0.45,0.782,物品台,,1,1,,,,3,"[{""name"": ""球L"", ""share"": 0.607, ""q"": 0.132, ""capture"": 0.809, ""miss_deg"": 0.98, ""labels"": [259]}, {""name"": ""苹果粉"", ""share"": 0.273, ""q"": 0.06, ""capture"": 0.198, ""miss_deg"": 2.7, ""labels"": [64]}, {""name"": ""苹果红"", ""share"": 0.11, ""q"": 0.024, ""capture"": 0.107, ""miss_deg"": 3.17, ""labels"": [260]}]"
2026_08_20/000,c1,v9,,tag15,16.53,17.02,0.49,2.117,球M,261,0.496,0.031,0.188,0.617,0.617,0.938,物品台,,0,0,,,,3,"[{""name"": ""球M"", ""share"": 0.496, ""q"": 0.031, ""capture"": 0.188, ""miss_deg"": 2.74, ""labels"": [261]}, {""name"": ""球L"", ""share"": 0.306, ""q"": 0.019, ""capture"": 0.116, ""miss_deg"": 3.11, ""labels"": [259]}, {""name"": ""水瓶"", ""share"": 0.194, ""q"": 0.012, ""capture"": 0.016, ""miss_deg"": 4.32, ""labels"": [30]}]"
2026_08_20/000,c1,v9,,tag15,17.13,20.81,3.68,2.15,球R,263,0.695,0.072,0.439,0.059,0.119,0.897,物品台,,1,1,1,球R,1,3,"[{""name"": ""球R"", ""share"": 0.695, ""q"": 0.072, ""capture"": 0.439, ""miss_deg"": 1.93, ""labels"": [263]}, {""name"": ""白杯1"", ""share"": 0.083, ""q"": 0.009, ""capture"": 0.026, ""miss_deg"": 4.04, ""labels"": [266]}, {""name"": ""水瓶"", ""share"": 0.172, ""q"": 0.018, ""capture"": 0.024, ""miss_deg"": 4.1, ""labels"": [30]}]"
2026_08_20/000,c1,v9,,tag15,21.03,22.06,1.03,2.15,球R,263,0.634,0.061,0.376,0.17,0.17,0.903,物品台,,1,1,1,球R,1,3,"[{""name"": ""球R"", ""share"": 0.634, ""q"": 0.061, ""capture"": 0.376, ""miss_deg"": 2.1, ""labels"": [263]}, {""name"": ""球M"", ""share"": 0.108, ""q"": 0.01, ""capture"": 0.064, ""miss_deg"": 3.52, ""labels"": [261]}, {""name"": ""白杯1"", ""share"": 0.11, ""q"": 0.011, ""capture"": 0.033, ""miss_deg"": 3.92, ""labels"": [266]}]"
2026_08_20/000,c1,v9,,tag15,22.11,23.09,0.97,2.154,球R,263,0.67,0.093,0.57,0.116,0.224,0.861,物品台,,1,1,1,球R,1,3,"[{""name"": ""球R"", ""share"": 0.67, ""q"": 0.093, ""capture"": 0.57, ""miss_deg"": 1.59, ""labels"": [263]}, {""name"": ""白杯1"", ""share"": 0.15, ""q"": 0.021, ""capture"": 0.066, ""miss_deg"": 3.5, ""labels"": [266]}, {""name"": ""水瓶"", ""share"": 0.112, ""q"": 0.016, ""capture"": 0.021, ""miss_deg"": 4.17, ""labels"": [30]}]"
2026_08_20/000,c1,v9,,tag15,23.48,23.81,0.33,2.179,球M,261,0.564,0.152,0.928,0.112,0.112,0.731,物品台,,1,1,,,,3,"[{""name"": ""球M"", ""share"": 0.564, ""q"": 0.152, ""capture"": 0.928, ""miss_deg"": 0.58, ""labels"": [261]}, {""name"": ""球L"", ""share"": 0.063, ""q"": 0.017, ""capture"": 0.104, ""miss_deg"": 3.19, ""labels"": [259]}, {""name"": ""水瓶"", ""share"": 0.284, ""q"": 0.076, ""capture"": 0.103, ""miss_deg"": 3.2, ""labels"": [30]}]"
2026_08_20/000,c1,v9,,tag15,23.92,26.05,2.14,2.208,球M,261,0.564,0.198,1.359,0.102,0.505,0.648,物品台,,1,1,2,香蕉,0,3,"[{""name"": ""球M"", ""share"": 0.564, ""q"": 0.198, ""capture"": 1.359, ""miss_deg"": 0.0, ""labels"": [261]}, {""name"": ""水瓶"", ""share"": 0.285, ""q"": 0.1, ""capture"": 0.138, ""miss_deg"": 2.99, ""labels"": [30]}, {""name"": ""香蕉"", ""share"": 0.1, ""q"": 0.035, ""capture"": 0.041, ""miss_deg"": 3.79, ""labels"": [264]}]"
2026_08_20/000,c1,v9,,tag15,26.16,27.79,1.62,2.253,球M,261,0.424,0.215,1.476,0.188,0.903,0.492,物品台,,0,0,2,香蕉,0,3,"[{""name"": ""球M"", ""share"": 0.424, ""q"": 0.215, ""capture"": 1.476, ""miss_deg"": 0.0, ""labels"": [261]}, {""name"": ""水瓶"", ""share"": 0.383, ""q"": 0.195, ""capture"": 0.277, ""miss_deg"": 2.4, ""labels"": [30]}, {""name"": ""苹果红"", ""share"": 0.044, ""q"": 0.023, ""capture"": 0.109, ""miss_deg"": 3.15, ""labels"": [260]}]"
2026_08_20/000,c1,v9,,tag15,28.02,29.1,1.08,2.248,球M,261,0.426,0.212,1.452,0.191,0.918,0.502,物品台,,0,0,2,香蕉,0,3,"[{""name"": ""球M"", ""share"": 0.426, ""q"": 0.212, ""capture"": 1.452, ""miss_deg"": 0.0, ""labels"": [261]}, {""name"": ""水瓶"", ""share"": 0.391, ""q"": 0.195, ""capture"": 0.277, ""miss_deg"": 2.4, ""labels"": [30]}, {""name"": ""苹果红"", ""share"": 0.05, ""q"": 0.025, ""capture"": 0.12, ""miss_deg"": 3.09, ""labels"": [260]}]"
2026_08_20/000,c1,v9,,tag15,29.15,30.34,1.19,2.232,球L,259,0.231,0.129,0.787,0.926,1.169,0.443,物品台,,0,0,,,,3,"[{""name"": ""球L"", ""share"": 0.231, ""q"": 0.129, ""capture"": 0.787, ""miss_deg"": 1.04, ""labels"": [259]}, {""name"": ""苹果红"", ""share"": 0.27, ""q"": 0.15, ""capture"": 0.729, ""miss_deg"": 1.19, ""labels"": [260]}, {""name"": ""球M"", ""share"": 0.145, ""q"": 0.081, ""capture"": 0.554, ""miss_deg"": 1.63, ""labels"": [261]}]"
2026_08_20/000,c1,v9,,tag15,31.28,31.71,0.43,3.113,纸箱子,33,1.0,0.665,0.676,0.0,0.0,0.335,object#38,,1,1,3,纸箱子,1,1,"[{""name"": ""纸箱子"", ""share"": 1.0, ""q"": 0.665, ""capture"": 0.676, ""miss_deg"": 1.33, ""labels"": [33, 73]}]"
2026_08_20/000,c1,v9,,tag15,31.77,32.42,0.65,3.031,纸箱子,33,1.0,0.408,0.412,0.0,0.0,0.592,object#57,,1,1,3,纸箱子,1,1,"[{""name"": ""纸箱子"", ""share"": 1.0, ""q"": 0.408, ""capture"": 0.412, ""miss_deg"": 2.0, ""labels"": [33, 73]}]"
2026_08_20/000,c1,v9,,tag15,32.47,36.8,4.33,3.053,纸箱子,33,1.0,0.565,0.572,0.0,0.0,0.435,object#57,,1,1,3,纸箱子,1,1,"[{""name"": ""纸箱子"", ""share"": 1.0, ""q"": 0.565, ""capture"": 0.572, ""miss_deg"": 1.59, ""labels"": [33, 73]}]"
2026_08_20/000,c1,v9,,tag15,37.31,39.9,2.6,2.247,苹果粉,64,0.85,0.165,0.576,0.201,0.115,0.806,物品台,,1,1,,,,3,"[{""name"": ""苹果粉"", ""share"": 0.85, ""q"": 0.165, ""capture"": 0.576, ""miss_deg"": 1.58, ""labels"": [64, 250]}, {""name"": ""球L"", ""share"": 0.098, ""q"": 0.019, ""capture"": 0.116, ""miss_deg"": 3.11, ""labels"": [259]}, {""name"": ""水瓶"", ""share"": 0.041, ""q"": 0.008, ""capture"": 0.011, ""miss_deg"": 4.5, ""labels"": [30]}]"
2026_08_20/000,c1,v9,,tag15,40.13,42.46,2.33,2.232,苹果粉,64,0.699,0.067,0.234,0.594,0.339,0.904,物品台,,1,1,4,苹果粉,1,3,"[{""name"": ""苹果粉"", ""share"": 0.699, ""q"": 0.067, ""capture"": 0.234, ""miss_deg"": 2.56, ""labels"": [64]}, {""name"": ""球L"", ""share"": 0.237, ""q"": 0.023, ""capture"": 0.139, ""miss_deg"": 2.98, ""labels"": [259]}, {""name"": ""水瓶"", ""share"": 0.05, ""q"": 0.005, ""capture"": 0.007, ""miss_deg"": 4.74, ""labels"": [30]}]"
2026_08_20/000,c1,v9,,tag15,42.94,43.97,1.03,2.242,苹果粉,64,0.71,0.163,0.57,0.551,0.315,0.771,物品台,,1,1,,,,3,"[{""name"": ""苹果粉"", ""share"": 0.71, ""q"": 0.163, ""capture"": 0.57, ""miss_deg"": 1.59, ""labels"": [64]}, {""name"": ""球L"", ""share"": 0.224, ""q"": 0.051, ""capture"": 0.314, ""miss_deg"": 2.28, ""labels"": [259]}, {""name"": ""苹果红"", ""share"": 0.03, ""q"": 0.007, ""capture"": 0.034, ""miss_deg"": 3.91, ""labels"": [260]}]"
2026_08_20/000,c1,v9,,tag15,44.21,44.53,0.32,2.311,球R,263,0.233,0.101,0.69,0.717,1.481,0.567,物品台,,0,0,,,,3,"[{""name"": ""球R"", ""share"": 0.233, ""q"": 0.101, ""capture"": 0.69, ""miss_deg"": 1.29, ""labels"": [263]}, {""name"": ""白杯1"", ""share"": 0.345, ""q"": 0.149, ""capture"": 0.495, ""miss_deg"": 1.78, ""labels"": [266]}, {""name"": ""球M"", ""share"": 0.131, ""q"": 0.057, ""capture"": 0.39, ""miss_deg"": 2.06, ""labels"": [261]}]"
2026_08_20/000,c1,v9,,tag15,44.69,47.62,2.92,2.339,球R,263,0.222,0.094,0.648,0.738,1.527,0.575,物品台,,0,0,5,白杯1,0,3,"[{""name"": ""球R"", ""share"": 0.222, ""q"": 0.094, ""capture"": 0.648, ""miss_deg"": 1.4, ""labels"": [263]}, {""name"": ""白杯1"", ""share"": 0.339, ""q"": 0.144, ""capture"": 0.478, ""miss_deg"": 1.82, ""labels"": [266]}, {""name"": ""球M"", ""share"": 0.153, ""q"": 0.065, ""capture"": 0.474, ""miss_deg"": 1.83, ""labels"": [261]}]"
2026_08_20/000,c1,v9,,tag15,47.67,48.43,0.76,2.314,球R,263,0.285,0.089,0.61,0.675,0.635,0.688,物品台,,0,0,5,白杯1,0,3,"[{""name"": ""球R"", ""share"": 0.285, ""q"": 0.089, ""capture"": 0.61, ""miss_deg"": 1.49, ""labels"": [263]}, {""name"": ""球M"", ""share"": 0.181, ""q"": 0.056, ""capture"": 0.412, ""miss_deg"": 2.0, ""labels"": [261]}, {""name"": ""白杯1"", ""share"": 0.302, ""q"": 0.094, ""capture"": 0.313, ""miss_deg"": 2.29, ""labels"": [266]}]"
2026_08_20/000,c1,v9,,tag15,48.86,49.19,0.32,2.342,球R,263,0.298,0.113,0.777,0.556,1.148,0.619,物品台,,0,0,5,白杯1,0,3,"[{""name"": ""球R"", ""share"": 0.298, ""q"": 0.113, ""capture"": 0.777, ""miss_deg"": 1.07, ""labels"": [263]}, {""name"": ""白杯1"", ""share"": 0.342, ""q"": 0.13, ""capture"": 0.432, ""miss_deg"": 1.94, ""labels"": [266]}, {""name"": ""球M"", ""share"": 0.121, ""q"": 0.046, ""capture"": 0.335, ""miss_deg"": 2.22, ""labels"": [261]}]"
2026_08_20/000,c1,v9,,tag15,49.24,49.51,0.27,2.269,球M,261,0.335,0.083,0.571,0.616,0.615,0.751,物品台,,0,0,5,白杯1,0,3,"[{""name"": ""球M"", ""share"": 0.335, ""q"": 0.083, ""capture"": 0.571, ""miss_deg"": 1.59, ""labels"": [261]}, {""name"": ""球R"", ""share"": 0.206, ""q"": 0.051, ""capture"": 0.352, ""miss_deg"": 2.17, ""labels"": [263]}, {""name"": ""白杯1"", ""share"": 0.238, ""q"": 0.059, ""capture"": 0.197, ""miss_deg"": 2.7, ""labels"": [266]}]"
2026_08_20/000,c1,v9,,tag15,49.97,50.68,0.7,2.266,球M,261,0.318,0.094,0.642,0.547,0.547,0.706,物品台,,0,0,,,,3,"[{""name"": ""球M"", ""share"": 0.318, ""q"": 0.094, ""capture"": 0.642, ""miss_deg"": 1.41, ""labels"": [261]}, {""name"": ""球R"", ""share"": 0.174, ""q"": 0.051, ""capture"": 0.351, ""miss_deg"": 2.17, ""labels"": [263]}, {""name"": ""白杯1"", ""share"": 0.239, ""q"": 0.07, ""capture"": 0.234, ""miss_deg"": 2.56, ""labels"": [266]}]"
2026_08_20/000,c1,v9,,tag15,50.73,53.82,3.09,2.252,球M,261,0.224,0.143,0.981,0.435,0.616,0.361,物品台,,0,0,,,,3,"[{""name"": ""球M"", ""share"": 0.224, ""q"": 0.143, ""capture"": 0.981, ""miss_deg"": 0.29, ""labels"": [261]}, {""name"": ""苹果红"", ""share"": 0.138, ""q"": 0.088, ""capture"": 0.427, ""miss_deg"": 1.96, ""labels"": [260]}, {""name"": ""水瓶"", ""share"": 0.429, ""q"": 0.274, ""capture"": 0.39, ""miss_deg"": 2.06, ""labels"": [30]}]"
2026_08_20/000,c1,v9,,tag15,54.31,55.23,0.92,2.311,球M,261,0.241,0.16,1.095,0.46,2.166,0.336,object#12,,0,0,6,水瓶,0,3,"[{""name"": ""球M"", ""share"": 0.241, ""q"": 0.16, ""capture"": 1.095, ""miss_deg"": 0.0, ""labels"": [261]}, {""name"": ""水瓶"", ""share"": 0.522, ""q"": 0.346, ""capture"": 0.504, ""miss_deg"": 1.76, ""labels"": [30]}, {""name"": ""苹果红"", ""share"": 0.054, ""q"": 0.036, ""capture"": 0.173, ""miss_deg"": 2.81, ""labels"": [260]}]"
2026_08_20/000,c1,v9,,tag15,55.45,55.77,0.32,2.171,球M,261,0.743,0.12,0.731,0.06,0.269,0.839,物品台,,1,1,6,水瓶,0,3,"[{""name"": ""球M"", ""share"": 0.743, ""q"": 0.12, ""capture"": 0.731, ""miss_deg"": 1.19, ""labels"": [261]}, {""name"": ""水瓶"", ""share"": 0.2, ""q"": 0.032, ""capture"": 0.044, ""miss_deg"": 3.76, ""labels"": [30]}, {""name"": ""球L"", ""share"": 0.015, ""q"": 0.002, ""capture"": 0.015, ""miss_deg"": 4.34, ""labels"": [259]}]"
2026_08_20/000,c1,v9,,tag15,56.21,56.48,0.27,2.171,球M,261,0.686,0.15,0.915,0.071,0.319,0.782,物品台,,1,1,6,水瓶,0,3,"[{""name"": ""球M"", ""share"": 0.686, ""q"": 0.15, ""capture"": 0.915, ""miss_deg"": 0.63, ""labels"": [261]}, {""name"": ""水瓶"", ""share"": 0.219, ""q"": 0.048, ""capture"": 0.065, ""miss_deg"": 3.51, ""labels"": [30]}, {""name"": ""白杯1"", ""share"": 0.025, ""q"": 0.006, ""capture"": 0.017, ""miss_deg"": 4.27, ""labels"": [266]}]"
2026_08_20/000,c1,v9,,tag15,57.02,57.61,0.6,2.276,球M,261,0.411,0.158,1.086,0.286,0.287,0.615,物品台,,1,0,,,,3,"[{""name"": ""球M"", ""share"": 0.411, ""q"": 0.158, ""capture"": 1.086, ""miss_deg"": 0.0, ""labels"": [261]}, {""name"": ""球L"", ""share"": 0.118, ""q"": 0.045, ""capture"": 0.311, ""miss_deg"": 2.29, ""labels"": [259]}, {""name"": ""苹果红"", ""share"": 0.093, ""q"": 0.036, ""capture"": 0.174, ""miss_deg"": 2.8, ""labels"": [260]}]"
2026_08_20/000,c1,v9,,tag15,58.47,58.96,0.49,2.301,球M,261,0.221,0.151,1.033,0.512,2.416,0.319,object#12,,0,0,,,,3,"[{""name"": ""球M"", ""share"": 0.221, ""q"": 0.151, ""capture"": 1.033, ""miss_deg"": 0.0, ""labels"": [261]}, {""name"": ""水瓶"", ""share"": 0.534, ""q"": 0.364, ""capture"": 0.529, ""miss_deg"": 1.69, ""labels"": [30]}, {""name"": ""苹果红"", ""share"": 0.048, ""q"": 0.033, ""capture"": 0.158, ""miss_deg"": 2.88, ""labels"": [260]}]"
2026_08_20/000,c1,v9,,tag15,59.01,59.71,0.7,2.29,球L,259,0.239,0.139,0.953,0.757,1.067,0.417,物品台,,0,0,,,,3,"[{""name"": ""球L"", ""share"": 0.239, ""q"": 0.139, ""capture"": 0.953, ""miss_deg"": 0.46, ""labels"": [259]}, {""name"": ""苹果红"", ""share"": 0.255, ""q"": 0.149, ""capture"": 0.721, ""miss_deg"": 1.21, ""labels"": [260]}, {""name"": ""球M"", ""share"": 0.12, ""q"": 0.07, ""capture"": 0.478, ""miss_deg"": 1.82, ""labels"": [261]}]"
2026_08_20/000,c1,v9,,tag15,59.77,60.63,0.87,2.321,球M,261,0.202,0.135,0.982,0.467,2.351,0.335,物品台,,0,0,,,,3,"[{""name"": ""球M"", ""share"": 0.202, ""q"": 0.135, ""capture"": 0.982, ""miss_deg"": 0.28, ""labels"": [261]}, {""name"": ""水瓶"", ""share"": 0.475, ""q"": 0.316, ""capture"": 0.459, ""miss_deg"": 1.87, ""labels"": [30]}, {""name"": ""苹果红"", ""share"": 0.12, ""q"": 0.08, ""capture"": 0.387, ""miss_deg"": 2.07, ""labels"": [260]}]"
2026_08_20/000,c1,v9,,tag15,61.2,61.68,0.49,3.344,,-1,0.0,0.0,,,,1.0,object#36,,0,0,,,,0,[]
2026_08_20/000,c1,v9,,tag15,61.74,62.33,0.6,3.393,,-1,0.0,0.0,,,,1.0,object#36,,0,0,,,,0,[]
2026_08_20/000,c1,v9,,tag15,64.98,65.31,0.32,2.188,球M,261,0.539,0.106,0.651,0.177,0.176,0.802,物品台,,1,1,,,,3,"[{""name"": ""球M"", ""share"": 0.539, ""q"": 0.106, ""capture"": 0.651, ""miss_deg"": 1.39, ""labels"": [261]}, {""name"": ""球R"", ""share"": 0.095, ""q"": 0.019, ""capture"": 0.115, ""miss_deg"": 3.12, ""labels"": [263]}, {""name"": ""白杯1"", ""share"": 0.127, ""q"": 0.025, ""capture"": 0.08, ""miss_deg"": 3.37, ""labels"": [266]}]"
2026_08_20/000,c1,v9,,tag15,65.58,65.91,0.32,2.163,球L,259,0.59,0.066,0.401,0.369,0.369,0.889,物品台,,1,1,,,,3,"[{""name"": ""球L"", ""share"": 0.59, ""q"": 0.066, ""capture"": 0.401, ""miss_deg"": 2.03, ""labels"": [259]}, {""name"": ""球M"", ""share"": 0.218, ""q"": 0.024, ""capture"": 0.148, ""miss_deg"": 2.93, ""labels"": [261]}, {""name"": ""水瓶"", ""share"": 0.154, ""q"": 0.017, ""capture"": 0.023, ""miss_deg"": 4.12, ""labels"": [30]}]"
2026_08_20/000,c1,v9,,tag15,66.18,66.46,0.27,2.322,球R,263,0.262,0.175,1.2,0.555,1.145,0.332,object#12,,0,0,,,,3,"[{""name"": ""球R"", ""share"": 0.262, ""q"": 0.175, ""capture"": 1.2, ""miss_deg"": 0.0, ""labels"": [263]}, {""name"": ""白杯1"", ""share"": 0.3, ""q"": 0.2, ""capture"": 0.666, ""miss_deg"": 1.35, ""labels"": [266]}, {""name"": ""白杯2"", ""share"": 0.158, ""q"": 0.105, ""capture"": 0.427, ""miss_deg"": 1.96, ""labels"": [267]}]"
2026_08_20/000,c1,v9,,tag15,66.51,67.54,1.03,2.311,球R,263,0.313,0.186,1.272,0.525,1.086,0.408,物品台,,0,0,,,,3,"[{""name"": ""球R"", ""share"": 0.313, ""q"": 0.186, ""capture"": 1.272, ""miss_deg"": 0.0, ""labels"": [263]}, {""name"": ""白杯1"", ""share"": 0.34, ""q"": 0.201, ""capture"": 0.668, ""miss_deg"": 1.35, ""labels"": [266]}, {""name"": ""红杯"", ""share"": 0.182, ""q"": 0.108, ""capture"": 0.24, ""miss_deg"": 2.53, ""labels"": [49]}]"
2026_08_20/000,c1,v9,,tag15,67.76,68.68,0.91,2.335,球R,263,0.295,0.19,1.302,0.459,0.946,0.355,object#12,,0,0,7,红杯,0,3,"[{""name"": ""球R"", ""share"": 0.295, ""q"": 0.19, ""capture"": 1.302, ""miss_deg"": 0.0, ""labels"": [263]}, {""name"": ""白杯1"", ""share"": 0.279, ""q"": 0.18, ""capture"": 0.598, ""miss_deg"": 1.52, ""labels"": [266]}, {""name"": ""白杯2"", ""share"": 0.157, ""q"": 0.101, ""capture"": 0.41, ""miss_deg"": 2.0, ""labels"": [267]}]"
2026_08_20/000,c1,v9,,tag15,68.74,69.17,0.43,2.303,球R,263,0.267,0.152,1.04,0.859,1.457,0.432,物品台,,0,0,7,红杯,0,3,"[{""name"": ""球R"", ""share"": 0.267, ""q"": 0.152, ""capture"": 1.04, ""miss_deg"": 0.0, ""labels"": [263]}, {""name"": ""白杯2"", ""share"": 0.389, ""q"": 0.221, ""capture"": 0.893, ""miss_deg"": 0.71, ""labels"": [267]}, {""name"": ""红杯"", ""share"": 0.218, ""q"": 0.124, ""capture"": 0.269, ""miss_deg"": 2.43, ""labels"": [49]}]"
2026_08_20/000,c1,v9,,tag15,69.23,69.82,0.6,2.298,球R,263,0.411,0.185,1.267,0.382,0.786,0.549,物品台,,0,0,7,红杯,0,3,"[{""name"": ""球R"", ""share"": 0.411, ""q"": 0.185, ""capture"": 1.267, ""miss_deg"": 0.0, ""labels"": [263]}, {""name"": ""白杯1"", ""share"": 0.323, ""q"": 0.146, ""capture"": 0.484, ""miss_deg"": 1.81, ""labels"": [266]}, {""name"": ""白杯2"", ""share"": 0.062, ""q"": 0.028, ""capture"": 0.11, ""miss_deg"": 3.15, ""labels"": [267]}]"
2026_08_20/000,c1,v9,,tag15,69.88,70.36,0.49,2.309,球R,263,0.356,0.208,1.425,0.385,0.652,0.416,物品台,,1,0,7,红杯,0,3,"[{""name"": ""球R"", ""share"": 0.356, ""q"": 0.208, ""capture"": 1.425, ""miss_deg"": 0.0, ""labels"": [263]}, {""name"": ""白杯2"", ""share"": 0.232, ""q"": 0.135, ""capture"": 0.549, ""miss_deg"": 1.64, ""labels"": [267]}, {""name"": ""白杯1"", ""share"": 0.202, ""q"": 0.118, ""capture"": 0.392, ""miss_deg"": 2.05, ""labels"": [266]}]"
2026_08_20/000,c1,v9,,tag15,70.42,71.07,0.65,2.291,球R,263,0.212,0.122,0.836,0.921,1.896,0.424,object#12,,0,0,7,红杯,0,3,"[{""name"": ""球R"", ""share"": 0.212, ""q"": 0.122, ""capture"": 0.836, ""miss_deg"": 0.9, ""labels"": [263]}, {""name"": ""白杯1"", ""share"": 0.402, ""q"": 0.232, ""capture"": 0.77, ""miss_deg"": 1.08, ""labels"": [266]}, {""name"": ""球M"", ""share"": 0.045, ""q"": 0.026, ""capture"": 0.176, ""miss_deg"": 2.8, ""labels"": [261]}]"
2026_08_20/000,c1,v9,,tag15,71.12,71.99,0.87,2.327,球R,263,0.264,0.168,1.154,0.695,1.174,0.362,物品台,,0,0,7,红杯,0,3,"[{""name"": ""球R"", ""share"": 0.264, ""q"": 0.168, ""capture"": 1.154, ""miss_deg"": 0.0, ""labels"": [263]}, {""name"": ""白杯2"", ""share"": 0.31, ""q"": 0.198, ""capture"": 0.802, ""miss_deg"": 1.0, ""labels"": [267]}, {""name"": ""红杯"", ""share"": 0.255, ""q"": 0.163, ""capture"": 0.367, ""miss_deg"": 2.12, ""labels"": [49]}]"
2026_08_20/000,c1,v9,,tag15,73.62,73.94,0.32,2.142,球L,259,0.79,0.125,0.764,0.072,0.097,0.842,物品台,,1,1,8,苹果红,0,3,"[{""name"": ""球L"", ""share"": 0.79, ""q"": 0.125, ""capture"": 0.764, ""miss_deg"": 1.1, ""labels"": [259]}, {""name"": ""苹果红"", ""share"": 0.077, ""q"": 0.012, ""capture"": 0.055, ""miss_deg"": 3.62, ""labels"": [260]}, {""name"": ""苹果粉"", ""share"": 0.074, ""q"": 0.012, ""capture"": 0.039, ""miss_deg"": 3.82, ""labels"": [64]}]"
2026_08_20/000,c1,v9,,tag15,74.0,75.35,1.35,2.256,球L,259,0.438,0.216,1.322,0.514,0.646,0.506,物品台,,1,0,8,苹果红,0,3,"[{""name"": ""球L"", ""share"": 0.438, ""q"": 0.216, ""capture"": 1.322, ""miss_deg"": 0.0, ""labels"": [259]}, {""name"": ""苹果红"", ""share"": 0.283, ""q"": 0.14, ""capture"": 0.679, ""miss_deg"": 1.32, ""labels"": [260]}, {""name"": ""苹果粉"", ""share"": 0.073, ""q"": 0.036, ""capture"": 0.126, ""miss_deg"": 3.05, ""labels"": [64, 250]}]"
2026_08_20/000,c1,v9,,tag15,75.41,76.0,0.6,2.255,球L,259,0.431,0.219,1.336,0.529,0.666,0.492,物品台,,1,0,8,苹果红,0,3,"[{""name"": ""球L"", ""share"": 0.431, ""q"": 0.219, ""capture"": 1.336, ""miss_deg"": 0.0, ""labels"": [259]}, {""name"": ""苹果红"", ""share"": 0.287, ""q"": 0.146, ""capture"": 0.707, ""miss_deg"": 1.25, ""labels"": [260]}, {""name"": ""苹果粉"", ""share"": 0.078, ""q"": 0.039, ""capture"": 0.138, ""miss_deg"": 2.99, ""labels"": [64, 250]}]"
2026_08_20/000,c1,v9,,tag15,76.06,76.76,0.7,2.263,球L,259,0.494,0.209,1.276,0.379,0.476,0.577,物品台,,1,0,8,苹果红,0,3,"[{""name"": ""球L"", ""share"": 0.494, ""q"": 0.209, ""capture"": 1.276, ""miss_deg"": 0.0, ""labels"": [259]}, {""name"": ""苹果红"", ""share"": 0.235, ""q"": 0.1, ""capture"": 0.483, ""miss_deg"": 1.81, ""labels"": [260]}, {""name"": ""苹果粉"", ""share"": 0.154, ""q"": 0.065, ""capture"": 0.241, ""miss_deg"": 2.53, ""labels"": [64, 250]}]"
2026_08_20/000,c1,v9,,tag15,76.81,77.08,0.27,2.268,球M,261,0.501,0.184,1.261,0.112,0.539,0.633,物品台,,1,1,8,苹果红,0,3,"[{""name"": ""球M"", ""share"": 0.501, ""q"": 0.184, ""capture"": 1.261, ""miss_deg"": 0.0, ""labels"": [261]}, {""name"": ""水瓶"", ""share"": 0.27, ""q"": 0.099, ""capture"": 0.141, ""miss_deg"": 2.97, ""labels"": [30]}, {""name"": ""白杯1"", ""share"": 0.089, ""q"": 0.033, ""capture"": 0.109, ""miss_deg"": 3.16, ""labels"": [266]}]"
2026_08_20/000,c1,v9,,tag15,77.14,79.79,2.65,2.245,球L,259,0.371,0.177,1.081,0.529,0.668,0.524,物品台,,1,0,8,苹果红,0,3,"[{""name"": ""球L"", ""share"": 0.371, ""q"": 0.177, ""capture"": 1.081, ""miss_deg"": 0.0, ""labels"": [259]}, {""name"": ""苹果红"", ""share"": 0.248, ""q"": 0.118, ""capture"": 0.572, ""miss_deg"": 1.58, ""labels"": [260]}, {""name"": ""球M"", ""share"": 0.1, ""q"": 0.048, ""capture"": 0.326, ""miss_deg"": 2.24, ""labels"": [261]}]"
2026_08_20/000,c1,v9,,tag15,80.8,81.83,1.03,2.158,球M,261,0.529,0.084,0.515,0.326,0.325,0.841,物品台,,1,1,9,球M,1,3,"[{""name"": ""球M"", ""share"": 0.529, ""q"": 0.084, ""capture"": 0.515, ""miss_deg"": 1.73, ""labels"": [261]}, {""name"": ""球L"", ""share"": 0.172, ""q"": 0.027, ""capture"": 0.168, ""miss_deg"": 2.84, ""labels"": [259]}, {""name"": ""水瓶"", ""share"": 0.252, ""q"": 0.04, ""capture"": 0.054, ""miss_deg"": 3.62, ""labels"": [30]}]"
2026_08_20/000,c1,v9,,tag15,82.37,82.69,0.32,2.228,球M,261,0.532,0.206,1.41,0.124,0.598,0.614,物品台,,1,1,9,球M,1,3,"[{""name"": ""球M"", ""share"": 0.532, ""q"": 0.206, ""capture"": 1.41, ""miss_deg"": 0.0, ""labels"": [261]}, {""name"": ""水瓶"", ""share"": 0.318, ""q"": 0.123, ""capture"": 0.175, ""miss_deg"": 2.8, ""labels"": [30]}, {""name"": ""苹果红"", ""share"": 0.025, ""q"": 0.01, ""capture"": 0.047, ""miss_deg"": 3.7, ""labels"": [260]}]"
2026_08_20/000,c1,v9,,tag15,84.94,85.7,0.76,2.195,球M,261,0.765,0.113,0.772,0.048,0.239,0.853,物品台,,1,1,9,球M,1,3,"[{""name"": ""球M"", ""share"": 0.765, ""q"": 0.113, ""capture"": 0.772, ""miss_deg"": 1.08, ""labels"": [261]}, {""name"": ""水瓶"", ""share"": 0.183, ""q"": 0.027, ""capture"": 0.037, ""miss_deg"": 3.85, ""labels"": [30]}, {""name"": ""球L"", ""share"": 0.015, ""q"": 0.002, ""capture"": 0.014, ""miss_deg"": 4.4, ""labels"": [259]}]"
2026_08_20/000,c1,v9,,tag15,85.8,86.29,0.49,2.184,球M,261,0.653,0.105,0.64,0.084,0.084,0.84,物品台,,1,1,,,,3,"[{""name"": ""球M"", ""share"": 0.653, ""q"": 0.105, ""capture"": 0.64, ""miss_deg"": 1.42, ""labels"": [261]}, {""name"": ""球R"", ""share"": 0.055, ""q"": 0.009, ""capture"": 0.054, ""miss_deg"": 3.63, ""labels"": [263]}, {""name"": ""白杯1"", ""share"": 0.095, ""q"": 0.015, ""capture"": 0.048, ""miss_deg"": 3.69, ""labels"": [266]}]"
2026_08_20/000,c1,v9,,tag15,86.67,87.0,0.32,2.276,球L,259,0.401,0.213,1.458,0.499,0.703,0.469,物品台,,1,0,,,,3,"[{""name"": ""球L"", ""share"": 0.401, ""q"": 0.213, ""capture"": 1.458, ""miss_deg"": 0.0, ""labels"": [259]}, {""name"": ""苹果红"", ""share"": 0.282, ""q"": 0.15, ""capture"": 0.727, ""miss_deg"": 1.2, ""labels"": [260]}, {""name"": ""苹果粉"", ""share"": 0.174, ""q"": 0.092, ""capture"": 0.341, ""miss_deg"": 2.2, ""labels"": [64]}]"
2026_08_20/000,c1,v9,,tag15,87.05,87.32,0.27,2.327,球L,259,0.221,0.117,0.8,0.955,1.774,0.473,物品台,,0,0,10,橘子,0,3,"[{""name"": ""球L"", ""share"": 0.221, ""q"": 0.117, ""capture"": 0.8, ""miss_deg"": 1.0, ""labels"": [259]}, {""name"": ""苹果粉"", ""share"": 0.392, ""q"": 0.207, ""capture"": 0.764, ""miss_deg"": 1.1, ""labels"": [64]}, {""name"": ""苹果红"", ""share"": 0.26, ""q"": 0.137, ""capture"": 0.664, ""miss_deg"": 1.36, ""labels"": [260]}]"
2026_08_20/000,c1,v9,,tag15,87.38,92.36,4.98,2.339,苹果红,260,0.354,0.186,0.981,0.647,0.5,0.475,物品台,,1,0,10,橘子,0,3,"[{""name"": ""苹果红"", ""share"": 0.354, ""q"": 0.186, ""capture"": 0.981, ""miss_deg"": 0.3, ""labels"": [260]}, {""name"": ""球L"", ""share"": 0.177, ""q"": 0.093, ""capture"": 0.635, ""miss_deg"": 1.43, ""labels"": [259]}, {""name"": ""苹果粉"", ""share"": 0.244, ""q"": 0.128, ""capture"": 0.473, ""miss_deg"": 1.83, ""labels"": [64, 250]}]"
2026_08_20/000,c1,v9,,tag15,92.6,93.35,0.76,2.298,球L,259,0.299,0.167,1.146,0.758,1.07,0.44,物品台,,0,0,,,,3,"[{""name"": ""球L"", ""share"": 0.299, ""q"": 0.167, ""capture"": 1.146, ""miss_deg"": 0.0, ""labels"": [259]}, {""name"": ""苹果红"", ""share"": 0.32, ""q"": 0.179, ""capture"": 0.869, ""miss_deg"": 0.79, ""labels"": [260]}, {""name"": ""球M"", ""share"": 0.058, ""q"": 0.033, ""capture"": 0.224, ""miss_deg"": 2.59, ""labels"": [261]}]"
2026_08_20/000,c1,v9,,tag15,93.73,94.87,1.14,2.264,球L,259,0.569,0.151,0.924,0.264,0.436,0.734,物品台,,1,1,,,,3,"[{""name"": ""球L"", ""share"": 0.569, ""q"": 0.151, ""capture"": 0.924, ""miss_deg"": 0.59, ""labels"": [259]}, {""name"": ""苹果粉"", ""share"": 0.248, ""q"": 0.066, ""capture"": 0.244, ""miss_deg"": 2.52, ""labels"": [64]}, {""name"": ""苹果红"", ""share"": 0.15, ""q"": 0.04, ""capture"": 0.194, ""miss_deg"": 2.72, ""labels"": [260]}]"
2026_08_20/000,c1,v9,,tag15,94.98,95.36,0.38,2.284,球L,259,0.526,0.185,1.269,0.253,0.357,0.648,物品台,,1,1,11,球L,1,3,"[{""name"": ""球L"", ""share"": 0.526, ""q"": 0.185, ""capture"": 1.269, ""miss_deg"": 0.0, ""labels"": [259]}, {""name"": ""苹果红"", ""share"": 0.188, ""q"": 0.066, ""capture"": 0.321, ""miss_deg"": 2.26, ""labels"": [260]}, {""name"": ""苹果粉"", ""share"": 0.198, ""q"": 0.07, ""capture"": 0.258, ""miss_deg"": 2.47, ""labels"": [64]}]"
2026_08_20/000,c1,v9,,tag15,95.68,96.55,0.87,2.275,球L,259,0.554,0.119,0.813,0.299,0.556,0.786,物品台,,1,1,11,球L,1,3,"[{""name"": ""球L"", ""share"": 0.554, ""q"": 0.119, ""capture"": 0.813, ""miss_deg"": 0.97, ""labels"": [259]}, {""name"": ""苹果粉"", ""share"": 0.308, ""q"": 0.066, ""capture"": 0.243, ""miss_deg"": 2.52, ""labels"": [64]}, {""name"": ""苹果红"", ""share"": 0.102, ""q"": 0.022, ""capture"": 0.106, ""miss_deg"": 3.18, ""labels"": [260]}]"
2026_08_20/000,c1,v9,,tag15,96.79,97.33,0.54,2.282,球L,259,0.562,0.151,1.032,0.214,0.395,0.732,物品台,,1,1,11,球L,1,3,"[{""name"": ""球L"", ""share"": 0.562, ""q"": 0.151, ""capture"": 1.032, ""miss_deg"": 0.0, ""labels"": [259]}, {""name"": ""苹果粉"", ""share"": 0.222, ""q"": 0.06, ""capture"": 0.221, ""miss_deg"": 2.61, ""labels"": [64]}, {""name"": ""苹果红"", ""share"": 0.155, ""q"": 0.042, ""capture"": 0.202, ""miss_deg"": 2.68, ""labels"": [260]}]"
2026_08_20/000,c1,v9,,tag15,97.38,97.65,0.27,2.29,球L,259,0.278,0.138,0.948,0.586,0.586,0.503,物品台,,0,0,11,球L,1,3,"[{""name"": ""球L"", ""share"": 0.278, ""q"": 0.138, ""capture"": 0.948, ""miss_deg"": 0.49, ""labels"": [259]}, {""name"": ""球M"", ""share"": 0.163, ""q"": 0.081, ""capture"": 0.556, ""miss_deg"": 1.62, ""labels"": [261]}, {""name"": ""苹果红"", ""share"": 0.203, ""q"": 0.101, ""capture"": 0.489, ""miss_deg"": 1.8, ""labels"": [260]}]"
2026_08_20/000,c1,v9,,tag15,100.86,101.3,0.43,2.324,球R,263,0.342,0.201,1.377,0.463,0.784,0.412,物品台,,0,0,12,白杯2,0,3,"[{""name"": ""球R"", ""share"": 0.342, ""q"": 0.201, ""capture"": 1.377, ""miss_deg"": 0.0, ""labels"": [263]}, {""name"": ""白杯2"", ""share"": 0.268, ""q"": 0.158, ""capture"": 0.638, ""miss_deg"": 1.42, ""labels"": [267]}, {""name"": ""白杯1"", ""share"": 0.164, ""q"": 0.097, ""capture"": 0.321, ""miss_deg"": 2.26, ""labels"": [266]}]"
2026_08_20/000,c1,v9,,tag15,101.35,102.7,1.35,2.308,白杯2,267,0.471,0.264,1.07,0.645,0.382,0.439,object#12,,1,0,12,白杯2,1,3,"[{""name"": ""白杯2"", ""share"": 0.471, ""q"": 0.264, ""capture"": 1.07, ""miss_deg"": 0.0, ""labels"": [267]}, {""name"": ""球R"", ""share"": 0.18, ""q"": 0.101, ""capture"": 0.69, ""miss_deg"": 1.29, ""labels"": [263]}, {""name"": ""红杯"", ""share"": 0.264, ""q"": 0.148, ""capture"": 0.33, ""miss_deg"": 2.23, ""labels"": [49]}]"
2026_08_20/000,c1,v9,,tag15,102.76,103.9,1.14,2.293,球R,263,0.257,0.151,1.036,0.868,1.518,0.412,物品台,,0,0,12,白杯2,0,3,"[{""name"": ""球R"", ""share"": 0.257, ""q"": 0.151, ""capture"": 1.036, ""miss_deg"": 0.0, ""labels"": [263]}, {""name"": ""白杯2"", ""share"": 0.39, ""q"": 0.229, ""capture"": 0.899, ""miss_deg"": 0.69, ""labels"": [267]}, {""name"": ""红杯"", ""share"": 0.237, ""q"": 0.139, ""capture"": 0.302, ""miss_deg"": 2.32, ""labels"": [49]}]"
2026_08_20/000,c1,v9,,tag15,104.06,105.47,1.41,2.312,球R,263,0.352,0.213,1.463,0.325,0.551,0.393,物品台,,1,0,12,白杯2,0,3,"[{""name"": ""球R"", ""share"": 0.352, ""q"": 0.213, ""capture"": 1.463, ""miss_deg"": 0.0, ""labels"": [263]}, {""name"": ""白杯2"", ""share"": 0.194, ""q"": 0.118, ""capture"": 0.476, ""miss_deg"": 1.83, ""labels"": [267]}, {""name"": ""白杯1"", ""share"": 0.226, ""q"": 0.137, ""capture"": 0.455, ""miss_deg"": 1.88, ""labels"": [266]}]"
2026_08_20/000,c1,v9,,tag15,105.95,106.5,0.54,2.318,球R,263,0.195,0.089,0.607,0.847,1.744,0.546,物品台,,0,0,12,白杯2,0,3,"[{""name"": ""球R"", ""share"": 0.195, ""q"": 0.089, ""capture"": 0.607, ""miss_deg"": 1.5, ""labels"": [263]}, {""name"": ""白杯1"", ""share"": 0.34, ""q"": 0.155, ""capture"": 0.514, ""miss_deg"": 1.73, ""labels"": [266]}, {""name"": ""球M"", ""share"": 0.145, ""q"": 0.066, ""capture"": 0.48, ""miss_deg"": 1.82, ""labels"": [261]}]"
2026_08_20/000,c1,v9,,tag15,106.55,106.98,0.43,2.282,球R,263,0.32,0.197,1.349,0.429,0.75,0.386,object#12,,0,0,,,,3,"[{""name"": ""球R"", ""share"": 0.32, ""q"": 0.197, ""capture"": 1.349, ""miss_deg"": 0.0, ""labels"": [263]}, {""name"": ""白杯2"", ""share"": 0.24, ""q"": 0.148, ""capture"": 0.579, ""miss_deg"": 1.57, ""labels"": [267]}, {""name"": ""白杯1"", ""share"": 0.204, ""q"": 0.125, ""capture"": 0.416, ""miss_deg"": 1.99, ""labels"": [266]}]"
2026_08_20/000,c1,v9,,tag15,107.09,107.42,0.32,2.297,球M,261,0.385,0.174,1.193,0.179,0.842,0.548,物品台,,0,0,,,,3,"[{""name"": ""球M"", ""share"": 0.385, ""q"": 0.174, ""capture"": 1.193, ""miss_deg"": 0.0, ""labels"": [261]}, {""name"": ""水瓶"", ""share"": 0.324, ""q"": 0.146, ""capture"": 0.213, ""miss_deg"": 2.64, ""labels"": [30]}, {""name"": ""白杯1"", ""share"": 0.115, ""q"": 0.052, ""capture"": 0.172, ""miss_deg"": 2.81, ""labels"": [266]}]"
2026_08_20/000,c1,v9,,tag15,110.02,110.35,0.32,2.315,,-1,0.0,0.0,,,,1.0,object#17,,0,0,,,,0,[]
2026_08_20/000,c1,v9,,tag15,112.26,112.94,0.68,1.131,,-1,0.0,0.0,,,,1.0,object#14,,0,0,,,,0,[]
2026_08_20/000,c1,v9,,tag15,113.87,114.19,0.32,0.645,,-1,0.0,0.0,,,,1.0,object#34,,0,0,,,,0,[]
2026_08_20/000,c1,v9,,tag15,114.46,114.9,0.44,0.863,,-1,0.0,0.0,,,,1.0,object#88,,0,0,,,,0,[]
2026_08_20/001,c2,v9,,tag15,3.28,3.67,0.38,3.041,,-1,0.0,0.0,,,,1.0,floor,,0,0,,,,0,[]
2026_08_20/001,c2,v9,,tag15,9.17,9.5,0.32,3.454,,-1,0.0,0.0,,,,1.0,object#36,,0,0,,,,0,[]
2026_08_20/001,c2,v9,,tag15,10.05,10.43,0.38,2.739,球L,259,0.292,0.149,1.361,0.535,0.712,0.489,物品台,,0,0,,,,3,"[{""name"": ""球L"", ""share"": 0.292, ""q"": 0.149, ""capture"": 1.361, ""miss_deg"": 0.0, ""labels"": [259]}, {""name"": ""苹果红"", ""share"": 0.208, ""q"": 0.106, ""capture"": 0.728, ""miss_deg"": 1.2, ""labels"": [260]}, {""name"": ""球M"", ""share"": 0.088, ""q"": 0.045, ""capture"": 0.497, ""miss_deg"": 1.77, ""labels"": [261]}]"
2026_08_20/001,c2,v9,,tag15,11.31,11.64,0.32,3.431,,-1,0.0,0.0,,,,1.0,object#60,,0,0,,,,0,[]
2026_08_20/001,c2,v9,,tag15,11.75,12.02,0.27,3.534,,-1,0.0,0.0,,,,1.0,object#26,,0,0,,,,0,[]
2026_08_20/001,c2,v9,,tag15,12.41,13.06,0.65,3.371,,-1,0.0,0.0,,,,1.0,object#26,,0,0,,,,0,[]
2026_08_20/001,c2,v9,,tag15,14.23,14.66,0.43,2.511,球L,259,0.349,0.095,0.796,0.666,0.616,0.729,物品台,,0,0,,,,3,"[{""name"": ""球L"", ""share"": 0.349, ""q"": 0.095, ""capture"": 0.796, ""miss_deg"": 1.01, ""labels"": [259]}, {""name"": ""球M"", ""share"": 0.215, ""q"": 0.058, ""capture"": 0.53, ""miss_deg"": 1.69, ""labels"": [261]}, {""name"": ""苹果红"", ""share"": 0.092, ""q"": 0.025, ""capture"": 0.152, ""miss_deg"": 2.91, ""labels"": [260]}]"
2026_08_20/001,c2,v9,,tag15,15.53,15.9,0.38,2.499,球L,259,0.503,0.068,0.573,0.478,0.441,0.865,物品台,,1,1,,,,3,"[{""name"": ""球L"", ""share"": 0.503, ""q"": 0.068, ""capture"": 0.573, ""miss_deg"": 1.58, ""labels"": [259]}, {""name"": ""球M"", ""share"": 0.222, ""q"": 0.03, ""capture"": 0.274, ""miss_deg"": 2.41, ""labels"": [261]}, {""name"": ""苹果红"", ""share"": 0.06, ""q"": 0.008, ""capture"": 0.05, ""miss_deg"": 3.67, ""labels"": [260]}]"
2026_08_20/001,c2,v9,,tag15,16.01,16.28,0.27,2.55,球M,261,0.347,0.064,0.584,0.798,0.798,0.815,物品台,,0,0,1,球R,0,3,"[{""name"": ""球M"", ""share"": 0.347, ""q"": 0.064, ""capture"": 0.584, ""miss_deg"": 1.56, ""labels"": [261]}, {""name"": ""球R"", ""share"": 0.277, ""q"": 0.051, ""capture"": 0.466, ""miss_deg"": 1.85, ""labels"": [263]}, {""name"": ""白杯1"", ""share"": 0.225, ""q"": 0.042, ""capture"": 0.168, ""miss_deg"": 2.83, ""labels"": [266]}]"
2026_08_20/001,c2,v9,,tag15,16.72,17.45,0.73,2.705,球R,263,0.399,0.122,1.115,0.305,0.619,0.693,物品台,,1,0,1,球R,1,3,"[{""name"": ""球R"", ""share"": 0.399, ""q"": 0.122, ""capture"": 1.115, ""miss_deg"": 0.0, ""labels"": [263]}, {""name"": ""白杯1"", ""share"": 0.247, ""q"": 0.076, ""capture"": 0.34, ""miss_deg"": 2.2, ""labels"": [266]}, {""name"": ""白杯2"", ""share"": 0.142, ""q"": 0.044, ""capture"": 0.211, ""miss_deg"": 2.65, ""labels"": [267]}]"
2026_08_20/001,c2,v9,,tag15,17.85,18.17,0.32,2.884,球R,263,0.511,0.015,0.166,0.657,0.654,0.97,object#24,,0,0,1,球R,1,3,"[{""name"": ""球R"", ""share"": 0.511, ""q"": 0.015, ""capture"": 0.166, ""miss_deg"": 2.84, ""labels"": [263]}, {""name"": ""球M"", ""share"": 0.334, ""q"": 0.01, ""capture"": 0.109, ""miss_deg"": 3.16, ""labels"": [261]}, {""name"": ""水瓶"", ""share"": 0.155, ""q"": 0.005, ""capture"": 0.009, ""miss_deg"": 4.62, ""labels"": [30]}]"
2026_08_20/001,c2,v9,,tag15,18.82,19.42,0.6,2.838,球R,263,0.472,0.063,0.696,0.205,0.206,0.866,物品台,,1,0,1,球R,1,3,"[{""name"": ""球R"", ""share"": 0.472, ""q"": 0.063, ""capture"": 0.696, ""miss_deg"": 1.28, ""labels"": [263]}, {""name"": ""球M"", ""share"": 0.097, ""q"": 0.013, ""capture"": 0.143, ""miss_deg"": 2.96, ""labels"": [261]}, {""name"": ""白杯1"", ""share"": 0.211, ""q"": 0.028, ""capture"": 0.137, ""miss_deg"": 2.99, ""labels"": [266]}]"
2026_08_20/001,c2,v9,,tag15,19.58,19.9,0.32,2.993,水瓶,30,1.0,0.001,0.001,0.0,0.0,0.999,object#24,,0,0,,,,1,"[{""name"": ""水瓶"", ""share"": 1.0, ""q"": 0.001, ""capture"": 0.001, ""miss_deg"": 5.52, ""labels"": [30]}]"
2026_08_20/001,c2,v9,,tag15,20.64,20.91,0.27,3.031,球R,263,0.207,0.079,0.872,0.756,1.357,0.616,物品台,,0,0,,,,3,"[{""name"": ""球R"", ""share"": 0.207, ""q"": 0.079, ""capture"": 0.872, ""miss_deg"": 0.78, ""labels"": [263]}, {""name"": ""白杯1"", ""share"": 0.281, ""q"": 0.108, ""capture"": 0.659, ""miss_deg"": 1.37, ""labels"": [266]}, {""name"": ""球M"", ""share"": 0.148, ""q"": 0.057, ""capture"": 0.624, ""miss_deg"": 1.46, ""labels"": [261]}]"
2026_08_20/001,c2,v9,,tag15,21.88,22.15,0.27,4.413,球L,259,0.522,0.034,0.648,0.789,0.492,0.935,物品台,,1,1,,,,3,"[{""name"": ""球L"", ""share"": 0.522, ""q"": 0.034, ""capture"": 0.648, ""miss_deg"": 1.4, ""labels"": [259]}, {""name"": ""球M"", ""share"": 0.257, ""q"": 0.017, ""capture"": 0.511, ""miss_deg"": 1.74, ""labels"": [261]}, {""name"": ""苹果红"", ""share"": 0.057, ""q"": 0.004, ""capture"": 0.071, ""miss_deg"": 3.45, ""labels"": [260]}]"
2026_08_20/001,c2,v9,,tag15,22.48,22.75,0.27,3.166,球L,259,0.32,0.088,0.97,0.568,0.45,0.725,物品台,,0,0,,,,3,"[{""name"": ""球L"", ""share"": 0.32, ""q"": 0.088, ""capture"": 0.97, ""miss_deg"": 0.37, ""labels"": [259]}, {""name"": ""球M"", ""share"": 0.144, ""q"": 0.04, ""capture"": 0.551, ""miss_deg"": 1.64, ""labels"": [261]}, {""name"": ""苹果红"", ""share"": 0.189, ""q"": 0.052, ""capture"": 0.476, ""miss_deg"": 1.83, ""labels"": [260]}]"
2026_08_20/001,c2,v9,,tag15,23.4,24.92,1.52,3.17,球M,261,0.308,0.076,1.05,0.267,0.338,0.755,物品台,,0,0,2,球R,0,3,"[{""name"": ""球M"", ""share"": 0.308, ""q"": 0.076, ""capture"": 1.05, ""miss_deg"": 0.0, ""labels"": [261]}, {""name"": ""球R"", ""share"": 0.104, ""q"": 0.025, ""capture"": 0.28, ""miss_deg"": 2.39, ""labels"": [263]}, {""name"": ""白杯1"", ""share"": 0.147, ""q"": 0.036, ""capture"": 0.22, ""miss_deg"": 2.61, ""labels"": [266]}]"
2026_08_20/001,c2,v9,,tag15,25.3,25.89,0.6,3.176,球R,263,0.261,0.061,0.673,0.874,0.69,0.765,物品台,,0,0,,,,3,"[{""name"": ""球R"", ""share"": 0.261, ""q"": 0.061, ""capture"": 0.673, ""miss_deg"": 1.33, ""labels"": [263]}, {""name"": ""球M"", ""share"": 0.18, ""q"": 0.042, ""capture"": 0.588, ""miss_deg"": 1.55, ""labels"": [261]}, {""name"": ""白杯1"", ""share"": 0.212, ""q"": 0.05, ""capture"": 0.304, ""miss_deg"": 2.31, ""labels"": [266]}]"
2026_08_20/001,c2,v9,,tag15,26.65,26.92,0.27,3.071,球R,263,0.367,0.058,0.633,0.359,0.36,0.843,物品台,,1,0,,,,3,"[{""name"": ""球R"", ""share"": 0.367, ""q"": 0.058, ""capture"": 0.633, ""miss_deg"": 1.44, ""labels"": [263]}, {""name"": ""球M"", ""share"": 0.132, ""q"": 0.021, ""capture"": 0.227, ""miss_deg"": 2.58, ""labels"": [261]}, {""name"": ""白杯1"", ""share"": 0.178, ""q"": 0.028, ""capture"": 0.171, ""miss_deg"": 2.82, ""labels"": [266]}]"
2026_08_20/001,c2,v9,,tag15,27.85,28.29,0.43,3.166,球M,261,0.359,0.095,1.315,0.129,0.292,0.736,物品台,,1,0,,,,3,"[{""name"": ""球M"", ""share"": 0.359, ""q"": 0.095, ""capture"": 1.315, ""miss_deg"": 0.0, ""labels"": [261]}, {""name"": ""白杯1"", ""share"": 0.105, ""q"": 0.028, ""capture"": 0.169, ""miss_deg"": 2.83, ""labels"": [266]}, {""name"": ""水瓶"", ""share"": 0.281, ""q"": 0.074, ""capture"": 0.167, ""miss_deg"": 2.84, ""labels"": [30]}]"
2026_08_20/001,c2,v9,,tag15,29.53,29.8,0.27,3.176,苹果粉,64,0.803,0.047,0.29,0.321,0.178,0.941,物品台,,1,1,4,球L,0,3,"[{""name"": ""苹果粉"", ""share"": 0.803, ""q"": 0.047, ""capture"": 0.29, ""miss_deg"": 2.36, ""labels"": [64]}, {""name"": ""球L"", ""share"": 0.143, ""q"": 0.008, ""capture"": 0.093, ""miss_deg"": 3.27, ""labels"": [259]}, {""name"": ""苹果红"", ""share"": 0.013, ""q"": 0.001, ""capture"": 0.007, ""miss_deg"": 4.72, ""labels"": [260]}]"
2026_08_20/001,c2,v9,,tag15,29.86,30.56,0.7,3.146,球L,259,0.313,0.071,0.781,0.933,1.677,0.773,物品台,,0,0,4,球L,1,3,"[{""name"": ""球L"", ""share"": 0.313, ""q"": 0.071, ""capture"": 0.781, ""miss_deg"": 1.05, ""labels"": [259]}, {""name"": ""苹果粉"", ""share"": 0.525, ""q"": 0.119, ""capture"": 0.729, ""miss_deg"": 1.19, ""labels"": [64]}, {""name"": ""苹果红"", ""share"": 0.116, ""q"": 0.026, ""capture"": 0.239, ""miss_deg"": 2.54, ""labels"": [260]}]"
2026_08_20/001,c2,v9,,tag15,30.8,31.78,0.97,3.139,球L,259,0.337,0.098,1.078,0.61,1.098,0.709,物品台,,0,0,4,球L,1,3,"[{""name"": ""球L"", ""share"": 0.337, ""q"": 0.098, ""capture"": 1.078, ""miss_deg"": 0.0, ""labels"": [259]}, {""name"": ""苹果粉"", ""share"": 0.37, ""q"": 0.108, ""capture"": 0.658, ""miss_deg"": 1.37, ""labels"": [64, 250]}, {""name"": ""苹果红"", ""share"": 0.162, ""q"": 0.047, ""capture"": 0.429, ""miss_deg"": 1.95, ""labels"": [260]}]"
2026_08_20/001,c2,v9,,tag15,31.83,32.21,0.38,3.168,球M,261,0.184,0.081,1.131,0.893,1.13,0.558,物品台,,0,0,,,,3,"[{""name"": ""球M"", ""share"": 0.184, ""q"": 0.081, ""capture"": 1.131, ""miss_deg"": 0.0, ""labels"": [261]}, {""name"": ""球L"", ""share"": 0.208, ""q"": 0.092, ""capture"": 1.01, ""miss_deg"": 0.0, ""labels"": [259]}, {""name"": ""苹果红"", ""share"": 0.171, ""q"": 0.075, ""capture"": 0.688, ""miss_deg"": 1.3, ""labels"": [260]}]"
2026_08_20/001,c2,v9,,tag15,32.27,33.25,0.98,3.216,球L,259,0.394,0.086,1.196,0.449,0.911,0.782,物品台,,0,0,,,,3,"[{""name"": ""球L"", ""share"": 0.394, ""q"": 0.086, ""capture"": 1.196, ""miss_deg"": 0.0, ""labels"": [259]}, {""name"": ""苹果粉"", ""share"": 0.359, ""q"": 0.078, ""capture"": 0.537, ""miss_deg"": 1.67, ""labels"": [64]}, {""name"": ""苹果红"", ""share"": 0.141, ""q"": 0.031, ""capture"": 0.282, ""miss_deg"": 2.39, ""labels"": [260]}]"
2026_08_20/001,c2,v9,,tag15,33.3,36.28,2.98,3.247,球L,259,0.332,0.11,1.533,0.418,0.636,0.667,物品台,,0,0,,,,3,"[{""name"": ""球L"", ""share"": 0.332, ""q"": 0.11, ""capture"": 1.533, ""miss_deg"": 0.0, ""labels"": [259]}, {""name"": ""苹果红"", ""share"": 0.211, ""q"": 0.07, ""capture"": 0.641, ""miss_deg"": 1.41, ""labels"": [260]}, {""name"": ""苹果粉"", ""share"": 0.244, ""q"": 0.081, ""capture"": 0.557, ""miss_deg"": 1.62, ""labels"": [64]}]"
2026_08_20/001,c2,v9,,tag15,36.93,37.85,0.92,3.235,球L,259,0.406,0.013,0.176,0.676,1.374,0.969,物品台,,0,0,,,,3,"[{""name"": ""球L"", ""share"": 0.406, ""q"": 0.013, ""capture"": 0.176, ""miss_deg"": 2.8, ""labels"": [259]}, {""name"": ""苹果粉"", ""share"": 0.558, ""q"": 0.017, ""capture"": 0.119, ""miss_deg"": 3.09, ""labels"": [64]}, {""name"": ""苹果红"", ""share"": 0.022, ""q"": 0.001, ""capture"": 0.006, ""miss_deg"": 4.79, ""labels"": [260]}]"
2026_08_20/001,c2,v9,,tag15,37.9,39.47,1.57,3.269,球L,259,0.448,0.048,0.67,0.404,0.821,0.892,物品台,,0,0,,,,3,"[{""name"": ""球L"", ""share"": 0.448, ""q"": 0.048, ""capture"": 0.67, ""miss_deg"": 1.34, ""labels"": [259]}, {""name"": ""苹果粉"", ""share"": 0.368, ""q"": 0.04, ""capture"": 0.271, ""miss_deg"": 2.42, ""labels"": [64]}, {""name"": ""苹果红"", ""share"": 0.109, ""q"": 0.012, ""capture"": 0.106, ""miss_deg"": 3.18, ""labels"": [260]}]"
2026_08_20/001,c2,v9,,tag15,39.53,41.69,2.17,3.261,球L,259,0.574,0.035,0.491,0.21,0.427,0.938,物品台,,1,1,,,,3,"[{""name"": ""球L"", ""share"": 0.574, ""q"": 0.035, ""capture"": 0.491, ""miss_deg"": 1.79, ""labels"": [259]}, {""name"": ""苹果粉"", ""share"": 0.245, ""q"": 0.015, ""capture"": 0.103, ""miss_deg"": 3.2, ""labels"": [64]}, {""name"": ""苹果红"", ""share"": 0.071, ""q"": 0.004, ""capture"": 0.04, ""miss_deg"": 3.81, ""labels"": [260]}]"
2026_08_20/001,c2,v9,,tag15,42.07,42.94,0.87,3.275,球L,259,0.451,0.061,0.846,0.348,0.705,0.865,物品台,,1,0,,,,3,"[{""name"": ""球L"", ""share"": 0.451, ""q"": 0.061, ""capture"": 0.846, ""miss_deg"": 0.87, ""labels"": [259]}, {""name"": ""苹果粉"", ""share"": 0.318, ""q"": 0.043, ""capture"": 0.294, ""miss_deg"": 2.35, ""labels"": [64]}, {""name"": ""苹果红"", ""share"": 0.131, ""q"": 0.018, ""capture"": 0.161, ""miss_deg"": 2.87, ""labels"": [260]}]"
2026_08_20/001,c2,v9,,tag15,43.18,45.19,2.01,3.22,苹果粉,64,0.91,0.102,0.697,0.151,0.075,0.888,物品台,,1,1,5,苹果粉,1,3,"[{""name"": ""苹果粉"", ""share"": 0.91, ""q"": 0.102, ""capture"": 0.697, ""miss_deg"": 1.28, ""labels"": [64]}, {""name"": ""球L"", ""share"": 0.068, ""q"": 0.008, ""capture"": 0.105, ""miss_deg"": 3.18, ""labels"": [259]}, {""name"": ""苹果红"", ""share"": 0.005, ""q"": 0.001, ""capture"": 0.005, ""miss_deg"": 4.91, ""labels"": [260]}]"
2026_08_20/001,c2,v9,,tag15,45.4,46.6,1.2,3.228,苹果粉,64,0.729,0.089,0.61,0.549,0.272,0.878,物品台,,1,1,5,苹果粉,1,3,"[{""name"": ""苹果粉"", ""share"": 0.729, ""q"": 0.089, ""capture"": 0.61, ""miss_deg"": 1.49, ""labels"": [64]}, {""name"": ""球L"", ""share"": 0.198, ""q"": 0.024, ""capture"": 0.335, ""miss_deg"": 2.22, ""labels"": [259]}, {""name"": ""苹果红"", ""share"": 0.03, ""q"": 0.004, ""capture"": 0.034, ""miss_deg"": 3.91, ""labels"": [260]}]"
2026_08_20/001,c2,v9,,tag15,46.84,49.22,2.38,3.206,苹果粉,64,0.784,0.076,0.518,0.299,0.187,0.904,物品台,,1,1,5,苹果粉,1,3,"[{""name"": ""苹果粉"", ""share"": 0.784, ""q"": 0.076, ""capture"": 0.518, ""miss_deg"": 1.72, ""labels"": [64, 250]}, {""name"": ""球L"", ""share"": 0.147, ""q"": 0.014, ""capture"": 0.155, ""miss_deg"": 2.89, ""labels"": [259]}, {""name"": ""水瓶"", ""share"": 0.054, ""q"": 0.005, ""capture"": 0.012, ""miss_deg"": 4.47, ""labels"": [30]}]"
2026_08_20/001,c2,v9,,tag15,49.44,49.82,0.38,3.212,苹果粉,64,0.758,0.099,0.677,0.461,0.227,0.87,物品台,,1,1,5,苹果粉,1,3,"[{""name"": ""苹果粉"", ""share"": 0.758, ""q"": 0.099, ""capture"": 0.677, ""miss_deg"": 1.33, ""labels"": [64]}, {""name"": ""球L"", ""share"": 0.172, ""q"": 0.022, ""capture"": 0.312, ""miss_deg"": 2.29, ""labels"": [259]}, {""name"": ""苹果红"", ""share"": 0.028, ""q"": 0.004, ""capture"": 0.034, ""miss_deg"": 3.91, ""labels"": [260]}]"
2026_08_20/001,c2,v9,,tag15,50.15,52.1,1.95,3.283,球M,261,0.214,0.073,1.17,0.716,0.827,0.659,物品台,,0,0,,,,3,"[{""name"": ""球M"", ""share"": 0.214, ""q"": 0.073, ""capture"": 1.17, ""miss_deg"": 0.0, ""labels"": [261]}, {""name"": ""球R"", ""share"": 0.177, ""q"": 0.06, ""capture"": 0.838, ""miss_deg"": 0.89, ""labels"": [263]}, {""name"": ""白杯1"", ""share"": 0.205, ""q"": 0.07, ""capture"": 0.427, ""miss_deg"": 1.96, ""labels"": [266]}]"
2026_08_20/001,c2,v9,,tag15,52.15,52.86,0.7,3.255,球R,263,0.308,0.104,1.441,0.316,0.718,0.663,物品台,,0,0,,,,3,"[{""name"": ""球R"", ""share"": 0.308, ""q"": 0.104, ""capture"": 1.441, ""miss_deg"": 0.0, ""labels"": [263]}, {""name"": ""白杯1"", ""share"": 0.221, ""q"": 0.074, ""capture"": 0.455, ""miss_deg"": 1.88, ""labels"": [266]}, {""name"": ""白杯2"", ""share"": 0.179, ""q"": 0.06, ""capture"": 0.413, ""miss_deg"": 1.99, ""labels"": [267]}]"
2026_08_20/001,c2,v9,,tag15,53.89,54.21,0.32,3.258,球R,263,0.275,0.064,0.888,0.789,1.502,0.768,物品台,,0,0,,,,3,"[{""name"": ""球R"", ""share"": 0.275, ""q"": 0.064, ""capture"": 0.888, ""miss_deg"": 0.73, ""labels"": [263]}, {""name"": ""白杯2"", ""share"": 0.413, ""q"": 0.096, ""capture"": 0.701, ""miss_deg"": 1.26, ""labels"": [267]}, {""name"": ""白杯1"", ""share"": 0.1, ""q"": 0.023, ""capture"": 0.143, ""miss_deg"": 2.96, ""labels"": [266]}]"
2026_08_20/001,c2,v9,,tag15,54.75,55.02,0.27,3.272,球M,261,0.357,0.074,1.194,0.37,0.429,0.792,物品台,,1,0,,,,3,"[{""name"": ""球M"", ""share"": 0.357, ""q"": 0.074, ""capture"": 1.194, ""miss_deg"": 0.0, ""labels"": [261]}, {""name"": ""球L"", ""share"": 0.153, ""q"": 0.032, ""capture"": 0.442, ""miss_deg"": 1.92, ""labels"": [259]}, {""name"": ""苹果红"", ""share"": 0.105, ""q"": 0.022, ""capture"": 0.199, ""miss_deg"": 2.7, ""labels"": [260]}]"
2026_08_20/001,c2,v9,,tag15,55.29,55.99,0.7,3.286,球M,261,0.235,0.088,1.416,0.439,0.506,0.624,物品台,,0,0,,,,3,"[{""name"": ""球M"", ""share"": 0.235, ""q"": 0.088, ""capture"": 1.416, ""miss_deg"": 0.0, ""labels"": [261]}, {""name"": ""球R"", ""share"": 0.119, ""q"": 0.045, ""capture"": 0.622, ""miss_deg"": 1.46, ""labels"": [263]}, {""name"": ""白杯1"", ""share"": 0.178, ""q"": 0.067, ""capture"": 0.409, ""miss_deg"": 2.01, ""labels"": [266]}]"
2026_08_20/001,c2,v9,,tag15,56.05,56.64,0.6,3.267,球M,261,0.344,0.092,1.277,0.164,0.163,0.733,物品台,,0,0,,,,3,"[{""name"": ""球M"", ""share"": 0.344, ""q"": 0.092, ""capture"": 1.277, ""miss_deg"": 0.0, ""labels"": [261]}, {""name"": ""球R"", ""share"": 0.056, ""q"": 0.015, ""capture"": 0.21, ""miss_deg"": 2.65, ""labels"": [263]}, {""name"": ""水瓶"", ""share"": 0.283, ""q"": 0.076, ""capture"": 0.176, ""miss_deg"": 2.8, ""labels"": [30]}]"
2026_08_20/001,c2,v9,,tag15,57.19,57.62,0.43,4.502,球M,261,0.439,0.019,0.589,0.452,0.724,0.956,物品台,,0,0,,,,3,"[{""name"": ""球M"", ""share"": 0.439, ""q"": 0.019, ""capture"": 0.589, ""miss_deg"": 1.54, ""labels"": [261]}, {""name"": ""球L"", ""share"": 0.318, ""q"": 0.014, ""capture"": 0.266, ""miss_deg"": 2.44, ""labels"": [259]}, {""name"": ""水瓶"", ""share"": 0.2, ""q"": 0.009, ""capture"": 0.036, ""miss_deg"": 3.87, ""labels"": [30]}]"
2026_08_20/001,c2,v9,,tag15,58.49,59.14,0.65,3.273,球M,261,0.307,0.066,1.051,0.578,0.668,0.787,物品台,,0,0,7,球M,1,3,"[{""name"": ""球M"", ""share"": 0.307, ""q"": 0.066, ""capture"": 1.051, ""miss_deg"": 0.0, ""labels"": [261]}, {""name"": ""球L"", ""share"": 0.205, ""q"": 0.044, ""capture"": 0.607, ""miss_deg"": 1.5, ""labels"": [259]}, {""name"": ""苹果红"", ""share"": 0.131, ""q"": 0.028, ""capture"": 0.254, ""miss_deg"": 2.48, ""labels"": [260]}]"
2026_08_20/001,c2,v9,,tag15,59.51,59.95,0.43,3.266,球M,261,0.322,0.093,1.294,0.366,0.366,0.711,物品台,,0,0,7,球M,1,3,"[{""name"": ""球M"", ""share"": 0.322, ""q"": 0.093, ""capture"": 1.294, ""miss_deg"": 0.0, ""labels"": [261]}, {""name"": ""球L"", ""share"": 0.118, ""q"": 0.034, ""capture"": 0.474, ""miss_deg"": 1.83, ""labels"": [259]}, {""name"": ""苹果红"", ""share"": 0.099, ""q"": 0.029, ""capture"": 0.262, ""miss_deg"": 2.46, ""labels"": [260]}]"
2026_08_20/001,c2,v9,,tag15,60.19,60.46,0.27,3.252,球L,259,0.354,0.042,0.581,0.735,0.734,0.882,物品台,,0,0,7,球M,0,3,"[{""name"": ""球L"", ""share"": 0.354, ""q"": 0.042, ""capture"": 0.581, ""miss_deg"": 1.56, ""labels"": [259]}, {""name"": ""球M"", ""share"": 0.26, ""q"": 0.031, ""capture"": 0.427, ""miss_deg"": 1.96, ""labels"": [261]}, {""name"": ""苹果红"", ""share"": 0.131, ""q"": 0.016, ""capture"": 0.141, ""miss_deg"": 2.97, ""labels"": [260]}]"
2026_08_20/001,c2,v9,,tag15,60.56,61.92,1.35,3.28,球M,261,0.29,0.08,1.291,0.528,0.61,0.722,物品台,,0,0,7,球M,1,3,"[{""name"": ""球M"", ""share"": 0.29, ""q"": 0.08, ""capture"": 1.291, ""miss_deg"": 0.0, ""labels"": [261]}, {""name"": ""球L"", ""share"": 0.177, ""q"": 0.049, ""capture"": 0.682, ""miss_deg"": 1.31, ""labels"": [259]}, {""name"": ""苹果红"", ""share"": 0.126, ""q"": 0.035, ""capture"": 0.32, ""miss_deg"": 2.26, ""labels"": [260]}]"
2026_08_20/001,c2,v9,,tag15,61.97,62.24,0.27,3.281,球M,261,0.266,0.08,1.287,0.372,0.429,0.699,物品台,,0,0,,,,3,"[{""name"": ""球M"", ""share"": 0.266, ""q"": 0.08, ""capture"": 1.287, ""miss_deg"": 0.0, ""labels"": [261]}, {""name"": ""球R"", ""share"": 0.114, ""q"": 0.034, ""capture"": 0.479, ""miss_deg"": 1.82, ""labels"": [263]}, {""name"": ""白杯1"", ""share"": 0.159, ""q"": 0.048, ""capture"": 0.293, ""miss_deg"": 2.35, ""labels"": [266]}]"
2026_08_20/001,c2,v9,,tag15,62.3,62.62,0.32,3.282,球M,261,0.307,0.066,1.057,0.582,0.671,0.785,物品台,,0,0,,,,3,"[{""name"": ""球M"", ""share"": 0.307, ""q"": 0.066, ""capture"": 1.057, ""miss_deg"": 0.0, ""labels"": [261]}, {""name"": ""球L"", ""share"": 0.206, ""q"": 0.044, ""capture"": 0.615, ""miss_deg"": 1.48, ""labels"": [259]}, {""name"": ""苹果红"", ""share"": 0.13, ""q"": 0.028, ""capture"": 0.254, ""miss_deg"": 2.48, ""labels"": [260]}]"
2026_08_20/001,c2,v9,,tag15,64.79,65.22,0.43,4.213,,-1,0.0,0.0,,,,1.0,object#60,,0,0,,,,0,[]
2026_08_20/001,c2,v9,,tag15,65.6,65.93,0.32,4.126,,-1,0.0,0.0,,,,1.0,object#17,,0,0,,,,0,[]
2026_08_20/001,c2,v9,,tag15,66.2,66.53,0.32,3.268,球M,261,0.288,0.083,1.149,0.602,0.601,0.713,物品台,,0,0,,,,3,"[{""name"": ""球M"", ""share"": 0.288, ""q"": 0.083, ""capture"": 1.149, ""miss_deg"": 0.0, ""labels"": [261]}, {""name"": ""球L"", ""share"": 0.173, ""q"": 0.05, ""capture"": 0.692, ""miss_deg"": 1.29, ""labels"": [259]}, {""name"": ""苹果红"", ""share"": 0.116, ""q"": 0.033, ""capture"": 0.303, ""miss_deg"": 2.32, ""labels"": [260]}]"
2026_08_20/001,c2,v9,,tag15,69.39,69.99,0.6,3.306,水瓶,30,1.0,0.0,0.0,0.0,0.0,1.0,object#24,,0,0,,,,1,"[{""name"": ""水瓶"", ""share"": 1.0, ""q"": 0.0, ""capture"": 0.0, ""miss_deg"": 5.9, ""labels"": [30]}]"
2026_08_20/001,c2,v9,,tag15,71.31,71.69,0.38,3.293,水瓶,30,1.0,0.0,0.001,0.0,0.0,1.0,object#24,,0,0,,,,1,"[{""name"": ""水瓶"", ""share"": 1.0, ""q"": 0.0, ""capture"": 0.001, ""miss_deg"": 5.51, ""labels"": [30]}]"
2026_08_20/001,c2,v9,,tag15,71.96,72.29,0.32,3.275,球R,263,0.529,0.023,0.327,0.171,0.329,0.956,object#24,,1,1,,,,3,"[{""name"": ""球R"", ""share"": 0.529, ""q"": 0.023, ""capture"": 0.327, ""miss_deg"": 2.24, ""labels"": [263]}, {""name"": ""白杯2"", ""share"": 0.174, ""q"": 0.008, ""capture"": 0.056, ""miss_deg"": 3.6, ""labels"": [267]}, {""name"": ""水瓶"", ""share"": 0.24, ""q"": 0.011, ""capture"": 0.025, ""miss_deg"": 4.08, ""labels"": [30]}]"
2026_08_20/001,c2,v9,,tag15,72.34,72.77,0.43,3.413,球R,263,0.536,0.006,0.096,0.312,0.31,0.989,object#24,,0,0,,,,3,"[{""name"": ""球R"", ""share"": 0.536, ""q"": 0.006, ""capture"": 0.096, ""miss_deg"": 3.24, ""labels"": [263]}, {""name"": ""球M"", ""share"": 0.166, ""q"": 0.002, ""capture"": 0.03, ""miss_deg"": 3.97, ""labels"": [261]}, {""name"": ""水瓶"", ""share"": 0.297, ""q"": 0.003, ""capture"": 0.008, ""miss_deg"": 4.64, ""labels"": [30]}]"
2026_08_20/001,c2,v9,,tag15,72.83,74.24,1.41,3.426,球R,263,0.488,0.02,0.326,0.399,0.4,0.958,object#24,,1,0,,,,3,"[{""name"": ""球R"", ""share"": 0.488, ""q"": 0.02, ""capture"": 0.326, ""miss_deg"": 2.25, ""labels"": [263]}, {""name"": ""球M"", ""share"": 0.195, ""q"": 0.008, ""capture"": 0.13, ""miss_deg"": 3.03, ""labels"": [261]}, {""name"": ""白杯1"", ""share"": 0.072, ""q"": 0.003, ""capture"": 0.02, ""miss_deg"": 4.18, ""labels"": [266]}]"
2026_08_20/001,c2,v9,,tag15,76.09,76.52,0.43,3.445,球R,263,0.409,0.016,0.251,0.697,0.699,0.962,object#24,,1,0,,,,3,"[{""name"": ""球R"", ""share"": 0.409, ""q"": 0.016, ""capture"": 0.251, ""miss_deg"": 2.49, ""labels"": [263]}, {""name"": ""球M"", ""share"": 0.286, ""q"": 0.011, ""capture"": 0.175, ""miss_deg"": 2.8, ""labels"": [261]}, {""name"": ""白杯1"", ""share"": 0.077, ""q"": 0.003, ""capture"": 0.02, ""miss_deg"": 4.19, ""labels"": [266]}]"
2026_08_20/001,c2,v9,,tag15,77.22,77.54,0.32,3.285,水瓶,30,1.0,0.001,0.002,0.0,0.0,0.999,object#24,,0,0,,,,1,"[{""name"": ""水瓶"", ""share"": 1.0, ""q"": 0.001, ""capture"": 0.002, ""miss_deg"": 5.19, ""labels"": [30]}]"
2026_08_20/001,c2,v9,,tag15,77.6,78.08,0.48,3.294,球R,263,0.538,0.014,0.198,0.101,0.6,0.973,object#24,,0,0,,,,3,"[{""name"": ""球R"", ""share"": 0.538, ""q"": 0.014, ""capture"": 0.198, ""miss_deg"": 2.7, ""labels"": [263]}, {""name"": ""水瓶"", ""share"": 0.323, ""q"": 0.009, ""capture"": 0.02, ""miss_deg"": 4.2, ""labels"": [30]}, {""name"": ""白杯2"", ""share"": 0.09, ""q"": 0.002, ""capture"": 0.017, ""miss_deg"": 4.27, ""labels"": [267]}]"
2026_08_20/001,c2,v9,,tag15,78.14,78.73,0.6,3.414,球R,263,0.466,0.008,0.13,0.385,0.382,0.983,object#24,,0,0,,,,3,"[{""name"": ""球R"", ""share"": 0.466, ""q"": 0.008, ""capture"": 0.13, ""miss_deg"": 3.03, ""labels"": [263]}, {""name"": ""球M"", ""share"": 0.178, ""q"": 0.003, ""capture"": 0.05, ""miss_deg"": 3.68, ""labels"": [261]}, {""name"": ""水瓶"", ""share"": 0.327, ""q"": 0.006, ""capture"": 0.014, ""miss_deg"": 4.37, ""labels"": [30]}]"
2026_08_20/001,c2,v9,,tag15,79.4,79.77,0.38,3.282,,-1,0.0,0.0,,,,1.0,object#37,,0,0,,,,0,[]
2026_08_20/001,c2,v9,,tag15,80.05,82.0,1.95,3.281,球L,259,0.865,0.008,0.106,0.047,0.101,0.991,object#37,,0,0,9,苹果粉,0,3,"[{""name"": ""球L"", ""share"": 0.865, ""q"": 0.008, ""capture"": 0.106, ""miss_deg"": 3.17, ""labels"": [259]}, {""name"": ""苹果粉"", ""share"": 0.087, ""q"": 0.001, ""capture"": 0.005, ""miss_deg"": 4.86, ""labels"": [64]}, {""name"": ""水瓶"", ""share"": 0.039, ""q"": 0.0, ""capture"": 0.001, ""miss_deg"": 5.66, ""labels"": [30]}]"
2026_08_20/001,c2,v9,,tag15,82.59,82.86,0.27,3.283,球L,259,0.612,0.022,0.306,0.235,0.475,0.964,物品台,,1,1,,,,3,"[{""name"": ""球L"", ""share"": 0.612, ""q"": 0.022, ""capture"": 0.306, ""miss_deg"": 2.31, ""labels"": [259]}, {""name"": ""苹果粉"", ""share"": 0.291, ""q"": 0.01, ""capture"": 0.072, ""miss_deg"": 3.44, ""labels"": [64]}, {""name"": ""苹果红"", ""share"": 0.04, ""q"": 0.001, ""capture"": 0.013, ""miss_deg"": 4.42, ""labels"": [260]}]"
2026_08_20/001,c2,v9,,tag15,83.29,83.78,0.49,3.276,球L,259,0.518,0.047,0.657,0.216,0.44,0.909,物品台,,1,1,,,,3,"[{""name"": ""球L"", ""share"": 0.518, ""q"": 0.047, ""capture"": 0.657, ""miss_deg"": 1.37, ""labels"": [259]}, {""name"": ""苹果粉"", ""share"": 0.228, ""q"": 0.021, ""capture"": 0.142, ""miss_deg"": 2.96, ""labels"": [64]}, {""name"": ""苹果红"", ""share"": 0.111, ""q"": 0.01, ""capture"": 0.093, ""miss_deg"": 3.27, ""labels"": [260]}]"
2026_08_20/001,c2,v9,,tag15,83.83,84.1,0.27,3.254,球L,259,0.75,0.016,0.222,0.117,0.233,0.979,object#37,,1,1,,,,3,"[{""name"": ""球L"", ""share"": 0.75, ""q"": 0.016, ""capture"": 0.222, ""miss_deg"": 2.6, ""labels"": [259]}, {""name"": ""苹果粉"", ""share"": 0.175, ""q"": 0.004, ""capture"": 0.026, ""miss_deg"": 4.06, ""labels"": [64]}, {""name"": ""水瓶"", ""share"": 0.061, ""q"": 0.001, ""capture"": 0.003, ""miss_deg"": 5.11, ""labels"": [30]}]"
2026_08_20/001,c2,v9,,tag15,84.97,85.29,0.32,3.268,球L,259,0.658,0.022,0.309,0.146,0.293,0.966,物品台,,1,1,10,球R,0,3,"[{""name"": ""球L"", ""share"": 0.658, ""q"": 0.022, ""capture"": 0.309, ""miss_deg"": 2.3, ""labels"": [259]}, {""name"": ""苹果粉"", ""share"": 0.193, ""q"": 0.007, ""capture"": 0.045, ""miss_deg"": 3.74, ""labels"": [64]}, {""name"": ""球M"", ""share"": 0.034, ""q"": 0.001, ""capture"": 0.016, ""miss_deg"": 4.31, ""labels"": [261]}]"
2026_08_20/001,c2,v9,,tag15,85.35,85.62,0.27,3.251,球R,263,0.533,0.039,0.537,0.143,0.293,0.928,object#24,,1,1,10,球R,1,3,"[{""name"": ""球R"", ""share"": 0.533, ""q"": 0.039, ""capture"": 0.537, ""miss_deg"": 1.67, ""labels"": [263]}, {""name"": ""白杯2"", ""share"": 0.156, ""q"": 0.011, ""capture"": 0.077, ""miss_deg"": 3.39, ""labels"": [267]}, {""name"": ""白杯1"", ""share"": 0.08, ""q"": 0.006, ""capture"": 0.035, ""miss_deg"": 3.88, ""labels"": [266]}]"
2026_08_20/001,c2,v9,,tag15,87.14,87.85,0.7,3.202,球R,263,0.54,0.038,0.529,0.195,0.394,0.93,object#24,,1,1,10,球R,1,3,"[{""name"": ""球R"", ""share"": 0.54, ""q"": 0.038, ""capture"": 0.529, ""miss_deg"": 1.69, ""labels"": [263]}, {""name"": ""白杯2"", ""share"": 0.213, ""q"": 0.015, ""capture"": 0.103, ""miss_deg"": 3.2, ""labels"": [267]}, {""name"": ""白杯1"", ""share"": 0.088, ""q"": 0.006, ""capture"": 0.038, ""miss_deg"": 3.84, ""labels"": [266]}]"
2026_08_20/001,c2,v9,,tag15,88.23,88.61,0.38,3.228,球R,263,0.639,0.019,0.264,0.095,0.192,0.97,object#24,,1,1,,,,3,"[{""name"": ""球R"", ""share"": 0.639, ""q"": 0.019, ""capture"": 0.264, ""miss_deg"": 2.45, ""labels"": [263]}, {""name"": ""白杯2"", ""share"": 0.123, ""q"": 0.004, ""capture"": 0.025, ""miss_deg"": 4.07, ""labels"": [267]}, {""name"": ""水瓶"", ""share"": 0.197, ""q"": 0.006, ""capture"": 0.013, ""miss_deg"": 4.41, ""labels"": [30]}]"
2026_08_20/001,c2,v9,,tag15,88.66,88.99,0.32,3.405,球R,263,0.537,0.019,0.299,0.291,0.292,0.965,object#24,,1,1,,,,3,"[{""name"": ""球R"", ""share"": 0.537, ""q"": 0.019, ""capture"": 0.299, ""miss_deg"": 2.33, ""labels"": [263]}, {""name"": ""球M"", ""share"": 0.157, ""q"": 0.005, ""capture"": 0.087, ""miss_deg"": 3.31, ""labels"": [261]}, {""name"": ""白杯2"", ""share"": 0.056, ""q"": 0.002, ""capture"": 0.016, ""miss_deg"": 4.3, ""labels"": [267]}]"
2026_08_20/001,c2,v9,,tag15,89.64,89.91,0.27,3.233,球M,261,0.608,0.004,0.055,0.236,0.245,0.994,object#24,,0,0,,,,3,"[{""name"": ""球M"", ""share"": 0.608, ""q"": 0.004, ""capture"": 0.055, ""miss_deg"": 3.61, ""labels"": [261]}, {""name"": ""球R"", ""share"": 0.149, ""q"": 0.001, ""capture"": 0.013, ""miss_deg"": 4.4, ""labels"": [263]}, {""name"": ""球L"", ""share"": 0.047, ""q"": 0.0, ""capture"": 0.004, ""miss_deg"": 4.96, ""labels"": [259]}]"
2026_08_20/001,c2,v9,,tag15,90.12,90.39,0.27,3.239,水瓶,30,1.0,0.002,0.004,0.0,0.0,0.998,object#24,,0,0,11,球M,0,1,"[{""name"": ""水瓶"", ""share"": 1.0, ""q"": 0.002, ""capture"": 0.004, ""miss_deg"": 5.02, ""labels"": [30]}]"
2026_08_20/001,c2,v9,,tag15,92.55,92.82,0.27,3.389,球R,263,0.422,0.019,0.311,0.476,0.476,0.954,object#24,,1,0,11,球M,0,3,"[{""name"": ""球R"", ""share"": 0.422, ""q"": 0.019, ""capture"": 0.311, ""miss_deg"": 2.29, ""labels"": [263]}, {""name"": ""球M"", ""share"": 0.201, ""q"": 0.009, ""capture"": 0.148, ""miss_deg"": 2.93, ""labels"": [261]}, {""name"": ""水瓶"", ""share"": 0.281, ""q"": 0.013, ""capture"": 0.032, ""miss_deg"": 3.93, ""labels"": [30]}]"
2026_08_20/001,c2,v9,,tag15,93.91,94.24,0.34,3.171,球M,261,0.708,0.012,0.161,0.124,0.157,0.984,object#24,,0,0,11,球M,1,3,"[{""name"": ""球M"", ""share"": 0.708, ""q"": 0.012, ""capture"": 0.161, ""miss_deg"": 2.87, ""labels"": [261]}, {""name"": ""球R"", ""share"": 0.111, ""q"": 0.002, ""capture"": 0.02, ""miss_deg"": 4.2, ""labels"": [263]}, {""name"": ""球L"", ""share"": 0.08, ""q"": 0.001, ""capture"": 0.014, ""miss_deg"": 4.37, ""labels"": [259]}]"
2026_08_20/001,c2,v9,,tag15,97.02,97.29,0.27,3.326,,-1,0.0,0.0,,,,1.0,object#37,,0,0,,,,0,[]
2026_08_20/001,c2,v9,,tag15,97.68,98.0,0.32,3.356,,-1,0.0,0.0,,,,1.0,object#37,,0,0,,,,0,[]
2026_08_20/001,c2,v9,,tag15,99.07,99.34,0.27,3.364,球R,263,0.41,0.016,0.228,0.868,0.751,0.96,object#24,,0,0,,,,3,"[{""name"": ""球R"", ""share"": 0.41, ""q"": 0.016, ""capture"": 0.228, ""miss_deg"": 2.58, ""labels"": [263]}, {""name"": ""球M"", ""share"": 0.308, ""q"": 0.012, ""capture"": 0.198, ""miss_deg"": 2.7, ""labels"": [261]}, {""name"": ""白杯1"", ""share"": 0.074, ""q"": 0.003, ""capture"": 0.018, ""miss_deg"": 4.25, ""labels"": [266]}]"
2026_08_20/001,c2,v9,,tag15,100.1,102.38,2.27,3.22,球R,263,0.383,0.033,0.458,0.476,0.966,0.914,物品台,,0,0,12,白杯2,0,3,"[{""name"": ""球R"", ""share"": 0.383, ""q"": 0.033, ""capture"": 0.458, ""miss_deg"": 1.87, ""labels"": [263]}, {""name"": ""白杯2"", ""share"": 0.37, ""q"": 0.032, ""capture"": 0.218, ""miss_deg"": 2.62, ""labels"": [267]}, {""name"": ""白杯1"", ""share"": 0.072, ""q"": 0.006, ""capture"": 0.038, ""miss_deg"": 3.84, ""labels"": [266]}]"
2026_08_20/001,c2,v9,,tag15,102.49,104.16,1.68,3.233,球R,263,0.424,0.025,0.341,0.367,0.745,0.942,物品台,,0,0,12,白杯2,0,3,"[{""name"": ""球R"", ""share"": 0.424, ""q"": 0.025, ""capture"": 0.341, ""miss_deg"": 2.2, ""labels"": [263]}, {""name"": ""白杯2"", ""share"": 0.316, ""q"": 0.018, ""capture"": 0.125, ""miss_deg"": 3.06, ""labels"": [267]}, {""name"": ""水瓶"", ""share"": 0.219, ""q"": 0.013, ""capture"": 0.029, ""miss_deg"": 4.0, ""labels"": [30]}]"
2026_08_20/001,c2,v9,,tag15,104.33,104.98,0.65,3.233,球R,263,0.416,0.016,0.227,0.388,0.788,0.961,物品台,,0,0,12,白杯2,0,3,"[{""name"": ""球R"", ""share"": 0.416, ""q"": 0.016, ""capture"": 0.227, ""miss_deg"": 2.58, ""labels"": [263]}, {""name"": ""白杯2"", ""share"": 0.328, ""q"": 0.013, ""capture"": 0.088, ""miss_deg"": 3.3, ""labels"": [267]}, {""name"": ""水瓶"", ""share"": 0.232, ""q"": 0.009, ""capture"": 0.021, ""miss_deg"": 4.18, ""labels"": [30]}]"
2026_08_20/001,c2,v9,,tag15,106.41,106.95,0.54,3.18,球R,263,0.539,0.035,0.385,0.218,0.351,0.935,object#24,,1,1,,,,3,"[{""name"": ""球R"", ""share"": 0.539, ""q"": 0.035, ""capture"": 0.385, ""miss_deg"": 2.07, ""labels"": [263]}, {""name"": ""白杯2"", ""share"": 0.189, ""q"": 0.012, ""capture"": 0.084, ""miss_deg"": 3.34, ""labels"": [267]}, {""name"": ""水瓶"", ""share"": 0.19, ""q"": 0.012, ""capture"": 0.028, ""miss_deg"": 4.01, ""labels"": [30]}]"
2026_08_20/001,c2,v9,,tag15,107.11,114.03,6.91,3.205,球R,263,0.399,0.022,0.306,0.392,0.797,0.945,物品台,,0,0,,,,3,"[{""name"": ""球R"", ""share"": 0.399, ""q"": 0.022, ""capture"": 0.306, ""miss_deg"": 2.31, ""labels"": [263]}, {""name"": ""白杯2"", ""share"": 0.318, ""q"": 0.018, ""capture"": 0.12, ""miss_deg"": 3.09, ""labels"": [267]}, {""name"": ""水瓶"", ""share"": 0.247, ""q"": 0.014, ""capture"": 0.031, ""miss_deg"": 3.96, ""labels"": [30]}]"
2026_08_20/001,c2,v9,,tag15,114.48,114.86,0.38,3.324,,-1,0.0,0.0,,,,1.0,object#37,,0,0,,,,0,[]
2026_08_20/001,c2,v9,,tag15,115.78,116.16,0.38,3.215,球L,259,0.666,0.025,0.343,0.207,0.422,0.963,物品台,,1,1,,,,3,"[{""name"": ""球L"", ""share"": 0.666, ""q"": 0.025, ""capture"": 0.343, ""miss_deg"": 2.19, ""labels"": [259]}, {""name"": ""苹果粉"", ""share"": 0.281, ""q"": 0.01, ""capture"": 0.071, ""miss_deg"": 3.45, ""labels"": [64]}, {""name"": ""苹果红"", ""share"": 0.032, ""q"": 0.001, ""capture"": 0.011, ""miss_deg"": 4.52, ""labels"": [260]}]"
2026_08_20/001,c2,v9,,tag15,116.4,116.78,0.38,3.207,球L,259,0.767,0.016,0.175,0.063,0.048,0.979,object#37,,0,0,14,球L,1,3,"[{""name"": ""球L"", ""share"": 0.767, ""q"": 0.016, ""capture"": 0.175, ""miss_deg"": 2.8, ""labels"": [259]}, {""name"": ""球M"", ""share"": 0.037, ""q"": 0.001, ""capture"": 0.011, ""miss_deg"": 4.52, ""labels"": [261]}, {""name"": ""苹果粉"", ""share"": 0.068, ""q"": 0.001, ""capture"": 0.01, ""miss_deg"": 4.57, ""labels"": [64]}]"
2026_08_20/001,c2,v9,,tag15,116.83,117.32,0.49,3.249,球L,259,0.3,0.056,0.773,0.759,0.76,0.815,物品台,,0,0,14,球L,1,3,"[{""name"": ""球L"", ""share"": 0.3, ""q"": 0.056, ""capture"": 0.773, ""miss_deg"": 1.08, ""labels"": [259]}, {""name"": ""球M"", ""share"": 0.228, ""q"": 0.042, ""capture"": 0.587, ""miss_deg"": 1.55, ""labels"": [261]}, {""name"": ""苹果红"", ""share"": 0.15, ""q"": 0.028, ""capture"": 0.254, ""miss_deg"": 2.48, ""labels"": [260]}]"
2026_08_20/001,c2,v9,,tag15,118.74,119.17,0.43,4.58,球L,259,0.447,0.034,1.044,0.609,0.611,0.923,物品台,,1,0,14,球L,1,3,"[{""name"": ""球L"", ""share"": 0.447, ""q"": 0.034, ""capture"": 1.044, ""miss_deg"": 0.0, ""labels"": [259]}, {""name"": ""球M"", ""share"": 0.273, ""q"": 0.021, ""capture"": 0.636, ""miss_deg"": 1.43, ""labels"": [261]}, {""name"": ""苹果红"", ""share"": 0.082, ""q"": 0.006, ""capture"": 0.12, ""miss_deg"": 3.09, ""labels"": [260]}]"
2026_08_20/001,c2,v9,,tag15,121.06,121.38,0.32,3.269,球L,259,0.49,0.045,0.623,0.324,0.659,0.909,物品台,,1,0,,,,3,"[{""name"": ""球L"", ""share"": 0.49, ""q"": 0.045, ""capture"": 0.623, ""miss_deg"": 1.46, ""labels"": [259]}, {""name"": ""苹果粉"", ""share"": 0.323, ""q"": 0.03, ""capture"": 0.202, ""miss_deg"": 2.68, ""labels"": [64]}, {""name"": ""苹果红"", ""share"": 0.114, ""q"": 0.01, ""capture"": 0.095, ""miss_deg"": 3.25, ""labels"": [260]}]"
2026_08_20/001,c2,v9,,tag15,121.65,121.92,0.27,3.251,球L,259,0.362,0.048,0.665,0.517,0.517,0.868,物品台,,1,0,15,苹果红,0,3,"[{""name"": ""球L"", ""share"": 0.362, ""q"": 0.048, ""capture"": 0.665, ""miss_deg"": 1.35, ""labels"": [259]}, {""name"": ""球M"", ""share"": 0.187, ""q"": 0.025, ""capture"": 0.344, ""miss_deg"": 2.19, ""labels"": [261]}, {""name"": ""苹果红"", ""share"": 0.144, ""q"": 0.019, ""capture"": 0.174, ""miss_deg"": 2.81, ""labels"": [260]}]"
2026_08_20/001,c2,v9,,tag15,121.98,123.01,1.04,3.267,球L,259,0.25,0.065,0.9,0.932,0.936,0.741,物品台,,0,0,15,苹果红,0,3,"[{""name"": ""球L"", ""share"": 0.25, ""q"": 0.065, ""capture"": 0.9, ""miss_deg"": 0.69, ""labels"": [259]}, {""name"": ""球M"", ""share"": 0.234, ""q"": 0.06, ""capture"": 0.839, ""miss_deg"": 0.89, ""labels"": [261]}, {""name"": ""苹果红"", ""share"": 0.163, ""q"": 0.042, ""capture"": 0.384, ""miss_deg"": 2.07, ""labels"": [260]}]"
2026_08_20/001,c2,v9,,tag15,123.07,125.5,2.44,3.28,球L,259,0.363,0.075,1.04,0.428,0.372,0.794,物品台,,1,0,,,,3,"[{""name"": ""球L"", ""share"": 0.363, ""q"": 0.075, ""capture"": 1.04, ""miss_deg"": 0.0, ""labels"": [259]}, {""name"": ""球M"", ""share"": 0.135, ""q"": 0.028, ""capture"": 0.445, ""miss_deg"": 1.91, ""labels"": [261]}, {""name"": ""苹果红"", ""share"": 0.175, ""q"": 0.036, ""capture"": 0.328, ""miss_deg"": 2.24, ""labels"": [260]}]"
2026_08_20/001,c2,v9,,tag15,125.88,126.86,0.97,3.271,球L,259,0.316,0.059,0.815,0.807,0.699,0.814,物品台,,0,0,,,,3,"[{""name"": ""球L"", ""share"": 0.316, ""q"": 0.059, ""capture"": 0.815, ""miss_deg"": 0.96, ""labels"": [259]}, {""name"": ""球M"", ""share"": 0.221, ""q"": 0.041, ""capture"": 0.658, ""miss_deg"": 1.37, ""labels"": [261]}, {""name"": ""苹果红"", ""share"": 0.16, ""q"": 0.03, ""capture"": 0.27, ""miss_deg"": 2.43, ""labels"": [260]}]"
2026_08_20/001,c2,v9,,tag15,128.25,128.57,0.32,3.742,,-1,0.0,0.0,,,,1.0,object#17,,0,0,,,,0,[]
2026_08_20/001,c2,v9,,tag15,130.83,131.31,0.49,2.083,,-1,0.0,0.0,,,,1.0,object#14,,0,0,,,,0,[]
2026_08_20/001,c2,v9,,tag15,132.03,132.47,0.43,1.151,,-1,0.0,0.0,,,,1.0,object#34,,0,0,,,,0,[]
2026_08_20/001,c2,v9,,tag15,132.52,133.06,0.54,0.788,,-1,0.0,0.0,,,,1.0,object#34,,0,0,,,,0,[]
2026_08_20/001,c2,v9,,tag15,133.6,133.98,0.38,0.754,,-1,0.0,0.0,,,,1.0,object#14,,0,0,,,,0,[]
2026_08_20/001,c2,v9,,tag15,134.04,134.31,0.27,0.717,,-1,0.0,0.0,,,,1.0,object#88,,0,0,,,,0,[]
2026_08_20/001,c2,v9,,tag15,134.36,134.8,0.43,0.704,,-1,0.0,0.0,,,,1.0,object#88,,0,0,,,,0,[]
2026_08_20/002,c4,v9,beyond_occ,tag15,8.84,9.44,0.6,4.11,球M,261,0.222,0.05,0.959,0.984,0.986,0.773,物品台,,0,0,,,,3,"[{""name"": ""球M"", ""share"": 0.222, ""q"": 0.05, ""capture"": 0.959, ""miss_deg"": 0.44, ""labels"": [261]}, {""name"": ""球R"", ""share"": 0.219, ""q"": 0.05, ""capture"": 0.944, ""miss_deg"": 0.51, ""labels"": [263]}, {""name"": ""球L"", ""share"": 0.176, ""q"": 0.04, ""capture"": 0.759, ""miss_deg"": 1.11, ""labels"": [259]}]"
2026_08_20/002,c4,v9,beyond_occ,tag15,9.71,9.98,0.27,3.306,,-1,0.0,0.0,,,,1.0,floor,,0,0,,,,0,[]
2026_08_20/002,c4,v9,beyond_occ,tag15,10.36,11.06,0.7,2.929,,-1,0.0,0.0,,,,1.0,floor,,0,0,,,,0,[]
2026_08_20/002,c4,v9,beyond_occ,tag15,11.17,11.77,0.6,3.253,,-1,0.0,0.0,,,,1.0,floor,,0,0,,,,0,[]
2026_08_20/002,c4,v9,beyond_occ,tag15,11.88,12.15,0.27,2.996,,-1,0.0,0.0,,,,1.0,floor,,0,0,,,,0,[]
2026_08_20/002,c4,v9,beyond_occ,tag15,12.88,15.05,2.17,4.182,球L,259,0.219,0.062,1.182,0.764,0.763,0.715,物品台,,0,0,4,球M,0,3,"[{""name"": ""球L"", ""share"": 0.219, ""q"": 0.062, ""capture"": 1.182, ""miss_deg"": 0.0, ""labels"": [259]}, {""name"": ""球M"", ""share"": 0.167, ""q"": 0.048, ""capture"": 0.903, ""miss_deg"": 0.68, ""labels"": [261]}, {""name"": ""球R"", ""share"": 0.147, ""q"": 0.042, ""capture"": 0.793, ""miss_deg"": 1.02, ""labels"": [263]}]"
2026_08_20/002,c4,v9,beyond_occ,tag15,15.1,15.53,0.43,4.121,球L,259,0.363,0.024,0.457,0.42,0.421,0.934,object#35,,1,0,6,球L,1,3,"[{""name"": ""球L"", ""share"": 0.363, ""q"": 0.024, ""capture"": 0.457, ""miss_deg"": 1.88, ""labels"": [259]}, {""name"": ""球M"", ""share"": 0.153, ""q"": 0.01, ""capture"": 0.192, ""miss_deg"": 2.72, ""labels"": [261]}, {""name"": ""苹果红"", ""share"": 0.171, ""q"": 0.011, ""capture"": 0.182, ""miss_deg"": 2.77, ""labels"": [260]}]"
2026_08_20/002,c4,v9,beyond_occ,tag15,15.59,17.0,1.41,4.185,球L,259,0.329,0.029,0.558,0.613,0.611,0.911,object#35,,0,0,6,球L,1,3,"[{""name"": ""球L"", ""share"": 0.329, ""q"": 0.029, ""capture"": 0.558, ""miss_deg"": 1.62, ""labels"": [259]}, {""name"": ""球M"", ""share"": 0.201, ""q"": 0.018, ""capture"": 0.342, ""miss_deg"": 2.2, ""labels"": [261]}, {""name"": ""苹果红"", ""share"": 0.147, ""q"": 0.013, ""capture"": 0.211, ""miss_deg"": 2.65, ""labels"": [260]}]"
2026_08_20/002,c4,v9,beyond_occ,tag15,17.05,17.76,0.7,4.202,球L,259,0.279,0.037,0.697,0.514,0.516,0.869,object#35,,0,0,6,球L,1,3,"[{""name"": ""球L"", ""share"": 0.279, ""q"": 0.037, ""capture"": 0.697, ""miss_deg"": 1.27, ""labels"": [259]}, {""name"": ""球M"", ""share"": 0.144, ""q"": 0.019, ""capture"": 0.358, ""miss_deg"": 2.15, ""labels"": [261]}, {""name"": ""苹果红"", ""share"": 0.165, ""q"": 0.022, ""capture"": 0.348, ""miss_deg"": 2.18, ""labels"": [260]}]"
2026_08_20/002,c4,v9,beyond_occ,tag15,17.88,18.86,0.97,4.216,球L,259,0.243,0.031,0.591,0.839,0.84,0.872,object#35,,0,0,6,球L,1,3,"[{""name"": ""球L"", ""share"": 0.243, ""q"": 0.031, ""capture"": 0.591, ""miss_deg"": 1.54, ""labels"": [259]}, {""name"": ""苹果红"", ""share"": 0.204, ""q"": 0.026, ""capture"": 0.496, ""miss_deg"": 1.78, ""labels"": [260]}, {""name"": ""苹果粉"", ""share"": 0.296, ""q"": 0.038, ""capture"": 0.417, ""miss_deg"": 1.98, ""labels"": [64]}]"
2026_08_20/002,c4,v9,beyond_occ,tag15,18.91,22.75,3.85,4.233,球L,259,0.264,0.052,0.98,0.587,0.587,0.804,object#35,,0,0,6,球L,1,3,"[{""name"": ""球L"", ""share"": 0.264, ""q"": 0.052, ""capture"": 0.98, ""miss_deg"": 0.3, ""labels"": [259]}, {""name"": ""苹果红"", ""share"": 0.155, ""q"": 0.03, ""capture"": 0.575, ""miss_deg"": 1.58, ""labels"": [260]}, {""name"": ""球M"", ""share"": 0.131, ""q"": 0.026, ""capture"": 0.486, ""miss_deg"": 1.8, ""labels"": [261]}]"
2026_08_20/002,c4,v9,beyond_occ,tag15,22.81,23.08,0.27,4.259,球M,261,0.25,0.028,0.537,0.844,0.844,0.887,物品台,,0,0,,,,3,"[{""name"": ""球M"", ""share"": 0.25, ""q"": 0.028, ""capture"": 0.537, ""miss_deg"": 1.67, ""labels"": [261]}, {""name"": ""球L"", ""share"": 0.211, ""q"": 0.024, ""capture"": 0.453, ""miss_deg"": 1.89, ""labels"": [259]}, {""name"": ""球R"", ""share"": 0.204, ""q"": 0.023, ""capture"": 0.438, ""miss_deg"": 1.93, ""labels"": [263]}]"
2026_08_20/002,c4,v9,beyond_occ,tag15,23.13,23.78,0.65,4.231,球L,259,0.336,0.026,0.502,0.618,0.619,0.921,object#35,,0,0,,,,3,"[{""name"": ""球L"", ""share"": 0.336, ""q"": 0.026, ""capture"": 0.502, ""miss_deg"": 1.76, ""labels"": [259]}, {""name"": ""球M"", ""share"": 0.208, ""q"": 0.016, ""capture"": 0.31, ""miss_deg"": 2.29, ""labels"": [261]}, {""name"": ""苹果红"", ""share"": 0.164, ""q"": 0.013, ""capture"": 0.245, ""miss_deg"": 2.51, ""labels"": [260]}]"
2026_08_20/002,c4,v9,beyond_occ,tag15,24.01,24.66,0.65,4.252,球L,259,0.232,0.04,0.765,0.933,0.935,0.827,物品台,,0,0,,,,3,"[{""name"": ""球L"", ""share"": 0.232, ""q"": 0.04, ""capture"": 0.765, ""miss_deg"": 1.1, ""labels"": [259]}, {""name"": ""球M"", ""share"": 0.217, ""q"": 0.038, ""capture"": 0.714, ""miss_deg"": 1.23, ""labels"": [261]}, {""name"": ""球R"", ""share"": 0.142, ""q"": 0.025, ""capture"": 0.466, ""miss_deg"": 1.85, ""labels"": [263]}]"
2026_08_20/002,c4,v9,beyond_occ,tag15,24.93,28.4,3.47,4.256,球L,259,0.221,0.069,1.315,0.695,0.697,0.687,物品台,,0,0,8,球L,1,3,"[{""name"": ""球L"", ""share"": 0.221, ""q"": 0.069, ""capture"": 1.315, ""miss_deg"": 0.0, ""labels"": [259]}, {""name"": ""球M"", ""share"": 0.154, ""q"": 0.048, ""capture"": 0.914, ""miss_deg"": 0.64, ""labels"": [261]}, {""name"": ""苹果红"", ""share"": 0.123, ""q"": 0.038, ""capture"": 0.731, ""miss_deg"": 1.19, ""labels"": [260]}]"
2026_08_20/002,c4,v9,beyond_occ,tag15,28.45,29.53,1.08,4.26,球L,259,0.231,0.03,0.563,0.947,0.944,0.871,物品台,,0,0,10,球M,0,3,"[{""name"": ""球L"", ""share"": 0.231, ""q"": 0.03, ""capture"": 0.563, ""miss_deg"": 1.61, ""labels"": [259]}, {""name"": ""球M"", ""share"": 0.218, ""q"": 0.028, ""capture"": 0.533, ""miss_deg"": 1.68, ""labels"": [261]}, {""name"": ""球R"", ""share"": 0.213, ""q"": 0.027, ""capture"": 0.521, ""miss_deg"": 1.71, ""labels"": [263]}]"
2026_08_20/002,c4,v9,beyond_occ,tag15,29.59,33.43,3.85,4.269,球L,259,0.228,0.057,1.083,0.772,0.772,0.75,物品台,,0,0,11,球L,1,3,"[{""name"": ""球L"", ""share"": 0.228, ""q"": 0.057, ""capture"": 1.083, ""miss_deg"": 0.0, ""labels"": [259]}, {""name"": ""球M"", ""share"": 0.176, ""q"": 0.044, ""capture"": 0.836, ""miss_deg"": 0.9, ""labels"": [261]}, {""name"": ""苹果红"", ""share"": 0.121, ""q"": 0.03, ""capture"": 0.575, ""miss_deg"": 1.58, ""labels"": [260]}]"
2026_08_20/002,c4,v9,beyond_occ,tag15,33.65,37.22,3.57,4.283,球L,259,0.22,0.06,1.143,0.766,0.768,0.727,物品台,,0,0,11,球L,1,3,"[{""name"": ""球L"", ""share"": 0.22, ""q"": 0.06, ""capture"": 1.143, ""miss_deg"": 0.0, ""labels"": [259]}, {""name"": ""球M"", ""share"": 0.169, ""q"": 0.046, ""capture"": 0.876, ""miss_deg"": 0.77, ""labels"": [261]}, {""name"": ""球R"", ""share"": 0.135, ""q"": 0.037, ""capture"": 0.702, ""miss_deg"": 1.26, ""labels"": [263]}]"
2026_08_20/002,c4,v9,beyond_occ,tag15,37.37,38.29,0.92,4.288,球L,259,0.282,0.043,0.818,0.557,0.557,0.847,object#35,,0,0,11,球L,1,3,"[{""name"": ""球L"", ""share"": 0.282, ""q"": 0.043, ""capture"": 0.818, ""miss_deg"": 0.95, ""labels"": [259]}, {""name"": ""苹果红"", ""share"": 0.157, ""q"": 0.024, ""capture"": 0.456, ""miss_deg"": 1.88, ""labels"": [260]}, {""name"": ""球M"", ""share"": 0.139, ""q"": 0.021, ""capture"": 0.404, ""miss_deg"": 2.02, ""labels"": [261]}]"
2026_08_20/002,c4,v9,beyond_occ,tag15,38.34,42.4,4.06,4.308,球L,259,0.225,0.062,1.173,0.701,0.702,0.726,object#35,,0,0,11,球L,1,3,"[{""name"": ""球L"", ""share"": 0.225, ""q"": 0.062, ""capture"": 1.173, ""miss_deg"": 0.0, ""labels"": [259]}, {""name"": ""苹果红"", ""share"": 0.158, ""q"": 0.043, ""capture"": 0.822, ""miss_deg"": 0.94, ""labels"": [260]}, {""name"": ""球M"", ""share"": 0.128, ""q"": 0.035, ""capture"": 0.668, ""miss_deg"": 1.35, ""labels"": [261]}]"
2026_08_20/002,c4,v9,beyond_occ,tag15,42.54,47.25,4.71,4.278,球L,259,0.199,0.062,1.185,0.851,0.854,0.687,object#35,,0,0,11,球L,1,3,"[{""name"": ""球L"", ""share"": 0.199, ""q"": 0.062, ""capture"": 1.185, ""miss_deg"": 0.0, ""labels"": [259]}, {""name"": ""苹果红"", ""share"": 0.17, ""q"": 0.053, ""capture"": 1.009, ""miss_deg"": 0.0, ""labels"": [260]}, {""name"": ""苹果粉"", ""share"": 0.199, ""q"": 0.062, ""capture"": 0.684, ""miss_deg"": 1.31, ""labels"": [64]}]"
2026_08_20/002,c4,v9,beyond_occ,tag15,47.69,50.94,3.25,4.305,球L,259,0.217,0.056,1.067,0.672,0.673,0.741,物品台,,0,0,11,球L,1,3,"[{""name"": ""球L"", ""share"": 0.217, ""q"": 0.056, ""capture"": 1.067, ""miss_deg"": 0.0, ""labels"": [259]}, {""name"": ""苹果红"", ""share"": 0.146, ""q"": 0.038, ""capture"": 0.717, ""miss_deg"": 1.22, ""labels"": [260]}, {""name"": ""球M"", ""share"": 0.137, ""q"": 0.035, ""capture"": 0.672, ""miss_deg"": 1.34, ""labels"": [261]}]"
2026_08_20/002,c4,v9,beyond_occ,tag15,50.99,52.4,1.41,4.3,球L,259,0.217,0.046,0.87,0.829,0.829,0.789,object#35,,0,0,11,球L,1,3,"[{""name"": ""球L"", ""share"": 0.217, ""q"": 0.046, ""capture"": 0.87, ""miss_deg"": 0.79, ""labels"": [259]}, {""name"": ""苹果红"", ""share"": 0.18, ""q"": 0.038, ""capture"": 0.721, ""miss_deg"": 1.21, ""labels"": [260]}, {""name"": ""苹果粉"", ""share"": 0.235, ""q"": 0.05, ""capture"": 0.545, ""miss_deg"": 1.65, ""labels"": [64]}]"
2026_08_20/002,c4,v9,beyond_occ,tag15,53.04,54.85,1.81,4.295,球L,259,0.236,0.057,1.086,0.615,0.614,0.758,object#35,,0,0,11,球L,1,3,"[{""name"": ""球L"", ""share"": 0.236, ""q"": 0.057, ""capture"": 1.086, ""miss_deg"": 0.0, ""labels"": [259]}, {""name"": ""苹果红"", ""share"": 0.145, ""q"": 0.035, ""capture"": 0.668, ""miss_deg"": 1.35, ""labels"": [260]}, {""name"": ""球M"", ""share"": 0.114, ""q"": 0.028, ""capture"": 0.524, ""miss_deg"": 1.71, ""labels"": [261]}]"
2026_08_20/002,c4,v9,beyond_occ,tag15,54.9,56.1,1.19,4.288,苹果粉,64,0.372,0.081,0.889,0.855,0.495,0.783,object#35,,1,0,11,球L,0,3,"[{""name"": ""苹果粉"", ""share"": 0.372, ""q"": 0.081, ""capture"": 0.889, ""miss_deg"": 0.73, ""labels"": [64]}, {""name"": ""苹果红"", ""share"": 0.184, ""q"": 0.04, ""capture"": 0.76, ""miss_deg"": 1.11, ""labels"": [260]}, {""name"": ""球L"", ""share"": 0.168, ""q"": 0.037, ""capture"": 0.694, ""miss_deg"": 1.28, ""labels"": [259]}]"
2026_08_20/002,c4,v9,beyond_occ,tag15,56.31,56.96,0.65,4.292,球L,259,0.191,0.057,1.088,0.973,0.974,0.7,object#35,,0,0,11,球L,1,3,"[{""name"": ""球L"", ""share"": 0.191, ""q"": 0.057, ""capture"": 1.088, ""miss_deg"": 0.0, ""labels"": [259]}, {""name"": ""苹果红"", ""share"": 0.186, ""q"": 0.056, ""capture"": 1.059, ""miss_deg"": 0.0, ""labels"": [260]}, {""name"": ""苹果粉"", ""share"": 0.24, ""q"": 0.072, ""capture"": 0.791, ""miss_deg"": 1.03, ""labels"": [64]}]"
2026_08_20/002,c4,v9,beyond_occ,tag15,57.02,64.33,7.31,4.287,球L,259,0.207,0.066,1.248,0.739,0.739,0.683,物品台,,0,0,11,球L,1,3,"[{""name"": ""球L"", ""share"": 0.207, ""q"": 0.066, ""capture"": 1.248, ""miss_deg"": 0.0, ""labels"": [259]}, {""name"": ""球M"", ""share"": 0.153, ""q"": 0.049, ""capture"": 0.922, ""miss_deg"": 0.6, ""labels"": [261]}, {""name"": ""苹果红"", ""share"": 0.126, ""q"": 0.04, ""capture"": 0.757, ""miss_deg"": 1.12, ""labels"": [260]}]"
2026_08_20/002,c4,v9,beyond_occ,tag15,67.86,68.24,0.38,3.462,,-1,0.0,0.0,,,,1.0,floor,,0,0,,,,0,[]
2026_08_20/002,c4,v9,beyond_occ,tag15,69.14,69.5,0.36,3.314,,-1,0.0,0.0,,,,1.0,floor,,0,0,,,,0,[]
2026_08_20/002,c4,v9,beyond_occ,tag15,69.72,70.16,0.43,3.54,,-1,0.0,0.0,,,,1.0,floor,,0,0,,,,0,[]
2026_08_20/002,c4,v9,beyond_occ,tag15,70.69,72.64,1.95,4.261,苹果粉,64,0.717,0.173,1.904,0.259,0.151,0.758,object#35,,1,1,,,,3,"[{""name"": ""苹果粉"", ""share"": 0.717, ""q"": 0.173, ""capture"": 1.904, ""miss_deg"": 0.0, ""labels"": [64, 250]}, {""name"": ""苹果红"", ""share"": 0.108, ""q"": 0.026, ""capture"": 0.494, ""miss_deg"": 1.78, ""labels"": [260]}, {""name"": ""橘子"", ""share"": 0.03, ""q"": 0.007, ""capture"": 0.138, ""miss_deg"": 2.99, ""labels"": [262]}]"
2026_08_20/002,c4,v9,beyond_occ,tag15,72.91,74.26,1.35,4.282,苹果粉,64,0.743,0.169,1.854,0.207,0.12,0.773,object#35,,1,1,,,,3,"[{""name"": ""苹果粉"", ""share"": 0.743, ""q"": 0.169, ""capture"": 1.854, ""miss_deg"": 0.0, ""labels"": [64]}, {""name"": ""苹果红"", ""share"": 0.089, ""q"": 0.02, ""capture"": 0.384, ""miss_deg"": 2.08, ""labels"": [260]}, {""name"": ""橘子"", ""share"": 0.021, ""q"": 0.005, ""capture"": 0.091, ""miss_deg"": 3.29, ""labels"": [262]}]"
2026_08_20/002,c4,v9,beyond_occ,tag15,74.32,78.27,3.95,4.285,苹果粉,64,0.698,0.163,1.788,0.317,0.183,0.767,object#35,,1,1,,,,3,"[{""name"": ""苹果粉"", ""share"": 0.698, ""q"": 0.163, ""capture"": 1.788, ""miss_deg"": 0.0, ""labels"": [64, 250]}, {""name"": ""苹果红"", ""share"": 0.128, ""q"": 0.03, ""capture"": 0.566, ""miss_deg"": 1.6, ""labels"": [260]}, {""name"": ""球L"", ""share"": 0.04, ""q"": 0.009, ""capture"": 0.177, ""miss_deg"": 2.79, ""labels"": [259]}]"
2026_08_20/002,c4,v9,beyond_occ,tag15,78.32,78.87,0.54,4.257,苹果粉,64,0.498,0.143,1.572,0.646,0.373,0.713,object#35,,1,0,,,,3,"[{""name"": ""苹果粉"", ""share"": 0.498, ""q"": 0.143, ""capture"": 1.572, ""miss_deg"": 0.0, ""labels"": [64, 250]}, {""name"": ""苹果红"", ""share"": 0.186, ""q"": 0.053, ""capture"": 1.016, ""miss_deg"": 0.0, ""labels"": [260]}, {""name"": ""球L"", ""share"": 0.107, ""q"": 0.031, ""capture"": 0.584, ""miss_deg"": 1.55, ""labels"": [259]}]"
2026_08_20/002,c4,v9,beyond_occ,tag15,78.92,80.6,1.68,4.242,苹果粉,64,0.672,0.178,1.955,0.305,0.177,0.735,object#35,,1,1,,,,3,"[{""name"": ""苹果粉"", ""share"": 0.672, ""q"": 0.178, ""capture"": 1.955, ""miss_deg"": 0.0, ""labels"": [64, 250]}, {""name"": ""苹果红"", ""share"": 0.119, ""q"": 0.031, ""capture"": 0.596, ""miss_deg"": 1.53, ""labels"": [260]}, {""name"": ""球L"", ""share"": 0.028, ""q"": 0.007, ""capture"": 0.14, ""miss_deg"": 2.98, ""labels"": [259]}]"
2026_08_20/002,c4,v9,beyond_occ,tag15,80.72,81.47,0.76,4.25,苹果粉,64,0.569,0.174,1.916,0.463,0.269,0.694,object#35,,1,1,,,,3,"[{""name"": ""苹果粉"", ""share"": 0.569, ""q"": 0.174, ""capture"": 1.916, ""miss_deg"": 0.0, ""labels"": [64, 250]}, {""name"": ""苹果红"", ""share"": 0.153, ""q"": 0.047, ""capture"": 0.888, ""miss_deg"": 0.73, ""labels"": [260]}, {""name"": ""球L"", ""share"": 0.066, ""q"": 0.02, ""capture"": 0.383, ""miss_deg"": 2.08, ""labels"": [259]}]"
2026_08_20/002,c4,v9,beyond_occ,tag15,81.74,82.01,0.27,4.257,苹果红,260,0.202,0.071,1.342,0.873,1.505,0.649,object#35,,0,0,,,,3,"[{""name"": ""苹果红"", ""share"": 0.202, ""q"": 0.071, ""capture"": 1.342, ""miss_deg"": 0.0, ""labels"": [260]}, {""name"": ""苹果粉"", ""share"": 0.304, ""q"": 0.107, ""capture"": 1.171, ""miss_deg"": 0.0, ""labels"": [64, 250]}, {""name"": ""球L"", ""share"": 0.163, ""q"": 0.057, ""capture"": 1.084, ""miss_deg"": 0.0, ""labels"": [259]}]"
2026_08_20/002,c4,v9,beyond_occ,tag15,82.07,82.61,0.54,4.263,苹果粉,64,0.557,0.168,1.849,0.508,0.294,0.698,object#35,,1,1,,,,3,"[{""name"": ""苹果粉"", ""share"": 0.557, ""q"": 0.168, ""capture"": 1.849, ""miss_deg"": 0.0, ""labels"": [64]}, {""name"": ""苹果红"", ""share"": 0.164, ""q"": 0.049, ""capture"": 0.94, ""miss_deg"": 0.53, ""labels"": [260]}, {""name"": ""球L"", ""share"": 0.069, ""q"": 0.021, ""capture"": 0.394, ""miss_deg"": 2.05, ""labels"": [259]}]"
2026_08_20/002,c4,v9,beyond_occ,tag15,82.98,83.44,0.46,4.271,苹果粉,64,0.337,0.107,1.173,0.969,0.561,0.684,object#35,,0,0,,,,3,"[{""name"": ""苹果粉"", ""share"": 0.337, ""q"": 0.107, ""capture"": 1.173, ""miss_deg"": 0.0, ""labels"": [64]}, {""name"": ""苹果红"", ""share"": 0.189, ""q"": 0.06, ""capture"": 1.137, ""miss_deg"": 0.0, ""labels"": [260]}, {""name"": ""球L"", ""share"": 0.146, ""q"": 0.046, ""capture"": 0.877, ""miss_deg"": 0.77, ""labels"": [259]}]"
2026_08_20/002,c4,v9,beyond_occ,tag15,83.5,86.31,2.82,4.247,苹果粉,64,0.627,0.177,1.948,0.384,0.223,0.717,object#35,,1,1,,,,3,"[{""name"": ""苹果粉"", ""share"": 0.627, ""q"": 0.177, ""capture"": 1.948, ""miss_deg"": 0.0, ""labels"": [64, 250]}, {""name"": ""苹果红"", ""share"": 0.14, ""q"": 0.039, ""capture"": 0.749, ""miss_deg"": 1.14, ""labels"": [260]}, {""name"": ""球L"", ""share"": 0.056, ""q"": 0.016, ""capture"": 0.299, ""miss_deg"": 2.33, ""labels"": [259]}]"
2026_08_20/002,c4,v9,beyond_occ,tag15,86.97,87.57,0.6,4.25,苹果粉,64,0.379,0.171,1.878,0.907,0.525,0.549,object#35,,1,0,,,,3,"[{""name"": ""苹果粉"", ""share"": 0.379, ""q"": 0.171, ""capture"": 1.878, ""miss_deg"": 0.0, ""labels"": [64, 250]}, {""name"": ""苹果红"", ""share"": 0.199, ""q"": 0.09, ""capture"": 1.703, ""miss_deg"": 0.0, ""labels"": [260]}, {""name"": ""球L"", ""share"": 0.103, ""q"": 0.046, ""capture"": 0.881, ""miss_deg"": 0.75, ""labels"": [259]}]"
2026_08_20/002,c4,v9,beyond_occ,tag15,87.62,94.5,6.88,4.265,苹果粉,64,0.558,0.184,2.024,0.487,0.281,0.67,object#35,,1,1,,,,3,"[{""name"": ""苹果粉"", ""share"": 0.558, ""q"": 0.184, ""capture"": 2.024, ""miss_deg"": 0.0, ""labels"": [64]}, {""name"": ""苹果红"", ""share"": 0.157, ""q"": 0.052, ""capture"": 0.986, ""miss_deg"": 0.26, ""labels"": [260]}, {""name"": ""球L"", ""share"": 0.062, ""q"": 0.021, ""capture"": 0.391, ""miss_deg"": 2.06, ""labels"": [259]}]"
2026_08_20/002,c4,v9,beyond_occ,tag15,94.64,95.18,0.54,4.262,苹果粉,64,0.795,0.108,1.186,0.216,0.125,0.864,object#35,,1,1,,,,3,"[{""name"": ""苹果粉"", ""share"": 0.795, ""q"": 0.108, ""capture"": 1.186, ""miss_deg"": 0.0, ""labels"": [64, 250]}, {""name"": ""苹果红"", ""share"": 0.099, ""q"": 0.014, ""capture"": 0.256, ""miss_deg"": 2.47, ""labels"": [260]}, {""name"": ""球L"", ""share"": 0.014, ""q"": 0.002, ""capture"": 0.036, ""miss_deg"": 3.87, ""labels"": [259]}]"
2026_08_20/002,c4,v9,beyond_occ,tag15,95.24,96.11,0.87,4.289,苹果粉,64,0.69,0.17,1.871,0.305,0.177,0.753,object#35,,1,1,,,,3,"[{""name"": ""苹果粉"", ""share"": 0.69, ""q"": 0.17, ""capture"": 1.871, ""miss_deg"": 0.0, ""labels"": [64]}, {""name"": ""苹果红"", ""share"": 0.122, ""q"": 0.03, ""capture"": 0.571, ""miss_deg"": 1.59, ""labels"": [260]}, {""name"": ""橘子"", ""share"": 0.031, ""q"": 0.008, ""capture"": 0.146, ""miss_deg"": 2.94, ""labels"": [262]}]"
2026_08_20/002,c4,v9,beyond_occ,tag15,96.16,96.54,0.38,4.286,苹果粉,64,0.456,0.121,1.326,0.699,0.404,0.735,object#35,,1,0,,,,3,"[{""name"": ""苹果粉"", ""share"": 0.456, ""q"": 0.121, ""capture"": 1.326, ""miss_deg"": 0.0, ""labels"": [64]}, {""name"": ""苹果红"", ""share"": 0.184, ""q"": 0.049, ""capture"": 0.927, ""miss_deg"": 0.59, ""labels"": [260]}, {""name"": ""球L"", ""share"": 0.124, ""q"": 0.033, ""capture"": 0.626, ""miss_deg"": 1.45, ""labels"": [259]}]"
2026_08_20/002,c4,v9,beyond_occ,tag15,96.59,98.11,1.52,4.302,苹果粉,64,0.659,0.111,1.224,0.403,0.232,0.831,object#35,,1,1,,,,3,"[{""name"": ""苹果粉"", ""share"": 0.659, ""q"": 0.111, ""capture"": 1.224, ""miss_deg"": 0.0, ""labels"": [64, 250]}, {""name"": ""苹果红"", ""share"": 0.153, ""q"": 0.026, ""capture"": 0.493, ""miss_deg"": 1.78, ""labels"": [260]}, {""name"": ""球L"", ""share"": 0.074, ""q"": 0.013, ""capture"": 0.238, ""miss_deg"": 2.54, ""labels"": [259]}]"
2026_08_20/002,c4,v9,beyond_occ,tag15,98.22,99.5,1.28,4.322,苹果粉,64,0.644,0.131,1.442,0.409,0.238,0.796,object#35,,1,1,,,,3,"[{""name"": ""苹果粉"", ""share"": 0.644, ""q"": 0.131, ""capture"": 1.442, ""miss_deg"": 0.0, ""labels"": [64]}, {""name"": ""苹果红"", ""share"": 0.153, ""q"": 0.031, ""capture"": 0.59, ""miss_deg"": 1.54, ""labels"": [260]}, {""name"": ""球L"", ""share"": 0.065, ""q"": 0.013, ""capture"": 0.25, ""miss_deg"": 2.5, ""labels"": [259]}]"
2026_08_20/002,c4,v9,beyond_occ,tag15,99.56,102.21,2.65,4.336,苹果粉,64,0.489,0.158,1.737,0.633,0.366,0.677,object#35,,1,0,12,球M,0,3,"[{""name"": ""苹果粉"", ""share"": 0.489, ""q"": 0.158, ""capture"": 1.737, ""miss_deg"": 0.0, ""labels"": [64, 250]}, {""name"": ""苹果红"", ""share"": 0.179, ""q"": 0.058, ""capture"": 1.1, ""miss_deg"": 0.0, ""labels"": [260]}, {""name"": ""球L"", ""share"": 0.096, ""q"": 0.031, ""capture"": 0.589, ""miss_deg"": 1.54, ""labels"": [259]}]"
2026_08_20/002,c4,v9,beyond_occ,tag15,102.26,107.25,4.98,4.288,苹果粉,64,0.649,0.18,1.978,0.375,0.217,0.723,object#35,,1,1,,,,3,"[{""name"": ""苹果粉"", ""share"": 0.649, ""q"": 0.18, ""capture"": 1.978, ""miss_deg"": 0.0, ""labels"": [64]}, {""name"": ""苹果红"", ""share"": 0.141, ""q"": 0.039, ""capture"": 0.742, ""miss_deg"": 1.16, ""labels"": [260]}, {""name"": ""球L"", ""share"": 0.039, ""q"": 0.011, ""capture"": 0.204, ""miss_deg"": 2.68, ""labels"": [259]}]"
2026_08_20/002,c4,v9,beyond_occ,tag15,107.48,109.77,2.29,4.311,苹果红,260,0.198,0.09,1.703,0.957,1.657,0.548,object#35,,0,0,13,球R,0,3,"[{""name"": ""苹果红"", ""share"": 0.198, ""q"": 0.09, ""capture"": 1.703, ""miss_deg"": 0.0, ""labels"": [260]}, {""name"": ""苹果粉"", ""share"": 0.328, ""q"": 0.148, ""capture"": 1.63, ""miss_deg"": 0.0, ""labels"": [64, 250]}, {""name"": ""球L"", ""share"": 0.091, ""q"": 0.041, ""capture"": 0.784, ""miss_deg"": 1.05, ""labels"": [259]}]"
2026_08_20/002,c4,v9,beyond_occ,tag15,109.82,113.19,3.37,4.334,苹果粉,64,0.621,0.159,1.748,0.417,0.242,0.744,object#35,,1,1,,,,3,"[{""name"": ""苹果粉"", ""share"": 0.621, ""q"": 0.159, ""capture"": 1.748, ""miss_deg"": 0.0, ""labels"": [64]}, {""name"": ""苹果红"", ""share"": 0.15, ""q"": 0.038, ""capture"": 0.729, ""miss_deg"": 1.19, ""labels"": [260]}, {""name"": ""球L"", ""share"": 0.054, ""q"": 0.014, ""capture"": 0.261, ""miss_deg"": 2.46, ""labels"": [259]}]"
2026_08_20/002,c4,v9,beyond_occ,tag15,113.27,114.31,1.05,4.341,苹果粉,64,0.797,0.111,1.223,0.158,0.092,0.86,object#35,,1,1,,,,3,"[{""name"": ""苹果粉"", ""share"": 0.797, ""q"": 0.111, ""capture"": 1.223, ""miss_deg"": 0.0, ""labels"": [64]}, {""name"": ""苹果红"", ""share"": 0.073, ""q"": 0.01, ""capture"": 0.193, ""miss_deg"": 2.72, ""labels"": [260]}, {""name"": ""橘子"", ""share"": 0.014, ""q"": 0.002, ""capture"": 0.037, ""miss_deg"": 3.85, ""labels"": [262]}]"
2026_08_20/002,c4,v9,beyond_occ,tag15,114.54,115.08,0.54,4.299,苹果粉,64,0.618,0.198,2.171,0.388,0.225,0.681,object#35,,1,1,,,,3,"[{""name"": ""苹果粉"", ""share"": 0.618, ""q"": 0.198, ""capture"": 2.171, ""miss_deg"": 0.0, ""labels"": [64]}, {""name"": ""苹果红"", ""share"": 0.139, ""q"": 0.044, ""capture"": 0.842, ""miss_deg"": 0.88, ""labels"": [260]}, {""name"": ""球L"", ""share"": 0.041, ""q"": 0.013, ""capture"": 0.25, ""miss_deg"": 2.5, ""labels"": [259]}]"
2026_08_20/002,c4,v9,beyond_occ,tag15,115.13,115.78,0.65,4.282,苹果粉,64,0.535,0.184,2.024,0.537,0.31,0.655,object#35,,1,1,,,,3,"[{""name"": ""苹果粉"", ""share"": 0.535, ""q"": 0.184, ""capture"": 2.024, ""miss_deg"": 0.0, ""labels"": [64]}, {""name"": ""苹果红"", ""share"": 0.166, ""q"": 0.057, ""capture"": 1.087, ""miss_deg"": 0.0, ""labels"": [260]}, {""name"": ""球L"", ""share"": 0.066, ""q"": 0.023, ""capture"": 0.435, ""miss_deg"": 1.93, ""labels"": [259]}]"
2026_08_20/002,c4,v9,beyond_occ,tag15,115.84,119.57,3.74,4.296,苹果粉,64,0.561,0.187,2.055,0.495,0.287,0.666,object#35,,1,1,,,,3,"[{""name"": ""苹果粉"", ""share"": 0.561, ""q"": 0.187, ""capture"": 2.055, ""miss_deg"": 0.0, ""labels"": [64, 250]}, {""name"": ""苹果红"", ""share"": 0.161, ""q"": 0.054, ""capture"": 1.018, ""miss_deg"": 0.0, ""labels"": [260]}, {""name"": ""球L"", ""share"": 0.059, ""q"": 0.02, ""capture"": 0.376, ""miss_deg"": 2.1, ""labels"": [259]}]"
2026_08_20/002,c4,v9,beyond_occ,tag15,119.63,121.14,1.52,4.258,苹果粉,64,0.609,0.088,0.972,0.499,0.289,0.855,object#35,,1,1,,,,3,"[{""name"": ""苹果粉"", ""share"": 0.609, ""q"": 0.088, ""capture"": 0.972, ""miss_deg"": 0.36, ""labels"": [64]}, {""name"": ""苹果红"", ""share"": 0.176, ""q"": 0.026, ""capture"": 0.485, ""miss_deg"": 1.81, ""labels"": [260]}, {""name"": ""球L"", ""share"": 0.108, ""q"": 0.016, ""capture"": 0.299, ""miss_deg"": 2.33, ""labels"": [259]}]"
2026_08_20/002,c4,v9,beyond_occ,tag15,121.65,123.44,1.79,4.246,苹果粉,64,0.495,0.146,1.608,0.636,0.368,0.704,object#35,,1,0,,,,3,"[{""name"": ""苹果粉"", ""share"": 0.495, ""q"": 0.146, ""capture"": 1.608, ""miss_deg"": 0.0, ""labels"": [64, 250]}, {""name"": ""苹果红"", ""share"": 0.182, ""q"": 0.054, ""capture"": 1.022, ""miss_deg"": 0.0, ""labels"": [260]}, {""name"": ""球L"", ""share"": 0.11, ""q"": 0.032, ""capture"": 0.616, ""miss_deg"": 1.48, ""labels"": [259]}]"
2026_08_20/002,c4,v9,beyond_occ,tag15,123.49,123.88,0.38,4.241,苹果红,260,0.191,0.059,1.118,0.877,1.513,0.692,object#35,,0,0,,,,3,"[{""name"": ""苹果红"", ""share"": 0.191, ""q"": 0.059, ""capture"": 1.118, ""miss_deg"": 0.0, ""labels"": [260]}, {""name"": ""苹果粉"", ""share"": 0.289, ""q"": 0.089, ""capture"": 0.98, ""miss_deg"": 0.3, ""labels"": [64]}, {""name"": ""球L"", ""share"": 0.167, ""q"": 0.052, ""capture"": 0.978, ""miss_deg"": 0.31, ""labels"": [259]}]"
2026_08_20/002,c4,v9,beyond_occ,tag15,123.93,125.56,1.62,4.206,苹果粉,64,0.652,0.149,1.635,0.326,0.224,0.772,object#35,,1,1,,,,3,"[{""name"": ""苹果粉"", ""share"": 0.652, ""q"": 0.149, ""capture"": 1.635, ""miss_deg"": 0.0, ""labels"": [64, 250]}, {""name"": ""苹果红"", ""share"": 0.146, ""q"": 0.033, ""capture"": 0.533, ""miss_deg"": 1.68, ""labels"": [260]}, {""name"": ""球L"", ""share"": 0.063, ""q"": 0.014, ""capture"": 0.274, ""miss_deg"": 2.41, ""labels"": [259]}]"
2026_08_20/002,c4,v9,beyond_occ,tag15,125.61,126.64,1.03,4.205,球L,259,0.193,0.059,1.128,0.883,1.523,0.692,object#35,,0,0,15,球R,0,3,"[{""name"": ""球L"", ""share"": 0.193, ""q"": 0.059, ""capture"": 1.128, ""miss_deg"": 0.0, ""labels"": [259]}, {""name"": ""苹果粉"", ""share"": 0.294, ""q"": 0.091, ""capture"": 0.996, ""miss_deg"": 0.14, ""labels"": [64, 250]}, {""name"": ""苹果红"", ""share"": 0.194, ""q"": 0.06, ""capture"": 0.957, ""miss_deg"": 0.44, ""labels"": [260]}]"
2026_08_20/002,c4,v9,beyond_occ,tag15,127.96,128.29,0.32,2.552,,-1,0.0,0.0,,,,1.0,floor,,0,0,,,,0,[]
2026_08_20/002,c4,v9,beyond_occ,tag15,130.1,130.37,0.27,1.734,,-1,0.0,0.0,,,,1.0,object#26,,0,0,,,,0,[]
2026_08_20/002,c4,v9,beyond_occ,tag15,130.7,131.56,0.87,1.311,,-1,0.0,0.0,,,,1.0,object#26,,0,0,,,,0,[]
2026_08_20/002,c4,v9,beyond_occ,tag15,131.62,132.48,0.87,1.143,,-1,0.0,0.0,,,,1.0,object#26,,0,0,,,,0,[]
2026_08_20/002,c4,v9,beyond_occ,tag15,133.56,134.0,0.43,0.495,,-1,0.0,0.0,,,,1.0,object#88,,0,0,,,,0,[]
2026_08_20/003,c4,v9,beyond_occ,tag15,5.85,6.45,0.6,4.301,球L,259,0.272,0.037,0.697,0.534,0.533,0.865,object#35,,0,0,1,球L,1,3,"[{""name"": ""球L"", ""share"": 0.272, ""q"": 0.037, ""capture"": 0.697, ""miss_deg"": 1.28, ""labels"": [259]}, {""name"": ""苹果红"", ""share"": 0.145, ""q"": 0.02, ""capture"": 0.372, ""miss_deg"": 2.11, ""labels"": [260]}, {""name"": ""球M"", ""share"": 0.137, ""q"": 0.018, ""capture"": 0.351, ""miss_deg"": 2.17, ""labels"": [261]}]"
2026_08_20/003,c4,v9,beyond_occ,tag15,6.5,7.53,1.03,4.215,球L,259,0.256,0.029,0.552,0.703,0.703,0.887,物品台,,0,0,1,球L,1,3,"[{""name"": ""球L"", ""share"": 0.256, ""q"": 0.029, ""capture"": 0.552, ""miss_deg"": 1.64, ""labels"": [259]}, {""name"": ""苹果红"", ""share"": 0.18, ""q"": 0.02, ""capture"": 0.388, ""miss_deg"": 2.06, ""labels"": [260]}, {""name"": ""球R"", ""share"": 0.092, ""q"": 0.01, ""capture"": 0.198, ""miss_deg"": 2.7, ""labels"": [263]}]"
2026_08_20/003,c4,v9,beyond_occ,tag15,7.75,8.03,0.27,4.271,球L,259,0.197,0.03,0.567,0.917,0.919,0.849,物品台,,0,0,1,球L,1,3,"[{""name"": ""球L"", ""share"": 0.197, ""q"": 0.03, ""capture"": 0.567, ""miss_deg"": 1.6, ""labels"": [259]}, {""name"": ""苹果红"", ""share"": 0.181, ""q"": 0.027, ""capture"": 0.52, ""miss_deg"": 1.71, ""labels"": [260]}, {""name"": ""球R"", ""share"": 0.08, ""q"": 0.012, ""capture"": 0.229, ""miss_deg"": 2.57, ""labels"": [263]}]"
2026_08_20/003,c4,v9,beyond_occ,tag15,9.9,11.25,1.35,4.346,球L,259,0.273,0.026,0.501,0.565,0.564,0.903,object#35,,0,0,6,球L,1,3,"[{""name"": ""球L"", ""share"": 0.273, ""q"": 0.026, ""capture"": 0.501, ""miss_deg"": 1.76, ""labels"": [259]}, {""name"": ""苹果红"", ""share"": 0.154, ""q"": 0.015, ""capture"": 0.283, ""miss_deg"": 2.38, ""labels"": [260]}, {""name"": ""苹果粉"", ""share"": 0.261, ""q"": 0.025, ""capture"": 0.277, ""miss_deg"": 2.4, ""labels"": [64]}]"
2026_08_20/003,c4,v9,beyond_occ,tag15,14.18,14.45,0.27,2.875,,-1,0.0,0.0,,,,1.0,object#46,,0,0,,,,0,[]
2026_08_20/003,c4,v9,beyond_occ,tag15,15.03,15.41,0.38,4.321,球L,259,0.349,0.008,0.153,0.523,0.908,0.977,object#35,,0,0,8,球L,1,3,"[{""name"": ""球L"", ""share"": 0.349, ""q"": 0.008, ""capture"": 0.153, ""miss_deg"": 2.91, ""labels"": [259]}, {""name"": ""苹果粉"", ""share"": 0.317, ""q"": 0.007, ""capture"": 0.08, ""miss_deg"": 3.37, ""labels"": [64]}, {""name"": ""苹果红"", ""share"": 0.143, ""q"": 0.003, ""capture"": 0.063, ""miss_deg"": 3.53, ""labels"": [260]}]"
2026_08_20/003,c4,v9,beyond_occ,tag15,15.51,16.97,1.46,4.344,苹果粉,64,0.584,0.023,0.252,0.302,0.173,0.961,object#35,,1,1,8,球L,0,3,"[{""name"": ""苹果粉"", ""share"": 0.584, ""q"": 0.023, ""capture"": 0.252, ""miss_deg"": 2.49, ""labels"": [64]}, {""name"": ""苹果红"", ""share"": 0.101, ""q"": 0.004, ""capture"": 0.076, ""miss_deg"": 3.41, ""labels"": [260]}, {""name"": ""球L"", ""share"": 0.073, ""q"": 0.003, ""capture"": 0.055, ""miss_deg"": 3.62, ""labels"": [259]}]"
2026_08_20/003,c4,v9,beyond_occ,tag15,17.03,17.57,0.54,4.379,苹果粉,64,0.767,0.016,0.175,0.211,0.123,0.979,object#35,,0,0,,,,3,"[{""name"": ""苹果粉"", ""share"": 0.767, ""q"": 0.016, ""capture"": 0.175, ""miss_deg"": 2.8, ""labels"": [64]}, {""name"": ""橘子"", ""share"": 0.094, ""q"": 0.002, ""capture"": 0.037, ""miss_deg"": 3.85, ""labels"": [262]}, {""name"": ""球L"", ""share"": 0.04, ""q"": 0.001, ""capture"": 0.016, ""miss_deg"": 4.32, ""labels"": [259]}]"
2026_08_20/003,c4,v9,beyond_occ,tag15,17.62,18.38,0.76,4.335,苹果粉,64,0.44,0.038,0.414,0.647,0.375,0.914,object#35,,1,0,11,球L,0,3,"[{""name"": ""苹果粉"", ""share"": 0.44, ""q"": 0.038, ""capture"": 0.414, ""miss_deg"": 1.99, ""labels"": [64]}, {""name"": ""苹果红"", ""share"": 0.165, ""q"": 0.014, ""capture"": 0.268, ""miss_deg"": 2.44, ""labels"": [260]}, {""name"": ""球L"", ""share"": 0.102, ""q"": 0.009, ""capture"": 0.165, ""miss_deg"": 2.85, ""labels"": [259]}]"
2026_08_20/003,c4,v9,beyond_occ,tag15,18.62,21.46,2.84,4.361,苹果粉,64,0.535,0.032,0.351,0.39,0.226,0.94,object#35,,1,1,11,球L,0,3,"[{""name"": ""苹果粉"", ""share"": 0.535, ""q"": 0.032, ""capture"": 0.351, ""miss_deg"": 2.17, ""labels"": [64]}, {""name"": ""苹果红"", ""share"": 0.121, ""q"": 0.007, ""capture"": 0.137, ""miss_deg"": 2.99, ""labels"": [260]}, {""name"": ""橘子"", ""share"": 0.077, ""q"": 0.005, ""capture"": 0.087, ""miss_deg"": 3.31, ""labels"": [262]}]"
2026_08_20/003,c4,v9,beyond_occ,tag15,21.52,24.09,2.56,4.344,苹果粉,64,0.439,0.022,0.247,0.688,0.399,0.949,object#35,,1,0,11,球L,0,3,"[{""name"": ""苹果粉"", ""share"": 0.439, ""q"": 0.022, ""capture"": 0.247, ""miss_deg"": 2.51, ""labels"": [64, 250]}, {""name"": ""苹果红"", ""share"": 0.175, ""q"": 0.009, ""capture"": 0.17, ""miss_deg"": 2.82, ""labels"": [260]}, {""name"": ""球L"", ""share"": 0.128, ""q"": 0.007, ""capture"": 0.124, ""miss_deg"": 3.06, ""labels"": [259]}]"
2026_08_20/003,c4,v9,beyond_occ,tag15,24.32,28.76,4.44,4.358,苹果粉,64,0.407,0.037,0.412,0.655,0.381,0.908,object#35,,1,0,11,球L,0,3,"[{""name"": ""苹果粉"", ""share"": 0.407, ""q"": 0.037, ""capture"": 0.412, ""miss_deg"": 2.0, ""labels"": [64]}, {""name"": ""苹果红"", ""share"": 0.155, ""q"": 0.014, ""capture"": 0.27, ""miss_deg"": 2.43, ""labels"": [260]}, {""name"": ""球L"", ""share"": 0.093, ""q"": 0.009, ""capture"": 0.163, ""miss_deg"": 2.86, ""labels"": [259]}]"
2026_08_20/003,c4,v9,beyond_occ,tag15,28.82,30.93,2.11,4.354,苹果红,260,0.188,0.026,0.495,0.79,1.367,0.862,object#35,,0,0,13,球R,0,3,"[{""name"": ""苹果红"", ""share"": 0.188, ""q"": 0.026, ""capture"": 0.495, ""miss_deg"": 1.78, ""labels"": [260]}, {""name"": ""苹果粉"", ""share"": 0.257, ""q"": 0.036, ""capture"": 0.391, ""miss_deg"": 2.06, ""labels"": [64]}, {""name"": ""球L"", ""share"": 0.125, ""q"": 0.017, ""capture"": 0.329, ""miss_deg"": 2.24, ""labels"": [259]}]"
2026_08_20/003,c4,v9,beyond_occ,tag15,31.21,33.76,2.54,4.353,苹果粉,64,0.362,0.041,0.454,0.698,0.403,0.886,object#35,,1,0,,,,3,"[{""name"": ""苹果粉"", ""share"": 0.362, ""q"": 0.041, ""capture"": 0.454, ""miss_deg"": 1.89, ""labels"": [64]}, {""name"": ""苹果红"", ""share"": 0.146, ""q"": 0.017, ""capture"": 0.317, ""miss_deg"": 2.27, ""labels"": [260]}, {""name"": ""球L"", ""share"": 0.094, ""q"": 0.011, ""capture"": 0.204, ""miss_deg"": 2.68, ""labels"": [259]}]"
2026_08_20/003,c4,v9,beyond_occ,tag15,33.81,36.21,2.4,4.337,苹果红,260,0.177,0.034,0.651,0.906,1.565,0.806,object#35,,0,0,15,球R,0,3,"[{""name"": ""苹果红"", ""share"": 0.177, ""q"": 0.034, ""capture"": 0.651, ""miss_deg"": 1.39, ""labels"": [260]}, {""name"": ""苹果粉"", ""share"": 0.277, ""q"": 0.054, ""capture"": 0.59, ""miss_deg"": 1.54, ""labels"": [64]}, {""name"": ""球L"", ""share"": 0.129, ""q"": 0.025, ""capture"": 0.476, ""miss_deg"": 1.83, ""labels"": [259]}]"
2026_08_20/003,c4,v9,beyond_occ,tag15,36.27,37.62,1.35,4.347,苹果粉,64,0.365,0.032,0.357,0.874,0.504,0.911,object#35,,1,0,,,,3,"[{""name"": ""苹果粉"", ""share"": 0.365, ""q"": 0.032, ""capture"": 0.357, ""miss_deg"": 2.15, ""labels"": [64]}, {""name"": ""苹果红"", ""share"": 0.184, ""q"": 0.016, ""capture"": 0.312, ""miss_deg"": 2.29, ""labels"": [260]}, {""name"": ""球L"", ""share"": 0.129, ""q"": 0.012, ""capture"": 0.219, ""miss_deg"": 2.62, ""labels"": [259]}]"
2026_08_20/003,c4,v9,beyond_occ,tag15,37.9,38.6,0.7,4.343,苹果粉,64,0.459,0.038,0.422,0.647,0.375,0.916,object#35,,1,0,,,,3,"[{""name"": ""苹果粉"", ""share"": 0.459, ""q"": 0.038, ""capture"": 0.422, ""miss_deg"": 1.97, ""labels"": [64]}, {""name"": ""苹果红"", ""share"": 0.172, ""q"": 0.014, ""capture"": 0.273, ""miss_deg"": 2.42, ""labels"": [260]}, {""name"": ""球L"", ""share"": 0.114, ""q"": 0.01, ""capture"": 0.181, ""miss_deg"": 2.77, ""labels"": [259]}]"
2026_08_20/003,c4,v9,beyond_occ,tag15,38.87,45.1,6.23,4.342,苹果粉,64,0.496,0.026,0.288,0.538,0.312,0.947,object#35,,1,0,,,,3,"[{""name"": ""苹果粉"", ""share"": 0.496, ""q"": 0.026, ""capture"": 0.288, ""miss_deg"": 2.37, ""labels"": [64]}, {""name"": ""苹果红"", ""share"": 0.155, ""q"": 0.008, ""capture"": 0.155, ""miss_deg"": 2.9, ""labels"": [260]}, {""name"": ""橘子"", ""share"": 0.087, ""q"": 0.005, ""capture"": 0.087, ""miss_deg"": 3.32, ""labels"": [262]}]"
2026_08_20/003,c4,v9,beyond_occ,tag15,45.35,45.9,0.54,4.341,苹果粉,64,0.343,0.031,0.339,0.988,0.571,0.91,object#35,,0,0,,,,3,"[{""name"": ""苹果粉"", ""share"": 0.343, ""q"": 0.031, ""capture"": 0.339, ""miss_deg"": 2.21, ""labels"": [64]}, {""name"": ""苹果红"", ""share"": 0.196, ""q"": 0.018, ""capture"": 0.335, ""miss_deg"": 2.22, ""labels"": [260]}, {""name"": ""球L"", ""share"": 0.112, ""q"": 0.01, ""capture"": 0.191, ""miss_deg"": 2.73, ""labels"": [259]}]"
2026_08_20/003,c4,v9,beyond_occ,tag15,46.09,47.01,0.92,4.337,苹果粉,64,0.346,0.059,0.646,0.89,0.514,0.83,object#35,,0,0,,,,3,"[{""name"": ""苹果粉"", ""share"": 0.346, ""q"": 0.059, ""capture"": 0.646, ""miss_deg"": 1.4, ""labels"": [64]}, {""name"": ""苹果红"", ""share"": 0.178, ""q"": 0.03, ""capture"": 0.575, ""miss_deg"": 1.58, ""labels"": [260]}, {""name"": ""球L"", ""share"": 0.102, ""q"": 0.017, ""capture"": 0.33, ""miss_deg"": 2.23, ""labels"": [259]}]"
2026_08_20/003,c4,v9,beyond_occ,tag15,47.06,47.39,0.32,4.337,苹果粉,64,0.444,0.061,0.672,0.458,0.266,0.862,object#35,,1,0,,,,3,"[{""name"": ""苹果粉"", ""share"": 0.444, ""q"": 0.061, ""capture"": 0.672, ""miss_deg"": 1.34, ""labels"": [64]}, {""name"": ""苹果红"", ""share"": 0.118, ""q"": 0.016, ""capture"": 0.308, ""miss_deg"": 2.3, ""labels"": [260]}, {""name"": ""橘子"", ""share"": 0.091, ""q"": 0.013, ""capture"": 0.239, ""miss_deg"": 2.54, ""labels"": [262]}]"
2026_08_20/003,c4,v9,beyond_occ,tag15,47.62,48.11,0.49,4.338,苹果粉,64,0.542,0.048,0.527,0.372,0.214,0.911,object#35,,1,1,,,,3,"[{""name"": ""苹果粉"", ""share"": 0.542, ""q"": 0.048, ""capture"": 0.527, ""miss_deg"": 1.7, ""labels"": [64]}, {""name"": ""苹果红"", ""share"": 0.116, ""q"": 0.01, ""capture"": 0.196, ""miss_deg"": 2.71, ""labels"": [260]}, {""name"": ""橘子"", ""share"": 0.087, ""q"": 0.008, ""capture"": 0.147, ""miss_deg"": 2.94, ""labels"": [262]}]"
2026_08_20/003,c4,v9,beyond_occ,tag15,48.16,48.49,0.32,4.322,苹果红,260,0.2,0.044,0.839,0.746,1.29,0.779,object#35,,0,0,,,,3,"[{""name"": ""苹果红"", ""share"": 0.2, ""q"": 0.044, ""capture"": 0.839, ""miss_deg"": 0.89, ""labels"": [260]}, {""name"": ""苹果粉"", ""share"": 0.258, ""q"": 0.057, ""capture"": 0.626, ""miss_deg"": 1.45, ""labels"": [64]}, {""name"": ""球L"", ""share"": 0.106, ""q"": 0.023, ""capture"": 0.446, ""miss_deg"": 1.91, ""labels"": [259]}]"
2026_08_20/003,c4,v9,beyond_occ,tag15,48.54,51.92,3.38,4.342,苹果粉,64,0.521,0.041,0.448,0.373,0.217,0.922,object#35,,1,1,,,,3,"[{""name"": ""苹果粉"", ""share"": 0.521, ""q"": 0.041, ""capture"": 0.448, ""miss_deg"": 1.9, ""labels"": [64]}, {""name"": ""苹果红"", ""share"": 0.113, ""q"": 0.009, ""capture"": 0.167, ""miss_deg"": 2.84, ""labels"": [260]}, {""name"": ""球L"", ""share"": 0.075, ""q"": 0.006, ""capture"": 0.112, ""miss_deg"": 3.14, ""labels"": [259]}]"
2026_08_20/003,c4,v9,beyond_occ,tag15,51.98,52.68,0.7,4.367,苹果粉,64,0.793,0.015,0.17,0.153,0.088,0.981,object#35,,0,0,,,,3,"[{""name"": ""苹果粉"", ""share"": 0.793, ""q"": 0.015, ""capture"": 0.17, ""miss_deg"": 2.83, ""labels"": [64, 250]}, {""name"": ""橘子"", ""share"": 0.07, ""q"": 0.001, ""capture"": 0.026, ""miss_deg"": 4.05, ""labels"": [262]}, {""name"": ""球L"", ""share"": 0.043, ""q"": 0.001, ""capture"": 0.016, ""miss_deg"": 4.32, ""labels"": [259]}]"
2026_08_20/003,c4,v9,beyond_occ,tag15,53.27,53.7,0.43,4.353,苹果粉,64,0.71,0.023,0.252,0.155,0.089,0.968,object#35,,1,1,,,,3,"[{""name"": ""苹果粉"", ""share"": 0.71, ""q"": 0.023, ""capture"": 0.252, ""miss_deg"": 2.49, ""labels"": [64]}, {""name"": ""橘子"", ""share"": 0.063, ""q"": 0.002, ""capture"": 0.039, ""miss_deg"": 3.82, ""labels"": [262]}, {""name"": ""球L"", ""share"": 0.059, ""q"": 0.002, ""capture"": 0.036, ""miss_deg"": 3.86, ""labels"": [259]}]"
2026_08_20/003,c4,v9,beyond_occ,tag15,54.29,54.78,0.49,4.344,苹果粉,64,0.542,0.032,0.35,0.397,0.229,0.941,object#35,,1,1,,,,3,"[{""name"": ""苹果粉"", ""share"": 0.542, ""q"": 0.032, ""capture"": 0.35, ""miss_deg"": 2.17, ""labels"": [64]}, {""name"": ""苹果红"", ""share"": 0.124, ""q"": 0.007, ""capture"": 0.139, ""miss_deg"": 2.98, ""labels"": [260]}, {""name"": ""球L"", ""share"": 0.059, ""q"": 0.003, ""capture"": 0.066, ""miss_deg"": 3.49, ""labels"": [259]}]"
2026_08_20/003,c4,v9,beyond_occ,tag15,54.84,55.27,0.43,4.348,苹果粉,64,0.552,0.025,0.27,0.344,0.201,0.956,object#35,,1,1,,,,3,"[{""name"": ""苹果粉"", ""share"": 0.552, ""q"": 0.025, ""capture"": 0.27, ""miss_deg"": 2.43, ""labels"": [64]}, {""name"": ""球L"", ""share"": 0.111, ""q"": 0.005, ""capture"": 0.093, ""miss_deg"": 3.27, ""labels"": [259]}, {""name"": ""苹果红"", ""share"": 0.11, ""q"": 0.005, ""capture"": 0.093, ""miss_deg"": 3.27, ""labels"": [260]}]"
2026_08_20/003,c4,v9,beyond_occ,tag15,55.54,55.98,0.43,4.328,苹果粉,64,0.875,0.002,0.021,0.048,0.143,0.998,object#37,,0,0,,,,2,"[{""name"": ""苹果粉"", ""share"": 0.875, ""q"": 0.002, ""capture"": 0.021, ""miss_deg"": 4.17, ""labels"": [64]}, {""name"": ""水瓶"", ""share"": 0.125, ""q"": 0.0, ""capture"": 0.001, ""miss_deg"": 5.57, ""labels"": [30]}]"
2026_08_20/003,c4,v9,beyond_occ,tag15,56.3,56.79,0.49,4.334,苹果粉,64,0.551,0.018,0.197,0.513,0.296,0.967,object#35,,0,0,,,,3,"[{""name"": ""苹果粉"", ""share"": 0.551, ""q"": 0.018, ""capture"": 0.197, ""miss_deg"": 2.7, ""labels"": [64]}, {""name"": ""球L"", ""share"": 0.163, ""q"": 0.005, ""capture"": 0.101, ""miss_deg"": 3.21, ""labels"": [259]}, {""name"": ""苹果红"", ""share"": 0.106, ""q"": 0.003, ""capture"": 0.066, ""miss_deg"": 3.5, ""labels"": [260]}]"
2026_08_20/003,c4,v9,beyond_occ,tag15,56.84,57.98,1.14,4.358,苹果粉,64,0.704,0.017,0.192,0.255,0.148,0.975,object#35,,0,0,,,,3,"[{""name"": ""苹果粉"", ""share"": 0.704, ""q"": 0.017, ""capture"": 0.192, ""miss_deg"": 2.73, ""labels"": [64]}, {""name"": ""橘子"", ""share"": 0.104, ""q"": 0.003, ""capture"": 0.049, ""miss_deg"": 3.69, ""labels"": [262]}, {""name"": ""球L"", ""share"": 0.083, ""q"": 0.002, ""capture"": 0.039, ""miss_deg"": 3.82, ""labels"": [259]}]"
2026_08_20/003,c4,v9,beyond_occ,tag15,58.27,59.36,1.08,4.344,苹果红,260,0.191,0.03,0.576,0.833,1.44,0.841,object#35,,0,0,,,,3,"[{""name"": ""苹果红"", ""share"": 0.191, ""q"": 0.03, ""capture"": 0.576, ""miss_deg"": 1.58, ""labels"": [260]}, {""name"": ""苹果粉"", ""share"": 0.275, ""q"": 0.044, ""capture"": 0.48, ""miss_deg"": 1.82, ""labels"": [64]}, {""name"": ""球L"", ""share"": 0.134, ""q"": 0.021, ""capture"": 0.403, ""miss_deg"": 2.02, ""labels"": [259]}]"
2026_08_20/003,c4,v9,beyond_occ,tag15,59.41,60.06,0.65,4.359,苹果粉,64,0.445,0.039,0.427,0.501,0.29,0.913,object#35,,1,0,,,,3,"[{""name"": ""苹果粉"", ""share"": 0.445, ""q"": 0.039, ""capture"": 0.427, ""miss_deg"": 1.96, ""labels"": [64]}, {""name"": ""球L"", ""share"": 0.129, ""q"": 0.011, ""capture"": 0.214, ""miss_deg"": 2.63, ""labels"": [259]}, {""name"": ""苹果红"", ""share"": 0.121, ""q"": 0.011, ""capture"": 0.2, ""miss_deg"": 2.69, ""labels"": [260]}]"
2026_08_20/003,c4,v9,beyond_occ,tag15,60.39,64.18,3.79,4.353,苹果粉,64,0.389,0.038,0.421,0.751,0.434,0.902,object#35,,1,0,,,,3,"[{""name"": ""苹果粉"", ""share"": 0.389, ""q"": 0.038, ""capture"": 0.421, ""miss_deg"": 1.97, ""labels"": [64]}, {""name"": ""苹果红"", ""share"": 0.169, ""q"": 0.017, ""capture"": 0.316, ""miss_deg"": 2.28, ""labels"": [260]}, {""name"": ""球L"", ""share"": 0.1, ""q"": 0.01, ""capture"": 0.186, ""miss_deg"": 2.75, ""labels"": [259]}]"
2026_08_20/003,c4,v9,beyond_occ,tag15,66.06,66.5,0.43,2.687,,-1,0.0,0.0,,,,1.0,floor,,0,0,,,,0,[]
2026_08_20/003,c4,v9,beyond_occ,tag15,67.47,70.23,2.76,3.109,,-1,0.0,0.0,,,,1.0,floor,,0,0,,,,0,[]
2026_08_20/003,c4,v9,beyond_occ,tag15,70.9,72.63,1.73,4.309,苹果粉,64,0.537,0.045,0.496,0.335,0.194,0.916,object#35,,1,1,,,,3,"[{""name"": ""苹果粉"", ""share"": 0.537, ""q"": 0.045, ""capture"": 0.496, ""miss_deg"": 1.78, ""labels"": [64]}, {""name"": ""橘子"", ""share"": 0.104, ""q"": 0.009, ""capture"": 0.166, ""miss_deg"": 2.84, ""labels"": [262]}, {""name"": ""苹果红"", ""share"": 0.065, ""q"": 0.005, ""capture"": 0.103, ""miss_deg"": 3.2, ""labels"": [260]}]"
2026_08_20/003,c4,v9,beyond_occ,tag15,72.86,75.73,2.87,4.301,苹果粉,64,0.58,0.029,0.323,0.31,0.179,0.949,object#35,,1,1,,,,3,"[{""name"": ""苹果粉"", ""share"": 0.58, ""q"": 0.029, ""capture"": 0.323, ""miss_deg"": 2.26, ""labels"": [64]}, {""name"": ""苹果红"", ""share"": 0.104, ""q"": 0.005, ""capture"": 0.1, ""miss_deg"": 3.22, ""labels"": [260]}, {""name"": ""橘子"", ""share"": 0.101, ""q"": 0.005, ""capture"": 0.097, ""miss_deg"": 3.24, ""labels"": [262]}]"
2026_08_20/003,c4,v9,beyond_occ,tag15,76.0,76.6,0.6,4.3,苹果粉,64,0.561,0.022,0.239,0.473,0.273,0.961,object#35,,1,1,,,,3,"[{""name"": ""苹果粉"", ""share"": 0.561, ""q"": 0.022, ""capture"": 0.239, ""miss_deg"": 2.54, ""labels"": [64, 250]}, {""name"": ""球L"", ""share"": 0.153, ""q"": 0.006, ""capture"": 0.113, ""miss_deg"": 3.13, ""labels"": [259]}, {""name"": ""苹果红"", ""share"": 0.102, ""q"": 0.004, ""capture"": 0.075, ""miss_deg"": 3.41, ""labels"": [260]}]"
2026_08_20/003,c4,v9,beyond_occ,tag15,76.65,81.05,4.4,4.328,苹果粉,64,0.936,0.008,0.084,0.083,0.049,0.992,object#35,,0,0,,,,3,"[{""name"": ""苹果粉"", ""share"": 0.936, ""q"": 0.008, ""capture"": 0.084, ""miss_deg"": 3.34, ""labels"": [64, 250]}, {""name"": ""球L"", ""share"": 0.046, ""q"": 0.0, ""capture"": 0.007, ""miss_deg"": 4.71, ""labels"": [259]}, {""name"": ""水瓶"", ""share"": 0.018, ""q"": 0.0, ""capture"": 0.001, ""miss_deg"": 5.82, ""labels"": [30]}]"
2026_08_20/003,c4,v9,beyond_occ,tag15,81.49,83.0,1.52,4.326,苹果粉,64,0.711,0.031,0.34,0.179,0.104,0.956,object#35,,1,1,,,,3,"[{""name"": ""苹果粉"", ""share"": 0.711, ""q"": 0.031, ""capture"": 0.34, ""miss_deg"": 2.2, ""labels"": [64]}, {""name"": ""橘子"", ""share"": 0.074, ""q"": 0.003, ""capture"": 0.061, ""miss_deg"": 3.55, ""labels"": [262]}, {""name"": ""苹果红"", ""share"": 0.035, ""q"": 0.002, ""capture"": 0.029, ""miss_deg"": 4.0, ""labels"": [260]}]"
2026_08_20/003,c4,v9,beyond_occ,tag15,83.06,84.36,1.3,4.326,苹果粉,64,0.557,0.037,0.411,0.387,0.224,0.933,object#35,,1,1,,,,3,"[{""name"": ""苹果粉"", ""share"": 0.557, ""q"": 0.037, ""capture"": 0.411, ""miss_deg"": 2.0, ""labels"": [64]}, {""name"": ""苹果红"", ""share"": 0.125, ""q"": 0.008, ""capture"": 0.159, ""miss_deg"": 2.88, ""labels"": [260]}, {""name"": ""橘子"", ""share"": 0.073, ""q"": 0.005, ""capture"": 0.094, ""miss_deg"": 3.26, ""labels"": [262]}]"
2026_08_20/003,c4,v9,beyond_occ,tag15,84.41,84.85,0.43,4.305,苹果粉,64,0.699,0.013,0.143,0.294,0.169,0.981,object#37,,0,0,,,,3,"[{""name"": ""苹果粉"", ""share"": 0.699, ""q"": 0.013, ""capture"": 0.143, ""miss_deg"": 2.96, ""labels"": [64]}, {""name"": ""球L"", ""share"": 0.118, ""q"": 0.002, ""capture"": 0.042, ""miss_deg"": 3.78, ""labels"": [259]}, {""name"": ""苹果红"", ""share"": 0.069, ""q"": 0.001, ""capture"": 0.024, ""miss_deg"": 4.09, ""labels"": [260]}]"
2026_08_20/003,c4,v9,beyond_occ,tag15,84.9,85.33,0.43,4.333,苹果粉,64,0.723,0.013,0.138,0.246,0.142,0.983,object#35,,0,0,,,,3,"[{""name"": ""苹果粉"", ""share"": 0.723, ""q"": 0.013, ""capture"": 0.138, ""miss_deg"": 2.99, ""labels"": [64]}, {""name"": ""橘子"", ""share"": 0.103, ""q"": 0.002, ""capture"": 0.034, ""miss_deg"": 3.9, ""labels"": [262]}, {""name"": ""香蕉"", ""share"": 0.131, ""q"": 0.002, ""capture"": 0.006, ""miss_deg"": 4.77, ""labels"": [264]}]"
2026_08_20/003,c4,v9,beyond_occ,tag15,85.39,86.9,1.52,4.332,苹果粉,64,0.864,0.01,0.11,0.1,0.057,0.988,object#35,,0,0,,,,3,"[{""name"": ""苹果粉"", ""share"": 0.864, ""q"": 0.01, ""capture"": 0.11, ""miss_deg"": 3.15, ""labels"": [64, 250]}, {""name"": ""球L"", ""share"": 0.049, ""q"": 0.001, ""capture"": 0.011, ""miss_deg"": 4.51, ""labels"": [259]}, {""name"": ""橘子"", ""share"": 0.033, ""q"": 0.0, ""capture"": 0.007, ""miss_deg"": 4.71, ""labels"": [262]}]"
2026_08_20/003,c4,v9,beyond_occ,tag15,87.15,87.63,0.49,4.332,苹果粉,64,0.838,0.009,0.101,0.139,0.081,0.989,object#35,,0,0,,,,3,"[{""name"": ""苹果粉"", ""share"": 0.838, ""q"": 0.009, ""capture"": 0.101, ""miss_deg"": 3.21, ""labels"": [64]}, {""name"": ""球L"", ""share"": 0.068, ""q"": 0.001, ""capture"": 0.014, ""miss_deg"": 4.38, ""labels"": [259]}, {""name"": ""橘子"", ""share"": 0.033, ""q"": 0.0, ""capture"": 0.007, ""miss_deg"": 4.73, ""labels"": [262]}]"
2026_08_20/003,c4,v9,beyond_occ,tag15,87.69,89.2,1.52,4.316,苹果粉,64,0.438,0.039,0.432,0.688,0.397,0.91,object#35,,1,0,,,,3,"[{""name"": ""苹果粉"", ""share"": 0.438, ""q"": 0.039, ""capture"": 0.432, ""miss_deg"": 1.94, ""labels"": [64]}, {""name"": ""苹果红"", ""share"": 0.174, ""q"": 0.016, ""capture"": 0.297, ""miss_deg"": 2.34, ""labels"": [260]}, {""name"": ""球L"", ""share"": 0.147, ""q"": 0.013, ""capture"": 0.251, ""miss_deg"": 2.49, ""labels"": [259]}]"
2026_08_20/003,c4,v9,beyond_occ,tag15,89.42,91.97,2.55,4.338,苹果粉,64,0.592,0.022,0.242,0.339,0.196,0.963,object#35,,1,1,,,,3,"[{""name"": ""苹果粉"", ""share"": 0.592, ""q"": 0.022, ""capture"": 0.242, ""miss_deg"": 2.53, ""labels"": [64]}, {""name"": ""球L"", ""share"": 0.116, ""q"": 0.004, ""capture"": 0.082, ""miss_deg"": 3.35, ""labels"": [259]}, {""name"": ""橘子"", ""share"": 0.093, ""q"": 0.003, ""capture"": 0.066, ""miss_deg"": 3.5, ""labels"": [262]}]"
2026_08_20/003,c4,v9,beyond_occ,tag15,92.02,92.62,0.6,4.356,苹果粉,64,0.793,0.014,0.155,0.168,0.097,0.982,object#35,,0,0,,,,3,"[{""name"": ""苹果粉"", ""share"": 0.793, ""q"": 0.014, ""capture"": 0.155, ""miss_deg"": 2.9, ""labels"": [64]}, {""name"": ""橘子"", ""share"": 0.077, ""q"": 0.001, ""capture"": 0.026, ""miss_deg"": 4.05, ""labels"": [262]}, {""name"": ""球L"", ""share"": 0.04, ""q"": 0.001, ""capture"": 0.013, ""miss_deg"": 4.4, ""labels"": [259]}]"
2026_08_20/003,c4,v9,beyond_occ,tag15,93.06,93.39,0.32,4.306,苹果粉,64,0.549,0.021,0.227,0.463,0.266,0.962,object#35,,1,1,,,,3,"[{""name"": ""苹果粉"", ""share"": 0.549, ""q"": 0.021, ""capture"": 0.227, ""miss_deg"": 2.58, ""labels"": [64]}, {""name"": ""球L"", ""share"": 0.146, ""q"": 0.006, ""capture"": 0.105, ""miss_deg"": 3.19, ""labels"": [259]}, {""name"": ""苹果红"", ""share"": 0.11, ""q"": 0.004, ""capture"": 0.079, ""miss_deg"": 3.38, ""labels"": [260]}]"
2026_08_20/003,c4,v9,beyond_occ,tag15,93.44,93.98,0.54,4.303,苹果粉,64,0.569,0.051,0.562,0.301,0.174,0.91,object#35,,1,1,,,,3,"[{""name"": ""苹果粉"", ""share"": 0.569, ""q"": 0.051, ""capture"": 0.562, ""miss_deg"": 1.61, ""labels"": [64]}, {""name"": ""橘子"", ""share"": 0.099, ""q"": 0.009, ""capture"": 0.169, ""miss_deg"": 2.83, ""labels"": [262]}, {""name"": ""苹果红"", ""share"": 0.09, ""q"": 0.008, ""capture"": 0.155, ""miss_deg"": 2.9, ""labels"": [260]}]"
2026_08_20/003,c4,v9,beyond_occ,tag15,94.04,95.34,1.3,4.328,苹果粉,64,0.894,0.009,0.097,0.072,0.044,0.99,object#35,,0,0,,,,3,"[{""name"": ""苹果粉"", ""share"": 0.894, ""q"": 0.009, ""capture"": 0.097, ""miss_deg"": 3.24, ""labels"": [64, 250]}, {""name"": ""橘子"", ""share"": 0.039, ""q"": 0.0, ""capture"": 0.007, ""miss_deg"": 4.7, ""labels"": [262]}, {""name"": ""球L"", ""share"": 0.025, ""q"": 0.0, ""capture"": 0.005, ""miss_deg"": 4.92, ""labels"": [259]}]"
2026_08_20/003,c4,v9,beyond_occ,tag15,95.8,100.87,5.07,4.292,苹果粉,64,0.55,0.028,0.31,0.371,0.215,0.949,object#35,,1,1,,,,3,"[{""name"": ""苹果粉"", ""share"": 0.55, ""q"": 0.028, ""capture"": 0.31, ""miss_deg"": 2.3, ""labels"": [64, 250]}, {""name"": ""橘子"", ""share"": 0.118, ""q"": 0.006, ""capture"": 0.115, ""miss_deg"": 3.12, ""labels"": [262]}, {""name"": ""苹果红"", ""share"": 0.09, ""q"": 0.005, ""capture"": 0.088, ""miss_deg"": 3.31, ""labels"": [260]}]"
2026_08_20/003,c4,v9,beyond_occ,tag15,101.1,101.59,0.49,4.317,苹果粉,64,0.678,0.028,0.302,0.222,0.128,0.959,object#35,,1,1,,,,3,"[{""name"": ""苹果粉"", ""share"": 0.678, ""q"": 0.028, ""capture"": 0.302, ""miss_deg"": 2.32, ""labels"": [64]}, {""name"": ""橘子"", ""share"": 0.087, ""q"": 0.004, ""capture"": 0.067, ""miss_deg"": 3.49, ""labels"": [262]}, {""name"": ""苹果红"", ""share"": 0.076, ""q"": 0.003, ""capture"": 0.058, ""miss_deg"": 3.58, ""labels"": [260]}]"
2026_08_20/003,c4,v9,beyond_occ,tag15,101.64,102.29,0.65,4.311,苹果粉,64,0.518,0.049,0.541,0.486,0.282,0.905,object#35,,1,1,,,,3,"[{""name"": ""苹果粉"", ""share"": 0.518, ""q"": 0.049, ""capture"": 0.541, ""miss_deg"": 1.66, ""labels"": [64, 250]}, {""name"": ""苹果红"", ""share"": 0.146, ""q"": 0.014, ""capture"": 0.263, ""miss_deg"": 2.45, ""labels"": [260]}, {""name"": ""橘子"", ""share"": 0.057, ""q"": 0.005, ""capture"": 0.102, ""miss_deg"": 3.2, ""labels"": [262]}]"
2026_08_20/003,c4,v9,beyond_occ,tag15,102.35,104.95,2.6,4.334,苹果粉,64,0.646,0.031,0.341,0.214,0.124,0.952,object#35,,1,1,,,,3,"[{""name"": ""苹果粉"", ""share"": 0.646, ""q"": 0.031, ""capture"": 0.341, ""miss_deg"": 2.2, ""labels"": [64, 250]}, {""name"": ""橘子"", ""share"": 0.08, ""q"": 0.004, ""capture"": 0.073, ""miss_deg"": 3.43, ""labels"": [262]}, {""name"": ""苹果红"", ""share"": 0.072, ""q"": 0.003, ""capture"": 0.066, ""miss_deg"": 3.5, ""labels"": [260]}]"
2026_08_20/003,c4,v9,beyond_occ,tag15,105.0,105.54,0.54,4.32,苹果粉,64,0.506,0.054,0.595,0.44,0.255,0.893,object#35,,1,1,,,,3,"[{""name"": ""苹果粉"", ""share"": 0.506, ""q"": 0.054, ""capture"": 0.595, ""miss_deg"": 1.53, ""labels"": [64, 250]}, {""name"": ""苹果红"", ""share"": 0.129, ""q"": 0.014, ""capture"": 0.262, ""miss_deg"": 2.45, ""labels"": [260]}, {""name"": ""球L"", ""share"": 0.077, ""q"": 0.008, ""capture"": 0.155, ""miss_deg"": 2.89, ""labels"": [259]}]"
2026_08_20/003,c4,v9,beyond_occ,tag15,105.6,106.46,0.87,4.346,苹果粉,64,0.679,0.021,0.234,0.218,0.127,0.969,object#35,,1,1,,,,3,"[{""name"": ""苹果粉"", ""share"": 0.679, ""q"": 0.021, ""capture"": 0.234, ""miss_deg"": 2.56, ""labels"": [64, 250]}, {""name"": ""橘子"", ""share"": 0.086, ""q"": 0.003, ""capture"": 0.051, ""miss_deg"": 3.66, ""labels"": [262]}, {""name"": ""苹果红"", ""share"": 0.055, ""q"": 0.002, ""capture"": 0.033, ""miss_deg"": 3.92, ""labels"": [260]}]"
2026_08_20/003,c4,v9,beyond_occ,tag15,106.83,108.13,1.3,4.297,苹果粉,64,0.49,0.043,0.477,0.426,0.245,0.911,object#35,,1,0,,,,3,"[{""name"": ""苹果粉"", ""share"": 0.49, ""q"": 0.043, ""capture"": 0.477, ""miss_deg"": 1.82, ""labels"": [64]}, {""name"": ""球L"", ""share"": 0.12, ""q"": 0.011, ""capture"": 0.203, ""miss_deg"": 2.68, ""labels"": [259]}, {""name"": ""苹果红"", ""share"": 0.094, ""q"": 0.008, ""capture"": 0.159, ""miss_deg"": 2.88, ""labels"": [260]}]"
2026_08_20/003,c4,v9,beyond_occ,tag15,108.23,110.91,2.68,4.316,苹果粉,64,0.426,0.034,0.375,0.627,0.362,0.92,object#35,,1,0,,,,3,"[{""name"": ""苹果粉"", ""share"": 0.426, ""q"": 0.034, ""capture"": 0.375, ""miss_deg"": 2.1, ""labels"": [64]}, {""name"": ""球L"", ""share"": 0.154, ""q"": 0.012, ""capture"": 0.235, ""miss_deg"": 2.55, ""labels"": [259]}, {""name"": ""苹果红"", ""share"": 0.124, ""q"": 0.01, ""capture"": 0.188, ""miss_deg"": 2.74, ""labels"": [260]}]"
2026_08_20/003,c4,v9,beyond_occ,tag15,110.97,113.35,2.38,4.311,苹果粉,64,0.493,0.033,0.361,0.479,0.278,0.933,object#35,,1,0,,,,3,"[{""name"": ""苹果粉"", ""share"": 0.493, ""q"": 0.033, ""capture"": 0.361, ""miss_deg"": 2.14, ""labels"": [64]}, {""name"": ""球L"", ""share"": 0.137, ""q"": 0.009, ""capture"": 0.173, ""miss_deg"": 2.81, ""labels"": [259]}, {""name"": ""苹果红"", ""share"": 0.125, ""q"": 0.008, ""capture"": 0.158, ""miss_deg"": 2.88, ""labels"": [260]}]"
2026_08_20/003,c4,v9,beyond_occ,tag15,113.41,114.06,0.65,4.307,苹果粉,64,0.659,0.006,0.062,0.242,0.141,0.991,object#37,,0,0,,,,3,"[{""name"": ""苹果粉"", ""share"": 0.659, ""q"": 0.006, ""capture"": 0.062, ""miss_deg"": 3.54, ""labels"": [64]}, {""name"": ""球L"", ""share"": 0.093, ""q"": 0.001, ""capture"": 0.015, ""miss_deg"": 4.34, ""labels"": [259]}, {""name"": ""苹果红"", ""share"": 0.041, ""q"": 0.0, ""capture"": 0.007, ""miss_deg"": 4.75, ""labels"": [260]}]"
2026_08_20/003,c4,v9,beyond_occ,tag15,114.11,114.49,0.38,4.311,球L,259,0.257,0.014,0.271,0.686,0.685,0.944,object#35,,0,0,,,,3,"[{""name"": ""球L"", ""share"": 0.257, ""q"": 0.014, ""capture"": 0.271, ""miss_deg"": 2.42, ""labels"": [259]}, {""name"": ""苹果红"", ""share"": 0.176, ""q"": 0.01, ""capture"": 0.186, ""miss_deg"": 2.75, ""labels"": [260]}, {""name"": ""苹果粉"", ""share"": 0.272, ""q"": 0.015, ""capture"": 0.167, ""miss_deg"": 2.84, ""labels"": [64]}]"
2026_08_20/003,c4,v9,beyond_occ,tag15,114.96,115.55,0.6,4.33,苹果粉,64,0.613,0.019,0.211,0.332,0.191,0.969,object#35,,1,1,,,,3,"[{""name"": ""苹果粉"", ""share"": 0.613, ""q"": 0.019, ""capture"": 0.211, ""miss_deg"": 2.65, ""labels"": [64]}, {""name"": ""橘子"", ""share"": 0.117, ""q"": 0.004, ""capture"": 0.07, ""miss_deg"": 3.46, ""labels"": [262]}, {""name"": ""苹果红"", ""share"": 0.088, ""q"": 0.003, ""capture"": 0.052, ""miss_deg"": 3.64, ""labels"": [260]}]"
2026_08_20/003,c4,v9,beyond_occ,tag15,115.61,117.07,1.46,4.314,苹果粉,64,0.448,0.039,0.424,0.557,0.321,0.914,object#35,,1,0,,,,3,"[{""name"": ""苹果粉"", ""share"": 0.448, ""q"": 0.039, ""capture"": 0.424, ""miss_deg"": 1.96, ""labels"": [64]}, {""name"": ""苹果红"", ""share"": 0.144, ""q"": 0.012, ""capture"": 0.236, ""miss_deg"": 2.55, ""labels"": [260]}, {""name"": ""橘子"", ""share"": 0.113, ""q"": 0.01, ""capture"": 0.185, ""miss_deg"": 2.75, ""labels"": [262]}]"
2026_08_20/003,c4,v9,beyond_occ,tag15,117.34,119.99,2.65,4.331,苹果粉,64,0.577,0.029,0.32,0.372,0.215,0.95,object#35,,1,1,,,,3,"[{""name"": ""苹果粉"", ""share"": 0.577, ""q"": 0.029, ""capture"": 0.32, ""miss_deg"": 2.26, ""labels"": [64]}, {""name"": ""苹果红"", ""share"": 0.124, ""q"": 0.006, ""capture"": 0.119, ""miss_deg"": 3.09, ""labels"": [260]}, {""name"": ""橘子"", ""share"": 0.109, ""q"": 0.005, ""capture"": 0.104, ""miss_deg"": 3.19, ""labels"": [262]}]"
2026_08_20/003,c4,v9,beyond_occ,tag15,120.05,120.48,0.43,4.335,苹果粉,64,0.647,0.026,0.29,0.297,0.172,0.959,object#35,,1,1,,,,3,"[{""name"": ""苹果粉"", ""share"": 0.647, ""q"": 0.026, ""capture"": 0.29, ""miss_deg"": 2.36, ""labels"": [64]}, {""name"": ""橘子"", ""share"": 0.111, ""q"": 0.005, ""capture"": 0.086, ""miss_deg"": 3.32, ""labels"": [262]}, {""name"": ""苹果红"", ""share"": 0.037, ""q"": 0.002, ""capture"": 0.029, ""miss_deg"": 3.99, ""labels"": [260]}]"
2026_08_20/003,c4,v9,beyond_occ,tag15,120.53,122.11,1.57,4.327,苹果粉,64,0.573,0.02,0.221,0.353,0.204,0.965,object#35,,1,1,,,,3,"[{""name"": ""苹果粉"", ""share"": 0.573, ""q"": 0.02, ""capture"": 0.221, ""miss_deg"": 2.61, ""labels"": [64, 250]}, {""name"": ""苹果红"", ""share"": 0.117, ""q"": 0.004, ""capture"": 0.078, ""miss_deg"": 3.39, ""labels"": [260]}, {""name"": ""橘子"", ""share"": 0.077, ""q"": 0.003, ""capture"": 0.051, ""miss_deg"": 3.65, ""labels"": [262]}]"
2026_08_20/003,c4,v9,beyond_occ,tag15,122.16,122.65,0.49,4.328,苹果粉,64,0.438,0.022,0.242,0.624,0.363,0.95,object#35,,1,0,,,,3,"[{""name"": ""苹果粉"", ""share"": 0.438, ""q"": 0.022, ""capture"": 0.242, ""miss_deg"": 2.53, ""labels"": [64]}, {""name"": ""球L"", ""share"": 0.159, ""q"": 0.008, ""capture"": 0.151, ""miss_deg"": 2.92, ""labels"": [259]}, {""name"": ""苹果红"", ""share"": 0.129, ""q"": 0.006, ""capture"": 0.123, ""miss_deg"": 3.07, ""labels"": [260]}]"
2026_08_20/003,c4,v9,beyond_occ,tag15,122.95,123.38,0.43,4.313,苹果粉,64,0.401,0.04,0.436,0.681,0.394,0.901,object#35,,1,0,,,,3,"[{""name"": ""苹果粉"", ""share"": 0.401, ""q"": 0.04, ""capture"": 0.436, ""miss_deg"": 1.93, ""labels"": [64]}, {""name"": ""苹果红"", ""share"": 0.158, ""q"": 0.016, ""capture"": 0.297, ""miss_deg"": 2.34, ""labels"": [260]}, {""name"": ""球L"", ""share"": 0.132, ""q"": 0.013, ""capture"": 0.249, ""miss_deg"": 2.5, ""labels"": [259]}]"
2026_08_20/003,c4,v9,beyond_occ,tag15,123.44,125.46,2.02,4.305,苹果粉,64,0.467,0.059,0.648,0.451,0.261,0.874,object#35,,1,0,,,,3,"[{""name"": ""苹果粉"", ""share"": 0.467, ""q"": 0.059, ""capture"": 0.648, ""miss_deg"": 1.4, ""labels"": [64]}, {""name"": ""苹果红"", ""share"": 0.122, ""q"": 0.015, ""capture"": 0.292, ""miss_deg"": 2.35, ""labels"": [260]}, {""name"": ""球L"", ""share"": 0.095, ""q"": 0.012, ""capture"": 0.228, ""miss_deg"": 2.58, ""labels"": [259]}]"
2026_08_20/003,c4,v9,beyond_occ,tag15,125.74,128.34,2.6,4.318,苹果粉,64,0.414,0.055,0.603,0.728,0.42,0.867,object#35,,1,0,,,,3,"[{""name"": ""苹果粉"", ""share"": 0.414, ""q"": 0.055, ""capture"": 0.603, ""miss_deg"": 1.51, ""labels"": [64]}, {""name"": ""苹果红"", ""share"": 0.174, ""q"": 0.023, ""capture"": 0.439, ""miss_deg"": 1.93, ""labels"": [260]}, {""name"": ""球L"", ""share"": 0.094, ""q"": 0.012, ""capture"": 0.236, ""miss_deg"": 2.55, ""labels"": [259]}]"
2026_08_20/003,c4,v9,beyond_occ,tag15,130.8,131.07,0.27,2.577,,-1,0.0,0.0,,,,1.0,floor,,0,0,,,,0,[]
2026_08_20/003,c4,v9,beyond_occ,tag15,134.29,134.83,0.54,0.871,,-1,0.0,0.0,,,,1.0,object#14,,0,0,,,,0,[]
2026_08_25/c1_1,c4,v9,beyond_occ,tag15,4.15,4.53,0.38,1.959,,-1,0.0,0.0,,,,1.0,floor,,0,0,,,,0,[]
2026_08_25/c1_1,c4,v9,beyond_occ,tag15,7.82,8.2,0.38,3.256,水瓶,30,1.0,0.0,0.0,0.0,0.0,1.0,object#35,,0,0,,,,1,"[{""name"": ""水瓶"", ""share"": 1.0, ""q"": 0.0, ""capture"": 0.0, ""miss_deg"": 5.94, ""labels"": [30]}]"
2026_08_25/c1_1,c4,v9,beyond_occ,tag15,11.28,14.53,3.25,4.04,球L,259,0.562,0.019,0.354,0.427,0.427,0.967,object#24,,1,1,1,球L,1,3,"[{""name"": ""球L"", ""share"": 0.562, ""q"": 0.019, ""capture"": 0.354, ""miss_deg"": 2.16, ""labels"": [259]}, {""name"": ""球M"", ""share"": 0.24, ""q"": 0.008, ""capture"": 0.151, ""miss_deg"": 2.92, ""labels"": [261]}, {""name"": ""苹果红"", ""share"": 0.146, ""q"": 0.005, ""capture"": 0.078, ""miss_deg"": 3.39, ""labels"": [260]}]"
2026_08_25/c1_1,c4,v9,beyond_occ,tag15,15.91,18.41,2.5,4.123,苹果粉,64,0.738,0.011,0.121,0.413,0.24,0.985,object#35,,0,0,,,,3,"[{""name"": ""苹果粉"", ""share"": 0.738, ""q"": 0.011, ""capture"": 0.121, ""miss_deg"": 3.09, ""labels"": [64]}, {""name"": ""球L"", ""share"": 0.177, ""q"": 0.003, ""capture"": 0.05, ""miss_deg"": 3.67, ""labels"": [259]}, {""name"": ""水瓶"", ""share"": 0.085, ""q"": 0.001, ""capture"": 0.004, ""miss_deg"": 4.96, ""labels"": [30]}]"
2026_08_25/c1_1,c4,v9,beyond_occ,tag15,18.58,21.61,3.03,4.11,球L,259,0.456,0.012,0.231,0.463,0.8,0.973,object#35,,1,0,,,,3,"[{""name"": ""球L"", ""share"": 0.456, ""q"": 0.012, ""capture"": 0.231, ""miss_deg"": 2.57, ""labels"": [259]}, {""name"": ""苹果粉"", ""share"": 0.365, ""q"": 0.01, ""capture"": 0.107, ""miss_deg"": 3.17, ""labels"": [64]}, {""name"": ""苹果红"", ""share"": 0.129, ""q"": 0.003, ""capture"": 0.055, ""miss_deg"": 3.61, ""labels"": [260]}]"
2026_08_25/c1_1,c4,v9,beyond_occ,tag15,21.67,23.78,2.11,4.115,球L,259,0.672,0.004,0.069,0.116,0.131,0.995,object#24,,0,0,,,,3,"[{""name"": ""球L"", ""share"": 0.672, ""q"": 0.004, ""capture"": 0.069, ""miss_deg"": 3.46, ""labels"": [259]}, {""name"": ""苹果红"", ""share"": 0.088, ""q"": 0.0, ""capture"": 0.008, ""miss_deg"": 4.68, ""labels"": [260]}, {""name"": ""苹果粉"", ""share"": 0.059, ""q"": 0.0, ""capture"": 0.004, ""miss_deg"": 5.04, ""labels"": [64]}]"
2026_08_25/c1_1,c4,v9,beyond_occ,tag15,24.01,29.97,5.96,4.119,球L,259,0.512,0.009,0.178,0.657,0.658,0.982,object#24,,0,0,6,球L,1,3,"[{""name"": ""球L"", ""share"": 0.512, ""q"": 0.009, ""capture"": 0.178, ""miss_deg"": 2.79, ""labels"": [259]}, {""name"": ""球M"", ""share"": 0.337, ""q"": 0.006, ""capture"": 0.117, ""miss_deg"": 3.11, ""labels"": [261]}, {""name"": ""球R"", ""share"": 0.081, ""q"": 0.001, ""capture"": 0.028, ""miss_deg"": 4.01, ""labels"": [263]}]"
2026_08_25/c1_1,c4,v9,beyond_occ,tag15,30.22,32.38,2.17,4.093,球L,259,0.631,0.007,0.134,0.448,0.45,0.989,object#24,,0,0,,,,3,"[{""name"": ""球L"", ""share"": 0.631, ""q"": 0.007, ""capture"": 0.134, ""miss_deg"": 3.01, ""labels"": [259]}, {""name"": ""球M"", ""share"": 0.284, ""q"": 0.003, ""capture"": 0.06, ""miss_deg"": 3.55, ""labels"": [261]}, {""name"": ""苹果红"", ""share"": 0.029, ""q"": 0.0, ""capture"": 0.005, ""miss_deg"": 4.86, ""labels"": [260]}]"
2026_08_25/c1_1,c4,v9,beyond_occ,tag15,32.71,36.28,3.57,4.132,球M,261,0.329,0.013,0.243,0.984,0.982,0.961,object#24,,0,0,8,球L,0,3,"[{""name"": ""球M"", ""share"": 0.329, ""q"": 0.013, ""capture"": 0.243, ""miss_deg"": 2.52, ""labels"": [261]}, {""name"": ""球L"", ""share"": 0.323, ""q"": 0.013, ""capture"": 0.239, ""miss_deg"": 2.54, ""labels"": [259]}, {""name"": ""球R"", ""share"": 0.21, ""q"": 0.008, ""capture"": 0.155, ""miss_deg"": 2.9, ""labels"": [263]}]"
2026_08_25/c1_1,c4,v9,beyond_occ,tag15,36.55,37.68,1.14,4.138,球L,259,0.356,0.012,0.236,0.898,0.896,0.965,object#24,,0,0,8,球L,1,3,"[{""name"": ""球L"", ""share"": 0.356, ""q"": 0.012, ""capture"": 0.236, ""miss_deg"": 2.55, ""labels"": [259]}, {""name"": ""球M"", ""share"": 0.319, ""q"": 0.011, ""capture"": 0.212, ""miss_deg"": 2.64, ""labels"": [261]}, {""name"": ""球R"", ""share"": 0.198, ""q"": 0.007, ""capture"": 0.131, ""miss_deg"": 3.02, ""labels"": [263]}]"
2026_08_25/c1_1,c4,v9,beyond_occ,tag15,37.74,43.15,5.42,4.137,球L,259,0.575,0.012,0.237,0.43,0.431,0.978,object#24,,1,1,,,,3,"[{""name"": ""球L"", ""share"": 0.575, ""q"": 0.012, ""capture"": 0.237, ""miss_deg"": 2.55, ""labels"": [259]}, {""name"": ""球M"", ""share"": 0.248, ""q"": 0.005, ""capture"": 0.102, ""miss_deg"": 3.2, ""labels"": [261]}, {""name"": ""苹果红"", ""share"": 0.142, ""q"": 0.003, ""capture"": 0.049, ""miss_deg"": 3.68, ""labels"": [260]}]"
2026_08_25/c1_1,c4,v9,beyond_occ,tag15,43.4,51.57,8.18,4.162,球L,259,0.364,0.025,0.474,0.559,0.56,0.931,object#35,,1,0,9,球L,1,3,"[{""name"": ""球L"", ""share"": 0.364, ""q"": 0.025, ""capture"": 0.474, ""miss_deg"": 1.83, ""labels"": [259]}, {""name"": ""球M"", ""share"": 0.204, ""q"": 0.014, ""capture"": 0.265, ""miss_deg"": 2.44, ""labels"": [261]}, {""name"": ""苹果红"", ""share"": 0.186, ""q"": 0.013, ""capture"": 0.204, ""miss_deg"": 2.67, ""labels"": [260]}]"
2026_08_25/c1_1,c4,v9,beyond_occ,tag15,51.85,56.99,5.15,4.19,球L,259,0.382,0.018,0.336,0.44,0.762,0.954,object#35,,0,0,,,,3,"[{""name"": ""球L"", ""share"": 0.382, ""q"": 0.018, ""capture"": 0.336, ""miss_deg"": 2.21, ""labels"": [259]}, {""name"": ""苹果粉"", ""share"": 0.291, ""q"": 0.013, ""capture"": 0.148, ""miss_deg"": 2.93, ""labels"": [64]}, {""name"": ""苹果红"", ""share"": 0.186, ""q"": 0.009, ""capture"": 0.138, ""miss_deg"": 2.98, ""labels"": [260]}]"
2026_08_25/c1_1,c4,v9,beyond_occ,tag15,57.24,57.67,0.43,4.19,球L,259,0.399,0.014,0.257,0.323,0.556,0.966,object#35,,1,0,,,,3,"[{""name"": ""球L"", ""share"": 0.399, ""q"": 0.014, ""capture"": 0.257, ""miss_deg"": 2.47, ""labels"": [259]}, {""name"": ""苹果粉"", ""share"": 0.222, ""q"": 0.008, ""capture"": 0.083, ""miss_deg"": 3.35, ""labels"": [64]}, {""name"": ""苹果红"", ""share"": 0.148, ""q"": 0.005, ""capture"": 0.081, ""miss_deg"": 3.37, ""labels"": [260]}]"
2026_08_25/c1_1,c4,v9,beyond_occ,tag15,57.94,60.27,2.33,4.202,球L,259,0.217,0.056,1.057,0.791,0.788,0.743,物品台,,0,0,,,,3,"[{""name"": ""球L"", ""share"": 0.217, ""q"": 0.056, ""capture"": 1.057, ""miss_deg"": 0.0, ""labels"": [259]}, {""name"": ""球M"", ""share"": 0.171, ""q"": 0.044, ""capture"": 0.836, ""miss_deg"": 0.9, ""labels"": [261]}, {""name"": ""球R"", ""share"": 0.107, ""q"": 0.028, ""capture"": 0.524, ""miss_deg"": 1.71, ""labels"": [263]}]"
2026_08_25/c1_1,c4,v9,beyond_occ,tag15,60.49,64.99,4.5,4.168,球L,259,0.316,0.036,0.678,0.701,0.703,0.887,物品台,,0,0,,,,3,"[{""name"": ""球L"", ""share"": 0.316, ""q"": 0.036, ""capture"": 0.678, ""miss_deg"": 1.32, ""labels"": [259]}, {""name"": ""球M"", ""share"": 0.222, ""q"": 0.025, ""capture"": 0.475, ""miss_deg"": 1.83, ""labels"": [261]}, {""name"": ""球R"", ""share"": 0.12, ""q"": 0.014, ""capture"": 0.257, ""miss_deg"": 2.47, ""labels"": [263]}]"
2026_08_25/c1_1,c4,v9,beyond_occ,tag15,66.57,66.95,0.38,4.15,球L,259,0.194,0.084,1.587,0.807,0.954,0.569,物品台,,0,0,,,,3,"[{""name"": ""球L"", ""share"": 0.194, ""q"": 0.084, ""capture"": 1.587, ""miss_deg"": 0.0, ""labels"": [259]}, {""name"": ""苹果红"", ""share"": 0.185, ""q"": 0.08, ""capture"": 1.28, ""miss_deg"": 0.0, ""labels"": [260]}, {""name"": ""球M"", ""share"": 0.086, ""q"": 0.037, ""capture"": 0.702, ""miss_deg"": 1.26, ""labels"": [261]}]"
2026_08_25/c1_1,c4,v9,beyond_occ,tag15,67.2,67.58,0.38,3.074,,-1,0.0,0.0,,,,1.0,object#26,,0,0,,,,0,[]
2026_08_25/c1_1,c4,v9,beyond_occ,tag15,67.91,68.5,0.6,2.442,,-1,0.0,0.0,,,,1.0,object#26,,0,0,,,,0,[]
2026_08_25/c1_1,c4,v9,beyond_occ,tag15,68.94,69.27,0.32,4.2,苹果粉,64,0.809,0.013,0.138,0.29,0.168,0.984,object#37,,0,0,,,,3,"[{""name"": ""苹果粉"", ""share"": 0.809, ""q"": 0.013, ""capture"": 0.138, ""miss_deg"": 2.99, ""labels"": [64]}, {""name"": ""球L"", ""share"": 0.136, ""q"": 0.002, ""capture"": 0.04, ""miss_deg"": 3.81, ""labels"": [259]}, {""name"": ""水瓶"", ""share"": 0.055, ""q"": 0.001, ""capture"": 0.003, ""miss_deg"": 5.11, ""labels"": [30]}]"
2026_08_25/c1_1,c4,v9,beyond_occ,tag15,69.49,69.97,0.49,4.168,苹果粉,64,0.791,0.139,1.529,0.206,0.142,0.824,object#35,,1,1,,,,3,"[{""name"": ""苹果粉"", ""share"": 0.791, ""q"": 0.139, ""capture"": 1.529, ""miss_deg"": 0.0, ""labels"": [64, 250]}, {""name"": ""苹果红"", ""share"": 0.112, ""q"": 0.02, ""capture"": 0.315, ""miss_deg"": 2.28, ""labels"": [260]}, {""name"": ""球L"", ""share"": 0.014, ""q"": 0.002, ""capture"": 0.047, ""miss_deg"": 3.71, ""labels"": [259]}]"
2026_08_25/c1_1,c4,v9,beyond_occ,tag15,70.03,70.41,0.38,4.168,苹果粉,64,0.574,0.079,0.867,0.487,0.333,0.863,object#35,,1,1,,,,3,"[{""name"": ""苹果粉"", ""share"": 0.574, ""q"": 0.079, ""capture"": 0.867, ""miss_deg"": 0.8, ""labels"": [64, 250]}, {""name"": ""苹果红"", ""share"": 0.191, ""q"": 0.026, ""capture"": 0.422, ""miss_deg"": 1.97, ""labels"": [260]}, {""name"": ""球L"", ""share"": 0.125, ""q"": 0.017, ""capture"": 0.326, ""miss_deg"": 2.24, ""labels"": [259]}]"
2026_08_25/c1_1,c4,v9,beyond_occ,tag15,70.46,71.71,1.25,4.179,苹果粉,64,0.823,0.08,0.884,0.155,0.106,0.902,object#35,,1,1,,,,3,"[{""name"": ""苹果粉"", ""share"": 0.823, ""q"": 0.08, ""capture"": 0.884, ""miss_deg"": 0.74, ""labels"": [64]}, {""name"": ""苹果红"", ""share"": 0.087, ""q"": 0.009, ""capture"": 0.137, ""miss_deg"": 2.99, ""labels"": [260]}, {""name"": ""球L"", ""share"": 0.033, ""q"": 0.003, ""capture"": 0.061, ""miss_deg"": 3.54, ""labels"": [259]}]"
2026_08_25/c1_1,c4,v9,beyond_occ,tag15,71.76,72.14,0.38,4.321,苹果粉,64,0.63,0.044,0.486,0.529,0.306,0.93,object#35,,1,1,,,,3,"[{""name"": ""苹果粉"", ""share"": 0.63, ""q"": 0.044, ""capture"": 0.486, ""miss_deg"": 1.8, ""labels"": [64, 250]}, {""name"": ""球L"", ""share"": 0.193, ""q"": 0.014, ""capture"": 0.257, ""miss_deg"": 2.47, ""labels"": [259]}, {""name"": ""苹果红"", ""share"": 0.136, ""q"": 0.01, ""capture"": 0.181, ""miss_deg"": 2.77, ""labels"": [260]}]"
2026_08_25/c1_1,c4,v9,beyond_occ,tag15,72.2,77.4,5.2,4.186,苹果粉,64,0.831,0.078,0.859,0.139,0.095,0.906,object#35,,1,1,,,,3,"[{""name"": ""苹果粉"", ""share"": 0.831, ""q"": 0.078, ""capture"": 0.859, ""miss_deg"": 0.83, ""labels"": [64, 250]}, {""name"": ""苹果红"", ""share"": 0.079, ""q"": 0.007, ""capture"": 0.119, ""miss_deg"": 3.1, ""labels"": [260]}, {""name"": ""球L"", ""share"": 0.05, ""q"": 0.005, ""capture"": 0.09, ""miss_deg"": 3.29, ""labels"": [259]}]"
2026_08_25/c1_1,c4,v9,beyond_occ,tag15,77.45,78.64,1.19,4.236,苹果粉,64,0.917,0.019,0.206,0.155,0.091,0.98,object#37,,1,1,,,,2,"[{""name"": ""苹果粉"", ""share"": 0.917, ""q"": 0.019, ""capture"": 0.206, ""miss_deg"": 2.67, ""labels"": [64, 250]}, {""name"": ""球L"", ""share"": 0.083, ""q"": 0.002, ""capture"": 0.032, ""miss_deg"": 3.93, ""labels"": [259]}]"
2026_08_25/c1_1,c4,v9,beyond_occ,tag15,78.7,80.11,1.41,4.182,苹果粉,64,0.852,0.053,0.587,0.147,0.085,0.937,object#35,,1,1,,,,3,"[{""name"": ""苹果粉"", ""share"": 0.852, ""q"": 0.053, ""capture"": 0.587, ""miss_deg"": 1.55, ""labels"": [64]}, {""name"": ""球L"", ""share"": 0.072, ""q"": 0.005, ""capture"": 0.086, ""miss_deg"": 3.32, ""labels"": [259]}, {""name"": ""苹果红"", ""share"": 0.064, ""q"": 0.004, ""capture"": 0.064, ""miss_deg"": 3.51, ""labels"": [260]}]"
2026_08_25/c1_1,c4,v9,beyond_occ,tag15,80.33,83.69,3.36,4.187,苹果粉,64,0.828,0.074,0.817,0.151,0.087,0.91,object#35,,1,1,,,,3,"[{""name"": ""苹果粉"", ""share"": 0.828, ""q"": 0.074, ""capture"": 0.817, ""miss_deg"": 0.95, ""labels"": [64, 250]}, {""name"": ""球L"", ""share"": 0.072, ""q"": 0.006, ""capture"": 0.123, ""miss_deg"": 3.07, ""labels"": [259]}, {""name"": ""苹果红"", ""share"": 0.08, ""q"": 0.007, ""capture"": 0.115, ""miss_deg"": 3.12, ""labels"": [260]}]"
2026_08_25/c1_1,c4,v9,beyond_occ,tag15,83.74,84.01,0.27,4.322,苹果粉,64,0.695,0.042,0.459,0.218,0.127,0.94,object#37,,1,1,,,,3,"[{""name"": ""苹果粉"", ""share"": 0.695, ""q"": 0.042, ""capture"": 0.459, ""miss_deg"": 1.87, ""labels"": [64, 250]}, {""name"": ""球L"", ""share"": 0.088, ""q"": 0.005, ""capture"": 0.1, ""miss_deg"": 3.22, ""labels"": [259]}, {""name"": ""苹果红"", ""share"": 0.077, ""q"": 0.005, ""capture"": 0.088, ""miss_deg"": 3.31, ""labels"": [260]}]"
2026_08_25/c1_1,c4,v9,beyond_occ,tag15,84.06,86.5,2.44,4.202,苹果粉,64,0.883,0.048,0.523,0.143,0.083,0.946,object#37,,1,1,,,,3,"[{""name"": ""苹果粉"", ""share"": 0.883, ""q"": 0.048, ""capture"": 0.523, ""miss_deg"": 1.71, ""labels"": [64]}, {""name"": ""球L"", ""share"": 0.073, ""q"": 0.004, ""capture"": 0.075, ""miss_deg"": 3.42, ""labels"": [259]}, {""name"": ""苹果红"", ""share"": 0.038, ""q"": 0.002, ""capture"": 0.033, ""miss_deg"": 3.92, ""labels"": [260]}]"
2026_08_25/c1_1,c4,v9,beyond_occ,tag15,86.74,90.09,3.36,4.191,苹果粉,64,0.498,0.083,0.912,0.545,0.373,0.833,object#35,,1,0,10,球M,0,3,"[{""name"": ""苹果粉"", ""share"": 0.498, ""q"": 0.083, ""capture"": 0.912, ""miss_deg"": 0.65, ""labels"": [64, 250]}, {""name"": ""苹果红"", ""share"": 0.186, ""q"": 0.031, ""capture"": 0.497, ""miss_deg"": 1.77, ""labels"": [260]}, {""name"": ""球L"", ""share"": 0.142, ""q"": 0.024, ""capture"": 0.449, ""miss_deg"": 1.9, ""labels"": [259]}]"
2026_08_25/c1_1,c4,v9,beyond_occ,tag15,90.42,93.45,3.03,4.208,苹果粉,64,0.42,0.031,0.337,0.985,0.569,0.927,object#35,,1,0,10,球M,0,3,"[{""name"": ""苹果粉"", ""share"": 0.42, ""q"": 0.031, ""capture"": 0.337, ""miss_deg"": 2.21, ""labels"": [64]}, {""name"": ""球L"", ""share"": 0.239, ""q"": 0.017, ""capture"": 0.332, ""miss_deg"": 2.23, ""labels"": [259]}, {""name"": ""苹果红"", ""share"": 0.167, ""q"": 0.012, ""capture"": 0.196, ""miss_deg"": 2.71, ""labels"": [260]}]"
2026_08_25/c1_1,c4,v9,beyond_occ,tag15,93.61,97.46,3.85,4.194,苹果粉,64,0.807,0.083,0.91,0.17,0.116,0.897,object#35,,1,1,11,球L,0,3,"[{""name"": ""苹果粉"", ""share"": 0.807, ""q"": 0.083, ""capture"": 0.91, ""miss_deg"": 0.65, ""labels"": [64, 250]}, {""name"": ""苹果红"", ""share"": 0.094, ""q"": 0.01, ""capture"": 0.155, ""miss_deg"": 2.89, ""labels"": [260]}, {""name"": ""球L"", ""share"": 0.047, ""q"": 0.005, ""capture"": 0.093, ""miss_deg"": 3.27, ""labels"": [259]}]"
2026_08_25/c1_1,c4,v9,beyond_occ,tag15,98.18,100.51,2.33,4.187,苹果粉,64,0.775,0.076,0.837,0.201,0.137,0.902,object#35,,1,1,11,球L,0,3,"[{""name"": ""苹果粉"", ""share"": 0.775, ""q"": 0.076, ""capture"": 0.837, ""miss_deg"": 0.9, ""labels"": [64]}, {""name"": ""苹果红"", ""share"": 0.106, ""q"": 0.01, ""capture"": 0.168, ""miss_deg"": 2.83, ""labels"": [260]}, {""name"": ""球L"", ""share"": 0.062, ""q"": 0.006, ""capture"": 0.115, ""miss_deg"": 3.12, ""labels"": [259]}]"
2026_08_25/c1_1,c4,v9,beyond_occ,tag15,100.73,103.71,2.98,4.188,苹果粉,64,0.644,0.107,1.176,0.408,0.28,0.834,object#35,,1,1,11,球L,0,3,"[{""name"": ""苹果粉"", ""share"": 0.644, ""q"": 0.107, ""capture"": 1.176, ""miss_deg"": 0.0, ""labels"": [64, 250]}, {""name"": ""苹果红"", ""share"": 0.18, ""q"": 0.03, ""capture"": 0.48, ""miss_deg"": 1.82, ""labels"": [260]}, {""name"": ""球L"", ""share"": 0.079, ""q"": 0.013, ""capture"": 0.251, ""miss_deg"": 2.5, ""labels"": [259]}]"
2026_08_25/c1_1,c4,v9,beyond_occ,tag15,103.87,104.14,0.27,4.186,苹果粉,64,0.524,0.06,0.657,0.565,0.326,0.886,object#35,,1,1,11,球L,0,3,"[{""name"": ""苹果粉"", ""share"": 0.524, ""q"": 0.06, ""capture"": 0.657, ""miss_deg"": 1.38, ""labels"": [64]}, {""name"": ""球L"", ""share"": 0.171, ""q"": 0.02, ""capture"": 0.371, ""miss_deg"": 2.11, ""labels"": [259]}, {""name"": ""苹果红"", ""share"": 0.177, ""q"": 0.02, ""capture"": 0.324, ""miss_deg"": 2.25, ""labels"": [260]}]"
2026_08_25/c1_1,c4,v9,beyond_occ,tag15,104.2,105.98,1.79,4.206,苹果粉,64,0.744,0.061,0.668,0.284,0.164,0.918,object#35,,1,1,11,球L,0,3,"[{""name"": ""苹果粉"", ""share"": 0.744, ""q"": 0.061, ""capture"": 0.668, ""miss_deg"": 1.35, ""labels"": [64, 250]}, {""name"": ""球L"", ""share"": 0.122, ""q"": 0.01, ""capture"": 0.19, ""miss_deg"": 2.74, ""labels"": [259]}, {""name"": ""苹果红"", ""share"": 0.107, ""q"": 0.009, ""capture"": 0.14, ""miss_deg"": 2.97, ""labels"": [260]}]"
2026_08_25/c1_1,c4,v9,beyond_occ,tag15,106.29,107.32,1.03,4.185,苹果粉,64,0.615,0.126,1.387,0.39,0.267,0.795,object#35,,1,1,11,球L,0,3,"[{""name"": ""苹果粉"", ""share"": 0.615, ""q"": 0.126, ""capture"": 1.387, ""miss_deg"": 0.0, ""labels"": [64, 250]}, {""name"": ""苹果红"", ""share"": 0.164, ""q"": 0.034, ""capture"": 0.541, ""miss_deg"": 1.66, ""labels"": [260]}, {""name"": ""球L"", ""share"": 0.071, ""q"": 0.015, ""capture"": 0.276, ""miss_deg"": 2.41, ""labels"": [259]}]"
2026_08_25/c1_1,c4,v9,beyond_occ,tag15,107.62,112.55,4.93,4.183,苹果粉,64,0.48,0.156,1.715,0.541,0.371,0.675,object#35,,1,0,12,球M,0,3,"[{""name"": ""苹果粉"", ""share"": 0.48, ""q"": 0.156, ""capture"": 1.715, ""miss_deg"": 0.0, ""labels"": [64, 250]}, {""name"": ""苹果红"", ""share"": 0.178, ""q"": 0.058, ""capture"": 0.928, ""miss_deg"": 0.58, ""labels"": [260]}, {""name"": ""球L"", ""share"": 0.119, ""q"": 0.039, ""capture"": 0.736, ""miss_deg"": 1.17, ""labels"": [259]}]"
2026_08_25/c1_1,c4,v9,beyond_occ,tag15,112.72,114.45,1.73,4.194,苹果粉,64,0.383,0.124,1.363,0.742,0.509,0.676,object#35,,1,0,12,球M,0,3,"[{""name"": ""苹果粉"", ""share"": 0.383, ""q"": 0.124, ""capture"": 1.363, ""miss_deg"": 0.0, ""labels"": [64, 250]}, {""name"": ""苹果红"", ""share"": 0.195, ""q"": 0.063, ""capture"": 1.011, ""miss_deg"": 0.0, ""labels"": [260]}, {""name"": ""球L"", ""share"": 0.126, ""q"": 0.041, ""capture"": 0.773, ""miss_deg"": 1.08, ""labels"": [259]}]"
2026_08_25/c1_1,c4,v9,beyond_occ,tag15,114.51,114.94,0.43,4.188,苹果粉,64,0.747,0.173,1.901,0.182,0.124,0.768,object#35,,1,1,,,,3,"[{""name"": ""苹果粉"", ""share"": 0.747, ""q"": 0.173, ""capture"": 1.901, ""miss_deg"": 0.0, ""labels"": [64, 250]}, {""name"": ""苹果红"", ""share"": 0.093, ""q"": 0.022, ""capture"": 0.346, ""miss_deg"": 2.19, ""labels"": [260]}, {""name"": ""水瓶"", ""share"": 0.094, ""q"": 0.022, ""capture"": 0.076, ""miss_deg"": 3.41, ""labels"": [30]}]"
2026_08_25/c1_1,c4,v9,beyond_occ,tag15,115.07,121.35,6.28,4.164,苹果粉,64,0.646,0.099,1.091,0.337,0.231,0.846,object#35,,1,1,,,,3,"[{""name"": ""苹果粉"", ""share"": 0.646, ""q"": 0.099, ""capture"": 1.091, ""miss_deg"": 0.0, ""labels"": [64, 250]}, {""name"": ""苹果红"", ""share"": 0.149, ""q"": 0.023, ""capture"": 0.368, ""miss_deg"": 2.12, ""labels"": [260]}, {""name"": ""球L"", ""share"": 0.075, ""q"": 0.012, ""capture"": 0.219, ""miss_deg"": 2.61, ""labels"": [259]}]"
2026_08_25/c1_1,c4,v9,beyond_occ,tag15,121.63,127.21,5.58,4.178,苹果粉,64,0.461,0.172,1.888,0.584,0.399,0.627,object#35,,1,0,14,球M,0,3,"[{""name"": ""苹果粉"", ""share"": 0.461, ""q"": 0.172, ""capture"": 1.888, ""miss_deg"": 0.0, ""labels"": [64, 250]}, {""name"": ""苹果红"", ""share"": 0.184, ""q"": 0.069, ""capture"": 1.102, ""miss_deg"": 0.0, ""labels"": [260]}, {""name"": ""球L"", ""share"": 0.087, ""q"": 0.032, ""capture"": 0.613, ""miss_deg"": 1.48, ""labels"": [259]}]"
2026_08_25/c1_1,c4,v9,beyond_occ,tag15,128.56,128.83,0.27,1.943,,-1,0.0,0.0,,,,1.0,object#14,,0,0,,,,0,[]
2026_08_25/c1_1,c4,v9,beyond_occ,tag15,129.7,130.35,0.65,1.278,,-1,0.0,0.0,,,,1.0,object#14,,0,0,,,,0,[]
2026_08_25/c1_1,c4,v9,beyond_occ,tag15,130.41,130.79,0.38,0.925,,-1,0.0,0.0,,,,1.0,object#14,,0,0,,,,0,[]
2026_08_25/c1_1,c4,v9,beyond_occ,tag15,131.0,131.33,0.32,0.676,,-1,0.0,0.0,,,,1.0,object#14,,0,0,,,,0,[]
2026_08_25/c1_2,c4,v9,,tag15,4.48,4.76,0.27,5.705,水瓶,30,1.0,0.004,0.025,0.0,0.0,0.996,object#23,,0,0,,,,1,"[{""name"": ""水瓶"", ""share"": 1.0, ""q"": 0.004, ""capture"": 0.025, ""miss_deg"": 4.08, ""labels"": [30]}]"
2026_08_25/c1_2,c4,v9,,tag15,6.13,7.22,1.08,4.222,球L,259,0.257,0.051,0.976,0.598,0.599,0.8,物品台,,0,0,,,,3,"[{""name"": ""球L"", ""share"": 0.257, ""q"": 0.051, ""capture"": 0.976, ""miss_deg"": 0.33, ""labels"": [259]}, {""name"": ""苹果红"", ""share"": 0.154, ""q"": 0.031, ""capture"": 0.584, ""miss_deg"": 1.55, ""labels"": [260]}, {""name"": ""球M"", ""share"": 0.148, ""q"": 0.03, ""capture"": 0.562, ""miss_deg"": 1.61, ""labels"": [261]}]"
2026_08_25/c1_2,c4,v9,,tag15,7.27,7.54,0.27,4.229,苹果红,260,0.221,0.059,1.128,0.793,0.792,0.731,object#35,,0,0,,,,3,"[{""name"": ""苹果红"", ""share"": 0.221, ""q"": 0.059, ""capture"": 1.128, ""miss_deg"": 0.0, ""labels"": [260]}, {""name"": ""球L"", ""share"": 0.175, ""q"": 0.047, ""capture"": 0.895, ""miss_deg"": 0.71, ""labels"": [259]}, {""name"": ""苹果粉"", ""share"": 0.298, ""q"": 0.08, ""capture"": 0.88, ""miss_deg"": 0.76, ""labels"": [64, 250]}]"
2026_08_25/c1_2,c4,v9,,tag15,7.6,8.68,1.08,4.252,球L,259,0.227,0.043,0.816,0.909,0.912,0.811,物品台,,0,0,,,,3,"[{""name"": ""球L"", ""share"": 0.227, ""q"": 0.043, ""capture"": 0.816, ""miss_deg"": 0.96, ""labels"": [259]}, {""name"": ""球M"", ""share"": 0.207, ""q"": 0.039, ""capture"": 0.742, ""miss_deg"": 1.16, ""labels"": [261]}, {""name"": ""球R"", ""share"": 0.147, ""q"": 0.028, ""capture"": 0.529, ""miss_deg"": 1.69, ""labels"": [263]}]"
2026_08_25/c1_2,c4,v9,,tag15,8.95,9.28,0.32,3.518,,-1,0.0,0.0,,,,1.0,object#36,,0,0,,,,0,[]
2026_08_25/c1_2,c4,v9,,tag15,9.33,9.82,0.49,3.374,,-1,0.0,0.0,,,,1.0,object#26,,0,0,,,,0,[]
2026_08_25/c1_2,c4,v9,,tag15,9.87,10.36,0.49,3.299,,-1,0.0,0.0,,,,1.0,object#26,,0,0,,,,0,[]
2026_08_25/c1_2,c4,v9,,tag15,10.41,10.68,0.27,3.382,,-1,0.0,0.0,,,,1.0,object#26,,0,0,,,,0,[]
2026_08_25/c1_2,c4,v9,,tag15,11.22,12.31,1.08,4.244,球L,259,0.31,0.032,0.601,0.632,0.632,0.898,object#35,,0,0,,,,3,"[{""name"": ""球L"", ""share"": 0.31, ""q"": 0.032, ""capture"": 0.601, ""miss_deg"": 1.51, ""labels"": [259]}, {""name"": ""苹果红"", ""share"": 0.196, ""q"": 0.02, ""capture"": 0.38, ""miss_deg"": 2.09, ""labels"": [260]}, {""name"": ""球M"", ""share"": 0.169, ""q"": 0.017, ""capture"": 0.326, ""miss_deg"": 2.24, ""labels"": [261]}]"
2026_08_25/c1_2,c4,v9,,tag15,12.74,14.91,2.17,4.25,球L,259,0.225,0.034,0.648,0.966,0.964,0.849,object#35,,0,0,,,,3,"[{""name"": ""球L"", ""share"": 0.225, ""q"": 0.034, ""capture"": 0.648, ""miss_deg"": 1.4, ""labels"": [259]}, {""name"": ""苹果红"", ""share"": 0.217, ""q"": 0.033, ""capture"": 0.626, ""miss_deg"": 1.45, ""labels"": [260]}, {""name"": ""苹果粉"", ""share"": 0.247, ""q"": 0.037, ""capture"": 0.41, ""miss_deg"": 2.0, ""labels"": [64]}]"
2026_08_25/c1_2,c4,v9,,tag15,15.2,17.53,2.33,4.226,球L,259,0.227,0.033,0.63,0.956,0.956,0.854,object#35,,0,0,,,,3,"[{""name"": ""球L"", ""share"": 0.227, ""q"": 0.033, ""capture"": 0.63, ""miss_deg"": 1.44, ""labels"": [259]}, {""name"": ""苹果红"", ""share"": 0.217, ""q"": 0.032, ""capture"": 0.602, ""miss_deg"": 1.51, ""labels"": [260]}, {""name"": ""苹果粉"", ""share"": 0.33, ""q"": 0.048, ""capture"": 0.529, ""miss_deg"": 1.69, ""labels"": [64]}]"
2026_08_25/c1_2,c4,v9,,tag15,17.58,22.78,5.2,4.235,球L,259,0.347,0.023,0.429,0.571,0.571,0.935,object#35,,0,0,1,球L,1,3,"[{""name"": ""球L"", ""share"": 0.347, ""q"": 0.023, ""capture"": 0.429, ""miss_deg"": 1.95, ""labels"": [259]}, {""name"": ""苹果红"", ""share"": 0.198, ""q"": 0.013, ""capture"": 0.245, ""miss_deg"": 2.52, ""labels"": [260]}, {""name"": ""球M"", ""share"": 0.176, ""q"": 0.011, ""capture"": 0.218, ""miss_deg"": 2.62, ""labels"": [261]}]"
2026_08_25/c1_2,c4,v9,,tag15,22.95,23.22,0.27,4.247,球M,261,0.48,0.006,0.107,0.57,0.569,0.988,object#24,,0,0,,,,3,"[{""name"": ""球M"", ""share"": 0.48, ""q"": 0.006, ""capture"": 0.107, ""miss_deg"": 3.17, ""labels"": [261]}, {""name"": ""球L"", ""share"": 0.273, ""q"": 0.003, ""capture"": 0.061, ""miss_deg"": 3.55, ""labels"": [259]}, {""name"": ""球R"", ""share"": 0.137, ""q"": 0.002, ""capture"": 0.031, ""miss_deg"": 3.96, ""labels"": [263]}]"
2026_08_25/c1_2,c4,v9,,tag15,23.27,29.61,6.34,4.258,球M,261,0.23,0.028,0.531,0.994,0.996,0.879,物品台,,0,0,2,球R,0,3,"[{""name"": ""球M"", ""share"": 0.23, ""q"": 0.028, ""capture"": 0.531, ""miss_deg"": 1.69, ""labels"": [261]}, {""name"": ""球R"", ""share"": 0.229, ""q"": 0.028, ""capture"": 0.528, ""miss_deg"": 1.7, ""labels"": [263]}, {""name"": ""球L"", ""share"": 0.222, ""q"": 0.027, ""capture"": 0.512, ""miss_deg"": 1.73, ""labels"": [259]}]"
2026_08_25/c1_2,c4,v9,,tag15,30.04,36.43,6.39,4.278,球R,263,0.218,0.042,0.8,0.951,0.95,0.807,物品台,,0,0,3,球R,1,3,"[{""name"": ""球R"", ""share"": 0.218, ""q"": 0.042, ""capture"": 0.8, ""miss_deg"": 1.0, ""labels"": [263]}, {""name"": ""球M"", ""share"": 0.207, ""q"": 0.04, ""capture"": 0.761, ""miss_deg"": 1.11, ""labels"": [261]}, {""name"": ""球L"", ""share"": 0.178, ""q"": 0.034, ""capture"": 0.652, ""miss_deg"": 1.39, ""labels"": [259]}]"
2026_08_25/c1_2,c4,v9,,tag15,36.72,43.32,6.61,4.242,球L,259,0.232,0.055,1.042,0.731,0.728,0.763,物品台,,0,0,4,球M,0,3,"[{""name"": ""球L"", ""share"": 0.232, ""q"": 0.055, ""capture"": 1.042, ""miss_deg"": 0.0, ""labels"": [259]}, {""name"": ""球M"", ""share"": 0.169, ""q"": 0.04, ""capture"": 0.762, ""miss_deg"": 1.11, ""labels"": [261]}, {""name"": ""苹果红"", ""share"": 0.147, ""q"": 0.035, ""capture"": 0.661, ""miss_deg"": 1.36, ""labels"": [260]}]"
2026_08_25/c1_2,c4,v9,,tag15,43.87,49.99,6.12,4.241,球L,259,0.207,0.072,1.363,0.848,0.85,0.654,物品台,,0,0,5,球M,0,3,"[{""name"": ""球L"", ""share"": 0.207, ""q"": 0.072, ""capture"": 1.363, ""miss_deg"": 0.0, ""labels"": [259]}, {""name"": ""苹果红"", ""share"": 0.176, ""q"": 0.061, ""capture"": 1.156, ""miss_deg"": 0.0, ""labels"": [260]}, {""name"": ""球M"", ""share"": 0.13, ""q"": 0.045, ""capture"": 0.854, ""miss_deg"": 0.84, ""labels"": [261]}]"
2026_08_25/c1_2,c4,v9,,tag15,50.25,56.64,6.39,4.244,苹果红,260,0.225,0.061,1.152,0.796,1.373,0.73,object#35,,0,0,6,球L,0,3,"[{""name"": ""苹果红"", ""share"": 0.225, ""q"": 0.061, ""capture"": 1.152, ""miss_deg"": 0.0, ""labels"": [260]}, {""name"": ""苹果粉"", ""share"": 0.309, ""q"": 0.083, ""capture"": 0.917, ""miss_deg"": 0.62, ""labels"": [64, 250]}, {""name"": ""球L"", ""share"": 0.177, ""q"": 0.048, ""capture"": 0.908, ""miss_deg"": 0.66, ""labels"": [259]}]"
2026_08_25/c1_2,c4,v9,,tag15,56.88,62.78,5.9,4.253,球L,259,0.205,0.06,1.131,0.876,0.873,0.709,物品台,,0,0,7,球R,0,3,"[{""name"": ""球L"", ""share"": 0.205, ""q"": 0.06, ""capture"": 1.131, ""miss_deg"": 0.0, ""labels"": [259]}, {""name"": ""球M"", ""share"": 0.179, ""q"": 0.052, ""capture"": 0.991, ""miss_deg"": 0.2, ""labels"": [261]}, {""name"": ""球R"", ""share"": 0.132, ""q"": 0.039, ""capture"": 0.732, ""miss_deg"": 1.18, ""labels"": [263]}]"
2026_08_25/c1_2,c4,v9,,tag15,63.64,64.4,0.76,3.294,,-1,0.0,0.0,,,,1.0,object#26,,0,0,,,,0,[]
2026_08_25/c1_2,c4,v9,,tag15,64.45,64.83,0.38,3.248,,-1,0.0,0.0,,,,1.0,object#26,,0,0,,,,0,[]
2026_08_25/c1_2,c4,v9,,tag15,65.59,66.13,0.54,3.324,,-1,0.0,0.0,,,,1.0,object#26,,0,0,,,,0,[]
2026_08_25/c1_2,c4,v9,,tag15,66.19,67.54,1.35,3.302,,-1,0.0,0.0,,,,1.0,object#26,,0,0,,,,0,[]
2026_08_25/c1_2,c4,v9,,tag15,68.08,69.33,1.25,3.32,,-1,0.0,0.0,,,,1.0,object#26,,0,0,,,,0,[]
2026_08_25/c1_2,c4,v9,,tag15,69.94,71.19,1.25,4.265,球L,259,0.21,0.057,1.092,0.881,0.881,0.726,物品台,,0,0,,,,3,"[{""name"": ""球L"", ""share"": 0.21, ""q"": 0.057, ""capture"": 1.092, ""miss_deg"": 0.0, ""labels"": [259]}, {""name"": ""球M"", ""share"": 0.185, ""q"": 0.051, ""capture"": 0.962, ""miss_deg"": 0.41, ""labels"": [261]}, {""name"": ""球R"", ""share"": 0.123, ""q"": 0.034, ""capture"": 0.64, ""miss_deg"": 1.42, ""labels"": [263]}]"
2026_08_25/c1_2,c4,v9,,tag15,71.48,71.86,0.38,4.261,球M,261,0.254,0.029,0.56,0.948,0.949,0.884,object#24,,0,0,,,,3,"[{""name"": ""球M"", ""share"": 0.254, ""q"": 0.029, ""capture"": 0.56, ""miss_deg"": 1.62, ""labels"": [261]}, {""name"": ""球L"", ""share"": 0.241, ""q"": 0.028, ""capture"": 0.531, ""miss_deg"": 1.69, ""labels"": [259]}, {""name"": ""球R"", ""share"": 0.15, ""q"": 0.017, ""capture"": 0.329, ""miss_deg"": 2.24, ""labels"": [263]}]"
2026_08_25/c1_2,c4,v9,,tag15,71.91,78.79,6.88,4.263,球L,259,0.253,0.053,1.011,0.759,0.759,0.79,物品台,,0,0,8,球L,1,3,"[{""name"": ""球L"", ""share"": 0.253, ""q"": 0.053, ""capture"": 1.011, ""miss_deg"": 0.0, ""labels"": [259]}, {""name"": ""球M"", ""share"": 0.192, ""q"": 0.04, ""capture"": 0.767, ""miss_deg"": 1.09, ""labels"": [261]}, {""name"": ""苹果红"", ""share"": 0.144, ""q"": 0.03, ""capture"": 0.576, ""miss_deg"": 1.58, ""labels"": [260]}]"
2026_08_25/c1_2,c4,v9,,tag15,79.06,85.5,6.45,4.275,球L,259,0.233,0.057,1.087,0.876,0.876,0.754,物品台,,0,0,9,球L,1,3,"[{""name"": ""球L"", ""share"": 0.233, ""q"": 0.057, ""capture"": 1.087, ""miss_deg"": 0.0, ""labels"": [259]}, {""name"": ""球M"", ""share"": 0.204, ""q"": 0.05, ""capture"": 0.952, ""miss_deg"": 0.47, ""labels"": [261]}, {""name"": ""球R"", ""share"": 0.121, ""q"": 0.03, ""capture"": 0.563, ""miss_deg"": 1.61, ""labels"": [263]}]"
2026_08_25/c1_2,c4,v9,,tag15,85.89,89.25,3.36,4.272,球M,261,0.213,0.052,0.981,0.924,0.925,0.758,物品台,,0,0,,,,3,"[{""name"": ""球M"", ""share"": 0.213, ""q"": 0.052, ""capture"": 0.981, ""miss_deg"": 0.29, ""labels"": [261]}, {""name"": ""球L"", ""share"": 0.197, ""q"": 0.048, ""capture"": 0.906, ""miss_deg"": 0.67, ""labels"": [259]}, {""name"": ""球R"", ""share"": 0.163, ""q"": 0.039, ""capture"": 0.748, ""miss_deg"": 1.14, ""labels"": [263]}]"
2026_08_25/c1_2,c4,v9,,tag15,89.3,92.66,3.36,4.282,球M,261,0.241,0.043,0.81,0.854,0.851,0.823,物品台,,0,0,10,球M,1,3,"[{""name"": ""球M"", ""share"": 0.241, ""q"": 0.043, ""capture"": 0.81, ""miss_deg"": 0.97, ""labels"": [261]}, {""name"": ""球R"", ""share"": 0.205, ""q"": 0.036, ""capture"": 0.692, ""miss_deg"": 1.29, ""labels"": [263]}, {""name"": ""球L"", ""share"": 0.18, ""q"": 0.032, ""capture"": 0.605, ""miss_deg"": 1.5, ""labels"": [259]}]"
2026_08_25/c1_2,c4,v9,,tag15,92.71,94.18,1.46,4.254,球L,259,0.211,0.056,1.066,0.874,0.872,0.734,物品台,,0,0,,,,3,"[{""name"": ""球L"", ""share"": 0.211, ""q"": 0.056, ""capture"": 1.066, ""miss_deg"": 0.0, ""labels"": [259]}, {""name"": ""球M"", ""share"": 0.184, ""q"": 0.049, ""capture"": 0.932, ""miss_deg"": 0.56, ""labels"": [261]}, {""name"": ""球R"", ""share"": 0.125, ""q"": 0.033, ""capture"": 0.632, ""miss_deg"": 1.44, ""labels"": [263]}]"
2026_08_25/c1_2,c4,v9,,tag15,94.4,99.87,5.47,4.219,球L,259,0.187,0.076,1.44,0.892,0.893,0.595,物品台,,0,0,11,球L,1,3,"[{""name"": ""球L"", ""share"": 0.187, ""q"": 0.076, ""capture"": 1.44, ""miss_deg"": 0.0, ""labels"": [259]}, {""name"": ""苹果红"", ""share"": 0.167, ""q"": 0.068, ""capture"": 1.285, ""miss_deg"": 0.0, ""labels"": [260]}, {""name"": ""球M"", ""share"": 0.128, ""q"": 0.052, ""capture"": 0.986, ""miss_deg"": 0.25, ""labels"": [261]}]"
2026_08_25/c1_2,c4,v9,,tag15,100.18,106.41,6.23,4.239,球L,259,0.182,0.07,1.334,0.795,0.797,0.614,物品台,,0,0,12,球M,0,3,"[{""name"": ""球L"", ""share"": 0.182, ""q"": 0.07, ""capture"": 1.334, ""miss_deg"": 0.0, ""labels"": [259]}, {""name"": ""球M"", ""share"": 0.145, ""q"": 0.056, ""capture"": 1.06, ""miss_deg"": 0.0, ""labels"": [261]}, {""name"": ""苹果红"", ""share"": 0.119, ""q"": 0.046, ""capture"": 0.87, ""miss_deg"": 0.79, ""labels"": [260]}]"
2026_08_25/c1_2,c4,v9,,tag15,106.59,113.04,6.45,4.26,球R,263,0.224,0.052,0.981,0.958,0.955,0.769,物品台,,0,0,13,球R,1,3,"[{""name"": ""球R"", ""share"": 0.224, ""q"": 0.052, ""capture"": 0.981, ""miss_deg"": 0.3, ""labels"": [263]}, {""name"": ""球M"", ""share"": 0.214, ""q"": 0.049, ""capture"": 0.94, ""miss_deg"": 0.53, ""labels"": [261]}, {""name"": ""球L"", ""share"": 0.13, ""q"": 0.03, ""capture"": 0.569, ""miss_deg"": 1.59, ""labels"": [259]}]"
2026_08_25/c1_2,c4,v9,,tag15,113.25,115.26,2.0,4.227,球M,261,0.172,0.064,1.219,0.904,0.901,0.626,物品台,,0,0,,,,3,"[{""name"": ""球M"", ""share"": 0.172, ""q"": 0.064, ""capture"": 1.219, ""miss_deg"": 0.0, ""labels"": [261]}, {""name"": ""球L"", ""share"": 0.155, ""q"": 0.058, ""capture"": 1.102, ""miss_deg"": 0.0, ""labels"": [259]}, {""name"": ""球R"", ""share"": 0.113, ""q"": 0.042, ""capture"": 0.801, ""miss_deg"": 1.0, ""labels"": [263]}]"
2026_08_25/c1_2,c4,v9,,tag15,115.56,116.7,1.14,4.254,球M,261,0.204,0.066,1.253,0.834,0.833,0.677,物品台,,0,0,14,球M,1,3,"[{""name"": ""球M"", ""share"": 0.204, ""q"": 0.066, ""capture"": 1.253, ""miss_deg"": 0.0, ""labels"": [261]}, {""name"": ""球L"", ""share"": 0.17, ""q"": 0.055, ""capture"": 1.045, ""miss_deg"": 0.0, ""labels"": [259]}, {""name"": ""球R"", ""share"": 0.14, ""q"": 0.045, ""capture"": 0.857, ""miss_deg"": 0.83, ""labels"": [263]}]"
2026_08_25/c1_2,c4,v9,,tag15,116.87,120.66,3.79,4.255,球M,261,0.179,0.063,1.195,0.944,0.944,0.648,物品台,,0,0,14,球M,1,3,"[{""name"": ""球M"", ""share"": 0.179, ""q"": 0.063, ""capture"": 1.195, ""miss_deg"": 0.0, ""labels"": [261]}, {""name"": ""球L"", ""share"": 0.169, ""q"": 0.059, ""capture"": 1.128, ""miss_deg"": 0.0, ""labels"": [259]}, {""name"": ""球R"", ""share"": 0.132, ""q"": 0.047, ""capture"": 0.884, ""miss_deg"": 0.75, ""labels"": [263]}]"
2026_08_25/c1_2,c4,v9,,tag15,121.06,125.72,4.66,4.247,球R,263,0.193,0.061,1.157,0.911,0.912,0.685,物品台,,0,0,15,球R,1,3,"[{""name"": ""球R"", ""share"": 0.193, ""q"": 0.061, ""capture"": 1.157, ""miss_deg"": 0.0, ""labels"": [263]}, {""name"": ""球M"", ""share"": 0.176, ""q"": 0.056, ""capture"": 1.054, ""miss_deg"": 0.0, ""labels"": [261]}, {""name"": ""球L"", ""share"": 0.128, ""q"": 0.04, ""capture"": 0.767, ""miss_deg"": 1.09, ""labels"": [259]}]"
2026_08_25/c1_2,c4,v9,,tag15,125.78,126.21,0.43,4.264,球R,263,0.333,0.057,1.083,0.596,0.598,0.829,物品台,,0,0,15,球R,1,3,"[{""name"": ""球R"", ""share"": 0.333, ""q"": 0.057, ""capture"": 1.083, ""miss_deg"": 0.0, ""labels"": [263]}, {""name"": ""球M"", ""share"": 0.199, ""q"": 0.034, ""capture"": 0.646, ""miss_deg"": 1.4, ""labels"": [261]}, {""name"": ""球L"", ""share"": 0.111, ""q"": 0.019, ""capture"": 0.361, ""miss_deg"": 2.14, ""labels"": [259]}]"
2026_08_25/c1_2,c4,v9,,tag15,127.91,128.18,0.27,2.189,,-1,0.0,0.0,,,,1.0,object#34,,0,0,,,,0,[]
2026_08_25/c1_2,c4,v9,,tag15,128.24,128.83,0.6,2.016,,-1,0.0,0.0,,,,1.0,object#14,,0,0,,,,0,[]
2026_08_25/c1_2,c4,v9,,tag15,129.1,129.75,0.65,1.649,,-1,0.0,0.0,,,,1.0,object#14,,0,0,,,,0,[]
2026_08_25/c1_2,c4,v9,,tag15,130.35,130.73,0.38,1.394,,-1,0.0,0.0,,,,1.0,object#26,,0,0,,,,0,[]
2026_08_25/c1_2,c4,v9,,tag15,131.75,132.45,0.7,0.772,,-1,0.0,0.0,,,,1.0,object#14,,0,0,,,,0,[]
2026_08_25/c1_3,c4,v9,,tag15,6.09,7.06,0.97,3.693,球L,259,0.236,0.065,1.237,0.908,0.907,0.724,物品台,,0,0,,,,3,"[{""name"": ""球L"", ""share"": 0.236, ""q"": 0.065, ""capture"": 1.237, ""miss_deg"": 0.0, ""labels"": [259]}, {""name"": ""球M"", ""share"": 0.214, ""q"": 0.059, ""capture"": 1.123, ""miss_deg"": 0.0, ""labels"": [261]}, {""name"": ""球R"", ""share"": 0.15, ""q"": 0.041, ""capture"": 0.788, ""miss_deg"": 1.04, ""labels"": [263]}]"
2026_08_25/c1_3,c4,v9,,tag15,7.65,7.92,0.27,2.899,,-1,0.0,0.0,,,,1.0,object#26,,0,0,,,,0,[]
2026_08_25/c1_3,c4,v9,,tag15,8.41,9.6,1.19,2.861,,-1,0.0,0.0,,,,1.0,object#26,,0,0,,,,0,[]
2026_08_25/c1_3,c4,v9,,tag15,10.39,11.26,0.87,6.742,,-1,0.0,0.0,,,,1.0,object#138,,0,0,,,,0,[]
2026_08_25/c1_3,c4,v9,,tag15,11.42,11.92,0.5,5.247,,-1,0.0,0.0,,,,1.0,object#15,,0,0,,,,0,[]
2026_08_25/c1_3,c4,v9,,tag15,12.28,12.68,0.4,2.916,,-1,0.0,0.0,,,,1.0,object#26,,0,0,,,,0,[]
2026_08_25/c1_3,c4,v9,,tag15,12.98,14.23,1.25,2.83,,-1,0.0,0.0,,,,1.0,object#26,,0,0,,,,0,[]
2026_08_25/c1_3,c4,v9,,tag15,14.54,14.79,0.25,3.747,球L,259,0.189,0.08,1.51,0.93,0.931,0.579,物品台,,0,0,1,球L,1,3,"[{""name"": ""球L"", ""share"": 0.189, ""q"": 0.08, ""capture"": 1.51, ""miss_deg"": 0.0, ""labels"": [259]}, {""name"": ""球M"", ""share"": 0.176, ""q"": 0.074, ""capture"": 1.405, ""miss_deg"": 0.0, ""labels"": [261]}, {""name"": ""球R"", ""share"": 0.121, ""q"": 0.051, ""capture"": 0.968, ""miss_deg"": 0.38, ""labels"": [263]}]"
2026_08_25/c1_3,c4,v9,,tag15,14.84,15.84,1.0,3.723,苹果粉,64,0.548,0.192,1.752,0.447,0.372,0.65,object#35,,1,1,1,球L,0,3,"[{""name"": ""苹果粉"", ""share"": 0.548, ""q"": 0.192, ""capture"": 1.752, ""miss_deg"": 0.0, ""labels"": [64, 250]}, {""name"": ""苹果红"", ""share"": 0.204, ""q"": 0.071, ""capture"": 0.784, ""miss_deg"": 1.05, ""labels"": [260]}, {""name"": ""球L"", ""share"": 0.093, ""q"": 0.033, ""capture"": 0.621, ""miss_deg"": 1.46, ""labels"": [259]}]"
2026_08_25/c1_3,c4,v9,,tag15,16.25,20.9,4.65,3.722,苹果粉,64,0.585,0.171,1.561,0.388,0.321,0.707,object#35,,1,1,1,球L,0,3,"[{""name"": ""苹果粉"", ""share"": 0.585, ""q"": 0.171, ""capture"": 1.561, ""miss_deg"": 0.0, ""labels"": [64, 250]}, {""name"": ""苹果红"", ""share"": 0.188, ""q"": 0.055, ""capture"": 0.605, ""miss_deg"": 1.5, ""labels"": [260]}, {""name"": ""球L"", ""share"": 0.094, ""q"": 0.028, ""capture"": 0.524, ""miss_deg"": 1.7, ""labels"": [259]}]"
2026_08_25/c1_3,c4,v9,,tag15,20.95,23.8,2.85,3.717,苹果粉,64,0.546,0.143,1.307,0.485,0.403,0.737,object#35,,1,1,1,球L,0,3,"[{""name"": ""苹果粉"", ""share"": 0.546, ""q"": 0.143, ""capture"": 1.307, ""miss_deg"": 0.0, ""labels"": [64, 250]}, {""name"": ""苹果红"", ""share"": 0.22, ""q"": 0.058, ""capture"": 0.634, ""miss_deg"": 1.43, ""labels"": [260]}, {""name"": ""球L"", ""share"": 0.091, ""q"": 0.024, ""capture"": 0.452, ""miss_deg"": 1.89, ""labels"": [259]}]"
2026_08_25/c1_3,c4,v9,,tag15,24.11,25.06,0.95,3.712,球L,259,0.202,0.081,1.537,0.654,1.129,0.599,物品台,,0,0,4,球M,0,3,"[{""name"": ""球L"", ""share"": 0.202, ""q"": 0.081, ""capture"": 1.537, ""miss_deg"": 0.0, ""labels"": [259]}, {""name"": ""苹果红"", ""share"": 0.228, ""q"": 0.091, ""capture"": 1.005, ""miss_deg"": 0.0, ""labels"": [260]}, {""name"": ""苹果粉"", ""share"": 0.173, ""q"": 0.069, ""capture"": 0.632, ""miss_deg"": 1.44, ""labels"": [64]}]"
2026_08_25/c1_3,c4,v9,,tag15,25.11,28.56,3.45,3.716,球L,259,0.198,0.095,1.799,0.533,0.919,0.522,物品台,,0,0,4,球M,0,3,"[{""name"": ""球L"", ""share"": 0.198, ""q"": 0.095, ""capture"": 1.799, ""miss_deg"": 0.0, ""labels"": [259]}, {""name"": ""苹果红"", ""share"": 0.182, ""q"": 0.087, ""capture"": 0.958, ""miss_deg"": 0.44, ""labels"": [260]}, {""name"": ""球M"", ""share"": 0.1, ""q"": 0.048, ""capture"": 0.911, ""miss_deg"": 0.65, ""labels"": [261]}]"
2026_08_25/c1_3,c4,v9,,tag15,28.61,31.01,2.4,3.72,球L,259,0.193,0.088,1.664,0.646,1.119,0.546,物品台,,0,0,4,球M,0,3,"[{""name"": ""球L"", ""share"": 0.193, ""q"": 0.088, ""capture"": 1.664, ""miss_deg"": 0.0, ""labels"": [259]}, {""name"": ""苹果红"", ""share"": 0.216, ""q"": 0.098, ""capture"": 1.075, ""miss_deg"": 0.0, ""labels"": [260]}, {""name"": ""球M"", ""share"": 0.085, ""q"": 0.039, ""capture"": 0.733, ""miss_deg"": 1.18, ""labels"": [261]}]"
2026_08_25/c1_3,c4,v9,,tag15,31.27,32.77,1.5,3.698,球L,259,0.17,0.09,1.713,0.691,1.2,0.471,物品台,,0,0,4,球M,0,3,"[{""name"": ""球L"", ""share"": 0.17, ""q"": 0.09, ""capture"": 1.713, ""miss_deg"": 0.0, ""labels"": [259]}, {""name"": ""苹果红"", ""share"": 0.204, ""q"": 0.108, ""capture"": 1.184, ""miss_deg"": 0.0, ""labels"": [260]}, {""name"": ""球M"", ""share"": 0.098, ""q"": 0.052, ""capture"": 0.984, ""miss_deg"": 0.27, ""labels"": [261]}]"
2026_08_25/c1_3,c4,v9,,tag15,32.95,33.2,0.25,3.703,球L,259,0.171,0.076,1.452,0.828,1.427,0.552,物品台,,0,0,4,球M,0,3,"[{""name"": ""球L"", ""share"": 0.171, ""q"": 0.076, ""capture"": 1.452, ""miss_deg"": 0.0, ""labels"": [259]}, {""name"": ""苹果红"", ""share"": 0.244, ""q"": 0.109, ""capture"": 1.202, ""miss_deg"": 0.0, ""labels"": [260]}, {""name"": ""苹果粉"", ""share"": 0.195, ""q"": 0.087, ""capture"": 0.798, ""miss_deg"": 1.01, ""labels"": [64]}]"
2026_08_25/c1_3,c4,v9,,tag15,33.25,37.45,4.2,3.693,球L,259,0.143,0.075,1.432,0.976,1.685,0.472,物品台,,0,0,4,球M,0,3,"[{""name"": ""球L"", ""share"": 0.143, ""q"": 0.075, ""capture"": 1.432, ""miss_deg"": 0.0, ""labels"": [259]}, {""name"": ""苹果红"", ""share"": 0.241, ""q"": 0.127, ""capture"": 1.398, ""miss_deg"": 0.0, ""labels"": [260]}, {""name"": ""苹果粉"", ""share"": 0.203, ""q"": 0.107, ""capture"": 0.976, ""miss_deg"": 0.33, ""labels"": [64]}]"
2026_08_25/c1_3,c4,v9,,tag15,37.62,42.52,4.9,3.707,苹果粉,64,0.344,0.168,1.531,0.844,0.701,0.511,物品台,,0,0,6,球L,0,3,"[{""name"": ""苹果粉"", ""share"": 0.344, ""q"": 0.168, ""capture"": 1.531, ""miss_deg"": 0.0, ""labels"": [64]}, {""name"": ""苹果红"", ""share"": 0.241, ""q"": 0.118, ""capture"": 1.292, ""miss_deg"": 0.0, ""labels"": [260]}, {""name"": ""球L"", ""share"": 0.111, ""q"": 0.054, ""capture"": 1.029, ""miss_deg"": 0.0, ""labels"": [259]}]"
2026_08_25/c1_3,c4,v9,,tag15,42.57,48.83,6.25,3.698,球L,259,0.207,0.083,1.581,0.609,1.053,0.598,物品台,,0,0,10,球M,0,3,"[{""name"": ""球L"", ""share"": 0.207, ""q"": 0.083, ""capture"": 1.581, ""miss_deg"": 0.0, ""labels"": [259]}, {""name"": ""苹果红"", ""share"": 0.218, ""q"": 0.088, ""capture"": 0.963, ""miss_deg"": 0.41, ""labels"": [260]}, {""name"": ""苹果粉"", ""share"": 0.169, ""q"": 0.068, ""capture"": 0.62, ""miss_deg"": 1.47, ""labels"": [64]}]"
2026_08_25/c1_3,c4,v9,,tag15,48.88,51.03,2.15,3.67,球L,259,0.166,0.09,1.702,0.665,1.151,0.461,物品台,,0,0,,,,3,"[{""name"": ""球L"", ""share"": 0.166, ""q"": 0.09, ""capture"": 1.702, ""miss_deg"": 0.0, ""labels"": [259]}, {""name"": ""苹果红"", ""share"": 0.191, ""q"": 0.103, ""capture"": 1.131, ""miss_deg"": 0.0, ""labels"": [260]}, {""name"": ""球M"", ""share"": 0.096, ""q"": 0.052, ""capture"": 0.982, ""miss_deg"": 0.29, ""labels"": [261]}]"
2026_08_25/c1_3,c4,v9,,tag15,51.28,57.63,6.35,3.69,苹果粉,64,0.476,0.202,1.839,0.58,0.481,0.576,object#35,,1,0,11,球L,0,3,"[{""name"": ""苹果粉"", ""share"": 0.476, ""q"": 0.202, ""capture"": 1.839, ""miss_deg"": 0.0, ""labels"": [64, 250]}, {""name"": ""苹果红"", ""share"": 0.229, ""q"": 0.097, ""capture"": 1.066, ""miss_deg"": 0.0, ""labels"": [260]}, {""name"": ""球L"", ""share"": 0.082, ""q"": 0.035, ""capture"": 0.661, ""miss_deg"": 1.36, ""labels"": [259]}]"
2026_08_25/c1_3,c4,v9,,tag15,57.87,63.57,5.7,3.682,球L,259,0.147,0.08,1.526,0.701,0.701,0.454,物品台,,0,0,13,球R,0,3,"[{""name"": ""球L"", ""share"": 0.147, ""q"": 0.08, ""capture"": 1.526, ""miss_deg"": 0.0, ""labels"": [259]}, {""name"": ""球M"", ""share"": 0.103, ""q"": 0.056, ""capture"": 1.07, ""miss_deg"": 0.0, ""labels"": [261]}, {""name"": ""苹果红"", ""share"": 0.164, ""q"": 0.089, ""capture"": 0.983, ""miss_deg"": 0.28, ""labels"": [260]}]"
2026_08_25/c1_3,c4,v9,,tag15,64.57,65.07,0.5,2.848,,-1,0.0,0.0,,,,1.0,object#26,,0,0,,,,0,[]
2026_08_25/c1_3,c4,v9,,tag15,65.12,65.37,0.25,2.399,,-1,0.0,0.0,,,,1.0,object#26,,0,0,,,,0,[]
2026_08_25/c1_3,c4,v9,,tag15,65.67,66.02,0.35,2.326,,-1,0.0,0.0,,,,1.0,object#26,,0,0,,,,0,[]
2026_08_25/c1_3,c4,v9,,tag15,66.07,67.02,0.95,2.793,,-1,0.0,0.0,,,,1.0,object#26,,0,0,,,,0,[]
2026_08_25/c1_3,c4,v9,,tag15,67.6,68.85,1.25,2.793,,-1,0.0,0.0,,,,1.0,object#26,,0,0,,,,0,[]
2026_08_25/c1_3,c4,v9,,tag15,69.15,69.55,0.4,2.817,,-1,0.0,0.0,,,,1.0,object#26,,0,0,,,,0,[]
2026_08_25/c1_3,c4,v9,,tag15,69.6,70.25,0.65,2.863,,-1,0.0,0.0,,,,1.0,object#26,,0,0,,,,0,[]
2026_08_25/c1_3,c4,v9,,tag15,71.03,71.28,0.25,3.722,球L,259,0.219,0.081,1.537,0.757,0.758,0.631,物品台,,0,0,,,,3,"[{""name"": ""球L"", ""share"": 0.219, ""q"": 0.081, ""capture"": 1.537, ""miss_deg"": 0.0, ""labels"": [259]}, {""name"": ""球M"", ""share"": 0.166, ""q"": 0.061, ""capture"": 1.163, ""miss_deg"": 0.0, ""labels"": [261]}, {""name"": ""球R"", ""share"": 0.098, ""q"": 0.036, ""capture"": 0.686, ""miss_deg"": 1.3, ""labels"": [263]}]"
2026_08_25/c1_3,c4,v9,,tag15,71.33,72.08,0.75,3.709,球L,259,0.283,0.076,1.444,0.577,0.576,0.731,物品台,,0,0,,,,3,"[{""name"": ""球L"", ""share"": 0.283, ""q"": 0.076, ""capture"": 1.444, ""miss_deg"": 0.0, ""labels"": [259]}, {""name"": ""球M"", ""share"": 0.163, ""q"": 0.044, ""capture"": 0.833, ""miss_deg"": 0.91, ""labels"": [261]}, {""name"": ""苹果红"", ""share"": 0.162, ""q"": 0.043, ""capture"": 0.477, ""miss_deg"": 1.82, ""labels"": [260]}]"
2026_08_25/c1_3,c4,v9,,tag15,72.38,72.88,0.5,3.723,球L,259,0.321,0.05,0.955,0.667,0.667,0.844,物品台,,0,0,,,,3,"[{""name"": ""球L"", ""share"": 0.321, ""q"": 0.05, ""capture"": 0.955, ""miss_deg"": 0.45, ""labels"": [259]}, {""name"": ""球M"", ""share"": 0.214, ""q"": 0.034, ""capture"": 0.637, ""miss_deg"": 1.42, ""labels"": [261]}, {""name"": ""苹果红"", ""share"": 0.164, ""q"": 0.026, ""capture"": 0.281, ""miss_deg"": 2.39, ""labels"": [260]}]"
2026_08_25/c1_3,c4,v9,,tag15,73.33,75.23,1.9,3.729,球L,259,0.289,0.046,0.879,0.455,0.789,0.84,object#35,,0,0,,,,3,"[{""name"": ""球L"", ""share"": 0.289, ""q"": 0.046, ""capture"": 0.879, ""miss_deg"": 0.76, ""labels"": [259]}, {""name"": ""苹果红"", ""share"": 0.228, ""q"": 0.036, ""capture"": 0.4, ""miss_deg"": 2.03, ""labels"": [260]}, {""name"": ""球M"", ""share"": 0.111, ""q"": 0.018, ""capture"": 0.336, ""miss_deg"": 2.21, ""labels"": [261]}]"
2026_08_25/c1_3,c4,v9,,tag15,75.33,79.53,4.2,3.737,球L,259,0.241,0.058,1.111,0.551,0.95,0.757,object#35,,0,0,,,,3,"[{""name"": ""球L"", ""share"": 0.241, ""q"": 0.058, ""capture"": 1.111, ""miss_deg"": 0.0, ""labels"": [259]}, {""name"": ""苹果红"", ""share"": 0.229, ""q"": 0.056, ""capture"": 0.612, ""miss_deg"": 1.49, ""labels"": [260]}, {""name"": ""球M"", ""share"": 0.102, ""q"": 0.025, ""capture"": 0.473, ""miss_deg"": 1.84, ""labels"": [261]}]"
2026_08_25/c1_3,c4,v9,,tag15,79.8,86.45,6.65,3.749,球L,259,0.222,0.066,1.248,0.637,1.104,0.704,object#35,,0,0,,,,3,"[{""name"": ""球L"", ""share"": 0.222, ""q"": 0.066, ""capture"": 1.248, ""miss_deg"": 0.0, ""labels"": [259]}, {""name"": ""苹果红"", ""share"": 0.245, ""q"": 0.072, ""capture"": 0.795, ""miss_deg"": 1.02, ""labels"": [260]}, {""name"": ""球M"", ""share"": 0.096, ""q"": 0.028, ""capture"": 0.54, ""miss_deg"": 1.67, ""labels"": [261]}]"
2026_08_25/c1_3,c4,v9,,tag15,86.68,93.48,6.8,3.735,球L,259,0.215,0.09,1.704,0.681,0.684,0.583,物品台,,0,0,,,,3,"[{""name"": ""球L"", ""share"": 0.215, ""q"": 0.09, ""capture"": 1.704, ""miss_deg"": 0.0, ""labels"": [259]}, {""name"": ""球M"", ""share"": 0.147, ""q"": 0.061, ""capture"": 1.16, ""miss_deg"": 0.0, ""labels"": [261]}, {""name"": ""苹果红"", ""share"": 0.166, ""q"": 0.069, ""capture"": 0.758, ""miss_deg"": 1.12, ""labels"": [260]}]"
2026_08_25/c1_3,c4,v9,,tag15,93.76,100.46,6.7,3.731,球L,259,0.208,0.084,1.589,0.644,1.111,0.597,物品台,,0,0,,,,3,"[{""name"": ""球L"", ""share"": 0.208, ""q"": 0.084, ""capture"": 1.589, ""miss_deg"": 0.0, ""labels"": [259]}, {""name"": ""苹果红"", ""share"": 0.231, ""q"": 0.093, ""capture"": 1.024, ""miss_deg"": 0.0, ""labels"": [260]}, {""name"": ""苹果粉"", ""share"": 0.193, ""q"": 0.078, ""capture"": 0.707, ""miss_deg"": 1.25, ""labels"": [64]}]"
2026_08_25/c1_3,c4,v9,,tag15,100.73,104.73,4.0,3.737,球L,259,0.226,0.094,1.78,0.597,0.597,0.586,物品台,,0,0,,,,3,"[{""name"": ""球L"", ""share"": 0.226, ""q"": 0.094, ""capture"": 1.78, ""miss_deg"": 0.0, ""labels"": [259]}, {""name"": ""球M"", ""share"": 0.135, ""q"": 0.056, ""capture"": 1.062, ""miss_deg"": 0.0, ""labels"": [261]}, {""name"": ""苹果红"", ""share"": 0.153, ""q"": 0.063, ""capture"": 0.694, ""miss_deg"": 1.28, ""labels"": [260]}]"
2026_08_25/c1_3,c4,v9,,tag15,104.93,107.53,2.6,3.736,球L,259,0.214,0.088,1.676,0.612,0.612,0.588,物品台,,0,0,,,,3,"[{""name"": ""球L"", ""share"": 0.214, ""q"": 0.088, ""capture"": 1.676, ""miss_deg"": 0.0, ""labels"": [259]}, {""name"": ""球M"", ""share"": 0.131, ""q"": 0.054, ""capture"": 1.026, ""miss_deg"": 0.0, ""labels"": [261]}, {""name"": ""苹果红"", ""share"": 0.159, ""q"": 0.065, ""capture"": 0.717, ""miss_deg"": 1.22, ""labels"": [260]}]"
2026_08_25/c1_3,c4,v9,,tag15,107.82,113.78,5.96,3.714,球L,259,0.151,0.076,1.449,0.965,0.967,0.496,物品台,,0,0,14,球M,0,3,"[{""name"": ""球L"", ""share"": 0.151, ""q"": 0.076, ""capture"": 1.449, ""miss_deg"": 0.0, ""labels"": [259]}, {""name"": ""球M"", ""share"": 0.146, ""q"": 0.074, ""capture"": 1.399, ""miss_deg"": 0.0, ""labels"": [261]}, {""name"": ""球R"", ""share"": 0.099, ""q"": 0.05, ""capture"": 0.949, ""miss_deg"": 0.49, ""labels"": [263]}]"
2026_08_25/c1_3,c4,v9,,tag15,114.1,114.85,0.75,3.699,球L,259,0.13,0.071,1.345,0.772,1.338,0.457,物品台,,0,0,,,,3,"[{""name"": ""球L"", ""share"": 0.13, ""q"": 0.071, ""capture"": 1.345, ""miss_deg"": 0.0, ""labels"": [259]}, {""name"": ""苹果红"", ""share"": 0.174, ""q"": 0.095, ""capture"": 1.038, ""miss_deg"": 0.0, ""labels"": [260]}, {""name"": ""球M"", ""share"": 0.075, ""q"": 0.041, ""capture"": 0.773, ""miss_deg"": 1.08, ""labels"": [261]}]"
2026_08_25/c1_3,c4,v9,,tag15,114.9,121.55,6.65,3.702,球L,259,0.214,0.086,1.634,0.832,0.832,0.598,物品台,,0,0,,,,3,"[{""name"": ""球L"", ""share"": 0.214, ""q"": 0.086, ""capture"": 1.634, ""miss_deg"": 0.0, ""labels"": [259]}, {""name"": ""球M"", ""share"": 0.178, ""q"": 0.072, ""capture"": 1.359, ""miss_deg"": 0.0, ""labels"": [261]}, {""name"": ""球R"", ""share"": 0.078, ""q"": 0.031, ""capture"": 0.595, ""miss_deg"": 1.53, ""labels"": [263]}]"
2026_08_25/c1_3,c4,v9,,tag15,121.6,125.25,3.65,3.716,球R,263,0.2,0.07,1.325,0.974,0.97,0.651,物品台,,0,0,15,球R,1,3,"[{""name"": ""球R"", ""share"": 0.2, ""q"": 0.07, ""capture"": 1.325, ""miss_deg"": 0.0, ""labels"": [263]}, {""name"": ""球M"", ""share"": 0.194, ""q"": 0.068, ""capture"": 1.29, ""miss_deg"": 0.0, ""labels"": [261]}, {""name"": ""球L"", ""share"": 0.125, ""q"": 0.044, ""capture"": 0.827, ""miss_deg"": 0.92, ""labels"": [259]}]"
2026_08_25/c1_3,c4,v9,,tag15,125.68,126.48,0.8,3.619,球M,261,0.258,0.057,1.085,0.807,0.81,0.779,物品台,,0,0,,,,3,"[{""name"": ""球M"", ""share"": 0.258, ""q"": 0.057, ""capture"": 1.085, ""miss_deg"": 0.0, ""labels"": [261]}, {""name"": ""球L"", ""share"": 0.209, ""q"": 0.046, ""capture"": 0.876, ""miss_deg"": 0.77, ""labels"": [259]}, {""name"": ""球R"", ""share"": 0.204, ""q"": 0.045, ""capture"": 0.858, ""miss_deg"": 0.83, ""labels"": [263]}]"
2026_08_25/c1_3,c4,v9,,tag15,127.12,127.42,0.3,2.377,,-1,0.0,0.0,,,,1.0,object#26,,0,0,,,,0,[]
2026_08_25/c1_3,c4,v9,,tag15,127.47,128.12,0.65,2.12,,-1,0.0,0.0,,,,1.0,object#26,,0,0,,,,0,[]
2026_08_25/c1_3,c4,v9,,tag15,128.17,128.72,0.55,1.724,,-1,0.0,0.0,,,,1.0,object#26,,0,0,,,,0,[]
2026_08_25/c1_3,c4,v9,,tag15,128.82,129.12,0.3,1.124,,-1,0.0,0.0,,,,1.0,object#34,,0,0,,,,0,[]
2026_08_25/c1_3,c4,v9,,tag15,129.92,130.32,0.4,0.694,,-1,0.0,0.0,,,,1.0,object#14,,0,0,,,,0,[]
2026_08_25/c1_3,c4,v9,,tag15,130.47,130.77,0.3,0.69,,-1,0.0,0.0,,,,1.0,object#14,,0,0,,,,0,[]
2026_08_25/u3,u3,v9,walking,tag15,0.02,0.27,0.25,0.871,,-1,0.0,0.0,,,,1.0,object#14,,0,0,,,,0,[]
2026_08_25/u3,u3,v9,walking,tag15,6.03,6.48,0.45,2.161,球M,261,0.444,0.036,0.218,0.817,0.818,0.92,物品台,,0,0,,,,3,"[{""name"": ""球M"", ""share"": 0.444, ""q"": 0.036, ""capture"": 0.218, ""miss_deg"": 2.62, ""labels"": [261]}, {""name"": ""球L"", ""share"": 0.363, ""q"": 0.029, ""capture"": 0.178, ""miss_deg"": 2.79, ""labels"": [259]}, {""name"": ""水瓶"", ""share"": 0.176, ""q"": 0.014, ""capture"": 0.019, ""miss_deg"": 4.22, ""labels"": [30]}]"
2026_08_25/u3,u3,v9,walking,tag15,6.58,6.98,0.4,2.614,,-1,0.0,0.0,,,,1.0,floor,,0,0,,,,0,[]
2026_08_25/u3,u3,v9,walking,tag15,7.55,7.9,0.35,2.654,球L,259,0.367,0.171,1.562,0.436,0.651,0.534,物品台,,1,0,,,,3,"[{""name"": ""球L"", ""share"": 0.367, ""q"": 0.171, ""capture"": 1.562, ""miss_deg"": 0.0, ""labels"": [259]}, {""name"": ""苹果红"", ""share"": 0.239, ""q"": 0.112, ""capture"": 0.681, ""miss_deg"": 1.31, ""labels"": [260]}, {""name"": ""苹果粉"", ""share"": 0.15, ""q"": 0.07, ""capture"": 0.338, ""miss_deg"": 2.21, ""labels"": [64, 250]}]"
2026_08_25/u3,u3,v9,walking,tag15,8.72,10.97,2.25,4.1,,-1,0.0,0.0,,,,1.0,object#26,,0,0,,,,0,[]
2026_08_25/u3,u3,v9,walking,tag15,11.07,11.77,0.7,3.684,,-1,0.0,0.0,,,,1.0,object#26,,0,0,,,,0,[]
2026_08_25/u3,u3,v9,walking,tag15,11.82,13.47,1.65,4.129,,-1,0.0,0.0,,,,1.0,object#26,,0,0,,,,0,[]
2026_08_25/u3,u3,v9,walking,tag15,14.17,14.82,0.65,4.12,,-1,0.0,0.0,,,,1.0,object#26,,0,0,,,,0,[]
2026_08_25/u3,u3,v9,walking,tag15,16.35,16.6,0.25,2.767,球L,259,0.524,0.068,0.621,0.359,0.298,0.87,物品台,,1,1,,,,3,"[{""name"": ""球L"", ""share"": 0.524, ""q"": 0.068, ""capture"": 0.621, ""miss_deg"": 1.46, ""labels"": [259]}, {""name"": ""球M"", ""share"": 0.156, ""q"": 0.02, ""capture"": 0.223, ""miss_deg"": 2.6, ""labels"": [261]}, {""name"": ""苹果红"", ""share"": 0.12, ""q"": 0.016, ""capture"": 0.107, ""miss_deg"": 3.17, ""labels"": [260]}]"
2026_08_25/u3,u3,v9,walking,tag15,16.65,16.9,0.25,2.868,球L,259,0.406,0.132,1.449,0.34,0.51,0.675,物品台,,1,0,,,,3,"[{""name"": ""球L"", ""share"": 0.406, ""q"": 0.132, ""capture"": 1.449, ""miss_deg"": 0.0, ""labels"": [259]}, {""name"": ""苹果红"", ""share"": 0.207, ""q"": 0.067, ""capture"": 0.492, ""miss_deg"": 1.79, ""labels"": [260]}, {""name"": ""球M"", ""share"": 0.077, ""q"": 0.025, ""capture"": 0.275, ""miss_deg"": 2.41, ""labels"": [261]}]"
2026_08_25/u3,u3,v9,walking,tag15,16.95,17.3,0.35,2.894,球M,261,0.329,0.136,1.493,0.197,1.082,0.586,物品台,,0,0,,,,3,"[{""name"": ""球M"", ""share"": 0.329, ""q"": 0.136, ""capture"": 1.493, ""miss_deg"": 0.0, ""labels"": [261]}, {""name"": ""水瓶"", ""share"": 0.356, ""q"": 0.147, ""capture"": 0.294, ""miss_deg"": 2.35, ""labels"": [30]}, {""name"": ""白杯1"", ""share"": 0.102, ""q"": 0.042, ""capture"": 0.205, ""miss_deg"": 2.67, ""labels"": [266]}]"
2026_08_25/u3,u3,v9,walking,tag15,17.35,18.2,0.85,2.865,球L,259,0.402,0.136,1.49,0.331,0.498,0.663,物品台,,1,0,,,,3,"[{""name"": ""球L"", ""share"": 0.402, ""q"": 0.136, ""capture"": 1.49, ""miss_deg"": 0.0, ""labels"": [259]}, {""name"": ""苹果红"", ""share"": 0.2, ""q"": 0.068, ""capture"": 0.493, ""miss_deg"": 1.78, ""labels"": [260]}, {""name"": ""苹果粉"", ""share"": 0.229, ""q"": 0.077, ""capture"": 0.471, ""miss_deg"": 1.84, ""labels"": [64, 250]}]"
2026_08_25/u3,u3,v9,walking,tag15,18.25,19.95,1.7,2.866,球L,259,0.315,0.117,1.286,0.691,1.241,0.629,物品台,,0,0,1,球L,1,3,"[{""name"": ""球L"", ""share"": 0.315, ""q"": 0.117, ""capture"": 1.286, ""miss_deg"": 0.0, ""labels"": [259]}, {""name"": ""苹果粉"", ""share"": 0.391, ""q"": 0.145, ""capture"": 0.888, ""miss_deg"": 0.73, ""labels"": [64]}, {""name"": ""苹果红"", ""share"": 0.167, ""q"": 0.062, ""capture"": 0.454, ""miss_deg"": 1.89, ""labels"": [260]}]"
2026_08_25/u3,u3,v9,walking,tag15,20.6,24.25,3.65,2.932,球L,259,0.322,0.109,1.201,0.521,0.68,0.66,物品台,,0,0,1,球L,1,3,"[{""name"": ""球L"", ""share"": 0.322, ""q"": 0.109, ""capture"": 1.201, ""miss_deg"": 0.0, ""labels"": [259]}, {""name"": ""苹果红"", ""share"": 0.219, ""q"": 0.074, ""capture"": 0.626, ""miss_deg"": 1.45, ""labels"": [260]}, {""name"": ""苹果粉"", ""share"": 0.273, ""q"": 0.093, ""capture"": 0.567, ""miss_deg"": 1.6, ""labels"": [64, 250]}]"
2026_08_25/u3,u3,v9,walking,tag15,24.5,24.95,0.45,2.951,球L,259,0.295,0.102,1.126,0.637,0.637,0.653,物品台,,0,0,,,,3,"[{""name"": ""球L"", ""share"": 0.295, ""q"": 0.102, ""capture"": 1.126, ""miss_deg"": 0.0, ""labels"": [259]}, {""name"": ""球M"", ""share"": 0.188, ""q"": 0.065, ""capture"": 0.717, ""miss_deg"": 1.22, ""labels"": [261]}, {""name"": ""苹果红"", ""share"": 0.122, ""q"": 0.042, ""capture"": 0.355, ""miss_deg"": 2.16, ""labels"": [260]}]"
2026_08_25/u3,u3,v9,walking,tag15,25.18,27.38,2.2,2.82,球L,259,0.307,0.149,1.632,0.456,0.684,0.516,物品台,,0,0,2,球M,0,3,"[{""name"": ""球L"", ""share"": 0.307, ""q"": 0.149, ""capture"": 1.632, ""miss_deg"": 0.0, ""labels"": [259]}, {""name"": ""苹果红"", ""share"": 0.21, ""q"": 0.102, ""capture"": 0.744, ""miss_deg"": 1.15, ""labels"": [260]}, {""name"": ""球M"", ""share"": 0.071, ""q"": 0.034, ""capture"": 0.378, ""miss_deg"": 2.09, ""labels"": [261]}]"
2026_08_25/u3,u3,v9,walking,tag15,27.43,30.99,3.56,2.905,球M,261,0.22,0.103,1.128,0.8,0.8,0.535,物品台,,0,0,2,球M,1,3,"[{""name"": ""球M"", ""share"": 0.22, ""q"": 0.103, ""capture"": 1.128, ""miss_deg"": 0.0, ""labels"": [261]}, {""name"": ""球L"", ""share"": 0.176, ""q"": 0.082, ""capture"": 0.902, ""miss_deg"": 0.68, ""labels"": [259]}, {""name"": ""苹果红"", ""share"": 0.204, ""q"": 0.095, ""capture"": 0.799, ""miss_deg"": 1.0, ""labels"": [260]}]"
2026_08_25/u3,u3,v9,walking,tag15,31.26,34.01,2.75,2.604,球R,263,0.166,0.08,0.734,0.929,0.928,0.515,物品台,,0,0,3,球R,1,3,"[{""name"": ""球R"", ""share"": 0.166, ""q"": 0.08, ""capture"": 0.734, ""miss_deg"": 1.18, ""labels"": [263]}, {""name"": ""球M"", ""share"": 0.154, ""q"": 0.075, ""capture"": 0.682, ""miss_deg"": 1.31, ""labels"": [261]}, {""name"": ""白杯1"", ""share"": 0.285, ""q"": 0.138, ""capture"": 0.599, ""miss_deg"": 1.52, ""labels"": [266]}]"
2026_08_25/u3,u3,v9,walking,tag15,34.06,34.71,0.65,2.252,白杯1,266,0.403,0.176,0.585,0.93,0.506,0.564,物品台,,1,0,3,球R,0,3,"[{""name"": ""白杯1"", ""share"": 0.403, ""q"": 0.176, ""capture"": 0.585, ""miss_deg"": 1.55, ""labels"": [266]}, {""name"": ""球R"", ""share"": 0.204, ""q"": 0.089, ""capture"": 0.544, ""miss_deg"": 1.66, ""labels"": [263]}, {""name"": ""球M"", ""share"": 0.153, ""q"": 0.067, ""capture"": 0.458, ""miss_deg"": 1.87, ""labels"": [261]}]"
2026_08_25/u3,u3,v9,walking,tag15,35.71,36.11,0.4,2.327,球R,263,0.306,0.107,0.73,0.533,1.098,0.652,物品台,,0,0,3,球R,1,3,"[{""name"": ""球R"", ""share"": 0.306, ""q"": 0.107, ""capture"": 0.73, ""miss_deg"": 1.19, ""labels"": [263]}, {""name"": ""白杯1"", ""share"": 0.336, ""q"": 0.117, ""capture"": 0.389, ""miss_deg"": 2.06, ""labels"": [266]}, {""name"": ""球M"", ""share"": 0.125, ""q"": 0.044, ""capture"": 0.319, ""miss_deg"": 2.27, ""labels"": [261]}]"
2026_08_25/u3,u3,v9,walking,tag15,36.21,36.86,0.65,2.428,球R,263,0.288,0.101,0.735,0.589,0.51,0.651,物品台,,0,0,3,球R,1,3,"[{""name"": ""球R"", ""share"": 0.288, ""q"": 0.101, ""capture"": 0.735, ""miss_deg"": 1.18, ""labels"": [263]}, {""name"": ""球M"", ""share"": 0.147, ""q"": 0.051, ""capture"": 0.433, ""miss_deg"": 1.94, ""labels"": [261]}, {""name"": ""白杯1"", ""share"": 0.319, ""q"": 0.111, ""capture"": 0.412, ""miss_deg"": 2.0, ""labels"": [266]}]"
2026_08_25/u3,u3,v9,walking,tag15,36.91,37.81,0.9,2.442,球R,263,0.281,0.095,0.694,0.635,0.552,0.662,物品台,,0,0,,,,3,"[{""name"": ""球R"", ""share"": 0.281, ""q"": 0.095, ""capture"": 0.694, ""miss_deg"": 1.28, ""labels"": [263]}, {""name"": ""球M"", ""share"": 0.155, ""q"": 0.052, ""capture"": 0.441, ""miss_deg"": 1.92, ""labels"": [261]}, {""name"": ""白杯1"", ""share"": 0.318, ""q"": 0.107, ""capture"": 0.397, ""miss_deg"": 2.04, ""labels"": [266]}]"
2026_08_25/u3,u3,v9,walking,tag15,38.16,38.76,0.6,2.358,球M,261,0.474,0.096,0.702,0.315,0.335,0.797,物品台,,1,0,4,球M,1,3,"[{""name"": ""球M"", ""share"": 0.474, ""q"": 0.096, ""capture"": 0.702, ""miss_deg"": 1.26, ""labels"": [261]}, {""name"": ""球L"", ""share"": 0.159, ""q"": 0.032, ""capture"": 0.221, ""miss_deg"": 2.61, ""labels"": [259]}, {""name"": ""水瓶"", ""share"": 0.254, ""q"": 0.051, ""capture"": 0.077, ""miss_deg"": 3.4, ""labels"": [30]}]"
2026_08_25/u3,u3,v9,walking,tag15,38.81,39.21,0.4,2.536,球M,261,0.378,0.141,1.283,0.307,0.333,0.628,物品台,,1,0,4,球M,1,3,"[{""name"": ""球M"", ""share"": 0.378, ""q"": 0.141, ""capture"": 1.283, ""miss_deg"": 0.0, ""labels"": [261]}, {""name"": ""球L"", ""share"": 0.126, ""q"": 0.047, ""capture"": 0.394, ""miss_deg"": 2.05, ""labels"": [259]}, {""name"": ""苹果红"", ""share"": 0.09, ""q"": 0.033, ""capture"": 0.204, ""miss_deg"": 2.68, ""labels"": [260]}]"
2026_08_25/u3,u3,v9,walking,tag15,39.31,44.26,4.95,2.884,球M,261,0.259,0.103,1.128,0.73,0.73,0.604,物品台,,0,0,4,球M,1,3,"[{""name"": ""球M"", ""share"": 0.259, ""q"": 0.103, ""capture"": 1.128, ""miss_deg"": 0.0, ""labels"": [261]}, {""name"": ""球L"", ""share"": 0.189, ""q"": 0.075, ""capture"": 0.824, ""miss_deg"": 0.93, ""labels"": [259]}, {""name"": ""苹果红"", ""share"": 0.101, ""q"": 0.04, ""capture"": 0.292, ""miss_deg"": 2.35, ""labels"": [260]}]"
2026_08_25/u3,u3,v9,walking,tag15,45.09,47.54,2.45,2.846,球R,263,0.163,0.077,0.841,0.998,0.994,0.529,物品台,,0,0,5,球R,1,3,"[{""name"": ""球R"", ""share"": 0.163, ""q"": 0.077, ""capture"": 0.841, ""miss_deg"": 0.88, ""labels"": [263]}, {""name"": ""球M"", ""share"": 0.162, ""q"": 0.076, ""capture"": 0.839, ""miss_deg"": 0.89, ""labels"": [261]}, {""name"": ""白杯1"", ""share"": 0.303, ""q"": 0.143, ""capture"": 0.692, ""miss_deg"": 1.29, ""labels"": [266]}]"
2026_08_25/u3,u3,v9,walking,tag15,47.99,51.29,3.3,2.591,球R,263,0.325,0.131,1.194,0.408,0.858,0.597,物品台,,0,0,5,球R,1,3,"[{""name"": ""球R"", ""share"": 0.325, ""q"": 0.131, ""capture"": 1.194, ""miss_deg"": 0.0, ""labels"": [263]}, {""name"": ""白杯1"", ""share"": 0.279, ""q"": 0.113, ""capture"": 0.487, ""miss_deg"": 1.8, ""labels"": [266]}, {""name"": ""球M"", ""share"": 0.082, ""q"": 0.033, ""capture"": 0.302, ""miss_deg"": 2.32, ""labels"": [261]}]"
2026_08_25/u3,u3,v9,walking,tag15,51.61,54.51,2.9,2.596,球L,259,0.408,0.104,0.951,0.535,1.088,0.745,物品台,,0,0,6,球L,1,3,"[{""name"": ""球L"", ""share"": 0.408, ""q"": 0.104, ""capture"": 0.951, ""miss_deg"": 0.47, ""labels"": [259]}, {""name"": ""苹果粉"", ""share"": 0.444, ""q"": 0.114, ""capture"": 0.509, ""miss_deg"": 1.74, ""labels"": [64, 250]}, {""name"": ""苹果红"", ""share"": 0.114, ""q"": 0.029, ""capture"": 0.178, ""miss_deg"": 2.79, ""labels"": [260]}]"
2026_08_25/u3,u3,v9,walking,tag15,54.56,58.11,3.55,2.983,球L,259,0.341,0.124,1.364,0.524,0.63,0.636,物品台,,0,0,6,球L,1,3,"[{""name"": ""球L"", ""share"": 0.341, ""q"": 0.124, ""capture"": 1.364, ""miss_deg"": 0.0, ""labels"": [259]}, {""name"": ""苹果红"", ""share"": 0.215, ""q"": 0.078, ""capture"": 0.715, ""miss_deg"": 1.23, ""labels"": [260]}, {""name"": ""苹果粉"", ""share"": 0.229, ""q"": 0.083, ""capture"": 0.51, ""miss_deg"": 1.74, ""labels"": [64, 250]}]"
2026_08_25/u3,u3,v9,walking,tag15,58.16,58.91,0.75,2.975,球M,261,0.193,0.109,1.194,0.436,2.326,0.438,物品台,,0,0,,,,3,"[{""name"": ""球M"", ""share"": 0.193, ""q"": 0.109, ""capture"": 1.194, ""miss_deg"": 0.0, ""labels"": [261]}, {""name"": ""水瓶"", ""share"": 0.449, ""q"": 0.252, ""capture"": 0.521, ""miss_deg"": 1.71, ""labels"": [30]}, {""name"": ""球L"", ""share"": 0.08, ""q"": 0.045, ""capture"": 0.496, ""miss_deg"": 1.78, ""labels"": [259]}]"
2026_08_25/u3,u3,v9,walking,tag15,59.44,61.29,1.85,2.753,球M,261,0.146,0.082,0.897,0.932,1.116,0.439,物品台,,0,0,7,球M,1,3,"[{""name"": ""球M"", ""share"": 0.146, ""q"": 0.082, ""capture"": 0.897, ""miss_deg"": 0.7, ""labels"": [261]}, {""name"": ""球L"", ""share"": 0.163, ""q"": 0.092, ""capture"": 0.836, ""miss_deg"": 0.9, ""labels"": [259]}, {""name"": ""苹果红"", ""share"": 0.169, ""q"": 0.095, ""capture"": 0.649, ""miss_deg"": 1.4, ""labels"": [260]}]"
2026_08_25/u3,u3,v9,walking,tag15,61.34,63.49,2.15,2.486,球L,259,0.206,0.115,0.97,0.936,1.291,0.441,物品台,,0,0,7,球M,0,3,"[{""name"": ""球L"", ""share"": 0.206, ""q"": 0.115, ""capture"": 0.97, ""miss_deg"": 0.37, ""labels"": [259]}, {""name"": ""苹果红"", ""share"": 0.266, ""q"": 0.149, ""capture"": 0.908, ""miss_deg"": 0.66, ""labels"": [260]}, {""name"": ""球M"", ""share"": 0.149, ""q"": 0.083, ""capture"": 0.761, ""miss_deg"": 1.11, ""labels"": [261]}]"
2026_08_25/u3,u3,v9,walking,tag15,63.54,64.19,0.65,2.338,球M,261,0.376,0.184,1.342,0.251,0.346,0.511,物品台,,1,0,,,,3,"[{""name"": ""球M"", ""share"": 0.376, ""q"": 0.184, ""capture"": 1.342, ""miss_deg"": 0.0, ""labels"": [261]}, {""name"": ""苹果红"", ""share"": 0.13, ""q"": 0.064, ""capture"": 0.337, ""miss_deg"": 2.21, ""labels"": [260]}, {""name"": ""水瓶"", ""share"": 0.349, ""q"": 0.171, ""capture"": 0.248, ""miss_deg"": 2.5, ""labels"": [30]}]"
2026_08_25/u3,u3,v9,walking,tag15,65.65,66.0,0.35,3.979,,-1,0.0,0.0,,,,1.0,object#26,,0,0,,,,0,[]
2026_08_25/u3,u3,v9,walking,tag15,67.15,67.4,0.25,3.512,,-1,0.0,0.0,,,,1.0,object#26,,0,0,,,,0,[]
2026_08_25/u3,u3,v9,walking,tag15,68.32,68.67,0.35,3.48,,-1,0.0,0.0,,,,1.0,object#26,,0,0,,,,0,[]
2026_08_25/u3,u3,v9,walking,tag15,69.47,70.07,0.6,3.512,,-1,0.0,0.0,,,,1.0,object#26,,0,0,,,,0,[]
2026_08_25/u3,u3,v9,walking,tag15,70.17,70.47,0.3,3.588,,-1,0.0,0.0,,,,1.0,object#60,,0,0,,,,0,[]
2026_08_25/u3,u3,v9,walking,tag15,72.81,73.21,0.4,2.373,球R,263,0.44,0.15,1.027,0.324,0.634,0.659,物品台,,1,0,8,球R,1,3,"[{""name"": ""球R"", ""share"": 0.44, ""q"": 0.15, ""capture"": 1.027, ""miss_deg"": 0.0, ""labels"": [263]}, {""name"": ""白杯1"", ""share"": 0.279, ""q"": 0.095, ""capture"": 0.333, ""miss_deg"": 2.23, ""labels"": [266]}, {""name"": ""球M"", ""share"": 0.033, ""q"": 0.011, ""capture"": 0.083, ""miss_deg"": 3.35, ""labels"": [261]}]"
2026_08_25/u3,u3,v9,walking,tag15,73.61,74.21,0.6,2.38,球R,263,0.376,0.125,0.915,0.677,1.141,0.667,物品台,,0,0,8,球R,1,3,"[{""name"": ""球R"", ""share"": 0.376, ""q"": 0.125, ""capture"": 0.915, ""miss_deg"": 0.63, ""labels"": [263]}, {""name"": ""白杯2"", ""share"": 0.429, ""q"": 0.143, ""capture"": 0.619, ""miss_deg"": 1.47, ""labels"": [267]}, {""name"": ""白杯1"", ""share"": 0.059, ""q"": 0.02, ""capture"": 0.069, ""miss_deg"": 3.47, ""labels"": [266]}]"
2026_08_25/u3,u3,v9,walking,tag15,74.26,79.71,5.45,2.891,球R,263,0.409,0.103,1.137,0.395,0.709,0.747,物品台,,1,0,8,球R,1,3,"[{""name"": ""球R"", ""share"": 0.409, ""q"": 0.103, ""capture"": 1.137, ""miss_deg"": 0.0, ""labels"": [263]}, {""name"": ""白杯2"", ""share"": 0.29, ""q"": 0.073, ""capture"": 0.449, ""miss_deg"": 1.9, ""labels"": [267]}, {""name"": ""白杯1"", ""share"": 0.118, ""q"": 0.03, ""capture"": 0.145, ""miss_deg"": 2.95, ""labels"": [266]}]"
2026_08_25/u3,u3,v9,walking,tag15,79.76,80.11,0.35,2.828,球M,261,0.279,0.102,1.126,0.505,0.505,0.632,物品台,,0,0,9,球L,0,3,"[{""name"": ""球M"", ""share"": 0.279, ""q"": 0.102, ""capture"": 1.126, ""miss_deg"": 0.0, ""labels"": [261]}, {""name"": ""球R"", ""share"": 0.141, ""q"": 0.052, ""capture"": 0.569, ""miss_deg"": 1.59, ""labels"": [263]}, {""name"": ""白杯1"", ""share"": 0.276, ""q"": 0.101, ""capture"": 0.492, ""miss_deg"": 1.79, ""labels"": [266]}]"
2026_08_25/u3,u3,v9,walking,tag15,80.16,85.21,5.05,2.69,球L,259,0.347,0.136,1.238,0.459,0.611,0.609,物品台,,0,0,9,球L,1,3,"[{""name"": ""球L"", ""share"": 0.347, ""q"": 0.136, ""capture"": 1.238, ""miss_deg"": 0.0, ""labels"": [259]}, {""name"": ""苹果红"", ""share"": 0.212, ""q"": 0.083, ""capture"": 0.568, ""miss_deg"": 1.6, ""labels"": [260]}, {""name"": ""球M"", ""share"": 0.148, ""q"": 0.058, ""capture"": 0.527, ""miss_deg"": 1.7, ""labels"": [261]}]"
2026_08_25/u3,u3,v9,walking,tag15,85.31,86.96,1.65,2.711,球M,261,0.335,0.136,1.238,0.353,0.352,0.594,物品台,,0,0,,,,3,"[{""name"": ""球M"", ""share"": 0.335, ""q"": 0.136, ""capture"": 1.238, ""miss_deg"": 0.0, ""labels"": [261]}, {""name"": ""球L"", ""share"": 0.118, ""q"": 0.048, ""capture"": 0.437, ""miss_deg"": 1.93, ""labels"": [259]}, {""name"": ""苹果红"", ""share"": 0.149, ""q"": 0.06, ""capture"": 0.414, ""miss_deg"": 1.99, ""labels"": [260]}]"
2026_08_25/u3,u3,v9,walking,tag15,87.22,89.07,1.85,2.741,球R,263,0.338,0.101,0.925,0.663,1.142,0.7,物品台,,0,0,10,球R,1,3,"[{""name"": ""球R"", ""share"": 0.338, ""q"": 0.101, ""capture"": 0.925, ""miss_deg"": 0.59, ""labels"": [263]}, {""name"": ""白杯2"", ""share"": 0.386, ""q"": 0.116, ""capture"": 0.613, ""miss_deg"": 1.48, ""labels"": [267]}, {""name"": ""白杯1"", ""share"": 0.087, ""q"": 0.026, ""capture"": 0.117, ""miss_deg"": 3.11, ""labels"": [266]}]"
2026_08_25/u3,u3,v9,walking,tag15,89.17,89.57,0.4,2.437,球R,263,0.661,0.071,0.521,0.071,0.139,0.892,物品台,,1,1,10,球R,1,3,"[{""name"": ""球R"", ""share"": 0.661, ""q"": 0.071, ""capture"": 0.521, ""miss_deg"": 1.71, ""labels"": [263]}, {""name"": ""白杯1"", ""share"": 0.092, ""q"": 0.01, ""capture"": 0.037, ""miss_deg"": 3.86, ""labels"": [266]}, {""name"": ""白杯2"", ""share"": 0.073, ""q"": 0.008, ""capture"": 0.034, ""miss_deg"": 3.9, ""labels"": [267]}]"
2026_08_25/u3,u3,v9,walking,tag15,90.38,90.98,0.59,2.096,球R,263,0.54,0.168,1.025,0.275,0.506,0.689,物品台,,1,1,10,球R,1,3,"[{""name"": ""球R"", ""share"": 0.54, ""q"": 0.168, ""capture"": 1.025, ""miss_deg"": 0.0, ""labels"": [263]}, {""name"": ""白杯2"", ""share"": 0.273, ""q"": 0.085, ""capture"": 0.282, ""miss_deg"": 2.39, ""labels"": [267]}, {""name"": ""白杯1"", ""share"": 0.066, ""q"": 0.02, ""capture"": 0.059, ""miss_deg"": 3.56, ""labels"": [266]}]"
2026_08_25/u3,u3,v9,walking,tag15,91.03,92.27,1.24,1.84,球R,263,0.623,0.28,1.257,0.193,0.321,0.55,物品台,,1,1,,,,3,"[{""name"": ""球R"", ""share"": 0.623, ""q"": 0.28, ""capture"": 1.257, ""miss_deg"": 0.0, ""labels"": [263]}, {""name"": ""白杯2"", ""share"": 0.2, ""q"": 0.09, ""capture"": 0.242, ""miss_deg"": 2.53, ""labels"": [267]}, {""name"": ""白杯1"", ""share"": 0.107, ""q"": 0.048, ""capture"": 0.112, ""miss_deg"": 3.14, ""labels"": [266]}]"
2026_08_25/u3,u3,v9,walking,tag15,92.98,94.22,1.24,2.097,球L,259,0.431,0.18,1.099,0.399,0.564,0.582,物品台,,1,0,11,球L,1,3,"[{""name"": ""球L"", ""share"": 0.431, ""q"": 0.18, ""capture"": 1.099, ""miss_deg"": 0.0, ""labels"": [259]}, {""name"": ""苹果红"", ""share"": 0.243, ""q"": 0.101, ""capture"": 0.439, ""miss_deg"": 1.93, ""labels"": [260]}, {""name"": ""球M"", ""share"": 0.109, ""q"": 0.046, ""capture"": 0.279, ""miss_deg"": 2.4, ""labels"": [261]}]"
2026_08_25/u3,u3,v9,walking,tag15,94.39,94.93,0.54,2.334,球L,259,0.435,0.17,1.166,0.367,0.52,0.608,物品台,,1,0,11,球L,1,3,"[{""name"": ""球L"", ""share"": 0.435, ""q"": 0.17, ""capture"": 1.166, ""miss_deg"": 0.0, ""labels"": [259]}, {""name"": ""苹果红"", ""share"": 0.226, ""q"": 0.088, ""capture"": 0.428, ""miss_deg"": 1.95, ""labels"": [260]}, {""name"": ""球M"", ""share"": 0.105, ""q"": 0.041, ""capture"": 0.302, ""miss_deg"": 2.32, ""labels"": [261]}]"
2026_08_25/u3,u3,v9,walking,tag15,95.74,96.06,0.32,2.769,球L,259,0.453,0.128,1.164,0.314,0.417,0.718,物品台,,1,0,11,球L,1,3,"[{""name"": ""球L"", ""share"": 0.453, ""q"": 0.128, ""capture"": 1.164, ""miss_deg"": 0.0, ""labels"": [259]}, {""name"": ""苹果红"", ""share"": 0.189, ""q"": 0.053, ""capture"": 0.365, ""miss_deg"": 2.13, ""labels"": [260]}, {""name"": ""球M"", ""share"": 0.101, ""q"": 0.029, ""capture"": 0.314, ""miss_deg"": 2.28, ""labels"": [261]}]"
2026_08_25/u3,u3,v9,walking,tag15,96.12,97.74,1.62,2.981,球M,261,0.235,0.096,1.052,0.829,0.83,0.593,物品台,,0,0,11,球L,0,3,"[{""name"": ""球M"", ""share"": 0.235, ""q"": 0.096, ""capture"": 1.052, ""miss_deg"": 0.0, ""labels"": [261]}, {""name"": ""球L"", ""share"": 0.195, ""q"": 0.079, ""capture"": 0.872, ""miss_deg"": 0.79, ""labels"": [259]}, {""name"": ""苹果红"", ""share"": 0.129, ""q"": 0.052, ""capture"": 0.477, ""miss_deg"": 1.82, ""labels"": [260]}]"
2026_08_25/u3,u3,v9,walking,tag15,98.66,99.04,0.38,2.785,球M,261,0.419,0.065,0.718,0.398,0.482,0.844,物品台,,1,0,,,,3,"[{""name"": ""球M"", ""share"": 0.419, ""q"": 0.065, ""capture"": 0.718, ""miss_deg"": 1.22, ""labels"": [261]}, {""name"": ""球L"", ""share"": 0.202, ""q"": 0.031, ""capture"": 0.286, ""miss_deg"": 2.37, ""labels"": [259]}, {""name"": ""水瓶"", ""share"": 0.239, ""q"": 0.037, ""capture"": 0.068, ""miss_deg"": 3.47, ""labels"": [30]}]"
2026_08_25/u3,u3,v9,walking,tag15,100.14,104.2,4.05,2.689,球M,261,0.285,0.133,1.208,0.334,0.681,0.535,物品台,,0,0,12,球M,1,3,"[{""name"": ""球M"", ""share"": 0.285, ""q"": 0.133, ""capture"": 1.208, ""miss_deg"": 0.0, ""labels"": [261]}, {""name"": ""白杯1"", ""share"": 0.194, ""q"": 0.09, ""capture"": 0.404, ""miss_deg"": 2.02, ""labels"": [266]}, {""name"": ""球R"", ""share"": 0.059, ""q"": 0.028, ""capture"": 0.251, ""miss_deg"": 2.49, ""labels"": [263]}]"
2026_08_25/u3,u3,v9,walking,tag15,104.25,104.68,0.43,2.356,球M,261,0.421,0.161,1.179,0.149,0.734,0.616,物品台,,0,0,12,球M,1,3,"[{""name"": ""球M"", ""share"": 0.421, ""q"": 0.161, ""capture"": 1.179, ""miss_deg"": 0.0, ""labels"": [261]}, {""name"": ""水瓶"", ""share"": 0.309, ""q"": 0.118, ""capture"": 0.176, ""miss_deg"": 2.79, ""labels"": [30]}, {""name"": ""白杯1"", ""share"": 0.099, ""q"": 0.038, ""capture"": 0.133, ""miss_deg"": 3.01, ""labels"": [266]}]"
2026_08_25/u3,u3,v9,walking,tag15,104.74,106.3,1.57,2.3,球M,261,0.233,0.104,0.714,0.475,0.472,0.552,物品台,,0,0,12,球M,1,3,"[{""name"": ""球M"", ""share"": 0.233, ""q"": 0.104, ""capture"": 0.714, ""miss_deg"": 1.23, ""labels"": [261]}, {""name"": ""球R"", ""share"": 0.11, ""q"": 0.049, ""capture"": 0.339, ""miss_deg"": 2.21, ""labels"": [263]}, {""name"": ""白杯1"", ""share"": 0.199, ""q"": 0.089, ""capture"": 0.296, ""miss_deg"": 2.34, ""labels"": [266]}]"
2026_08_25/u3,u3,v9,walking,tag15,107.07,107.44,0.38,2.311,球R,263,0.402,0.191,1.31,0.44,0.744,0.525,物品台,,0,0,13,球R,1,3,"[{""name"": ""球R"", ""share"": 0.402, ""q"": 0.191, ""capture"": 1.31, ""miss_deg"": 0.0, ""labels"": [263]}, {""name"": ""白杯2"", ""share"": 0.299, ""q"": 0.142, ""capture"": 0.576, ""miss_deg"": 1.58, ""labels"": [267]}, {""name"": ""白杯1"", ""share"": 0.12, ""q"": 0.057, ""capture"": 0.189, ""miss_deg"": 2.74, ""labels"": [266]}]"
2026_08_25/u3,u3,v9,walking,tag15,107.5,108.31,0.81,2.413,球R,263,0.21,0.106,0.776,0.862,1.705,0.495,物品台,,0,0,13,球R,1,3,"[{""name"": ""球R"", ""share"": 0.21, ""q"": 0.106, ""capture"": 0.776, ""miss_deg"": 1.07, ""labels"": [263]}, {""name"": ""白杯1"", ""share"": 0.358, ""q"": 0.181, ""capture"": 0.669, ""miss_deg"": 1.34, ""labels"": [266]}, {""name"": ""球M"", ""share"": 0.109, ""q"": 0.055, ""capture"": 0.462, ""miss_deg"": 1.86, ""labels"": [261]}]"
2026_08_25/u3,u3,v9,walking,tag15,108.36,109.01,0.65,2.62,球R,263,0.357,0.177,1.615,0.358,0.672,0.504,物品台,,1,0,13,球R,1,3,"[{""name"": ""球R"", ""share"": 0.357, ""q"": 0.177, ""capture"": 1.615, ""miss_deg"": 0.0, ""labels"": [263]}, {""name"": ""白杯2"", ""share"": 0.24, ""q"": 0.119, ""capture"": 0.578, ""miss_deg"": 1.57, ""labels"": [267]}, {""name"": ""白杯1"", ""share"": 0.186, ""q"": 0.092, ""capture"": 0.398, ""miss_deg"": 2.04, ""labels"": [266]}]"
2026_08_25/u3,u3,v9,walking,tag15,109.07,111.01,1.95,3.06,球R,263,0.249,0.123,1.352,0.576,1.036,0.506,物品台,,0,0,13,球R,1,3,"[{""name"": ""球R"", ""share"": 0.249, ""q"": 0.123, ""capture"": 1.352, ""miss_deg"": 0.0, ""labels"": [263]}, {""name"": ""白杯1"", ""share"": 0.258, ""q"": 0.128, ""capture"": 0.779, ""miss_deg"": 1.06, ""labels"": [266]}, {""name"": ""白杯2"", ""share"": 0.224, ""q"": 0.111, ""capture"": 0.676, ""miss_deg"": 1.33, ""labels"": [267]}]"
2026_08_25/u3,u3,v9,walking,tag15,111.12,111.39,0.27,3.273,球M,261,0.167,0.066,1.053,0.999,1.15,0.607,物品台,,0,0,13,球R,0,3,"[{""name"": ""球M"", ""share"": 0.167, ""q"": 0.066, ""capture"": 1.053, ""miss_deg"": 0.0, ""labels"": [261]}, {""name"": ""球R"", ""share"": 0.192, ""q"": 0.076, ""capture"": 1.052, ""miss_deg"": 0.0, ""labels"": [263]}, {""name"": ""白杯1"", ""share"": 0.283, ""q"": 0.111, ""capture"": 0.679, ""miss_deg"": 1.32, ""labels"": [266]}]"
2026_08_25/u3,u3,v9,walking,tag15,111.44,113.23,1.78,3.301,球R,263,0.286,0.113,1.567,0.382,0.867,0.606,物品台,,0,0,13,球R,1,3,"[{""name"": ""球R"", ""share"": 0.286, ""q"": 0.113, ""capture"": 1.567, ""miss_deg"": 0.0, ""labels"": [263]}, {""name"": ""白杯1"", ""share"": 0.248, ""q"": 0.098, ""capture"": 0.598, ""miss_deg"": 1.52, ""labels"": [266]}, {""name"": ""白杯2"", ""share"": 0.189, ""q"": 0.075, ""capture"": 0.545, ""miss_deg"": 1.65, ""labels"": [267]}]"
2026_08_25/u3,u3,v9,walking,tag15,113.72,114.36,0.65,3.242,球L,259,0.315,0.095,1.317,0.46,0.46,0.7,物品台,,0,0,14,球L,1,3,"[{""name"": ""球L"", ""share"": 0.315, ""q"": 0.095, ""capture"": 1.317, ""miss_deg"": 0.0, ""labels"": [259]}, {""name"": ""球M"", ""share"": 0.145, ""q"": 0.044, ""capture"": 0.606, ""miss_deg"": 1.5, ""labels"": [261]}, {""name"": ""苹果红"", ""share"": 0.149, ""q"": 0.045, ""capture"": 0.407, ""miss_deg"": 2.01, ""labels"": [260]}]"
2026_08_25/u3,u3,v9,walking,tag15,114.42,119.12,4.7,2.989,球L,259,0.394,0.119,1.304,0.442,0.533,0.699,物品台,,1,0,14,球L,1,3,"[{""name"": ""球L"", ""share"": 0.394, ""q"": 0.119, ""capture"": 1.304, ""miss_deg"": 0.0, ""labels"": [259]}, {""name"": ""苹果红"", ""share"": 0.21, ""q"": 0.063, ""capture"": 0.577, ""miss_deg"": 1.57, ""labels"": [260]}, {""name"": ""苹果粉"", ""share"": 0.149, ""q"": 0.045, ""capture"": 0.274, ""miss_deg"": 2.41, ""labels"": [64, 250]}]"
2026_08_25/u3,u3,v9,walking,tag15,119.18,119.99,0.81,2.929,球M,261,0.375,0.104,1.141,0.293,0.293,0.723,物品台,,1,0,,,,3,"[{""name"": ""球M"", ""share"": 0.375, ""q"": 0.104, ""capture"": 1.141, ""miss_deg"": 0.0, ""labels"": [261]}, {""name"": ""球L"", ""share"": 0.11, ""q"": 0.03, ""capture"": 0.334, ""miss_deg"": 2.22, ""labels"": [259]}, {""name"": ""苹果红"", ""share"": 0.116, ""q"": 0.032, ""capture"": 0.269, ""miss_deg"": 2.43, ""labels"": [260]}]"
2026_08_25/u3,u3,v9,walking,tag15,120.04,120.36,0.32,2.932,球M,261,0.298,0.105,1.159,0.336,0.336,0.646,物品台,,0,0,,,,3,"[{""name"": ""球M"", ""share"": 0.298, ""q"": 0.105, ""capture"": 1.159, ""miss_deg"": 0.0, ""labels"": [261]}, {""name"": ""球R"", ""share"": 0.1, ""q"": 0.035, ""capture"": 0.389, ""miss_deg"": 2.06, ""labels"": [263]}, {""name"": ""白杯1"", ""share"": 0.149, ""q"": 0.053, ""capture"": 0.256, ""miss_deg"": 2.48, ""labels"": [266]}]"
2026_08_25/u3,u3,v9,walking,tag15,120.65,121.25,0.59,2.886,球M,261,0.275,0.103,1.135,0.414,0.415,0.625,物品台,,0,0,15,球M,1,3,"[{""name"": ""球M"", ""share"": 0.275, ""q"": 0.103, ""capture"": 1.135, ""miss_deg"": 0.0, ""labels"": [261]}, {""name"": ""球R"", ""share"": 0.114, ""q"": 0.043, ""capture"": 0.47, ""miss_deg"": 1.84, ""labels"": [263]}, {""name"": ""白杯1"", ""share"": 0.158, ""q"": 0.059, ""capture"": 0.287, ""miss_deg"": 2.37, ""labels"": [266]}]"
2026_08_25/u3,u3,v9,walking,tag15,121.3,121.68,0.38,2.641,球M,261,0.224,0.116,1.062,0.391,0.826,0.48,物品台,,0,0,15,球M,1,3,"[{""name"": ""球M"", ""share"": 0.224, ""q"": 0.116, ""capture"": 1.062, ""miss_deg"": 0.0, ""labels"": [261]}, {""name"": ""白杯1"", ""share"": 0.185, ""q"": 0.096, ""capture"": 0.415, ""miss_deg"": 1.99, ""labels"": [266]}, {""name"": ""水瓶"", ""share"": 0.342, ""q"": 0.177, ""capture"": 0.304, ""miss_deg"": 2.32, ""labels"": [30]}]"
2026_08_25/u3,u3,v9,walking,tag15,123.9,124.44,0.54,1.747,球M,261,0.491,0.258,1.157,0.172,0.697,0.475,object#12,,1,0,15,球M,1,3,"[{""name"": ""球M"", ""share"": 0.491, ""q"": 0.258, ""capture"": 1.157, ""miss_deg"": 0.0, ""labels"": [261]}, {""name"": ""水瓶"", ""share"": 0.342, ""q"": 0.18, ""capture"": 0.199, ""miss_deg"": 2.7, ""labels"": [30]}, {""name"": ""香蕉"", ""share"": 0.117, ""q"": 0.062, ""capture"": 0.063, ""miss_deg"": 3.53, ""labels"": [264]}]"
2026_08_25/u3,u3,v9,walking,tag15,124.49,124.81,0.32,1.635,球M,261,0.724,0.208,0.816,0.061,0.225,0.713,物品台,,1,1,15,球M,1,3,"[{""name"": ""球M"", ""share"": 0.724, ""q"": 0.208, ""capture"": 0.816, ""miss_deg"": 0.96, ""labels"": [261]}, {""name"": ""水瓶"", ""share"": 0.163, ""q"": 0.047, ""capture"": 0.05, ""miss_deg"": 3.68, ""labels"": [30]}, {""name"": ""白杯1"", ""share"": 0.074, ""q"": 0.021, ""capture"": 0.04, ""miss_deg"": 3.8, ""labels"": [266]}]"
2026_08_25/u3,u3,v9,walking,tag15,127.37,127.75,0.38,1.475,,-1,0.0,0.0,,,,1.0,object#26,,0,0,,,,0,[]
