rec,card,era,flags,cfg,t_start_rel,t_end_rel,dur_s,dist_m,object,object_label,share,q,capture,A_cap,A_share,p_none,surface,W,acc_live,acc_e2,window_k,target,correct,n_cands,candidates
2026_08_16/000,e1,v7,,v1_votescope_all,2.64,3.09,0.46,0.901,object#20,20,0.816,,,,0.225,0.993,,,1,1,,,,2,"[{""name"": ""object#20"", ""share"": 0.816, ""labels"": [20]}, {""name"": ""object#187"", ""share"": 0.184, ""labels"": [187]}]"
2026_08_16/000,e1,v7,,v1_votescope_all,5.17,6.29,1.11,1.106,object#187,187,1.0,,,,0.0,1.0,,,1,1,,,,1,"[{""name"": ""object#187"", ""share"": 1.0, ""labels"": [187]}]"
2026_08_16/000,e1,v7,,v1_votescope_all,15.38,15.7,0.32,1.034,object#35,35,0.924,,,,0.037,0.008,,,1,1,,,,3,"[{""name"": ""object#35"", ""share"": 0.924, ""labels"": [35]}, {""name"": ""object#272"", ""share"": 0.034, ""labels"": [272]}, {""name"": ""object#253"", ""share"": 0.026, ""labels"": [253]}]"
2026_08_16/000,e1,v7,,v1_votescope_all,15.98,16.38,0.4,0.667,object#94,94,0.966,,,,0.033,0.333,,,1,1,,,,3,"[{""name"": ""object#94"", ""share"": 0.966, ""labels"": [94]}, {""name"": ""object#35"", ""share"": 0.032, ""labels"": [35]}, {""name"": ""object#166"", ""share"": 0.001, ""labels"": [166]}]"
2026_08_16/000,e1,v7,,v1_votescope_all,18.3,18.6,0.3,0.462,object#67,67,0.999,,,,0.001,0.004,,,1,1,,,,2,"[{""name"": ""object#67"", ""share"": 0.999, ""labels"": [67]}, {""name"": ""object#23"", ""share"": 0.001, ""labels"": [23]}]"
2026_08_16/000,e1,v7,,v1_votescope_all,24.82,25.15,0.33,0.962,object#20,20,0.553,,,,0.808,0.934,,,1,1,,,,2,"[{""name"": ""object#20"", ""share"": 0.553, ""labels"": [20]}, {""name"": ""object#187"", ""share"": 0.447, ""labels"": [187]}]"
2026_08_16/000,e1,v7,,v1_votescope_all,25.48,26.56,1.07,0.962,object#20,20,0.79,,,,0.266,0.958,,,1,1,,,,2,"[{""name"": ""object#20"", ""share"": 0.79, ""labels"": [20]}, {""name"": ""object#187"", ""share"": 0.21, ""labels"": [187]}]"
2026_08_16/000,e1,v7,,v1_votescope_all,27.5,27.81,0.31,1.01,object#67,67,0.706,,,,0.415,0.001,,,1,1,,,,3,"[{""name"": ""object#67"", ""share"": 0.706, ""labels"": [67]}, {""name"": ""object#59"", ""share"": 0.293, ""labels"": [59]}, {""name"": ""object#223"", ""share"": 0.0, ""labels"": [223]}]"
2026_08_16/000,e1,v7,,v1_votescope_all,29.64,29.98,0.34,0.748,object#187,187,0.718,,,,0.393,0.938,,,1,1,,,,2,"[{""name"": ""object#187"", ""share"": 0.718, ""labels"": [187]}, {""name"": ""object#20"", ""share"": 0.282, ""labels"": [20]}]"
2026_08_16/000,e1,v7,,v1_votescope_all,31.09,31.45,0.36,1.171,object#187,187,0.94,,,,0.064,0.956,,,1,1,,,,2,"[{""name"": ""object#187"", ""share"": 0.94, ""labels"": [187]}, {""name"": ""object#20"", ""share"": 0.06, ""labels"": [20]}]"
2026_08_16/000,e1,v7,,v1_votescope_all,32.16,32.71,0.55,1.208,object#20,20,0.981,,,,0.019,0.94,,,1,1,,,,2,"[{""name"": ""object#20"", ""share"": 0.981, ""labels"": [20]}, {""name"": ""object#187"", ""share"": 0.019, ""labels"": [187]}]"
2026_08_16/000,e1,v7,,v1_votescope_all,35.34,35.62,0.27,1.359,object#34,34,0.505,,,,0.408,0.0,,,1,1,,,,3,"[{""name"": ""object#34"", ""share"": 0.505, ""labels"": [34]}, {""name"": ""object#17"", ""share"": 0.206, ""labels"": [17]}, {""name"": ""object#37"", ""share"": 0.175, ""labels"": [37]}]"
2026_08_16/000,e1,v7,,v1_votescope_all,35.68,36.01,0.32,1.335,object#316,316,0.582,,,,0.395,0.001,,,1,1,,,,3,"[{""name"": ""object#316"", ""share"": 0.582, ""labels"": [316]}, {""name"": ""香蕉"", ""share"": 0.23, ""labels"": [323]}, {""name"": ""object#10"", ""share"": 0.098, ""labels"": [10]}]"
2026_08_16/000,e1,v7,,v1_votescope_all,39.06,39.33,0.27,1.667,石榴,78,0.491,,,,0.749,0.259,,,1,0,,,,3,"[{""name"": ""石榴"", ""share"": 0.491, ""labels"": [78]}, {""name"": ""object#17"", ""share"": 0.368, ""labels"": [17]}, {""name"": ""object#201"", ""share"": 0.082, ""labels"": [201]}]"
2026_08_16/000,e1,v7,,v1_votescope_all,39.67,40.14,0.47,1.663,苹果,300,0.485,,,,0.59,0.143,,,1,0,,,,3,"[{""name"": ""苹果"", ""share"": 0.485, ""labels"": [300]}, {""name"": ""object#316"", ""share"": 0.286, ""labels"": [316]}, {""name"": ""object#319"", ""share"": 0.1, ""labels"": [319]}]"
2026_08_16/000,e1,v7,,v1_votescope_all,40.26,41.14,0.88,1.65,苹果,300,0.508,,,,0.47,0.167,,,1,1,,,,3,"[{""name"": ""苹果"", ""share"": 0.508, ""labels"": [300]}, {""name"": ""object#316"", ""share"": 0.239, ""labels"": [316]}, {""name"": ""object#319"", ""share"": 0.087, ""labels"": [319]}]"
2026_08_16/000,e1,v7,,v1_votescope_all,41.26,44.47,3.22,1.662,苹果,300,0.522,,,,0.504,0.19,,,1,1,1,苹果,1,3,"[{""name"": ""苹果"", ""share"": 0.522, ""labels"": [300]}, {""name"": ""object#316"", ""share"": 0.263, ""labels"": [316]}, {""name"": ""object#319"", ""share"": 0.128, ""labels"": [319]}]"
2026_08_16/000,e1,v7,,v1_votescope_all,44.58,45.97,1.39,1.657,苹果,300,0.405,,,,0.768,0.089,,,0,0,1,苹果,1,3,"[{""name"": ""苹果"", ""share"": 0.405, ""labels"": [300]}, {""name"": ""object#316"", ""share"": 0.311, ""labels"": [316]}, {""name"": ""香蕉"", ""share"": 0.118, ""labels"": [323]}]"
2026_08_16/000,e1,v7,,v1_votescope_all,46.03,46.46,0.44,1.615,香蕉,323,0.324,,,,0.722,0.028,,,0,0,1,苹果,0,3,"[{""name"": ""香蕉"", ""share"": 0.324, ""labels"": [323]}, {""name"": ""object#316"", ""share"": 0.234, ""labels"": [316]}, {""name"": ""object#17"", ""share"": 0.204, ""labels"": [17]}]"
2026_08_16/000,e1,v7,,v1_votescope_all,46.52,47.29,0.77,1.649,苹果,300,0.39,,,,0.713,0.1,,,1,0,,,,3,"[{""name"": ""苹果"", ""share"": 0.39, ""labels"": [300]}, {""name"": ""object#316"", ""share"": 0.278, ""labels"": [316]}, {""name"": ""香蕉"", ""share"": 0.138, ""labels"": [323]}]"
2026_08_16/000,e1,v7,,v1_votescope_all,47.81,50.73,2.92,1.413,球M,321,0.497,,,,0.356,0.007,,,1,0,,,,3,"[{""name"": ""球M"", ""share"": 0.497, ""labels"": [321]}, {""name"": ""object#317"", ""share"": 0.177, ""labels"": [317]}, {""name"": ""object#10"", ""share"": 0.152, ""labels"": [10]}]"
2026_08_16/000,e1,v7,,v1_votescope_all,50.89,51.23,0.34,1.456,球M,321,0.297,,,,0.926,0.006,,,0,0,2,球M,1,3,"[{""name"": ""球M"", ""share"": 0.297, ""labels"": [321]}, {""name"": ""object#10"", ""share"": 0.275, ""labels"": [10]}, {""name"": ""object#17"", ""share"": 0.195, ""labels"": [17]}]"
2026_08_16/000,e1,v7,,v1_votescope_all,51.28,54.3,3.02,1.385,球M,321,0.499,,,,0.313,0.005,,,1,0,2,球M,1,3,"[{""name"": ""球M"", ""share"": 0.499, ""labels"": [321]}, {""name"": ""object#10"", ""share"": 0.156, ""labels"": [10]}, {""name"": ""object#317"", ""share"": 0.141, ""labels"": [317]}]"
2026_08_16/000,e1,v7,,v1_votescope_all,54.5,54.95,0.45,1.59,object#17,17,0.515,,,,0.52,0.186,,,1,1,,,,3,"[{""name"": ""object#17"", ""share"": 0.515, ""labels"": [17]}, {""name"": ""石榴"", ""share"": 0.268, ""labels"": [78]}, {""name"": ""object#201"", ""share"": 0.123, ""labels"": [201]}]"
2026_08_16/000,e1,v7,,v1_votescope_all,55.08,57.54,2.46,1.63,石榴,78,0.497,,,,0.694,0.417,,,1,0,3,石榴,1,3,"[{""name"": ""石榴"", ""share"": 0.497, ""labels"": [78]}, {""name"": ""object#17"", ""share"": 0.345, ""labels"": [17]}, {""name"": ""object#201"", ""share"": 0.136, ""labels"": [201]}]"
2026_08_16/000,e1,v7,,v1_votescope_all,57.64,60.9,3.26,1.649,石榴,78,0.448,,,,0.835,0.369,,,0,0,3,石榴,1,3,"[{""name"": ""石榴"", ""share"": 0.448, ""labels"": [78]}, {""name"": ""object#17"", ""share"": 0.374, ""labels"": [17]}, {""name"": ""object#201"", ""share"": 0.142, ""labels"": [201]}]"
2026_08_16/000,e1,v7,,v1_votescope_all,61.48,64.42,2.94,1.51,object#316,316,0.473,,,,0.882,0.018,,,1,0,4,香蕉,0,3,"[{""name"": ""object#316"", ""share"": 0.473, ""labels"": [316]}, {""name"": ""香蕉"", ""share"": 0.417, ""labels"": [323]}, {""name"": ""object#17"", ""share"": 0.064, ""labels"": [17]}]"
2026_08_16/000,e1,v7,,v1_votescope_all,64.47,65.15,0.68,1.535,香蕉,323,0.442,,,,0.948,0.007,,,0,0,4,香蕉,1,3,"[{""name"": ""香蕉"", ""share"": 0.442, ""labels"": [323]}, {""name"": ""object#316"", ""share"": 0.419, ""labels"": [316]}, {""name"": ""object#17"", ""share"": 0.087, ""labels"": [17]}]"
2026_08_16/000,e1,v7,,v1_votescope_all,65.88,66.82,0.94,1.491,object#316,316,0.465,,,,0.929,0.007,,,1,0,4,香蕉,0,3,"[{""name"": ""object#316"", ""share"": 0.465, ""labels"": [316]}, {""name"": ""香蕉"", ""share"": 0.432, ""labels"": [323]}, {""name"": ""object#10"", ""share"": 0.045, ""labels"": [10]}]"
2026_08_16/000,e1,v7,,v1_votescope_all,66.87,67.15,0.27,1.54,object#17,17,0.808,,,,0.061,0.004,,,1,1,4,香蕉,0,3,"[{""name"": ""object#17"", ""share"": 0.808, ""labels"": [17]}, {""name"": ""object#10"", ""share"": 0.049, ""labels"": [10]}, {""name"": ""object#316"", ""share"": 0.048, ""labels"": [316]}]"
2026_08_16/000,e1,v7,,v1_votescope_all,67.2,68.03,0.83,1.577,香蕉,323,0.365,,,,0.959,0.004,,,0,0,,,,3,"[{""name"": ""香蕉"", ""share"": 0.365, ""labels"": [323]}, {""name"": ""object#316"", ""share"": 0.35, ""labels"": [316]}, {""name"": ""object#17"", ""share"": 0.227, ""labels"": [17]}]"
2026_08_16/000,e1,v7,,v1_votescope_all,68.59,69.54,0.95,1.423,object#316,316,0.552,,,,0.652,0.038,,,1,1,,,,3,"[{""name"": ""object#316"", ""share"": 0.552, ""labels"": [316]}, {""name"": ""球L"", ""share"": 0.36, ""labels"": [320]}, {""name"": ""object#10"", ""share"": 0.042, ""labels"": [10]}]"
2026_08_16/000,e1,v7,,v1_votescope_all,70.45,70.95,0.5,2.689,floor,0,0.662,,,,0.29,0.508,,,0,0,5,球R,0,3,"[{""name"": ""floor"", ""share"": 0.662, ""labels"": [0]}, {""name"": ""object#318"", ""share"": 0.192, ""labels"": [318]}, {""name"": ""球R"", ""share"": 0.078, ""labels"": [322]}]"
2026_08_16/000,e1,v7,,v1_votescope_all,71.0,73.51,2.51,1.48,球R,322,0.426,,,,0.986,0.624,,,0,0,5,球R,1,3,"[{""name"": ""球R"", ""share"": 0.426, ""labels"": [322]}, {""name"": ""object#318"", ""share"": 0.42, ""labels"": [318]}, {""name"": ""object#10"", ""share"": 0.086, ""labels"": [10]}]"
2026_08_16/000,e1,v7,,v1_votescope_all,74.33,74.83,0.5,1.626,object#17,17,0.417,,,,0.655,0.556,,,1,0,,,,3,"[{""name"": ""object#17"", ""share"": 0.417, ""labels"": [17]}, {""name"": ""object#201"", ""share"": 0.273, ""labels"": [201]}, {""name"": ""石榴"", ""share"": 0.207, ""labels"": [78]}]"
2026_08_16/000,e1,v7,,v1_votescope_all,75.26,77.05,1.79,1.418,object#316,316,0.58,,,,0.566,0.03,,,1,1,,,,3,"[{""name"": ""object#316"", ""share"": 0.58, ""labels"": [316]}, {""name"": ""球L"", ""share"": 0.328, ""labels"": [320]}, {""name"": ""香蕉"", ""share"": 0.042, ""labels"": [323]}]"
2026_08_16/000,e1,v7,,v1_votescope_all,77.16,78.55,1.4,1.418,object#316,316,0.597,,,,0.514,0.026,,,1,1,6,球L,0,3,"[{""name"": ""object#316"", ""share"": 0.597, ""labels"": [316]}, {""name"": ""球L"", ""share"": 0.307, ""labels"": [320]}, {""name"": ""香蕉"", ""share"": 0.045, ""labels"": [323]}]"
2026_08_16/000,e1,v7,,v1_votescope_all,78.84,79.52,0.69,1.415,object#316,316,0.56,,,,0.561,0.027,,,1,1,6,球L,0,3,"[{""name"": ""object#316"", ""share"": 0.56, ""labels"": [316]}, {""name"": ""球L"", ""share"": 0.314, ""labels"": [320]}, {""name"": ""香蕉"", ""share"": 0.073, ""labels"": [323]}]"
2026_08_16/000,e1,v7,,v1_votescope_all,79.58,79.85,0.27,1.492,object#316,316,0.604,,,,0.389,0.034,,,1,1,6,球L,0,3,"[{""name"": ""object#316"", ""share"": 0.604, ""labels"": [316]}, {""name"": ""香蕉"", ""share"": 0.235, ""labels"": [323]}, {""name"": ""球L"", ""share"": 0.076, ""labels"": [320]}]"
2026_08_16/000,e1,v7,,v1_votescope_all,79.96,80.67,0.71,1.492,object#316,316,0.565,,,,0.513,0.02,,,1,1,6,球L,0,3,"[{""name"": ""object#316"", ""share"": 0.565, ""labels"": [316]}, {""name"": ""香蕉"", ""share"": 0.29, ""labels"": [323]}, {""name"": ""球L"", ""share"": 0.076, ""labels"": [320]}]"
2026_08_16/000,e1,v7,,v1_votescope_all,80.73,81.25,0.52,1.436,object#316,316,0.516,,,,0.614,0.024,,,1,1,,,,3,"[{""name"": ""object#316"", ""share"": 0.516, ""labels"": [316]}, {""name"": ""球L"", ""share"": 0.317, ""labels"": [320]}, {""name"": ""香蕉"", ""share"": 0.101, ""labels"": [323]}]"
2026_08_16/000,e1,v7,,v1_votescope_all,81.3,81.8,0.5,1.483,object#316,316,0.46,,,,0.93,0.01,,,1,0,,,,3,"[{""name"": ""object#316"", ""share"": 0.46, ""labels"": [316]}, {""name"": ""香蕉"", ""share"": 0.428, ""labels"": [323]}, {""name"": ""object#17"", ""share"": 0.046, ""labels"": [17]}]"
2026_08_16/000,e1,v7,,v1_votescope_all,82.49,82.87,0.38,1.386,球M,321,0.556,,,,0.255,0.004,,,1,1,,,,3,"[{""name"": ""球M"", ""share"": 0.556, ""labels"": [321]}, {""name"": ""object#317"", ""share"": 0.142, ""labels"": [317]}, {""name"": ""object#17"", ""share"": 0.118, ""labels"": [17]}]"
2026_08_16/000,e1,v7,,v1_votescope_all,82.92,83.52,0.6,1.458,球M,321,0.306,,,,0.908,0.006,,,0,0,7,球M,1,3,"[{""name"": ""球M"", ""share"": 0.306, ""labels"": [321]}, {""name"": ""object#10"", ""share"": 0.278, ""labels"": [10]}, {""name"": ""object#317"", ""share"": 0.192, ""labels"": [317]}]"
2026_08_16/000,e1,v7,,v1_votescope_all,83.58,84.54,0.96,1.431,球M,321,0.388,,,,0.528,0.003,,,1,0,7,球M,1,3,"[{""name"": ""球M"", ""share"": 0.388, ""labels"": [321]}, {""name"": ""object#17"", ""share"": 0.205, ""labels"": [17]}, {""name"": ""object#10"", ""share"": 0.194, ""labels"": [10]}]"
2026_08_16/000,e1,v7,,v1_votescope_all,84.6,85.03,0.44,1.481,球M,321,0.355,,,,0.623,0.002,,,1,0,7,球M,1,3,"[{""name"": ""球M"", ""share"": 0.355, ""labels"": [321]}, {""name"": ""object#17"", ""share"": 0.221, ""labels"": [17]}, {""name"": ""object#10"", ""share"": 0.198, ""labels"": [10]}]"
2026_08_16/000,e1,v7,,v1_votescope_all,85.09,85.81,0.72,1.422,球M,321,0.385,,,,0.584,0.002,,,1,0,7,球M,1,3,"[{""name"": ""球M"", ""share"": 0.385, ""labels"": [321]}, {""name"": ""object#17"", ""share"": 0.225, ""labels"": [17]}, {""name"": ""object#10"", ""share"": 0.17, ""labels"": [10]}]"
2026_08_16/000,e1,v7,,v1_votescope_all,85.86,87.23,1.37,1.488,球M,321,0.273,,,,0.905,0.002,,,0,0,7,球M,1,3,"[{""name"": ""球M"", ""share"": 0.273, ""labels"": [321]}, {""name"": ""object#17"", ""share"": 0.247, ""labels"": [17]}, {""name"": ""object#10"", ""share"": 0.244, ""labels"": [10]}]"
2026_08_16/000,e1,v7,,v1_votescope_all,87.29,87.79,0.5,1.42,球M,321,0.378,,,,0.664,0.0,,,1,0,7,球M,1,3,"[{""name"": ""球M"", ""share"": 0.378, ""labels"": [321]}, {""name"": ""object#17"", ""share"": 0.251, ""labels"": [17]}, {""name"": ""object#10"", ""share"": 0.129, ""labels"": [10]}]"
2026_08_16/000,e1,v7,,v1_votescope_all,87.84,88.28,0.44,1.472,球M,321,0.326,,,,0.837,0.001,,,0,0,7,球M,1,3,"[{""name"": ""球M"", ""share"": 0.326, ""labels"": [321]}, {""name"": ""object#17"", ""share"": 0.273, ""labels"": [17]}, {""name"": ""object#10"", ""share"": 0.153, ""labels"": [10]}]"
2026_08_16/000,e1,v7,,v1_votescope_all,89.27,91.31,2.04,1.664,石榴,78,0.533,,,,0.589,0.464,,,1,1,,,,3,"[{""name"": ""石榴"", ""share"": 0.533, ""labels"": [78]}, {""name"": ""object#17"", ""share"": 0.314, ""labels"": [17]}, {""name"": ""object#201"", ""share"": 0.13, ""labels"": [201]}]"
2026_08_16/000,e1,v7,,v1_votescope_all,91.43,94.96,3.53,1.652,石榴,78,0.448,,,,0.746,0.529,,,0,0,8,石榴,1,3,"[{""name"": ""石榴"", ""share"": 0.448, ""labels"": [78]}, {""name"": ""object#17"", ""share"": 0.334, ""labels"": [17]}, {""name"": ""object#201"", ""share"": 0.192, ""labels"": [201]}]"
2026_08_16/000,e1,v7,,v1_votescope_all,95.48,96.04,0.56,1.494,object#316,316,0.474,,,,0.878,0.009,,,1,0,,,,3,"[{""name"": ""object#316"", ""share"": 0.474, ""labels"": [316]}, {""name"": ""香蕉"", ""share"": 0.416, ""labels"": [323]}, {""name"": ""object#10"", ""share"": 0.051, ""labels"": [10]}]"
2026_08_16/000,e1,v7,,v1_votescope_all,96.09,96.77,0.68,1.574,香蕉,323,0.429,,,,0.888,0.006,,,0,0,,,,3,"[{""name"": ""香蕉"", ""share"": 0.429, ""labels"": [323]}, {""name"": ""object#316"", ""share"": 0.381, ""labels"": [316]}, {""name"": ""object#17"", ""share"": 0.136, ""labels"": [17]}]"
2026_08_16/000,e1,v7,,v1_votescope_all,96.92,98.03,1.1,1.572,香蕉,323,0.432,,,,0.815,0.003,,,0,0,9,香蕉,1,3,"[{""name"": ""香蕉"", ""share"": 0.432, ""labels"": [323]}, {""name"": ""object#316"", ""share"": 0.352, ""labels"": [316]}, {""name"": ""object#17"", ""share"": 0.147, ""labels"": [17]}]"
2026_08_16/000,e1,v7,,v1_votescope_all,98.42,99.43,1.01,1.597,香蕉,323,0.412,,,,0.808,0.001,,,0,0,9,香蕉,1,3,"[{""name"": ""香蕉"", ""share"": 0.412, ""labels"": [323]}, {""name"": ""object#316"", ""share"": 0.333, ""labels"": [316]}, {""name"": ""object#17"", ""share"": 0.155, ""labels"": [17]}]"
2026_08_16/000,e1,v7,,v1_votescope_all,99.79,100.65,0.87,1.608,香蕉,323,0.418,,,,0.785,0.002,,,0,0,9,香蕉,1,3,"[{""name"": ""香蕉"", ""share"": 0.418, ""labels"": [323]}, {""name"": ""object#316"", ""share"": 0.328, ""labels"": [316]}, {""name"": ""object#17"", ""share"": 0.146, ""labels"": [17]}]"
2026_08_16/000,e1,v7,,v1_votescope_all,101.26,101.76,0.5,1.649,香蕉,323,0.233,,,,0.918,0.084,,,0,0,9,香蕉,1,3,"[{""name"": ""香蕉"", ""share"": 0.233, ""labels"": [323]}, {""name"": ""object#316"", ""share"": 0.214, ""labels"": [316]}, {""name"": ""object#17"", ""share"": 0.187, ""labels"": [17]}]"
2026_08_16/000,e1,v7,,v1_votescope_all,102.44,105.28,2.83,1.453,object#316,316,0.584,,,,0.485,0.018,,,1,1,,,,3,"[{""name"": ""object#316"", ""share"": 0.584, ""labels"": [316]}, {""name"": ""球L"", ""share"": 0.283, ""labels"": [320]}, {""name"": ""香蕉"", ""share"": 0.083, ""labels"": [323]}]"
2026_08_16/000,e1,v7,,v1_votescope_all,105.38,108.98,3.6,1.487,object#316,316,0.582,,,,0.33,0.01,,,1,1,10,球L,0,3,"[{""name"": ""object#316"", ""share"": 0.582, ""labels"": [316]}, {""name"": ""球L"", ""share"": 0.192, ""labels"": [320]}, {""name"": ""香蕉"", ""share"": 0.17, ""labels"": [323]}]"
2026_08_16/000,e1,v7,,v1_votescope_all,109.36,111.89,2.53,1.65,苹果,300,0.302,,,,0.699,0.223,,,0,0,,,,3,"[{""name"": ""苹果"", ""share"": 0.302, ""labels"": [300]}, {""name"": ""object#10"", ""share"": 0.211, ""labels"": [10]}, {""name"": ""object#316"", ""share"": 0.182, ""labels"": [316]}]"
2026_08_16/000,e1,v7,,v1_votescope_all,112.0,112.83,0.83,1.654,苹果,300,0.335,,,,0.615,0.272,,,0,0,11,苹果,1,3,"[{""name"": ""苹果"", ""share"": 0.335, ""labels"": [300]}, {""name"": ""object#10"", ""share"": 0.206, ""labels"": [10]}, {""name"": ""object#316"", ""share"": 0.162, ""labels"": [316]}]"
2026_08_16/000,e1,v7,,v1_votescope_all,113.15,114.45,1.3,1.663,苹果,300,0.307,,,,0.752,0.375,,,0,0,11,苹果,1,3,"[{""name"": ""苹果"", ""share"": 0.307, ""labels"": [300]}, {""name"": ""object#10"", ""share"": 0.231, ""labels"": [10]}, {""name"": ""object#17"", ""share"": 0.175, ""labels"": [17]}]"
2026_08_16/000,e1,v7,,v1_votescope_all,114.56,114.84,0.28,1.664,苹果,300,0.268,,,,0.817,0.275,,,0,0,11,苹果,1,3,"[{""name"": ""苹果"", ""share"": 0.268, ""labels"": [300]}, {""name"": ""object#10"", ""share"": 0.219, ""labels"": [10]}, {""name"": ""object#17"", ""share"": 0.183, ""labels"": [17]}]"
2026_08_16/000,e1,v7,,v1_votescope_all,114.94,116.34,1.4,1.666,苹果,300,0.252,,,,0.913,0.272,,,0,0,11,苹果,1,3,"[{""name"": ""苹果"", ""share"": 0.252, ""labels"": [300]}, {""name"": ""object#10"", ""share"": 0.23, ""labels"": [10]}, {""name"": ""object#17"", ""share"": 0.195, ""labels"": [17]}]"
2026_08_16/000,e1,v7,,v1_votescope_all,116.39,116.71,0.32,1.557,object#17,17,0.398,,,,0.455,0.004,,,1,0,,,,3,"[{""name"": ""object#17"", ""share"": 0.398, ""labels"": [17]}, {""name"": ""object#34"", ""share"": 0.181, ""labels"": [34]}, {""name"": ""object#10"", ""share"": 0.158, ""labels"": [10]}]"
2026_08_16/000,e1,v7,,v1_votescope_all,117.61,123.36,5.75,1.473,object#318,318,0.444,,,,0.908,0.658,,,0,0,12,球R,0,3,"[{""name"": ""object#318"", ""share"": 0.444, ""labels"": [318]}, {""name"": ""球R"", ""share"": 0.403, ""labels"": [322]}, {""name"": ""object#10"", ""share"": 0.087, ""labels"": [10]}]"
2026_08_16/000,e1,v7,,v1_votescope_all,125.44,125.75,0.3,1.305,object#20,20,0.955,,,,0.047,0.832,,,1,1,,,,2,"[{""name"": ""object#20"", ""share"": 0.955, ""labels"": [20]}, {""name"": ""object#187"", ""share"": 0.045, ""labels"": [187]}]"
2026_08_16/000,e1,v7,,v1_votescope_all,127.5,127.78,0.27,1.096,object#59,59,0.996,,,,0.004,0.153,,,1,1,,,,3,"[{""name"": ""object#59"", ""share"": 0.996, ""labels"": [59]}, {""name"": ""object#223"", ""share"": 0.004, ""labels"": [223]}, {""name"": ""object#187"", ""share"": 0.0, ""labels"": [187]}]"
2026_08_16/000,e1,v7,,v1_votescope_all,128.06,128.34,0.28,1.205,object#67,67,0.801,,,,0.245,0.0,,,1,1,,,,3,"[{""name"": ""object#67"", ""share"": 0.801, ""labels"": [67]}, {""name"": ""object#59"", ""share"": 0.196, ""labels"": [59]}, {""name"": ""object#223"", ""share"": 0.001, ""labels"": [223]}]"
2026_08_16/001,e2,v7,stress,v1_votescope_all,8.06,8.71,0.65,2.539,floor,0,1.0,,,,0.0,0.064,,,0,0,,,,2,"[{""name"": ""floor"", ""share"": 1.0, ""labels"": [0]}, {""name"": ""object#111"", ""share"": 0.0, ""labels"": [111]}]"
2026_08_16/001,e2,v7,stress,v1_votescope_all,8.88,9.2,0.32,2.76,floor,0,1.0,,,,0.0,0.061,,,0,0,,,,2,"[{""name"": ""floor"", ""share"": 1.0, ""labels"": [0]}, {""name"": ""object#111"", ""share"": 0.0, ""labels"": [111]}]"
2026_08_16/001,e2,v7,stress,v1_votescope_all,9.25,9.69,0.43,3.059,floor,0,0.982,,,,0.018,0.085,,,0,0,,,,2,"[{""name"": ""floor"", ""share"": 0.982, ""labels"": [0]}, {""name"": ""object#111"", ""share"": 0.018, ""labels"": [111]}]"
2026_08_16/001,e2,v7,stress,v1_votescope_all,10.59,10.86,0.27,2.847,object#13,13,0.298,,,,0.96,0.018,,,0,0,,,,3,"[{""name"": ""object#13"", ""share"": 0.298, ""labels"": [13]}, {""name"": ""object#179"", ""share"": 0.286, ""labels"": [179]}, {""name"": ""object#130"", ""share"": 0.129, ""labels"": [130]}]"
2026_08_16/001,e2,v7,stress,v1_votescope_all,10.91,11.29,0.38,3.104,object#179,179,0.32,,,,0.453,0.175,,,0,0,,,,3,"[{""name"": ""object#179"", ""share"": 0.32, ""labels"": [179]}, {""name"": ""object#130"", ""share"": 0.145, ""labels"": [130]}, {""name"": ""object#317"", ""share"": 0.097, ""labels"": [317]}]"
2026_08_16/001,e2,v7,stress,v1_votescope_all,11.4,11.94,0.54,3.057,object#46,46,0.391,,,,0.627,0.143,,,1,0,,,,3,"[{""name"": ""object#46"", ""share"": 0.391, ""labels"": [46]}, {""name"": ""object#10"", ""share"": 0.245, ""labels"": [10]}, {""name"": ""object#53"", ""share"": 0.111, ""labels"": [53]}]"
2026_08_16/001,e2,v7,stress,v1_votescope_all,12.59,15.9,3.3,3.175,object#10,10,0.372,,,,0.637,0.319,,,1,0,,,,3,"[{""name"": ""object#10"", ""share"": 0.372, ""labels"": [10]}, {""name"": ""object#46"", ""share"": 0.237, ""labels"": [46]}, {""name"": ""object#316"", ""share"": 0.168, ""labels"": [316]}]"
2026_08_16/001,e2,v7,stress,v1_votescope_all,16.18,18.34,2.17,3.164,object#10,10,0.378,,,,0.569,0.311,,,1,0,1,球L,0,3,"[{""name"": ""object#10"", ""share"": 0.378, ""labels"": [10]}, {""name"": ""object#316"", ""share"": 0.215, ""labels"": [316]}, {""name"": ""object#46"", ""share"": 0.199, ""labels"": [46]}]"
2026_08_16/001,e2,v7,stress,v1_votescope_all,18.72,19.1,0.38,3.171,object#46,46,0.411,,,,0.416,0.154,,,1,0,1,球L,0,3,"[{""name"": ""object#46"", ""share"": 0.411, ""labels"": [46]}, {""name"": ""object#10"", ""share"": 0.171, ""labels"": [10]}, {""name"": ""object#316"", ""share"": 0.115, ""labels"": [316]}]"
2026_08_16/001,e2,v7,stress,v1_votescope_all,19.64,20.4,0.76,3.193,object#130,130,0.332,,,,0.654,0.469,,,0,0,,,,3,"[{""name"": ""object#130"", ""share"": 0.332, ""labels"": [130]}, {""name"": ""object#305"", ""share"": 0.217, ""labels"": [305]}, {""name"": ""object#318"", ""share"": 0.143, ""labels"": [318]}]"
2026_08_16/001,e2,v7,stress,v1_votescope_all,20.85,21.83,0.97,3.2,object#130,130,0.469,,,,0.241,0.153,,,1,0,,,,3,"[{""name"": ""object#130"", ""share"": 0.469, ""labels"": [130]}, {""name"": ""object#179"", ""share"": 0.113, ""labels"": [179]}, {""name"": ""object#318"", ""share"": 0.09, ""labels"": [318]}]"
2026_08_16/001,e2,v7,stress,v1_votescope_all,21.88,22.48,0.6,3.21,object#130,130,0.336,,,,0.676,0.233,,,0,0,,,,3,"[{""name"": ""object#130"", ""share"": 0.336, ""labels"": [130]}, {""name"": ""object#318"", ""share"": 0.227, ""labels"": [318]}, {""name"": ""object#10"", ""share"": 0.083, ""labels"": [10]}]"
2026_08_16/001,e2,v7,stress,v1_votescope_all,22.91,24.97,2.06,3.183,object#130,130,0.473,,,,0.268,0.136,,,1,0,,,,3,"[{""name"": ""object#130"", ""share"": 0.473, ""labels"": [130]}, {""name"": ""object#179"", ""share"": 0.127, ""labels"": [179]}, {""name"": ""object#318"", ""share"": 0.081, ""labels"": [318]}]"
2026_08_16/001,e2,v7,stress,v1_votescope_all,25.14,26.0,0.87,3.189,object#130,130,0.469,,,,0.254,0.194,,,1,0,,,,3,"[{""name"": ""object#130"", ""share"": 0.469, ""labels"": [130]}, {""name"": ""object#318"", ""share"": 0.119, ""labels"": [318]}, {""name"": ""object#305"", ""share"": 0.09, ""labels"": [305]}]"
2026_08_16/001,e2,v7,stress,v1_votescope_all,26.62,27.75,1.14,3.165,object#316,316,0.331,,,,0.949,0.229,,,0,0,,,,3,"[{""name"": ""object#316"", ""share"": 0.331, ""labels"": [316]}, {""name"": ""object#10"", ""share"": 0.314, ""labels"": [10]}, {""name"": ""球L"", ""share"": 0.092, ""labels"": [320]}]"
2026_08_16/001,e2,v7,stress,v1_votescope_all,27.92,28.57,0.65,3.268,object#10,10,0.346,,,,0.884,0.265,,,0,0,,,,3,"[{""name"": ""object#10"", ""share"": 0.346, ""labels"": [10]}, {""name"": ""object#316"", ""share"": 0.306, ""labels"": [316]}, {""name"": ""object#46"", ""share"": 0.109, ""labels"": [46]}]"
2026_08_16/001,e2,v7,stress,v1_votescope_all,28.82,31.52,2.71,3.284,object#10,10,0.342,,,,0.915,0.248,,,0,0,,,,3,"[{""name"": ""object#10"", ""share"": 0.342, ""labels"": [10]}, {""name"": ""object#316"", ""share"": 0.313, ""labels"": [316]}, {""name"": ""object#46"", ""share"": 0.091, ""labels"": [46]}]"
2026_08_16/001,e2,v7,stress,v1_votescope_all,31.58,31.85,0.27,3.283,object#46,46,0.298,,,,0.732,0.163,,,0,0,,,,3,"[{""name"": ""object#46"", ""share"": 0.298, ""labels"": [46]}, {""name"": ""object#10"", ""share"": 0.218, ""labels"": [10]}, {""name"": ""object#316"", ""share"": 0.189, ""labels"": [316]}]"
2026_08_16/001,e2,v7,stress,v1_votescope_all,32.18,32.5,0.32,3.286,object#316,316,0.313,,,,0.911,0.199,,,0,0,2,球R,0,3,"[{""name"": ""object#316"", ""share"": 0.313, ""labels"": [316]}, {""name"": ""object#10"", ""share"": 0.285, ""labels"": [10]}, {""name"": ""球L"", ""share"": 0.095, ""labels"": [320]}]"
2026_08_16/001,e2,v7,stress,v1_votescope_all,32.56,33.64,1.08,3.305,object#318,318,0.356,,,,0.371,0.449,,,1,0,2,球R,0,3,"[{""name"": ""object#318"", ""share"": 0.356, ""labels"": [318]}, {""name"": ""object#130"", ""share"": 0.132, ""labels"": [130]}, {""name"": ""球R"", ""share"": 0.131, ""labels"": [322]}]"
2026_08_16/001,e2,v7,stress,v1_votescope_all,33.8,34.24,0.43,3.327,object#318,318,0.232,,,,0.94,0.217,,,0,0,2,球R,0,3,"[{""name"": ""object#318"", ""share"": 0.232, ""labels"": [318]}, {""name"": ""object#130"", ""share"": 0.218, ""labels"": [130]}, {""name"": ""object#10"", ""share"": 0.107, ""labels"": [10]}]"
2026_08_16/001,e2,v7,stress,v1_votescope_all,34.47,37.77,3.3,3.316,object#318,318,0.259,,,,0.718,0.226,,,0,0,2,球R,0,3,"[{""name"": ""object#318"", ""share"": 0.259, ""labels"": [318]}, {""name"": ""object#130"", ""share"": 0.186, ""labels"": [130]}, {""name"": ""object#10"", ""share"": 0.097, ""labels"": [10]}]"
2026_08_16/001,e2,v7,stress,v1_votescope_all,38.0,38.71,0.7,3.326,object#318,318,0.283,,,,0.848,0.264,,,0,0,2,球R,0,3,"[{""name"": ""object#318"", ""share"": 0.283, ""labels"": [318]}, {""name"": ""object#130"", ""share"": 0.24, ""labels"": [130]}, {""name"": ""object#10"", ""share"": 0.091, ""labels"": [10]}]"
2026_08_16/001,e2,v7,stress,v1_votescope_all,38.98,39.9,0.92,3.31,object#318,318,0.282,,,,0.652,0.245,,,0,0,2,球R,0,3,"[{""name"": ""object#318"", ""share"": 0.282, ""labels"": [318]}, {""name"": ""object#130"", ""share"": 0.184, ""labels"": [130]}, {""name"": ""object#17"", ""share"": 0.098, ""labels"": [17]}]"
2026_08_16/001,e2,v7,stress,v1_votescope_all,40.15,40.42,0.27,3.515,object#46,46,0.302,,,,0.49,0.175,,,0,0,,,,3,"[{""name"": ""object#46"", ""share"": 0.302, ""labels"": [46]}, {""name"": ""object#135"", ""share"": 0.148, ""labels"": [135]}, {""name"": ""object#179"", ""share"": 0.118, ""labels"": [179]}]"
2026_08_16/001,e2,v7,stress,v1_votescope_all,40.53,40.91,0.38,3.452,object#46,46,0.269,,,,0.651,0.157,,,0,0,,,,3,"[{""name"": ""object#46"", ""share"": 0.269, ""labels"": [46]}, {""name"": ""object#135"", ""share"": 0.175, ""labels"": [135]}, {""name"": ""object#179"", ""share"": 0.131, ""labels"": [179]}]"
2026_08_16/001,e2,v7,stress,v1_votescope_all,43.74,45.42,1.68,3.61,object#46,46,0.22,,,,0.773,0.2,,,0,0,5,球M,0,3,"[{""name"": ""object#46"", ""share"": 0.22, ""labels"": [46]}, {""name"": ""object#179"", ""share"": 0.17, ""labels"": [179]}, {""name"": ""object#135"", ""share"": 0.145, ""labels"": [135]}]"
2026_08_16/001,e2,v7,stress,v1_votescope_all,46.8,49.4,2.6,3.275,object#316,316,0.282,,,,0.911,0.211,,,0,0,,,,3,"[{""name"": ""object#316"", ""share"": 0.282, ""labels"": [316]}, {""name"": ""object#10"", ""share"": 0.257, ""labels"": [10]}, {""name"": ""object#46"", ""share"": 0.184, ""labels"": [46]}]"
2026_08_16/001,e2,v7,stress,v1_votescope_all,49.66,51.12,1.46,3.274,object#316,316,0.28,,,,0.9,0.168,,,0,0,,,,3,"[{""name"": ""object#316"", ""share"": 0.28, ""labels"": [316]}, {""name"": ""object#10"", ""share"": 0.252, ""labels"": [10]}, {""name"": ""object#46"", ""share"": 0.161, ""labels"": [46]}]"
2026_08_16/001,e2,v7,stress,v1_votescope_all,51.44,53.07,1.62,3.277,object#46,46,0.342,,,,0.693,0.168,,,0,0,,,,3,"[{""name"": ""object#46"", ""share"": 0.342, ""labels"": [46]}, {""name"": ""object#10"", ""share"": 0.237, ""labels"": [10]}, {""name"": ""object#316"", ""share"": 0.163, ""labels"": [316]}]"
2026_08_16/001,e2,v7,stress,v1_votescope_all,53.44,54.14,0.7,3.298,object#316,316,0.32,,,,0.972,0.231,,,0,0,,,,3,"[{""name"": ""object#316"", ""share"": 0.32, ""labels"": [316]}, {""name"": ""object#10"", ""share"": 0.311, ""labels"": [10]}, {""name"": ""object#46"", ""share"": 0.095, ""labels"": [46]}]"
2026_08_16/001,e2,v7,stress,v1_votescope_all,54.2,56.53,2.33,3.274,object#316,316,0.319,,,,0.834,0.19,,,0,0,,,,3,"[{""name"": ""object#316"", ""share"": 0.319, ""labels"": [316]}, {""name"": ""object#10"", ""share"": 0.266, ""labels"": [10]}, {""name"": ""object#46"", ""share"": 0.096, ""labels"": [46]}]"
2026_08_16/001,e2,v7,stress,v1_votescope_all,56.74,59.83,3.09,3.27,object#316,316,0.33,,,,0.736,0.224,,,0,0,,,,3,"[{""name"": ""object#316"", ""share"": 0.33, ""labels"": [316]}, {""name"": ""object#10"", ""share"": 0.243, ""labels"": [10]}, {""name"": ""球L"", ""share"": 0.098, ""labels"": [320]}]"
2026_08_16/001,e2,v7,stress,v1_votescope_all,60.49,62.76,2.27,3.338,object#318,318,0.254,,,,0.606,0.225,,,0,0,10,球R,0,3,"[{""name"": ""object#318"", ""share"": 0.254, ""labels"": [318]}, {""name"": ""object#130"", ""share"": 0.154, ""labels"": [130]}, {""name"": ""object#17"", ""share"": 0.116, ""labels"": [17]}]"
2026_08_16/001,e2,v7,stress,v1_votescope_all,62.99,66.51,3.52,3.328,object#130,130,0.305,,,,0.748,0.223,,,0,0,10,球R,0,3,"[{""name"": ""object#130"", ""share"": 0.305, ""labels"": [130]}, {""name"": ""object#318"", ""share"": 0.228, ""labels"": [318]}, {""name"": ""object#10"", ""share"": 0.092, ""labels"": [10]}]"
2026_08_16/001,e2,v7,stress,v1_votescope_all,67.2,69.42,2.22,3.275,object#46,46,0.275,,,,0.942,0.185,,,0,0,11,球L,0,3,"[{""name"": ""object#46"", ""share"": 0.275, ""labels"": [46]}, {""name"": ""object#10"", ""share"": 0.259, ""labels"": [10]}, {""name"": ""object#316"", ""share"": 0.189, ""labels"": [316]}]"
2026_08_16/001,e2,v7,stress,v1_votescope_all,69.64,71.37,1.73,3.283,object#46,46,0.306,,,,0.824,0.167,,,0,0,11,球L,0,3,"[{""name"": ""object#46"", ""share"": 0.306, ""labels"": [46]}, {""name"": ""object#10"", ""share"": 0.252, ""labels"": [10]}, {""name"": ""object#316"", ""share"": 0.189, ""labels"": [316]}]"
2026_08_16/001,e2,v7,stress,v1_votescope_all,71.61,73.88,2.27,3.287,object#316,316,0.263,,,,0.951,0.186,,,0,0,11,球L,0,3,"[{""name"": ""object#316"", ""share"": 0.263, ""labels"": [316]}, {""name"": ""object#10"", ""share"": 0.25, ""labels"": [10]}, {""name"": ""object#46"", ""share"": 0.199, ""labels"": [46]}]"
2026_08_16/001,e2,v7,stress,v1_votescope_all,74.13,80.95,6.82,3.305,object#130,130,0.442,,,,0.267,0.219,,,1,0,,,,3,"[{""name"": ""object#130"", ""share"": 0.442, ""labels"": [130]}, {""name"": ""object#318"", ""share"": 0.118, ""labels"": [318]}, {""name"": ""object#305"", ""share"": 0.096, ""labels"": [305]}]"
2026_08_16/001,e2,v7,stress,v1_votescope_all,81.41,81.68,0.27,3.522,object#46,46,0.24,,,,0.754,0.177,,,0,0,,,,3,"[{""name"": ""object#46"", ""share"": 0.24, ""labels"": [46]}, {""name"": ""object#179"", ""share"": 0.181, ""labels"": [179]}, {""name"": ""object#135"", ""share"": 0.148, ""labels"": [135]}]"
2026_08_16/001,e2,v7,stress,v1_votescope_all,81.85,86.29,4.44,3.285,object#10,10,0.512,,,,0.326,0.448,,,1,1,,,,3,"[{""name"": ""object#10"", ""share"": 0.512, ""labels"": [10]}, {""name"": ""object#46"", ""share"": 0.167, ""labels"": [46]}, {""name"": ""object#316"", ""share"": 0.162, ""labels"": [316]}]"
2026_08_16/001,e2,v7,stress,v1_votescope_all,86.34,87.86,1.52,3.295,object#10,10,0.312,,,,0.756,0.216,,,0,0,,,,3,"[{""name"": ""object#10"", ""share"": 0.312, ""labels"": [10]}, {""name"": ""object#316"", ""share"": 0.236, ""labels"": [316]}, {""name"": ""object#46"", ""share"": 0.225, ""labels"": [46]}]"
2026_08_16/001,e2,v7,stress,v1_votescope_all,89.87,90.14,0.27,3.453,object#46,46,0.388,,,,0.348,0.183,,,1,0,,,,3,"[{""name"": ""object#46"", ""share"": 0.388, ""labels"": [46]}, {""name"": ""object#135"", ""share"": 0.135, ""labels"": [135]}, {""name"": ""object#13"", ""share"": 0.076, ""labels"": [13]}]"
2026_08_16/001,e2,v7,stress,v1_votescope_all,90.47,90.74,0.27,4.61,object#46,46,0.195,,,,0.564,0.139,,,0,0,,,,3,"[{""name"": ""object#46"", ""share"": 0.195, ""labels"": [46]}, {""name"": ""球M"", ""share"": 0.11, ""labels"": [321]}, {""name"": ""object#317"", ""share"": 0.108, ""labels"": [317]}]"
2026_08_16/001,e2,v7,stress,v1_votescope_all,91.28,91.61,0.32,3.661,object#46,46,0.279,,,,0.52,0.226,,,0,0,,,,3,"[{""name"": ""object#46"", ""share"": 0.279, ""labels"": [46]}, {""name"": ""object#135"", ""share"": 0.145, ""labels"": [135]}, {""name"": ""object#179"", ""share"": 0.128, ""labels"": [179]}]"
2026_08_16/001,e2,v7,stress,v1_votescope_all,93.23,93.5,0.27,3.709,object#179,179,0.218,,,,0.812,0.215,,,0,0,12,球M,0,3,"[{""name"": ""object#179"", ""share"": 0.218, ""labels"": [179]}, {""name"": ""object#46"", ""share"": 0.177, ""labels"": [46]}, {""name"": ""object#135"", ""share"": 0.112, ""labels"": [135]}]"
2026_08_16/001,e2,v7,stress,v1_votescope_all,93.93,94.91,0.97,3.438,object#46,46,0.342,,,,0.509,0.153,,,0,0,12,球M,0,3,"[{""name"": ""object#46"", ""share"": 0.342, ""labels"": [46]}, {""name"": ""object#135"", ""share"": 0.174, ""labels"": [135]}, {""name"": ""object#13"", ""share"": 0.109, ""labels"": [13]}]"
2026_08_16/001,e2,v7,stress,v1_votescope_all,95.12,95.56,0.43,4.571,object#46,46,0.236,,,,0.415,0.131,,,0,0,12,球M,0,3,"[{""name"": ""object#46"", ""share"": 0.236, ""labels"": [46]}, {""name"": ""球M"", ""share"": 0.098, ""labels"": [321]}, {""name"": ""object#135"", ""share"": 0.088, ""labels"": [135]}]"
2026_08_16/001,e2,v7,stress,v1_votescope_all,96.63,96.9,0.27,4.012,object#187,187,0.942,,,,0.061,0.8,,,1,1,,,,3,"[{""name"": ""object#187"", ""share"": 0.942, ""labels"": [187]}, {""name"": ""object#20"", ""share"": 0.057, ""labels"": [20]}, {""name"": ""object#59"", ""share"": 0.001, ""labels"": [59]}]"
2026_08_16/001,e2,v7,stress,v1_votescope_all,99.92,100.19,0.27,2.123,floor,0,0.693,,,,0.443,0.522,,,0,0,,,,2,"[{""name"": ""floor"", ""share"": 0.693, ""labels"": [0]}, {""name"": ""object#111"", ""share"": 0.307, ""labels"": [111]}]"
2026_08_16/s1,s1,v7,,v1_votescope_all,2.85,3.39,0.54,1.11,object#20,20,0.723,,,,0.383,0.988,,,1,1,,,,2,"[{""name"": ""object#20"", ""share"": 0.723, ""labels"": [20]}, {""name"": ""object#187"", ""share"": 0.277, ""labels"": [187]}]"
2026_08_16/s1,s1,v7,,v1_votescope_all,3.45,3.83,0.38,1.152,object#187,187,0.757,,,,0.321,0.983,,,1,1,,,,2,"[{""name"": ""object#187"", ""share"": 0.757, ""labels"": [187]}, {""name"": ""object#20"", ""share"": 0.243, ""labels"": [20]}]"
2026_08_16/s1,s1,v7,,v1_votescope_all,6.42,6.69,0.27,2.254,object#187,187,0.79,,,,0.266,0.859,,,1,1,,,,2,"[{""name"": ""object#187"", ""share"": 0.79, ""labels"": [187]}, {""name"": ""object#20"", ""share"": 0.21, ""labels"": [20]}]"
2026_08_16/s1,s1,v7,,v1_votescope_all,9.53,9.8,0.27,2.217,object#20,20,0.718,,,,0.393,0.913,,,1,1,,,,2,"[{""name"": ""object#20"", ""share"": 0.718, ""labels"": [20]}, {""name"": ""object#187"", ""share"": 0.282, ""labels"": [187]}]"
2026_08_16/s1,s1,v7,,v1_votescope_all,10.44,10.71,0.27,2.258,object#20,20,0.826,,,,0.211,0.507,,,1,1,,,,2,"[{""name"": ""object#20"", ""share"": 0.826, ""labels"": [20]}, {""name"": ""object#187"", ""share"": 0.174, ""labels"": [187]}]"
2026_08_16/s1,s1,v7,,v1_votescope_all,10.77,11.26,0.49,2.178,object#20,20,0.898,,,,0.114,0.654,,,1,1,,,,2,"[{""name"": ""object#20"", ""share"": 0.898, ""labels"": [20]}, {""name"": ""object#187"", ""share"": 0.102, ""labels"": [187]}]"
2026_08_16/s1,s1,v7,,v1_votescope_all,11.55,12.74,1.19,2.526,object#32,32,1.0,,,,0.0,0.029,,,1,1,,,,1,"[{""name"": ""object#32"", ""share"": 1.0, ""labels"": [32]}]"
2026_08_16/s1,s1,v7,,v1_votescope_all,13.86,14.24,0.38,1.613,球M,321,0.26,,,,0.962,0.003,,,0,0,,,,3,"[{""name"": ""球M"", ""share"": 0.26, ""labels"": [321]}, {""name"": ""object#17"", ""share"": 0.25, ""labels"": [17]}, {""name"": ""object#10"", ""share"": 0.214, ""labels"": [10]}]"
2026_08_16/s1,s1,v7,,v1_votescope_all,14.51,15.0,0.49,1.756,object#34,34,0.424,,,,0.45,0.004,,,1,0,,,,3,"[{""name"": ""object#34"", ""share"": 0.424, ""labels"": [34]}, {""name"": ""object#17"", ""share"": 0.191, ""labels"": [17]}, {""name"": ""object#37"", ""share"": 0.182, ""labels"": [37]}]"
2026_08_16/s1,s1,v7,,v1_votescope_all,16.01,19.69,3.68,1.615,object#318,318,0.454,,,,0.806,0.212,,,1,0,1,球R,0,3,"[{""name"": ""object#318"", ""share"": 0.454, ""labels"": [318]}, {""name"": ""球R"", ""share"": 0.366, ""labels"": [322]}, {""name"": ""object#10"", ""share"": 0.071, ""labels"": [10]}]"
2026_08_16/s1,s1,v7,,v1_votescope_all,19.96,20.23,0.27,1.603,球R,322,0.452,,,,0.79,0.268,,,1,0,1,球R,1,3,"[{""name"": ""球R"", ""share"": 0.452, ""labels"": [322]}, {""name"": ""object#318"", ""share"": 0.357, ""labels"": [318]}, {""name"": ""object#17"", ""share"": 0.085, ""labels"": [17]}]"
2026_08_16/s1,s1,v7,,v1_votescope_all,20.53,22.37,1.84,1.606,球R,322,0.414,,,,0.954,0.23,,,0,0,1,球R,1,3,"[{""name"": ""球R"", ""share"": 0.414, ""labels"": [322]}, {""name"": ""object#318"", ""share"": 0.395, ""labels"": [318]}, {""name"": ""object#17"", ""share"": 0.083, ""labels"": [17]}]"
2026_08_16/s1,s1,v7,,v1_votescope_all,22.76,29.26,6.5,1.53,球L,320,0.463,,,,0.965,0.18,,,1,0,2,球L,1,3,"[{""name"": ""球L"", ""share"": 0.463, ""labels"": [320]}, {""name"": ""object#316"", ""share"": 0.447, ""labels"": [316]}, {""name"": ""object#10"", ""share"": 0.065, ""labels"": [10]}]"
2026_08_16/s1,s1,v7,,v1_votescope_all,29.8,31.31,1.52,1.488,球M,321,0.518,,,,0.28,0.005,,,1,1,,,,3,"[{""name"": ""球M"", ""share"": 0.518, ""labels"": [321]}, {""name"": ""object#17"", ""share"": 0.145, ""labels"": [17]}, {""name"": ""object#317"", ""share"": 0.136, ""labels"": [317]}]"
2026_08_16/s1,s1,v7,,v1_votescope_all,31.58,32.4,0.81,1.485,球M,321,0.495,,,,0.382,0.003,,,1,0,3,球M,1,3,"[{""name"": ""球M"", ""share"": 0.495, ""labels"": [321]}, {""name"": ""object#17"", ""share"": 0.189, ""labels"": [17]}, {""name"": ""object#317"", ""share"": 0.101, ""labels"": [317]}]"
2026_08_16/s1,s1,v7,,v1_votescope_all,32.75,36.27,3.52,1.485,球M,321,0.453,,,,0.47,0.002,,,1,0,3,球M,1,3,"[{""name"": ""球M"", ""share"": 0.453, ""labels"": [321]}, {""name"": ""object#17"", ""share"": 0.213, ""labels"": [17]}, {""name"": ""object#10"", ""share"": 0.095, ""labels"": [10]}]"
2026_08_16/s1,s1,v7,,v1_votescope_all,36.45,36.94,0.49,1.526,object#316,316,0.453,,,,0.918,0.317,,,1,0,,,,3,"[{""name"": ""object#316"", ""share"": 0.453, ""labels"": [316]}, {""name"": ""球L"", ""share"": 0.416, ""labels"": [320]}, {""name"": ""object#10"", ""share"": 0.107, ""labels"": [10]}]"
2026_08_16/s1,s1,v7,,v1_votescope_all,37.0,38.3,1.3,1.514,球L,320,0.464,,,,0.946,0.16,,,1,0,,,,3,"[{""name"": ""球L"", ""share"": 0.464, ""labels"": [320]}, {""name"": ""object#316"", ""share"": 0.439, ""labels"": [316]}, {""name"": ""object#10"", ""share"": 0.067, ""labels"": [10]}]"
2026_08_16/s1,s1,v7,,v1_votescope_all,38.62,39.32,0.7,1.525,球L,320,0.438,,,,0.979,0.208,,,0,0,4,球L,1,3,"[{""name"": ""球L"", ""share"": 0.438, ""labels"": [320]}, {""name"": ""object#316"", ""share"": 0.429, ""labels"": [316]}, {""name"": ""object#10"", ""share"": 0.104, ""labels"": [10]}]"
2026_08_16/s1,s1,v7,,v1_votescope_all,39.38,39.76,0.38,1.56,object#316,316,0.606,,,,0.292,0.023,,,1,1,4,球L,0,3,"[{""name"": ""object#316"", ""share"": 0.606, ""labels"": [316]}, {""name"": ""香蕉"", ""share"": 0.177, ""labels"": [323]}, {""name"": ""球L"", ""share"": 0.139, ""labels"": [320]}]"
2026_08_16/s1,s1,v7,,v1_votescope_all,39.81,42.95,3.14,1.539,object#316,316,0.485,,,,0.854,0.109,,,1,0,4,球L,0,3,"[{""name"": ""object#316"", ""share"": 0.485, ""labels"": [316]}, {""name"": ""球L"", ""share"": 0.414, ""labels"": [320]}, {""name"": ""object#10"", ""share"": 0.059, ""labels"": [10]}]"
2026_08_16/s1,s1,v7,,v1_votescope_all,43.84,49.85,6.01,1.498,球M,321,0.502,,,,0.371,0.005,,,1,1,5,球M,1,3,"[{""name"": ""球M"", ""share"": 0.502, ""labels"": [321]}, {""name"": ""object#17"", ""share"": 0.186, ""labels"": [17]}, {""name"": ""object#317"", ""share"": 0.113, ""labels"": [317]}]"
2026_08_16/s1,s1,v7,,v1_votescope_all,50.63,54.15,3.52,1.499,球M,321,0.51,,,,0.318,0.011,,,1,1,6,球M,1,3,"[{""name"": ""球M"", ""share"": 0.51, ""labels"": [321]}, {""name"": ""object#17"", ""share"": 0.162, ""labels"": [17]}, {""name"": ""object#317"", ""share"": 0.138, ""labels"": [317]}]"
2026_08_16/s1,s1,v7,,v1_votescope_all,54.2,54.69,0.49,1.566,球M,321,0.329,,,,0.638,0.003,,,0,0,6,球M,1,3,"[{""name"": ""球M"", ""share"": 0.329, ""labels"": [321]}, {""name"": ""object#17"", ""share"": 0.21, ""labels"": [17]}, {""name"": ""object#10"", ""share"": 0.194, ""labels"": [10]}]"
2026_08_16/s1,s1,v7,,v1_votescope_all,54.75,55.4,0.65,1.485,球M,321,0.491,,,,0.409,0.006,,,1,0,6,球M,1,3,"[{""name"": ""球M"", ""share"": 0.491, ""labels"": [321]}, {""name"": ""object#17"", ""share"": 0.201, ""labels"": [17]}, {""name"": ""object#10"", ""share"": 0.107, ""labels"": [10]}]"
2026_08_16/s1,s1,v7,,v1_votescope_all,55.67,56.69,1.03,1.48,球M,321,0.52,,,,0.308,0.005,,,1,1,6,球M,1,3,"[{""name"": ""球M"", ""share"": 0.52, ""labels"": [321]}, {""name"": ""object#17"", ""share"": 0.16, ""labels"": [17]}, {""name"": ""object#317"", ""share"": 0.121, ""labels"": [317]}]"
2026_08_16/s1,s1,v7,,v1_votescope_all,56.99,60.95,3.95,1.587,object#318,318,0.429,,,,0.881,0.137,,,0,0,7,球R,0,3,"[{""name"": ""object#318"", ""share"": 0.429, ""labels"": [318]}, {""name"": ""球R"", ""share"": 0.378, ""labels"": [322]}, {""name"": ""object#17"", ""share"": 0.092, ""labels"": [17]}]"
2026_08_16/s1,s1,v7,,v1_votescope_all,61.0,63.44,2.44,1.586,球R,322,0.447,,,,0.651,0.235,,,1,0,7,球R,1,3,"[{""name"": ""球R"", ""share"": 0.447, ""labels"": [322]}, {""name"": ""object#318"", ""share"": 0.291, ""labels"": [318]}, {""name"": ""object#17"", ""share"": 0.156, ""labels"": [17]}]"
2026_08_16/s1,s1,v7,,v1_votescope_all,63.94,64.86,0.92,1.57,球L,320,0.484,,,,0.771,0.397,,,1,0,,,,3,"[{""name"": ""球L"", ""share"": 0.484, ""labels"": [320]}, {""name"": ""object#316"", ""share"": 0.373, ""labels"": [316]}, {""name"": ""object#10"", ""share"": 0.138, ""labels"": [10]}]"
2026_08_16/s1,s1,v7,,v1_votescope_all,65.19,68.98,3.79,1.558,球L,320,0.49,,,,0.806,0.355,,,1,0,8,球L,1,3,"[{""name"": ""球L"", ""share"": 0.49, ""labels"": [320]}, {""name"": ""object#316"", ""share"": 0.395, ""labels"": [316]}, {""name"": ""object#10"", ""share"": 0.108, ""labels"": [10]}]"
2026_08_16/s1,s1,v7,,v1_votescope_all,69.2,70.61,1.41,1.553,object#316,316,0.457,,,,0.917,0.141,,,1,0,8,球L,0,3,"[{""name"": ""object#316"", ""share"": 0.457, ""labels"": [316]}, {""name"": ""球L"", ""share"": 0.419, ""labels"": [320]}, {""name"": ""object#10"", ""share"": 0.078, ""labels"": [10]}]"
2026_08_16/s1,s1,v7,,v1_votescope_all,71.26,77.49,6.23,1.577,球L,320,0.465,,,,0.852,0.368,,,1,0,9,球L,1,3,"[{""name"": ""球L"", ""share"": 0.465, ""labels"": [320]}, {""name"": ""object#316"", ""share"": 0.396, ""labels"": [316]}, {""name"": ""object#10"", ""share"": 0.131, ""labels"": [10]}]"
2026_08_16/s1,s1,v7,,v1_votescope_all,77.87,79.76,1.9,1.518,球M,321,0.432,,,,0.528,0.017,,,1,0,,,,3,"[{""name"": ""球M"", ""share"": 0.432, ""labels"": [321]}, {""name"": ""object#17"", ""share"": 0.228, ""labels"": [17]}, {""name"": ""object#317"", ""share"": 0.135, ""labels"": [317]}]"
2026_08_16/s1,s1,v7,,v1_votescope_all,79.82,80.41,0.6,1.549,球M,321,0.389,,,,0.594,0.026,,,1,0,10,球M,1,3,"[{""name"": ""球M"", ""share"": 0.389, ""labels"": [321]}, {""name"": ""object#17"", ""share"": 0.231, ""labels"": [17]}, {""name"": ""object#10"", ""share"": 0.167, ""labels"": [10]}]"
2026_08_16/s1,s1,v7,,v1_votescope_all,80.47,80.9,0.43,1.506,球M,321,0.524,,,,0.296,0.011,,,1,1,10,球M,1,3,"[{""name"": ""球M"", ""share"": 0.524, ""labels"": [321]}, {""name"": ""object#17"", ""share"": 0.155, ""labels"": [17]}, {""name"": ""object#317"", ""share"": 0.134, ""labels"": [317]}]"
2026_08_16/s1,s1,v7,,v1_votescope_all,81.19,81.79,0.6,1.519,球M,321,0.454,,,,0.441,0.015,,,1,0,10,球M,1,3,"[{""name"": ""球M"", ""share"": 0.454, ""labels"": [321]}, {""name"": ""object#17"", ""share"": 0.2, ""labels"": [17]}, {""name"": ""object#317"", ""share"": 0.142, ""labels"": [317]}]"
2026_08_16/s1,s1,v7,,v1_votescope_all,81.84,82.11,0.27,1.573,object#17,17,0.304,,,,0.984,0.089,,,0,0,10,球M,0,3,"[{""name"": ""object#17"", ""share"": 0.304, ""labels"": [17]}, {""name"": ""object#10"", ""share"": 0.299, ""labels"": [10]}, {""name"": ""球M"", ""share"": 0.169, ""labels"": [321]}]"
2026_08_16/s1,s1,v7,,v1_votescope_all,82.22,82.98,0.76,1.576,球M,321,0.334,,,,0.886,0.026,,,0,0,10,球M,1,3,"[{""name"": ""球M"", ""share"": 0.334, ""labels"": [321]}, {""name"": ""object#17"", ""share"": 0.296, ""labels"": [17]}, {""name"": ""object#10"", ""share"": 0.187, ""labels"": [10]}]"
2026_08_16/s1,s1,v7,,v1_votescope_all,83.56,84.75,1.19,1.578,object#17,17,0.339,,,,0.829,0.033,,,0,0,10,球M,0,3,"[{""name"": ""object#17"", ""share"": 0.339, ""labels"": [17]}, {""name"": ""球M"", ""share"": 0.281, ""labels"": [321]}, {""name"": ""object#10"", ""share"": 0.199, ""labels"": [10]}]"
2026_08_16/s1,s1,v7,,v1_votescope_all,85.1,87.38,2.28,1.615,object#318,318,0.424,,,,0.623,0.049,,,1,0,,,,3,"[{""name"": ""object#318"", ""share"": 0.424, ""labels"": [318]}, {""name"": ""球R"", ""share"": 0.264, ""labels"": [322]}, {""name"": ""object#17"", ""share"": 0.242, ""labels"": [17]}]"
2026_08_16/s1,s1,v7,,v1_votescope_all,87.65,91.55,3.9,1.596,object#318,318,0.509,,,,0.434,0.05,,,1,1,11,球R,0,3,"[{""name"": ""object#318"", ""share"": 0.509, ""labels"": [318]}, {""name"": ""球R"", ""share"": 0.221, ""labels"": [322]}, {""name"": ""object#17"", ""share"": 0.188, ""labels"": [17]}]"
2026_08_16/s1,s1,v7,,v1_votescope_all,92.03,97.66,5.63,1.51,球M,321,0.449,,,,0.39,0.024,,,1,0,12,球M,1,3,"[{""name"": ""球M"", ""share"": 0.449, ""labels"": [321]}, {""name"": ""object#317"", ""share"": 0.175, ""labels"": [317]}, {""name"": ""object#10"", ""share"": 0.154, ""labels"": [10]}]"
2026_08_16/s1,s1,v7,,v1_votescope_all,97.82,98.96,1.14,1.49,球M,321,0.54,,,,0.281,0.008,,,1,1,12,球M,1,3,"[{""name"": ""球M"", ""share"": 0.54, ""labels"": [321]}, {""name"": ""object#317"", ""share"": 0.152, ""labels"": [317]}, {""name"": ""object#17"", ""share"": 0.123, ""labels"": [17]}]"
2026_08_16/s1,s1,v7,,v1_votescope_all,99.26,105.98,6.72,1.609,object#318,318,0.38,,,,0.911,0.09,,,0,0,13,球R,0,3,"[{""name"": ""object#318"", ""share"": 0.38, ""labels"": [318]}, {""name"": ""球R"", ""share"": 0.346, ""labels"": [322]}, {""name"": ""object#17"", ""share"": 0.197, ""labels"": [17]}]"
2026_08_16/s1,s1,v7,,v1_votescope_all,106.49,111.37,4.87,1.617,object#318,318,0.334,,,,0.973,0.073,,,0,0,14,球R,0,3,"[{""name"": ""object#318"", ""share"": 0.334, ""labels"": [318]}, {""name"": ""球R"", ""share"": 0.325, ""labels"": [322]}, {""name"": ""object#17"", ""share"": 0.262, ""labels"": [17]}]"
2026_08_16/s1,s1,v7,,v1_votescope_all,111.42,111.69,0.27,1.665,object#17,17,0.522,,,,0.391,0.034,,,1,1,14,球R,0,3,"[{""name"": ""object#17"", ""share"": 0.522, ""labels"": [17]}, {""name"": ""object#318"", ""share"": 0.204, ""labels"": [318]}, {""name"": ""object#34"", ""share"": 0.122, ""labels"": [34]}]"
2026_08_16/s1,s1,v7,,v1_votescope_all,111.75,113.21,1.46,1.615,object#318,318,0.343,,,,0.907,0.048,,,0,0,14,球R,0,3,"[{""name"": ""object#318"", ""share"": 0.343, ""labels"": [318]}, {""name"": ""object#17"", ""share"": 0.311, ""labels"": [17]}, {""name"": ""球R"", ""share"": 0.266, ""labels"": [322]}]"
2026_08_16/s1,s1,v7,,v1_votescope_all,113.26,113.53,0.27,1.585,object#17,17,0.369,,,,0.827,0.13,,,0,0,,,,3,"[{""name"": ""object#17"", ""share"": 0.369, ""labels"": [17]}, {""name"": ""object#10"", ""share"": 0.305, ""labels"": [10]}, {""name"": ""object#316"", ""share"": 0.179, ""labels"": [316]}]"
2026_08_16/s1,s1,v7,,v1_votescope_all,113.59,120.3,6.72,1.587,球L,320,0.456,,,,0.836,0.394,,,1,0,15,球L,1,3,"[{""name"": ""球L"", ""share"": 0.456, ""labels"": [320]}, {""name"": ""object#316"", ""share"": 0.381, ""labels"": [316]}, {""name"": ""object#10"", ""share"": 0.157, ""labels"": [10]}]"
2026_08_16/s1,s1,v7,,v1_votescope_all,121.21,121.48,0.27,2.891,object#187,187,0.83,,,,0.205,0.911,,,1,1,,,,2,"[{""name"": ""object#187"", ""share"": 0.83, ""labels"": [187]}, {""name"": ""object#20"", ""share"": 0.17, ""labels"": [20]}]"
2026_08_16/s1,s1,v7,,v1_votescope_all,121.65,122.19,0.54,2.226,object#187,187,0.903,,,,0.107,0.572,,,1,1,,,,2,"[{""name"": ""object#187"", ""share"": 0.903, ""labels"": [187]}, {""name"": ""object#20"", ""share"": 0.097, ""labels"": [20]}]"
2026_08_16/s1,s1,v7,,v1_votescope_all,124.38,124.7,0.32,1.534,object#59,59,0.75,,,,0.216,0.089,,,1,1,,,,3,"[{""name"": ""object#59"", ""share"": 0.75, ""labels"": [59]}, {""name"": ""object#223"", ""share"": 0.162, ""labels"": [223]}, {""name"": ""object#278"", ""share"": 0.088, ""labels"": [278]}]"
2026_08_16/s2,s2,v7,,v1_votescope_all,3.36,3.63,0.27,2.088,object#32,32,1.0,,,,0.0,0.211,,,1,1,,,,1,"[{""name"": ""object#32"", ""share"": 1.0, ""labels"": [32]}]"
2026_08_16/s2,s2,v7,,v1_votescope_all,7.12,7.39,0.27,2.554,object#17,17,0.274,,,,0.872,0.079,,,0,0,,,,3,"[{""name"": ""object#17"", ""share"": 0.274, ""labels"": [17]}, {""name"": ""球M"", ""share"": 0.239, ""labels"": [321]}, {""name"": ""object#34"", ""share"": 0.141, ""labels"": [34]}]"
2026_08_16/s2,s2,v7,,v1_votescope_all,7.87,8.2,0.32,3.134,object#20,20,0.543,,,,0.842,0.863,,,1,1,,,,2,"[{""name"": ""object#20"", ""share"": 0.543, ""labels"": [20]}, {""name"": ""object#187"", ""share"": 0.457, ""labels"": [187]}]"
2026_08_16/s2,s2,v7,,v1_votescope_all,8.74,9.12,0.38,3.22,object#20,20,0.676,,,,0.479,0.292,,,1,1,,,,2,"[{""name"": ""object#20"", ""share"": 0.676, ""labels"": [20]}, {""name"": ""object#187"", ""share"": 0.324, ""labels"": [187]}]"
2026_08_16/s2,s2,v7,,v1_votescope_all,9.55,9.82,0.27,3.271,object#20,20,0.85,,,,0.175,0.134,,,1,1,,,,3,"[{""name"": ""object#20"", ""share"": 0.85, ""labels"": [20]}, {""name"": ""object#187"", ""share"": 0.149, ""labels"": [187]}, {""name"": ""object#288"", ""share"": 0.0, ""labels"": [288]}]"
2026_08_16/s2,s2,v7,,v1_votescope_all,9.88,10.53,0.65,3.2,object#187,187,0.561,,,,0.783,0.433,,,1,1,,,,3,"[{""name"": ""object#187"", ""share"": 0.561, ""labels"": [187]}, {""name"": ""object#20"", ""share"": 0.439, ""labels"": [20]}, {""name"": ""object#59"", ""share"": 0.0, ""labels"": [59]}]"
2026_08_16/s2,s2,v7,,v1_votescope_all,12.96,14.15,1.19,3.417,object#32,32,1.0,,,,0.0,0.119,,,1,1,,,,1,"[{""name"": ""object#32"", ""share"": 1.0, ""labels"": [32]}]"
2026_08_16/s2,s2,v7,,v1_votescope_all,14.48,15.02,0.54,2.431,object#17,17,0.452,,,,0.467,0.1,,,1,0,,,,3,"[{""name"": ""object#17"", ""share"": 0.452, ""labels"": [17]}, {""name"": ""球M"", ""share"": 0.211, ""labels"": [321]}, {""name"": ""object#34"", ""share"": 0.076, ""labels"": [34]}]"
2026_08_16/s2,s2,v7,,v1_votescope_all,15.4,15.73,0.32,2.405,object#17,17,0.322,,,,0.705,0.117,,,0,0,,,,3,"[{""name"": ""object#17"", ""share"": 0.322, ""labels"": [17]}, {""name"": ""香蕉"", ""share"": 0.227, ""labels"": [323]}, {""name"": ""object#316"", ""share"": 0.185, ""labels"": [316]}]"
2026_08_16/s2,s2,v7,,v1_votescope_all,15.78,16.05,0.27,2.427,香蕉,323,0.259,,,,0.946,0.183,,,0,0,,,,3,"[{""name"": ""香蕉"", ""share"": 0.259, ""labels"": [323]}, {""name"": ""object#316"", ""share"": 0.245, ""labels"": [316]}, {""name"": ""苹果"", ""share"": 0.205, ""labels"": [300]}]"
2026_08_16/s2,s2,v7,,v1_votescope_all,16.38,16.81,0.43,2.449,object#316,316,0.423,,,,0.376,0.066,,,1,0,,,,3,"[{""name"": ""object#316"", ""share"": 0.423, ""labels"": [316]}, {""name"": ""object#10"", ""share"": 0.159, ""labels"": [10]}, {""name"": ""香蕉"", ""share"": 0.125, ""labels"": [323]}]"
2026_08_16/s2,s2,v7,,v1_votescope_all,17.54,20.24,2.7,2.349,球M,321,0.273,,,,0.74,0.109,,,0,0,,,,3,"[{""name"": ""球M"", ""share"": 0.273, ""labels"": [321]}, {""name"": ""object#317"", ""share"": 0.202, ""labels"": [317]}, {""name"": ""object#179"", ""share"": 0.114, ""labels"": [179]}]"
2026_08_16/s2,s2,v7,,v1_votescope_all,20.3,23.92,3.63,2.351,球M,321,0.245,,,,0.767,0.088,,,0,0,1,球M,1,3,"[{""name"": ""球M"", ""share"": 0.245, ""labels"": [321]}, {""name"": ""object#317"", ""share"": 0.188, ""labels"": [317]}, {""name"": ""object#10"", ""share"": 0.147, ""labels"": [10]}]"
2026_08_16/s2,s2,v7,,v1_votescope_all,24.23,28.02,3.79,2.483,object#318,318,0.414,,,,0.568,0.539,,,1,0,2,球R,0,3,"[{""name"": ""object#318"", ""share"": 0.414, ""labels"": [318]}, {""name"": ""球R"", ""share"": 0.235, ""labels"": [322]}, {""name"": ""object#10"", ""share"": 0.138, ""labels"": [10]}]"
2026_08_16/s2,s2,v7,,v1_votescope_all,28.07,30.51,2.44,2.483,object#318,318,0.396,,,,0.649,0.595,,,1,0,2,球R,0,3,"[{""name"": ""object#318"", ""share"": 0.396, ""labels"": [318]}, {""name"": ""球R"", ""share"": 0.257, ""labels"": [322]}, {""name"": ""object#10"", ""share"": 0.131, ""labels"": [10]}]"
2026_08_16/s2,s2,v7,,v1_votescope_all,30.84,31.54,0.7,2.367,球M,321,0.226,,,,0.819,0.099,,,0,0,,,,3,"[{""name"": ""球M"", ""share"": 0.226, ""labels"": [321]}, {""name"": ""object#317"", ""share"": 0.185, ""labels"": [317]}, {""name"": ""object#10"", ""share"": 0.154, ""labels"": [10]}]"
2026_08_16/s2,s2,v7,,v1_votescope_all,31.87,32.24,0.38,2.361,球M,321,0.3,,,,0.647,0.066,,,0,0,,,,3,"[{""name"": ""球M"", ""share"": 0.3, ""labels"": [321]}, {""name"": ""object#17"", ""share"": 0.194, ""labels"": [17]}, {""name"": ""object#317"", ""share"": 0.161, ""labels"": [317]}]"
2026_08_16/s2,s2,v7,,v1_votescope_all,32.62,33.44,0.81,2.379,球M,321,0.279,,,,0.642,0.075,,,0,0,3,球M,1,3,"[{""name"": ""球M"", ""share"": 0.279, ""labels"": [321]}, {""name"": ""object#17"", ""share"": 0.179, ""labels"": [17]}, {""name"": ""object#317"", ""share"": 0.163, ""labels"": [317]}]"
2026_08_16/s2,s2,v7,,v1_votescope_all,33.7,34.08,0.38,2.461,object#17,17,0.27,,,,0.707,0.065,,,0,0,3,球M,0,3,"[{""name"": ""object#17"", ""share"": 0.27, ""labels"": [17]}, {""name"": ""object#34"", ""share"": 0.191, ""labels"": [34]}, {""name"": ""球M"", ""share"": 0.169, ""labels"": [321]}]"
2026_08_16/s2,s2,v7,,v1_votescope_all,34.41,35.11,0.7,2.452,object#17,17,0.305,,,,0.866,0.06,,,0,0,3,球M,0,3,"[{""name"": ""object#17"", ""share"": 0.305, ""labels"": [17]}, {""name"": ""球M"", ""share"": 0.264, ""labels"": [321]}, {""name"": ""object#34"", ""share"": 0.115, ""labels"": [34]}]"
2026_08_16/s2,s2,v7,,v1_votescope_all,35.22,35.65,0.43,2.465,球M,321,0.285,,,,0.961,0.065,,,0,0,3,球M,1,3,"[{""name"": ""球M"", ""share"": 0.285, ""labels"": [321]}, {""name"": ""object#17"", ""share"": 0.274, ""labels"": [17]}, {""name"": ""object#317"", ""share"": 0.117, ""labels"": [317]}]"
2026_08_16/s2,s2,v7,,v1_votescope_all,35.71,37.66,1.95,2.359,球M,321,0.292,,,,0.623,0.072,,,0,0,3,球M,1,3,"[{""name"": ""球M"", ""share"": 0.292, ""labels"": [321]}, {""name"": ""object#317"", ""share"": 0.182, ""labels"": [317]}, {""name"": ""object#17"", ""share"": 0.173, ""labels"": [17]}]"
2026_08_16/s2,s2,v7,,v1_votescope_all,37.96,42.29,4.33,2.488,object#318,318,0.384,,,,0.625,0.399,,,1,0,4,球R,0,3,"[{""name"": ""object#318"", ""share"": 0.384, ""labels"": [318]}, {""name"": ""球R"", ""share"": 0.24, ""labels"": [322]}, {""name"": ""object#17"", ""share"": 0.105, ""labels"": [17]}]"
2026_08_16/s2,s2,v7,,v1_votescope_all,42.45,43.86,1.41,2.495,object#318,318,0.376,,,,0.62,0.346,,,1,0,4,球R,0,3,"[{""name"": ""object#318"", ""share"": 0.376, ""labels"": [318]}, {""name"": ""球R"", ""share"": 0.233, ""labels"": [322]}, {""name"": ""object#17"", ""share"": 0.126, ""labels"": [17]}]"
2026_08_16/s2,s2,v7,,v1_votescope_all,43.92,44.4,0.49,2.45,object#318,318,0.361,,,,0.812,0.667,,,0,0,4,球R,0,3,"[{""name"": ""object#318"", ""share"": 0.361, ""labels"": [318]}, {""name"": ""球R"", ""share"": 0.293, ""labels"": [322]}, {""name"": ""object#17"", ""share"": 0.087, ""labels"": [17]}]"
2026_08_16/s2,s2,v7,,v1_votescope_all,44.92,49.25,4.33,2.426,object#316,316,0.423,,,,0.423,0.138,,,1,0,5,球L,0,3,"[{""name"": ""object#316"", ""share"": 0.423, ""labels"": [316]}, {""name"": ""球L"", ""share"": 0.179, ""labels"": [320]}, {""name"": ""object#10"", ""share"": 0.139, ""labels"": [10]}]"
2026_08_16/s2,s2,v7,,v1_votescope_all,49.31,49.79,0.49,2.433,object#316,316,0.34,,,,0.526,0.092,,,0,0,5,球L,0,3,"[{""name"": ""object#316"", ""share"": 0.34, ""labels"": [316]}, {""name"": ""object#10"", ""share"": 0.179, ""labels"": [10]}, {""name"": ""香蕉"", ""share"": 0.173, ""labels"": [323]}]"
2026_08_16/s2,s2,v7,,v1_votescope_all,49.85,51.31,1.46,2.428,object#316,316,0.443,,,,0.377,0.103,,,1,0,5,球L,0,3,"[{""name"": ""object#316"", ""share"": 0.443, ""labels"": [316]}, {""name"": ""球L"", ""share"": 0.167, ""labels"": [320]}, {""name"": ""object#10"", ""share"": 0.137, ""labels"": [10]}]"
2026_08_16/s2,s2,v7,,v1_votescope_all,51.88,57.08,5.2,2.471,object#318,318,0.336,,,,0.821,0.448,,,0,0,6,球R,0,3,"[{""name"": ""object#318"", ""share"": 0.336, ""labels"": [318]}, {""name"": ""球R"", ""share"": 0.276, ""labels"": [322]}, {""name"": ""object#17"", ""share"": 0.116, ""labels"": [17]}]"
2026_08_16/s2,s2,v7,,v1_votescope_all,57.41,58.22,0.81,2.444,object#318,318,0.333,,,,0.844,0.537,,,0,0,6,球R,0,3,"[{""name"": ""object#318"", ""share"": 0.333, ""labels"": [318]}, {""name"": ""球R"", ""share"": 0.281, ""labels"": [322]}, {""name"": ""object#17"", ""share"": 0.11, ""labels"": [17]}]"
2026_08_16/s2,s2,v7,,v1_votescope_all,58.5,59.15,0.65,2.361,球M,321,0.302,,,,0.675,0.056,,,0,0,,,,3,"[{""name"": ""球M"", ""share"": 0.302, ""labels"": [321]}, {""name"": ""object#17"", ""share"": 0.204, ""labels"": [17]}, {""name"": ""object#317"", ""share"": 0.162, ""labels"": [317]}]"
2026_08_16/s2,s2,v7,,v1_votescope_all,59.21,60.45,1.25,2.465,球M,321,0.274,,,,0.942,0.053,,,0,0,,,,3,"[{""name"": ""球M"", ""share"": 0.274, ""labels"": [321]}, {""name"": ""object#17"", ""share"": 0.258, ""labels"": [17]}, {""name"": ""object#34"", ""share"": 0.115, ""labels"": [34]}]"
2026_08_16/s2,s2,v7,,v1_votescope_all,60.83,61.81,0.97,2.346,球M,321,0.312,,,,0.667,0.075,,,0,0,7,球M,1,3,"[{""name"": ""球M"", ""share"": 0.312, ""labels"": [321]}, {""name"": ""object#17"", ""share"": 0.208, ""labels"": [17]}, {""name"": ""object#317"", ""share"": 0.169, ""labels"": [317]}]"
2026_08_16/s2,s2,v7,,v1_votescope_all,62.46,63.05,0.6,2.455,object#17,17,0.292,,,,0.86,0.062,,,0,0,7,球M,0,3,"[{""name"": ""object#17"", ""share"": 0.292, ""labels"": [17]}, {""name"": ""球M"", ""share"": 0.251, ""labels"": [321]}, {""name"": ""object#34"", ""share"": 0.117, ""labels"": [34]}]"
2026_08_16/s2,s2,v7,,v1_votescope_all,63.43,63.81,0.38,2.449,香蕉,323,0.265,,,,0.826,0.155,,,0,0,7,球M,0,3,"[{""name"": ""香蕉"", ""share"": 0.265, ""labels"": [323]}, {""name"": ""object#316"", ""share"": 0.219, ""labels"": [316]}, {""name"": ""object#17"", ""share"": 0.202, ""labels"": [17]}]"
2026_08_16/s2,s2,v7,,v1_votescope_all,63.86,65.16,1.3,2.479,object#17,17,0.35,,,,0.569,0.088,,,1,0,7,球M,0,3,"[{""name"": ""object#17"", ""share"": 0.35, ""labels"": [17]}, {""name"": ""球M"", ""share"": 0.199, ""labels"": [321]}, {""name"": ""object#34"", ""share"": 0.154, ""labels"": [34]}]"
2026_08_16/s2,s2,v7,,v1_votescope_all,65.22,66.25,1.03,2.455,object#316,316,0.428,,,,0.409,0.163,,,1,0,,,,3,"[{""name"": ""object#316"", ""share"": 0.428, ""labels"": [316]}, {""name"": ""球L"", ""share"": 0.175, ""labels"": [320]}, {""name"": ""object#10"", ""share"": 0.144, ""labels"": [10]}]"
2026_08_16/s2,s2,v7,,v1_votescope_all,66.3,72.15,5.85,2.467,object#316,316,0.414,,,,0.457,0.159,,,1,0,8,球L,0,3,"[{""name"": ""object#316"", ""share"": 0.414, ""labels"": [316]}, {""name"": ""球L"", ""share"": 0.189, ""labels"": [320]}, {""name"": ""object#10"", ""share"": 0.159, ""labels"": [10]}]"
2026_08_16/s2,s2,v7,,v1_votescope_all,72.76,76.11,3.36,2.547,object#318,318,0.413,,,,0.523,0.396,,,1,0,,,,3,"[{""name"": ""object#318"", ""share"": 0.413, ""labels"": [318]}, {""name"": ""球R"", ""share"": 0.216, ""labels"": [322]}, {""name"": ""object#10"", ""share"": 0.109, ""labels"": [10]}]"
2026_08_16/s2,s2,v7,,v1_votescope_all,76.49,79.09,2.6,2.551,object#318,318,0.421,,,,0.494,0.418,,,1,0,9,球R,0,3,"[{""name"": ""object#318"", ""share"": 0.421, ""labels"": [318]}, {""name"": ""球R"", ""share"": 0.208, ""labels"": [322]}, {""name"": ""object#10"", ""share"": 0.103, ""labels"": [10]}]"
2026_08_16/s2,s2,v7,,v1_votescope_all,79.15,79.47,0.32,2.484,object#318,318,0.401,,,,0.611,0.695,,,1,0,,,,3,"[{""name"": ""object#318"", ""share"": 0.401, ""labels"": [318]}, {""name"": ""球R"", ""share"": 0.245, ""labels"": [322]}, {""name"": ""object#10"", ""share"": 0.169, ""labels"": [10]}]"
2026_08_16/s2,s2,v7,,v1_votescope_all,79.53,80.01,0.49,2.522,object#318,318,0.413,,,,0.494,0.47,,,1,0,,,,3,"[{""name"": ""object#318"", ""share"": 0.413, ""labels"": [318]}, {""name"": ""球R"", ""share"": 0.204, ""labels"": [322]}, {""name"": ""object#10"", ""share"": 0.135, ""labels"": [10]}]"
2026_08_16/s2,s2,v7,,v1_votescope_all,80.07,83.21,3.14,2.517,object#318,318,0.333,,,,0.733,0.343,,,0,0,10,球R,0,3,"[{""name"": ""object#318"", ""share"": 0.333, ""labels"": [318]}, {""name"": ""球R"", ""share"": 0.244, ""labels"": [322]}, {""name"": ""object#17"", ""share"": 0.136, ""labels"": [17]}]"
2026_08_16/s2,s2,v7,,v1_votescope_all,83.42,84.07,0.65,2.52,object#318,318,0.373,,,,0.713,0.551,,,1,0,10,球R,0,3,"[{""name"": ""object#318"", ""share"": 0.373, ""labels"": [318]}, {""name"": ""球R"", ""share"": 0.266, ""labels"": [322]}, {""name"": ""object#10"", ""share"": 0.104, ""labels"": [10]}]"
2026_08_16/s2,s2,v7,,v1_votescope_all,84.66,86.02,1.35,2.529,object#318,318,0.336,,,,0.714,0.373,,,0,0,10,球R,0,3,"[{""name"": ""object#318"", ""share"": 0.336, ""labels"": [318]}, {""name"": ""球R"", ""share"": 0.24, ""labels"": [322]}, {""name"": ""object#17"", ""share"": 0.126, ""labels"": [17]}]"
2026_08_16/s2,s2,v7,,v1_votescope_all,86.52,87.77,1.25,2.396,球M,321,0.306,,,,0.647,0.13,,,0,0,,,,3,"[{""name"": ""球M"", ""share"": 0.306, ""labels"": [321]}, {""name"": ""object#317"", ""share"": 0.198, ""labels"": [317]}, {""name"": ""object#17"", ""share"": 0.156, ""labels"": [17]}]"
2026_08_16/s2,s2,v7,,v1_votescope_all,88.69,89.12,0.43,2.494,球M,321,0.296,,,,0.956,0.067,,,0,0,11,球M,1,3,"[{""name"": ""球M"", ""share"": 0.296, ""labels"": [321]}, {""name"": ""object#17"", ""share"": 0.283, ""labels"": [17]}, {""name"": ""object#317"", ""share"": 0.13, ""labels"": [317]}]"
2026_08_16/s2,s2,v7,,v1_votescope_all,89.17,90.1,0.92,2.386,球M,321,0.319,,,,0.611,0.097,,,0,0,11,球M,1,3,"[{""name"": ""球M"", ""share"": 0.319, ""labels"": [321]}, {""name"": ""object#17"", ""share"": 0.195, ""labels"": [17]}, {""name"": ""object#317"", ""share"": 0.167, ""labels"": [317]}]"
2026_08_16/s2,s2,v7,,v1_votescope_all,90.15,90.64,0.49,2.507,object#17,17,0.233,,,,0.785,0.059,,,0,0,11,球M,0,3,"[{""name"": ""object#17"", ""share"": 0.233, ""labels"": [17]}, {""name"": ""球M"", ""share"": 0.183, ""labels"": [321]}, {""name"": ""object#34"", ""share"": 0.141, ""labels"": [34]}]"
2026_08_16/s2,s2,v7,,v1_votescope_all,91.18,91.5,0.32,2.393,球M,321,0.295,,,,0.62,0.071,,,0,0,11,球M,1,3,"[{""name"": ""球M"", ""share"": 0.295, ""labels"": [321]}, {""name"": ""object#17"", ""share"": 0.183, ""labels"": [17]}, {""name"": ""object#317"", ""share"": 0.159, ""labels"": [317]}]"
2026_08_16/s2,s2,v7,,v1_votescope_all,91.94,93.29,1.35,2.391,球M,321,0.298,,,,0.604,0.109,,,0,0,11,球M,1,3,"[{""name"": ""球M"", ""share"": 0.298, ""labels"": [321]}, {""name"": ""object#317"", ""share"": 0.18, ""labels"": [317]}, {""name"": ""object#17"", ""share"": 0.14, ""labels"": [17]}]"
2026_08_16/s2,s2,v7,,v1_votescope_all,93.7,98.26,4.56,2.467,object#316,316,0.453,,,,0.38,0.142,,,1,0,12,球L,0,3,"[{""name"": ""object#316"", ""share"": 0.453, ""labels"": [316]}, {""name"": ""object#10"", ""share"": 0.172, ""labels"": [10]}, {""name"": ""球L"", ""share"": 0.157, ""labels"": [320]}]"
2026_08_16/s2,s2,v7,,v1_votescope_all,98.58,99.5,0.92,2.463,object#316,316,0.429,,,,0.375,0.106,,,1,0,12,球L,0,3,"[{""name"": ""object#316"", ""share"": 0.429, ""labels"": [316]}, {""name"": ""球L"", ""share"": 0.161, ""labels"": [320]}, {""name"": ""object#10"", ""share"": 0.132, ""labels"": [10]}]"
2026_08_16/s2,s2,v7,,v1_votescope_all,99.77,100.26,0.49,2.475,object#316,316,0.454,,,,0.352,0.115,,,1,0,12,球L,0,3,"[{""name"": ""object#316"", ""share"": 0.454, ""labels"": [316]}, {""name"": ""object#10"", ""share"": 0.16, ""labels"": [10]}, {""name"": ""球L"", ""share"": 0.153, ""labels"": [320]}]"
2026_08_16/s2,s2,v7,,v1_votescope_all,100.68,100.95,0.27,2.399,球M,321,0.291,,,,0.57,0.079,,,0,0,,,,3,"[{""name"": ""球M"", ""share"": 0.291, ""labels"": [321]}, {""name"": ""object#17"", ""share"": 0.166, ""labels"": [17]}, {""name"": ""object#317"", ""share"": 0.164, ""labels"": [317]}]"
2026_08_16/s2,s2,v7,,v1_votescope_all,101.0,101.55,0.54,2.506,球M,321,0.269,,,,0.833,0.07,,,0,0,,,,3,"[{""name"": ""球M"", ""share"": 0.269, ""labels"": [321]}, {""name"": ""object#17"", ""share"": 0.224, ""labels"": [17]}, {""name"": ""object#317"", ""share"": 0.142, ""labels"": [317]}]"
2026_08_16/s2,s2,v7,,v1_votescope_all,101.6,104.42,2.82,2.409,球M,321,0.296,,,,0.642,0.107,,,0,0,,,,3,"[{""name"": ""球M"", ""share"": 0.296, ""labels"": [321]}, {""name"": ""object#317"", ""share"": 0.19, ""labels"": [317]}, {""name"": ""object#17"", ""share"": 0.154, ""labels"": [17]}]"
2026_08_16/s2,s2,v7,,v1_votescope_all,104.69,105.12,0.43,2.412,球M,321,0.252,,,,0.671,0.086,,,0,0,13,球M,1,3,"[{""name"": ""球M"", ""share"": 0.252, ""labels"": [321]}, {""name"": ""object#17"", ""share"": 0.169, ""labels"": [17]}, {""name"": ""object#317"", ""share"": 0.168, ""labels"": [317]}]"
2026_08_16/s2,s2,v7,,v1_votescope_all,105.23,106.96,1.73,2.378,球M,321,0.318,,,,0.597,0.097,,,0,0,13,球M,1,3,"[{""name"": ""球M"", ""share"": 0.318, ""labels"": [321]}, {""name"": ""object#17"", ""share"": 0.19, ""labels"": [17]}, {""name"": ""object#317"", ""share"": 0.182, ""labels"": [317]}]"
2026_08_16/s2,s2,v7,,v1_votescope_all,107.02,107.5,0.49,2.405,object#17,17,0.2,,,,0.835,0.088,,,0,0,13,球M,0,3,"[{""name"": ""object#17"", ""share"": 0.2, ""labels"": [17]}, {""name"": ""object#10"", ""share"": 0.167, ""labels"": [10]}, {""name"": ""球M"", ""share"": 0.164, ""labels"": [321]}]"
2026_08_16/s2,s2,v7,,v1_votescope_all,107.84,108.33,0.49,2.47,object#316,316,0.452,,,,0.392,0.139,,,1,0,,,,3,"[{""name"": ""object#316"", ""share"": 0.452, ""labels"": [316]}, {""name"": ""object#10"", ""share"": 0.177, ""labels"": [10]}, {""name"": ""球L"", ""share"": 0.165, ""labels"": [320]}]"
2026_08_16/s2,s2,v7,,v1_votescope_all,108.38,109.25,0.87,2.442,object#316,316,0.398,,,,0.43,0.091,,,1,0,,,,3,"[{""name"": ""object#316"", ""share"": 0.398, ""labels"": [316]}, {""name"": ""香蕉"", ""share"": 0.171, ""labels"": [323]}, {""name"": ""球L"", ""share"": 0.132, ""labels"": [320]}]"
2026_08_16/s2,s2,v7,,v1_votescope_all,109.57,113.26,3.68,2.47,object#316,316,0.42,,,,0.364,0.109,,,1,0,14,球L,0,3,"[{""name"": ""object#316"", ""share"": 0.42, ""labels"": [316]}, {""name"": ""球L"", ""share"": 0.153, ""labels"": [320]}, {""name"": ""object#10"", ""share"": 0.137, ""labels"": [10]}]"
2026_08_16/s2,s2,v7,,v1_votescope_all,113.31,113.74,0.43,2.463,object#17,17,0.287,,,,0.589,0.115,,,0,0,14,球L,0,3,"[{""name"": ""object#17"", ""share"": 0.287, ""labels"": [17]}, {""name"": ""object#316"", ""share"": 0.169, ""labels"": [316]}, {""name"": ""香蕉"", ""share"": 0.168, ""labels"": [323]}]"
2026_08_16/s2,s2,v7,,v1_votescope_all,113.8,114.67,0.87,2.475,object#316,316,0.437,,,,0.384,0.126,,,1,0,14,球L,0,3,"[{""name"": ""object#316"", ""share"": 0.437, ""labels"": [316]}, {""name"": ""球L"", ""share"": 0.168, ""labels"": [320]}, {""name"": ""object#10"", ""share"": 0.168, ""labels"": [10]}]"
2026_08_16/s2,s2,v7,,v1_votescope_all,115.19,117.2,2.0,2.476,object#316,316,0.415,,,,0.496,0.224,,,1,0,,,,3,"[{""name"": ""object#316"", ""share"": 0.415, ""labels"": [316]}, {""name"": ""球L"", ""share"": 0.206, ""labels"": [320]}, {""name"": ""object#10"", ""share"": 0.202, ""labels"": [10]}]"
2026_08_16/s2,s2,v7,,v1_votescope_all,117.47,118.72,1.25,2.457,object#316,316,0.411,,,,0.44,0.149,,,1,0,15,球L,0,3,"[{""name"": ""object#316"", ""share"": 0.411, ""labels"": [316]}, {""name"": ""球L"", ""share"": 0.181, ""labels"": [320]}, {""name"": ""object#10"", ""share"": 0.142, ""labels"": [10]}]"
2026_08_16/s2,s2,v7,,v1_votescope_all,118.99,120.29,1.3,2.483,object#316,316,0.443,,,,0.363,0.124,,,1,0,15,球L,0,3,"[{""name"": ""object#316"", ""share"": 0.443, ""labels"": [316]}, {""name"": ""球L"", ""share"": 0.161, ""labels"": [320]}, {""name"": ""object#10"", ""share"": 0.136, ""labels"": [10]}]"
2026_08_16/s2,s2,v7,,v1_votescope_all,120.39,120.88,0.49,2.366,object#17,17,0.226,,,,0.965,0.16,,,0,0,15,球L,0,3,"[{""name"": ""object#17"", ""share"": 0.226, ""labels"": [17]}, {""name"": ""object#10"", ""share"": 0.218, ""labels"": [10]}, {""name"": ""object#317"", ""share"": 0.117, ""labels"": [317]}]"
2026_08_16/s2,s2,v7,,v1_votescope_all,122.54,122.92,0.38,2.943,floor,0,1.0,,,,0.0,0.2,,,0,0,,,,1,"[{""name"": ""floor"", ""share"": 1.0, ""labels"": [0]}]"
2026_08_16/s2,s2,v7,,v1_votescope_all,123.48,123.75,0.27,2.473,object#32,32,1.0,,,,0.0,0.151,,,1,1,,,,1,"[{""name"": ""object#32"", ""share"": 1.0, ""labels"": [32]}]"
2026_08_16/s2,s2,v7,,v1_votescope_all,124.34,124.62,0.27,1.785,object#11,11,0.521,,,,0.877,0.105,,,1,1,,,,3,"[{""name"": ""object#11"", ""share"": 0.521, ""labels"": [11]}, {""name"": ""object#111"", ""share"": 0.457, ""labels"": [111]}, {""name"": ""object#227"", ""share"": 0.014, ""labels"": [227]}]"
2026_08_16/s2,s2,v7,,v1_votescope_all,125.22,125.49,0.27,1.516,object#23,23,0.887,,,,0.114,0.021,,,1,1,,,,3,"[{""name"": ""object#23"", ""share"": 0.887, ""labels"": [23]}, {""name"": ""object#223"", ""share"": 0.101, ""labels"": [223]}, {""name"": ""object#260"", ""share"": 0.005, ""labels"": [260]}]"
2026_08_16/s3,s3,v7,,v1_votescope_all,1.77,2.04,0.27,0.687,object#20,20,0.934,,,,0.071,0.035,,,1,1,,,,2,"[{""name"": ""object#20"", ""share"": 0.934, ""labels"": [20]}, {""name"": ""object#187"", ""share"": 0.066, ""labels"": [187]}]"
2026_08_16/s3,s3,v7,,v1_votescope_all,2.37,2.75,0.38,0.837,object#20,20,0.931,,,,0.074,0.973,,,1,1,,,,2,"[{""name"": ""object#20"", ""share"": 0.931, ""labels"": [20]}, {""name"": ""object#187"", ""share"": 0.069, ""labels"": [187]}]"
2026_08_16/s3,s3,v7,,v1_votescope_all,2.97,3.62,0.65,1.127,object#20,20,0.876,,,,0.142,0.928,,,1,1,,,,2,"[{""name"": ""object#20"", ""share"": 0.876, ""labels"": [20]}, {""name"": ""object#187"", ""share"": 0.124, ""labels"": [187]}]"
2026_08_16/s3,s3,v7,,v1_votescope_all,4.36,4.74,0.38,1.794,object#32,32,1.0,,,,0.0,0.377,,,1,1,,,,1,"[{""name"": ""object#32"", ""share"": 1.0, ""labels"": [32]}]"
2026_08_16/s3,s3,v7,,v1_votescope_all,11.27,12.57,1.3,4.017,object#187,187,0.834,,,,0.197,0.693,,,1,1,,,,3,"[{""name"": ""object#187"", ""share"": 0.834, ""labels"": [187]}, {""name"": ""object#20"", ""share"": 0.164, ""labels"": [20]}, {""name"": ""object#59"", ""share"": 0.001, ""labels"": [59]}]"
2026_08_16/s3,s3,v7,,v1_votescope_all,12.63,14.74,2.11,4.068,object#187,187,0.898,,,,0.098,0.579,,,1,1,,,,3,"[{""name"": ""object#187"", ""share"": 0.898, ""labels"": [187]}, {""name"": ""object#20"", ""share"": 0.088, ""labels"": [20]}, {""name"": ""object#59"", ""share"": 0.014, ""labels"": [59]}]"
2026_08_16/s3,s3,v7,,v1_votescope_all,15.9,16.23,0.32,4.333,object#46,46,0.175,,,,0.811,0.177,,,0,0,,,,3,"[{""name"": ""object#46"", ""share"": 0.175, ""labels"": [46]}, {""name"": ""object#179"", ""share"": 0.142, ""labels"": [179]}, {""name"": ""球M"", ""share"": 0.107, ""labels"": [321]}]"
2026_08_16/s3,s3,v7,,v1_votescope_all,17.31,18.39,1.08,3.243,球M,321,0.222,,,,0.811,0.226,,,0,0,,,,3,"[{""name"": ""球M"", ""share"": 0.222, ""labels"": [321]}, {""name"": ""object#317"", ""share"": 0.18, ""labels"": [317]}, {""name"": ""object#17"", ""share"": 0.141, ""labels"": [17]}]"
2026_08_16/s3,s3,v7,,v1_votescope_all,20.07,20.67,0.6,3.372,object#179,179,0.27,,,,0.433,0.159,,,0,0,1,球M,0,3,"[{""name"": ""object#179"", ""share"": 0.27, ""labels"": [179]}, {""name"": ""object#135"", ""share"": 0.117, ""labels"": [135]}, {""name"": ""object#13"", ""share"": 0.111, ""labels"": [13]}]"
2026_08_16/s3,s3,v7,,v1_votescope_all,20.72,21.54,0.81,3.404,object#179,179,0.296,,,,0.73,0.134,,,0,0,1,球M,0,3,"[{""name"": ""object#179"", ""share"": 0.296, ""labels"": [179]}, {""name"": ""object#130"", ""share"": 0.216, ""labels"": [130]}, {""name"": ""object#13"", ""share"": 0.114, ""labels"": [13]}]"
2026_08_16/s3,s3,v7,,v1_votescope_all,21.59,22.4,0.81,3.504,object#179,179,0.263,,,,0.62,0.194,,,0,0,1,球M,0,3,"[{""name"": ""object#179"", ""share"": 0.263, ""labels"": [179]}, {""name"": ""object#130"", ""share"": 0.163, ""labels"": [130]}, {""name"": ""object#46"", ""share"": 0.076, ""labels"": [46]}]"
2026_08_16/s3,s3,v7,,v1_votescope_all,23.43,23.76,0.32,3.509,object#179,179,0.264,,,,0.591,0.202,,,0,0,1,球M,0,3,"[{""name"": ""object#179"", ""share"": 0.264, ""labels"": [179]}, {""name"": ""object#130"", ""share"": 0.156, ""labels"": [130]}, {""name"": ""object#317"", ""share"": 0.079, ""labels"": [317]}]"
2026_08_16/s3,s3,v7,,v1_votescope_all,24.26,27.79,3.52,3.351,object#10,10,0.368,,,,0.726,0.299,,,0,0,2,球L,0,3,"[{""name"": ""object#10"", ""share"": 0.368, ""labels"": [10]}, {""name"": ""object#316"", ""share"": 0.267, ""labels"": [316]}, {""name"": ""object#46"", ""share"": 0.154, ""labels"": [46]}]"
2026_08_16/s3,s3,v7,,v1_votescope_all,28.06,30.23,2.17,3.341,object#10,10,0.359,,,,0.652,0.237,,,1,0,2,球L,0,3,"[{""name"": ""object#10"", ""share"": 0.359, ""labels"": [10]}, {""name"": ""object#46"", ""share"": 0.234, ""labels"": [46]}, {""name"": ""object#316"", ""share"": 0.205, ""labels"": [316]}]"
2026_08_16/s3,s3,v7,,v1_votescope_all,31.27,31.54,0.27,3.348,object#10,10,0.31,,,,0.765,0.217,,,0,0,,,,3,"[{""name"": ""object#10"", ""share"": 0.31, ""labels"": [10]}, {""name"": ""object#316"", ""share"": 0.237, ""labels"": [316]}, {""name"": ""object#46"", ""share"": 0.204, ""labels"": [46]}]"
2026_08_16/s3,s3,v7,,v1_votescope_all,31.6,33.11,1.52,3.352,object#10,10,0.457,,,,0.567,0.356,,,1,0,,,,3,"[{""name"": ""object#10"", ""share"": 0.457, ""labels"": [10]}, {""name"": ""object#316"", ""share"": 0.259, ""labels"": [316]}, {""name"": ""object#46"", ""share"": 0.103, ""labels"": [46]}]"
2026_08_16/s3,s3,v7,,v1_votescope_all,33.17,37.18,4.01,3.345,object#10,10,0.486,,,,0.516,0.385,,,1,0,3,球L,0,3,"[{""name"": ""object#10"", ""share"": 0.486, ""labels"": [10]}, {""name"": ""object#316"", ""share"": 0.251, ""labels"": [316]}, {""name"": ""object#46"", ""share"": 0.09, ""labels"": [46]}]"
2026_08_16/s3,s3,v7,,v1_votescope_all,37.23,37.77,0.54,3.345,object#10,10,0.341,,,,0.877,0.301,,,0,0,3,球L,0,3,"[{""name"": ""object#10"", ""share"": 0.341, ""labels"": [10]}, {""name"": ""object#46"", ""share"": 0.299, ""labels"": [46]}, {""name"": ""object#316"", ""share"": 0.136, ""labels"": [316]}]"
2026_08_16/s3,s3,v7,,v1_votescope_all,38.15,38.58,0.43,3.638,object#46,46,0.248,,,,0.625,0.202,,,0,0,,,,3,"[{""name"": ""object#46"", ""share"": 0.248, ""labels"": [46]}, {""name"": ""object#179"", ""share"": 0.155, ""labels"": [179]}, {""name"": ""object#135"", ""share"": 0.136, ""labels"": [135]}]"
2026_08_16/s3,s3,v7,,v1_votescope_all,40.31,40.64,0.32,3.369,球M,321,0.192,,,,0.682,0.255,,,0,0,4,球M,1,3,"[{""name"": ""球M"", ""share"": 0.192, ""labels"": [321]}, {""name"": ""object#46"", ""share"": 0.131, ""labels"": [46]}, {""name"": ""object#317"", ""share"": 0.129, ""labels"": [317]}]"
2026_08_16/s3,s3,v7,,v1_votescope_all,42.48,43.56,1.08,3.376,球M,321,0.195,,,,0.846,0.254,,,0,0,4,球M,1,3,"[{""name"": ""球M"", ""share"": 0.195, ""labels"": [321]}, {""name"": ""object#317"", ""share"": 0.165, ""labels"": [317]}, {""name"": ""object#17"", ""share"": 0.121, ""labels"": [17]}]"
2026_08_16/s3,s3,v7,,v1_votescope_all,43.72,43.99,0.27,4.436,object#179,179,0.156,,,,0.865,0.152,,,0,0,4,球M,0,3,"[{""name"": ""object#179"", ""share"": 0.156, ""labels"": [179]}, {""name"": ""球M"", ""share"": 0.135, ""labels"": [321]}, {""name"": ""object#317"", ""share"": 0.119, ""labels"": [317]}]"
2026_08_16/s3,s3,v7,,v1_votescope_all,44.1,44.59,0.49,4.489,object#179,179,0.144,,,,0.875,0.166,,,0,0,4,球M,0,3,"[{""name"": ""object#179"", ""share"": 0.144, ""labels"": [179]}, {""name"": ""球M"", ""share"": 0.126, ""labels"": [321]}, {""name"": ""object#46"", ""share"": 0.121, ""labels"": [46]}]"
2026_08_16/s3,s3,v7,,v1_votescope_all,45.15,51.49,6.34,3.399,object#130,130,0.274,,,,0.953,0.304,,,0,0,5,球R,0,3,"[{""name"": ""object#130"", ""share"": 0.274, ""labels"": [130]}, {""name"": ""object#318"", ""share"": 0.261, ""labels"": [318]}, {""name"": ""object#10"", ""share"": 0.089, ""labels"": [10]}]"
2026_08_16/s3,s3,v7,,v1_votescope_all,52.01,58.46,6.45,3.387,object#318,318,0.261,,,,0.989,0.316,,,0,0,6,球R,0,3,"[{""name"": ""object#318"", ""share"": 0.261, ""labels"": [318]}, {""name"": ""object#130"", ""share"": 0.258, ""labels"": [130]}, {""name"": ""object#10"", ""share"": 0.097, ""labels"": [10]}]"
2026_08_16/s3,s3,v7,,v1_votescope_all,59.13,62.0,2.87,3.336,object#10,10,0.356,,,,0.809,0.253,,,0,0,,,,3,"[{""name"": ""object#10"", ""share"": 0.356, ""labels"": [10]}, {""name"": ""object#316"", ""share"": 0.288, ""labels"": [316]}, {""name"": ""object#46"", ""share"": 0.12, ""labels"": [46]}]"
2026_08_16/s3,s3,v7,,v1_votescope_all,62.28,63.63,1.35,3.35,object#10,10,0.361,,,,0.723,0.253,,,0,0,7,球L,0,3,"[{""name"": ""object#10"", ""share"": 0.361, ""labels"": [10]}, {""name"": ""object#316"", ""share"": 0.261, ""labels"": [316]}, {""name"": ""object#46"", ""share"": 0.151, ""labels"": [46]}]"
2026_08_16/s3,s3,v7,,v1_votescope_all,63.68,64.01,0.32,3.343,object#10,10,0.183,,,,0.891,0.222,,,0,0,7,球L,0,3,"[{""name"": ""object#10"", ""share"": 0.183, ""labels"": [10]}, {""name"": ""object#316"", ""share"": 0.163, ""labels"": [316]}, {""name"": ""object#46"", ""share"": 0.152, ""labels"": [46]}]"
2026_08_16/s3,s3,v7,,v1_votescope_all,64.06,64.6,0.54,3.343,object#10,10,0.322,,,,0.966,0.27,,,0,0,7,球L,0,3,"[{""name"": ""object#10"", ""share"": 0.322, ""labels"": [10]}, {""name"": ""object#316"", ""share"": 0.311, ""labels"": [316]}, {""name"": ""球L"", ""share"": 0.105, ""labels"": [320]}]"
2026_08_16/s3,s3,v7,,v1_votescope_all,64.82,65.47,0.65,3.337,object#10,10,0.358,,,,0.849,0.29,,,0,0,7,球L,0,3,"[{""name"": ""object#10"", ""share"": 0.358, ""labels"": [10]}, {""name"": ""object#316"", ""share"": 0.304, ""labels"": [316]}, {""name"": ""球L"", ""share"": 0.099, ""labels"": [320]}]"
2026_08_16/s3,s3,v7,,v1_votescope_all,65.68,66.06,0.38,3.36,object#10,10,0.39,,,,0.723,0.28,,,0,0,,,,3,"[{""name"": ""object#10"", ""share"": 0.39, ""labels"": [10]}, {""name"": ""object#316"", ""share"": 0.282, ""labels"": [316]}, {""name"": ""object#46"", ""share"": 0.114, ""labels"": [46]}]"
2026_08_16/s3,s3,v7,,v1_votescope_all,66.29,72.25,5.96,3.345,object#10,10,0.492,,,,0.512,0.381,,,1,0,8,球L,0,3,"[{""name"": ""object#10"", ""share"": 0.492, ""labels"": [10]}, {""name"": ""object#316"", ""share"": 0.252, ""labels"": [316]}, {""name"": ""object#46"", ""share"": 0.078, ""labels"": [46]}]"
2026_08_16/s3,s3,v7,,v1_votescope_all,72.59,76.22,3.63,3.395,球M,321,0.225,,,,0.778,0.244,,,0,0,9,球M,1,3,"[{""name"": ""球M"", ""share"": 0.225, ""labels"": [321]}, {""name"": ""object#17"", ""share"": 0.175, ""labels"": [17]}, {""name"": ""object#317"", ""share"": 0.166, ""labels"": [317]}]"
2026_08_16/s3,s3,v7,,v1_votescope_all,76.27,78.55,2.27,3.402,球M,321,0.208,,,,0.841,0.225,,,0,0,9,球M,1,3,"[{""name"": ""球M"", ""share"": 0.208, ""labels"": [321]}, {""name"": ""object#317"", ""share"": 0.175, ""labels"": [317]}, {""name"": ""object#17"", ""share"": 0.171, ""labels"": [17]}]"
2026_08_16/s3,s3,v7,,v1_votescope_all,78.77,79.25,0.49,3.404,球M,321,0.217,,,,0.71,0.255,,,0,0,9,球M,1,3,"[{""name"": ""球M"", ""share"": 0.217, ""labels"": [321]}, {""name"": ""object#317"", ""share"": 0.154, ""labels"": [317]}, {""name"": ""object#17"", ""share"": 0.132, ""labels"": [17]}]"
2026_08_16/s3,s3,v7,,v1_votescope_all,79.6,82.91,3.3,3.375,object#318,318,0.34,,,,0.406,0.48,,,0,0,,,,3,"[{""name"": ""object#318"", ""share"": 0.34, ""labels"": [318]}, {""name"": ""object#130"", ""share"": 0.138, ""labels"": [130]}, {""name"": ""球R"", ""share"": 0.126, ""labels"": [322]}]"
2026_08_16/s3,s3,v7,,v1_votescope_all,82.96,83.94,0.97,3.404,object#130,130,0.162,,,,0.895,0.199,,,0,0,10,球R,0,3,"[{""name"": ""object#130"", ""share"": 0.162, ""labels"": [130]}, {""name"": ""object#10"", ""share"": 0.145, ""labels"": [10]}, {""name"": ""object#179"", ""share"": 0.127, ""labels"": [179]}]"
2026_08_16/s3,s3,v7,,v1_votescope_all,83.99,84.91,0.92,3.398,object#318,318,0.312,,,,0.442,0.332,,,0,0,10,球R,0,3,"[{""name"": ""object#318"", ""share"": 0.312, ""labels"": [318]}, {""name"": ""object#130"", ""share"": 0.138, ""labels"": [130]}, {""name"": ""球R"", ""share"": 0.113, ""labels"": [322]}]"
2026_08_16/s3,s3,v7,,v1_votescope_all,85.52,86.0,0.49,3.326,object#316,316,0.257,,,,0.751,0.198,,,0,0,10,球R,0,3,"[{""name"": ""object#316"", ""share"": 0.257, ""labels"": [316]}, {""name"": ""object#10"", ""share"": 0.193, ""labels"": [10]}, {""name"": ""香蕉"", ""share"": 0.139, ""labels"": [323]}]"
2026_08_16/s3,s3,v7,,v1_votescope_all,86.06,86.65,0.6,3.398,object#17,17,0.212,,,,0.92,0.244,,,0,0,,,,3,"[{""name"": ""object#17"", ""share"": 0.212, ""labels"": [17]}, {""name"": ""球M"", ""share"": 0.195, ""labels"": [321]}, {""name"": ""object#317"", ""share"": 0.161, ""labels"": [317]}]"
2026_08_16/s3,s3,v7,,v1_votescope_all,86.71,88.06,1.35,3.356,object#316,316,0.334,,,,0.958,0.262,,,0,0,,,,3,"[{""name"": ""object#316"", ""share"": 0.334, ""labels"": [316]}, {""name"": ""object#10"", ""share"": 0.32, ""labels"": [10]}, {""name"": ""球L"", ""share"": 0.09, ""labels"": [320]}]"
2026_08_16/s3,s3,v7,,v1_votescope_all,88.12,91.85,3.74,3.359,object#10,10,0.329,,,,0.894,0.257,,,0,0,11,球L,0,3,"[{""name"": ""object#10"", ""share"": 0.329, ""labels"": [10]}, {""name"": ""object#316"", ""share"": 0.294, ""labels"": [316]}, {""name"": ""object#46"", ""share"": 0.107, ""labels"": [46]}]"
2026_08_16/s3,s3,v7,,v1_votescope_all,92.12,93.42,1.3,3.341,object#10,10,0.316,,,,0.826,0.215,,,0,0,11,球L,0,3,"[{""name"": ""object#10"", ""share"": 0.316, ""labels"": [10]}, {""name"": ""object#316"", ""share"": 0.261, ""labels"": [316]}, {""name"": ""object#46"", ""share"": 0.171, ""labels"": [46]}]"
2026_08_16/s3,s3,v7,,v1_votescope_all,94.37,96.1,1.73,3.392,球M,321,0.226,,,,0.655,0.241,,,0,0,,,,3,"[{""name"": ""球M"", ""share"": 0.226, ""labels"": [321]}, {""name"": ""object#317"", ""share"": 0.148, ""labels"": [317]}, {""name"": ""object#17"", ""share"": 0.139, ""labels"": [17]}]"
2026_08_16/s3,s3,v7,,v1_votescope_all,96.37,97.24,0.87,4.456,object#179,179,0.163,,,,0.767,0.173,,,0,0,12,球M,0,3,"[{""name"": ""object#179"", ""share"": 0.163, ""labels"": [179]}, {""name"": ""球M"", ""share"": 0.125, ""labels"": [321]}, {""name"": ""object#317"", ""share"": 0.113, ""labels"": [317]}]"
2026_08_16/s3,s3,v7,,v1_votescope_all,97.72,98.81,1.08,3.535,object#179,179,0.244,,,,0.725,0.209,,,0,0,12,球M,0,3,"[{""name"": ""object#179"", ""share"": 0.244, ""labels"": [179]}, {""name"": ""object#130"", ""share"": 0.177, ""labels"": [130]}, {""name"": ""object#317"", ""share"": 0.096, ""labels"": [317]}]"
2026_08_16/s3,s3,v7,,v1_votescope_all,100.9,106.7,5.8,3.386,object#130,130,0.318,,,,0.78,0.329,,,0,0,13,球R,0,3,"[{""name"": ""object#130"", ""share"": 0.318, ""labels"": [130]}, {""name"": ""object#318"", ""share"": 0.248, ""labels"": [318]}, {""name"": ""object#10"", ""share"": 0.088, ""labels"": [10]}]"
2026_08_16/s3,s3,v7,,v1_votescope_all,106.75,107.29,0.54,3.375,object#318,318,0.214,,,,0.902,0.657,,,0,0,13,球R,0,3,"[{""name"": ""object#318"", ""share"": 0.214, ""labels"": [318]}, {""name"": ""object#130"", ""share"": 0.193, ""labels"": [130]}, {""name"": ""object#305"", ""share"": 0.183, ""labels"": [305]}]"
2026_08_16/s3,s3,v7,,v1_votescope_all,108.35,108.9,0.54,3.379,object#46,46,0.165,,,,0.909,0.267,,,0,0,,,,3,"[{""name"": ""object#46"", ""share"": 0.165, ""labels"": [46]}, {""name"": ""object#317"", ""share"": 0.15, ""labels"": [317]}, {""name"": ""球M"", ""share"": 0.146, ""labels"": [321]}]"
2026_08_16/s3,s3,v7,,v1_votescope_all,109.92,110.63,0.7,3.5,object#179,179,0.229,,,,0.825,0.214,,,0,0,14,球M,0,3,"[{""name"": ""object#179"", ""share"": 0.229, ""labels"": [179]}, {""name"": ""object#130"", ""share"": 0.189, ""labels"": [130]}, {""name"": ""object#317"", ""share"": 0.105, ""labels"": [317]}]"
2026_08_16/s3,s3,v7,,v1_votescope_all,113.44,113.77,0.32,3.349,object#10,10,0.261,,,,0.985,0.196,,,0,0,14,球M,0,3,"[{""name"": ""object#10"", ""share"": 0.261, ""labels"": [10]}, {""name"": ""object#316"", ""share"": 0.257, ""labels"": [316]}, {""name"": ""object#46"", ""share"": 0.197, ""labels"": [46]}]"
2026_08_16/s3,s3,v7,,v1_votescope_all,114.04,115.07,1.03,3.388,球M,321,0.195,,,,0.887,0.215,,,0,0,14,球M,1,3,"[{""name"": ""球M"", ""share"": 0.195, ""labels"": [321]}, {""name"": ""object#317"", ""share"": 0.173, ""labels"": [317]}, {""name"": ""object#10"", ""share"": 0.134, ""labels"": [10]}]"
2026_08_16/s3,s3,v7,,v1_votescope_all,115.32,122.42,7.1,3.378,object#318,318,0.327,,,,0.557,0.389,,,0,0,15,球R,0,3,"[{""name"": ""object#318"", ""share"": 0.327, ""labels"": [318]}, {""name"": ""object#130"", ""share"": 0.182, ""labels"": [130]}, {""name"": ""球R"", ""share"": 0.095, ""labels"": [322]}]"
2026_08_16/s3,s3,v7,,v1_votescope_all,123.2,123.52,0.32,4.0,object#187,187,0.922,,,,0.085,0.847,,,1,1,,,,2,"[{""name"": ""object#187"", ""share"": 0.922, ""labels"": [187]}, {""name"": ""object#20"", ""share"": 0.078, ""labels"": [20]}]"
2026_08_16/s3,s3,v7,,v1_votescope_all,123.58,123.85,0.27,3.808,object#187,187,0.958,,,,0.033,0.656,,,1,1,,,,3,"[{""name"": ""object#187"", ""share"": 0.958, ""labels"": [187]}, {""name"": ""object#20"", ""share"": 0.032, ""labels"": [20]}, {""name"": ""object#59"", ""share"": 0.01, ""labels"": [59]}]"
2026_08_16/s3,s3,v7,,v1_votescope_all,125.95,126.27,0.32,2.201,object#59,59,1.0,,,,0.0,0.371,,,1,1,,,,2,"[{""name"": ""object#59"", ""share"": 1.0, ""labels"": [59]}, {""name"": ""object#187"", ""share"": 0.0, ""labels"": [187]}]"
2026_08_16/s3,s3,v7,,v1_votescope_all,126.38,126.76,0.38,2.119,object#25,25,0.567,,,,0.743,0.02,,,1,1,,,,3,"[{""name"": ""object#25"", ""share"": 0.567, ""labels"": [25]}, {""name"": ""object#59"", ""share"": 0.421, ""labels"": [59]}, {""name"": ""object#31"", ""share"": 0.005, ""labels"": [31]}]"
2026_08_16/s4,s4,v8,,v1_votescope_all,10.29,12.78,2.49,4.816,object#93,93,1.0,,,,0.0,1.0,,,1,1,,,,1,"[{""name"": ""object#93"", ""share"": 1.0, ""labels"": [93]}]"
2026_08_16/s4,s4,v8,,v1_votescope_all,13.61,14.42,0.81,4.797,object#11,11,0.999,,,,0.001,0.544,,,1,1,,,,2,"[{""name"": ""object#11"", ""share"": 0.999, ""labels"": [11]}, {""name"": ""object#39"", ""share"": 0.001, ""labels"": [39]}]"
2026_08_16/s4,s4,v8,,v1_votescope_all,15.45,16.1,0.65,3.851,object#17,17,0.619,,,,0.152,0.147,,,1,1,,,,3,"[{""name"": ""object#17"", ""share"": 0.619, ""labels"": [17]}, {""name"": ""object#162"", ""share"": 0.094, ""labels"": [162]}, {""name"": ""object#118"", ""share"": 0.052, ""labels"": [118]}]"
2026_08_16/s4,s4,v8,,v1_votescope_all,18.11,19.63,1.52,3.81,object#36,36,0.324,,,,0.475,0.522,,,0,0,1,球L,0,3,"[{""name"": ""object#36"", ""share"": 0.324, ""labels"": [36]}, {""name"": ""object#90"", ""share"": 0.154, ""labels"": [90]}, {""name"": ""object#27"", ""share"": 0.145, ""labels"": [27]}]"
2026_08_16/s4,s4,v8,,v1_votescope_all,19.91,22.57,2.65,3.805,object#36,36,0.262,,,,0.729,0.473,,,0,0,1,球L,0,3,"[{""name"": ""object#36"", ""share"": 0.262, ""labels"": [36]}, {""name"": ""object#90"", ""share"": 0.191, ""labels"": [90]}, {""name"": ""object#27"", ""share"": 0.179, ""labels"": [27]}]"
2026_08_16/s4,s4,v8,,v1_votescope_all,22.62,24.68,2.06,3.852,object#90,90,0.258,,,,0.787,0.504,,,0,0,2,球L,0,3,"[{""name"": ""object#90"", ""share"": 0.258, ""labels"": [90]}, {""name"": ""object#27"", ""share"": 0.203, ""labels"": [27]}, {""name"": ""object#36"", ""share"": 0.168, ""labels"": [36]}]"
2026_08_16/s4,s4,v8,,v1_votescope_all,24.84,28.91,4.06,3.802,object#36,36,0.254,,,,0.693,0.475,,,0,0,2,球L,0,3,"[{""name"": ""object#36"", ""share"": 0.254, ""labels"": [36]}, {""name"": ""object#90"", ""share"": 0.176, ""labels"": [90]}, {""name"": ""object#27"", ""share"": 0.173, ""labels"": [27]}]"
2026_08_16/s4,s4,v8,,v1_votescope_all,29.15,29.7,0.54,3.88,object#36,36,0.277,,,,0.661,0.472,,,0,0,,,,3,"[{""name"": ""object#36"", ""share"": 0.277, ""labels"": [36]}, {""name"": ""object#90"", ""share"": 0.183, ""labels"": [90]}, {""name"": ""object#27"", ""share"": 0.171, ""labels"": [27]}]"
2026_08_16/s4,s4,v8,,v1_votescope_all,29.75,30.35,0.6,3.786,object#36,36,0.259,,,,0.506,0.32,,,0,0,3,球M,0,3,"[{""name"": ""object#36"", ""share"": 0.259, ""labels"": [36]}, {""name"": ""球L"", ""share"": 0.131, ""labels"": [191]}, {""name"": ""object#27"", ""share"": 0.127, ""labels"": [27]}]"
2026_08_16/s4,s4,v8,,v1_votescope_all,30.62,31.05,0.43,3.792,object#36,36,0.365,,,,0.321,0.431,,,1,0,3,球M,0,3,"[{""name"": ""object#36"", ""share"": 0.365, ""labels"": [36]}, {""name"": ""object#30"", ""share"": 0.117, ""labels"": [30]}, {""name"": ""object#27"", ""share"": 0.113, ""labels"": [27]}]"
2026_08_16/s4,s4,v8,,v1_votescope_all,31.16,31.75,0.6,3.798,object#36,36,0.379,,,,0.383,0.544,,,1,0,3,球M,0,3,"[{""name"": ""object#36"", ""share"": 0.379, ""labels"": [36]}, {""name"": ""object#90"", ""share"": 0.145, ""labels"": [90]}, {""name"": ""object#30"", ""share"": 0.127, ""labels"": [30]}]"
2026_08_16/s4,s4,v8,,v1_votescope_all,32.16,32.43,0.27,3.836,object#27,27,0.33,,,,0.615,0.147,,,0,0,3,球M,0,3,"[{""name"": ""object#27"", ""share"": 0.33, ""labels"": [27]}, {""name"": ""object#85"", ""share"": 0.203, ""labels"": [85]}, {""name"": ""object#26"", ""share"": 0.094, ""labels"": [26]}]"
2026_08_16/s4,s4,v8,,v1_votescope_all,32.6,33.46,0.87,3.819,object#17,17,0.177,,,,0.87,0.28,,,0,0,3,球M,0,3,"[{""name"": ""object#17"", ""share"": 0.177, ""labels"": [17]}, {""name"": ""object#27"", ""share"": 0.154, ""labels"": [27]}, {""name"": ""object#70"", ""share"": 0.106, ""labels"": [70]}]"
2026_08_16/s4,s4,v8,,v1_votescope_all,34.87,35.2,0.32,3.813,object#27,27,0.249,,,,0.546,0.256,,,0,0,3,球M,0,3,"[{""name"": ""object#27"", ""share"": 0.249, ""labels"": [27]}, {""name"": ""object#17"", ""share"": 0.136, ""labels"": [17]}, {""name"": ""object#85"", ""share"": 0.119, ""labels"": [85]}]"
2026_08_16/s4,s4,v8,,v1_votescope_all,36.98,37.69,0.7,4.02,object#27,27,0.273,,,,0.777,0.179,,,0,0,4,球R,0,3,"[{""name"": ""object#27"", ""share"": 0.273, ""labels"": [27]}, {""name"": ""object#85"", ""share"": 0.212, ""labels"": [85]}, {""name"": ""object#17"", ""share"": 0.086, ""labels"": [17]}]"
2026_08_16/s4,s4,v8,,v1_votescope_all,37.9,38.55,0.65,4.013,object#85,85,0.22,,,,0.868,0.098,,,0,0,4,球R,0,3,"[{""name"": ""object#85"", ""share"": 0.22, ""labels"": [85]}, {""name"": ""object#27"", ""share"": 0.191, ""labels"": [27]}, {""name"": ""object#118"", ""share"": 0.128, ""labels"": [118]}]"
2026_08_16/s4,s4,v8,,v1_votescope_all,38.94,39.86,0.92,3.799,object#17,17,0.641,,,,0.129,0.133,,,1,1,4,球R,0,3,"[{""name"": ""object#17"", ""share"": 0.641, ""labels"": [17]}, {""name"": ""object#162"", ""share"": 0.083, ""labels"": [162]}, {""name"": ""object#68"", ""share"": 0.062, ""labels"": [68]}]"
2026_08_16/s4,s4,v8,,v1_votescope_all,40.15,41.56,1.41,3.889,object#17,17,0.63,,,,0.135,0.152,,,1,1,4,球R,0,3,"[{""name"": ""object#17"", ""share"": 0.63, ""labels"": [17]}, {""name"": ""object#162"", ""share"": 0.085, ""labels"": [162]}, {""name"": ""object#136"", ""share"": 0.069, ""labels"": [136]}]"
2026_08_16/s4,s4,v8,,v1_votescope_all,41.61,46.81,5.2,3.815,object#17,17,0.672,,,,0.119,0.206,,,1,1,5,球R,0,3,"[{""name"": ""object#17"", ""share"": 0.672, ""labels"": [17]}, {""name"": ""object#162"", ""share"": 0.08, ""labels"": [162]}, {""name"": ""object#136"", ""share"": 0.06, ""labels"": [136]}]"
2026_08_16/s4,s4,v8,,v1_votescope_all,47.1,47.47,0.38,3.827,object#17,17,0.601,,,,0.233,0.114,,,1,1,5,球R,0,3,"[{""name"": ""object#17"", ""share"": 0.601, ""labels"": [17]}, {""name"": ""object#68"", ""share"": 0.14, ""labels"": [68]}, {""name"": ""object#163"", ""share"": 0.064, ""labels"": [163]}]"
2026_08_16/s4,s4,v8,,v1_votescope_all,47.53,48.67,1.14,3.874,object#17,17,0.656,,,,0.116,0.246,,,1,1,5,球R,0,3,"[{""name"": ""object#17"", ""share"": 0.656, ""labels"": [17]}, {""name"": ""object#136"", ""share"": 0.076, ""labels"": [136]}, {""name"": ""object#162"", ""share"": 0.058, ""labels"": [162]}]"
2026_08_16/s4,s4,v8,,v1_votescope_all,48.72,49.64,0.92,3.849,object#17,17,0.413,,,,0.339,0.099,,,1,0,,,,3,"[{""name"": ""object#17"", ""share"": 0.413, ""labels"": [17]}, {""name"": ""object#118"", ""share"": 0.14, ""labels"": [118]}, {""name"": ""object#163"", ""share"": 0.12, ""labels"": [163]}]"
2026_08_16/s4,s4,v8,,v1_votescope_all,50.89,51.48,0.6,3.924,object#17,17,0.486,,,,0.261,0.202,,,1,0,6,球M,0,3,"[{""name"": ""object#17"", ""share"": 0.486, ""labels"": [17]}, {""name"": ""object#136"", ""share"": 0.127, ""labels"": [136]}, {""name"": ""object#162"", ""share"": 0.106, ""labels"": [162]}]"
2026_08_16/s4,s4,v8,,v1_votescope_all,52.0,52.49,0.49,3.879,object#27,27,0.236,,,,0.631,0.215,,,0,0,6,球M,0,3,"[{""name"": ""object#27"", ""share"": 0.236, ""labels"": [27]}, {""name"": ""object#17"", ""share"": 0.149, ""labels"": [17]}, {""name"": ""object#10"", ""share"": 0.091, ""labels"": [10]}]"
2026_08_16/s4,s4,v8,,v1_votescope_all,53.3,53.57,0.27,3.83,object#27,27,0.187,,,,0.957,0.225,,,0,0,6,球M,0,3,"[{""name"": ""object#27"", ""share"": 0.187, ""labels"": [27]}, {""name"": ""object#17"", ""share"": 0.179, ""labels"": [17]}, {""name"": ""object#10"", ""share"": 0.111, ""labels"": [10]}]"
2026_08_16/s4,s4,v8,,v1_votescope_all,54.28,54.66,0.38,3.853,object#27,27,0.187,,,,0.802,0.237,,,0,0,6,球M,0,3,"[{""name"": ""object#27"", ""share"": 0.187, ""labels"": [27]}, {""name"": ""object#17"", ""share"": 0.15, ""labels"": [17]}, {""name"": ""object#85"", ""share"": 0.113, ""labels"": [85]}]"
2026_08_16/s4,s4,v8,,v1_votescope_all,55.69,55.96,0.27,3.868,object#85,85,0.216,,,,0.769,0.096,,,0,0,6,球M,0,3,"[{""name"": ""object#85"", ""share"": 0.216, ""labels"": [85]}, {""name"": ""object#163"", ""share"": 0.166, ""labels"": [163]}, {""name"": ""object#118"", ""share"": 0.14, ""labels"": [118]}]"
2026_08_16/s4,s4,v8,,v1_votescope_all,58.61,58.88,0.27,3.834,object#17,17,0.178,,,,0.736,0.243,,,0,0,7,球M,0,3,"[{""name"": ""object#17"", ""share"": 0.178, ""labels"": [17]}, {""name"": ""球M"", ""share"": 0.131, ""labels"": [192]}, {""name"": ""object#27"", ""share"": 0.126, ""labels"": [27]}]"
2026_08_16/s4,s4,v8,,v1_votescope_all,60.41,61.06,0.65,3.939,object#17,17,0.228,,,,0.566,0.186,,,0,0,7,球M,0,3,"[{""name"": ""object#17"", ""share"": 0.228, ""labels"": [17]}, {""name"": ""object#10"", ""share"": 0.129, ""labels"": [10]}, {""name"": ""object#70"", ""share"": 0.121, ""labels"": [70]}]"
2026_08_16/s4,s4,v8,,v1_votescope_all,61.6,61.98,0.38,3.862,object#17,17,0.205,,,,0.605,0.199,,,0,0,7,球M,0,3,"[{""name"": ""object#17"", ""share"": 0.205, ""labels"": [17]}, {""name"": ""object#27"", ""share"": 0.124, ""labels"": [27]}, {""name"": ""球M"", ""share"": 0.114, ""labels"": [192]}]"
2026_08_16/s4,s4,v8,,v1_votescope_all,62.52,62.79,0.27,4.063,object#27,27,0.276,,,,0.62,0.209,,,0,0,7,球M,0,3,"[{""name"": ""object#27"", ""share"": 0.276, ""labels"": [27]}, {""name"": ""object#85"", ""share"": 0.171, ""labels"": [85]}, {""name"": ""object#17"", ""share"": 0.119, ""labels"": [17]}]"
2026_08_16/s4,s4,v8,,v1_votescope_all,65.23,65.5,0.27,3.912,object#27,27,0.159,,,,1.0,0.192,,,0,0,,,,3,"[{""name"": ""object#27"", ""share"": 0.159, ""labels"": [27]}, {""name"": ""object#17"", ""share"": 0.159, ""labels"": [17]}, {""name"": ""object#85"", ""share"": 0.109, ""labels"": [85]}]"
2026_08_16/s4,s4,v8,,v1_votescope_all,65.97,66.57,0.6,3.843,object#17,17,0.585,,,,0.181,0.233,,,1,1,,,,3,"[{""name"": ""object#17"", ""share"": 0.585, ""labels"": [17]}, {""name"": ""object#136"", ""share"": 0.106, ""labels"": [136]}, {""name"": ""object#162"", ""share"": 0.093, ""labels"": [162]}]"
2026_08_16/s4,s4,v8,,v1_votescope_all,66.62,66.89,0.27,3.915,object#17,17,0.279,,,,0.706,0.276,,,0,0,,,,3,"[{""name"": ""object#17"", ""share"": 0.279, ""labels"": [17]}, {""name"": ""object#10"", ""share"": 0.197, ""labels"": [10]}, {""name"": ""object#70"", ""share"": 0.111, ""labels"": [70]}]"
2026_08_16/s4,s4,v8,,v1_votescope_all,67.17,67.82,0.65,3.863,object#17,17,0.226,,,,0.677,0.206,,,0,0,,,,3,"[{""name"": ""object#17"", ""share"": 0.226, ""labels"": [17]}, {""name"": ""object#10"", ""share"": 0.153, ""labels"": [10]}, {""name"": ""object#70"", ""share"": 0.131, ""labels"": [70]}]"
2026_08_16/s4,s4,v8,,v1_votescope_all,68.68,69.06,0.38,3.916,object#17,17,0.255,,,,0.565,0.143,,,0,0,,,,3,"[{""name"": ""object#17"", ""share"": 0.255, ""labels"": [17]}, {""name"": ""object#118"", ""share"": 0.144, ""labels"": [118]}, {""name"": ""object#162"", ""share"": 0.114, ""labels"": [162]}]"
2026_08_16/s4,s4,v8,,v1_votescope_all,69.17,69.55,0.38,3.872,object#17,17,0.253,,,,0.518,0.175,,,0,0,,,,3,"[{""name"": ""object#17"", ""share"": 0.253, ""labels"": [17]}, {""name"": ""object#118"", ""share"": 0.131, ""labels"": [118]}, {""name"": ""object#162"", ""share"": 0.122, ""labels"": [162]}]"
2026_08_16/s4,s4,v8,,v1_votescope_all,72.68,73.09,0.41,3.827,object#17,17,0.247,,,,0.737,0.197,,,0,0,8,球L,0,3,"[{""name"": ""object#17"", ""share"": 0.247, ""labels"": [17]}, {""name"": ""object#10"", ""share"": 0.182, ""labels"": [10]}, {""name"": ""object#70"", ""share"": 0.141, ""labels"": [70]}]"
2026_08_16/s4,s4,v8,,v1_votescope_all,75.47,76.52,1.05,3.784,object#36,36,0.317,,,,0.47,0.345,,,0,0,8,球L,0,3,"[{""name"": ""object#36"", ""share"": 0.317, ""labels"": [36]}, {""name"": ""object#27"", ""share"": 0.149, ""labels"": [27]}, {""name"": ""球L"", ""share"": 0.115, ""labels"": [191]}]"
2026_08_16/s4,s4,v8,,v1_votescope_all,76.63,77.62,0.99,3.793,object#36,36,0.356,,,,0.478,0.374,,,1,0,8,球L,0,3,"[{""name"": ""object#36"", ""share"": 0.356, ""labels"": [36]}, {""name"": ""球L"", ""share"": 0.17, ""labels"": [191]}, {""name"": ""object#149"", ""share"": 0.105, ""labels"": [149]}]"
2026_08_16/s4,s4,v8,,v1_votescope_all,78.1,78.86,0.76,3.781,object#36,36,0.211,,,,0.777,0.264,,,0,0,,,,3,"[{""name"": ""object#36"", ""share"": 0.211, ""labels"": [36]}, {""name"": ""object#27"", ""share"": 0.164, ""labels"": [27]}, {""name"": ""object#149"", ""share"": 0.128, ""labels"": [149]}]"
2026_08_16/s4,s4,v8,,v1_votescope_all,79.64,80.11,0.47,3.772,object#27,27,0.297,,,,0.677,0.3,,,0,0,9,球R,0,3,"[{""name"": ""object#27"", ""share"": 0.297, ""labels"": [27]}, {""name"": ""object#90"", ""share"": 0.201, ""labels"": [90]}, {""name"": ""object#36"", ""share"": 0.111, ""labels"": [36]}]"
2026_08_16/s4,s4,v8,,v1_votescope_all,80.32,81.26,0.94,3.78,object#27,27,0.263,,,,0.563,0.256,,,0,0,9,球R,0,3,"[{""name"": ""object#27"", ""share"": 0.263, ""labels"": [27]}, {""name"": ""object#36"", ""share"": 0.148, ""labels"": [36]}, {""name"": ""object#90"", ""share"": 0.099, ""labels"": [90]}]"
2026_08_16/s4,s4,v8,,v1_votescope_all,82.19,84.34,2.16,3.842,object#17,17,0.578,,,,0.228,0.276,,,1,1,9,球R,0,3,"[{""name"": ""object#17"", ""share"": 0.578, ""labels"": [17]}, {""name"": ""object#136"", ""share"": 0.132, ""labels"": [136]}, {""name"": ""object#162"", ""share"": 0.074, ""labels"": [162]}]"
2026_08_16/s4,s4,v8,,v1_votescope_all,84.45,84.74,0.29,3.81,object#17,17,0.529,,,,0.285,0.297,,,1,1,9,球R,0,3,"[{""name"": ""object#17"", ""share"": 0.529, ""labels"": [17]}, {""name"": ""object#136"", ""share"": 0.151, ""labels"": [136]}, {""name"": ""球R"", ""share"": 0.083, ""labels"": [193]}]"
2026_08_16/s4,s4,v8,,v1_votescope_all,85.05,85.58,0.52,3.801,object#17,17,0.603,,,,0.211,0.318,,,1,1,,,,3,"[{""name"": ""object#17"", ""share"": 0.603, ""labels"": [17]}, {""name"": ""object#136"", ""share"": 0.127, ""labels"": [136]}, {""name"": ""球R"", ""share"": 0.077, ""labels"": [193]}]"
2026_08_16/s4,s4,v8,,v1_votescope_all,86.15,86.85,0.7,3.823,object#17,17,0.709,,,,0.11,0.304,,,1,1,,,,3,"[{""name"": ""object#17"", ""share"": 0.709, ""labels"": [17]}, {""name"": ""object#68"", ""share"": 0.078, ""labels"": [68]}, {""name"": ""object#136"", ""share"": 0.064, ""labels"": [136]}]"
2026_08_16/s4,s4,v8,,v1_votescope_all,86.97,87.49,0.52,3.805,object#17,17,0.708,,,,0.114,0.271,,,1,1,10,球M,0,3,"[{""name"": ""object#17"", ""share"": 0.708, ""labels"": [17]}, {""name"": ""object#68"", ""share"": 0.081, ""labels"": [68]}, {""name"": ""object#136"", ""share"": 0.058, ""labels"": [136]}]"
2026_08_16/s4,s4,v8,,v1_votescope_all,87.74,88.09,0.35,3.816,object#17,17,0.675,,,,0.113,0.213,,,1,1,10,球M,0,3,"[{""name"": ""object#17"", ""share"": 0.675, ""labels"": [17]}, {""name"": ""object#136"", ""share"": 0.076, ""labels"": [136]}, {""name"": ""object#162"", ""share"": 0.068, ""labels"": [162]}]"
2026_08_16/s4,s4,v8,,v1_votescope_all,88.2,88.55,0.35,3.794,object#17,17,0.448,,,,0.384,0.316,,,1,0,10,球M,0,3,"[{""name"": ""object#17"", ""share"": 0.448, ""labels"": [17]}, {""name"": ""object#136"", ""share"": 0.172, ""labels"": [136]}, {""name"": ""球R"", ""share"": 0.115, ""labels"": [193]}]"
2026_08_16/s4,s4,v8,,v1_votescope_all,95.13,95.51,0.39,3.801,object#10,10,0.229,,,,0.703,0.263,,,0,0,11,球R,0,3,"[{""name"": ""object#10"", ""share"": 0.229, ""labels"": [10]}, {""name"": ""object#17"", ""share"": 0.161, ""labels"": [17]}, {""name"": ""球M"", ""share"": 0.136, ""labels"": [192]}]"
2026_08_16/s4,s4,v8,,v1_votescope_all,95.9,97.47,1.57,3.833,object#17,17,0.528,,,,0.216,0.169,,,1,1,11,球R,0,3,"[{""name"": ""object#17"", ""share"": 0.528, ""labels"": [17]}, {""name"": ""object#162"", ""share"": 0.114, ""labels"": [162]}, {""name"": ""object#136"", ""share"": 0.109, ""labels"": [136]}]"
2026_08_16/s4,s4,v8,,v1_votescope_all,97.71,102.7,4.98,3.796,object#17,17,0.558,,,,0.194,0.199,,,1,1,11,球R,0,3,"[{""name"": ""object#17"", ""share"": 0.558, ""labels"": [17]}, {""name"": ""object#162"", ""share"": 0.108, ""labels"": [162]}, {""name"": ""object#136"", ""share"": 0.106, ""labels"": [136]}]"
2026_08_16/s4,s4,v8,,v1_votescope_all,103.11,106.74,3.63,3.913,object#17,17,0.557,,,,0.197,0.203,,,1,1,12,球R,0,3,"[{""name"": ""object#17"", ""share"": 0.557, ""labels"": [17]}, {""name"": ""object#136"", ""share"": 0.11, ""labels"": [136]}, {""name"": ""object#162"", ""share"": 0.081, ""labels"": [162]}]"
2026_08_16/s4,s4,v8,,v1_votescope_all,106.8,107.17,0.38,3.807,object#17,17,0.437,,,,0.327,0.106,,,1,0,,,,3,"[{""name"": ""object#17"", ""share"": 0.437, ""labels"": [17]}, {""name"": ""object#162"", ""share"": 0.143, ""labels"": [162]}, {""name"": ""object#118"", ""share"": 0.087, ""labels"": [118]}]"
2026_08_16/s4,s4,v8,,v1_votescope_all,107.23,109.72,2.49,3.819,object#17,17,0.6,,,,0.2,0.278,,,1,1,,,,3,"[{""name"": ""object#17"", ""share"": 0.6, ""labels"": [17]}, {""name"": ""object#136"", ""share"": 0.12, ""labels"": [136]}, {""name"": ""object#162"", ""share"": 0.079, ""labels"": [162]}]"
2026_08_16/s4,s4,v8,,v1_votescope_all,110.28,112.5,2.22,3.812,object#17,17,0.186,,,,0.796,0.236,,,0,0,13,球M,0,3,"[{""name"": ""object#17"", ""share"": 0.186, ""labels"": [17]}, {""name"": ""object#10"", ""share"": 0.148, ""labels"": [10]}, {""name"": ""球M"", ""share"": 0.141, ""labels"": [192]}]"
2026_08_16/s4,s4,v8,,v1_votescope_all,113.05,115.11,2.06,3.818,object#17,17,0.178,,,,0.916,0.228,,,0,0,,,,3,"[{""name"": ""object#17"", ""share"": 0.178, ""labels"": [17]}, {""name"": ""object#10"", ""share"": 0.163, ""labels"": [10]}, {""name"": ""球M"", ""share"": 0.14, ""labels"": [192]}]"
2026_08_16/s4,s4,v8,,v1_votescope_all,117.45,121.02,3.57,3.775,object#36,36,0.275,,,,0.52,0.315,,,0,0,14,球L,0,3,"[{""name"": ""object#36"", ""share"": 0.275, ""labels"": [36]}, {""name"": ""object#27"", ""share"": 0.143, ""labels"": [27]}, {""name"": ""object#149"", ""share"": 0.131, ""labels"": [149]}]"
2026_08_16/s4,s4,v8,,v1_votescope_all,121.08,121.89,0.81,3.79,object#27,27,0.257,,,,0.619,0.221,,,0,0,,,,3,"[{""name"": ""object#27"", ""share"": 0.257, ""labels"": [27]}, {""name"": ""object#36"", ""share"": 0.159, ""labels"": [36]}, {""name"": ""object#30"", ""share"": 0.084, ""labels"": [30]}]"
2026_08_16/s4,s4,v8,,v1_votescope_all,122.08,122.68,0.6,3.803,object#27,27,0.25,,,,0.444,0.235,,,0,0,15,球L,0,3,"[{""name"": ""object#27"", ""share"": 0.25, ""labels"": [27]}, {""name"": ""object#36"", ""share"": 0.111, ""labels"": [36]}, {""name"": ""object#17"", ""share"": 0.11, ""labels"": [17]}]"
2026_08_16/s4,s4,v8,,v1_votescope_all,122.73,123.11,0.38,3.778,object#36,36,0.25,,,,0.712,0.302,,,0,0,15,球L,0,3,"[{""name"": ""object#36"", ""share"": 0.25, ""labels"": [36]}, {""name"": ""object#27"", ""share"": 0.178, ""labels"": [27]}, {""name"": ""object#30"", ""share"": 0.108, ""labels"": [30]}]"
2026_08_16/s4,s4,v8,,v1_votescope_all,123.44,124.14,0.7,3.745,object#36,36,0.297,,,,0.451,0.309,,,0,0,15,球L,0,3,"[{""name"": ""object#36"", ""share"": 0.297, ""labels"": [36]}, {""name"": ""球L"", ""share"": 0.134, ""labels"": [191]}, {""name"": ""object#27"", ""share"": 0.116, ""labels"": [27]}]"
2026_08_16/s4,s4,v8,,v1_votescope_all,124.62,128.68,4.06,3.767,object#36,36,0.33,,,,0.448,0.376,,,0,0,15,球L,0,3,"[{""name"": ""object#36"", ""share"": 0.33, ""labels"": [36]}, {""name"": ""object#27"", ""share"": 0.148, ""labels"": [27]}, {""name"": ""球L"", ""share"": 0.109, ""labels"": [191]}]"
2026_08_16/s4,s4,v8,,v1_votescope_all,128.73,129.0,0.27,3.794,object#27,27,0.273,,,,0.44,0.21,,,0,0,,,,3,"[{""name"": ""object#27"", ""share"": 0.273, ""labels"": [27]}, {""name"": ""object#17"", ""share"": 0.12, ""labels"": [17]}, {""name"": ""object#36"", ""share"": 0.084, ""labels"": [36]}]"
2026_08_16/s4,s4,v8,,v1_votescope_all,129.06,131.55,2.49,3.77,object#27,27,0.22,,,,0.909,0.276,,,0,0,,,,3,"[{""name"": ""object#27"", ""share"": 0.22, ""labels"": [27]}, {""name"": ""object#36"", ""share"": 0.2, ""labels"": [36]}, {""name"": ""object#149"", ""share"": 0.106, ""labels"": [149]}]"
2026_08_16/s4,s4,v8,,v1_votescope_all,132.41,132.73,0.32,4.079,object#25,25,0.385,,,,0.675,0.837,,,1,0,,,,3,"[{""name"": ""object#25"", ""share"": 0.385, ""labels"": [25]}, {""name"": ""object#14"", ""share"": 0.26, ""labels"": [14]}, {""name"": ""object#82"", ""share"": 0.221, ""labels"": [82]}]"
2026_08_16/s6,s6,v8,,v1_votescope_all,10.95,11.22,0.27,3.796,object#17,17,0.532,,,,0.179,0.162,,,1,1,,,,3,"[{""name"": ""object#17"", ""share"": 0.532, ""labels"": [17]}, {""name"": ""object#162"", ""share"": 0.095, ""labels"": [162]}, {""name"": ""object#70"", ""share"": 0.075, ""labels"": [70]}]"
2026_08_16/s6,s6,v8,,v1_votescope_all,13.6,13.98,0.38,4.308,object#17,17,0.431,,,,0.202,0.243,,,1,0,,,,3,"[{""name"": ""object#17"", ""share"": 0.431, ""labels"": [17]}, {""name"": ""object#70"", ""share"": 0.087, ""labels"": [70]}, {""name"": ""object#136"", ""share"": 0.07, ""labels"": [136]}]"
2026_08_16/s6,s6,v8,,v1_votescope_all,14.04,14.42,0.38,4.35,object#17,17,0.354,,,,0.534,0.346,,,1,0,,,,3,"[{""name"": ""object#17"", ""share"": 0.354, ""labels"": [17]}, {""name"": ""object#63"", ""share"": 0.189, ""labels"": [63]}, {""name"": ""object#136"", ""share"": 0.108, ""labels"": [136]}]"
2026_08_16/s6,s6,v8,,v1_votescope_all,14.63,15.01,0.38,4.398,object#17,17,0.31,,,,0.494,0.11,,,0,0,,,,3,"[{""name"": ""object#17"", ""share"": 0.31, ""labels"": [17]}, {""name"": ""object#118"", ""share"": 0.153, ""labels"": [118]}, {""name"": ""object#162"", ""share"": 0.11, ""labels"": [162]}]"
2026_08_16/s6,s6,v8,,v1_votescope_all,15.06,15.44,0.38,4.498,object#17,17,0.475,,,,0.291,0.262,,,1,0,,,,3,"[{""name"": ""object#17"", ""share"": 0.475, ""labels"": [17]}, {""name"": ""object#63"", ""share"": 0.138, ""labels"": [63]}, {""name"": ""object#136"", ""share"": 0.074, ""labels"": [136]}]"
2026_08_16/s6,s6,v8,,v1_votescope_all,15.5,15.77,0.27,4.516,object#17,17,0.48,,,,0.171,0.182,,,1,0,,,,3,"[{""name"": ""object#17"", ""share"": 0.48, ""labels"": [17]}, {""name"": ""object#118"", ""share"": 0.082, ""labels"": [118]}, {""name"": ""object#162"", ""share"": 0.079, ""labels"": [162]}]"
2026_08_16/s6,s6,v8,,v1_votescope_all,15.82,16.25,0.43,4.41,object#36,36,0.138,,,,0.971,0.173,,,0,0,,,,3,"[{""name"": ""object#36"", ""share"": 0.138, ""labels"": [36]}, {""name"": ""object#27"", ""share"": 0.134, ""labels"": [27]}, {""name"": ""object#90"", ""share"": 0.094, ""labels"": [90]}]"
2026_08_16/s6,s6,v8,,v1_votescope_all,16.58,17.55,0.97,4.498,object#17,17,0.314,,,,0.35,0.174,,,0,0,,,,3,"[{""name"": ""object#17"", ""share"": 0.314, ""labels"": [17]}, {""name"": ""object#162"", ""share"": 0.11, ""labels"": [162]}, {""name"": ""球M"", ""share"": 0.108, ""labels"": [192]}]"
2026_08_16/s6,s6,v8,,v1_votescope_all,17.79,18.06,0.27,4.449,object#17,17,0.17,,,,0.876,0.179,,,0,0,,,,3,"[{""name"": ""object#17"", ""share"": 0.17, ""labels"": [17]}, {""name"": ""object#10"", ""share"": 0.149, ""labels"": [10]}, {""name"": ""object#162"", ""share"": 0.107, ""labels"": [162]}]"
2026_08_16/s6,s6,v8,,v1_votescope_all,18.11,18.71,0.6,4.441,object#17,17,0.276,,,,0.46,0.173,,,0,0,,,,3,"[{""name"": ""object#17"", ""share"": 0.276, ""labels"": [17]}, {""name"": ""object#10"", ""share"": 0.127, ""labels"": [10]}, {""name"": ""object#162"", ""share"": 0.116, ""labels"": [162]}]"
2026_08_16/s6,s6,v8,,v1_votescope_all,18.76,19.09,0.33,4.461,object#17,17,0.182,,,,0.885,0.171,,,0,0,,,,3,"[{""name"": ""object#17"", ""share"": 0.182, ""labels"": [17]}, {""name"": ""object#10"", ""share"": 0.161, ""labels"": [10]}, {""name"": ""object#162"", ""share"": 0.108, ""labels"": [162]}]"
2026_08_16/s6,s6,v8,,v1_votescope_all,19.15,20.07,0.92,4.55,object#17,17,0.291,,,,0.433,0.174,,,0,0,,,,3,"[{""name"": ""object#17"", ""share"": 0.291, ""labels"": [17]}, {""name"": ""object#10"", ""share"": 0.126, ""labels"": [10]}, {""name"": ""object#70"", ""share"": 0.12, ""labels"": [70]}]"
2026_08_16/s6,s6,v8,,v1_votescope_all,20.34,21.37,1.03,4.446,object#36,36,0.12,,,,0.975,0.137,,,0,0,,,,3,"[{""name"": ""object#36"", ""share"": 0.12, ""labels"": [36]}, {""name"": ""object#27"", ""share"": 0.117, ""labels"": [27]}, {""name"": ""object#17"", ""share"": 0.077, ""labels"": [17]}]"
2026_08_16/s6,s6,v8,,v1_votescope_all,21.66,25.12,3.47,4.429,object#27,27,0.137,,,,0.854,0.131,,,0,0,1,球L,0,3,"[{""name"": ""object#27"", ""share"": 0.137, ""labels"": [27]}, {""name"": ""object#36"", ""share"": 0.117, ""labels"": [36]}, {""name"": ""object#90"", ""share"": 0.097, ""labels"": [90]}]"
2026_08_16/s6,s6,v8,,v1_votescope_all,25.18,26.22,1.04,4.436,object#10,10,0.124,,,,0.976,0.193,,,0,0,1,球L,0,3,"[{""name"": ""object#10"", ""share"": 0.124, ""labels"": [10]}, {""name"": ""object#36"", ""share"": 0.121, ""labels"": [36]}, {""name"": ""object#17"", ""share"": 0.108, ""labels"": [17]}]"
2026_08_16/s6,s6,v8,,v1_votescope_all,27.27,29.6,2.33,4.492,object#17,17,0.319,,,,0.392,0.136,,,0,0,,,,3,"[{""name"": ""object#17"", ""share"": 0.319, ""labels"": [17]}, {""name"": ""object#118"", ""share"": 0.125, ""labels"": [118]}, {""name"": ""object#162"", ""share"": 0.117, ""labels"": [162]}]"
2026_08_16/s6,s6,v8,,v1_votescope_all,29.84,30.92,1.08,4.569,object#17,17,0.335,,,,0.376,0.154,,,0,0,2,球M,0,3,"[{""name"": ""object#17"", ""share"": 0.335, ""labels"": [17]}, {""name"": ""object#162"", ""share"": 0.126, ""labels"": [162]}, {""name"": ""object#118"", ""share"": 0.115, ""labels"": [118]}]"
2026_08_16/s6,s6,v8,,v1_votescope_all,30.97,32.11,1.14,4.531,object#17,17,0.421,,,,0.261,0.15,,,1,0,2,球M,0,3,"[{""name"": ""object#17"", ""share"": 0.421, ""labels"": [17]}, {""name"": ""object#118"", ""share"": 0.11, ""labels"": [118]}, {""name"": ""object#162"", ""share"": 0.09, ""labels"": [162]}]"
2026_08_16/s6,s6,v8,,v1_votescope_all,32.17,32.65,0.49,4.456,object#17,17,0.265,,,,0.547,0.118,,,0,0,2,球M,0,3,"[{""name"": ""object#17"", ""share"": 0.265, ""labels"": [17]}, {""name"": ""object#118"", ""share"": 0.145, ""labels"": [118]}, {""name"": ""object#162"", ""share"": 0.122, ""labels"": [162]}]"
2026_08_16/s6,s6,v8,,v1_votescope_all,32.71,33.36,0.65,4.591,object#17,17,0.514,,,,0.111,0.187,,,1,1,2,球M,0,3,"[{""name"": ""object#17"", ""share"": 0.514, ""labels"": [17]}, {""name"": ""object#118"", ""share"": 0.057, ""labels"": [118]}, {""name"": ""object#63"", ""share"": 0.055, ""labels"": [63]}]"
2026_08_16/s6,s6,v8,,v1_votescope_all,33.41,33.68,0.27,4.529,object#17,17,0.321,,,,0.427,0.106,,,0,0,2,球M,0,3,"[{""name"": ""object#17"", ""share"": 0.321, ""labels"": [17]}, {""name"": ""object#118"", ""share"": 0.137, ""labels"": [118]}, {""name"": ""object#163"", ""share"": 0.11, ""labels"": [163]}]"
2026_08_16/s6,s6,v8,,v1_votescope_all,34.15,34.42,0.27,4.58,object#17,17,0.52,,,,0.183,0.236,,,1,1,,,,3,"[{""name"": ""object#17"", ""share"": 0.52, ""labels"": [17]}, {""name"": ""object#63"", ""share"": 0.095, ""labels"": [63]}, {""name"": ""object#68"", ""share"": 0.079, ""labels"": [68]}]"
2026_08_16/s6,s6,v8,,v1_votescope_all,34.47,36.37,1.9,4.567,object#17,17,0.43,,,,0.337,0.281,,,1,0,,,,3,"[{""name"": ""object#17"", ""share"": 0.43, ""labels"": [17]}, {""name"": ""object#63"", ""share"": 0.145, ""labels"": [63]}, {""name"": ""object#136"", ""share"": 0.096, ""labels"": [136]}]"
2026_08_16/s6,s6,v8,,v1_votescope_all,36.64,39.34,2.71,4.561,object#17,17,0.465,,,,0.316,0.282,,,1,0,3,球R,0,3,"[{""name"": ""object#17"", ""share"": 0.465, ""labels"": [17]}, {""name"": ""object#63"", ""share"": 0.147, ""labels"": [63]}, {""name"": ""object#54"", ""share"": 0.079, ""labels"": [54]}]"
2026_08_16/s6,s6,v8,,v1_votescope_all,39.62,42.76,3.14,4.598,object#17,17,0.418,,,,0.397,0.234,,,1,0,3,球R,0,3,"[{""name"": ""object#17"", ""share"": 0.418, ""labels"": [17]}, {""name"": ""object#63"", ""share"": 0.166, ""labels"": [63]}, {""name"": ""object#54"", ""share"": 0.136, ""labels"": [54]}]"
2026_08_16/s6,s6,v8,,v1_votescope_all,42.81,43.35,0.54,4.545,object#17,17,0.335,,,,0.675,0.312,,,0,0,4,球R,0,3,"[{""name"": ""object#17"", ""share"": 0.335, ""labels"": [17]}, {""name"": ""object#63"", ""share"": 0.226, ""labels"": [63]}, {""name"": ""object#136"", ""share"": 0.109, ""labels"": [136]}]"
2026_08_16/s6,s6,v8,,v1_votescope_all,43.79,45.41,1.62,4.556,object#17,17,0.401,,,,0.454,0.313,,,1,0,4,球R,0,3,"[{""name"": ""object#17"", ""share"": 0.401, ""labels"": [17]}, {""name"": ""object#63"", ""share"": 0.182, ""labels"": [63]}, {""name"": ""object#54"", ""share"": 0.087, ""labels"": [54]}]"
2026_08_16/s6,s6,v8,,v1_votescope_all,45.92,47.54,1.62,4.517,object#17,17,0.455,,,,0.301,0.287,,,1,0,4,球R,0,3,"[{""name"": ""object#17"", ""share"": 0.455, ""labels"": [17]}, {""name"": ""object#63"", ""share"": 0.137, ""labels"": [63]}, {""name"": ""object#136"", ""share"": 0.083, ""labels"": [136]}]"
2026_08_16/s6,s6,v8,,v1_votescope_all,47.99,52.01,4.01,4.46,object#17,17,0.271,,,,0.454,0.156,,,0,0,5,球M,0,3,"[{""name"": ""object#17"", ""share"": 0.271, ""labels"": [17]}, {""name"": ""object#162"", ""share"": 0.123, ""labels"": [162]}, {""name"": ""object#118"", ""share"": 0.104, ""labels"": [118]}]"
2026_08_16/s6,s6,v8,,v1_votescope_all,52.06,54.66,2.6,4.464,object#17,17,0.312,,,,0.372,0.158,,,0,0,5,球M,0,3,"[{""name"": ""object#17"", ""share"": 0.312, ""labels"": [17]}, {""name"": ""object#162"", ""share"": 0.116, ""labels"": [162]}, {""name"": ""object#118"", ""share"": 0.109, ""labels"": [118]}]"
2026_08_16/s6,s6,v8,,v1_votescope_all,54.94,55.59,0.65,4.643,object#17,17,0.509,,,,0.163,0.174,,,1,1,,,,3,"[{""name"": ""object#17"", ""share"": 0.509, ""labels"": [17]}, {""name"": ""object#68"", ""share"": 0.083, ""labels"": [68]}, {""name"": ""object#63"", ""share"": 0.077, ""labels"": [63]}]"
2026_08_16/s6,s6,v8,,v1_votescope_all,55.86,60.19,4.33,4.562,object#17,17,0.487,,,,0.242,0.251,,,1,0,6,球R,0,3,"[{""name"": ""object#17"", ""share"": 0.487, ""labels"": [17]}, {""name"": ""object#63"", ""share"": 0.118, ""labels"": [63]}, {""name"": ""object#136"", ""share"": 0.075, ""labels"": [136]}]"
2026_08_16/s6,s6,v8,,v1_votescope_all,60.25,60.95,0.7,4.519,object#17,17,0.361,,,,0.266,0.189,,,1,0,6,球R,0,3,"[{""name"": ""object#17"", ""share"": 0.361, ""labels"": [17]}, {""name"": ""object#162"", ""share"": 0.096, ""labels"": [162]}, {""name"": ""object#70"", ""share"": 0.095, ""labels"": [70]}]"
2026_08_16/s6,s6,v8,,v1_votescope_all,61.01,62.09,1.08,4.523,object#17,17,0.433,,,,0.212,0.297,,,1,0,,,,3,"[{""name"": ""object#17"", ""share"": 0.433, ""labels"": [17]}, {""name"": ""object#136"", ""share"": 0.092, ""labels"": [136]}, {""name"": ""object#63"", ""share"": 0.067, ""labels"": [63]}]"
2026_08_16/s6,s6,v8,,v1_votescope_all,62.14,64.2,2.06,4.616,object#17,17,0.452,,,,0.223,0.265,,,1,0,,,,3,"[{""name"": ""object#17"", ""share"": 0.452, ""labels"": [17]}, {""name"": ""object#63"", ""share"": 0.101, ""labels"": [63]}, {""name"": ""object#136"", ""share"": 0.079, ""labels"": [136]}]"
2026_08_16/s6,s6,v8,,v1_votescope_all,65.04,66.23,1.19,4.636,object#17,17,0.446,,,,0.249,0.263,,,1,0,7,球R,0,3,"[{""name"": ""object#17"", ""share"": 0.446, ""labels"": [17]}, {""name"": ""object#63"", ""share"": 0.111, ""labels"": [63]}, {""name"": ""object#136"", ""share"": 0.092, ""labels"": [136]}]"
2026_08_16/s6,s6,v8,,v1_votescope_all,66.34,67.97,1.62,4.554,object#17,17,0.43,,,,0.36,0.306,,,1,0,7,球R,0,3,"[{""name"": ""object#17"", ""share"": 0.43, ""labels"": [17]}, {""name"": ""object#63"", ""share"": 0.155, ""labels"": [63]}, {""name"": ""object#54"", ""share"": 0.073, ""labels"": [54]}]"
2026_08_16/s6,s6,v8,,v1_votescope_all,68.29,68.67,0.38,4.562,object#17,17,0.345,,,,0.394,0.136,,,0,0,,,,3,"[{""name"": ""object#17"", ""share"": 0.345, ""labels"": [17]}, {""name"": ""object#118"", ""share"": 0.136, ""labels"": [118]}, {""name"": ""object#162"", ""share"": 0.093, ""labels"": [162]}]"
2026_08_16/s6,s6,v8,,v1_votescope_all,73.49,73.76,0.27,7.077,object#40,40,0.384,,,,0.714,0.212,,,1,0,,,,3,"[{""name"": ""object#40"", ""share"": 0.384, ""labels"": [40]}, {""name"": ""object#121"", ""share"": 0.274, ""labels"": [121]}, {""name"": ""object#127"", ""share"": 0.108, ""labels"": [127]}]"
2026_08_16/s6,s6,v8,,v1_votescope_all,74.61,75.09,0.49,4.461,object#90,90,0.151,,,,1.0,0.102,,,0,0,,,,3,"[{""name"": ""object#90"", ""share"": 0.151, ""labels"": [90]}, {""name"": ""object#27"", ""share"": 0.151, ""labels"": [27]}, {""name"": ""object#36"", ""share"": 0.116, ""labels"": [36]}]"
2026_08_16/s6,s6,v8,,v1_votescope_all,75.15,75.47,0.32,4.417,object#36,36,0.167,,,,0.569,0.17,,,0,0,,,,3,"[{""name"": ""object#36"", ""share"": 0.167, ""labels"": [36]}, {""name"": ""球L"", ""share"": 0.095, ""labels"": [191]}, {""name"": ""object#27"", ""share"": 0.093, ""labels"": [27]}]"
2026_08_16/s6,s6,v8,,v1_votescope_all,75.74,76.18,0.43,4.481,object#17,17,0.338,,,,0.402,0.123,,,0,0,,,,3,"[{""name"": ""object#17"", ""share"": 0.338, ""labels"": [17]}, {""name"": ""object#118"", ""share"": 0.136, ""labels"": [118]}, {""name"": ""object#162"", ""share"": 0.101, ""labels"": [162]}]"
2026_08_16/s6,s6,v8,,v1_votescope_all,76.23,76.72,0.49,4.512,object#36,36,0.154,,,,0.844,0.15,,,0,0,,,,3,"[{""name"": ""object#36"", ""share"": 0.154, ""labels"": [36]}, {""name"": ""object#90"", ""share"": 0.13, ""labels"": [90]}, {""name"": ""object#27"", ""share"": 0.119, ""labels"": [27]}]"
2026_08_16/s6,s6,v8,,v1_votescope_all,77.16,77.7,0.54,4.566,object#17,17,0.261,,,,0.563,0.1,,,0,0,,,,3,"[{""name"": ""object#17"", ""share"": 0.261, ""labels"": [17]}, {""name"": ""object#118"", ""share"": 0.147, ""labels"": [118]}, {""name"": ""object#162"", ""share"": 0.104, ""labels"": [162]}]"
2026_08_16/s6,s6,v8,,v1_votescope_all,77.76,80.03,2.27,4.485,object#17,17,0.328,,,,0.363,0.134,,,0,0,,,,3,"[{""name"": ""object#17"", ""share"": 0.328, ""labels"": [17]}, {""name"": ""object#118"", ""share"": 0.119, ""labels"": [118]}, {""name"": ""object#162"", ""share"": 0.112, ""labels"": [162]}]"
2026_08_16/s6,s6,v8,,v1_votescope_all,80.09,82.96,2.87,4.552,object#17,17,0.367,,,,0.357,0.122,,,1,0,8,球M,0,3,"[{""name"": ""object#17"", ""share"": 0.367, ""labels"": [17]}, {""name"": ""object#118"", ""share"": 0.131, ""labels"": [118]}, {""name"": ""object#162"", ""share"": 0.09, ""labels"": [162]}]"
2026_08_16/s6,s6,v8,,v1_votescope_all,83.19,83.73,0.54,4.509,object#17,17,0.395,,,,0.251,0.156,,,1,0,,,,3,"[{""name"": ""object#17"", ""share"": 0.395, ""labels"": [17]}, {""name"": ""object#162"", ""share"": 0.099, ""labels"": [162]}, {""name"": ""object#118"", ""share"": 0.093, ""labels"": [118]}]"
2026_08_16/s6,s6,v8,,v1_votescope_all,84.17,85.58,1.41,4.401,object#36,36,0.114,,,,0.921,0.164,,,0,0,,,,3,"[{""name"": ""object#36"", ""share"": 0.114, ""labels"": [36]}, {""name"": ""object#27"", ""share"": 0.105, ""labels"": [27]}, {""name"": ""object#17"", ""share"": 0.097, ""labels"": [17]}]"
2026_08_16/s6,s6,v8,,v1_votescope_all,85.79,88.61,2.82,4.486,object#36,36,0.151,,,,0.709,0.153,,,0,0,9,球L,0,3,"[{""name"": ""object#36"", ""share"": 0.151, ""labels"": [36]}, {""name"": ""object#27"", ""share"": 0.107, ""labels"": [27]}, {""name"": ""object#17"", ""share"": 0.089, ""labels"": [17]}]"
2026_08_16/s6,s6,v8,,v1_votescope_all,88.93,90.5,1.57,4.405,object#17,17,0.141,,,,0.752,0.188,,,0,0,9,球L,0,3,"[{""name"": ""object#17"", ""share"": 0.141, ""labels"": [17]}, {""name"": ""object#162"", ""share"": 0.106, ""labels"": [162]}, {""name"": ""object#10"", ""share"": 0.088, ""labels"": [10]}]"
2026_08_16/s6,s6,v8,,v1_votescope_all,90.89,91.65,0.76,4.471,object#17,17,0.403,,,,0.256,0.181,,,1,0,,,,3,"[{""name"": ""object#17"", ""share"": 0.403, ""labels"": [17]}, {""name"": ""object#162"", ""share"": 0.103, ""labels"": [162]}, {""name"": ""object#118"", ""share"": 0.096, ""labels"": [118]}]"
2026_08_16/s6,s6,v8,,v1_votescope_all,91.76,94.9,3.14,4.501,object#17,17,0.354,,,,0.291,0.181,,,1,0,10,球M,0,3,"[{""name"": ""object#17"", ""share"": 0.354, ""labels"": [17]}, {""name"": ""object#70"", ""share"": 0.103, ""labels"": [70]}, {""name"": ""球M"", ""share"": 0.099, ""labels"": [192]}]"
2026_08_16/s6,s6,v8,,v1_votescope_all,95.0,97.93,2.92,4.514,object#17,17,0.348,,,,0.325,0.253,,,0,0,10,球M,0,3,"[{""name"": ""object#17"", ""share"": 0.348, ""labels"": [17]}, {""name"": ""球M"", ""share"": 0.113, ""labels"": [192]}, {""name"": ""object#70"", ""share"": 0.096, ""labels"": [70]}]"
2026_08_16/s6,s6,v8,,v1_votescope_all,98.25,98.57,0.32,4.49,object#36,36,0.247,,,,0.437,0.135,,,0,0,,,,3,"[{""name"": ""object#36"", ""share"": 0.247, ""labels"": [36]}, {""name"": ""object#27"", ""share"": 0.108, ""labels"": [27]}, {""name"": ""object#50"", ""share"": 0.105, ""labels"": [50]}]"
2026_08_16/s6,s6,v8,,v1_votescope_all,98.63,101.66,3.03,4.405,object#36,36,0.195,,,,0.646,0.215,,,0,0,11,球L,0,3,"[{""name"": ""object#36"", ""share"": 0.195, ""labels"": [36]}, {""name"": ""球L"", ""share"": 0.126, ""labels"": [191]}, {""name"": ""object#10"", ""share"": 0.115, ""labels"": [10]}]"
2026_08_16/s6,s6,v8,,v1_votescope_all,101.77,102.96,1.19,4.403,object#36,36,0.209,,,,0.545,0.233,,,0,0,11,球L,0,3,"[{""name"": ""object#36"", ""share"": 0.209, ""labels"": [36]}, {""name"": ""球L"", ""share"": 0.114, ""labels"": [191]}, {""name"": ""object#149"", ""share"": 0.089, ""labels"": [149]}]"
2026_08_16/s6,s6,v8,,v1_votescope_all,103.01,103.39,0.38,4.445,object#17,17,0.237,,,,0.553,0.181,,,0,0,11,球L,0,3,"[{""name"": ""object#17"", ""share"": 0.237, ""labels"": [17]}, {""name"": ""object#162"", ""share"": 0.131, ""labels"": [162]}, {""name"": ""object#10"", ""share"": 0.108, ""labels"": [10]}]"
2026_08_16/s6,s6,v8,,v1_votescope_all,103.45,104.0,0.54,4.401,object#36,36,0.169,,,,0.728,0.249,,,0,0,11,球L,0,3,"[{""name"": ""object#36"", ""share"": 0.169, ""labels"": [36]}, {""name"": ""object#10"", ""share"": 0.123, ""labels"": [10]}, {""name"": ""球L"", ""share"": 0.11, ""labels"": [191]}]"
2026_08_16/s6,s6,v8,,v1_votescope_all,104.05,104.48,0.43,4.409,object#17,17,0.185,,,,0.789,0.194,,,0,0,11,球L,0,3,"[{""name"": ""object#17"", ""share"": 0.185, ""labels"": [17]}, {""name"": ""object#10"", ""share"": 0.146, ""labels"": [10]}, {""name"": ""object#162"", ""share"": 0.126, ""labels"": [162]}]"
2026_08_16/s6,s6,v8,,v1_votescope_all,104.54,104.92,0.38,4.479,object#17,17,0.292,,,,0.418,0.201,,,0,0,,,,3,"[{""name"": ""object#17"", ""share"": 0.292, ""labels"": [17]}, {""name"": ""object#10"", ""share"": 0.122, ""labels"": [10]}, {""name"": ""球M"", ""share"": 0.122, ""labels"": [192]}]"
2026_08_16/s6,s6,v8,,v1_votescope_all,105.1,105.47,0.38,4.437,object#17,17,0.258,,,,0.481,0.193,,,0,0,,,,3,"[{""name"": ""object#17"", ""share"": 0.258, ""labels"": [17]}, {""name"": ""object#162"", ""share"": 0.124, ""labels"": [162]}, {""name"": ""object#10"", ""share"": 0.116, ""labels"": [10]}]"
2026_08_16/s6,s6,v8,,v1_votescope_all,105.53,109.27,3.74,4.494,object#17,17,0.283,,,,0.428,0.185,,,0,0,12,球M,0,3,"[{""name"": ""object#17"", ""share"": 0.283, ""labels"": [17]}, {""name"": ""object#10"", ""share"": 0.121, ""labels"": [10]}, {""name"": ""object#70"", ""share"": 0.117, ""labels"": [70]}]"
2026_08_16/s6,s6,v8,,v1_votescope_all,109.32,110.62,1.3,4.563,object#17,17,0.35,,,,0.323,0.193,,,1,0,12,球M,0,3,"[{""name"": ""object#17"", ""share"": 0.35, ""labels"": [17]}, {""name"": ""object#10"", ""share"": 0.113, ""labels"": [10]}, {""name"": ""object#70"", ""share"": 0.111, ""labels"": [70]}]"
2026_08_16/s6,s6,v8,,v1_votescope_all,110.67,111.22,0.54,4.546,object#17,17,0.398,,,,0.256,0.304,,,1,0,12,球M,0,3,"[{""name"": ""object#17"", ""share"": 0.398, ""labels"": [17]}, {""name"": ""object#136"", ""share"": 0.102, ""labels"": [136]}, {""name"": ""object#63"", ""share"": 0.093, ""labels"": [63]}]"
2026_08_16/s6,s6,v8,,v1_votescope_all,111.59,112.14,0.54,4.559,object#17,17,0.354,,,,0.359,0.197,,,1,0,,,,3,"[{""name"": ""object#17"", ""share"": 0.354, ""labels"": [17]}, {""name"": ""object#10"", ""share"": 0.127, ""labels"": [10]}, {""name"": ""object#70"", ""share"": 0.117, ""labels"": [70]}]"
2026_08_16/s6,s6,v8,,v1_votescope_all,112.19,112.57,0.38,4.385,object#36,36,0.157,,,,0.79,0.24,,,0,0,,,,3,"[{""name"": ""object#36"", ""share"": 0.157, ""labels"": [36]}, {""name"": ""object#10"", ""share"": 0.124, ""labels"": [10]}, {""name"": ""球L"", ""share"": 0.117, ""labels"": [191]}]"
2026_08_16/s6,s6,v8,,v1_votescope_all,112.68,115.38,2.7,4.406,object#36,36,0.207,,,,0.589,0.219,,,0,0,,,,3,"[{""name"": ""object#36"", ""share"": 0.207, ""labels"": [36]}, {""name"": ""球L"", ""share"": 0.122, ""labels"": [191]}, {""name"": ""object#10"", ""share"": 0.106, ""labels"": [10]}]"
2026_08_16/s6,s6,v8,,v1_votescope_all,115.44,116.03,0.6,4.482,object#17,17,0.198,,,,0.601,0.179,,,0,0,13,球L,0,3,"[{""name"": ""object#17"", ""share"": 0.198, ""labels"": [17]}, {""name"": ""object#10"", ""share"": 0.119, ""labels"": [10]}, {""name"": ""object#162"", ""share"": 0.111, ""labels"": [162]}]"
2026_08_16/s6,s6,v8,,v1_votescope_all,116.09,117.12,1.03,4.48,object#36,36,0.176,,,,0.733,0.169,,,0,0,13,球L,0,3,"[{""name"": ""object#36"", ""share"": 0.176, ""labels"": [36]}, {""name"": ""球L"", ""share"": 0.129, ""labels"": [191]}, {""name"": ""object#10"", ""share"": 0.123, ""labels"": [10]}]"
2026_08_16/s6,s6,v8,,v1_votescope_all,117.44,117.82,0.38,4.504,object#36,36,0.138,,,,0.986,0.188,,,0,0,13,球L,0,3,"[{""name"": ""object#36"", ""share"": 0.138, ""labels"": [36]}, {""name"": ""object#10"", ""share"": 0.136, ""labels"": [10]}, {""name"": ""object#17"", ""share"": 0.108, ""labels"": [17]}]"
2026_08_16/s6,s6,v8,,v1_votescope_all,117.87,118.14,0.27,4.517,object#10,10,0.203,,,,0.985,0.166,,,0,0,13,球L,0,3,"[{""name"": ""object#10"", ""share"": 0.203, ""labels"": [10]}, {""name"": ""object#17"", ""share"": 0.2, ""labels"": [17]}, {""name"": ""球M"", ""share"": 0.125, ""labels"": [192]}]"
2026_08_16/s6,s6,v8,,v1_votescope_all,118.2,119.01,0.81,4.459,object#10,10,0.176,,,,0.903,0.251,,,0,0,13,球L,0,3,"[{""name"": ""object#10"", ""share"": 0.176, ""labels"": [10]}, {""name"": ""object#36"", ""share"": 0.159, ""labels"": [36]}, {""name"": ""球L"", ""share"": 0.122, ""labels"": [191]}]"
2026_08_16/s6,s6,v8,,v1_votescope_all,119.37,122.25,2.88,4.548,object#17,17,0.393,,,,0.232,0.324,,,1,0,,,,3,"[{""name"": ""object#17"", ""share"": 0.393, ""labels"": [17]}, {""name"": ""object#63"", ""share"": 0.091, ""labels"": [63]}, {""name"": ""object#136"", ""share"": 0.089, ""labels"": [136]}]"
2026_08_16/s6,s6,v8,,v1_votescope_all,122.3,124.31,2.0,4.54,object#17,17,0.362,,,,0.34,0.326,,,1,0,14,球R,0,3,"[{""name"": ""object#17"", ""share"": 0.362, ""labels"": [17]}, {""name"": ""object#136"", ""share"": 0.123, ""labels"": [136]}, {""name"": ""object#63"", ""share"": 0.122, ""labels"": [63]}]"
2026_08_16/s6,s6,v8,,v1_votescope_all,124.36,124.69,0.32,4.496,object#17,17,0.289,,,,0.433,0.173,,,0,0,14,球R,0,3,"[{""name"": ""object#17"", ""share"": 0.289, ""labels"": [17]}, {""name"": ""object#162"", ""share"": 0.125, ""labels"": [162]}, {""name"": ""object#118"", ""share"": 0.103, ""labels"": [118]}]"
2026_08_16/s6,s6,v8,,v1_votescope_all,125.14,125.46,0.32,4.526,object#17,17,0.236,,,,0.75,0.198,,,0,0,14,球R,0,3,"[{""name"": ""object#17"", ""share"": 0.236, ""labels"": [17]}, {""name"": ""object#10"", ""share"": 0.177, ""labels"": [10]}, {""name"": ""球M"", ""share"": 0.128, ""labels"": [192]}]"
2026_08_16/s6,s6,v8,,v1_votescope_all,125.52,125.79,0.27,4.624,object#17,17,0.32,,,,0.334,0.335,,,0,0,14,球R,0,3,"[{""name"": ""object#17"", ""share"": 0.32, ""labels"": [17]}, {""name"": ""object#136"", ""share"": 0.107, ""labels"": [136]}, {""name"": ""object#63"", ""share"": 0.094, ""labels"": [63]}]"
2026_08_16/s6,s6,v8,,v1_votescope_all,125.84,126.39,0.54,4.494,object#17,17,0.271,,,,0.513,0.228,,,0,0,,,,3,"[{""name"": ""object#17"", ""share"": 0.271, ""labels"": [17]}, {""name"": ""球M"", ""share"": 0.139, ""labels"": [192]}, {""name"": ""object#162"", ""share"": 0.119, ""labels"": [162]}]"
2026_08_16/s6,s6,v8,,v1_votescope_all,126.61,130.13,3.52,4.398,object#36,36,0.242,,,,0.566,0.22,,,0,0,,,,3,"[{""name"": ""object#36"", ""share"": 0.242, ""labels"": [36]}, {""name"": ""球L"", ""share"": 0.137, ""labels"": [191]}, {""name"": ""object#149"", ""share"": 0.09, ""labels"": [149]}]"
2026_08_16/s6,s6,v8,,v1_votescope_all,130.18,131.91,1.73,4.438,object#36,36,0.19,,,,0.642,0.122,,,0,0,15,球L,0,3,"[{""name"": ""object#36"", ""share"": 0.19, ""labels"": [36]}, {""name"": ""球L"", ""share"": 0.122, ""labels"": [191]}, {""name"": ""object#27"", ""share"": 0.101, ""labels"": [27]}]"
2026_08_16/s6,s6,v8,,v1_votescope_all,131.97,132.24,0.27,4.346,object#36,36,0.368,,,,0.516,0.24,,,1,0,15,球L,0,3,"[{""name"": ""object#36"", ""share"": 0.368, ""labels"": [36]}, {""name"": ""object#50"", ""share"": 0.19, ""labels"": [50]}, {""name"": ""object#30"", ""share"": 0.093, ""labels"": [30]}]"
2026_08_16/s6,s6,v8,,v1_votescope_all,135.56,135.94,0.38,1.777,object#82,82,0.535,,,,0.869,0.997,,,1,1,,,,2,"[{""name"": ""object#82"", ""share"": 0.535, ""labels"": [82]}, {""name"": ""object#14"", ""share"": 0.465, ""labels"": [14]}]"
2026_08_18/000,s7,v8,,v1_votescope_all,8.99,9.75,0.76,3.208,object#17,17,0.678,,,,0.124,0.337,,,1,1,,,,3,"[{""name"": ""object#17"", ""share"": 0.678, ""labels"": [17]}, {""name"": ""球M"", ""share"": 0.084, ""labels"": [192]}, {""name"": ""object#70"", ""share"": 0.072, ""labels"": [70]}]"
2026_08_18/000,s7,v8,,v1_votescope_all,10.07,10.61,0.54,2.904,object#17,17,0.352,,,,0.44,0.341,,,1,0,,,,3,"[{""name"": ""object#17"", ""share"": 0.352, ""labels"": [17]}, {""name"": ""球M"", ""share"": 0.155, ""labels"": [192]}, {""name"": ""object#70"", ""share"": 0.134, ""labels"": [70]}]"
2026_08_18/000,s7,v8,,v1_votescope_all,11.1,12.13,1.03,2.934,object#17,17,0.357,,,,0.445,0.34,,,1,0,,,,3,"[{""name"": ""object#17"", ""share"": 0.357, ""labels"": [17]}, {""name"": ""球M"", ""share"": 0.159, ""labels"": [192]}, {""name"": ""object#70"", ""share"": 0.127, ""labels"": [70]}]"
2026_08_18/000,s7,v8,,v1_votescope_all,12.18,12.72,0.54,3.18,object#17,17,0.418,,,,0.411,0.492,,,1,0,,,,3,"[{""name"": ""object#17"", ""share"": 0.418, ""labels"": [17]}, {""name"": ""球M"", ""share"": 0.172, ""labels"": [192]}, {""name"": ""object#70"", ""share"": 0.151, ""labels"": [70]}]"
2026_08_18/000,s7,v8,,v1_votescope_all,15.27,15.92,0.65,2.967,object#17,17,0.313,,,,0.415,0.337,,,0,0,,,,3,"[{""name"": ""object#17"", ""share"": 0.313, ""labels"": [17]}, {""name"": ""球M"", ""share"": 0.13, ""labels"": [192]}, {""name"": ""object#70"", ""share"": 0.119, ""labels"": [70]}]"
2026_08_18/000,s7,v8,,v1_votescope_all,16.14,21.01,4.87,3.01,object#36,36,0.199,,,,0.94,0.076,,,0,0,1,球L,0,3,"[{""name"": ""object#36"", ""share"": 0.199, ""labels"": [36]}, {""name"": ""object#17"", ""share"": 0.187, ""labels"": [17]}, {""name"": ""object#118"", ""share"": 0.142, ""labels"": [118]}]"
2026_08_18/000,s7,v8,,v1_votescope_all,21.17,21.61,0.43,3.464,object#17,17,0.51,,,,0.259,0.195,,,1,1,1,球L,0,3,"[{""name"": ""object#17"", ""share"": 0.51, ""labels"": [17]}, {""name"": ""object#118"", ""share"": 0.132, ""labels"": [118]}, {""name"": ""object#163"", ""share"": 0.083, ""labels"": [163]}]"
2026_08_18/000,s7,v8,,v1_votescope_all,21.96,22.39,0.43,3.321,object#17,17,0.502,,,,0.223,0.55,,,1,1,,,,3,"[{""name"": ""object#17"", ""share"": 0.502, ""labels"": [17]}, {""name"": ""球M"", ""share"": 0.112, ""labels"": [192]}, {""name"": ""object#70"", ""share"": 0.11, ""labels"": [70]}]"
2026_08_18/000,s7,v8,,v1_votescope_all,23.04,26.46,3.41,3.005,object#36,36,0.22,,,,0.736,0.072,,,0,0,2,球L,0,3,"[{""name"": ""object#36"", ""share"": 0.22, ""labels"": [36]}, {""name"": ""object#17"", ""share"": 0.162, ""labels"": [17]}, {""name"": ""object#118"", ""share"": 0.145, ""labels"": [118]}]"
2026_08_18/000,s7,v8,,v1_votescope_all,26.57,29.82,3.25,3.014,object#36,36,0.184,,,,0.984,0.061,,,0,0,2,球L,0,3,"[{""name"": ""object#36"", ""share"": 0.184, ""labels"": [36]}, {""name"": ""object#17"", ""share"": 0.181, ""labels"": [17]}, {""name"": ""object#118"", ""share"": 0.176, ""labels"": [118]}]"
2026_08_18/000,s7,v8,,v1_votescope_all,30.35,30.73,0.38,3.357,object#17,17,0.32,,,,0.453,0.468,,,0,0,,,,3,"[{""name"": ""object#17"", ""share"": 0.32, ""labels"": [17]}, {""name"": ""object#136"", ""share"": 0.145, ""labels"": [136]}, {""name"": ""object#70"", ""share"": 0.13, ""labels"": [70]}]"
2026_08_18/000,s7,v8,,v1_votescope_all,30.78,33.38,2.6,3.399,object#17,17,0.444,,,,0.3,0.548,,,1,0,3,球R,0,3,"[{""name"": ""object#17"", ""share"": 0.444, ""labels"": [17]}, {""name"": ""object#136"", ""share"": 0.133, ""labels"": [136]}, {""name"": ""object#70"", ""share"": 0.101, ""labels"": [70]}]"
2026_08_18/000,s7,v8,,v1_votescope_all,33.44,33.71,0.27,3.294,object#17,17,0.51,,,,0.265,0.34,,,1,1,3,球R,0,3,"[{""name"": ""object#17"", ""share"": 0.51, ""labels"": [17]}, {""name"": ""球M"", ""share"": 0.135, ""labels"": [192]}, {""name"": ""object#70"", ""share"": 0.126, ""labels"": [70]}]"
2026_08_18/000,s7,v8,,v1_votescope_all,33.76,34.3,0.54,3.208,object#17,17,0.411,,,,0.382,0.306,,,1,0,3,球R,0,3,"[{""name"": ""object#17"", ""share"": 0.411, ""labels"": [17]}, {""name"": ""球M"", ""share"": 0.157, ""labels"": [192]}, {""name"": ""object#70"", ""share"": 0.153, ""labels"": [70]}]"
2026_08_18/000,s7,v8,,v1_votescope_all,34.36,34.74,0.38,3.024,object#17,17,0.311,,,,0.662,0.344,,,0,0,3,球R,0,3,"[{""name"": ""object#17"", ""share"": 0.311, ""labels"": [17]}, {""name"": ""球M"", ""share"": 0.206, ""labels"": [192]}, {""name"": ""object#70"", ""share"": 0.141, ""labels"": [70]}]"
2026_08_18/000,s7,v8,,v1_votescope_all,35.4,35.78,0.38,3.332,object#17,17,0.608,,,,0.179,0.398,,,1,1,3,球R,0,3,"[{""name"": ""object#17"", ""share"": 0.608, ""labels"": [17]}, {""name"": ""球M"", ""share"": 0.109, ""labels"": [192]}, {""name"": ""object#70"", ""share"": 0.083, ""labels"": [70]}]"
2026_08_18/000,s7,v8,,v1_votescope_all,35.94,36.27,0.32,3.177,object#17,17,0.358,,,,0.478,0.305,,,1,0,,,,3,"[{""name"": ""object#17"", ""share"": 0.358, ""labels"": [17]}, {""name"": ""球M"", ""share"": 0.171, ""labels"": [192]}, {""name"": ""object#70"", ""share"": 0.171, ""labels"": [70]}]"
2026_08_18/000,s7,v8,,v1_votescope_all,36.38,36.65,0.27,3.204,object#17,17,0.496,,,,0.298,0.295,,,1,0,,,,3,"[{""name"": ""object#17"", ""share"": 0.496, ""labels"": [17]}, {""name"": ""球M"", ""share"": 0.148, ""labels"": [192]}, {""name"": ""object#70"", ""share"": 0.107, ""labels"": [70]}]"
2026_08_18/000,s7,v8,,v1_votescope_all,36.97,37.41,0.43,3.329,object#17,17,0.466,,,,0.305,0.418,,,1,0,,,,3,"[{""name"": ""object#17"", ""share"": 0.466, ""labels"": [17]}, {""name"": ""object#70"", ""share"": 0.142, ""labels"": [70]}, {""name"": ""球M"", ""share"": 0.126, ""labels"": [192]}]"
2026_08_18/000,s7,v8,,v1_votescope_all,37.73,40.11,2.38,3.376,object#17,17,0.474,,,,0.241,0.602,,,1,0,4,球R,0,3,"[{""name"": ""object#17"", ""share"": 0.474, ""labels"": [17]}, {""name"": ""球R"", ""share"": 0.114, ""labels"": [193]}, {""name"": ""object#136"", ""share"": 0.114, ""labels"": [136]}]"
2026_08_18/000,s7,v8,,v1_votescope_all,40.17,42.39,2.22,3.354,object#17,17,0.513,,,,0.251,0.557,,,1,1,4,球R,0,3,"[{""name"": ""object#17"", ""share"": 0.513, ""labels"": [17]}, {""name"": ""object#136"", ""share"": 0.129, ""labels"": [136]}, {""name"": ""球M"", ""share"": 0.113, ""labels"": [192]}]"
2026_08_18/000,s7,v8,,v1_votescope_all,42.44,42.71,0.27,3.27,object#17,17,0.48,,,,0.298,0.374,,,1,0,4,球R,0,3,"[{""name"": ""object#17"", ""share"": 0.48, ""labels"": [17]}, {""name"": ""object#70"", ""share"": 0.143, ""labels"": [70]}, {""name"": ""球M"", ""share"": 0.143, ""labels"": [192]}]"
2026_08_18/000,s7,v8,,v1_votescope_all,42.87,43.14,0.27,3.41,object#17,17,0.47,,,,0.377,0.656,,,1,0,4,球R,0,3,"[{""name"": ""object#17"", ""share"": 0.47, ""labels"": [17]}, {""name"": ""object#136"", ""share"": 0.177, ""labels"": [136]}, {""name"": ""球R"", ""share"": 0.09, ""labels"": [193]}]"
2026_08_18/000,s7,v8,,v1_votescope_all,43.19,43.52,0.32,3.259,object#17,17,0.465,,,,0.327,0.371,,,1,0,,,,3,"[{""name"": ""object#17"", ""share"": 0.465, ""labels"": [17]}, {""name"": ""球M"", ""share"": 0.152, ""labels"": [192]}, {""name"": ""object#70"", ""share"": 0.137, ""labels"": [70]}]"
2026_08_18/000,s7,v8,,v1_votescope_all,44.11,44.44,0.32,3.207,object#17,17,0.457,,,,0.335,0.33,,,1,0,,,,3,"[{""name"": ""object#17"", ""share"": 0.457, ""labels"": [17]}, {""name"": ""球M"", ""share"": 0.153, ""labels"": [192]}, {""name"": ""object#70"", ""share"": 0.147, ""labels"": [70]}]"
2026_08_18/000,s7,v8,,v1_votescope_all,44.49,44.98,0.49,3.05,object#17,17,0.399,,,,0.393,0.27,,,1,0,5,球M,0,3,"[{""name"": ""object#17"", ""share"": 0.399, ""labels"": [17]}, {""name"": ""球M"", ""share"": 0.157, ""labels"": [192]}, {""name"": ""object#70"", ""share"": 0.157, ""labels"": [70]}]"
2026_08_18/000,s7,v8,,v1_votescope_all,45.25,45.9,0.65,3.018,object#17,17,0.441,,,,0.349,0.291,,,1,0,5,球M,0,3,"[{""name"": ""object#17"", ""share"": 0.441, ""labels"": [17]}, {""name"": ""球M"", ""share"": 0.154, ""labels"": [192]}, {""name"": ""object#70"", ""share"": 0.108, ""labels"": [70]}]"
2026_08_18/000,s7,v8,,v1_votescope_all,46.49,47.69,1.19,3.007,object#17,17,0.358,,,,0.45,0.317,,,1,0,5,球M,0,3,"[{""name"": ""object#17"", ""share"": 0.358, ""labels"": [17]}, {""name"": ""球M"", ""share"": 0.161, ""labels"": [192]}, {""name"": ""object#70"", ""share"": 0.142, ""labels"": [70]}]"
2026_08_18/000,s7,v8,,v1_votescope_all,47.85,49.64,1.79,2.988,object#17,17,0.34,,,,0.406,0.312,,,0,0,5,球M,0,3,"[{""name"": ""object#17"", ""share"": 0.34, ""labels"": [17]}, {""name"": ""球M"", ""share"": 0.138, ""labels"": [192]}, {""name"": ""object#70"", ""share"": 0.106, ""labels"": [70]}]"
2026_08_18/000,s7,v8,,v1_votescope_all,50.89,51.27,0.38,3.013,object#17,17,0.278,,,,0.694,0.109,,,0,0,,,,3,"[{""name"": ""object#17"", ""share"": 0.278, ""labels"": [17]}, {""name"": ""object#118"", ""share"": 0.193, ""labels"": [118]}, {""name"": ""object#36"", ""share"": 0.114, ""labels"": [36]}]"
2026_08_18/000,s7,v8,,v1_votescope_all,51.51,52.11,0.6,2.996,球L,191,0.219,,,,0.845,0.066,,,0,0,6,球L,1,3,"[{""name"": ""球L"", ""share"": 0.219, ""labels"": [191]}, {""name"": ""object#36"", ""share"": 0.185, ""labels"": [36]}, {""name"": ""object#10"", ""share"": 0.158, ""labels"": [10]}]"
2026_08_18/000,s7,v8,,v1_votescope_all,52.77,53.15,0.38,3.016,球L,191,0.189,,,,0.841,0.054,,,0,0,6,球L,1,3,"[{""name"": ""球L"", ""share"": 0.189, ""labels"": [191]}, {""name"": ""object#17"", ""share"": 0.159, ""labels"": [17]}, {""name"": ""object#36"", ""share"": 0.15, ""labels"": [36]}]"
2026_08_18/000,s7,v8,,v1_votescope_all,53.2,56.18,2.98,3.018,object#36,36,0.227,,,,0.974,0.052,,,0,0,6,球L,0,3,"[{""name"": ""object#36"", ""share"": 0.227, ""labels"": [36]}, {""name"": ""球L"", ""share"": 0.221, ""labels"": [191]}, {""name"": ""object#10"", ""share"": 0.132, ""labels"": [10]}]"
2026_08_18/000,s7,v8,,v1_votescope_all,56.34,57.37,1.03,3.017,object#17,17,0.337,,,,0.404,0.154,,,0,0,6,球L,0,3,"[{""name"": ""object#17"", ""share"": 0.337, ""labels"": [17]}, {""name"": ""object#118"", ""share"": 0.136, ""labels"": [118]}, {""name"": ""球L"", ""share"": 0.105, ""labels"": [191]}]"
2026_08_18/000,s7,v8,,v1_votescope_all,57.91,58.24,0.32,2.985,object#17,17,0.241,,,,0.793,0.335,,,0,0,,,,3,"[{""name"": ""object#17"", ""share"": 0.241, ""labels"": [17]}, {""name"": ""球M"", ""share"": 0.191, ""labels"": [192]}, {""name"": ""object#70"", ""share"": 0.146, ""labels"": [70]}]"
2026_08_18/000,s7,v8,,v1_votescope_all,58.35,60.96,2.61,2.985,object#17,17,0.226,,,,0.885,0.307,,,0,0,7,球M,0,3,"[{""name"": ""object#17"", ""share"": 0.226, ""labels"": [17]}, {""name"": ""球M"", ""share"": 0.2, ""labels"": [192]}, {""name"": ""object#70"", ""share"": 0.162, ""labels"": [70]}]"
2026_08_18/000,s7,v8,,v1_votescope_all,61.01,62.2,1.19,3.326,object#17,17,0.495,,,,0.259,0.463,,,1,0,7,球M,0,3,"[{""name"": ""object#17"", ""share"": 0.495, ""labels"": [17]}, {""name"": ""球M"", ""share"": 0.128, ""labels"": [192]}, {""name"": ""object#70"", ""share"": 0.127, ""labels"": [70]}]"
2026_08_18/000,s7,v8,,v1_votescope_all,63.12,63.5,0.38,2.969,object#17,17,0.319,,,,0.48,0.345,,,0,0,7,球M,0,3,"[{""name"": ""object#17"", ""share"": 0.319, ""labels"": [17]}, {""name"": ""球M"", ""share"": 0.153, ""labels"": [192]}, {""name"": ""object#70"", ""share"": 0.119, ""labels"": [70]}]"
2026_08_18/000,s7,v8,,v1_votescope_all,63.72,64.15,0.43,2.985,object#17,17,0.341,,,,0.496,0.329,,,0,0,,,,3,"[{""name"": ""object#17"", ""share"": 0.341, ""labels"": [17]}, {""name"": ""球M"", ""share"": 0.169, ""labels"": [192]}, {""name"": ""object#70"", ""share"": 0.13, ""labels"": [70]}]"
2026_08_18/000,s7,v8,,v1_votescope_all,66.98,67.26,0.27,2.818,floor,0,0.998,,,,0.002,0.076,,,0,0,,,,2,"[{""name"": ""floor"", ""share"": 0.998, ""labels"": [0]}, {""name"": ""object#131"", ""share"": 0.002, ""labels"": [131]}]"
2026_08_18/000,s7,v8,,v1_votescope_all,68.14,69.28,1.14,2.951,object#11,11,1.0,,,,0.0,0.041,,,1,1,,,,1,"[{""name"": ""object#11"", ""share"": 1.0, ""labels"": [11]}]"
2026_08_18/000,s7,v8,,v1_votescope_all,69.33,69.71,0.38,2.966,object#11,11,0.998,,,,0.001,0.026,,,1,1,,,,3,"[{""name"": ""object#11"", ""share"": 0.998, ""labels"": [11]}, {""name"": ""object#39"", ""share"": 0.001, ""labels"": [39]}, {""name"": ""object#34"", ""share"": 0.0, ""labels"": [34]}]"
2026_08_18/000,s7,v8,,v1_votescope_all,69.77,70.04,0.27,2.868,object#11,11,0.872,,,,0.111,0.187,,,1,1,,,,3,"[{""name"": ""object#11"", ""share"": 0.872, ""labels"": [11]}, {""name"": ""object#39"", ""share"": 0.097, ""labels"": [39]}, {""name"": ""object#34"", ""share"": 0.022, ""labels"": [34]}]"
2026_08_18/000,s7,v8,,v1_votescope_all,70.44,71.9,1.46,2.973,object#10,10,0.2,,,,0.915,0.239,,,0,0,,,,3,"[{""name"": ""object#10"", ""share"": 0.2, ""labels"": [10]}, {""name"": ""object#17"", ""share"": 0.183, ""labels"": [17]}, {""name"": ""球M"", ""share"": 0.172, ""labels"": [192]}]"
2026_08_18/000,s7,v8,,v1_votescope_all,72.06,72.77,0.71,2.932,object#17,17,0.288,,,,0.597,0.316,,,0,0,,,,3,"[{""name"": ""object#17"", ""share"": 0.288, ""labels"": [17]}, {""name"": ""球M"", ""share"": 0.172, ""labels"": [192]}, {""name"": ""object#70"", ""share"": 0.143, ""labels"": [70]}]"
2026_08_18/000,s7,v8,,v1_votescope_all,73.42,73.8,0.38,3.077,object#17,17,0.388,,,,0.454,0.306,,,1,0,8,球R,0,3,"[{""name"": ""object#17"", ""share"": 0.388, ""labels"": [17]}, {""name"": ""球M"", ""share"": 0.176, ""labels"": [192]}, {""name"": ""object#70"", ""share"": 0.16, ""labels"": [70]}]"
2026_08_18/000,s7,v8,,v1_votescope_all,73.85,74.18,0.32,3.14,object#17,17,0.383,,,,0.431,0.385,,,1,0,8,球R,0,3,"[{""name"": ""object#17"", ""share"": 0.383, ""labels"": [17]}, {""name"": ""球M"", ""share"": 0.165, ""labels"": [192]}, {""name"": ""object#70"", ""share"": 0.162, ""labels"": [70]}]"
2026_08_18/000,s7,v8,,v1_votescope_all,74.23,74.83,0.6,3.04,object#17,17,0.244,,,,0.779,0.315,,,0,0,8,球R,0,3,"[{""name"": ""object#17"", ""share"": 0.244, ""labels"": [17]}, {""name"": ""球M"", ""share"": 0.19, ""labels"": [192]}, {""name"": ""object#70"", ""share"": 0.177, ""labels"": [70]}]"
2026_08_18/000,s7,v8,,v1_votescope_all,74.88,75.26,0.38,2.976,object#17,17,0.254,,,,0.791,0.299,,,0,0,8,球R,0,3,"[{""name"": ""object#17"", ""share"": 0.254, ""labels"": [17]}, {""name"": ""球M"", ""share"": 0.201, ""labels"": [192]}, {""name"": ""object#70"", ""share"": 0.179, ""labels"": [70]}]"
2026_08_18/000,s7,v8,,v1_votescope_all,75.65,75.92,0.27,3.108,object#17,17,0.408,,,,0.4,0.334,,,1,0,8,球R,0,3,"[{""name"": ""object#17"", ""share"": 0.408, ""labels"": [17]}, {""name"": ""球M"", ""share"": 0.163, ""labels"": [192]}, {""name"": ""object#70"", ""share"": 0.144, ""labels"": [70]}]"
2026_08_18/000,s7,v8,,v1_votescope_all,75.98,76.3,0.32,3.163,object#17,17,0.375,,,,0.464,0.403,,,1,0,8,球R,0,3,"[{""name"": ""object#17"", ""share"": 0.375, ""labels"": [17]}, {""name"": ""球M"", ""share"": 0.174, ""labels"": [192]}, {""name"": ""object#70"", ""share"": 0.16, ""labels"": [70]}]"
2026_08_18/000,s7,v8,,v1_votescope_all,76.35,76.68,0.32,3.084,object#17,17,0.223,,,,0.874,0.358,,,0,0,8,球R,0,3,"[{""name"": ""object#17"", ""share"": 0.223, ""labels"": [17]}, {""name"": ""球M"", ""share"": 0.195, ""labels"": [192]}, {""name"": ""object#70"", ""share"": 0.18, ""labels"": [70]}]"
2026_08_18/000,s7,v8,,v1_votescope_all,76.73,78.09,1.35,2.936,object#17,17,0.236,,,,0.911,0.333,,,0,0,8,球R,0,3,"[{""name"": ""object#17"", ""share"": 0.236, ""labels"": [17]}, {""name"": ""球M"", ""share"": 0.215, ""labels"": [192]}, {""name"": ""object#70"", ""share"": 0.166, ""labels"": [70]}]"
2026_08_18/000,s7,v8,,v1_votescope_all,78.14,78.52,0.38,3.006,object#17,17,0.378,,,,0.466,0.28,,,1,0,8,球R,0,3,"[{""name"": ""object#17"", ""share"": 0.378, ""labels"": [17]}, {""name"": ""球M"", ""share"": 0.176, ""labels"": [192]}, {""name"": ""object#70"", ""share"": 0.156, ""labels"": [70]}]"
2026_08_18/000,s7,v8,,v1_votescope_all,78.58,79.66,1.08,2.924,object#17,17,0.234,,,,0.799,0.301,,,0,0,,,,3,"[{""name"": ""object#17"", ""share"": 0.234, ""labels"": [17]}, {""name"": ""球M"", ""share"": 0.187, ""labels"": [192]}, {""name"": ""object#70"", ""share"": 0.137, ""labels"": [70]}]"
2026_08_18/000,s7,v8,,v1_votescope_all,80.27,82.87,2.6,3.2,object#17,17,0.304,,,,0.605,0.497,,,0,0,9,球R,0,3,"[{""name"": ""object#17"", ""share"": 0.304, ""labels"": [17]}, {""name"": ""object#70"", ""share"": 0.184, ""labels"": [70]}, {""name"": ""球M"", ""share"": 0.168, ""labels"": [192]}]"
2026_08_18/000,s7,v8,,v1_votescope_all,82.93,85.36,2.44,3.321,object#17,17,0.47,,,,0.268,0.524,,,1,0,9,球R,0,3,"[{""name"": ""object#17"", ""share"": 0.47, ""labels"": [17]}, {""name"": ""object#70"", ""share"": 0.126, ""labels"": [70]}, {""name"": ""球M"", ""share"": 0.117, ""labels"": [192]}]"
2026_08_18/000,s7,v8,,v1_votescope_all,85.42,85.9,0.49,2.988,object#17,17,0.323,,,,0.588,0.336,,,0,0,,,,3,"[{""name"": ""object#17"", ""share"": 0.323, ""labels"": [17]}, {""name"": ""球M"", ""share"": 0.19, ""labels"": [192]}, {""name"": ""object#70"", ""share"": 0.154, ""labels"": [70]}]"
2026_08_18/000,s7,v8,,v1_votescope_all,85.96,86.55,0.6,3.271,object#17,17,0.3,,,,0.527,0.461,,,0,0,,,,3,"[{""name"": ""object#17"", ""share"": 0.3, ""labels"": [17]}, {""name"": ""球M"", ""share"": 0.158, ""labels"": [192]}, {""name"": ""object#136"", ""share"": 0.153, ""labels"": [136]}]"
2026_08_18/000,s7,v8,,v1_votescope_all,86.8,87.55,0.76,2.99,object#17,17,0.328,,,,0.5,0.259,,,0,0,10,球M,0,3,"[{""name"": ""object#17"", ""share"": 0.328, ""labels"": [17]}, {""name"": ""球M"", ""share"": 0.164, ""labels"": [192]}, {""name"": ""object#70"", ""share"": 0.131, ""labels"": [70]}]"
2026_08_18/000,s7,v8,,v1_votescope_all,87.61,87.99,0.38,3.155,object#17,17,0.301,,,,0.631,0.302,,,0,0,10,球M,0,3,"[{""name"": ""object#17"", ""share"": 0.301, ""labels"": [17]}, {""name"": ""球M"", ""share"": 0.19, ""labels"": [192]}, {""name"": ""object#70"", ""share"": 0.172, ""labels"": [70]}]"
2026_08_18/000,s7,v8,,v1_votescope_all,88.31,92.65,4.33,2.982,object#17,17,0.261,,,,0.621,0.277,,,0,0,10,球M,0,3,"[{""name"": ""object#17"", ""share"": 0.261, ""labels"": [17]}, {""name"": ""球M"", ""share"": 0.162, ""labels"": [192]}, {""name"": ""object#70"", ""share"": 0.139, ""labels"": [70]}]"
2026_08_18/000,s7,v8,,v1_votescope_all,92.81,93.95,1.14,2.976,object#17,17,0.232,,,,0.75,0.256,,,0,0,,,,3,"[{""name"": ""object#17"", ""share"": 0.232, ""labels"": [17]}, {""name"": ""球M"", ""share"": 0.174, ""labels"": [192]}, {""name"": ""object#10"", ""share"": 0.146, ""labels"": [10]}]"
2026_08_18/000,s7,v8,,v1_votescope_all,94.3,96.69,2.38,3.025,object#36,36,0.205,,,,0.946,0.049,,,0,0,11,球L,0,3,"[{""name"": ""object#36"", ""share"": 0.205, ""labels"": [36]}, {""name"": ""球L"", ""share"": 0.194, ""labels"": [191]}, {""name"": ""object#17"", ""share"": 0.121, ""labels"": [17]}]"
2026_08_18/000,s7,v8,,v1_votescope_all,97.24,98.81,1.57,3.022,object#36,36,0.247,,,,0.83,0.046,,,0,0,11,球L,0,3,"[{""name"": ""object#36"", ""share"": 0.247, ""labels"": [36]}, {""name"": ""球L"", ""share"": 0.205, ""labels"": [191]}, {""name"": ""object#10"", ""share"": 0.139, ""labels"": [10]}]"
2026_08_18/000,s7,v8,,v1_votescope_all,98.86,99.13,0.27,2.999,object#17,17,0.203,,,,0.773,0.216,,,0,0,11,球L,0,3,"[{""name"": ""object#17"", ""share"": 0.203, ""labels"": [17]}, {""name"": ""object#10"", ""share"": 0.157, ""labels"": [10]}, {""name"": ""球M"", ""share"": 0.143, ""labels"": [192]}]"
2026_08_18/000,s7,v8,,v1_votescope_all,99.19,100.22,1.03,3.037,球L,191,0.211,,,,0.919,0.053,,,0,0,11,球L,1,3,"[{""name"": ""球L"", ""share"": 0.211, ""labels"": [191]}, {""name"": ""object#36"", ""share"": 0.194, ""labels"": [36]}, {""name"": ""object#10"", ""share"": 0.138, ""labels"": [10]}]"
2026_08_18/000,s7,v8,,v1_votescope_all,100.27,101.9,1.62,3.029,object#17,17,0.241,,,,0.817,0.356,,,0,0,,,,3,"[{""name"": ""object#17"", ""share"": 0.241, ""labels"": [17]}, {""name"": ""球M"", ""share"": 0.197, ""labels"": [192]}, {""name"": ""object#70"", ""share"": 0.135, ""labels"": [70]}]"
2026_08_18/000,s7,v8,,v1_votescope_all,102.18,103.48,1.3,3.055,球M,192,0.235,,,,0.94,0.388,,,0,0,12,球M,1,3,"[{""name"": ""球M"", ""share"": 0.235, ""labels"": [192]}, {""name"": ""object#17"", ""share"": 0.221, ""labels"": [17]}, {""name"": ""object#70"", ""share"": 0.137, ""labels"": [70]}]"
2026_08_18/000,s7,v8,,v1_votescope_all,103.53,103.8,0.27,3.182,object#17,17,0.288,,,,0.653,0.37,,,0,0,12,球M,0,3,"[{""name"": ""object#17"", ""share"": 0.288, ""labels"": [17]}, {""name"": ""球M"", ""share"": 0.188, ""labels"": [192]}, {""name"": ""object#70"", ""share"": 0.177, ""labels"": [70]}]"
2026_08_18/000,s7,v8,,v1_votescope_all,103.86,105.0,1.14,3.105,球M,192,0.196,,,,0.969,0.35,,,0,0,12,球M,1,3,"[{""name"": ""球M"", ""share"": 0.196, ""labels"": [192]}, {""name"": ""object#17"", ""share"": 0.19, ""labels"": [17]}, {""name"": ""object#70"", ""share"": 0.185, ""labels"": [70]}]"
2026_08_18/000,s7,v8,,v1_votescope_all,105.05,105.6,0.54,3.259,object#17,17,0.25,,,,0.744,0.425,,,0,0,12,球M,0,3,"[{""name"": ""object#17"", ""share"": 0.25, ""labels"": [17]}, {""name"": ""球M"", ""share"": 0.186, ""labels"": [192]}, {""name"": ""object#70"", ""share"": 0.172, ""labels"": [70]}]"
2026_08_18/000,s7,v8,,v1_votescope_all,105.65,106.25,0.6,3.042,object#10,10,0.248,,,,0.859,0.345,,,0,0,12,球M,0,3,"[{""name"": ""object#10"", ""share"": 0.248, ""labels"": [10]}, {""name"": ""球M"", ""share"": 0.213, ""labels"": [192]}, {""name"": ""object#70"", ""share"": 0.125, ""labels"": [70]}]"
2026_08_18/000,s7,v8,,v1_votescope_all,106.3,107.17,0.87,3.055,object#17,17,0.24,,,,0.888,0.31,,,0,0,12,球M,0,3,"[{""name"": ""object#17"", ""share"": 0.24, ""labels"": [17]}, {""name"": ""球M"", ""share"": 0.213, ""labels"": [192]}, {""name"": ""object#10"", ""share"": 0.153, ""labels"": [10]}]"
2026_08_18/000,s7,v8,,v1_votescope_all,107.22,107.81,0.59,2.974,object#10,10,0.23,,,,0.67,0.19,,,0,0,,,,3,"[{""name"": ""object#10"", ""share"": 0.23, ""labels"": [10]}, {""name"": ""object#17"", ""share"": 0.154, ""labels"": [17]}, {""name"": ""球L"", ""share"": 0.151, ""labels"": [191]}]"
2026_08_18/000,s7,v8,,v1_votescope_all,108.24,108.78,0.54,3.333,球R,193,0.215,,,,0.902,0.602,,,0,0,13,球R,1,3,"[{""name"": ""球R"", ""share"": 0.215, ""labels"": [193]}, {""name"": ""object#63"", ""share"": 0.194, ""labels"": [63]}, {""name"": ""object#136"", ""share"": 0.152, ""labels"": [136]}]"
2026_08_18/000,s7,v8,,v1_votescope_all,108.89,109.76,0.87,3.342,球R,193,0.216,,,,0.718,0.581,,,0,0,13,球R,1,3,"[{""name"": ""球R"", ""share"": 0.216, ""labels"": [193]}, {""name"": ""object#70"", ""share"": 0.155, ""labels"": [70]}, {""name"": ""object#17"", ""share"": 0.154, ""labels"": [17]}]"
2026_08_18/000,s7,v8,,v1_votescope_all,109.82,110.19,0.38,3.211,object#17,17,0.223,,,,0.883,0.38,,,0,0,13,球R,0,3,"[{""name"": ""object#17"", ""share"": 0.223, ""labels"": [17]}, {""name"": ""球M"", ""share"": 0.197, ""labels"": [192]}, {""name"": ""object#70"", ""share"": 0.182, ""labels"": [70]}]"
2026_08_18/000,s7,v8,,v1_votescope_all,110.25,110.84,0.6,3.345,object#17,17,0.282,,,,0.56,0.487,,,0,0,13,球R,0,3,"[{""name"": ""object#17"", ""share"": 0.282, ""labels"": [17]}, {""name"": ""object#70"", ""share"": 0.158, ""labels"": [70]}, {""name"": ""object#136"", ""share"": 0.152, ""labels"": [136]}]"
2026_08_18/000,s7,v8,,v1_votescope_all,111.17,112.14,0.97,3.383,object#17,17,0.227,,,,0.74,0.485,,,0,0,13,球R,0,3,"[{""name"": ""object#17"", ""share"": 0.227, ""labels"": [17]}, {""name"": ""object#63"", ""share"": 0.168, ""labels"": [63]}, {""name"": ""球R"", ""share"": 0.146, ""labels"": [193]}]"
2026_08_18/000,s7,v8,,v1_votescope_all,112.21,112.75,0.54,3.154,object#10,10,0.212,,,,0.887,0.35,,,0,0,13,球R,0,3,"[{""name"": ""object#10"", ""share"": 0.212, ""labels"": [10]}, {""name"": ""球M"", ""share"": 0.188, ""labels"": [192]}, {""name"": ""object#70"", ""share"": 0.185, ""labels"": [70]}]"
2026_08_18/000,s7,v8,,v1_votescope_all,112.8,113.24,0.43,3.335,球R,193,0.218,,,,0.972,0.583,,,0,0,13,球R,1,3,"[{""name"": ""球R"", ""share"": 0.218, ""labels"": [193]}, {""name"": ""object#17"", ""share"": 0.212, ""labels"": [17]}, {""name"": ""object#70"", ""share"": 0.173, ""labels"": [70]}]"
2026_08_18/000,s7,v8,,v1_votescope_all,113.51,114.11,0.6,3.334,object#17,17,0.263,,,,0.616,0.512,,,0,0,,,,3,"[{""name"": ""object#17"", ""share"": 0.263, ""labels"": [17]}, {""name"": ""球M"", ""share"": 0.162, ""labels"": [192]}, {""name"": ""球R"", ""share"": 0.152, ""labels"": [193]}]"
2026_08_18/000,s7,v8,,v1_votescope_all,114.16,115.08,0.92,3.432,object#17,17,0.19,,,,0.984,0.543,,,0,0,,,,3,"[{""name"": ""object#17"", ""share"": 0.19, ""labels"": [17]}, {""name"": ""object#63"", ""share"": 0.187, ""labels"": [63]}, {""name"": ""球R"", ""share"": 0.175, ""labels"": [193]}]"
2026_08_18/000,s7,v8,,v1_votescope_all,115.4,116.27,0.87,3.053,object#17,17,0.236,,,,0.89,0.35,,,0,0,14,球M,0,3,"[{""name"": ""object#17"", ""share"": 0.236, ""labels"": [17]}, {""name"": ""球M"", ""share"": 0.21, ""labels"": [192]}, {""name"": ""object#70"", ""share"": 0.178, ""labels"": [70]}]"
2026_08_18/000,s7,v8,,v1_votescope_all,116.32,116.65,0.32,3.189,object#17,17,0.296,,,,0.655,0.331,,,0,0,14,球M,0,3,"[{""name"": ""object#17"", ""share"": 0.296, ""labels"": [17]}, {""name"": ""球M"", ""share"": 0.194, ""labels"": [192]}, {""name"": ""object#70"", ""share"": 0.174, ""labels"": [70]}]"
2026_08_18/000,s7,v8,,v1_votescope_all,116.7,117.89,1.19,3.073,object#17,17,0.301,,,,0.625,0.279,,,0,0,14,球M,0,3,"[{""name"": ""object#17"", ""share"": 0.301, ""labels"": [17]}, {""name"": ""球M"", ""share"": 0.188, ""labels"": [192]}, {""name"": ""object#70"", ""share"": 0.166, ""labels"": [70]}]"
2026_08_18/000,s7,v8,,v1_votescope_all,118.22,120.82,2.6,3.077,object#17,17,0.337,,,,0.543,0.27,,,0,0,14,球M,0,3,"[{""name"": ""object#17"", ""share"": 0.337, ""labels"": [17]}, {""name"": ""球M"", ""share"": 0.183, ""labels"": [192]}, {""name"": ""object#70"", ""share"": 0.151, ""labels"": [70]}]"
2026_08_18/000,s7,v8,,v1_votescope_all,120.87,121.2,0.32,3.08,object#17,17,0.405,,,,0.393,0.272,,,1,0,,,,3,"[{""name"": ""object#17"", ""share"": 0.405, ""labels"": [17]}, {""name"": ""球M"", ""share"": 0.159, ""labels"": [192]}, {""name"": ""object#70"", ""share"": 0.142, ""labels"": [70]}]"
2026_08_18/000,s7,v8,,v1_votescope_all,121.25,121.69,0.43,3.364,object#17,17,0.448,,,,0.288,0.457,,,1,0,,,,3,"[{""name"": ""object#17"", ""share"": 0.448, ""labels"": [17]}, {""name"": ""object#70"", ""share"": 0.129, ""labels"": [70]}, {""name"": ""球M"", ""share"": 0.122, ""labels"": [192]}]"
2026_08_18/000,s7,v8,,v1_votescope_all,121.74,122.28,0.54,3.023,球M,192,0.225,,,,0.813,0.33,,,0,0,,,,3,"[{""name"": ""球M"", ""share"": 0.225, ""labels"": [192]}, {""name"": ""object#10"", ""share"": 0.183, ""labels"": [10]}, {""name"": ""object#17"", ""share"": 0.177, ""labels"": [17]}]"
2026_08_18/000,s7,v8,,v1_votescope_all,122.33,124.56,2.22,3.02,object#36,36,0.224,,,,0.92,0.08,,,0,0,15,球L,0,3,"[{""name"": ""object#36"", ""share"": 0.224, ""labels"": [36]}, {""name"": ""球L"", ""share"": 0.206, ""labels"": [191]}, {""name"": ""object#10"", ""share"": 0.193, ""labels"": [10]}]"
2026_08_18/000,s7,v8,,v1_votescope_all,124.84,128.27,3.43,3.028,object#10,10,0.247,,,,0.806,0.131,,,0,0,15,球L,0,3,"[{""name"": ""object#10"", ""share"": 0.247, ""labels"": [10]}, {""name"": ""球L"", ""share"": 0.199, ""labels"": [191]}, {""name"": ""object#36"", ""share"": 0.143, ""labels"": [36]}]"
2026_08_18/000,s7,v8,,v1_votescope_all,128.32,128.59,0.27,2.981,object#17,17,0.202,,,,0.827,0.074,,,0,0,,,,3,"[{""name"": ""object#17"", ""share"": 0.202, ""labels"": [17]}, {""name"": ""球L"", ""share"": 0.167, ""labels"": [191]}, {""name"": ""object#36"", ""share"": 0.16, ""labels"": [36]}]"
2026_08_18/000,s7,v8,,v1_votescope_all,135.22,135.49,0.27,0.652,object#14,14,1.0,,,,0.0,0.999,,,1,1,,,,1,"[{""name"": ""object#14"", ""share"": 1.0, ""labels"": [14]}]"
2026_08_20/000,c1,v9,,v1_votescope_all,6.97,7.24,0.27,2.316,水瓶,30,0.735,,,,0.158,0.541,,,1,1,,,,3,"[{""name"": ""水瓶"", ""share"": 0.735, ""labels"": [30]}, {""name"": ""香蕉"", ""share"": 0.116, ""labels"": [264]}, {""name"": ""苹果红"", ""share"": 0.064, ""labels"": [260]}]"
2026_08_20/000,c1,v9,,v1_votescope_all,7.37,7.67,0.3,2.268,水瓶,30,0.463,,,,0.454,0.489,,,1,0,,,,3,"[{""name"": ""水瓶"", ""share"": 0.463, ""labels"": [30]}, {""name"": ""苹果红"", ""share"": 0.21, ""labels"": [260]}, {""name"": ""香蕉"", ""share"": 0.167, ""labels"": [264]}]"
2026_08_20/000,c1,v9,,v1_votescope_all,8.91,9.23,0.32,3.486,object#26,26,0.942,,,,0.051,0.109,,,1,1,,,,3,"[{""name"": ""object#26"", ""share"": 0.942, ""labels"": [26]}, {""name"": ""object#10"", ""share"": 0.048, ""labels"": [10]}, {""name"": ""object#179"", ""share"": 0.008, ""labels"": [179]}]"
2026_08_20/000,c1,v9,,v1_votescope_all,10.31,11.02,0.7,2.647,floor,0,1.0,,,,0.0,0.006,,,0,0,,,,1,"[{""name"": ""floor"", ""share"": 1.0, ""labels"": [0]}]"
2026_08_20/000,c1,v9,,v1_votescope_all,11.44,11.87,0.43,2.443,floor,0,1.0,,,,0.0,0.006,,,0,0,,,,1,"[{""name"": ""floor"", ""share"": 1.0, ""labels"": [0]}]"
2026_08_20/000,c1,v9,,v1_votescope_all,11.92,12.2,0.27,2.321,floor,0,1.0,,,,0.0,0.007,,,0,0,,,,1,"[{""name"": ""floor"", ""share"": 1.0, ""labels"": [0]}]"
2026_08_20/000,c1,v9,,v1_votescope_all,12.69,13.12,0.43,2.595,floor,0,1.0,,,,0.0,0.022,,,0,0,,,,1,"[{""name"": ""floor"", ""share"": 1.0, ""labels"": [0]}]"
2026_08_20/000,c1,v9,,v1_votescope_all,13.98,15.07,1.09,2.28,球L,259,0.415,,,,0.376,0.019,,,1,0,,,,3,"[{""name"": ""球L"", ""share"": 0.415, ""labels"": [259]}, {""name"": ""object#12"", ""share"": 0.156, ""labels"": [12]}, {""name"": ""苹果红"", ""share"": 0.139, ""labels"": [260]}]"
2026_08_20/000,c1,v9,,v1_votescope_all,15.12,15.61,0.49,2.206,球L,259,0.362,,,,0.757,0.027,,,0,0,,,,3,"[{""name"": ""球L"", ""share"": 0.362, ""labels"": [259]}, {""name"": ""苹果粉"", ""share"": 0.274, ""labels"": [64]}, {""name"": ""object#12"", ""share"": 0.107, ""labels"": [12]}]"
2026_08_20/000,c1,v9,,v1_votescope_all,15.67,16.1,0.43,2.256,object#12,12,0.253,,,,0.905,0.017,,,0,0,,,,3,"[{""name"": ""object#12"", ""share"": 0.253, ""labels"": [12]}, {""name"": ""水瓶"", ""share"": 0.229, ""labels"": [30]}, {""name"": ""球M"", ""share"": 0.181, ""labels"": [261]}]"
2026_08_20/000,c1,v9,,v1_votescope_all,16.21,16.48,0.27,2.201,球L,259,0.377,,,,0.509,0.018,,,1,0,,,,3,"[{""name"": ""球L"", ""share"": 0.377, ""labels"": [259]}, {""name"": ""苹果粉"", ""share"": 0.192, ""labels"": [64]}, {""name"": ""object#12"", ""share"": 0.192, ""labels"": [12]}]"
2026_08_20/000,c1,v9,,v1_votescope_all,16.53,17.02,0.49,2.107,object#37,37,0.292,,,,0.524,0.052,,,0,0,,,,3,"[{""name"": ""object#37"", ""share"": 0.292, ""labels"": [37]}, {""name"": ""object#12"", ""share"": 0.153, ""labels"": [12]}, {""name"": ""球M"", ""share"": 0.122, ""labels"": [261]}]"
2026_08_20/000,c1,v9,,v1_votescope_all,17.13,18.32,1.19,2.134,object#106,106,0.313,,,,0.792,0.013,,,0,0,,,,3,"[{""name"": ""object#106"", ""share"": 0.313, ""labels"": [106]}, {""name"": ""object#24"", ""share"": 0.248, ""labels"": [24]}, {""name"": ""object#12"", ""share"": 0.156, ""labels"": [12]}]"
2026_08_20/000,c1,v9,,v1_votescope_all,18.37,19.46,1.08,2.158,object#12,12,0.225,,,,0.982,0.012,,,0,0,1,球R,0,3,"[{""name"": ""object#12"", ""share"": 0.225, ""labels"": [12]}, {""name"": ""球R"", ""share"": 0.221, ""labels"": [263]}, {""name"": ""object#106"", ""share"": 0.194, ""labels"": [106]}]"
2026_08_20/000,c1,v9,,v1_votescope_all,19.62,20.81,1.19,2.157,object#106,106,0.216,,,,0.972,0.015,,,0,0,1,球R,0,3,"[{""name"": ""object#106"", ""share"": 0.216, ""labels"": [106]}, {""name"": ""球R"", ""share"": 0.21, ""labels"": [263]}, {""name"": ""object#12"", ""share"": 0.19, ""labels"": [12]}]"
2026_08_20/000,c1,v9,,v1_votescope_all,21.03,21.62,0.6,2.158,object#106,106,0.3,,,,0.83,0.01,,,0,0,1,球R,0,3,"[{""name"": ""object#106"", ""share"": 0.3, ""labels"": [106]}, {""name"": ""object#24"", ""share"": 0.249, ""labels"": [24]}, {""name"": ""object#12"", ""share"": 0.183, ""labels"": [12]}]"
2026_08_20/000,c1,v9,,v1_votescope_all,21.68,22.27,0.6,2.216,object#12,12,0.272,,,,0.875,0.004,,,0,0,1,球R,0,3,"[{""name"": ""object#12"", ""share"": 0.272, ""labels"": [12]}, {""name"": ""球R"", ""share"": 0.238, ""labels"": [263]}, {""name"": ""object#106"", ""share"": 0.124, ""labels"": [106]}]"
2026_08_20/000,c1,v9,,v1_votescope_all,22.44,23.09,0.65,2.159,object#12,12,0.217,,,,0.986,0.01,,,0,0,,,,3,"[{""name"": ""object#12"", ""share"": 0.217, ""labels"": [12]}, {""name"": ""球R"", ""share"": 0.214, ""labels"": [263]}, {""name"": ""object#106"", ""share"": 0.201, ""labels"": [106]}]"
2026_08_20/000,c1,v9,,v1_votescope_all,23.48,23.81,0.33,2.215,球M,261,0.34,,,,0.712,0.017,,,0,0,,,,3,"[{""name"": ""球M"", ""share"": 0.34, ""labels"": [261]}, {""name"": ""object#12"", ""share"": 0.242, ""labels"": [12]}, {""name"": ""水瓶"", ""share"": 0.199, ""labels"": [30]}]"
2026_08_20/000,c1,v9,,v1_votescope_all,23.92,27.08,3.17,2.228,球M,261,0.316,,,,0.829,0.015,,,0,0,2,香蕉,0,3,"[{""name"": ""球M"", ""share"": 0.316, ""labels"": [261]}, {""name"": ""object#12"", ""share"": 0.262, ""labels"": [12]}, {""name"": ""水瓶"", ""share"": 0.24, ""labels"": [30]}]"
2026_08_20/000,c1,v9,,v1_votescope_all,27.14,27.79,0.65,2.274,水瓶,30,0.343,,,,0.741,0.043,,,0,0,2,香蕉,0,3,"[{""name"": ""水瓶"", ""share"": 0.343, ""labels"": [30]}, {""name"": ""球M"", ""share"": 0.254, ""labels"": [261]}, {""name"": ""object#12"", ""share"": 0.199, ""labels"": [12]}]"
2026_08_20/000,c1,v9,,v1_votescope_all,28.02,29.1,1.08,2.252,水瓶,30,0.318,,,,0.931,0.029,,,0,0,2,香蕉,0,3,"[{""name"": ""水瓶"", ""share"": 0.318, ""labels"": [30]}, {""name"": ""球M"", ""share"": 0.296, ""labels"": [261]}, {""name"": ""object#12"", ""share"": 0.217, ""labels"": [12]}]"
2026_08_20/000,c1,v9,,v1_votescope_all,29.15,30.34,1.19,2.238,水瓶,30,0.26,,,,0.781,0.064,,,0,0,,,,3,"[{""name"": ""水瓶"", ""share"": 0.26, ""labels"": [30]}, {""name"": ""苹果红"", ""share"": 0.203, ""labels"": [260]}, {""name"": ""object#12"", ""share"": 0.185, ""labels"": [12]}]"
2026_08_20/000,c1,v9,,v1_votescope_all,31.01,31.82,0.81,3.093,纸箱子,33,0.772,,,,0.088,0.1,,,1,1,3,纸箱子,1,3,"[{""name"": ""纸箱子"", ""share"": 0.772, ""labels"": [33, 73]}, {""name"": ""object#38"", ""share"": 0.068, ""labels"": [38]}, {""name"": ""object#57"", ""share"": 0.064, ""labels"": [57]}]"
2026_08_20/000,c1,v9,,v1_votescope_all,31.87,32.42,0.54,3.026,纸箱子,33,0.505,,,,0.37,0.078,,,1,1,3,纸箱子,1,3,"[{""name"": ""纸箱子"", ""share"": 0.505, ""labels"": [33, 73]}, {""name"": ""object#57"", ""share"": 0.187, ""labels"": [57]}, {""name"": ""object#38"", ""share"": 0.118, ""labels"": [38]}]"
2026_08_20/000,c1,v9,,v1_votescope_all,32.47,36.8,4.33,3.06,纸箱子,33,0.704,,,,0.143,0.079,,,1,1,3,纸箱子,1,3,"[{""name"": ""纸箱子"", ""share"": 0.704, ""labels"": [33, 73]}, {""name"": ""object#57"", ""share"": 0.101, ""labels"": [57]}, {""name"": ""object#38"", ""share"": 0.062, ""labels"": [38]}]"
2026_08_20/000,c1,v9,,v1_votescope_all,37.31,38.67,1.37,2.251,苹果粉,64,0.576,,,,0.352,0.158,,,1,1,,,,3,"[{""name"": ""苹果粉"", ""share"": 0.576, ""labels"": [64]}, {""name"": ""object#35"", ""share"": 0.203, ""labels"": [35]}, {""name"": ""球L"", ""share"": 0.091, ""labels"": [259]}]"
2026_08_20/000,c1,v9,,v1_votescope_all,38.74,39.9,1.16,2.24,苹果粉,64,0.646,,,,0.218,0.147,,,1,1,4,苹果粉,1,3,"[{""name"": ""苹果粉"", ""share"": 0.646, ""labels"": [64, 250]}, {""name"": ""object#35"", ""share"": 0.141, ""labels"": [35]}, {""name"": ""球L"", ""share"": 0.114, ""labels"": [259]}]"
2026_08_20/000,c1,v9,,v1_votescope_all,40.13,42.46,2.33,2.233,苹果粉,64,0.4,,,,0.462,0.093,,,1,0,4,苹果粉,1,3,"[{""name"": ""苹果粉"", ""share"": 0.4, ""labels"": [64]}, {""name"": ""object#35"", ""share"": 0.185, ""labels"": [35]}, {""name"": ""球L"", ""share"": 0.153, ""labels"": [259]}]"
2026_08_20/000,c1,v9,,v1_votescope_all,42.51,42.89,0.38,2.242,球L,259,0.365,,,,0.559,0.02,,,1,0,4,苹果粉,0,3,"[{""name"": ""球L"", ""share"": 0.365, ""labels"": [259]}, {""name"": ""object#12"", ""share"": 0.204, ""labels"": [12]}, {""name"": ""苹果红"", ""share"": 0.139, ""labels"": [260]}]"
2026_08_20/000,c1,v9,,v1_votescope_all,42.94,43.97,1.03,2.243,苹果粉,64,0.511,,,,0.393,0.088,,,1,1,,,,3,"[{""name"": ""苹果粉"", ""share"": 0.511, ""labels"": [64, 250]}, {""name"": ""球L"", ""share"": 0.201, ""labels"": [259]}, {""name"": ""object#12"", ""share"": 0.089, ""labels"": [12]}]"
2026_08_20/000,c1,v9,,v1_votescope_all,44.21,44.69,0.48,2.3,object#12,12,0.262,,,,0.958,0.051,,,0,0,,,,3,"[{""name"": ""object#12"", ""share"": 0.262, ""labels"": [12]}, {""name"": ""白杯1"", ""share"": 0.251, ""labels"": [266]}, {""name"": ""球R"", ""share"": 0.147, ""labels"": [263]}]"
2026_08_20/000,c1,v9,,v1_votescope_all,45.51,45.83,0.32,2.274,白杯1,266,0.277,,,,0.841,0.052,,,0,0,5,白杯1,1,3,"[{""name"": ""白杯1"", ""share"": 0.277, ""labels"": [266]}, {""name"": ""object#12"", ""share"": 0.233, ""labels"": [12]}, {""name"": ""球R"", ""share"": 0.178, ""labels"": [263]}]"
2026_08_20/000,c1,v9,,v1_votescope_all,46.05,46.97,0.92,2.321,白杯1,266,0.252,,,,0.933,0.061,,,0,0,5,白杯1,1,3,"[{""name"": ""白杯1"", ""share"": 0.252, ""labels"": [266]}, {""name"": ""object#12"", ""share"": 0.235, ""labels"": [12]}, {""name"": ""球R"", ""share"": 0.128, ""labels"": [263]}]"
2026_08_20/000,c1,v9,,v1_votescope_all,47.13,49.35,2.22,2.375,object#12,12,0.289,,,,0.702,0.019,,,0,0,5,白杯1,0,3,"[{""name"": ""object#12"", ""share"": 0.289, ""labels"": [12]}, {""name"": ""白杯1"", ""share"": 0.203, ""labels"": [266]}, {""name"": ""球R"", ""share"": 0.185, ""labels"": [263]}]"
2026_08_20/000,c1,v9,,v1_votescope_all,49.41,49.73,0.32,2.266,object#12,12,0.302,,,,0.474,0.006,,,0,0,5,白杯1,0,3,"[{""name"": ""object#12"", ""share"": 0.302, ""labels"": [12]}, {""name"": ""球M"", ""share"": 0.143, ""labels"": [261]}, {""name"": ""白杯1"", ""share"": 0.112, ""labels"": [266]}]"
2026_08_20/000,c1,v9,,v1_votescope_all,49.97,50.68,0.7,2.306,object#12,12,0.33,,,,0.476,0.012,,,0,0,,,,3,"[{""name"": ""object#12"", ""share"": 0.33, ""labels"": [12]}, {""name"": ""白杯1"", ""share"": 0.157, ""labels"": [266]}, {""name"": ""球M"", ""share"": 0.125, ""labels"": [261]}]"
2026_08_20/000,c1,v9,,v1_votescope_all,50.73,53.82,3.09,2.268,水瓶,30,0.421,,,,0.428,0.085,,,1,0,,,,3,"[{""name"": ""水瓶"", ""share"": 0.421, ""labels"": [30]}, {""name"": ""球M"", ""share"": 0.18, ""labels"": [261]}, {""name"": ""object#12"", ""share"": 0.137, ""labels"": [12]}]"
2026_08_20/000,c1,v9,,v1_votescope_all,53.91,54.2,0.3,2.301,白杯1,266,0.31,,,,0.642,0.075,,,0,0,6,水瓶,0,3,"[{""name"": ""白杯1"", ""share"": 0.31, ""labels"": [266]}, {""name"": ""object#12"", ""share"": 0.199, ""labels"": [12]}, {""name"": ""球R"", ""share"": 0.182, ""labels"": [263]}]"
2026_08_20/000,c1,v9,,v1_votescope_all,54.26,55.23,0.97,2.326,水瓶,30,0.465,,,,0.361,0.108,,,1,0,6,水瓶,1,3,"[{""name"": ""水瓶"", ""share"": 0.465, ""labels"": [30]}, {""name"": ""球M"", ""share"": 0.168, ""labels"": [261]}, {""name"": ""object#12"", ""share"": 0.151, ""labels"": [12]}]"
2026_08_20/000,c1,v9,,v1_votescope_all,56.21,56.48,0.27,2.212,球M,261,0.312,,,,0.904,0.02,,,0,0,6,水瓶,0,3,"[{""name"": ""球M"", ""share"": 0.312, ""labels"": [261]}, {""name"": ""object#12"", ""share"": 0.282, ""labels"": [12]}, {""name"": ""水瓶"", ""share"": 0.141, ""labels"": [30]}]"
2026_08_20/000,c1,v9,,v1_votescope_all,56.96,57.61,0.65,2.275,球M,261,0.283,,,,0.862,0.01,,,0,0,,,,3,"[{""name"": ""球M"", ""share"": 0.283, ""labels"": [261]}, {""name"": ""object#12"", ""share"": 0.244, ""labels"": [12]}, {""name"": ""水瓶"", ""share"": 0.243, ""labels"": [30]}]"
2026_08_20/000,c1,v9,,v1_votescope_all,58.47,58.96,0.49,2.311,水瓶,30,0.481,,,,0.339,0.136,,,1,0,,,,3,"[{""name"": ""水瓶"", ""share"": 0.481, ""labels"": [30]}, {""name"": ""球M"", ""share"": 0.163, ""labels"": [261]}, {""name"": ""object#12"", ""share"": 0.136, ""labels"": [12]}]"
2026_08_20/000,c1,v9,,v1_votescope_all,59.01,59.71,0.7,2.291,水瓶,30,0.277,,,,0.751,0.088,,,0,0,,,,3,"[{""name"": ""水瓶"", ""share"": 0.277, ""labels"": [30]}, {""name"": ""苹果红"", ""share"": 0.208, ""labels"": [260]}, {""name"": ""球L"", ""share"": 0.154, ""labels"": [259]}]"
2026_08_20/000,c1,v9,,v1_votescope_all,59.77,60.63,0.87,2.339,水瓶,30,0.465,,,,0.344,0.125,,,1,0,,,,3,"[{""name"": ""水瓶"", ""share"": 0.465, ""labels"": [30]}, {""name"": ""球M"", ""share"": 0.16, ""labels"": [261]}, {""name"": ""object#12"", ""share"": 0.124, ""labels"": [12]}]"
2026_08_20/000,c1,v9,,v1_votescope_all,61.2,61.68,0.49,3.343,object#36,36,0.604,,,,0.22,0.048,,,1,1,,,,3,"[{""name"": ""object#36"", ""share"": 0.604, ""labels"": [36]}, {""name"": ""object#136"", ""share"": 0.133, ""labels"": [136]}, {""name"": ""object#143"", ""share"": 0.089, ""labels"": [143]}]"
2026_08_20/000,c1,v9,,v1_votescope_all,61.74,62.44,0.7,3.426,object#36,36,0.598,,,,0.181,0.098,,,1,1,,,,3,"[{""name"": ""object#36"", ""share"": 0.598, ""labels"": [36]}, {""name"": ""object#118"", ""share"": 0.108, ""labels"": [118]}, {""name"": ""object#136"", ""share"": 0.097, ""labels"": [136]}]"
2026_08_20/000,c1,v9,,v1_votescope_all,62.5,62.77,0.27,3.423,object#36,36,0.468,,,,0.408,0.108,,,1,0,,,,3,"[{""name"": ""object#36"", ""share"": 0.468, ""labels"": [36]}, {""name"": ""object#26"", ""share"": 0.191, ""labels"": [26]}, {""name"": ""object#10"", ""share"": 0.156, ""labels"": [10]}]"
2026_08_20/000,c1,v9,,v1_votescope_all,64.98,65.31,0.32,2.232,object#12,12,0.33,,,,0.558,0.006,,,0,0,,,,3,"[{""name"": ""object#12"", ""share"": 0.33, ""labels"": [12]}, {""name"": ""球M"", ""share"": 0.184, ""labels"": [261]}, {""name"": ""object#106"", ""share"": 0.113, ""labels"": [106]}]"
2026_08_20/000,c1,v9,,v1_votescope_all,65.63,65.91,0.27,2.161,object#37,37,0.299,,,,0.676,0.097,,,0,0,,,,3,"[{""name"": ""object#37"", ""share"": 0.299, ""labels"": [37]}, {""name"": ""object#12"", ""share"": 0.202, ""labels"": [12]}, {""name"": ""球L"", ""share"": 0.181, ""labels"": [259]}]"
2026_08_20/000,c1,v9,,v1_votescope_all,66.18,66.46,0.27,2.341,红杯,49,0.238,,,,0.971,0.131,,,0,0,,,,3,"[{""name"": ""红杯"", ""share"": 0.238, ""labels"": [49]}, {""name"": ""白杯1"", ""share"": 0.231, ""labels"": [266]}, {""name"": ""球R"", ""share"": 0.197, ""labels"": [263]}]"
2026_08_20/000,c1,v9,,v1_votescope_all,66.51,67.54,1.03,2.311,白杯1,266,0.256,,,,0.891,0.071,,,0,0,,,,3,"[{""name"": ""白杯1"", ""share"": 0.256, ""labels"": [266]}, {""name"": ""球R"", ""share"": 0.228, ""labels"": [263]}, {""name"": ""红杯"", ""share"": 0.17, ""labels"": [49]}]"
2026_08_20/000,c1,v9,,v1_votescope_all,68.0,68.68,0.67,2.347,白杯1,266,0.248,,,,0.944,0.123,,,0,0,7,红杯,0,3,"[{""name"": ""白杯1"", ""share"": 0.248, ""labels"": [266]}, {""name"": ""红杯"", ""share"": 0.234, ""labels"": [49]}, {""name"": ""球R"", ""share"": 0.198, ""labels"": [263]}]"
2026_08_20/000,c1,v9,,v1_votescope_all,68.74,69.17,0.43,2.311,白杯2,267,0.351,,,,0.544,0.176,,,1,0,7,红杯,0,3,"[{""name"": ""白杯2"", ""share"": 0.351, ""labels"": [267]}, {""name"": ""红杯"", ""share"": 0.191, ""labels"": [49]}, {""name"": ""球R"", ""share"": 0.182, ""labels"": [263]}]"
2026_08_20/000,c1,v9,,v1_votescope_all,69.23,69.82,0.6,2.301,球R,263,0.273,,,,0.795,0.023,,,0,0,7,红杯,0,3,"[{""name"": ""球R"", ""share"": 0.273, ""labels"": [263]}, {""name"": ""白杯1"", ""share"": 0.217, ""labels"": [266]}, {""name"": ""object#12"", ""share"": 0.215, ""labels"": [12]}]"
2026_08_20/000,c1,v9,,v1_votescope_all,69.88,70.36,0.49,2.303,球R,263,0.236,,,,0.903,0.072,,,0,0,7,红杯,0,3,"[{""name"": ""球R"", ""share"": 0.236, ""labels"": [263]}, {""name"": ""白杯2"", ""share"": 0.213, ""labels"": [267]}, {""name"": ""object#12"", ""share"": 0.181, ""labels"": [12]}]"
2026_08_20/000,c1,v9,,v1_votescope_all,70.42,71.07,0.65,2.297,白杯1,266,0.32,,,,0.572,0.098,,,0,0,7,红杯,0,3,"[{""name"": ""白杯1"", ""share"": 0.32, ""labels"": [266]}, {""name"": ""object#12"", ""share"": 0.183, ""labels"": [12]}, {""name"": ""球R"", ""share"": 0.166, ""labels"": [263]}]"
2026_08_20/000,c1,v9,,v1_votescope_all,71.12,71.99,0.87,2.338,白杯2,267,0.309,,,,0.715,0.153,,,0,0,7,红杯,0,3,"[{""name"": ""白杯2"", ""share"": 0.309, ""labels"": [267]}, {""name"": ""红杯"", ""share"": 0.221, ""labels"": [49]}, {""name"": ""球R"", ""share"": 0.187, ""labels"": [263]}]"
2026_08_20/000,c1,v9,,v1_votescope_all,72.04,72.53,0.49,2.311,白杯1,266,0.267,,,,0.869,0.034,,,0,0,,,,3,"[{""name"": ""白杯1"", ""share"": 0.267, ""labels"": [266]}, {""name"": ""object#12"", ""share"": 0.232, ""labels"": [12]}, {""name"": ""球R"", ""share"": 0.227, ""labels"": [263]}]"
2026_08_20/000,c1,v9,,v1_votescope_all,74.0,75.35,1.35,2.259,球L,259,0.293,,,,0.894,0.062,,,0,0,8,苹果红,0,3,"[{""name"": ""球L"", ""share"": 0.293, ""labels"": [259]}, {""name"": ""苹果红"", ""share"": 0.262, ""labels"": [260]}, {""name"": ""object#12"", ""share"": 0.158, ""labels"": [12]}]"
2026_08_20/000,c1,v9,,v1_votescope_all,75.41,76.0,0.6,2.256,球L,259,0.291,,,,0.9,0.062,,,0,0,8,苹果红,0,3,"[{""name"": ""球L"", ""share"": 0.291, ""labels"": [259]}, {""name"": ""苹果红"", ""share"": 0.262, ""labels"": [260]}, {""name"": ""水瓶"", ""share"": 0.143, ""labels"": [30]}]"
2026_08_20/000,c1,v9,,v1_votescope_all,76.06,76.76,0.7,2.266,球L,259,0.362,,,,0.613,0.054,,,1,0,8,苹果红,0,3,"[{""name"": ""球L"", ""share"": 0.362, ""labels"": [259]}, {""name"": ""苹果红"", ""share"": 0.222, ""labels"": [260]}, {""name"": ""苹果粉"", ""share"": 0.125, ""labels"": [64]}]"
2026_08_20/000,c1,v9,,v1_votescope_all,77.19,79.79,2.6,2.246,球L,259,0.226,,,,0.929,0.041,,,0,0,8,苹果红,0,3,"[{""name"": ""球L"", ""share"": 0.226, ""labels"": [259]}, {""name"": ""苹果红"", ""share"": 0.21, ""labels"": [260]}, {""name"": ""水瓶"", ""share"": 0.197, ""labels"": [30]}]"
2026_08_20/000,c1,v9,,v1_votescope_all,80.36,81.23,0.87,2.167,球M,261,0.191,,,,0.942,0.092,,,0,0,9,球M,1,3,"[{""name"": ""球M"", ""share"": 0.191, ""labels"": [261]}, {""name"": ""object#37"", ""share"": 0.18, ""labels"": [37]}, {""name"": ""object#12"", ""share"": 0.174, ""labels"": [12]}]"
2026_08_20/000,c1,v9,,v1_votescope_all,81.28,81.61,0.32,2.225,object#12,12,0.272,,,,0.96,0.025,,,0,0,9,球M,0,3,"[{""name"": ""object#12"", ""share"": 0.272, ""labels"": [12]}, {""name"": ""球M"", ""share"": 0.261, ""labels"": [261]}, {""name"": ""水瓶"", ""share"": 0.166, ""labels"": [30]}]"
2026_08_20/000,c1,v9,,v1_votescope_all,82.37,82.69,0.32,2.233,球M,261,0.311,,,,0.868,0.01,,,0,0,9,球M,1,3,"[{""name"": ""球M"", ""share"": 0.311, ""labels"": [261]}, {""name"": ""object#12"", ""share"": 0.27, ""labels"": [12]}, {""name"": ""水瓶"", ""share"": 0.242, ""labels"": [30]}]"
2026_08_20/000,c1,v9,,v1_votescope_all,82.76,83.02,0.27,2.261,球M,261,0.257,,,,0.856,0.029,,,0,0,9,球M,1,3,"[{""name"": ""球M"", ""share"": 0.257, ""labels"": [261]}, {""name"": ""object#12"", ""share"": 0.22, ""labels"": [12]}, {""name"": ""水瓶"", ""share"": 0.193, ""labels"": [30]}]"
2026_08_20/000,c1,v9,,v1_votescope_all,83.8,84.07,0.27,2.272,球M,261,0.297,,,,0.963,0.018,,,0,0,9,球M,1,3,"[{""name"": ""球M"", ""share"": 0.297, ""labels"": [261]}, {""name"": ""object#12"", ""share"": 0.286, ""labels"": [12]}, {""name"": ""水瓶"", ""share"": 0.16, ""labels"": [30]}]"
2026_08_20/000,c1,v9,,v1_votescope_all,84.13,84.4,0.27,2.291,球L,259,0.262,,,,0.874,0.017,,,0,0,9,球M,0,3,"[{""name"": ""球L"", ""share"": 0.262, ""labels"": [259]}, {""name"": ""object#12"", ""share"": 0.229, ""labels"": [12]}, {""name"": ""苹果红"", ""share"": 0.131, ""labels"": [260]}]"
2026_08_20/000,c1,v9,,v1_votescope_all,84.45,84.78,0.32,2.278,球M,261,0.314,,,,0.847,0.014,,,0,0,9,球M,1,3,"[{""name"": ""球M"", ""share"": 0.314, ""labels"": [261]}, {""name"": ""object#12"", ""share"": 0.266, ""labels"": [12]}, {""name"": ""水瓶"", ""share"": 0.19, ""labels"": [30]}]"
2026_08_20/000,c1,v9,,v1_votescope_all,84.83,85.26,0.43,2.195,球M,261,0.226,,,,0.956,0.063,,,0,0,9,球M,1,3,"[{""name"": ""球M"", ""share"": 0.226, ""labels"": [261]}, {""name"": ""object#12"", ""share"": 0.216, ""labels"": [12]}, {""name"": ""object#106"", ""share"": 0.176, ""labels"": [106]}]"
2026_08_20/000,c1,v9,,v1_votescope_all,85.32,86.02,0.7,2.224,球M,261,0.313,,,,0.847,0.02,,,0,0,9,球M,1,3,"[{""name"": ""球M"", ""share"": 0.313, ""labels"": [261]}, {""name"": ""object#12"", ""share"": 0.265, ""labels"": [12]}, {""name"": ""水瓶"", ""share"": 0.13, ""labels"": [30]}]"
2026_08_20/000,c1,v9,,v1_votescope_all,86.67,87.27,0.6,2.312,苹果红,260,0.266,,,,0.959,0.154,,,0,0,,,,3,"[{""name"": ""苹果红"", ""share"": 0.266, ""labels"": [260]}, {""name"": ""球L"", ""share"": 0.255, ""labels"": [259]}, {""name"": ""苹果粉"", ""share"": 0.208, ""labels"": [64]}]"
2026_08_20/000,c1,v9,,v1_votescope_all,87.32,92.36,5.04,2.347,苹果红,260,0.361,,,,0.493,0.415,,,1,0,10,橘子,0,3,"[{""name"": ""苹果红"", ""share"": 0.361, ""labels"": [260]}, {""name"": ""苹果粉"", ""share"": 0.178, ""labels"": [64, 250]}, {""name"": ""球L"", ""share"": 0.131, ""labels"": [259]}]"
2026_08_20/000,c1,v9,,v1_votescope_all,92.65,93.35,0.7,2.3,苹果红,260,0.251,,,,0.821,0.106,,,0,0,,,,3,"[{""name"": ""苹果红"", ""share"": 0.251, ""labels"": [260]}, {""name"": ""球L"", ""share"": 0.206, ""labels"": [259]}, {""name"": ""水瓶"", ""share"": 0.185, ""labels"": [30]}]"
2026_08_20/000,c1,v9,,v1_votescope_all,93.73,95.36,1.62,2.27,球L,259,0.374,,,,0.497,0.019,,,1,0,,,,3,"[{""name"": ""球L"", ""share"": 0.374, ""labels"": [259]}, {""name"": ""object#12"", ""share"": 0.186, ""labels"": [12]}, {""name"": ""苹果粉"", ""share"": 0.156, ""labels"": [64, 250]}]"
2026_08_20/000,c1,v9,,v1_votescope_all,95.74,96.55,0.81,2.288,球L,259,0.36,,,,0.586,0.027,,,1,0,11,球L,1,3,"[{""name"": ""球L"", ""share"": 0.36, ""labels"": [259]}, {""name"": ""苹果粉"", ""share"": 0.211, ""labels"": [64, 250]}, {""name"": ""object#12"", ""share"": 0.144, ""labels"": [12]}]"
2026_08_20/000,c1,v9,,v1_votescope_all,96.79,97.33,0.54,2.298,球L,259,0.4,,,,0.402,0.029,,,1,0,11,球L,1,3,"[{""name"": ""球L"", ""share"": 0.4, ""labels"": [259]}, {""name"": ""苹果粉"", ""share"": 0.161, ""labels"": [64]}, {""name"": ""object#12"", ""share"": 0.152, ""labels"": [12]}]"
2026_08_20/000,c1,v9,,v1_votescope_all,97.38,97.65,0.27,2.293,水瓶,30,0.265,,,,0.675,0.056,,,0,0,11,球L,0,3,"[{""name"": ""水瓶"", ""share"": 0.265, ""labels"": [30]}, {""name"": ""球L"", ""share"": 0.179, ""labels"": [259]}, {""name"": ""object#12"", ""share"": 0.169, ""labels"": [12]}]"
2026_08_20/000,c1,v9,,v1_votescope_all,98.2,98.47,0.27,2.278,球L,259,0.343,,,,0.51,0.024,,,0,0,11,球L,1,3,"[{""name"": ""球L"", ""share"": 0.343, ""labels"": [259]}, {""name"": ""object#12"", ""share"": 0.175, ""labels"": [12]}, {""name"": ""苹果粉"", ""share"": 0.163, ""labels"": [64]}]"
2026_08_20/000,c1,v9,,v1_votescope_all,98.87,99.34,0.47,2.307,球M,261,0.274,,,,0.803,0.029,,,0,0,11,球L,0,3,"[{""name"": ""球M"", ""share"": 0.274, ""labels"": [261]}, {""name"": ""水瓶"", ""share"": 0.22, ""labels"": [30]}, {""name"": ""object#12"", ""share"": 0.216, ""labels"": [12]}]"
2026_08_20/000,c1,v9,,v1_votescope_all,100.15,100.42,0.27,2.322,object#12,12,0.271,,,,0.926,0.032,,,0,0,,,,3,"[{""name"": ""object#12"", ""share"": 0.271, ""labels"": [12]}, {""name"": ""白杯1"", ""share"": 0.251, ""labels"": [266]}, {""name"": ""球R"", ""share"": 0.166, ""labels"": [263]}]"
2026_08_20/000,c1,v9,,v1_votescope_all,100.86,101.24,0.38,2.317,球R,263,0.251,,,,0.964,0.076,,,0,0,12,白杯2,0,3,"[{""name"": ""球R"", ""share"": 0.251, ""labels"": [263]}, {""name"": ""白杯2"", ""share"": 0.242, ""labels"": [267]}, {""name"": ""红杯"", ""share"": 0.168, ""labels"": [49]}]"
2026_08_20/000,c1,v9,,v1_votescope_all,101.3,102.7,1.41,2.322,白杯2,267,0.396,,,,0.581,0.291,,,1,0,12,白杯2,1,3,"[{""name"": ""白杯2"", ""share"": 0.396, ""labels"": [267]}, {""name"": ""红杯"", ""share"": 0.23, ""labels"": [49]}, {""name"": ""object#12"", ""share"": 0.121, ""labels"": [12]}]"
2026_08_20/000,c1,v9,,v1_votescope_all,102.76,103.9,1.14,2.298,白杯2,267,0.34,,,,0.576,0.17,,,0,0,12,白杯2,1,3,"[{""name"": ""白杯2"", ""share"": 0.34, ""labels"": [267]}, {""name"": ""红杯"", ""share"": 0.196, ""labels"": [49]}, {""name"": ""球R"", ""share"": 0.175, ""labels"": [263]}]"
2026_08_20/000,c1,v9,,v1_votescope_all,104.06,105.47,1.41,2.31,球R,263,0.253,,,,0.731,0.07,,,0,0,12,白杯2,0,3,"[{""name"": ""球R"", ""share"": 0.253, ""labels"": [263]}, {""name"": ""白杯2"", ""share"": 0.185, ""labels"": [267]}, {""name"": ""白杯1"", ""share"": 0.178, ""labels"": [266]}]"
2026_08_20/000,c1,v9,,v1_votescope_all,105.95,106.5,0.54,2.288,object#12,12,0.275,,,,0.927,0.049,,,0,0,12,白杯2,0,3,"[{""name"": ""object#12"", ""share"": 0.275, ""labels"": [12]}, {""name"": ""白杯1"", ""share"": 0.255, ""labels"": [266]}, {""name"": ""球R"", ""share"": 0.144, ""labels"": [263]}]"
2026_08_20/000,c1,v9,,v1_votescope_all,106.55,106.98,0.43,2.282,白杯2,267,0.233,,,,0.953,0.086,,,0,0,,,,3,"[{""name"": ""白杯2"", ""share"": 0.233, ""labels"": [267]}, {""name"": ""球R"", ""share"": 0.222, ""labels"": [263]}, {""name"": ""红杯"", ""share"": 0.189, ""labels"": [49]}]"
2026_08_20/000,c1,v9,,v1_votescope_all,107.09,107.42,0.32,2.293,object#12,12,0.274,,,,0.85,0.038,,,0,0,,,,3,"[{""name"": ""object#12"", ""share"": 0.274, ""labels"": [12]}, {""name"": ""水瓶"", ""share"": 0.233, ""labels"": [30]}, {""name"": ""球M"", ""share"": 0.214, ""labels"": [261]}]"
2026_08_20/000,c1,v9,,v1_votescope_all,107.47,107.9,0.43,2.292,白杯1,266,0.285,,,,0.723,0.066,,,0,0,,,,3,"[{""name"": ""白杯1"", ""share"": 0.285, ""labels"": [266]}, {""name"": ""object#12"", ""share"": 0.206, ""labels"": [12]}, {""name"": ""球R"", ""share"": 0.205, ""labels"": [263]}]"
2026_08_20/000,c1,v9,,v1_votescope_all,110.02,110.35,0.32,2.32,object#164,164,0.615,,,,0.626,0.975,,,1,1,,,,2,"[{""name"": ""object#164"", ""share"": 0.615, ""labels"": [164]}, {""name"": ""object#17"", ""share"": 0.385, ""labels"": [17]}]"
2026_08_20/000,c1,v9,,v1_votescope_all,112.37,112.94,0.57,1.094,object#14,14,0.673,,,,0.486,0.001,,,1,1,,,,3,"[{""name"": ""object#14"", ""share"": 0.673, ""labels"": [14]}, {""name"": ""object#34"", ""share"": 0.327, ""labels"": [34]}, {""name"": ""object#88"", ""share"": 0.0, ""labels"": [88]}]"
2026_08_20/000,c1,v9,,v1_votescope_all,113.87,114.19,0.32,0.638,object#34,34,0.807,,,,0.235,0.021,,,1,1,,,,3,"[{""name"": ""object#34"", ""share"": 0.807, ""labels"": [34]}, {""name"": ""object#14"", ""share"": 0.19, ""labels"": [14]}, {""name"": ""object#88"", ""share"": 0.003, ""labels"": [88]}]"
2026_08_20/000,c1,v9,,v1_votescope_all,114.46,114.9,0.44,0.856,object#14,14,0.524,,,,0.882,0.02,,,1,1,,,,3,"[{""name"": ""object#14"", ""share"": 0.524, ""labels"": [14]}, {""name"": ""object#88"", ""share"": 0.462, ""labels"": [88]}, {""name"": ""object#65"", ""share"": 0.014, ""labels"": [65]}]"
2026_08_20/001,c2,v9,,v1_votescope_all,3.28,3.67,0.38,3.041,floor,0,1.0,,,,0.0,0.844,,,0,0,,,,1,"[{""name"": ""floor"", ""share"": 1.0, ""labels"": [0]}]"
2026_08_20/001,c2,v9,,v1_votescope_all,9.17,9.5,0.32,3.454,object#36,36,0.559,,,,0.25,0.011,,,1,1,,,,3,"[{""name"": ""object#36"", ""share"": 0.559, ""labels"": [36]}, {""name"": ""object#143"", ""share"": 0.14, ""labels"": [143]}, {""name"": ""object#10"", ""share"": 0.104, ""labels"": [10]}]"
2026_08_20/001,c2,v9,,v1_votescope_all,10.05,10.43,0.38,2.739,球L,259,0.25,,,,0.976,0.114,,,0,0,,,,3,"[{""name"": ""球L"", ""share"": 0.25, ""labels"": [259]}, {""name"": ""水瓶"", ""share"": 0.244, ""labels"": [30]}, {""name"": ""苹果红"", ""share"": 0.17, ""labels"": [260]}]"
2026_08_20/001,c2,v9,,v1_votescope_all,11.31,11.64,0.32,3.431,object#60,60,0.492,,,,0.476,0.083,,,1,0,,,,3,"[{""name"": ""object#60"", ""share"": 0.492, ""labels"": [60]}, {""name"": ""object#36"", ""share"": 0.234, ""labels"": [36]}, {""name"": ""object#70"", ""share"": 0.195, ""labels"": [70]}]"
2026_08_20/001,c2,v9,,v1_votescope_all,11.75,12.02,0.27,3.534,object#26,26,0.665,,,,0.344,0.133,,,1,1,,,,3,"[{""name"": ""object#26"", ""share"": 0.665, ""labels"": [26]}, {""name"": ""object#10"", ""share"": 0.229, ""labels"": [10]}, {""name"": ""object#36"", ""share"": 0.068, ""labels"": [36]}]"
2026_08_20/001,c2,v9,,v1_votescope_all,12.41,13.06,0.65,3.364,object#26,26,0.978,,,,0.01,0.105,,,1,1,,,,3,"[{""name"": ""object#26"", ""share"": 0.978, ""labels"": [26]}, {""name"": ""object#10"", ""share"": 0.01, ""labels"": [10]}, {""name"": ""object#36"", ""share"": 0.008, ""labels"": [36]}]"
2026_08_20/001,c2,v9,,v1_votescope_all,14.23,14.5,0.27,2.572,球M,261,0.215,,,,0.856,0.025,,,0,0,,,,3,"[{""name"": ""球M"", ""share"": 0.215, ""labels"": [261]}, {""name"": ""object#12"", ""share"": 0.184, ""labels"": [12]}, {""name"": ""水瓶"", ""share"": 0.173, ""labels"": [30]}]"
2026_08_20/001,c2,v9,,v1_votescope_all,14.71,15.36,0.65,2.723,object#24,24,0.263,,,,0.696,0.109,,,0,0,,,,3,"[{""name"": ""object#24"", ""share"": 0.263, ""labels"": [24]}, {""name"": ""object#106"", ""share"": 0.183, ""labels"": [106]}, {""name"": ""球R"", ""share"": 0.171, ""labels"": [263]}]"
2026_08_20/001,c2,v9,,v1_votescope_all,15.53,15.9,0.38,2.514,object#106,106,0.252,,,,0.595,0.059,,,0,0,,,,3,"[{""name"": ""object#106"", ""share"": 0.252, ""labels"": [106]}, {""name"": ""球M"", ""share"": 0.15, ""labels"": [261]}, {""name"": ""object#12"", ""share"": 0.12, ""labels"": [12]}]"
2026_08_20/001,c2,v9,,v1_votescope_all,16.39,17.74,1.35,2.71,球R,263,0.243,,,,0.77,0.077,,,0,0,1,球R,1,3,"[{""name"": ""球R"", ""share"": 0.243, ""labels"": [263]}, {""name"": ""object#12"", ""share"": 0.187, ""labels"": [12]}, {""name"": ""白杯1"", ""share"": 0.131, ""labels"": [266]}]"
2026_08_20/001,c2,v9,,v1_votescope_all,17.79,18.17,0.38,2.719,object#24,24,0.516,,,,0.438,0.156,,,1,1,1,球R,0,3,"[{""name"": ""object#24"", ""share"": 0.516, ""labels"": [24]}, {""name"": ""object#106"", ""share"": 0.226, ""labels"": [106]}, {""name"": ""object#12"", ""share"": 0.073, ""labels"": [12]}]"
2026_08_20/001,c2,v9,,v1_votescope_all,18.5,19.42,0.92,2.799,object#24,24,0.283,,,,0.749,0.134,,,0,0,1,球R,0,3,"[{""name"": ""object#24"", ""share"": 0.283, ""labels"": [24]}, {""name"": ""object#106"", ""share"": 0.212, ""labels"": [106]}, {""name"": ""球R"", ""share"": 0.157, ""labels"": [263]}]"
2026_08_20/001,c2,v9,,v1_votescope_all,20.64,20.91,0.27,3.017,球R,263,0.203,,,,0.921,0.09,,,0,0,,,,3,"[{""name"": ""球R"", ""share"": 0.203, ""labels"": [263]}, {""name"": ""白杯1"", ""share"": 0.187, ""labels"": [266]}, {""name"": ""object#12"", ""share"": 0.127, ""labels"": [12]}]"
2026_08_20/001,c2,v9,,v1_votescope_all,21.29,21.67,0.38,3.117,object#37,37,0.217,,,,0.631,0.216,,,0,0,,,,3,"[{""name"": ""object#37"", ""share"": 0.217, ""labels"": [37]}, {""name"": ""球M"", ""share"": 0.137, ""labels"": [261]}, {""name"": ""object#24"", ""share"": 0.127, ""labels"": [24]}]"
2026_08_20/001,c2,v9,,v1_votescope_all,22.21,22.7,0.49,3.163,object#37,37,0.171,,,,0.895,0.175,,,0,0,,,,3,"[{""name"": ""object#37"", ""share"": 0.171, ""labels"": [37]}, {""name"": ""球M"", ""share"": 0.153, ""labels"": [261]}, {""name"": ""水瓶"", ""share"": 0.139, ""labels"": [30]}]"
2026_08_20/001,c2,v9,,v1_votescope_all,23.29,25.46,2.17,3.193,object#24,24,0.19,,,,0.916,0.062,,,0,0,2,球R,0,3,"[{""name"": ""object#24"", ""share"": 0.19, ""labels"": [24]}, {""name"": ""object#106"", ""share"": 0.174, ""labels"": [106]}, {""name"": ""球R"", ""share"": 0.128, ""labels"": [263]}]"
2026_08_20/001,c2,v9,,v1_votescope_all,25.73,26.22,0.49,3.191,object#24,24,0.213,,,,0.845,0.073,,,0,0,,,,3,"[{""name"": ""object#24"", ""share"": 0.213, ""labels"": [24]}, {""name"": ""object#106"", ""share"": 0.18, ""labels"": [106]}, {""name"": ""object#12"", ""share"": 0.144, ""labels"": [12]}]"
2026_08_20/001,c2,v9,,v1_votescope_all,26.54,26.92,0.38,3.156,object#24,24,0.219,,,,0.895,0.066,,,0,0,,,,3,"[{""name"": ""object#24"", ""share"": 0.219, ""labels"": [24]}, {""name"": ""object#106"", ""share"": 0.196, ""labels"": [106]}, {""name"": ""球R"", ""share"": 0.157, ""labels"": [263]}]"
2026_08_20/001,c2,v9,,v1_votescope_all,27.8,28.29,0.49,3.184,object#12,12,0.174,,,,0.879,0.086,,,0,0,,,,3,"[{""name"": ""object#12"", ""share"": 0.174, ""labels"": [12]}, {""name"": ""object#106"", ""share"": 0.153, ""labels"": [106]}, {""name"": ""object#24"", ""share"": 0.141, ""labels"": [24]}]"
2026_08_20/001,c2,v9,,v1_votescope_all,28.77,29.05,0.27,3.118,object#24,24,0.313,,,,0.783,0.052,,,0,0,,,,3,"[{""name"": ""object#24"", ""share"": 0.313, ""labels"": [24]}, {""name"": ""object#106"", ""share"": 0.245, ""labels"": [106]}, {""name"": ""球R"", ""share"": 0.115, ""labels"": [263]}]"
2026_08_20/001,c2,v9,,v1_votescope_all,29.53,29.8,0.27,3.181,object#35,35,0.392,,,,0.505,0.216,,,1,0,4,球L,0,3,"[{""name"": ""object#35"", ""share"": 0.392, ""labels"": [35]}, {""name"": ""苹果粉"", ""share"": 0.198, ""labels"": [64]}, {""name"": ""object#37"", ""share"": 0.158, ""labels"": [37]}]"
2026_08_20/001,c2,v9,,v1_votescope_all,29.86,30.56,0.7,3.134,球L,259,0.275,,,,0.898,0.182,,,0,0,4,球L,1,3,"[{""name"": ""球L"", ""share"": 0.275, ""labels"": [259]}, {""name"": ""苹果粉"", ""share"": 0.247, ""labels"": [64, 250]}, {""name"": ""苹果红"", ""share"": 0.146, ""labels"": [260]}]"
2026_08_20/001,c2,v9,,v1_votescope_all,30.8,31.78,0.97,3.132,球L,259,0.27,,,,0.648,0.179,,,0,0,4,球L,1,3,"[{""name"": ""球L"", ""share"": 0.27, ""labels"": [259]}, {""name"": ""苹果红"", ""share"": 0.175, ""labels"": [260]}, {""name"": ""苹果粉"", ""share"": 0.138, ""labels"": [64]}]"
2026_08_20/001,c2,v9,,v1_votescope_all,31.83,32.21,0.38,3.164,水瓶,30,0.356,,,,0.478,0.171,,,1,0,,,,3,"[{""name"": ""水瓶"", ""share"": 0.356, ""labels"": [30]}, {""name"": ""球M"", ""share"": 0.17, ""labels"": [261]}, {""name"": ""object#12"", ""share"": 0.129, ""labels"": [12]}]"
2026_08_20/001,c2,v9,,v1_votescope_all,32.27,33.25,0.98,3.196,球L,259,0.269,,,,0.502,0.17,,,0,0,,,,3,"[{""name"": ""球L"", ""share"": 0.269, ""labels"": [259]}, {""name"": ""苹果红"", ""share"": 0.135, ""labels"": [260]}, {""name"": ""object#37"", ""share"": 0.128, ""labels"": [37]}]"
2026_08_20/001,c2,v9,,v1_votescope_all,33.3,36.28,2.98,3.253,球L,259,0.204,,,,0.966,0.18,,,0,0,,,,3,"[{""name"": ""球L"", ""share"": 0.204, ""labels"": [259]}, {""name"": ""水瓶"", ""share"": 0.197, ""labels"": [30]}, {""name"": ""苹果红"", ""share"": 0.181, ""labels"": [260]}]"
2026_08_20/001,c2,v9,,v1_votescope_all,37.15,37.85,0.7,3.256,object#37,37,0.346,,,,0.806,0.207,,,0,0,,,,3,"[{""name"": ""object#37"", ""share"": 0.346, ""labels"": [37]}, {""name"": ""object#35"", ""share"": 0.279, ""labels"": [35]}, {""name"": ""object#112"", ""share"": 0.123, ""labels"": [112]}]"
2026_08_20/001,c2,v9,,v1_votescope_all,37.9,39.47,1.57,3.261,object#37,37,0.3,,,,0.593,0.166,,,0,0,,,,3,"[{""name"": ""object#37"", ""share"": 0.3, ""labels"": [37]}, {""name"": ""球L"", ""share"": 0.178, ""labels"": [259]}, {""name"": ""苹果粉"", ""share"": 0.087, ""labels"": [64]}]"
2026_08_20/001,c2,v9,,v1_votescope_all,39.53,39.8,0.27,3.295,object#37,37,0.198,,,,0.783,0.173,,,0,0,,,,3,"[{""name"": ""object#37"", ""share"": 0.198, ""labels"": [37]}, {""name"": ""球L"", ""share"": 0.155, ""labels"": [259]}, {""name"": ""object#12"", ""share"": 0.12, ""labels"": [12]}]"
2026_08_20/001,c2,v9,,v1_votescope_all,39.96,40.34,0.38,3.256,object#37,37,0.416,,,,0.24,0.209,,,1,0,,,,3,"[{""name"": ""object#37"", ""share"": 0.416, ""labels"": [37]}, {""name"": ""球L"", ""share"": 0.1, ""labels"": [259]}, {""name"": ""object#12"", ""share"": 0.086, ""labels"": [12]}]"
2026_08_20/001,c2,v9,,v1_votescope_all,40.61,41.69,1.08,3.244,object#37,37,0.468,,,,0.261,0.252,,,1,0,,,,3,"[{""name"": ""object#37"", ""share"": 0.468, ""labels"": [37]}, {""name"": ""球L"", ""share"": 0.122, ""labels"": [259]}, {""name"": ""object#35"", ""share"": 0.066, ""labels"": [35]}]"
2026_08_20/001,c2,v9,,v1_votescope_all,42.02,42.94,0.92,3.266,object#37,37,0.268,,,,0.754,0.198,,,0,0,,,,3,"[{""name"": ""object#37"", ""share"": 0.268, ""labels"": [37]}, {""name"": ""球L"", ""share"": 0.202, ""labels"": [259]}, {""name"": ""苹果红"", ""share"": 0.081, ""labels"": [260]}]"
2026_08_20/001,c2,v9,,v1_votescope_all,43.18,45.19,2.01,3.223,苹果粉,64,0.402,,,,0.806,0.298,,,0,0,5,苹果粉,1,3,"[{""name"": ""苹果粉"", ""share"": 0.402, ""labels"": [64, 250]}, {""name"": ""object#35"", ""share"": 0.324, ""labels"": [35]}, {""name"": ""球L"", ""share"": 0.11, ""labels"": [259]}]"
2026_08_20/001,c2,v9,,v1_votescope_all,45.4,46.6,1.2,3.234,苹果粉,64,0.299,,,,0.746,0.213,,,0,0,5,苹果粉,1,3,"[{""name"": ""苹果粉"", ""share"": 0.299, ""labels"": [64]}, {""name"": ""object#35"", ""share"": 0.223, ""labels"": [35]}, {""name"": ""球L"", ""share"": 0.174, ""labels"": [259]}]"
2026_08_20/001,c2,v9,,v1_votescope_all,46.84,49.22,2.38,3.207,苹果粉,64,0.338,,,,0.917,0.234,,,0,0,5,苹果粉,1,3,"[{""name"": ""苹果粉"", ""share"": 0.338, ""labels"": [64, 250]}, {""name"": ""object#35"", ""share"": 0.31, ""labels"": [35]}, {""name"": ""球L"", ""share"": 0.137, ""labels"": [259]}]"
2026_08_20/001,c2,v9,,v1_votescope_all,49.44,49.82,0.38,3.209,苹果粉,64,0.353,,,,0.601,0.225,,,1,0,5,苹果粉,1,3,"[{""name"": ""苹果粉"", ""share"": 0.353, ""labels"": [64, 250]}, {""name"": ""object#35"", ""share"": 0.212, ""labels"": [35]}, {""name"": ""球L"", ""share"": 0.176, ""labels"": [259]}]"
2026_08_20/001,c2,v9,,v1_votescope_all,50.09,52.1,2.0,3.28,球R,263,0.159,,,,0.975,0.101,,,0,0,,,,3,"[{""name"": ""球R"", ""share"": 0.159, ""labels"": [263]}, {""name"": ""白杯1"", ""share"": 0.155, ""labels"": [266]}, {""name"": ""object#12"", ""share"": 0.151, ""labels"": [12]}]"
2026_08_20/001,c2,v9,,v1_votescope_all,52.15,52.86,0.7,3.269,白杯2,267,0.201,,,,0.945,0.182,,,0,0,,,,3,"[{""name"": ""白杯2"", ""share"": 0.201, ""labels"": [267]}, {""name"": ""球R"", ""share"": 0.19, ""labels"": [263]}, {""name"": ""object#12"", ""share"": 0.116, ""labels"": [12]}]"
2026_08_20/001,c2,v9,,v1_votescope_all,53.89,54.16,0.27,3.269,白杯2,267,0.304,,,,0.576,0.461,,,0,0,,,,3,"[{""name"": ""白杯2"", ""share"": 0.304, ""labels"": [267]}, {""name"": ""object#265"", ""share"": 0.175, ""labels"": [265]}, {""name"": ""object#12"", ""share"": 0.104, ""labels"": [12]}]"
2026_08_20/001,c2,v9,,v1_votescope_all,54.75,55.02,0.27,3.268,球M,261,0.167,,,,0.946,0.114,,,0,0,,,,3,"[{""name"": ""球M"", ""share"": 0.167, ""labels"": [261]}, {""name"": ""object#24"", ""share"": 0.158, ""labels"": [24]}, {""name"": ""object#12"", ""share"": 0.148, ""labels"": [12]}]"
2026_08_20/001,c2,v9,,v1_votescope_all,55.13,55.99,0.87,3.28,白杯1,266,0.158,,,,0.981,0.112,,,0,0,,,,3,"[{""name"": ""白杯1"", ""share"": 0.158, ""labels"": [266]}, {""name"": ""球R"", ""share"": 0.155, ""labels"": [263]}, {""name"": ""水瓶"", ""share"": 0.133, ""labels"": [30]}]"
2026_08_20/001,c2,v9,,v1_votescope_all,56.05,56.64,0.6,3.282,object#24,24,0.15,,,,0.96,0.096,,,0,0,,,,3,"[{""name"": ""object#24"", ""share"": 0.15, ""labels"": [24]}, {""name"": ""object#106"", ""share"": 0.144, ""labels"": [106]}, {""name"": ""object#12"", ""share"": 0.141, ""labels"": [12]}]"
2026_08_20/001,c2,v9,,v1_votescope_all,58.49,59.14,0.65,3.261,球M,261,0.163,,,,0.963,0.129,,,0,0,7,球M,1,3,"[{""name"": ""球M"", ""share"": 0.163, ""labels"": [261]}, {""name"": ""水瓶"", ""share"": 0.157, ""labels"": [30]}, {""name"": ""object#12"", ""share"": 0.153, ""labels"": [12]}]"
2026_08_20/001,c2,v9,,v1_votescope_all,59.51,59.95,0.43,3.274,水瓶,30,0.167,,,,0.988,0.109,,,0,0,7,球M,0,3,"[{""name"": ""水瓶"", ""share"": 0.167, ""labels"": [30]}, {""name"": ""object#12"", ""share"": 0.165, ""labels"": [12]}, {""name"": ""球M"", ""share"": 0.159, ""labels"": [261]}]"
2026_08_20/001,c2,v9,,v1_votescope_all,60.19,60.56,0.38,3.268,object#24,24,0.172,,,,0.971,0.205,,,0,0,7,球M,0,3,"[{""name"": ""object#24"", ""share"": 0.172, ""labels"": [24]}, {""name"": ""object#37"", ""share"": 0.167, ""labels"": [37]}, {""name"": ""球M"", ""share"": 0.128, ""labels"": [261]}]"
2026_08_20/001,c2,v9,,v1_votescope_all,60.62,61.05,0.43,3.289,水瓶,30,0.187,,,,0.77,0.12,,,0,0,7,球M,0,3,"[{""name"": ""水瓶"", ""share"": 0.187, ""labels"": [30]}, {""name"": ""object#12"", ""share"": 0.144, ""labels"": [12]}, {""name"": ""球M"", ""share"": 0.142, ""labels"": [261]}]"
2026_08_20/001,c2,v9,,v1_votescope_all,61.11,61.92,0.81,3.282,球M,261,0.191,,,,0.99,0.157,,,0,0,7,球M,1,3,"[{""name"": ""球M"", ""share"": 0.191, ""labels"": [261]}, {""name"": ""水瓶"", ""share"": 0.189, ""labels"": [30]}, {""name"": ""object#12"", ""share"": 0.112, ""labels"": [12]}]"
2026_08_20/001,c2,v9,,v1_votescope_all,61.97,62.24,0.27,3.286,object#12,12,0.145,,,,0.917,0.094,,,0,0,,,,3,"[{""name"": ""object#12"", ""share"": 0.145, ""labels"": [12]}, {""name"": ""球R"", ""share"": 0.133, ""labels"": [263]}, {""name"": ""object#106"", ""share"": 0.133, ""labels"": [106]}]"
2026_08_20/001,c2,v9,,v1_votescope_all,62.3,62.68,0.38,3.274,球M,261,0.174,,,,0.868,0.152,,,0,0,,,,3,"[{""name"": ""球M"", ""share"": 0.174, ""labels"": [261]}, {""name"": ""object#24"", ""share"": 0.151, ""labels"": [24]}, {""name"": ""水瓶"", ""share"": 0.145, ""labels"": [30]}]"
2026_08_20/001,c2,v9,,v1_votescope_all,64.79,65.22,0.43,4.238,object#60,60,0.398,,,,0.849,0.298,,,0,0,,,,3,"[{""name"": ""object#60"", ""share"": 0.398, ""labels"": [60]}, {""name"": ""object#70"", ""share"": 0.338, ""labels"": [70]}, {""name"": ""object#36"", ""share"": 0.204, ""labels"": [36]}]"
2026_08_20/001,c2,v9,,v1_votescope_all,65.76,66.09,0.32,4.126,object#17,17,0.999,,,,0.001,0.432,,,1,1,,,,2,"[{""name"": ""object#17"", ""share"": 0.999, ""labels"": [17]}, {""name"": ""object#163"", ""share"": 0.001, ""labels"": [163]}]"
2026_08_20/001,c2,v9,,v1_votescope_all,66.2,66.53,0.32,3.232,水瓶,30,0.345,,,,0.449,0.276,,,0,0,,,,3,"[{""name"": ""水瓶"", ""share"": 0.345, ""labels"": [30]}, {""name"": ""苹果红"", ""share"": 0.155, ""labels"": [260]}, {""name"": ""球M"", ""share"": 0.136, ""labels"": [261]}]"
2026_08_20/001,c2,v9,,v1_votescope_all,66.76,67.24,0.49,4.174,object#17,17,0.837,,,,0.151,0.588,,,1,1,,,,3,"[{""name"": ""object#17"", ""share"": 0.837, ""labels"": [17]}, {""name"": ""object#163"", ""share"": 0.126, ""labels"": [163]}, {""name"": ""object#70"", ""share"": 0.033, ""labels"": [70]}]"
2026_08_20/001,c2,v9,,v1_votescope_all,67.66,68.41,0.76,3.289,球L,259,0.202,,,,0.738,0.176,,,0,0,,,,3,"[{""name"": ""球L"", ""share"": 0.202, ""labels"": [259]}, {""name"": ""水瓶"", ""share"": 0.149, ""labels"": [30]}, {""name"": ""object#12"", ""share"": 0.131, ""labels"": [12]}]"
2026_08_20/001,c2,v9,,v1_votescope_all,68.79,69.06,0.27,3.304,球L,259,0.214,,,,0.673,0.172,,,0,0,,,,3,"[{""name"": ""球L"", ""share"": 0.214, ""labels"": [259]}, {""name"": ""水瓶"", ""share"": 0.144, ""labels"": [30]}, {""name"": ""苹果红"", ""share"": 0.124, ""labels"": [260]}]"
2026_08_20/001,c2,v9,,v1_votescope_all,70.32,70.7,0.38,3.304,object#24,24,0.232,,,,0.759,0.208,,,0,0,,,,3,"[{""name"": ""object#24"", ""share"": 0.232, ""labels"": [24]}, {""name"": ""object#37"", ""share"": 0.176, ""labels"": [37]}, {""name"": ""球M"", ""share"": 0.113, ""labels"": [261]}]"
2026_08_20/001,c2,v9,,v1_votescope_all,71.96,72.77,0.81,3.295,object#24,24,0.209,,,,0.938,0.066,,,0,0,,,,3,"[{""name"": ""object#24"", ""share"": 0.209, ""labels"": [24]}, {""name"": ""object#106"", ""share"": 0.196, ""labels"": [106]}, {""name"": ""球R"", ""share"": 0.136, ""labels"": [263]}]"
2026_08_20/001,c2,v9,,v1_votescope_all,72.88,74.29,1.41,3.322,object#24,24,0.16,,,,0.963,0.082,,,0,0,,,,3,"[{""name"": ""object#24"", ""share"": 0.16, ""labels"": [24]}, {""name"": ""object#106"", ""share"": 0.154, ""labels"": [106]}, {""name"": ""球R"", ""share"": 0.137, ""labels"": [263]}]"
2026_08_20/001,c2,v9,,v1_votescope_all,75.39,75.76,0.38,3.312,object#24,24,0.275,,,,0.731,0.058,,,0,0,,,,3,"[{""name"": ""object#24"", ""share"": 0.275, ""labels"": [24]}, {""name"": ""object#106"", ""share"": 0.201, ""labels"": [106]}, {""name"": ""object#12"", ""share"": 0.132, ""labels"": [12]}]"
2026_08_20/001,c2,v9,,v1_votescope_all,75.87,76.19,0.32,3.327,球R,263,0.16,,,,0.975,0.08,,,0,0,,,,3,"[{""name"": ""球R"", ""share"": 0.16, ""labels"": [263]}, {""name"": ""object#24"", ""share"": 0.156, ""labels"": [24]}, {""name"": ""object#106"", ""share"": 0.153, ""labels"": [106]}]"
2026_08_20/001,c2,v9,,v1_votescope_all,76.25,76.52,0.27,3.336,object#106,106,0.178,,,,0.961,0.107,,,0,0,,,,3,"[{""name"": ""object#106"", ""share"": 0.178, ""labels"": [106]}, {""name"": ""object#24"", ""share"": 0.171, ""labels"": [24]}, {""name"": ""水瓶"", ""share"": 0.125, ""labels"": [30]}]"
2026_08_20/001,c2,v9,,v1_votescope_all,76.57,77.0,0.43,3.31,object#24,24,0.225,,,,0.969,0.068,,,0,0,,,,3,"[{""name"": ""object#24"", ""share"": 0.225, ""labels"": [24]}, {""name"": ""object#106"", ""share"": 0.218, ""labels"": [106]}, {""name"": ""球R"", ""share"": 0.128, ""labels"": [263]}]"
2026_08_20/001,c2,v9,,v1_votescope_all,77.06,77.36,0.3,3.313,object#24,24,0.282,,,,0.762,0.142,,,0,0,,,,3,"[{""name"": ""object#24"", ""share"": 0.282, ""labels"": [24]}, {""name"": ""object#106"", ""share"": 0.215, ""labels"": [106]}, {""name"": ""球M"", ""share"": 0.113, ""labels"": [261]}]"
2026_08_20/001,c2,v9,,v1_votescope_all,77.65,78.73,1.08,3.306,object#24,24,0.207,,,,0.865,0.068,,,0,0,,,,3,"[{""name"": ""object#24"", ""share"": 0.207, ""labels"": [24]}, {""name"": ""object#106"", ""share"": 0.179, ""labels"": [106]}, {""name"": ""object#12"", ""share"": 0.144, ""labels"": [12]}]"
2026_08_20/001,c2,v9,,v1_votescope_all,79.4,79.77,0.38,3.296,object#35,35,0.408,,,,0.679,0.241,,,1,0,,,,3,"[{""name"": ""object#35"", ""share"": 0.408, ""labels"": [35]}, {""name"": ""object#37"", ""share"": 0.277, ""labels"": [37]}, {""name"": ""object#112"", ""share"": 0.104, ""labels"": [112]}]"
2026_08_20/001,c2,v9,,v1_votescope_all,80.05,82.0,1.95,3.303,object#35,35,0.452,,,,0.498,0.245,,,1,0,9,苹果粉,0,3,"[{""name"": ""object#35"", ""share"": 0.452, ""labels"": [35]}, {""name"": ""苹果粉"", ""share"": 0.225, ""labels"": [64]}, {""name"": ""object#37"", ""share"": 0.107, ""labels"": [37]}]"
2026_08_20/001,c2,v9,,v1_votescope_all,82.05,82.48,0.43,3.292,球L,259,0.2,,,,0.715,0.179,,,0,0,,,,3,"[{""name"": ""球L"", ""share"": 0.2, ""labels"": [259]}, {""name"": ""object#12"", ""share"": 0.143, ""labels"": [12]}, {""name"": ""object#37"", ""share"": 0.126, ""labels"": [37]}]"
2026_08_20/001,c2,v9,,v1_votescope_all,82.59,82.86,0.27,3.296,苹果粉,64,0.318,,,,0.783,0.238,,,0,0,,,,3,"[{""name"": ""苹果粉"", ""share"": 0.318, ""labels"": [64]}, {""name"": ""object#35"", ""share"": 0.249, ""labels"": [35]}, {""name"": ""球L"", ""share"": 0.169, ""labels"": [259]}]"
2026_08_20/001,c2,v9,,v1_votescope_all,82.91,83.18,0.27,3.316,球R,263,0.149,,,,1.0,0.099,,,0,0,,,,3,"[{""name"": ""球R"", ""share"": 0.149, ""labels"": [263]}, {""name"": ""白杯1"", ""share"": 0.149, ""labels"": [266]}, {""name"": ""object#24"", ""share"": 0.133, ""labels"": [24]}]"
2026_08_20/001,c2,v9,,v1_votescope_all,83.24,83.78,0.54,3.274,苹果粉,64,0.283,,,,0.908,0.219,,,0,0,,,,3,"[{""name"": ""苹果粉"", ""share"": 0.283, ""labels"": [64, 250]}, {""name"": ""球L"", ""share"": 0.257, ""labels"": [259]}, {""name"": ""苹果红"", ""share"": 0.13, ""labels"": [260]}]"
2026_08_20/001,c2,v9,,v1_votescope_all,83.83,84.1,0.27,3.274,苹果粉,64,0.264,,,,0.989,0.214,,,0,0,,,,3,"[{""name"": ""苹果粉"", ""share"": 0.264, ""labels"": [64]}, {""name"": ""object#35"", ""share"": 0.261, ""labels"": [35]}, {""name"": ""球L"", ""share"": 0.154, ""labels"": [259]}]"
2026_08_20/001,c2,v9,,v1_votescope_all,84.54,84.92,0.38,3.277,球L,259,0.209,,,,0.732,0.175,,,0,0,,,,3,"[{""name"": ""球L"", ""share"": 0.209, ""labels"": [259]}, {""name"": ""苹果粉"", ""share"": 0.153, ""labels"": [64]}, {""name"": ""苹果红"", ""share"": 0.136, ""labels"": [260]}]"
2026_08_20/001,c2,v9,,v1_votescope_all,84.97,85.29,0.32,3.286,苹果粉,64,0.269,,,,0.784,0.2,,,0,0,10,球R,0,3,"[{""name"": ""苹果粉"", ""share"": 0.269, ""labels"": [64]}, {""name"": ""球L"", ""share"": 0.211, ""labels"": [259]}, {""name"": ""object#35"", ""share"": 0.148, ""labels"": [35]}]"
2026_08_20/001,c2,v9,,v1_votescope_all,85.35,85.62,0.27,3.276,球R,263,0.185,,,,0.692,0.099,,,0,0,10,球R,1,3,"[{""name"": ""球R"", ""share"": 0.185, ""labels"": [263]}, {""name"": ""白杯1"", ""share"": 0.128, ""labels"": [266]}, {""name"": ""object#106"", ""share"": 0.126, ""labels"": [106]}]"
2026_08_20/001,c2,v9,,v1_votescope_all,86.28,87.85,1.57,3.218,object#24,24,0.16,,,,0.988,0.086,,,0,0,10,球R,0,3,"[{""name"": ""object#24"", ""share"": 0.16, ""labels"": [24]}, {""name"": ""球R"", ""share"": 0.158, ""labels"": [263]}, {""name"": ""object#106"", ""share"": 0.144, ""labels"": [106]}]"
2026_08_20/001,c2,v9,,v1_votescope_all,87.9,88.17,0.27,3.243,球M,261,0.153,,,,0.993,0.108,,,0,0,,,,3,"[{""name"": ""球M"", ""share"": 0.153, ""labels"": [261]}, {""name"": ""水瓶"", ""share"": 0.152, ""labels"": [30]}, {""name"": ""object#106"", ""share"": 0.131, ""labels"": [106]}]"
2026_08_20/001,c2,v9,,v1_votescope_all,88.23,89.47,1.25,3.257,object#24,24,0.168,,,,0.994,0.072,,,0,0,,,,3,"[{""name"": ""object#24"", ""share"": 0.168, ""labels"": [24]}, {""name"": ""球R"", ""share"": 0.167, ""labels"": [263]}, {""name"": ""object#106"", ""share"": 0.153, ""labels"": [106]}]"
2026_08_20/001,c2,v9,,v1_votescope_all,89.64,89.96,0.32,3.256,object#24,24,0.234,,,,0.624,0.119,,,0,0,,,,3,"[{""name"": ""object#24"", ""share"": 0.234, ""labels"": [24]}, {""name"": ""object#12"", ""share"": 0.146, ""labels"": [12]}, {""name"": ""object#106"", ""share"": 0.142, ""labels"": [106]}]"
2026_08_20/001,c2,v9,,v1_votescope_all,90.12,90.39,0.27,3.331,object#24,24,0.445,,,,0.64,0.068,,,1,0,11,球M,0,3,"[{""name"": ""object#24"", ""share"": 0.445, ""labels"": [24]}, {""name"": ""object#106"", ""share"": 0.285, ""labels"": [106]}, {""name"": ""object#12"", ""share"": 0.058, ""labels"": [12]}]"
2026_08_20/001,c2,v9,,v1_votescope_all,90.5,91.04,0.54,3.261,object#24,24,0.21,,,,0.914,0.188,,,0,0,11,球M,0,3,"[{""name"": ""object#24"", ""share"": 0.21, ""labels"": [24]}, {""name"": ""object#37"", ""share"": 0.192, ""labels"": [37]}, {""name"": ""object#12"", ""share"": 0.126, ""labels"": [12]}]"
2026_08_20/001,c2,v9,,v1_votescope_all,92.23,92.66,0.43,3.274,object#24,24,0.195,,,,0.872,0.108,,,0,0,11,球M,0,3,"[{""name"": ""object#24"", ""share"": 0.195, ""labels"": [24]}, {""name"": ""object#106"", ""share"": 0.17, ""labels"": [106]}, {""name"": ""object#12"", ""share"": 0.132, ""labels"": [12]}]"
2026_08_20/001,c2,v9,,v1_votescope_all,93.36,94.89,1.53,3.212,球M,261,0.184,,,,0.864,0.142,,,0,0,11,球M,1,3,"[{""name"": ""球M"", ""share"": 0.184, ""labels"": [261]}, {""name"": ""object#12"", ""share"": 0.159, ""labels"": [12]}, {""name"": ""水瓶"", ""share"": 0.151, ""labels"": [30]}]"
2026_08_20/001,c2,v9,,v1_votescope_all,95.34,96.05,0.7,3.239,球M,261,0.183,,,,0.82,0.173,,,0,0,11,球M,1,3,"[{""name"": ""球M"", ""share"": 0.183, ""labels"": [261]}, {""name"": ""水瓶"", ""share"": 0.15, ""labels"": [30]}, {""name"": ""object#24"", ""share"": 0.138, ""labels"": [24]}]"
2026_08_20/001,c2,v9,,v1_votescope_all,96.1,96.48,0.38,3.245,水瓶,30,0.176,,,,0.83,0.168,,,0,0,11,球M,0,3,"[{""name"": ""水瓶"", ""share"": 0.176, ""labels"": [30]}, {""name"": ""球M"", ""share"": 0.146, ""labels"": [261]}, {""name"": ""object#12"", ""share"": 0.146, ""labels"": [12]}]"
2026_08_20/001,c2,v9,,v1_votescope_all,96.54,96.81,0.27,3.226,水瓶,30,0.195,,,,0.795,0.153,,,0,0,11,球M,0,3,"[{""name"": ""水瓶"", ""share"": 0.195, ""labels"": [30]}, {""name"": ""球M"", ""share"": 0.155, ""labels"": [261]}, {""name"": ""object#12"", ""share"": 0.139, ""labels"": [12]}]"
2026_08_20/001,c2,v9,,v1_votescope_all,96.86,97.35,0.49,3.209,object#37,37,0.302,,,,0.566,0.194,,,0,0,,,,3,"[{""name"": ""object#37"", ""share"": 0.302, ""labels"": [37]}, {""name"": ""球L"", ""share"": 0.171, ""labels"": [259]}, {""name"": ""object#12"", ""share"": 0.106, ""labels"": [12]}]"
2026_08_20/001,c2,v9,,v1_votescope_all,97.46,97.79,0.32,3.244,object#37,37,0.251,,,,0.641,0.224,,,0,0,,,,3,"[{""name"": ""object#37"", ""share"": 0.251, ""labels"": [37]}, {""name"": ""object#24"", ""share"": 0.161, ""labels"": [24]}, {""name"": ""球M"", ""share"": 0.103, ""labels"": [261]}]"
2026_08_20/001,c2,v9,,v1_votescope_all,99.07,99.4,0.32,3.255,object#24,24,0.151,,,,0.96,0.091,,,0,0,,,,3,"[{""name"": ""object#24"", ""share"": 0.151, ""labels"": [24]}, {""name"": ""object#106"", ""share"": 0.145, ""labels"": [106]}, {""name"": ""object#12"", ""share"": 0.125, ""labels"": [12]}]"
2026_08_20/001,c2,v9,,v1_votescope_all,100.1,102.38,2.27,3.249,白杯2,267,0.261,,,,0.632,0.251,,,0,0,12,白杯2,1,3,"[{""name"": ""白杯2"", ""share"": 0.261, ""labels"": [267]}, {""name"": ""球R"", ""share"": 0.165, ""labels"": [263]}, {""name"": ""红杯"", ""share"": 0.107, ""labels"": [49]}]"
2026_08_20/001,c2,v9,,v1_votescope_all,102.49,104.16,1.68,3.266,白杯2,267,0.241,,,,0.651,0.228,,,0,0,12,白杯2,1,3,"[{""name"": ""白杯2"", ""share"": 0.241, ""labels"": [267]}, {""name"": ""object#12"", ""share"": 0.157, ""labels"": [12]}, {""name"": ""球R"", ""share"": 0.144, ""labels"": [263]}]"
2026_08_20/001,c2,v9,,v1_votescope_all,104.33,104.98,0.65,3.267,白杯2,267,0.241,,,,0.593,0.249,,,0,0,12,白杯2,1,3,"[{""name"": ""白杯2"", ""share"": 0.241, ""labels"": [267]}, {""name"": ""球R"", ""share"": 0.143, ""labels"": [263]}, {""name"": ""object#12"", ""share"": 0.115, ""labels"": [12]}]"
2026_08_20/001,c2,v9,,v1_votescope_all,105.03,105.36,0.32,3.247,object#12,12,0.163,,,,1.0,0.112,,,0,0,,,,3,"[{""name"": ""object#12"", ""share"": 0.163, ""labels"": [12]}, {""name"": ""水瓶"", ""share"": 0.163, ""labels"": [30]}, {""name"": ""球M"", ""share"": 0.134, ""labels"": [261]}]"
2026_08_20/001,c2,v9,,v1_votescope_all,105.41,105.68,0.27,3.209,球R,263,0.185,,,,0.741,0.119,,,0,0,,,,3,"[{""name"": ""球R"", ""share"": 0.185, ""labels"": [263]}, {""name"": ""object#12"", ""share"": 0.137, ""labels"": [12]}, {""name"": ""白杯2"", ""share"": 0.128, ""labels"": [267]}]"
2026_08_20/001,c2,v9,,v1_votescope_all,105.98,106.36,0.38,3.24,水瓶,30,0.214,,,,0.841,0.175,,,0,0,,,,3,"[{""name"": ""水瓶"", ""share"": 0.214, ""labels"": [30]}, {""name"": ""球M"", ""share"": 0.18, ""labels"": [261]}, {""name"": ""object#12"", ""share"": 0.137, ""labels"": [12]}]"
2026_08_20/001,c2,v9,,v1_votescope_all,106.41,108.01,1.6,3.228,球R,263,0.195,,,,0.779,0.137,,,0,0,,,,3,"[{""name"": ""球R"", ""share"": 0.195, ""labels"": [263]}, {""name"": ""白杯2"", ""share"": 0.152, ""labels"": [267]}, {""name"": ""白杯1"", ""share"": 0.127, ""labels"": [266]}]"
2026_08_20/001,c2,v9,,v1_votescope_all,108.07,114.03,5.96,3.237,白杯2,267,0.233,,,,0.609,0.255,,,0,0,,,,3,"[{""name"": ""白杯2"", ""share"": 0.233, ""labels"": [267]}, {""name"": ""球R"", ""share"": 0.142, ""labels"": [263]}, {""name"": ""object#12"", ""share"": 0.127, ""labels"": [12]}]"
2026_08_20/001,c2,v9,,v1_votescope_all,114.86,115.73,0.87,3.227,球L,259,0.206,,,,0.791,0.188,,,0,0,,,,3,"[{""name"": ""球L"", ""share"": 0.206, ""labels"": [259]}, {""name"": ""水瓶"", ""share"": 0.163, ""labels"": [30]}, {""name"": ""object#37"", ""share"": 0.123, ""labels"": [37]}]"
2026_08_20/001,c2,v9,,v1_votescope_all,115.78,116.16,0.38,3.227,苹果粉,64,0.295,,,,0.739,0.208,,,0,0,,,,3,"[{""name"": ""苹果粉"", ""share"": 0.295, ""labels"": [64]}, {""name"": ""object#35"", ""share"": 0.218, ""labels"": [35]}, {""name"": ""球L"", ""share"": 0.178, ""labels"": [259]}]"
2026_08_20/001,c2,v9,,v1_votescope_all,116.4,116.78,0.38,3.232,苹果粉,64,0.235,,,,0.94,0.199,,,0,0,14,球L,0,3,"[{""name"": ""苹果粉"", ""share"": 0.235, ""labels"": [64]}, {""name"": ""球L"", ""share"": 0.221, ""labels"": [259]}, {""name"": ""object#35"", ""share"": 0.151, ""labels"": [35]}]"
2026_08_20/001,c2,v9,,v1_votescope_all,116.83,117.7,0.87,3.233,球L,259,0.213,,,,0.977,0.192,,,0,0,14,球L,1,3,"[{""name"": ""球L"", ""share"": 0.213, ""labels"": [259]}, {""name"": ""水瓶"", ""share"": 0.208, ""labels"": [30]}, {""name"": ""苹果红"", ""share"": 0.163, ""labels"": [260]}]"
2026_08_20/001,c2,v9,,v1_votescope_all,118.25,119.17,0.92,3.211,球L,259,0.223,,,,0.789,0.169,,,0,0,14,球L,1,3,"[{""name"": ""球L"", ""share"": 0.223, ""labels"": [259]}, {""name"": ""水瓶"", ""share"": 0.176, ""labels"": [30]}, {""name"": ""苹果红"", ""share"": 0.169, ""labels"": [260]}]"
2026_08_20/001,c2,v9,,v1_votescope_all,119.92,120.19,0.27,3.273,球L,259,0.191,,,,0.942,0.202,,,0,0,14,球L,1,3,"[{""name"": ""球L"", ""share"": 0.191, ""labels"": [259]}, {""name"": ""object#37"", ""share"": 0.18, ""labels"": [37]}, {""name"": ""水瓶"", ""share"": 0.131, ""labels"": [30]}]"
2026_08_20/001,c2,v9,,v1_votescope_all,120.46,120.73,0.27,3.292,水瓶,30,0.219,,,,0.959,0.142,,,0,0,,,,3,"[{""name"": ""水瓶"", ""share"": 0.219, ""labels"": [30]}, {""name"": ""球M"", ""share"": 0.21, ""labels"": [261]}, {""name"": ""object#12"", ""share"": 0.124, ""labels"": [12]}]"
2026_08_20/001,c2,v9,,v1_votescope_all,121.06,121.38,0.32,3.256,苹果粉,64,0.343,,,,0.63,0.246,,,0,0,,,,3,"[{""name"": ""苹果粉"", ""share"": 0.343, ""labels"": [64]}, {""name"": ""球L"", ""share"": 0.216, ""labels"": [259]}, {""name"": ""苹果红"", ""share"": 0.116, ""labels"": [260]}]"
2026_08_20/001,c2,v9,,v1_votescope_all,121.43,121.92,0.49,3.27,球L,259,0.226,,,,0.836,0.188,,,0,0,,,,3,"[{""name"": ""球L"", ""share"": 0.226, ""labels"": [259]}, {""name"": ""水瓶"", ""share"": 0.189, ""labels"": [30]}, {""name"": ""苹果红"", ""share"": 0.181, ""labels"": [260]}]"
2026_08_20/001,c2,v9,,v1_votescope_all,121.98,123.01,1.04,3.244,水瓶,30,0.299,,,,0.706,0.288,,,0,0,15,苹果红,0,3,"[{""name"": ""水瓶"", ""share"": 0.299, ""labels"": [30]}, {""name"": ""苹果红"", ""share"": 0.211, ""labels"": [260]}, {""name"": ""球L"", ""share"": 0.154, ""labels"": [259]}]"
2026_08_20/001,c2,v9,,v1_votescope_all,123.07,125.78,2.71,3.247,球L,259,0.256,,,,0.848,0.282,,,0,0,,,,3,"[{""name"": ""球L"", ""share"": 0.256, ""labels"": [259]}, {""name"": ""苹果红"", ""share"": 0.217, ""labels"": [260]}, {""name"": ""苹果粉"", ""share"": 0.19, ""labels"": [64]}]"
2026_08_20/001,c2,v9,,v1_votescope_all,125.83,126.86,1.03,3.254,水瓶,30,0.226,,,,0.925,0.227,,,0,0,,,,3,"[{""name"": ""水瓶"", ""share"": 0.226, ""labels"": [30]}, {""name"": ""苹果红"", ""share"": 0.209, ""labels"": [260]}, {""name"": ""球L"", ""share"": 0.183, ""labels"": [259]}]"
2026_08_20/001,c2,v9,,v1_votescope_all,127.18,127.45,0.27,3.24,球L,259,0.252,,,,0.722,0.222,,,0,0,,,,3,"[{""name"": ""球L"", ""share"": 0.252, ""labels"": [259]}, {""name"": ""苹果红"", ""share"": 0.182, ""labels"": [260]}, {""name"": ""苹果粉"", ""share"": 0.171, ""labels"": [64]}]"
2026_08_20/001,c2,v9,,v1_votescope_all,128.3,128.57,0.27,3.701,object#17,17,0.501,,,,0.435,0.902,,,1,1,,,,3,"[{""name"": ""object#17"", ""share"": 0.501, ""labels"": [17]}, {""name"": ""object#70"", ""share"": 0.218, ""labels"": [70]}, {""name"": ""object#60"", ""share"": 0.146, ""labels"": [60]}]"
2026_08_20/001,c2,v9,,v1_votescope_all,129.49,129.76,0.27,2.412,floor,0,1.0,,,,0.0,0.133,,,0,0,,,,1,"[{""name"": ""floor"", ""share"": 1.0, ""labels"": [0]}]"
2026_08_20/001,c2,v9,,v1_votescope_all,130.99,131.31,0.32,1.978,object#14,14,0.543,,,,0.832,0.0,,,1,1,,,,3,"[{""name"": ""object#14"", ""share"": 0.543, ""labels"": [14]}, {""name"": ""object#34"", ""share"": 0.452, ""labels"": [34]}, {""name"": ""object#88"", ""share"": 0.004, ""labels"": [88]}]"
2026_08_20/001,c2,v9,,v1_votescope_all,132.14,133.06,0.92,0.888,object#34,34,0.75,,,,0.331,0.0,,,1,1,,,,3,"[{""name"": ""object#34"", ""share"": 0.75, ""labels"": [34]}, {""name"": ""object#14"", ""share"": 0.248, ""labels"": [14]}, {""name"": ""object#88"", ""share"": 0.002, ""labels"": [88]}]"
2026_08_20/001,c2,v9,,v1_votescope_all,133.6,133.98,0.38,0.751,object#14,14,0.893,,,,0.12,0.003,,,1,1,,,,2,"[{""name"": ""object#14"", ""share"": 0.893, ""labels"": [14]}, {""name"": ""object#88"", ""share"": 0.107, ""labels"": [88]}]"
2026_08_20/001,c2,v9,,v1_votescope_all,134.04,134.74,0.7,0.707,object#88,88,0.781,,,,0.251,0.06,,,1,1,,,,3,"[{""name"": ""object#88"", ""share"": 0.781, ""labels"": [88]}, {""name"": ""object#14"", ""share"": 0.196, ""labels"": [14]}, {""name"": ""object#65"", ""share"": 0.024, ""labels"": [65]}]"
2026_08_20/002,c4,v9,beyond_occ,v1_votescope_all,8.84,9.44,0.6,4.11,object#24,24,0.247,,,,0.66,0.238,,,0,0,,,,3,"[{""name"": ""object#24"", ""share"": 0.247, ""labels"": [24]}, {""name"": ""object#35"", ""share"": 0.163, ""labels"": [35]}, {""name"": ""球M"", ""share"": 0.105, ""labels"": [261]}]"
2026_08_20/002,c4,v9,beyond_occ,v1_votescope_all,9.71,9.98,0.27,3.306,floor,0,1.0,,,,0.0,0.083,,,0,0,,,,1,"[{""name"": ""floor"", ""share"": 1.0, ""labels"": [0]}]"
2026_08_20/002,c4,v9,beyond_occ,v1_votescope_all,10.36,11.06,0.7,2.929,floor,0,1.0,,,,0.0,0.016,,,0,0,,,,1,"[{""name"": ""floor"", ""share"": 1.0, ""labels"": [0]}]"
2026_08_20/002,c4,v9,beyond_occ,v1_votescope_all,11.17,11.77,0.6,3.253,floor,0,1.0,,,,0.0,0.083,,,0,0,,,,1,"[{""name"": ""floor"", ""share"": 1.0, ""labels"": [0]}]"
2026_08_20/002,c4,v9,beyond_occ,v1_votescope_all,11.88,12.15,0.27,2.996,floor,0,1.0,,,,0.0,0.006,,,0,0,,,,1,"[{""name"": ""floor"", ""share"": 1.0, ""labels"": [0]}]"
2026_08_20/002,c4,v9,beyond_occ,v1_votescope_all,12.88,15.05,2.17,4.182,object#35,35,0.245,,,,0.633,0.148,,,0,0,4,球M,0,3,"[{""name"": ""object#35"", ""share"": 0.245, ""labels"": [35]}, {""name"": ""object#24"", ""share"": 0.155, ""labels"": [24]}, {""name"": ""球L"", ""share"": 0.103, ""labels"": [259]}]"
2026_08_20/002,c4,v9,beyond_occ,v1_votescope_all,15.1,15.53,0.43,4.121,object#35,35,0.42,,,,0.443,0.052,,,1,0,6,球L,0,3,"[{""name"": ""object#35"", ""share"": 0.42, ""labels"": [35]}, {""name"": ""object#37"", ""share"": 0.186, ""labels"": [37]}, {""name"": ""object#24"", ""share"": 0.15, ""labels"": [24]}]"
2026_08_20/002,c4,v9,beyond_occ,v1_votescope_all,15.59,17.0,1.41,4.185,object#35,35,0.388,,,,0.59,0.127,,,1,0,6,球L,0,3,"[{""name"": ""object#35"", ""share"": 0.388, ""labels"": [35]}, {""name"": ""object#24"", ""share"": 0.229, ""labels"": [24]}, {""name"": ""object#37"", ""share"": 0.124, ""labels"": [37]}]"
2026_08_20/002,c4,v9,beyond_occ,v1_votescope_all,17.05,17.76,0.7,4.202,object#35,35,0.412,,,,0.413,0.087,,,1,0,6,球L,0,3,"[{""name"": ""object#35"", ""share"": 0.412, ""labels"": [35]}, {""name"": ""object#37"", ""share"": 0.17, ""labels"": [37]}, {""name"": ""object#24"", ""share"": 0.121, ""labels"": [24]}]"
2026_08_20/002,c4,v9,beyond_occ,v1_votescope_all,17.88,18.86,0.97,4.216,object#35,35,0.429,,,,0.506,0.056,,,1,0,6,球L,0,3,"[{""name"": ""object#35"", ""share"": 0.429, ""labels"": [35]}, {""name"": ""object#37"", ""share"": 0.217, ""labels"": [37]}, {""name"": ""object#24"", ""share"": 0.067, ""labels"": [24]}]"
2026_08_20/002,c4,v9,beyond_occ,v1_votescope_all,18.91,22.75,3.85,4.233,object#35,35,0.385,,,,0.366,0.086,,,1,0,6,球L,0,3,"[{""name"": ""object#35"", ""share"": 0.385, ""labels"": [35]}, {""name"": ""object#24"", ""share"": 0.141, ""labels"": [24]}, {""name"": ""object#37"", ""share"": 0.118, ""labels"": [37]}]"
2026_08_20/002,c4,v9,beyond_occ,v1_votescope_all,22.81,23.08,0.27,4.259,object#24,24,0.384,,,,0.544,0.276,,,1,0,,,,3,"[{""name"": ""object#24"", ""share"": 0.384, ""labels"": [24]}, {""name"": ""object#35"", ""share"": 0.209, ""labels"": [35]}, {""name"": ""object#12"", ""share"": 0.077, ""labels"": [12]}]"
2026_08_20/002,c4,v9,beyond_occ,v1_votescope_all,23.13,23.78,0.65,4.231,object#35,35,0.398,,,,0.535,0.083,,,1,0,,,,3,"[{""name"": ""object#35"", ""share"": 0.398, ""labels"": [35]}, {""name"": ""object#24"", ""share"": 0.213, ""labels"": [24]}, {""name"": ""object#37"", ""share"": 0.138, ""labels"": [37]}]"
2026_08_20/002,c4,v9,beyond_occ,v1_votescope_all,24.01,24.66,0.65,4.252,object#35,35,0.282,,,,0.943,0.17,,,0,0,,,,3,"[{""name"": ""object#35"", ""share"": 0.282, ""labels"": [35]}, {""name"": ""object#24"", ""share"": 0.266, ""labels"": [24]}, {""name"": ""球L"", ""share"": 0.067, ""labels"": [259]}]"
2026_08_20/002,c4,v9,beyond_occ,v1_votescope_all,24.93,28.4,3.47,4.256,object#35,35,0.259,,,,0.44,0.161,,,0,0,8,球L,0,3,"[{""name"": ""object#35"", ""share"": 0.259, ""labels"": [35]}, {""name"": ""object#24"", ""share"": 0.114, ""labels"": [24]}, {""name"": ""球L"", ""share"": 0.111, ""labels"": [259]}]"
2026_08_20/002,c4,v9,beyond_occ,v1_votescope_all,28.45,29.53,1.08,4.26,object#24,24,0.336,,,,0.676,0.246,,,0,0,10,球M,0,3,"[{""name"": ""object#24"", ""share"": 0.336, ""labels"": [24]}, {""name"": ""object#35"", ""share"": 0.227, ""labels"": [35]}, {""name"": ""球M"", ""share"": 0.067, ""labels"": [261]}]"
2026_08_20/002,c4,v9,beyond_occ,v1_votescope_all,29.59,33.43,3.85,4.269,object#35,35,0.317,,,,0.498,0.126,,,0,0,11,球L,0,3,"[{""name"": ""object#35"", ""share"": 0.317, ""labels"": [35]}, {""name"": ""object#24"", ""share"": 0.158, ""labels"": [24]}, {""name"": ""球L"", ""share"": 0.1, ""labels"": [259]}]"
2026_08_20/002,c4,v9,beyond_occ,v1_votescope_all,33.65,37.22,3.57,4.283,object#35,35,0.293,,,,0.509,0.161,,,0,0,11,球L,0,3,"[{""name"": ""object#35"", ""share"": 0.293, ""labels"": [35]}, {""name"": ""object#24"", ""share"": 0.149, ""labels"": [24]}, {""name"": ""球L"", ""share"": 0.089, ""labels"": [259]}]"
2026_08_20/002,c4,v9,beyond_occ,v1_votescope_all,37.37,38.29,0.92,4.288,object#35,35,0.428,,,,0.336,0.064,,,1,0,11,球L,0,3,"[{""name"": ""object#35"", ""share"": 0.428, ""labels"": [35]}, {""name"": ""object#37"", ""share"": 0.144, ""labels"": [37]}, {""name"": ""object#24"", ""share"": 0.14, ""labels"": [24]}]"
2026_08_20/002,c4,v9,beyond_occ,v1_votescope_all,38.34,42.4,4.06,4.308,object#35,35,0.381,,,,0.252,0.099,,,1,0,11,球L,0,3,"[{""name"": ""object#35"", ""share"": 0.381, ""labels"": [35]}, {""name"": ""object#37"", ""share"": 0.096, ""labels"": [37]}, {""name"": ""object#24"", ""share"": 0.094, ""labels"": [24]}]"
2026_08_20/002,c4,v9,beyond_occ,v1_votescope_all,42.54,47.25,4.71,4.278,object#35,35,0.368,,,,0.285,0.084,,,1,0,11,球L,0,3,"[{""name"": ""object#35"", ""share"": 0.368, ""labels"": [35]}, {""name"": ""object#37"", ""share"": 0.105, ""labels"": [37]}, {""name"": ""苹果粉"", ""share"": 0.094, ""labels"": [64]}]"
2026_08_20/002,c4,v9,beyond_occ,v1_votescope_all,47.69,50.94,3.25,4.305,object#35,35,0.361,,,,0.319,0.097,,,1,0,11,球L,0,3,"[{""name"": ""object#35"", ""share"": 0.361, ""labels"": [35]}, {""name"": ""object#24"", ""share"": 0.115, ""labels"": [24]}, {""name"": ""object#37"", ""share"": 0.094, ""labels"": [37]}]"
2026_08_20/002,c4,v9,beyond_occ,v1_votescope_all,50.99,52.4,1.41,4.3,object#35,35,0.421,,,,0.375,0.067,,,1,0,11,球L,0,3,"[{""name"": ""object#35"", ""share"": 0.421, ""labels"": [35]}, {""name"": ""object#37"", ""share"": 0.158, ""labels"": [37]}, {""name"": ""苹果粉"", ""share"": 0.071, ""labels"": [64]}]"
2026_08_20/002,c4,v9,beyond_occ,v1_votescope_all,53.04,54.85,1.81,4.295,object#35,35,0.366,,,,0.29,0.109,,,1,0,11,球L,0,3,"[{""name"": ""object#35"", ""share"": 0.366, ""labels"": [35]}, {""name"": ""object#24"", ""share"": 0.106, ""labels"": [24]}, {""name"": ""object#37"", ""share"": 0.095, ""labels"": [37]}]"
2026_08_20/002,c4,v9,beyond_occ,v1_votescope_all,54.9,56.1,1.19,4.288,object#35,35,0.424,,,,0.436,0.075,,,1,0,11,球L,0,3,"[{""name"": ""object#35"", ""share"": 0.424, ""labels"": [35]}, {""name"": ""object#37"", ""share"": 0.185, ""labels"": [37]}, {""name"": ""苹果粉"", ""share"": 0.105, ""labels"": [64]}]"
2026_08_20/002,c4,v9,beyond_occ,v1_votescope_all,56.31,56.96,0.65,4.292,object#35,35,0.391,,,,0.297,0.082,,,1,0,11,球L,0,3,"[{""name"": ""object#35"", ""share"": 0.391, ""labels"": [35]}, {""name"": ""object#37"", ""share"": 0.116, ""labels"": [37]}, {""name"": ""苹果粉"", ""share"": 0.107, ""labels"": [64]}]"
2026_08_20/002,c4,v9,beyond_occ,v1_votescope_all,57.02,64.33,7.31,4.287,object#35,35,0.259,,,,0.452,0.153,,,0,0,11,球L,0,3,"[{""name"": ""object#35"", ""share"": 0.259, ""labels"": [35]}, {""name"": ""球L"", ""share"": 0.117, ""labels"": [259]}, {""name"": ""object#24"", ""share"": 0.109, ""labels"": [24]}]"
2026_08_20/002,c4,v9,beyond_occ,v1_votescope_all,67.86,68.24,0.38,3.531,floor,0,1.0,,,,0.0,0.238,,,0,0,,,,1,"[{""name"": ""floor"", ""share"": 1.0, ""labels"": [0]}]"
2026_08_20/002,c4,v9,beyond_occ,v1_votescope_all,69.14,69.5,0.36,3.383,floor,0,1.0,,,,0.0,0.073,,,0,0,,,,1,"[{""name"": ""floor"", ""share"": 1.0, ""labels"": [0]}]"
2026_08_20/002,c4,v9,beyond_occ,v1_votescope_all,69.72,70.16,0.43,3.608,floor,0,1.0,,,,0.0,0.364,,,0,0,,,,1,"[{""name"": ""floor"", ""share"": 1.0, ""labels"": [0]}]"
2026_08_20/002,c4,v9,beyond_occ,v1_votescope_all,70.69,72.64,1.95,4.246,object#35,35,0.358,,,,0.279,0.095,,,1,0,,,,3,"[{""name"": ""object#35"", ""share"": 0.358, ""labels"": [35]}, {""name"": ""object#37"", ""share"": 0.1, ""labels"": [37]}, {""name"": ""球L"", ""share"": 0.093, ""labels"": [259]}]"
2026_08_20/002,c4,v9,beyond_occ,v1_votescope_all,72.91,74.26,1.35,4.259,object#35,35,0.267,,,,0.573,0.156,,,0,0,,,,3,"[{""name"": ""object#35"", ""share"": 0.267, ""labels"": [35]}, {""name"": ""水瓶"", ""share"": 0.153, ""labels"": [30]}, {""name"": ""苹果粉"", ""share"": 0.136, ""labels"": [64]}]"
2026_08_20/002,c4,v9,beyond_occ,v1_votescope_all,74.32,78.27,3.95,4.281,object#35,35,0.396,,,,0.328,0.071,,,1,0,,,,3,"[{""name"": ""object#35"", ""share"": 0.396, ""labels"": [35]}, {""name"": ""object#24"", ""share"": 0.13, ""labels"": [24]}, {""name"": ""object#37"", ""share"": 0.104, ""labels"": [37]}]"
2026_08_20/002,c4,v9,beyond_occ,v1_votescope_all,78.32,78.87,0.54,4.267,object#35,35,0.31,,,,0.887,0.18,,,0,0,,,,3,"[{""name"": ""object#35"", ""share"": 0.31, ""labels"": [35]}, {""name"": ""object#24"", ""share"": 0.275, ""labels"": [24]}, {""name"": ""球L"", ""share"": 0.068, ""labels"": [259]}]"
2026_08_20/002,c4,v9,beyond_occ,v1_votescope_all,78.92,80.6,1.68,4.235,object#35,35,0.387,,,,0.261,0.084,,,1,0,,,,3,"[{""name"": ""object#35"", ""share"": 0.387, ""labels"": [35]}, {""name"": ""object#37"", ""share"": 0.101, ""labels"": [37]}, {""name"": ""object#24"", ""share"": 0.093, ""labels"": [24]}]"
2026_08_20/002,c4,v9,beyond_occ,v1_votescope_all,80.72,81.47,0.76,4.251,object#35,35,0.33,,,,0.388,0.121,,,0,0,,,,3,"[{""name"": ""object#35"", ""share"": 0.33, ""labels"": [35]}, {""name"": ""object#24"", ""share"": 0.128, ""labels"": [24]}, {""name"": ""球L"", ""share"": 0.093, ""labels"": [259]}]"
2026_08_20/002,c4,v9,beyond_occ,v1_votescope_all,81.74,82.01,0.27,4.278,object#24,24,0.375,,,,0.581,0.3,,,1,0,,,,3,"[{""name"": ""object#24"", ""share"": 0.375, ""labels"": [24]}, {""name"": ""object#35"", ""share"": 0.218, ""labels"": [35]}, {""name"": ""球M"", ""share"": 0.07, ""labels"": [261]}]"
2026_08_20/002,c4,v9,beyond_occ,v1_votescope_all,82.07,82.61,0.54,4.279,object#35,35,0.305,,,,0.446,0.147,,,0,0,,,,3,"[{""name"": ""object#35"", ""share"": 0.305, ""labels"": [35]}, {""name"": ""object#24"", ""share"": 0.136, ""labels"": [24]}, {""name"": ""球L"", ""share"": 0.091, ""labels"": [259]}]"
2026_08_20/002,c4,v9,beyond_occ,v1_votescope_all,82.98,83.44,0.46,4.291,object#24,24,0.338,,,,0.672,0.273,,,0,0,,,,3,"[{""name"": ""object#24"", ""share"": 0.338, ""labels"": [24]}, {""name"": ""object#35"", ""share"": 0.227, ""labels"": [35]}, {""name"": ""球R"", ""share"": 0.071, ""labels"": [263]}]"
2026_08_20/002,c4,v9,beyond_occ,v1_votescope_all,83.5,86.31,2.82,4.246,object#35,35,0.343,,,,0.341,0.127,,,0,0,,,,3,"[{""name"": ""object#35"", ""share"": 0.343, ""labels"": [35]}, {""name"": ""object#24"", ""share"": 0.117, ""labels"": [24]}, {""name"": ""球L"", ""share"": 0.105, ""labels"": [259]}]"
2026_08_20/002,c4,v9,beyond_occ,v1_votescope_all,86.59,86.97,0.38,4.266,object#35,35,0.338,,,,0.311,0.095,,,0,0,,,,3,"[{""name"": ""object#35"", ""share"": 0.338, ""labels"": [35]}, {""name"": ""球L"", ""share"": 0.105, ""labels"": [259]}, {""name"": ""水瓶"", ""share"": 0.085, ""labels"": [30]}]"
2026_08_20/002,c4,v9,beyond_occ,v1_votescope_all,87.03,87.57,0.54,4.266,object#35,35,0.169,,,,0.893,0.264,,,0,0,,,,3,"[{""name"": ""object#35"", ""share"": 0.169, ""labels"": [35]}, {""name"": ""object#24"", ""share"": 0.151, ""labels"": [24]}, {""name"": ""水瓶"", ""share"": 0.118, ""labels"": [30]}]"
2026_08_20/002,c4,v9,beyond_occ,v1_votescope_all,87.62,94.5,6.88,4.267,object#35,35,0.301,,,,0.415,0.137,,,0,0,,,,3,"[{""name"": ""object#35"", ""share"": 0.301, ""labels"": [35]}, {""name"": ""object#24"", ""share"": 0.125, ""labels"": [24]}, {""name"": ""球L"", ""share"": 0.103, ""labels"": [259]}]"
2026_08_20/002,c4,v9,beyond_occ,v1_votescope_all,94.64,95.18,0.54,4.247,object#35,35,0.435,,,,0.384,0.081,,,1,0,,,,3,"[{""name"": ""object#35"", ""share"": 0.435, ""labels"": [35]}, {""name"": ""object#37"", ""share"": 0.167, ""labels"": [37]}, {""name"": ""object#24"", ""share"": 0.078, ""labels"": [24]}]"
2026_08_20/002,c4,v9,beyond_occ,v1_votescope_all,95.24,96.11,0.87,4.28,object#35,35,0.368,,,,0.269,0.092,,,1,0,,,,3,"[{""name"": ""object#35"", ""share"": 0.368, ""labels"": [35]}, {""name"": ""object#37"", ""share"": 0.099, ""labels"": [37]}, {""name"": ""球L"", ""share"": 0.087, ""labels"": [259]}]"
2026_08_20/002,c4,v9,beyond_occ,v1_votescope_all,96.16,96.54,0.38,4.3,object#24,24,0.294,,,,0.946,0.205,,,0,0,,,,3,"[{""name"": ""object#24"", ""share"": 0.294, ""labels"": [24]}, {""name"": ""object#35"", ""share"": 0.278, ""labels"": [35]}, {""name"": ""球L"", ""share"": 0.069, ""labels"": [259]}]"
2026_08_20/002,c4,v9,beyond_occ,v1_votescope_all,96.59,98.11,1.52,4.306,object#35,35,0.382,,,,0.558,0.129,,,1,0,,,,3,"[{""name"": ""object#35"", ""share"": 0.382, ""labels"": [35]}, {""name"": ""object#24"", ""share"": 0.213, ""labels"": [24]}, {""name"": ""object#37"", ""share"": 0.104, ""labels"": [37]}]"
2026_08_20/002,c4,v9,beyond_occ,v1_votescope_all,98.22,99.5,1.28,4.323,object#35,35,0.377,,,,0.454,0.127,,,1,0,,,,3,"[{""name"": ""object#35"", ""share"": 0.377, ""labels"": [35]}, {""name"": ""object#24"", ""share"": 0.171, ""labels"": [24]}, {""name"": ""object#37"", ""share"": 0.104, ""labels"": [37]}]"
2026_08_20/002,c4,v9,beyond_occ,v1_votescope_all,99.56,102.21,2.65,4.348,object#35,35,0.28,,,,0.679,0.181,,,0,0,12,球M,0,3,"[{""name"": ""object#35"", ""share"": 0.28, ""labels"": [35]}, {""name"": ""object#24"", ""share"": 0.19, ""labels"": [24]}, {""name"": ""球L"", ""share"": 0.078, ""labels"": [259]}]"
2026_08_20/002,c4,v9,beyond_occ,v1_votescope_all,102.26,107.25,4.98,4.285,object#35,35,0.341,,,,0.279,0.118,,,0,0,,,,3,"[{""name"": ""object#35"", ""share"": 0.341, ""labels"": [35]}, {""name"": ""球L"", ""share"": 0.095, ""labels"": [259]}, {""name"": ""object#24"", ""share"": 0.09, ""labels"": [24]}]"
2026_08_20/002,c4,v9,beyond_occ,v1_votescope_all,107.48,109.22,1.74,4.329,水瓶,30,0.142,,,,0.965,0.336,,,0,0,13,球R,0,3,"[{""name"": ""水瓶"", ""share"": 0.142, ""labels"": [30]}, {""name"": ""object#24"", ""share"": 0.137, ""labels"": [24]}, {""name"": ""object#35"", ""share"": 0.136, ""labels"": [35]}]"
2026_08_20/002,c4,v9,beyond_occ,v1_votescope_all,109.44,113.19,3.75,4.325,object#35,35,0.334,,,,0.407,0.122,,,0,0,,,,3,"[{""name"": ""object#35"", ""share"": 0.334, ""labels"": [35]}, {""name"": ""object#24"", ""share"": 0.136, ""labels"": [24]}, {""name"": ""球L"", ""share"": 0.091, ""labels"": [259]}]"
2026_08_20/002,c4,v9,beyond_occ,v1_votescope_all,113.27,114.31,1.05,4.328,object#35,35,0.419,,,,0.394,0.086,,,1,0,,,,3,"[{""name"": ""object#35"", ""share"": 0.419, ""labels"": [35]}, {""name"": ""object#37"", ""share"": 0.165, ""labels"": [37]}, {""name"": ""苹果粉"", ""share"": 0.099, ""labels"": [64]}]"
2026_08_20/002,c4,v9,beyond_occ,v1_votescope_all,114.54,115.08,0.54,4.305,object#35,35,0.323,,,,0.347,0.109,,,0,0,,,,3,"[{""name"": ""object#35"", ""share"": 0.323, ""labels"": [35]}, {""name"": ""object#24"", ""share"": 0.112, ""labels"": [24]}, {""name"": ""球L"", ""share"": 0.095, ""labels"": [259]}]"
2026_08_20/002,c4,v9,beyond_occ,v1_votescope_all,115.13,115.78,0.65,4.282,object#35,35,0.27,,,,0.419,0.15,,,0,0,,,,3,"[{""name"": ""object#35"", ""share"": 0.27, ""labels"": [35]}, {""name"": ""球L"", ""share"": 0.113, ""labels"": [259]}, {""name"": ""object#24"", ""share"": 0.111, ""labels"": [24]}]"
2026_08_20/002,c4,v9,beyond_occ,v1_votescope_all,115.84,116.92,1.08,4.29,object#35,35,0.36,,,,0.278,0.098,,,1,0,,,,3,"[{""name"": ""object#35"", ""share"": 0.36, ""labels"": [35]}, {""name"": ""球L"", ""share"": 0.1, ""labels"": [259]}, {""name"": ""object#37"", ""share"": 0.088, ""labels"": [37]}]"
2026_08_20/002,c4,v9,beyond_occ,v1_votescope_all,116.97,119.57,2.6,4.308,object#35,35,0.263,,,,0.475,0.177,,,0,0,,,,3,"[{""name"": ""object#35"", ""share"": 0.263, ""labels"": [35]}, {""name"": ""object#24"", ""share"": 0.125, ""labels"": [24]}, {""name"": ""球L"", ""share"": 0.112, ""labels"": [259]}]"
2026_08_20/002,c4,v9,beyond_occ,v1_votescope_all,119.63,121.14,1.52,4.255,object#35,35,0.33,,,,0.942,0.133,,,0,0,,,,3,"[{""name"": ""object#35"", ""share"": 0.33, ""labels"": [35]}, {""name"": ""object#24"", ""share"": 0.311, ""labels"": [24]}, {""name"": ""object#37"", ""share"": 0.103, ""labels"": [37]}]"
2026_08_20/002,c4,v9,beyond_occ,v1_votescope_all,121.6,123.44,1.84,4.253,object#35,35,0.298,,,,0.96,0.161,,,0,0,,,,3,"[{""name"": ""object#35"", ""share"": 0.298, ""labels"": [35]}, {""name"": ""object#24"", ""share"": 0.286, ""labels"": [24]}, {""name"": ""object#37"", ""share"": 0.061, ""labels"": [37]}]"
2026_08_20/002,c4,v9,beyond_occ,v1_votescope_all,123.49,123.82,0.33,4.27,object#24,24,0.488,,,,0.373,0.331,,,1,0,,,,3,"[{""name"": ""object#24"", ""share"": 0.488, ""labels"": [24]}, {""name"": ""object#35"", ""share"": 0.182, ""labels"": [35]}, {""name"": ""球R"", ""share"": 0.058, ""labels"": [263]}]"
2026_08_20/002,c4,v9,beyond_occ,v1_votescope_all,123.88,125.56,1.68,4.206,object#35,35,0.369,,,,0.472,0.112,,,1,0,,,,3,"[{""name"": ""object#35"", ""share"": 0.369, ""labels"": [35]}, {""name"": ""object#24"", ""share"": 0.174, ""labels"": [24]}, {""name"": ""object#37"", ""share"": 0.102, ""labels"": [37]}]"
2026_08_20/002,c4,v9,beyond_occ,v1_votescope_all,125.61,126.64,1.03,4.224,object#24,24,0.424,,,,0.427,0.284,,,1,0,15,球R,0,3,"[{""name"": ""object#24"", ""share"": 0.424, ""labels"": [24]}, {""name"": ""object#35"", ""share"": 0.181, ""labels"": [35]}, {""name"": ""球M"", ""share"": 0.069, ""labels"": [261]}]"
2026_08_20/002,c4,v9,beyond_occ,v1_votescope_all,127.96,128.29,0.32,2.573,floor,0,1.0,,,,0.0,0.125,,,0,0,,,,1,"[{""name"": ""floor"", ""share"": 1.0, ""labels"": [0]}]"
2026_08_20/002,c4,v9,beyond_occ,v1_votescope_all,130.1,130.64,0.55,1.671,object#26,26,1.0,,,,0.0,0.0,,,1,1,,,,1,"[{""name"": ""object#26"", ""share"": 1.0, ""labels"": [26]}]"
2026_08_20/002,c4,v9,beyond_occ,v1_votescope_all,130.7,131.56,0.87,1.308,object#26,26,1.0,,,,0.0,0.0,,,1,1,,,,1,"[{""name"": ""object#26"", ""share"": 1.0, ""labels"": [26]}]"
2026_08_20/002,c4,v9,beyond_occ,v1_votescope_all,131.62,132.48,0.87,1.141,object#26,26,1.0,,,,0.0,0.003,,,1,1,,,,1,"[{""name"": ""object#26"", ""share"": 1.0, ""labels"": [26]}]"
2026_08_20/002,c4,v9,beyond_occ,v1_votescope_all,133.08,133.35,0.27,0.584,object#14,14,0.766,,,,0.3,0.0,,,1,1,,,,3,"[{""name"": ""object#14"", ""share"": 0.766, ""labels"": [14]}, {""name"": ""object#34"", ""share"": 0.23, ""labels"": [34]}, {""name"": ""object#88"", ""share"": 0.003, ""labels"": [88]}]"
2026_08_20/002,c4,v9,beyond_occ,v1_votescope_all,133.62,134.0,0.38,0.485,object#88,88,0.75,,,,0.236,0.171,,,1,1,,,,3,"[{""name"": ""object#88"", ""share"": 0.75, ""labels"": [88]}, {""name"": ""object#34"", ""share"": 0.177, ""labels"": [34]}, {""name"": ""object#174"", ""share"": 0.045, ""labels"": [174]}]"
2026_08_20/003,c4,v9,beyond_occ,v1_votescope_all,5.85,6.45,0.6,4.301,object#35,35,0.422,,,,0.363,0.138,,,1,0,1,球L,0,3,"[{""name"": ""object#35"", ""share"": 0.422, ""labels"": [35]}, {""name"": ""object#37"", ""share"": 0.153, ""labels"": [37]}, {""name"": ""object#24"", ""share"": 0.133, ""labels"": [24]}]"
2026_08_20/003,c4,v9,beyond_occ,v1_votescope_all,6.5,7.53,1.03,4.215,object#35,35,0.398,,,,0.319,0.648,,,1,0,1,球L,0,3,"[{""name"": ""object#35"", ""share"": 0.398, ""labels"": [35]}, {""name"": ""球L"", ""share"": 0.127, ""labels"": [259]}, {""name"": ""苹果红"", ""share"": 0.068, ""labels"": [260]}]"
2026_08_20/003,c4,v9,beyond_occ,v1_votescope_all,7.75,8.03,0.27,4.271,object#35,35,0.426,,,,0.207,0.574,,,1,0,1,球L,0,3,"[{""name"": ""object#35"", ""share"": 0.426, ""labels"": [35]}, {""name"": ""object#24"", ""share"": 0.088, ""labels"": [24]}, {""name"": ""水瓶"", ""share"": 0.086, ""labels"": [30]}]"
2026_08_20/003,c4,v9,beyond_occ,v1_votescope_all,10.06,11.25,1.19,4.363,object#35,35,0.315,,,,0.806,0.621,,,0,0,6,球L,0,3,"[{""name"": ""object#35"", ""share"": 0.315, ""labels"": [35]}, {""name"": ""object#24"", ""share"": 0.254, ""labels"": [24]}, {""name"": ""object#12"", ""share"": 0.107, ""labels"": [12]}]"
2026_08_20/003,c4,v9,beyond_occ,v1_votescope_all,12.38,13.36,0.97,2.36,object#26,26,1.0,,,,0.0,0.999,,,1,1,,,,1,"[{""name"": ""object#26"", ""share"": 1.0, ""labels"": [26]}]"
2026_08_20/003,c4,v9,beyond_occ,v1_votescope_all,13.42,13.69,0.27,2.971,object#79,79,0.601,,,,0.155,0.667,,,1,1,,,,3,"[{""name"": ""object#79"", ""share"": 0.601, ""labels"": [79]}, {""name"": ""object#20"", ""share"": 0.093, ""labels"": [20]}, {""name"": ""object#19"", ""share"": 0.089, ""labels"": [19]}]"
2026_08_20/003,c4,v9,beyond_occ,v1_votescope_all,15.51,16.97,1.46,4.341,object#35,35,0.458,,,,0.323,0.51,,,1,0,8,球L,0,3,"[{""name"": ""object#35"", ""share"": 0.458, ""labels"": [35]}, {""name"": ""object#24"", ""share"": 0.148, ""labels"": [24]}, {""name"": ""object#37"", ""share"": 0.123, ""labels"": [37]}]"
2026_08_20/003,c4,v9,beyond_occ,v1_votescope_all,17.03,17.57,0.54,4.347,object#35,35,0.451,,,,0.49,0.51,,,1,0,,,,3,"[{""name"": ""object#35"", ""share"": 0.451, ""labels"": [35]}, {""name"": ""object#37"", ""share"": 0.221, ""labels"": [37]}, {""name"": ""object#129"", ""share"": 0.076, ""labels"": [129]}]"
2026_08_20/003,c4,v9,beyond_occ,v1_votescope_all,17.62,18.38,0.76,4.352,object#35,35,0.433,,,,0.4,0.465,,,1,0,11,球L,0,3,"[{""name"": ""object#35"", ""share"": 0.433, ""labels"": [35]}, {""name"": ""object#24"", ""share"": 0.173, ""labels"": [24]}, {""name"": ""object#37"", ""share"": 0.074, ""labels"": [37]}]"
2026_08_20/003,c4,v9,beyond_occ,v1_votescope_all,18.62,21.46,2.84,4.36,object#35,35,0.499,,,,0.255,0.442,,,1,0,11,球L,0,3,"[{""name"": ""object#35"", ""share"": 0.499, ""labels"": [35]}, {""name"": ""object#24"", ""share"": 0.127, ""labels"": [24]}, {""name"": ""object#37"", ""share"": 0.103, ""labels"": [37]}]"
2026_08_20/003,c4,v9,beyond_occ,v1_votescope_all,21.52,24.09,2.56,4.357,object#35,35,0.464,,,,0.522,0.44,,,1,0,11,球L,0,3,"[{""name"": ""object#35"", ""share"": 0.464, ""labels"": [35]}, {""name"": ""object#24"", ""share"": 0.242, ""labels"": [24]}, {""name"": ""object#37"", ""share"": 0.078, ""labels"": [37]}]"
2026_08_20/003,c4,v9,beyond_occ,v1_votescope_all,24.32,24.81,0.49,4.359,object#35,35,0.488,,,,0.369,0.339,,,1,0,11,球L,0,3,"[{""name"": ""object#35"", ""share"": 0.488, ""labels"": [35]}, {""name"": ""object#24"", ""share"": 0.18, ""labels"": [24]}, {""name"": ""object#37"", ""share"": 0.109, ""labels"": [37]}]"
2026_08_20/003,c4,v9,beyond_occ,v1_votescope_all,24.86,28.76,3.9,4.369,object#35,35,0.421,,,,0.506,0.467,,,1,0,11,球L,0,3,"[{""name"": ""object#35"", ""share"": 0.421, ""labels"": [35]}, {""name"": ""object#24"", ""share"": 0.213, ""labels"": [24]}, {""name"": ""水瓶"", ""share"": 0.067, ""labels"": [30]}]"
2026_08_20/003,c4,v9,beyond_occ,v1_votescope_all,29.14,30.93,1.79,4.388,object#35,35,0.355,,,,0.938,0.487,,,0,0,13,球R,0,3,"[{""name"": ""object#35"", ""share"": 0.355, ""labels"": [35]}, {""name"": ""object#24"", ""share"": 0.333, ""labels"": [24]}, {""name"": ""水瓶"", ""share"": 0.048, ""labels"": [30]}]"
2026_08_20/003,c4,v9,beyond_occ,v1_votescope_all,31.21,33.76,2.54,4.37,object#35,35,0.424,,,,0.481,0.456,,,1,0,,,,3,"[{""name"": ""object#35"", ""share"": 0.424, ""labels"": [35]}, {""name"": ""object#24"", ""share"": 0.204, ""labels"": [24]}, {""name"": ""水瓶"", ""share"": 0.063, ""labels"": [30]}]"
2026_08_20/003,c4,v9,beyond_occ,v1_votescope_all,33.86,35.89,2.02,4.347,object#35,35,0.249,,,,0.566,0.588,,,0,0,15,球R,0,3,"[{""name"": ""object#35"", ""share"": 0.249, ""labels"": [35]}, {""name"": ""object#24"", ""share"": 0.141, ""labels"": [24]}, {""name"": ""水瓶"", ""share"": 0.14, ""labels"": [30]}]"
2026_08_20/003,c4,v9,beyond_occ,v1_votescope_all,36.27,37.62,1.35,4.363,object#35,35,0.438,,,,0.603,0.468,,,1,0,,,,3,"[{""name"": ""object#35"", ""share"": 0.438, ""labels"": [35]}, {""name"": ""object#24"", ""share"": 0.264, ""labels"": [24]}, {""name"": ""object#37"", ""share"": 0.049, ""labels"": [37]}]"
2026_08_20/003,c4,v9,beyond_occ,v1_votescope_all,37.9,38.6,0.7,4.357,object#35,35,0.41,,,,0.52,0.494,,,1,0,,,,3,"[{""name"": ""object#35"", ""share"": 0.41, ""labels"": [35]}, {""name"": ""object#24"", ""share"": 0.213, ""labels"": [24]}, {""name"": ""object#37"", ""share"": 0.065, ""labels"": [37]}]"
2026_08_20/003,c4,v9,beyond_occ,v1_votescope_all,38.87,45.1,6.23,4.348,object#35,35,0.443,,,,0.445,0.472,,,1,0,,,,3,"[{""name"": ""object#35"", ""share"": 0.443, ""labels"": [35]}, {""name"": ""object#24"", ""share"": 0.197, ""labels"": [24]}, {""name"": ""object#37"", ""share"": 0.079, ""labels"": [37]}]"
2026_08_20/003,c4,v9,beyond_occ,v1_votescope_all,45.35,45.9,0.54,4.36,object#35,35,0.396,,,,0.588,0.516,,,1,0,,,,3,"[{""name"": ""object#35"", ""share"": 0.396, ""labels"": [35]}, {""name"": ""object#24"", ""share"": 0.233, ""labels"": [24]}, {""name"": ""球L"", ""share"": 0.054, ""labels"": [259]}]"
2026_08_20/003,c4,v9,beyond_occ,v1_votescope_all,46.09,47.01,0.92,4.349,object#35,35,0.373,,,,0.416,0.517,,,1,0,,,,3,"[{""name"": ""object#35"", ""share"": 0.373, ""labels"": [35]}, {""name"": ""object#24"", ""share"": 0.155, ""labels"": [24]}, {""name"": ""水瓶"", ""share"": 0.101, ""labels"": [30]}]"
2026_08_20/003,c4,v9,beyond_occ,v1_votescope_all,47.06,47.39,0.32,4.322,object#35,35,0.323,,,,0.505,0.547,,,0,0,,,,3,"[{""name"": ""object#35"", ""share"": 0.323, ""labels"": [35]}, {""name"": ""水瓶"", ""share"": 0.163, ""labels"": [30]}, {""name"": ""球L"", ""share"": 0.082, ""labels"": [259]}]"
2026_08_20/003,c4,v9,beyond_occ,v1_votescope_all,47.62,48.11,0.49,4.329,object#35,35,0.399,,,,0.276,0.493,,,1,0,,,,3,"[{""name"": ""object#35"", ""share"": 0.399, ""labels"": [35]}, {""name"": ""水瓶"", ""share"": 0.11, ""labels"": [30]}, {""name"": ""object#37"", ""share"": 0.09, ""labels"": [37]}]"
2026_08_20/003,c4,v9,beyond_occ,v1_votescope_all,48.16,48.49,0.32,4.329,object#35,35,0.263,,,,0.536,0.588,,,0,0,,,,3,"[{""name"": ""object#35"", ""share"": 0.263, ""labels"": [35]}, {""name"": ""object#24"", ""share"": 0.141, ""labels"": [24]}, {""name"": ""水瓶"", ""share"": 0.126, ""labels"": [30]}]"
2026_08_20/003,c4,v9,beyond_occ,v1_votescope_all,48.54,50.4,1.86,4.345,object#35,35,0.439,,,,0.269,0.516,,,1,0,,,,3,"[{""name"": ""object#35"", ""share"": 0.439, ""labels"": [35]}, {""name"": ""object#37"", ""share"": 0.118, ""labels"": [37]}, {""name"": ""object#24"", ""share"": 0.083, ""labels"": [24]}]"
2026_08_20/003,c4,v9,beyond_occ,v1_votescope_all,50.57,51.87,1.3,4.348,object#35,35,0.417,,,,0.393,0.495,,,1,0,,,,3,"[{""name"": ""object#35"", ""share"": 0.417, ""labels"": [35]}, {""name"": ""object#24"", ""share"": 0.164, ""labels"": [24]}, {""name"": ""水瓶"", ""share"": 0.065, ""labels"": [30]}]"
2026_08_20/003,c4,v9,beyond_occ,v1_votescope_all,51.92,52.68,0.76,4.34,object#35,35,0.467,,,,0.317,0.537,,,1,0,,,,3,"[{""name"": ""object#35"", ""share"": 0.467, ""labels"": [35]}, {""name"": ""object#37"", ""share"": 0.148, ""labels"": [37]}, {""name"": ""object#24"", ""share"": 0.078, ""labels"": [24]}]"
2026_08_20/003,c4,v9,beyond_occ,v1_votescope_all,53.16,53.7,0.54,4.348,object#35,35,0.457,,,,0.368,0.51,,,1,0,,,,3,"[{""name"": ""object#35"", ""share"": 0.457, ""labels"": [35]}, {""name"": ""object#37"", ""share"": 0.168, ""labels"": [37]}, {""name"": ""object#24"", ""share"": 0.079, ""labels"": [24]}]"
2026_08_20/003,c4,v9,beyond_occ,v1_votescope_all,54.29,55.27,0.97,4.344,object#35,35,0.463,,,,0.281,0.518,,,1,0,,,,3,"[{""name"": ""object#35"", ""share"": 0.463, ""labels"": [35]}, {""name"": ""object#24"", ""share"": 0.13, ""labels"": [24]}, {""name"": ""object#37"", ""share"": 0.101, ""labels"": [37]}]"
2026_08_20/003,c4,v9,beyond_occ,v1_votescope_all,55.54,55.98,0.43,4.339,object#35,35,0.375,,,,0.509,0.487,,,1,0,,,,3,"[{""name"": ""object#35"", ""share"": 0.375, ""labels"": [35]}, {""name"": ""object#24"", ""share"": 0.191, ""labels"": [24]}, {""name"": ""object#37"", ""share"": 0.118, ""labels"": [37]}]"
2026_08_20/003,c4,v9,beyond_occ,v1_votescope_all,56.3,56.79,0.49,4.343,object#35,35,0.435,,,,0.605,0.458,,,1,0,,,,3,"[{""name"": ""object#35"", ""share"": 0.435, ""labels"": [35]}, {""name"": ""object#24"", ""share"": 0.263, ""labels"": [24]}, {""name"": ""object#37"", ""share"": 0.065, ""labels"": [37]}]"
2026_08_20/003,c4,v9,beyond_occ,v1_votescope_all,56.84,57.98,1.14,4.348,object#35,35,0.466,,,,0.318,0.5,,,1,0,,,,3,"[{""name"": ""object#35"", ""share"": 0.466, ""labels"": [35]}, {""name"": ""object#37"", ""share"": 0.148, ""labels"": [37]}, {""name"": ""object#24"", ""share"": 0.123, ""labels"": [24]}]"
2026_08_20/003,c4,v9,beyond_occ,v1_votescope_all,58.27,58.92,0.65,4.377,object#35,35,0.305,,,,0.892,0.543,,,0,0,,,,3,"[{""name"": ""object#35"", ""share"": 0.305, ""labels"": [35]}, {""name"": ""object#24"", ""share"": 0.272, ""labels"": [24]}, {""name"": ""水瓶"", ""share"": 0.095, ""labels"": [30]}]"
2026_08_20/003,c4,v9,beyond_occ,v1_votescope_all,59.03,59.36,0.32,4.368,object#35,35,0.3,,,,0.913,0.574,,,0,0,,,,3,"[{""name"": ""object#35"", ""share"": 0.3, ""labels"": [35]}, {""name"": ""object#24"", ""share"": 0.274, ""labels"": [24]}, {""name"": ""水瓶"", ""share"": 0.078, ""labels"": [30]}]"
2026_08_20/003,c4,v9,beyond_occ,v1_votescope_all,59.41,60.06,0.65,4.375,object#35,35,0.411,,,,0.404,0.499,,,1,0,,,,3,"[{""name"": ""object#35"", ""share"": 0.411, ""labels"": [35]}, {""name"": ""object#24"", ""share"": 0.166, ""labels"": [24]}, {""name"": ""球L"", ""share"": 0.07, ""labels"": [259]}]"
2026_08_20/003,c4,v9,beyond_occ,v1_votescope_all,60.39,64.18,3.79,4.369,object#35,35,0.398,,,,0.555,0.513,,,1,0,,,,3,"[{""name"": ""object#35"", ""share"": 0.398, ""labels"": [35]}, {""name"": ""object#24"", ""share"": 0.221, ""labels"": [24]}, {""name"": ""水瓶"", ""share"": 0.067, ""labels"": [30]}]"
2026_08_20/003,c4,v9,beyond_occ,v1_votescope_all,66.06,66.5,0.43,2.766,floor,0,0.984,,,,0.016,0.143,,,0,0,,,,2,"[{""name"": ""floor"", ""share"": 0.984, ""labels"": [0]}, {""name"": ""object#28"", ""share"": 0.016, ""labels"": [28]}]"
2026_08_20/003,c4,v9,beyond_occ,v1_votescope_all,67.31,70.23,2.92,3.047,floor,0,1.0,,,,0.0,0.031,,,0,0,,,,1,"[{""name"": ""floor"", ""share"": 1.0, ""labels"": [0]}]"
2026_08_20/003,c4,v9,beyond_occ,v1_votescope_all,70.9,71.98,1.08,4.278,object#35,35,0.334,,,,0.461,0.665,,,0,0,,,,3,"[{""name"": ""object#35"", ""share"": 0.334, ""labels"": [35]}, {""name"": ""球L"", ""share"": 0.154, ""labels"": [259]}, {""name"": ""苹果粉"", ""share"": 0.102, ""labels"": [64, 250]}]"
2026_08_20/003,c4,v9,beyond_occ,v1_votescope_all,72.04,72.63,0.6,4.28,object#35,35,0.441,,,,0.234,0.391,,,1,0,,,,3,"[{""name"": ""object#35"", ""share"": 0.441, ""labels"": [35]}, {""name"": ""object#37"", ""share"": 0.103, ""labels"": [37]}, {""name"": ""水瓶"", ""share"": 0.09, ""labels"": [30]}]"
2026_08_20/003,c4,v9,beyond_occ,v1_votescope_all,72.86,75.73,2.87,4.294,object#35,35,0.446,,,,0.278,0.559,,,1,0,,,,3,"[{""name"": ""object#35"", ""share"": 0.446, ""labels"": [35]}, {""name"": ""object#37"", ""share"": 0.124, ""labels"": [37]}, {""name"": ""object#24"", ""share"": 0.094, ""labels"": [24]}]"
2026_08_20/003,c4,v9,beyond_occ,v1_votescope_all,76.0,76.6,0.6,4.302,object#35,35,0.514,,,,0.298,0.557,,,1,1,,,,3,"[{""name"": ""object#35"", ""share"": 0.514, ""labels"": [35]}, {""name"": ""object#24"", ""share"": 0.153, ""labels"": [24]}, {""name"": ""object#37"", ""share"": 0.06, ""labels"": [37]}]"
2026_08_20/003,c4,v9,beyond_occ,v1_votescope_all,76.65,81.05,4.4,4.295,object#35,35,0.418,,,,0.443,0.606,,,1,0,,,,3,"[{""name"": ""object#35"", ""share"": 0.418, ""labels"": [35]}, {""name"": ""object#37"", ""share"": 0.185, ""labels"": [37]}, {""name"": ""object#129"", ""share"": 0.095, ""labels"": [129]}]"
2026_08_20/003,c4,v9,beyond_occ,v1_votescope_all,81.49,83.0,1.52,4.297,object#35,35,0.422,,,,0.329,0.712,,,1,0,,,,3,"[{""name"": ""object#35"", ""share"": 0.422, ""labels"": [35]}, {""name"": ""苹果粉"", ""share"": 0.139, ""labels"": [64]}, {""name"": ""object#37"", ""share"": 0.121, ""labels"": [37]}]"
2026_08_20/003,c4,v9,beyond_occ,v1_votescope_all,83.06,84.36,1.3,4.314,object#35,35,0.425,,,,0.28,0.595,,,1,0,,,,3,"[{""name"": ""object#35"", ""share"": 0.425, ""labels"": [35]}, {""name"": ""object#37"", ""share"": 0.119, ""labels"": [37]}, {""name"": ""球L"", ""share"": 0.1, ""labels"": [259]}]"
2026_08_20/003,c4,v9,beyond_occ,v1_votescope_all,84.41,84.85,0.43,4.31,object#35,35,0.425,,,,0.466,0.497,,,1,0,,,,3,"[{""name"": ""object#35"", ""share"": 0.425, ""labels"": [35]}, {""name"": ""object#24"", ""share"": 0.198, ""labels"": [24]}, {""name"": ""object#37"", ""share"": 0.13, ""labels"": [37]}]"
2026_08_20/003,c4,v9,beyond_occ,v1_votescope_all,84.9,85.33,0.43,4.299,object#35,35,0.426,,,,0.575,0.62,,,1,0,,,,3,"[{""name"": ""object#35"", ""share"": 0.426, ""labels"": [35]}, {""name"": ""object#37"", ""share"": 0.245, ""labels"": [37]}, {""name"": ""苹果粉"", ""share"": 0.074, ""labels"": [64]}]"
2026_08_20/003,c4,v9,beyond_occ,v1_votescope_all,85.39,86.9,1.52,4.304,object#35,35,0.434,,,,0.479,0.511,,,1,0,,,,3,"[{""name"": ""object#35"", ""share"": 0.434, ""labels"": [35]}, {""name"": ""object#37"", ""share"": 0.208, ""labels"": [37]}, {""name"": ""object#129"", ""share"": 0.085, ""labels"": [129]}]"
2026_08_20/003,c4,v9,beyond_occ,v1_votescope_all,87.15,87.63,0.49,4.31,object#35,35,0.422,,,,0.403,0.503,,,1,0,,,,3,"[{""name"": ""object#35"", ""share"": 0.422, ""labels"": [35]}, {""name"": ""object#37"", ""share"": 0.17, ""labels"": [37]}, {""name"": ""object#24"", ""share"": 0.109, ""labels"": [24]}]"
2026_08_20/003,c4,v9,beyond_occ,v1_votescope_all,87.69,89.2,1.52,4.33,object#35,35,0.42,,,,0.51,0.5,,,1,0,,,,3,"[{""name"": ""object#35"", ""share"": 0.42, ""labels"": [35]}, {""name"": ""object#24"", ""share"": 0.214, ""labels"": [24]}, {""name"": ""水瓶"", ""share"": 0.063, ""labels"": [30]}]"
2026_08_20/003,c4,v9,beyond_occ,v1_votescope_all,89.42,91.97,2.55,4.336,object#35,35,0.485,,,,0.322,0.458,,,1,0,,,,3,"[{""name"": ""object#35"", ""share"": 0.485, ""labels"": [35]}, {""name"": ""object#24"", ""share"": 0.156, ""labels"": [24]}, {""name"": ""object#37"", ""share"": 0.122, ""labels"": [37]}]"
2026_08_20/003,c4,v9,beyond_occ,v1_votescope_all,92.02,92.62,0.6,4.323,object#35,35,0.465,,,,0.413,0.519,,,1,0,,,,3,"[{""name"": ""object#35"", ""share"": 0.465, ""labels"": [35]}, {""name"": ""object#37"", ""share"": 0.192, ""labels"": [37]}, {""name"": ""object#129"", ""share"": 0.073, ""labels"": [129]}]"
2026_08_20/003,c4,v9,beyond_occ,v1_votescope_all,93.06,93.39,0.32,4.316,object#35,35,0.428,,,,0.481,0.465,,,1,0,,,,3,"[{""name"": ""object#35"", ""share"": 0.428, ""labels"": [35]}, {""name"": ""object#24"", ""share"": 0.206, ""labels"": [24]}, {""name"": ""object#37"", ""share"": 0.098, ""labels"": [37]}]"
2026_08_20/003,c4,v9,beyond_occ,v1_votescope_all,93.44,94.04,0.6,4.284,object#35,35,0.404,,,,0.282,0.522,,,1,0,,,,3,"[{""name"": ""object#35"", ""share"": 0.404, ""labels"": [35]}, {""name"": ""object#37"", ""share"": 0.114, ""labels"": [37]}, {""name"": ""球L"", ""share"": 0.088, ""labels"": [259]}]"
2026_08_20/003,c4,v9,beyond_occ,v1_votescope_all,94.09,95.34,1.25,4.294,object#35,35,0.457,,,,0.42,0.556,,,1,0,,,,3,"[{""name"": ""object#35"", ""share"": 0.457, ""labels"": [35]}, {""name"": ""object#37"", ""share"": 0.192, ""labels"": [37]}, {""name"": ""object#129"", ""share"": 0.092, ""labels"": [129]}]"
2026_08_20/003,c4,v9,beyond_occ,v1_votescope_all,95.8,100.87,5.07,4.29,object#35,35,0.484,,,,0.233,0.567,,,1,0,,,,3,"[{""name"": ""object#35"", ""share"": 0.484, ""labels"": [35]}, {""name"": ""object#24"", ""share"": 0.113, ""labels"": [24]}, {""name"": ""object#37"", ""share"": 0.101, ""labels"": [37]}]"
2026_08_20/003,c4,v9,beyond_occ,v1_votescope_all,101.1,101.59,0.49,4.294,object#35,35,0.514,,,,0.146,0.639,,,1,1,,,,3,"[{""name"": ""object#35"", ""share"": 0.514, ""labels"": [35]}, {""name"": ""苹果粉"", ""share"": 0.075, ""labels"": [64]}, {""name"": ""object#37"", ""share"": 0.071, ""labels"": [37]}]"
2026_08_20/003,c4,v9,beyond_occ,v1_votescope_all,101.64,102.29,0.65,4.312,object#35,35,0.433,,,,0.229,0.545,,,1,0,,,,3,"[{""name"": ""object#35"", ""share"": 0.433, ""labels"": [35]}, {""name"": ""球L"", ""share"": 0.099, ""labels"": [259]}, {""name"": ""object#24"", ""share"": 0.099, ""labels"": [24]}]"
2026_08_20/003,c4,v9,beyond_occ,v1_votescope_all,102.35,104.95,2.6,4.311,object#35,35,0.425,,,,0.219,0.664,,,1,0,,,,3,"[{""name"": ""object#35"", ""share"": 0.425, ""labels"": [35]}, {""name"": ""苹果粉"", ""share"": 0.093, ""labels"": [64]}, {""name"": ""object#37"", ""share"": 0.092, ""labels"": [37]}]"
2026_08_20/003,c4,v9,beyond_occ,v1_votescope_all,105.0,105.54,0.54,4.318,object#35,35,0.361,,,,0.382,0.593,,,1,0,,,,3,"[{""name"": ""object#35"", ""share"": 0.361, ""labels"": [35]}, {""name"": ""球L"", ""share"": 0.138, ""labels"": [259]}, {""name"": ""object#24"", ""share"": 0.098, ""labels"": [24]}]"
2026_08_20/003,c4,v9,beyond_occ,v1_votescope_all,105.6,106.46,0.87,4.322,object#35,35,0.489,,,,0.196,0.669,,,1,0,,,,3,"[{""name"": ""object#35"", ""share"": 0.489, ""labels"": [35]}, {""name"": ""object#37"", ""share"": 0.096, ""labels"": [37]}, {""name"": ""球L"", ""share"": 0.069, ""labels"": [259]}]"
2026_08_20/003,c4,v9,beyond_occ,v1_votescope_all,106.83,108.13,1.3,4.295,object#35,35,0.39,,,,0.315,0.581,,,1,0,,,,3,"[{""name"": ""object#35"", ""share"": 0.39, ""labels"": [35]}, {""name"": ""object#24"", ""share"": 0.123, ""labels"": [24]}, {""name"": ""球L"", ""share"": 0.113, ""labels"": [259]}]"
2026_08_20/003,c4,v9,beyond_occ,v1_votescope_all,108.23,110.91,2.68,4.328,object#35,35,0.4,,,,0.51,0.564,,,1,0,,,,3,"[{""name"": ""object#35"", ""share"": 0.4, ""labels"": [35]}, {""name"": ""object#24"", ""share"": 0.204, ""labels"": [24]}, {""name"": ""球L"", ""share"": 0.086, ""labels"": [259]}]"
2026_08_20/003,c4,v9,beyond_occ,v1_votescope_all,110.97,113.35,2.38,4.314,object#35,35,0.392,,,,0.449,0.548,,,1,0,,,,3,"[{""name"": ""object#35"", ""share"": 0.392, ""labels"": [35]}, {""name"": ""object#24"", ""share"": 0.176, ""labels"": [24]}, {""name"": ""object#37"", ""share"": 0.095, ""labels"": [37]}]"
2026_08_20/003,c4,v9,beyond_occ,v1_votescope_all,113.41,114.06,0.65,4.318,object#35,35,0.392,,,,0.666,0.429,,,1,0,,,,3,"[{""name"": ""object#35"", ""share"": 0.392, ""labels"": [35]}, {""name"": ""object#24"", ""share"": 0.261, ""labels"": [24]}, {""name"": ""object#37"", ""share"": 0.091, ""labels"": [37]}]"
2026_08_20/003,c4,v9,beyond_occ,v1_votescope_all,114.11,114.49,0.38,4.318,object#24,24,0.412,,,,0.864,0.569,,,0,0,,,,3,"[{""name"": ""object#24"", ""share"": 0.412, ""labels"": [24]}, {""name"": ""object#35"", ""share"": 0.356, ""labels"": [35]}, {""name"": ""object#12"", ""share"": 0.04, ""labels"": [12]}]"
2026_08_20/003,c4,v9,beyond_occ,v1_votescope_all,114.96,115.55,0.6,4.321,object#35,35,0.45,,,,0.362,0.525,,,1,0,,,,3,"[{""name"": ""object#35"", ""share"": 0.45, ""labels"": [35]}, {""name"": ""object#37"", ""share"": 0.163, ""labels"": [37]}, {""name"": ""object#24"", ""share"": 0.1, ""labels"": [24]}]"
2026_08_20/003,c4,v9,beyond_occ,v1_votescope_all,115.61,119.99,4.39,4.318,object#35,35,0.439,,,,0.276,0.537,,,1,0,,,,3,"[{""name"": ""object#35"", ""share"": 0.439, ""labels"": [35]}, {""name"": ""object#24"", ""share"": 0.121, ""labels"": [24]}, {""name"": ""object#37"", ""share"": 0.11, ""labels"": [37]}]"
2026_08_20/003,c4,v9,beyond_occ,v1_votescope_all,120.05,120.48,0.43,4.31,object#35,35,0.423,,,,0.331,0.634,,,1,0,,,,3,"[{""name"": ""object#35"", ""share"": 0.423, ""labels"": [35]}, {""name"": ""object#37"", ""share"": 0.14, ""labels"": [37]}, {""name"": ""球L"", ""share"": 0.085, ""labels"": [259]}]"
2026_08_20/003,c4,v9,beyond_occ,v1_votescope_all,120.53,122.11,1.57,4.322,object#35,35,0.417,,,,0.372,0.519,,,1,0,,,,3,"[{""name"": ""object#35"", ""share"": 0.417, ""labels"": [35]}, {""name"": ""object#24"", ""share"": 0.155, ""labels"": [24]}, {""name"": ""object#37"", ""share"": 0.138, ""labels"": [37]}]"
2026_08_20/003,c4,v9,beyond_occ,v1_votescope_all,122.16,122.65,0.49,4.339,object#35,35,0.463,,,,0.492,0.454,,,1,0,,,,3,"[{""name"": ""object#35"", ""share"": 0.463, ""labels"": [35]}, {""name"": ""object#24"", ""share"": 0.228, ""labels"": [24]}, {""name"": ""object#37"", ""share"": 0.087, ""labels"": [37]}]"
2026_08_20/003,c4,v9,beyond_occ,v1_votescope_all,122.95,123.33,0.38,4.333,object#35,35,0.443,,,,0.49,0.512,,,1,0,,,,3,"[{""name"": ""object#35"", ""share"": 0.443, ""labels"": [35]}, {""name"": ""object#24"", ""share"": 0.217, ""labels"": [24]}, {""name"": ""球L"", ""share"": 0.062, ""labels"": [259]}]"
2026_08_20/003,c4,v9,beyond_occ,v1_votescope_all,123.38,123.93,0.54,4.271,object#35,35,0.296,,,,0.449,0.641,,,0,0,,,,3,"[{""name"": ""object#35"", ""share"": 0.296, ""labels"": [35]}, {""name"": ""球L"", ""share"": 0.133, ""labels"": [259]}, {""name"": ""水瓶"", ""share"": 0.109, ""labels"": [30]}]"
2026_08_20/003,c4,v9,beyond_occ,v1_votescope_all,123.98,125.46,1.48,4.312,object#35,35,0.377,,,,0.271,0.58,,,1,0,,,,3,"[{""name"": ""object#35"", ""share"": 0.377, ""labels"": [35]}, {""name"": ""object#24"", ""share"": 0.102, ""labels"": [24]}, {""name"": ""球L"", ""share"": 0.092, ""labels"": [259]}]"
2026_08_20/003,c4,v9,beyond_occ,v1_votescope_all,125.74,128.29,2.55,4.323,object#35,35,0.272,,,,0.574,0.594,,,0,0,,,,3,"[{""name"": ""object#35"", ""share"": 0.272, ""labels"": [35]}, {""name"": ""球L"", ""share"": 0.156, ""labels"": [259]}, {""name"": ""object#24"", ""share"": 0.127, ""labels"": [24]}]"
2026_08_20/003,c4,v9,beyond_occ,v1_votescope_all,134.23,134.61,0.38,0.839,object#14,14,0.898,,,,0.11,0.006,,,1,1,,,,3,"[{""name"": ""object#14"", ""share"": 0.898, ""labels"": [14]}, {""name"": ""object#34"", ""share"": 0.099, ""labels"": [34]}, {""name"": ""object#88"", ""share"": 0.003, ""labels"": [88]}]"
2026_08_25/c1_1,c4,v9,beyond_occ,v1_votescope_all,4.15,4.53,0.38,1.959,floor,0,1.0,,,,0.0,0.42,,,0,0,,,,1,"[{""name"": ""floor"", ""share"": 1.0, ""labels"": [0]}]"
2026_08_25/c1_1,c4,v9,beyond_occ,v1_votescope_all,7.82,8.2,0.38,3.256,object#35,35,0.259,,,,0.826,0.054,,,0,0,,,,3,"[{""name"": ""object#35"", ""share"": 0.259, ""labels"": [35]}, {""name"": ""object#24"", ""share"": 0.214, ""labels"": [24]}, {""name"": ""object#90"", ""share"": 0.143, ""labels"": [90]}]"
2026_08_25/c1_1,c4,v9,beyond_occ,v1_votescope_all,11.28,14.53,3.25,4.04,object#35,35,0.324,,,,0.966,0.062,,,0,0,1,球L,0,3,"[{""name"": ""object#35"", ""share"": 0.324, ""labels"": [35]}, {""name"": ""object#24"", ""share"": 0.313, ""labels"": [24]}, {""name"": ""object#37"", ""share"": 0.11, ""labels"": [37]}]"
2026_08_25/c1_1,c4,v9,beyond_occ,v1_votescope_all,15.91,18.41,2.5,4.123,object#35,35,0.329,,,,0.802,0.067,,,0,0,,,,3,"[{""name"": ""object#35"", ""share"": 0.329, ""labels"": [35]}, {""name"": ""object#37"", ""share"": 0.264, ""labels"": [37]}, {""name"": ""object#129"", ""share"": 0.078, ""labels"": [129]}]"
2026_08_25/c1_1,c4,v9,beyond_occ,v1_votescope_all,18.58,21.61,3.03,4.11,object#35,35,0.369,,,,0.645,0.032,,,1,0,,,,3,"[{""name"": ""object#35"", ""share"": 0.369, ""labels"": [35]}, {""name"": ""object#37"", ""share"": 0.238, ""labels"": [37]}, {""name"": ""object#24"", ""share"": 0.11, ""labels"": [24]}]"
2026_08_25/c1_1,c4,v9,beyond_occ,v1_votescope_all,21.67,23.78,2.11,4.115,object#24,24,0.289,,,,0.99,0.116,,,0,0,,,,3,"[{""name"": ""object#24"", ""share"": 0.289, ""labels"": [24]}, {""name"": ""object#35"", ""share"": 0.286, ""labels"": [35]}, {""name"": ""object#37"", ""share"": 0.101, ""labels"": [37]}]"
2026_08_25/c1_1,c4,v9,beyond_occ,v1_votescope_all,24.01,29.97,5.96,4.119,object#24,24,0.495,,,,0.477,0.204,,,1,0,6,球L,0,3,"[{""name"": ""object#24"", ""share"": 0.495, ""labels"": [24]}, {""name"": ""object#35"", ""share"": 0.236, ""labels"": [35]}, {""name"": ""object#90"", ""share"": 0.066, ""labels"": [90]}]"
2026_08_25/c1_1,c4,v9,beyond_occ,v1_votescope_all,30.22,32.38,2.17,4.093,object#24,24,0.472,,,,0.456,0.207,,,1,0,,,,3,"[{""name"": ""object#24"", ""share"": 0.472, ""labels"": [24]}, {""name"": ""object#35"", ""share"": 0.215, ""labels"": [35]}, {""name"": ""object#90"", ""share"": 0.073, ""labels"": [90]}]"
2026_08_25/c1_1,c4,v9,beyond_occ,v1_votescope_all,32.71,36.28,3.57,4.132,object#24,24,0.508,,,,0.415,0.208,,,1,1,8,球L,0,3,"[{""name"": ""object#24"", ""share"": 0.508, ""labels"": [24]}, {""name"": ""object#35"", ""share"": 0.211, ""labels"": [35]}, {""name"": ""object#90"", ""share"": 0.054, ""labels"": [90]}]"
2026_08_25/c1_1,c4,v9,beyond_occ,v1_votescope_all,36.55,37.68,1.14,4.138,object#24,24,0.486,,,,0.475,0.21,,,1,0,8,球L,0,3,"[{""name"": ""object#24"", ""share"": 0.486, ""labels"": [24]}, {""name"": ""object#35"", ""share"": 0.231, ""labels"": [35]}, {""name"": ""object#90"", ""share"": 0.065, ""labels"": [90]}]"
2026_08_25/c1_1,c4,v9,beyond_occ,v1_votescope_all,37.74,43.15,5.42,4.137,object#24,24,0.328,,,,0.933,0.14,,,0,0,,,,3,"[{""name"": ""object#24"", ""share"": 0.328, ""labels"": [24]}, {""name"": ""object#35"", ""share"": 0.306, ""labels"": [35]}, {""name"": ""object#37"", ""share"": 0.106, ""labels"": [37]}]"
2026_08_25/c1_1,c4,v9,beyond_occ,v1_votescope_all,43.4,51.57,8.18,4.162,object#35,35,0.394,,,,0.475,0.094,,,1,0,9,球L,0,3,"[{""name"": ""object#35"", ""share"": 0.394, ""labels"": [35]}, {""name"": ""object#24"", ""share"": 0.187, ""labels"": [24]}, {""name"": ""object#37"", ""share"": 0.142, ""labels"": [37]}]"
2026_08_25/c1_1,c4,v9,beyond_occ,v1_votescope_all,51.85,56.99,5.15,4.19,object#35,35,0.395,,,,0.529,0.066,,,1,0,,,,3,"[{""name"": ""object#35"", ""share"": 0.395, ""labels"": [35]}, {""name"": ""object#37"", ""share"": 0.209, ""labels"": [37]}, {""name"": ""object#24"", ""share"": 0.128, ""labels"": [24]}]"
2026_08_25/c1_1,c4,v9,beyond_occ,v1_votescope_all,57.24,57.67,0.43,4.19,object#35,35,0.359,,,,0.521,0.091,,,1,0,,,,3,"[{""name"": ""object#35"", ""share"": 0.359, ""labels"": [35]}, {""name"": ""object#37"", ""share"": 0.187, ""labels"": [37]}, {""name"": ""object#24"", ""share"": 0.156, ""labels"": [24]}]"
2026_08_25/c1_1,c4,v9,beyond_occ,v1_votescope_all,57.94,60.27,2.33,4.202,object#35,35,0.291,,,,0.595,0.121,,,0,0,,,,3,"[{""name"": ""object#35"", ""share"": 0.291, ""labels"": [35]}, {""name"": ""object#24"", ""share"": 0.173, ""labels"": [24]}, {""name"": ""球L"", ""share"": 0.102, ""labels"": [259]}]"
2026_08_25/c1_1,c4,v9,beyond_occ,v1_votescope_all,60.49,64.99,4.5,4.168,object#35,35,0.342,,,,0.781,0.121,,,0,0,,,,3,"[{""name"": ""object#35"", ""share"": 0.342, ""labels"": [35]}, {""name"": ""object#24"", ""share"": 0.267, ""labels"": [24]}, {""name"": ""object#37"", ""share"": 0.085, ""labels"": [37]}]"
2026_08_25/c1_1,c4,v9,beyond_occ,v1_votescope_all,66.57,66.95,0.38,4.167,object#24,24,0.225,,,,0.596,0.319,,,0,0,,,,3,"[{""name"": ""object#24"", ""share"": 0.225, ""labels"": [24]}, {""name"": ""球R"", ""share"": 0.134, ""labels"": [263]}, {""name"": ""object#35"", ""share"": 0.107, ""labels"": [35]}]"
2026_08_25/c1_1,c4,v9,beyond_occ,v1_votescope_all,67.26,67.58,0.32,3.183,object#26,26,0.783,,,,0.143,0.114,,,1,1,,,,3,"[{""name"": ""object#26"", ""share"": 0.783, ""labels"": [26]}, {""name"": ""object#179"", ""share"": 0.112, ""labels"": [179]}, {""name"": ""object#36"", ""share"": 0.087, ""labels"": [36]}]"
2026_08_25/c1_1,c4,v9,beyond_occ,v1_votescope_all,67.91,68.5,0.6,3.134,object#26,26,0.97,,,,0.02,0.115,,,1,1,,,,3,"[{""name"": ""object#26"", ""share"": 0.97, ""labels"": [26]}, {""name"": ""object#179"", ""share"": 0.019, ""labels"": [179]}, {""name"": ""object#36"", ""share"": 0.011, ""labels"": [36]}]"
2026_08_25/c1_1,c4,v9,beyond_occ,v1_votescope_all,68.94,69.43,0.49,4.165,object#24,24,0.373,,,,0.67,0.175,,,1,0,,,,3,"[{""name"": ""object#24"", ""share"": 0.373, ""labels"": [24]}, {""name"": ""object#35"", ""share"": 0.25, ""labels"": [35]}, {""name"": ""object#37"", ""share"": 0.073, ""labels"": [37]}]"
2026_08_25/c1_1,c4,v9,beyond_occ,v1_votescope_all,69.49,69.97,0.49,4.157,object#35,35,0.416,,,,0.416,0.072,,,1,0,,,,3,"[{""name"": ""object#35"", ""share"": 0.416, ""labels"": [35]}, {""name"": ""object#37"", ""share"": 0.173, ""labels"": [37]}, {""name"": ""object#24"", ""share"": 0.068, ""labels"": [24]}]"
2026_08_25/c1_1,c4,v9,beyond_occ,v1_votescope_all,70.03,70.41,0.38,4.157,object#35,35,0.323,,,,0.969,0.107,,,0,0,,,,3,"[{""name"": ""object#35"", ""share"": 0.323, ""labels"": [35]}, {""name"": ""object#24"", ""share"": 0.313, ""labels"": [24]}, {""name"": ""object#37"", ""share"": 0.099, ""labels"": [37]}]"
2026_08_25/c1_1,c4,v9,beyond_occ,v1_votescope_all,70.46,70.79,0.32,4.167,object#35,35,0.403,,,,0.64,0.093,,,1,0,,,,3,"[{""name"": ""object#35"", ""share"": 0.403, ""labels"": [35]}, {""name"": ""object#37"", ""share"": 0.258, ""labels"": [37]}, {""name"": ""object#24"", ""share"": 0.054, ""labels"": [24]}]"
2026_08_25/c1_1,c4,v9,beyond_occ,v1_votescope_all,70.89,77.4,6.5,4.174,object#35,35,0.416,,,,0.423,0.04,,,1,0,,,,3,"[{""name"": ""object#35"", ""share"": 0.416, ""labels"": [35]}, {""name"": ""object#37"", ""share"": 0.176, ""labels"": [37]}, {""name"": ""object#24"", ""share"": 0.146, ""labels"": [24]}]"
2026_08_25/c1_1,c4,v9,beyond_occ,v1_votescope_all,77.45,80.11,2.65,4.17,object#35,35,0.32,,,,0.819,0.132,,,0,0,,,,3,"[{""name"": ""object#35"", ""share"": 0.32, ""labels"": [35]}, {""name"": ""object#24"", ""share"": 0.262, ""labels"": [24]}, {""name"": ""object#37"", ""share"": 0.12, ""labels"": [37]}]"
2026_08_25/c1_1,c4,v9,beyond_occ,v1_votescope_all,80.33,84.06,3.74,4.177,object#35,35,0.396,,,,0.452,0.068,,,1,0,,,,3,"[{""name"": ""object#35"", ""share"": 0.396, ""labels"": [35]}, {""name"": ""object#24"", ""share"": 0.179, ""labels"": [24]}, {""name"": ""object#37"", ""share"": 0.163, ""labels"": [37]}]"
2026_08_25/c1_1,c4,v9,beyond_occ,v1_votescope_all,84.12,86.5,2.38,4.186,object#35,35,0.371,,,,0.488,0.074,,,1,0,,,,3,"[{""name"": ""object#35"", ""share"": 0.371, ""labels"": [35]}, {""name"": ""object#37"", ""share"": 0.181, ""labels"": [37]}, {""name"": ""object#24"", ""share"": 0.176, ""labels"": [24]}]"
2026_08_25/c1_1,c4,v9,beyond_occ,v1_votescope_all,86.74,93.45,6.72,4.177,object#24,24,0.426,,,,0.634,0.195,,,1,0,10,球M,0,3,"[{""name"": ""object#24"", ""share"": 0.426, ""labels"": [24]}, {""name"": ""object#35"", ""share"": 0.27, ""labels"": [35]}, {""name"": ""object#90"", ""share"": 0.051, ""labels"": [90]}]"
2026_08_25/c1_1,c4,v9,beyond_occ,v1_votescope_all,93.61,97.46,3.85,4.18,object#35,35,0.422,,,,0.429,0.04,,,1,0,11,球L,0,3,"[{""name"": ""object#35"", ""share"": 0.422, ""labels"": [35]}, {""name"": ""object#37"", ""share"": 0.181, ""labels"": [37]}, {""name"": ""object#24"", ""share"": 0.141, ""labels"": [24]}]"
2026_08_25/c1_1,c4,v9,beyond_occ,v1_votescope_all,97.51,97.89,0.38,4.174,object#24,24,0.393,,,,0.758,0.147,,,0,0,11,球L,0,3,"[{""name"": ""object#24"", ""share"": 0.393, ""labels"": [24]}, {""name"": ""object#35"", ""share"": 0.298, ""labels"": [35]}, {""name"": ""object#37"", ""share"": 0.072, ""labels"": [37]}]"
2026_08_25/c1_1,c4,v9,beyond_occ,v1_votescope_all,98.18,100.51,2.33,4.178,object#35,35,0.417,,,,0.405,0.06,,,1,0,11,球L,0,3,"[{""name"": ""object#35"", ""share"": 0.417, ""labels"": [35]}, {""name"": ""object#37"", ""share"": 0.169, ""labels"": [37]}, {""name"": ""object#24"", ""share"": 0.152, ""labels"": [24]}]"
2026_08_25/c1_1,c4,v9,beyond_occ,v1_votescope_all,100.73,105.98,5.25,4.178,object#35,35,0.377,,,,0.629,0.114,,,1,0,11,球L,0,3,"[{""name"": ""object#35"", ""share"": 0.377, ""labels"": [35]}, {""name"": ""object#24"", ""share"": 0.237, ""labels"": [24]}, {""name"": ""object#37"", ""share"": 0.113, ""labels"": [37]}]"
2026_08_25/c1_1,c4,v9,beyond_occ,v1_votescope_all,106.23,107.32,1.08,4.177,object#35,35,0.384,,,,0.523,0.075,,,1,0,11,球L,0,3,"[{""name"": ""object#35"", ""share"": 0.384, ""labels"": [35]}, {""name"": ""object#24"", ""share"": 0.201, ""labels"": [24]}, {""name"": ""object#37"", ""share"": 0.102, ""labels"": [37]}]"
2026_08_25/c1_1,c4,v9,beyond_occ,v1_votescope_all,107.62,112.55,4.93,4.191,object#35,35,0.286,,,,0.738,0.142,,,0,0,12,球M,0,3,"[{""name"": ""object#35"", ""share"": 0.286, ""labels"": [35]}, {""name"": ""object#24"", ""share"": 0.211, ""labels"": [24]}, {""name"": ""球L"", ""share"": 0.086, ""labels"": [259]}]"
2026_08_25/c1_1,c4,v9,beyond_occ,v1_votescope_all,112.72,114.45,1.73,4.2,object#24,24,0.246,,,,0.963,0.176,,,0,0,12,球M,0,3,"[{""name"": ""object#24"", ""share"": 0.246, ""labels"": [24]}, {""name"": ""object#35"", ""share"": 0.237, ""labels"": [35]}, {""name"": ""球L"", ""share"": 0.084, ""labels"": [259]}]"
2026_08_25/c1_1,c4,v9,beyond_occ,v1_votescope_all,114.51,114.94,0.43,4.175,object#35,35,0.369,,,,0.295,0.083,,,1,0,,,,3,"[{""name"": ""object#35"", ""share"": 0.369, ""labels"": [35]}, {""name"": ""苹果粉"", ""share"": 0.109, ""labels"": [64]}, {""name"": ""object#37"", ""share"": 0.105, ""labels"": [37]}]"
2026_08_25/c1_1,c4,v9,beyond_occ,v1_votescope_all,115.07,121.35,6.28,4.157,object#35,35,0.392,,,,0.546,0.082,,,1,0,,,,3,"[{""name"": ""object#35"", ""share"": 0.392, ""labels"": [35]}, {""name"": ""object#24"", ""share"": 0.214, ""labels"": [24]}, {""name"": ""object#37"", ""share"": 0.12, ""labels"": [37]}]"
2026_08_25/c1_1,c4,v9,beyond_occ,v1_votescope_all,121.63,127.21,5.58,4.186,object#35,35,0.272,,,,0.658,0.136,,,0,0,14,球M,0,3,"[{""name"": ""object#35"", ""share"": 0.272, ""labels"": [35]}, {""name"": ""object#24"", ""share"": 0.179, ""labels"": [24]}, {""name"": ""球L"", ""share"": 0.1, ""labels"": [259]}]"
2026_08_25/c1_1,c4,v9,beyond_occ,v1_votescope_all,129.6,130.46,0.87,1.279,object#14,14,0.929,,,,0.072,0.002,,,1,1,,,,3,"[{""name"": ""object#14"", ""share"": 0.929, ""labels"": [14]}, {""name"": ""object#34"", ""share"": 0.067, ""labels"": [34]}, {""name"": ""object#88"", ""share"": 0.002, ""labels"": [88]}]"
2026_08_25/c1_1,c4,v9,beyond_occ,v1_votescope_all,130.52,130.79,0.27,0.892,object#14,14,0.576,,,,0.733,0.0,,,1,1,,,,3,"[{""name"": ""object#14"", ""share"": 0.576, ""labels"": [14]}, {""name"": ""object#34"", ""share"": 0.422, ""labels"": [34]}, {""name"": ""object#88"", ""share"": 0.002, ""labels"": [88]}]"
2026_08_25/c1_1,c4,v9,beyond_occ,v1_votescope_all,131.0,131.33,0.32,0.678,object#14,14,0.996,,,,0.004,0.021,,,1,1,,,,3,"[{""name"": ""object#14"", ""share"": 0.996, ""labels"": [14]}, {""name"": ""object#34"", ""share"": 0.004, ""labels"": [34]}, {""name"": ""object#196"", ""share"": 0.0, ""labels"": [196]}]"
2026_08_25/c1_2,c4,v9,,v1_votescope_all,4.48,4.76,0.27,5.705,object#23,23,0.42,,,,0.671,0.254,,,1,0,,,,3,"[{""name"": ""object#23"", ""share"": 0.42, ""labels"": [23]}, {""name"": ""object#86"", ""share"": 0.282, ""labels"": [86]}, {""name"": ""object#67"", ""share"": 0.113, ""labels"": [67]}]"
2026_08_25/c1_2,c4,v9,,v1_votescope_all,6.13,7.22,1.08,4.222,object#35,35,0.346,,,,0.526,0.065,,,0,0,,,,3,"[{""name"": ""object#35"", ""share"": 0.346, ""labels"": [35]}, {""name"": ""object#24"", ""share"": 0.182, ""labels"": [24]}, {""name"": ""object#37"", ""share"": 0.085, ""labels"": [37]}]"
2026_08_25/c1_2,c4,v9,,v1_votescope_all,7.27,7.54,0.27,4.229,object#35,35,0.415,,,,0.325,0.083,,,1,0,,,,3,"[{""name"": ""object#35"", ""share"": 0.415, ""labels"": [35]}, {""name"": ""object#37"", ""share"": 0.135, ""labels"": [37]}, {""name"": ""苹果粉"", ""share"": 0.111, ""labels"": [64]}]"
2026_08_25/c1_2,c4,v9,,v1_votescope_all,7.6,8.68,1.08,4.252,object#24,24,0.309,,,,0.773,0.142,,,0,0,,,,3,"[{""name"": ""object#24"", ""share"": 0.309, ""labels"": [24]}, {""name"": ""object#35"", ""share"": 0.239, ""labels"": [35]}, {""name"": ""球L"", ""share"": 0.07, ""labels"": [259]}]"
2026_08_25/c1_2,c4,v9,,v1_votescope_all,8.95,9.28,0.32,3.518,object#36,36,0.49,,,,0.496,0.129,,,1,0,,,,3,"[{""name"": ""object#36"", ""share"": 0.49, ""labels"": [36]}, {""name"": ""object#26"", ""share"": 0.243, ""labels"": [26]}, {""name"": ""object#10"", ""share"": 0.138, ""labels"": [10]}]"
2026_08_25/c1_2,c4,v9,,v1_votescope_all,9.33,9.82,0.49,3.381,object#26,26,0.933,,,,0.043,0.142,,,1,1,,,,3,"[{""name"": ""object#26"", ""share"": 0.933, ""labels"": [26]}, {""name"": ""object#36"", ""share"": 0.04, ""labels"": [36]}, {""name"": ""object#179"", ""share"": 0.023, ""labels"": [179]}]"
2026_08_25/c1_2,c4,v9,,v1_votescope_all,9.87,10.36,0.49,3.32,object#26,26,0.969,,,,0.03,0.178,,,1,1,,,,3,"[{""name"": ""object#26"", ""share"": 0.969, ""labels"": [26]}, {""name"": ""object#179"", ""share"": 0.029, ""labels"": [179]}, {""name"": ""object#36"", ""share"": 0.002, ""labels"": [36]}]"
2026_08_25/c1_2,c4,v9,,v1_votescope_all,10.41,10.68,0.27,3.433,object#26,26,0.735,,,,0.192,0.137,,,1,1,,,,3,"[{""name"": ""object#26"", ""share"": 0.735, ""labels"": [26]}, {""name"": ""object#36"", ""share"": 0.141, ""labels"": [36]}, {""name"": ""object#179"", ""share"": 0.088, ""labels"": [179]}]"
2026_08_25/c1_2,c4,v9,,v1_votescope_all,11.22,12.31,1.08,4.244,object#24,24,0.343,,,,0.869,0.077,,,0,0,,,,3,"[{""name"": ""object#24"", ""share"": 0.343, ""labels"": [24]}, {""name"": ""object#35"", ""share"": 0.298, ""labels"": [35]}, {""name"": ""object#37"", ""share"": 0.076, ""labels"": [37]}]"
2026_08_25/c1_2,c4,v9,,v1_votescope_all,12.74,14.91,2.17,4.246,object#35,35,0.357,,,,0.599,0.081,,,1,0,,,,3,"[{""name"": ""object#35"", ""share"": 0.357, ""labels"": [35]}, {""name"": ""object#24"", ""share"": 0.214, ""labels"": [24]}, {""name"": ""object#37"", ""share"": 0.117, ""labels"": [37]}]"
2026_08_25/c1_2,c4,v9,,v1_votescope_all,15.2,20.78,5.58,4.229,object#35,35,0.324,,,,0.855,0.112,,,0,0,1,球L,0,3,"[{""name"": ""object#35"", ""share"": 0.324, ""labels"": [35]}, {""name"": ""object#24"", ""share"": 0.277, ""labels"": [24]}, {""name"": ""object#37"", ""share"": 0.107, ""labels"": [37]}]"
2026_08_25/c1_2,c4,v9,,v1_votescope_all,20.83,22.78,1.95,4.227,object#24,24,0.336,,,,0.902,0.073,,,0,0,1,球L,0,3,"[{""name"": ""object#24"", ""share"": 0.336, ""labels"": [24]}, {""name"": ""object#35"", ""share"": 0.303, ""labels"": [35]}, {""name"": ""object#37"", ""share"": 0.085, ""labels"": [37]}]"
2026_08_25/c1_2,c4,v9,,v1_votescope_all,23.16,23.87,0.7,4.254,object#24,24,0.626,,,,0.149,0.274,,,1,1,,,,3,"[{""name"": ""object#24"", ""share"": 0.626, ""labels"": [24]}, {""name"": ""object#35"", ""share"": 0.093, ""labels"": [35]}, {""name"": ""球R"", ""share"": 0.039, ""labels"": [263]}]"
2026_08_25/c1_2,c4,v9,,v1_votescope_all,23.92,29.61,5.69,4.271,object#24,24,0.67,,,,0.112,0.334,,,1,1,2,球R,0,3,"[{""name"": ""object#24"", ""share"": 0.67, ""labels"": [24]}, {""name"": ""object#35"", ""share"": 0.075, ""labels"": [35]}, {""name"": ""球R"", ""share"": 0.039, ""labels"": [263]}]"
2026_08_25/c1_2,c4,v9,,v1_votescope_all,30.04,36.43,6.39,4.287,object#24,24,0.507,,,,0.168,0.316,,,1,1,3,球R,0,3,"[{""name"": ""object#24"", ""share"": 0.507, ""labels"": [24]}, {""name"": ""object#35"", ""share"": 0.085, ""labels"": [35]}, {""name"": ""球R"", ""share"": 0.084, ""labels"": [263]}]"
2026_08_25/c1_2,c4,v9,,v1_votescope_all,36.72,43.32,6.61,4.251,object#24,24,0.338,,,,0.648,0.137,,,0,0,4,球M,0,3,"[{""name"": ""object#24"", ""share"": 0.338, ""labels"": [24]}, {""name"": ""object#35"", ""share"": 0.219, ""labels"": [35]}, {""name"": ""球M"", ""share"": 0.066, ""labels"": [261]}]"
2026_08_25/c1_2,c4,v9,,v1_votescope_all,43.87,49.99,6.12,4.25,object#24,24,0.219,,,,0.991,0.142,,,0,0,5,球M,0,3,"[{""name"": ""object#24"", ""share"": 0.219, ""labels"": [24]}, {""name"": ""object#35"", ""share"": 0.217, ""labels"": [35]}, {""name"": ""球L"", ""share"": 0.095, ""labels"": [259]}]"
2026_08_25/c1_2,c4,v9,,v1_votescope_all,50.25,56.64,6.39,4.242,object#35,35,0.387,,,,0.307,0.059,,,1,0,6,球L,0,3,"[{""name"": ""object#35"", ""share"": 0.387, ""labels"": [35]}, {""name"": ""object#24"", ""share"": 0.119, ""labels"": [24]}, {""name"": ""object#37"", ""share"": 0.101, ""labels"": [37]}]"
2026_08_25/c1_2,c4,v9,,v1_votescope_all,56.88,62.78,5.9,4.263,object#24,24,0.344,,,,0.395,0.212,,,0,0,7,球R,0,3,"[{""name"": ""object#24"", ""share"": 0.344, ""labels"": [24]}, {""name"": ""object#35"", ""share"": 0.136, ""labels"": [35]}, {""name"": ""球R"", ""share"": 0.101, ""labels"": [263]}]"
2026_08_25/c1_2,c4,v9,,v1_votescope_all,63.64,64.78,1.14,3.324,object#26,26,0.933,,,,0.038,0.113,,,1,1,,,,3,"[{""name"": ""object#26"", ""share"": 0.933, ""labels"": [26]}, {""name"": ""object#36"", ""share"": 0.035, ""labels"": [36]}, {""name"": ""object#179"", ""share"": 0.028, ""labels"": [179]}]"
2026_08_25/c1_2,c4,v9,,v1_votescope_all,64.83,65.21,0.38,3.279,object#26,26,0.973,,,,0.028,0.184,,,1,1,,,,3,"[{""name"": ""object#26"", ""share"": 0.973, ""labels"": [26]}, {""name"": ""object#179"", ""share"": 0.027, ""labels"": [179]}, {""name"": ""object#36"", ""share"": 0.0, ""labels"": [36]}]"
2026_08_25/c1_2,c4,v9,,v1_votescope_all,65.59,66.13,0.54,3.386,object#26,26,0.829,,,,0.107,0.104,,,1,1,,,,3,"[{""name"": ""object#26"", ""share"": 0.829, ""labels"": [26]}, {""name"": ""object#36"", ""share"": 0.089, ""labels"": [36]}, {""name"": ""object#179"", ""share"": 0.065, ""labels"": [179]}]"
2026_08_25/c1_2,c4,v9,,v1_votescope_all,66.19,67.54,1.35,3.354,object#26,26,0.96,,,,0.022,0.136,,,1,1,,,,3,"[{""name"": ""object#26"", ""share"": 0.96, ""labels"": [26]}, {""name"": ""object#179"", ""share"": 0.021, ""labels"": [179]}, {""name"": ""object#36"", ""share"": 0.018, ""labels"": [36]}]"
2026_08_25/c1_2,c4,v9,,v1_votescope_all,68.08,68.68,0.6,3.356,object#26,26,0.942,,,,0.048,0.114,,,1,1,,,,3,"[{""name"": ""object#26"", ""share"": 0.942, ""labels"": [26]}, {""name"": ""object#179"", ""share"": 0.045, ""labels"": [179]}, {""name"": ""object#36"", ""share"": 0.013, ""labels"": [36]}]"
2026_08_25/c1_2,c4,v9,,v1_votescope_all,68.79,69.33,0.54,3.356,object#26,26,0.91,,,,0.087,0.131,,,1,1,,,,3,"[{""name"": ""object#26"", ""share"": 0.91, ""labels"": [26]}, {""name"": ""object#179"", ""share"": 0.079, ""labels"": [179]}, {""name"": ""object#36"", ""share"": 0.01, ""labels"": [36]}]"
2026_08_25/c1_2,c4,v9,,v1_votescope_all,69.94,71.19,1.25,4.258,object#24,24,0.335,,,,0.83,0.102,,,0,0,,,,3,"[{""name"": ""object#24"", ""share"": 0.335, ""labels"": [24]}, {""name"": ""object#35"", ""share"": 0.278, ""labels"": [35]}, {""name"": ""object#37"", ""share"": 0.063, ""labels"": [37]}]"
2026_08_25/c1_2,c4,v9,,v1_votescope_all,71.48,71.86,0.38,4.257,object#24,24,0.469,,,,0.439,0.137,,,1,0,,,,3,"[{""name"": ""object#24"", ""share"": 0.469, ""labels"": [24]}, {""name"": ""object#35"", ""share"": 0.206, ""labels"": [35]}, {""name"": ""object#90"", ""share"": 0.075, ""labels"": [90]}]"
2026_08_25/c1_2,c4,v9,,v1_votescope_all,71.91,78.79,6.88,4.256,object#24,24,0.32,,,,0.938,0.117,,,0,0,8,球L,0,3,"[{""name"": ""object#24"", ""share"": 0.32, ""labels"": [24]}, {""name"": ""object#35"", ""share"": 0.3, ""labels"": [35]}, {""name"": ""object#37"", ""share"": 0.081, ""labels"": [37]}]"
2026_08_25/c1_2,c4,v9,,v1_votescope_all,79.06,85.56,6.5,4.264,object#24,24,0.366,,,,0.749,0.115,,,0,0,9,球L,0,3,"[{""name"": ""object#24"", ""share"": 0.366, ""labels"": [24]}, {""name"": ""object#35"", ""share"": 0.274, ""labels"": [35]}, {""name"": ""object#37"", ""share"": 0.057, ""labels"": [37]}]"
2026_08_25/c1_2,c4,v9,,v1_votescope_all,85.89,89.25,3.36,4.261,object#24,24,0.406,,,,0.586,0.143,,,1,0,,,,3,"[{""name"": ""object#24"", ""share"": 0.406, ""labels"": [24]}, {""name"": ""object#35"", ""share"": 0.238, ""labels"": [35]}, {""name"": ""球L"", ""share"": 0.045, ""labels"": [259]}]"
2026_08_25/c1_2,c4,v9,,v1_votescope_all,89.3,92.66,3.36,4.273,object#24,24,0.566,,,,0.265,0.212,,,1,1,10,球M,0,3,"[{""name"": ""object#24"", ""share"": 0.566, ""labels"": [24]}, {""name"": ""object#35"", ""share"": 0.15, ""labels"": [35]}, {""name"": ""object#90"", ""share"": 0.041, ""labels"": [90]}]"
2026_08_25/c1_2,c4,v9,,v1_votescope_all,92.71,94.18,1.46,4.244,object#24,24,0.333,,,,0.826,0.1,,,0,0,,,,3,"[{""name"": ""object#24"", ""share"": 0.333, ""labels"": [24]}, {""name"": ""object#35"", ""share"": 0.275, ""labels"": [35]}, {""name"": ""object#37"", ""share"": 0.063, ""labels"": [37]}]"
2026_08_25/c1_2,c4,v9,,v1_votescope_all,94.4,99.87,5.47,4.223,object#35,35,0.334,,,,0.515,0.073,,,0,0,11,球L,0,3,"[{""name"": ""object#35"", ""share"": 0.334, ""labels"": [35]}, {""name"": ""object#24"", ""share"": 0.172, ""labels"": [24]}, {""name"": ""球L"", ""share"": 0.099, ""labels"": [259]}]"
2026_08_25/c1_2,c4,v9,,v1_votescope_all,100.18,106.41,6.23,4.255,object#35,35,0.263,,,,0.817,0.113,,,0,0,12,球M,0,3,"[{""name"": ""object#35"", ""share"": 0.263, ""labels"": [35]}, {""name"": ""object#24"", ""share"": 0.215, ""labels"": [24]}, {""name"": ""球L"", ""share"": 0.093, ""labels"": [259]}]"
2026_08_25/c1_2,c4,v9,,v1_votescope_all,106.59,113.04,6.45,4.261,object#24,24,0.484,,,,0.205,0.287,,,1,0,13,球R,0,3,"[{""name"": ""object#24"", ""share"": 0.484, ""labels"": [24]}, {""name"": ""object#35"", ""share"": 0.099, ""labels"": [35]}, {""name"": ""球R"", ""share"": 0.078, ""labels"": [263]}]"
2026_08_25/c1_2,c4,v9,,v1_votescope_all,113.25,115.26,2.0,4.245,object#24,24,0.257,,,,0.825,0.136,,,0,0,,,,3,"[{""name"": ""object#24"", ""share"": 0.257, ""labels"": [24]}, {""name"": ""object#35"", ""share"": 0.212, ""labels"": [35]}, {""name"": ""球M"", ""share"": 0.089, ""labels"": [261]}]"
2026_08_25/c1_2,c4,v9,,v1_votescope_all,115.56,116.7,1.14,4.259,object#24,24,0.361,,,,0.54,0.148,,,1,0,14,球M,0,3,"[{""name"": ""object#24"", ""share"": 0.361, ""labels"": [24]}, {""name"": ""object#35"", ""share"": 0.195, ""labels"": [35]}, {""name"": ""球M"", ""share"": 0.071, ""labels"": [261]}]"
2026_08_25/c1_2,c4,v9,,v1_votescope_all,116.87,120.66,3.79,4.259,object#24,24,0.302,,,,0.725,0.132,,,0,0,14,球M,0,3,"[{""name"": ""object#24"", ""share"": 0.302, ""labels"": [24]}, {""name"": ""object#35"", ""share"": 0.219, ""labels"": [35]}, {""name"": ""球M"", ""share"": 0.073, ""labels"": [261]}]"
2026_08_25/c1_2,c4,v9,,v1_votescope_all,121.06,125.72,4.66,4.26,object#24,24,0.327,,,,0.437,0.212,,,0,0,15,球R,0,3,"[{""name"": ""object#24"", ""share"": 0.327, ""labels"": [24]}, {""name"": ""object#35"", ""share"": 0.143, ""labels"": [35]}, {""name"": ""球M"", ""share"": 0.09, ""labels"": [261]}]"
2026_08_25/c1_2,c4,v9,,v1_votescope_all,125.78,126.21,0.43,4.256,object#24,24,0.611,,,,0.137,0.306,,,1,1,15,球R,0,3,"[{""name"": ""object#24"", ""share"": 0.611, ""labels"": [24]}, {""name"": ""object#35"", ""share"": 0.084, ""labels"": [35]}, {""name"": ""球R"", ""share"": 0.052, ""labels"": [263]}]"
2026_08_25/c1_2,c4,v9,,v1_votescope_all,128.24,128.83,0.6,2.029,object#14,14,0.892,,,,0.117,0.0,,,1,1,,,,3,"[{""name"": ""object#14"", ""share"": 0.892, ""labels"": [14]}, {""name"": ""object#34"", ""share"": 0.104, ""labels"": [34]}, {""name"": ""object#88"", ""share"": 0.004, ""labels"": [88]}]"
2026_08_25/c1_2,c4,v9,,v1_votescope_all,129.1,129.75,0.65,1.662,object#14,14,0.787,,,,0.194,0.001,,,1,1,,,,3,"[{""name"": ""object#14"", ""share"": 0.787, ""labels"": [14]}, {""name"": ""object#34"", ""share"": 0.153, ""labels"": [34]}, {""name"": ""object#171"", ""share"": 0.047, ""labels"": [171]}]"
2026_08_25/c1_2,c4,v9,,v1_votescope_all,130.35,130.73,0.38,1.396,object#26,26,1.0,,,,0.0,0.013,,,1,1,,,,1,"[{""name"": ""object#26"", ""share"": 1.0, ""labels"": [26]}]"
2026_08_25/c1_2,c4,v9,,v1_votescope_all,131.69,132.45,0.76,0.77,object#14,14,0.819,,,,0.216,0.003,,,1,1,,,,3,"[{""name"": ""object#14"", ""share"": 0.819, ""labels"": [14]}, {""name"": ""object#88"", ""share"": 0.177, ""labels"": [88]}, {""name"": ""object#65"", ""share"": 0.004, ""labels"": [65]}]"
2026_08_25/c1_3,c4,v9,,v1_votescope_all,6.09,7.06,0.97,3.693,object#24,24,0.221,,,,0.882,0.098,,,0,0,,,,3,"[{""name"": ""object#24"", ""share"": 0.221, ""labels"": [24]}, {""name"": ""object#35"", ""share"": 0.195, ""labels"": [35]}, {""name"": ""球L"", ""share"": 0.119, ""labels"": [259]}]"
2026_08_25/c1_3,c4,v9,,v1_votescope_all,7.65,8.14,0.49,2.9,object#26,26,0.975,,,,0.016,0.098,,,1,1,,,,3,"[{""name"": ""object#26"", ""share"": 0.975, ""labels"": [26]}, {""name"": ""object#36"", ""share"": 0.016, ""labels"": [36]}, {""name"": ""object#179"", ""share"": 0.007, ""labels"": [179]}]"
2026_08_25/c1_3,c4,v9,,v1_votescope_all,8.41,9.6,1.19,2.902,object#26,26,0.962,,,,0.025,0.085,,,1,1,,,,3,"[{""name"": ""object#26"", ""share"": 0.962, ""labels"": [26]}, {""name"": ""object#36"", ""share"": 0.024, ""labels"": [36]}, {""name"": ""object#179"", ""share"": 0.011, ""labels"": [179]}]"
2026_08_25/c1_3,c4,v9,,v1_votescope_all,9.96,10.45,0.49,5.226,object#15,15,0.601,,,,0.27,0.682,,,1,1,,,,3,"[{""name"": ""object#15"", ""share"": 0.601, ""labels"": [15]}, {""name"": ""object#151"", ""share"": 0.162, ""labels"": [151]}, {""name"": ""object#126"", ""share"": 0.147, ""labels"": [126]}]"
2026_08_25/c1_3,c4,v9,,v1_votescope_all,10.56,11.26,0.7,6.666,object#161,161,0.394,,,,0.774,0.497,,,0,0,,,,3,"[{""name"": ""object#161"", ""share"": 0.394, ""labels"": [161]}, {""name"": ""object#138"", ""share"": 0.305, ""labels"": [138]}, {""name"": ""object#15"", ""share"": 0.152, ""labels"": [15]}]"
2026_08_25/c1_3,c4,v9,,v1_votescope_all,11.42,11.92,0.5,5.276,object#15,15,0.826,,,,0.087,0.37,,,1,1,,,,3,"[{""name"": ""object#15"", ""share"": 0.826, ""labels"": [15]}, {""name"": ""object#151"", ""share"": 0.072, ""labels"": [151]}, {""name"": ""object#142"", ""share"": 0.023, ""labels"": [142]}]"
2026_08_25/c1_3,c4,v9,,v1_votescope_all,12.28,12.68,0.4,2.945,object#26,26,0.807,,,,0.176,0.11,,,1,1,,,,3,"[{""name"": ""object#26"", ""share"": 0.807, ""labels"": [26]}, {""name"": ""object#36"", ""share"": 0.142, ""labels"": [36]}, {""name"": ""object#179"", ""share"": 0.018, ""labels"": [179]}]"
2026_08_25/c1_3,c4,v9,,v1_votescope_all,12.73,14.23,1.5,2.905,object#26,26,0.988,,,,0.006,0.092,,,1,1,,,,3,"[{""name"": ""object#26"", ""share"": 0.988, ""labels"": [26]}, {""name"": ""object#179"", ""share"": 0.006, ""labels"": [179]}, {""name"": ""object#36"", ""share"": 0.005, ""labels"": [36]}]"
2026_08_25/c1_3,c4,v9,,v1_votescope_all,14.84,15.84,1.0,3.732,object#35,35,0.401,,,,0.364,0.056,,,1,0,1,球L,0,3,"[{""name"": ""object#35"", ""share"": 0.401, ""labels"": [35]}, {""name"": ""object#24"", ""share"": 0.146, ""labels"": [24]}, {""name"": ""球L"", ""share"": 0.096, ""labels"": [259]}]"
2026_08_25/c1_3,c4,v9,,v1_votescope_all,16.0,16.8,0.8,3.728,object#35,35,0.346,,,,0.838,0.079,,,0,0,1,球L,0,3,"[{""name"": ""object#35"", ""share"": 0.346, ""labels"": [35]}, {""name"": ""object#24"", ""share"": 0.29, ""labels"": [24]}, {""name"": ""object#37"", ""share"": 0.082, ""labels"": [37]}]"
2026_08_25/c1_3,c4,v9,,v1_votescope_all,16.85,17.45,0.6,3.719,object#35,35,0.435,,,,0.356,0.038,,,1,0,1,球L,0,3,"[{""name"": ""object#35"", ""share"": 0.435, ""labels"": [35]}, {""name"": ""object#37"", ""share"": 0.155, ""labels"": [37]}, {""name"": ""object#24"", ""share"": 0.137, ""labels"": [24]}]"
2026_08_25/c1_3,c4,v9,,v1_votescope_all,17.5,17.75,0.25,3.544,object#35,35,0.447,,,,0.394,0.069,,,1,0,1,球L,0,3,"[{""name"": ""object#35"", ""share"": 0.447, ""labels"": [35]}, {""name"": ""object#37"", ""share"": 0.176, ""labels"": [37]}, {""name"": ""object#24"", ""share"": 0.141, ""labels"": [24]}]"
2026_08_25/c1_3,c4,v9,,v1_votescope_all,18.05,18.35,0.3,3.519,object#35,35,0.452,,,,0.462,0.056,,,1,0,1,球L,0,3,"[{""name"": ""object#35"", ""share"": 0.452, ""labels"": [35]}, {""name"": ""object#37"", ""share"": 0.209, ""labels"": [37]}, {""name"": ""object#24"", ""share"": 0.104, ""labels"": [24]}]"
2026_08_25/c1_3,c4,v9,,v1_votescope_all,18.4,18.8,0.4,3.726,object#24,24,0.339,,,,0.973,0.077,,,0,0,1,球L,0,3,"[{""name"": ""object#24"", ""share"": 0.339, ""labels"": [24]}, {""name"": ""object#35"", ""share"": 0.33, ""labels"": [35]}, {""name"": ""object#37"", ""share"": 0.066, ""labels"": [37]}]"
2026_08_25/c1_3,c4,v9,,v1_votescope_all,19.1,20.85,1.75,3.734,object#35,35,0.396,,,,0.354,0.059,,,1,0,1,球L,0,3,"[{""name"": ""object#35"", ""share"": 0.396, ""labels"": [35]}, {""name"": ""object#24"", ""share"": 0.14, ""labels"": [24]}, {""name"": ""object#37"", ""share"": 0.091, ""labels"": [37]}]"
2026_08_25/c1_3,c4,v9,,v1_votescope_all,20.9,23.2,2.3,3.718,object#35,35,0.413,,,,0.446,0.062,,,1,0,1,球L,0,3,"[{""name"": ""object#35"", ""share"": 0.413, ""labels"": [35]}, {""name"": ""object#24"", ""share"": 0.184, ""labels"": [24]}, {""name"": ""object#37"", ""share"": 0.111, ""labels"": [37]}]"
2026_08_25/c1_3,c4,v9,,v1_votescope_all,23.3,23.8,0.5,3.717,object#35,35,0.409,,,,0.494,0.067,,,1,0,1,球L,0,3,"[{""name"": ""object#35"", ""share"": 0.409, ""labels"": [35]}, {""name"": ""object#24"", ""share"": 0.202, ""labels"": [24]}, {""name"": ""object#37"", ""share"": 0.144, ""labels"": [37]}]"
2026_08_25/c1_3,c4,v9,,v1_votescope_all,24.06,25.06,1.0,3.74,object#24,24,0.417,,,,0.458,0.127,,,1,0,4,球M,0,3,"[{""name"": ""object#24"", ""share"": 0.417, ""labels"": [24]}, {""name"": ""object#35"", ""share"": 0.191, ""labels"": [35]}, {""name"": ""球M"", ""share"": 0.075, ""labels"": [261]}]"
2026_08_25/c1_3,c4,v9,,v1_votescope_all,25.11,28.56,3.45,3.751,object#24,24,0.385,,,,0.283,0.185,,,1,0,4,球M,0,3,"[{""name"": ""object#24"", ""share"": 0.385, ""labels"": [24]}, {""name"": ""object#35"", ""share"": 0.109, ""labels"": [35]}, {""name"": ""球R"", ""share"": 0.105, ""labels"": [263]}]"
2026_08_25/c1_3,c4,v9,,v1_votescope_all,28.61,31.01,2.4,3.755,object#24,24,0.374,,,,0.385,0.137,,,1,0,4,球M,0,3,"[{""name"": ""object#24"", ""share"": 0.374, ""labels"": [24]}, {""name"": ""object#35"", ""share"": 0.144, ""labels"": [35]}, {""name"": ""球M"", ""share"": 0.086, ""labels"": [261]}]"
2026_08_25/c1_3,c4,v9,,v1_votescope_all,31.27,32.77,1.5,3.739,object#24,24,0.316,,,,0.373,0.184,,,0,0,4,球M,0,3,"[{""name"": ""object#24"", ""share"": 0.316, ""labels"": [24]}, {""name"": ""球R"", ""share"": 0.118, ""labels"": [263]}, {""name"": ""球M"", ""share"": 0.115, ""labels"": [261]}]"
2026_08_25/c1_3,c4,v9,,v1_votescope_all,32.95,33.2,0.25,3.746,object#24,24,0.31,,,,0.681,0.108,,,0,0,4,球M,0,3,"[{""name"": ""object#24"", ""share"": 0.31, ""labels"": [24]}, {""name"": ""object#35"", ""share"": 0.211, ""labels"": [35]}, {""name"": ""球M"", ""share"": 0.1, ""labels"": [261]}]"
2026_08_25/c1_3,c4,v9,,v1_votescope_all,33.25,37.45,4.2,3.729,object#24,24,0.181,,,,0.856,0.11,,,0,0,4,球M,0,3,"[{""name"": ""object#24"", ""share"": 0.181, ""labels"": [24]}, {""name"": ""object#35"", ""share"": 0.155, ""labels"": [35]}, {""name"": ""球L"", ""share"": 0.124, ""labels"": [259]}]"
2026_08_25/c1_3,c4,v9,,v1_votescope_all,37.62,42.52,4.9,3.734,object#35,35,0.223,,,,0.605,0.09,,,0,0,6,球L,0,3,"[{""name"": ""object#35"", ""share"": 0.223, ""labels"": [35]}, {""name"": ""object#24"", ""share"": 0.135, ""labels"": [24]}, {""name"": ""球L"", ""share"": 0.121, ""labels"": [259]}]"
2026_08_25/c1_3,c4,v9,,v1_votescope_all,42.57,48.83,6.25,3.726,object#24,24,0.411,,,,0.46,0.129,,,1,0,10,球M,0,3,"[{""name"": ""object#24"", ""share"": 0.411, ""labels"": [24]}, {""name"": ""object#35"", ""share"": 0.189, ""labels"": [35]}, {""name"": ""球M"", ""share"": 0.084, ""labels"": [261]}]"
2026_08_25/c1_3,c4,v9,,v1_votescope_all,48.88,51.03,2.15,3.711,object#24,24,0.262,,,,0.473,0.208,,,0,0,,,,3,"[{""name"": ""object#24"", ""share"": 0.262, ""labels"": [24]}, {""name"": ""球M"", ""share"": 0.124, ""labels"": [261]}, {""name"": ""球R"", ""share"": 0.119, ""labels"": [263]}]"
2026_08_25/c1_3,c4,v9,,v1_votescope_all,51.28,57.63,6.35,3.709,object#35,35,0.334,,,,0.359,0.054,,,0,0,11,球L,0,3,"[{""name"": ""object#35"", ""share"": 0.334, ""labels"": [35]}, {""name"": ""object#24"", ""share"": 0.12, ""labels"": [24]}, {""name"": ""球L"", ""share"": 0.119, ""labels"": [259]}]"
2026_08_25/c1_3,c4,v9,,v1_votescope_all,57.87,63.57,5.7,3.735,object#24,24,0.253,,,,0.668,0.263,,,0,0,13,球R,0,3,"[{""name"": ""object#24"", ""share"": 0.253, ""labels"": [24]}, {""name"": ""球R"", ""share"": 0.169, ""labels"": [263]}, {""name"": ""球M"", ""share"": 0.132, ""labels"": [261]}]"
2026_08_25/c1_3,c4,v9,,v1_votescope_all,64.27,65.07,0.8,2.884,object#26,26,0.986,,,,0.012,0.172,,,1,1,,,,3,"[{""name"": ""object#26"", ""share"": 0.986, ""labels"": [26]}, {""name"": ""object#36"", ""share"": 0.012, ""labels"": [36]}, {""name"": ""object#179"", ""share"": 0.001, ""labels"": [179]}]"
2026_08_25/c1_3,c4,v9,,v1_votescope_all,65.12,65.62,0.5,2.812,object#26,26,0.999,,,,0.001,0.176,,,1,1,,,,2,"[{""name"": ""object#26"", ""share"": 0.999, ""labels"": [26]}, {""name"": ""object#179"", ""share"": 0.001, ""labels"": [179]}]"
2026_08_25/c1_3,c4,v9,,v1_votescope_all,65.67,66.02,0.35,2.364,object#26,26,0.999,,,,0.001,0.372,,,1,1,,,,2,"[{""name"": ""object#26"", ""share"": 0.999, ""labels"": [26]}, {""name"": ""object#179"", ""share"": 0.001, ""labels"": [179]}]"
2026_08_25/c1_3,c4,v9,,v1_votescope_all,66.07,67.02,0.95,2.826,object#26,26,0.999,,,,0.001,0.13,,,1,1,,,,2,"[{""name"": ""object#26"", ""share"": 0.999, ""labels"": [26]}, {""name"": ""object#179"", ""share"": 0.001, ""labels"": [179]}]"
2026_08_25/c1_3,c4,v9,,v1_votescope_all,67.6,68.85,1.25,2.83,object#26,26,0.992,,,,0.008,0.064,,,1,1,,,,3,"[{""name"": ""object#26"", ""share"": 0.992, ""labels"": [26]}, {""name"": ""object#179"", ""share"": 0.008, ""labels"": [179]}, {""name"": ""object#10"", ""share"": 0.0, ""labels"": [10]}]"
2026_08_25/c1_3,c4,v9,,v1_votescope_all,69.15,70.25,1.1,2.866,object#26,26,0.99,,,,0.007,0.106,,,1,1,,,,3,"[{""name"": ""object#26"", ""share"": 0.99, ""labels"": [26]}, {""name"": ""object#36"", ""share"": 0.007, ""labels"": [36]}, {""name"": ""object#179"", ""share"": 0.003, ""labels"": [179]}]"
2026_08_25/c1_3,c4,v9,,v1_votescope_all,71.03,71.28,0.25,3.723,object#35,35,0.188,,,,0.723,0.088,,,0,0,,,,3,"[{""name"": ""object#35"", ""share"": 0.188, ""labels"": [35]}, {""name"": ""object#24"", ""share"": 0.136, ""labels"": [24]}, {""name"": ""球L"", ""share"": 0.126, ""labels"": [259]}]"
2026_08_25/c1_3,c4,v9,,v1_votescope_all,71.33,72.08,0.75,3.709,object#35,35,0.315,,,,0.463,0.073,,,0,0,,,,3,"[{""name"": ""object#35"", ""share"": 0.315, ""labels"": [35]}, {""name"": ""object#24"", ""share"": 0.146, ""labels"": [24]}, {""name"": ""球L"", ""share"": 0.108, ""labels"": [259]}]"
2026_08_25/c1_3,c4,v9,,v1_votescope_all,72.13,72.38,0.25,3.505,object#35,35,0.463,,,,0.482,0.08,,,1,0,,,,3,"[{""name"": ""object#35"", ""share"": 0.463, ""labels"": [35]}, {""name"": ""object#37"", ""share"": 0.223, ""labels"": [37]}, {""name"": ""苹果粉"", ""share"": 0.053, ""labels"": [64]}]"
2026_08_25/c1_3,c4,v9,,v1_votescope_all,72.43,72.88,0.45,3.728,object#35,35,0.324,,,,0.815,0.08,,,0,0,,,,3,"[{""name"": ""object#35"", ""share"": 0.324, ""labels"": [35]}, {""name"": ""object#24"", ""share"": 0.264, ""labels"": [24]}, {""name"": ""球L"", ""share"": 0.073, ""labels"": [259]}]"
2026_08_25/c1_3,c4,v9,,v1_votescope_all,73.03,73.28,0.25,3.508,object#35,35,0.47,,,,0.494,0.087,,,1,0,,,,3,"[{""name"": ""object#35"", ""share"": 0.47, ""labels"": [35]}, {""name"": ""object#37"", ""share"": 0.232, ""labels"": [37]}, {""name"": ""苹果粉"", ""share"": 0.061, ""labels"": [64]}]"
2026_08_25/c1_3,c4,v9,,v1_votescope_all,73.33,75.23,1.9,3.729,object#35,35,0.452,,,,0.336,0.048,,,1,0,,,,3,"[{""name"": ""object#35"", ""share"": 0.452, ""labels"": [35]}, {""name"": ""object#37"", ""share"": 0.152, ""labels"": [37]}, {""name"": ""object#24"", ""share"": 0.096, ""labels"": [24]}]"
2026_08_25/c1_3,c4,v9,,v1_votescope_all,75.43,79.53,4.1,3.739,object#35,35,0.41,,,,0.283,0.035,,,1,0,,,,3,"[{""name"": ""object#35"", ""share"": 0.41, ""labels"": [35]}, {""name"": ""object#37"", ""share"": 0.116, ""labels"": [37]}, {""name"": ""球L"", ""share"": 0.093, ""labels"": [259]}]"
2026_08_25/c1_3,c4,v9,,v1_votescope_all,79.8,86.45,6.65,3.751,object#35,35,0.392,,,,0.278,0.042,,,1,0,,,,3,"[{""name"": ""object#35"", ""share"": 0.392, ""labels"": [35]}, {""name"": ""球L"", ""share"": 0.109, ""labels"": [259]}, {""name"": ""object#37"", ""share"": 0.095, ""labels"": [37]}]"
2026_08_25/c1_3,c4,v9,,v1_votescope_all,86.68,93.48,6.8,3.738,object#35,35,0.237,,,,0.591,0.079,,,0,0,,,,3,"[{""name"": ""object#35"", ""share"": 0.237, ""labels"": [35]}, {""name"": ""球L"", ""share"": 0.14, ""labels"": [259]}, {""name"": ""水瓶"", ""share"": 0.13, ""labels"": [30]}]"
2026_08_25/c1_3,c4,v9,,v1_votescope_all,93.76,100.46,6.7,3.734,object#35,35,0.319,,,,0.398,0.069,,,0,0,,,,3,"[{""name"": ""object#35"", ""share"": 0.319, ""labels"": [35]}, {""name"": ""球L"", ""share"": 0.127, ""labels"": [259]}, {""name"": ""苹果红"", ""share"": 0.107, ""labels"": [260]}]"
2026_08_25/c1_3,c4,v9,,v1_votescope_all,100.73,104.73,4.0,3.74,object#35,35,0.211,,,,0.649,0.085,,,0,0,,,,3,"[{""name"": ""object#35"", ""share"": 0.211, ""labels"": [35]}, {""name"": ""球L"", ""share"": 0.137, ""labels"": [259]}, {""name"": ""水瓶"", ""share"": 0.118, ""labels"": [30]}]"
2026_08_25/c1_3,c4,v9,,v1_votescope_all,104.93,107.53,2.6,3.738,object#35,35,0.212,,,,0.656,0.086,,,0,0,,,,3,"[{""name"": ""object#35"", ""share"": 0.212, ""labels"": [35]}, {""name"": ""球L"", ""share"": 0.139, ""labels"": [259]}, {""name"": ""水瓶"", ""share"": 0.133, ""labels"": [30]}]"
2026_08_25/c1_3,c4,v9,,v1_votescope_all,107.82,113.78,5.96,3.718,水瓶,30,0.209,,,,0.665,0.211,,,0,0,14,球M,0,3,"[{""name"": ""水瓶"", ""share"": 0.209, ""labels"": [30]}, {""name"": ""球M"", ""share"": 0.139, ""labels"": [261]}, {""name"": ""球L"", ""share"": 0.128, ""labels"": [259]}]"
2026_08_25/c1_3,c4,v9,,v1_votescope_all,114.1,114.85,0.75,3.701,水瓶,30,0.296,,,,0.486,0.292,,,0,0,,,,3,"[{""name"": ""水瓶"", ""share"": 0.296, ""labels"": [30]}, {""name"": ""苹果红"", ""share"": 0.144, ""labels"": [260]}, {""name"": ""球L"", ""share"": 0.129, ""labels"": [259]}]"
2026_08_25/c1_3,c4,v9,,v1_votescope_all,114.9,121.55,6.65,3.704,object#35,35,0.196,,,,0.689,0.087,,,0,0,,,,3,"[{""name"": ""object#35"", ""share"": 0.196, ""labels"": [35]}, {""name"": ""球L"", ""share"": 0.135, ""labels"": [259]}, {""name"": ""object#24"", ""share"": 0.113, ""labels"": [24]}]"
2026_08_25/c1_3,c4,v9,,v1_votescope_all,121.6,125.25,3.65,3.718,球M,261,0.156,,,,0.974,0.232,,,0,0,15,球R,0,3,"[{""name"": ""球M"", ""share"": 0.156, ""labels"": [261]}, {""name"": ""球R"", ""share"": 0.152, ""labels"": [263]}, {""name"": ""object#24"", ""share"": 0.142, ""labels"": [24]}]"
2026_08_25/c1_3,c4,v9,,v1_votescope_all,125.68,126.48,0.8,3.617,object#24,24,0.345,,,,0.449,0.141,,,0,0,,,,3,"[{""name"": ""object#24"", ""share"": 0.345, ""labels"": [24]}, {""name"": ""object#35"", ""share"": 0.155, ""labels"": [35]}, {""name"": ""球M"", ""share"": 0.106, ""labels"": [261]}]"
2026_08_25/c1_3,c4,v9,,v1_votescope_all,127.12,127.42,0.3,2.384,object#26,26,0.978,,,,0.022,0.017,,,1,1,,,,2,"[{""name"": ""object#26"", ""share"": 0.978, ""labels"": [26]}, {""name"": ""object#179"", ""share"": 0.022, ""labels"": [179]}]"
2026_08_25/c1_3,c4,v9,,v1_votescope_all,127.47,128.12,0.65,2.137,object#26,26,1.0,,,,0.0,0.009,,,1,1,,,,1,"[{""name"": ""object#26"", ""share"": 1.0, ""labels"": [26]}]"
2026_08_25/c1_3,c4,v9,,v1_votescope_all,128.17,128.72,0.55,1.715,object#26,26,1.0,,,,0.0,0.0,,,1,1,,,,1,"[{""name"": ""object#26"", ""share"": 1.0, ""labels"": [26]}]"
2026_08_25/c1_3,c4,v9,,v1_votescope_all,128.87,129.12,0.25,1.036,object#34,34,0.729,,,,0.359,0.023,,,1,1,,,,3,"[{""name"": ""object#34"", ""share"": 0.729, ""labels"": [34]}, {""name"": ""object#14"", ""share"": 0.262, ""labels"": [14]}, {""name"": ""object#88"", ""share"": 0.008, ""labels"": [88]}]"
2026_08_25/c1_3,c4,v9,,v1_votescope_all,129.92,130.77,0.85,0.721,object#14,14,0.88,,,,0.134,0.004,,,1,1,,,,3,"[{""name"": ""object#14"", ""share"": 0.88, ""labels"": [14]}, {""name"": ""object#88"", ""share"": 0.118, ""labels"": [88]}, {""name"": ""object#65"", ""share"": 0.002, ""labels"": [65]}]"
2026_08_25/u3,u3,v9,walking,v1_votescope_all,0.02,0.27,0.25,0.871,object#14,14,0.918,,,,0.082,0.002,,,1,1,,,,3,"[{""name"": ""object#14"", ""share"": 0.918, ""labels"": [14]}, {""name"": ""object#88"", ""share"": 0.075, ""labels"": [88]}, {""name"": ""object#65"", ""share"": 0.006, ""labels"": [65]}]"
2026_08_25/u3,u3,v9,walking,v1_votescope_all,6.03,6.48,0.45,2.161,object#37,37,0.434,,,,0.327,0.066,,,1,0,,,,3,"[{""name"": ""object#37"", ""share"": 0.434, ""labels"": [37]}, {""name"": ""object#12"", ""share"": 0.142, ""labels"": [12]}, {""name"": ""球M"", ""share"": 0.088, ""labels"": [261]}]"
2026_08_25/u3,u3,v9,walking,v1_votescope_all,6.58,6.98,0.4,2.614,floor,0,0.993,,,,0.006,0.07,,,0,0,,,,3,"[{""name"": ""floor"", ""share"": 0.993, ""labels"": [0]}, {""name"": ""object#22"", ""share"": 0.006, ""labels"": [22]}, {""name"": ""object#96"", ""share"": 0.001, ""labels"": [96]}]"
2026_08_25/u3,u3,v9,walking,v1_votescope_all,7.55,7.9,0.35,2.654,球L,259,0.295,,,,0.675,0.101,,,0,0,,,,3,"[{""name"": ""球L"", ""share"": 0.295, ""labels"": [259]}, {""name"": ""苹果红"", ""share"": 0.199, ""labels"": [260]}, {""name"": ""object#12"", ""share"": 0.131, ""labels"": [12]}]"
2026_08_25/u3,u3,v9,walking,v1_votescope_all,8.47,8.92,0.45,3.637,object#26,26,0.762,,,,0.222,0.158,,,1,1,,,,3,"[{""name"": ""object#26"", ""share"": 0.762, ""labels"": [26]}, {""name"": ""object#10"", ""share"": 0.169, ""labels"": [10]}, {""name"": ""object#179"", ""share"": 0.054, ""labels"": [179]}]"
2026_08_25/u3,u3,v9,walking,v1_votescope_all,9.07,9.37,0.3,3.971,object#26,26,0.683,,,,0.233,0.256,,,1,1,,,,3,"[{""name"": ""object#26"", ""share"": 0.683, ""labels"": [26]}, {""name"": ""object#179"", ""share"": 0.159, ""labels"": [179]}, {""name"": ""object#10"", ""share"": 0.155, ""labels"": [10]}]"
2026_08_25/u3,u3,v9,walking,v1_votescope_all,9.52,10.47,0.95,3.977,object#26,26,0.668,,,,0.307,0.317,,,1,1,,,,3,"[{""name"": ""object#26"", ""share"": 0.668, ""labels"": [26]}, {""name"": ""object#179"", ""share"": 0.205, ""labels"": [179]}, {""name"": ""object#10"", ""share"": 0.126, ""labels"": [10]}]"
2026_08_25/u3,u3,v9,walking,v1_votescope_all,10.67,11.02,0.35,3.685,object#26,26,0.564,,,,0.434,0.299,,,1,1,,,,3,"[{""name"": ""object#26"", ""share"": 0.564, ""labels"": [26]}, {""name"": ""object#10"", ""share"": 0.245, ""labels"": [10]}, {""name"": ""object#179"", ""share"": 0.187, ""labels"": [179]}]"
2026_08_25/u3,u3,v9,walking,v1_votescope_all,11.07,12.37,1.3,3.68,object#26,26,0.519,,,,0.684,0.222,,,1,1,,,,3,"[{""name"": ""object#26"", ""share"": 0.519, ""labels"": [26]}, {""name"": ""object#10"", ""share"": 0.355, ""labels"": [10]}, {""name"": ""object#179"", ""share"": 0.108, ""labels"": [179]}]"
2026_08_25/u3,u3,v9,walking,v1_votescope_all,12.47,13.92,1.45,3.707,object#26,26,0.574,,,,0.422,0.3,,,1,1,,,,3,"[{""name"": ""object#26"", ""share"": 0.574, ""labels"": [26]}, {""name"": ""object#10"", ""share"": 0.242, ""labels"": [10]}, {""name"": ""object#179"", ""share"": 0.18, ""labels"": [179]}]"
2026_08_25/u3,u3,v9,walking,v1_votescope_all,14.17,14.82,0.65,3.697,object#26,26,0.611,,,,0.411,0.265,,,1,1,,,,3,"[{""name"": ""object#26"", ""share"": 0.611, ""labels"": [26]}, {""name"": ""object#10"", ""share"": 0.251, ""labels"": [10]}, {""name"": ""object#179"", ""share"": 0.132, ""labels"": [179]}]"
2026_08_25/u3,u3,v9,walking,v1_votescope_all,16.35,16.6,0.25,2.993,object#37,37,0.601,,,,0.255,0.151,,,1,1,,,,3,"[{""name"": ""object#37"", ""share"": 0.601, ""labels"": [37]}, {""name"": ""object#90"", ""share"": 0.153, ""labels"": [90]}, {""name"": ""object#24"", ""share"": 0.07, ""labels"": [24]}]"
2026_08_25/u3,u3,v9,walking,v1_votescope_all,18.15,19.8,1.65,2.882,object#37,37,0.377,,,,0.438,0.143,,,1,0,1,球L,0,3,"[{""name"": ""object#37"", ""share"": 0.377, ""labels"": [37]}, {""name"": ""object#35"", ""share"": 0.165, ""labels"": [35]}, {""name"": ""球L"", ""share"": 0.129, ""labels"": [259]}]"
2026_08_25/u3,u3,v9,walking,v1_votescope_all,20.6,21.15,0.55,2.768,object#37,37,0.197,,,,0.97,0.099,,,0,0,1,球L,0,3,"[{""name"": ""object#37"", ""share"": 0.197, ""labels"": [37]}, {""name"": ""object#35"", ""share"": 0.191, ""labels"": [35]}, {""name"": ""球L"", ""share"": 0.175, ""labels"": [259]}]"
2026_08_25/u3,u3,v9,walking,v1_votescope_all,21.55,21.9,0.35,2.727,object#37,37,0.389,,,,0.434,0.152,,,1,0,1,球L,0,3,"[{""name"": ""object#37"", ""share"": 0.389, ""labels"": [37]}, {""name"": ""球L"", ""share"": 0.169, ""labels"": [259]}, {""name"": ""object#35"", ""share"": 0.135, ""labels"": [35]}]"
2026_08_25/u3,u3,v9,walking,v1_votescope_all,22.6,23.05,0.45,2.83,object#37,37,0.372,,,,0.659,0.165,,,1,0,1,球L,0,3,"[{""name"": ""object#37"", ""share"": 0.372, ""labels"": [37]}, {""name"": ""object#35"", ""share"": 0.245, ""labels"": [35]}, {""name"": ""球L"", ""share"": 0.116, ""labels"": [259]}]"
2026_08_25/u3,u3,v9,walking,v1_votescope_all,25.78,26.33,0.55,2.867,球L,259,0.272,,,,0.724,0.142,,,0,0,2,球M,0,3,"[{""name"": ""球L"", ""share"": 0.272, ""labels"": [259]}, {""name"": ""object#37"", ""share"": 0.197, ""labels"": [37]}, {""name"": ""object#12"", ""share"": 0.107, ""labels"": [12]}]"
2026_08_25/u3,u3,v9,walking,v1_votescope_all,26.48,26.88,0.4,2.667,object#37,37,0.378,,,,0.505,0.172,,,1,0,2,球M,0,3,"[{""name"": ""object#37"", ""share"": 0.378, ""labels"": [37]}, {""name"": ""球L"", ""share"": 0.191, ""labels"": [259]}, {""name"": ""object#12"", ""share"": 0.081, ""labels"": [12]}]"
2026_08_25/u3,u3,v9,walking,v1_votescope_all,28.08,28.78,0.7,4.103,object#37,37,0.348,,,,0.411,0.073,,,0,0,2,球M,0,3,"[{""name"": ""object#37"", ""share"": 0.348, ""labels"": [37]}, {""name"": ""object#24"", ""share"": 0.143, ""labels"": [24]}, {""name"": ""object#158"", ""share"": 0.098, ""labels"": [158]}]"
2026_08_25/u3,u3,v9,walking,v1_votescope_all,29.13,29.84,0.7,2.773,object#24,24,0.198,,,,0.97,0.162,,,0,0,2,球M,0,3,"[{""name"": ""object#24"", ""share"": 0.198, ""labels"": [24]}, {""name"": ""object#37"", ""share"": 0.192, ""labels"": [37]}, {""name"": ""object#12"", ""share"": 0.15, ""labels"": [12]}]"
2026_08_25/u3,u3,v9,walking,v1_votescope_all,30.04,30.54,0.5,2.889,球M,261,0.19,,,,0.911,0.129,,,0,0,,,,3,"[{""name"": ""球M"", ""share"": 0.19, ""labels"": [261]}, {""name"": ""object#12"", ""share"": 0.173, ""labels"": [12]}, {""name"": ""object#37"", ""share"": 0.14, ""labels"": [37]}]"
2026_08_25/u3,u3,v9,walking,v1_votescope_all,31.26,34.71,3.45,2.365,object#106,106,0.281,,,,0.804,0.023,,,0,0,3,球R,0,3,"[{""name"": ""object#106"", ""share"": 0.281, ""labels"": [106]}, {""name"": ""object#24"", ""share"": 0.226, ""labels"": [24]}, {""name"": ""object#12"", ""share"": 0.194, ""labels"": [12]}]"
2026_08_25/u3,u3,v9,walking,v1_votescope_all,34.76,35.26,0.5,2.093,object#12,12,0.324,,,,0.5,0.002,,,0,0,3,球R,0,3,"[{""name"": ""object#12"", ""share"": 0.324, ""labels"": [12]}, {""name"": ""球M"", ""share"": 0.162, ""labels"": [261]}, {""name"": ""object#106"", ""share"": 0.159, ""labels"": [106]}]"
2026_08_25/u3,u3,v9,walking,v1_votescope_all,35.71,36.11,0.4,2.212,object#106,106,0.376,,,,0.801,0.007,,,0,0,3,球R,0,3,"[{""name"": ""object#106"", ""share"": 0.376, ""labels"": [106]}, {""name"": ""object#24"", ""share"": 0.301, ""labels"": [24]}, {""name"": ""object#12"", ""share"": 0.143, ""labels"": [12]}]"
2026_08_25/u3,u3,v9,walking,v1_votescope_all,36.51,36.86,0.35,2.331,object#106,106,0.392,,,,0.844,0.012,,,0,0,3,球R,0,3,"[{""name"": ""object#106"", ""share"": 0.392, ""labels"": [106]}, {""name"": ""object#24"", ""share"": 0.331, ""labels"": [24]}, {""name"": ""object#12"", ""share"": 0.111, ""labels"": [12]}]"
2026_08_25/u3,u3,v9,walking,v1_votescope_all,37.21,37.81,0.6,2.354,object#106,106,0.381,,,,0.869,0.015,,,0,0,,,,3,"[{""name"": ""object#106"", ""share"": 0.381, ""labels"": [106]}, {""name"": ""object#24"", ""share"": 0.331, ""labels"": [24]}, {""name"": ""object#12"", ""share"": 0.119, ""labels"": [12]}]"
2026_08_25/u3,u3,v9,walking,v1_votescope_all,38.16,38.56,0.4,2.861,object#37,37,0.393,,,,0.506,0.117,,,1,0,4,球M,0,3,"[{""name"": ""object#37"", ""share"": 0.393, ""labels"": [37]}, {""name"": ""object#24"", ""share"": 0.199, ""labels"": [24]}, {""name"": ""object#244"", ""share"": 0.093, ""labels"": [244]}]"
2026_08_25/u3,u3,v9,walking,v1_votescope_all,38.86,39.11,0.25,2.432,object#37,37,0.194,,,,0.948,0.115,,,0,0,4,球M,0,3,"[{""name"": ""object#37"", ""share"": 0.194, ""labels"": [37]}, {""name"": ""object#24"", ""share"": 0.184, ""labels"": [24]}, {""name"": ""object#106"", ""share"": 0.149, ""labels"": [106]}]"
2026_08_25/u3,u3,v9,walking,v1_votescope_all,39.76,40.01,0.25,3.764,object#37,37,0.272,,,,0.846,0.091,,,0,0,4,球M,0,3,"[{""name"": ""object#37"", ""share"": 0.272, ""labels"": [37]}, {""name"": ""object#24"", ""share"": 0.23, ""labels"": [24]}, {""name"": ""object#158"", ""share"": 0.123, ""labels"": [158]}]"
2026_08_25/u3,u3,v9,walking,v1_votescope_all,40.51,40.81,0.3,2.816,object#37,37,0.195,,,,0.887,0.153,,,0,0,4,球M,0,3,"[{""name"": ""object#37"", ""share"": 0.195, ""labels"": [37]}, {""name"": ""object#24"", ""share"": 0.173, ""labels"": [24]}, {""name"": ""球M"", ""share"": 0.123, ""labels"": [261]}]"
2026_08_25/u3,u3,v9,walking,v1_votescope_all,40.91,41.21,0.3,2.81,object#37,37,0.242,,,,0.574,0.164,,,0,0,4,球M,0,3,"[{""name"": ""object#37"", ""share"": 0.242, ""labels"": [37]}, {""name"": ""object#24"", ""share"": 0.139, ""labels"": [24]}, {""name"": ""object#12"", ""share"": 0.112, ""labels"": [12]}]"
2026_08_25/u3,u3,v9,walking,v1_votescope_all,41.91,42.26,0.35,3.946,object#37,37,0.242,,,,0.901,0.136,,,0,0,4,球M,0,3,"[{""name"": ""object#37"", ""share"": 0.242, ""labels"": [37]}, {""name"": ""object#24"", ""share"": 0.218, ""labels"": [24]}, {""name"": ""object#106"", ""share"": 0.159, ""labels"": [106]}]"
2026_08_25/u3,u3,v9,walking,v1_votescope_all,43.66,44.51,0.85,2.791,object#37,37,0.302,,,,0.417,0.163,,,0,0,,,,3,"[{""name"": ""object#37"", ""share"": 0.302, ""labels"": [37]}, {""name"": ""object#12"", ""share"": 0.126, ""labels"": [12]}, {""name"": ""球L"", ""share"": 0.12, ""labels"": [259]}]"
2026_08_25/u3,u3,v9,walking,v1_votescope_all,45.44,45.69,0.25,2.934,object#106,106,0.19,,,,0.895,0.036,,,0,0,5,球R,0,3,"[{""name"": ""object#106"", ""share"": 0.19, ""labels"": [106]}, {""name"": ""object#12"", ""share"": 0.17, ""labels"": [12]}, {""name"": ""object#24"", ""share"": 0.146, ""labels"": [24]}]"
2026_08_25/u3,u3,v9,walking,v1_votescope_all,46.69,47.54,0.85,2.566,object#106,106,0.348,,,,0.96,0.028,,,0,0,5,球R,0,3,"[{""name"": ""object#106"", ""share"": 0.348, ""labels"": [106]}, {""name"": ""object#24"", ""share"": 0.334, ""labels"": [24]}, {""name"": ""object#12"", ""share"": 0.096, ""labels"": [12]}]"
2026_08_25/u3,u3,v9,walking,v1_votescope_all,47.99,48.89,0.9,2.481,object#106,106,0.331,,,,0.816,0.023,,,0,0,5,球R,0,3,"[{""name"": ""object#106"", ""share"": 0.331, ""labels"": [106]}, {""name"": ""object#24"", ""share"": 0.27, ""labels"": [24]}, {""name"": ""object#12"", ""share"": 0.143, ""labels"": [12]}]"
2026_08_25/u3,u3,v9,walking,v1_votescope_all,48.99,49.89,0.9,2.508,object#106,106,0.357,,,,0.888,0.028,,,0,0,5,球R,0,3,"[{""name"": ""object#106"", ""share"": 0.357, ""labels"": [106]}, {""name"": ""object#24"", ""share"": 0.317, ""labels"": [24]}, {""name"": ""object#12"", ""share"": 0.119, ""labels"": [12]}]"
2026_08_25/u3,u3,v9,walking,v1_votescope_all,50.04,50.69,0.65,2.484,object#106,106,0.367,,,,0.79,0.03,,,0,0,,,,3,"[{""name"": ""object#106"", ""share"": 0.367, ""labels"": [106]}, {""name"": ""object#24"", ""share"": 0.29, ""labels"": [24]}, {""name"": ""object#12"", ""share"": 0.116, ""labels"": [12]}]"
2026_08_25/u3,u3,v9,walking,v1_votescope_all,52.81,54.36,1.55,2.677,object#37,37,0.567,,,,0.332,0.112,,,1,1,6,球L,0,3,"[{""name"": ""object#37"", ""share"": 0.567, ""labels"": [37]}, {""name"": ""object#35"", ""share"": 0.188, ""labels"": [35]}, {""name"": ""object#112"", ""share"": 0.125, ""labels"": [112]}]"
2026_08_25/u3,u3,v9,walking,v1_votescope_all,55.26,56.21,0.95,2.967,object#35,35,0.271,,,,0.893,0.12,,,0,0,6,球L,0,3,"[{""name"": ""object#35"", ""share"": 0.271, ""labels"": [35]}, {""name"": ""object#37"", ""share"": 0.242, ""labels"": [37]}, {""name"": ""球L"", ""share"": 0.137, ""labels"": [259]}]"
2026_08_25/u3,u3,v9,walking,v1_votescope_all,56.66,57.01,0.35,2.863,object#37,37,0.406,,,,0.369,0.173,,,1,0,6,球L,0,3,"[{""name"": ""object#37"", ""share"": 0.406, ""labels"": [37]}, {""name"": ""object#35"", ""share"": 0.15, ""labels"": [35]}, {""name"": ""球L"", ""share"": 0.119, ""labels"": [259]}]"
2026_08_25/u3,u3,v9,walking,v1_votescope_all,58.61,58.91,0.3,2.988,水瓶,30,0.223,,,,0.861,0.075,,,0,0,7,球M,0,3,"[{""name"": ""水瓶"", ""share"": 0.223, ""labels"": [30]}, {""name"": ""球M"", ""share"": 0.192, ""labels"": [261]}, {""name"": ""object#12"", ""share"": 0.172, ""labels"": [12]}]"
2026_08_25/u3,u3,v9,walking,v1_votescope_all,59.99,60.34,0.35,2.831,球M,261,0.202,,,,0.896,0.111,,,0,0,7,球M,1,3,"[{""name"": ""球M"", ""share"": 0.202, ""labels"": [261]}, {""name"": ""水瓶"", ""share"": 0.181, ""labels"": [30]}, {""name"": ""object#12"", ""share"": 0.176, ""labels"": [12]}]"
2026_08_25/u3,u3,v9,walking,v1_votescope_all,60.94,61.24,0.3,2.699,球L,259,0.217,,,,0.737,0.11,,,0,0,7,球M,0,3,"[{""name"": ""球L"", ""share"": 0.217, ""labels"": [259]}, {""name"": ""object#12"", ""share"": 0.16, ""labels"": [12]}, {""name"": ""水瓶"", ""share"": 0.135, ""labels"": [30]}]"
2026_08_25/u3,u3,v9,walking,v1_votescope_all,61.49,61.79,0.3,2.538,object#37,37,0.265,,,,0.672,0.143,,,0,0,7,球M,0,3,"[{""name"": ""object#37"", ""share"": 0.265, ""labels"": [37]}, {""name"": ""object#12"", ""share"": 0.178, ""labels"": [12]}, {""name"": ""球L"", ""share"": 0.147, ""labels"": [259]}]"
2026_08_25/u3,u3,v9,walking,v1_votescope_all,61.84,62.09,0.25,2.633,球L,259,0.208,,,,0.899,0.079,,,0,0,7,球M,0,3,"[{""name"": ""球L"", ""share"": 0.208, ""labels"": [259]}, {""name"": ""object#12"", ""share"": 0.187, ""labels"": [12]}, {""name"": ""球M"", ""share"": 0.125, ""labels"": [261]}]"
2026_08_25/u3,u3,v9,walking,v1_votescope_all,62.14,62.74,0.6,2.381,object#12,12,0.193,,,,0.979,0.098,,,0,0,7,球M,0,3,"[{""name"": ""object#12"", ""share"": 0.193, ""labels"": [12]}, {""name"": ""球L"", ""share"": 0.189, ""labels"": [259]}, {""name"": ""object#37"", ""share"": 0.156, ""labels"": [37]}]"
2026_08_25/u3,u3,v9,walking,v1_votescope_all,63.14,64.19,1.05,2.257,球M,261,0.229,,,,0.869,0.088,,,0,0,7,球M,1,3,"[{""name"": ""球M"", ""share"": 0.229, ""labels"": [261]}, {""name"": ""object#37"", ""share"": 0.199, ""labels"": [37]}, {""name"": ""object#12"", ""share"": 0.191, ""labels"": [12]}]"
2026_08_25/u3,u3,v9,walking,v1_votescope_all,65.8,66.25,0.45,3.965,object#26,26,0.891,,,,0.068,0.259,,,1,1,,,,3,"[{""name"": ""object#26"", ""share"": 0.891, ""labels"": [26]}, {""name"": ""object#179"", ""share"": 0.061, ""labels"": [179]}, {""name"": ""object#10"", ""share"": 0.048, ""labels"": [10]}]"
2026_08_25/u3,u3,v9,walking,v1_votescope_all,66.95,67.4,0.45,3.466,object#26,26,0.623,,,,0.427,0.349,,,1,1,,,,3,"[{""name"": ""object#26"", ""share"": 0.623, ""labels"": [26]}, {""name"": ""object#10"", ""share"": 0.266, ""labels"": [10]}, {""name"": ""object#179"", ""share"": 0.111, ""labels"": [179]}]"
2026_08_25/u3,u3,v9,walking,v1_votescope_all,68.32,68.82,0.5,3.525,object#26,26,0.659,,,,0.291,0.309,,,1,1,,,,3,"[{""name"": ""object#26"", ""share"": 0.659, ""labels"": [26]}, {""name"": ""object#10"", ""share"": 0.192, ""labels"": [10]}, {""name"": ""object#179"", ""share"": 0.149, ""labels"": [179]}]"
2026_08_25/u3,u3,v9,walking,v1_votescope_all,69.47,70.07,0.6,3.5,object#26,26,0.589,,,,0.443,0.376,,,1,1,,,,3,"[{""name"": ""object#26"", ""share"": 0.589, ""labels"": [26]}, {""name"": ""object#10"", ""share"": 0.261, ""labels"": [10]}, {""name"": ""object#179"", ""share"": 0.15, ""labels"": [179]}]"
2026_08_25/u3,u3,v9,walking,v1_votescope_all,70.17,70.47,0.3,3.526,object#60,60,0.53,,,,0.626,0.017,,,1,1,,,,3,"[{""name"": ""object#60"", ""share"": 0.53, ""labels"": [60]}, {""name"": ""object#10"", ""share"": 0.332, ""labels"": [10]}, {""name"": ""object#36"", ""share"": 0.097, ""labels"": [36]}]"
2026_08_25/u3,u3,v9,walking,v1_votescope_all,72.04,72.29,0.25,3.417,object#26,26,0.537,,,,0.695,0.234,,,1,1,,,,3,"[{""name"": ""object#26"", ""share"": 0.537, ""labels"": [26]}, {""name"": ""object#10"", ""share"": 0.373, ""labels"": [10]}, {""name"": ""object#179"", ""share"": 0.082, ""labels"": [179]}]"
2026_08_25/u3,u3,v9,walking,v1_votescope_all,72.81,73.26,0.45,2.26,object#106,106,0.266,,,,0.812,0.041,,,0,0,8,球R,0,3,"[{""name"": ""object#106"", ""share"": 0.266, ""labels"": [106]}, {""name"": ""object#12"", ""share"": 0.216, ""labels"": [12]}, {""name"": ""object#24"", ""share"": 0.212, ""labels"": [24]}]"
2026_08_25/u3,u3,v9,walking,v1_votescope_all,73.71,74.26,0.55,2.264,object#106,106,0.267,,,,0.76,0.007,,,0,0,8,球R,0,3,"[{""name"": ""object#106"", ""share"": 0.267, ""labels"": [106]}, {""name"": ""object#24"", ""share"": 0.203, ""labels"": [24]}, {""name"": ""object#12"", ""share"": 0.18, ""labels"": [12]}]"
2026_08_25/u3,u3,v9,walking,v1_votescope_all,74.31,74.56,0.25,2.305,object#106,106,0.242,,,,0.921,0.022,,,0,0,8,球R,0,3,"[{""name"": ""object#106"", ""share"": 0.242, ""labels"": [106]}, {""name"": ""object#12"", ""share"": 0.223, ""labels"": [12]}, {""name"": ""object#24"", ""share"": 0.202, ""labels"": [24]}]"
2026_08_25/u3,u3,v9,walking,v1_votescope_all,74.61,74.96,0.35,2.486,object#12,12,0.228,,,,0.855,0.02,,,0,0,8,球R,0,3,"[{""name"": ""object#12"", ""share"": 0.228, ""labels"": [12]}, {""name"": ""球R"", ""share"": 0.195, ""labels"": [263]}, {""name"": ""白杯1"", ""share"": 0.168, ""labels"": [266]}]"
2026_08_25/u3,u3,v9,walking,v1_votescope_all,75.01,76.01,1.0,2.545,object#106,106,0.323,,,,0.83,0.018,,,0,0,8,球R,0,3,"[{""name"": ""object#106"", ""share"": 0.323, ""labels"": [106]}, {""name"": ""object#24"", ""share"": 0.268, ""labels"": [24]}, {""name"": ""object#12"", ""share"": 0.132, ""labels"": [12]}]"
2026_08_25/u3,u3,v9,walking,v1_votescope_all,76.26,77.11,0.85,2.799,object#106,106,0.259,,,,0.977,0.06,,,0,0,8,球R,0,3,"[{""name"": ""object#106"", ""share"": 0.259, ""labels"": [106]}, {""name"": ""object#24"", ""share"": 0.253, ""labels"": [24]}, {""name"": ""球R"", ""share"": 0.145, ""labels"": [263]}]"
2026_08_25/u3,u3,v9,walking,v1_votescope_all,77.41,77.66,0.25,2.892,object#24,24,0.469,,,,0.612,0.076,,,1,0,8,球R,0,3,"[{""name"": ""object#24"", ""share"": 0.469, ""labels"": [24]}, {""name"": ""object#106"", ""share"": 0.287, ""labels"": [106]}, {""name"": ""球R"", ""share"": 0.068, ""labels"": [263]}]"
2026_08_25/u3,u3,v9,walking,v1_votescope_all,78.01,78.36,0.35,2.871,object#24,24,0.505,,,,0.574,0.084,,,1,1,,,,3,"[{""name"": ""object#24"", ""share"": 0.505, ""labels"": [24]}, {""name"": ""object#106"", ""share"": 0.29, ""labels"": [106]}, {""name"": ""object#12"", ""share"": 0.054, ""labels"": [12]}]"
2026_08_25/u3,u3,v9,walking,v1_votescope_all,78.76,79.01,0.25,2.851,object#24,24,0.458,,,,0.629,0.092,,,1,0,,,,3,"[{""name"": ""object#24"", ""share"": 0.458, ""labels"": [24]}, {""name"": ""object#106"", ""share"": 0.288, ""labels"": [106]}, {""name"": ""object#12"", ""share"": 0.081, ""labels"": [12]}]"
2026_08_25/u3,u3,v9,walking,v1_votescope_all,79.41,79.71,0.3,2.729,object#106,106,0.339,,,,0.947,0.046,,,0,0,9,球L,0,3,"[{""name"": ""object#106"", ""share"": 0.339, ""labels"": [106]}, {""name"": ""object#24"", ""share"": 0.321, ""labels"": [24]}, {""name"": ""object#12"", ""share"": 0.082, ""labels"": [12]}]"
2026_08_25/u3,u3,v9,walking,v1_votescope_all,79.86,80.11,0.25,2.66,object#106,106,0.185,,,,0.962,0.077,,,0,0,9,球L,0,3,"[{""name"": ""object#106"", ""share"": 0.185, ""labels"": [106]}, {""name"": ""object#12"", ""share"": 0.178, ""labels"": [12]}, {""name"": ""球M"", ""share"": 0.176, ""labels"": [261]}]"
2026_08_25/u3,u3,v9,walking,v1_votescope_all,80.16,80.51,0.35,2.741,苹果粉,64,0.245,,,,0.808,0.09,,,0,0,9,球L,0,3,"[{""name"": ""苹果粉"", ""share"": 0.245, ""labels"": [64, 250]}, {""name"": ""object#35"", ""share"": 0.198, ""labels"": [35]}, {""name"": ""球L"", ""share"": 0.17, ""labels"": [259]}]"
2026_08_25/u3,u3,v9,walking,v1_votescope_all,80.56,81.06,0.5,2.613,object#37,37,0.346,,,,0.711,0.109,,,0,0,9,球L,0,3,"[{""name"": ""object#37"", ""share"": 0.346, ""labels"": [37]}, {""name"": ""object#35"", ""share"": 0.246, ""labels"": [35]}, {""name"": ""球L"", ""share"": 0.137, ""labels"": [259]}]"
2026_08_25/u3,u3,v9,walking,v1_votescope_all,81.56,83.46,1.9,2.709,object#37,37,0.265,,,,0.758,0.099,,,0,0,9,球L,0,3,"[{""name"": ""object#37"", ""share"": 0.265, ""labels"": [37]}, {""name"": ""球L"", ""share"": 0.201, ""labels"": [259]}, {""name"": ""苹果粉"", ""share"": 0.136, ""labels"": [64]}]"
2026_08_25/u3,u3,v9,walking,v1_votescope_all,83.51,83.86,0.35,2.631,object#37,37,0.372,,,,0.524,0.113,,,1,0,9,球L,0,3,"[{""name"": ""object#37"", ""share"": 0.372, ""labels"": [37]}, {""name"": ""球L"", ""share"": 0.195, ""labels"": [259]}, {""name"": ""object#112"", ""share"": 0.106, ""labels"": [112]}]"
2026_08_25/u3,u3,v9,walking,v1_votescope_all,83.91,84.66,0.75,2.798,球L,259,0.296,,,,0.541,0.099,,,0,0,9,球L,1,3,"[{""name"": ""球L"", ""share"": 0.296, ""labels"": [259]}, {""name"": ""object#37"", ""share"": 0.16, ""labels"": [37]}, {""name"": ""苹果粉"", ""share"": 0.145, ""labels"": [64, 250]}]"
2026_08_25/u3,u3,v9,walking,v1_votescope_all,84.71,85.21,0.5,2.639,object#37,37,0.409,,,,0.403,0.101,,,1,0,,,,3,"[{""name"": ""object#37"", ""share"": 0.409, ""labels"": [37]}, {""name"": ""球L"", ""share"": 0.165, ""labels"": [259]}, {""name"": ""object#112"", ""share"": 0.116, ""labels"": [112]}]"
2026_08_25/u3,u3,v9,walking,v1_votescope_all,85.31,86.96,1.65,2.59,object#37,37,0.286,,,,0.668,0.114,,,0,0,,,,3,"[{""name"": ""object#37"", ""share"": 0.286, ""labels"": [37]}, {""name"": ""球L"", ""share"": 0.191, ""labels"": [259]}, {""name"": ""object#12"", ""share"": 0.136, ""labels"": [12]}]"
2026_08_25/u3,u3,v9,walking,v1_votescope_all,87.37,87.97,0.6,2.6,object#106,106,0.267,,,,0.693,0.022,,,0,0,10,球R,0,3,"[{""name"": ""object#106"", ""share"": 0.267, ""labels"": [106]}, {""name"": ""object#24"", ""share"": 0.185, ""labels"": [24]}, {""name"": ""球R"", ""share"": 0.18, ""labels"": [263]}]"
2026_08_25/u3,u3,v9,walking,v1_votescope_all,88.07,88.97,0.9,2.61,object#106,106,0.276,,,,0.938,0.032,,,0,0,10,球R,0,3,"[{""name"": ""object#106"", ""share"": 0.276, ""labels"": [106]}, {""name"": ""object#24"", ""share"": 0.259, ""labels"": [24]}, {""name"": ""球R"", ""share"": 0.139, ""labels"": [263]}]"
2026_08_25/u3,u3,v9,walking,v1_votescope_all,89.17,89.47,0.3,2.672,object#24,24,0.522,,,,0.636,0.059,,,1,1,10,球R,0,3,"[{""name"": ""object#24"", ""share"": 0.522, ""labels"": [24]}, {""name"": ""object#106"", ""share"": 0.332, ""labels"": [106]}, {""name"": ""object#12"", ""share"": 0.031, ""labels"": [12]}]"
2026_08_25/u3,u3,v9,walking,v1_votescope_all,90.33,91.25,0.92,1.98,object#106,106,0.268,,,,0.78,0.006,,,0,0,10,球R,0,3,"[{""name"": ""object#106"", ""share"": 0.268, ""labels"": [106]}, {""name"": ""object#12"", ""share"": 0.209, ""labels"": [12]}, {""name"": ""球R"", ""share"": 0.201, ""labels"": [263]}]"
2026_08_25/u3,u3,v9,walking,v1_votescope_all,91.3,92.33,1.03,1.838,object#12,12,0.389,,,,0.882,0.001,,,0,0,,,,3,"[{""name"": ""object#12"", ""share"": 0.389, ""labels"": [12]}, {""name"": ""球R"", ""share"": 0.343, ""labels"": [263]}, {""name"": ""白杯1"", ""share"": 0.088, ""labels"": [266]}]"
2026_08_25/u3,u3,v9,walking,v1_votescope_all,92.98,93.47,0.49,1.946,球L,259,0.416,,,,0.625,0.022,,,1,0,11,球L,1,3,"[{""name"": ""球L"", ""share"": 0.416, ""labels"": [259]}, {""name"": ""object#12"", ""share"": 0.26, ""labels"": [12]}, {""name"": ""object#37"", ""share"": 0.18, ""labels"": [37]}]"
2026_08_25/u3,u3,v9,walking,v1_votescope_all,93.79,95.41,1.62,2.229,object#37,37,0.398,,,,0.626,0.052,,,1,0,11,球L,0,3,"[{""name"": ""object#37"", ""share"": 0.398, ""labels"": [37]}, {""name"": ""球L"", ""share"": 0.249, ""labels"": [259]}, {""name"": ""object#12"", ""share"": 0.113, ""labels"": [12]}]"
2026_08_25/u3,u3,v9,walking,v1_votescope_all,95.52,96.06,0.54,2.74,object#37,37,0.558,,,,0.274,0.111,,,1,1,11,球L,0,3,"[{""name"": ""object#37"", ""share"": 0.558, ""labels"": [37]}, {""name"": ""object#112"", ""share"": 0.153, ""labels"": [112]}, {""name"": ""object#35"", ""share"": 0.121, ""labels"": [35]}]"
2026_08_25/u3,u3,v9,walking,v1_votescope_all,96.33,97.52,1.19,2.975,object#37,37,0.26,,,,0.846,0.148,,,0,0,11,球L,0,3,"[{""name"": ""object#37"", ""share"": 0.26, ""labels"": [37]}, {""name"": ""球L"", ""share"": 0.22, ""labels"": [259]}, {""name"": ""object#12"", ""share"": 0.128, ""labels"": [12]}]"
2026_08_25/u3,u3,v9,walking,v1_votescope_all,100.3,101.44,1.14,2.901,水瓶,30,0.217,,,,0.866,0.096,,,0,0,12,球M,0,3,"[{""name"": ""水瓶"", ""share"": 0.217, ""labels"": [30]}, {""name"": ""球M"", ""share"": 0.188, ""labels"": [261]}, {""name"": ""object#12"", ""share"": 0.171, ""labels"": [12]}]"
2026_08_25/u3,u3,v9,walking,v1_votescope_all,102.25,103.06,0.81,2.62,object#12,12,0.236,,,,0.869,0.071,,,0,0,12,球M,0,3,"[{""name"": ""object#12"", ""share"": 0.236, ""labels"": [12]}, {""name"": ""球M"", ""share"": 0.205, ""labels"": [261]}, {""name"": ""水瓶"", ""share"": 0.202, ""labels"": [30]}]"
2026_08_25/u3,u3,v9,walking,v1_votescope_all,103.55,104.74,1.19,2.29,球M,261,0.283,,,,0.848,0.053,,,0,0,12,球M,1,3,"[{""name"": ""球M"", ""share"": 0.283, ""labels"": [261]}, {""name"": ""object#12"", ""share"": 0.24, ""labels"": [12]}, {""name"": ""水瓶"", ""share"": 0.114, ""labels"": [30]}]"
2026_08_25/u3,u3,v9,walking,v1_votescope_all,104.79,105.28,0.49,2.219,object#12,12,0.268,,,,0.996,0.07,,,0,0,12,球M,0,3,"[{""name"": ""object#12"", ""share"": 0.268, ""labels"": [12]}, {""name"": ""球M"", ""share"": 0.267, ""labels"": [261]}, {""name"": ""object#24"", ""share"": 0.117, ""labels"": [24]}]"
2026_08_25/u3,u3,v9,walking,v1_votescope_all,105.33,106.25,0.92,2.279,球M,261,0.304,,,,0.934,0.021,,,0,0,,,,3,"[{""name"": ""球M"", ""share"": 0.304, ""labels"": [261]}, {""name"": ""object#12"", ""share"": 0.284, ""labels"": [12]}, {""name"": ""水瓶"", ""share"": 0.191, ""labels"": [30]}]"
2026_08_25/u3,u3,v9,walking,v1_votescope_all,107.17,107.44,0.27,2.258,球R,263,0.262,,,,0.981,0.005,,,0,0,13,球R,1,3,"[{""name"": ""球R"", ""share"": 0.262, ""labels"": [263]}, {""name"": ""object#12"", ""share"": 0.257, ""labels"": [12]}, {""name"": ""object#106"", ""share"": 0.126, ""labels"": [106]}]"
2026_08_25/u3,u3,v9,walking,v1_votescope_all,107.61,107.88,0.27,2.322,object#12,12,0.303,,,,0.878,0.02,,,0,0,13,球R,0,3,"[{""name"": ""object#12"", ""share"": 0.303, ""labels"": [12]}, {""name"": ""球M"", ""share"": 0.266, ""labels"": [261]}, {""name"": ""水瓶"", ""share"": 0.129, ""labels"": [30]}]"
2026_08_25/u3,u3,v9,walking,v1_votescope_all,109.17,111.01,1.84,3.096,白杯1,266,0.164,,,,0.872,0.07,,,0,0,13,球R,0,3,"[{""name"": ""白杯1"", ""share"": 0.164, ""labels"": [266]}, {""name"": ""object#12"", ""share"": 0.143, ""labels"": [12]}, {""name"": ""球M"", ""share"": 0.139, ""labels"": [261]}]"
2026_08_25/u3,u3,v9,walking,v1_votescope_all,111.44,112.42,0.97,3.294,object#24,24,0.187,,,,0.995,0.069,,,0,0,13,球R,0,3,"[{""name"": ""object#24"", ""share"": 0.187, ""labels"": [24]}, {""name"": ""object#106"", ""share"": 0.186, ""labels"": [106]}, {""name"": ""object#12"", ""share"": 0.141, ""labels"": [12]}]"
2026_08_25/u3,u3,v9,walking,v1_votescope_all,112.58,113.23,0.65,3.289,object#24,24,0.197,,,,0.934,0.072,,,0,0,,,,3,"[{""name"": ""object#24"", ""share"": 0.197, ""labels"": [24]}, {""name"": ""object#106"", ""share"": 0.184, ""labels"": [106]}, {""name"": ""object#12"", ""share"": 0.14, ""labels"": [12]}]"
2026_08_25/u3,u3,v9,walking,v1_votescope_all,113.72,114.36,0.65,3.241,object#35,35,0.324,,,,0.935,0.143,,,0,0,14,球L,0,3,"[{""name"": ""object#35"", ""share"": 0.324, ""labels"": [35]}, {""name"": ""object#37"", ""share"": 0.303, ""labels"": [37]}, {""name"": ""球L"", ""share"": 0.095, ""labels"": [259]}]"
2026_08_25/u3,u3,v9,walking,v1_votescope_all,114.42,117.55,3.14,3.097,object#35,35,0.394,,,,0.802,0.189,,,0,0,14,球L,0,3,"[{""name"": ""object#35"", ""share"": 0.394, ""labels"": [35]}, {""name"": ""object#37"", ""share"": 0.316, ""labels"": [37]}, {""name"": ""苹果粉"", ""share"": 0.084, ""labels"": [64]}]"
2026_08_25/u3,u3,v9,walking,v1_votescope_all,117.61,119.07,1.46,2.908,object#37,37,0.277,,,,0.606,0.118,,,0,0,14,球L,0,3,"[{""name"": ""object#37"", ""share"": 0.277, ""labels"": [37]}, {""name"": ""球L"", ""share"": 0.168, ""labels"": [259]}, {""name"": ""object#112"", ""share"": 0.122, ""labels"": [112]}]"
2026_08_25/u3,u3,v9,walking,v1_votescope_all,121.08,121.62,0.54,2.68,球M,261,0.247,,,,0.907,0.091,,,0,0,15,球M,1,3,"[{""name"": ""球M"", ""share"": 0.247, ""labels"": [261]}, {""name"": ""水瓶"", ""share"": 0.224, ""labels"": [30]}, {""name"": ""object#12"", ""share"": 0.183, ""labels"": [12]}]"
2026_08_25/u3,u3,v9,walking,v1_votescope_all,121.68,122.27,0.59,2.367,球M,261,0.217,,,,0.889,0.127,,,0,0,15,球M,1,3,"[{""name"": ""球M"", ""share"": 0.217, ""labels"": [261]}, {""name"": ""object#12"", ""share"": 0.193, ""labels"": [12]}, {""name"": ""object#37"", ""share"": 0.134, ""labels"": [37]}]"
2026_08_25/u3,u3,v9,walking,v1_votescope_all,122.49,122.98,0.49,2.072,球M,261,0.288,,,,0.906,0.012,,,0,0,15,球M,1,3,"[{""name"": ""球M"", ""share"": 0.288, ""labels"": [261]}, {""name"": ""object#12"", ""share"": 0.261, ""labels"": [12]}, {""name"": ""object#106"", ""share"": 0.099, ""labels"": [106]}]"
2026_08_25/u3,u3,v9,walking,v1_votescope_all,123.03,123.41,0.38,1.967,球M,261,0.395,,,,0.787,0.005,,,0,0,15,球M,1,3,"[{""name"": ""球M"", ""share"": 0.395, ""labels"": [261]}, {""name"": ""object#12"", ""share"": 0.311, ""labels"": [12]}, {""name"": ""水瓶"", ""share"": 0.169, ""labels"": [30]}]"
2026_08_25/u3,u3,v9,walking,v1_votescope_all,123.46,123.73,0.27,1.814,球M,261,0.335,,,,0.979,0.002,,,0,0,15,球M,1,3,"[{""name"": ""球M"", ""share"": 0.335, ""labels"": [261]}, {""name"": ""object#12"", ""share"": 0.328, ""labels"": [12]}, {""name"": ""object#24"", ""share"": 0.082, ""labels"": [24]}]"
2026_08_25/u3,u3,v9,walking,v1_votescope_all,123.79,125.03,1.24,1.642,球M,261,0.479,,,,0.691,0.001,,,1,0,15,球M,1,3,"[{""name"": ""球M"", ""share"": 0.479, ""labels"": [261]}, {""name"": ""object#12"", ""share"": 0.331, ""labels"": [12]}, {""name"": ""水瓶"", ""share"": 0.166, ""labels"": [30]}]"
2026_08_25/u3,u3,v9,walking,v1_votescope_all,125.19,125.73,0.54,1.312,球M,261,0.505,,,,0.592,0.0,,,1,1,15,球M,1,3,"[{""name"": ""球M"", ""share"": 0.505, ""labels"": [261]}, {""name"": ""水瓶"", ""share"": 0.299, ""labels"": [30]}, {""name"": ""object#12"", ""share"": 0.192, ""labels"": [12]}]"
2026_08_25/u3,u3,v9,walking,v1_votescope_all,127.05,127.59,0.54,1.632,object#26,26,0.967,,,,0.034,0.018,,,1,1,,,,2,"[{""name"": ""object#26"", ""share"": 0.967, ""labels"": [26]}, {""name"": ""object#10"", ""share"": 0.033, ""labels"": [10]}]"
2026_08_25/u3,u3,v9,walking,v1_votescope_all,129.56,129.94,0.38,0.958,object#65,65,0.913,,,,0.056,0.019,,,1,1,,,,3,"[{""name"": ""object#65"", ""share"": 0.913, ""labels"": [65]}, {""name"": ""object#88"", ""share"": 0.051, ""labels"": [88]}, {""name"": ""object#14"", ""share"": 0.017, ""labels"": [14]}]"
