{
    "transform": [
        [
            -0.16306009888648987,
            -0.6335315704345703,
            0.40224489569664,
            0.11636107414960861
        ],
        [
            -0.7499818205833435,
            0.12315966933965683,
            -0.1100488156080246,
            1.4183732271194458
        ],
        [
            0.026276415213942528,
            -0.4161985516548157,
            -0.6448566913604736,
            1.566405177116394
        ]
    ],
    "scale": 1.0
}